pop,framing,mode,graph,N,rho,eps,n_warm,n_meas,seed,explicit_jitter,abs_m,m,m2,abs_q,q2,persistence,flip_rate,unsatisfied
gemma-26b,neutral,fitted,er,100,0.0,0.0,10,10,30000001,False,0.978,-0.008000000000000007,0.9567599999999998,0.9640000000000001,0.9297599999999999,0.9599999999999997,0.021,0.006585365853658537
gemma-26b,neutral,fitted,er,100,0.0,0.0,10,10,30000009,False,0.9710000000000001,-0.9710000000000001,0.9433,0.9580000000000002,0.91852,0.9730000000000001,0.02,0.005952380952380953
gemma-26b,neutral,fitted,er,100,0.0,0.0,10,10,30000017,False,0.9690000000000001,-0.007000000000000001,0.93986,0.9580000000000002,0.9190799999999999,0.921,0.0245,0.007868020304568528
gemma-26b,neutral,fitted,er,100,0.0,0.0,10,10,30000025,False,0.9569999999999999,-0.9569999999999999,0.9163399999999999,0.9259999999999999,0.8582000000000001,0.9369999999999999,0.027,0.00706806282722513
gemma-26b,neutral,fitted,er,100,0.0,0.0,10,10,30000033,False,0.961,-0.961,0.92454,0.9499999999999998,0.9033999999999999,0.833,0.0365,0.010945273631840797
gemma-26b,neutral,fitted,er,100,0.0,0.0,10,10,30000041,False,0.7130000000000001,0.173,0.55766,0.458,0.24604000000000004,0.673,0.1185,0.10397727272727275
gemma-26b,neutral,fitted,er,100,0.0,0.0,10,10,30000042,False,0.952,0.0040000000000000036,0.90672,0.9359999999999999,0.8766399999999999,0.9339999999999999,0.0375,0.00482233502538071
gemma-26b,neutral,fitted,er,100,0.0,0.0,10,10,30000050,False,0.8379999999999999,-0.046,0.71872,0.708,0.53872,0.512,0.1105,0.07210526315789474
gemma-26b,neutral,fitted,er,100,0.0,0.0,10,10,30000058,False,0.6,-0.32600000000000007,0.47319999999999995,0.236,0.07184,0.742,0.105,0.11349206349206349
gemma-26b,neutral,fitted,er,100,0.0,0.0,10,10,30000066,False,0.961,-0.0030000000000000083,0.9241000000000001,0.9420000000000002,0.8883599999999999,0.9610000000000001,0.0195,0.006435643564356436
gemma-26b,neutral,fitted,er,100,0.0,0.0,10,10,30000074,False,0.753,-0.753,0.6027399999999999,0.618,0.44132,0.387,0.108,0.09565217391304348
gemma-26b,neutral,fitted,er,100,0.0,0.0,10,10,30000082,False,0.909,-0.008999999999999985,0.8266600000000001,0.946,0.89588,0.8930000000000001,0.0275,0.007671957671957672
gemma-26b,neutral,fitted,er,100,0.0,0.0,10,10,30000090,False,0.9259999999999999,-0.03799999999999998,0.85932,0.884,0.7826399999999999,0.9040000000000001,0.0485,0.014324324324324325
gemma-26b,neutral,fitted,er,100,0.0,0.0,10,10,30000091,False,0.9179999999999998,0.9179999999999998,0.8440800000000002,0.8480000000000001,0.72008,0.8400000000000001,0.066,0.023317307692307686
gemma-26b,neutral,fitted,er,100,0.0,0.0,10,10,30000099,False,0.9529999999999997,0.9529999999999997,0.9093,0.9099999999999999,0.8291600000000001,0.9289999999999999,0.036,0.014634146341463417
gemma-26b,neutral,fitted,er,100,0.0,0.0,10,10,30000107,False,0.944,0.944,0.89184,0.924,0.8543199999999999,0.876,0.0335,0.012820512820512822
gemma-26b,neutral,fitted,er,100,0.0,0.0,10,10,30000115,False,0.9860000000000001,0.008000000000000002,0.9730399999999999,0.9719999999999999,0.9463199999999998,0.922,0.009,0.007177033492822967
gemma-26b,neutral,fitted,er,100,0.0,0.0,10,10,30000123,False,0.9399999999999998,0.9399999999999998,0.8844000000000001,0.908,0.82552,0.9279999999999999,0.048,0.01741293532338308
gemma-26b,neutral,fitted,er,100,0.0,0.0,10,10,30000131,False,0.716,-0.19400000000000003,0.56636,0.528,0.29824,0.61,0.1025,0.09391534391534391
gemma-26b,neutral,fitted,er,100,0.0,0.0,10,10,30000139,False,0.9329999999999998,0.01899999999999999,0.8714600000000001,0.9099999999999999,0.8291600000000001,0.917,0.0475,0.012784090909090908
gemma-26b,neutral,fitted,er,100,0.0,0.0,10,10,30000140,False,0.9369999999999999,0.9369999999999999,0.87958,0.9099999999999999,0.8293200000000001,0.9309999999999998,0.0325,0.007038834951456309
gemma-26b,neutral,fitted,er,100,0.0,0.0,10,10,30000148,False,0.495,-0.465,0.43705999999999995,0.11000000000000001,0.016279999999999996,0.6249999999999999,0.1225,0.14108108108108108
gemma-26b,neutral,fitted,er,100,0.0,0.0,10,10,30000156,False,0.9189999999999999,0.008999999999999998,0.8455,0.8620000000000001,0.7441199999999999,0.833,0.0685,0.0331578947368421
gemma-26b,neutral,fitted,er,100,0.0,0.0,10,10,30000164,False,0.9730000000000001,0.9730000000000001,0.94754,0.9499999999999998,0.9033199999999999,0.929,0.022,0.008644859813084112
gemma-26b,neutral,fitted,er,100,0.0,0.0,10,10,30000172,False,0.9700000000000001,0.9700000000000001,0.9412,0.9600000000000002,0.92272,0.9080000000000001,0.0325,0.004054054054054054
gemma-26b,neutral,fitted,er,100,0.0,0.0,10,10,30000180,False,0.8539999999999999,-0.8539999999999999,0.74268,0.8440000000000001,0.71976,0.63,0.075,0.050274725274725277
gemma-26b,neutral,fitted,er,100,0.0,0.0,10,10,30000188,False,0.938,-0.03,0.8840799999999998,0.8799999999999999,0.77816,0.8200000000000001,0.046,0.029166666666666664
gemma-26b,neutral,fitted,er,100,0.0,0.0,10,10,30000189,False,0.922,0.046000000000000006,0.858,0.8480000000000001,0.73008,0.768,0.052,0.03515151515151515
gemma-26b,neutral,fitted,er,100,0.0,0.0,10,10,30000197,False,0.8789999999999999,-0.05500000000000001,0.7806999999999998,0.834,0.70636,0.7749999999999999,0.045,0.02359550561797753
gemma-26b,neutral,fitted,er,100,0.0,0.0,10,10,30000205,False,0.9029999999999999,-0.012999999999999994,0.8167,0.85,0.7239599999999999,0.835,0.0855,0.0306930693069307
gemma-26b,neutral,fitted,er,100,0.0,0.0,10,10,30000213,False,0.942,0.009999999999999992,0.88896,0.9120000000000001,0.8337600000000001,0.8940000000000001,0.038,0.006983240223463687
gemma-26b,neutral,fitted,er,100,0.0,0.0,10,10,30000221,False,0.9059999999999999,0.004000000000000009,0.82204,0.924,0.8546399999999998,0.9139999999999999,0.039,0.014136125654450262
gemma-26b,neutral,fitted,er,100,0.0,0.0,10,10,30000229,False,0.9460000000000001,-0.9460000000000001,0.89624,0.9359999999999999,0.87768,0.876,0.045,0.00703883495145631
gemma-26b,neutral,fitted,er,100,0.0,0.0,10,10,30000237,False,0.9209999999999997,-0.9209999999999997,0.85074,0.858,0.7401200000000001,0.735,0.0675,0.03409090909090909
gemma-26b,neutral,fitted,er,100,0.0,0.0,10,10,30000238,False,0.893,-0.893,0.8072999999999999,0.8099999999999999,0.6659600000000001,0.7569999999999999,0.0735,0.04318181818181818
gemma-26b,neutral,fitted,er,100,0.0,0.0,10,10,30000246,False,0.9169999999999998,-0.029000000000000005,0.84846,0.858,0.7515600000000001,0.7030000000000001,0.053,0.03297872340425532
gemma-26b,neutral,fitted,er,100,0.0,0.0,10,10,30000254,False,0.916,-0.014000000000000012,0.84056,0.8360000000000001,0.70136,0.866,0.0585,0.03785046728971962
gemma-26b,neutral,fitted,er,100,0.0,0.0,10,10,30000262,False,0.567,-0.567,0.33270000000000005,0.42200000000000004,0.18876,0.543,0.199,0.1223684210526316
gemma-26b,neutral,fitted,er,100,0.0,0.0,10,10,30000270,False,0.8629999999999999,0.8629999999999999,0.77058,0.7340000000000002,0.58084,0.633,0.062,0.06919431279620854
gemma-26b,neutral,fitted,er,100,0.0,0.0,10,10,30000278,False,0.542,-0.542,0.44223999999999997,0.13999999999999999,0.02672,0.7060000000000001,0.1475,0.11989528795811517
gemma-26b,neutral,fitted,er,100,0.25,0.0,10,10,30000006,False,0.7410000000000001,0.0010000000000000009,0.56626,0.5980000000000001,0.39476,0.587,0.1205,0.2523560209424084
gemma-26b,neutral,fitted,er,100,0.25,0.0,10,10,30000007,False,0.8620000000000001,0.05,0.7482,0.76,0.58152,0.732,0.0915,0.26407766990291265
gemma-26b,neutral,fitted,er,100,0.25,0.0,10,10,30000015,False,0.374,0.326,0.24528000000000003,0.176,0.039279999999999995,0.538,0.185,0.28455056179775284
gemma-26b,neutral,fitted,er,100,0.25,0.0,10,10,30000023,False,0.748,-0.041999999999999996,0.5796,0.604,0.40832000000000007,0.44800000000000006,0.1455,0.2371859296482412
gemma-26b,neutral,fitted,er,100,0.25,0.0,10,10,30000031,False,0.7030000000000001,-0.14500000000000005,0.53974,0.49800000000000005,0.2914,0.571,0.172,0.2562200956937799
gemma-26b,neutral,fitted,er,100,0.25,0.0,10,10,30000039,False,0.3990000000000001,-0.303,0.25542000000000004,0.17800000000000002,0.037880000000000004,0.701,0.1405,0.2548295454545454
gemma-26b,neutral,fitted,er,100,0.25,0.0,10,10,30000047,False,0.8789999999999999,0.8789999999999999,0.77418,0.818,0.6698799999999998,0.8469999999999999,0.0925,0.24811320754716984
gemma-26b,neutral,fitted,er,100,0.25,0.0,10,10,30000055,False,0.842,0.842,0.7137200000000001,0.732,0.53952,0.654,0.1145,0.2848837209302325
gemma-26b,neutral,fitted,er,100,0.25,0.0,10,10,30000056,False,0.7259999999999999,-0.7259999999999999,0.5379999999999999,0.596,0.36248,0.6479999999999999,0.1425,0.2507575757575758
gemma-26b,neutral,fitted,er,100,0.25,0.0,10,10,30000064,False,0.7170000000000001,0.7170000000000001,0.5387000000000001,0.5780000000000001,0.34172,0.7230000000000001,0.1155,0.2347938144329897
gemma-26b,neutral,fitted,er,100,0.25,0.0,10,10,30000072,False,0.542,0.048,0.31351999999999997,0.44000000000000006,0.2212,0.414,0.1925,0.24438502673796791
gemma-26b,neutral,fitted,er,100,0.25,0.0,10,10,30000080,False,0.6839999999999999,-0.042,0.49824,0.4800000000000001,0.26072,0.48999999999999994,0.1605,0.27360406091370554
gemma-26b,neutral,fitted,er,100,0.25,0.0,10,10,30000088,False,0.615,-0.20299999999999999,0.42338,0.358,0.13244,0.6090000000000001,0.1535,0.27743589743589736
gemma-26b,neutral,fitted,er,100,0.25,0.0,10,10,30000096,False,0.6859999999999999,0.6859999999999999,0.47551999999999994,0.5359999999999999,0.29128000000000004,0.542,0.185,0.2820224719101123
gemma-26b,neutral,fitted,er,100,0.25,0.0,10,10,30000104,False,0.073,0.027000000000000003,0.00858,0.10199999999999998,0.014840000000000002,0.35500000000000004,0.315,0.32512690355329943
gemma-26b,neutral,fitted,er,100,0.25,0.0,10,10,30000105,False,0.852,-0.852,0.73308,0.7760000000000001,0.62408,0.6799999999999999,0.093,0.1930952380952381
gemma-26b,neutral,fitted,er,100,0.25,0.0,10,10,30000113,False,0.541,0.05700000000000001,0.32694,0.31000000000000005,0.16236,0.557,0.138,0.24301675977653633
gemma-26b,neutral,fitted,er,100,0.25,0.0,10,10,30000121,False,0.843,-0.0010000000000000065,0.7149,0.734,0.5426,0.767,0.1125,0.24723618090452262
gemma-26b,neutral,fitted,er,100,0.25,0.0,10,10,30000129,False,0.787,-0.06300000000000001,0.62958,0.626,0.40244,0.6950000000000001,0.102,0.21333333333333332
gemma-26b,neutral,fitted,er,100,0.25,0.0,10,10,30000137,False,0.8619999999999999,0.046,0.7502400000000001,0.752,0.5754400000000001,0.7,0.102,0.30711009174311926
gemma-26b,neutral,fitted,er,100,0.25,0.0,10,10,30000145,False,0.6990000000000001,-0.05700000000000001,0.50682,0.518,0.28564,0.629,0.124,0.2788659793814433
gemma-26b,neutral,fitted,er,100,0.25,0.0,10,10,30000153,False,0.5700000000000001,0.13000000000000003,0.35668,0.42800000000000005,0.19904000000000002,0.648,0.146,0.2788461538461538
gemma-26b,neutral,fitted,er,100,0.25,0.0,10,10,30000154,False,0.503,0.33299999999999996,0.3669,0.13800000000000004,0.022199999999999998,0.623,0.1415,0.2665760869565218
gemma-26b,neutral,fitted,er,100,0.25,0.0,10,10,30000162,False,0.563,0.517,0.42121999999999993,0.246,0.08468,0.5650000000000001,0.1575,0.24289340101522844
gemma-26b,neutral,fitted,er,100,0.25,0.0,10,10,30000170,False,0.44000000000000006,0.43599999999999994,0.24491999999999997,0.33999999999999997,0.14552,0.4600000000000001,0.194,0.2754098360655738
gemma-26b,neutral,fitted,er,100,0.25,0.0,10,10,30000178,False,0.657,-0.007000000000000006,0.44042000000000003,0.534,0.29291999999999996,0.5730000000000001,0.162,0.2546703296703297
gemma-26b,neutral,fitted,er,100,0.25,0.0,10,10,30000186,False,0.9199999999999999,0.9199999999999999,0.8480800000000001,0.8560000000000001,0.73512,0.8320000000000001,0.069,0.1927807486631016
gemma-26b,neutral,fitted,er,100,0.25,0.0,10,10,30000194,False,0.528,0.528,0.36547999999999997,0.27199999999999996,0.08024,0.5680000000000001,0.166,0.29075829383886254
gemma-26b,neutral,fitted,er,100,0.25,0.0,10,10,30000202,False,0.6529999999999999,0.6529999999999999,0.4310600000000001,0.5860000000000001,0.34947999999999996,0.641,0.1875,0.2529411764705883
gemma-26b,neutral,fitted,er,100,0.25,0.0,10,10,30000203,False,0.6849999999999999,0.6849999999999999,0.48622,0.5900000000000001,0.38395999999999997,0.47300000000000014,0.165,0.2948717948717948
gemma-26b,neutral,fitted,er,100,0.25,0.0,10,10,30000211,False,0.7849999999999999,0.007000000000000001,0.61722,0.778,0.6134799999999999,0.741,0.0985,0.19038461538461537
gemma-26b,neutral,fitted,er,100,0.25,0.0,10,10,30000219,False,0.796,-0.796,0.6375599999999999,0.6559999999999999,0.43464,0.6839999999999999,0.1425,0.26775
gemma-26b,neutral,fitted,er,100,0.25,0.0,10,10,30000227,False,0.7290000000000001,-0.7290000000000001,0.5385,0.614,0.38683999999999996,0.5930000000000001,0.126,0.2674358974358974
gemma-26b,neutral,fitted,er,100,0.25,0.0,10,10,30000235,False,0.5940000000000001,0.5940000000000001,0.36216000000000004,0.41200000000000003,0.17736000000000002,0.4739999999999999,0.2375,0.26771428571428574
gemma-26b,neutral,fitted,er,100,0.25,0.0,10,10,30000243,False,0.5740000000000001,-0.3620000000000001,0.43748000000000004,0.23200000000000004,0.09208000000000001,0.5519999999999999,0.159,0.26683168316831685
gemma-26b,neutral,fitted,er,100,0.25,0.0,10,10,30000251,False,0.586,-0.19999999999999998,0.39244,0.32799999999999996,0.12664,0.638,0.183,0.22841530054644807
gemma-26b,neutral,fitted,er,100,0.25,0.0,10,10,30000252,False,0.836,-0.041999999999999996,0.70724,0.732,0.54144,0.6420000000000001,0.1205,0.2705445544554455
gemma-26b,neutral,fitted,er,100,0.25,0.0,10,10,30000260,False,0.31499999999999995,-0.213,0.14550000000000002,0.11399999999999999,0.0214,0.585,0.1755,0.2838862559241706
gemma-26b,neutral,fitted,er,100,0.25,0.0,10,10,30000268,False,0.5860000000000001,0.054000000000000006,0.3804,0.35200000000000004,0.17128000000000002,0.354,0.1795,0.2704301075268817
gemma-26b,neutral,fitted,er,100,0.25,0.0,10,10,30000276,False,0.8139999999999998,-0.8139999999999998,0.6691199999999999,0.724,0.5336000000000001,0.664,0.1055,0.2629901960784314
gemma-26b,neutral,fitted,rrg,100,0.0,0.0,10,10,30000004,False,0.9910000000000002,-0.0010000000000000009,0.9822599999999999,0.982,0.9645999999999999,0.9649999999999999,0.007,0.009
gemma-26b,neutral,fitted,rrg,100,0.0,0.0,10,10,30000012,False,0.8810000000000002,0.8810000000000002,0.81038,0.7620000000000001,0.623,0.781,0.0505,0.04750000000000001
gemma-26b,neutral,fitted,rrg,100,0.0,0.0,10,10,30000020,False,0.993,0.007000000000000006,0.9863,0.9860000000000001,0.9725999999999999,0.983,0.0075,0.007000000000000001
gemma-26b,neutral,fitted,rrg,100,0.0,0.0,10,10,30000021,False,0.994,0.0,0.98816,0.9879999999999999,0.97632,0.96,0.005,0.0055
gemma-26b,neutral,fitted,rrg,100,0.0,0.0,10,10,30000029,False,0.769,-0.013000000000000001,0.6259399999999999,0.6900000000000001,0.52324,0.559,0.1095,0.1065
gemma-26b,neutral,fitted,rrg,100,0.0,0.0,10,10,30000037,False,0.998,0.998,0.99604,0.9960000000000001,0.99208,0.998,0.002,0.002
gemma-26b,neutral,fitted,rrg,100,0.0,0.0,10,10,30000045,False,0.96,0.032,0.92576,0.9280000000000002,0.8672000000000001,0.7979999999999998,0.0345,0.026500000000000003
gemma-26b,neutral,fitted,rrg,100,0.0,0.0,10,10,30000053,False,0.6759999999999999,0.266,0.5678,0.43200000000000005,0.24272,0.4619999999999999,0.094,0.10399999999999998
gemma-26b,neutral,fitted,rrg,100,0.0,0.0,10,10,30000061,False,0.9720000000000001,-0.016000000000000004,0.9467599999999999,0.944,0.89512,0.8920000000000001,0.015,0.021500000000000002
gemma-26b,neutral,fitted,rrg,100,0.0,0.0,10,10,30000069,False,0.9790000000000001,-0.0030000000000000083,0.95914,0.958,0.92012,0.9690000000000001,0.017,0.018500000000000003
gemma-26b,neutral,fitted,rrg,100,0.0,0.0,10,10,30000070,False,0.5850000000000001,-0.33099999999999996,0.47214,0.278,0.10276,0.669,0.0955,0.124
gemma-26b,neutral,fitted,rrg,100,0.0,0.0,10,10,30000078,False,0.977,-0.004999999999999999,0.95518,0.954,0.9113199999999999,0.923,0.023,0.020999999999999998
gemma-26b,neutral,fitted,rrg,100,0.0,0.0,10,10,30000086,False,0.913,0.913,0.84874,0.834,0.72732,0.701,0.053,0.05450000000000001
gemma-26b,neutral,fitted,rrg,100,0.0,0.0,10,10,30000094,False,0.959,0.959,0.9248999999999998,0.9180000000000001,0.8508399999999998,0.885,0.024,0.025000000000000005
gemma-26b,neutral,fitted,rrg,100,0.0,0.0,10,10,30000102,False,0.524,-0.368,0.4152,0.17600000000000002,0.03784,0.6460000000000001,0.1105,0.12700000000000003
gemma-26b,neutral,fitted,rrg,100,0.0,0.0,10,10,30000110,False,0.775,-0.775,0.64262,0.5900000000000001,0.3742,0.6069999999999999,0.0815,0.0935
gemma-26b,neutral,fitted,rrg,100,0.0,0.0,10,10,30000118,False,0.5940000000000001,0.40199999999999997,0.51712,0.196,0.04368,0.7619999999999999,0.0635,0.1025
gemma-26b,neutral,fitted,rrg,100,0.0,0.0,10,10,30000119,False,0.607,0.607,0.5307000000000001,0.21399999999999997,0.061399999999999996,0.829,0.081,0.1025
gemma-26b,neutral,fitted,rrg,100,0.0,0.0,10,10,30000127,False,0.9850000000000001,-0.9850000000000001,0.9707799999999999,0.97,0.9423600000000001,0.8950000000000001,0.009,0.0125
gemma-26b,neutral,fitted,rrg,100,0.0,0.0,10,10,30000135,False,0.953,-0.953,0.91082,0.906,0.83108,0.7430000000000001,0.0395,0.0355
gemma-26b,neutral,fitted,rrg,100,0.0,0.0,10,10,30000143,False,0.991,-0.0010000000000000009,0.9823000000000001,0.982,0.9647600000000001,0.9790000000000003,0.0075,0.007999999999999998
gemma-26b,neutral,fitted,rrg,100,0.0,0.0,10,10,30000151,False,0.99,-0.99,0.98048,0.9799999999999999,0.9611199999999999,0.9040000000000001,0.014,0.009
gemma-26b,neutral,fitted,rrg,100,0.0,0.0,10,10,30000159,False,0.9550000000000001,0.9550000000000001,0.92038,0.9099999999999999,0.8437999999999999,0.775,0.0225,0.026500000000000003
gemma-26b,neutral,fitted,rrg,100,0.0,0.0,10,10,30000167,False,0.983,0.002999999999999997,0.96702,0.966,0.9348399999999998,0.875,0.017,0.014000000000000002
gemma-26b,neutral,fitted,rrg,100,0.0,0.0,10,10,30000168,False,0.9650000000000001,-0.9650000000000001,0.93338,0.9299999999999999,0.8686799999999998,0.8549999999999999,0.021,0.026500000000000003
gemma-26b,neutral,fitted,rrg,100,0.0,0.0,10,10,30000176,False,0.6409999999999999,-0.6409999999999999,0.5305,0.302,0.09956000000000001,0.7489999999999999,0.079,0.101
gemma-26b,neutral,fitted,rrg,100,0.0,0.0,10,10,30000184,False,0.96,0.96,0.92668,0.9279999999999999,0.8706399999999999,0.826,0.019,0.022
gemma-26b,neutral,fitted,rrg,100,0.0,0.0,10,10,30000192,False,0.5,0.45,0.44008,0.076,0.00872,0.516,0.1165,0.15
gemma-26b,neutral,fitted,rrg,100,0.0,0.0,10,10,30000200,False,0.951,0.951,0.90678,0.906,0.8230799999999998,0.835,0.032,0.03650000000000001
gemma-26b,neutral,fitted,rrg,100,0.0,0.0,10,10,30000208,False,0.8149999999999998,0.8149999999999998,0.71402,0.6460000000000001,0.45411999999999997,0.6990000000000001,0.057,0.06950000000000002
gemma-26b,neutral,fitted,rrg,100,0.0,0.0,10,10,30000216,False,0.7849999999999999,-0.209,0.66342,0.5740000000000001,0.33587999999999996,0.843,0.0765,0.08399999999999999
gemma-26b,neutral,fitted,rrg,100,0.0,0.0,10,10,30000217,False,0.984,0.984,0.96904,0.968,0.9384,0.9419999999999998,0.011,0.0115
gemma-26b,neutral,fitted,rrg,100,0.0,0.0,10,10,30000225,False,0.9390000000000001,0.043,0.8864599999999999,0.8779999999999999,0.77788,0.8790000000000001,0.0335,0.03600000000000001
gemma-26b,neutral,fitted,rrg,100,0.0,0.0,10,10,30000233,False,0.764,0.764,0.64104,0.528,0.28432,0.7540000000000001,0.0595,0.082
gemma-26b,neutral,fitted,rrg,100,0.0,0.0,10,10,30000241,False,0.9760000000000002,-0.005999999999999994,0.9548399999999999,0.952,0.91264,0.654,0.0215,0.0175
gemma-26b,neutral,fitted,rrg,100,0.0,0.0,10,10,30000249,False,0.6579999999999999,0.019999999999999997,0.46192,0.396,0.20552,0.5239999999999999,0.1095,0.14
gemma-26b,neutral,fitted,rrg,100,0.0,0.0,10,10,30000257,False,0.9810000000000001,-0.9810000000000001,0.9643,0.9620000000000001,0.93148,0.8230000000000001,0.0155,0.014000000000000002
gemma-26b,neutral,fitted,rrg,100,0.0,0.0,10,10,30000265,False,0.998,0.998,0.99604,0.9960000000000001,0.99208,0.998,0.004,0.002
gemma-26b,neutral,fitted,rrg,100,0.0,0.0,10,10,30000266,False,0.99,-0.008000000000000002,0.98092,0.9800000000000001,0.9618399999999999,0.8960000000000001,0.0125,0.007000000000000001
gemma-26b,neutral,fitted,rrg,100,0.0,0.0,10,10,30000274,False,0.20400000000000001,-0.14399999999999996,0.05504,0.23200000000000004,0.05896,0.5880000000000001,0.163,0.21550000000000002
gemma-26b,neutral,fitted,rrg,100,0.25,0.0,10,10,30000002,False,0.5920000000000001,-0.31000000000000005,0.45328,0.252,0.07424,0.584,0.1705,0.31050000000000005
gemma-26b,neutral,fitted,rrg,100,0.25,0.0,10,10,30000010,False,0.13000000000000003,-0.024,0.023200000000000002,0.22000000000000003,0.05823999999999999,0.51,0.2155,0.2935
gemma-26b,neutral,fitted,rrg,100,0.25,0.0,10,10,30000018,False,0.734,-0.03,0.54464,0.536,0.30224,0.526,0.159,0.305
gemma-26b,neutral,fitted,rrg,100,0.25,0.0,10,10,30000026,False,0.807,0.807,0.6664999999999999,0.6260000000000001,0.39748000000000006,0.8109999999999999,0.077,0.25
gemma-26b,neutral,fitted,rrg,100,0.25,0.0,10,10,30000034,False,0.8779999999999999,-0.8779999999999999,0.7752800000000001,0.8480000000000001,0.7225599999999999,0.7780000000000001,0.073,0.22000000000000003
gemma-26b,neutral,fitted,rrg,100,0.25,0.0,10,10,30000035,False,0.536,0.09600000000000002,0.30464,0.24,0.06928,0.44399999999999995,0.1705,0.261
gemma-26b,neutral,fitted,rrg,100,0.25,0.0,10,10,30000043,False,0.639,0.123,0.4285400000000001,0.502,0.25788,0.611,0.135,0.2365
gemma-26b,neutral,fitted,rrg,100,0.25,0.0,10,10,30000051,False,0.731,0.731,0.5486199999999999,0.49800000000000005,0.28715999999999997,0.579,0.1105,0.24300000000000002
gemma-26b,neutral,fitted,rrg,100,0.25,0.0,10,10,30000059,False,0.6199999999999999,0.6199999999999999,0.4845600000000001,0.3,0.13648,0.5900000000000001,0.1265,0.271
gemma-26b,neutral,fitted,rrg,100,0.25,0.0,10,10,30000067,False,0.43499999999999994,0.23900000000000002,0.26814,0.198,0.051640000000000005,0.46900000000000003,0.1845,0.295
gemma-26b,neutral,fitted,rrg,100,0.25,0.0,10,10,30000075,False,0.49700000000000005,0.4130000000000001,0.4060599999999999,0.13000000000000003,0.021240000000000002,0.46900000000000003,0.158,0.2655
gemma-26b,neutral,fitted,rrg,100,0.25,0.0,10,10,30000083,False,0.23399999999999999,-0.008000000000000007,0.07200000000000001,0.192,0.04855999999999999,0.47000000000000003,0.215,0.30399999999999994
gemma-26b,neutral,fitted,rrg,100,0.25,0.0,10,10,30000084,False,0.121,-0.031,0.019219999999999998,0.31799999999999995,0.10428,0.4750000000000001,0.213,0.27999999999999997
gemma-26b,neutral,fitted,rrg,100,0.25,0.0,10,10,30000092,False,0.29500000000000004,-0.265,0.12478,0.23000000000000004,0.06484000000000001,0.44699999999999995,0.2075,0.277
gemma-26b,neutral,fitted,rrg,100,0.25,0.0,10,10,30000100,False,0.9099999999999998,-0.015999999999999997,0.83076,0.844,0.7164799999999999,0.8960000000000001,0.0575,0.20750000000000002
gemma-26b,neutral,fitted,rrg,100,0.25,0.0,10,10,30000108,False,0.5399999999999999,-0.5399999999999999,0.39707999999999993,0.19599999999999998,0.04288000000000001,0.5719999999999998,0.148,0.2935
gemma-26b,neutral,fitted,rrg,100,0.25,0.0,10,10,30000116,False,0.429,0.31100000000000005,0.26593999999999995,0.11400000000000002,0.026360000000000005,0.5349999999999999,0.2035,0.2685
gemma-26b,neutral,fitted,rrg,100,0.25,0.0,10,10,30000124,False,0.623,-0.22100000000000003,0.4429,0.318,0.11044000000000001,0.441,0.1895,0.29300000000000004
gemma-26b,neutral,fitted,rrg,100,0.25,0.0,10,10,30000132,False,0.374,0.27199999999999996,0.22055999999999995,0.136,0.02304,0.47400000000000003,0.1955,0.299
gemma-26b,neutral,fitted,rrg,100,0.25,0.0,10,10,30000133,False,0.805,-0.805,0.67774,0.6540000000000001,0.43788,0.725,0.0855,0.2145
gemma-26b,neutral,fitted,rrg,100,0.25,0.0,10,10,30000141,False,0.6130000000000001,0.6130000000000001,0.45518000000000003,0.258,0.07396000000000001,0.681,0.155,0.2875
gemma-26b,neutral,fitted,rrg,100,0.25,0.0,10,10,30000149,False,0.5569999999999999,-0.183,0.35338,0.25,0.06516000000000001,0.421,0.2175,0.2920000000000001
gemma-26b,neutral,fitted,rrg,100,0.25,0.0,10,10,30000157,False,0.518,-0.388,0.42408,0.14800000000000002,0.030880000000000008,0.6239999999999999,0.153,0.266
gemma-26b,neutral,fitted,rrg,100,0.25,0.0,10,10,30000165,False,0.7289999999999999,-0.028999999999999988,0.53994,0.586,0.3547600000000001,0.5930000000000001,0.1555,0.2875
gemma-26b,neutral,fitted,rrg,100,0.25,0.0,10,10,30000173,False,0.5720000000000001,-0.18999999999999997,0.38028000000000006,0.296,0.10919999999999999,0.404,0.2065,0.2665
gemma-26b,neutral,fitted,rrg,100,0.25,0.0,10,10,30000181,False,0.7120000000000001,-0.7120000000000001,0.52028,0.5,0.2728,0.554,0.13,0.2445
gemma-26b,neutral,fitted,rrg,100,0.25,0.0,10,10,30000182,False,0.15400000000000003,0.15400000000000003,0.0336,0.11200000000000002,0.02232,0.39,0.233,0.29300000000000004
gemma-26b,neutral,fitted,rrg,100,0.25,0.0,10,10,30000190,False,0.8210000000000001,0.8210000000000001,0.6862199999999999,0.702,0.5006,0.725,0.117,0.2485
gemma-26b,neutral,fitted,rrg,100,0.25,0.0,10,10,30000198,False,0.372,-0.352,0.19772000000000003,0.188,0.04424,0.476,0.1785,0.2775
gemma-26b,neutral,fitted,rrg,100,0.25,0.0,10,10,30000206,False,0.8379999999999999,0.8379999999999999,0.71048,0.688,0.49328000000000005,0.66,0.1015,0.23199999999999998
gemma-26b,neutral,fitted,rrg,100,0.25,0.0,10,10,30000214,False,0.805,-0.805,0.67778,0.6140000000000001,0.42372,0.7110000000000001,0.1025,0.24500000000000002
gemma-26b,neutral,fitted,rrg,100,0.25,0.0,10,10,30000222,False,0.491,0.491,0.42089999999999994,0.05800000000000001,0.0051600000000000005,0.695,0.115,0.23650000000000002
gemma-26b,neutral,fitted,rrg,100,0.25,0.0,10,10,30000230,False,0.708,-0.708,0.5311199999999999,0.532,0.32432000000000005,0.5559999999999999,0.1205,0.24750000000000005
gemma-26b,neutral,fitted,rrg,100,0.25,0.0,10,10,30000231,False,0.437,0.229,0.24930000000000002,0.146,0.029000000000000005,0.609,0.167,0.29500000000000004
gemma-26b,neutral,fitted,rrg,100,0.25,0.0,10,10,30000239,False,0.7990000000000002,-0.7990000000000002,0.6444599999999999,0.638,0.41852,0.601,0.095,0.21800000000000003
gemma-26b,neutral,fitted,rrg,100,0.25,0.0,10,10,30000247,False,0.852,-0.852,0.73596,0.744,0.56328,0.73,0.107,0.2465
gemma-26b,neutral,fitted,rrg,100,0.25,0.0,10,10,30000255,False,0.5709999999999998,0.19699999999999998,0.36838,0.33399999999999996,0.1238,0.5269999999999999,0.1705,0.2765
gemma-26b,neutral,fitted,rrg,100,0.25,0.0,10,10,30000263,False,0.5369999999999999,-0.3430000000000001,0.41242,0.158,0.02852,0.535,0.153,0.269
gemma-26b,neutral,fitted,rrg,100,0.25,0.0,10,10,30000271,False,0.657,-0.137,0.49729999999999996,0.4779999999999999,0.2994,0.42699999999999994,0.1355,0.2575
gemma-26b,neutral,fitted,rrg,100,0.25,0.0,10,10,30000279,False,0.263,-0.24499999999999997,0.1631,0.086,0.015639999999999994,0.325,0.193,0.2899999999999999
gemma-26b,neutral,fitted,er,100,0.0,0.0,10,10,30000000,True,0.9369999999999999,-0.9369999999999999,0.8794600000000001,0.8980000000000002,0.8076399999999999,0.821,0.045,0.018807339449541282
gemma-26b,neutral,fitted,er,100,0.0,0.0,10,10,30000008,True,0.732,-0.732,0.5914400000000001,0.52,0.2852,0.728,0.0805,0.08101604278074867
gemma-26b,neutral,fitted,er,100,0.0,0.0,10,10,30000016,True,0.861,-0.048999999999999995,0.7456599999999998,0.806,0.6508399999999999,0.8029999999999999,0.074,0.024107142857142855
gemma-26b,neutral,fitted,er,100,0.0,0.0,10,10,30000024,True,0.9669999999999999,-0.9669999999999999,0.9354999999999999,0.9380000000000001,0.88052,0.9289999999999999,0.0305,0.012612612612612614
gemma-26b,neutral,fitted,er,100,0.0,0.0,10,10,30000032,True,0.96,0.96,0.9253200000000001,0.9199999999999999,0.8516,0.866,0.032,0.01658536585365854
gemma-26b,neutral,fitted,er,100,0.0,0.0,10,10,30000040,True,0.97,-0.97,0.9416800000000001,0.9400000000000002,0.8851199999999999,0.9339999999999998,0.027,0.011448598130841122
gemma-26b,neutral,fitted,er,100,0.0,0.0,10,10,30000048,True,0.978,-0.006,0.95716,0.9600000000000002,0.9233600000000001,0.898,0.0245,0.010750000000000001
gemma-26b,neutral,fitted,er,100,0.0,0.0,10,10,30000049,True,0.9040000000000001,-0.02599999999999999,0.8187599999999999,0.86,0.7406399999999999,0.8940000000000001,0.054,0.010571428571428572
gemma-26b,neutral,fitted,er,100,0.0,0.0,10,10,30000057,True,0.915,0.915,0.8394999999999999,0.8860000000000001,0.7889200000000001,0.805,0.066,0.015573770491803283
gemma-26b,neutral,fitted,er,100,0.0,0.0,10,10,30000065,True,0.908,0.022,0.82556,0.868,0.7542399999999999,0.922,0.0525,0.010309278350515465
gemma-26b,neutral,fitted,er,100,0.0,0.0,10,10,30000073,True,0.9529999999999997,0.9529999999999997,0.9100999999999999,0.9179999999999999,0.8469999999999999,0.865,0.0375,0.012315270935960592
gemma-26b,neutral,fitted,er,100,0.0,0.0,10,10,30000081,True,0.7419999999999999,-0.08400000000000002,0.56036,0.5840000000000001,0.34368,0.6639999999999999,0.167,0.08786982248520711
gemma-26b,neutral,fitted,er,100,0.0,0.0,10,10,30000089,True,0.93,0.021999999999999992,0.8672799999999998,0.9119999999999997,0.8341599999999998,0.82,0.0365,0.010833333333333335
gemma-26b,neutral,fitted,er,100,0.0,0.0,10,10,30000097,True,0.549,0.213,0.3751399999999999,0.262,0.11172,0.623,0.135,0.14375
gemma-26b,neutral,fitted,er,100,0.0,0.0,10,10,30000098,True,0.9410000000000001,0.00899999999999999,0.8864199999999999,0.898,0.8080400000000001,0.867,0.061,0.017894736842105262
gemma-26b,neutral,fitted,er,100,0.0,0.0,10,10,30000106,True,0.7790000000000001,0.7790000000000001,0.6298199999999999,0.634,0.41844000000000003,0.6609999999999999,0.125,0.0702020202020202
gemma-26b,neutral,fitted,er,100,0.0,0.0,10,10,30000114,True,0.8749999999999998,0.009000000000000003,0.7695,0.8300000000000001,0.6938000000000001,0.7050000000000001,0.0885,0.03475
gemma-26b,neutral,fitted,er,100,0.0,0.0,10,10,30000122,True,0.9789999999999999,0.0010000000000000009,0.9588199999999999,0.9580000000000002,0.9190799999999999,0.9490000000000001,0.0155,0.006716417910447761
gemma-26b,neutral,fitted,er,100,0.0,0.0,10,10,30000130,True,0.9559999999999998,0.9559999999999998,0.9144,0.9440000000000002,0.8914399999999999,0.9180000000000001,0.0335,0.00111731843575419
gemma-26b,neutral,fitted,er,100,0.0,0.0,10,10,30000138,True,0.958,-0.012000000000000005,0.91876,0.9240000000000002,0.85488,0.9239999999999998,0.031,0.01116751269035533
gemma-26b,neutral,fitted,er,100,0.0,0.0,10,10,30000146,True,0.8979999999999999,0.8979999999999999,0.8115600000000001,0.8440000000000001,0.7156799999999999,0.836,0.0655,0.030104712041884817
gemma-26b,neutral,fitted,er,100,0.0,0.0,10,10,30000147,True,0.9380000000000003,0.0,0.8803199999999999,0.944,0.8936,0.9259999999999999,0.0225,0.010344827586206895
gemma-26b,neutral,fitted,er,100,0.0,0.0,10,10,30000155,True,0.9049999999999999,0.037000000000000005,0.8232199999999998,0.826,0.6840399999999999,0.7929999999999999,0.0595,0.025
gemma-26b,neutral,fitted,er,100,0.0,0.0,10,10,30000163,True,0.958,0.012,0.9196,0.9440000000000002,0.8931999999999999,0.884,0.0295,0.010309278350515464
gemma-26b,neutral,fitted,er,100,0.0,0.0,10,10,30000171,True,0.944,0.023999999999999994,0.89272,0.8959999999999999,0.80504,0.9279999999999997,0.055,0.016666666666666666
gemma-26b,neutral,fitted,er,100,0.0,0.0,10,10,30000179,True,0.974,0.014000000000000002,0.9497599999999998,0.952,0.9092,0.8740000000000002,0.022,0.009068627450980393
gemma-26b,neutral,fitted,er,100,0.0,0.0,10,10,30000187,True,0.9640000000000001,0.004000000000000009,0.92996,0.9319999999999998,0.87056,0.8960000000000001,0.0295,0.008675799086757991
gemma-26b,neutral,fitted,er,100,0.0,0.0,10,10,30000195,True,0.892,0.012,0.79948,0.8480000000000001,0.7235199999999999,0.774,0.09,0.032124352331606223
gemma-26b,neutral,fitted,er,100,0.0,0.0,10,10,30000196,True,0.8879999999999999,-0.03799999999999999,0.7920400000000001,0.8240000000000001,0.6823199999999999,0.818,0.072,0.031720430107526884
gemma-26b,neutral,fitted,er,100,0.0,0.0,10,10,30000204,True,0.932,-0.932,0.86928,0.9200000000000002,0.8468,0.9259999999999998,0.049,0.007837837837837838
gemma-26b,neutral,fitted,er,100,0.0,0.0,10,10,30000212,True,0.945,-0.945,0.89398,0.9139999999999999,0.8369199999999999,0.7949999999999999,0.045,0.015048543689320385
gemma-26b,neutral,fitted,er,100,0.0,0.0,10,10,30000220,True,0.9490000000000002,0.9490000000000002,0.90578,0.914,0.84324,0.807,0.0315,0.01618357487922706
gemma-26b,neutral,fitted,er,100,0.0,0.0,10,10,30000228,True,0.9179999999999999,-0.9179999999999999,0.8440399999999999,0.8560000000000001,0.73424,0.876,0.035,0.02014218009478673
gemma-26b,neutral,fitted,er,100,0.0,0.0,10,10,30000236,True,0.8480000000000001,0.031999999999999994,0.7220399999999999,0.7959999999999999,0.6386399999999999,0.7940000000000002,0.104,0.03096590909090909
gemma-26b,neutral,fitted,er,100,0.0,0.0,10,10,30000244,True,0.899,-0.899,0.81426,0.8300000000000001,0.70092,0.6290000000000001,0.0715,0.04123222748815166
gemma-26b,neutral,fitted,er,100,0.0,0.0,10,10,30000245,True,0.8089999999999999,-0.8089999999999999,0.6806599999999999,0.67,0.47244,0.6609999999999999,0.097,0.06815789473684211
gemma-26b,neutral,fitted,er,100,0.0,0.0,10,10,30000253,True,0.9110000000000001,-0.9110000000000001,0.83586,0.8340000000000002,0.70572,0.8230000000000001,0.0425,0.03287292817679558
gemma-26b,neutral,fitted,er,100,0.0,0.0,10,10,30000261,True,0.819,-0.022999999999999993,0.6730199999999998,0.706,0.5010000000000001,0.719,0.1485,0.06532258064516128
gemma-26b,neutral,fitted,er,100,0.0,0.0,10,10,30000269,True,0.777,0.155,0.63418,0.6340000000000001,0.4112400000000001,0.8029999999999999,0.089,0.07150259067357513
gemma-26b,neutral,fitted,er,100,0.0,0.0,10,10,30000277,True,0.639,-0.261,0.4916600000000001,0.35,0.151,0.635,0.127,0.10345744680851066
gemma-26b,neutral,fitted,er,100,0.25,0.0,10,10,30000005,True,0.708,-0.708,0.57308,0.45599999999999996,0.25784,0.6240000000000001,0.108,0.22085427135678395
gemma-26b,neutral,fitted,er,100,0.25,0.0,10,10,30000013,True,0.399,0.293,0.24306,0.122,0.02388,0.413,0.272,0.30421348314606744
gemma-26b,neutral,fitted,er,100,0.25,0.0,10,10,30000014,True,0.7310000000000001,-0.09300000000000001,0.5521399999999999,0.5740000000000001,0.35444,0.639,0.117,0.21908212560386472
gemma-26b,neutral,fitted,er,100,0.25,0.0,10,10,30000022,True,0.6339999999999999,-0.25599999999999995,0.47151999999999994,0.39199999999999996,0.1592,0.682,0.127,0.234688995215311
gemma-26b,neutral,fitted,er,100,0.25,0.0,10,10,30000030,True,0.8110000000000002,0.8110000000000002,0.6660600000000001,0.73,0.55548,0.515,0.106,0.2268115942028986
gemma-26b,neutral,fitted,er,100,0.25,0.0,10,10,30000038,True,0.6279999999999999,0.082,0.41111999999999993,0.496,0.2592,0.45,0.181,0.27485380116959063
gemma-26b,neutral,fitted,er,100,0.25,0.0,10,10,30000046,True,0.792,-0.792,0.631,0.74,0.55568,0.5640000000000001,0.1535,0.22765957446808507
gemma-26b,neutral,fitted,er,100,0.25,0.0,10,10,30000054,True,0.7230000000000001,0.7230000000000001,0.5265799999999998,0.5820000000000001,0.34059999999999996,0.605,0.1705,0.28500000000000003
gemma-26b,neutral,fitted,er,100,0.25,0.0,10,10,30000062,True,0.46299999999999997,-0.42300000000000004,0.37962,0.046,0.0034000000000000002,0.585,0.1435,0.23579545454545453
gemma-26b,neutral,fitted,er,100,0.25,0.0,10,10,30000063,True,0.7690000000000001,0.7690000000000001,0.5957000000000001,0.638,0.41828000000000004,0.557,0.1205,0.23622448979591834
gemma-26b,neutral,fitted,er,100,0.25,0.0,10,10,30000071,True,0.6279999999999999,0.6279999999999999,0.44159999999999994,0.42000000000000004,0.19288000000000002,0.502,0.167,0.2655
gemma-26b,neutral,fitted,er,100,0.25,0.0,10,10,30000079,True,0.732,0.732,0.5478799999999999,0.608,0.37744000000000005,0.5660000000000001,0.148,0.2787564766839379
gemma-26b,neutral,fitted,er,100,0.25,0.0,10,10,30000087,True,0.6769999999999999,-0.03699999999999999,0.4614999999999999,0.4739999999999999,0.22788000000000003,0.545,0.184,0.28010752688172047
gemma-26b,neutral,fitted,er,100,0.25,0.0,10,10,30000095,True,0.642,-0.052000000000000005,0.42744,0.48,0.24912,0.49400000000000005,0.2175,0.2576923076923077
gemma-26b,neutral,fitted,er,100,0.25,0.0,10,10,30000103,True,0.851,-0.851,0.7342199999999999,0.762,0.58476,0.7670000000000001,0.0905,0.21849315068493147
gemma-26b,neutral,fitted,er,100,0.25,0.0,10,10,30000111,True,0.7929999999999999,-0.7929999999999999,0.63246,0.674,0.45675999999999994,0.673,0.136,0.21557377049180332
gemma-26b,neutral,fitted,er,100,0.25,0.0,10,10,30000112,True,0.595,0.305,0.45614,0.282,0.09644,0.665,0.1365,0.24672131147540982
gemma-26b,neutral,fitted,er,100,0.25,0.0,10,10,30000120,True,0.505,0.505,0.27681999999999995,0.398,0.17316,0.4789999999999998,0.2065,0.27277777777777773
gemma-26b,neutral,fitted,er,100,0.25,0.0,10,10,30000128,True,0.772,-0.772,0.60436,0.5920000000000001,0.36023999999999995,0.688,0.143,0.266578947368421
gemma-26b,neutral,fitted,er,100,0.25,0.0,10,10,30000136,True,0.751,0.06299999999999999,0.57526,0.5860000000000001,0.34540000000000004,0.749,0.115,0.25702247191011235
gemma-26b,neutral,fitted,er,100,0.25,0.0,10,10,30000144,True,0.493,-0.493,0.31745999999999996,0.238,0.062119999999999995,0.6029999999999999,0.158,0.2788461538461539
gemma-26b,neutral,fitted,er,100,0.25,0.0,10,10,30000152,True,0.548,0.548,0.314,0.332,0.14504,0.496,0.1785,0.28627450980392155
gemma-26b,neutral,fitted,er,100,0.25,0.0,10,10,30000160,True,0.601,0.251,0.42654,0.266,0.07388,0.7529999999999999,0.134,0.2553370786516854
gemma-26b,neutral,fitted,er,100,0.25,0.0,10,10,30000161,True,0.6539999999999999,-0.158,0.47424,0.42799999999999994,0.23288000000000003,0.558,0.1635,0.27625
gemma-26b,neutral,fitted,er,100,0.25,0.0,10,10,30000169,True,0.7730000000000001,0.11499999999999999,0.61998,0.6300000000000001,0.40851999999999994,0.635,0.1215,0.25367647058823534
gemma-26b,neutral,fitted,er,100,0.25,0.0,10,10,30000177,True,0.85,-0.85,0.7234,0.808,0.65424,0.74,0.0915,0.24930555555555559
gemma-26b,neutral,fitted,er,100,0.25,0.0,10,10,30000185,True,0.45600000000000007,-0.45200000000000007,0.3484,0.132,0.02472,0.638,0.1445,0.27191011235955054
gemma-26b,neutral,fitted,er,100,0.25,0.0,10,10,30000193,True,0.834,-0.834,0.7169999999999999,0.712,0.52936,0.6639999999999999,0.0905,0.19530516431924885
gemma-26b,neutral,fitted,er,100,0.25,0.0,10,10,30000201,True,0.5519999999999999,0.5519999999999999,0.33884,0.52,0.28887999999999997,0.44800000000000006,0.1845,0.26510416666666664
gemma-26b,neutral,fitted,er,100,0.25,0.0,10,10,30000209,True,0.3330000000000001,0.193,0.16218000000000002,0.09,0.01108,0.44299999999999995,0.226,0.26467065868263473
gemma-26b,neutral,fitted,er,100,0.25,0.0,10,10,30000210,True,0.534,-0.534,0.31711999999999996,0.372,0.16455999999999998,0.5720000000000001,0.169,0.24530386740331492
gemma-26b,neutral,fitted,er,100,0.25,0.0,10,10,30000218,True,0.643,0.643,0.4243,0.434,0.19196,0.5870000000000001,0.156,0.2705714285714286
gemma-26b,neutral,fitted,er,100,0.25,0.0,10,10,30000226,True,0.8109999999999999,0.019000000000000006,0.66314,0.7060000000000001,0.5111600000000001,0.683,0.1,0.24887640449438203
gemma-26b,neutral,fitted,er,100,0.25,0.0,10,10,30000234,True,0.8639999999999999,0.8639999999999999,0.74848,0.8200000000000001,0.6744800000000001,0.806,0.102,0.17765957446808514
gemma-26b,neutral,fitted,er,100,0.25,0.0,10,10,30000242,True,0.9129999999999999,0.011,0.83558,0.8620000000000001,0.74596,0.8109999999999999,0.06,0.22578475336322873
gemma-26b,neutral,fitted,er,100,0.25,0.0,10,10,30000250,True,0.796,0.08600000000000001,0.64956,0.6639999999999999,0.45776000000000006,0.64,0.1225,0.24208144796380093
gemma-26b,neutral,fitted,er,100,0.25,0.0,10,10,30000258,True,0.8089999999999999,0.8089999999999999,0.6581400000000001,0.7100000000000001,0.50852,0.779,0.1255,0.21649484536082472
gemma-26b,neutral,fitted,er,100,0.25,0.0,10,10,30000259,True,0.4640000000000001,-0.4640000000000001,0.23036000000000004,0.08800000000000001,0.01648,0.5780000000000001,0.1735,0.28224043715846997
gemma-26b,neutral,fitted,er,100,0.25,0.0,10,10,30000267,True,0.701,-0.07300000000000002,0.50022,0.6140000000000001,0.3912400000000001,0.651,0.1575,0.2233516483516484
gemma-26b,neutral,fitted,er,100,0.25,0.0,10,10,30000275,True,0.7459999999999999,-0.126,0.5882799999999999,0.632,0.4102400000000001,0.6859999999999999,0.107,0.2908018867924529
gemma-26b,neutral,fitted,rrg,100,0.0,0.0,10,10,30000003,True,0.893,0.0030000000000000083,0.8136599999999999,0.8539999999999999,0.7577200000000001,0.6450000000000001,0.053,0.053000000000000005
gemma-26b,neutral,fitted,rrg,100,0.0,0.0,10,10,30000011,True,0.968,-0.02400000000000001,0.93864,0.9360000000000002,0.8789599999999999,0.8619999999999999,0.0215,0.023
gemma-26b,neutral,fitted,rrg,100,0.0,0.0,10,10,30000019,True,0.8879999999999999,-0.8879999999999999,0.81792,0.776,0.63584,0.8119999999999999,0.0365,0.0405
gemma-26b,neutral,fitted,rrg,100,0.0,0.0,10,10,30000027,True,0.982,0.001999999999999996,0.96512,0.9640000000000001,0.9317599999999999,0.8700000000000001,0.0155,0.0155
gemma-26b,neutral,fitted,rrg,100,0.0,0.0,10,10,30000028,True,0.915,-0.915,0.8513400000000001,0.8300000000000001,0.7068399999999999,0.817,0.0305,0.0365
gemma-26b,neutral,fitted,rrg,100,0.0,0.0,10,10,30000036,True,0.5670000000000001,-0.417,0.4967,0.14600000000000002,0.024280000000000003,0.647,0.095,0.11499999999999999
gemma-26b,neutral,fitted,rrg,100,0.0,0.0,10,10,30000044,True,0.6359999999999999,-0.6359999999999999,0.45128,0.38,0.2064,0.54,0.1285,0.1525
gemma-26b,neutral,fitted,rrg,100,0.0,0.0,10,10,30000052,True,0.9340000000000002,-0.9340000000000002,0.8774,0.8720000000000001,0.7664,0.8180000000000002,0.0315,0.03950000000000001
gemma-26b,neutral,fitted,rrg,100,0.0,0.0,10,10,30000060,True,0.9789999999999999,0.011000000000000005,0.9596599999999998,0.958,0.9214800000000001,0.821,0.016,0.013000000000000001
gemma-26b,neutral,fitted,rrg,100,0.0,0.0,10,10,30000068,True,0.97,0.97,0.94324,0.9400000000000001,0.8864799999999999,0.858,0.0235,0.0215
gemma-26b,neutral,fitted,rrg,100,0.0,0.0,10,10,30000076,True,0.994,0.994,0.9882,0.9879999999999999,0.9765599999999999,0.9120000000000001,0.0095,0.0055
gemma-26b,neutral,fitted,rrg,100,0.0,0.0,10,10,30000077,True,0.8979999999999999,-0.09600000000000002,0.8186399999999999,0.796,0.6407999999999999,0.874,0.036,0.05
gemma-26b,neutral,fitted,rrg,100,0.0,0.0,10,10,30000085,True,0.9880000000000001,0.008000000000000002,0.97736,0.976,0.9548,0.884,0.01,0.008499999999999999
gemma-26b,neutral,fitted,rrg,100,0.0,0.0,10,10,30000093,True,0.99,-0.99,0.98056,0.984,0.9692000000000001,0.8680000000000001,0.011,0.008499999999999999
gemma-26b,neutral,fitted,rrg,100,0.0,0.0,10,10,30000101,True,0.9149999999999998,0.9149999999999998,0.8595399999999997,0.8299999999999998,0.7213200000000001,0.7270000000000001,0.043,0.0375
gemma-26b,neutral,fitted,rrg,100,0.0,0.0,10,10,30000109,True,0.9259999999999999,0.9259999999999999,0.8693200000000001,0.86,0.76912,0.6280000000000001,0.0425,0.0435
gemma-26b,neutral,fitted,rrg,100,0.0,0.0,10,10,30000117,True,0.819,0.819,0.6925,0.654,0.46819999999999995,0.643,0.061,0.0815
gemma-26b,neutral,fitted,rrg,100,0.0,0.0,10,10,30000125,True,0.946,-0.946,0.9054800000000001,0.892,0.8121600000000001,0.8759999999999998,0.029,0.026000000000000002
gemma-26b,neutral,fitted,rrg,100,0.0,0.0,10,10,30000126,True,0.8030000000000002,0.8030000000000002,0.6629799999999999,0.6180000000000001,0.42604,0.6849999999999999,0.09,0.09000000000000001
gemma-26b,neutral,fitted,rrg,100,0.0,0.0,10,10,30000134,True,0.7989999999999999,-0.187,0.68706,0.6060000000000001,0.39547999999999994,0.7330000000000001,0.0595,0.07100000000000002
gemma-26b,neutral,fitted,rrg,100,0.0,0.0,10,10,30000142,True,0.9029999999999999,-0.05299999999999998,0.8244199999999999,0.834,0.70692,0.789,0.068,0.05399999999999999
gemma-26b,neutral,fitted,rrg,100,0.0,0.0,10,10,30000150,True,0.9960000000000001,-0.0040000000000000036,0.9921199999999999,0.992,0.98424,0.97,0.0025,0.0035000000000000005
gemma-26b,neutral,fitted,rrg,100,0.0,0.0,10,10,30000158,True,0.252,-0.10999999999999999,0.08131999999999999,0.192,0.05088,0.62,0.1255,0.18650000000000003
gemma-26b,neutral,fitted,rrg,100,0.0,0.0,10,10,30000166,True,0.992,0.992,0.98476,0.984,0.97,0.8379999999999999,0.0105,0.006500000000000001
gemma-26b,neutral,fitted,rrg,100,0.0,0.0,10,10,30000174,True,0.9560000000000001,0.03,0.9193999999999999,0.9120000000000001,0.84528,0.718,0.0305,0.027500000000000004
gemma-26b,neutral,fitted,rrg,100,0.0,0.0,10,10,30000175,True,0.96,-0.96,0.9286,0.9199999999999999,0.8605599999999999,0.788,0.0245,0.0215
gemma-26b,neutral,fitted,rrg,100,0.0,0.0,10,10,30000183,True,0.9950000000000001,-0.0050000000000000044,0.9901399999999999,0.99,0.9802799999999999,0.9950000000000001,0.002,0.0045000000000000005
gemma-26b,neutral,fitted,rrg,100,0.0,0.0,10,10,30000191,True,0.9950000000000001,0.9950000000000001,0.9901399999999999,0.9900000000000002,0.9803599999999999,0.9569999999999999,0.007,0.0045
gemma-26b,neutral,fitted,rrg,100,0.0,0.0,10,10,30000199,True,0.951,-0.007000000000000001,0.9078199999999998,0.906,0.83036,0.825,0.036,0.034999999999999996
gemma-26b,neutral,fitted,rrg,100,0.0,0.0,10,10,30000207,True,0.7769999999999999,0.21699999999999994,0.6619400000000001,0.554,0.3266,0.7709999999999999,0.0665,0.08549999999999999
gemma-26b,neutral,fitted,rrg,100,0.0,0.0,10,10,30000215,True,0.9960000000000001,-0.9960000000000001,0.9921200000000001,0.992,0.98424,0.9780000000000001,0.006,0.0035000000000000005
gemma-26b,neutral,fitted,rrg,100,0.0,0.0,10,10,30000223,True,0.8550000000000001,0.8550000000000001,0.74414,0.7100000000000002,0.53732,0.6950000000000001,0.0565,0.06400000000000002
gemma-26b,neutral,fitted,rrg,100,0.0,0.0,10,10,30000224,True,0.873,-0.11499999999999999,0.79262,0.758,0.60924,0.7829999999999999,0.042,0.05550000000000001
gemma-26b,neutral,fitted,rrg,100,0.0,0.0,10,10,30000232,True,0.9510000000000002,-0.034999999999999996,0.91002,0.9019999999999999,0.8259599999999999,0.8149999999999998,0.0285,0.034499999999999996
gemma-26b,neutral,fitted,rrg,100,0.0,0.0,10,10,30000240,True,0.97,-0.030000000000000006,0.9443999999999999,0.9400000000000001,0.8888,0.9199999999999999,0.016,0.0165
gemma-26b,neutral,fitted,rrg,100,0.0,0.0,10,10,30000248,True,0.818,0.16999999999999998,0.7058,0.656,0.4431999999999999,0.722,0.0585,0.07200000000000004
gemma-26b,neutral,fitted,rrg,100,0.0,0.0,10,10,30000256,True,0.9949999999999999,-0.0030000000000000027,0.9902200000000001,0.99,0.98044,0.9309999999999998,0.0055,0.005
gemma-26b,neutral,fitted,rrg,100,0.0,0.0,10,10,30000264,True,0.982,-0.003999999999999998,0.96508,0.9640000000000001,0.9314399999999999,0.866,0.0215,0.015500000000000003
gemma-26b,neutral,fitted,rrg,100,0.0,0.0,10,10,30000272,True,0.5980000000000001,-0.378,0.5114000000000001,0.21600000000000003,0.07111999999999999,0.7280000000000001,0.0765,0.11600000000000002
gemma-26b,neutral,fitted,rrg,100,0.0,0.0,10,10,30000273,True,0.626,-0.28400000000000003,0.49412,0.268,0.12472000000000001,0.562,0.142,0.1335
gemma-26b,neutral,fitted,rrg,100,0.25,0.0,10,10,30000001,True,0.676,-0.676,0.4798400000000001,0.58,0.3548000000000001,0.434,0.1885,0.269
gemma-26b,neutral,fitted,rrg,100,0.25,0.0,10,10,30000009,True,0.479,0.479,0.31422,0.21800000000000003,0.06148,0.495,0.227,0.2755
gemma-26b,neutral,fitted,rrg,100,0.25,0.0,10,10,30000017,True,0.4800000000000001,-0.07000000000000002,0.24572000000000002,0.164,0.04128,0.466,0.2375,0.314
gemma-26b,neutral,fitted,rrg,100,0.25,0.0,10,10,30000025,True,0.551,-0.551,0.33802000000000004,0.21400000000000002,0.05619999999999999,0.567,0.15,0.244
gemma-26b,neutral,fitted,rrg,100,0.25,0.0,10,10,30000033,True,0.606,0.13600000000000004,0.39735999999999994,0.48,0.24328000000000002,0.5599999999999999,0.13,0.2985
gemma-26b,neutral,fitted,rrg,100,0.25,0.0,10,10,30000041,True,0.5980000000000001,-0.3,0.45072,0.288,0.08552000000000001,0.5720000000000001,0.124,0.2615
gemma-26b,neutral,fitted,rrg,100,0.25,0.0,10,10,30000042,True,0.662,0.662,0.47108,0.592,0.36696,0.6320000000000001,0.116,0.24549999999999997
gemma-26b,neutral,fitted,rrg,100,0.25,0.0,10,10,30000050,True,0.8149999999999998,-0.8149999999999998,0.6854599999999998,0.6580000000000001,0.45827999999999997,0.6729999999999999,0.091,0.229
gemma-26b,neutral,fitted,rrg,100,0.25,0.0,10,10,30000058,True,0.41600000000000004,0.324,0.23424,0.152,0.02848,0.4820000000000001,0.198,0.26599999999999996
gemma-26b,neutral,fitted,rrg,100,0.25,0.0,10,10,30000066,True,0.39499999999999996,0.39099999999999996,0.24289999999999998,0.12600000000000003,0.023159999999999997,0.5630000000000001,0.182,0.2575
gemma-26b,neutral,fitted,rrg,100,0.25,0.0,10,10,30000074,True,0.179,0.179,0.04290000000000001,0.23399999999999999,0.07092000000000001,0.40700000000000003,0.2135,0.3055
gemma-26b,neutral,fitted,rrg,100,0.25,0.0,10,10,30000082,True,0.5090000000000001,-0.36700000000000005,0.39666,0.138,0.02372,0.5910000000000001,0.171,0.2515
gemma-26b,neutral,fitted,rrg,100,0.25,0.0,10,10,30000090,True,0.8010000000000002,-0.8010000000000002,0.64922,0.634,0.4102799999999999,0.673,0.127,0.25450000000000006
gemma-26b,neutral,fitted,rrg,100,0.25,0.0,10,10,30000091,True,0.7859999999999999,-0.08800000000000001,0.6464799999999999,0.624,0.43407999999999997,0.588,0.1105,0.296
gemma-26b,neutral,fitted,rrg,100,0.25,0.0,10,10,30000099,True,0.22599999999999998,0.22199999999999998,0.07160000000000001,0.124,0.022960000000000005,0.396,0.232,0.3065
gemma-26b,neutral,fitted,rrg,100,0.25,0.0,10,10,30000107,True,0.8160000000000001,0.8160000000000001,0.6848399999999999,0.684,0.5170399999999999,0.608,0.0845,0.23150000000000004
gemma-26b,neutral,fitted,rrg,100,0.25,0.0,10,10,30000115,True,0.82,0.82,0.6788,0.7200000000000001,0.52376,0.764,0.097,0.244
gemma-26b,neutral,fitted,rrg,100,0.25,0.0,10,10,30000123,True,0.512,0.512,0.36279999999999996,0.148,0.03256,0.52,0.175,0.2880000000000001
gemma-26b,neutral,fitted,rrg,100,0.25,0.0,10,10,30000131,True,0.31500000000000006,0.0029999999999999983,0.11377999999999999,0.246,0.08052000000000001,0.397,0.244,0.292
gemma-26b,neutral,fitted,rrg,100,0.25,0.0,10,10,30000139,True,0.763,-0.075,0.60106,0.6380000000000001,0.43244,0.5570000000000002,0.134,0.28200000000000003
gemma-26b,neutral,fitted,rrg,100,0.25,0.0,10,10,30000140,True,0.682,0.27,0.54172,0.40800000000000003,0.172,0.696,0.108,0.2415
gemma-26b,neutral,fitted,rrg,100,0.25,0.0,10,10,30000148,True,0.9239999999999998,-0.9239999999999998,0.8550000000000001,0.8560000000000001,0.73472,0.8619999999999999,0.041,0.195
gemma-26b,neutral,fitted,rrg,100,0.25,0.0,10,10,30000156,True,0.9869999999999999,0.9869999999999999,0.9746600000000001,0.9739999999999999,0.94988,0.867,0.0195,0.17950000000000002
gemma-26b,neutral,fitted,rrg,100,0.25,0.0,10,10,30000164,True,0.5549999999999999,-0.5549999999999999,0.34285999999999994,0.41,0.17948000000000003,0.5269999999999999,0.1845,0.27649999999999997
gemma-26b,neutral,fitted,rrg,100,0.25,0.0,10,10,30000172,True,0.704,0.07000000000000002,0.503,0.46399999999999997,0.21968000000000001,0.6900000000000002,0.1175,0.2505
gemma-26b,neutral,fitted,rrg,100,0.25,0.0,10,10,30000180,True,0.777,-0.13500000000000004,0.6296199999999998,0.602,0.37812,0.6250000000000001,0.122,0.25400000000000006
gemma-26b,neutral,fitted,rrg,100,0.25,0.0,10,10,30000188,True,0.718,0.718,0.5311999999999999,0.552,0.32792,0.502,0.174,0.274
gemma-26b,neutral,fitted,rrg,100,0.25,0.0,10,10,30000189,True,0.8390000000000001,0.8390000000000001,0.71622,0.686,0.51252,0.7230000000000001,0.0835,0.24500000000000002
gemma-26b,neutral,fitted,rrg,100,0.25,0.0,10,10,30000197,True,0.9480000000000001,-0.9480000000000001,0.9004,0.908,0.82936,0.8719999999999999,0.0455,0.23200000000000004
gemma-26b,neutral,fitted,rrg,100,0.25,0.0,10,10,30000205,True,0.805,0.020999999999999998,0.6601400000000001,0.626,0.4378,0.7369999999999999,0.0945,0.23850000000000002
gemma-26b,neutral,fitted,rrg,100,0.25,0.0,10,10,30000213,True,0.46799999999999986,0.22999999999999998,0.2812,0.136,0.02832,0.502,0.183,0.26050000000000006
gemma-26b,neutral,fitted,rrg,100,0.25,0.0,10,10,30000221,True,0.5660000000000001,-0.534,0.46768,0.256,0.11920000000000001,0.546,0.164,0.25749999999999995
gemma-26b,neutral,fitted,rrg,100,0.25,0.0,10,10,30000229,True,0.45999999999999996,0.374,0.34036,0.17600000000000002,0.045200000000000004,0.604,0.1585,0.2575
gemma-26b,neutral,fitted,rrg,100,0.25,0.0,10,10,30000237,True,0.748,-0.748,0.59356,0.6040000000000001,0.43704,0.514,0.13,0.25050000000000006
gemma-26b,neutral,fitted,rrg,100,0.25,0.0,10,10,30000238,True,0.615,-0.279,0.46394,0.28200000000000003,0.09708000000000001,0.6469999999999999,0.138,0.24700000000000003
gemma-26b,neutral,fitted,rrg,100,0.25,0.0,10,10,30000246,True,0.342,0.31,0.16816000000000003,0.16399999999999998,0.03168,0.53,0.18,0.2775
gemma-26b,neutral,fitted,rrg,100,0.25,0.0,10,10,30000254,True,0.49399999999999994,0.09800000000000002,0.26471999999999996,0.24000000000000005,0.07336000000000001,0.526,0.211,0.28950000000000004
gemma-26b,neutral,fitted,rrg,100,0.25,0.0,10,10,30000262,True,0.8019999999999999,0.8019999999999999,0.65428,0.696,0.49144,0.5860000000000001,0.12,0.26349999999999996
gemma-26b,neutral,fitted,rrg,100,0.25,0.0,10,10,30000270,True,0.7939999999999999,0.146,0.66692,0.632,0.4276,0.6279999999999999,0.1095,0.26
gemma-26b,neutral,fitted,rrg,100,0.25,0.0,10,10,30000278,True,0.538,-0.18999999999999995,0.34852000000000005,0.40800000000000003,0.19576,0.512,0.16,0.26050000000000006
gemma-26b,political,fitted,er,100,0.0,0.0,10,10,30000006,False,0.42800000000000005,0.42800000000000005,0.18892,0.10800000000000001,0.014000000000000002,0.9279999999999999,0.0075,0.22382198952879584
gemma-26b,political,fitted,er,100,0.0,0.0,10,10,30000007,False,0.32600000000000007,0.32600000000000007,0.20096000000000003,0.08,0.008560000000000002,0.9159999999999998,0.007,0.24975728155339808
gemma-26b,political,fitted,er,100,0.0,0.0,10,10,30000015,False,0.7350000000000001,0.7350000000000001,0.5434599999999999,0.522,0.27892,0.915,0.0085,0.12162921348314608
gemma-26b,political,fitted,er,100,0.0,0.0,10,10,30000023,False,0.35,0.35,0.13028,0.09200000000000001,0.012080000000000002,0.86,0.0125,0.26683417085427136
gemma-26b,political,fitted,er,100,0.0,0.0,10,10,30000031,False,0.45199999999999996,0.45199999999999996,0.22388,0.33999999999999997,0.11664000000000001,0.892,0.0085,0.2478468899521531
gemma-26b,political,fitted,er,100,0.0,0.0,10,10,30000039,False,0.34500000000000003,0.34500000000000003,0.12806,0.282,0.0886,0.8789999999999999,0.013,0.2832386363636364
gemma-26b,political,fitted,er,100,0.0,0.0,10,10,30000047,False,0.575,0.575,0.37098000000000003,0.31,0.10228,0.805,0.017,0.20589622641509436
gemma-26b,political,fitted,er,100,0.0,0.0,10,10,30000055,False,0.767,0.767,0.60318,0.55,0.32924000000000003,0.8229999999999998,0.015,0.11744186046511626
gemma-26b,political,fitted,er,100,0.0,0.0,10,10,30000056,False,0.362,0.362,0.13852000000000003,0.16799999999999998,0.02888,0.866,0.0135,0.27348484848484855
gemma-26b,political,fitted,er,100,0.0,0.0,10,10,30000064,False,0.4720000000000001,0.4720000000000001,0.22896,0.11599999999999999,0.015520000000000003,0.9019999999999999,0.0095,0.22500000000000003
gemma-26b,political,fitted,er,100,0.0,0.0,10,10,30000072,False,0.6679999999999999,0.6679999999999999,0.46327999999999997,0.6,0.37104,0.7740000000000001,0.019,0.15882352941176467
gemma-26b,political,fitted,er,100,0.0,0.0,10,10,30000080,False,0.43499999999999994,0.43499999999999994,0.19498000000000001,0.242,0.06484000000000001,0.8850000000000001,0.01,0.2385786802030457
gemma-26b,political,fitted,er,100,0.0,0.0,10,10,30000088,False,0.46099999999999997,0.46099999999999997,0.23926000000000003,0.066,0.00692,0.915,0.009,0.2330769230769231
gemma-26b,political,fitted,er,100,0.0,0.0,10,10,30000096,False,0.562,0.562,0.33656,0.308,0.09928000000000001,0.8960000000000001,0.0095,0.16741573033707863
gemma-26b,political,fitted,er,100,0.0,0.0,10,10,30000104,False,0.334,0.334,0.12312000000000001,0.044,0.0026400000000000004,0.9,0.008,0.21928934010152284
gemma-26b,political,fitted,er,100,0.0,0.0,10,10,30000105,False,0.376,0.376,0.15743999999999997,0.096,0.01336,0.8240000000000001,0.0145,0.2561904761904762
gemma-26b,political,fitted,er,100,0.0,0.0,10,10,30000113,False,0.495,0.495,0.25654000000000005,0.198,0.04308,0.845,0.0145,0.23324022346368717
gemma-26b,political,fitted,er,100,0.0,0.0,10,10,30000121,False,0.6679999999999999,0.6679999999999999,0.46128,0.396,0.16576000000000002,0.876,0.012,0.1537688442211055
gemma-26b,political,fitted,er,100,0.0,0.0,10,10,30000129,False,0.25200000000000006,0.25200000000000006,0.08068,0.08399999999999999,0.00728,0.9260000000000002,0.006,0.27027777777777773
gemma-26b,political,fitted,er,100,0.0,0.0,10,10,30000137,False,0.5660000000000001,0.5660000000000001,0.32576,0.348,0.12127999999999999,0.9259999999999999,0.0065,0.19174311926605503
gemma-26b,political,fitted,er,100,0.0,0.0,10,10,30000145,False,0.44799999999999995,0.44799999999999995,0.23876,0.12400000000000003,0.01624,0.892,0.0085,0.24587628865979383
gemma-26b,political,fitted,er,100,0.0,0.0,10,10,30000153,False,0.707,0.707,0.5053000000000001,0.51,0.26588,0.8930000000000001,0.0095,0.12664835164835164
gemma-26b,political,fitted,er,100,0.0,0.0,10,10,30000154,False,0.5850000000000001,0.5850000000000001,0.34654,0.382,0.14876,0.875,0.01,0.20570652173913043
gemma-26b,political,fitted,er,100,0.0,0.0,10,10,30000162,False,0.5269999999999999,0.5269999999999999,0.28618000000000005,0.27399999999999997,0.07868,0.9029999999999999,0.0085,0.2119289340101523
gemma-26b,political,fitted,er,100,0.0,0.0,10,10,30000170,False,0.7590000000000001,0.7590000000000001,0.5797399999999999,0.6420000000000001,0.41811999999999994,0.8610000000000003,0.01,0.10928961748633881
gemma-26b,political,fitted,er,100,0.0,0.0,10,10,30000178,False,0.4619999999999999,0.4619999999999999,0.21904000000000004,0.152,0.02656,0.85,0.013,0.23076923076923075
gemma-26b,political,fitted,er,100,0.0,0.0,10,10,30000186,False,0.8390000000000001,0.8390000000000001,0.70858,0.7220000000000001,0.5302,0.8310000000000001,0.012,0.06791443850267381
gemma-26b,political,fitted,er,100,0.0,0.0,10,10,30000194,False,0.559,0.559,0.31586000000000003,0.242,0.06292,0.9109999999999999,0.007,0.19999999999999998
gemma-26b,political,fitted,er,100,0.0,0.0,10,10,30000202,False,0.47000000000000003,0.47000000000000003,0.34072,0.084,0.013600000000000001,0.9,0.0085,0.21470588235294116
gemma-26b,political,fitted,er,100,0.0,0.0,10,10,30000203,False,0.308,0.308,0.10659999999999999,0.096,0.010159999999999999,0.9179999999999999,0.007,0.2738461538461538
gemma-26b,political,fitted,er,100,0.0,0.0,10,10,30000211,False,0.438,0.438,0.24972000000000003,0.31999999999999995,0.10400000000000001,0.9120000000000001,0.0095,0.25384615384615383
gemma-26b,political,fitted,er,100,0.0,0.0,10,10,30000219,False,0.47400000000000003,0.47400000000000003,0.25207999999999997,0.172,0.030320000000000003,0.9299999999999999,0.007,0.1985
gemma-26b,political,fitted,er,100,0.0,0.0,10,10,30000227,False,0.581,0.581,0.38758,0.40199999999999997,0.16692,0.8470000000000001,0.015,0.17435897435897435
gemma-26b,political,fitted,er,100,0.0,0.0,10,10,30000235,False,0.34,0.34,0.1622,0.044,0.0029600000000000004,0.8939999999999999,0.0115,0.2754285714285714
gemma-26b,political,fitted,er,100,0.0,0.0,10,10,30000243,False,0.5240000000000001,0.5240000000000001,0.27892,0.14800000000000002,0.028800000000000003,0.8859999999999999,0.01,0.21212871287128712
gemma-26b,political,fitted,er,100,0.0,0.0,10,10,30000251,False,0.567,0.567,0.32686000000000004,0.34199999999999997,0.11764,0.923,0.0075,0.219672131147541
gemma-26b,political,fitted,er,100,0.0,0.0,10,10,30000252,False,0.33499999999999996,0.33499999999999996,0.11886000000000001,0.31799999999999995,0.10188000000000001,0.925,0.006,0.25866336633663367
gemma-26b,political,fitted,er,100,0.0,0.0,10,10,30000260,False,0.575,0.575,0.33877999999999997,0.37799999999999995,0.14308,0.8450000000000001,0.012,0.18625592417061615
gemma-26b,political,fitted,er,100,0.0,0.0,10,10,30000268,False,0.5589999999999999,0.5589999999999999,0.33918000000000004,0.266,0.07756,0.883,0.0095,0.17983870967741938
gemma-26b,political,fitted,er,100,0.0,0.0,10,10,30000276,False,0.28099999999999997,0.275,0.13698000000000002,0.11800000000000002,0.01524,0.9070000000000003,0.0105,0.2740196078431373
gemma-26b,political,fitted,er,100,0.25,0.0,10,10,30000004,False,0.4710000000000001,0.4710000000000001,0.3224599999999999,0.142,0.021320000000000002,0.901,0.0095,0.33872549019607845
gemma-26b,political,fitted,er,100,0.25,0.0,10,10,30000012,False,0.6899999999999998,0.6899999999999998,0.5121200000000001,0.41999999999999993,0.18495999999999999,0.82,0.0115,0.3261904761904761
gemma-26b,political,fitted,er,100,0.25,0.0,10,10,30000020,False,0.45699999999999996,0.45699999999999996,0.31554,0.162,0.02644,0.9289999999999999,0.0065,0.2696969696969697
gemma-26b,political,fitted,er,100,0.25,0.0,10,10,30000021,False,0.366,0.366,0.16495999999999997,0.016,0.0003200000000000001,0.898,0.0095,0.33046875
gemma-26b,political,fitted,er,100,0.25,0.0,10,10,30000029,False,0.491,0.491,0.25182000000000004,0.294,0.09276000000000001,0.853,0.0155,0.32918660287081336
gemma-26b,political,fitted,er,100,0.25,0.0,10,10,30000037,False,0.6539999999999999,0.6539999999999999,0.44516,0.38799999999999996,0.15208,0.9460000000000001,0.0045,0.3269406392694064
gemma-26b,political,fitted,er,100,0.25,0.0,10,10,30000045,False,0.5349999999999999,0.5349999999999999,0.2935,0.326,0.1182,0.8450000000000001,0.014,0.3153061224489796
gemma-26b,political,fitted,er,100,0.25,0.0,10,10,30000053,False,0.542,0.542,0.30212,0.33999999999999997,0.11912000000000003,0.8960000000000001,0.01,0.3095092024539877
gemma-26b,political,fitted,er,100,0.25,0.0,10,10,30000061,False,0.5860000000000001,0.5860000000000001,0.36528,0.22800000000000004,0.05752,0.8540000000000001,0.0115,0.31825000000000003
gemma-26b,political,fitted,er,100,0.25,0.0,10,10,30000069,False,0.631,0.631,0.40854,0.422,0.18467999999999998,0.8390000000000001,0.014,0.26967592592592593
gemma-26b,political,fitted,er,100,0.25,0.0,10,10,30000070,False,0.335,0.335,0.13118000000000002,0.22200000000000003,0.049960000000000004,0.859,0.012,0.36772486772486773
gemma-26b,political,fitted,er,100,0.25,0.0,10,10,30000078,False,0.5549999999999999,0.5549999999999999,0.33562000000000003,0.29,0.0954,0.851,0.014,0.3191011235955056
gemma-26b,political,fitted,er,100,0.25,0.0,10,10,30000086,False,0.5940000000000001,0.5940000000000001,0.39715999999999996,0.32799999999999996,0.11104,0.8760000000000001,0.01,0.34619565217391307
gemma-26b,political,fitted,er,100,0.25,0.0,10,10,30000094,False,0.595,0.595,0.39254,0.346,0.13516,0.7729999999999999,0.0175,0.3013297872340425
gemma-26b,political,fitted,er,100,0.25,0.0,10,10,30000102,False,0.293,0.05700000000000001,0.09198000000000002,0.13,0.017320000000000002,0.9129999999999999,0.0075,0.3973821989528796
gemma-26b,political,fitted,er,100,0.25,0.0,10,10,30000110,False,0.5439999999999999,0.5439999999999999,0.3006,0.256,0.07328,0.8959999999999999,0.011,0.34704301075268823
gemma-26b,political,fitted,er,100,0.25,0.0,10,10,30000118,False,0.5770000000000001,0.5770000000000001,0.34166,0.162,0.034120000000000004,0.883,0.0095,0.34490291262135925
gemma-26b,political,fitted,er,100,0.25,0.0,10,10,30000119,False,0.723,0.723,0.53718,0.48600000000000004,0.24836,0.825,0.0145,0.31581632653061226
gemma-26b,political,fitted,er,100,0.25,0.0,10,10,30000127,False,0.371,0.371,0.14045999999999997,0.40199999999999997,0.16180000000000003,0.9490000000000001,0.004,0.3169354838709677
gemma-26b,political,fitted,er,100,0.25,0.0,10,10,30000135,False,0.649,0.649,0.43057999999999996,0.35,0.13772,0.861,0.0125,0.3329081632653061
gemma-26b,political,fitted,er,100,0.25,0.0,10,10,30000143,False,0.377,0.377,0.24234,0.022,0.00092,0.881,0.009,0.3180851063829787
gemma-26b,political,fitted,er,100,0.25,0.0,10,10,30000151,False,0.374,0.374,0.15940000000000001,0.15999999999999998,0.0268,0.8960000000000001,0.0115,0.35980861244019147
gemma-26b,political,fitted,er,100,0.25,0.0,10,10,30000159,False,0.4010000000000001,0.4010000000000001,0.20442,0.25,0.06323999999999999,0.885,0.0095,0.36363636363636365
gemma-26b,political,fitted,er,100,0.25,0.0,10,10,30000167,False,0.58,0.58,0.35952,0.31999999999999995,0.10968,0.89,0.0115,0.2994505494505494
gemma-26b,political,fitted,er,100,0.25,0.0,10,10,30000168,False,0.41000000000000003,0.41000000000000003,0.21948000000000004,0.13599999999999998,0.020560000000000002,0.8899999999999999,0.0085,0.37853260869565214
gemma-26b,political,fitted,er,100,0.25,0.0,10,10,30000176,False,0.16599999999999998,0.16599999999999998,0.030079999999999996,0.052000000000000005,0.00664,0.9139999999999999,0.007,0.3928571428571428
gemma-26b,political,fitted,er,100,0.25,0.0,10,10,30000184,False,0.613,0.613,0.39805999999999997,0.30999999999999994,0.11244000000000001,0.827,0.015,0.3336585365853658
gemma-26b,political,fitted,er,100,0.25,0.0,10,10,30000192,False,0.542,0.542,0.29823999999999995,0.384,0.15448,0.8180000000000002,0.013,0.3425133689839573
gemma-26b,political,fitted,er,100,0.25,0.0,10,10,30000200,False,0.582,0.582,0.3444,0.31199999999999994,0.09863999999999999,0.8400000000000001,0.012,0.3157068062827225
gemma-26b,political,fitted,er,100,0.25,0.0,10,10,30000208,False,0.406,0.406,0.19136000000000003,0.128,0.02448,0.8639999999999999,0.0115,0.3160804020100503
gemma-26b,political,fitted,er,100,0.25,0.0,10,10,30000216,False,0.35100000000000003,0.35100000000000003,0.1401,0.134,0.02068,0.8870000000000001,0.01,0.33187134502923976
gemma-26b,political,fitted,er,100,0.25,0.0,10,10,30000217,False,0.4619999999999999,0.4619999999999999,0.21772,0.11599999999999999,0.01928,0.9179999999999999,0.008,0.33999999999999997
gemma-26b,political,fitted,er,100,0.25,0.0,10,10,30000225,False,0.563,0.563,0.3660199999999999,0.30199999999999994,0.09539999999999998,0.825,0.013,0.2767857142857143
gemma-26b,political,fitted,er,100,0.25,0.0,10,10,30000233,False,0.5050000000000001,0.5050000000000001,0.25778,0.32199999999999995,0.10668,0.9149999999999998,0.0075,0.30735294117647055
gemma-26b,political,fitted,er,100,0.25,0.0,10,10,30000241,False,0.376,0.376,0.14732000000000003,0.25999999999999995,0.07072,0.9039999999999999,0.009,0.32123655913978494
gemma-26b,political,fitted,er,100,0.25,0.0,10,10,30000249,False,0.43699999999999994,0.43699999999999994,0.22485999999999998,0.21400000000000002,0.05084000000000001,0.883,0.012,0.3264705882352942
gemma-26b,political,fitted,er,100,0.25,0.0,10,10,30000257,False,0.597,0.597,0.38029999999999997,0.22600000000000003,0.061160000000000006,0.8629999999999999,0.0125,0.34154228855721397
gemma-26b,political,fitted,er,100,0.25,0.0,10,10,30000265,False,0.7449999999999999,0.7449999999999999,0.55898,0.614,0.3778,0.8870000000000001,0.009,0.28391089108910894
gemma-26b,political,fitted,er,100,0.25,0.0,10,10,30000266,False,0.41000000000000003,0.41000000000000003,0.26212,0.10400000000000001,0.011040000000000003,0.8939999999999999,0.0085,0.35425
gemma-26b,political,fitted,er,100,0.25,0.0,10,10,30000274,False,0.457,0.457,0.22434000000000004,0.186,0.03748,0.9169999999999998,0.0065,0.3410994764397906
gemma-26b,political,fitted,rrg,100,0.0,0.0,10,10,30000002,False,0.385,0.385,0.19214,0.118,0.0162,0.925,0.007,0.2445
gemma-26b,political,fitted,rrg,100,0.0,0.0,10,10,30000010,False,0.524,0.524,0.29200000000000004,0.43599999999999994,0.19528,0.9039999999999999,0.0125,0.24200000000000005
gemma-26b,political,fitted,rrg,100,0.0,0.0,10,10,30000018,False,0.6969999999999998,0.6969999999999998,0.49482,0.554,0.31252,0.883,0.0115,0.159
gemma-26b,political,fitted,rrg,100,0.0,0.0,10,10,30000026,False,0.79,0.79,0.63824,0.616,0.38232000000000005,0.85,0.0105,0.10399999999999998
gemma-26b,political,fitted,rrg,100,0.0,0.0,10,10,30000034,False,0.46399999999999997,0.46399999999999997,0.23684000000000002,0.23200000000000004,0.05600000000000001,0.8360000000000001,0.014,0.23500000000000001
gemma-26b,political,fitted,rrg,100,0.0,0.0,10,10,30000035,False,0.5630000000000001,0.5630000000000001,0.32466000000000006,0.45,0.20444,0.857,0.0115,0.20800000000000002
gemma-26b,political,fitted,rrg,100,0.0,0.0,10,10,30000043,False,0.42000000000000004,0.42000000000000004,0.25804,0.128,0.016640000000000002,0.9100000000000001,0.0095,0.2185
gemma-26b,political,fitted,rrg,100,0.0,0.0,10,10,30000051,False,0.6409999999999999,0.6409999999999999,0.43393999999999994,0.314,0.10772,0.8389999999999999,0.013,0.1645
gemma-26b,political,fitted,rrg,100,0.0,0.0,10,10,30000059,False,0.5119999999999999,0.5119999999999999,0.26576,0.316,0.10672000000000001,0.898,0.0095,0.227
gemma-26b,political,fitted,rrg,100,0.0,0.0,10,10,30000067,False,0.364,0.364,0.14944000000000002,0.128,0.0172,0.8859999999999999,0.008,0.2265
gemma-26b,political,fitted,rrg,100,0.0,0.0,10,10,30000075,False,0.5690000000000001,0.5690000000000001,0.33618000000000003,0.22600000000000003,0.06012000000000001,0.851,0.013,0.23350000000000004
gemma-26b,political,fitted,rrg,100,0.0,0.0,10,10,30000083,False,0.592,0.592,0.39264,0.292,0.09776,0.8380000000000001,0.0135,0.188
gemma-26b,political,fitted,rrg,100,0.0,0.0,10,10,30000084,False,0.311,0.311,0.09838000000000001,0.21800000000000003,0.04836,0.959,0.0045,0.2855
gemma-26b,political,fitted,rrg,100,0.0,0.0,10,10,30000092,False,0.18599999999999997,0.18599999999999997,0.039720000000000005,0.44800000000000006,0.2028,0.9299999999999999,0.0065,0.27299999999999996
gemma-26b,political,fitted,rrg,100,0.0,0.0,10,10,30000100,False,0.472,0.4580000000000001,0.40756,0.06799999999999999,0.005520000000000001,0.852,0.0115,0.195
gemma-26b,political,fitted,rrg,100,0.0,0.0,10,10,30000108,False,0.324,0.324,0.11328000000000002,0.11199999999999999,0.01472,0.8859999999999999,0.0115,0.29000000000000004
gemma-26b,political,fitted,rrg,100,0.0,0.0,10,10,30000116,False,0.54,0.54,0.30444000000000004,0.284,0.08408000000000002,0.9019999999999999,0.0095,0.2125
gemma-26b,political,fitted,rrg,100,0.0,0.0,10,10,30000124,False,0.418,0.418,0.17912,0.184,0.03552,0.8620000000000001,0.011,0.2725
gemma-26b,political,fitted,rrg,100,0.0,0.0,10,10,30000132,False,0.414,0.414,0.17572000000000002,0.11200000000000002,0.013519999999999999,0.8959999999999999,0.01,0.21749999999999997
gemma-26b,political,fitted,rrg,100,0.0,0.0,10,10,30000133,False,0.45599999999999996,0.45599999999999996,0.21803999999999996,0.124,0.02008,0.8440000000000001,0.0125,0.22550000000000003
gemma-26b,political,fitted,rrg,100,0.0,0.0,10,10,30000141,False,0.7620000000000001,0.7620000000000001,0.58708,0.564,0.3264000000000001,0.8780000000000001,0.0095,0.11850000000000002
gemma-26b,political,fitted,rrg,100,0.0,0.0,10,10,30000149,False,0.38900000000000007,0.38900000000000007,0.16014,0.10600000000000001,0.011880000000000003,0.9209999999999999,0.0065,0.223
gemma-26b,political,fitted,rrg,100,0.0,0.0,10,10,30000157,False,0.7290000000000001,0.7290000000000001,0.54658,0.5940000000000001,0.36444,0.8610000000000001,0.0115,0.153
gemma-26b,political,fitted,rrg,100,0.0,0.0,10,10,30000165,False,0.4720000000000001,0.4720000000000001,0.22960000000000003,0.248,0.0684,0.8480000000000001,0.014,0.24450000000000002
gemma-26b,political,fitted,rrg,100,0.0,0.0,10,10,30000173,False,0.38799999999999996,0.38799999999999996,0.16432,0.048,0.00312,0.9179999999999999,0.0065,0.233
gemma-26b,political,fitted,rrg,100,0.0,0.0,10,10,30000181,False,0.515,0.515,0.35761999999999994,0.134,0.02132,0.915,0.008,0.21149999999999997
gemma-26b,political,fitted,rrg,100,0.0,0.0,10,10,30000182,False,0.33299999999999996,0.33299999999999996,0.12774,0.298,0.09324,0.8770000000000001,0.0135,0.30300000000000005
gemma-26b,political,fitted,rrg,100,0.0,0.0,10,10,30000190,False,0.291,0.291,0.08565999999999999,0.13799999999999998,0.02188,0.9489999999999998,0.005,0.27649999999999997
gemma-26b,political,fitted,rrg,100,0.0,0.0,10,10,30000198,False,0.454,0.454,0.22240000000000001,0.096,0.013040000000000001,0.796,0.017,0.22150000000000003
gemma-26b,political,fitted,rrg,100,0.0,0.0,10,10,30000206,False,0.445,0.445,0.25142000000000003,0.09000000000000001,0.010280000000000001,0.9010000000000001,0.0105,0.2325
gemma-26b,political,fitted,rrg,100,0.0,0.0,10,10,30000214,False,0.30100000000000005,0.30100000000000005,0.09585999999999999,0.08600000000000001,0.008200000000000002,0.9069999999999998,0.0085,0.295
gemma-26b,political,fitted,rrg,100,0.0,0.0,10,10,30000222,False,0.43200000000000005,0.43200000000000005,0.18939999999999999,0.24,0.06376000000000001,0.892,0.01,0.23699999999999996
gemma-26b,political,fitted,rrg,100,0.0,0.0,10,10,30000230,False,0.375,0.375,0.16018000000000002,0.15,0.02892,0.8630000000000001,0.012,0.261
gemma-26b,political,fitted,rrg,100,0.0,0.0,10,10,30000231,False,0.5909999999999999,0.5909999999999999,0.37138000000000004,0.278,0.07796,0.899,0.008,0.17549999999999996
gemma-26b,political,fitted,rrg,100,0.0,0.0,10,10,30000239,False,0.28500000000000003,0.28500000000000003,0.08878,0.15,0.028200000000000003,0.8550000000000001,0.013,0.3075
gemma-26b,political,fitted,rrg,100,0.0,0.0,10,10,30000247,False,0.32300000000000006,0.32300000000000006,0.11657999999999999,0.062,0.00444,0.857,0.0115,0.28099999999999997
gemma-26b,political,fitted,rrg,100,0.0,0.0,10,10,30000255,False,0.5049999999999999,0.5049999999999999,0.2611,0.23000000000000004,0.05612,0.8550000000000001,0.012,0.2225
gemma-26b,political,fitted,rrg,100,0.0,0.0,10,10,30000263,False,0.6439999999999999,0.6439999999999999,0.42279999999999995,0.33999999999999997,0.12352,0.806,0.0145,0.18350000000000002
gemma-26b,political,fitted,rrg,100,0.0,0.0,10,10,30000271,False,0.462,0.462,0.22035999999999997,0.164,0.037680000000000005,0.8779999999999999,0.01,0.2555
gemma-26b,political,fitted,rrg,100,0.0,0.0,10,10,30000279,False,0.6559999999999999,0.6559999999999999,0.43412000000000006,0.32,0.11080000000000001,0.9040000000000001,0.0095,0.16849999999999998
gemma-26b,political,fitted,rrg,100,0.25,0.0,10,10,30000000,False,0.5229999999999999,0.5229999999999999,0.27897999999999995,0.22999999999999998,0.05620000000000001,0.8550000000000001,0.013,0.3484999999999999
gemma-26b,political,fitted,rrg,100,0.25,0.0,10,10,30000008,False,0.601,0.601,0.38022000000000006,0.25799999999999995,0.08515999999999999,0.859,0.0135,0.3115
gemma-26b,political,fitted,rrg,100,0.25,0.0,10,10,30000016,False,0.647,0.647,0.45861999999999997,0.378,0.15284000000000003,0.873,0.0125,0.29900000000000004
gemma-26b,political,fitted,rrg,100,0.25,0.0,10,10,30000024,False,0.271,0.23899999999999996,0.12422,0.03,0.00108,0.897,0.0085,0.33849999999999997
gemma-26b,political,fitted,rrg,100,0.25,0.0,10,10,30000032,False,0.59,0.59,0.36844,0.4,0.1688,0.85,0.015,0.35250000000000004
gemma-26b,political,fitted,rrg,100,0.25,0.0,10,10,30000040,False,0.328,0.328,0.11148,0.044,0.00208,0.9019999999999999,0.007,0.344
gemma-26b,political,fitted,rrg,100,0.25,0.0,10,10,30000048,False,0.5720000000000001,0.5720000000000001,0.3344,0.388,0.16032000000000002,0.818,0.0165,0.362
gemma-26b,political,fitted,rrg,100,0.25,0.0,10,10,30000049,False,0.46299999999999997,0.46299999999999997,0.26789999999999997,0.26599999999999996,0.07236000000000001,0.867,0.011,0.3595
gemma-26b,political,fitted,rrg,100,0.25,0.0,10,10,30000057,False,0.35600000000000004,0.35600000000000004,0.14196,0.25999999999999995,0.06839999999999999,0.8940000000000001,0.0075,0.3499999999999999
gemma-26b,political,fitted,rrg,100,0.25,0.0,10,10,30000065,False,0.40499999999999997,0.40499999999999997,0.19098000000000004,0.25,0.06843999999999999,0.909,0.008,0.3529999999999999
gemma-26b,political,fitted,rrg,100,0.25,0.0,10,10,30000073,False,0.492,0.492,0.24676000000000003,0.42799999999999994,0.18552,0.9179999999999999,0.008,0.30050000000000004
gemma-26b,political,fitted,rrg,100,0.25,0.0,10,10,30000081,False,0.525,0.525,0.33354000000000006,0.194,0.044120000000000006,0.9030000000000001,0.0105,0.318
gemma-26b,political,fitted,rrg,100,0.25,0.0,10,10,30000089,False,0.35300000000000004,0.35300000000000004,0.12877999999999998,0.182,0.038439999999999995,0.917,0.009,0.3625
gemma-26b,political,fitted,rrg,100,0.25,0.0,10,10,30000097,False,0.26799999999999996,0.26799999999999996,0.08680000000000002,0.027999999999999997,0.0009600000000000001,0.9200000000000002,0.006,0.3975000000000001
gemma-26b,political,fitted,rrg,100,0.25,0.0,10,10,30000098,False,0.337,0.337,0.13126000000000002,0.098,0.01308,0.873,0.011,0.37749999999999995
gemma-26b,political,fitted,rrg,100,0.25,0.0,10,10,30000106,False,0.5339999999999999,0.5339999999999999,0.29003999999999996,0.4119999999999999,0.17095999999999997,0.9099999999999999,0.0075,0.311
gemma-26b,political,fitted,rrg,100,0.25,0.0,10,10,30000114,False,0.683,0.683,0.5144200000000001,0.458,0.21452000000000004,0.8969999999999999,0.0085,0.3125
gemma-26b,political,fitted,rrg,100,0.25,0.0,10,10,30000122,False,0.3490000000000001,0.3490000000000001,0.12813999999999998,0.142,0.02116,0.9109999999999999,0.0065,0.35300000000000004
gemma-26b,political,fitted,rrg,100,0.25,0.0,10,10,30000130,False,0.713,0.713,0.5477800000000002,0.558,0.3182,0.857,0.009,0.30549999999999994
gemma-26b,political,fitted,rrg,100,0.25,0.0,10,10,30000138,False,0.37700000000000006,0.37700000000000006,0.23393999999999998,0.098,0.011080000000000001,0.913,0.008,0.37899999999999995
gemma-26b,political,fitted,rrg,100,0.25,0.0,10,10,30000146,False,0.4619999999999999,0.4619999999999999,0.21492,0.15599999999999997,0.025759999999999998,0.922,0.0065,0.35649999999999993
gemma-26b,political,fitted,rrg,100,0.25,0.0,10,10,30000147,False,0.44300000000000006,0.44300000000000006,0.2021,0.21800000000000003,0.053000000000000005,0.8969999999999999,0.008,0.3705
gemma-26b,political,fitted,rrg,100,0.25,0.0,10,10,30000155,False,0.703,0.703,0.54094,0.48200000000000004,0.23908000000000001,0.875,0.0105,0.296
gemma-26b,political,fitted,rrg,100,0.25,0.0,10,10,30000163,False,0.5730000000000001,0.5730000000000001,0.36357999999999996,0.27399999999999997,0.07572000000000001,0.8969999999999999,0.0075,0.30599999999999994
gemma-26b,political,fitted,rrg,100,0.25,0.0,10,10,30000171,False,0.49700000000000005,0.49700000000000005,0.29346000000000005,0.202,0.04244,0.9229999999999998,0.008,0.33249999999999996
gemma-26b,political,fitted,rrg,100,0.25,0.0,10,10,30000179,False,0.48299999999999993,0.48299999999999993,0.23606,0.22600000000000003,0.0514,0.9550000000000001,0.004,0.394
gemma-26b,political,fitted,rrg,100,0.25,0.0,10,10,30000187,False,0.20999999999999996,0.20999999999999996,0.053680000000000005,0.15600000000000006,0.02544,0.95,0.005,0.36249999999999993
gemma-26b,political,fitted,rrg,100,0.25,0.0,10,10,30000195,False,0.663,0.663,0.44833999999999996,0.446,0.20916,0.8469999999999999,0.0145,0.30900000000000005
gemma-26b,political,fitted,rrg,100,0.25,0.0,10,10,30000196,False,0.244,0.244,0.06884,0.039999999999999994,0.0020800000000000003,0.916,0.01,0.396
gemma-26b,political,fitted,rrg,100,0.25,0.0,10,10,30000204,False,0.294,0.27599999999999997,0.16363999999999998,0.07999999999999999,0.007840000000000001,0.942,0.005,0.3625
gemma-26b,political,fitted,rrg,100,0.25,0.0,10,10,30000212,False,0.476,0.476,0.24300000000000002,0.17200000000000001,0.034800000000000005,0.804,0.015,0.29850000000000004
gemma-26b,political,fitted,rrg,100,0.25,0.0,10,10,30000220,False,0.627,0.627,0.41834,0.41,0.16916000000000003,0.845,0.012,0.30399999999999994
gemma-26b,political,fitted,rrg,100,0.25,0.0,10,10,30000228,False,0.569,0.569,0.33338,0.254,0.08308,0.8309999999999998,0.0145,0.3385
gemma-26b,political,fitted,rrg,100,0.25,0.0,10,10,30000236,False,0.537,0.537,0.33466,0.14600000000000002,0.026439999999999998,0.9029999999999999,0.0085,0.3449999999999999
gemma-26b,political,fitted,rrg,100,0.25,0.0,10,10,30000244,False,0.351,0.351,0.12789999999999999,0.22999999999999998,0.05404,0.8690000000000001,0.01,0.3575
gemma-26b,political,fitted,rrg,100,0.25,0.0,10,10,30000245,False,0.343,0.343,0.14154,0.10200000000000001,0.01076,0.9470000000000001,0.006,0.34850000000000003
gemma-26b,political,fitted,rrg,100,0.25,0.0,10,10,30000253,False,0.178,0.178,0.03864,0.16,0.025760000000000005,0.922,0.006,0.35149999999999987
gemma-26b,political,fitted,rrg,100,0.25,0.0,10,10,30000261,False,0.391,0.391,0.15542,0.038000000000000006,0.00196,0.889,0.008,0.3595
gemma-26b,political,fitted,rrg,100,0.25,0.0,10,10,30000269,False,0.4720000000000001,0.4720000000000001,0.22568000000000002,0.36,0.13144,0.8899999999999999,0.009,0.3375
gemma-26b,political,fitted,rrg,100,0.25,0.0,10,10,30000277,False,0.297,0.263,0.15298,0.15000000000000005,0.029160000000000002,0.875,0.012,0.35849999999999993
gemma-26b,political,fitted,er,100,0.0,0.0,10,10,30000005,True,0.396,0.396,0.21168000000000003,0.24,0.06000000000000001,0.908,0.008,0.23869346733668345
gemma-26b,political,fitted,er,100,0.0,0.0,10,10,30000013,True,0.4549999999999999,0.4549999999999999,0.2625,0.09,0.008600000000000002,0.9250000000000002,0.006,0.22050561797752807
gemma-26b,political,fitted,er,100,0.0,0.0,10,10,30000014,True,0.609,0.609,0.4175000000000001,0.386,0.19004000000000001,0.781,0.019,0.1509661835748792
gemma-26b,political,fitted,er,100,0.0,0.0,10,10,30000022,True,0.6580000000000001,0.6580000000000001,0.4548,0.372,0.1568,0.842,0.015,0.15885167464114835
gemma-26b,political,fitted,er,100,0.0,0.0,10,10,30000030,True,0.695,0.695,0.48914,0.47000000000000003,0.23644000000000004,0.875,0.01,0.14202898550724638
gemma-26b,political,fitted,er,100,0.0,0.0,10,10,30000038,True,0.534,0.534,0.30356000000000005,0.22800000000000004,0.08808,0.8560000000000001,0.016,0.19035087719298247
gemma-26b,political,fitted,er,100,0.0,0.0,10,10,30000046,True,0.673,0.673,0.47273999999999994,0.538,0.3094,0.807,0.0155,0.14361702127659573
gemma-26b,political,fitted,er,100,0.0,0.0,10,10,30000054,True,0.567,0.567,0.33442,0.31399999999999995,0.10012000000000001,0.897,0.009,0.18605263157894736
gemma-26b,political,fitted,er,100,0.0,0.0,10,10,30000062,True,0.381,0.381,0.2729,0.13000000000000003,0.01708,0.9269999999999999,0.008,0.22272727272727275
gemma-26b,political,fitted,er,100,0.0,0.0,10,10,30000063,True,0.683,0.683,0.5177000000000002,0.47000000000000003,0.22139999999999996,0.9289999999999999,0.005,0.1193877551020408
gemma-26b,political,fitted,er,100,0.0,0.0,10,10,30000071,True,0.41600000000000004,0.41600000000000004,0.21715999999999996,0.08399999999999999,0.007360000000000001,0.908,0.0075,0.26525
gemma-26b,political,fitted,er,100,0.0,0.0,10,10,30000079,True,0.587,0.587,0.37002,0.32599999999999996,0.11172,0.905,0.009,0.17461139896373057
gemma-26b,political,fitted,er,100,0.0,0.0,10,10,30000087,True,0.126,0.126,0.024919999999999998,0.08,0.00704,0.9299999999999999,0.0065,0.3365591397849463
gemma-26b,political,fitted,er,100,0.0,0.0,10,10,30000095,True,0.253,0.253,0.07390000000000001,0.258,0.067,0.943,0.005,0.27717948717948715
gemma-26b,political,fitted,er,100,0.0,0.0,10,10,30000103,True,0.78,0.78,0.6235199999999999,0.628,0.40704,0.8400000000000001,0.013,0.12488584474885842
gemma-26b,political,fitted,er,100,0.0,0.0,10,10,30000111,True,0.12899999999999998,0.121,0.02754000000000001,0.15399999999999997,0.0246,0.8989999999999998,0.008,0.3101092896174863
gemma-26b,political,fitted,er,100,0.0,0.0,10,10,30000112,True,0.6679999999999999,0.6679999999999999,0.471,0.42400000000000004,0.18424000000000001,0.9019999999999999,0.0075,0.13469945355191257
gemma-26b,political,fitted,er,100,0.0,0.0,10,10,30000120,True,0.509,0.509,0.29754,0.33399999999999996,0.11236000000000002,0.9269999999999999,0.0065,0.17805555555555558
gemma-26b,political,fitted,er,100,0.0,0.0,10,10,30000128,True,0.36100000000000004,0.36100000000000004,0.23958000000000004,0.07399999999999998,0.006280000000000001,0.9410000000000001,0.005,0.21500000000000002
gemma-26b,political,fitted,er,100,0.0,0.0,10,10,30000136,True,0.27799999999999997,0.27799999999999997,0.08792,0.044,0.00224,0.914,0.008,0.3014044943820225
gemma-26b,political,fitted,er,100,0.0,0.0,10,10,30000144,True,0.593,0.593,0.37094000000000005,0.286,0.09836,0.767,0.018,0.1858173076923077
gemma-26b,political,fitted,er,100,0.0,0.0,10,10,30000152,True,0.185,0.16899999999999998,0.0635,0.08600000000000001,0.009000000000000001,0.953,0.004,0.3120098039215685
gemma-26b,political,fitted,er,100,0.0,0.0,10,10,30000160,True,0.36,0.36,0.14188,0.064,0.00544,0.8240000000000001,0.0145,0.2938202247191012
gemma-26b,political,fitted,er,100,0.0,0.0,10,10,30000161,True,0.642,0.642,0.41967999999999994,0.396,0.176,0.8379999999999999,0.015,0.15525
gemma-26b,political,fitted,er,100,0.0,0.0,10,10,30000169,True,0.6449999999999999,0.6449999999999999,0.41857999999999995,0.41,0.17740000000000003,0.905,0.0085,0.14901960784313725
gemma-26b,political,fitted,er,100,0.0,0.0,10,10,30000177,True,0.41800000000000004,0.41800000000000004,0.1832,0.088,0.0084,0.932,0.0055,0.2416666666666667
gemma-26b,political,fitted,er,100,0.0,0.0,10,10,30000185,True,0.388,0.23199999999999998,0.209,0.027999999999999997,0.0010400000000000001,0.876,0.011,0.23651685393258423
gemma-26b,political,fitted,er,100,0.0,0.0,10,10,30000193,True,0.916,0.916,0.8474,0.852,0.7403199999999999,0.8240000000000001,0.012,0.0443661971830986
gemma-26b,political,fitted,er,100,0.0,0.0,10,10,30000201,True,0.528,0.528,0.2904,0.304,0.10032,0.882,0.012,0.21328125
gemma-26b,political,fitted,er,100,0.0,0.0,10,10,30000209,True,0.225,0.225,0.07422000000000001,0.018,0.0006000000000000001,0.897,0.008,0.29311377245508985
gemma-26b,political,fitted,er,100,0.0,0.0,10,10,30000210,True,0.579,0.579,0.39326000000000005,0.386,0.15211999999999998,0.9110000000000001,0.008,0.19005524861878453
gemma-26b,political,fitted,er,100,0.0,0.0,10,10,30000218,True,0.394,0.394,0.1602,0.05600000000000001,0.00368,0.826,0.015,0.2551428571428571
gemma-26b,political,fitted,er,100,0.0,0.0,10,10,30000226,True,0.379,0.379,0.26930000000000004,0.05800000000000001,0.00404,0.853,0.012,0.2297752808988764
gemma-26b,political,fitted,er,100,0.0,0.0,10,10,30000234,True,0.538,0.538,0.3283999999999999,0.33999999999999997,0.11776,0.8779999999999999,0.011,0.21675531914893614
gemma-26b,political,fitted,er,100,0.0,0.0,10,10,30000242,True,0.8440000000000001,0.8440000000000001,0.7213999999999999,0.7040000000000001,0.52064,0.7859999999999999,0.017,0.08116591928251121
gemma-26b,political,fitted,er,100,0.0,0.0,10,10,30000250,True,0.538,0.538,0.2946,0.244,0.07032000000000001,0.9019999999999999,0.0095,0.22488687782805425
gemma-26b,political,fitted,er,100,0.0,0.0,10,10,30000258,True,0.65,0.65,0.4670399999999999,0.46799999999999997,0.23216,0.7399999999999999,0.019,0.14664948453608245
gemma-26b,political,fitted,er,100,0.0,0.0,10,10,30000259,True,0.229,0.229,0.07274,0.12999999999999998,0.01796,0.9490000000000001,0.0055,0.3046448087431694
gemma-26b,political,fitted,er,100,0.0,0.0,10,10,30000267,True,0.08299999999999999,-0.079,0.01158,0.20600000000000002,0.04292,0.9350000000000002,0.006,0.3480769230769231
gemma-26b,political,fitted,er,100,0.0,0.0,10,10,30000275,True,0.5450000000000002,0.5450000000000002,0.34878000000000003,0.31399999999999995,0.10076,0.865,0.012,0.19221698113207547
gemma-26b,political,fitted,er,100,0.25,0.0,10,10,30000003,True,0.6340000000000001,0.6340000000000001,0.4305200000000001,0.352,0.12528,0.866,0.01,0.3266331658291457
gemma-26b,political,fitted,er,100,0.25,0.0,10,10,30000011,True,0.595,0.595,0.37006000000000006,0.382,0.15940000000000001,0.7649999999999999,0.017,0.3085470085470085
gemma-26b,political,fitted,er,100,0.25,0.0,10,10,30000019,True,0.421,0.421,0.1999,0.15799999999999997,0.0294,0.853,0.0115,0.3799019607843137
gemma-26b,political,fitted,er,100,0.25,0.0,10,10,30000027,True,0.33199999999999996,0.33199999999999996,0.12603999999999999,0.28,0.0792,0.938,0.007,0.35721393034825877
gemma-26b,political,fitted,er,100,0.25,0.0,10,10,30000028,True,0.534,0.534,0.29228000000000004,0.31999999999999995,0.11079999999999998,0.876,0.01,0.30075
gemma-26b,political,fitted,er,100,0.25,0.0,10,10,30000036,True,0.13499999999999998,0.12699999999999997,0.0249,0.094,0.009640000000000001,0.9029999999999999,0.0085,0.4266304347826087
gemma-26b,political,fitted,er,100,0.25,0.0,10,10,30000044,True,0.328,0.328,0.12219999999999998,0.019999999999999997,0.0005600000000000001,0.932,0.0055,0.3287564766839378
gemma-26b,political,fitted,er,100,0.25,0.0,10,10,30000052,True,0.267,0.267,0.08846000000000001,0.162,0.029320000000000002,0.893,0.0085,0.38072625698324025
gemma-26b,political,fitted,er,100,0.25,0.0,10,10,30000060,True,0.6869999999999999,0.6869999999999999,0.49429999999999996,0.534,0.28676,0.893,0.0085,0.2961538461538461
gemma-26b,political,fitted,er,100,0.25,0.0,10,10,30000068,True,0.48500000000000004,0.48500000000000004,0.2383,0.242,0.059320000000000005,0.9549999999999998,0.005,0.3270618556701031
gemma-26b,political,fitted,er,100,0.25,0.0,10,10,30000076,True,0.38699999999999996,0.38699999999999996,0.15577999999999997,0.178,0.035160000000000004,0.9030000000000001,0.0085,0.3713197969543147
gemma-26b,political,fitted,er,100,0.25,0.0,10,10,30000077,True,0.34099999999999997,0.34099999999999997,0.18278,0.026000000000000002,0.001,0.9589999999999999,0.0035,0.3199481865284975
gemma-26b,political,fitted,er,100,0.25,0.0,10,10,30000085,True,0.547,0.547,0.38281999999999994,0.21800000000000003,0.050039999999999994,0.8989999999999998,0.008,0.31390374331550797
gemma-26b,political,fitted,er,100,0.25,0.0,10,10,30000093,True,0.215,0.17099999999999999,0.07698,0.10600000000000001,0.01252,0.9490000000000002,0.0055,0.39113300492610836
gemma-26b,political,fitted,er,100,0.25,0.0,10,10,30000101,True,0.694,0.694,0.48995999999999995,0.48,0.24424,0.812,0.0155,0.3043589743589743
gemma-26b,political,fitted,er,100,0.25,0.0,10,10,30000109,True,0.262,0.262,0.07352,0.1,0.010880000000000003,0.8780000000000001,0.0095,0.42318435754189937
gemma-26b,political,fitted,er,100,0.25,0.0,10,10,30000117,True,0.517,0.517,0.26826,0.22199999999999998,0.0498,0.931,0.0055,0.29543378995433783
gemma-26b,political,fitted,er,100,0.25,0.0,10,10,30000125,True,0.33599999999999997,0.33599999999999997,0.12372000000000001,0.12,0.015840000000000003,0.924,0.0065,0.3556650246305419
gemma-26b,political,fitted,er,100,0.25,0.0,10,10,30000126,True,0.576,0.576,0.39568,0.236,0.06048,0.914,0.008,0.2910994764397906
gemma-26b,political,fitted,er,100,0.25,0.0,10,10,30000134,True,0.141,0.141,0.02086,0.098,0.01004,0.907,0.006,0.35099502487562184
gemma-26b,political,fitted,er,100,0.25,0.0,10,10,30000142,True,0.663,0.663,0.45682,0.4780000000000001,0.2354,0.8469999999999999,0.0125,0.26693989071038254
gemma-26b,political,fitted,er,100,0.25,0.0,10,10,30000150,True,0.229,0.091,0.06226,0.16199999999999998,0.026360000000000005,0.9349999999999999,0.0065,0.35424242424242425
gemma-26b,political,fitted,er,100,0.25,0.0,10,10,30000158,True,0.36300000000000004,0.36300000000000004,0.20249999999999999,0.026000000000000002,0.0008399999999999999,0.917,0.0075,0.33162162162162157
gemma-26b,political,fitted,er,100,0.25,0.0,10,10,30000166,True,0.512,0.512,0.31412000000000007,0.188,0.036320000000000005,0.892,0.0075,0.28910614525139666
gemma-26b,political,fitted,er,100,0.25,0.0,10,10,30000174,True,0.673,0.673,0.46986,0.53,0.28964,0.867,0.0125,0.30931372549019603
gemma-26b,political,fitted,er,100,0.25,0.0,10,10,30000175,True,0.465,0.465,0.22042,0.294,0.09028,0.915,0.008,0.3551546391752578
gemma-26b,political,fitted,er,100,0.25,0.0,10,10,30000183,True,0.533,0.533,0.29518,0.25,0.07484,0.907,0.01,0.3614634146341463
gemma-26b,political,fitted,er,100,0.25,0.0,10,10,30000191,True,0.583,0.583,0.34801999999999994,0.358,0.14156,0.867,0.013,0.3098039215686274
gemma-26b,political,fitted,er,100,0.25,0.0,10,10,30000199,True,0.472,0.472,0.26344,0.21200000000000002,0.05704,0.808,0.0175,0.37825
gemma-26b,political,fitted,er,100,0.25,0.0,10,10,30000207,True,0.511,0.511,0.26534,0.32199999999999995,0.10436000000000001,0.909,0.0085,0.33737113402061863
gemma-26b,political,fitted,er,100,0.25,0.0,10,10,30000215,True,0.38000000000000006,0.38000000000000006,0.15368,0.144,0.02776,0.8799999999999999,0.011,0.31843575418994413
gemma-26b,political,fitted,er,100,0.25,0.0,10,10,30000223,True,0.6399999999999999,0.6399999999999999,0.42824,0.44000000000000006,0.19792,0.95,0.0045,0.32434554973821983
gemma-26b,political,fitted,er,100,0.25,0.0,10,10,30000224,True,0.525,0.525,0.28969999999999996,0.26199999999999996,0.08268,0.805,0.016,0.3823788546255507
gemma-26b,political,fitted,er,100,0.25,0.0,10,10,30000232,True,0.40099999999999997,0.40099999999999997,0.21246,0.098,0.01284,0.857,0.0125,0.3570351758793969
gemma-26b,political,fitted,er,100,0.25,0.0,10,10,30000240,True,0.5599999999999999,0.5599999999999999,0.3527600000000001,0.23200000000000004,0.058800000000000005,0.89,0.0095,0.2668316831683169
gemma-26b,political,fitted,er,100,0.25,0.0,10,10,30000248,True,0.489,0.489,0.25214,0.31799999999999995,0.1082,0.8610000000000001,0.011,0.35184331797235024
gemma-26b,political,fitted,er,100,0.25,0.0,10,10,30000256,True,0.30100000000000005,0.30100000000000005,0.09198,0.10600000000000001,0.01148,0.9169999999999998,0.0065,0.3819512195121951
gemma-26b,political,fitted,er,100,0.25,0.0,10,10,30000264,True,0.47400000000000003,0.47400000000000003,0.286,0.184,0.037040000000000003,0.8759999999999998,0.0105,0.3215846994535519
gemma-26b,political,fitted,er,100,0.25,0.0,10,10,30000272,True,0.32700000000000007,0.32700000000000007,0.16426000000000002,0.05,0.004440000000000001,0.933,0.0075,0.29269662921348316
gemma-26b,political,fitted,er,100,0.25,0.0,10,10,30000273,True,0.322,0.322,0.11103999999999999,0.07599999999999998,0.006559999999999999,0.86,0.013,0.35406698564593303
gemma-26b,political,fitted,rrg,100,0.0,0.0,10,10,30000001,True,0.528,0.528,0.28464,0.3,0.09408000000000001,0.8420000000000002,0.012,0.2165
gemma-26b,political,fitted,rrg,100,0.0,0.0,10,10,30000009,True,0.286,0.286,0.099,0.15999999999999998,0.027280000000000006,0.8819999999999999,0.009,0.27349999999999997
gemma-26b,political,fitted,rrg,100,0.0,0.0,10,10,30000017,True,0.619,0.619,0.40626000000000007,0.394,0.17236,0.8510000000000002,0.0155,0.18450000000000003
gemma-26b,political,fitted,rrg,100,0.0,0.0,10,10,30000025,True,0.043000000000000003,0.029000000000000005,0.00286,0.202,0.04236,0.9289999999999999,0.007,0.29450000000000004
gemma-26b,political,fitted,rrg,100,0.0,0.0,10,10,30000033,True,0.21200000000000002,0.128,0.06376,0.13200000000000003,0.01752,0.916,0.0075,0.29500000000000004
gemma-26b,political,fitted,rrg,100,0.0,0.0,10,10,30000041,True,0.736,0.736,0.55228,0.5,0.26776,0.8640000000000001,0.0125,0.139
gemma-26b,political,fitted,rrg,100,0.0,0.0,10,10,30000042,True,0.563,0.563,0.33869999999999995,0.298,0.11476,0.837,0.016,0.21150000000000002
gemma-26b,political,fitted,rrg,100,0.0,0.0,10,10,30000050,True,0.349,0.349,0.14406,0.11399999999999999,0.01356,0.9110000000000001,0.007,0.2745
gemma-26b,political,fitted,rrg,100,0.0,0.0,10,10,30000058,True,0.364,0.364,0.16292,0.08,0.007840000000000001,0.89,0.0095,0.266
gemma-26b,political,fitted,rrg,100,0.0,0.0,10,10,30000066,True,0.3330000000000001,0.3330000000000001,0.11634000000000003,0.19,0.037160000000000006,0.907,0.0075,0.29250000000000004
gemma-26b,political,fitted,rrg,100,0.0,0.0,10,10,30000074,True,0.561,0.561,0.32726,0.166,0.04092,0.909,0.0095,0.195
gemma-26b,political,fitted,rrg,100,0.0,0.0,10,10,30000082,True,0.38,0.38,0.15288,0.18,0.034,0.8700000000000001,0.012,0.2505
gemma-26b,political,fitted,rrg,100,0.0,0.0,10,10,30000090,True,0.44699999999999995,0.44699999999999995,0.22102,0.194,0.04035999999999999,0.9029999999999999,0.008,0.24099999999999996
gemma-26b,political,fitted,rrg,100,0.0,0.0,10,10,30000091,True,0.34500000000000003,0.34500000000000003,0.12869999999999998,0.16599999999999998,0.03252,0.8830000000000002,0.01,0.288
gemma-26b,political,fitted,rrg,100,0.0,0.0,10,10,30000099,True,0.8139999999999998,0.8139999999999998,0.68608,0.644,0.42728,0.8959999999999999,0.011,0.10149999999999999
gemma-26b,political,fitted,rrg,100,0.0,0.0,10,10,30000107,True,0.6839999999999999,0.6839999999999999,0.49104000000000003,0.368,0.14664,0.876,0.0095,0.1645
gemma-26b,political,fitted,rrg,100,0.0,0.0,10,10,30000115,True,0.5599999999999999,0.5599999999999999,0.35392000000000007,0.156,0.030400000000000003,0.89,0.01,0.207
gemma-26b,political,fitted,rrg,100,0.0,0.0,10,10,30000123,True,0.514,0.514,0.28036000000000005,0.25599999999999995,0.06688000000000001,0.906,0.008,0.2165
gemma-26b,political,fitted,rrg,100,0.0,0.0,10,10,30000131,True,0.657,0.657,0.48457999999999996,0.326,0.11420000000000001,0.873,0.0105,0.16550000000000004
gemma-26b,political,fitted,rrg,100,0.0,0.0,10,10,30000139,True,0.289,0.289,0.09645999999999999,0.05,0.0034800000000000005,0.893,0.0105,0.3035
gemma-26b,political,fitted,rrg,100,0.0,0.0,10,10,30000140,True,0.403,0.403,0.19906000000000001,0.046000000000000006,0.0030800000000000003,0.897,0.0085,0.27599999999999997
gemma-26b,political,fitted,rrg,100,0.0,0.0,10,10,30000148,True,0.666,0.666,0.46647999999999995,0.364,0.14456,0.834,0.012,0.164
gemma-26b,political,fitted,rrg,100,0.0,0.0,10,10,30000156,True,0.659,0.659,0.44886,0.462,0.22236000000000003,0.8709999999999999,0.013,0.173
gemma-26b,political,fitted,rrg,100,0.0,0.0,10,10,30000164,True,0.496,0.496,0.26372000000000007,0.192,0.045360000000000004,0.8140000000000001,0.0155,0.25350000000000006
gemma-26b,political,fitted,rrg,100,0.0,0.0,10,10,30000172,True,0.751,0.751,0.5753,0.5700000000000001,0.33228,0.859,0.011,0.13250000000000003
gemma-26b,political,fitted,rrg,100,0.0,0.0,10,10,30000180,True,0.42200000000000004,0.42200000000000004,0.1844,0.048,0.0030399999999999997,0.9480000000000001,0.005,0.24300000000000002
gemma-26b,political,fitted,rrg,100,0.0,0.0,10,10,30000188,True,0.8789999999999999,0.8789999999999999,0.7779,0.7699999999999999,0.60572,0.8710000000000001,0.0115,0.08149999999999999
gemma-26b,political,fitted,rrg,100,0.0,0.0,10,10,30000189,True,0.602,0.602,0.37035999999999997,0.40800000000000003,0.17087999999999998,0.8300000000000001,0.014,0.19999999999999998
gemma-26b,political,fitted,rrg,100,0.0,0.0,10,10,30000197,True,0.40499999999999997,0.40499999999999997,0.26389999999999997,0.030000000000000006,0.00172,0.9549999999999998,0.0045,0.2365
gemma-26b,political,fitted,rrg,100,0.0,0.0,10,10,30000205,True,0.6119999999999999,0.6119999999999999,0.42287999999999987,0.22400000000000003,0.052480000000000006,0.958,0.0035,0.15550000000000003
gemma-26b,political,fitted,rrg,100,0.0,0.0,10,10,30000213,True,0.399,0.399,0.16326000000000002,0.29,0.08524000000000001,0.8870000000000001,0.0095,0.26450000000000007
gemma-26b,political,fitted,rrg,100,0.0,0.0,10,10,30000221,True,0.537,0.537,0.2929,0.286,0.08732000000000001,0.851,0.0115,0.22149999999999997
gemma-26b,political,fitted,rrg,100,0.0,0.0,10,10,30000229,True,0.43099999999999994,0.43099999999999994,0.21181999999999998,0.378,0.1522,0.8710000000000001,0.0145,0.25799999999999995
gemma-26b,political,fitted,rrg,100,0.0,0.0,10,10,30000237,True,0.41400000000000003,0.41400000000000003,0.18280000000000002,0.168,0.03064,0.9259999999999999,0.008,0.253
gemma-26b,political,fitted,rrg,100,0.0,0.0,10,10,30000238,True,0.43599999999999994,0.43599999999999994,0.19319999999999998,0.24,0.05968,0.874,0.01,0.22549999999999998
gemma-26b,political,fitted,rrg,100,0.0,0.0,10,10,30000246,True,0.6950000000000001,0.6950000000000001,0.50794,0.454,0.217,0.8350000000000002,0.0145,0.15200000000000002
gemma-26b,political,fitted,rrg,100,0.0,0.0,10,10,30000254,True,0.64,0.64,0.4678000000000001,0.372,0.16040000000000001,0.78,0.0175,0.19799999999999998
gemma-26b,political,fitted,rrg,100,0.0,0.0,10,10,30000262,True,0.691,0.691,0.48606,0.402,0.17612,0.869,0.012,0.17099999999999999
gemma-26b,political,fitted,rrg,100,0.0,0.0,10,10,30000270,True,0.7939999999999999,0.7939999999999999,0.6386000000000001,0.588,0.36079999999999995,0.8760000000000001,0.0095,0.1105
gemma-26b,political,fitted,rrg,100,0.0,0.0,10,10,30000278,True,0.251,0.19699999999999998,0.10258,0.12200000000000003,0.015160000000000003,0.9629999999999999,0.0035,0.26400000000000007
gemma-26b,political,fitted,rrg,100,0.25,0.0,10,10,30000006,True,0.324,0.324,0.10716,0.076,0.008480000000000001,0.9359999999999999,0.0055,0.37550000000000006
gemma-26b,political,fitted,rrg,100,0.25,0.0,10,10,30000007,True,0.57,0.57,0.34164,0.4,0.16824,0.86,0.013,0.292
gemma-26b,political,fitted,rrg,100,0.25,0.0,10,10,30000015,True,0.6599999999999999,0.6599999999999999,0.44420000000000004,0.484,0.23671999999999999,0.9400000000000001,0.0055,0.28200000000000003
gemma-26b,political,fitted,rrg,100,0.25,0.0,10,10,30000023,True,0.22000000000000003,0.22000000000000003,0.07184000000000001,0.144,0.02128,0.9280000000000002,0.006,0.35749999999999993
gemma-26b,political,fitted,rrg,100,0.25,0.0,10,10,30000031,True,0.30500000000000005,0.30500000000000005,0.09469999999999999,0.122,0.01724,0.9270000000000002,0.006,0.3494999999999999
gemma-26b,political,fitted,rrg,100,0.25,0.0,10,10,30000039,True,0.37200000000000005,0.37200000000000005,0.15024,0.12,0.01608,0.8879999999999999,0.0105,0.3475
gemma-26b,political,fitted,rrg,100,0.25,0.0,10,10,30000047,True,0.375,0.375,0.15026,0.10200000000000001,0.013240000000000002,0.8850000000000001,0.01,0.3635
gemma-26b,political,fitted,rrg,100,0.25,0.0,10,10,30000055,True,0.5269999999999999,0.5269999999999999,0.3091,0.31399999999999995,0.10028000000000001,0.893,0.009,0.31900000000000006
gemma-26b,political,fitted,rrg,100,0.25,0.0,10,10,30000056,True,0.364,0.364,0.1506,0.15599999999999997,0.030000000000000006,0.7859999999999999,0.016,0.3395
gemma-26b,political,fitted,rrg,100,0.25,0.0,10,10,30000064,True,0.604,0.604,0.37348,0.33999999999999997,0.1196,0.836,0.013,0.3475
gemma-26b,political,fitted,rrg,100,0.25,0.0,10,10,30000072,True,0.6930000000000001,0.6930000000000001,0.4888199999999999,0.48999999999999994,0.24516,0.8550000000000001,0.0125,0.358
gemma-26b,political,fitted,rrg,100,0.25,0.0,10,10,30000080,True,0.5700000000000001,0.5700000000000001,0.33092,0.41600000000000004,0.17536,0.826,0.0135,0.3185
gemma-26b,political,fitted,rrg,100,0.25,0.0,10,10,30000088,True,0.614,0.614,0.38351999999999997,0.44000000000000006,0.19935999999999998,0.8160000000000001,0.0125,0.281
gemma-26b,political,fitted,rrg,100,0.25,0.0,10,10,30000096,True,0.5469999999999999,0.5469999999999999,0.33974000000000004,0.274,0.07636000000000001,0.9209999999999999,0.007,0.3815
gemma-26b,political,fitted,rrg,100,0.25,0.0,10,10,30000104,True,0.42400000000000004,0.42400000000000004,0.21147999999999997,0.22000000000000003,0.04888,0.906,0.0095,0.364
gemma-26b,political,fitted,rrg,100,0.25,0.0,10,10,30000105,True,0.119,0.119,0.027979999999999998,0.20199999999999996,0.04139999999999999,0.923,0.0055,0.39049999999999996
gemma-26b,political,fitted,rrg,100,0.25,0.0,10,10,30000113,True,0.4640000000000001,0.4640000000000001,0.22472000000000003,0.22800000000000004,0.05824,0.836,0.014,0.352
gemma-26b,political,fitted,rrg,100,0.25,0.0,10,10,30000121,True,0.46299999999999997,0.46299999999999997,0.31614,0.098,0.01012,0.9270000000000002,0.006,0.3370000000000001
gemma-26b,political,fitted,rrg,100,0.25,0.0,10,10,30000129,True,0.395,0.395,0.21150000000000002,0.10600000000000001,0.011960000000000002,0.9029999999999999,0.008,0.3625
gemma-26b,political,fitted,rrg,100,0.25,0.0,10,10,30000137,True,0.4700000000000001,0.4700000000000001,0.24800000000000005,0.128,0.01976,0.916,0.0085,0.346
gemma-26b,political,fitted,rrg,100,0.25,0.0,10,10,30000145,True,0.35000000000000003,0.35000000000000003,0.14232,0.22000000000000003,0.05032,0.93,0.0055,0.3385
gemma-26b,political,fitted,rrg,100,0.25,0.0,10,10,30000153,True,0.645,0.645,0.43226000000000003,0.35,0.12684,0.8390000000000001,0.013,0.318
gemma-26b,political,fitted,rrg,100,0.25,0.0,10,10,30000154,True,0.5879999999999999,0.5879999999999999,0.37971999999999995,0.476,0.22880000000000003,0.892,0.008,0.3365000000000001
gemma-26b,political,fitted,rrg,100,0.25,0.0,10,10,30000162,True,0.48200000000000004,0.48200000000000004,0.24184,0.3,0.0932,0.8880000000000001,0.01,0.34299999999999997
gemma-26b,political,fitted,rrg,100,0.25,0.0,10,10,30000170,True,0.526,0.526,0.29092,0.32,0.10872,0.884,0.0105,0.34
gemma-26b,political,fitted,rrg,100,0.25,0.0,10,10,30000178,True,0.5109999999999999,0.5109999999999999,0.26366000000000006,0.286,0.08764000000000001,0.899,0.009,0.3645
gemma-26b,political,fitted,rrg,100,0.25,0.0,10,10,30000186,True,0.865,0.865,0.7582199999999999,0.7380000000000001,0.55148,0.8450000000000001,0.01,0.316
gemma-26b,political,fitted,rrg,100,0.25,0.0,10,10,30000194,True,0.748,0.748,0.567,0.568,0.33672,0.7719999999999999,0.017,0.2700000000000001
gemma-26b,political,fitted,rrg,100,0.25,0.0,10,10,30000202,True,0.36800000000000005,0.36800000000000005,0.1754,0.09200000000000001,0.011760000000000001,0.8720000000000001,0.0105,0.34400000000000003
gemma-26b,political,fitted,rrg,100,0.25,0.0,10,10,30000203,True,0.453,0.453,0.21234000000000003,0.06999999999999999,0.00636,0.8869999999999999,0.011,0.36149999999999993
gemma-26b,political,fitted,rrg,100,0.25,0.0,10,10,30000211,True,0.385,0.385,0.16258000000000003,0.21399999999999997,0.046919999999999996,0.9549999999999998,0.0035,0.35350000000000004
gemma-26b,political,fitted,rrg,100,0.25,0.0,10,10,30000219,True,0.37300000000000005,0.37300000000000005,0.14878000000000002,0.014000000000000002,0.0003600000000000001,0.917,0.007,0.31450000000000006
gemma-26b,political,fitted,rrg,100,0.25,0.0,10,10,30000227,True,0.4920000000000001,0.4920000000000001,0.24984,0.20400000000000001,0.04264,0.908,0.007,0.32300000000000006
gemma-26b,political,fitted,rrg,100,0.25,0.0,10,10,30000235,True,0.438,0.438,0.23935999999999996,0.10799999999999998,0.016080000000000004,0.868,0.013,0.344
gemma-26b,political,fitted,rrg,100,0.25,0.0,10,10,30000243,True,0.4780000000000001,0.4780000000000001,0.24052000000000007,0.2,0.047760000000000004,0.8620000000000001,0.0115,0.3385
gemma-26b,political,fitted,rrg,100,0.25,0.0,10,10,30000251,True,0.516,0.516,0.29384,0.31999999999999995,0.10632000000000001,0.844,0.015,0.35450000000000004
gemma-26b,political,fitted,rrg,100,0.25,0.0,10,10,30000252,True,0.42800000000000005,0.42800000000000005,0.18564000000000003,0.13599999999999998,0.024,0.9019999999999999,0.008,0.34900000000000003
gemma-26b,political,fitted,rrg,100,0.25,0.0,10,10,30000260,True,0.528,0.528,0.28092,0.30399999999999994,0.09552,0.9139999999999999,0.0075,0.294
gemma-26b,political,fitted,rrg,100,0.25,0.0,10,10,30000268,True,0.27799999999999997,0.27799999999999997,0.08515999999999999,0.15999999999999998,0.026320000000000003,0.942,0.006,0.35699999999999993
gemma-26b,political,fitted,rrg,100,0.25,0.0,10,10,30000276,True,0.493,0.493,0.32154000000000005,0.362,0.13244,0.869,0.013,0.341
gemma-31b,neutral,fitted,er,100,0.0,0.0,10,10,30000004,False,0.982,-0.0020000000000000018,0.9645599999999999,0.9800000000000001,0.9605599999999999,0.9479999999999998,0.015,0.0
gemma-31b,neutral,fitted,er,100,0.0,0.0,10,10,30000012,False,0.9549999999999998,0.0009999999999999898,0.9122999999999998,0.954,0.9113199999999997,0.8450000000000001,0.026,0.0023809523809523807
gemma-31b,neutral,fitted,er,100,0.0,0.0,10,10,30000020,False,0.78,0.78,0.67204,0.5680000000000001,0.35447999999999996,0.688,0.0725,0.0856060606060606
gemma-31b,neutral,fitted,er,100,0.0,0.0,10,10,30000021,False,0.503,-0.41500000000000004,0.42417999999999995,0.10600000000000001,0.0134,0.551,0.0925,0.13046875
gemma-31b,neutral,fitted,er,100,0.0,0.0,10,10,30000029,False,0.796,-0.146,0.6851999999999999,0.632,0.45808,0.6740000000000002,0.0715,0.06196172248803829
gemma-31b,neutral,fitted,er,100,0.0,0.0,10,10,30000037,False,0.7659999999999999,0.22799999999999998,0.6580800000000001,0.5400000000000001,0.33303999999999995,0.72,0.088,0.10205479452054793
gemma-31b,neutral,fitted,er,100,0.0,0.0,10,10,30000045,False,0.967,-0.019000000000000006,0.93962,0.9380000000000001,0.8914,0.6849999999999999,0.0245,0.017091836734693878
gemma-31b,neutral,fitted,er,100,0.0,0.0,10,10,30000053,False,0.785,0.785,0.6557799999999999,0.6380000000000001,0.43084000000000006,0.755,0.082,0.0696319018404908
gemma-31b,neutral,fitted,er,100,0.0,0.0,10,10,30000061,False,0.5370000000000001,-0.30100000000000005,0.40962,0.27,0.091,0.5090000000000001,0.132,0.14775
gemma-31b,neutral,fitted,er,100,0.0,0.0,10,10,30000069,False,0.937,-0.06300000000000001,0.8978999999999999,0.874,0.7958000000000001,0.7589999999999999,0.032,0.03402777777777778
gemma-31b,neutral,fitted,er,100,0.0,0.0,10,10,30000070,False,0.733,-0.733,0.5831,0.522,0.29892,0.6990000000000001,0.074,0.07962962962962962
gemma-31b,neutral,fitted,er,100,0.0,0.0,10,10,30000078,False,0.844,0.13199999999999998,0.73488,0.704,0.50512,0.682,0.038,0.038483146067415736
gemma-31b,neutral,fitted,er,100,0.0,0.0,10,10,30000086,False,0.8769999999999998,0.8769999999999998,0.7882999999999998,0.8100000000000002,0.6818,0.759,0.0485,0.04293478260869565
gemma-31b,neutral,fitted,er,100,0.0,0.0,10,10,30000094,False,0.8969999999999999,0.8969999999999999,0.81422,0.858,0.74796,0.7269999999999999,0.0665,0.025265957446808505
gemma-31b,neutral,fitted,er,100,0.0,0.0,10,10,30000102,False,0.9510000000000002,-0.025,0.90546,0.9019999999999999,0.8146000000000001,0.867,0.0175,0.01099476439790576
gemma-31b,neutral,fitted,er,100,0.0,0.0,10,10,30000110,False,0.892,-0.10799999999999998,0.8260399999999999,0.784,0.65208,0.7,0.05,0.0478494623655914
gemma-31b,neutral,fitted,er,100,0.0,0.0,10,10,30000118,False,0.696,0.20999999999999996,0.5655600000000001,0.4760000000000001,0.28472000000000003,0.476,0.1035,0.120873786407767
gemma-31b,neutral,fitted,er,100,0.0,0.0,10,10,30000119,False,0.943,0.0009999999999999788,0.8900600000000001,0.9459999999999997,0.8949999999999998,0.9349999999999999,0.0265,0.0
gemma-31b,neutral,fitted,er,100,0.0,0.0,10,10,30000127,False,0.611,-0.611,0.39238,0.334,0.14644000000000001,0.523,0.109,0.1408602150537634
gemma-31b,neutral,fitted,er,100,0.0,0.0,10,10,30000135,False,0.798,0.798,0.67972,0.612,0.39080000000000004,0.768,0.068,0.07423469387755101
gemma-31b,neutral,fitted,er,100,0.0,0.0,10,10,30000143,False,0.849,-0.10099999999999998,0.75126,0.782,0.65284,0.7550000000000001,0.0415,0.040691489361702124
gemma-31b,neutral,fitted,er,100,0.0,0.0,10,10,30000151,False,0.9680000000000002,0.003999999999999998,0.9382400000000001,0.9440000000000002,0.89408,0.844,0.023,0.013636363636363636
gemma-31b,neutral,fitted,er,100,0.0,0.0,10,10,30000159,False,0.5509999999999999,-0.29500000000000004,0.40662000000000004,0.198,0.0478,0.6609999999999999,0.096,0.1416666666666667
gemma-31b,neutral,fitted,er,100,0.0,0.0,10,10,30000167,False,0.909,-0.06500000000000002,0.83442,0.85,0.7306,0.8510000000000002,0.0405,0.024175824175824173
gemma-31b,neutral,fitted,er,100,0.0,0.0,10,10,30000168,False,0.663,-0.663,0.5589000000000001,0.35,0.1698,0.707,0.0915,0.10489130434782609
gemma-31b,neutral,fitted,er,100,0.0,0.0,10,10,30000176,False,0.9880000000000001,-0.9880000000000001,0.97624,0.9920000000000002,0.9841599999999999,0.992,0.0075,0.0
gemma-31b,neutral,fitted,er,100,0.0,0.0,10,10,30000184,False,0.28200000000000003,-0.21000000000000002,0.13,0.13999999999999999,0.02544,0.48600000000000004,0.1565,0.2231707317073171
gemma-31b,neutral,fitted,er,100,0.0,0.0,10,10,30000192,False,0.7070000000000001,0.221,0.5661799999999999,0.51,0.27644,0.589,0.076,0.09358288770053476
gemma-31b,neutral,fitted,er,100,0.0,0.0,10,10,30000200,False,0.9560000000000001,0.9560000000000001,0.91472,0.952,0.9078399999999999,0.9000000000000001,0.0195,0.004450261780104713
gemma-31b,neutral,fitted,er,100,0.0,0.0,10,10,30000208,False,0.929,-0.929,0.8694599999999999,0.8939999999999999,0.80772,0.7909999999999999,0.049,0.02311557788944724
gemma-31b,neutral,fitted,er,100,0.0,0.0,10,10,30000216,False,0.516,-0.512,0.49368,0.036000000000000004,0.0023200000000000004,0.704,0.0815,0.11111111111111109
gemma-31b,neutral,fitted,er,100,0.0,0.0,10,10,30000217,False,0.731,0.11100000000000002,0.5730999999999999,0.55,0.3462,0.5409999999999999,0.0895,0.09157894736842105
gemma-31b,neutral,fitted,er,100,0.0,0.0,10,10,30000225,False,0.765,0.765,0.6081399999999999,0.7100000000000001,0.5361199999999999,0.641,0.069,0.06220238095238097
gemma-31b,neutral,fitted,er,100,0.0,0.0,10,10,30000233,False,0.688,0.254,0.5700000000000001,0.39199999999999996,0.23376000000000002,0.692,0.09,0.10500000000000001
gemma-31b,neutral,fitted,er,100,0.0,0.0,10,10,30000241,False,0.933,0.933,0.8764600000000001,0.882,0.7934,0.7430000000000001,0.027,0.03333333333333333
gemma-31b,neutral,fitted,er,100,0.0,0.0,10,10,30000249,False,0.8160000000000001,-0.8160000000000001,0.69824,0.6759999999999999,0.5101600000000001,0.594,0.071,0.06443850267379679
gemma-31b,neutral,fitted,er,100,0.0,0.0,10,10,30000257,False,1.0,0.0,1.0,1.0,1.0,0.99,0.0005,0.0
gemma-31b,neutral,fitted,er,100,0.0,0.0,10,10,30000265,False,0.8949999999999999,0.8949999999999999,0.81966,0.8020000000000002,0.6661199999999999,0.8130000000000001,0.047,0.04504950495049505
gemma-31b,neutral,fitted,er,100,0.0,0.0,10,10,30000266,False,0.826,-0.826,0.69844,0.688,0.48575999999999997,0.716,0.052,0.057499999999999996
gemma-31b,neutral,fitted,er,100,0.0,0.0,10,10,30000274,False,0.6319999999999999,-0.6319999999999999,0.46055999999999997,0.43600000000000005,0.25152,0.44800000000000006,0.1405,0.12853403141361258
gemma-31b,neutral,fitted,er,100,0.25,0.0,10,10,30000002,False,0.11699999999999999,-0.049,0.0233,0.12600000000000003,0.021319999999999995,0.46900000000000003,0.205,0.27101449275362316
gemma-31b,neutral,fitted,er,100,0.25,0.0,10,10,30000010,False,0.263,0.034999999999999996,0.08586,0.21800000000000003,0.055880000000000006,0.5069999999999999,0.1815,0.2316326530612245
gemma-31b,neutral,fitted,er,100,0.25,0.0,10,10,30000018,False,0.5269999999999999,-0.5269999999999999,0.29262,0.29,0.09076000000000001,0.41500000000000004,0.1665,0.2238461538461539
gemma-31b,neutral,fitted,er,100,0.25,0.0,10,10,30000026,False,0.178,0.10199999999999998,0.04511999999999999,0.08800000000000001,0.0116,0.552,0.1395,0.21037735849056602
gemma-31b,neutral,fitted,er,100,0.25,0.0,10,10,30000034,False,0.398,-0.04,0.1686,0.356,0.15472000000000002,0.526,0.1525,0.21385542168674698
gemma-31b,neutral,fitted,er,100,0.25,0.0,10,10,30000035,False,0.30000000000000004,-0.168,0.1346,0.244,0.06568000000000002,0.43400000000000005,0.224,0.2873271889400922
gemma-31b,neutral,fitted,er,100,0.25,0.0,10,10,30000043,False,0.08000000000000002,0.064,0.01128,0.136,0.026960000000000005,0.4,0.189,0.24869791666666669
gemma-31b,neutral,fitted,er,100,0.25,0.0,10,10,30000051,False,0.07400000000000001,-0.007999999999999998,0.008,0.156,0.03448,0.40800000000000003,0.193,0.2518324607329843
gemma-31b,neutral,fitted,er,100,0.25,0.0,10,10,30000059,False,0.5149999999999999,-0.091,0.27598000000000006,0.394,0.16428,0.6730000000000002,0.141,0.21622340425531913
gemma-31b,neutral,fitted,er,100,0.25,0.0,10,10,30000067,False,0.2899999999999999,0.2899999999999999,0.09332000000000001,0.12000000000000002,0.016560000000000002,0.39999999999999997,0.1735,0.24545454545454543
gemma-31b,neutral,fitted,er,100,0.25,0.0,10,10,30000075,False,0.5,0.11600000000000002,0.26772,0.21600000000000003,0.05472000000000001,0.5760000000000001,0.1715,0.23881578947368415
gemma-31b,neutral,fitted,er,100,0.25,0.0,10,10,30000083,False,0.12000000000000002,-0.11000000000000001,0.021920000000000002,0.2,0.056799999999999996,0.392,0.18,0.2532608695652174
gemma-31b,neutral,fitted,er,100,0.25,0.0,10,10,30000084,False,0.29300000000000004,-0.04699999999999999,0.09462,0.47800000000000004,0.23372,0.5849999999999999,0.1325,0.22685185185185186
gemma-31b,neutral,fitted,er,100,0.25,0.0,10,10,30000092,False,0.29900000000000004,0.011000000000000001,0.09334,0.134,0.025240000000000002,0.387,0.2125,0.25507614213197966
gemma-31b,neutral,fitted,er,100,0.25,0.0,10,10,30000100,False,0.182,-0.176,0.0504,0.044,0.00272,0.35800000000000004,0.21,0.2780193236714975
gemma-31b,neutral,fitted,er,100,0.25,0.0,10,10,30000108,False,0.14500000000000002,-0.005,0.027340000000000003,0.16599999999999998,0.03428,0.399,0.188,0.26596858638743454
gemma-31b,neutral,fitted,er,100,0.25,0.0,10,10,30000116,False,0.15899999999999997,0.15699999999999997,0.031259999999999996,0.25,0.07004000000000002,0.5549999999999999,0.15,0.22577319587628866
gemma-31b,neutral,fitted,er,100,0.25,0.0,10,10,30000124,False,0.332,0.038,0.11480000000000001,0.06000000000000001,0.00592,0.542,0.18,0.2551630434782609
gemma-31b,neutral,fitted,er,100,0.25,0.0,10,10,30000132,False,0.242,0.242,0.0702,0.25600000000000006,0.07536,0.534,0.168,0.2519417475728155
gemma-31b,neutral,fitted,er,100,0.25,0.0,10,10,30000133,False,0.261,-0.261,0.08381999999999999,0.066,0.005800000000000001,0.5530000000000002,0.1595,0.24554455445544554
gemma-31b,neutral,fitted,er,100,0.25,0.0,10,10,30000141,False,0.165,0.14700000000000002,0.038700000000000005,0.43,0.19124000000000002,0.503,0.173,0.218586387434555
gemma-31b,neutral,fitted,er,100,0.25,0.0,10,10,30000149,False,0.396,0.396,0.1686,0.172,0.03896000000000001,0.406,0.168,0.2552777777777778
gemma-31b,neutral,fitted,er,100,0.25,0.0,10,10,30000157,False,0.259,0.213,0.09594,0.11400000000000002,0.016919999999999998,0.37499999999999994,0.1995,0.2643617021276595
gemma-31b,neutral,fitted,er,100,0.25,0.0,10,10,30000165,False,0.32399999999999995,0.198,0.1476,0.16799999999999998,0.03448,0.544,0.183,0.23325123152709365
gemma-31b,neutral,fitted,er,100,0.25,0.0,10,10,30000173,False,0.094,0.08199999999999999,0.013640000000000003,0.084,0.01064,0.534,0.188,0.24765625
gemma-31b,neutral,fitted,er,100,0.25,0.0,10,10,30000181,False,0.374,-0.202,0.18592,0.168,0.03512,0.42800000000000005,0.1675,0.23788659793814432
gemma-31b,neutral,fitted,er,100,0.25,0.0,10,10,30000182,False,0.14900000000000002,-0.139,0.03034,0.35,0.125,0.5230000000000001,0.173,0.2492063492063492
gemma-31b,neutral,fitted,er,100,0.25,0.0,10,10,30000190,False,0.266,0.266,0.08220000000000002,0.10400000000000001,0.017120000000000003,0.42799999999999994,0.2165,0.26425
gemma-31b,neutral,fitted,er,100,0.25,0.0,10,10,30000198,False,0.135,0.05900000000000001,0.027340000000000003,0.158,0.029400000000000003,0.4050000000000001,0.1775,0.2446341463414634
gemma-31b,neutral,fitted,er,100,0.25,0.0,10,10,30000206,False,0.16699999999999998,-0.015000000000000003,0.030420000000000003,0.12200000000000003,0.0214,0.477,0.1795,0.25775
gemma-31b,neutral,fitted,er,100,0.25,0.0,10,10,30000214,False,0.16899999999999998,-0.167,0.04202,0.134,0.025,0.4149999999999999,0.1875,0.2482843137254902
gemma-31b,neutral,fitted,er,100,0.25,0.0,10,10,30000222,False,0.351,0.351,0.13366,0.29,0.08732000000000001,0.6669999999999999,0.1505,0.22844036697247705
gemma-31b,neutral,fitted,er,100,0.25,0.0,10,10,30000230,False,0.27899999999999997,0.13499999999999998,0.10242,0.11000000000000001,0.01764,0.4410000000000001,0.1935,0.24712041884816757
gemma-31b,neutral,fitted,er,100,0.25,0.0,10,10,30000231,False,0.30200000000000005,-0.30200000000000005,0.09616,0.132,0.033999999999999996,0.542,0.169,0.25467032967032965
gemma-31b,neutral,fitted,er,100,0.25,0.0,10,10,30000239,False,0.23000000000000004,-0.18,0.08224000000000001,0.10799999999999998,0.01752,0.6300000000000001,0.128,0.23162162162162164
gemma-31b,neutral,fitted,er,100,0.25,0.0,10,10,30000247,False,0.217,-0.21100000000000002,0.07306,0.10600000000000001,0.01692,0.525,0.1805,0.25027027027027027
gemma-31b,neutral,fitted,er,100,0.25,0.0,10,10,30000255,False,0.172,0.16599999999999998,0.048319999999999995,0.23200000000000004,0.06183999999999999,0.574,0.1545,0.2293814432989691
gemma-31b,neutral,fitted,er,100,0.25,0.0,10,10,30000263,False,0.148,-0.054000000000000006,0.031360000000000006,0.22000000000000003,0.05552,0.49800000000000005,0.185,0.2447368421052632
gemma-31b,neutral,fitted,er,100,0.25,0.0,10,10,30000271,False,0.094,0.08800000000000001,0.01336,0.08,0.009600000000000001,0.4720000000000001,0.191,0.27473118279569897
gemma-31b,neutral,fitted,er,100,0.25,0.0,10,10,30000279,False,0.101,0.07500000000000001,0.017980000000000003,0.246,0.08475999999999999,0.477,0.1815,0.24111111111111114
gemma-31b,neutral,fitted,rrg,100,0.0,0.0,10,10,30000000,False,0.787,-0.787,0.6299399999999999,0.5820000000000001,0.36323999999999995,0.619,0.0825,0.10799999999999998
gemma-31b,neutral,fitted,rrg,100,0.0,0.0,10,10,30000008,False,0.61,-0.6079999999999999,0.48352000000000006,0.336,0.15096,0.454,0.114,0.13999999999999999
gemma-31b,neutral,fitted,rrg,100,0.0,0.0,10,10,30000016,False,0.5619999999999999,0.5619999999999999,0.43572,0.20400000000000001,0.06816,0.612,0.1005,0.1375
gemma-31b,neutral,fitted,rrg,100,0.0,0.0,10,10,30000024,False,0.991,-0.991,0.98238,0.982,0.9647600000000001,0.959,0.0055,0.007999999999999998
gemma-31b,neutral,fitted,rrg,100,0.0,0.0,10,10,30000032,False,0.8150000000000001,-0.8150000000000001,0.73038,0.63,0.46075999999999995,0.729,0.056,0.065
gemma-31b,neutral,fitted,rrg,100,0.0,0.0,10,10,30000040,False,0.899,-0.028999999999999998,0.8149000000000001,0.8099999999999999,0.6738,0.7289999999999999,0.054,0.05800000000000001
gemma-31b,neutral,fitted,rrg,100,0.0,0.0,10,10,30000048,False,0.634,-0.634,0.45683999999999997,0.41200000000000003,0.24671999999999997,0.506,0.1285,0.1585
gemma-31b,neutral,fitted,rrg,100,0.0,0.0,10,10,30000049,False,0.86,-0.138,0.7825599999999999,0.72,0.5676,0.8099999999999999,0.0495,0.06100000000000001
gemma-31b,neutral,fitted,rrg,100,0.0,0.0,10,10,30000057,False,0.898,0.10000000000000002,0.8274000000000001,0.796,0.6568799999999999,0.7220000000000001,0.045,0.05850000000000001
gemma-31b,neutral,fitted,rrg,100,0.0,0.0,10,10,30000065,False,0.522,-0.476,0.48968000000000006,0.06400000000000002,0.0084,0.638,0.0835,0.1105
gemma-31b,neutral,fitted,rrg,100,0.0,0.0,10,10,30000073,False,0.3929999999999999,0.323,0.2767,0.21000000000000002,0.050440000000000006,0.549,0.122,0.16449999999999998
gemma-31b,neutral,fitted,rrg,100,0.0,0.0,10,10,30000081,False,0.7799999999999999,0.7799999999999999,0.6804399999999999,0.5960000000000001,0.44399999999999995,0.5700000000000001,0.072,0.0955
gemma-31b,neutral,fitted,rrg,100,0.0,0.0,10,10,30000089,False,0.93,0.93,0.8779600000000001,0.86,0.75744,0.8240000000000001,0.0415,0.039
gemma-31b,neutral,fitted,rrg,100,0.0,0.0,10,10,30000097,False,0.994,-0.994,0.9882799999999999,0.9879999999999999,0.9765599999999999,0.9719999999999999,0.0025,0.0045000000000000005
gemma-31b,neutral,fitted,rrg,100,0.0,0.0,10,10,30000098,False,0.35300000000000004,0.35300000000000004,0.14962,0.12200000000000003,0.020120000000000002,0.543,0.1425,0.19299999999999998
gemma-31b,neutral,fitted,rrg,100,0.0,0.0,10,10,30000106,False,0.5830000000000001,-0.421,0.51486,0.16999999999999998,0.033960000000000004,0.667,0.0965,0.12
gemma-31b,neutral,fitted,rrg,100,0.0,0.0,10,10,30000114,False,0.6799999999999999,0.6799999999999999,0.56968,0.36,0.13936,0.708,0.0815,0.1095
gemma-31b,neutral,fitted,rrg,100,0.0,0.0,10,10,30000122,False,0.917,-0.917,0.8544599999999999,0.842,0.72956,0.819,0.037,0.042
gemma-31b,neutral,fitted,rrg,100,0.0,0.0,10,10,30000130,False,0.9039999999999999,0.06200000000000001,0.83948,0.8160000000000001,0.7057599999999999,0.6839999999999999,0.047,0.051500000000000004
gemma-31b,neutral,fitted,rrg,100,0.0,0.0,10,10,30000138,False,0.8510000000000002,-0.8510000000000002,0.74926,0.7619999999999999,0.62844,0.5650000000000001,0.0715,0.0795
gemma-31b,neutral,fitted,rrg,100,0.0,0.0,10,10,30000146,False,0.5640000000000001,0.37400000000000005,0.46340000000000003,0.172,0.036800000000000006,0.6140000000000001,0.1135,0.1375
gemma-31b,neutral,fitted,rrg,100,0.0,0.0,10,10,30000147,False,0.48199999999999993,0.48199999999999993,0.24256000000000003,0.10800000000000001,0.018560000000000004,0.508,0.1385,0.1835
gemma-31b,neutral,fitted,rrg,100,0.0,0.0,10,10,30000155,False,0.876,-0.034,0.7766799999999999,0.784,0.63504,0.76,0.0435,0.06150000000000001
gemma-31b,neutral,fitted,rrg,100,0.0,0.0,10,10,30000163,False,0.8370000000000001,-0.161,0.74306,0.678,0.49140000000000006,0.7550000000000001,0.0465,0.06600000000000002
gemma-31b,neutral,fitted,rrg,100,0.0,0.0,10,10,30000171,False,0.923,-0.06699999999999999,0.86818,0.85,0.74828,0.7170000000000001,0.0395,0.0395
gemma-31b,neutral,fitted,rrg,100,0.0,0.0,10,10,30000179,False,0.985,0.985,0.9717,0.97,0.94404,0.897,0.0115,0.010499999999999999
gemma-31b,neutral,fitted,rrg,100,0.0,0.0,10,10,30000187,False,0.632,-0.182,0.4393599999999999,0.42400000000000004,0.18472,0.564,0.0995,0.1345
gemma-31b,neutral,fitted,rrg,100,0.0,0.0,10,10,30000195,False,0.998,0.0020000000000000018,0.99604,0.9960000000000001,0.99208,0.9820000000000002,0.001,0.002
gemma-31b,neutral,fitted,rrg,100,0.0,0.0,10,10,30000196,False,0.6180000000000001,-0.388,0.53496,0.24,0.07424,0.7619999999999999,0.069,0.11099999999999999
gemma-31b,neutral,fitted,rrg,100,0.0,0.0,10,10,30000204,False,0.9890000000000001,0.011,0.97882,0.978,0.9576399999999999,0.9429999999999998,0.006,0.0075000000000000015
gemma-31b,neutral,fitted,rrg,100,0.0,0.0,10,10,30000212,False,0.844,0.844,0.7264000000000002,0.7240000000000001,0.5464800000000001,0.676,0.058,0.08299999999999999
gemma-31b,neutral,fitted,rrg,100,0.0,0.0,10,10,30000220,False,0.743,0.743,0.6279800000000001,0.48599999999999993,0.25596,0.721,0.0815,0.098
gemma-31b,neutral,fitted,rrg,100,0.0,0.0,10,10,30000228,False,0.812,-0.812,0.72684,0.624,0.45367999999999997,0.6940000000000001,0.0715,0.07300000000000001
gemma-31b,neutral,fitted,rrg,100,0.0,0.0,10,10,30000236,False,0.998,0.998,0.99604,0.9960000000000001,0.99208,0.9880000000000001,0.0015,0.002
gemma-31b,neutral,fitted,rrg,100,0.0,0.0,10,10,30000244,False,1.0,-1.0,1.0,1.0,1.0,1.0,0.0,0.0
gemma-31b,neutral,fitted,rrg,100,0.0,0.0,10,10,30000245,False,0.9890000000000001,-0.011000000000000005,0.9786999999999999,0.978,0.9574,0.9070000000000003,0.009,0.006500000000000001
gemma-31b,neutral,fitted,rrg,100,0.0,0.0,10,10,30000253,False,0.659,0.659,0.46421999999999997,0.6579999999999999,0.43844000000000005,0.6010000000000001,0.0985,0.1275
gemma-31b,neutral,fitted,rrg,100,0.0,0.0,10,10,30000261,False,0.9969999999999999,-0.9969999999999999,0.9940999999999999,0.994,0.9882,0.9490000000000001,0.0055,0.003
gemma-31b,neutral,fitted,rrg,100,0.0,0.0,10,10,30000269,False,0.9570000000000001,0.9570000000000001,0.92014,0.914,0.8402799999999999,0.837,0.028,0.030000000000000006
gemma-31b,neutral,fitted,rrg,100,0.0,0.0,10,10,30000277,False,0.6759999999999999,-0.32,0.5660000000000001,0.36,0.14096,0.642,0.081,0.10999999999999999
gemma-31b,neutral,fitted,rrg,100,0.25,0.0,10,10,30000005,False,0.185,0.185,0.04254000000000001,0.11000000000000001,0.01676,0.5690000000000001,0.132,0.22600000000000003
gemma-31b,neutral,fitted,rrg,100,0.25,0.0,10,10,30000013,False,0.374,0.118,0.15783999999999998,0.05600000000000001,0.0038400000000000005,0.602,0.1495,0.227
gemma-31b,neutral,fitted,rrg,100,0.25,0.0,10,10,30000014,False,0.173,0.093,0.04066,0.06599999999999999,0.00636,0.4670000000000001,0.2035,0.258
gemma-31b,neutral,fitted,rrg,100,0.25,0.0,10,10,30000022,False,0.13299999999999998,-0.13299999999999998,0.0233,0.09000000000000001,0.011399999999999999,0.47300000000000014,0.196,0.24250000000000002
gemma-31b,neutral,fitted,rrg,100,0.25,0.0,10,10,30000030,False,0.12200000000000003,-0.046,0.02232,0.132,0.026479999999999997,0.332,0.2,0.2835000000000001
gemma-31b,neutral,fitted,rrg,100,0.25,0.0,10,10,30000038,False,0.22999999999999998,-0.20400000000000001,0.0896,0.288,0.09584,0.5799999999999998,0.1535,0.242
gemma-31b,neutral,fitted,rrg,100,0.25,0.0,10,10,30000046,False,0.08499999999999999,-0.047,0.009100000000000002,0.186,0.047720000000000005,0.351,0.2095,0.2615
gemma-31b,neutral,fitted,rrg,100,0.25,0.0,10,10,30000054,False,0.094,0.046,0.011879999999999998,0.13600000000000004,0.025520000000000004,0.45600000000000007,0.179,0.24699999999999997
gemma-31b,neutral,fitted,rrg,100,0.25,0.0,10,10,30000062,False,0.179,0.179,0.04254,0.066,0.006840000000000001,0.45499999999999996,0.205,0.2475
gemma-31b,neutral,fitted,rrg,100,0.25,0.0,10,10,30000063,False,0.10400000000000001,0.048,0.01356,0.156,0.03144,0.516,0.17,0.24700000000000003
gemma-31b,neutral,fitted,rrg,100,0.25,0.0,10,10,30000071,False,0.196,-0.196,0.042080000000000006,0.18400000000000002,0.041120000000000004,0.618,0.1855,0.2375
gemma-31b,neutral,fitted,rrg,100,0.25,0.0,10,10,30000079,False,0.296,-0.288,0.12419999999999998,0.21600000000000003,0.05232000000000001,0.51,0.15,0.2245
gemma-31b,neutral,fitted,rrg,100,0.25,0.0,10,10,30000087,False,0.13699999999999996,-0.05700000000000001,0.025500000000000005,0.20600000000000002,0.05084000000000001,0.3509999999999999,0.2405,0.2745
gemma-31b,neutral,fitted,rrg,100,0.25,0.0,10,10,30000095,False,0.31900000000000006,-0.31900000000000006,0.10729999999999999,0.346,0.13188,0.4050000000000001,0.2065,0.25149999999999995
gemma-31b,neutral,fitted,rrg,100,0.25,0.0,10,10,30000103,False,0.127,0.08299999999999999,0.030420000000000003,0.278,0.08524000000000001,0.5469999999999999,0.1565,0.22949999999999998
gemma-31b,neutral,fitted,rrg,100,0.25,0.0,10,10,30000111,False,0.15,0.11599999999999999,0.038759999999999996,0.20400000000000004,0.050960000000000005,0.304,0.2005,0.251
gemma-31b,neutral,fitted,rrg,100,0.25,0.0,10,10,30000112,False,0.172,0.172,0.0438,0.368,0.15,0.58,0.1535,0.23349999999999999
gemma-31b,neutral,fitted,rrg,100,0.25,0.0,10,10,30000120,False,0.159,0.034999999999999996,0.03318,0.154,0.03756,0.37500000000000006,0.216,0.27
gemma-31b,neutral,fitted,rrg,100,0.25,0.0,10,10,30000128,False,0.406,-0.13400000000000004,0.18488,0.316,0.1256,0.5559999999999999,0.149,0.21600000000000003
gemma-31b,neutral,fitted,rrg,100,0.25,0.0,10,10,30000136,False,0.22000000000000003,-0.03400000000000001,0.05776000000000001,0.20800000000000002,0.06168,0.392,0.223,0.2835
gemma-31b,neutral,fitted,rrg,100,0.25,0.0,10,10,30000144,False,0.267,-0.267,0.08106,0.302,0.10155999999999998,0.519,0.1885,0.2445
gemma-31b,neutral,fitted,rrg,100,0.25,0.0,10,10,30000152,False,0.29100000000000004,0.16899999999999998,0.11609999999999998,0.202,0.04668000000000001,0.5109999999999999,0.164,0.23000000000000004
gemma-31b,neutral,fitted,rrg,100,0.25,0.0,10,10,30000160,False,0.11799999999999997,0.09000000000000001,0.02076,0.12000000000000002,0.02232,0.41200000000000003,0.1995,0.252
gemma-31b,neutral,fitted,rrg,100,0.25,0.0,10,10,30000161,False,0.11799999999999997,-0.066,0.021400000000000002,0.30800000000000005,0.10752000000000002,0.5479999999999999,0.1715,0.24849999999999994
gemma-31b,neutral,fitted,rrg,100,0.25,0.0,10,10,30000169,False,0.38099999999999995,0.215,0.19554,0.062,0.006280000000000001,0.5609999999999999,0.166,0.21950000000000003
gemma-31b,neutral,fitted,rrg,100,0.25,0.0,10,10,30000177,False,0.29500000000000004,0.28700000000000003,0.14422000000000001,0.06599999999999999,0.00668,0.403,0.1845,0.2455
gemma-31b,neutral,fitted,rrg,100,0.25,0.0,10,10,30000185,False,0.17600000000000002,0.04,0.039799999999999995,0.092,0.010960000000000001,0.47400000000000003,0.1915,0.23349999999999999
gemma-31b,neutral,fitted,rrg,100,0.25,0.0,10,10,30000193,False,0.13599999999999998,-0.10400000000000001,0.023,0.33199999999999996,0.11488000000000002,0.5519999999999999,0.177,0.2425
gemma-31b,neutral,fitted,rrg,100,0.25,0.0,10,10,30000201,False,0.253,0.095,0.07561999999999999,0.118,0.02196,0.43100000000000005,0.202,0.25749999999999995
gemma-31b,neutral,fitted,rrg,100,0.25,0.0,10,10,30000209,False,0.269,0.269,0.08498,0.06200000000000001,0.00532,0.527,0.184,0.24300000000000002
gemma-31b,neutral,fitted,rrg,100,0.25,0.0,10,10,30000210,False,0.08000000000000002,0.06200000000000001,0.0114,0.172,0.0364,0.554,0.1895,0.23950000000000005
gemma-31b,neutral,fitted,rrg,100,0.25,0.0,10,10,30000218,False,0.20299999999999999,0.20099999999999998,0.059060000000000015,0.15400000000000003,0.03548,0.471,0.203,0.252
gemma-31b,neutral,fitted,rrg,100,0.25,0.0,10,10,30000226,False,0.14200000000000002,0.12200000000000003,0.023719999999999998,0.27999999999999997,0.0876,0.51,0.154,0.21950000000000003
gemma-31b,neutral,fitted,rrg,100,0.25,0.0,10,10,30000234,False,0.26,-0.26,0.07988,0.28400000000000003,0.086,0.518,0.192,0.2425
gemma-31b,neutral,fitted,rrg,100,0.25,0.0,10,10,30000242,False,0.4280000000000001,-0.4280000000000001,0.20259999999999997,0.20400000000000001,0.04712,0.562,0.1465,0.21150000000000002
gemma-31b,neutral,fitted,rrg,100,0.25,0.0,10,10,30000250,False,0.20999999999999996,-0.028000000000000004,0.05332,0.052000000000000005,0.0041600000000000005,0.5280000000000001,0.13,0.21900000000000003
gemma-31b,neutral,fitted,rrg,100,0.25,0.0,10,10,30000258,False,0.10000000000000002,0.08200000000000003,0.021400000000000006,0.14000000000000004,0.02352,0.4960000000000001,0.2025,0.2535
gemma-31b,neutral,fitted,rrg,100,0.25,0.0,10,10,30000259,False,0.261,0.133,0.09990000000000002,0.08199999999999999,0.00916,0.5570000000000002,0.143,0.21200000000000002
gemma-31b,neutral,fitted,rrg,100,0.25,0.0,10,10,30000267,False,0.321,-0.24300000000000002,0.14502000000000004,0.142,0.029960000000000004,0.5509999999999999,0.1525,0.233
gemma-31b,neutral,fitted,rrg,100,0.25,0.0,10,10,30000275,False,0.19699999999999998,0.19699999999999998,0.04154,0.4620000000000001,0.22588,0.5409999999999999,0.1755,0.2205
gemma-31b,neutral,fitted,er,100,0.0,0.0,10,10,30000003,True,0.8809999999999999,0.8809999999999999,0.7845799999999999,0.8019999999999999,0.6553199999999999,0.779,0.038,0.05
gemma-31b,neutral,fitted,er,100,0.0,0.0,10,10,30000011,True,0.974,0.0020000000000000018,0.9489599999999999,0.9720000000000002,0.94496,0.8320000000000001,0.018,0.0034188034188034192
gemma-31b,neutral,fitted,er,100,0.0,0.0,10,10,30000019,True,0.806,-0.806,0.69136,0.624,0.40728,0.7460000000000001,0.0705,0.08774509803921568
gemma-31b,neutral,fitted,er,100,0.0,0.0,10,10,30000027,True,0.577,0.357,0.47165999999999997,0.20600000000000004,0.05828,0.537,0.099,0.1318407960199005
gemma-31b,neutral,fitted,er,100,0.0,0.0,10,10,30000028,True,0.9530000000000001,0.9530000000000001,0.90938,0.938,0.8809999999999999,0.881,0.028,0.006750000000000001
gemma-31b,neutral,fitted,er,100,0.0,0.0,10,10,30000036,True,0.8219999999999998,-0.156,0.7228799999999999,0.648,0.46495999999999993,0.704,0.064,0.06222826086956521
gemma-31b,neutral,fitted,er,100,0.0,0.0,10,10,30000044,True,0.828,0.828,0.70856,0.6920000000000001,0.49704,0.6319999999999999,0.086,0.07098445595854921
gemma-31b,neutral,fitted,er,100,0.0,0.0,10,10,30000052,True,0.6,-0.368,0.4962,0.22000000000000003,0.0492,0.688,0.086,0.11201117318435753
gemma-31b,neutral,fitted,er,100,0.0,0.0,10,10,30000060,True,0.9510000000000002,-0.02899999999999999,0.90866,0.9260000000000002,0.8645999999999999,0.8569999999999999,0.03,0.011282051282051283
gemma-31b,neutral,fitted,er,100,0.0,0.0,10,10,30000068,True,0.8789999999999999,0.8789999999999999,0.7870999999999999,0.8019999999999999,0.65596,0.7710000000000001,0.0585,0.04510309278350515
gemma-31b,neutral,fitted,er,100,0.0,0.0,10,10,30000076,True,0.9010000000000001,0.9010000000000001,0.8290199999999999,0.8180000000000002,0.6864399999999999,0.6809999999999998,0.047,0.03197969543147208
gemma-31b,neutral,fitted,er,100,0.0,0.0,10,10,30000077,True,0.961,-0.007000000000000001,0.9238199999999999,0.93,0.8653199999999999,0.917,0.0265,0.00854922279792746
gemma-31b,neutral,fitted,er,100,0.0,0.0,10,10,30000085,True,0.736,0.736,0.6448,0.4840000000000001,0.30824,0.6799999999999999,0.0645,0.08636363636363636
gemma-31b,neutral,fitted,er,100,0.0,0.0,10,10,30000093,True,0.969,-0.969,0.9393799999999999,0.9700000000000001,0.9412399999999999,0.9509999999999998,0.012,0.007389162561576355
gemma-31b,neutral,fitted,er,100,0.0,0.0,10,10,30000101,True,0.966,0.966,0.93584,0.9359999999999999,0.8810399999999999,0.8440000000000001,0.017,0.01666666666666667
gemma-31b,neutral,fitted,er,100,0.0,0.0,10,10,30000109,True,0.9369999999999999,-0.051000000000000004,0.8844999999999998,0.8859999999999999,0.7926799999999998,0.825,0.0285,0.02681564245810055
gemma-31b,neutral,fitted,er,100,0.0,0.0,10,10,30000117,True,0.851,0.851,0.74246,0.722,0.55772,0.6050000000000001,0.062,0.05205479452054794
gemma-31b,neutral,fitted,er,100,0.0,0.0,10,10,30000125,True,0.674,0.094,0.51492,0.476,0.32792000000000004,0.43,0.1045,0.10935960591133005
gemma-31b,neutral,fitted,er,100,0.0,0.0,10,10,30000126,True,0.8370000000000001,0.8370000000000001,0.71514,0.774,0.62484,0.6170000000000001,0.0775,0.052879581151832465
gemma-31b,neutral,fitted,er,100,0.0,0.0,10,10,30000134,True,0.8720000000000001,0.12200000000000003,0.77848,0.7520000000000001,0.5711999999999999,0.8459999999999999,0.034,0.046517412935323375
gemma-31b,neutral,fitted,er,100,0.0,0.0,10,10,30000142,True,0.889,0.889,0.8091800000000001,0.778,0.62948,0.6809999999999999,0.0355,0.03688524590163935
gemma-31b,neutral,fitted,er,100,0.0,0.0,10,10,30000150,True,0.9350000000000002,-0.00699999999999999,0.8748999999999999,0.9099999999999999,0.8295600000000001,0.907,0.032,0.007575757575757574
gemma-31b,neutral,fitted,er,100,0.0,0.0,10,10,30000158,True,0.9079999999999998,-0.0019999999999999905,0.8253199999999999,0.9279999999999999,0.8618400000000002,0.9200000000000002,0.0245,0.00945945945945946
gemma-31b,neutral,fitted,er,100,0.0,0.0,10,10,30000166,True,0.9509999999999998,0.002999999999999986,0.9047799999999999,0.9499999999999998,0.90284,0.9390000000000001,0.0165,0.000558659217877095
gemma-31b,neutral,fitted,er,100,0.0,0.0,10,10,30000174,True,0.883,-0.883,0.8217800000000001,0.782,0.66892,0.641,0.04,0.03848039215686274
gemma-31b,neutral,fitted,er,100,0.0,0.0,10,10,30000175,True,0.8630000000000001,-0.12700000000000003,0.78278,0.742,0.5905199999999999,0.6850000000000002,0.0525,0.05206185567010309
gemma-31b,neutral,fitted,er,100,0.0,0.0,10,10,30000183,True,0.9690000000000001,0.9690000000000001,0.9402999999999999,0.95,0.90452,0.8610000000000001,0.0225,0.006829268292682928
gemma-31b,neutral,fitted,er,100,0.0,0.0,10,10,30000191,True,0.9029999999999999,0.9029999999999999,0.8287799999999999,0.818,0.6819599999999999,0.8150000000000001,0.0365,0.0284313725490196
gemma-31b,neutral,fitted,er,100,0.0,0.0,10,10,30000199,True,0.639,-0.08700000000000001,0.43158,0.33399999999999996,0.13956000000000002,0.5390000000000001,0.1175,0.1355
gemma-31b,neutral,fitted,er,100,0.0,0.0,10,10,30000207,True,0.6729999999999999,0.6729999999999999,0.53574,0.394,0.19828,0.557,0.0925,0.12216494845360823
gemma-31b,neutral,fitted,er,100,0.0,0.0,10,10,30000215,True,0.8039999999999999,-0.8039999999999999,0.68684,0.616,0.39872,0.696,0.057,0.07709497206703911
gemma-31b,neutral,fitted,er,100,0.0,0.0,10,10,30000223,True,0.986,0.986,0.9742000000000001,0.9719999999999999,0.9484,0.9299999999999999,0.0125,0.008115183246073299
gemma-31b,neutral,fitted,er,100,0.0,0.0,10,10,30000224,True,0.933,0.05299999999999999,0.87698,0.8780000000000001,0.779,0.905,0.031,0.030396475770925108
gemma-31b,neutral,fitted,er,100,0.0,0.0,10,10,30000232,True,0.994,-0.994,0.9882,0.9879999999999999,0.9767199999999999,0.9339999999999999,0.0055,0.004773869346733668
gemma-31b,neutral,fitted,er,100,0.0,0.0,10,10,30000240,True,0.994,0.994,0.9882,0.9880000000000001,0.9763999999999999,0.9419999999999998,0.006,0.0029702970297029703
gemma-31b,neutral,fitted,er,100,0.0,0.0,10,10,30000248,True,0.915,0.071,0.84866,0.8459999999999999,0.73156,0.797,0.039,0.03917050691244241
gemma-31b,neutral,fitted,er,100,0.0,0.0,10,10,30000256,True,0.97,-0.97,0.94708,0.9400000000000001,0.8941600000000001,0.858,0.013,0.014390243902439027
gemma-31b,neutral,fitted,er,100,0.0,0.0,10,10,30000264,True,0.9359999999999997,-0.043999999999999984,0.87836,0.8880000000000001,0.7888,0.9600000000000002,0.015,0.00273224043715847
gemma-31b,neutral,fitted,er,100,0.0,0.0,10,10,30000272,True,0.966,0.006000000000000005,0.9333600000000001,0.9800000000000001,0.96064,0.9600000000000002,0.013,0.0
gemma-31b,neutral,fitted,er,100,0.0,0.0,10,10,30000273,True,0.72,-0.17,0.5979599999999999,0.488,0.34752,0.362,0.1235,0.12129186602870815
gemma-31b,neutral,fitted,er,100,0.25,0.0,10,10,30000001,True,0.24900000000000003,-0.24900000000000003,0.07486,0.322,0.11732000000000002,0.525,0.1665,0.22926829268292687
gemma-31b,neutral,fitted,er,100,0.25,0.0,10,10,30000009,True,0.17200000000000001,-0.038,0.04028,0.144,0.03104,0.292,0.2375,0.3019047619047619
gemma-31b,neutral,fitted,er,100,0.25,0.0,10,10,30000017,True,0.13400000000000004,0.11000000000000001,0.030520000000000002,0.13999999999999999,0.031120000000000002,0.33599999999999997,0.2005,0.26294416243654817
gemma-31b,neutral,fitted,er,100,0.25,0.0,10,10,30000025,True,0.182,-0.182,0.0382,0.16,0.03104,0.57,0.156,0.23324607329842934
gemma-31b,neutral,fitted,er,100,0.25,0.0,10,10,30000033,True,0.3390000000000001,-0.041,0.11994,0.17400000000000002,0.03684000000000001,0.39099999999999996,0.1955,0.2758706467661692
gemma-31b,neutral,fitted,er,100,0.25,0.0,10,10,30000041,True,0.23800000000000004,0.16,0.08892,0.20800000000000002,0.046720000000000005,0.41800000000000004,0.1785,0.23892045454545455
gemma-31b,neutral,fitted,er,100,0.25,0.0,10,10,30000042,True,0.13099999999999998,0.05700000000000001,0.025220000000000003,0.12599999999999997,0.0206,0.28900000000000003,0.2375,0.2918781725888325
gemma-31b,neutral,fitted,er,100,0.25,0.0,10,10,30000050,True,0.24,-0.24,0.06724,0.12,0.016800000000000002,0.5900000000000001,0.146,0.23921052631578946
gemma-31b,neutral,fitted,er,100,0.25,0.0,10,10,30000058,True,0.213,0.11499999999999999,0.06230000000000001,0.13,0.02116,0.425,0.217,0.26190476190476186
gemma-31b,neutral,fitted,er,100,0.25,0.0,10,10,30000066,True,0.394,0.08199999999999999,0.16892000000000001,0.404,0.16648,0.6040000000000001,0.1305,0.21856435643564356
gemma-31b,neutral,fitted,er,100,0.25,0.0,10,10,30000074,True,0.182,-0.004000000000000001,0.04116,0.08,0.012079999999999999,0.594,0.1645,0.2398550724637681
gemma-31b,neutral,fitted,er,100,0.25,0.0,10,10,30000082,True,0.39899999999999997,0.018999999999999996,0.16526000000000002,0.418,0.18195999999999998,0.457,0.185,0.23544973544973544
gemma-31b,neutral,fitted,er,100,0.25,0.0,10,10,30000090,True,0.312,0.044000000000000004,0.10691999999999999,0.20400000000000001,0.0536,0.42200000000000004,0.2055,0.24756756756756762
gemma-31b,neutral,fitted,er,100,0.25,0.0,10,10,30000091,True,0.16899999999999998,0.093,0.04246000000000001,0.162,0.04172,0.38500000000000006,0.199,0.2668269230769231
gemma-31b,neutral,fitted,er,100,0.25,0.0,10,10,30000099,True,0.21800000000000003,0.20800000000000002,0.05664,0.21999999999999997,0.05216,0.2720000000000001,0.197,0.26292682926829275
gemma-31b,neutral,fitted,er,100,0.25,0.0,10,10,30000107,True,0.328,0.328,0.11000000000000001,0.144,0.025760000000000005,0.44600000000000006,0.179,0.2546153846153846
gemma-31b,neutral,fitted,er,100,0.25,0.0,10,10,30000115,True,0.15199999999999997,-0.14799999999999996,0.030199999999999998,0.084,0.011520000000000002,0.34400000000000003,0.2,0.262200956937799
gemma-31b,neutral,fitted,er,100,0.25,0.0,10,10,30000123,True,0.13400000000000004,0.12200000000000003,0.027600000000000003,0.26400000000000007,0.08671999999999999,0.6019999999999999,0.1515,0.23681592039800997
gemma-31b,neutral,fitted,er,100,0.25,0.0,10,10,30000131,True,0.2770000000000001,-0.15899999999999997,0.10666,0.158,0.039639999999999995,0.48699999999999993,0.156,0.2232804232804233
gemma-31b,neutral,fitted,er,100,0.25,0.0,10,10,30000139,True,0.12599999999999997,-0.12599999999999997,0.022680000000000002,0.17600000000000002,0.04168000000000001,0.47800000000000004,0.1745,0.23948863636363638
gemma-31b,neutral,fitted,er,100,0.25,0.0,10,10,30000140,True,0.519,-0.13899999999999996,0.29218,0.24600000000000005,0.07572000000000001,0.5870000000000001,0.167,0.23713592233009712
gemma-31b,neutral,fitted,er,100,0.25,0.0,10,10,30000148,True,0.257,0.257,0.07078000000000001,0.12200000000000003,0.01916,0.487,0.1445,0.23540540540540542
gemma-31b,neutral,fitted,er,100,0.25,0.0,10,10,30000156,True,0.43100000000000005,-0.43100000000000005,0.24369999999999997,0.21000000000000005,0.050519999999999995,0.539,0.126,0.2039473684210526
gemma-31b,neutral,fitted,er,100,0.25,0.0,10,10,30000164,True,0.38299999999999995,-0.38299999999999995,0.15946,0.22200000000000003,0.053720000000000004,0.393,0.1695,0.27897196261682244
gemma-31b,neutral,fitted,er,100,0.25,0.0,10,10,30000172,True,0.092,-0.062,0.01584,0.06799999999999999,0.00584,0.522,0.17,0.23243243243243242
gemma-31b,neutral,fitted,er,100,0.25,0.0,10,10,30000180,True,0.275,-0.047,0.08570000000000001,0.27799999999999997,0.08788,0.46900000000000003,0.1945,0.246978021978022
gemma-31b,neutral,fitted,er,100,0.25,0.0,10,10,30000188,True,0.16799999999999998,-0.12400000000000003,0.04152,0.084,0.00888,0.4739999999999999,0.1985,0.24869791666666669
gemma-31b,neutral,fitted,er,100,0.25,0.0,10,10,30000189,True,0.144,0.11599999999999999,0.03368,0.11200000000000002,0.01824,0.558,0.172,0.21787878787878787
gemma-31b,neutral,fitted,er,100,0.25,0.0,10,10,30000197,True,0.15499999999999997,-0.14900000000000002,0.0381,0.242,0.0638,0.5429999999999999,0.14,0.21348314606741572
gemma-31b,neutral,fitted,er,100,0.25,0.0,10,10,30000205,True,0.263,-0.14899999999999997,0.09406,0.07,0.0074800000000000005,0.3510000000000001,0.226,0.27673267326732676
gemma-31b,neutral,fitted,er,100,0.25,0.0,10,10,30000213,True,0.16899999999999998,0.03299999999999999,0.03806,0.25400000000000006,0.0842,0.29900000000000004,0.229,0.26536312849162014
gemma-31b,neutral,fitted,er,100,0.25,0.0,10,10,30000221,True,0.13699999999999998,-0.10500000000000001,0.02338,0.054000000000000006,0.00532,0.42300000000000004,0.1835,0.2502617801047121
gemma-31b,neutral,fitted,er,100,0.25,0.0,10,10,30000229,True,0.27599999999999997,-0.24999999999999994,0.1046,0.10800000000000001,0.01824,0.506,0.191,0.25533980582524274
gemma-31b,neutral,fitted,er,100,0.25,0.0,10,10,30000237,True,0.6749999999999999,-0.6749999999999999,0.46545999999999993,0.5820000000000001,0.34268,0.6270000000000001,0.127,0.20353535353535354
gemma-31b,neutral,fitted,er,100,0.25,0.0,10,10,30000238,True,0.253,-0.24900000000000003,0.09574,0.162,0.03684000000000001,0.525,0.164,0.2391414141414141
gemma-31b,neutral,fitted,er,100,0.25,0.0,10,10,30000246,True,0.15699999999999997,-0.101,0.0375,0.08199999999999999,0.008520000000000002,0.533,0.1555,0.22792553191489362
gemma-31b,neutral,fitted,er,100,0.25,0.0,10,10,30000254,True,0.259,0.24899999999999997,0.07878,0.15800000000000003,0.03132,0.607,0.14,0.2261682242990654
gemma-31b,neutral,fitted,er,100,0.25,0.0,10,10,30000262,True,0.142,-0.10600000000000001,0.025560000000000006,0.11600000000000002,0.016880000000000003,0.5840000000000001,0.129,0.21019736842105266
gemma-31b,neutral,fitted,er,100,0.25,0.0,10,10,30000270,True,0.366,0.366,0.137,0.368,0.13928000000000001,0.44600000000000006,0.1765,0.2511848341232227
gemma-31b,neutral,fitted,er,100,0.25,0.0,10,10,30000278,True,0.19099999999999998,-0.149,0.05438,0.12200000000000003,0.02324,0.429,0.205,0.27931937172774873
gemma-31b,neutral,fitted,rrg,100,0.0,0.0,10,10,30000006,True,0.462,-0.30599999999999994,0.3270799999999999,0.16399999999999998,0.032639999999999995,0.5320000000000001,0.131,0.173
gemma-31b,neutral,fitted,rrg,100,0.0,0.0,10,10,30000007,True,0.901,-0.048999999999999995,0.82394,0.818,0.69612,0.7850000000000001,0.057,0.0615
gemma-31b,neutral,fitted,rrg,100,0.0,0.0,10,10,30000015,True,0.992,0.992,0.9845200000000001,0.984,0.96904,0.95,0.0055,0.0055
gemma-31b,neutral,fitted,rrg,100,0.0,0.0,10,10,30000023,True,0.9530000000000001,-0.035,0.9162199999999998,0.9179999999999999,0.8550000000000001,0.7530000000000001,0.0285,0.030000000000000006
gemma-31b,neutral,fitted,rrg,100,0.0,0.0,10,10,30000031,True,0.5700000000000001,-0.5700000000000001,0.45831999999999995,0.21600000000000003,0.057999999999999996,0.6380000000000001,0.1035,0.14000000000000004
gemma-31b,neutral,fitted,rrg,100,0.0,0.0,10,10,30000039,True,0.5910000000000001,0.493,0.5202600000000001,0.18200000000000002,0.04052000000000001,0.6130000000000001,0.089,0.125
gemma-31b,neutral,fitted,rrg,100,0.0,0.0,10,10,30000047,True,1.0,-1.0,1.0,1.0,1.0,0.99,0.0005,0.0
gemma-31b,neutral,fitted,rrg,100,0.0,0.0,10,10,30000055,True,0.993,0.993,0.98674,0.986,0.97348,0.9369999999999999,0.0045,0.0035000000000000005
gemma-31b,neutral,fitted,rrg,100,0.0,0.0,10,10,30000056,True,1.0,0.0,1.0,1.0,1.0,1.0,0.0,0.0
gemma-31b,neutral,fitted,rrg,100,0.0,0.0,10,10,30000064,True,0.634,0.194,0.48152,0.384,0.22119999999999998,0.5199999999999999,0.1065,0.1405
gemma-31b,neutral,fitted,rrg,100,0.0,0.0,10,10,30000072,True,0.808,-0.094,0.6681600000000001,0.6199999999999999,0.39736000000000005,0.728,0.072,0.08650000000000001
gemma-31b,neutral,fitted,rrg,100,0.0,0.0,10,10,30000080,True,0.643,-0.643,0.4551,0.326,0.16396000000000002,0.6330000000000001,0.109,0.1485
gemma-31b,neutral,fitted,rrg,100,0.0,0.0,10,10,30000088,True,0.749,0.749,0.58434,0.562,0.34124,0.481,0.103,0.12249999999999998
gemma-31b,neutral,fitted,rrg,100,0.0,0.0,10,10,30000096,True,0.9349999999999999,0.9349999999999999,0.8868200000000002,0.8699999999999999,0.77364,0.8210000000000001,0.032,0.03750000000000001
gemma-31b,neutral,fitted,rrg,100,0.0,0.0,10,10,30000104,True,0.984,0.984,0.9690799999999999,0.968,0.9381599999999999,0.9640000000000001,0.0055,0.008
gemma-31b,neutral,fitted,rrg,100,0.0,0.0,10,10,30000105,True,0.986,-0.986,0.9726800000000001,0.9720000000000001,0.9460799999999999,0.9039999999999999,0.0085,0.010499999999999999
gemma-31b,neutral,fitted,rrg,100,0.0,0.0,10,10,30000113,True,0.9809999999999999,0.019,0.9637,0.9620000000000001,0.9274000000000001,0.9150000000000003,0.007,0.0125
gemma-31b,neutral,fitted,rrg,100,0.0,0.0,10,10,30000121,True,0.8310000000000001,0.13899999999999998,0.72006,0.662,0.46588,0.7429999999999999,0.059,0.08000000000000002
gemma-31b,neutral,fitted,rrg,100,0.0,0.0,10,10,30000129,True,0.9940000000000001,-0.9940000000000001,0.9882,0.9879999999999999,0.9763999999999999,0.9120000000000001,0.0075,0.005
gemma-31b,neutral,fitted,rrg,100,0.0,0.0,10,10,30000137,True,0.368,-0.14200000000000002,0.16848000000000002,0.15600000000000003,0.041120000000000004,0.384,0.143,0.19849999999999998
gemma-31b,neutral,fitted,rrg,100,0.0,0.0,10,10,30000145,True,0.7899999999999999,-0.038,0.65108,0.672,0.4936,0.53,0.098,0.1075
gemma-31b,neutral,fitted,rrg,100,0.0,0.0,10,10,30000153,True,0.968,0.03200000000000001,0.94148,0.9359999999999999,0.88296,0.8800000000000001,0.0185,0.019999999999999997
gemma-31b,neutral,fitted,rrg,100,0.0,0.0,10,10,30000154,True,0.9780000000000001,0.9780000000000001,0.9573599999999999,0.9640000000000001,0.9300799999999999,0.922,0.01,0.014000000000000002
gemma-31b,neutral,fitted,rrg,100,0.0,0.0,10,10,30000162,True,0.624,0.368,0.5296800000000002,0.256,0.07544000000000001,0.722,0.076,0.11199999999999999
gemma-31b,neutral,fitted,rrg,100,0.0,0.0,10,10,30000170,True,0.49700000000000005,-0.47700000000000004,0.41858000000000006,0.066,0.005560000000000001,0.609,0.103,0.14150000000000001
gemma-31b,neutral,fitted,rrg,100,0.0,0.0,10,10,30000178,True,0.983,0.016999999999999998,0.96878,0.966,0.9375600000000001,0.875,0.0125,0.0125
gemma-31b,neutral,fitted,rrg,100,0.0,0.0,10,10,30000186,True,0.9000000000000001,0.9000000000000001,0.8340799999999999,0.8,0.66816,0.722,0.0565,0.05950000000000001
gemma-31b,neutral,fitted,rrg,100,0.0,0.0,10,10,30000194,True,0.9339999999999999,0.06000000000000001,0.87884,0.868,0.7607999999999999,0.8219999999999998,0.0265,0.03800000000000001
gemma-31b,neutral,fitted,rrg,100,0.0,0.0,10,10,30000202,True,0.999,-0.999,0.99802,0.998,0.99604,0.951,0.0025,0.001
gemma-31b,neutral,fitted,rrg,100,0.0,0.0,10,10,30000203,True,0.983,0.983,0.9673400000000001,0.966,0.93468,0.8470000000000001,0.0135,0.013500000000000002
gemma-31b,neutral,fitted,rrg,100,0.0,0.0,10,10,30000211,True,0.5900000000000001,-0.20999999999999996,0.42040000000000005,0.312,0.14384,0.5999999999999999,0.1005,0.145
gemma-31b,neutral,fitted,rrg,100,0.0,0.0,10,10,30000219,True,1.0,-1.0,1.0,1.0,1.0,0.99,0.0005,0.0
gemma-31b,neutral,fitted,rrg,100,0.0,0.0,10,10,30000227,True,0.8219999999999998,0.15600000000000003,0.7192399999999999,0.6599999999999999,0.47736,0.6579999999999999,0.066,0.08800000000000001
gemma-31b,neutral,fitted,rrg,100,0.0,0.0,10,10,30000235,True,1.0,0.0,1.0,1.0,1.0,0.99,0.0005,0.0
gemma-31b,neutral,fitted,rrg,100,0.0,0.0,10,10,30000243,True,0.9949999999999999,0.9949999999999999,0.99034,0.99,0.9806799999999999,0.885,0.007,0.0045000000000000005
gemma-31b,neutral,fitted,rrg,100,0.0,0.0,10,10,30000251,True,0.742,0.256,0.6199999999999999,0.484,0.24231999999999995,0.8039999999999999,0.0805,0.1095
gemma-31b,neutral,fitted,rrg,100,0.0,0.0,10,10,30000252,True,0.85,0.12999999999999995,0.7696799999999999,0.716,0.5708,0.694,0.0585,0.06500000000000002
gemma-31b,neutral,fitted,rrg,100,0.0,0.0,10,10,30000260,True,0.6520000000000001,-0.31599999999999995,0.5391199999999999,0.324,0.1356,0.53,0.1145,0.1325
gemma-31b,neutral,fitted,rrg,100,0.0,0.0,10,10,30000268,True,0.6479999999999999,-0.6479999999999999,0.54344,0.3,0.09176,0.7060000000000001,0.0795,0.10899999999999999
gemma-31b,neutral,fitted,rrg,100,0.0,0.0,10,10,30000276,True,0.6659999999999999,-0.6659999999999999,0.4783199999999999,0.44000000000000006,0.29023999999999994,0.5359999999999999,0.108,0.136
gemma-31b,neutral,fitted,rrg,100,0.25,0.0,10,10,30000004,True,0.4210000000000001,-0.4210000000000001,0.19673999999999997,0.182,0.05252,0.45299999999999996,0.195,0.2495
gemma-31b,neutral,fitted,rrg,100,0.25,0.0,10,10,30000012,True,0.233,0.233,0.06426,0.162,0.03292,0.425,0.189,0.257
gemma-31b,neutral,fitted,rrg,100,0.25,0.0,10,10,30000020,True,0.11299999999999999,0.10900000000000001,0.015780000000000002,0.082,0.010360000000000001,0.40099999999999997,0.2015,0.255
gemma-31b,neutral,fitted,rrg,100,0.25,0.0,10,10,30000021,True,0.454,-0.076,0.21648,0.08399999999999999,0.009200000000000002,0.5980000000000001,0.1285,0.221
gemma-31b,neutral,fitted,rrg,100,0.25,0.0,10,10,30000029,True,0.271,-0.21700000000000003,0.12598,0.18600000000000003,0.0478,0.513,0.164,0.23199999999999998
gemma-31b,neutral,fitted,rrg,100,0.25,0.0,10,10,30000037,True,0.248,0.248,0.06856000000000002,0.13999999999999999,0.021359999999999997,0.6180000000000001,0.126,0.215
gemma-31b,neutral,fitted,rrg,100,0.25,0.0,10,10,30000045,True,0.47400000000000003,0.004000000000000001,0.23020000000000002,0.492,0.24935999999999997,0.396,0.1565,0.2165
gemma-31b,neutral,fitted,rrg,100,0.25,0.0,10,10,30000053,True,0.193,-0.019,0.04082,0.09,0.014680000000000002,0.453,0.1845,0.246
gemma-31b,neutral,fitted,rrg,100,0.25,0.0,10,10,30000061,True,0.178,-0.13600000000000004,0.0514,0.076,0.009680000000000003,0.31999999999999995,0.2205,0.27749999999999997
gemma-31b,neutral,fitted,rrg,100,0.25,0.0,10,10,30000069,True,0.15899999999999997,-0.079,0.03330000000000001,0.17800000000000002,0.05500000000000001,0.30300000000000005,0.206,0.27
gemma-31b,neutral,fitted,rrg,100,0.25,0.0,10,10,30000070,True,0.221,0.06699999999999999,0.05678000000000001,0.40199999999999997,0.16436,0.627,0.1555,0.21300000000000002
gemma-31b,neutral,fitted,rrg,100,0.25,0.0,10,10,30000078,True,0.311,0.065,0.10918000000000001,0.154,0.030520000000000002,0.32100000000000006,0.171,0.227
gemma-31b,neutral,fitted,rrg,100,0.25,0.0,10,10,30000086,True,0.12600000000000003,-0.008000000000000012,0.02188,0.10400000000000001,0.01304,0.44800000000000006,0.19,0.257
gemma-31b,neutral,fitted,rrg,100,0.25,0.0,10,10,30000094,True,0.29700000000000004,-0.29700000000000004,0.09726,0.11000000000000001,0.0198,0.5690000000000002,0.1785,0.238
gemma-31b,neutral,fitted,rrg,100,0.25,0.0,10,10,30000102,True,0.126,0.122,0.02244,0.38,0.15272000000000002,0.4620000000000001,0.186,0.251
gemma-31b,neutral,fitted,rrg,100,0.25,0.0,10,10,30000110,True,0.178,0.039999999999999994,0.042120000000000005,0.17200000000000001,0.03744,0.382,0.1845,0.2525
gemma-31b,neutral,fitted,rrg,100,0.25,0.0,10,10,30000118,True,0.19899999999999998,-0.16699999999999998,0.057540000000000015,0.32999999999999996,0.13491999999999998,0.491,0.152,0.217
gemma-31b,neutral,fitted,rrg,100,0.25,0.0,10,10,30000119,True,0.13200000000000003,0.11800000000000002,0.025320000000000002,0.256,0.07776000000000001,0.35600000000000004,0.2095,0.25050000000000006
gemma-31b,neutral,fitted,rrg,100,0.25,0.0,10,10,30000127,True,0.13399999999999998,-0.039999999999999994,0.028200000000000003,0.19199999999999998,0.04784,0.48199999999999993,0.1595,0.23249999999999998
gemma-31b,neutral,fitted,rrg,100,0.25,0.0,10,10,30000135,True,0.229,0.229,0.06150000000000001,0.11800000000000002,0.023879999999999995,0.48100000000000015,0.167,0.23400000000000004
gemma-31b,neutral,fitted,rrg,100,0.25,0.0,10,10,30000143,True,0.125,0.101,0.02194,0.254,0.07100000000000001,0.485,0.1645,0.23999999999999994
gemma-31b,neutral,fitted,rrg,100,0.25,0.0,10,10,30000151,True,0.33999999999999997,-0.044000000000000004,0.12363999999999997,0.296,0.09304000000000001,0.5319999999999999,0.1515,0.22200000000000003
gemma-31b,neutral,fitted,rrg,100,0.25,0.0,10,10,30000159,True,0.14700000000000002,0.11700000000000002,0.02962,0.09400000000000001,0.012600000000000004,0.5010000000000001,0.1915,0.25
gemma-31b,neutral,fitted,rrg,100,0.25,0.0,10,10,30000167,True,0.18699999999999997,0.03300000000000001,0.04366,0.33399999999999996,0.11523999999999998,0.48100000000000004,0.1535,0.23400000000000004
gemma-31b,neutral,fitted,rrg,100,0.25,0.0,10,10,30000168,True,0.11400000000000002,0.068,0.02296,0.11600000000000002,0.02016,0.356,0.1885,0.25450000000000006
gemma-31b,neutral,fitted,rrg,100,0.25,0.0,10,10,30000176,True,0.285,-0.075,0.08938,0.07399999999999998,0.007640000000000001,0.44699999999999995,0.162,0.23249999999999998
gemma-31b,neutral,fitted,rrg,100,0.25,0.0,10,10,30000184,True,0.14100000000000001,-0.119,0.02878,0.34600000000000003,0.13091999999999998,0.5509999999999999,0.1615,0.22649999999999998
gemma-31b,neutral,fitted,rrg,100,0.25,0.0,10,10,30000192,True,0.06299999999999999,-0.047,0.00558,0.178,0.04196,0.537,0.17,0.24050000000000002
gemma-31b,neutral,fitted,rrg,100,0.25,0.0,10,10,30000200,True,0.139,-0.007000000000000004,0.02434,0.098,0.016120000000000002,0.453,0.205,0.27749999999999997
gemma-31b,neutral,fitted,rrg,100,0.25,0.0,10,10,30000208,True,0.21500000000000002,-0.083,0.05846,0.11400000000000002,0.01732,0.43099999999999994,0.2005,0.2665
gemma-31b,neutral,fitted,rrg,100,0.25,0.0,10,10,30000216,True,0.32999999999999996,-0.32999999999999996,0.13464,0.1,0.014400000000000001,0.688,0.1025,0.1935
gemma-31b,neutral,fitted,rrg,100,0.25,0.0,10,10,30000217,True,0.27,-0.11599999999999999,0.09376000000000001,0.196,0.04728,0.512,0.1915,0.25
gemma-31b,neutral,fitted,rrg,100,0.25,0.0,10,10,30000225,True,0.202,0.2,0.05539999999999999,0.21200000000000002,0.056479999999999995,0.5579999999999998,0.1835,0.24950000000000006
gemma-31b,neutral,fitted,rrg,100,0.25,0.0,10,10,30000233,True,0.25,0.22799999999999998,0.07528000000000001,0.132,0.025120000000000003,0.41,0.206,0.25450000000000006
gemma-31b,neutral,fitted,rrg,100,0.25,0.0,10,10,30000241,True,0.21400000000000002,-0.012,0.058640000000000005,0.188,0.04192,0.45200000000000007,0.177,0.24
gemma-31b,neutral,fitted,rrg,100,0.25,0.0,10,10,30000249,True,0.299,0.299,0.10646,0.21400000000000002,0.05284000000000001,0.567,0.166,0.215
gemma-31b,neutral,fitted,rrg,100,0.25,0.0,10,10,30000257,True,0.21900000000000003,0.21500000000000002,0.05602,0.362,0.14452000000000004,0.4750000000000001,0.201,0.2495
gemma-31b,neutral,fitted,rrg,100,0.25,0.0,10,10,30000265,True,0.157,0.157,0.03062,0.15000000000000002,0.02948,0.5809999999999998,0.2,0.26149999999999995
gemma-31b,neutral,fitted,rrg,100,0.25,0.0,10,10,30000266,True,0.101,0.075,0.01358,0.122,0.02212,0.46499999999999997,0.1825,0.25500000000000006
gemma-31b,neutral,fitted,rrg,100,0.25,0.0,10,10,30000274,True,0.178,-0.178,0.03728,0.084,0.0116,0.42799999999999994,0.1815,0.2475
gemma-31b,political,fitted,er,100,0.0,0.0,10,10,30000002,False,0.05900000000000001,0.05900000000000001,0.004379999999999999,0.13000000000000003,0.017,0.9729999999999999,0.005,0.22608695652173916
gemma-31b,political,fitted,er,100,0.0,0.0,10,10,30000010,False,0.303,0.303,0.09537999999999999,0.16599999999999998,0.027880000000000005,0.959,0.003,0.22959183673469385
gemma-31b,political,fitted,er,100,0.0,0.0,10,10,30000018,False,0.052000000000000005,-0.052000000000000005,0.00292,0.23600000000000004,0.05576,0.9560000000000001,0.003,0.24025641025641029
gemma-31b,political,fitted,er,100,0.0,0.0,10,10,30000026,False,0.23399999999999999,0.23399999999999999,0.07356,0.036000000000000004,0.0016800000000000003,0.9199999999999999,0.0065,0.18993710691823903
gemma-31b,political,fitted,er,100,0.0,0.0,10,10,30000034,False,0.4840000000000001,-0.4840000000000001,0.27624,0.19599999999999998,0.038560000000000004,0.892,0.0075,0.1563253012048193
gemma-31b,political,fitted,er,100,0.0,0.0,10,10,30000035,False,0.35000000000000003,0.35000000000000003,0.14176000000000002,0.168,0.029200000000000004,0.908,0.0075,0.20506912442396313
gemma-31b,political,fitted,er,100,0.0,0.0,10,10,30000043,False,0.37799999999999995,0.3539999999999999,0.2684,0.06399999999999999,0.00464,0.966,0.0025,0.16562499999999997
gemma-31b,political,fitted,er,100,0.0,0.0,10,10,30000051,False,0.48100000000000004,0.48100000000000004,0.26982,0.33399999999999996,0.11291999999999999,0.8230000000000001,0.0135,0.14188481675392667
gemma-31b,political,fitted,er,100,0.0,0.0,10,10,30000059,False,0.37299999999999994,-0.056999999999999995,0.14425999999999997,0.14999999999999997,0.024840000000000004,0.8809999999999999,0.0085,0.1819148936170213
gemma-31b,political,fitted,er,100,0.0,0.0,10,10,30000067,False,0.523,0.01099999999999999,0.27618000000000004,0.254,0.06692000000000001,0.861,0.0105,0.15133689839572195
gemma-31b,political,fitted,er,100,0.0,0.0,10,10,30000075,False,0.5359999999999999,0.5359999999999999,0.29788,0.136,0.025840000000000002,0.844,0.013,0.1543859649122807
gemma-31b,political,fitted,er,100,0.0,0.0,10,10,30000083,False,0.24900000000000003,-0.24900000000000003,0.06566000000000001,0.262,0.06948,0.9550000000000001,0.004,0.18831521739130436
gemma-31b,political,fitted,er,100,0.0,0.0,10,10,30000084,False,0.24000000000000005,0.23399999999999999,0.10336000000000001,0.019999999999999997,0.0009599999999999997,0.8879999999999999,0.0085,0.2164351851851852
gemma-31b,political,fitted,er,100,0.0,0.0,10,10,30000092,False,0.142,0.142,0.024,0.04,0.00264,0.8699999999999999,0.009,0.22842639593908629
gemma-31b,political,fitted,er,100,0.0,0.0,10,10,30000100,False,0.4760000000000001,-0.33199999999999996,0.34084,0.07999999999999999,0.007680000000000001,0.8880000000000001,0.0095,0.16280193236714974
gemma-31b,political,fitted,er,100,0.0,0.0,10,10,30000108,False,0.449,-0.449,0.21230000000000002,0.026000000000000002,0.001,0.8930000000000001,0.0105,0.2102094240837696
gemma-31b,political,fitted,er,100,0.0,0.0,10,10,30000116,False,0.5050000000000001,0.017000000000000008,0.25638000000000005,0.26999999999999996,0.07483999999999999,0.9549999999999998,0.004,0.16211340206185562
gemma-31b,political,fitted,er,100,0.0,0.0,10,10,30000124,False,0.07999999999999999,-0.07999999999999999,0.006719999999999999,0.24000000000000005,0.05816,0.9599999999999997,0.003,0.2019021739130435
gemma-31b,political,fitted,er,100,0.0,0.0,10,10,30000132,False,0.22999999999999998,0.22999999999999998,0.055479999999999995,0.06,0.0051199999999999996,0.8899999999999999,0.0105,0.21553398058252426
gemma-31b,political,fitted,er,100,0.0,0.0,10,10,30000133,False,0.808,-0.808,0.65552,0.628,0.40015999999999996,0.8420000000000002,0.0105,0.06237623762376239
gemma-31b,political,fitted,er,100,0.0,0.0,10,10,30000141,False,0.39,0.39,0.21204,0.148,0.02312,0.93,0.0055,0.19764397905759162
gemma-31b,political,fitted,er,100,0.0,0.0,10,10,30000149,False,0.518,0.01399999999999999,0.2702,0.13599999999999998,0.02072,0.9420000000000002,0.0055,0.14583333333333331
gemma-31b,political,fitted,er,100,0.0,0.0,10,10,30000157,False,0.309,0.309,0.17486000000000002,0.11400000000000002,0.013079999999999998,0.9189999999999999,0.0075,0.17952127659574466
gemma-31b,political,fitted,er,100,0.0,0.0,10,10,30000165,False,0.15799999999999997,-0.006000000000000001,0.025759999999999998,0.06000000000000001,0.0037600000000000003,0.8959999999999999,0.008,0.2266009852216749
gemma-31b,political,fitted,er,100,0.0,0.0,10,10,30000173,False,0.282,-0.282,0.09396000000000002,0.06000000000000001,0.003919999999999999,0.9319999999999998,0.005,0.22473958333333335
gemma-31b,political,fitted,er,100,0.0,0.0,10,10,30000181,False,0.384,-0.05399999999999999,0.1506,0.42000000000000004,0.17728000000000002,0.966,0.0035,0.17010309278350516
gemma-31b,political,fitted,er,100,0.0,0.0,10,10,30000182,False,0.089,-0.089,0.014059999999999998,0.258,0.06795999999999999,0.915,0.0065,0.25846560846560845
gemma-31b,political,fitted,er,100,0.0,0.0,10,10,30000190,False,0.15399999999999997,0.15399999999999997,0.02436,0.18799999999999997,0.03544,0.976,0.0015,0.21399999999999997
gemma-31b,political,fitted,er,100,0.0,0.0,10,10,30000198,False,0.41200000000000003,-0.41200000000000003,0.18504,0.256,0.06592,0.9360000000000002,0.0055,0.1841463414634146
gemma-31b,political,fitted,er,100,0.0,0.0,10,10,30000206,False,0.38900000000000007,0.093,0.16242,0.34199999999999997,0.11812,0.901,0.0105,0.20499999999999993
gemma-31b,political,fitted,er,100,0.0,0.0,10,10,30000214,False,0.24000000000000005,-0.24000000000000005,0.08192,0.13600000000000004,0.02032,0.9400000000000001,0.0065,0.23529411764705882
gemma-31b,political,fitted,er,100,0.0,0.0,10,10,30000222,False,0.254,0.07200000000000002,0.07048,0.32799999999999996,0.11016,0.9260000000000002,0.006,0.20779816513761468
gemma-31b,political,fitted,er,100,0.0,0.0,10,10,30000230,False,0.5980000000000001,-0.5980000000000001,0.43448000000000003,0.196,0.04072,0.8859999999999999,0.0085,0.11282722513089008
gemma-31b,political,fitted,er,100,0.0,0.0,10,10,30000231,False,0.812,0.07800000000000001,0.66568,0.776,0.6024800000000001,0.9679999999999997,0.003,0.04120879120879121
gemma-31b,political,fitted,er,100,0.0,0.0,10,10,30000239,False,0.323,-0.18699999999999997,0.14058,0.20999999999999996,0.044680000000000004,0.9549999999999998,0.0065,0.20540540540540544
gemma-31b,political,fitted,er,100,0.0,0.0,10,10,30000247,False,0.15399999999999997,0.15399999999999997,0.037040000000000003,0.044,0.00224,0.8859999999999999,0.0075,0.24540540540540542
gemma-31b,political,fitted,er,100,0.0,0.0,10,10,30000255,False,0.279,0.279,0.11097999999999997,0.23399999999999999,0.05532,0.943,0.005,0.2219072164948454
gemma-31b,political,fitted,er,100,0.0,0.0,10,10,30000263,False,0.215,0.17899999999999996,0.07566,0.302,0.09283999999999999,0.9229999999999998,0.0085,0.21657894736842107
gemma-31b,political,fitted,er,100,0.0,0.0,10,10,30000271,False,0.5169999999999999,0.5169999999999999,0.27737999999999996,0.11400000000000002,0.013800000000000002,0.909,0.008,0.14086021505376345
gemma-31b,political,fitted,er,100,0.0,0.0,10,10,30000279,False,0.359,-0.359,0.16929999999999998,0.042,0.00268,0.8969999999999999,0.008,0.18611111111111114
gemma-31b,political,fitted,er,100,0.25,0.0,10,10,30000000,False,0.18699999999999997,0.18099999999999997,0.06262,0.16199999999999998,0.026520000000000005,0.9029999999999999,0.0065,0.34243119266055044
gemma-31b,political,fitted,er,100,0.25,0.0,10,10,30000008,False,0.18099999999999997,-0.137,0.05189999999999999,0.146,0.021720000000000003,0.959,0.003,0.27245989304812834
gemma-31b,political,fitted,er,100,0.25,0.0,10,10,30000016,False,0.28500000000000003,-0.05299999999999999,0.08458,0.21000000000000002,0.044520000000000004,0.9490000000000001,0.004,0.26517857142857143
gemma-31b,political,fitted,er,100,0.25,0.0,10,10,30000024,False,0.44700000000000006,-0.44700000000000006,0.35782,0.01,0.00028000000000000003,0.9069999999999998,0.0085,0.3022522522522523
gemma-31b,political,fitted,er,100,0.25,0.0,10,10,30000032,False,0.37100000000000005,-0.37100000000000005,0.19238000000000005,0.20599999999999996,0.04316,0.893,0.0095,0.27634146341463417
gemma-31b,political,fitted,er,100,0.25,0.0,10,10,30000040,False,0.458,-0.458,0.21104000000000003,0.14399999999999996,0.023119999999999995,0.9240000000000002,0.006,0.2654205607476635
gemma-31b,political,fitted,er,100,0.25,0.0,10,10,30000048,False,0.259,-0.11100000000000002,0.08002000000000002,0.142,0.020999999999999998,0.9390000000000003,0.007,0.31025
gemma-31b,political,fitted,er,100,0.25,0.0,10,10,30000049,False,0.29700000000000004,-0.19899999999999998,0.12918000000000002,0.20600000000000002,0.045799999999999993,0.889,0.0105,0.2868571428571428
gemma-31b,political,fitted,er,100,0.25,0.0,10,10,30000057,False,0.253,-0.143,0.08693999999999999,0.16999999999999998,0.034679999999999996,0.8810000000000002,0.0115,0.3122950819672132
gemma-31b,political,fitted,er,100,0.25,0.0,10,10,30000065,False,0.41999999999999993,-0.25799999999999995,0.2468,0.076,0.00776,0.8460000000000001,0.014,0.32938144329896896
gemma-31b,political,fitted,er,100,0.25,0.0,10,10,30000073,False,0.399,0.399,0.1933,0.162,0.027240000000000004,0.905,0.01,0.2701970443349754
gemma-31b,political,fitted,er,100,0.25,0.0,10,10,30000081,False,0.28400000000000003,-0.28400000000000003,0.08244,0.10400000000000001,0.011120000000000001,0.95,0.005,0.28698224852071
gemma-31b,political,fitted,er,100,0.25,0.0,10,10,30000089,False,0.32,0.094,0.11195999999999999,0.176,0.03368,0.9299999999999999,0.008,0.2852777777777777
gemma-31b,political,fitted,er,100,0.25,0.0,10,10,30000097,False,0.10200000000000001,0.10200000000000001,0.01844,0.248,0.06423999999999999,0.882,0.0085,0.26276041666666666
gemma-31b,political,fitted,er,100,0.25,0.0,10,10,30000098,False,0.318,-0.242,0.16088,0.064,0.005600000000000001,0.8940000000000001,0.0105,0.25263157894736843
gemma-31b,political,fitted,er,100,0.25,0.0,10,10,30000106,False,0.14299999999999996,-0.14299999999999996,0.0269,0.266,0.07092000000000001,0.975,0.0045,0.30126262626262623
gemma-31b,political,fitted,er,100,0.25,0.0,10,10,30000114,False,0.318,0.318,0.17204,0.284,0.0816,0.962,0.0035,0.2745000000000001
gemma-31b,political,fitted,er,100,0.25,0.0,10,10,30000122,False,0.16999999999999998,-0.16999999999999998,0.03132,0.11200000000000002,0.01328,0.8939999999999998,0.0075,0.33233830845771145
gemma-31b,political,fitted,er,100,0.25,0.0,10,10,30000130,False,0.438,0.336,0.30576,0.036000000000000004,0.0016799999999999999,0.9339999999999999,0.005,0.26508379888268163
gemma-31b,political,fitted,er,100,0.25,0.0,10,10,30000138,False,0.5589999999999999,-0.24299999999999997,0.3721,0.254,0.06516000000000001,0.943,0.006,0.26751269035533
gemma-31b,political,fitted,er,100,0.25,0.0,10,10,30000146,False,0.173,0.047,0.03246,0.16999999999999998,0.030440000000000002,0.889,0.012,0.27277486910994764
gemma-31b,political,fitted,er,100,0.25,0.0,10,10,30000147,False,0.048,0.028000000000000004,0.00324,0.07200000000000001,0.0061600000000000005,0.968,0.0035,0.2950738916256158
gemma-31b,political,fitted,er,100,0.25,0.0,10,10,30000155,False,0.574,0.23399999999999999,0.38532,0.344,0.1204,0.9139999999999999,0.0075,0.24281609195402293
gemma-31b,political,fitted,er,100,0.25,0.0,10,10,30000163,False,0.23899999999999996,0.10300000000000001,0.06802000000000001,0.31399999999999995,0.09915999999999998,0.9530000000000001,0.004,0.2811855670103092
gemma-31b,political,fitted,er,100,0.25,0.0,10,10,30000171,False,0.094,0.094,0.00944,0.03200000000000001,0.0016,0.9360000000000002,0.0055,0.30632183908045973
gemma-31b,political,fitted,er,100,0.25,0.0,10,10,30000179,False,0.361,0.361,0.14714,0.066,0.00516,0.951,0.005,0.275735294117647
gemma-31b,political,fitted,er,100,0.25,0.0,10,10,30000187,False,0.223,0.011,0.0505,0.254,0.0646,0.9329999999999998,0.0065,0.30753424657534245
gemma-31b,political,fitted,er,100,0.25,0.0,10,10,30000195,False,0.4889999999999999,0.177,0.27122,0.202,0.043800000000000006,0.9450000000000001,0.0055,0.26761658031088087
gemma-31b,political,fitted,er,100,0.25,0.0,10,10,30000196,False,0.17399999999999996,-0.17399999999999996,0.034719999999999994,0.012,0.00032,0.9759999999999998,0.0025,0.2903225806451613
gemma-31b,political,fitted,er,100,0.25,0.0,10,10,30000204,False,0.41200000000000003,-0.08600000000000001,0.17868,0.11200000000000002,0.01584,0.9279999999999997,0.0065,0.2759459459459459
gemma-31b,political,fitted,er,100,0.25,0.0,10,10,30000212,False,0.40499999999999997,-0.329,0.27249999999999996,0.11000000000000001,0.012680000000000002,0.9410000000000001,0.0055,0.3060679611650485
gemma-31b,political,fitted,er,100,0.25,0.0,10,10,30000220,False,0.31999999999999995,0.31999999999999995,0.16892000000000001,0.09200000000000001,0.012,0.8959999999999999,0.009,0.28719806763285016
gemma-31b,political,fitted,er,100,0.25,0.0,10,10,30000228,False,0.40800000000000003,-0.40800000000000003,0.18580000000000002,0.348,0.13008,0.906,0.0095,0.26350710900473934
gemma-31b,political,fitted,er,100,0.25,0.0,10,10,30000236,False,0.41600000000000004,0.13199999999999998,0.19072000000000003,0.048,0.00248,0.9380000000000001,0.0065,0.29289772727272734
gemma-31b,political,fitted,er,100,0.25,0.0,10,10,30000244,False,0.46099999999999997,-0.393,0.36754000000000003,0.10600000000000001,0.01268,0.951,0.0055,0.2725118483412322
gemma-31b,political,fitted,er,100,0.25,0.0,10,10,30000245,False,0.37800000000000006,-0.186,0.18048,0.184,0.03736,0.9099999999999999,0.008,0.26605263157894743
gemma-31b,political,fitted,er,100,0.25,0.0,10,10,30000253,False,0.146,-0.146,0.024560000000000005,0.016,0.0007199999999999999,0.952,0.004,0.2859116022099447
gemma-31b,political,fitted,er,100,0.25,0.0,10,10,30000261,False,0.41500000000000004,-0.217,0.22106000000000003,0.258,0.06756,0.8949999999999999,0.008,0.29489247311827965
gemma-31b,political,fitted,er,100,0.25,0.0,10,10,30000269,False,0.20400000000000001,-0.18799999999999997,0.07724000000000002,0.02,0.0007199999999999999,0.982,0.0025,0.31839378238341975
gemma-31b,political,fitted,er,100,0.25,0.0,10,10,30000277,False,0.36000000000000004,-0.004000000000000001,0.13180000000000003,0.25200000000000006,0.06536,0.8540000000000001,0.0135,0.30079787234042554
gemma-31b,political,fitted,rrg,100,0.0,0.0,10,10,30000005,False,0.215,0.11700000000000002,0.06042000000000001,0.414,0.173,0.8949999999999999,0.01,0.23249999999999998
gemma-31b,political,fitted,rrg,100,0.0,0.0,10,10,30000013,False,0.14300000000000007,0.14300000000000007,0.03926,0.28600000000000003,0.08188000000000002,0.9930000000000001,0.0005,0.22500000000000003
gemma-31b,political,fitted,rrg,100,0.0,0.0,10,10,30000014,False,0.211,-0.211,0.05698000000000001,0.006,0.00012000000000000002,0.9910000000000002,0.001,0.20500000000000002
gemma-31b,political,fitted,rrg,100,0.0,0.0,10,10,30000022,False,0.28300000000000003,-0.141,0.10022,0.16199999999999998,0.02644,0.9629999999999999,0.0035,0.18899999999999997
gemma-31b,political,fitted,rrg,100,0.0,0.0,10,10,30000030,False,0.4090000000000001,0.4090000000000001,0.16738000000000003,0.17799999999999996,0.03171999999999999,0.9790000000000003,0.0015,0.22000000000000003
gemma-31b,political,fitted,rrg,100,0.0,0.0,10,10,30000038,False,0.35999999999999993,-0.06000000000000001,0.13319999999999999,0.19999999999999998,0.040000000000000015,1.0,0.0,0.23499999999999993
gemma-31b,political,fitted,rrg,100,0.0,0.0,10,10,30000046,False,0.261,0.14700000000000002,0.08998000000000002,0.166,0.027800000000000002,0.9890000000000001,0.003,0.2505
gemma-31b,political,fitted,rrg,100,0.0,0.0,10,10,30000054,False,0.6060000000000001,0.6060000000000001,0.47763999999999995,0.33199999999999996,0.11063999999999999,0.95,0.004,0.1335
gemma-31b,political,fitted,rrg,100,0.0,0.0,10,10,30000062,False,0.31199999999999994,-0.31199999999999994,0.15536,0.3200000000000001,0.10368000000000002,0.9800000000000001,0.002,0.175
gemma-31b,political,fitted,rrg,100,0.0,0.0,10,10,30000063,False,0.728,0.728,0.5418799999999999,0.45599999999999996,0.21168,0.9620000000000001,0.004,0.09049999999999998
gemma-31b,political,fitted,rrg,100,0.0,0.0,10,10,30000071,False,0.576,0.28200000000000003,0.41312,0.152,0.029359999999999997,0.924,0.0065,0.12900000000000003
gemma-31b,political,fitted,rrg,100,0.0,0.0,10,10,30000079,False,0.403,0.403,0.19114,0.41,0.1682,0.9350000000000002,0.008,0.20800000000000002
gemma-31b,political,fitted,rrg,100,0.0,0.0,10,10,30000087,False,0.18199999999999997,-0.18199999999999997,0.04316000000000001,0.036000000000000004,0.00216,0.9699999999999998,0.003,0.22200000000000003
gemma-31b,political,fitted,rrg,100,0.0,0.0,10,10,30000095,False,0.304,-0.304,0.09340000000000001,0.031999999999999994,0.0016,0.962,0.0055,0.213
gemma-31b,political,fitted,rrg,100,0.0,0.0,10,10,30000103,False,0.27399999999999997,0.020000000000000004,0.07608000000000001,0.176,0.03184,0.976,0.003,0.22750000000000004
gemma-31b,political,fitted,rrg,100,0.0,0.0,10,10,30000111,False,0.38199999999999995,-0.38199999999999995,0.14644000000000001,0.15599999999999997,0.024400000000000005,0.9820000000000002,0.001,0.17500000000000002
gemma-31b,political,fitted,rrg,100,0.0,0.0,10,10,30000112,False,0.344,0.15199999999999997,0.14204,0.16,0.028320000000000005,0.93,0.0045,0.21549999999999997
gemma-31b,political,fitted,rrg,100,0.0,0.0,10,10,30000120,False,0.43200000000000005,0.17999999999999997,0.21988,0.31199999999999994,0.09808000000000001,0.9299999999999999,0.009,0.1855
gemma-31b,political,fitted,rrg,100,0.0,0.0,10,10,30000128,False,0.54,0.10400000000000001,0.30432000000000003,0.4039999999999999,0.16856,0.922,0.0075,0.16249999999999998
gemma-31b,political,fitted,rrg,100,0.0,0.0,10,10,30000136,False,0.14899999999999997,-0.14899999999999997,0.029619999999999997,0.017999999999999995,0.0006000000000000001,0.969,0.004,0.21800000000000005
gemma-31b,political,fitted,rrg,100,0.0,0.0,10,10,30000144,False,0.08499999999999999,-0.04700000000000001,0.009540000000000002,0.26199999999999996,0.06996,0.9490000000000001,0.0045,0.19099999999999998
gemma-31b,political,fitted,rrg,100,0.0,0.0,10,10,30000152,False,0.515,-0.211,0.31038000000000004,0.34199999999999997,0.11723999999999998,0.905,0.006,0.17200000000000001
gemma-31b,political,fitted,rrg,100,0.0,0.0,10,10,30000160,False,0.256,0.148,0.08808,0.06400000000000002,0.00448,0.952,0.0045,0.23649999999999993
gemma-31b,political,fitted,rrg,100,0.0,0.0,10,10,30000161,False,0.21400000000000002,-0.21400000000000002,0.05752,0.176,0.03111999999999999,0.9959999999999999,0.0015,0.23149999999999998
gemma-31b,political,fitted,rrg,100,0.0,0.0,10,10,30000169,False,0.26800000000000007,0.26800000000000007,0.11439999999999999,0.027999999999999997,0.0010400000000000001,0.9820000000000002,0.0035,0.194
gemma-31b,political,fitted,rrg,100,0.0,0.0,10,10,30000177,False,0.10600000000000001,0.10600000000000001,0.01868,0.09199999999999998,0.008560000000000002,0.9860000000000001,0.001,0.23000000000000004
gemma-31b,political,fitted,rrg,100,0.0,0.0,10,10,30000185,False,0.31399999999999995,0.12600000000000003,0.11452,0.14799999999999996,0.022000000000000006,0.9960000000000001,0.0015,0.22500000000000003
gemma-31b,political,fitted,rrg,100,0.0,0.0,10,10,30000193,False,0.25599999999999995,0.25599999999999995,0.06720000000000001,0.12800000000000003,0.01648,0.99,0.0015,0.24000000000000005
gemma-31b,political,fitted,rrg,100,0.0,0.0,10,10,30000201,False,0.18599999999999997,-0.08,0.0412,0.06400000000000002,0.00456,0.9460000000000001,0.005,0.2225
gemma-31b,political,fitted,rrg,100,0.0,0.0,10,10,30000209,False,0.207,0.095,0.0521,0.12200000000000003,0.017719999999999996,0.9250000000000002,0.006,0.22800000000000004
gemma-31b,political,fitted,rrg,100,0.0,0.0,10,10,30000210,False,0.491,0.305,0.33502,0.13000000000000003,0.01756,0.9649999999999999,0.0035,0.185
gemma-31b,political,fitted,rrg,100,0.0,0.0,10,10,30000218,False,0.5129999999999999,-0.11699999999999997,0.28078000000000003,0.082,0.011880000000000002,0.907,0.01,0.18799999999999997
gemma-31b,political,fitted,rrg,100,0.0,0.0,10,10,30000226,False,0.28900000000000003,-0.28900000000000003,0.11542,0.20599999999999996,0.043160000000000004,0.9709999999999999,0.003,0.23749999999999996
gemma-31b,political,fitted,rrg,100,0.0,0.0,10,10,30000234,False,0.19199999999999998,0.144,0.05808000000000001,0.15200000000000002,0.023360000000000002,0.9460000000000001,0.0045,0.2185
gemma-31b,political,fitted,rrg,100,0.0,0.0,10,10,30000242,False,0.151,0.151,0.025619999999999997,0.158,0.025240000000000002,0.9570000000000001,0.005,0.26000000000000006
gemma-31b,political,fitted,rrg,100,0.0,0.0,10,10,30000250,False,0.13599999999999998,0.13599999999999998,0.02064,0.012,0.0003200000000000001,0.9320000000000002,0.0065,0.24700000000000005
gemma-31b,political,fitted,rrg,100,0.0,0.0,10,10,30000258,False,0.15699999999999997,-0.11499999999999999,0.03734000000000001,0.15,0.022600000000000006,0.9570000000000001,0.004,0.2375
gemma-31b,political,fitted,rrg,100,0.0,0.0,10,10,30000259,False,0.21399999999999997,-0.15999999999999998,0.07203999999999999,0.17600000000000002,0.0328,0.942,0.006,0.21950000000000003
gemma-31b,political,fitted,rrg,100,0.0,0.0,10,10,30000267,False,0.9059999999999999,-0.9059999999999999,0.8270399999999999,0.812,0.6681600000000001,0.8639999999999999,0.0095,0.04900000000000001
gemma-31b,political,fitted,rrg,100,0.0,0.0,10,10,30000275,False,0.11099999999999999,-0.11099999999999999,0.019219999999999998,0.030000000000000006,0.0013999999999999998,0.969,0.0025,0.242
gemma-31b,political,fitted,rrg,100,0.25,0.0,10,10,30000003,False,0.30799999999999994,0.30799999999999994,0.19016000000000005,0.07999999999999999,0.0068800000000000016,0.954,0.0035,0.25999999999999995
gemma-31b,political,fitted,rrg,100,0.25,0.0,10,10,30000011,False,0.191,-0.191,0.037820000000000006,0.046,0.0027600000000000003,0.9329999999999998,0.0065,0.32599999999999996
gemma-31b,political,fitted,rrg,100,0.25,0.0,10,10,30000019,False,0.43899999999999995,-0.038999999999999986,0.19426000000000004,0.002,4e-05,0.9810000000000002,0.001,0.25549999999999995
gemma-31b,political,fitted,rrg,100,0.25,0.0,10,10,30000027,False,0.24000000000000005,-0.24000000000000005,0.10148000000000001,0.31199999999999994,0.09776000000000001,0.9339999999999999,0.007,0.261
gemma-31b,political,fitted,rrg,100,0.25,0.0,10,10,30000028,False,0.02,-3.4694469519536144e-19,0.00056,0.03200000000000001,0.0015999999999999996,0.97,0.0025,0.29799999999999993
gemma-31b,political,fitted,rrg,100,0.25,0.0,10,10,30000036,False,0.33799999999999997,-0.33799999999999997,0.19211999999999999,0.13200000000000003,0.01752,0.932,0.0045,0.26750000000000007
gemma-31b,political,fitted,rrg,100,0.25,0.0,10,10,30000044,False,0.07799999999999999,0.07799999999999999,0.00736,0.236,0.05608,0.9079999999999998,0.0065,0.291
gemma-31b,political,fitted,rrg,100,0.25,0.0,10,10,30000052,False,0.089,-0.089,0.008740000000000001,0.27799999999999997,0.07972,0.9530000000000001,0.0065,0.3015
gemma-31b,political,fitted,rrg,100,0.25,0.0,10,10,30000060,False,0.271,-0.09899999999999999,0.08422,0.11800000000000002,0.01476,0.925,0.007,0.329
gemma-31b,political,fitted,rrg,100,0.25,0.0,10,10,30000068,False,0.351,0.351,0.13022,0.40599999999999997,0.16771999999999998,0.9149999999999998,0.0075,0.30399999999999994
gemma-31b,political,fitted,rrg,100,0.25,0.0,10,10,30000076,False,0.23500000000000001,0.23500000000000001,0.0605,0.074,0.00668,0.9069999999999998,0.008,0.3285
gemma-31b,political,fitted,rrg,100,0.25,0.0,10,10,30000077,False,0.11699999999999999,-0.05500000000000001,0.01678,0.006,0.00012000000000000002,0.9410000000000001,0.0045,0.28500000000000003
gemma-31b,political,fitted,rrg,100,0.25,0.0,10,10,30000085,False,0.5359999999999999,0.5359999999999999,0.30728,0.284,0.08096,0.9280000000000002,0.006,0.27
gemma-31b,political,fitted,rrg,100,0.25,0.0,10,10,30000093,False,0.35700000000000004,-0.34700000000000003,0.24533999999999997,0.082,0.007160000000000002,0.8989999999999998,0.0075,0.28650000000000003
gemma-31b,political,fitted,rrg,100,0.25,0.0,10,10,30000101,False,0.23499999999999996,0.23499999999999996,0.06030000000000002,0.07399999999999998,0.0064399999999999995,0.9490000000000001,0.0055,0.2700000000000001
gemma-31b,political,fitted,rrg,100,0.25,0.0,10,10,30000109,False,0.11299999999999999,-0.049,0.01562,0.49800000000000005,0.24956,0.953,0.0045,0.2700000000000001
gemma-31b,political,fitted,rrg,100,0.25,0.0,10,10,30000117,False,0.18599999999999997,0.18599999999999997,0.0396,0.33199999999999996,0.11056000000000002,0.9400000000000001,0.0065,0.2895
gemma-31b,political,fitted,rrg,100,0.25,0.0,10,10,30000125,False,0.258,-0.19399999999999998,0.10460000000000003,0.33199999999999996,0.11144000000000003,0.9380000000000001,0.005,0.29699999999999993
gemma-31b,political,fitted,rrg,100,0.25,0.0,10,10,30000126,False,0.425,0.18099999999999997,0.21406,0.15,0.022600000000000006,0.9649999999999999,0.0035,0.28250000000000003
gemma-31b,political,fitted,rrg,100,0.25,0.0,10,10,30000134,False,0.33199999999999996,-0.33199999999999996,0.11488000000000001,0.08399999999999999,0.007360000000000001,0.9359999999999999,0.005,0.24650000000000008
gemma-31b,political,fitted,rrg,100,0.25,0.0,10,10,30000142,False,0.211,0.211,0.07182,0.09,0.008360000000000003,0.9850000000000001,0.001,0.28150000000000003
gemma-31b,political,fitted,rrg,100,0.25,0.0,10,10,30000150,False,0.287,-0.287,0.08850000000000001,0.022,0.00068,0.8949999999999999,0.013,0.23899999999999996
gemma-31b,political,fitted,rrg,100,0.25,0.0,10,10,30000158,False,0.49099999999999994,-0.209,0.28525999999999996,0.16599999999999998,0.02772,0.959,0.003,0.29599999999999993
gemma-31b,political,fitted,rrg,100,0.25,0.0,10,10,30000166,False,0.13799999999999998,-0.005999999999999998,0.019280000000000002,0.019999999999999997,0.0006400000000000002,0.9460000000000001,0.0055,0.305
gemma-31b,political,fitted,rrg,100,0.25,0.0,10,10,30000174,False,0.207,0.207,0.044020000000000004,0.23399999999999999,0.05499999999999999,0.967,0.0035,0.321
gemma-31b,political,fitted,rrg,100,0.25,0.0,10,10,30000175,False,0.23200000000000004,0.23200000000000004,0.06544,0.11200000000000002,0.013519999999999999,0.938,0.005,0.3175
gemma-31b,political,fitted,rrg,100,0.25,0.0,10,10,30000183,False,0.207,0.149,0.06545999999999999,0.142,0.021399999999999995,0.9709999999999999,0.0025,0.26850000000000007
gemma-31b,political,fitted,rrg,100,0.25,0.0,10,10,30000191,False,0.146,0.146,0.021680000000000005,0.13200000000000003,0.01768,0.946,0.005,0.29100000000000004
gemma-31b,political,fitted,rrg,100,0.25,0.0,10,10,30000199,False,0.364,0.144,0.15348,0.028000000000000004,0.0009599999999999997,0.966,0.0045,0.29100000000000004
gemma-31b,political,fitted,rrg,100,0.25,0.0,10,10,30000207,False,0.152,-0.03400000000000001,0.02472,0.019999999999999997,0.00064,0.9520000000000002,0.006,0.2875
gemma-31b,political,fitted,rrg,100,0.25,0.0,10,10,30000215,False,0.40499999999999997,-0.40499999999999997,0.1651,0.27,0.07332,0.9410000000000001,0.006,0.295
gemma-31b,political,fitted,rrg,100,0.25,0.0,10,10,30000223,False,0.26700000000000007,0.26700000000000007,0.0863,0.01,0.00028000000000000003,0.9429999999999998,0.0035,0.2955
gemma-31b,political,fitted,rrg,100,0.25,0.0,10,10,30000224,False,0.08299999999999999,-0.08299999999999999,0.0085,0.30600000000000005,0.09404,0.9570000000000001,0.004,0.27549999999999997
gemma-31b,political,fitted,rrg,100,0.25,0.0,10,10,30000232,False,0.123,0.073,0.020620000000000003,0.16999999999999998,0.029160000000000002,0.9189999999999999,0.008,0.304
gemma-31b,political,fitted,rrg,100,0.25,0.0,10,10,30000240,False,0.051000000000000004,0.045,0.0047799999999999995,0.12999999999999998,0.017640000000000003,0.9669999999999999,0.005,0.24800000000000005
gemma-31b,political,fitted,rrg,100,0.25,0.0,10,10,30000248,False,0.25599999999999995,0.05600000000000001,0.06884000000000001,0.27999999999999997,0.07936000000000001,0.9800000000000001,0.002,0.3155
gemma-31b,political,fitted,rrg,100,0.25,0.0,10,10,30000256,False,0.09499999999999999,-0.09499999999999999,0.009899999999999997,0.198,0.04036000000000001,0.9069999999999998,0.0065,0.2915
gemma-31b,political,fitted,rrg,100,0.25,0.0,10,10,30000264,False,0.4210000000000001,0.029000000000000005,0.17826,0.066,0.00524,0.9489999999999998,0.0035,0.28950000000000004
gemma-31b,political,fitted,rrg,100,0.25,0.0,10,10,30000272,False,0.217,-0.121,0.06226,0.202,0.041240000000000006,0.9470000000000001,0.0065,0.284
gemma-31b,political,fitted,rrg,100,0.25,0.0,10,10,30000273,False,0.12800000000000003,-0.12200000000000003,0.025,0.064,0.00592,0.9339999999999999,0.006,0.286
gemma-31b,political,fitted,er,100,0.0,0.0,10,10,30000001,True,0.11499999999999999,-0.07899999999999999,0.0205,0.07,0.00668,0.893,0.0095,0.22292682926829271
gemma-31b,political,fitted,er,100,0.0,0.0,10,10,30000009,True,0.41000000000000003,-0.41000000000000003,0.17220000000000002,0.344,0.12008,0.96,0.0035,0.1804761904761905
gemma-31b,political,fitted,er,100,0.0,0.0,10,10,30000017,True,0.10299999999999998,-0.10299999999999998,0.017460000000000003,0.11800000000000002,0.015160000000000002,0.913,0.008,0.2629441624365483
gemma-31b,political,fitted,er,100,0.0,0.0,10,10,30000025,True,0.5660000000000001,-0.5660000000000001,0.354,0.31199999999999994,0.10151999999999999,0.8859999999999999,0.0085,0.15602094240837697
gemma-31b,political,fitted,er,100,0.0,0.0,10,10,30000033,True,0.34700000000000003,-0.319,0.22010000000000002,0.026000000000000002,0.00116,0.897,0.0095,0.16467661691542287
gemma-31b,political,fitted,er,100,0.0,0.0,10,10,30000041,True,0.229,0.137,0.07146,0.08600000000000001,0.00876,0.9029999999999999,0.007,0.18551136363636367
gemma-31b,political,fitted,er,100,0.0,0.0,10,10,30000042,True,0.36,0.11399999999999999,0.14504,0.25199999999999995,0.06376000000000001,0.9120000000000001,0.0095,0.1982233502538071
gemma-31b,political,fitted,er,100,0.0,0.0,10,10,30000050,True,0.484,-0.484,0.24447999999999998,0.12000000000000002,0.015200000000000002,0.8979999999999999,0.011,0.16999999999999998
gemma-31b,political,fitted,er,100,0.0,0.0,10,10,30000058,True,0.072,-0.05,0.00728,0.12800000000000003,0.016640000000000002,0.9359999999999999,0.007,0.22619047619047614
gemma-31b,political,fitted,er,100,0.0,0.0,10,10,30000066,True,0.353,-0.353,0.12562,0.11000000000000001,0.01524,0.9209999999999999,0.0075,0.24257425742574262
gemma-31b,political,fitted,er,100,0.0,0.0,10,10,30000074,True,0.06599999999999999,-0.038,0.0064,0.08399999999999999,0.007760000000000001,0.944,0.005,0.25096618357487926
gemma-31b,political,fitted,er,100,0.0,0.0,10,10,30000082,True,0.254,-0.254,0.07484000000000002,0.36399999999999993,0.13288000000000003,0.9440000000000002,0.0065,0.23095238095238096
gemma-31b,political,fitted,er,100,0.0,0.0,10,10,30000090,True,0.465,-0.465,0.22642,0.23399999999999999,0.05491999999999999,0.891,0.0085,0.15162162162162168
gemma-31b,political,fitted,er,100,0.0,0.0,10,10,30000091,True,0.358,0.358,0.13192,0.028000000000000004,0.00112,0.9179999999999999,0.007,0.18485576923076924
gemma-31b,political,fitted,er,100,0.0,0.0,10,10,30000099,True,0.57,0.258,0.39684,0.252,0.06536,0.836,0.016,0.14024390243902443
gemma-31b,political,fitted,er,100,0.0,0.0,10,10,30000107,True,0.4,0.4,0.18308,0.096,0.00952,0.9080000000000001,0.0105,0.19384615384615383
gemma-31b,political,fitted,er,100,0.0,0.0,10,10,30000115,True,0.27599999999999997,0.26799999999999996,0.14828,0.12799999999999997,0.02696,0.8859999999999999,0.0105,0.21148325358851672
gemma-31b,political,fitted,er,100,0.0,0.0,10,10,30000123,True,0.5279999999999999,0.5279999999999999,0.32143999999999995,0.304,0.10647999999999999,0.852,0.0145,0.16517412935323383
gemma-31b,political,fitted,er,100,0.0,0.0,10,10,30000131,True,0.43999999999999995,-0.011999999999999997,0.19568000000000002,0.13200000000000003,0.01784,0.9040000000000001,0.009,0.18624338624338624
gemma-31b,political,fitted,er,100,0.0,0.0,10,10,30000139,True,0.148,-0.148,0.027959999999999995,0.2,0.04528,0.9319999999999998,0.008,0.21136363636363636
gemma-31b,political,fitted,er,100,0.0,0.0,10,10,30000140,True,0.151,-0.10500000000000001,0.034420000000000006,0.08199999999999999,0.00676,0.945,0.0045,0.2230582524271844
gemma-31b,political,fitted,er,100,0.0,0.0,10,10,30000148,True,0.421,0.191,0.21894,0.24199999999999994,0.060039999999999996,0.8950000000000001,0.0115,0.16081081081081083
gemma-31b,political,fitted,er,100,0.0,0.0,10,10,30000156,True,0.189,0.189,0.044700000000000004,0.022,0.00068,0.8809999999999999,0.0125,0.22842105263157894
gemma-31b,political,fitted,er,100,0.0,0.0,10,10,30000164,True,0.26799999999999996,-0.118,0.08876,0.36799999999999994,0.13664,0.8880000000000001,0.0105,0.22967289719626166
gemma-31b,political,fitted,er,100,0.0,0.0,10,10,30000172,True,0.6200000000000001,0.6200000000000001,0.44408000000000003,0.33199999999999996,0.11295999999999999,0.8979999999999999,0.009,0.0972972972972973
gemma-31b,political,fitted,er,100,0.0,0.0,10,10,30000180,True,0.437,0.40700000000000003,0.35629999999999995,0.09799999999999998,0.009960000000000004,0.843,0.0125,0.1563186813186813
gemma-31b,political,fitted,er,100,0.0,0.0,10,10,30000188,True,0.661,0.661,0.44125999999999993,0.446,0.20004,0.8330000000000002,0.0115,0.12109375
gemma-31b,political,fitted,er,100,0.0,0.0,10,10,30000189,True,0.5519999999999998,0.5519999999999998,0.35984,0.192,0.03872,0.906,0.011,0.13636363636363638
gemma-31b,political,fitted,er,100,0.0,0.0,10,10,30000197,True,0.333,-0.313,0.20926,0.14999999999999997,0.022840000000000006,0.9809999999999999,0.0035,0.1648876404494382
gemma-31b,political,fitted,er,100,0.0,0.0,10,10,30000205,True,0.8830000000000002,0.0009999999999999953,0.7809400000000002,0.8099999999999999,0.6575599999999998,0.9270000000000002,0.0055,0.037871287128712884
gemma-31b,political,fitted,er,100,0.0,0.0,10,10,30000213,True,0.19999999999999998,-0.19999999999999998,0.040839999999999994,0.43599999999999994,0.19168,0.9540000000000001,0.0045,0.22262569832402238
gemma-31b,political,fitted,er,100,0.0,0.0,10,10,30000221,True,0.22599999999999998,0.054000000000000006,0.05551999999999999,0.22000000000000003,0.04903999999999999,0.922,0.0095,0.23036649214659688
gemma-31b,political,fitted,er,100,0.0,0.0,10,10,30000229,True,0.5650000000000001,-0.5650000000000001,0.35725999999999997,0.53,0.28212,0.9429999999999998,0.0075,0.1262135922330097
gemma-31b,political,fitted,er,100,0.0,0.0,10,10,30000237,True,0.10900000000000001,0.10500000000000001,0.02074,0.018,0.00068,0.9209999999999999,0.007,0.23661616161616164
gemma-31b,political,fitted,er,100,0.0,0.0,10,10,30000238,True,0.371,-0.371,0.19118000000000004,0.13400000000000004,0.018600000000000002,0.8870000000000001,0.0125,0.21338383838383837
gemma-31b,political,fitted,er,100,0.0,0.0,10,10,30000246,True,0.32999999999999996,0.32999999999999996,0.1096,0.3479999999999999,0.12199999999999997,0.9400000000000001,0.0045,0.18191489361702123
gemma-31b,political,fitted,er,100,0.0,0.0,10,10,30000254,True,0.565,0.02699999999999998,0.32433999999999996,0.36999999999999994,0.13732000000000003,0.9469999999999998,0.007,0.16051401869158877
gemma-31b,political,fitted,er,100,0.0,0.0,10,10,30000262,True,0.19999999999999998,0.19999999999999998,0.055200000000000006,0.036,0.0016,0.952,0.005,0.21052631578947373
gemma-31b,political,fitted,er,100,0.0,0.0,10,10,30000270,True,0.558,0.558,0.47687999999999986,0.128,0.017599999999999998,0.9280000000000002,0.006,0.12417061611374407
gemma-31b,political,fitted,er,100,0.0,0.0,10,10,30000278,True,0.38800000000000007,-0.08999999999999998,0.15868000000000002,0.10800000000000001,0.011920000000000004,0.958,0.003,0.1924083769633508
gemma-31b,political,fitted,er,100,0.25,0.0,10,10,30000006,True,0.16399999999999998,0.11400000000000002,0.040080000000000005,0.172,0.030400000000000003,0.93,0.005,0.3274869109947644
gemma-31b,political,fitted,er,100,0.25,0.0,10,10,30000007,True,0.28400000000000003,-0.28400000000000003,0.08812,0.10400000000000001,0.011280000000000004,0.8640000000000001,0.011,0.2951456310679611
gemma-31b,political,fitted,er,100,0.25,0.0,10,10,30000015,True,0.5640000000000001,0.5640000000000001,0.3218,0.25600000000000006,0.06664,0.914,0.009,0.2693820224719101
gemma-31b,political,fitted,er,100,0.25,0.0,10,10,30000023,True,0.23399999999999999,-0.09599999999999997,0.06495999999999999,0.20800000000000002,0.04376000000000001,0.9139999999999999,0.008,0.29221105527638197
gemma-31b,political,fitted,er,100,0.25,0.0,10,10,30000031,True,0.183,-0.175,0.06338,0.27,0.07452,0.885,0.0095,0.2973684210526316
gemma-31b,political,fitted,er,100,0.25,0.0,10,10,30000039,True,0.15300000000000002,-0.15300000000000002,0.0241,0.146,0.021640000000000006,0.943,0.0065,0.28068181818181814
gemma-31b,political,fitted,er,100,0.25,0.0,10,10,30000047,True,0.6020000000000001,0.005999999999999994,0.37044,0.46399999999999997,0.2252,0.876,0.014,0.2778301886792453
gemma-31b,political,fitted,er,100,0.25,0.0,10,10,30000055,True,0.42400000000000004,0.42400000000000004,0.21596,0.344,0.1196,0.9139999999999999,0.0075,0.30372093023255814
gemma-31b,political,fitted,er,100,0.25,0.0,10,10,30000056,True,0.22999999999999998,-0.22999999999999998,0.06264,0.044,0.0022400000000000007,0.9200000000000003,0.006,0.34090909090909094
gemma-31b,political,fitted,er,100,0.25,0.0,10,10,30000064,True,0.147,0.12300000000000003,0.036860000000000004,0.21400000000000002,0.04787999999999999,0.9270000000000002,0.0055,0.32319587628865987
gemma-31b,political,fitted,er,100,0.25,0.0,10,10,30000072,True,0.13499999999999998,0.017000000000000008,0.01886,0.09,0.008360000000000003,0.9750000000000002,0.003,0.2981283422459892
gemma-31b,political,fitted,er,100,0.25,0.0,10,10,30000080,True,0.178,0.02,0.0338,0.12799999999999997,0.01992,0.8699999999999999,0.009,0.3
gemma-31b,political,fitted,er,100,0.25,0.0,10,10,30000088,True,0.40599999999999997,0.40599999999999997,0.20012,0.08,0.00936,0.8539999999999999,0.011,0.3456410256410257
gemma-31b,political,fitted,er,100,0.25,0.0,10,10,30000096,True,0.15100000000000002,0.08499999999999999,0.030180000000000005,0.038,0.0017200000000000004,0.9210000000000003,0.006,0.3081460674157303
gemma-31b,political,fitted,er,100,0.25,0.0,10,10,30000104,True,0.151,-0.147,0.04226,0.046000000000000006,0.0026799999999999997,0.9410000000000001,0.005,0.31269035532994915
gemma-31b,political,fitted,er,100,0.25,0.0,10,10,30000105,True,0.37300000000000005,-0.37300000000000005,0.23986000000000002,0.17400000000000002,0.030679999999999995,0.9449999999999997,0.004,0.26261904761904764
gemma-31b,political,fitted,er,100,0.25,0.0,10,10,30000113,True,0.18599999999999997,0.126,0.0514,0.12799999999999997,0.017920000000000002,0.8939999999999999,0.0115,0.2810055865921788
gemma-31b,political,fitted,er,100,0.25,0.0,10,10,30000121,True,0.469,0.26499999999999996,0.29062,0.03,0.00172,0.951,0.0045,0.2665829145728643
gemma-31b,political,fitted,er,100,0.25,0.0,10,10,30000129,True,0.078,0.06000000000000001,0.009920000000000002,0.076,0.00624,0.9199999999999999,0.009,0.3291666666666667
gemma-31b,political,fitted,er,100,0.25,0.0,10,10,30000137,True,0.724,0.724,0.53704,0.58,0.362,0.8240000000000001,0.016,0.30435779816513764
gemma-31b,political,fitted,er,100,0.25,0.0,10,10,30000145,True,0.25500000000000006,0.05700000000000001,0.06958,0.20999999999999996,0.045079999999999995,0.921,0.0085,0.26469072164948454
gemma-31b,political,fitted,er,100,0.25,0.0,10,10,30000153,True,0.175,0.175,0.05494,0.22200000000000003,0.04964,0.9349999999999999,0.005,0.33571428571428574
gemma-31b,political,fitted,er,100,0.25,0.0,10,10,30000154,True,0.259,0.259,0.07758,0.246,0.06083999999999999,0.961,0.004,0.2845108695652173
gemma-31b,political,fitted,er,100,0.25,0.0,10,10,30000162,True,0.312,-0.09599999999999999,0.10668000000000002,0.10800000000000001,0.01184,0.9780000000000001,0.002,0.30203045685279184
gemma-31b,political,fitted,er,100,0.25,0.0,10,10,30000170,True,0.4959999999999999,0.4959999999999999,0.29656000000000005,0.21200000000000002,0.04664,0.8539999999999999,0.0105,0.28142076502732244
gemma-31b,political,fitted,er,100,0.25,0.0,10,10,30000178,True,0.341,0.341,0.16802,0.12600000000000003,0.016120000000000002,0.925,0.0055,0.2623626373626374
gemma-31b,political,fitted,er,100,0.25,0.0,10,10,30000186,True,0.5440000000000002,0.5440000000000002,0.30667999999999995,0.38,0.14944,0.874,0.01,0.23128342245989306
gemma-31b,political,fitted,er,100,0.25,0.0,10,10,30000194,True,0.348,0.254,0.18724000000000002,0.052000000000000005,0.0032,0.9,0.0085,0.27298578199052137
gemma-31b,political,fitted,er,100,0.25,0.0,10,10,30000202,True,0.16299999999999998,-0.093,0.03554,0.11399999999999999,0.0142,0.9490000000000001,0.005,0.3052941176470588
gemma-31b,political,fitted,er,100,0.25,0.0,10,10,30000203,True,0.11299999999999999,0.11299999999999999,0.02246,0.07799999999999999,0.006680000000000001,0.929,0.0055,0.303076923076923
gemma-31b,political,fitted,er,100,0.25,0.0,10,10,30000211,True,0.091,0.091,0.010060000000000001,0.2859999999999999,0.08324000000000001,0.869,0.011,0.264010989010989
gemma-31b,political,fitted,er,100,0.25,0.0,10,10,30000219,True,0.12600000000000003,0.012000000000000002,0.0162,0.024,0.0008,0.9639999999999999,0.004,0.2995
gemma-31b,political,fitted,er,100,0.25,0.0,10,10,30000227,True,0.18899999999999997,0.18899999999999997,0.036180000000000004,0.21799999999999997,0.047799999999999995,0.9669999999999999,0.0035,0.3317948717948718
gemma-31b,political,fitted,er,100,0.25,0.0,10,10,30000235,True,0.20400000000000001,-0.20400000000000001,0.05064,0.23600000000000004,0.055999999999999994,0.9480000000000001,0.0045,0.25999999999999995
gemma-31b,political,fitted,er,100,0.25,0.0,10,10,30000243,True,0.22400000000000003,0.22400000000000003,0.0526,0.052000000000000005,0.0027999999999999995,0.974,0.003,0.26237623762376244
gemma-31b,political,fitted,er,100,0.25,0.0,10,10,30000251,True,0.09,0.09,0.01032,0.072,0.005760000000000001,0.8960000000000001,0.0075,0.28825136612021857
gemma-31b,political,fitted,er,100,0.25,0.0,10,10,30000252,True,0.318,-0.318,0.10840000000000001,0.368,0.13608,0.9219999999999999,0.007,0.31509900990099005
gemma-31b,political,fitted,er,100,0.25,0.0,10,10,30000260,True,0.10200000000000001,0.10200000000000001,0.011600000000000001,0.172,0.030800000000000004,0.954,0.004,0.2985781990521327
gemma-31b,political,fitted,er,100,0.25,0.0,10,10,30000268,True,0.11500000000000002,-0.07099999999999998,0.01846,0.07400000000000002,0.007000000000000002,0.9390000000000001,0.0055,0.2852150537634409
gemma-31b,political,fitted,er,100,0.25,0.0,10,10,30000276,True,0.191,0.16899999999999998,0.06282000000000001,0.026000000000000002,0.00116,0.9049999999999999,0.007,0.32720588235294124
gemma-31b,political,fitted,rrg,100,0.0,0.0,10,10,30000004,True,0.38900000000000007,0.177,0.18725999999999998,0.22600000000000003,0.05444,0.9190000000000002,0.011,0.21200000000000002
gemma-31b,political,fitted,rrg,100,0.0,0.0,10,10,30000012,True,0.27799999999999997,0.27799999999999997,0.1086,0.2,0.040639999999999996,0.9299999999999999,0.008,0.22450000000000006
gemma-31b,political,fitted,rrg,100,0.0,0.0,10,10,30000020,True,0.37000000000000005,0.33,0.24579999999999996,0.019999999999999997,0.0004000000000000001,1.0,0.0,0.19500000000000003
gemma-31b,political,fitted,rrg,100,0.0,0.0,10,10,30000021,True,0.45899999999999996,0.45899999999999996,0.2333,0.086,0.00876,0.923,0.0055,0.188
gemma-31b,political,fitted,rrg,100,0.0,0.0,10,10,30000029,True,0.054000000000000006,0.041999999999999996,0.00484,0.11600000000000002,0.013760000000000003,0.9719999999999999,0.0025,0.23499999999999993
gemma-31b,political,fitted,rrg,100,0.0,0.0,10,10,30000037,True,0.38500000000000006,0.38500000000000006,0.22646000000000002,0.10600000000000001,0.01148,0.9289999999999999,0.0085,0.19200000000000003
gemma-31b,political,fitted,rrg,100,0.0,0.0,10,10,30000045,True,0.07000000000000002,-0.07000000000000002,0.009640000000000001,0.023999999999999997,0.0008,0.97,0.0025,0.263
gemma-31b,political,fitted,rrg,100,0.0,0.0,10,10,30000053,True,0.421,0.421,0.1867,0.16199999999999998,0.02636,0.9629999999999999,0.0025,0.19650000000000006
gemma-31b,political,fitted,rrg,100,0.0,0.0,10,10,30000061,True,0.223,0.029000000000000005,0.05074000000000001,0.10199999999999998,0.010760000000000002,0.961,0.0035,0.22600000000000003
gemma-31b,political,fitted,rrg,100,0.0,0.0,10,10,30000069,True,0.45699999999999996,0.341,0.32677999999999996,0.05800000000000001,0.0047599999999999995,0.943,0.0065,0.149
gemma-31b,political,fitted,rrg,100,0.0,0.0,10,10,30000070,True,0.438,-0.438,0.19235999999999998,0.19599999999999998,0.038480000000000014,0.9800000000000002,0.0015,0.18550000000000005
gemma-31b,political,fitted,rrg,100,0.0,0.0,10,10,30000078,True,0.341,-0.181,0.15038,0.24600000000000005,0.06076,0.9489999999999998,0.004,0.20250000000000004
gemma-31b,political,fitted,rrg,100,0.0,0.0,10,10,30000086,True,0.20600000000000002,0.178,0.07316,0.15600000000000003,0.024640000000000006,0.958,0.006,0.21300000000000002
gemma-31b,political,fitted,rrg,100,0.0,0.0,10,10,30000094,True,0.13799999999999998,0.03799999999999999,0.020679999999999997,0.22800000000000004,0.052079999999999994,0.982,0.0015,0.21200000000000002
gemma-31b,political,fitted,rrg,100,0.0,0.0,10,10,30000102,True,0.29799999999999993,-0.246,0.14956,0.13199999999999998,0.017920000000000002,0.9559999999999998,0.003,0.17650000000000005
gemma-31b,political,fitted,rrg,100,0.0,0.0,10,10,30000110,True,0.277,0.209,0.12118,0.24200000000000005,0.06052,0.951,0.006,0.2165
gemma-31b,political,fitted,rrg,100,0.0,0.0,10,10,30000118,True,0.08299999999999999,0.08299999999999999,0.01042,0.13800000000000004,0.019160000000000003,0.9669999999999999,0.0025,0.24900000000000003
gemma-31b,political,fitted,rrg,100,0.0,0.0,10,10,30000119,True,0.20099999999999998,0.20099999999999998,0.04402000000000001,0.07799999999999999,0.0064399999999999995,0.9810000000000002,0.002,0.21450000000000005
gemma-31b,political,fitted,rrg,100,0.0,0.0,10,10,30000127,True,0.07599999999999998,-0.004,0.005920000000000001,0.16799999999999998,0.028480000000000005,0.974,0.0015,0.22700000000000004
gemma-31b,political,fitted,rrg,100,0.0,0.0,10,10,30000135,True,0.154,0.154,0.02696,0.08800000000000001,0.01048,0.9360000000000002,0.006,0.23049999999999998
gemma-31b,political,fitted,rrg,100,0.0,0.0,10,10,30000143,True,0.26000000000000006,-0.15799999999999997,0.0932,0.044,0.00208,0.97,0.0035,0.22350000000000003
gemma-31b,political,fitted,rrg,100,0.0,0.0,10,10,30000151,True,0.36700000000000005,-0.36700000000000005,0.20454000000000003,0.07000000000000002,0.005560000000000001,0.9129999999999999,0.01,0.20950000000000002
gemma-31b,political,fitted,rrg,100,0.0,0.0,10,10,30000159,True,0.41100000000000014,0.05299999999999999,0.17258,0.30599999999999994,0.09387999999999999,0.897,0.0095,0.197
gemma-31b,political,fitted,rrg,100,0.0,0.0,10,10,30000167,True,0.10599999999999998,0.10599999999999998,0.01696,0.37599999999999995,0.14232,0.95,0.005,0.24800000000000005
gemma-31b,political,fitted,rrg,100,0.0,0.0,10,10,30000168,True,0.21600000000000003,-0.094,0.05628,0.12400000000000003,0.01568,0.9400000000000001,0.006,0.2165
gemma-31b,political,fitted,rrg,100,0.0,0.0,10,10,30000176,True,0.322,-0.322,0.10436000000000001,0.032,0.0016,0.9159999999999998,0.0085,0.2355
gemma-31b,political,fitted,rrg,100,0.0,0.0,10,10,30000184,True,0.20800000000000002,-0.11200000000000002,0.056520000000000015,0.176,0.033600000000000005,0.9519999999999997,0.0035,0.22900000000000004
gemma-31b,political,fitted,rrg,100,0.0,0.0,10,10,30000192,True,0.15799999999999997,0.15799999999999997,0.025120000000000003,0.132,0.01768,0.9659999999999999,0.0035,0.20550000000000002
gemma-31b,political,fitted,rrg,100,0.0,0.0,10,10,30000200,True,0.22800000000000004,-0.22800000000000004,0.060320000000000006,0.028000000000000004,0.0013599999999999997,0.952,0.0055,0.23500000000000001
gemma-31b,political,fitted,rrg,100,0.0,0.0,10,10,30000208,True,0.18499999999999997,-0.18499999999999997,0.052539999999999996,0.08200000000000003,0.007480000000000002,0.977,0.0025,0.25749999999999995
gemma-31b,political,fitted,rrg,100,0.0,0.0,10,10,30000216,True,0.27,-0.16999999999999996,0.1018,0.019999999999999997,0.0004000000000000001,0.99,0.0005,0.20500000000000002
gemma-31b,political,fitted,rrg,100,0.0,0.0,10,10,30000217,True,0.311,0.311,0.14282,0.074,0.006119999999999999,0.9570000000000001,0.0045,0.20400000000000001
gemma-31b,political,fitted,rrg,100,0.0,0.0,10,10,30000225,True,0.539,-0.0069999999999999975,0.29174,0.45,0.20851999999999998,0.9209999999999999,0.0085,0.16199999999999998
gemma-31b,political,fitted,rrg,100,0.0,0.0,10,10,30000233,True,0.31100000000000005,0.31100000000000005,0.13506,0.194,0.038040000000000004,0.9650000000000001,0.0035,0.231
gemma-31b,political,fitted,rrg,100,0.0,0.0,10,10,30000241,True,0.4630000000000001,0.211,0.2591800000000001,0.07400000000000002,0.0064399999999999995,0.9449999999999997,0.004,0.172
gemma-31b,political,fitted,rrg,100,0.0,0.0,10,10,30000249,True,0.13000000000000003,4.163336342344337e-18,0.01716,0.19199999999999998,0.03704,0.968,0.0025,0.25
gemma-31b,political,fitted,rrg,100,0.0,0.0,10,10,30000257,True,0.18299999999999997,0.05500000000000001,0.0369,0.13800000000000004,0.019080000000000007,0.9469999999999998,0.0035,0.25549999999999995
gemma-31b,political,fitted,rrg,100,0.0,0.0,10,10,30000265,True,0.329,0.329,0.11146,0.09799999999999999,0.0098,0.9809999999999999,0.0025,0.21149999999999997
gemma-31b,political,fitted,rrg,100,0.0,0.0,10,10,30000266,True,0.06900000000000002,0.06300000000000001,0.0059,0.094,0.009080000000000003,0.9490000000000001,0.005,0.22799999999999998
gemma-31b,political,fitted,rrg,100,0.0,0.0,10,10,30000274,True,0.371,-0.129,0.15458000000000002,0.10200000000000001,0.011000000000000001,0.9890000000000002,0.0015,0.20800000000000002
gemma-31b,political,fitted,rrg,100,0.25,0.0,10,10,30000002,True,0.21800000000000003,0.14599999999999996,0.06896,0.16,0.025920000000000006,0.9679999999999997,0.0025,0.33599999999999997
gemma-31b,political,fitted,rrg,100,0.25,0.0,10,10,30000010,True,0.15199999999999997,-0.08399999999999999,0.030320000000000003,0.12800000000000003,0.01648,0.966,0.0035,0.31249999999999994
gemma-31b,political,fitted,rrg,100,0.25,0.0,10,10,30000018,True,0.09199999999999997,0.09199999999999997,0.012200000000000003,0.08399999999999999,0.007280000000000002,0.944,0.004,0.31
gemma-31b,political,fitted,rrg,100,0.25,0.0,10,10,30000026,True,0.48200000000000004,0.48200000000000004,0.23328000000000002,0.24799999999999994,0.061919999999999996,0.944,0.004,0.292
gemma-31b,political,fitted,rrg,100,0.25,0.0,10,10,30000034,True,0.37700000000000006,0.030999999999999993,0.14322000000000001,0.19399999999999998,0.038040000000000004,0.9569999999999999,0.003,0.2505
gemma-31b,political,fitted,rrg,100,0.25,0.0,10,10,30000035,True,0.19899999999999998,0.19899999999999998,0.0445,0.01,0.00028000000000000003,0.9650000000000001,0.004,0.3345
gemma-31b,political,fitted,rrg,100,0.25,0.0,10,10,30000043,True,0.32300000000000006,0.229,0.15986,0.062,0.005,0.913,0.0075,0.277
gemma-31b,political,fitted,rrg,100,0.25,0.0,10,10,30000051,True,0.42400000000000004,0.006,0.18072,0.1,0.01168,0.9260000000000002,0.0055,0.28900000000000003
gemma-31b,political,fitted,rrg,100,0.25,0.0,10,10,30000059,True,0.20199999999999996,0.20199999999999996,0.05044,0.11200000000000002,0.015359999999999999,0.974,0.005,0.2915
gemma-31b,political,fitted,rrg,100,0.25,0.0,10,10,30000067,True,0.049,-0.049,0.003660000000000001,0.22199999999999998,0.04956000000000001,0.9809999999999999,0.003,0.3449999999999999
gemma-31b,political,fitted,rrg,100,0.25,0.0,10,10,30000075,True,0.06,-0.06,0.00584,0.09200000000000001,0.011600000000000001,0.9460000000000001,0.006,0.3345
gemma-31b,political,fitted,rrg,100,0.25,0.0,10,10,30000083,True,0.254,0.254,0.06739999999999999,0.372,0.13935999999999998,0.944,0.0055,0.2955
gemma-31b,political,fitted,rrg,100,0.25,0.0,10,10,30000084,True,0.39599999999999996,-0.39599999999999996,0.21608,0.05600000000000001,0.0048000000000000004,0.9259999999999999,0.007,0.28049999999999997
gemma-31b,political,fitted,rrg,100,0.25,0.0,10,10,30000092,True,0.078,0.078,0.00888,0.492,0.24223999999999996,0.932,0.005,0.29800000000000004
gemma-31b,political,fitted,rrg,100,0.25,0.0,10,10,30000100,True,0.5160000000000001,-0.21999999999999997,0.31528,0.27199999999999996,0.07432,0.9620000000000001,0.005,0.25050000000000006
gemma-31b,political,fitted,rrg,100,0.25,0.0,10,10,30000108,True,0.051000000000000004,-0.043,0.00358,0.11400000000000002,0.013640000000000003,0.923,0.007,0.2705000000000001
gemma-31b,political,fitted,rrg,100,0.25,0.0,10,10,30000116,True,0.359,0.359,0.19086000000000003,0.082,0.007639999999999999,0.933,0.0075,0.24299999999999997
gemma-31b,political,fitted,rrg,100,0.25,0.0,10,10,30000124,True,0.20600000000000002,-0.20600000000000002,0.0728,0.13200000000000003,0.0176,0.9719999999999999,0.002,0.29599999999999993
gemma-31b,political,fitted,rrg,100,0.25,0.0,10,10,30000132,True,0.142,0.04599999999999999,0.022359999999999998,0.06000000000000001,0.004239999999999999,0.97,0.0025,0.30350000000000005
gemma-31b,political,fitted,rrg,100,0.25,0.0,10,10,30000133,True,0.29700000000000004,-0.29700000000000004,0.09738000000000002,0.098,0.0098,0.9870000000000003,0.0015,0.286
gemma-31b,political,fitted,rrg,100,0.25,0.0,10,10,30000141,True,0.15899999999999997,0.15899999999999997,0.03846000000000001,0.034,0.00172,0.931,0.0055,0.2655
gemma-31b,political,fitted,rrg,100,0.25,0.0,10,10,30000149,True,0.15499999999999997,-0.15499999999999997,0.024419999999999997,0.28200000000000003,0.08044,0.9429999999999998,0.0045,0.294
gemma-31b,political,fitted,rrg,100,0.25,0.0,10,10,30000157,True,0.07000000000000002,0.07000000000000002,0.009800000000000001,0.019999999999999997,0.0004000000000000001,0.99,0.0005,0.33
gemma-31b,political,fitted,rrg,100,0.25,0.0,10,10,30000165,True,0.15899999999999997,-0.15899999999999997,0.043660000000000004,0.014000000000000002,0.00035999999999999997,0.9809999999999999,0.0025,0.287
gemma-31b,political,fitted,rrg,100,0.25,0.0,10,10,30000173,True,0.086,0.08399999999999999,0.008960000000000001,0.40800000000000003,0.16672000000000003,0.9,0.0075,0.265
gemma-31b,political,fitted,rrg,100,0.25,0.0,10,10,30000181,True,0.06999999999999999,-0.014000000000000002,0.005360000000000001,0.26800000000000007,0.07256,0.95,0.0035,0.28200000000000003
gemma-31b,political,fitted,rrg,100,0.25,0.0,10,10,30000182,True,0.278,0.19199999999999998,0.11479999999999999,0.092,0.009360000000000002,0.9380000000000001,0.0055,0.30800000000000005
gemma-31b,political,fitted,rrg,100,0.25,0.0,10,10,30000190,True,0.238,-0.148,0.07876000000000001,0.06800000000000002,0.00472,0.954,0.0035,0.2899999999999999
gemma-31b,political,fitted,rrg,100,0.25,0.0,10,10,30000198,True,0.186,-0.15200000000000005,0.057920000000000006,0.13599999999999998,0.01872,0.9200000000000002,0.0065,0.3035
gemma-31b,political,fitted,rrg,100,0.25,0.0,10,10,30000206,True,0.344,0.22199999999999998,0.16800000000000004,0.032,0.0016800000000000003,0.9559999999999998,0.0035,0.2715
gemma-31b,political,fitted,rrg,100,0.25,0.0,10,10,30000214,True,0.209,0.209,0.044939999999999994,0.13,0.017640000000000003,0.977,0.0045,0.305
gemma-31b,political,fitted,rrg,100,0.25,0.0,10,10,30000222,True,0.324,0.142,0.12684,0.22400000000000003,0.050480000000000004,0.9019999999999999,0.009,0.266
gemma-31b,political,fitted,rrg,100,0.25,0.0,10,10,30000230,True,0.267,0.029000000000000005,0.07218,0.018,0.0003600000000000001,0.9870000000000001,0.0015,0.3045
gemma-31b,political,fitted,rrg,100,0.25,0.0,10,10,30000231,True,0.339,0.11299999999999999,0.12897999999999998,0.3499999999999999,0.12292,0.913,0.0075,0.27599999999999997
gemma-31b,political,fitted,rrg,100,0.25,0.0,10,10,30000239,True,0.31799999999999995,-0.24800000000000005,0.16272000000000003,0.20400000000000001,0.041760000000000005,0.97,0.003,0.27799999999999997
gemma-31b,political,fitted,rrg,100,0.25,0.0,10,10,30000247,True,0.141,0.051000000000000004,0.023220000000000005,0.04600000000000001,0.0035599999999999994,0.9329999999999998,0.0065,0.29700000000000004
gemma-31b,political,fitted,rrg,100,0.25,0.0,10,10,30000255,True,0.126,0.126,0.0164,0.20399999999999996,0.042080000000000006,0.9640000000000001,0.005,0.33599999999999997
gemma-31b,political,fitted,rrg,100,0.25,0.0,10,10,30000263,True,0.35700000000000004,0.269,0.20058000000000004,0.23400000000000004,0.05524,0.9330000000000002,0.0055,0.28900000000000003
gemma-31b,political,fitted,rrg,100,0.25,0.0,10,10,30000271,True,0.18299999999999997,0.18299999999999997,0.03598000000000001,0.30200000000000005,0.09148,0.9649999999999999,0.003,0.292
gemma-31b,political,fitted,rrg,100,0.25,0.0,10,10,30000279,True,0.11600000000000002,-0.11600000000000002,0.020560000000000002,0.088,0.007840000000000003,0.9960000000000001,0.0005,0.32299999999999995
mistral-large,neutral,fitted,er,100,0.0,0.0,10,10,30000000,False,0.08499999999999999,-0.06499999999999999,0.01146,0.041999999999999996,0.0024400000000000003,0.7909999999999999,0.0205,0.2965596330275229
mistral-large,neutral,fitted,er,100,0.0,0.0,10,10,30000008,False,0.233,-0.053000000000000005,0.05802,0.038,0.00236,0.851,0.0175,0.2689839572192513
mistral-large,neutral,fitted,er,100,0.0,0.0,10,10,30000016,False,0.12400000000000003,0.12400000000000003,0.019760000000000003,0.15199999999999997,0.023280000000000006,0.898,0.0085,0.2556547619047619
mistral-large,neutral,fitted,er,100,0.0,0.0,10,10,30000024,False,0.29,-0.282,0.16368,0.18799999999999997,0.03552,0.8139999999999998,0.021,0.2772522522522522
mistral-large,neutral,fitted,er,100,0.0,0.0,10,10,30000032,False,0.217,-0.071,0.05362,0.118,0.018600000000000002,0.851,0.0125,0.27999999999999997
mistral-large,neutral,fitted,er,100,0.0,0.0,10,10,30000040,False,0.22800000000000004,-0.22800000000000004,0.060960000000000014,0.052000000000000005,0.00296,0.924,0.008,0.2780373831775701
mistral-large,neutral,fitted,er,100,0.0,0.0,10,10,30000048,False,0.22999999999999998,0.006000000000000001,0.055400000000000005,0.15599999999999997,0.02904,0.836,0.0155,0.28850000000000003
mistral-large,neutral,fitted,er,100,0.0,0.0,10,10,30000049,False,0.324,-0.23000000000000004,0.15876,0.06,0.0044,0.818,0.0195,0.2117142857142857
mistral-large,neutral,fitted,er,100,0.0,0.0,10,10,30000057,False,0.06799999999999999,-0.054000000000000006,0.007400000000000001,0.10800000000000001,0.013680000000000003,0.8440000000000001,0.0165,0.26775956284153
mistral-large,neutral,fitted,er,100,0.0,0.0,10,10,30000065,False,0.3990000000000001,-0.38900000000000007,0.3054199999999999,0.022,0.0006000000000000001,0.841,0.0155,0.20670103092783507
mistral-large,neutral,fitted,er,100,0.0,0.0,10,10,30000073,False,0.312,0.312,0.11308,0.22000000000000003,0.0528,0.7659999999999999,0.026,0.2857142857142857
mistral-large,neutral,fitted,er,100,0.0,0.0,10,10,30000081,False,0.20299999999999999,-0.19899999999999998,0.06982000000000001,0.046,0.00276,0.837,0.021,0.2467455621301775
mistral-large,neutral,fitted,er,100,0.0,0.0,10,10,30000089,False,0.13999999999999999,-0.098,0.030199999999999998,0.044,0.00232,0.8719999999999999,0.0145,0.25805555555555554
mistral-large,neutral,fitted,er,100,0.0,0.0,10,10,30000097,False,0.12300000000000003,0.12100000000000002,0.020540000000000003,0.086,0.01052,0.833,0.0165,0.3013020833333333
mistral-large,neutral,fitted,er,100,0.0,0.0,10,10,30000098,False,0.06399999999999999,1.0408340855860842e-18,0.004520000000000001,0.072,0.006799999999999999,0.8619999999999999,0.017,0.30736842105263157
mistral-large,neutral,fitted,er,100,0.0,0.0,10,10,30000106,False,0.21000000000000002,0.13999999999999996,0.06520000000000001,0.10799999999999998,0.014080000000000004,0.8039999999999999,0.024,0.27196969696969703
mistral-large,neutral,fitted,er,100,0.0,0.0,10,10,30000114,False,0.46499999999999997,0.305,0.3115,0.08600000000000001,0.009640000000000001,0.867,0.0175,0.19724999999999998
mistral-large,neutral,fitted,er,100,0.0,0.0,10,10,30000122,False,0.22199999999999998,-0.15,0.07576000000000001,0.028000000000000004,0.00112,0.844,0.0155,0.26293532338308456
mistral-large,neutral,fitted,er,100,0.0,0.0,10,10,30000130,False,0.392,0.122,0.17032,0.04800000000000001,0.0031999999999999993,0.866,0.0155,0.2055865921787709
mistral-large,neutral,fitted,er,100,0.0,0.0,10,10,30000138,False,0.303,-0.181,0.12966000000000003,0.06999999999999999,0.005560000000000001,0.791,0.026,0.27284263959390864
mistral-large,neutral,fitted,er,100,0.0,0.0,10,10,30000146,False,0.34500000000000003,0.34500000000000003,0.12402000000000002,0.32999999999999996,0.11195999999999999,0.7529999999999999,0.0215,0.2604712041884817
mistral-large,neutral,fitted,er,100,0.0,0.0,10,10,30000147,False,0.219,0.219,0.051379999999999995,0.062,0.00516,0.849,0.0155,0.2864532019704433
mistral-large,neutral,fitted,er,100,0.0,0.0,10,10,30000155,False,0.269,0.14499999999999996,0.09438,0.246,0.06236000000000001,0.8630000000000001,0.016,0.23649425287356318
mistral-large,neutral,fitted,er,100,0.0,0.0,10,10,30000163,False,0.21000000000000002,0.188,0.07488,0.06000000000000001,0.00432,0.8880000000000001,0.0125,0.27499999999999997
mistral-large,neutral,fitted,er,100,0.0,0.0,10,10,30000171,False,0.099,-0.091,0.015099999999999999,0.038,0.00228,0.885,0.016,0.2793103448275862
mistral-large,neutral,fitted,er,100,0.0,0.0,10,10,30000179,False,0.257,0.251,0.10982,0.15799999999999997,0.025240000000000002,0.8370000000000001,0.0185,0.257843137254902
mistral-large,neutral,fitted,er,100,0.0,0.0,10,10,30000187,False,0.207,-0.207,0.056220000000000006,0.086,0.008280000000000001,0.8550000000000001,0.0155,0.3242009132420091
mistral-large,neutral,fitted,er,100,0.0,0.0,10,10,30000195,False,0.343,0.327,0.21014000000000005,0.030000000000000006,0.00124,0.8190000000000002,0.0185,0.20906735751295336
mistral-large,neutral,fitted,er,100,0.0,0.0,10,10,30000196,False,0.20400000000000001,-0.16199999999999998,0.06695999999999999,0.048,0.00272,0.808,0.019,0.2489247311827957
mistral-large,neutral,fitted,er,100,0.0,0.0,10,10,30000204,False,0.265,-0.099,0.08370000000000001,0.08600000000000001,0.008200000000000002,0.8789999999999999,0.0135,0.2589189189189189
mistral-large,neutral,fitted,er,100,0.0,0.0,10,10,30000212,False,0.22199999999999998,0.11200000000000002,0.06304,0.13999999999999999,0.021040000000000003,0.8959999999999999,0.014,0.3055825242718446
mistral-large,neutral,fitted,er,100,0.0,0.0,10,10,30000220,False,0.17099999999999999,0.17099999999999999,0.03538,0.13799999999999998,0.0198,0.8309999999999998,0.0145,0.2654589371980676
mistral-large,neutral,fitted,er,100,0.0,0.0,10,10,30000228,False,0.15699999999999997,0.15699999999999997,0.04066,0.12999999999999998,0.018200000000000004,0.8530000000000001,0.0175,0.2924170616113744
mistral-large,neutral,fitted,er,100,0.0,0.0,10,10,30000236,False,0.48900000000000005,-0.06499999999999999,0.24694000000000008,0.198,0.04444000000000001,0.843,0.0165,0.2272727272727273
mistral-large,neutral,fitted,er,100,0.0,0.0,10,10,30000244,False,0.426,-0.426,0.18208000000000002,0.26800000000000007,0.0728,0.8,0.0225,0.24739336492890995
mistral-large,neutral,fitted,er,100,0.0,0.0,10,10,30000245,False,0.329,-0.329,0.13534,0.21800000000000003,0.04803999999999999,0.891,0.0125,0.23526315789473684
mistral-large,neutral,fitted,er,100,0.0,0.0,10,10,30000253,False,0.40499999999999997,-0.20099999999999998,0.2077,0.13399999999999998,0.022600000000000002,0.7589999999999999,0.0235,0.23701657458563535
mistral-large,neutral,fitted,er,100,0.0,0.0,10,10,30000261,False,0.205,-0.205,0.04698,0.06200000000000001,0.00524,0.8049999999999999,0.019,0.2615591397849462
mistral-large,neutral,fitted,er,100,0.0,0.0,10,10,30000269,False,0.089,0.089,0.012260000000000002,0.166,0.029160000000000002,0.8470000000000001,0.0115,0.2816062176165804
mistral-large,neutral,fitted,er,100,0.0,0.0,10,10,30000277,False,0.33299999999999996,-0.163,0.14274,0.034,0.0015600000000000002,0.8210000000000001,0.0145,0.24202127659574466
mistral-large,neutral,fitted,er,100,0.25,0.0,10,10,30000005,False,0.42799999999999994,0.042,0.18748,0.248,0.06288,0.868,0.0155,0.31356783919597986
mistral-large,neutral,fitted,er,100,0.25,0.0,10,10,30000013,False,0.33999999999999997,0.202,0.15848,0.20800000000000002,0.044719999999999996,0.8460000000000001,0.016,0.3207865168539326
mistral-large,neutral,fitted,er,100,0.25,0.0,10,10,30000014,False,0.05500000000000001,0.021,0.00446,0.15399999999999997,0.024519999999999997,0.8069999999999998,0.023,0.35314009661835744
mistral-large,neutral,fitted,er,100,0.25,0.0,10,10,30000022,False,0.23399999999999999,0.02000000000000001,0.05652,0.176,0.03280000000000001,0.8539999999999999,0.0205,0.3200956937799043
mistral-large,neutral,fitted,er,100,0.25,0.0,10,10,30000030,False,0.13,-0.13,0.028519999999999997,0.21599999999999997,0.04744,0.8879999999999999,0.015,0.32801932367149766
mistral-large,neutral,fitted,er,100,0.25,0.0,10,10,30000038,False,0.254,0.254,0.08588000000000001,0.052000000000000005,0.0037600000000000003,0.826,0.0215,0.35964912280701755
mistral-large,neutral,fitted,er,100,0.25,0.0,10,10,30000046,False,0.26799999999999996,-0.26799999999999996,0.07492,0.096,0.010960000000000001,0.8539999999999999,0.0165,0.3457446808510638
mistral-large,neutral,fitted,er,100,0.25,0.0,10,10,30000054,False,0.43999999999999995,0.43999999999999995,0.19592000000000004,0.36399999999999993,0.13464,0.792,0.0185,0.32447368421052636
mistral-large,neutral,fitted,er,100,0.25,0.0,10,10,30000062,False,0.29500000000000004,-0.257,0.15338000000000002,0.05800000000000001,0.00388,0.841,0.018,0.30369318181818183
mistral-large,neutral,fitted,er,100,0.25,0.0,10,10,30000063,False,0.15499999999999997,0.15499999999999997,0.03698,0.05,0.00324,0.865,0.014,0.3790816326530612
mistral-large,neutral,fitted,er,100,0.25,0.0,10,10,30000071,False,0.24800000000000005,0.24400000000000005,0.11752,0.10800000000000001,0.012320000000000001,0.892,0.012,0.3275
mistral-large,neutral,fitted,er,100,0.25,0.0,10,10,30000079,False,0.358,0.358,0.16968,0.039999999999999994,0.0026400000000000004,0.866,0.014,0.33341968911917097
mistral-large,neutral,fitted,er,100,0.25,0.0,10,10,30000087,False,0.09999999999999999,-0.09,0.01328,0.036000000000000004,0.0019200000000000003,0.7619999999999998,0.0225,0.3577956989247312
mistral-large,neutral,fitted,er,100,0.25,0.0,10,10,30000095,False,0.05,0.026000000000000002,0.0036000000000000003,0.1,0.010960000000000001,0.8140000000000001,0.024,0.3676923076923077
mistral-large,neutral,fitted,er,100,0.25,0.0,10,10,30000103,False,0.18599999999999997,0.178,0.06416,0.272,0.0796,0.858,0.013,0.30753424657534245
mistral-large,neutral,fitted,er,100,0.25,0.0,10,10,30000111,False,0.33599999999999997,-0.33599999999999997,0.11516000000000001,0.136,0.023440000000000003,0.826,0.017,0.33852459016393444
mistral-large,neutral,fitted,er,100,0.25,0.0,10,10,30000112,False,0.41100000000000003,0.191,0.20670000000000002,0.042,0.0025200000000000005,0.8690000000000001,0.0145,0.30218579234972676
mistral-large,neutral,fitted,er,100,0.25,0.0,10,10,30000120,False,0.329,-0.05099999999999999,0.11098,0.26599999999999996,0.07147999999999999,0.843,0.0145,0.30222222222222217
mistral-large,neutral,fitted,er,100,0.25,0.0,10,10,30000128,False,0.23699999999999996,-0.11700000000000002,0.0703,0.21000000000000002,0.04651999999999999,0.869,0.015,0.3163157894736842
mistral-large,neutral,fitted,er,100,0.25,0.0,10,10,30000136,False,0.292,-0.18999999999999997,0.12172000000000001,0.13600000000000004,0.018800000000000004,0.8320000000000001,0.0165,0.3216292134831461
mistral-large,neutral,fitted,er,100,0.25,0.0,10,10,30000144,False,0.08399999999999999,-0.033999999999999996,0.0092,0.048,0.0032800000000000004,0.79,0.0225,0.3733173076923077
mistral-large,neutral,fitted,er,100,0.25,0.0,10,10,30000152,False,0.16599999999999998,0.11000000000000001,0.040560000000000006,0.24000000000000005,0.05935999999999999,0.8140000000000001,0.0225,0.353921568627451
mistral-large,neutral,fitted,er,100,0.25,0.0,10,10,30000160,False,0.05600000000000001,-0.05,0.00552,0.06000000000000001,0.00408,0.8160000000000001,0.015,0.34691011235955055
mistral-large,neutral,fitted,er,100,0.25,0.0,10,10,30000161,False,0.311,0.233,0.14933999999999997,0.146,0.024200000000000003,0.7709999999999999,0.0265,0.37825000000000003
mistral-large,neutral,fitted,er,100,0.25,0.0,10,10,30000169,False,0.26700000000000007,0.25500000000000006,0.12405999999999999,0.026000000000000002,0.00108,0.905,0.013,0.3166666666666666
mistral-large,neutral,fitted,er,100,0.25,0.0,10,10,30000177,False,0.11199999999999999,0.048,0.01616,0.048,0.0033600000000000006,0.8619999999999999,0.0135,0.3263888888888889
mistral-large,neutral,fitted,er,100,0.25,0.0,10,10,30000185,False,0.39,-0.027999999999999997,0.15348,0.024,0.0009599999999999999,0.8380000000000001,0.018,0.3334269662921348
mistral-large,neutral,fitted,er,100,0.25,0.0,10,10,30000193,False,0.271,0.271,0.09369999999999998,0.066,0.0048400000000000006,0.8230000000000001,0.0155,0.3305164319248826
mistral-large,neutral,fitted,er,100,0.25,0.0,10,10,30000201,False,0.09,-0.001999999999999998,0.0086,0.10799999999999998,0.01216,0.85,0.018,0.35104166666666664
mistral-large,neutral,fitted,er,100,0.25,0.0,10,10,30000209,False,0.13800000000000004,-0.13800000000000004,0.024640000000000002,0.11599999999999999,0.015600000000000003,0.7779999999999999,0.022,0.3146706586826348
mistral-large,neutral,fitted,er,100,0.25,0.0,10,10,30000210,False,0.33,0.064,0.11368,0.036,0.0016,0.8160000000000001,0.019,0.32237569060773474
mistral-large,neutral,fitted,er,100,0.25,0.0,10,10,30000218,False,0.213,-0.213,0.04654,0.025999999999999995,0.00124,0.8470000000000001,0.0175,0.32171428571428573
mistral-large,neutral,fitted,er,100,0.25,0.0,10,10,30000226,False,0.18799999999999997,-0.06200000000000001,0.039760000000000004,0.048,0.0032799999999999995,0.8879999999999999,0.0135,0.41376404494382024
mistral-large,neutral,fitted,er,100,0.25,0.0,10,10,30000234,False,0.095,-0.011,0.010340000000000002,0.12600000000000003,0.016280000000000003,0.8390000000000001,0.0175,0.3289893617021276
mistral-large,neutral,fitted,er,100,0.25,0.0,10,10,30000242,False,0.30699999999999994,0.30699999999999994,0.12086000000000001,0.057999999999999996,0.005,0.793,0.025,0.3571748878923767
mistral-large,neutral,fitted,er,100,0.25,0.0,10,10,30000250,False,0.26,0.11800000000000002,0.08448,0.132,0.021920000000000002,0.8039999999999999,0.023,0.33076923076923076
mistral-large,neutral,fitted,er,100,0.25,0.0,10,10,30000258,False,0.266,0.266,0.07504,0.07999999999999999,0.007440000000000002,0.808,0.0245,0.3505154639175258
mistral-large,neutral,fitted,er,100,0.25,0.0,10,10,30000259,False,0.28700000000000003,-0.28700000000000003,0.08562000000000002,0.086,0.008280000000000001,0.8690000000000001,0.015,0.3775956284153006
mistral-large,neutral,fitted,er,100,0.25,0.0,10,10,30000267,False,0.393,-0.393,0.16597999999999996,0.31399999999999995,0.09892000000000001,0.899,0.011,0.30027472527472526
mistral-large,neutral,fitted,er,100,0.25,0.0,10,10,30000275,False,0.14300000000000002,-0.14300000000000002,0.022980000000000004,0.23400000000000004,0.057719999999999994,0.843,0.0185,0.3507075471698113
mistral-large,neutral,fitted,rrg,100,0.0,0.0,10,10,30000003,False,0.10699999999999998,0.06300000000000001,0.01598,0.202,0.04204,0.8390000000000001,0.0145,0.25450000000000006
mistral-large,neutral,fitted,rrg,100,0.0,0.0,10,10,30000011,False,0.099,-0.099,0.013340000000000001,0.05800000000000001,0.0037199999999999998,0.867,0.0115,0.30100000000000005
mistral-large,neutral,fitted,rrg,100,0.0,0.0,10,10,30000019,False,0.21000000000000002,-0.21000000000000002,0.07128,0.015999999999999997,0.0004,0.8460000000000001,0.017,0.2705
mistral-large,neutral,fitted,rrg,100,0.0,0.0,10,10,30000027,False,0.273,-0.15699999999999997,0.09978000000000001,0.086,0.007800000000000001,0.9010000000000001,0.0135,0.253
mistral-large,neutral,fitted,rrg,100,0.0,0.0,10,10,30000028,False,0.4010000000000001,0.06899999999999998,0.16586000000000004,0.186,0.036680000000000004,0.8370000000000001,0.0185,0.26749999999999996
mistral-large,neutral,fitted,rrg,100,0.0,0.0,10,10,30000036,False,0.31900000000000006,-0.31900000000000006,0.11346,0.15,0.025079999999999998,0.8030000000000002,0.021,0.23800000000000004
mistral-large,neutral,fitted,rrg,100,0.0,0.0,10,10,30000044,False,0.28700000000000003,0.039,0.08706,0.038000000000000006,0.0024400000000000003,0.8450000000000001,0.015,0.244
mistral-large,neutral,fitted,rrg,100,0.0,0.0,10,10,30000052,False,0.20700000000000002,-0.20700000000000002,0.051460000000000006,0.078,0.00804,0.853,0.0145,0.2965
mistral-large,neutral,fitted,rrg,100,0.0,0.0,10,10,30000060,False,0.3,-0.06799999999999999,0.09504000000000001,0.2800000000000001,0.07880000000000001,0.908,0.0115,0.26000000000000006
mistral-large,neutral,fitted,rrg,100,0.0,0.0,10,10,30000068,False,0.1,0.03,0.01356,0.21600000000000003,0.05312,0.8940000000000001,0.0125,0.27549999999999997
mistral-large,neutral,fitted,rrg,100,0.0,0.0,10,10,30000076,False,0.13099999999999998,0.13099999999999998,0.025939999999999998,0.186,0.037160000000000006,0.9390000000000001,0.009,0.2525
mistral-large,neutral,fitted,rrg,100,0.0,0.0,10,10,30000077,False,0.30100000000000005,-0.10300000000000001,0.10170000000000001,0.10200000000000001,0.012920000000000001,0.9129999999999999,0.01,0.246
mistral-large,neutral,fitted,rrg,100,0.0,0.0,10,10,30000085,False,0.221,0.221,0.0541,0.038,0.0018800000000000002,0.8830000000000002,0.0135,0.25600000000000006
mistral-large,neutral,fitted,rrg,100,0.0,0.0,10,10,30000093,False,0.17799999999999996,-0.07799999999999999,0.039040000000000005,0.036,0.0019200000000000003,0.8240000000000001,0.0175,0.282
mistral-large,neutral,fitted,rrg,100,0.0,0.0,10,10,30000101,False,0.09,0.09,0.00968,0.144,0.02592,0.79,0.0185,0.27949999999999997
mistral-large,neutral,fitted,rrg,100,0.0,0.0,10,10,30000109,False,0.152,0.152,0.02592,0.172,0.03184000000000001,0.858,0.016,0.24899999999999997
mistral-large,neutral,fitted,rrg,100,0.0,0.0,10,10,30000117,False,0.21800000000000003,-0.21800000000000003,0.05928000000000001,0.15999999999999998,0.030800000000000004,0.8360000000000001,0.021,0.269
mistral-large,neutral,fitted,rrg,100,0.0,0.0,10,10,30000125,False,0.24399999999999994,-0.2,0.101,0.088,0.008880000000000002,0.8800000000000002,0.012,0.2815
mistral-large,neutral,fitted,rrg,100,0.0,0.0,10,10,30000126,False,0.46699999999999997,0.11300000000000002,0.23122000000000004,0.038,0.0018799999999999997,0.8489999999999999,0.0165,0.205
mistral-large,neutral,fitted,rrg,100,0.0,0.0,10,10,30000134,False,0.41100000000000003,-0.41100000000000003,0.18494000000000002,0.19399999999999998,0.038040000000000004,0.8210000000000001,0.0165,0.255
mistral-large,neutral,fitted,rrg,100,0.0,0.0,10,10,30000142,False,0.21000000000000002,0.21000000000000002,0.060320000000000006,0.076,0.006640000000000002,0.818,0.025,0.3105
mistral-large,neutral,fitted,rrg,100,0.0,0.0,10,10,30000150,False,0.4749999999999999,-0.4749999999999999,0.2625,0.202,0.05348000000000001,0.841,0.019,0.24849999999999994
mistral-large,neutral,fitted,rrg,100,0.0,0.0,10,10,30000158,False,0.29800000000000004,0.027999999999999997,0.08992000000000001,0.27999999999999997,0.07880000000000001,0.8800000000000001,0.013,0.24
mistral-large,neutral,fitted,rrg,100,0.0,0.0,10,10,30000166,False,0.263,-0.087,0.07766,0.11000000000000001,0.013240000000000002,0.859,0.0175,0.26949999999999996
mistral-large,neutral,fitted,rrg,100,0.0,0.0,10,10,30000174,False,0.184,0.184,0.03643999999999999,0.084,0.008159999999999999,0.8640000000000001,0.0145,0.255
mistral-large,neutral,fitted,rrg,100,0.0,0.0,10,10,30000175,False,0.131,0.131,0.017980000000000003,0.07000000000000002,0.005560000000000001,0.865,0.012,0.29500000000000004
mistral-large,neutral,fitted,rrg,100,0.0,0.0,10,10,30000183,False,0.28200000000000003,-0.094,0.09119999999999999,0.256,0.06912,0.866,0.014,0.258
mistral-large,neutral,fitted,rrg,100,0.0,0.0,10,10,30000191,False,0.03699999999999999,-0.017,0.0015400000000000001,0.16199999999999998,0.02804,0.873,0.0115,0.271
mistral-large,neutral,fitted,rrg,100,0.0,0.0,10,10,30000199,False,0.27399999999999997,0.27399999999999997,0.08432000000000002,0.088,0.00888,0.8300000000000001,0.021,0.2755
mistral-large,neutral,fitted,rrg,100,0.0,0.0,10,10,30000207,False,0.13899999999999998,0.13899999999999998,0.02826,0.07799999999999999,0.00796,0.8550000000000001,0.0245,0.277
mistral-large,neutral,fitted,rrg,100,0.0,0.0,10,10,30000215,False,0.5630000000000001,-0.5630000000000001,0.3522199999999999,0.298,0.09348,0.8870000000000001,0.014,0.18999999999999997
mistral-large,neutral,fitted,rrg,100,0.0,0.0,10,10,30000223,False,0.361,0.361,0.13306,0.186,0.036840000000000005,0.849,0.016,0.236
mistral-large,neutral,fitted,rrg,100,0.0,0.0,10,10,30000224,False,0.25200000000000006,-0.25200000000000006,0.07287999999999999,0.10400000000000001,0.01136,0.8400000000000001,0.018,0.236
mistral-large,neutral,fitted,rrg,100,0.0,0.0,10,10,30000232,False,0.082,0.012,0.01284,0.148,0.022720000000000004,0.756,0.0265,0.329
mistral-large,neutral,fitted,rrg,100,0.0,0.0,10,10,30000240,False,0.041999999999999996,-0.006,0.00208,0.10800000000000001,0.015120000000000003,0.8160000000000001,0.021,0.2765000000000001
mistral-large,neutral,fitted,rrg,100,0.0,0.0,10,10,30000248,False,0.185,0.012999999999999998,0.034980000000000004,0.16199999999999998,0.02756,0.9229999999999998,0.011,0.273
mistral-large,neutral,fitted,rrg,100,0.0,0.0,10,10,30000256,False,0.13599999999999998,-0.03799999999999999,0.02024,0.02,0.0005600000000000001,0.9099999999999999,0.012,0.30649999999999994
mistral-large,neutral,fitted,rrg,100,0.0,0.0,10,10,30000264,False,0.193,-0.023,0.04054,0.038,0.0016400000000000002,0.7910000000000001,0.021,0.269
mistral-large,neutral,fitted,rrg,100,0.0,0.0,10,10,30000272,False,0.213,0.030999999999999993,0.047060000000000005,0.17399999999999996,0.031160000000000004,0.891,0.0105,0.25850000000000006
mistral-large,neutral,fitted,rrg,100,0.0,0.0,10,10,30000273,False,0.275,-0.275,0.09254,0.09799999999999999,0.009960000000000002,0.8469999999999999,0.0165,0.24900000000000003
mistral-large,neutral,fitted,rrg,100,0.25,0.0,10,10,30000001,False,0.19399999999999998,-0.19399999999999998,0.042159999999999996,0.16,0.029920000000000013,0.8160000000000001,0.0225,0.302
mistral-large,neutral,fitted,rrg,100,0.25,0.0,10,10,30000009,False,0.077,0.075,0.00746,0.034,0.0026000000000000007,0.8190000000000002,0.0175,0.31800000000000006
mistral-large,neutral,fitted,rrg,100,0.25,0.0,10,10,30000017,False,0.13099999999999998,-0.021,0.01854,0.11000000000000001,0.012360000000000001,0.877,0.011,0.335
mistral-large,neutral,fitted,rrg,100,0.25,0.0,10,10,30000025,False,0.29300000000000004,-0.29300000000000004,0.08798,0.11000000000000001,0.014919999999999998,0.841,0.015,0.30000000000000004
mistral-large,neutral,fitted,rrg,100,0.25,0.0,10,10,30000033,False,0.357,-0.30500000000000005,0.2223,0.20999999999999996,0.044840000000000005,0.8850000000000001,0.0125,0.331
mistral-large,neutral,fitted,rrg,100,0.25,0.0,10,10,30000041,False,0.24800000000000005,0.24800000000000005,0.07112,0.296,0.09008000000000001,0.8299999999999998,0.0155,0.31599999999999995
mistral-large,neutral,fitted,rrg,100,0.25,0.0,10,10,30000042,False,0.07599999999999998,0.074,0.00756,0.192,0.038239999999999996,0.8640000000000001,0.014,0.3355
mistral-large,neutral,fitted,rrg,100,0.25,0.0,10,10,30000050,False,0.30000000000000004,-0.30000000000000004,0.09319999999999999,0.10400000000000001,0.012320000000000001,0.8400000000000001,0.0185,0.3265
mistral-large,neutral,fitted,rrg,100,0.25,0.0,10,10,30000058,False,0.18699999999999997,-0.18699999999999997,0.0373,0.057999999999999996,0.004200000000000001,0.797,0.019,0.34
mistral-large,neutral,fitted,rrg,100,0.25,0.0,10,10,30000066,False,0.20099999999999998,-0.20099999999999998,0.04822,0.13000000000000003,0.018040000000000004,0.897,0.0135,0.3415
mistral-large,neutral,fitted,rrg,100,0.25,0.0,10,10,30000074,False,0.28800000000000003,0.28800000000000003,0.0974,0.11200000000000002,0.012880000000000003,0.8239999999999998,0.0165,0.3425
mistral-large,neutral,fitted,rrg,100,0.25,0.0,10,10,30000082,False,0.08099999999999999,-0.08099999999999999,0.007580000000000001,0.09,0.00876,0.8630000000000001,0.015,0.36000000000000004
mistral-large,neutral,fitted,rrg,100,0.25,0.0,10,10,30000090,False,0.159,-0.009000000000000003,0.02898,0.066,0.00532,0.775,0.026,0.36
mistral-large,neutral,fitted,rrg,100,0.25,0.0,10,10,30000091,False,0.133,0.133,0.020900000000000002,0.16199999999999998,0.027080000000000003,0.8229999999999998,0.0185,0.30650000000000005
mistral-large,neutral,fitted,rrg,100,0.25,0.0,10,10,30000099,False,0.31,0.31,0.10128,0.096,0.013040000000000001,0.8099999999999999,0.021,0.37049999999999994
mistral-large,neutral,fitted,rrg,100,0.25,0.0,10,10,30000107,False,0.272,0.048,0.07704,0.276,0.07783999999999999,0.876,0.015,0.34149999999999997
mistral-large,neutral,fitted,rrg,100,0.25,0.0,10,10,30000115,False,0.32700000000000007,0.14699999999999996,0.12957999999999997,0.08600000000000001,0.011479999999999999,0.819,0.0185,0.3255
mistral-large,neutral,fitted,rrg,100,0.25,0.0,10,10,30000123,False,0.369,0.369,0.14478000000000002,0.094,0.011240000000000003,0.7390000000000001,0.025,0.3455
mistral-large,neutral,fitted,rrg,100,0.25,0.0,10,10,30000131,False,0.277,-0.03700000000000001,0.07954000000000001,0.12600000000000003,0.01716,0.8390000000000001,0.0185,0.35650000000000004
mistral-large,neutral,fitted,rrg,100,0.25,0.0,10,10,30000139,False,0.32999999999999996,-0.32999999999999996,0.12832,0.13999999999999999,0.020160000000000004,0.844,0.0185,0.36150000000000004
mistral-large,neutral,fitted,rrg,100,0.25,0.0,10,10,30000140,False,0.176,0.025999999999999995,0.03268,0.11600000000000002,0.01552,0.8860000000000001,0.014,0.34500000000000003
mistral-large,neutral,fitted,rrg,100,0.25,0.0,10,10,30000148,False,0.30599999999999994,0.30599999999999994,0.15652000000000002,0.012,0.00032,0.868,0.015,0.27699999999999997
mistral-large,neutral,fitted,rrg,100,0.25,0.0,10,10,30000156,False,0.13699999999999998,-0.11699999999999999,0.02962,0.18600000000000003,0.03876,0.8009999999999999,0.019,0.299
mistral-large,neutral,fitted,rrg,100,0.25,0.0,10,10,30000164,False,0.31100000000000005,-0.069,0.10298000000000003,0.238,0.05716,0.8109999999999999,0.0185,0.332
mistral-large,neutral,fitted,rrg,100,0.25,0.0,10,10,30000172,False,0.26,0.10999999999999999,0.08096,0.096,0.009840000000000002,0.868,0.0135,0.3125
mistral-large,neutral,fitted,rrg,100,0.25,0.0,10,10,30000180,False,0.05800000000000001,-0.052000000000000005,0.004240000000000001,0.03200000000000001,0.0024000000000000002,0.8540000000000001,0.018,0.3545
mistral-large,neutral,fitted,rrg,100,0.25,0.0,10,10,30000188,False,0.29,0.29,0.09259999999999999,0.27599999999999997,0.07672,0.8640000000000001,0.0135,0.33
mistral-large,neutral,fitted,rrg,100,0.25,0.0,10,10,30000189,False,0.289,0.087,0.09301999999999999,0.054000000000000006,0.00332,0.789,0.0235,0.36049999999999993
mistral-large,neutral,fitted,rrg,100,0.25,0.0,10,10,30000197,False,0.215,-0.051000000000000004,0.05018,0.078,0.00884,0.829,0.0175,0.363
mistral-large,neutral,fitted,rrg,100,0.25,0.0,10,10,30000205,False,0.17099999999999999,0.17099999999999999,0.03886,0.06200000000000001,0.005880000000000001,0.8550000000000001,0.0165,0.33050000000000007
mistral-large,neutral,fitted,rrg,100,0.25,0.0,10,10,30000213,False,0.21400000000000002,-0.21400000000000002,0.050760000000000007,0.07200000000000001,0.00664,0.8020000000000002,0.022,0.318
mistral-large,neutral,fitted,rrg,100,0.25,0.0,10,10,30000221,False,0.145,-0.145,0.024660000000000005,0.042,0.0024400000000000003,0.7849999999999999,0.02,0.32749999999999996
mistral-large,neutral,fitted,rrg,100,0.25,0.0,10,10,30000229,False,0.125,0.125,0.01762,0.122,0.01628,0.861,0.013,0.3545
mistral-large,neutral,fitted,rrg,100,0.25,0.0,10,10,30000237,False,0.11400000000000002,-0.11400000000000002,0.02364,0.07999999999999999,0.00688,0.892,0.012,0.31399999999999995
mistral-large,neutral,fitted,rrg,100,0.25,0.0,10,10,30000238,False,0.126,-0.126,0.0196,0.136,0.02176,0.8260000000000002,0.0195,0.35550000000000004
mistral-large,neutral,fitted,rrg,100,0.25,0.0,10,10,30000246,False,0.16999999999999996,0.16999999999999996,0.029600000000000005,0.152,0.025120000000000003,0.772,0.023,0.3365
mistral-large,neutral,fitted,rrg,100,0.25,0.0,10,10,30000254,False,0.21100000000000002,-0.153,0.06906,0.198,0.04052,0.833,0.018,0.318
mistral-large,neutral,fitted,rrg,100,0.25,0.0,10,10,30000262,False,0.20599999999999996,0.06600000000000002,0.049159999999999995,0.09600000000000002,0.010320000000000001,0.8540000000000001,0.0165,0.37050000000000005
mistral-large,neutral,fitted,rrg,100,0.25,0.0,10,10,30000270,False,0.21600000000000003,0.21600000000000003,0.0516,0.06000000000000001,0.004079999999999999,0.866,0.0115,0.3295
mistral-large,neutral,fitted,rrg,100,0.25,0.0,10,10,30000278,False,0.4090000000000001,-0.4090000000000001,0.17274,0.31399999999999995,0.099,0.8949999999999999,0.0095,0.3245
mistral-large,neutral,fitted,er,100,0.0,0.0,10,10,30000006,True,0.08300000000000002,0.08100000000000003,0.010620000000000001,0.098,0.009960000000000002,0.8630000000000001,0.0145,0.2510471204188482
mistral-large,neutral,fitted,er,100,0.0,0.0,10,10,30000007,True,0.03600000000000001,-0.008000000000000002,0.0021599999999999996,0.019999999999999997,0.0008,0.8640000000000001,0.0135,0.2745145631067961
mistral-large,neutral,fitted,er,100,0.0,0.0,10,10,30000015,True,0.546,0.546,0.30707999999999996,0.252,0.07224,0.8220000000000001,0.019,0.17780898876404497
mistral-large,neutral,fitted,er,100,0.0,0.0,10,10,30000023,True,0.079,-0.021,0.00738,0.15,0.024679999999999997,0.8790000000000001,0.0135,0.27964824120603016
mistral-large,neutral,fitted,er,100,0.0,0.0,10,10,30000031,True,0.178,-0.178,0.04576,0.032,0.0016800000000000003,0.858,0.016,0.26842105263157895
mistral-large,neutral,fitted,er,100,0.0,0.0,10,10,30000039,True,0.176,-0.176,0.03232,0.04000000000000001,0.00288,0.8860000000000001,0.012,0.2767045454545455
mistral-large,neutral,fitted,er,100,0.0,0.0,10,10,30000047,True,0.18,0.18,0.034800000000000005,0.164,0.027920000000000007,0.8180000000000002,0.016,0.2636792452830189
mistral-large,neutral,fitted,er,100,0.0,0.0,10,10,30000055,True,0.414,0.186,0.20792000000000002,0.22000000000000003,0.04872,0.85,0.0115,0.2123255813953488
mistral-large,neutral,fitted,er,100,0.0,0.0,10,10,30000056,True,0.129,-0.129,0.020300000000000002,0.09,0.010920000000000003,0.8709999999999999,0.016,0.2588383838383838
mistral-large,neutral,fitted,er,100,0.0,0.0,10,10,30000064,True,0.35200000000000004,0.22000000000000003,0.17396,0.07999999999999999,0.00864,0.808,0.0225,0.22087628865979378
mistral-large,neutral,fitted,er,100,0.0,0.0,10,10,30000072,True,0.15,0.054000000000000006,0.026080000000000002,0.088,0.008960000000000001,0.794,0.017,0.30641711229946517
mistral-large,neutral,fitted,er,100,0.0,0.0,10,10,30000080,True,0.087,-0.033,0.01046,0.13400000000000004,0.01916,0.849,0.019,0.2779187817258883
mistral-large,neutral,fitted,er,100,0.0,0.0,10,10,30000088,True,0.095,0.093,0.01754,0.066,0.007000000000000001,0.761,0.024,0.29871794871794866
mistral-large,neutral,fitted,er,100,0.0,0.0,10,10,30000096,True,0.14799999999999996,0.14799999999999996,0.025480000000000003,0.072,0.0064,0.818,0.0195,0.24438202247191007
mistral-large,neutral,fitted,er,100,0.0,0.0,10,10,30000104,True,0.35300000000000004,-0.35300000000000004,0.14362000000000003,0.15,0.029319999999999995,0.807,0.0165,0.23756345177664975
mistral-large,neutral,fitted,er,100,0.0,0.0,10,10,30000105,True,0.356,-0.356,0.13416,0.13600000000000004,0.019520000000000003,0.882,0.0135,0.23380952380952386
mistral-large,neutral,fitted,er,100,0.0,0.0,10,10,30000113,True,0.207,-0.043,0.04586,0.11400000000000002,0.01484,0.835,0.018,0.2581005586592179
mistral-large,neutral,fitted,er,100,0.0,0.0,10,10,30000121,True,0.30900000000000005,0.16699999999999998,0.12406000000000002,0.10600000000000001,0.011880000000000003,0.9369999999999999,0.0075,0.28567839195979905
mistral-large,neutral,fitted,er,100,0.0,0.0,10,10,30000129,True,0.08900000000000001,0.011000000000000001,0.009220000000000002,0.13800000000000004,0.020760000000000004,0.873,0.0135,0.2849999999999999
mistral-large,neutral,fitted,er,100,0.0,0.0,10,10,30000137,True,0.101,0.097,0.0167,0.07000000000000002,0.0054800000000000005,0.9269999999999999,0.0105,0.2830275229357798
mistral-large,neutral,fitted,er,100,0.0,0.0,10,10,30000145,True,0.282,-0.26599999999999996,0.15244000000000002,0.052000000000000005,0.00344,0.8479999999999999,0.013,0.22010309278350518
mistral-large,neutral,fitted,er,100,0.0,0.0,10,10,30000153,True,0.281,-0.065,0.08518,0.046,0.0024400000000000003,0.8210000000000001,0.015,0.22719780219780222
mistral-large,neutral,fitted,er,100,0.0,0.0,10,10,30000154,True,0.162,0.162,0.048920000000000005,0.21200000000000002,0.046,0.86,0.021,0.2527173913043478
mistral-large,neutral,fitted,er,100,0.0,0.0,10,10,30000162,True,0.095,-0.073,0.014180000000000003,0.20600000000000002,0.04612000000000001,0.8210000000000001,0.019,0.2796954314720812
mistral-large,neutral,fitted,er,100,0.0,0.0,10,10,30000170,True,0.175,0.175,0.03846,0.13799999999999998,0.023240000000000004,0.9149999999999998,0.011,0.276775956284153
mistral-large,neutral,fitted,er,100,0.0,0.0,10,10,30000178,True,0.18399999999999997,0.074,0.039920000000000004,0.21600000000000003,0.048799999999999996,0.8240000000000001,0.017,0.22884615384615387
mistral-large,neutral,fitted,er,100,0.0,0.0,10,10,30000186,True,0.6799999999999999,0.6799999999999999,0.46456,0.532,0.28352000000000005,0.834,0.016,0.13368983957219252
mistral-large,neutral,fitted,er,100,0.0,0.0,10,10,30000194,True,0.156,0.084,0.03184,0.12799999999999997,0.017120000000000003,0.8620000000000001,0.013,0.27606635071090047
mistral-large,neutral,fitted,er,100,0.0,0.0,10,10,30000202,True,0.097,0.08299999999999999,0.014299999999999998,0.054000000000000006,0.00388,0.9029999999999999,0.012,0.29970588235294116
mistral-large,neutral,fitted,er,100,0.0,0.0,10,10,30000203,True,0.215,-0.215,0.05454,0.05800000000000001,0.004200000000000001,0.807,0.0165,0.2407692307692308
mistral-large,neutral,fitted,er,100,0.0,0.0,10,10,30000211,True,0.055999999999999994,0.018,0.00412,0.06400000000000002,0.005359999999999999,0.86,0.0135,0.26346153846153847
mistral-large,neutral,fitted,er,100,0.0,0.0,10,10,30000219,True,0.05199999999999999,0.0020000000000000005,0.00352,0.13599999999999998,0.02256,0.8480000000000001,0.019,0.30774999999999997
mistral-large,neutral,fitted,er,100,0.0,0.0,10,10,30000227,True,0.041,0.037,0.0026600000000000005,0.142,0.020520000000000004,0.913,0.007,0.2648717948717948
mistral-large,neutral,fitted,er,100,0.0,0.0,10,10,30000235,True,0.366,-0.366,0.16752,0.21599999999999997,0.047599999999999996,0.772,0.024,0.2762857142857143
mistral-large,neutral,fitted,er,100,0.0,0.0,10,10,30000243,True,0.13400000000000004,-0.13400000000000004,0.019200000000000002,0.088,0.009520000000000002,0.8420000000000002,0.0175,0.3118811881188119
mistral-large,neutral,fitted,er,100,0.0,0.0,10,10,30000251,True,0.20600000000000002,0.20600000000000002,0.05816000000000001,0.16000000000000006,0.026720000000000004,0.8700000000000001,0.011,0.23524590163934422
mistral-large,neutral,fitted,er,100,0.0,0.0,10,10,30000252,True,0.187,-0.187,0.04042,0.422,0.18308,0.877,0.0165,0.23886138613861388
mistral-large,neutral,fitted,er,100,0.0,0.0,10,10,30000260,True,0.132,0.078,0.025,0.124,0.016560000000000002,0.8779999999999999,0.0125,0.2727488151658768
mistral-large,neutral,fitted,er,100,0.0,0.0,10,10,30000268,True,0.095,0.095,0.0099,0.18599999999999997,0.035559999999999994,0.857,0.0155,0.2884408602150537
mistral-large,neutral,fitted,er,100,0.0,0.0,10,10,30000276,True,0.30300000000000005,0.30300000000000005,0.15097999999999998,0.186,0.03628,0.8030000000000002,0.0205,0.25
mistral-large,neutral,fitted,er,100,0.25,0.0,10,10,30000004,True,0.40199999999999997,-0.001999999999999996,0.16744,0.20800000000000002,0.04392,0.8880000000000001,0.015,0.32794117647058824
mistral-large,neutral,fitted,er,100,0.25,0.0,10,10,30000012,True,0.10900000000000001,0.10700000000000001,0.01978,0.066,0.00524,0.861,0.014,0.3126984126984127
mistral-large,neutral,fitted,er,100,0.25,0.0,10,10,30000020,True,0.33999999999999997,0.08600000000000003,0.12488000000000002,0.16799999999999998,0.029920000000000002,0.8540000000000001,0.0215,0.29242424242424236
mistral-large,neutral,fitted,er,100,0.25,0.0,10,10,30000021,True,0.182,0.16999999999999998,0.06095999999999999,0.24,0.05823999999999999,0.8300000000000001,0.015,0.3145833333333333
mistral-large,neutral,fitted,er,100,0.25,0.0,10,10,30000029,True,0.33799999999999997,0.33799999999999997,0.11939999999999999,0.27999999999999997,0.08528000000000001,0.772,0.0205,0.31076555023923447
mistral-large,neutral,fitted,er,100,0.25,0.0,10,10,30000037,True,0.22999999999999998,0.20799999999999996,0.09072,0.044,0.00344,0.8739999999999999,0.0245,0.3490867579908675
mistral-large,neutral,fitted,er,100,0.25,0.0,10,10,30000045,True,0.33799999999999997,0.27,0.18832000000000002,0.092,0.010320000000000005,0.812,0.0225,0.3048469387755102
mistral-large,neutral,fitted,er,100,0.25,0.0,10,10,30000053,True,0.292,-0.048,0.08832,0.18799999999999997,0.03648,0.8460000000000001,0.0155,0.3015337423312884
mistral-large,neutral,fitted,er,100,0.25,0.0,10,10,30000061,True,0.025,0.009000000000000005,0.0010599999999999997,0.09799999999999999,0.010760000000000002,0.8610000000000001,0.0175,0.36149999999999993
mistral-large,neutral,fitted,er,100,0.25,0.0,10,10,30000069,True,0.281,-0.029000000000000005,0.07994,0.194,0.038040000000000004,0.8869999999999999,0.01,0.2976851851851853
mistral-large,neutral,fitted,er,100,0.25,0.0,10,10,30000070,True,0.253,-0.253,0.07082,0.24200000000000005,0.06107999999999999,0.817,0.018,0.3063492063492063
mistral-large,neutral,fitted,er,100,0.25,0.0,10,10,30000078,True,0.20800000000000002,0.09200000000000001,0.0524,0.052000000000000005,0.00352,0.756,0.0235,0.3702247191011236
mistral-large,neutral,fitted,er,100,0.25,0.0,10,10,30000086,True,0.30100000000000005,0.30100000000000005,0.10270000000000001,0.06200000000000001,0.005319999999999999,0.783,0.0245,0.36032608695652174
mistral-large,neutral,fitted,er,100,0.25,0.0,10,10,30000094,True,0.13999999999999999,0.12199999999999997,0.03376,0.076,0.007120000000000001,0.8099999999999999,0.0235,0.3523936170212766
mistral-large,neutral,fitted,er,100,0.25,0.0,10,10,30000102,True,0.5010000000000001,-0.5010000000000001,0.29126,0.14199999999999996,0.023560000000000005,0.8710000000000001,0.0155,0.31832460732984297
mistral-large,neutral,fitted,er,100,0.25,0.0,10,10,30000110,True,0.28600000000000003,0.10799999999999998,0.09428,0.07600000000000001,0.008720000000000002,0.868,0.0125,0.3422043010752688
mistral-large,neutral,fitted,er,100,0.25,0.0,10,10,30000118,True,0.246,-0.246,0.061399999999999996,0.21200000000000002,0.04880000000000002,0.8540000000000001,0.0195,0.3436893203883495
mistral-large,neutral,fitted,er,100,0.25,0.0,10,10,30000119,True,0.477,0.477,0.23986000000000002,0.258,0.0782,0.8150000000000001,0.0185,0.3612244897959184
mistral-large,neutral,fitted,er,100,0.25,0.0,10,10,30000127,True,0.088,0.088,0.0124,0.384,0.15264,0.8380000000000001,0.0145,0.35268817204301084
mistral-large,neutral,fitted,er,100,0.25,0.0,10,10,30000135,True,0.11699999999999999,0.10699999999999998,0.02442,0.025999999999999995,0.001,0.885,0.0135,0.3135204081632653
mistral-large,neutral,fitted,er,100,0.25,0.0,10,10,30000143,True,0.449,-0.175,0.23558000000000004,0.22999999999999998,0.05452,0.8569999999999999,0.016,0.3260638297872341
mistral-large,neutral,fitted,er,100,0.25,0.0,10,10,30000151,True,0.173,-0.173,0.03866,0.038,0.00212,0.837,0.0165,0.35526315789473684
mistral-large,neutral,fitted,er,100,0.25,0.0,10,10,30000159,True,0.344,0.021999999999999992,0.11960000000000001,0.05600000000000001,0.004,0.8039999999999999,0.0155,0.3388888888888889
mistral-large,neutral,fitted,er,100,0.25,0.0,10,10,30000167,True,0.13,-0.086,0.025119999999999996,0.11200000000000002,0.013599999999999998,0.8079999999999998,0.0205,0.3431318681318682
mistral-large,neutral,fitted,er,100,0.25,0.0,10,10,30000168,True,0.077,0.07100000000000002,0.00854,0.22600000000000003,0.05403999999999999,0.8010000000000002,0.0175,0.29347826086956524
mistral-large,neutral,fitted,er,100,0.25,0.0,10,10,30000176,True,0.286,-0.286,0.10184000000000001,0.27599999999999997,0.07712000000000001,0.8700000000000001,0.02,0.3036945812807882
mistral-large,neutral,fitted,er,100,0.25,0.0,10,10,30000184,True,0.225,0.011,0.05394,0.078,0.00964,0.7370000000000001,0.024,0.3629268292682926
mistral-large,neutral,fitted,er,100,0.25,0.0,10,10,30000192,True,0.06700000000000002,0.06100000000000001,0.0079,0.22200000000000003,0.05244000000000001,0.8610000000000001,0.0125,0.3636363636363636
mistral-large,neutral,fitted,er,100,0.25,0.0,10,10,30000200,True,0.06300000000000001,-0.025,0.005260000000000001,0.09799999999999999,0.01012,0.833,0.017,0.35785340314136127
mistral-large,neutral,fitted,er,100,0.25,0.0,10,10,30000208,True,0.039,-0.037,0.00206,0.11000000000000001,0.013320000000000002,0.835,0.0165,0.3452261306532663
mistral-large,neutral,fitted,er,100,0.25,0.0,10,10,30000216,True,0.13899999999999998,0.13899999999999998,0.02294,0.142,0.0226,0.8450000000000001,0.0185,0.31111111111111117
mistral-large,neutral,fitted,er,100,0.25,0.0,10,10,30000217,True,0.16999999999999998,0.12000000000000002,0.04424,0.04,0.00232,0.7999999999999999,0.0205,0.36157894736842106
mistral-large,neutral,fitted,er,100,0.25,0.0,10,10,30000225,True,0.353,-0.006999999999999995,0.12518,0.054000000000000006,0.0038000000000000004,0.8309999999999998,0.016,0.28422619047619047
mistral-large,neutral,fitted,er,100,0.25,0.0,10,10,30000233,True,0.184,-0.05,0.03796000000000001,0.12000000000000002,0.01736,0.8280000000000001,0.0205,0.33529411764705885
mistral-large,neutral,fitted,er,100,0.25,0.0,10,10,30000241,True,0.056999999999999995,0.056999999999999995,0.004620000000000001,0.246,0.06372000000000001,0.835,0.0185,0.3586021505376344
mistral-large,neutral,fitted,er,100,0.25,0.0,10,10,30000249,True,0.144,0.09999999999999998,0.02888,0.152,0.023680000000000003,0.8480000000000001,0.016,0.3286096256684492
mistral-large,neutral,fitted,er,100,0.25,0.0,10,10,30000257,True,0.273,0.17099999999999999,0.10513999999999998,0.21799999999999997,0.04956000000000001,0.7910000000000001,0.024,0.3330845771144279
mistral-large,neutral,fitted,er,100,0.25,0.0,10,10,30000265,True,0.179,0.179,0.04021999999999999,0.066,0.006279999999999999,0.8330000000000002,0.0205,0.3121287128712872
mistral-large,neutral,fitted,er,100,0.25,0.0,10,10,30000266,True,0.27999999999999997,0.202,0.12487999999999999,0.14800000000000002,0.023759999999999996,0.8560000000000001,0.0165,0.35624999999999996
mistral-large,neutral,fitted,er,100,0.25,0.0,10,10,30000274,True,0.292,0.086,0.0944,0.08,0.00792,0.8779999999999999,0.014,0.31937172774869116
mistral-large,neutral,fitted,rrg,100,0.0,0.0,10,10,30000002,True,0.07099999999999998,0.004999999999999998,0.00606,0.054000000000000006,0.00396,0.875,0.014,0.29400000000000004
mistral-large,neutral,fitted,rrg,100,0.0,0.0,10,10,30000010,True,0.06399999999999999,0.06399999999999999,0.00496,0.044,0.0024800000000000004,0.858,0.018,0.30800000000000005
mistral-large,neutral,fitted,rrg,100,0.0,0.0,10,10,30000018,True,0.258,-0.02,0.07032,0.06,0.00456,0.8240000000000001,0.022,0.27449999999999997
mistral-large,neutral,fitted,rrg,100,0.0,0.0,10,10,30000026,True,0.508,0.508,0.27584,0.4600000000000001,0.21752000000000002,0.858,0.0125,0.23850000000000002
mistral-large,neutral,fitted,rrg,100,0.0,0.0,10,10,30000034,True,0.26400000000000007,-0.13999999999999999,0.0902,0.03599999999999999,0.00184,0.8419999999999999,0.0145,0.2415
mistral-large,neutral,fitted,rrg,100,0.0,0.0,10,10,30000035,True,0.12800000000000003,0.12600000000000003,0.029720000000000003,0.164,0.028560000000000002,0.8360000000000001,0.0175,0.286
mistral-large,neutral,fitted,rrg,100,0.0,0.0,10,10,30000043,True,0.15499999999999997,-0.06499999999999999,0.029300000000000003,0.026000000000000002,0.00092,0.897,0.016,0.257
mistral-large,neutral,fitted,rrg,100,0.0,0.0,10,10,30000051,True,0.127,0.125,0.028300000000000002,0.21400000000000002,0.046759999999999996,0.859,0.015,0.2665
mistral-large,neutral,fitted,rrg,100,0.0,0.0,10,10,30000059,True,0.054000000000000006,-0.048,0.00504,0.2,0.046079999999999996,0.8400000000000001,0.0175,0.2885
mistral-large,neutral,fitted,rrg,100,0.0,0.0,10,10,30000067,True,0.14000000000000004,-0.12600000000000003,0.03328,0.2760000000000001,0.07824,0.932,0.009,0.264
mistral-large,neutral,fitted,rrg,100,0.0,0.0,10,10,30000075,True,0.196,-0.05799999999999998,0.0432,0.06,0.00608,0.8099999999999999,0.024,0.314
mistral-large,neutral,fitted,rrg,100,0.0,0.0,10,10,30000083,True,0.18699999999999997,-0.009000000000000001,0.03530000000000001,0.07799999999999999,0.006520000000000001,0.883,0.0105,0.2565
mistral-large,neutral,fitted,rrg,100,0.0,0.0,10,10,30000084,True,0.312,-0.16999999999999998,0.12956,0.1,0.01088,0.866,0.0155,0.251
mistral-large,neutral,fitted,rrg,100,0.0,0.0,10,10,30000092,True,0.07300000000000001,0.063,0.009660000000000002,0.31799999999999995,0.10292000000000001,0.8470000000000001,0.019,0.2665
mistral-large,neutral,fitted,rrg,100,0.0,0.0,10,10,30000100,True,0.33999999999999997,0.12200000000000003,0.13084,0.10800000000000001,0.012639999999999998,0.9019999999999999,0.0095,0.24699999999999997
mistral-large,neutral,fitted,rrg,100,0.0,0.0,10,10,30000108,True,0.42699999999999994,-0.42699999999999994,0.1911,0.22200000000000003,0.0514,0.7990000000000002,0.02,0.22500000000000003
mistral-large,neutral,fitted,rrg,100,0.0,0.0,10,10,30000116,True,0.25600000000000006,0.25600000000000006,0.09848,0.096,0.010000000000000002,0.884,0.013,0.24949999999999997
mistral-large,neutral,fitted,rrg,100,0.0,0.0,10,10,30000124,True,0.16599999999999998,-0.16599999999999998,0.032119999999999996,0.12000000000000002,0.014879999999999999,0.85,0.0155,0.2975
mistral-large,neutral,fitted,rrg,100,0.0,0.0,10,10,30000132,True,0.13799999999999998,-0.122,0.034280000000000005,0.044,0.00288,0.8380000000000001,0.017,0.2705
mistral-large,neutral,fitted,rrg,100,0.0,0.0,10,10,30000133,True,0.23999999999999994,-0.21799999999999997,0.09964,0.05600000000000001,0.0041600000000000005,0.898,0.0135,0.2505
mistral-large,neutral,fitted,rrg,100,0.0,0.0,10,10,30000141,True,0.172,0.172,0.030200000000000005,0.036000000000000004,0.0018400000000000003,0.7979999999999999,0.025,0.2705
mistral-large,neutral,fitted,rrg,100,0.0,0.0,10,10,30000149,True,0.16999999999999998,0.158,0.03872,0.08,0.008400000000000001,0.7819999999999998,0.028,0.30900000000000005
mistral-large,neutral,fitted,rrg,100,0.0,0.0,10,10,30000157,True,0.18999999999999997,0.18999999999999997,0.039080000000000004,0.084,0.008720000000000002,0.8560000000000001,0.0135,0.265
mistral-large,neutral,fitted,rrg,100,0.0,0.0,10,10,30000165,True,0.18499999999999997,-0.18499999999999997,0.040900000000000006,0.046,0.00236,0.8949999999999999,0.012,0.2415
mistral-large,neutral,fitted,rrg,100,0.0,0.0,10,10,30000173,True,0.207,-0.207,0.05398000000000001,0.030000000000000006,0.0013999999999999998,0.873,0.017,0.284
mistral-large,neutral,fitted,rrg,100,0.0,0.0,10,10,30000181,True,0.17899999999999996,-0.091,0.04122000000000001,0.13800000000000004,0.019560000000000004,0.8729999999999999,0.0115,0.267
mistral-large,neutral,fitted,rrg,100,0.0,0.0,10,10,30000182,True,0.28500000000000003,0.19099999999999998,0.11938,0.03800000000000001,0.0018000000000000002,0.8790000000000001,0.013,0.26799999999999996
mistral-large,neutral,fitted,rrg,100,0.0,0.0,10,10,30000190,True,0.209,0.127,0.05990000000000001,0.094,0.009080000000000001,0.9489999999999998,0.005,0.252
mistral-large,neutral,fitted,rrg,100,0.0,0.0,10,10,30000198,True,0.269,-0.269,0.12194,0.05,0.00404,0.8109999999999999,0.022,0.2505
mistral-large,neutral,fitted,rrg,100,0.0,0.0,10,10,30000206,True,0.33399999999999996,0.18199999999999997,0.14564000000000005,0.26800000000000007,0.0728,0.876,0.012,0.23200000000000004
mistral-large,neutral,fitted,rrg,100,0.0,0.0,10,10,30000214,True,0.05800000000000001,-0.05600000000000001,0.006039999999999999,0.016,0.00048000000000000007,0.8859999999999999,0.009,0.2475
mistral-large,neutral,fitted,rrg,100,0.0,0.0,10,10,30000222,True,0.07899999999999999,0.07899999999999999,0.0071400000000000005,0.074,0.006520000000000001,0.8389999999999999,0.019,0.3105
mistral-large,neutral,fitted,rrg,100,0.0,0.0,10,10,30000230,True,0.24500000000000002,-0.24299999999999997,0.11021999999999998,0.062,0.00436,0.8590000000000002,0.017,0.266
mistral-large,neutral,fitted,rrg,100,0.0,0.0,10,10,30000231,True,0.358,0.19199999999999998,0.16548000000000002,0.016,0.0004,0.908,0.0095,0.22800000000000004
mistral-large,neutral,fitted,rrg,100,0.0,0.0,10,10,30000239,True,0.16799999999999998,-0.13199999999999998,0.04648000000000001,0.10400000000000001,0.012080000000000004,0.8400000000000001,0.0165,0.244
mistral-large,neutral,fitted,rrg,100,0.0,0.0,10,10,30000247,True,0.23899999999999996,-0.16499999999999998,0.08530000000000001,0.046000000000000006,0.0034799999999999996,0.875,0.0135,0.24050000000000002
mistral-large,neutral,fitted,rrg,100,0.0,0.0,10,10,30000255,True,0.10700000000000001,0.10700000000000001,0.013860000000000003,0.198,0.04035999999999999,0.867,0.0145,0.24499999999999997
mistral-large,neutral,fitted,rrg,100,0.0,0.0,10,10,30000263,True,0.217,0.217,0.07654,0.16199999999999998,0.026520000000000005,0.9049999999999999,0.0095,0.2535
mistral-large,neutral,fitted,rrg,100,0.0,0.0,10,10,30000271,True,0.147,0.125,0.0359,0.142,0.02404,0.865,0.0125,0.2845000000000001
mistral-large,neutral,fitted,rrg,100,0.0,0.0,10,10,30000279,True,0.05700000000000001,0.013000000000000001,0.00378,0.018,0.0003600000000000001,0.925,0.0095,0.269
mistral-large,neutral,fitted,rrg,100,0.25,0.0,10,10,30000000,True,0.23399999999999999,-0.03200000000000001,0.05756,0.14,0.024800000000000003,0.8220000000000001,0.0195,0.36049999999999993
mistral-large,neutral,fitted,rrg,100,0.25,0.0,10,10,30000008,True,0.16499999999999998,-0.037,0.02918,0.014000000000000002,0.00035999999999999997,0.9109999999999999,0.01,0.323
mistral-large,neutral,fitted,rrg,100,0.25,0.0,10,10,30000016,True,0.30700000000000005,0.30700000000000005,0.09682,0.23399999999999999,0.05620000000000001,0.8470000000000001,0.015,0.2924999999999999
mistral-large,neutral,fitted,rrg,100,0.25,0.0,10,10,30000024,True,0.251,-0.19699999999999998,0.10338,0.12599999999999997,0.020759999999999997,0.775,0.024,0.32300000000000006
mistral-large,neutral,fitted,rrg,100,0.25,0.0,10,10,30000032,True,0.10200000000000001,-0.022,0.012640000000000002,0.048,0.0032800000000000004,0.836,0.023,0.3345
mistral-large,neutral,fitted,rrg,100,0.25,0.0,10,10,30000040,True,0.244,-0.244,0.07355999999999999,0.052000000000000005,0.0033599999999999997,0.85,0.015,0.391
mistral-large,neutral,fitted,rrg,100,0.25,0.0,10,10,30000048,True,0.13399999999999998,0.13399999999999998,0.019080000000000003,0.06799999999999999,0.005360000000000001,0.868,0.0135,0.333
mistral-large,neutral,fitted,rrg,100,0.25,0.0,10,10,30000049,True,0.491,-0.16899999999999998,0.27233999999999997,0.262,0.0758,0.8290000000000001,0.015,0.3115
mistral-large,neutral,fitted,rrg,100,0.25,0.0,10,10,30000057,True,0.045,-0.011,0.00238,0.041999999999999996,0.00292,0.861,0.0155,0.35350000000000004
mistral-large,neutral,fitted,rrg,100,0.25,0.0,10,10,30000065,True,0.20400000000000001,0.004000000000000001,0.043399999999999994,0.06800000000000002,0.007760000000000001,0.842,0.016,0.33399999999999996
mistral-large,neutral,fitted,rrg,100,0.25,0.0,10,10,30000073,True,0.11299999999999999,0.07899999999999999,0.01802,0.11400000000000002,0.014119999999999999,0.8469999999999999,0.0225,0.304
mistral-large,neutral,fitted,rrg,100,0.25,0.0,10,10,30000081,True,0.254,-0.052000000000000005,0.06792000000000001,0.04,0.00248,0.8480000000000001,0.0195,0.37800000000000006
mistral-large,neutral,fitted,rrg,100,0.25,0.0,10,10,30000089,True,0.152,0.152,0.024800000000000003,0.04,0.0020800000000000003,0.8539999999999999,0.0255,0.3275
mistral-large,neutral,fitted,rrg,100,0.25,0.0,10,10,30000097,True,0.12300000000000003,-0.08699999999999998,0.022819999999999997,0.08199999999999999,0.007640000000000001,0.8530000000000001,0.018,0.372
mistral-large,neutral,fitted,rrg,100,0.25,0.0,10,10,30000098,True,0.24000000000000005,0.0020000000000000005,0.05940000000000001,0.11599999999999999,0.015040000000000003,0.8240000000000001,0.015,0.32
mistral-large,neutral,fitted,rrg,100,0.25,0.0,10,10,30000106,True,0.15000000000000002,0.14800000000000002,0.03568,0.06,0.005280000000000001,0.882,0.014,0.3045
mistral-large,neutral,fitted,rrg,100,0.25,0.0,10,10,30000114,True,0.21800000000000003,-0.012,0.048319999999999995,0.20400000000000001,0.04264,0.8939999999999999,0.014,0.32700000000000007
mistral-large,neutral,fitted,rrg,100,0.25,0.0,10,10,30000122,True,0.334,-0.08399999999999999,0.12112,0.13200000000000003,0.01968,0.79,0.0225,0.30250000000000005
mistral-large,neutral,fitted,rrg,100,0.25,0.0,10,10,30000130,True,0.43200000000000005,0.15999999999999998,0.2164,0.13199999999999998,0.018480000000000003,0.796,0.0215,0.3635
mistral-large,neutral,fitted,rrg,100,0.25,0.0,10,10,30000138,True,0.13400000000000004,-0.007999999999999998,0.018399999999999996,0.024,0.0008799999999999999,0.8540000000000001,0.012,0.3335
mistral-large,neutral,fitted,rrg,100,0.25,0.0,10,10,30000146,True,0.358,0.358,0.13467999999999997,0.064,0.005680000000000001,0.844,0.016,0.3685
mistral-large,neutral,fitted,rrg,100,0.25,0.0,10,10,30000147,True,0.09899999999999999,-0.06700000000000002,0.01426,0.030000000000000006,0.0013199999999999998,0.891,0.0095,0.34199999999999997
mistral-large,neutral,fitted,rrg,100,0.25,0.0,10,10,30000155,True,0.5660000000000001,0.5660000000000001,0.35680000000000006,0.256,0.07008,0.798,0.025,0.32699999999999996
mistral-large,neutral,fitted,rrg,100,0.25,0.0,10,10,30000163,True,0.20400000000000001,0.20400000000000001,0.06596,0.11200000000000002,0.012960000000000003,0.842,0.017,0.3325
mistral-large,neutral,fitted,rrg,100,0.25,0.0,10,10,30000171,True,0.05299999999999999,0.018999999999999996,0.00358,0.11800000000000002,0.014600000000000002,0.893,0.0095,0.32099999999999995
mistral-large,neutral,fitted,rrg,100,0.25,0.0,10,10,30000179,True,0.24900000000000003,0.24900000000000003,0.06346,0.17400000000000002,0.03492000000000001,0.845,0.014,0.384
mistral-large,neutral,fitted,rrg,100,0.25,0.0,10,10,30000187,True,0.302,-0.302,0.13540000000000002,0.144,0.0216,0.8540000000000001,0.0215,0.28650000000000003
mistral-large,neutral,fitted,rrg,100,0.25,0.0,10,10,30000195,True,0.37699999999999995,0.14300000000000007,0.16302,0.09,0.00852,0.901,0.008,0.3475
mistral-large,neutral,fitted,rrg,100,0.25,0.0,10,10,30000196,True,0.558,-0.558,0.33100000000000007,0.21600000000000003,0.06328,0.772,0.021,0.313
mistral-large,neutral,fitted,rrg,100,0.25,0.0,10,10,30000204,True,0.308,-0.046000000000000006,0.0994,0.08399999999999999,0.00872,0.8140000000000001,0.026,0.323
mistral-large,neutral,fitted,rrg,100,0.25,0.0,10,10,30000212,True,0.15700000000000003,-0.15700000000000003,0.025380000000000003,0.03,0.00148,0.8790000000000001,0.014,0.3335
mistral-large,neutral,fitted,rrg,100,0.25,0.0,10,10,30000220,True,0.209,0.207,0.07805999999999999,0.174,0.03499999999999999,0.7110000000000001,0.0275,0.3105
mistral-large,neutral,fitted,rrg,100,0.25,0.0,10,10,30000228,True,0.217,0.217,0.052539999999999996,0.07,0.006440000000000001,0.807,0.022,0.33699999999999997
mistral-large,neutral,fitted,rrg,100,0.25,0.0,10,10,30000236,True,0.311,0.008999999999999998,0.09834000000000001,0.08199999999999999,0.007320000000000002,0.8809999999999999,0.0135,0.30599999999999994
mistral-large,neutral,fitted,rrg,100,0.25,0.0,10,10,30000244,True,0.264,-0.052000000000000005,0.07892000000000002,0.27599999999999997,0.07752,0.732,0.031,0.33599999999999997
mistral-large,neutral,fitted,rrg,100,0.25,0.0,10,10,30000245,True,0.07799999999999999,0.046,0.007279999999999999,0.13200000000000003,0.01952,0.828,0.015,0.339
mistral-large,neutral,fitted,rrg,100,0.25,0.0,10,10,30000253,True,0.16399999999999998,-0.16399999999999998,0.04004,0.036,0.0019200000000000003,0.772,0.027,0.357
mistral-large,neutral,fitted,rrg,100,0.25,0.0,10,10,30000261,True,0.23500000000000001,-0.23500000000000001,0.06862,0.162,0.029640000000000007,0.873,0.0145,0.3595
mistral-large,neutral,fitted,rrg,100,0.25,0.0,10,10,30000269,True,0.274,0.12599999999999997,0.094,0.124,0.016720000000000002,0.8859999999999999,0.0145,0.374
mistral-large,neutral,fitted,rrg,100,0.25,0.0,10,10,30000277,True,0.368,-0.368,0.1416,0.22400000000000003,0.05288,0.8380000000000001,0.0165,0.3504999999999999
mistral-large,political,fitted,er,100,0.0,0.0,10,10,30000005,False,0.197,0.16699999999999998,0.06766,0.022,0.0008399999999999999,0.943,0.0055,0.32010050251256283
mistral-large,political,fitted,er,100,0.0,0.0,10,10,30000013,False,0.21800000000000003,0.21800000000000003,0.07752,0.06000000000000001,0.0036799999999999992,0.976,0.003,0.29943820224719103
mistral-large,political,fitted,er,100,0.0,0.0,10,10,30000014,False,0.038,-0.03,0.0022400000000000007,0.016,0.0007199999999999999,0.96,0.004,0.3449275362318841
mistral-large,political,fitted,er,100,0.0,0.0,10,10,30000022,False,0.11299999999999999,0.075,0.018660000000000003,0.16199999999999998,0.02652,0.9449999999999997,0.004,0.33468899521531104
mistral-large,political,fitted,er,100,0.0,0.0,10,10,30000030,False,0.13899999999999998,0.13899999999999998,0.026699999999999995,0.174,0.030679999999999995,0.961,0.0035,0.3531400966183576
mistral-large,political,fitted,er,100,0.0,0.0,10,10,30000038,False,0.324,0.324,0.1122,0.044,0.0024000000000000007,0.9579999999999999,0.004,0.2552631578947368
mistral-large,political,fitted,er,100,0.0,0.0,10,10,30000046,False,0.03600000000000001,-0.02,0.0017600000000000005,0.14800000000000005,0.022000000000000002,0.96,0.0025,0.37313829787234043
mistral-large,political,fitted,er,100,0.0,0.0,10,10,30000054,False,0.6209999999999999,0.6209999999999999,0.38614000000000004,0.34199999999999997,0.11771999999999998,0.9489999999999998,0.0035,0.1639473684210526
mistral-large,political,fitted,er,100,0.0,0.0,10,10,30000062,False,0.284,-0.06400000000000002,0.08532,0.028000000000000004,0.0012000000000000001,0.962,0.0035,0.3360795454545455
mistral-large,political,fitted,er,100,0.0,0.0,10,10,30000063,False,0.325,0.325,0.13454,0.025999999999999995,0.0009200000000000001,0.9570000000000001,0.004,0.2959183673469387
mistral-large,political,fitted,er,100,0.0,0.0,10,10,30000071,False,0.253,0.18699999999999997,0.09922,0.06999999999999999,0.00508,0.9830000000000002,0.002,0.29924999999999996
mistral-large,political,fitted,er,100,0.0,0.0,10,10,30000079,False,0.4530000000000001,0.4530000000000001,0.22446000000000002,0.038,0.0021999999999999997,0.967,0.003,0.2616580310880829
mistral-large,political,fitted,er,100,0.0,0.0,10,10,30000087,False,0.10400000000000001,-0.06400000000000002,0.014960000000000001,0.008,0.00016,0.9940000000000001,0.0005,0.339247311827957
mistral-large,political,fitted,er,100,0.0,0.0,10,10,30000095,False,0.10800000000000001,-0.10800000000000001,0.011760000000000003,0.09599999999999999,0.009280000000000002,0.9920000000000002,0.0005,0.33743589743589747
mistral-large,political,fitted,er,100,0.0,0.0,10,10,30000103,False,0.321,0.321,0.12630000000000002,0.05,0.004520000000000001,0.9289999999999999,0.008,0.3267123287671233
mistral-large,political,fitted,er,100,0.0,0.0,10,10,30000111,False,0.15699999999999997,-0.020999999999999994,0.025179999999999998,0.098,0.00996,0.975,0.002,0.3475409836065574
mistral-large,political,fitted,er,100,0.0,0.0,10,10,30000112,False,0.301,0.211,0.13566000000000003,0.041999999999999996,0.003,0.9450000000000001,0.005,0.25245901639344265
mistral-large,political,fitted,er,100,0.0,0.0,10,10,30000120,False,0.22500000000000003,0.151,0.07390000000000001,0.174,0.03116,0.9090000000000001,0.006,0.2677777777777778
mistral-large,political,fitted,er,100,0.0,0.0,10,10,30000128,False,0.302,0.13799999999999998,0.11124,0.044,0.00208,0.95,0.006,0.31763157894736843
mistral-large,political,fitted,er,100,0.0,0.0,10,10,30000136,False,0.07200000000000002,0.016000000000000004,0.005639999999999999,0.016,0.0003200000000000001,0.9479999999999998,0.0045,0.3578651685393258
mistral-large,political,fitted,er,100,0.0,0.0,10,10,30000144,False,0.124,0.124,0.018,0.032,0.0012000000000000001,0.9460000000000001,0.005,0.35841346153846154
mistral-large,political,fitted,er,100,0.0,0.0,10,10,30000152,False,0.12199999999999997,-0.016,0.015280000000000005,0.10400000000000001,0.01176,0.968,0.0025,0.3551470588235295
mistral-large,political,fitted,er,100,0.0,0.0,10,10,30000160,False,0.121,0.121,0.015820000000000004,0.158,0.025240000000000002,0.9469999999999998,0.004,0.328370786516854
mistral-large,political,fitted,er,100,0.0,0.0,10,10,30000161,False,0.21600000000000003,0.21000000000000002,0.08940000000000001,0.03599999999999999,0.0016799999999999999,0.9339999999999999,0.005,0.34750000000000003
mistral-large,political,fitted,er,100,0.0,0.0,10,10,30000169,False,0.262,0.262,0.07336,0.16400000000000006,0.027520000000000006,0.9739999999999999,0.002,0.3276960784313726
mistral-large,political,fitted,er,100,0.0,0.0,10,10,30000177,False,0.205,0.205,0.04662000000000001,0.041999999999999996,0.00228,0.9190000000000002,0.006,0.30300925925925926
mistral-large,political,fitted,er,100,0.0,0.0,10,10,30000185,False,0.31300000000000006,-0.011000000000000001,0.09862000000000001,0.038,0.0016400000000000002,0.9469999999999998,0.005,0.30028089887640447
mistral-large,political,fitted,er,100,0.0,0.0,10,10,30000193,False,0.37300000000000005,0.37300000000000005,0.18882000000000002,0.018,0.0006000000000000001,0.9309999999999998,0.007,0.3063380281690141
mistral-large,political,fitted,er,100,0.0,0.0,10,10,30000201,False,0.08099999999999999,0.08099999999999999,0.0085,0.025999999999999995,0.0008400000000000001,0.9390000000000001,0.005,0.3393229166666667
mistral-large,political,fitted,er,100,0.0,0.0,10,10,30000209,False,0.11699999999999999,0.027000000000000003,0.014779999999999998,0.08199999999999999,0.007160000000000001,0.961,0.004,0.3526946107784431
mistral-large,political,fitted,er,100,0.0,0.0,10,10,30000210,False,0.24000000000000005,0.18399999999999997,0.09164,0.028000000000000004,0.0009600000000000001,0.952,0.0035,0.33038674033149174
mistral-large,political,fitted,er,100,0.0,0.0,10,10,30000218,False,0.063,0.049,0.006660000000000001,0.057999999999999996,0.00364,0.931,0.0045,0.32199999999999995
mistral-large,political,fitted,er,100,0.0,0.0,10,10,30000226,False,0.16399999999999998,0.16399999999999998,0.02864,0.144,0.022560000000000004,0.9559999999999998,0.004,0.323876404494382
mistral-large,political,fitted,er,100,0.0,0.0,10,10,30000234,False,0.091,0.091,0.01022,0.06200000000000001,0.00412,0.959,0.003,0.3707446808510639
mistral-large,political,fitted,er,100,0.0,0.0,10,10,30000242,False,0.329,0.329,0.10937999999999999,0.122,0.0158,0.951,0.004,0.3008968609865471
mistral-large,political,fitted,er,100,0.0,0.0,10,10,30000250,False,0.09799999999999999,0.09799999999999999,0.01852,0.052000000000000005,0.00296,0.976,0.003,0.33461538461538465
mistral-large,political,fitted,er,100,0.0,0.0,10,10,30000258,False,0.15899999999999997,0.157,0.04394,0.178,0.03355999999999999,0.9329999999999998,0.0065,0.34896907216494844
mistral-large,political,fitted,er,100,0.0,0.0,10,10,30000259,False,0.087,-0.087,0.009699999999999999,0.033999999999999996,0.0013999999999999998,0.9810000000000002,0.002,0.3573770491803279
mistral-large,political,fitted,er,100,0.0,0.0,10,10,30000267,False,0.16099999999999998,-0.16099999999999998,0.04386,0.16599999999999998,0.027640000000000005,0.9709999999999999,0.003,0.3337912087912088
mistral-large,political,fitted,er,100,0.0,0.0,10,10,30000275,False,0.07699999999999999,0.03699999999999999,0.00766,0.20599999999999996,0.04315999999999999,0.983,0.0015,0.3327830188679245
mistral-large,political,fitted,er,100,0.25,0.0,10,10,30000003,False,0.254,0.254,0.12044000000000002,0.012,0.00024000000000000003,0.9359999999999999,0.005,0.3831658291457286
mistral-large,political,fitted,er,100,0.25,0.0,10,10,30000011,False,0.11699999999999999,-0.037,0.0153,0.041999999999999996,0.0018800000000000004,0.9530000000000001,0.0035,0.3952991452991453
mistral-large,political,fitted,er,100,0.25,0.0,10,10,30000019,False,0.078,0.018000000000000002,0.00648,0.11600000000000002,0.013600000000000001,0.9920000000000002,0.0015,0.4205882352941176
mistral-large,political,fitted,er,100,0.25,0.0,10,10,30000027,False,0.144,0.072,0.0262,0.076,0.006240000000000001,0.966,0.003,0.3798507462686567
mistral-large,political,fitted,er,100,0.25,0.0,10,10,30000028,False,0.11800000000000002,0.11000000000000001,0.02268,0.20800000000000002,0.044079999999999994,0.96,0.0035,0.41925
mistral-large,political,fitted,er,100,0.25,0.0,10,10,30000036,False,0.15,-0.13999999999999999,0.0394,0.04,0.0019999999999999996,0.9399999999999998,0.0035,0.3682065217391305
mistral-large,political,fitted,er,100,0.25,0.0,10,10,30000044,False,0.17099999999999999,0.16099999999999998,0.053500000000000006,0.10200000000000001,0.01092,0.959,0.003,0.35569948186528494
mistral-large,political,fitted,er,100,0.25,0.0,10,10,30000052,False,0.04699999999999999,-0.009,0.0024600000000000004,0.03,0.0014000000000000002,0.9410000000000001,0.0045,0.37793296089385475
mistral-large,political,fitted,er,100,0.25,0.0,10,10,30000060,False,0.28600000000000003,0.15999999999999998,0.10759999999999999,0.06800000000000002,0.00488,0.946,0.004,0.43179487179487175
mistral-large,political,fitted,er,100,0.25,0.0,10,10,30000068,False,0.219,0.219,0.05926,0.05399999999999999,0.0038000000000000004,0.9709999999999999,0.003,0.37938144329896906
mistral-large,political,fitted,er,100,0.25,0.0,10,10,30000076,False,0.257,0.257,0.06782,0.08199999999999999,0.007000000000000001,0.9430000000000002,0.005,0.38426395939086294
mistral-large,political,fitted,er,100,0.25,0.0,10,10,30000077,False,0.307,0.16299999999999998,0.12154000000000001,0.11399999999999999,0.01364,0.923,0.007,0.32020725388601046
mistral-large,political,fitted,er,100,0.25,0.0,10,10,30000085,False,0.35600000000000004,0.35600000000000004,0.14704,0.08800000000000001,0.01208,0.916,0.0085,0.3946524064171123
mistral-large,political,fitted,er,100,0.25,0.0,10,10,30000093,False,0.191,-0.14299999999999996,0.05746,0.014000000000000002,0.00044,0.933,0.005,0.4150246305418719
mistral-large,political,fitted,er,100,0.25,0.0,10,10,30000101,False,0.142,0.13999999999999999,0.035440000000000006,0.076,0.006,0.97,0.003,0.41256410256410253
mistral-large,political,fitted,er,100,0.25,0.0,10,10,30000109,False,0.022999999999999996,0.015000000000000003,0.0006200000000000001,0.11400000000000002,0.01316,0.9809999999999999,0.002,0.4128491620111732
mistral-large,political,fitted,er,100,0.25,0.0,10,10,30000117,False,0.133,0.10899999999999999,0.029699999999999997,0.022000000000000002,0.00116,0.9349999999999999,0.0055,0.3901826484018264
mistral-large,political,fitted,er,100,0.25,0.0,10,10,30000125,False,0.142,0.016,0.02068,0.02,0.00064,0.9479999999999998,0.004,0.4034482758620689
mistral-large,political,fitted,er,100,0.25,0.0,10,10,30000126,False,0.225,0.225,0.10089999999999999,0.03799999999999999,0.0015600000000000002,0.945,0.004,0.37015706806282717
mistral-large,political,fitted,er,100,0.25,0.0,10,10,30000134,False,0.034999999999999996,-0.026999999999999996,0.00166,0.03799999999999999,0.0022800000000000003,0.9490000000000001,0.0045,0.42164179104477617
mistral-large,political,fitted,er,100,0.25,0.0,10,10,30000142,False,0.146,0.146,0.03208000000000001,0.012,0.00048000000000000007,0.942,0.0045,0.4024590163934425
mistral-large,political,fitted,er,100,0.25,0.0,10,10,30000150,False,0.12999999999999998,0.003999999999999999,0.01712,0.08,0.006560000000000002,0.984,0.002,0.3845454545454545
mistral-large,political,fitted,er,100,0.25,0.0,10,10,30000158,False,0.173,-0.173,0.05554,0.013999999999999999,0.00036,0.9549999999999998,0.0035,0.36540540540540534
mistral-large,political,fitted,er,100,0.25,0.0,10,10,30000166,False,0.179,0.179,0.03985999999999999,0.022,0.00068,0.9390000000000001,0.005,0.36312849162011174
mistral-large,political,fitted,er,100,0.25,0.0,10,10,30000174,False,0.17099999999999999,0.17099999999999999,0.03054,0.086,0.007560000000000002,0.9609999999999997,0.0035,0.3977941176470588
mistral-large,political,fitted,er,100,0.25,0.0,10,10,30000175,False,0.211,0.211,0.04634,0.03799999999999999,0.0016400000000000002,0.951,0.0045,0.43118556701030925
mistral-large,political,fitted,er,100,0.25,0.0,10,10,30000183,False,0.25200000000000006,0.25200000000000006,0.06687999999999998,0.05600000000000001,0.00344,0.978,0.0025,0.40439024390243905
mistral-large,political,fitted,er,100,0.25,0.0,10,10,30000191,False,0.20400000000000001,0.20400000000000001,0.046680000000000006,0.10399999999999998,0.011440000000000002,0.96,0.0035,0.3857843137254902
mistral-large,political,fitted,er,100,0.25,0.0,10,10,30000199,False,0.175,0.16899999999999998,0.05194,0.026000000000000002,0.00076,0.945,0.0045,0.40275
mistral-large,political,fitted,er,100,0.25,0.0,10,10,30000207,False,0.19499999999999998,0.19499999999999998,0.03834,0.13000000000000003,0.017080000000000005,0.9850000000000001,0.0015,0.3786082474226804
mistral-large,political,fitted,er,100,0.25,0.0,10,10,30000215,False,0.032000000000000015,-0.032000000000000015,0.0012799999999999999,0.028000000000000004,0.00112,0.9719999999999999,0.0025,0.4134078212290503
mistral-large,political,fitted,er,100,0.25,0.0,10,10,30000223,False,0.343,0.343,0.12538,0.026000000000000002,0.0008399999999999999,0.937,0.0045,0.37513089005235595
mistral-large,political,fitted,er,100,0.25,0.0,10,10,30000224,False,0.06299999999999999,0.037000000000000005,0.00574,0.074,0.007800000000000001,0.9629999999999999,0.0035,0.4720264317180617
mistral-large,political,fitted,er,100,0.25,0.0,10,10,30000232,False,0.055999999999999994,-0.04,0.0041600000000000005,0.12000000000000002,0.014960000000000005,0.938,0.005,0.4140703517587939
mistral-large,political,fitted,er,100,0.25,0.0,10,10,30000240,False,0.254,0.254,0.07124000000000001,0.039999999999999994,0.0016800000000000003,0.9560000000000001,0.0035,0.3534653465346534
mistral-large,political,fitted,er,100,0.25,0.0,10,10,30000248,False,0.21399999999999997,0.21399999999999997,0.06952,0.028000000000000004,0.00112,0.95,0.0045,0.4193548387096774
mistral-large,political,fitted,er,100,0.25,0.0,10,10,30000256,False,0.06800000000000002,-0.022000000000000002,0.00536,0.176,0.0316,0.984,0.0025,0.41585365853658535
mistral-large,political,fitted,er,100,0.25,0.0,10,10,30000264,False,0.225,0.05500000000000001,0.05413999999999999,0.017999999999999995,0.0006000000000000001,0.975,0.0025,0.40327868852459015
mistral-large,political,fitted,er,100,0.25,0.0,10,10,30000272,False,0.11699999999999999,0.051000000000000004,0.016419999999999997,0.11800000000000002,0.01404,0.9830000000000002,0.002,0.3654494382022472
mistral-large,political,fitted,er,100,0.25,0.0,10,10,30000273,False,0.04599999999999999,-0.04,0.0025600000000000006,0.14799999999999996,0.022320000000000003,0.9699999999999998,0.0025,0.40861244019138765
mistral-large,political,fitted,rrg,100,0.0,0.0,10,10,30000001,False,0.044,0.04,0.00252,0.14000000000000004,0.02016,0.968,0.003,0.345
mistral-large,political,fitted,rrg,100,0.0,0.0,10,10,30000009,False,0.040999999999999995,0.03899999999999999,0.0031400000000000004,0.14999999999999997,0.022680000000000006,0.9489999999999998,0.004,0.3095
mistral-large,political,fitted,rrg,100,0.0,0.0,10,10,30000017,False,0.16299999999999998,0.16299999999999998,0.02926,0.074,0.007000000000000002,0.969,0.0035,0.33
mistral-large,political,fitted,rrg,100,0.0,0.0,10,10,30000025,False,0.24100000000000002,-0.24100000000000002,0.0583,0.09399999999999997,0.009160000000000001,0.953,0.004,0.3315
mistral-large,political,fitted,rrg,100,0.0,0.0,10,10,30000033,False,0.13799999999999998,-0.05800000000000001,0.02312,0.132,0.018720000000000004,0.9579999999999999,0.0035,0.35750000000000004
mistral-large,political,fitted,rrg,100,0.0,0.0,10,10,30000041,False,0.263,0.263,0.07386,0.038,0.0022,0.9189999999999999,0.007,0.28200000000000003
mistral-large,political,fitted,rrg,100,0.0,0.0,10,10,30000042,False,0.13899999999999998,0.13899999999999998,0.024940000000000004,0.09,0.00844,0.9629999999999999,0.003,0.32649999999999996
mistral-large,political,fitted,rrg,100,0.0,0.0,10,10,30000050,False,0.12300000000000003,-0.12300000000000003,0.015700000000000002,0.074,0.005720000000000001,0.9689999999999998,0.0025,0.36499999999999994
mistral-large,political,fitted,rrg,100,0.0,0.0,10,10,30000058,False,0.072,-0.030000000000000006,0.006279999999999999,0.132,0.017680000000000005,0.978,0.0025,0.354
mistral-large,political,fitted,rrg,100,0.0,0.0,10,10,30000066,False,0.08199999999999999,0.08199999999999999,0.0074800000000000005,0.019999999999999997,0.0004000000000000001,0.96,0.004,0.338
mistral-large,political,fitted,rrg,100,0.0,0.0,10,10,30000074,False,0.16199999999999998,0.16199999999999998,0.037240000000000016,0.192,0.037919999999999995,0.9599999999999997,0.003,0.31750000000000006
mistral-large,political,fitted,rrg,100,0.0,0.0,10,10,30000082,False,0.08499999999999999,-0.04299999999999999,0.00914,0.05800000000000001,0.0038,0.977,0.003,0.3795
mistral-large,political,fitted,rrg,100,0.0,0.0,10,10,30000090,False,0.13499999999999998,0.13499999999999998,0.01914,0.03,0.0012399999999999998,0.9349999999999999,0.006,0.35300000000000004
mistral-large,political,fitted,rrg,100,0.0,0.0,10,10,30000091,False,0.040999999999999995,0.03300000000000001,0.00238,0.026000000000000002,0.0008399999999999999,0.9810000000000002,0.002,0.3734999999999999
mistral-large,political,fitted,rrg,100,0.0,0.0,10,10,30000099,False,0.38100000000000006,0.38100000000000006,0.1809,0.11800000000000002,0.014200000000000004,0.9390000000000001,0.0045,0.2779999999999999
mistral-large,political,fitted,rrg,100,0.0,0.0,10,10,30000107,False,0.16499999999999998,0.11099999999999999,0.039700000000000006,0.246,0.06083999999999999,0.953,0.0035,0.352
mistral-large,political,fitted,rrg,100,0.0,0.0,10,10,30000115,False,0.29700000000000004,0.29700000000000004,0.13034,0.07000000000000002,0.0058,0.893,0.0095,0.2885
mistral-large,political,fitted,rrg,100,0.0,0.0,10,10,30000123,False,0.341,0.341,0.11909999999999998,0.11800000000000002,0.0142,0.8969999999999999,0.007,0.26549999999999996
mistral-large,political,fitted,rrg,100,0.0,0.0,10,10,30000131,False,0.20600000000000002,0.092,0.051519999999999996,0.019999999999999997,0.00072,0.942,0.0045,0.34099999999999997
mistral-large,political,fitted,rrg,100,0.0,0.0,10,10,30000139,False,0.09699999999999999,-0.09699999999999999,0.013820000000000002,0.198,0.04012,0.951,0.0035,0.3295
mistral-large,political,fitted,rrg,100,0.0,0.0,10,10,30000140,False,0.11300000000000002,0.11300000000000002,0.01602,0.13399999999999998,0.018440000000000005,0.9589999999999999,0.0035,0.3595
mistral-large,political,fitted,rrg,100,0.0,0.0,10,10,30000148,False,0.25999999999999995,0.176,0.09947999999999999,0.07999999999999999,0.006480000000000001,0.9119999999999999,0.0075,0.306
mistral-large,political,fitted,rrg,100,0.0,0.0,10,10,30000156,False,0.10600000000000001,0.10600000000000001,0.013080000000000003,0.048,0.00248,0.954,0.0035,0.352
mistral-large,political,fitted,rrg,100,0.0,0.0,10,10,30000164,False,0.124,0.124,0.01932,0.09199999999999997,0.008800000000000002,0.9559999999999998,0.004,0.35
mistral-large,political,fitted,rrg,100,0.0,0.0,10,10,30000172,False,0.27599999999999997,0.27599999999999997,0.09936000000000002,0.07200000000000002,0.00592,0.9480000000000001,0.005,0.32900000000000007
mistral-large,political,fitted,rrg,100,0.0,0.0,10,10,30000180,False,0.20099999999999998,0.20099999999999998,0.05238000000000002,0.038000000000000006,0.0018000000000000006,0.9890000000000002,0.001,0.3345
mistral-large,political,fitted,rrg,100,0.0,0.0,10,10,30000188,False,0.437,0.437,0.19542000000000004,0.262,0.06884,0.953,0.004,0.29599999999999993
mistral-large,political,fitted,rrg,100,0.0,0.0,10,10,30000189,False,0.3,0.3,0.09028000000000003,0.10799999999999998,0.012400000000000001,0.952,0.0045,0.321
mistral-large,political,fitted,rrg,100,0.0,0.0,10,10,30000197,False,0.223,0.15699999999999997,0.07514,0.038000000000000006,0.00228,0.929,0.006,0.3085
mistral-large,political,fitted,rrg,100,0.0,0.0,10,10,30000205,False,0.219,0.219,0.09281999999999999,0.046,0.0024400000000000003,0.959,0.0035,0.3195
mistral-large,political,fitted,rrg,100,0.0,0.0,10,10,30000213,False,0.019,-0.014999999999999996,0.00074,0.15000000000000005,0.022840000000000003,0.933,0.005,0.3489999999999999
mistral-large,political,fitted,rrg,100,0.0,0.0,10,10,30000221,False,0.09,0.09,0.010240000000000003,0.064,0.00432,0.95,0.0045,0.35699999999999993
mistral-large,political,fitted,rrg,100,0.0,0.0,10,10,30000229,False,0.173,0.173,0.04326,0.13,0.0186,0.937,0.0055,0.3255
mistral-large,political,fitted,rrg,100,0.0,0.0,10,10,30000237,False,0.08599999999999998,-0.08199999999999999,0.01208,0.027999999999999997,0.00088,0.9880000000000002,0.0015,0.35
mistral-large,political,fitted,rrg,100,0.0,0.0,10,10,30000238,False,0.19399999999999998,0.19399999999999998,0.03879999999999999,0.22800000000000004,0.05232,0.9639999999999999,0.0025,0.30900000000000005
mistral-large,political,fitted,rrg,100,0.0,0.0,10,10,30000246,False,0.29000000000000004,0.29000000000000004,0.088,0.27599999999999997,0.0784,0.96,0.005,0.3445
mistral-large,political,fitted,rrg,100,0.0,0.0,10,10,30000254,False,0.22999999999999998,0.11000000000000001,0.06552,0.11200000000000002,0.012800000000000006,0.952,0.0035,0.3385000000000001
mistral-large,political,fitted,rrg,100,0.0,0.0,10,10,30000262,False,0.285,0.285,0.09146,0.186,0.03492000000000001,0.9450000000000001,0.0055,0.341
mistral-large,political,fitted,rrg,100,0.0,0.0,10,10,30000270,False,0.515,0.515,0.27486,0.11000000000000001,0.01572,0.9649999999999999,0.004,0.29
mistral-large,political,fitted,rrg,100,0.0,0.0,10,10,30000278,False,0.174,-0.174,0.054840000000000014,0.14800000000000005,0.022719999999999997,0.984,0.0015,0.3444999999999999
mistral-large,political,fitted,rrg,100,0.25,0.0,10,10,30000006,False,0.063,0.063,0.00462,0.046,0.0025999999999999994,0.977,0.002,0.4165
mistral-large,political,fitted,rrg,100,0.25,0.0,10,10,30000007,False,0.146,0.13799999999999998,0.03792,0.144,0.020880000000000003,0.954,0.0035,0.384
mistral-large,political,fitted,rrg,100,0.25,0.0,10,10,30000015,False,0.53,0.53,0.2934,0.42800000000000005,0.18456,0.9400000000000001,0.0055,0.3
mistral-large,political,fitted,rrg,100,0.25,0.0,10,10,30000023,False,0.088,0.08199999999999999,0.01296,0.14400000000000004,0.020800000000000003,0.968,0.002,0.3914999999999999
mistral-large,political,fitted,rrg,100,0.25,0.0,10,10,30000031,False,0.073,0.063,0.00974,0.046,0.00252,0.977,0.0025,0.4055000000000001
mistral-large,political,fitted,rrg,100,0.25,0.0,10,10,30000039,False,0.028000000000000004,0.028000000000000004,0.00132,0.14799999999999996,0.022160000000000006,0.9719999999999999,0.003,0.37750000000000006
mistral-large,political,fitted,rrg,100,0.25,0.0,10,10,30000047,False,0.10500000000000001,0.10500000000000001,0.0153,0.06200000000000001,0.004039999999999999,0.951,0.004,0.4125
mistral-large,political,fitted,rrg,100,0.25,0.0,10,10,30000055,False,0.223,0.223,0.06886,0.12600000000000003,0.016360000000000003,0.9570000000000001,0.0055,0.40449999999999997
mistral-large,political,fitted,rrg,100,0.25,0.0,10,10,30000056,False,0.023,0.019,0.0008600000000000002,0.11400000000000002,0.013079999999999998,0.9709999999999998,0.002,0.40500000000000014
mistral-large,political,fitted,rrg,100,0.25,0.0,10,10,30000064,False,0.12299999999999997,0.12299999999999997,0.024019999999999996,0.06200000000000001,0.004439999999999999,0.9369999999999999,0.0045,0.40449999999999997
mistral-large,political,fitted,rrg,100,0.25,0.0,10,10,30000072,False,0.18899999999999997,0.18899999999999997,0.0365,0.11400000000000002,0.01372,0.9450000000000001,0.005,0.44499999999999995
mistral-large,political,fitted,rrg,100,0.25,0.0,10,10,30000080,False,0.05600000000000001,0.05600000000000001,0.003239999999999999,0.076,0.005920000000000001,0.9759999999999998,0.002,0.418
mistral-large,political,fitted,rrg,100,0.25,0.0,10,10,30000088,False,0.13999999999999999,0.13999999999999999,0.022439999999999998,0.072,0.0056,0.9719999999999999,0.0025,0.4105
mistral-large,political,fitted,rrg,100,0.25,0.0,10,10,30000096,False,0.20400000000000001,0.20400000000000001,0.05619999999999999,0.028000000000000004,0.0012000000000000001,0.9299999999999999,0.0065,0.4160000000000001
mistral-large,political,fitted,rrg,100,0.25,0.0,10,10,30000104,False,0.062,0.062,0.0048400000000000006,0.09999999999999999,0.01072,0.9400000000000002,0.006,0.43499999999999994
mistral-large,political,fitted,rrg,100,0.25,0.0,10,10,30000105,False,0.043000000000000003,-0.043000000000000003,0.0023400000000000005,0.030000000000000006,0.0013999999999999998,0.9810000000000002,0.002,0.38099999999999995
mistral-large,political,fitted,rrg,100,0.25,0.0,10,10,30000113,False,0.10800000000000001,0.10600000000000001,0.022160000000000003,0.05600000000000001,0.00392,0.982,0.002,0.40199999999999997
mistral-large,political,fitted,rrg,100,0.25,0.0,10,10,30000121,False,0.255,0.13499999999999998,0.08362,0.018000000000000002,0.00044,0.943,0.005,0.40650000000000003
mistral-large,political,fitted,rrg,100,0.25,0.0,10,10,30000129,False,0.15499999999999997,0.141,0.04418000000000001,0.06999999999999998,0.005320000000000001,0.9789999999999999,0.002,0.43950000000000006
mistral-large,political,fitted,rrg,100,0.25,0.0,10,10,30000137,False,0.27,0.26799999999999996,0.13892,0.04,0.00216,0.9219999999999999,0.0065,0.37500000000000006
mistral-large,political,fitted,rrg,100,0.25,0.0,10,10,30000145,False,0.09899999999999999,0.09899999999999999,0.01366,0.041999999999999996,0.0020400000000000006,0.9910000000000002,0.001,0.397
mistral-large,political,fitted,rrg,100,0.25,0.0,10,10,30000153,False,0.244,0.244,0.060360000000000004,0.08800000000000001,0.008320000000000003,0.96,0.003,0.38599999999999995
mistral-large,political,fitted,rrg,100,0.25,0.0,10,10,30000154,False,0.13599999999999998,0.13599999999999998,0.023080000000000003,0.27599999999999997,0.07832000000000001,0.9339999999999999,0.0055,0.394
mistral-large,political,fitted,rrg,100,0.25,0.0,10,10,30000162,False,0.19999999999999998,0.19999999999999998,0.04036,0.008,0.00016,0.95,0.0035,0.37899999999999995
mistral-large,political,fitted,rrg,100,0.25,0.0,10,10,30000170,False,0.10400000000000001,0.10400000000000001,0.0114,0.096,0.009440000000000004,0.9860000000000003,0.002,0.4065
mistral-large,political,fitted,rrg,100,0.25,0.0,10,10,30000178,False,0.21200000000000002,0.21200000000000002,0.053239999999999996,0.09599999999999999,0.00944,0.9880000000000002,0.002,0.40149999999999997
mistral-large,political,fitted,rrg,100,0.25,0.0,10,10,30000186,False,0.501,0.501,0.2569,0.118,0.01452,0.9389999999999998,0.005,0.3929999999999999
mistral-large,political,fitted,rrg,100,0.25,0.0,10,10,30000194,False,0.12999999999999998,0.12999999999999998,0.017120000000000003,0.088,0.007920000000000003,0.9639999999999999,0.0035,0.3835
mistral-large,political,fitted,rrg,100,0.25,0.0,10,10,30000202,False,0.2710000000000001,0.121,0.08838,0.22999999999999998,0.05299999999999999,0.969,0.0025,0.41550000000000004
mistral-large,political,fitted,rrg,100,0.25,0.0,10,10,30000203,False,0.06000000000000001,0.06000000000000001,0.00392,0.26799999999999996,0.07296,0.9559999999999998,0.003,0.4265
mistral-large,political,fitted,rrg,100,0.25,0.0,10,10,30000211,False,0.16299999999999998,0.16299999999999998,0.042460000000000005,0.18199999999999997,0.03323999999999999,0.9570000000000001,0.003,0.3575
mistral-large,political,fitted,rrg,100,0.25,0.0,10,10,30000219,False,0.12900000000000003,0.021,0.017300000000000006,0.042,0.001960000000000001,0.9730000000000001,0.003,0.39899999999999997
mistral-large,political,fitted,rrg,100,0.25,0.0,10,10,30000227,False,0.229,0.229,0.057819999999999996,0.01,0.00028000000000000003,0.961,0.003,0.382
mistral-large,political,fitted,rrg,100,0.25,0.0,10,10,30000235,False,0.19899999999999998,0.11499999999999999,0.052980000000000006,0.13399999999999998,0.019480000000000004,0.9709999999999999,0.0035,0.398
mistral-large,political,fitted,rrg,100,0.25,0.0,10,10,30000243,False,0.15599999999999997,0.15599999999999997,0.026600000000000002,0.152,0.023280000000000002,0.9439999999999997,0.004,0.4165
mistral-large,political,fitted,rrg,100,0.25,0.0,10,10,30000251,False,0.24700000000000003,0.24700000000000003,0.06154,0.033999999999999996,0.0014000000000000002,0.961,0.0035,0.421
mistral-large,political,fitted,rrg,100,0.25,0.0,10,10,30000252,False,0.15699999999999997,0.15699999999999997,0.025379999999999996,0.158,0.02516,0.9649999999999999,0.004,0.39699999999999996
mistral-large,political,fitted,rrg,100,0.25,0.0,10,10,30000260,False,0.10500000000000001,0.10500000000000001,0.011300000000000001,0.16999999999999998,0.02899999999999999,0.9850000000000001,0.001,0.40500000000000014
mistral-large,political,fitted,rrg,100,0.25,0.0,10,10,30000268,False,0.16499999999999998,-0.051000000000000004,0.030140000000000007,0.06200000000000001,0.0038799999999999993,0.9850000000000001,0.002,0.375
mistral-large,political,fitted,rrg,100,0.25,0.0,10,10,30000276,False,0.193,0.11099999999999999,0.05034000000000001,0.10600000000000001,0.011400000000000002,0.961,0.004,0.45149999999999996
mistral-large,political,fitted,er,100,0.0,0.0,10,10,30000004,True,0.34500000000000003,0.17899999999999996,0.15166,0.014000000000000002,0.00028000000000000003,0.9470000000000001,0.005,0.27377450980392154
mistral-large,political,fitted,er,100,0.0,0.0,10,10,30000012,True,0.22200000000000003,0.22200000000000003,0.06588,0.12400000000000003,0.015680000000000003,0.982,0.002,0.2719576719576719
mistral-large,political,fitted,er,100,0.0,0.0,10,10,30000020,True,0.281,0.281,0.14514,0.026000000000000002,0.0008399999999999999,0.9529999999999997,0.0035,0.281060606060606
mistral-large,political,fitted,er,100,0.0,0.0,10,10,30000021,True,0.21200000000000002,0.21200000000000002,0.06947999999999999,0.20400000000000001,0.04184,0.962,0.0035,0.3028645833333333
mistral-large,political,fitted,er,100,0.0,0.0,10,10,30000029,True,0.041999999999999996,0.039999999999999994,0.0020800000000000003,0.22000000000000003,0.049359999999999994,0.9579999999999999,0.0035,0.3631578947368421
mistral-large,political,fitted,er,100,0.0,0.0,10,10,30000037,True,0.38300000000000006,0.38300000000000006,0.15674,0.062,0.00404,0.9769999999999998,0.0025,0.2694063926940639
mistral-large,political,fitted,er,100,0.0,0.0,10,10,30000045,True,0.20400000000000001,0.20400000000000001,0.05292000000000001,0.03200000000000001,0.0011999999999999997,0.966,0.002,0.29872448979591837
mistral-large,political,fitted,er,100,0.0,0.0,10,10,30000053,True,0.27599999999999997,0.27599999999999997,0.07956,0.06000000000000001,0.004159999999999999,0.954,0.0035,0.3159509202453987
mistral-large,political,fitted,er,100,0.0,0.0,10,10,30000061,True,0.18,0.18,0.05484,0.25999999999999995,0.06776,0.9399999999999998,0.0045,0.30050000000000004
mistral-large,political,fitted,er,100,0.0,0.0,10,10,30000069,True,0.19699999999999998,0.06100000000000001,0.042580000000000014,0.041999999999999996,0.0018000000000000002,0.953,0.0025,0.3030092592592593
mistral-large,political,fitted,er,100,0.0,0.0,10,10,30000070,True,0.07499999999999998,-0.07499999999999998,0.011380000000000003,0.25,0.06276,0.975,0.0015,0.36111111111111116
mistral-large,political,fitted,er,100,0.0,0.0,10,10,30000078,True,0.16599999999999998,0.078,0.03432,0.02,0.00064,0.9560000000000001,0.004,0.324438202247191
mistral-large,political,fitted,er,100,0.0,0.0,10,10,30000086,True,0.26000000000000006,0.26000000000000006,0.08548,0.15199999999999997,0.023440000000000006,0.892,0.0085,0.2910326086956522
mistral-large,political,fitted,er,100,0.0,0.0,10,10,30000094,True,0.19999999999999998,0.08,0.04648,0.11200000000000002,0.012639999999999998,0.9900000000000002,0.001,0.37234042553191493
mistral-large,political,fitted,er,100,0.0,0.0,10,10,30000102,True,0.22399999999999998,-0.22399999999999998,0.08280000000000001,0.06800000000000002,0.00472,0.952,0.004,0.32774869109947646
mistral-large,political,fitted,er,100,0.0,0.0,10,10,30000110,True,0.23500000000000001,0.23500000000000001,0.055499999999999994,0.11800000000000002,0.0142,0.975,0.002,0.3545698924731184
mistral-large,political,fitted,er,100,0.0,0.0,10,10,30000118,True,0.13499999999999998,0.13499999999999998,0.022380000000000004,0.07800000000000001,0.007720000000000002,0.945,0.0045,0.3305825242718447
mistral-large,political,fitted,er,100,0.0,0.0,10,10,30000119,True,0.32599999999999996,0.32599999999999996,0.10859999999999999,0.13599999999999998,0.019360000000000006,0.9439999999999997,0.0035,0.3081632653061225
mistral-large,political,fitted,er,100,0.0,0.0,10,10,30000127,True,0.10600000000000001,0.004000000000000002,0.011680000000000001,0.19599999999999998,0.038639999999999994,0.946,0.0045,0.3508064516129033
mistral-large,political,fitted,er,100,0.0,0.0,10,10,30000135,True,0.126,0.126,0.0178,0.12800000000000003,0.01672,0.9579999999999999,0.0035,0.34617346938775506
mistral-large,political,fitted,er,100,0.0,0.0,10,10,30000143,True,0.19999999999999998,0.06800000000000002,0.04472000000000001,0.18799999999999997,0.0356,0.9640000000000001,0.003,0.3452127659574469
mistral-large,political,fitted,er,100,0.0,0.0,10,10,30000151,True,0.11800000000000002,0.11800000000000002,0.0206,0.008,0.00016,0.9400000000000001,0.0045,0.3308612440191388
mistral-large,political,fitted,er,100,0.0,0.0,10,10,30000159,True,0.221,0.179,0.08117999999999999,0.15000000000000005,0.022680000000000002,0.9509999999999998,0.003,0.29974747474747476
mistral-large,political,fitted,er,100,0.0,0.0,10,10,30000167,True,0.22199999999999998,0.22199999999999998,0.04972,0.068,0.005600000000000001,0.9359999999999999,0.005,0.3013736263736263
mistral-large,political,fitted,er,100,0.0,0.0,10,10,30000168,True,0.251,0.03500000000000002,0.0645,0.15399999999999997,0.02404,0.9689999999999998,0.0025,0.3345108695652174
mistral-large,political,fitted,er,100,0.0,0.0,10,10,30000176,True,0.13000000000000003,-0.13000000000000003,0.01788,0.052000000000000005,0.0027999999999999995,0.9900000000000002,0.001,0.3477832512315271
mistral-large,political,fitted,er,100,0.0,0.0,10,10,30000184,True,0.17099999999999996,0.141,0.048100000000000004,0.022000000000000002,0.0008400000000000001,0.929,0.0055,0.3499999999999999
mistral-large,political,fitted,er,100,0.0,0.0,10,10,30000192,True,0.054000000000000006,0.054000000000000006,0.00312,0.012,0.0003200000000000001,0.976,0.0025,0.41069518716577535
mistral-large,political,fitted,er,100,0.0,0.0,10,10,30000200,True,0.18999999999999997,0.11799999999999997,0.05012000000000001,0.12000000000000002,0.014879999999999999,0.9499999999999998,0.0035,0.3178010471204189
mistral-large,political,fitted,er,100,0.0,0.0,10,10,30000208,True,0.059,0.027000000000000003,0.00434,0.18599999999999997,0.035,0.9809999999999999,0.0025,0.3577889447236181
mistral-large,political,fitted,er,100,0.0,0.0,10,10,30000216,True,0.003,0.003,6.000000000000001e-05,0.086,0.0074800000000000005,0.9970000000000001,0.0005,0.29736842105263156
mistral-large,political,fitted,er,100,0.0,0.0,10,10,30000217,True,0.20800000000000002,0.20800000000000002,0.0732,0.04,0.0019200000000000003,0.9720000000000001,0.003,0.2955263157894737
mistral-large,political,fitted,er,100,0.0,0.0,10,10,30000225,True,0.177,0.177,0.052579999999999995,0.19799999999999998,0.03948,0.969,0.0025,0.3133928571428571
mistral-large,political,fitted,er,100,0.0,0.0,10,10,30000233,True,0.13599999999999998,0.12600000000000003,0.03488,0.019999999999999997,0.00072,0.9479999999999998,0.0045,0.3738235294117647
mistral-large,political,fitted,er,100,0.0,0.0,10,10,30000241,True,0.12200000000000003,0.12200000000000003,0.023119999999999998,0.13200000000000003,0.0176,0.962,0.0025,0.3327956989247312
mistral-large,political,fitted,er,100,0.0,0.0,10,10,30000249,True,0.19999999999999998,0.19999999999999998,0.04064000000000001,0.19199999999999995,0.03752,0.946,0.0045,0.304812834224599
mistral-large,political,fitted,er,100,0.0,0.0,10,10,30000257,True,0.194,0.12800000000000003,0.05500000000000001,0.064,0.00432,0.942,0.0055,0.3156716417910448
mistral-large,political,fitted,er,100,0.0,0.0,10,10,30000265,True,0.49399999999999994,0.49399999999999994,0.25179999999999997,0.33199999999999996,0.11048000000000002,0.914,0.008,0.21905940594059406
mistral-large,political,fitted,er,100,0.0,0.0,10,10,30000266,True,0.16199999999999998,0.16199999999999998,0.02756,0.20800000000000002,0.04344000000000001,0.9480000000000001,0.0045,0.36325
mistral-large,political,fitted,er,100,0.0,0.0,10,10,30000274,True,0.14900000000000002,0.119,0.036980000000000006,0.018,0.0006000000000000001,0.9709999999999999,0.0025,0.37146596858638736
mistral-large,political,fitted,er,100,0.25,0.0,10,10,30000002,True,0.06100000000000001,-0.025,0.00458,0.054000000000000006,0.0029999999999999996,0.9789999999999999,0.0025,0.37560386473429946
mistral-large,political,fitted,er,100,0.25,0.0,10,10,30000010,True,0.2580000000000001,0.2580000000000001,0.06839999999999999,0.023999999999999997,0.0010399999999999997,0.944,0.004,0.3885204081632653
mistral-large,political,fitted,er,100,0.25,0.0,10,10,30000018,True,0.17799999999999996,0.17799999999999996,0.03512,0.19199999999999998,0.03712000000000001,0.9459999999999997,0.003,0.3856410256410256
mistral-large,political,fitted,er,100,0.25,0.0,10,10,30000026,True,0.29500000000000004,0.29500000000000004,0.08858000000000002,0.262,0.06924,0.943,0.0045,0.4283018867924528
mistral-large,political,fitted,er,100,0.25,0.0,10,10,30000034,True,0.19299999999999998,-0.08700000000000001,0.04494,0.16199999999999998,0.02636,0.9830000000000002,0.0015,0.3424698795180724
mistral-large,political,fitted,er,100,0.25,0.0,10,10,30000035,True,0.13799999999999998,0.13799999999999998,0.023880000000000005,0.27599999999999997,0.07688,0.9920000000000002,0.002,0.42396313364055294
mistral-large,political,fitted,er,100,0.25,0.0,10,10,30000043,True,0.07399999999999998,0.07399999999999998,0.011040000000000003,0.072,0.005280000000000001,0.976,0.0015,0.4104166666666666
mistral-large,political,fitted,er,100,0.25,0.0,10,10,30000051,True,0.13199999999999998,0.12799999999999997,0.033839999999999995,0.023999999999999997,0.0006400000000000002,0.9820000000000002,0.001,0.40890052356020945
mistral-large,political,fitted,er,100,0.25,0.0,10,10,30000059,True,0.19299999999999998,0.19299999999999998,0.03798,0.033999999999999996,0.0013200000000000002,0.9570000000000001,0.0035,0.3829787234042553
mistral-large,political,fitted,er,100,0.25,0.0,10,10,30000067,True,0.16699999999999998,0.08099999999999999,0.03474000000000001,0.026000000000000002,0.00092,0.9630000000000001,0.0035,0.38823529411764707
mistral-large,political,fitted,er,100,0.25,0.0,10,10,30000075,True,0.29500000000000004,0.29500000000000004,0.0879,0.086,0.007480000000000002,0.9550000000000001,0.0035,0.3609649122807017
mistral-large,political,fitted,er,100,0.25,0.0,10,10,30000083,True,0.10300000000000001,0.08099999999999999,0.017219999999999996,0.078,0.006200000000000001,0.9890000000000001,0.001,0.3997282608695652
mistral-large,political,fitted,er,100,0.25,0.0,10,10,30000084,True,0.20099999999999998,0.17099999999999999,0.06942,0.025999999999999995,0.00092,0.943,0.005,0.3872685185185185
mistral-large,political,fitted,er,100,0.25,0.0,10,10,30000092,True,0.086,0.086,0.01036,0.13200000000000003,0.01752,0.9760000000000002,0.002,0.46421319796954313
mistral-large,political,fitted,er,100,0.25,0.0,10,10,30000100,True,0.27899999999999997,-0.016999999999999994,0.07994000000000001,0.033999999999999996,0.00148,0.9089999999999998,0.007,0.4248792270531402
mistral-large,political,fitted,er,100,0.25,0.0,10,10,30000108,True,0.09999999999999999,-0.07999999999999999,0.016399999999999998,0.12000000000000002,0.0144,0.99,0.0005,0.4083769633507853
mistral-large,political,fitted,er,100,0.25,0.0,10,10,30000116,True,0.19499999999999998,0.19499999999999998,0.06986,0.13000000000000003,0.017,0.9410000000000001,0.0045,0.4108247422680412
mistral-large,political,fitted,er,100,0.25,0.0,10,10,30000124,True,0.061,-0.059,0.00642,0.16199999999999998,0.026680000000000002,0.9669999999999999,0.003,0.42336956521739133
mistral-large,political,fitted,er,100,0.25,0.0,10,10,30000132,True,0.016,-0.008000000000000002,0.00044,0.23600000000000004,0.05791999999999999,0.9520000000000002,0.005,0.4342233009708737
mistral-large,political,fitted,er,100,0.25,0.0,10,10,30000133,True,0.16899999999999998,-0.012999999999999998,0.028900000000000002,0.10600000000000001,0.011559999999999997,0.9469999999999998,0.004,0.39702970297029705
mistral-large,political,fitted,er,100,0.25,0.0,10,10,30000141,True,0.174,0.174,0.05312,0.06,0.004639999999999998,0.966,0.003,0.3892670157068062
mistral-large,political,fitted,er,100,0.25,0.0,10,10,30000149,True,0.147,0.147,0.03366,0.09799999999999999,0.00996,0.933,0.005,0.35000000000000003
mistral-large,political,fitted,er,100,0.25,0.0,10,10,30000157,True,0.276,0.276,0.08668,0.14000000000000004,0.020800000000000003,0.9199999999999999,0.0065,0.38351063829787235
mistral-large,political,fitted,er,100,0.25,0.0,10,10,30000165,True,0.08499999999999999,0.061,0.011699999999999999,0.030000000000000006,0.0016399999999999997,0.951,0.0045,0.42733990147783246
mistral-large,political,fitted,er,100,0.25,0.0,10,10,30000173,True,0.13499999999999998,0.087,0.025979999999999996,0.15,0.022680000000000006,0.953,0.003,0.3947916666666667
mistral-large,political,fitted,er,100,0.25,0.0,10,10,30000181,True,0.24100000000000002,0.10300000000000001,0.0689,0.25000000000000006,0.06284000000000001,0.9650000000000001,0.003,0.38402061855670105
mistral-large,political,fitted,er,100,0.25,0.0,10,10,30000182,True,0.19999999999999998,0.18799999999999997,0.07328000000000001,0.012,0.00032,0.9560000000000001,0.0035,0.3849206349206349
mistral-large,political,fitted,er,100,0.25,0.0,10,10,30000190,True,0.177,0.177,0.0339,0.046,0.0026799999999999997,0.9469999999999998,0.0045,0.3990000000000001
mistral-large,political,fitted,er,100,0.25,0.0,10,10,30000198,True,0.12100000000000002,-0.067,0.019219999999999998,0.014000000000000002,0.00044,0.977,0.002,0.4331707317073171
mistral-large,political,fitted,er,100,0.25,0.0,10,10,30000206,True,0.15899999999999997,0.129,0.041100000000000005,0.033999999999999996,0.0013999999999999998,0.959,0.005,0.41900000000000004
mistral-large,political,fitted,er,100,0.25,0.0,10,10,30000214,True,0.179,0.179,0.03726,0.21000000000000002,0.04460000000000001,0.959,0.0045,0.36544117647058827
mistral-large,political,fitted,er,100,0.25,0.0,10,10,30000222,True,0.142,0.10200000000000001,0.030920000000000003,0.06400000000000002,0.006319999999999999,0.916,0.0065,0.3823394495412844
mistral-large,political,fitted,er,100,0.25,0.0,10,10,30000230,True,0.07700000000000003,-0.06300000000000001,0.009980000000000001,0.054000000000000006,0.0035600000000000007,0.9709999999999999,0.003,0.4083769633507853
mistral-large,political,fitted,er,100,0.25,0.0,10,10,30000231,True,0.22400000000000003,0.094,0.05932000000000002,0.16399999999999998,0.027119999999999995,0.9479999999999998,0.0035,0.4263736263736263
mistral-large,political,fitted,er,100,0.25,0.0,10,10,30000239,True,0.030999999999999993,-0.029000000000000005,0.00166,0.05,0.00276,0.969,0.0035,0.3943243243243243
mistral-large,political,fitted,er,100,0.25,0.0,10,10,30000247,True,0.011,0.009,0.00022000000000000006,0.022,0.0005200000000000002,0.9790000000000003,0.002,0.4345945945945945
mistral-large,political,fitted,er,100,0.25,0.0,10,10,30000255,True,0.21200000000000002,0.21200000000000002,0.05688,0.028000000000000004,0.0009600000000000001,0.9679999999999997,0.003,0.4152061855670103
mistral-large,political,fitted,er,100,0.25,0.0,10,10,30000263,True,0.22700000000000004,0.22700000000000004,0.07638000000000003,0.13799999999999998,0.019400000000000008,0.933,0.0045,0.38763157894736844
mistral-large,political,fitted,er,100,0.25,0.0,10,10,30000271,True,0.217,0.217,0.05714,0.03799999999999999,0.00196,0.933,0.005,0.3978494623655914
mistral-large,political,fitted,er,100,0.25,0.0,10,10,30000279,True,0.039999999999999994,0.006,0.0017200000000000004,0.18799999999999997,0.03560000000000001,0.978,0.0015,0.4111111111111111
mistral-large,political,fitted,rrg,100,0.0,0.0,10,10,30000000,True,0.101,-0.024999999999999994,0.010899999999999998,0.041999999999999996,0.0018000000000000006,0.9850000000000001,0.001,0.3775
mistral-large,political,fitted,rrg,100,0.0,0.0,10,10,30000008,True,0.08399999999999999,0.07799999999999999,0.012839999999999999,0.08,0.0068000000000000005,0.942,0.004,0.32699999999999996
mistral-large,political,fitted,rrg,100,0.0,0.0,10,10,30000016,True,0.288,0.288,0.08844,0.08,0.0068000000000000005,0.9659999999999999,0.003,0.3005
mistral-large,political,fitted,rrg,100,0.0,0.0,10,10,30000024,True,0.14899999999999997,-0.087,0.030019999999999998,0.07399999999999998,0.005560000000000001,0.977,0.0025,0.35350000000000004
mistral-large,political,fitted,rrg,100,0.0,0.0,10,10,30000032,True,0.11499999999999999,0.11499999999999999,0.025339999999999994,0.086,0.007480000000000002,0.9810000000000001,0.0015,0.36699999999999994
mistral-large,political,fitted,rrg,100,0.0,0.0,10,10,30000040,True,0.04999999999999999,-0.04999999999999999,0.0031200000000000004,0.016,0.0004,0.9619999999999997,0.0035,0.3285
mistral-large,political,fitted,rrg,100,0.0,0.0,10,10,30000048,True,0.15899999999999997,0.15899999999999997,0.02558,0.11800000000000002,0.01404,0.9709999999999999,0.0025,0.35499999999999987
mistral-large,political,fitted,rrg,100,0.0,0.0,10,10,30000049,True,0.225,0.07699999999999999,0.05666000000000001,0.006,0.00012000000000000002,0.9830000000000002,0.0015,0.33100000000000007
mistral-large,political,fitted,rrg,100,0.0,0.0,10,10,30000057,True,0.20299999999999999,0.20299999999999999,0.046700000000000005,0.16999999999999998,0.02916000000000001,0.9609999999999997,0.003,0.31299999999999994
mistral-large,political,fitted,rrg,100,0.0,0.0,10,10,30000065,True,0.125,0.0050000000000000044,0.015779999999999995,0.11000000000000001,0.012360000000000003,0.9850000000000001,0.0015,0.37250000000000005
mistral-large,political,fitted,rrg,100,0.0,0.0,10,10,30000073,True,0.22000000000000003,0.22000000000000003,0.04868,0.092,0.008800000000000002,0.954,0.0035,0.3075
mistral-large,political,fitted,rrg,100,0.0,0.0,10,10,30000081,True,0.08499999999999999,0.065,0.011779999999999999,0.022,0.0006000000000000001,0.9749999999999999,0.0025,0.36199999999999993
mistral-large,political,fitted,rrg,100,0.0,0.0,10,10,30000089,True,0.13199999999999998,0.13199999999999998,0.01996,0.016,0.0003200000000000001,0.9780000000000001,0.002,0.294
mistral-large,political,fitted,rrg,100,0.0,0.0,10,10,30000097,True,0.17399999999999996,0.018,0.030999999999999993,0.13600000000000004,0.01904,0.942,0.0045,0.33599999999999997
mistral-large,political,fitted,rrg,100,0.0,0.0,10,10,30000098,True,0.08499999999999998,0.03499999999999999,0.00854,0.178,0.03252000000000001,0.9709999999999998,0.0025,0.3295
mistral-large,political,fitted,rrg,100,0.0,0.0,10,10,30000106,True,0.07699999999999999,0.07699999999999999,0.007340000000000002,0.11400000000000002,0.01308,0.9629999999999999,0.0025,0.32649999999999996
mistral-large,political,fitted,rrg,100,0.0,0.0,10,10,30000114,True,0.275,0.275,0.09885999999999999,0.074,0.00572,0.975,0.003,0.3215
mistral-large,political,fitted,rrg,100,0.0,0.0,10,10,30000122,True,0.22400000000000003,-0.019999999999999997,0.05072000000000001,0.12800000000000003,0.01648,0.9639999999999999,0.003,0.318
mistral-large,political,fitted,rrg,100,0.0,0.0,10,10,30000130,True,0.33599999999999997,0.19199999999999998,0.15004,0.1,0.01056,0.958,0.0035,0.3295
mistral-large,political,fitted,rrg,100,0.0,0.0,10,10,30000138,True,0.263,0.021000000000000005,0.06982,0.16200000000000006,0.02716,0.9529999999999997,0.003,0.28650000000000003
mistral-large,political,fitted,rrg,100,0.0,0.0,10,10,30000146,True,0.24299999999999997,0.24299999999999997,0.06258,0.014000000000000002,0.00076,0.9830000000000002,0.002,0.3205
mistral-large,political,fitted,rrg,100,0.0,0.0,10,10,30000147,True,0.11200000000000002,0.11200000000000002,0.0134,0.032,0.00112,0.9719999999999999,0.003,0.363
mistral-large,political,fitted,rrg,100,0.0,0.0,10,10,30000155,True,0.31100000000000005,0.31100000000000005,0.1713,0.086,0.008520000000000002,0.9490000000000001,0.0055,0.3295
mistral-large,political,fitted,rrg,100,0.0,0.0,10,10,30000163,True,0.207,0.207,0.04326000000000001,0.025999999999999995,0.0012399999999999998,0.9649999999999999,0.0035,0.33249999999999996
mistral-large,political,fitted,rrg,100,0.0,0.0,10,10,30000171,True,0.054000000000000006,0.013999999999999999,0.0031600000000000005,0.05199999999999999,0.0028,0.9960000000000001,0.0005,0.318
mistral-large,political,fitted,rrg,100,0.0,0.0,10,10,30000179,True,0.302,0.302,0.09256,0.076,0.006800000000000003,0.9679999999999997,0.0025,0.29900000000000004
mistral-large,political,fitted,rrg,100,0.0,0.0,10,10,30000187,True,0.098,0.098,0.0114,0.2920000000000001,0.08552000000000001,0.9319999999999998,0.0045,0.328
mistral-large,political,fitted,rrg,100,0.0,0.0,10,10,30000195,True,0.265,0.265,0.10406,0.13799999999999998,0.019480000000000004,0.9110000000000001,0.0055,0.2785000000000001
mistral-large,political,fitted,rrg,100,0.0,0.0,10,10,30000196,True,0.10600000000000001,-0.10600000000000001,0.011600000000000003,0.096,0.009920000000000002,0.968,0.0025,0.3665
mistral-large,political,fitted,rrg,100,0.0,0.0,10,10,30000204,True,0.242,-0.020000000000000007,0.05920000000000001,0.176,0.03176,0.942,0.005,0.31050000000000005
mistral-large,political,fitted,rrg,100,0.0,0.0,10,10,30000212,True,0.14500000000000007,0.0010000000000000009,0.021140000000000003,0.049999999999999996,0.0026800000000000005,0.9390000000000001,0.0045,0.3554999999999999
mistral-large,political,fitted,rrg,100,0.0,0.0,10,10,30000220,True,0.44700000000000006,0.44700000000000006,0.21558000000000005,0.254,0.06667999999999999,0.9129999999999999,0.0075,0.2425
mistral-large,political,fitted,rrg,100,0.0,0.0,10,10,30000228,True,0.16099999999999998,0.16099999999999998,0.028059999999999995,0.11800000000000002,0.0142,0.943,0.004,0.355
mistral-large,political,fitted,rrg,100,0.0,0.0,10,10,30000236,True,0.22600000000000003,0.09999999999999999,0.0612,0.039999999999999994,0.0016800000000000003,0.9760000000000002,0.002,0.29000000000000004
mistral-large,political,fitted,rrg,100,0.0,0.0,10,10,30000244,True,0.11800000000000002,-0.11800000000000002,0.020319999999999998,0.036000000000000004,0.0023200000000000004,0.944,0.0045,0.354
mistral-large,political,fitted,rrg,100,0.0,0.0,10,10,30000245,True,0.15499999999999997,0.06500000000000002,0.0283,0.10999999999999999,0.012200000000000003,0.9850000000000001,0.001,0.35250000000000004
mistral-large,political,fitted,rrg,100,0.0,0.0,10,10,30000253,True,0.148,-0.13400000000000004,0.03992,0.02,0.00048000000000000007,0.9719999999999999,0.002,0.3265
mistral-large,political,fitted,rrg,100,0.0,0.0,10,10,30000261,True,0.07999999999999999,-0.07999999999999999,0.012800000000000002,0.24000000000000005,0.0576,0.9800000000000002,0.001,0.335
mistral-large,political,fitted,rrg,100,0.0,0.0,10,10,30000269,True,0.19199999999999998,0.19199999999999998,0.043359999999999996,0.06,0.00368,0.9880000000000002,0.0015,0.30900000000000005
mistral-large,political,fitted,rrg,100,0.0,0.0,10,10,30000277,True,0.10200000000000001,-0.10200000000000001,0.010880000000000003,0.132,0.01824,0.962,0.0035,0.35749999999999993
mistral-large,political,fitted,rrg,100,0.25,0.0,10,10,30000005,True,0.18799999999999997,0.13399999999999998,0.053880000000000004,0.05600000000000001,0.0034399999999999995,0.9339999999999999,0.006,0.43950000000000006
mistral-large,political,fitted,rrg,100,0.25,0.0,10,10,30000013,True,0.269,0.16099999999999998,0.09845999999999999,0.19399999999999998,0.037800000000000014,0.951,0.004,0.325
mistral-large,political,fitted,rrg,100,0.25,0.0,10,10,30000014,True,0.14899999999999997,0.09099999999999998,0.030699999999999995,0.06599999999999999,0.004600000000000001,0.959,0.0025,0.44000000000000006
mistral-large,political,fitted,rrg,100,0.25,0.0,10,10,30000022,True,0.12399999999999997,0.036,0.016720000000000002,0.19999999999999998,0.04016000000000001,0.9800000000000002,0.0015,0.394
mistral-large,political,fitted,rrg,100,0.25,0.0,10,10,30000030,True,0.246,0.246,0.07116,0.028000000000000004,0.0009599999999999999,0.944,0.005,0.382
mistral-large,political,fitted,rrg,100,0.25,0.0,10,10,30000038,True,0.149,0.147,0.03882000000000001,0.12600000000000003,0.01684,0.953,0.004,0.40099999999999997
mistral-large,political,fitted,rrg,100,0.25,0.0,10,10,30000046,True,0.11499999999999999,0.053000000000000005,0.0165,0.06200000000000001,0.004039999999999999,0.9389999999999998,0.0045,0.4445
mistral-large,political,fitted,rrg,100,0.25,0.0,10,10,30000054,True,0.4509999999999999,0.4509999999999999,0.20406000000000005,0.21000000000000002,0.04452,0.9549999999999998,0.0035,0.38900000000000007
mistral-large,political,fitted,rrg,100,0.25,0.0,10,10,30000062,True,0.14499999999999996,0.10300000000000001,0.032220000000000006,0.03400000000000001,0.0018800000000000008,0.9170000000000001,0.0055,0.35750000000000004
mistral-large,political,fitted,rrg,100,0.25,0.0,10,10,30000063,True,0.285,0.285,0.0873,0.11000000000000001,0.01244,0.9549999999999998,0.004,0.3605
mistral-large,political,fitted,rrg,100,0.25,0.0,10,10,30000071,True,0.18599999999999997,0.18599999999999997,0.05024000000000001,0.096,0.009679999999999998,0.916,0.0065,0.39349999999999996
mistral-large,political,fitted,rrg,100,0.25,0.0,10,10,30000079,True,0.312,0.312,0.10863999999999999,0.14800000000000002,0.022000000000000006,0.9800000000000001,0.002,0.3945
mistral-large,political,fitted,rrg,100,0.25,0.0,10,10,30000087,True,0.06400000000000002,0.022000000000000002,0.00468,0.23600000000000004,0.05576,0.9900000000000002,0.002,0.41
mistral-large,political,fitted,rrg,100,0.25,0.0,10,10,30000095,True,0.05700000000000001,0.045,0.005539999999999999,0.086,0.007480000000000002,0.975,0.002,0.3995
mistral-large,political,fitted,rrg,100,0.25,0.0,10,10,30000103,True,0.16399999999999998,0.16399999999999998,0.02828,0.19199999999999998,0.037200000000000004,0.978,0.0025,0.3955
mistral-large,political,fitted,rrg,100,0.25,0.0,10,10,30000111,True,0.13000000000000003,-0.13000000000000003,0.02404,0.10799999999999998,0.011840000000000002,0.978,0.0025,0.36349999999999993
mistral-large,political,fitted,rrg,100,0.25,0.0,10,10,30000112,True,0.21399999999999997,0.21399999999999997,0.07608000000000001,0.22800000000000004,0.05216,0.9560000000000001,0.004,0.40549999999999997
mistral-large,political,fitted,rrg,100,0.25,0.0,10,10,30000120,True,0.24499999999999997,0.19499999999999998,0.09846,0.15399999999999997,0.023880000000000005,0.9650000000000001,0.003,0.4315000000000001
mistral-large,political,fitted,rrg,100,0.25,0.0,10,10,30000128,True,0.28,0.18599999999999997,0.11356,0.13600000000000004,0.018640000000000004,0.9739999999999999,0.0025,0.3635
mistral-large,political,fitted,rrg,100,0.25,0.0,10,10,30000136,True,0.09,0.08199999999999999,0.015040000000000003,0.09999999999999999,0.010320000000000005,0.946,0.004,0.4135000000000001
mistral-large,political,fitted,rrg,100,0.25,0.0,10,10,30000144,True,0.098,0.098,0.0112,0.23200000000000004,0.05416000000000001,0.962,0.003,0.37550000000000006
mistral-large,political,fitted,rrg,100,0.25,0.0,10,10,30000152,True,0.17099999999999999,0.03899999999999999,0.030899999999999993,0.13800000000000004,0.019080000000000003,0.9910000000000002,0.0015,0.4084999999999999
mistral-large,political,fitted,rrg,100,0.25,0.0,10,10,30000160,True,0.15899999999999997,0.15899999999999997,0.03126,0.19,0.036520000000000004,0.9610000000000001,0.004,0.4055000000000001
mistral-large,political,fitted,rrg,100,0.25,0.0,10,10,30000161,True,0.09599999999999999,0.09599999999999999,0.01724,0.03600000000000001,0.0015199999999999999,0.962,0.0035,0.40549999999999997
mistral-large,political,fitted,rrg,100,0.25,0.0,10,10,30000169,True,0.221,0.221,0.05106000000000001,0.15799999999999997,0.025479999999999996,0.9109999999999999,0.007,0.39
mistral-large,political,fitted,rrg,100,0.25,0.0,10,10,30000177,True,0.073,0.073,0.00882,0.10999999999999999,0.012200000000000003,0.9410000000000001,0.004,0.37850000000000006
mistral-large,political,fitted,rrg,100,0.25,0.0,10,10,30000185,True,0.172,-0.001999999999999996,0.030199999999999998,0.044,0.0021600000000000005,0.95,0.0045,0.4265
mistral-large,political,fitted,rrg,100,0.25,0.0,10,10,30000193,True,0.238,0.238,0.059840000000000004,0.088,0.007840000000000003,0.9920000000000002,0.001,0.37050000000000005
mistral-large,political,fitted,rrg,100,0.25,0.0,10,10,30000201,True,0.053000000000000005,0.053000000000000005,0.0037399999999999994,0.10599999999999998,0.011320000000000005,0.9389999999999998,0.004,0.4375000000000001
mistral-large,political,fitted,rrg,100,0.25,0.0,10,10,30000209,True,0.17799999999999996,0.07799999999999999,0.03832,0.06400000000000002,0.0048,0.9619999999999997,0.003,0.40199999999999997
mistral-large,political,fitted,rrg,100,0.25,0.0,10,10,30000210,True,0.32100000000000006,0.23500000000000001,0.16002,0.10600000000000001,0.011320000000000002,0.9349999999999999,0.006,0.3725
mistral-large,political,fitted,rrg,100,0.25,0.0,10,10,30000218,True,0.10200000000000001,0.10200000000000001,0.01328,0.184,0.03448000000000001,0.9719999999999999,0.0025,0.4285
mistral-large,political,fitted,rrg,100,0.25,0.0,10,10,30000226,True,0.20099999999999998,0.06699999999999999,0.045100000000000015,0.18599999999999997,0.03476,0.953,0.004,0.4305
mistral-large,political,fitted,rrg,100,0.25,0.0,10,10,30000234,True,0.147,0.147,0.02494,0.014000000000000002,0.00028000000000000003,0.9749999999999999,0.0025,0.404
mistral-large,political,fitted,rrg,100,0.25,0.0,10,10,30000242,True,0.088,0.088,0.015600000000000003,0.072,0.005280000000000001,0.9820000000000002,0.0015,0.384
mistral-large,political,fitted,rrg,100,0.25,0.0,10,10,30000250,True,0.11700000000000002,0.06899999999999999,0.018620000000000005,0.06599999999999999,0.00444,0.967,0.003,0.3475
mistral-large,political,fitted,rrg,100,0.25,0.0,10,10,30000258,True,0.08799999999999998,0.06800000000000002,0.01244,0.11200000000000002,0.012880000000000006,0.9579999999999996,0.003,0.4160000000000001
mistral-large,political,fitted,rrg,100,0.25,0.0,10,10,30000259,True,0.16499999999999998,0.16099999999999998,0.04858,0.10200000000000001,0.01156,0.9530000000000001,0.0055,0.39899999999999997
mistral-large,political,fitted,rrg,100,0.25,0.0,10,10,30000267,True,0.25299999999999995,-0.231,0.11562000000000001,0.14999999999999997,0.023400000000000004,0.9549999999999998,0.004,0.41050000000000003
mistral-large,political,fitted,rrg,100,0.25,0.0,10,10,30000275,True,0.16899999999999998,0.065,0.03418,0.038,0.0020399999999999997,0.945,0.005,0.4
