arm,question,framing,counts,s0,mapping,order,perm,seq,correct,key,model,tag,rep,temperature,served,content,cost,pA,leak,censored
comprehension,ally_majority,neutral,0100,-1,0,0,0,aQ,B,gemma-31b-nv,google/gemma-4-31b-it,novita/bf16,0,1.0,Novita,B,1.692e-05,,,
comprehension,ally_majority,neutral,0100,-1,0,1,0,aQ,B,gemma-31b-nv,google/gemma-4-31b-it,novita/bf16,0,1.0,Novita,B,1.692e-05,,,
comprehension,ally_majority,neutral,0100,1,0,0,0,aQ,B,gemma-31b-nv,google/gemma-4-31b-it,novita/bf16,0,1.0,Novita,B,1.692e-05,,,
comprehension,ally_majority,neutral,0100,1,0,1,0,aQ,B,gemma-31b-nv,google/gemma-4-31b-it,novita/bf16,0,1.0,Novita,B,1.692e-05,,,
comprehension,ally_majority,neutral,0101,-1,0,0,0,aQrQ,B,gemma-31b-nv,google/gemma-4-31b-it,novita/bf16,0,1.0,Novita,B,1.79e-05,,,
comprehension,ally_majority,neutral,0101,-1,0,1,0,aQrQ,B,gemma-31b-nv,google/gemma-4-31b-it,novita/bf16,0,1.0,Novita,B,1.79e-05,1.1744099939202565e-09,5.28793859810861e-08,1
comprehension,ally_majority,neutral,0101,1,0,0,0,rQaQ,B,gemma-31b-nv,google/gemma-4-31b-it,novita/bf16,0,1.0,Novita,B,1.79e-05,,,
comprehension,ally_majority,neutral,0101,1,0,1,0,rQaQ,B,gemma-31b-nv,google/gemma-4-31b-it,novita/bf16,0,1.0,Novita,B,1.79e-05,,,
comprehension,ally_majority,neutral,0102,-1,0,0,0,rQaQrQ,B,gemma-31b-nv,google/gemma-4-31b-it,novita/bf16,0,1.0,Novita,B,1.888e-05,,,
comprehension,ally_majority,neutral,0102,-1,0,1,0,rQaQrQ,B,gemma-31b-nv,google/gemma-4-31b-it,novita/bf16,0,1.0,Novita,B,1.888e-05,1.6305069153143456e-09,1.2214548084088506e-07,1
comprehension,ally_majority,neutral,0102,1,0,0,0,rQaQrQ,B,gemma-31b-nv,google/gemma-4-31b-it,novita/bf16,0,1.0,Novita,B,1.888e-05,,,
comprehension,ally_majority,neutral,0102,1,0,1,0,aQrQrQ,B,gemma-31b-nv,google/gemma-4-31b-it,novita/bf16,0,1.0,Novita,B,1.888e-05,1.6305068591016637e-09,8.766989756381349e-08,1
comprehension,ally_majority,neutral,0103,-1,0,0,0,aQrQrQrQ,B,gemma-31b-nv,google/gemma-4-31b-it,novita/bf16,0,1.0,Novita,B,1.986e-05,,,
comprehension,ally_majority,neutral,0103,-1,0,1,0,rQrQrQaQ,B,gemma-31b-nv,google/gemma-4-31b-it,novita/bf16,0,1.0,Novita,B,1.986e-05,,,
comprehension,ally_majority,neutral,0103,1,0,0,0,rQaQrQrQ,B,gemma-31b-nv,google/gemma-4-31b-it,novita/bf16,0,1.0,Novita,B,1.986e-05,,,
comprehension,ally_majority,neutral,0103,1,0,1,0,rQrQrQaQ,B,gemma-31b-nv,google/gemma-4-31b-it,novita/bf16,0,1.0,Novita,B,1.986e-05,,,
comprehension,ally_majority,neutral,0104,-1,0,0,0,rQrQrQrQaQ,B,gemma-31b-nv,google/gemma-4-31b-it,novita/bf16,0,1.0,Novita,B,2.084e-05,1.4615740888721462e-09,6.986832423727662e-08,1
comprehension,ally_majority,neutral,0104,-1,0,1,0,rQrQrQaQrQ,B,gemma-31b-nv,google/gemma-4-31b-it,novita/bf16,0,1.0,Novita,B,2.084e-05,,,
comprehension,ally_majority,neutral,0104,1,0,0,0,rQrQaQrQrQ,B,gemma-31b-nv,google/gemma-4-31b-it,novita/bf16,0,1.0,Novita,B,2.084e-05,,,
comprehension,ally_majority,neutral,0104,1,0,1,0,rQaQrQrQrQ,B,gemma-31b-nv,google/gemma-4-31b-it,novita/bf16,0,1.0,Novita,B,2.084e-05,,,
comprehension,ally_majority,neutral,0105,-1,0,0,0,rQrQrQrQaQrQ,B,gemma-31b-nv,google/gemma-4-31b-it,novita/bf16,0,1.0,Novita,B,2.182e-05,,,
comprehension,ally_majority,neutral,0105,-1,0,1,0,rQrQrQrQrQaQ,B,gemma-31b-nv,google/gemma-4-31b-it,novita/bf16,0,1.0,Novita,B,2.182e-05,,,
comprehension,ally_majority,neutral,0105,1,0,0,0,rQrQrQrQrQaQ,B,gemma-31b-nv,google/gemma-4-31b-it,novita/bf16,0,1.0,Novita,B,2.182e-05,,,
comprehension,ally_majority,neutral,0105,1,0,1,0,aQrQrQrQrQrQ,B,gemma-31b-nv,google/gemma-4-31b-it,novita/bf16,0,1.0,Novita,B,2.182e-05,,,
comprehension,ally_majority,neutral,0110,-1,0,0,0,rPaQ,B,gemma-31b-nv,google/gemma-4-31b-it,novita/bf16,0,1.0,Novita,B,1.79e-05,,,
comprehension,ally_majority,neutral,0110,-1,0,1,0,rPaQ,B,gemma-31b-nv,google/gemma-4-31b-it,novita/bf16,0,1.0,Novita,B,1.79e-05,,,
comprehension,ally_majority,neutral,0110,1,0,0,0,aQrP,B,gemma-31b-nv,google/gemma-4-31b-it,novita/bf16,0,1.0,Novita,B,1.79e-05,,,
comprehension,ally_majority,neutral,0110,1,0,1,0,rPaQ,B,gemma-31b-nv,google/gemma-4-31b-it,novita/bf16,0,1.0,Novita,B,1.79e-05,1.3307808347929213e-09,2.817513700126284e-08,1
comprehension,ally_majority,neutral,0111,-1,0,0,0,aQrQrP,B,gemma-31b-nv,google/gemma-4-31b-it,novita/bf16,0,1.0,Novita,B,1.888e-05,,,
comprehension,ally_majority,neutral,0111,-1,0,1,0,aQrQrP,B,gemma-31b-nv,google/gemma-4-31b-it,novita/bf16,0,1.0,Novita,B,1.888e-05,,,
comprehension,ally_majority,neutral,0111,1,0,0,0,rQaQrP,B,gemma-31b-nv,google/gemma-4-31b-it,novita/bf16,0,1.0,Novita,B,1.888e-05,,,
comprehension,ally_majority,neutral,0111,1,0,1,0,rPrQaQ,B,gemma-31b-nv,google/gemma-4-31b-it,novita/bf16,0,1.0,Novita,B,1.888e-05,,,
comprehension,ally_majority,neutral,0112,-1,0,0,0,rPrQrQaQ,B,gemma-31b-nv,google/gemma-4-31b-it,novita/bf16,0,1.0,Novita,B,1.986e-05,1.7629982712693032e-09,8.766989756381349e-08,1
comprehension,ally_majority,neutral,0112,-1,0,1,0,aQrQrPrQ,B,gemma-31b-nv,google/gemma-4-31b-it,novita/bf16,0,1.0,Novita,B,1.986e-05,1.5317165868929703e-09,1.3063787884792788e-07,1
comprehension,ally_majority,neutral,0112,1,0,0,0,rQaQrPrQ,B,gemma-31b-nv,google/gemma-4-31b-it,novita/bf16,0,1.0,Novita,B,1.986e-05,1.461576860309132e-09,5.8718032880378246e-08,1
comprehension,ally_majority,neutral,0112,1,0,1,0,rPaQrQrQ,B,gemma-31b-nv,google/gemma-4-31b-it,novita/bf16,0,1.0,Novita,B,1.986e-05,1.7629981888372167e-09,4.0913139764953144e-08,1
comprehension,ally_majority,neutral,0113,-1,0,0,0,rQrQaQrQrP,B,gemma-31b-nv,google/gemma-4-31b-it,novita/bf16,0,1.0,Novita,B,2.084e-05,2.6465690843773016e-09,1.8907736509810036e-07,1
comprehension,ally_majority,neutral,0113,-1,0,1,0,rPrQaQrQrQ,B,gemma-31b-nv,google/gemma-4-31b-it,novita/bf16,0,1.0,Novita,B,2.084e-05,,,
comprehension,ally_majority,neutral,0113,1,0,0,0,aQrQrQrPrQ,B,gemma-31b-nv,google/gemma-4-31b-it,novita/bf16,0,1.0,Novita,B,2.084e-05,,,
comprehension,ally_majority,neutral,0113,1,0,1,0,aQrPrQrQrQ,B,gemma-31b-nv,google/gemma-4-31b-it,novita/bf16,0,1.0,Novita,B,2.084e-05,,,
comprehension,ally_majority,neutral,0114,-1,0,0,0,rPrQrQrQrQaQ,B,gemma-31b-nv,google/gemma-4-31b-it,novita/bf16,0,1.0,Novita,B,2.182e-05,,,
comprehension,ally_majority,neutral,0114,-1,0,1,0,rQaQrPrQrQrQ,B,gemma-31b-nv,google/gemma-4-31b-it,novita/bf16,0,1.0,Novita,B,2.182e-05,1.330780939553717e-09,1.0689642748751282e-07,1
comprehension,ally_majority,neutral,0114,1,0,0,0,rQrPrQrQrQaQ,B,gemma-31b-nv,google/gemma-4-31b-it,novita/bf16,0,1.0,Novita,B,2.182e-05,,,
comprehension,ally_majority,neutral,0114,1,0,1,0,rQrQaQrPrQrQ,B,gemma-31b-nv,google/gemma-4-31b-it,novita/bf16,0,1.0,Novita,B,2.182e-05,,,
comprehension,ally_majority,neutral,0120,-1,0,0,0,rPaQrP,B,gemma-31b-nv,google/gemma-4-31b-it,novita/bf16,0,1.0,Novita,B,1.888e-05,,,
comprehension,ally_majority,neutral,0120,-1,0,1,0,aQrPrP,B,gemma-31b-nv,google/gemma-4-31b-it,novita/bf16,0,1.0,Novita,B,1.888e-05,,,
comprehension,ally_majority,neutral,0120,1,0,0,0,rPrPaQ,B,gemma-31b-nv,google/gemma-4-31b-it,novita/bf16,0,1.0,Novita,B,1.888e-05,1.6052281875292085e-09,8.405057627669521e-08,1
comprehension,ally_majority,neutral,0120,1,0,1,0,rPaQrP,B,gemma-31b-nv,google/gemma-4-31b-it,novita/bf16,0,1.0,Novita,B,1.888e-05,3.2937144376402842e-09,1.0267519034989903e-07,1
comprehension,ally_majority,neutral,0121,-1,0,0,0,aQrPrQrP,B,gemma-31b-nv,google/gemma-4-31b-it,novita/bf16,0,1.0,Novita,B,1.986e-05,,,
comprehension,ally_majority,neutral,0121,-1,0,1,0,aQrQrPrP,B,gemma-31b-nv,google/gemma-4-31b-it,novita/bf16,0,1.0,Novita,B,1.986e-05,,,
comprehension,ally_majority,neutral,0121,1,0,0,0,aQrPrQrP,B,gemma-31b-nv,google/gemma-4-31b-it,novita/bf16,0,1.0,Novita,B,1.986e-05,,,
comprehension,ally_majority,neutral,0121,1,0,1,0,rPaQrPrQ,B,gemma-31b-nv,google/gemma-4-31b-it,novita/bf16,0,1.0,Novita,B,1.986e-05,,,
comprehension,ally_majority,neutral,0122,-1,0,0,0,rPrQaQrPrQ,B,gemma-31b-nv,google/gemma-4-31b-it,novita/bf16,0,1.0,Novita,B,2.084e-05,,,
comprehension,ally_majority,neutral,0122,-1,0,1,0,aQrPrQrPrQ,B,gemma-31b-nv,google/gemma-4-31b-it,novita/bf16,0,1.0,Novita,B,2.084e-05,,,
comprehension,ally_majority,neutral,0122,1,0,0,0,rPaQrPrQrQ,B,gemma-31b-nv,google/gemma-4-31b-it,novita/bf16,0,1.0,Novita,B,2.084e-05,,,
comprehension,ally_majority,neutral,0122,1,0,1,0,rQrPrPaQrQ,B,gemma-31b-nv,google/gemma-4-31b-it,novita/bf16,0,1.0,Novita,B,2.084e-05,,,
comprehension,ally_majority,neutral,0123,-1,0,0,0,rQrPaQrQrQrP,B,gemma-31b-nv,google/gemma-4-31b-it,novita/bf16,0,1.0,Novita,B,2.182e-05,,,
comprehension,ally_majority,neutral,0123,-1,0,1,0,rQrPaQrQrQrP,B,gemma-31b-nv,google/gemma-4-31b-it,novita/bf16,0,1.0,Novita,B,2.182e-05,,,
comprehension,ally_majority,neutral,0123,1,0,0,0,rQrQaQrQrPrP,B,gemma-31b-nv,google/gemma-4-31b-it,novita/bf16,0,1.0,Novita,B,2.182e-05,,,
comprehension,ally_majority,neutral,0123,1,0,1,0,rPrPrQrQaQrQ,B,gemma-31b-nv,google/gemma-4-31b-it,novita/bf16,0,1.0,Novita,B,2.182e-05,,,
comprehension,ally_majority,neutral,0130,-1,0,0,0,aQrPrPrP,B,gemma-31b-nv,google/gemma-4-31b-it,novita/bf16,0,1.0,Novita,B,1.986e-05,,,
comprehension,ally_majority,neutral,0130,-1,0,1,0,rPrPaQrP,B,gemma-31b-nv,google/gemma-4-31b-it,novita/bf16,0,1.0,Novita,B,1.986e-05,,,
comprehension,ally_majority,neutral,0130,1,0,0,0,rPrPrPaQ,B,gemma-31b-nv,google/gemma-4-31b-it,novita/bf16,0,1.0,Novita,B,1.986e-05,,,
comprehension,ally_majority,neutral,0130,1,0,1,0,rPrPrPaQ,B,gemma-31b-nv,google/gemma-4-31b-it,novita/bf16,0,1.0,Novita,B,1.986e-05,,,
comprehension,ally_majority,neutral,0131,-1,0,0,0,aQrQrPrPrP,B,gemma-31b-nv,google/gemma-4-31b-it,novita/bf16,0,1.0,Novita,B,2.084e-05,1.6052282141646697e-09,1.0064351840810559e-07,1
comprehension,ally_majority,neutral,0131,-1,0,1,0,rPrQrPaQrP,B,gemma-31b-nv,google/gemma-4-31b-it,novita/bf16,0,1.0,Novita,B,2.084e-05,,,
comprehension,ally_majority,neutral,0131,1,0,0,0,rPrQrPaQrP,B,gemma-31b-nv,google/gemma-4-31b-it,novita/bf16,0,1.0,Novita,B,2.084e-05,,,
comprehension,ally_majority,neutral,0131,1,0,1,0,rPrPrQaQrP,B,gemma-31b-nv,google/gemma-4-31b-it,novita/bf16,0,1.0,Novita,B,2.084e-05,,,
comprehension,ally_majority,neutral,0132,-1,0,0,0,rPrQrQrPrPaQ,B,gemma-31b-nv,google/gemma-4-31b-it,novita/bf16,0,1.0,Novita,B,2.182e-05,,,
comprehension,ally_majority,neutral,0132,-1,0,1,0,aQrPrQrQrPrP,B,gemma-31b-nv,google/gemma-4-31b-it,novita/bf16,0,1.0,Novita,B,2.182e-05,,,
comprehension,ally_majority,neutral,0132,1,0,0,0,rPaQrPrQrQrP,B,gemma-31b-nv,google/gemma-4-31b-it,novita/bf16,0,1.0,Novita,B,2.182e-05,,,
comprehension,ally_majority,neutral,0132,1,0,1,0,rPrPrQrPrQaQ,B,gemma-31b-nv,google/gemma-4-31b-it,novita/bf16,0,1.0,Novita,B,2.182e-05,,,
comprehension,ally_majority,neutral,0140,-1,0,0,0,rPrPaQrPrP,B,gemma-31b-nv,google/gemma-4-31b-it,novita/bf16,0,1.0,Novita,B,2.084e-05,,,
comprehension,ally_majority,neutral,0140,-1,0,1,0,rPaQrPrPrP,B,gemma-31b-nv,google/gemma-4-31b-it,novita/bf16,0,1.0,Novita,B,2.084e-05,,,
comprehension,ally_majority,neutral,0140,1,0,0,0,rPaQrPrPrP,B,gemma-31b-nv,google/gemma-4-31b-it,novita/bf16,0,1.0,Novita,B,2.084e-05,,,
comprehension,ally_majority,neutral,0140,1,0,1,0,rPaQrPrPrP,B,gemma-31b-nv,google/gemma-4-31b-it,novita/bf16,0,1.0,Novita,B,2.084e-05,,,
comprehension,ally_majority,neutral,0141,-1,0,0,0,aQrQrPrPrPrP,B,gemma-31b-nv,google/gemma-4-31b-it,novita/bf16,0,1.0,Novita,B,2.182e-05,,,
comprehension,ally_majority,neutral,0141,-1,0,1,0,rPaQrPrPrQrP,B,gemma-31b-nv,google/gemma-4-31b-it,novita/bf16,0,1.0,Novita,B,2.182e-05,,,
comprehension,ally_majority,neutral,0141,1,0,0,0,rQrPrPaQrPrP,B,gemma-31b-nv,google/gemma-4-31b-it,novita/bf16,0,1.0,Novita,B,2.182e-05,,,
comprehension,ally_majority,neutral,0141,1,0,1,0,aQrPrQrPrPrP,B,gemma-31b-nv,google/gemma-4-31b-it,novita/bf16,0,1.0,Novita,B,2.182e-05,,,
comprehension,ally_majority,neutral,0150,-1,0,0,0,aQrPrPrPrPrP,B,gemma-31b-nv,google/gemma-4-31b-it,novita/bf16,0,1.0,Novita,B,2.182e-05,,,
comprehension,ally_majority,neutral,0150,-1,0,1,0,rPrPrPrPrPaQ,B,gemma-31b-nv,google/gemma-4-31b-it,novita/bf16,0,1.0,Novita,B,2.182e-05,1.2898370175514421e-09,3.17516808401308e-08,1
comprehension,ally_majority,neutral,0150,1,0,0,0,rPaQrPrPrPrP,B,gemma-31b-nv,google/gemma-4-31b-it,novita/bf16,0,1.0,Novita,B,2.182e-05,7.823256608557647e-10,0.0,1
comprehension,ally_majority,neutral,0150,1,0,1,0,rPrPrPrPaQrP,B,gemma-31b-nv,google/gemma-4-31b-it,novita/bf16,0,1.0,Novita,B,2.182e-05,,,
comprehension,ally_majority,neutral,0200,-1,0,0,0,aQaQ,B,gemma-31b-nv,google/gemma-4-31b-it,novita/bf16,0,1.0,Novita,B,1.79e-05,1.1032561244631453e-09,8.460117573161341e-08,1
comprehension,ally_majority,neutral,0200,-1,0,1,0,aQaQ,B,gemma-31b-nv,google/gemma-4-31b-it,novita/bf16,0,1.0,Novita,B,1.79e-05,,,
comprehension,ally_majority,neutral,0200,1,0,0,0,aQaQ,B,gemma-31b-nv,google/gemma-4-31b-it,novita/bf16,0,1.0,Novita,B,1.79e-05,,,
comprehension,ally_majority,neutral,0200,1,0,1,0,aQaQ,B,gemma-31b-nv,google/gemma-4-31b-it,novita/bf16,0,1.0,Novita,B,1.79e-05,1.138277178834404e-09,3.6876782738559655e-08,1
comprehension,ally_majority,neutral,0201,-1,0,0,0,aQaQrQ,B,gemma-31b-nv,google/gemma-4-31b-it,novita/bf16,0,1.0,Novita,B,1.888e-05,,,
comprehension,ally_majority,neutral,0201,-1,0,1,0,aQrQaQ,B,gemma-31b-nv,google/gemma-4-31b-it,novita/bf16,0,1.0,Novita,B,1.888e-05,1.2898370857186827e-09,8.460117573161341e-08,1
comprehension,ally_majority,neutral,0201,1,0,0,0,aQaQrQ,B,gemma-31b-nv,google/gemma-4-31b-it,novita/bf16,0,1.0,Novita,B,1.888e-05,,,
comprehension,ally_majority,neutral,0201,1,0,1,0,rQaQaQ,B,gemma-31b-nv,google/gemma-4-31b-it,novita/bf16,0,1.0,Novita,B,1.888e-05,1.9362747337895747e-09,5.1725427385740375e-08,1
comprehension,ally_majority,neutral,0202,-1,0,0,0,aQrQrQaQ,B,gemma-31b-nv,google/gemma-4-31b-it,novita/bf16,0,1.0,Novita,B,1.986e-05,,,
comprehension,ally_majority,neutral,0202,-1,0,1,0,aQaQrQrQ,B,gemma-31b-nv,google/gemma-4-31b-it,novita/bf16,0,1.0,Novita,B,1.986e-05,,,
comprehension,ally_majority,neutral,0202,1,0,0,0,aQrQaQrQ,B,gemma-31b-nv,google/gemma-4-31b-it,novita/bf16,0,1.0,Novita,B,1.986e-05,,,
comprehension,ally_majority,neutral,0202,1,0,1,0,rQaQaQrQ,B,gemma-31b-nv,google/gemma-4-31b-it,novita/bf16,0,1.0,Novita,B,1.986e-05,,,
comprehension,ally_majority,neutral,0203,-1,0,0,0,rQaQrQaQrQ,B,gemma-31b-nv,google/gemma-4-31b-it,novita/bf16,0,1.0,Novita,B,2.084e-05,,,
comprehension,ally_majority,neutral,0203,-1,0,1,0,rQrQrQaQaQ,B,gemma-31b-nv,google/gemma-4-31b-it,novita/bf16,0,1.0,Novita,B,2.084e-05,,,
comprehension,ally_majority,neutral,0203,1,0,0,0,rQrQrQaQaQ,B,gemma-31b-nv,google/gemma-4-31b-it,novita/bf16,0,1.0,Novita,B,2.084e-05,,,
comprehension,ally_majority,neutral,0203,1,0,1,0,aQaQrQrQrQ,B,gemma-31b-nv,google/gemma-4-31b-it,novita/bf16,0,1.0,Novita,B,2.084e-05,1.1206299355497017e-09,1.3382482921819872e-07,1
comprehension,ally_majority,neutral,0204,-1,0,0,0,rQrQaQrQaQrQ,B,gemma-31b-nv,google/gemma-4-31b-it,novita/bf16,0,1.0,Novita,B,2.182e-05,,,
comprehension,ally_majority,neutral,0204,-1,0,1,0,rQrQaQaQrQrQ,B,gemma-31b-nv,google/gemma-4-31b-it,novita/bf16,0,1.0,Novita,B,2.182e-05,,,
comprehension,ally_majority,neutral,0204,1,0,0,0,rQrQaQrQaQrQ,B,gemma-31b-nv,google/gemma-4-31b-it,novita/bf16,0,1.0,Novita,B,2.182e-05,,,
comprehension,ally_majority,neutral,0204,1,0,1,0,rQaQaQrQrQrQ,B,gemma-31b-nv,google/gemma-4-31b-it,novita/bf16,0,1.0,Novita,B,2.182e-05,,,
comprehension,ally_majority,neutral,0210,-1,0,0,0,rPaQaQ,B,gemma-31b-nv,google/gemma-4-31b-it,novita/bf16,0,1.0,Novita,B,1.888e-05,1.8189618381307342e-09,8.460117573161341e-08,1
comprehension,ally_majority,neutral,0210,-1,0,1,0,aQrPaQ,B,gemma-31b-nv,google/gemma-4-31b-it,novita/bf16,0,1.0,Novita,B,1.888e-05,,,
comprehension,ally_majority,neutral,0210,1,0,0,0,rPaQaQ,B,gemma-31b-nv,google/gemma-4-31b-it,novita/bf16,0,1.0,Novita,B,1.888e-05,1.1032561347447451e-09,9.392049760137411e-08,1
comprehension,ally_majority,neutral,0210,1,0,1,0,rPaQaQ,B,gemma-31b-nv,google/gemma-4-31b-it,novita/bf16,0,1.0,Novita,B,1.888e-05,,,
comprehension,ally_majority,neutral,0211,-1,0,0,0,aQaQrQrP,B,gemma-31b-nv,google/gemma-4-31b-it,novita/bf16,0,1.0,Novita,B,1.986e-05,1.7087565276119902e-09,9.392049760137411e-08,1
comprehension,ally_majority,neutral,0211,-1,0,1,0,rQrPaQaQ,B,gemma-31b-nv,google/gemma-4-31b-it,novita/bf16,0,1.0,Novita,B,1.986e-05,,,
comprehension,ally_majority,neutral,0211,1,0,0,0,aQrPaQrQ,B,gemma-31b-nv,google/gemma-4-31b-it,novita/bf16,0,1.0,Novita,B,1.986e-05,,,
comprehension,ally_majority,neutral,0211,1,0,1,0,rQaQaQrP,B,gemma-31b-nv,google/gemma-4-31b-it,novita/bf16,0,1.0,Novita,B,1.986e-05,,,
comprehension,ally_majority,neutral,0212,-1,0,0,0,aQaQrQrQrP,B,gemma-31b-nv,google/gemma-4-31b-it,novita/bf16,0,1.0,Novita,B,2.084e-05,,,
comprehension,ally_majority,neutral,0212,-1,0,1,0,aQrPaQrQrQ,B,gemma-31b-nv,google/gemma-4-31b-it,novita/bf16,0,1.0,Novita,B,2.084e-05,,,
comprehension,ally_majority,neutral,0212,1,0,0,0,aQrQrQrPaQ,B,gemma-31b-nv,google/gemma-4-31b-it,novita/bf16,0,1.0,Novita,B,2.084e-05,,,
comprehension,ally_majority,neutral,0212,1,0,1,0,aQrPaQrQrQ,B,gemma-31b-nv,google/gemma-4-31b-it,novita/bf16,0,1.0,Novita,B,2.084e-05,,,
comprehension,ally_majority,neutral,0213,-1,0,0,0,rQrQrQrPaQaQ,B,gemma-31b-nv,google/gemma-4-31b-it,novita/bf16,0,1.0,Novita,B,2.182e-05,,,
comprehension,ally_majority,neutral,0213,-1,0,1,0,aQrQrPaQrQrQ,B,gemma-31b-nv,google/gemma-4-31b-it,novita/bf16,0,1.0,Novita,B,2.182e-05,,,
comprehension,ally_majority,neutral,0213,1,0,0,0,aQaQrQrPrQrQ,B,gemma-31b-nv,google/gemma-4-31b-it,novita/bf16,0,1.0,Novita,B,2.182e-05,,,
comprehension,ally_majority,neutral,0213,1,0,1,0,aQaQrPrQrQrQ,B,gemma-31b-nv,google/gemma-4-31b-it,novita/bf16,0,1.0,Novita,B,2.182e-05,1.2116897389492278e-09,2.817513700126284e-08,1
comprehension,ally_majority,neutral,0220,-1,0,0,0,rPaQaQrP,B,gemma-31b-nv,google/gemma-4-31b-it,novita/bf16,0,1.0,Novita,B,1.986e-05,,,
comprehension,ally_majority,neutral,0220,-1,0,1,0,aQrPaQrP,B,gemma-31b-nv,google/gemma-4-31b-it,novita/bf16,0,1.0,Novita,B,1.986e-05,,,
comprehension,ally_majority,neutral,0220,1,0,0,0,aQaQrPrP,B,gemma-31b-nv,google/gemma-4-31b-it,novita/bf16,0,1.0,Novita,B,1.986e-05,,,
comprehension,ally_majority,neutral,0220,1,0,1,0,aQrPaQrP,B,gemma-31b-nv,google/gemma-4-31b-it,novita/bf16,0,1.0,Novita,B,1.986e-05,,,
comprehension,ally_majority,neutral,0221,-1,0,0,0,aQaQrPrQrP,B,gemma-31b-nv,google/gemma-4-31b-it,novita/bf16,0,1.0,Novita,B,2.084e-05,,,
comprehension,ally_majority,neutral,0221,-1,0,1,0,rPrQrPaQaQ,B,gemma-31b-nv,google/gemma-4-31b-it,novita/bf16,0,1.0,Novita,B,2.084e-05,,,
comprehension,ally_majority,neutral,0221,1,0,0,0,aQaQrPrPrQ,B,gemma-31b-nv,google/gemma-4-31b-it,novita/bf16,0,1.0,Novita,B,2.084e-05,,,
comprehension,ally_majority,neutral,0221,1,0,1,0,rPrQaQrPaQ,B,gemma-31b-nv,google/gemma-4-31b-it,novita/bf16,0,1.0,Novita,B,2.084e-05,1.4615769478684402e-09,1.1862545234997413e-07,1
comprehension,ally_majority,neutral,0222,-1,0,0,0,rPaQaQrPrQrQ,B,gemma-31b-nv,google/gemma-4-31b-it,novita/bf16,0,1.0,Novita,B,2.182e-05,,,
comprehension,ally_majority,neutral,0222,-1,0,1,0,rQrQrPrPaQaQ,B,gemma-31b-nv,google/gemma-4-31b-it,novita/bf16,0,1.0,Novita,B,2.182e-05,,,
comprehension,ally_majority,neutral,0222,1,0,0,0,rPrQaQrPrQaQ,B,gemma-31b-nv,google/gemma-4-31b-it,novita/bf16,0,1.0,Novita,B,2.182e-05,,,
comprehension,ally_majority,neutral,0222,1,0,1,0,aQrQrPrPaQrQ,B,gemma-31b-nv,google/gemma-4-31b-it,novita/bf16,0,1.0,Novita,B,2.182e-05,9.146314699297188e-10,1.0402581684942902e-07,1
comprehension,ally_majority,neutral,0230,-1,0,0,0,aQrPaQrPrP,B,gemma-31b-nv,google/gemma-4-31b-it,novita/bf16,0,1.0,Novita,B,2.084e-05,,,
comprehension,ally_majority,neutral,0230,-1,0,1,0,aQaQrPrPrP,B,gemma-31b-nv,google/gemma-4-31b-it,novita/bf16,0,1.0,Novita,B,2.084e-05,1.6305070250846802e-09,1.8946829505317453e-07,1
comprehension,ally_majority,neutral,0230,1,0,0,0,rPrPrPaQaQ,B,gemma-31b-nv,google/gemma-4-31b-it,novita/bf16,0,1.0,Novita,B,2.084e-05,,,
comprehension,ally_majority,neutral,0230,1,0,1,0,rPrPaQrPaQ,B,gemma-31b-nv,google/gemma-4-31b-it,novita/bf16,0,1.0,Novita,B,2.084e-05,,,
comprehension,ally_majority,neutral,0231,-1,0,0,0,rPrPrPrQaQaQ,B,gemma-31b-nv,google/gemma-4-31b-it,novita/bf16,0,1.0,Novita,B,2.182e-05,,,
comprehension,ally_majority,neutral,0231,-1,0,1,0,rPaQrPrPaQrQ,B,gemma-31b-nv,google/gemma-4-31b-it,novita/bf16,0,1.0,Novita,B,2.182e-05,,,
comprehension,ally_majority,neutral,0231,1,0,0,0,rPaQaQrPrQrP,B,gemma-31b-nv,google/gemma-4-31b-it,novita/bf16,0,1.0,Novita,B,2.182e-05,,,
comprehension,ally_majority,neutral,0231,1,0,1,0,aQrPrPrQaQrP,B,gemma-31b-nv,google/gemma-4-31b-it,novita/bf16,0,1.0,Novita,B,2.182e-05,,,
comprehension,ally_majority,neutral,0240,-1,0,0,0,rPaQaQrPrPrP,B,gemma-31b-nv,google/gemma-4-31b-it,novita/bf16,0,1.0,Novita,B,2.182e-05,,,
comprehension,ally_majority,neutral,0240,-1,0,1,0,rPaQrPaQrPrP,B,gemma-31b-nv,google/gemma-4-31b-it,novita/bf16,0,1.0,Novita,B,2.182e-05,,,
comprehension,ally_majority,neutral,0240,1,0,0,0,rPrPrPaQaQrP,B,gemma-31b-nv,google/gemma-4-31b-it,novita/bf16,0,1.0,Novita,B,2.182e-05,,,
comprehension,ally_majority,neutral,0240,1,0,1,0,rPaQrPrPrPaQ,B,gemma-31b-nv,google/gemma-4-31b-it,novita/bf16,0,1.0,Novita,B,2.182e-05,,,
comprehension,ally_majority,neutral,0300,-1,0,0,0,aQaQaQ,B,gemma-31b-nv,google/gemma-4-31b-it,novita/bf16,0,1.0,Novita,B,1.888e-05,,,
comprehension,ally_majority,neutral,0300,-1,0,1,0,aQaQaQ,B,gemma-31b-nv,google/gemma-4-31b-it,novita/bf16,0,1.0,Novita,B,1.888e-05,1.762998297723611e-09,1.0267519034989903e-07,1
comprehension,ally_majority,neutral,0300,1,0,0,0,aQaQaQ,B,gemma-31b-nv,google/gemma-4-31b-it,novita/bf16,0,1.0,Novita,B,1.888e-05,,,
comprehension,ally_majority,neutral,0300,1,0,1,0,aQaQaQ,B,gemma-31b-nv,google/gemma-4-31b-it,novita/bf16,0,1.0,Novita,B,1.888e-05,,,
comprehension,ally_majority,neutral,0301,-1,0,0,0,aQaQrQaQ,B,gemma-31b-nv,google/gemma-4-31b-it,novita/bf16,0,1.0,Novita,B,1.986e-05,7.823257132002669e-10,5.1725427385740375e-08,1
comprehension,ally_majority,neutral,0301,-1,0,1,0,aQrQaQaQ,B,gemma-31b-nv,google/gemma-4-31b-it,novita/bf16,0,1.0,Novita,B,1.986e-05,,,
comprehension,ally_majority,neutral,0301,1,0,0,0,aQaQaQrQ,B,gemma-31b-nv,google/gemma-4-31b-it,novita/bf16,0,1.0,Novita,B,1.986e-05,1.4166088595458222e-09,5.28793859810861e-08,1
comprehension,ally_majority,neutral,0301,1,0,1,0,rQaQaQaQ,B,gemma-31b-nv,google/gemma-4-31b-it,novita/bf16,0,1.0,Novita,B,1.986e-05,,,
comprehension,ally_majority,neutral,0302,-1,0,0,0,aQrQaQaQrQ,B,gemma-31b-nv,google/gemma-4-31b-it,novita/bf16,0,1.0,Novita,B,2.084e-05,1.461576908513235e-09,9.169891801441565e-08,1
comprehension,ally_majority,neutral,0302,-1,0,1,0,aQrQrQaQaQ,B,gemma-31b-nv,google/gemma-4-31b-it,novita/bf16,0,1.0,Novita,B,2.084e-05,,,
comprehension,ally_majority,neutral,0302,1,0,0,0,aQaQrQrQaQ,B,gemma-31b-nv,google/gemma-4-31b-it,novita/bf16,0,1.0,Novita,B,2.084e-05,1.6052282833684871e-09,1.4375502555008524e-07,1
comprehension,ally_majority,neutral,0302,1,0,1,0,aQaQaQrQrQ,B,gemma-31b-nv,google/gemma-4-31b-it,novita/bf16,0,1.0,Novita,B,2.084e-05,,,
comprehension,ally_majority,neutral,0303,-1,0,0,0,rQaQaQrQaQrQ,B,gemma-31b-nv,google/gemma-4-31b-it,novita/bf16,0,1.0,Novita,B,2.182e-05,,,
comprehension,ally_majority,neutral,0303,-1,0,1,0,rQrQaQrQaQaQ,B,gemma-31b-nv,google/gemma-4-31b-it,novita/bf16,0,1.0,Novita,B,2.182e-05,,,
comprehension,ally_majority,neutral,0303,1,0,0,0,rQaQaQrQaQrQ,B,gemma-31b-nv,google/gemma-4-31b-it,novita/bf16,0,1.0,Novita,B,2.182e-05,,,
comprehension,ally_majority,neutral,0303,1,0,1,0,rQaQrQrQaQaQ,B,gemma-31b-nv,google/gemma-4-31b-it,novita/bf16,0,1.0,Novita,B,2.182e-05,,,
comprehension,ally_majority,neutral,0310,-1,0,0,0,aQaQrPaQ,B,gemma-31b-nv,google/gemma-4-31b-it,novita/bf16,0,1.0,Novita,B,1.986e-05,,,
comprehension,ally_majority,neutral,0310,-1,0,1,0,aQrPaQaQ,B,gemma-31b-nv,google/gemma-4-31b-it,novita/bf16,0,1.0,Novita,B,1.986e-05,1.1382772366510524e-09,8.766989756381349e-08,1
comprehension,ally_majority,neutral,0310,1,0,0,0,rPaQaQaQ,B,gemma-31b-nv,google/gemma-4-31b-it,novita/bf16,0,1.0,Novita,B,1.986e-05,,,
comprehension,ally_majority,neutral,0310,1,0,1,0,aQaQaQrP,B,gemma-31b-nv,google/gemma-4-31b-it,novita/bf16,0,1.0,Novita,B,1.986e-05,,,
comprehension,ally_majority,neutral,0311,-1,0,0,0,rQaQaQrPaQ,B,gemma-31b-nv,google/gemma-4-31b-it,novita/bf16,0,1.0,Novita,B,2.084e-05,,,
comprehension,ally_majority,neutral,0311,-1,0,1,0,aQaQrPaQrQ,B,gemma-31b-nv,google/gemma-4-31b-it,novita/bf16,0,1.0,Novita,B,2.084e-05,,,
comprehension,ally_majority,neutral,0311,1,0,0,0,aQrPaQrQaQ,B,gemma-31b-nv,google/gemma-4-31b-it,novita/bf16,0,1.0,Novita,B,2.084e-05,,,
comprehension,ally_majority,neutral,0311,1,0,1,0,rPrQaQaQaQ,B,gemma-31b-nv,google/gemma-4-31b-it,novita/bf16,0,1.0,Novita,B,2.084e-05,1.2501529581862949e-09,7.468080920336462e-08,1
comprehension,ally_majority,neutral,0312,-1,0,0,0,rQrPrQaQaQaQ,B,gemma-31b-nv,google/gemma-4-31b-it,novita/bf16,0,1.0,Novita,B,2.182e-05,,,
comprehension,ally_majority,neutral,0312,-1,0,1,0,aQrQrQaQaQrP,B,gemma-31b-nv,google/gemma-4-31b-it,novita/bf16,0,1.0,Novita,B,2.182e-05,,,
comprehension,ally_majority,neutral,0312,1,0,0,0,rQaQrQrPaQaQ,B,gemma-31b-nv,google/gemma-4-31b-it,novita/bf16,0,1.0,Novita,B,2.182e-05,,,
comprehension,ally_majority,neutral,0312,1,0,1,0,rQrPaQaQrQaQ,B,gemma-31b-nv,google/gemma-4-31b-it,novita/bf16,0,1.0,Novita,B,2.182e-05,1.8189584411111895e-09,1.243885110469023e-07,1
comprehension,ally_majority,neutral,0320,-1,0,0,0,rPrPaQaQaQ,B,gemma-31b-nv,google/gemma-4-31b-it,novita/bf16,0,1.0,Novita,B,2.084e-05,,,
comprehension,ally_majority,neutral,0320,-1,0,1,0,aQaQaQrPrP,B,gemma-31b-nv,google/gemma-4-31b-it,novita/bf16,0,1.0,Novita,B,2.084e-05,1.8476064017052548e-09,1.2934569082467817e-07,1
comprehension,ally_majority,neutral,0320,1,0,0,0,rPrPaQaQaQ,B,gemma-31b-nv,google/gemma-4-31b-it,novita/bf16,0,1.0,Novita,B,2.084e-05,,,
comprehension,ally_majority,neutral,0320,1,0,1,0,aQrPaQrPaQ,B,gemma-31b-nv,google/gemma-4-31b-it,novita/bf16,0,1.0,Novita,B,2.084e-05,,,
comprehension,ally_majority,neutral,0321,-1,0,0,0,aQaQrPaQrQrP,B,gemma-31b-nv,google/gemma-4-31b-it,novita/bf16,0,1.0,Novita,B,2.182e-05,,,
comprehension,ally_majority,neutral,0321,-1,0,1,0,aQrPaQaQrQrP,B,gemma-31b-nv,google/gemma-4-31b-it,novita/bf16,0,1.0,Novita,B,2.182e-05,,,
comprehension,ally_majority,neutral,0321,1,0,0,0,aQrPrQrPaQaQ,B,gemma-31b-nv,google/gemma-4-31b-it,novita/bf16,0,1.0,Novita,B,2.182e-05,,,
comprehension,ally_majority,neutral,0321,1,0,1,0,rQaQrPaQaQrP,B,gemma-31b-nv,google/gemma-4-31b-it,novita/bf16,0,1.0,Novita,B,2.182e-05,,,
comprehension,ally_majority,neutral,0330,-1,0,0,0,rPaQrPaQaQrP,B,gemma-31b-nv,google/gemma-4-31b-it,novita/bf16,0,1.0,Novita,B,2.182e-05,,,
comprehension,ally_majority,neutral,0330,-1,0,1,0,rPrPaQaQrPaQ,B,gemma-31b-nv,google/gemma-4-31b-it,novita/bf16,0,1.0,Novita,B,2.182e-05,1.1206299193744736e-09,1.193907811503081e-07,1
comprehension,ally_majority,neutral,0330,1,0,0,0,rPaQaQrPrPaQ,B,gemma-31b-nv,google/gemma-4-31b-it,novita/bf16,0,1.0,Novita,B,2.182e-05,,,
comprehension,ally_majority,neutral,0330,1,0,1,0,rPrPaQaQrPaQ,B,gemma-31b-nv,google/gemma-4-31b-it,novita/bf16,0,1.0,Novita,B,2.182e-05,,,
comprehension,ally_majority,neutral,0400,-1,0,0,0,aQaQaQaQ,B,gemma-31b-nv,google/gemma-4-31b-it,novita/bf16,0,1.0,Novita,B,1.986e-05,,,
comprehension,ally_majority,neutral,0400,-1,0,1,0,aQaQaQaQ,B,gemma-31b-nv,google/gemma-4-31b-it,novita/bf16,0,1.0,Novita,B,1.986e-05,,,
comprehension,ally_majority,neutral,0400,1,0,0,0,aQaQaQaQ,B,gemma-31b-nv,google/gemma-4-31b-it,novita/bf16,0,1.0,Novita,B,1.986e-05,,,
comprehension,ally_majority,neutral,0400,1,0,1,0,aQaQaQaQ,B,gemma-31b-nv,google/gemma-4-31b-it,novita/bf16,0,1.0,Novita,B,1.986e-05,,,
comprehension,ally_majority,neutral,0401,-1,0,0,0,rQaQaQaQaQ,B,gemma-31b-nv,google/gemma-4-31b-it,novita/bf16,0,1.0,Novita,B,2.084e-05,2.029198700120123e-09,1.5120560570291985e-07,1
comprehension,ally_majority,neutral,0401,-1,0,1,0,aQaQaQrQaQ,B,gemma-31b-nv,google/gemma-4-31b-it,novita/bf16,0,1.0,Novita,B,2.084e-05,,,
comprehension,ally_majority,neutral,0401,1,0,0,0,aQrQaQaQaQ,B,gemma-31b-nv,google/gemma-4-31b-it,novita/bf16,0,1.0,Novita,B,2.084e-05,,,
comprehension,ally_majority,neutral,0401,1,0,1,0,aQrQaQaQaQ,B,gemma-31b-nv,google/gemma-4-31b-it,novita/bf16,0,1.0,Novita,B,2.084e-05,2.0611538701781546e-09,1.222557690638837e-07,1
comprehension,ally_majority,neutral,0402,-1,0,0,0,aQaQaQrQrQaQ,B,gemma-31b-nv,google/gemma-4-31b-it,novita/bf16,0,1.0,Novita,B,2.182e-05,,,
comprehension,ally_majority,neutral,0402,-1,0,1,0,aQrQaQrQaQaQ,B,gemma-31b-nv,google/gemma-4-31b-it,novita/bf16,0,1.0,Novita,B,2.182e-05,,,
comprehension,ally_majority,neutral,0402,1,0,0,0,rQaQaQaQaQrQ,B,gemma-31b-nv,google/gemma-4-31b-it,novita/bf16,0,1.0,Novita,B,2.182e-05,9.73620112186352e-10,8.405057627669521e-08,1
comprehension,ally_majority,neutral,0402,1,0,1,0,rQaQaQrQaQaQ,B,gemma-31b-nv,google/gemma-4-31b-it,novita/bf16,0,1.0,Novita,B,2.182e-05,,,
comprehension,ally_majority,neutral,0410,-1,0,0,0,aQaQaQrPaQ,B,gemma-31b-nv,google/gemma-4-31b-it,novita/bf16,0,1.0,Novita,B,2.084e-05,2.1940868064456883e-09,9.169891801441565e-08,1
comprehension,ally_majority,neutral,0410,-1,0,1,0,rPaQaQaQaQ,B,gemma-31b-nv,google/gemma-4-31b-it,novita/bf16,0,1.0,Novita,B,2.084e-05,,,
comprehension,ally_majority,neutral,0410,1,0,0,0,aQaQaQaQrP,B,gemma-31b-nv,google/gemma-4-31b-it,novita/bf16,0,1.0,Novita,B,2.084e-05,2.1940867187403757e-09,5.1725427385740375e-08,1
comprehension,ally_majority,neutral,0410,1,0,1,0,aQaQaQaQrP,B,gemma-31b-nv,google/gemma-4-31b-it,novita/bf16,0,1.0,Novita,B,2.084e-05,2.3355933104051546e-09,1.1862545234997413e-07,1
comprehension,ally_majority,neutral,0411,-1,0,0,0,rQaQaQaQrPaQ,B,gemma-31b-nv,google/gemma-4-31b-it,novita/bf16,0,1.0,Novita,B,2.182e-05,9.889524205654977e-10,1.0689642748751282e-07,1
comprehension,ally_majority,neutral,0411,-1,0,1,0,aQrPaQrQaQaQ,B,gemma-31b-nv,google/gemma-4-31b-it,novita/bf16,0,1.0,Novita,B,2.182e-05,9.004513762376335e-10,5.1725427385740375e-08,1
comprehension,ally_majority,neutral,0411,1,0,0,0,aQrQaQaQaQrP,B,gemma-31b-nv,google/gemma-4-31b-it,novita/bf16,0,1.0,Novita,B,2.182e-05,,,
comprehension,ally_majority,neutral,0411,1,0,1,0,aQaQrPaQaQrQ,B,gemma-31b-nv,google/gemma-4-31b-it,novita/bf16,0,1.0,Novita,B,2.182e-05,7.823257228973563e-10,6.412063402461143e-08,1
comprehension,ally_majority,neutral,0420,-1,0,0,0,rPaQaQrPaQaQ,B,gemma-31b-nv,google/gemma-4-31b-it,novita/bf16,0,1.0,Novita,B,2.182e-05,1.3730245136112256e-09,1.4510347434715243e-07,1
comprehension,ally_majority,neutral,0420,-1,0,1,0,rPaQaQrPaQaQ,B,gemma-31b-nv,google/gemma-4-31b-it,novita/bf16,0,1.0,Novita,B,2.182e-05,,,
comprehension,ally_majority,neutral,0420,1,0,0,0,aQaQaQaQrPrP,B,gemma-31b-nv,google/gemma-4-31b-it,novita/bf16,0,1.0,Novita,B,2.182e-05,,,
comprehension,ally_majority,neutral,0420,1,0,1,0,aQaQrPaQaQrP,B,gemma-31b-nv,google/gemma-4-31b-it,novita/bf16,0,1.0,Novita,B,2.182e-05,,,
comprehension,ally_majority,neutral,0500,-1,0,0,0,aQaQaQaQaQ,B,gemma-31b-nv,google/gemma-4-31b-it,novita/bf16,0,1.0,Novita,B,2.084e-05,,,
comprehension,ally_majority,neutral,0500,-1,0,1,0,aQaQaQaQaQ,B,gemma-31b-nv,google/gemma-4-31b-it,novita/bf16,0,1.0,Novita,B,2.084e-05,,,
comprehension,ally_majority,neutral,0500,1,0,0,0,aQaQaQaQaQ,B,gemma-31b-nv,google/gemma-4-31b-it,novita/bf16,0,1.0,Novita,B,2.084e-05,1.9977388267493954e-09,1.193907811503081e-07,1
comprehension,ally_majority,neutral,0500,1,0,1,0,aQaQaQaQaQ,B,gemma-31b-nv,google/gemma-4-31b-it,novita/bf16,0,1.0,Novita,B,2.084e-05,,,
comprehension,ally_majority,neutral,0501,-1,0,0,0,aQaQaQrQaQaQ,B,gemma-31b-nv,google/gemma-4-31b-it,novita/bf16,0,1.0,Novita,B,2.182e-05,,,
comprehension,ally_majority,neutral,0501,-1,0,1,0,aQaQaQaQaQrQ,B,gemma-31b-nv,google/gemma-4-31b-it,novita/bf16,0,1.0,Novita,B,2.182e-05,,,
comprehension,ally_majority,neutral,0501,1,0,0,0,aQaQaQaQaQrQ,B,gemma-31b-nv,google/gemma-4-31b-it,novita/bf16,0,1.0,Novita,B,2.182e-05,1.6561835133140272e-09,3.17516808401308e-08,1
comprehension,ally_majority,neutral,0501,1,0,1,0,aQaQrQaQaQaQ,B,gemma-31b-nv,google/gemma-4-31b-it,novita/bf16,0,1.0,Novita,B,2.182e-05,,,
comprehension,ally_majority,neutral,0510,-1,0,0,0,aQaQaQaQaQrP,B,gemma-31b-nv,google/gemma-4-31b-it,novita/bf16,0,1.0,Novita,B,2.182e-05,,,
comprehension,ally_majority,neutral,0510,-1,0,1,0,aQaQaQaQaQrP,B,gemma-31b-nv,google/gemma-4-31b-it,novita/bf16,0,1.0,Novita,B,2.182e-05,,,
comprehension,ally_majority,neutral,0510,1,0,0,0,aQaQaQrPaQaQ,B,gemma-31b-nv,google/gemma-4-31b-it,novita/bf16,0,1.0,Novita,B,2.182e-05,,,
comprehension,ally_majority,neutral,0510,1,0,1,0,rPaQaQaQaQaQ,B,gemma-31b-nv,google/gemma-4-31b-it,novita/bf16,0,1.0,Novita,B,2.182e-05,,,
comprehension,ally_majority,neutral,0600,-1,0,0,0,aQaQaQaQaQaQ,B,gemma-31b-nv,google/gemma-4-31b-it,novita/bf16,0,1.0,Novita,B,2.182e-05,,,
comprehension,ally_majority,neutral,0600,-1,0,1,0,aQaQaQaQaQaQ,B,gemma-31b-nv,google/gemma-4-31b-it,novita/bf16,0,1.0,Novita,B,2.182e-05,,,
comprehension,ally_majority,neutral,0600,1,0,0,0,aQaQaQaQaQaQ,B,gemma-31b-nv,google/gemma-4-31b-it,novita/bf16,0,1.0,Novita,B,2.182e-05,1.330780867668864e-09,5.28793859810861e-08,1
comprehension,ally_majority,neutral,0600,1,0,1,0,aQaQaQaQaQaQ,B,gemma-31b-nv,google/gemma-4-31b-it,novita/bf16,0,1.0,Novita,B,2.182e-05,,,
comprehension,ally_majority,neutral,1000,-1,0,0,0,aP,A,gemma-31b-nv,google/gemma-4-31b-it,novita/bf16,0,1.0,Novita,A,1.692e-05,,,
comprehension,ally_majority,neutral,1000,-1,0,1,0,aP,A,gemma-31b-nv,google/gemma-4-31b-it,novita/bf16,0,1.0,Novita,A,1.692e-05,,,
comprehension,ally_majority,neutral,1000,1,0,0,0,aP,A,gemma-31b-nv,google/gemma-4-31b-it,novita/bf16,0,1.0,Novita,A,1.692e-05,,,
comprehension,ally_majority,neutral,1000,1,0,1,0,aP,A,gemma-31b-nv,google/gemma-4-31b-it,novita/bf16,0,1.0,Novita,A,1.692e-05,,,
comprehension,ally_majority,neutral,1001,-1,0,0,0,aPrQ,A,gemma-31b-nv,google/gemma-4-31b-it,novita/bf16,0,1.0,Novita,A,1.79e-05,,,
comprehension,ally_majority,neutral,1001,-1,0,1,0,rQaP,A,gemma-31b-nv,google/gemma-4-31b-it,novita/bf16,0,1.0,Novita,A,1.79e-05,,,
comprehension,ally_majority,neutral,1001,1,0,0,0,aPrQ,A,gemma-31b-nv,google/gemma-4-31b-it,novita/bf16,0,1.0,Novita,A,1.79e-05,,,
comprehension,ally_majority,neutral,1001,1,0,1,0,aPrQ,A,gemma-31b-nv,google/gemma-4-31b-it,novita/bf16,0,1.0,Novita,A,1.79e-05,,,
comprehension,ally_majority,neutral,1002,-1,0,0,0,rQrQaP,A,gemma-31b-nv,google/gemma-4-31b-it,novita/bf16,0,1.0,Novita,A,1.888e-05,,,
comprehension,ally_majority,neutral,1002,-1,0,1,0,aPrQrQ,A,gemma-31b-nv,google/gemma-4-31b-it,novita/bf16,0,1.0,Novita,A,1.888e-05,,,
comprehension,ally_majority,neutral,1002,1,0,0,0,aPrQrQ,A,gemma-31b-nv,google/gemma-4-31b-it,novita/bf16,0,1.0,Novita,A,1.888e-05,,,
comprehension,ally_majority,neutral,1002,1,0,1,0,rQrQaP,A,gemma-31b-nv,google/gemma-4-31b-it,novita/bf16,0,1.0,Novita,A,1.888e-05,,,
comprehension,ally_majority,neutral,1003,-1,0,0,0,rQrQrQaP,A,gemma-31b-nv,google/gemma-4-31b-it,novita/bf16,0,1.0,Novita,A,1.986e-05,,,
comprehension,ally_majority,neutral,1003,-1,0,1,0,rQaPrQrQ,A,gemma-31b-nv,google/gemma-4-31b-it,novita/bf16,0,1.0,Novita,A,1.986e-05,0.9999999295773055,1.3159835945408815e-05,1
comprehension,ally_majority,neutral,1003,1,0,0,0,rQaPrQrQ,A,gemma-31b-nv,google/gemma-4-31b-it,novita/bf16,0,1.0,Novita,A,1.986e-05,,,
comprehension,ally_majority,neutral,1003,1,0,1,0,rQrQrQaP,A,gemma-31b-nv,google/gemma-4-31b-it,novita/bf16,0,1.0,Novita,A,1.986e-05,,,
comprehension,ally_majority,neutral,1004,-1,0,0,0,aPrQrQrQrQ,A,gemma-31b-nv,google/gemma-4-31b-it,novita/bf16,0,1.0,Novita,A,2.084e-05,,,
comprehension,ally_majority,neutral,1004,-1,0,1,0,rQaPrQrQrQ,A,gemma-31b-nv,google/gemma-4-31b-it,novita/bf16,0,1.0,Novita,A,2.084e-05,,,
comprehension,ally_majority,neutral,1004,1,0,0,0,rQrQaPrQrQ,A,gemma-31b-nv,google/gemma-4-31b-it,novita/bf16,0,1.0,Novita,A,2.084e-05,,,
comprehension,ally_majority,neutral,1004,1,0,1,0,rQrQrQrQaP,A,gemma-31b-nv,google/gemma-4-31b-it,novita/bf16,0,1.0,Novita,A,2.084e-05,0.9999999598743833,6.782524719639582e-06,1
comprehension,ally_majority,neutral,1005,-1,0,0,0,aPrQrQrQrQrQ,A,gemma-31b-nv,google/gemma-4-31b-it,novita/bf16,0,1.0,Novita,A,2.182e-05,,,
comprehension,ally_majority,neutral,1005,-1,0,1,0,rQrQrQrQaPrQ,A,gemma-31b-nv,google/gemma-4-31b-it,novita/bf16,0,1.0,Novita,A,2.182e-05,0.9999999273418007,1.0016522074995926e-05,1
comprehension,ally_majority,neutral,1005,1,0,0,0,rQrQrQrQrQaP,A,gemma-31b-nv,google/gemma-4-31b-it,novita/bf16,0,1.0,Novita,A,2.182e-05,,,
comprehension,ally_majority,neutral,1005,1,0,1,0,rQrQrQrQaPrQ,A,gemma-31b-nv,google/gemma-4-31b-it,novita/bf16,0,1.0,Novita,A,2.182e-05,,,
comprehension,ally_majority,neutral,1010,-1,0,0,0,rPaP,A,gemma-31b-nv,google/gemma-4-31b-it,novita/bf16,0,1.0,Novita,A,1.79e-05,,,
comprehension,ally_majority,neutral,1010,-1,0,1,0,rPaP,A,gemma-31b-nv,google/gemma-4-31b-it,novita/bf16,0,1.0,Novita,A,1.79e-05,,,
comprehension,ally_majority,neutral,1010,1,0,0,0,aPrP,A,gemma-31b-nv,google/gemma-4-31b-it,novita/bf16,0,1.0,Novita,A,1.79e-05,0.9999999338440448,1.0584224699461409e-05,1
comprehension,ally_majority,neutral,1010,1,0,1,0,aPrP,A,gemma-31b-nv,google/gemma-4-31b-it,novita/bf16,0,1.0,Novita,A,1.79e-05,,,
comprehension,ally_majority,neutral,1011,-1,0,0,0,rQaPrP,A,gemma-31b-nv,google/gemma-4-31b-it,novita/bf16,0,1.0,Novita,A,1.888e-05,0.9999999416175629,1.0775707700028114e-05,1
comprehension,ally_majority,neutral,1011,-1,0,1,0,aPrPrQ,A,gemma-31b-nv,google/gemma-4-31b-it,novita/bf16,0,1.0,Novita,A,1.888e-05,0.9999999545317231,4.802990989705158e-06,1
comprehension,ally_majority,neutral,1011,1,0,0,0,rPrQaP,A,gemma-31b-nv,google/gemma-4-31b-it,novita/bf16,0,1.0,Novita,A,1.888e-05,0.9999999913222268,1.0363477095376439e-06,1
comprehension,ally_majority,neutral,1011,1,0,1,0,rPrQaP,A,gemma-31b-nv,google/gemma-4-31b-it,novita/bf16,0,1.0,Novita,A,1.888e-05,0.9999999677581202,4.233443001822046e-06,1
comprehension,ally_majority,neutral,1012,-1,0,0,0,aPrQrQrP,A,gemma-31b-nv,google/gemma-4-31b-it,novita/bf16,0,1.0,Novita,A,1.986e-05,,,
comprehension,ally_majority,neutral,1012,-1,0,1,0,rQaPrQrP,A,gemma-31b-nv,google/gemma-4-31b-it,novita/bf16,0,1.0,Novita,A,1.986e-05,,,
comprehension,ally_majority,neutral,1012,1,0,0,0,rQrQrPaP,A,gemma-31b-nv,google/gemma-4-31b-it,novita/bf16,0,1.0,Novita,A,1.986e-05,0.9999999559305779,6.096380887998798e-06,1
comprehension,ally_majority,neutral,1012,1,0,1,0,aPrQrQrP,A,gemma-31b-nv,google/gemma-4-31b-it,novita/bf16,0,1.0,Novita,A,1.986e-05,,,
comprehension,ally_majority,neutral,1013,-1,0,0,0,rPrQrQrQaP,A,gemma-31b-nv,google/gemma-4-31b-it,novita/bf16,0,1.0,Novita,A,2.084e-05,,,
comprehension,ally_majority,neutral,1013,-1,0,1,0,rPrQrQrQaP,A,gemma-31b-nv,google/gemma-4-31b-it,novita/bf16,0,1.0,Novita,A,2.084e-05,,,
comprehension,ally_majority,neutral,1013,1,0,0,0,aPrQrQrPrQ,A,gemma-31b-nv,google/gemma-4-31b-it,novita/bf16,0,1.0,Novita,A,2.084e-05,,,
comprehension,ally_majority,neutral,1013,1,0,1,0,rPrQaPrQrQ,A,gemma-31b-nv,google/gemma-4-31b-it,novita/bf16,0,1.0,Novita,A,2.084e-05,,,
comprehension,ally_majority,neutral,1014,-1,0,0,0,rQrPaPrQrQrQ,A,gemma-31b-nv,google/gemma-4-31b-it,novita/bf16,0,1.0,Novita,A,2.182e-05,0.9999998942830973,1.8134094053268157e-05,1
comprehension,ally_majority,neutral,1014,-1,0,1,0,rPrQrQaPrQrQ,A,gemma-31b-nv,google/gemma-4-31b-it,novita/bf16,0,1.0,Novita,A,2.182e-05,0.9999999530883811,5.314662938293857e-06,1
comprehension,ally_majority,neutral,1014,1,0,0,0,aPrQrQrQrQrP,A,gemma-31b-nv,google/gemma-4-31b-it,novita/bf16,0,1.0,Novita,A,2.182e-05,,,
comprehension,ally_majority,neutral,1014,1,0,1,0,rPrQaPrQrQrQ,A,gemma-31b-nv,google/gemma-4-31b-it,novita/bf16,0,1.0,Novita,A,2.182e-05,,,
comprehension,ally_majority,neutral,1020,-1,0,0,0,aPrPrP,A,gemma-31b-nv,google/gemma-4-31b-it,novita/bf16,0,1.0,Novita,A,1.888e-05,,,
comprehension,ally_majority,neutral,1020,-1,0,1,0,rPaPrP,A,gemma-31b-nv,google/gemma-4-31b-it,novita/bf16,0,1.0,Novita,A,1.888e-05,,,
comprehension,ally_majority,neutral,1020,1,0,0,0,aPrPrP,A,gemma-31b-nv,google/gemma-4-31b-it,novita/bf16,0,1.0,Novita,A,1.888e-05,,,
comprehension,ally_majority,neutral,1020,1,0,1,0,rPrPaP,A,gemma-31b-nv,google/gemma-4-31b-it,novita/bf16,0,1.0,Novita,A,1.888e-05,,,
comprehension,ally_majority,neutral,1021,-1,0,0,0,rQrPaPrP,A,gemma-31b-nv,google/gemma-4-31b-it,novita/bf16,0,1.0,Novita,A,1.986e-05,,,
comprehension,ally_majority,neutral,1021,-1,0,1,0,aPrPrPrQ,A,gemma-31b-nv,google/gemma-4-31b-it,novita/bf16,0,1.0,Novita,A,1.986e-05,,,
comprehension,ally_majority,neutral,1021,1,0,0,0,rPaPrPrQ,A,gemma-31b-nv,google/gemma-4-31b-it,novita/bf16,0,1.0,Novita,A,1.986e-05,,,
comprehension,ally_majority,neutral,1021,1,0,1,0,rPrQaPrP,A,gemma-31b-nv,google/gemma-4-31b-it,novita/bf16,0,1.0,Novita,A,1.986e-05,,,
comprehension,ally_majority,neutral,1022,-1,0,0,0,aPrPrQrQrP,A,gemma-31b-nv,google/gemma-4-31b-it,novita/bf16,0,1.0,Novita,A,2.084e-05,,,
comprehension,ally_majority,neutral,1022,-1,0,1,0,rQrPrQrPaP,A,gemma-31b-nv,google/gemma-4-31b-it,novita/bf16,0,1.0,Novita,A,2.084e-05,,,
comprehension,ally_majority,neutral,1022,1,0,0,0,rPrQaPrQrP,A,gemma-31b-nv,google/gemma-4-31b-it,novita/bf16,0,1.0,Novita,A,2.084e-05,0.9999999484776622,7.303279540682439e-06,1
comprehension,ally_majority,neutral,1022,1,0,1,0,rPrQaPrPrQ,A,gemma-31b-nv,google/gemma-4-31b-it,novita/bf16,0,1.0,Novita,A,2.084e-05,,,
comprehension,ally_majority,neutral,1023,-1,0,0,0,rQrQrQrPrPaP,A,gemma-31b-nv,google/gemma-4-31b-it,novita/bf16,0,1.0,Novita,A,2.182e-05,,,
comprehension,ally_majority,neutral,1023,-1,0,1,0,rQrQrQrPaPrP,A,gemma-31b-nv,google/gemma-4-31b-it,novita/bf16,0,1.0,Novita,A,2.182e-05,,,
comprehension,ally_majority,neutral,1023,1,0,0,0,aPrQrQrPrQrP,A,gemma-31b-nv,google/gemma-4-31b-it,novita/bf16,0,1.0,Novita,A,2.182e-05,,,
comprehension,ally_majority,neutral,1023,1,0,1,0,rPaPrPrQrQrQ,A,gemma-31b-nv,google/gemma-4-31b-it,novita/bf16,0,1.0,Novita,A,2.182e-05,,,
comprehension,ally_majority,neutral,1030,-1,0,0,0,rPrPaPrP,A,gemma-31b-nv,google/gemma-4-31b-it,novita/bf16,0,1.0,Novita,A,1.986e-05,0.9999998764043204,1.8949529182132885e-05,1
comprehension,ally_majority,neutral,1030,-1,0,1,0,rPaPrPrP,A,gemma-31b-nv,google/gemma-4-31b-it,novita/bf16,0,1.0,Novita,A,1.986e-05,0.9999999677581176,4.31141287215997e-06,1
comprehension,ally_majority,neutral,1030,1,0,0,0,aPrPrPrP,A,gemma-31b-nv,google/gemma-4-31b-it,novita/bf16,0,1.0,Novita,A,1.986e-05,,,
comprehension,ally_majority,neutral,1030,1,0,1,0,rPaPrPrP,A,gemma-31b-nv,google/gemma-4-31b-it,novita/bf16,0,1.0,Novita,A,1.986e-05,,,
comprehension,ally_majority,neutral,1031,-1,0,0,0,rPrQrPrPaP,A,gemma-31b-nv,google/gemma-4-31b-it,novita/bf16,0,1.0,Novita,A,2.084e-05,0.9999999358793867,7.747959080650624e-06,1
comprehension,ally_majority,neutral,1031,-1,0,1,0,rPrPrPrQaP,A,gemma-31b-nv,google/gemma-4-31b-it,novita/bf16,0,1.0,Novita,A,2.084e-05,,,
comprehension,ally_majority,neutral,1031,1,0,0,0,rQrPaPrPrP,A,gemma-31b-nv,google/gemma-4-31b-it,novita/bf16,0,1.0,Novita,A,2.084e-05,,,
comprehension,ally_majority,neutral,1031,1,0,1,0,rPaPrPrQrP,A,gemma-31b-nv,google/gemma-4-31b-it,novita/bf16,0,1.0,Novita,A,2.084e-05,0.9999999672504222,4.990230440538035e-06,1
comprehension,ally_majority,neutral,1032,-1,0,0,0,rPrQrPrQaPrP,A,gemma-31b-nv,google/gemma-4-31b-it,novita/bf16,0,1.0,Novita,A,2.182e-05,,,
comprehension,ally_majority,neutral,1032,-1,0,1,0,aPrQrPrQrPrP,A,gemma-31b-nv,google/gemma-4-31b-it,novita/bf16,0,1.0,Novita,A,2.182e-05,,,
comprehension,ally_majority,neutral,1032,1,0,0,0,rQaPrQrPrPrP,A,gemma-31b-nv,google/gemma-4-31b-it,novita/bf16,0,1.0,Novita,A,2.182e-05,0.9999999109773356,1.1689046108376289e-05,1
comprehension,ally_majority,neutral,1032,1,0,1,0,rPrQrPrPaPrQ,A,gemma-31b-nv,google/gemma-4-31b-it,novita/bf16,0,1.0,Novita,A,2.182e-05,0.9999999715466347,4.450133199940254e-06,1
comprehension,ally_majority,neutral,1040,-1,0,0,0,rPrPaPrPrP,A,gemma-31b-nv,google/gemma-4-31b-it,novita/bf16,0,1.0,Novita,A,2.084e-05,,,
comprehension,ally_majority,neutral,1040,-1,0,1,0,rPrPrPaPrP,A,gemma-31b-nv,google/gemma-4-31b-it,novita/bf16,0,1.0,Novita,A,2.084e-05,,,
comprehension,ally_majority,neutral,1040,1,0,0,0,aPrPrPrPrP,A,gemma-31b-nv,google/gemma-4-31b-it,novita/bf16,0,1.0,Novita,A,2.084e-05,0.9999999022277184,1.563760796474689e-05,1
comprehension,ally_majority,neutral,1040,1,0,1,0,rPrPaPrPrP,A,gemma-31b-nv,google/gemma-4-31b-it,novita/bf16,0,1.0,Novita,A,2.084e-05,0.999999971987786,5.542183488582708e-06,1
comprehension,ally_majority,neutral,1041,-1,0,0,0,aPrQrPrPrPrP,A,gemma-31b-nv,google/gemma-4-31b-it,novita/bf16,0,1.0,Novita,A,2.182e-05,,,
comprehension,ally_majority,neutral,1041,-1,0,1,0,rPrPaPrPrPrQ,A,gemma-31b-nv,google/gemma-4-31b-it,novita/bf16,0,1.0,Novita,A,2.182e-05,,,
comprehension,ally_majority,neutral,1041,1,0,0,0,aPrPrPrPrQrP,A,gemma-31b-nv,google/gemma-4-31b-it,novita/bf16,0,1.0,Novita,A,2.182e-05,,,
comprehension,ally_majority,neutral,1041,1,0,1,0,rQrPrPrPrPaP,A,gemma-31b-nv,google/gemma-4-31b-it,novita/bf16,0,1.0,Novita,A,2.182e-05,,,
comprehension,ally_majority,neutral,1050,-1,0,0,0,rPrPrPaPrPrP,A,gemma-31b-nv,google/gemma-4-31b-it,novita/bf16,0,1.0,Novita,A,2.182e-05,,,
comprehension,ally_majority,neutral,1050,-1,0,1,0,rPrPrPaPrPrP,A,gemma-31b-nv,google/gemma-4-31b-it,novita/bf16,0,1.0,Novita,A,2.182e-05,,,
comprehension,ally_majority,neutral,1050,1,0,0,0,aPrPrPrPrPrP,A,gemma-31b-nv,google/gemma-4-31b-it,novita/bf16,0,1.0,Novita,A,2.182e-05,,,
comprehension,ally_majority,neutral,1050,1,0,1,0,rPrPrPrPaPrP,A,gemma-31b-nv,google/gemma-4-31b-it,novita/bf16,0,1.0,Novita,A,2.182e-05,0.999999977840494,4.571796647256932e-06,1
comprehension,ally_majority,neutral,1200,-1,0,0,0,aPaQaQ,B,gemma-31b-nv,google/gemma-4-31b-it,novita/bf16,0,1.0,Novita,B,1.888e-05,,,
comprehension,ally_majority,neutral,1200,-1,0,1,0,aQaPaQ,B,gemma-31b-nv,google/gemma-4-31b-it,novita/bf16,0,1.0,Novita,B,1.888e-05,,,
comprehension,ally_majority,neutral,1200,1,0,0,0,aQaPaQ,B,gemma-31b-nv,google/gemma-4-31b-it,novita/bf16,0,1.0,Novita,B,1.888e-05,1.876701753533417e-09,1.4615603616263684e-08,1
comprehension,ally_majority,neutral,1200,1,0,1,0,aQaPaQ,B,gemma-31b-nv,google/gemma-4-31b-it,novita/bf16,0,1.0,Novita,B,1.888e-05,,,
comprehension,ally_majority,neutral,1201,-1,0,0,0,aQaQaPrQ,B,gemma-31b-nv,google/gemma-4-31b-it,novita/bf16,0,1.0,Novita,B,1.986e-05,,,
comprehension,ally_majority,neutral,1201,-1,0,1,0,aPrQaQaQ,B,gemma-31b-nv,google/gemma-4-31b-it,novita/bf16,0,1.0,Novita,B,1.986e-05,,,
comprehension,ally_majority,neutral,1201,1,0,0,0,aQrQaPaQ,B,gemma-31b-nv,google/gemma-4-31b-it,novita/bf16,0,1.0,Novita,B,1.986e-05,1.818961812043066e-09,7.025911208380364e-08,1
comprehension,ally_majority,neutral,1201,1,0,1,0,aQrQaPaQ,B,gemma-31b-nv,google/gemma-4-31b-it,novita/bf16,0,1.0,Novita,B,1.986e-05,1.9362748857460385e-09,1.302041895412387e-07,1
comprehension,ally_majority,neutral,1202,-1,0,0,0,rQrQaQaPaQ,B,gemma-31b-nv,google/gemma-4-31b-it,novita/bf16,0,1.0,Novita,B,2.084e-05,,,
comprehension,ally_majority,neutral,1202,-1,0,1,0,aPrQaQrQaQ,B,gemma-31b-nv,google/gemma-4-31b-it,novita/bf16,0,1.0,Novita,B,2.084e-05,,,
comprehension,ally_majority,neutral,1202,1,0,0,0,rQaQaQrQaP,B,gemma-31b-nv,google/gemma-4-31b-it,novita/bf16,0,1.0,Novita,B,2.084e-05,3.972970491238017e-09,1.2385512460078019e-07,1
comprehension,ally_majority,neutral,1202,1,0,1,0,rQaQrQaPaQ,B,gemma-31b-nv,google/gemma-4-31b-it,novita/bf16,0,1.0,Novita,B,2.084e-05,,,
comprehension,ally_majority,neutral,1203,-1,0,0,0,rQrQrQaQaQaP,B,gemma-31b-nv,google/gemma-4-31b-it,novita/bf16,0,1.0,Novita,B,2.182e-05,,,
comprehension,ally_majority,neutral,1203,-1,0,1,0,aQrQaPrQaQrQ,B,gemma-31b-nv,google/gemma-4-31b-it,novita/bf16,0,1.0,Novita,B,2.182e-05,,,
comprehension,ally_majority,neutral,1203,1,0,0,0,rQrQaQaPrQaQ,B,gemma-31b-nv,google/gemma-4-31b-it,novita/bf16,0,1.0,Novita,B,2.182e-05,,,
comprehension,ally_majority,neutral,1203,1,0,1,0,rQrQrQaQaQaP,B,gemma-31b-nv,google/gemma-4-31b-it,novita/bf16,0,1.0,Novita,B,2.182e-05,,,
comprehension,ally_majority,neutral,1210,-1,0,0,0,aPrPaQaQ,B,gemma-31b-nv,google/gemma-4-31b-it,novita/bf16,0,1.0,Novita,B,1.986e-05,,,
comprehension,ally_majority,neutral,1210,-1,0,1,0,aQaQaPrP,B,gemma-31b-nv,google/gemma-4-31b-it,novita/bf16,0,1.0,Novita,B,1.986e-05,,,
comprehension,ally_majority,neutral,1210,1,0,0,0,rPaQaQaP,B,gemma-31b-nv,google/gemma-4-31b-it,novita/bf16,0,1.0,Novita,B,1.986e-05,,,
comprehension,ally_majority,neutral,1210,1,0,1,0,aQaQrPaP,B,gemma-31b-nv,google/gemma-4-31b-it,novita/bf16,0,1.0,Novita,B,1.986e-05,,,
comprehension,ally_majority,neutral,1211,-1,0,0,0,rQaPrPaQaQ,B,gemma-31b-nv,google/gemma-4-31b-it,novita/bf16,0,1.0,Novita,B,2.084e-05,,,
comprehension,ally_majority,neutral,1211,-1,0,1,0,aPrQaQrPaQ,B,gemma-31b-nv,google/gemma-4-31b-it,novita/bf16,0,1.0,Novita,B,2.084e-05,,,
comprehension,ally_majority,neutral,1211,1,0,0,0,rPrQaPaQaQ,B,gemma-31b-nv,google/gemma-4-31b-it,novita/bf16,0,1.0,Novita,B,2.084e-05,,,
comprehension,ally_majority,neutral,1211,1,0,1,0,aQaQaPrQrP,B,gemma-31b-nv,google/gemma-4-31b-it,novita/bf16,0,1.0,Novita,B,2.084e-05,,,
comprehension,ally_majority,neutral,1212,-1,0,0,0,rQaPaQrQaQrP,B,gemma-31b-nv,google/gemma-4-31b-it,novita/bf16,0,1.0,Novita,B,2.182e-05,,,
comprehension,ally_majority,neutral,1212,-1,0,1,0,rPrQaQrQaQaP,B,gemma-31b-nv,google/gemma-4-31b-it,novita/bf16,0,1.0,Novita,B,2.182e-05,1.8189619066230107e-09,1.222557690638837e-07,1
comprehension,ally_majority,neutral,1212,1,0,0,0,aQrPaPrQrQaQ,B,gemma-31b-nv,google/gemma-4-31b-it,novita/bf16,0,1.0,Novita,B,2.182e-05,,,
comprehension,ally_majority,neutral,1212,1,0,1,0,rPrQrQaQaQaP,B,gemma-31b-nv,google/gemma-4-31b-it,novita/bf16,0,1.0,Novita,B,2.182e-05,,,
comprehension,ally_majority,neutral,1220,-1,0,0,0,rPrPaQaQaP,B,gemma-31b-nv,google/gemma-4-31b-it,novita/bf16,0,1.0,Novita,B,2.084e-05,1.8766983369450487e-09,1.0143442230603483e-07,1
comprehension,ally_majority,neutral,1220,-1,0,1,0,rPrPaQaQaP,B,gemma-31b-nv,google/gemma-4-31b-it,novita/bf16,0,1.0,Novita,B,2.084e-05,1.1382771663333976e-09,2.589439085376455e-08,1
comprehension,ally_majority,neutral,1220,1,0,0,0,rPaPaQrPaQ,B,gemma-31b-nv,google/gemma-4-31b-it,novita/bf16,0,1.0,Novita,B,2.084e-05,2.6465736968672216e-09,2.454587100242378e-08,1
comprehension,ally_majority,neutral,1220,1,0,1,0,aQrPrPaPaQ,B,gemma-31b-nv,google/gemma-4-31b-it,novita/bf16,0,1.0,Novita,B,2.084e-05,3.1923773391920177e-09,5.28793859810861e-08,1
comprehension,ally_majority,neutral,1221,-1,0,0,0,aQaQrPaPrPrQ,B,gemma-31b-nv,google/gemma-4-31b-it,novita/bf16,0,1.0,Novita,B,2.182e-05,,,
comprehension,ally_majority,neutral,1221,-1,0,1,0,aPaQrQrPrPaQ,B,gemma-31b-nv,google/gemma-4-31b-it,novita/bf16,0,1.0,Novita,B,2.182e-05,,,
comprehension,ally_majority,neutral,1221,1,0,0,0,rPaQrPaQaPrQ,B,gemma-31b-nv,google/gemma-4-31b-it,novita/bf16,0,1.0,Novita,B,2.182e-05,,,
comprehension,ally_majority,neutral,1221,1,0,1,0,aQrPrPrQaPaQ,B,gemma-31b-nv,google/gemma-4-31b-it,novita/bf16,0,1.0,Novita,B,2.182e-05,,,
comprehension,ally_majority,neutral,1230,-1,0,0,0,aQaPrPrPaQrP,B,gemma-31b-nv,google/gemma-4-31b-it,novita/bf16,0,1.0,Novita,B,2.182e-05,,,
comprehension,ally_majority,neutral,1230,-1,0,1,0,aPrPaQaQrPrP,B,gemma-31b-nv,google/gemma-4-31b-it,novita/bf16,0,1.0,Novita,B,2.182e-05,1.3730243875849612e-09,5.3316141723769306e-08,1
comprehension,ally_majority,neutral,1230,1,0,0,0,aQaQaPrPrPrP,B,gemma-31b-nv,google/gemma-4-31b-it,novita/bf16,0,1.0,Novita,B,2.182e-05,2.7305850817024706e-09,6.766065419050449e-08,1
comprehension,ally_majority,neutral,1230,1,0,1,0,rPrPaQrPaPaQ,B,gemma-31b-nv,google/gemma-4-31b-it,novita/bf16,0,1.0,Novita,B,2.182e-05,,,
comprehension,ally_majority,neutral,1300,-1,0,0,0,aQaQaPaQ,B,gemma-31b-nv,google/gemma-4-31b-it,novita/bf16,0,1.0,Novita,B,1.986e-05,1.0364131424849524e-09,1.4615603616263684e-08,1
comprehension,ally_majority,neutral,1300,-1,0,1,0,aQaQaQaP,B,gemma-31b-nv,google/gemma-4-31b-it,novita/bf16,0,1.0,Novita,B,1.986e-05,1.9977387163340698e-09,6.412063402461143e-08,1
comprehension,ally_majority,neutral,1300,1,0,0,0,aQaPaQaQ,B,gemma-31b-nv,google/gemma-4-31b-it,novita/bf16,0,1.0,Novita,B,1.986e-05,,,
comprehension,ally_majority,neutral,1300,1,0,1,0,aPaQaQaQ,B,gemma-31b-nv,google/gemma-4-31b-it,novita/bf16,0,1.0,Novita,B,1.986e-05,2.126581778617365e-09,5.706144934336521e-08,1
comprehension,ally_majority,neutral,1301,-1,0,0,0,rQaPaQaQaQ,B,gemma-31b-nv,google/gemma-4-31b-it,novita/bf16,0,1.0,Novita,B,2.084e-05,,,
comprehension,ally_majority,neutral,1301,-1,0,1,0,aQrQaQaQaP,B,gemma-31b-nv,google/gemma-4-31b-it,novita/bf16,0,1.0,Novita,B,2.084e-05,,,
comprehension,ally_majority,neutral,1301,1,0,0,0,aQaPrQaQaQ,B,gemma-31b-nv,google/gemma-4-31b-it,novita/bf16,0,1.0,Novita,B,2.084e-05,1.8766982777050008e-09,6.986832423727662e-08,1
comprehension,ally_majority,neutral,1301,1,0,1,0,aQaQaPrQaQ,B,gemma-31b-nv,google/gemma-4-31b-it,novita/bf16,0,1.0,Novita,B,2.084e-05,,,
comprehension,ally_majority,neutral,1302,-1,0,0,0,rQaQrQaPaQaQ,B,gemma-31b-nv,google/gemma-4-31b-it,novita/bf16,0,1.0,Novita,B,2.182e-05,,,
comprehension,ally_majority,neutral,1302,-1,0,1,0,aPaQaQrQrQaQ,B,gemma-31b-nv,google/gemma-4-31b-it,novita/bf16,0,1.0,Novita,B,2.182e-05,1.5558404273604105e-09,3.199642273354897e-08,1
comprehension,ally_majority,neutral,1302,1,0,0,0,aQrQaQaQrQaP,B,gemma-31b-nv,google/gemma-4-31b-it,novita/bf16,0,1.0,Novita,B,2.182e-05,1.81896180731657e-09,6.766065419050449e-08,1
comprehension,ally_majority,neutral,1302,1,0,1,0,rQrQaQaQaPaQ,B,gemma-31b-nv,google/gemma-4-31b-it,novita/bf16,0,1.0,Novita,B,2.182e-05,,,
comprehension,ally_majority,neutral,1310,-1,0,0,0,aPaQrPaQaQ,B,gemma-31b-nv,google/gemma-4-31b-it,novita/bf16,0,1.0,Novita,B,2.084e-05,2.565147490492574e-09,1.4375502555008524e-07,1
comprehension,ally_majority,neutral,1310,-1,0,1,0,aQaPaQaQrP,B,gemma-31b-nv,google/gemma-4-31b-it,novita/bf16,0,1.0,Novita,B,2.084e-05,,,
comprehension,ally_majority,neutral,1310,1,0,0,0,aQaQaPrPaQ,B,gemma-31b-nv,google/gemma-4-31b-it,novita/bf16,0,1.0,Novita,B,2.084e-05,,,
comprehension,ally_majority,neutral,1310,1,0,1,0,aQaPaQaQrP,B,gemma-31b-nv,google/gemma-4-31b-it,novita/bf16,0,1.0,Novita,B,2.084e-05,,,
comprehension,ally_majority,neutral,1311,-1,0,0,0,aPaQaQrPaQrQ,B,gemma-31b-nv,google/gemma-4-31b-it,novita/bf16,0,1.0,Novita,B,2.182e-05,,,
comprehension,ally_majority,neutral,1311,-1,0,1,0,aQrPrQaQaPaQ,B,gemma-31b-nv,google/gemma-4-31b-it,novita/bf16,0,1.0,Novita,B,2.182e-05,,,
comprehension,ally_majority,neutral,1311,1,0,0,0,aQrQaPaQaQrP,B,gemma-31b-nv,google/gemma-4-31b-it,novita/bf16,0,1.0,Novita,B,2.182e-05,,,
comprehension,ally_majority,neutral,1311,1,0,1,0,aQrQaPaQrPaQ,B,gemma-31b-nv,google/gemma-4-31b-it,novita/bf16,0,1.0,Novita,B,2.182e-05,9.736200542513727e-10,2.454587100242378e-08,1
comprehension,ally_majority,neutral,1320,-1,0,0,0,aQrPaPaQaQrP,B,gemma-31b-nv,google/gemma-4-31b-it,novita/bf16,0,1.0,Novita,B,2.182e-05,,,
comprehension,ally_majority,neutral,1320,-1,0,1,0,rPaPrPaQaQaQ,B,gemma-31b-nv,google/gemma-4-31b-it,novita/bf16,0,1.0,Novita,B,2.182e-05,,,
comprehension,ally_majority,neutral,1320,1,0,0,0,aQaQaQaPrPrP,B,gemma-31b-nv,google/gemma-4-31b-it,novita/bf16,0,1.0,Novita,B,2.182e-05,,,
comprehension,ally_majority,neutral,1320,1,0,1,0,rPaQaQrPaPaQ,B,gemma-31b-nv,google/gemma-4-31b-it,novita/bf16,0,1.0,Novita,B,2.182e-05,,,
comprehension,ally_majority,neutral,1400,-1,0,0,0,aQaPaQaQaQ,B,gemma-31b-nv,google/gemma-4-31b-it,novita/bf16,0,1.0,Novita,B,2.084e-05,1.8189618804163678e-09,1.0784829851395727e-07,1
comprehension,ally_majority,neutral,1400,-1,0,1,0,aQaQaQaQaP,B,gemma-31b-nv,google/gemma-4-31b-it,novita/bf16,0,1.0,Novita,B,2.084e-05,,,
comprehension,ally_majority,neutral,1400,1,0,0,0,aPaQaQaQaQ,B,gemma-31b-nv,google/gemma-4-31b-it,novita/bf16,0,1.0,Novita,B,2.084e-05,1.7629981360916016e-09,1.0995006571867805e-08,1
comprehension,ally_majority,neutral,1400,1,0,1,0,aQaQaPaQaQ,B,gemma-31b-nv,google/gemma-4-31b-it,novita/bf16,0,1.0,Novita,B,2.084e-05,,,
comprehension,ally_majority,neutral,1401,-1,0,0,0,aQrQaPaQaQaQ,B,gemma-31b-nv,google/gemma-4-31b-it,novita/bf16,0,1.0,Novita,B,2.182e-05,1.5558406033369594e-09,1.4510347434715243e-07,1
comprehension,ally_majority,neutral,1401,-1,0,1,0,aQaQaPaQrQaQ,B,gemma-31b-nv,google/gemma-4-31b-it,novita/bf16,0,1.0,Novita,B,2.182e-05,1.1032560622107707e-09,2.817513700126284e-08,1
comprehension,ally_majority,neutral,1401,1,0,0,0,aPrQaQaQaQaQ,B,gemma-31b-nv,google/gemma-4-31b-it,novita/bf16,0,1.0,Novita,B,2.182e-05,,,
comprehension,ally_majority,neutral,1401,1,0,1,0,aQaQaQrQaQaP,B,gemma-31b-nv,google/gemma-4-31b-it,novita/bf16,0,1.0,Novita,B,2.182e-05,,,
comprehension,ally_majority,neutral,1410,-1,0,0,0,aQaQrPaQaPaQ,B,gemma-31b-nv,google/gemma-4-31b-it,novita/bf16,0,1.0,Novita,B,2.182e-05,,,
comprehension,ally_majority,neutral,1410,-1,0,1,0,aQaQaPaQrPaQ,B,gemma-31b-nv,google/gemma-4-31b-it,novita/bf16,0,1.0,Novita,B,2.182e-05,,,
comprehension,ally_majority,neutral,1410,1,0,0,0,aQaQaPrPaQaQ,B,gemma-31b-nv,google/gemma-4-31b-it,novita/bf16,0,1.0,Novita,B,2.182e-05,,,
comprehension,ally_majority,neutral,1410,1,0,1,0,rPaQaQaQaPaQ,B,gemma-31b-nv,google/gemma-4-31b-it,novita/bf16,0,1.0,Novita,B,2.182e-05,,,
comprehension,ally_majority,neutral,1500,-1,0,0,0,aQaQaQaPaQaQ,B,gemma-31b-nv,google/gemma-4-31b-it,novita/bf16,0,1.0,Novita,B,2.182e-05,,,
comprehension,ally_majority,neutral,1500,-1,0,1,0,aQaPaQaQaQaQ,B,gemma-31b-nv,google/gemma-4-31b-it,novita/bf16,0,1.0,Novita,B,2.182e-05,,,
comprehension,ally_majority,neutral,1500,1,0,0,0,aQaQaQaQaQaP,B,gemma-31b-nv,google/gemma-4-31b-it,novita/bf16,0,1.0,Novita,B,2.182e-05,1.0045261357614629e-09,8.766989756381349e-08,1
comprehension,ally_majority,neutral,1500,1,0,1,0,aQaPaQaQaQaQ,B,gemma-31b-nv,google/gemma-4-31b-it,novita/bf16,0,1.0,Novita,B,2.182e-05,,,
comprehension,ally_majority,neutral,2000,-1,0,0,0,aPaP,A,gemma-31b-nv,google/gemma-4-31b-it,novita/bf16,0,1.0,Novita,A,1.79e-05,0.9999999559305733,6.198844744287335e-06,1
comprehension,ally_majority,neutral,2000,-1,0,1,0,aPaP,A,gemma-31b-nv,google/gemma-4-31b-it,novita/bf16,0,1.0,Novita,A,1.79e-05,0.999999966734667,3.8146827137097716e-06,1
comprehension,ally_majority,neutral,2000,1,0,0,0,aPaP,A,gemma-31b-nv,google/gemma-4-31b-it,novita/bf16,0,1.0,Novita,A,1.79e-05,,,
comprehension,ally_majority,neutral,2000,1,0,1,0,aPaP,A,gemma-31b-nv,google/gemma-4-31b-it,novita/bf16,0,1.0,Novita,A,1.79e-05,,,
comprehension,ally_majority,neutral,2001,-1,0,0,0,rQaPaP,A,gemma-31b-nv,google/gemma-4-31b-it,novita/bf16,0,1.0,Novita,A,1.888e-05,0.999999850915126,2.010647148154021e-05,1
comprehension,ally_majority,neutral,2001,-1,0,1,0,rQaPaP,A,gemma-31b-nv,google/gemma-4-31b-it,novita/bf16,0,1.0,Novita,A,1.888e-05,,,
comprehension,ally_majority,neutral,2001,1,0,0,0,aPrQaP,A,gemma-31b-nv,google/gemma-4-31b-it,novita/bf16,0,1.0,Novita,A,1.888e-05,,,
comprehension,ally_majority,neutral,2001,1,0,1,0,aPrQaP,A,gemma-31b-nv,google/gemma-4-31b-it,novita/bf16,0,1.0,Novita,A,1.888e-05,0.9999999176674425,1.0407976179682699e-05,1
comprehension,ally_majority,neutral,2002,-1,0,0,0,rQaPrQaP,A,gemma-31b-nv,google/gemma-4-31b-it,novita/bf16,0,1.0,Novita,A,1.986e-05,,,
comprehension,ally_majority,neutral,2002,-1,0,1,0,aPrQrQaP,A,gemma-31b-nv,google/gemma-4-31b-it,novita/bf16,0,1.0,Novita,A,1.986e-05,,,
comprehension,ally_majority,neutral,2002,1,0,0,0,aPaPrQrQ,A,gemma-31b-nv,google/gemma-4-31b-it,novita/bf16,0,1.0,Novita,A,1.986e-05,,,
comprehension,ally_majority,neutral,2002,1,0,1,0,aPrQrQaP,A,gemma-31b-nv,google/gemma-4-31b-it,novita/bf16,0,1.0,Novita,A,1.986e-05,0.9999999515992555,5.1290744708110125e-06,1
comprehension,ally_majority,neutral,2003,-1,0,0,0,aPrQrQrQaP,A,gemma-31b-nv,google/gemma-4-31b-it,novita/bf16,0,1.0,Novita,A,2.084e-05,,,
comprehension,ally_majority,neutral,2003,-1,0,1,0,rQrQaPaPrQ,A,gemma-31b-nv,google/gemma-4-31b-it,novita/bf16,0,1.0,Novita,A,2.084e-05,,,
comprehension,ally_majority,neutral,2003,1,0,0,0,aPrQrQaPrQ,A,gemma-31b-nv,google/gemma-4-31b-it,novita/bf16,0,1.0,Novita,A,2.084e-05,,,
comprehension,ally_majority,neutral,2003,1,0,1,0,aPrQrQaPrQ,A,gemma-31b-nv,google/gemma-4-31b-it,novita/bf16,0,1.0,Novita,A,2.084e-05,0.9999999202005865,9.933681537677153e-06,1
comprehension,ally_majority,neutral,2004,-1,0,0,0,aPrQaPrQrQrQ,A,gemma-31b-nv,google/gemma-4-31b-it,novita/bf16,0,1.0,Novita,A,2.182e-05,,,
comprehension,ally_majority,neutral,2004,-1,0,1,0,rQrQaPrQaPrQ,A,gemma-31b-nv,google/gemma-4-31b-it,novita/bf16,0,1.0,Novita,A,2.182e-05,,,
comprehension,ally_majority,neutral,2004,1,0,0,0,rQaPrQaPrQrQ,A,gemma-31b-nv,google/gemma-4-31b-it,novita/bf16,0,1.0,Novita,A,2.182e-05,0.9999999515992265,5.72868631676382e-06,1
comprehension,ally_majority,neutral,2004,1,0,1,0,rQrQaPaPrQrQ,A,gemma-31b-nv,google/gemma-4-31b-it,novita/bf16,0,1.0,Novita,A,2.182e-05,,,
comprehension,ally_majority,neutral,2010,-1,0,0,0,aPaPrP,A,gemma-31b-nv,google/gemma-4-31b-it,novita/bf16,0,1.0,Novita,A,1.888e-05,0.9999999202005421,1.4304910566531603e-05,1
comprehension,ally_majority,neutral,2010,-1,0,1,0,rPaPaP,A,gemma-31b-nv,google/gemma-4-31b-it,novita/bf16,0,1.0,Novita,A,1.888e-05,0.9999999295772498,1.0135787392950846e-05,1
comprehension,ally_majority,neutral,2010,1,0,0,0,rPaPaP,A,gemma-31b-nv,google/gemma-4-31b-it,novita/bf16,0,1.0,Novita,A,1.888e-05,,,
comprehension,ally_majority,neutral,2010,1,0,1,0,rPaPaP,A,gemma-31b-nv,google/gemma-4-31b-it,novita/bf16,0,1.0,Novita,A,1.888e-05,,,
comprehension,ally_majority,neutral,2011,-1,0,0,0,aPrPaPrQ,A,gemma-31b-nv,google/gemma-4-31b-it,novita/bf16,0,1.0,Novita,A,1.986e-05,,,
comprehension,ally_majority,neutral,2011,-1,0,1,0,aPaPrPrQ,A,gemma-31b-nv,google/gemma-4-31b-it,novita/bf16,0,1.0,Novita,A,1.986e-05,0.9999999572864601,3.984843672033556e-06,1
comprehension,ally_majority,neutral,2011,1,0,0,0,aPaPrQrP,A,gemma-31b-nv,google/gemma-4-31b-it,novita/bf16,0,1.0,Novita,A,1.986e-05,0.9999999306691363,1.2755231688199586e-05,1
comprehension,ally_majority,neutral,2011,1,0,1,0,aPrPrQaP,A,gemma-31b-nv,google/gemma-4-31b-it,novita/bf16,0,1.0,Novita,A,1.986e-05,,,
comprehension,ally_majority,neutral,2012,-1,0,0,0,aPrPrQrQaP,A,gemma-31b-nv,google/gemma-4-31b-it,novita/bf16,0,1.0,Novita,A,2.084e-05,,,
comprehension,ally_majority,neutral,2012,-1,0,1,0,rPrQaPaPrQ,A,gemma-31b-nv,google/gemma-4-31b-it,novita/bf16,0,1.0,Novita,A,2.084e-05,,,
comprehension,ally_majority,neutral,2012,1,0,0,0,rPrQaPrQaP,A,gemma-31b-nv,google/gemma-4-31b-it,novita/bf16,0,1.0,Novita,A,2.084e-05,,,
comprehension,ally_majority,neutral,2012,1,0,1,0,aPrQrPaPrQ,A,gemma-31b-nv,google/gemma-4-31b-it,novita/bf16,0,1.0,Novita,A,2.084e-05,,,
comprehension,ally_majority,neutral,2013,-1,0,0,0,rPrQrQaPaPrQ,A,gemma-31b-nv,google/gemma-4-31b-it,novita/bf16,0,1.0,Novita,A,2.182e-05,,,
comprehension,ally_majority,neutral,2013,-1,0,1,0,aPrPrQrQaPrQ,A,gemma-31b-nv,google/gemma-4-31b-it,novita/bf16,0,1.0,Novita,A,2.182e-05,0.9999999586006175,3.984843672033556e-06,1
comprehension,ally_majority,neutral,2013,1,0,0,0,rPaPrQaPrQrQ,A,gemma-31b-nv,google/gemma-4-31b-it,novita/bf16,0,1.0,Novita,A,2.182e-05,,,
comprehension,ally_majority,neutral,2013,1,0,1,0,rQrQaPaPrQrP,A,gemma-31b-nv,google/gemma-4-31b-it,novita/bf16,0,1.0,Novita,A,2.182e-05,,,
comprehension,ally_majority,neutral,2020,-1,0,0,0,rPaPaPrP,A,gemma-31b-nv,google/gemma-4-31b-it,novita/bf16,0,1.0,Novita,A,1.986e-05,,,
comprehension,ally_majority,neutral,2020,-1,0,1,0,aPrPrPaP,A,gemma-31b-nv,google/gemma-4-31b-it,novita/bf16,0,1.0,Novita,A,1.986e-05,,,
comprehension,ally_majority,neutral,2020,1,0,0,0,rPrPaPaP,A,gemma-31b-nv,google/gemma-4-31b-it,novita/bf16,0,1.0,Novita,A,1.986e-05,,,
comprehension,ally_majority,neutral,2020,1,0,1,0,aPrPrPaP,A,gemma-31b-nv,google/gemma-4-31b-it,novita/bf16,0,1.0,Novita,A,1.986e-05,0.9999999810459955,3.2217419873026287e-06,1
comprehension,ally_majority,neutral,2021,-1,0,0,0,rPaPrPaPrQ,A,gemma-31b-nv,google/gemma-4-31b-it,novita/bf16,0,1.0,Novita,A,2.084e-05,,,
comprehension,ally_majority,neutral,2021,-1,0,1,0,rPaPrQaPrP,A,gemma-31b-nv,google/gemma-4-31b-it,novita/bf16,0,1.0,Novita,A,2.084e-05,,,
comprehension,ally_majority,neutral,2021,1,0,0,0,rPrQaPrPaP,A,gemma-31b-nv,google/gemma-4-31b-it,novita/bf16,0,1.0,Novita,A,2.084e-05,,,
comprehension,ally_majority,neutral,2021,1,0,1,0,rPaPrPrQaP,A,gemma-31b-nv,google/gemma-4-31b-it,novita/bf16,0,1.0,Novita,A,2.084e-05,0.9999999586006422,5.296133446242024e-06,1
comprehension,ally_majority,neutral,2022,-1,0,0,0,rQrQrPaPrPaP,A,gemma-31b-nv,google/gemma-4-31b-it,novita/bf16,0,1.0,Novita,A,2.182e-05,,,
comprehension,ally_majority,neutral,2022,-1,0,1,0,aPrQrPaPrQrP,A,gemma-31b-nv,google/gemma-4-31b-it,novita/bf16,0,1.0,Novita,A,2.182e-05,,,
comprehension,ally_majority,neutral,2022,1,0,0,0,rQrPaPrQaPrP,A,gemma-31b-nv,google/gemma-4-31b-it,novita/bf16,0,1.0,Novita,A,2.182e-05,,,
comprehension,ally_majority,neutral,2022,1,0,1,0,aPrPrPaPrQrQ,A,gemma-31b-nv,google/gemma-4-31b-it,novita/bf16,0,1.0,Novita,A,2.182e-05,0.9999999434137579,5.82468642373879e-06,1
comprehension,ally_majority,neutral,2030,-1,0,0,0,rPaPaPrPrP,A,gemma-31b-nv,google/gemma-4-31b-it,novita/bf16,0,1.0,Novita,A,2.084e-05,,,
comprehension,ally_majority,neutral,2030,-1,0,1,0,rPrPaPaPrP,A,gemma-31b-nv,google/gemma-4-31b-it,novita/bf16,0,1.0,Novita,A,2.084e-05,,,
comprehension,ally_majority,neutral,2030,1,0,0,0,rPaPaPrPrP,A,gemma-31b-nv,google/gemma-4-31b-it,novita/bf16,0,1.0,Novita,A,2.084e-05,,,
comprehension,ally_majority,neutral,2030,1,0,1,0,aPrPrPrPaP,A,gemma-31b-nv,google/gemma-4-31b-it,novita/bf16,0,1.0,Novita,A,2.084e-05,,,
comprehension,ally_majority,neutral,2031,-1,0,0,0,aPaPrPrPrPrQ,A,gemma-31b-nv,google/gemma-4-31b-it,novita/bf16,0,1.0,Novita,A,2.182e-05,0.9999999273417922,1.0132687344066582e-05,1
comprehension,ally_majority,neutral,2031,-1,0,1,0,rQaPrPrPaPrP,A,gemma-31b-nv,google/gemma-4-31b-it,novita/bf16,0,1.0,Novita,A,2.182e-05,,,
comprehension,ally_majority,neutral,2031,1,0,0,0,rPrPaPrQaPrP,A,gemma-31b-nv,google/gemma-4-31b-it,novita/bf16,0,1.0,Novita,A,2.182e-05,0.9999999586006517,5.06382565479413e-06,1
comprehension,ally_majority,neutral,2031,1,0,1,0,rPaPrPrPaPrQ,A,gemma-31b-nv,google/gemma-4-31b-it,novita/bf16,0,1.0,Novita,A,2.182e-05,0.9999999764113566,3.3843996170013213e-06,1
comprehension,ally_majority,neutral,2040,-1,0,0,0,rPaPrPaPrPrP,A,gemma-31b-nv,google/gemma-4-31b-it,novita/bf16,0,1.0,Novita,A,2.182e-05,0.99999994341381,8.718945944230505e-06,1
comprehension,ally_majority,neutral,2040,-1,0,1,0,aPaPrPrPrPrP,A,gemma-31b-nv,google/gemma-4-31b-it,novita/bf16,0,1.0,Novita,A,2.182e-05,,,
comprehension,ally_majority,neutral,2040,1,0,0,0,rPaPrPrPrPaP,A,gemma-31b-nv,google/gemma-4-31b-it,novita/bf16,0,1.0,Novita,A,2.182e-05,,,
comprehension,ally_majority,neutral,2040,1,0,1,0,aPrPrPaPrPrP,A,gemma-31b-nv,google/gemma-4-31b-it,novita/bf16,0,1.0,Novita,A,2.182e-05,0.9999999634651826,5.628718753869499e-06,1
comprehension,ally_majority,neutral,2100,-1,0,0,0,aQaPaP,A,gemma-31b-nv,google/gemma-4-31b-it,novita/bf16,0,1.0,Novita,A,1.888e-05,,,
comprehension,ally_majority,neutral,2100,-1,0,1,0,aQaPaP,A,gemma-31b-nv,google/gemma-4-31b-it,novita/bf16,0,1.0,Novita,A,1.888e-05,,,
comprehension,ally_majority,neutral,2100,1,0,0,0,aPaQaP,A,gemma-31b-nv,google/gemma-4-31b-it,novita/bf16,0,1.0,Novita,A,1.888e-05,,,
comprehension,ally_majority,neutral,2100,1,0,1,0,aPaQaP,A,gemma-31b-nv,google/gemma-4-31b-it,novita/bf16,0,1.0,Novita,A,1.888e-05,,,
comprehension,ally_majority,neutral,2101,-1,0,0,0,aPrQaPaQ,A,gemma-31b-nv,google/gemma-4-31b-it,novita/bf16,0,1.0,Novita,A,1.986e-05,0.9999998642566889,1.5242020618200236e-05,1
comprehension,ally_majority,neutral,2101,-1,0,1,0,aPrQaPaQ,A,gemma-31b-nv,google/gemma-4-31b-it,novita/bf16,0,1.0,Novita,A,1.986e-05,0.9999999500627953,6.245832495421766e-06,1
comprehension,ally_majority,neutral,2101,1,0,0,0,aQrQaPaP,A,gemma-31b-nv,google/gemma-4-31b-it,novita/bf16,0,1.0,Novita,A,1.986e-05,,,
comprehension,ally_majority,neutral,2101,1,0,1,0,aPaQaPrQ,A,gemma-31b-nv,google/gemma-4-31b-it,novita/bf16,0,1.0,Novita,A,1.986e-05,0.9999998599477892,9.1274767221039e-06,1
comprehension,ally_majority,neutral,2102,-1,0,0,0,aPrQaQaPrQ,A,gemma-31b-nv,google/gemma-4-31b-it,novita/bf16,0,1.0,Novita,A,2.084e-05,,,
comprehension,ally_majority,neutral,2102,-1,0,1,0,aPaQrQrQaP,A,gemma-31b-nv,google/gemma-4-31b-it,novita/bf16,0,1.0,Novita,A,2.084e-05,,,
comprehension,ally_majority,neutral,2102,1,0,0,0,rQrQaQaPaP,A,gemma-31b-nv,google/gemma-4-31b-it,novita/bf16,0,1.0,Novita,A,2.084e-05,,,
comprehension,ally_majority,neutral,2102,1,0,1,0,rQaPaPaQrQ,A,gemma-31b-nv,google/gemma-4-31b-it,novita/bf16,0,1.0,Novita,A,2.084e-05,0.9999999123576222,6.524927178785944e-06,1
comprehension,ally_majority,neutral,2103,-1,0,0,0,aPaQrQrQrQaP,A,gemma-31b-nv,google/gemma-4-31b-it,novita/bf16,0,1.0,Novita,A,2.182e-05,,,
comprehension,ally_majority,neutral,2103,-1,0,1,0,aPaPrQaQrQrQ,A,gemma-31b-nv,google/gemma-4-31b-it,novita/bf16,0,1.0,Novita,A,2.182e-05,,,
comprehension,ally_majority,neutral,2103,1,0,0,0,aPrQaQrQrQaP,A,gemma-31b-nv,google/gemma-4-31b-it,novita/bf16,0,1.0,Novita,A,2.182e-05,,,
comprehension,ally_majority,neutral,2103,1,0,1,0,rQrQaPaPrQaQ,A,gemma-31b-nv,google/gemma-4-31b-it,novita/bf16,0,1.0,Novita,A,2.182e-05,,,
comprehension,ally_majority,neutral,2110,-1,0,0,0,aPaPrPaQ,A,gemma-31b-nv,google/gemma-4-31b-it,novita/bf16,0,1.0,Novita,A,1.986e-05,,,
comprehension,ally_majority,neutral,2110,-1,0,1,0,aPaQrPaP,A,gemma-31b-nv,google/gemma-4-31b-it,novita/bf16,0,1.0,Novita,A,1.986e-05,,,
comprehension,ally_majority,neutral,2110,1,0,0,0,aPaQrPaP,A,gemma-31b-nv,google/gemma-4-31b-it,novita/bf16,0,1.0,Novita,A,1.986e-05,,,
comprehension,ally_majority,neutral,2110,1,0,1,0,aPrPaQaP,A,gemma-31b-nv,google/gemma-4-31b-it,novita/bf16,0,1.0,Novita,A,1.986e-05,,,
comprehension,ally_majority,neutral,2111,-1,0,0,0,aPrPaPrQaQ,A,gemma-31b-nv,google/gemma-4-31b-it,novita/bf16,0,1.0,Novita,A,2.084e-05,,,
comprehension,ally_majority,neutral,2111,-1,0,1,0,aPaQrPrQaP,A,gemma-31b-nv,google/gemma-4-31b-it,novita/bf16,0,1.0,Novita,A,2.084e-05,,,
comprehension,ally_majority,neutral,2111,1,0,0,0,aPrPaQrQaP,A,gemma-31b-nv,google/gemma-4-31b-it,novita/bf16,0,1.0,Novita,A,2.084e-05,,,
comprehension,ally_majority,neutral,2111,1,0,1,0,aPaPrPrQaQ,A,gemma-31b-nv,google/gemma-4-31b-it,novita/bf16,0,1.0,Novita,A,2.084e-05,,,
comprehension,ally_majority,neutral,2112,-1,0,0,0,aPaPrQrPrQaQ,A,gemma-31b-nv,google/gemma-4-31b-it,novita/bf16,0,1.0,Novita,A,2.182e-05,,,
comprehension,ally_majority,neutral,2112,-1,0,1,0,rQaPaQrQaPrP,A,gemma-31b-nv,google/gemma-4-31b-it,novita/bf16,0,1.0,Novita,A,2.182e-05,,,
comprehension,ally_majority,neutral,2112,1,0,0,0,aPrQaPaQrQrP,A,gemma-31b-nv,google/gemma-4-31b-it,novita/bf16,0,1.0,Novita,A,2.182e-05,,,
comprehension,ally_majority,neutral,2112,1,0,1,0,rQaPrPrQaPaQ,A,gemma-31b-nv,google/gemma-4-31b-it,novita/bf16,0,1.0,Novita,A,2.182e-05,,,
comprehension,ally_majority,neutral,2120,-1,0,0,0,rPrPaPaPaQ,A,gemma-31b-nv,google/gemma-4-31b-it,novita/bf16,0,1.0,Novita,A,2.084e-05,0.99999990374364,1.2658976537460731e-05,1
comprehension,ally_majority,neutral,2120,-1,0,1,0,rPaQaPaPrP,A,gemma-31b-nv,google/gemma-4-31b-it,novita/bf16,0,1.0,Novita,A,2.084e-05,,,
comprehension,ally_majority,neutral,2120,1,0,0,0,aQrPrPaPaP,A,gemma-31b-nv,google/gemma-4-31b-it,novita/bf16,0,1.0,Novita,A,2.084e-05,,,
comprehension,ally_majority,neutral,2120,1,0,1,0,aPrPaPaQrP,A,gemma-31b-nv,google/gemma-4-31b-it,novita/bf16,0,1.0,Novita,A,2.084e-05,,,
comprehension,ally_majority,neutral,2121,-1,0,0,0,aPrPrPaQaPrQ,A,gemma-31b-nv,google/gemma-4-31b-it,novita/bf16,0,1.0,Novita,A,2.182e-05,,,
comprehension,ally_majority,neutral,2121,-1,0,1,0,aPaQrQaPrPrP,A,gemma-31b-nv,google/gemma-4-31b-it,novita/bf16,0,1.0,Novita,A,2.182e-05,,,
comprehension,ally_majority,neutral,2121,1,0,0,0,aPrQaQaPrPrP,A,gemma-31b-nv,google/gemma-4-31b-it,novita/bf16,0,1.0,Novita,A,2.182e-05,,,
comprehension,ally_majority,neutral,2121,1,0,1,0,aPrPrQaQaPrP,A,gemma-31b-nv,google/gemma-4-31b-it,novita/bf16,0,1.0,Novita,A,2.182e-05,,,
comprehension,ally_majority,neutral,2130,-1,0,0,0,aQaPrPaPrPrP,A,gemma-31b-nv,google/gemma-4-31b-it,novita/bf16,0,1.0,Novita,A,2.182e-05,,,
comprehension,ally_majority,neutral,2130,-1,0,1,0,aPrPaPrPaQrP,A,gemma-31b-nv,google/gemma-4-31b-it,novita/bf16,0,1.0,Novita,A,2.182e-05,,,
comprehension,ally_majority,neutral,2130,1,0,0,0,aPrPaPaQrPrP,A,gemma-31b-nv,google/gemma-4-31b-it,novita/bf16,0,1.0,Novita,A,2.182e-05,,,
comprehension,ally_majority,neutral,2130,1,0,1,0,aQrPaPrPaPrP,A,gemma-31b-nv,google/gemma-4-31b-it,novita/bf16,0,1.0,Novita,A,2.182e-05,,,
comprehension,ally_majority,neutral,2300,-1,0,0,0,aQaPaQaPaQ,B,gemma-31b-nv,google/gemma-4-31b-it,novita/bf16,0,1.0,Novita,B,2.084e-05,,,
comprehension,ally_majority,neutral,2300,-1,0,1,0,aPaQaPaQaQ,B,gemma-31b-nv,google/gemma-4-31b-it,novita/bf16,0,1.0,Novita,B,2.084e-05,1.3307808119299326e-09,1.0995006571867805e-08,1
comprehension,ally_majority,neutral,2300,1,0,0,0,aQaQaQaPaP,B,gemma-31b-nv,google/gemma-4-31b-it,novita/bf16,0,1.0,Novita,B,2.084e-05,,,
comprehension,ally_majority,neutral,2300,1,0,1,0,aQaQaPaPaQ,B,gemma-31b-nv,google/gemma-4-31b-it,novita/bf16,0,1.0,Novita,B,2.084e-05,,,
comprehension,ally_majority,neutral,2301,-1,0,0,0,aQaQaQrQaPaP,B,gemma-31b-nv,google/gemma-4-31b-it,novita/bf16,0,1.0,Novita,B,2.182e-05,,,
comprehension,ally_majority,neutral,2301,-1,0,1,0,aQaPaQaPaQrQ,B,gemma-31b-nv,google/gemma-4-31b-it,novita/bf16,0,1.0,Novita,B,2.182e-05,2.565142381873014e-09,5.9551649278510865e-08,1
comprehension,ally_majority,neutral,2301,1,0,0,0,aQaQaPaPrQaQ,B,gemma-31b-nv,google/gemma-4-31b-it,novita/bf16,0,1.0,Novita,B,2.182e-05,,,
comprehension,ally_majority,neutral,2301,1,0,1,0,aQaPaQaPrQaQ,B,gemma-31b-nv,google/gemma-4-31b-it,novita/bf16,0,1.0,Novita,B,2.182e-05,,,
comprehension,ally_majority,neutral,2310,-1,0,0,0,rPaQaQaPaQaP,B,gemma-31b-nv,google/gemma-4-31b-it,novita/bf16,0,1.0,Novita,B,2.182e-05,,,
comprehension,ally_majority,neutral,2310,-1,0,1,0,aQaPrPaQaQaP,B,gemma-31b-nv,google/gemma-4-31b-it,novita/bf16,0,1.0,Novita,B,2.182e-05,,,
comprehension,ally_majority,neutral,2310,1,0,0,0,aQaQaPaQrPaP,B,gemma-31b-nv,google/gemma-4-31b-it,novita/bf16,0,1.0,Novita,B,2.182e-05,1.7087563721423392e-09,2.9364115583518924e-09,1
comprehension,ally_majority,neutral,2310,1,0,1,0,aQrPaPaQaQaP,B,gemma-31b-nv,google/gemma-4-31b-it,novita/bf16,0,1.0,Novita,B,2.182e-05,,,
comprehension,ally_majority,neutral,2400,-1,0,0,0,aQaQaQaQaPaP,B,gemma-31b-nv,google/gemma-4-31b-it,novita/bf16,0,1.0,Novita,B,2.182e-05,,,
comprehension,ally_majority,neutral,2400,-1,0,1,0,aQaPaPaQaQaQ,B,gemma-31b-nv,google/gemma-4-31b-it,novita/bf16,0,1.0,Novita,B,2.182e-05,,,
comprehension,ally_majority,neutral,2400,1,0,0,0,aPaQaQaQaQaP,B,gemma-31b-nv,google/gemma-4-31b-it,novita/bf16,0,1.0,Novita,B,2.182e-05,9.736200807139352e-10,5.1725427385740375e-08,1
comprehension,ally_majority,neutral,2400,1,0,1,0,aPaQaQaQaQaP,B,gemma-31b-nv,google/gemma-4-31b-it,novita/bf16,0,1.0,Novita,B,2.182e-05,,,
comprehension,ally_majority,neutral,3000,-1,0,0,0,aPaPaP,A,gemma-31b-nv,google/gemma-4-31b-it,novita/bf16,0,1.0,Novita,A,1.888e-05,,,
comprehension,ally_majority,neutral,3000,-1,0,1,0,aPaPaP,A,gemma-31b-nv,google/gemma-4-31b-it,novita/bf16,0,1.0,Novita,A,1.888e-05,0.9999999667346406,4.60642719979365e-06,1
comprehension,ally_majority,neutral,3000,1,0,0,0,aPaPaP,A,gemma-31b-nv,google/gemma-4-31b-it,novita/bf16,0,1.0,Novita,A,1.888e-05,0.9999999530884041,6.733699380534475e-06,1
comprehension,ally_majority,neutral,3000,1,0,1,0,aPaPaP,A,gemma-31b-nv,google/gemma-4-31b-it,novita/bf16,0,1.0,Novita,A,1.888e-05,0.9999999656787202,5.483597277700092e-06,1
comprehension,ally_majority,neutral,3001,-1,0,0,0,aPaPrQaP,A,gemma-31b-nv,google/gemma-4-31b-it,novita/bf16,0,1.0,Novita,A,1.986e-05,0.9999999656786793,4.768348844774728e-06,1
comprehension,ally_majority,neutral,3001,-1,0,1,0,aPaPrQaP,A,gemma-31b-nv,google/gemma-4-31b-it,novita/bf16,0,1.0,Novita,A,1.986e-05,,,
comprehension,ally_majority,neutral,3001,1,0,0,0,aPrQaPaP,A,gemma-31b-nv,google/gemma-4-31b-it,novita/bf16,0,1.0,Novita,A,1.986e-05,,,
comprehension,ally_majority,neutral,3001,1,0,1,0,rQaPaPaP,A,gemma-31b-nv,google/gemma-4-31b-it,novita/bf16,0,1.0,Novita,A,1.986e-05,,,
comprehension,ally_majority,neutral,3002,-1,0,0,0,rQaPaPrQaP,A,gemma-31b-nv,google/gemma-4-31b-it,novita/bf16,0,1.0,Novita,A,2.084e-05,,,
comprehension,ally_majority,neutral,3002,-1,0,1,0,aPaPrQrQaP,A,gemma-31b-nv,google/gemma-4-31b-it,novita/bf16,0,1.0,Novita,A,2.084e-05,,,
comprehension,ally_majority,neutral,3002,1,0,0,0,rQaPrQaPaP,A,gemma-31b-nv,google/gemma-4-31b-it,novita/bf16,0,1.0,Novita,A,2.084e-05,0.9999999202006277,9.417444964854305e-06,1
comprehension,ally_majority,neutral,3002,1,0,1,0,aPrQaPaPrQ,A,gemma-31b-nv,google/gemma-4-31b-it,novita/bf16,0,1.0,Novita,A,2.084e-05,,,
comprehension,ally_majority,neutral,3003,-1,0,0,0,aPrQrQaPaPrQ,A,gemma-31b-nv,google/gemma-4-31b-it,novita/bf16,0,1.0,Novita,A,2.182e-05,,,
comprehension,ally_majority,neutral,3003,-1,0,1,0,aPrQrQaPaPrQ,A,gemma-31b-nv,google/gemma-4-31b-it,novita/bf16,0,1.0,Novita,A,2.182e-05,,,
comprehension,ally_majority,neutral,3003,1,0,0,0,aPrQaPrQaPrQ,A,gemma-31b-nv,google/gemma-4-31b-it,novita/bf16,0,1.0,Novita,A,2.182e-05,,,
comprehension,ally_majority,neutral,3003,1,0,1,0,aPrQaPrQrQaP,A,gemma-31b-nv,google/gemma-4-31b-it,novita/bf16,0,1.0,Novita,A,2.182e-05,0.9999999515992598,6.9483534349545906e-06,1
comprehension,ally_majority,neutral,3010,-1,0,0,0,aPaPrPaP,A,gemma-31b-nv,google/gemma-4-31b-it,novita/bf16,0,1.0,Novita,A,1.986e-05,0.999999937852215,8.940616730956918e-06,1
comprehension,ally_majority,neutral,3010,-1,0,1,0,rPaPaPaP,A,gemma-31b-nv,google/gemma-4-31b-it,novita/bf16,0,1.0,Novita,A,1.986e-05,,,
comprehension,ally_majority,neutral,3010,1,0,0,0,aPaPrPaP,A,gemma-31b-nv,google/gemma-4-31b-it,novita/bf16,0,1.0,Novita,A,1.986e-05,0.9999999397642508,9.77506576371745e-06,1
comprehension,ally_majority,neutral,3010,1,0,1,0,aPaPaPrP,A,gemma-31b-nv,google/gemma-4-31b-it,novita/bf16,0,1.0,Novita,A,1.986e-05,,,
comprehension,ally_majority,neutral,3011,-1,0,0,0,aPrPaPaPrQ,A,gemma-31b-nv,google/gemma-4-31b-it,novita/bf16,0,1.0,Novita,A,2.084e-05,,,
comprehension,ally_majority,neutral,3011,-1,0,1,0,aPaPaPrPrQ,A,gemma-31b-nv,google/gemma-4-31b-it,novita/bf16,0,1.0,Novita,A,2.084e-05,,,
comprehension,ally_majority,neutral,3011,1,0,0,0,aPrPaPrQaP,A,gemma-31b-nv,google/gemma-4-31b-it,novita/bf16,0,1.0,Novita,A,2.084e-05,,,
comprehension,ally_majority,neutral,3011,1,0,1,0,aPaPrQaPrP,A,gemma-31b-nv,google/gemma-4-31b-it,novita/bf16,0,1.0,Novita,A,2.084e-05,,,
comprehension,ally_majority,neutral,3012,-1,0,0,0,rPaPrQaPaPrQ,A,gemma-31b-nv,google/gemma-4-31b-it,novita/bf16,0,1.0,Novita,A,2.182e-05,,,
comprehension,ally_majority,neutral,3012,-1,0,1,0,aPaPrQaPrPrQ,A,gemma-31b-nv,google/gemma-4-31b-it,novita/bf16,0,1.0,Novita,A,2.182e-05,,,
comprehension,ally_majority,neutral,3012,1,0,0,0,rQaPaPrQrPaP,A,gemma-31b-nv,google/gemma-4-31b-it,novita/bf16,0,1.0,Novita,A,2.182e-05,,,
comprehension,ally_majority,neutral,3012,1,0,1,0,aPaPrQrQrPaP,A,gemma-31b-nv,google/gemma-4-31b-it,novita/bf16,0,1.0,Novita,A,2.182e-05,,,
comprehension,ally_majority,neutral,3020,-1,0,0,0,aPaPrPrPaP,A,gemma-31b-nv,google/gemma-4-31b-it,novita/bf16,0,1.0,Novita,A,2.084e-05,0.9999999368734847,1.1563166929851043e-05,1
comprehension,ally_majority,neutral,3020,-1,0,1,0,aPaPaPrPrP,A,gemma-31b-nv,google/gemma-4-31b-it,novita/bf16,0,1.0,Novita,A,2.084e-05,,,
comprehension,ally_majority,neutral,3020,1,0,0,0,rPaPaPrPaP,A,gemma-31b-nv,google/gemma-4-31b-it,novita/bf16,0,1.0,Novita,A,2.084e-05,,,
comprehension,ally_majority,neutral,3020,1,0,1,0,rPaPrPaPaP,A,gemma-31b-nv,google/gemma-4-31b-it,novita/bf16,0,1.0,Novita,A,2.084e-05,,,
comprehension,ally_majority,neutral,3021,-1,0,0,0,rQaPrPrPaPaP,A,gemma-31b-nv,google/gemma-4-31b-it,novita/bf16,0,1.0,Novita,A,2.182e-05,,,
comprehension,ally_majority,neutral,3021,-1,0,1,0,aPaPrQaPrPrP,A,gemma-31b-nv,google/gemma-4-31b-it,novita/bf16,0,1.0,Novita,A,2.182e-05,,,
comprehension,ally_majority,neutral,3021,1,0,0,0,aPaPrPrPrQaP,A,gemma-31b-nv,google/gemma-4-31b-it,novita/bf16,0,1.0,Novita,A,2.182e-05,,,
comprehension,ally_majority,neutral,3021,1,0,1,0,aPrPaPaPrPrQ,A,gemma-31b-nv,google/gemma-4-31b-it,novita/bf16,0,1.0,Novita,A,2.182e-05,,,
comprehension,ally_majority,neutral,3030,-1,0,0,0,aPrPrPaPaPrP,A,gemma-31b-nv,google/gemma-4-31b-it,novita/bf16,0,1.0,Novita,A,2.182e-05,0.999999963465159,6.273983222948587e-06,1
comprehension,ally_majority,neutral,3030,-1,0,1,0,rPaPaPaPrPrP,A,gemma-31b-nv,google/gemma-4-31b-it,novita/bf16,0,1.0,Novita,A,2.182e-05,,,
comprehension,ally_majority,neutral,3030,1,0,0,0,aPaPaPrPrPrP,A,gemma-31b-nv,google/gemma-4-31b-it,novita/bf16,0,1.0,Novita,A,2.182e-05,,,
comprehension,ally_majority,neutral,3030,1,0,1,0,rPaPrPaPaPrP,A,gemma-31b-nv,google/gemma-4-31b-it,novita/bf16,0,1.0,Novita,A,2.182e-05,0.9999999634652121,4.819301460790015e-06,1
comprehension,ally_majority,neutral,3100,-1,0,0,0,aPaQaPaP,A,gemma-31b-nv,google/gemma-4-31b-it,novita/bf16,0,1.0,Novita,A,1.986e-05,0.9999999052358796,1.1563166929851043e-05,1
comprehension,ally_majority,neutral,3100,-1,0,1,0,aQaPaPaP,A,gemma-31b-nv,google/gemma-4-31b-it,novita/bf16,0,1.0,Novita,A,1.986e-05,,,
comprehension,ally_majority,neutral,3100,1,0,0,0,aPaPaPaQ,A,gemma-31b-nv,google/gemma-4-31b-it,novita/bf16,0,1.0,Novita,A,1.986e-05,,,
comprehension,ally_majority,neutral,3100,1,0,1,0,aPaPaPaQ,A,gemma-31b-nv,google/gemma-4-31b-it,novita/bf16,0,1.0,Novita,A,1.986e-05,,,
comprehension,ally_majority,neutral,3101,-1,0,0,0,rQaPaPaPaQ,A,gemma-31b-nv,google/gemma-4-31b-it,novita/bf16,0,1.0,Novita,A,2.084e-05,0.999999850915178,1.689755526590453e-05,1
comprehension,ally_majority,neutral,3101,-1,0,1,0,aQaPrQaPaP,A,gemma-31b-nv,google/gemma-4-31b-it,novita/bf16,0,1.0,Novita,A,2.084e-05,,,
comprehension,ally_majority,neutral,3101,1,0,0,0,aPrQaPaQaP,A,gemma-31b-nv,google/gemma-4-31b-it,novita/bf16,0,1.0,Novita,A,2.084e-05,0.9999999250353899,6.096380887998798e-06,1
comprehension,ally_majority,neutral,3101,1,0,1,0,aPrQaPaQaP,A,gemma-31b-nv,google/gemma-4-31b-it,novita/bf16,0,1.0,Novita,A,2.084e-05,,,
comprehension,ally_majority,neutral,3102,-1,0,0,0,aPrQaPaPrQaQ,A,gemma-31b-nv,google/gemma-4-31b-it,novita/bf16,0,1.0,Novita,A,2.182e-05,,,
comprehension,ally_majority,neutral,3102,-1,0,1,0,aQrQrQaPaPaP,A,gemma-31b-nv,google/gemma-4-31b-it,novita/bf16,0,1.0,Novita,A,2.182e-05,0.9999999611088805,3.953787881094684e-06,1
comprehension,ally_majority,neutral,3102,1,0,0,0,aPaPaPaQrQrQ,A,gemma-31b-nv,google/gemma-4-31b-it,novita/bf16,0,1.0,Novita,A,2.182e-05,,,
comprehension,ally_majority,neutral,3102,1,0,1,0,aPaQrQrQaPaP,A,gemma-31b-nv,google/gemma-4-31b-it,novita/bf16,0,1.0,Novita,A,2.182e-05,,,
comprehension,ally_majority,neutral,3110,-1,0,0,0,aPaPaPaQrP,A,gemma-31b-nv,google/gemma-4-31b-it,novita/bf16,0,1.0,Novita,A,2.084e-05,,,
comprehension,ally_majority,neutral,3110,-1,0,1,0,aPaQaPaPrP,A,gemma-31b-nv,google/gemma-4-31b-it,novita/bf16,0,1.0,Novita,A,2.084e-05,,,
comprehension,ally_majority,neutral,3110,1,0,0,0,aQaPrPaPaP,A,gemma-31b-nv,google/gemma-4-31b-it,novita/bf16,0,1.0,Novita,A,2.084e-05,,,
comprehension,ally_majority,neutral,3110,1,0,1,0,rPaPaPaPaQ,A,gemma-31b-nv,google/gemma-4-31b-it,novita/bf16,0,1.0,Novita,A,2.084e-05,,,
comprehension,ally_majority,neutral,3111,-1,0,0,0,aPaQrPrQaPaP,A,gemma-31b-nv,google/gemma-4-31b-it,novita/bf16,0,1.0,Novita,A,2.182e-05,0.999999953088405,4.805225082504805e-06,1
comprehension,ally_majority,neutral,3111,-1,0,1,0,aPaPaQaPrQrP,A,gemma-31b-nv,google/gemma-4-31b-it,novita/bf16,0,1.0,Novita,A,2.182e-05,,,
comprehension,ally_majority,neutral,3111,1,0,0,0,aQaPaPrQaPrP,A,gemma-31b-nv,google/gemma-4-31b-it,novita/bf16,0,1.0,Novita,A,2.182e-05,,,
comprehension,ally_majority,neutral,3111,1,0,1,0,aPaPrQrPaPaQ,A,gemma-31b-nv,google/gemma-4-31b-it,novita/bf16,0,1.0,Novita,A,2.182e-05,,,
comprehension,ally_majority,neutral,3120,-1,0,0,0,aPrPaPrPaPaQ,A,gemma-31b-nv,google/gemma-4-31b-it,novita/bf16,0,1.0,Novita,A,2.182e-05,,,
comprehension,ally_majority,neutral,3120,-1,0,1,0,aQrPaPaPaPrP,A,gemma-31b-nv,google/gemma-4-31b-it,novita/bf16,0,1.0,Novita,A,2.182e-05,,,
comprehension,ally_majority,neutral,3120,1,0,0,0,aQaPrPaPaPrP,A,gemma-31b-nv,google/gemma-4-31b-it,novita/bf16,0,1.0,Novita,A,2.182e-05,,,
comprehension,ally_majority,neutral,3120,1,0,1,0,rPaPaPrPaPaQ,A,gemma-31b-nv,google/gemma-4-31b-it,novita/bf16,0,1.0,Novita,A,2.182e-05,,,
comprehension,ally_majority,neutral,3200,-1,0,0,0,aQaPaPaQaP,A,gemma-31b-nv,google/gemma-4-31b-it,novita/bf16,0,1.0,Novita,A,2.084e-05,,,
comprehension,ally_majority,neutral,3200,-1,0,1,0,aPaQaPaPaQ,A,gemma-31b-nv,google/gemma-4-31b-it,novita/bf16,0,1.0,Novita,A,2.084e-05,0.9999999397643112,6.8664622081549e-06,1
comprehension,ally_majority,neutral,3200,1,0,0,0,aQaQaPaPaP,A,gemma-31b-nv,google/gemma-4-31b-it,novita/bf16,0,1.0,Novita,A,2.084e-05,,,
comprehension,ally_majority,neutral,3200,1,0,1,0,aPaQaPaQaP,A,gemma-31b-nv,google/gemma-4-31b-it,novita/bf16,0,1.0,Novita,A,2.084e-05,,,
comprehension,ally_majority,neutral,3201,-1,0,0,0,rQaQaQaPaPaP,A,gemma-31b-nv,google/gemma-4-31b-it,novita/bf16,0,1.0,Novita,A,2.182e-05,,,
comprehension,ally_majority,neutral,3201,-1,0,1,0,aPaQaPaPaQrQ,A,gemma-31b-nv,google/gemma-4-31b-it,novita/bf16,0,1.0,Novita,A,2.182e-05,,,
comprehension,ally_majority,neutral,3201,1,0,0,0,aPaPaPaQaQrQ,A,gemma-31b-nv,google/gemma-4-31b-it,novita/bf16,0,1.0,Novita,A,2.182e-05,0.9999999295773222,9.108609289820713e-06,1
comprehension,ally_majority,neutral,3201,1,0,1,0,aQaPaPrQaQaP,A,gemma-31b-nv,google/gemma-4-31b-it,novita/bf16,0,1.0,Novita,A,2.182e-05,,,
comprehension,ally_majority,neutral,3210,-1,0,0,0,rPaPaQaPaPaQ,A,gemma-31b-nv,google/gemma-4-31b-it,novita/bf16,0,1.0,Novita,A,2.182e-05,0.9999999434137475,4.100088069836083e-06,1
comprehension,ally_majority,neutral,3210,-1,0,1,0,aQaQaPaPaPrP,A,gemma-31b-nv,google/gemma-4-31b-it,novita/bf16,0,1.0,Novita,A,2.182e-05,,,
comprehension,ally_majority,neutral,3210,1,0,0,0,rPaQaPaQaPaP,A,gemma-31b-nv,google/gemma-4-31b-it,novita/bf16,0,1.0,Novita,A,2.182e-05,,,
comprehension,ally_majority,neutral,3210,1,0,1,0,aPaPaPrPaQaQ,A,gemma-31b-nv,google/gemma-4-31b-it,novita/bf16,0,1.0,Novita,A,2.182e-05,,,
comprehension,ally_majority,neutral,4000,-1,0,0,0,aPaPaPaP,A,gemma-31b-nv,google/gemma-4-31b-it,novita/bf16,0,1.0,Novita,A,1.986e-05,0.9999999338439486,1.2039993003809535e-05,1
comprehension,ally_majority,neutral,4000,-1,0,1,0,aPaPaPaP,A,gemma-31b-nv,google/gemma-4-31b-it,novita/bf16,0,1.0,Novita,A,1.986e-05,,,
comprehension,ally_majority,neutral,4000,1,0,0,0,aPaPaPaP,A,gemma-31b-nv,google/gemma-4-31b-it,novita/bf16,0,1.0,Novita,A,1.986e-05,,,
comprehension,ally_majority,neutral,4000,1,0,1,0,aPaPaPaP,A,gemma-31b-nv,google/gemma-4-31b-it,novita/bf16,0,1.0,Novita,A,1.986e-05,,,
comprehension,ally_majority,neutral,4001,-1,0,0,0,aPrQaPaPaP,A,gemma-31b-nv,google/gemma-4-31b-it,novita/bf16,0,1.0,Novita,A,2.084e-05,,,
comprehension,ally_majority,neutral,4001,-1,0,1,0,aPrQaPaPaP,A,gemma-31b-nv,google/gemma-4-31b-it,novita/bf16,0,1.0,Novita,A,2.084e-05,,,
comprehension,ally_majority,neutral,4001,1,0,0,0,aPaPrQaPaP,A,gemma-31b-nv,google/gemma-4-31b-it,novita/bf16,0,1.0,Novita,A,2.084e-05,,,
comprehension,ally_majority,neutral,4001,1,0,1,0,aPaPaPrQaP,A,gemma-31b-nv,google/gemma-4-31b-it,novita/bf16,0,1.0,Novita,A,2.084e-05,,,
comprehension,ally_majority,neutral,4002,-1,0,0,0,aPaPrQaPrQaP,A,gemma-31b-nv,google/gemma-4-31b-it,novita/bf16,0,1.0,Novita,A,2.182e-05,,,
comprehension,ally_majority,neutral,4002,-1,0,1,0,aPrQaPaPrQaP,A,gemma-31b-nv,google/gemma-4-31b-it,novita/bf16,0,1.0,Novita,A,2.182e-05,,,
comprehension,ally_majority,neutral,4002,1,0,0,0,aPrQaPaPaPrQ,A,gemma-31b-nv,google/gemma-4-31b-it,novita/bf16,0,1.0,Novita,A,2.182e-05,,,
comprehension,ally_majority,neutral,4002,1,0,1,0,aPaPaPrQaPrQ,A,gemma-31b-nv,google/gemma-4-31b-it,novita/bf16,0,1.0,Novita,A,2.182e-05,,,
comprehension,ally_majority,neutral,4010,-1,0,0,0,aPrPaPaPaP,A,gemma-31b-nv,google/gemma-4-31b-it,novita/bf16,0,1.0,Novita,A,2.084e-05,0.9999998909271025,1.7881073493208888e-05,1
comprehension,ally_majority,neutral,4010,-1,0,1,0,aPaPaPaPrP,A,gemma-31b-nv,google/gemma-4-31b-it,novita/bf16,0,1.0,Novita,A,2.084e-05,,,
comprehension,ally_majority,neutral,4010,1,0,0,0,aPaPaPaPrP,A,gemma-31b-nv,google/gemma-4-31b-it,novita/bf16,0,1.0,Novita,A,2.084e-05,,,
comprehension,ally_majority,neutral,4010,1,0,1,0,aPaPaPrPaP,A,gemma-31b-nv,google/gemma-4-31b-it,novita/bf16,0,1.0,Novita,A,2.084e-05,,,
comprehension,ally_majority,neutral,4011,-1,0,0,0,aPrPaPaPaPrQ,A,gemma-31b-nv,google/gemma-4-31b-it,novita/bf16,0,1.0,Novita,A,2.182e-05,,,
comprehension,ally_majority,neutral,4011,-1,0,1,0,aPaPaPrQrPaP,A,gemma-31b-nv,google/gemma-4-31b-it,novita/bf16,0,1.0,Novita,A,2.182e-05,,,
comprehension,ally_majority,neutral,4011,1,0,0,0,aPaPrPaPrQaP,A,gemma-31b-nv,google/gemma-4-31b-it,novita/bf16,0,1.0,Novita,A,2.182e-05,0.999999963465211,4.851022490925949e-06,1
comprehension,ally_majority,neutral,4011,1,0,1,0,aPaPaPrQaPrP,A,gemma-31b-nv,google/gemma-4-31b-it,novita/bf16,0,1.0,Novita,A,2.182e-05,,,
comprehension,ally_majority,neutral,4020,-1,0,0,0,aPrPrPaPaPaP,A,gemma-31b-nv,google/gemma-4-31b-it,novita/bf16,0,1.0,Novita,A,2.182e-05,,,
comprehension,ally_majority,neutral,4020,-1,0,1,0,aPrPaPaPrPaP,A,gemma-31b-nv,google/gemma-4-31b-it,novita/bf16,0,1.0,Novita,A,2.182e-05,,,
comprehension,ally_majority,neutral,4020,1,0,0,0,rPaPaPrPaPaP,A,gemma-31b-nv,google/gemma-4-31b-it,novita/bf16,0,1.0,Novita,A,2.182e-05,,,
comprehension,ally_majority,neutral,4020,1,0,1,0,rPaPrPaPaPaP,A,gemma-31b-nv,google/gemma-4-31b-it,novita/bf16,0,1.0,Novita,A,2.182e-05,,,
comprehension,ally_majority,neutral,4100,-1,0,0,0,aPaPaPaPaQ,A,gemma-31b-nv,google/gemma-4-31b-it,novita/bf16,0,1.0,Novita,A,2.084e-05,0.9999999623054554,5.3002688467085335e-06,1
comprehension,ally_majority,neutral,4100,-1,0,1,0,aPaPaPaPaQ,A,gemma-31b-nv,google/gemma-4-31b-it,novita/bf16,0,1.0,Novita,A,2.084e-05,,,
comprehension,ally_majority,neutral,4100,1,0,0,0,aPaQaPaPaP,A,gemma-31b-nv,google/gemma-4-31b-it,novita/bf16,0,1.0,Novita,A,2.084e-05,0.9999999368734375,8.49535382019262e-06,1
comprehension,ally_majority,neutral,4100,1,0,1,0,aPaPaQaPaP,A,gemma-31b-nv,google/gemma-4-31b-it,novita/bf16,0,1.0,Novita,A,2.084e-05,,,
comprehension,ally_majority,neutral,4101,-1,0,0,0,aPaPrQaPaQaP,A,gemma-31b-nv,google/gemma-4-31b-it,novita/bf16,0,1.0,Novita,A,2.182e-05,,,
comprehension,ally_majority,neutral,4101,-1,0,1,0,aQaPaPaPrQaP,A,gemma-31b-nv,google/gemma-4-31b-it,novita/bf16,0,1.0,Novita,A,2.182e-05,,,
comprehension,ally_majority,neutral,4101,1,0,0,0,aPaPrQaQaPaP,A,gemma-31b-nv,google/gemma-4-31b-it,novita/bf16,0,1.0,Novita,A,2.182e-05,,,
comprehension,ally_majority,neutral,4101,1,0,1,0,aQaPaPaPrQaP,A,gemma-31b-nv,google/gemma-4-31b-it,novita/bf16,0,1.0,Novita,A,2.182e-05,0.9999999545316891,5.54796004681446e-06,1
comprehension,ally_majority,neutral,4110,-1,0,0,0,aPaPaPaQaPrP,A,gemma-31b-nv,google/gemma-4-31b-it,novita/bf16,0,1.0,Novita,A,2.182e-05,,,
comprehension,ally_majority,neutral,4110,-1,0,1,0,rPaQaPaPaPaP,A,gemma-31b-nv,google/gemma-4-31b-it,novita/bf16,0,1.0,Novita,A,2.182e-05,,,
comprehension,ally_majority,neutral,4110,1,0,0,0,rPaPaPaQaPaP,A,gemma-31b-nv,google/gemma-4-31b-it,novita/bf16,0,1.0,Novita,A,2.182e-05,,,
comprehension,ally_majority,neutral,4110,1,0,1,0,rPaPaPaQaPaP,A,gemma-31b-nv,google/gemma-4-31b-it,novita/bf16,0,1.0,Novita,A,2.182e-05,0.9999999586005952,4.521622120168267e-06,1
comprehension,ally_majority,neutral,4200,-1,0,0,0,aQaPaPaPaQaP,A,gemma-31b-nv,google/gemma-4-31b-it,novita/bf16,0,1.0,Novita,A,2.182e-05,0.9999999226557653,7.909615042711593e-06,1
comprehension,ally_majority,neutral,4200,-1,0,1,0,aQaPaPaPaQaP,A,gemma-31b-nv,google/gemma-4-31b-it,novita/bf16,0,1.0,Novita,A,2.182e-05,0.9999999545316695,5.980325266441433e-06,1
comprehension,ally_majority,neutral,4200,1,0,0,0,aQaPaPaQaPaP,A,gemma-31b-nv,google/gemma-4-31b-it,novita/bf16,0,1.0,Novita,A,2.182e-05,0.9999999378521608,5.997304619809185e-06,1
comprehension,ally_majority,neutral,4200,1,0,1,0,aQaPaPaPaPaQ,A,gemma-31b-nv,google/gemma-4-31b-it,novita/bf16,0,1.0,Novita,A,2.182e-05,,,
comprehension,ally_majority,neutral,5000,-1,0,0,0,aPaPaPaPaP,A,gemma-31b-nv,google/gemma-4-31b-it,novita/bf16,0,1.0,Novita,A,2.084e-05,,,
comprehension,ally_majority,neutral,5000,-1,0,1,0,aPaPaPaPaP,A,gemma-31b-nv,google/gemma-4-31b-it,novita/bf16,0,1.0,Novita,A,2.084e-05,0.9999999397642979,7.08838620733232e-06,1
comprehension,ally_majority,neutral,5000,1,0,0,0,aPaPaPaPaP,A,gemma-31b-nv,google/gemma-4-31b-it,novita/bf16,0,1.0,Novita,A,2.084e-05,,,
comprehension,ally_majority,neutral,5000,1,0,1,0,aPaPaPaPaP,A,gemma-31b-nv,google/gemma-4-31b-it,novita/bf16,0,1.0,Novita,A,2.084e-05,,,
comprehension,ally_majority,neutral,5001,-1,0,0,0,aPaPrQaPaPaP,A,gemma-31b-nv,google/gemma-4-31b-it,novita/bf16,0,1.0,Novita,A,2.182e-05,,,
comprehension,ally_majority,neutral,5001,-1,0,1,0,aPrQaPaPaPaP,A,gemma-31b-nv,google/gemma-4-31b-it,novita/bf16,0,1.0,Novita,A,2.182e-05,,,
comprehension,ally_majority,neutral,5001,1,0,0,0,rQaPaPaPaPaP,A,gemma-31b-nv,google/gemma-4-31b-it,novita/bf16,0,1.0,Novita,A,2.182e-05,,,
comprehension,ally_majority,neutral,5001,1,0,1,0,aPaPaPaPaPrQ,A,gemma-31b-nv,google/gemma-4-31b-it,novita/bf16,0,1.0,Novita,A,2.182e-05,0.999999957286465,5.777100604786867e-06,1
comprehension,ally_majority,neutral,5010,-1,0,0,0,aPaPaPrPaPaP,A,gemma-31b-nv,google/gemma-4-31b-it,novita/bf16,0,1.0,Novita,A,2.182e-05,,,
comprehension,ally_majority,neutral,5010,-1,0,1,0,aPaPrPaPaPaP,A,gemma-31b-nv,google/gemma-4-31b-it,novita/bf16,0,1.0,Novita,A,2.182e-05,,,
comprehension,ally_majority,neutral,5010,1,0,0,0,aPaPaPrPaPaP,A,gemma-31b-nv,google/gemma-4-31b-it,novita/bf16,0,1.0,Novita,A,2.182e-05,,,
comprehension,ally_majority,neutral,5010,1,0,1,0,aPaPaPaPaPrP,A,gemma-31b-nv,google/gemma-4-31b-it,novita/bf16,0,1.0,Novita,A,2.182e-05,,,
comprehension,ally_majority,neutral,5100,-1,0,0,0,aPaPaPaPaQaP,A,gemma-31b-nv,google/gemma-4-31b-it,novita/bf16,0,1.0,Novita,A,2.182e-05,0.9999999667346771,5.419477034918074e-06,1
comprehension,ally_majority,neutral,5100,-1,0,1,0,aPaPaQaPaPaP,A,gemma-31b-nv,google/gemma-4-31b-it,novita/bf16,0,1.0,Novita,A,2.182e-05,0.9999999530883418,4.244604658976137e-06,1
comprehension,ally_majority,neutral,5100,1,0,0,0,aQaPaPaPaPaP,A,gemma-31b-nv,google/gemma-4-31b-it,novita/bf16,0,1.0,Novita,A,2.182e-05,,,
comprehension,ally_majority,neutral,5100,1,0,1,0,aPaQaPaPaPaP,A,gemma-31b-nv,google/gemma-4-31b-it,novita/bf16,0,1.0,Novita,A,2.182e-05,,,
comprehension,ally_majority,neutral,6000,-1,0,0,0,aPaPaPaPaPaP,A,gemma-31b-nv,google/gemma-4-31b-it,novita/bf16,0,1.0,Novita,A,2.182e-05,,,
comprehension,ally_majority,neutral,6000,-1,0,1,0,aPaPaPaPaPaP,A,gemma-31b-nv,google/gemma-4-31b-it,novita/bf16,0,1.0,Novita,A,2.182e-05,,,
comprehension,ally_majority,neutral,6000,1,0,0,0,aPaPaPaPaPaP,A,gemma-31b-nv,google/gemma-4-31b-it,novita/bf16,0,1.0,Novita,A,2.182e-05,,,
comprehension,ally_majority,neutral,6000,1,0,1,0,aPaPaPaPaPaP,A,gemma-31b-nv,google/gemma-4-31b-it,novita/bf16,0,1.0,Novita,A,2.182e-05,,,
comprehension,own,neutral,0001,-1,0,0,0,rQ,B,gemma-31b-nv,google/gemma-4-31b-it,novita/bf16,0,1.0,Novita,B,1.65e-05,,,
comprehension,own,neutral,0001,-1,0,1,0,rQ,B,gemma-31b-nv,google/gemma-4-31b-it,novita/bf16,0,1.0,Novita,B,1.65e-05,,,
comprehension,own,neutral,0001,1,0,0,0,rQ,A,gemma-31b-nv,google/gemma-4-31b-it,novita/bf16,0,1.0,Novita,A,1.65e-05,,,
comprehension,own,neutral,0001,1,0,1,0,rQ,A,gemma-31b-nv,google/gemma-4-31b-it,novita/bf16,0,1.0,Novita,A,1.65e-05,,,
comprehension,own,neutral,0002,-1,0,0,0,rQrQ,B,gemma-31b-nv,google/gemma-4-31b-it,novita/bf16,0,1.0,Novita,B,1.748e-05,3.6174237331215343e-09,7.791114531308097e-08,1
comprehension,own,neutral,0002,-1,0,1,0,rQrQ,B,gemma-31b-nv,google/gemma-4-31b-it,novita/bf16,0,1.0,Novita,B,1.748e-05,,,
comprehension,own,neutral,0002,1,0,0,0,rQrQ,A,gemma-31b-nv,google/gemma-4-31b-it,novita/bf16,0,1.0,Novita,A,1.748e-05,,,
comprehension,own,neutral,0002,1,0,1,0,rQrQ,A,gemma-31b-nv,google/gemma-4-31b-it,novita/bf16,0,1.0,Novita,A,1.748e-05,0.999999964589247,7.359380533200621e-06,1
comprehension,own,neutral,0003,-1,0,0,0,rQrQrQ,B,gemma-31b-nv,google/gemma-4-31b-it,novita/bf16,0,1.0,Novita,B,1.846e-05,,,
comprehension,own,neutral,0003,-1,0,1,0,rQrQrQ,B,gemma-31b-nv,google/gemma-4-31b-it,novita/bf16,0,1.0,Novita,B,1.846e-05,1.2898371144759282e-09,1.0689642748751282e-07,1
comprehension,own,neutral,0003,1,0,0,0,rQrQrQ,A,gemma-31b-nv,google/gemma-4-31b-it,novita/bf16,0,1.0,Novita,A,1.846e-05,,,
comprehension,own,neutral,0003,1,0,1,0,rQrQrQ,A,gemma-31b-nv,google/gemma-4-31b-it,novita/bf16,0,1.0,Novita,A,1.846e-05,,,
comprehension,own,neutral,0004,-1,0,0,0,rQrQrQrQ,B,gemma-31b-nv,google/gemma-4-31b-it,novita/bf16,0,1.0,Novita,B,1.944e-05,,,
comprehension,own,neutral,0004,-1,0,1,0,rQrQrQrQ,B,gemma-31b-nv,google/gemma-4-31b-it,novita/bf16,0,1.0,Novita,B,1.944e-05,,,
comprehension,own,neutral,0004,1,0,0,0,rQrQrQrQ,A,gemma-31b-nv,google/gemma-4-31b-it,novita/bf16,0,1.0,Novita,A,1.944e-05,,,
comprehension,own,neutral,0004,1,0,1,0,rQrQrQrQ,A,gemma-31b-nv,google/gemma-4-31b-it,novita/bf16,0,1.0,Novita,A,1.944e-05,0.9999999586006213,7.708433564235229e-06,1
comprehension,own,neutral,0005,-1,0,0,0,rQrQrQrQrQ,B,gemma-31b-nv,google/gemma-4-31b-it,novita/bf16,0,1.0,Novita,B,2.042e-05,,,
comprehension,own,neutral,0005,-1,0,1,0,rQrQrQrQrQ,B,gemma-31b-nv,google/gemma-4-31b-it,novita/bf16,0,1.0,Novita,B,2.042e-05,,,
comprehension,own,neutral,0005,1,0,0,0,rQrQrQrQrQ,A,gemma-31b-nv,google/gemma-4-31b-it,novita/bf16,0,1.0,Novita,A,2.042e-05,,,
comprehension,own,neutral,0005,1,0,1,0,rQrQrQrQrQ,A,gemma-31b-nv,google/gemma-4-31b-it,novita/bf16,0,1.0,Novita,A,2.042e-05,,,
comprehension,own,neutral,0006,-1,0,0,0,rQrQrQrQrQrQ,B,gemma-31b-nv,google/gemma-4-31b-it,novita/bf16,0,1.0,Novita,B,2.14e-05,,,
comprehension,own,neutral,0006,-1,0,1,0,rQrQrQrQrQrQ,B,gemma-31b-nv,google/gemma-4-31b-it,novita/bf16,0,1.0,Novita,B,2.14e-05,,,
comprehension,own,neutral,0006,1,0,0,0,rQrQrQrQrQrQ,A,gemma-31b-nv,google/gemma-4-31b-it,novita/bf16,0,1.0,Novita,A,2.14e-05,,,
comprehension,own,neutral,0006,1,0,1,0,rQrQrQrQrQrQ,A,gemma-31b-nv,google/gemma-4-31b-it,novita/bf16,0,1.0,Novita,A,2.14e-05,,,
comprehension,own,neutral,0010,-1,0,0,0,rP,B,gemma-31b-nv,google/gemma-4-31b-it,novita/bf16,0,1.0,Novita,B,1.65e-05,,,
comprehension,own,neutral,0010,-1,0,1,0,rP,B,gemma-31b-nv,google/gemma-4-31b-it,novita/bf16,0,1.0,Novita,B,1.65e-05,,,
comprehension,own,neutral,0010,1,0,0,0,rP,A,gemma-31b-nv,google/gemma-4-31b-it,novita/bf16,0,1.0,Novita,A,1.65e-05,,,
comprehension,own,neutral,0010,1,0,1,0,rP,A,gemma-31b-nv,google/gemma-4-31b-it,novita/bf16,0,1.0,Novita,A,1.65e-05,,,
comprehension,own,neutral,0011,-1,0,0,0,rPrQ,B,gemma-31b-nv,google/gemma-4-31b-it,novita/bf16,0,1.0,Novita,B,1.748e-05,,,
comprehension,own,neutral,0011,-1,0,1,0,rPrQ,B,gemma-31b-nv,google/gemma-4-31b-it,novita/bf16,0,1.0,Novita,B,1.748e-05,3.2937082600316036e-09,1.344469863218123e-07,1
comprehension,own,neutral,0011,1,0,0,0,rQrP,A,gemma-31b-nv,google/gemma-4-31b-it,novita/bf16,0,1.0,Novita,A,1.748e-05,0.9999999645892274,4.100088069836083e-06,1
comprehension,own,neutral,0011,1,0,1,0,rQrP,A,gemma-31b-nv,google/gemma-4-31b-it,novita/bf16,0,1.0,Novita,A,1.748e-05,,,
comprehension,own,neutral,0012,-1,0,0,0,rPrQrQ,B,gemma-31b-nv,google/gemma-4-31b-it,novita/bf16,0,1.0,Novita,B,1.846e-05,,,
comprehension,own,neutral,0012,-1,0,1,0,rQrQrP,B,gemma-31b-nv,google/gemma-4-31b-it,novita/bf16,0,1.0,Novita,B,1.846e-05,2.4862213520012003e-09,1.0143442230603483e-07,1
comprehension,own,neutral,0012,1,0,0,0,rPrQrQ,A,gemma-31b-nv,google/gemma-4-31b-it,novita/bf16,0,1.0,Novita,A,1.846e-05,,,
comprehension,own,neutral,0012,1,0,1,0,rQrQrP,A,gemma-31b-nv,google/gemma-4-31b-it,novita/bf16,0,1.0,Novita,A,1.846e-05,,,
comprehension,own,neutral,0013,-1,0,0,0,rPrQrQrQ,B,gemma-31b-nv,google/gemma-4-31b-it,novita/bf16,0,1.0,Novita,B,1.944e-05,,,
comprehension,own,neutral,0013,-1,0,1,0,rPrQrQrQ,B,gemma-31b-nv,google/gemma-4-31b-it,novita/bf16,0,1.0,Novita,B,1.944e-05,,,
comprehension,own,neutral,0013,1,0,0,0,rQrPrQrQ,A,gemma-31b-nv,google/gemma-4-31b-it,novita/bf16,0,1.0,Novita,A,1.944e-05,,,
comprehension,own,neutral,0013,1,0,1,0,rPrQrQrQ,A,gemma-31b-nv,google/gemma-4-31b-it,novita/bf16,0,1.0,Novita,A,1.944e-05,,,
comprehension,own,neutral,0014,-1,0,0,0,rQrQrQrPrQ,B,gemma-31b-nv,google/gemma-4-31b-it,novita/bf16,0,1.0,Novita,B,2.042e-05,,,
comprehension,own,neutral,0014,-1,0,1,0,rQrPrQrQrQ,B,gemma-31b-nv,google/gemma-4-31b-it,novita/bf16,0,1.0,Novita,B,2.042e-05,,,
comprehension,own,neutral,0014,1,0,0,0,rQrQrQrQrP,A,gemma-31b-nv,google/gemma-4-31b-it,novita/bf16,0,1.0,Novita,A,2.042e-05,0.9999999566138112,6.086310213482271e-06,1
comprehension,own,neutral,0014,1,0,1,0,rPrQrQrQrQ,A,gemma-31b-nv,google/gemma-4-31b-it,novita/bf16,0,1.0,Novita,A,2.042e-05,,,
comprehension,own,neutral,0015,-1,0,0,0,rQrQrQrQrPrQ,B,gemma-31b-nv,google/gemma-4-31b-it,novita/bf16,0,1.0,Novita,B,2.14e-05,1.4615740356728205e-09,3.3469673921260323e-08,1
comprehension,own,neutral,0015,-1,0,1,0,rQrPrQrQrQrQ,B,gemma-31b-nv,google/gemma-4-31b-it,novita/bf16,0,1.0,Novita,B,2.14e-05,,,
comprehension,own,neutral,0015,1,0,0,0,rQrQrQrQrQrP,A,gemma-31b-nv,google/gemma-4-31b-it,novita/bf16,0,1.0,Novita,A,2.14e-05,,,
comprehension,own,neutral,0015,1,0,1,0,rPrQrQrQrQrQ,A,gemma-31b-nv,google/gemma-4-31b-it,novita/bf16,0,1.0,Novita,A,2.14e-05,,,
comprehension,own,neutral,0020,-1,0,0,0,rPrP,B,gemma-31b-nv,google/gemma-4-31b-it,novita/bf16,0,1.0,Novita,B,1.748e-05,1.250150567694705e-09,6.986832423727662e-08,1
comprehension,own,neutral,0020,-1,0,1,0,rPrP,B,gemma-31b-nv,google/gemma-4-31b-it,novita/bf16,0,1.0,Novita,B,1.748e-05,1.708753262307181e-09,9.034274550678845e-08,1
comprehension,own,neutral,0020,1,0,0,0,rPrP,A,gemma-31b-nv,google/gemma-4-31b-it,novita/bf16,0,1.0,Novita,A,1.748e-05,0.9999999901667816,4.492590002236341e-07,1
comprehension,own,neutral,0020,1,0,1,0,rPrP,A,gemma-31b-nv,google/gemma-4-31b-it,novita/bf16,0,1.0,Novita,A,1.748e-05,,,
comprehension,own,neutral,0021,-1,0,0,0,rPrPrQ,B,gemma-31b-nv,google/gemma-4-31b-it,novita/bf16,0,1.0,Novita,B,1.846e-05,,,
comprehension,own,neutral,0021,-1,0,1,0,rQrPrP,B,gemma-31b-nv,google/gemma-4-31b-it,novita/bf16,0,1.0,Novita,B,1.846e-05,,,
comprehension,own,neutral,0021,1,0,0,0,rPrPrQ,A,gemma-31b-nv,google/gemma-4-31b-it,novita/bf16,0,1.0,Novita,A,1.846e-05,0.9999999137162686,1.1761469224547128e-05,1
comprehension,own,neutral,0021,1,0,1,0,rPrQrP,A,gemma-31b-nv,google/gemma-4-31b-it,novita/bf16,0,1.0,Novita,A,1.846e-05,,,
comprehension,own,neutral,0022,-1,0,0,0,rPrQrPrQ,B,gemma-31b-nv,google/gemma-4-31b-it,novita/bf16,0,1.0,Novita,B,1.944e-05,,,
comprehension,own,neutral,0022,-1,0,1,0,rQrPrPrQ,B,gemma-31b-nv,google/gemma-4-31b-it,novita/bf16,0,1.0,Novita,B,1.944e-05,,,
comprehension,own,neutral,0022,1,0,0,0,rPrPrQrQ,A,gemma-31b-nv,google/gemma-4-31b-it,novita/bf16,0,1.0,Novita,A,1.944e-05,,,
comprehension,own,neutral,0022,1,0,1,0,rPrPrQrQ,A,gemma-31b-nv,google/gemma-4-31b-it,novita/bf16,0,1.0,Novita,A,1.944e-05,,,
comprehension,own,neutral,0023,-1,0,0,0,rPrQrQrQrP,B,gemma-31b-nv,google/gemma-4-31b-it,novita/bf16,0,1.0,Novita,B,2.042e-05,,,
comprehension,own,neutral,0023,-1,0,1,0,rQrQrPrQrP,B,gemma-31b-nv,google/gemma-4-31b-it,novita/bf16,0,1.0,Novita,B,2.042e-05,,,
comprehension,own,neutral,0023,1,0,0,0,rPrQrPrQrQ,A,gemma-31b-nv,google/gemma-4-31b-it,novita/bf16,0,1.0,Novita,A,2.042e-05,,,
comprehension,own,neutral,0023,1,0,1,0,rQrQrQrPrP,A,gemma-31b-nv,google/gemma-4-31b-it,novita/bf16,0,1.0,Novita,A,2.042e-05,,,
comprehension,own,neutral,0024,-1,0,0,0,rQrQrQrPrPrQ,B,gemma-31b-nv,google/gemma-4-31b-it,novita/bf16,0,1.0,Novita,B,2.14e-05,,,
comprehension,own,neutral,0024,-1,0,1,0,rQrQrPrQrQrP,B,gemma-31b-nv,google/gemma-4-31b-it,novita/bf16,0,1.0,Novita,B,2.14e-05,,,
comprehension,own,neutral,0024,1,0,0,0,rQrPrQrQrQrP,A,gemma-31b-nv,google/gemma-4-31b-it,novita/bf16,0,1.0,Novita,A,2.14e-05,,,
comprehension,own,neutral,0024,1,0,1,0,rQrQrPrPrQrQ,A,gemma-31b-nv,google/gemma-4-31b-it,novita/bf16,0,1.0,Novita,A,2.14e-05,0.9999999651382451,5.3037676095435415e-06,1
comprehension,own,neutral,0030,-1,0,0,0,rPrPrP,B,gemma-31b-nv,google/gemma-4-31b-it,novita/bf16,0,1.0,Novita,B,1.846e-05,,,
comprehension,own,neutral,0030,-1,0,1,0,rPrPrP,B,gemma-31b-nv,google/gemma-4-31b-it,novita/bf16,0,1.0,Novita,B,1.846e-05,2.335588717646582e-09,5.9551649278510865e-08,1
comprehension,own,neutral,0030,1,0,0,0,rPrPrP,A,gemma-31b-nv,google/gemma-4-31b-it,novita/bf16,0,1.0,Novita,A,1.846e-05,,,
comprehension,own,neutral,0030,1,0,1,0,rPrPrP,A,gemma-31b-nv,google/gemma-4-31b-it,novita/bf16,0,1.0,Novita,A,1.846e-05,,,
comprehension,own,neutral,0031,-1,0,0,0,rQrPrPrP,B,gemma-31b-nv,google/gemma-4-31b-it,novita/bf16,0,1.0,Novita,B,1.944e-05,,,
comprehension,own,neutral,0031,-1,0,1,0,rPrPrPrQ,B,gemma-31b-nv,google/gemma-4-31b-it,novita/bf16,0,1.0,Novita,B,1.944e-05,,,
comprehension,own,neutral,0031,1,0,0,0,rPrPrPrQ,A,gemma-31b-nv,google/gemma-4-31b-it,novita/bf16,0,1.0,Novita,A,1.944e-05,,,
comprehension,own,neutral,0031,1,0,1,0,rQrPrPrP,A,gemma-31b-nv,google/gemma-4-31b-it,novita/bf16,0,1.0,Novita,A,1.944e-05,,,
comprehension,own,neutral,0032,-1,0,0,0,rPrPrPrQrQ,B,gemma-31b-nv,google/gemma-4-31b-it,novita/bf16,0,1.0,Novita,B,2.042e-05,,,
comprehension,own,neutral,0032,-1,0,1,0,rPrQrQrPrP,B,gemma-31b-nv,google/gemma-4-31b-it,novita/bf16,0,1.0,Novita,B,2.042e-05,,,
comprehension,own,neutral,0032,1,0,0,0,rPrQrQrPrP,A,gemma-31b-nv,google/gemma-4-31b-it,novita/bf16,0,1.0,Novita,A,2.042e-05,,,
comprehension,own,neutral,0032,1,0,1,0,rQrQrPrPrP,A,gemma-31b-nv,google/gemma-4-31b-it,novita/bf16,0,1.0,Novita,A,2.042e-05,0.9999999368735039,9.351114848343833e-06,1
comprehension,own,neutral,0033,-1,0,0,0,rPrPrPrQrQrQ,B,gemma-31b-nv,google/gemma-4-31b-it,novita/bf16,0,1.0,Novita,B,2.14e-05,1.2501505547973072e-09,5.9551649278510865e-08,1
comprehension,own,neutral,0033,-1,0,1,0,rPrQrQrQrPrP,B,gemma-31b-nv,google/gemma-4-31b-it,novita/bf16,0,1.0,Novita,B,2.14e-05,9.736201157101962e-10,8.766989756381349e-08,1
comprehension,own,neutral,0033,1,0,0,0,rQrPrPrPrQrQ,A,gemma-31b-nv,google/gemma-4-31b-it,novita/bf16,0,1.0,Novita,A,2.14e-05,0.9999999611089196,4.852948281230951e-06,1
comprehension,own,neutral,0033,1,0,1,0,rPrQrPrQrQrP,A,gemma-31b-nv,google/gemma-4-31b-it,novita/bf16,0,1.0,Novita,A,2.14e-05,,,
comprehension,own,neutral,0040,-1,0,0,0,rPrPrPrP,B,gemma-31b-nv,google/gemma-4-31b-it,novita/bf16,0,1.0,Novita,B,1.944e-05,,,
comprehension,own,neutral,0040,-1,0,1,0,rPrPrPrP,B,gemma-31b-nv,google/gemma-4-31b-it,novita/bf16,0,1.0,Novita,B,1.944e-05,,,
comprehension,own,neutral,0040,1,0,0,0,rPrPrPrP,A,gemma-31b-nv,google/gemma-4-31b-it,novita/bf16,0,1.0,Novita,A,1.944e-05,,,
comprehension,own,neutral,0040,1,0,1,0,rPrPrPrP,A,gemma-31b-nv,google/gemma-4-31b-it,novita/bf16,0,1.0,Novita,A,1.944e-05,,,
comprehension,own,neutral,0041,-1,0,0,0,rPrQrPrPrP,B,gemma-31b-nv,google/gemma-4-31b-it,novita/bf16,0,1.0,Novita,B,2.042e-05,,,
comprehension,own,neutral,0041,-1,0,1,0,rPrQrPrPrP,B,gemma-31b-nv,google/gemma-4-31b-it,novita/bf16,0,1.0,Novita,B,2.042e-05,,,
comprehension,own,neutral,0041,1,0,0,0,rQrPrPrPrP,A,gemma-31b-nv,google/gemma-4-31b-it,novita/bf16,0,1.0,Novita,A,2.042e-05,,,
comprehension,own,neutral,0041,1,0,1,0,rPrPrPrPrQ,A,gemma-31b-nv,google/gemma-4-31b-it,novita/bf16,0,1.0,Novita,A,2.042e-05,,,
comprehension,own,neutral,0042,-1,0,0,0,rQrPrPrPrPrQ,B,gemma-31b-nv,google/gemma-4-31b-it,novita/bf16,0,1.0,Novita,B,2.14e-05,,,
comprehension,own,neutral,0042,-1,0,1,0,rPrPrQrPrPrQ,B,gemma-31b-nv,google/gemma-4-31b-it,novita/bf16,0,1.0,Novita,B,2.14e-05,,,
comprehension,own,neutral,0042,1,0,0,0,rQrPrPrPrPrQ,A,gemma-31b-nv,google/gemma-4-31b-it,novita/bf16,0,1.0,Novita,A,2.14e-05,,,
comprehension,own,neutral,0042,1,0,1,0,rQrPrPrPrQrP,A,gemma-31b-nv,google/gemma-4-31b-it,novita/bf16,0,1.0,Novita,A,2.14e-05,,,
comprehension,own,neutral,0050,-1,0,0,0,rPrPrPrPrP,B,gemma-31b-nv,google/gemma-4-31b-it,novita/bf16,0,1.0,Novita,B,2.042e-05,,,
comprehension,own,neutral,0050,-1,0,1,0,rPrPrPrPrP,B,gemma-31b-nv,google/gemma-4-31b-it,novita/bf16,0,1.0,Novita,B,2.042e-05,1.7356622542250023e-09,1.1543009192926945e-07,1
comprehension,own,neutral,0050,1,0,0,0,rPrPrPrPrP,A,gemma-31b-nv,google/gemma-4-31b-it,novita/bf16,0,1.0,Novita,A,2.042e-05,,,
comprehension,own,neutral,0050,1,0,1,0,rPrPrPrPrP,A,gemma-31b-nv,google/gemma-4-31b-it,novita/bf16,0,1.0,Novita,A,2.042e-05,,,
comprehension,own,neutral,0051,-1,0,0,0,rPrQrPrPrPrP,B,gemma-31b-nv,google/gemma-4-31b-it,novita/bf16,0,1.0,Novita,B,2.14e-05,1.3307783520167322e-09,6.986832423727662e-08,1
comprehension,own,neutral,0051,-1,0,1,0,rPrPrPrPrQrP,B,gemma-31b-nv,google/gemma-4-31b-it,novita/bf16,0,1.0,Novita,B,2.14e-05,,,
comprehension,own,neutral,0051,1,0,0,0,rPrPrPrQrPrP,A,gemma-31b-nv,google/gemma-4-31b-it,novita/bf16,0,1.0,Novita,A,2.14e-05,,,
comprehension,own,neutral,0051,1,0,1,0,rPrPrPrPrQrP,A,gemma-31b-nv,google/gemma-4-31b-it,novita/bf16,0,1.0,Novita,A,2.14e-05,,,
comprehension,own,neutral,0060,-1,0,0,0,rPrPrPrPrPrP,B,gemma-31b-nv,google/gemma-4-31b-it,novita/bf16,0,1.0,Novita,B,2.14e-05,,,
comprehension,own,neutral,0060,-1,0,1,0,rPrPrPrPrPrP,B,gemma-31b-nv,google/gemma-4-31b-it,novita/bf16,0,1.0,Novita,B,2.14e-05,,,
comprehension,own,neutral,0060,1,0,0,0,rPrPrPrPrPrP,A,gemma-31b-nv,google/gemma-4-31b-it,novita/bf16,0,1.0,Novita,A,2.14e-05,,,
comprehension,own,neutral,0060,1,0,1,0,rPrPrPrPrPrP,A,gemma-31b-nv,google/gemma-4-31b-it,novita/bf16,0,1.0,Novita,A,2.14e-05,,,
comprehension,own,neutral,0100,-1,0,0,0,aQ,B,gemma-31b-nv,google/gemma-4-31b-it,novita/bf16,0,1.0,Novita,B,1.65e-05,,,
comprehension,own,neutral,0100,-1,0,1,0,aQ,B,gemma-31b-nv,google/gemma-4-31b-it,novita/bf16,0,1.0,Novita,B,1.65e-05,,,
comprehension,own,neutral,0100,1,0,0,0,aQ,A,gemma-31b-nv,google/gemma-4-31b-it,novita/bf16,0,1.0,Novita,A,1.65e-05,,,
comprehension,own,neutral,0100,1,0,1,0,aQ,A,gemma-31b-nv,google/gemma-4-31b-it,novita/bf16,0,1.0,Novita,A,1.65e-05,,,
comprehension,own,neutral,0101,-1,0,0,0,aQrQ,B,gemma-31b-nv,google/gemma-4-31b-it,novita/bf16,0,1.0,Novita,B,1.748e-05,,,
comprehension,own,neutral,0101,-1,0,1,0,aQrQ,B,gemma-31b-nv,google/gemma-4-31b-it,novita/bf16,0,1.0,Novita,B,1.748e-05,,,
comprehension,own,neutral,0101,1,0,0,0,rQaQ,A,gemma-31b-nv,google/gemma-4-31b-it,novita/bf16,0,1.0,Novita,A,1.748e-05,,,
comprehension,own,neutral,0101,1,0,1,0,rQaQ,A,gemma-31b-nv,google/gemma-4-31b-it,novita/bf16,0,1.0,Novita,A,1.748e-05,,,
comprehension,own,neutral,0102,-1,0,0,0,rQaQrQ,B,gemma-31b-nv,google/gemma-4-31b-it,novita/bf16,0,1.0,Novita,B,1.846e-05,,,
comprehension,own,neutral,0102,-1,0,1,0,rQaQrQ,B,gemma-31b-nv,google/gemma-4-31b-it,novita/bf16,0,1.0,Novita,B,1.846e-05,1.6561804004394495e-09,5.9551649278510865e-08,1
comprehension,own,neutral,0102,1,0,0,0,rQaQrQ,A,gemma-31b-nv,google/gemma-4-31b-it,novita/bf16,0,1.0,Novita,A,1.846e-05,0.9999999451547772,6.935590549317361e-06,1
comprehension,own,neutral,0102,1,0,1,0,aQrQrQ,A,gemma-31b-nv,google/gemma-4-31b-it,novita/bf16,0,1.0,Novita,A,1.846e-05,,,
comprehension,own,neutral,0103,-1,0,0,0,aQrQrQrQ,B,gemma-31b-nv,google/gemma-4-31b-it,novita/bf16,0,1.0,Novita,B,1.944e-05,,,
comprehension,own,neutral,0103,-1,0,1,0,rQrQrQaQ,B,gemma-31b-nv,google/gemma-4-31b-it,novita/bf16,0,1.0,Novita,B,1.944e-05,,,
comprehension,own,neutral,0103,1,0,0,0,rQaQrQrQ,A,gemma-31b-nv,google/gemma-4-31b-it,novita/bf16,0,1.0,Novita,A,1.944e-05,,,
comprehension,own,neutral,0103,1,0,1,0,rQrQrQaQ,A,gemma-31b-nv,google/gemma-4-31b-it,novita/bf16,0,1.0,Novita,A,1.944e-05,,,
comprehension,own,neutral,0104,-1,0,0,0,rQrQrQrQaQ,B,gemma-31b-nv,google/gemma-4-31b-it,novita/bf16,0,1.0,Novita,B,2.042e-05,,,
comprehension,own,neutral,0104,-1,0,1,0,rQrQrQaQrQ,B,gemma-31b-nv,google/gemma-4-31b-it,novita/bf16,0,1.0,Novita,B,2.042e-05,,,
comprehension,own,neutral,0104,1,0,0,0,rQrQaQrQrQ,A,gemma-31b-nv,google/gemma-4-31b-it,novita/bf16,0,1.0,Novita,A,2.042e-05,,,
comprehension,own,neutral,0104,1,0,1,0,rQaQrQrQrQ,A,gemma-31b-nv,google/gemma-4-31b-it,novita/bf16,0,1.0,Novita,A,2.042e-05,,,
comprehension,own,neutral,0105,-1,0,0,0,rQrQrQrQaQrQ,B,gemma-31b-nv,google/gemma-4-31b-it,novita/bf16,0,1.0,Novita,B,2.14e-05,,,
comprehension,own,neutral,0105,-1,0,1,0,rQrQrQrQrQaQ,B,gemma-31b-nv,google/gemma-4-31b-it,novita/bf16,0,1.0,Novita,B,2.14e-05,,,
comprehension,own,neutral,0105,1,0,0,0,rQrQrQrQrQaQ,A,gemma-31b-nv,google/gemma-4-31b-it,novita/bf16,0,1.0,Novita,A,2.14e-05,0.9999999406981158,7.931869533961411e-06,1
comprehension,own,neutral,0105,1,0,1,0,aQrQrQrQrQrQ,A,gemma-31b-nv,google/gemma-4-31b-it,novita/bf16,0,1.0,Novita,A,2.14e-05,,,
comprehension,own,neutral,0110,-1,0,0,0,rPaQ,B,gemma-31b-nv,google/gemma-4-31b-it,novita/bf16,0,1.0,Novita,B,1.748e-05,,,
comprehension,own,neutral,0110,-1,0,1,0,rPaQ,B,gemma-31b-nv,google/gemma-4-31b-it,novita/bf16,0,1.0,Novita,B,1.748e-05,,,
comprehension,own,neutral,0110,1,0,0,0,aQrP,A,gemma-31b-nv,google/gemma-4-31b-it,novita/bf16,0,1.0,Novita,A,1.748e-05,0.9999999476663278,6.836895732331705e-06,1
comprehension,own,neutral,0110,1,0,1,0,rPaQ,A,gemma-31b-nv,google/gemma-4-31b-it,novita/bf16,0,1.0,Novita,A,1.748e-05,,,
comprehension,own,neutral,0111,-1,0,0,0,aQrQrP,B,gemma-31b-nv,google/gemma-4-31b-it,novita/bf16,0,1.0,Novita,B,1.846e-05,,,
comprehension,own,neutral,0111,-1,0,1,0,aQrQrP,B,gemma-31b-nv,google/gemma-4-31b-it,novita/bf16,0,1.0,Novita,B,1.846e-05,,,
comprehension,own,neutral,0111,1,0,0,0,rQaQrP,A,gemma-31b-nv,google/gemma-4-31b-it,novita/bf16,0,1.0,Novita,A,1.846e-05,,,
comprehension,own,neutral,0111,1,0,1,0,rPrQaQ,A,gemma-31b-nv,google/gemma-4-31b-it,novita/bf16,0,1.0,Novita,A,1.846e-05,,,
comprehension,own,neutral,0112,-1,0,0,0,rPrQrQaQ,B,gemma-31b-nv,google/gemma-4-31b-it,novita/bf16,0,1.0,Novita,B,1.944e-05,2.1265776509148473e-09,2.340476967788163e-08,1
comprehension,own,neutral,0112,-1,0,1,0,aQrQrPrQ,B,gemma-31b-nv,google/gemma-4-31b-it,novita/bf16,0,1.0,Novita,B,1.944e-05,,,
comprehension,own,neutral,0112,1,0,0,0,rQaQrPrQ,A,gemma-31b-nv,google/gemma-4-31b-it,novita/bf16,0,1.0,Novita,A,1.944e-05,0.9999999662108171,5.6374471372189205e-06,1
comprehension,own,neutral,0112,1,0,1,0,rPaQrQrQ,A,gemma-31b-nv,google/gemma-4-31b-it,novita/bf16,0,1.0,Novita,A,1.944e-05,,,
comprehension,own,neutral,0113,-1,0,0,0,rQrQaQrQrP,B,gemma-31b-nv,google/gemma-4-31b-it,novita/bf16,0,1.0,Novita,B,2.042e-05,,,
comprehension,own,neutral,0113,-1,0,1,0,rPrQaQrQrQ,B,gemma-31b-nv,google/gemma-4-31b-it,novita/bf16,0,1.0,Novita,B,2.042e-05,1.4615768524138525e-09,5.3316141723769306e-08,1
comprehension,own,neutral,0113,1,0,0,0,aQrQrQrPrQ,A,gemma-31b-nv,google/gemma-4-31b-it,novita/bf16,0,1.0,Novita,A,2.042e-05,,,
comprehension,own,neutral,0113,1,0,1,0,aQrPrQrQrQ,A,gemma-31b-nv,google/gemma-4-31b-it,novita/bf16,0,1.0,Novita,A,2.042e-05,,,
comprehension,own,neutral,0114,-1,0,0,0,rPrQrQrQrQaQ,B,gemma-31b-nv,google/gemma-4-31b-it,novita/bf16,0,1.0,Novita,B,2.14e-05,,,
comprehension,own,neutral,0114,-1,0,1,0,rQaQrPrQrQrQ,B,gemma-31b-nv,google/gemma-4-31b-it,novita/bf16,0,1.0,Novita,B,2.14e-05,,,
comprehension,own,neutral,0114,1,0,0,0,rQrPrQrQrQaQ,A,gemma-31b-nv,google/gemma-4-31b-it,novita/bf16,0,1.0,Novita,A,2.14e-05,,,
comprehension,own,neutral,0114,1,0,1,0,rQrQaQrPrQrQ,A,gemma-31b-nv,google/gemma-4-31b-it,novita/bf16,0,1.0,Novita,A,2.14e-05,,,
comprehension,own,neutral,0120,-1,0,0,0,rPaQrP,B,gemma-31b-nv,google/gemma-4-31b-it,novita/bf16,0,1.0,Novita,B,1.846e-05,,,
comprehension,own,neutral,0120,-1,0,1,0,aQrPrP,B,gemma-31b-nv,google/gemma-4-31b-it,novita/bf16,0,1.0,Novita,B,1.846e-05,,,
comprehension,own,neutral,0120,1,0,0,0,rPrPaQ,A,gemma-31b-nv,google/gemma-4-31b-it,novita/bf16,0,1.0,Novita,A,1.846e-05,0.9999999628898478,5.4982115187396374e-06,1
comprehension,own,neutral,0120,1,0,1,0,rPaQrP,A,gemma-31b-nv,google/gemma-4-31b-it,novita/bf16,0,1.0,Novita,A,1.846e-05,,,
comprehension,own,neutral,0121,-1,0,0,0,aQrPrQrP,B,gemma-31b-nv,google/gemma-4-31b-it,novita/bf16,0,1.0,Novita,B,1.944e-05,,,
comprehension,own,neutral,0121,-1,0,1,0,aQrQrPrP,B,gemma-31b-nv,google/gemma-4-31b-it,novita/bf16,0,1.0,Novita,B,1.944e-05,,,
comprehension,own,neutral,0121,1,0,0,0,aQrPrQrP,A,gemma-31b-nv,google/gemma-4-31b-it,novita/bf16,0,1.0,Novita,A,1.944e-05,,,
comprehension,own,neutral,0121,1,0,1,0,rPaQrPrQ,A,gemma-31b-nv,google/gemma-4-31b-it,novita/bf16,0,1.0,Novita,A,1.944e-05,,,
comprehension,own,neutral,0122,-1,0,0,0,rPrQaQrPrQ,B,gemma-31b-nv,google/gemma-4-31b-it,novita/bf16,0,1.0,Novita,B,2.042e-05,,,
comprehension,own,neutral,0122,-1,0,1,0,aQrPrQrPrQ,B,gemma-31b-nv,google/gemma-4-31b-it,novita/bf16,0,1.0,Novita,B,2.042e-05,,,
comprehension,own,neutral,0122,1,0,0,0,rPaQrPrQrQ,A,gemma-31b-nv,google/gemma-4-31b-it,novita/bf16,0,1.0,Novita,A,2.042e-05,,,
comprehension,own,neutral,0122,1,0,1,0,rQrPrPaQrQ,A,gemma-31b-nv,google/gemma-4-31b-it,novita/bf16,0,1.0,Novita,A,2.042e-05,,,
comprehension,own,neutral,0123,-1,0,0,0,rQrPaQrQrQrP,B,gemma-31b-nv,google/gemma-4-31b-it,novita/bf16,0,1.0,Novita,B,2.14e-05,,,
comprehension,own,neutral,0123,-1,0,1,0,rQrPaQrQrQrP,B,gemma-31b-nv,google/gemma-4-31b-it,novita/bf16,0,1.0,Novita,B,2.14e-05,1.138277275893829e-09,1.2214548084088506e-07,1
comprehension,own,neutral,0123,1,0,0,0,rQrQaQrQrPrP,A,gemma-31b-nv,google/gemma-4-31b-it,novita/bf16,0,1.0,Novita,A,2.14e-05,,,
comprehension,own,neutral,0123,1,0,1,0,rPrPrQrQaQrQ,A,gemma-31b-nv,google/gemma-4-31b-it,novita/bf16,0,1.0,Novita,A,2.14e-05,,,
comprehension,own,neutral,0130,-1,0,0,0,aQrPrPrP,B,gemma-31b-nv,google/gemma-4-31b-it,novita/bf16,0,1.0,Novita,B,1.944e-05,,,
comprehension,own,neutral,0130,-1,0,1,0,rPrPaQrP,B,gemma-31b-nv,google/gemma-4-31b-it,novita/bf16,0,1.0,Novita,B,1.944e-05,,,
comprehension,own,neutral,0130,1,0,0,0,rPrPrPaQ,A,gemma-31b-nv,google/gemma-4-31b-it,novita/bf16,0,1.0,Novita,A,1.944e-05,,,
comprehension,own,neutral,0130,1,0,1,0,rPrPrPaQ,A,gemma-31b-nv,google/gemma-4-31b-it,novita/bf16,0,1.0,Novita,A,1.944e-05,,,
comprehension,own,neutral,0131,-1,0,0,0,aQrQrPrPrP,B,gemma-31b-nv,google/gemma-4-31b-it,novita/bf16,0,1.0,Novita,B,2.042e-05,,,
comprehension,own,neutral,0131,-1,0,1,0,rPrQrPaQrP,B,gemma-31b-nv,google/gemma-4-31b-it,novita/bf16,0,1.0,Novita,B,2.042e-05,,,
comprehension,own,neutral,0131,1,0,0,0,rPrQrPaQrP,A,gemma-31b-nv,google/gemma-4-31b-it,novita/bf16,0,1.0,Novita,A,2.042e-05,,,
comprehension,own,neutral,0131,1,0,1,0,rPrPrQaQrP,A,gemma-31b-nv,google/gemma-4-31b-it,novita/bf16,0,1.0,Novita,A,2.042e-05,,,
comprehension,own,neutral,0132,-1,0,0,0,rPrQrQrPrPaQ,B,gemma-31b-nv,google/gemma-4-31b-it,novita/bf16,0,1.0,Novita,B,2.14e-05,,,
comprehension,own,neutral,0132,-1,0,1,0,aQrPrQrQrPrP,B,gemma-31b-nv,google/gemma-4-31b-it,novita/bf16,0,1.0,Novita,B,2.14e-05,,,
comprehension,own,neutral,0132,1,0,0,0,rPaQrPrQrQrP,A,gemma-31b-nv,google/gemma-4-31b-it,novita/bf16,0,1.0,Novita,A,2.14e-05,,,
comprehension,own,neutral,0132,1,0,1,0,rPrPrQrPrQaQ,A,gemma-31b-nv,google/gemma-4-31b-it,novita/bf16,0,1.0,Novita,A,2.14e-05,,,
comprehension,own,neutral,0140,-1,0,0,0,rPrPaQrPrP,B,gemma-31b-nv,google/gemma-4-31b-it,novita/bf16,0,1.0,Novita,B,2.042e-05,,,
comprehension,own,neutral,0140,-1,0,1,0,rPaQrPrPrP,B,gemma-31b-nv,google/gemma-4-31b-it,novita/bf16,0,1.0,Novita,B,2.042e-05,,,
comprehension,own,neutral,0140,1,0,0,0,rPaQrPrPrP,A,gemma-31b-nv,google/gemma-4-31b-it,novita/bf16,0,1.0,Novita,A,2.042e-05,,,
comprehension,own,neutral,0140,1,0,1,0,rPaQrPrPrP,A,gemma-31b-nv,google/gemma-4-31b-it,novita/bf16,0,1.0,Novita,A,2.042e-05,0.9999999771370967,3.6559832858884533e-06,1
comprehension,own,neutral,0141,-1,0,0,0,aQrQrPrPrPrP,B,gemma-31b-nv,google/gemma-4-31b-it,novita/bf16,0,1.0,Novita,B,2.14e-05,,,
comprehension,own,neutral,0141,-1,0,1,0,rPaQrPrPrQrP,B,gemma-31b-nv,google/gemma-4-31b-it,novita/bf16,0,1.0,Novita,B,2.14e-05,8.32781365217021e-10,2.589439085376455e-08,1
comprehension,own,neutral,0141,1,0,0,0,rQrPrPaQrPrP,A,gemma-31b-nv,google/gemma-4-31b-it,novita/bf16,0,1.0,Novita,A,2.14e-05,,,
comprehension,own,neutral,0141,1,0,1,0,aQrPrQrPrPrP,A,gemma-31b-nv,google/gemma-4-31b-it,novita/bf16,0,1.0,Novita,A,2.14e-05,,,
comprehension,own,neutral,0150,-1,0,0,0,aQrPrPrPrPrP,B,gemma-31b-nv,google/gemma-4-31b-it,novita/bf16,0,1.0,Novita,B,2.14e-05,,,
comprehension,own,neutral,0150,-1,0,1,0,rPrPrPrPrPaQ,B,gemma-31b-nv,google/gemma-4-31b-it,novita/bf16,0,1.0,Novita,B,2.14e-05,4.363454935104617e-09,2.346389480489819e-07,1
comprehension,own,neutral,0150,1,0,0,0,rPaQrPrPrPrP,A,gemma-31b-nv,google/gemma-4-31b-it,novita/bf16,0,1.0,Novita,A,2.14e-05,,,
comprehension,own,neutral,0150,1,0,1,0,rPrPrPrPaQrP,A,gemma-31b-nv,google/gemma-4-31b-it,novita/bf16,0,1.0,Novita,A,2.14e-05,,,
comprehension,own,neutral,0200,-1,0,0,0,aQaQ,B,gemma-31b-nv,google/gemma-4-31b-it,novita/bf16,0,1.0,Novita,B,1.748e-05,,,
comprehension,own,neutral,0200,-1,0,1,0,aQaQ,B,gemma-31b-nv,google/gemma-4-31b-it,novita/bf16,0,1.0,Novita,B,1.748e-05,1.3307808682500903e-09,5.3316141723769306e-08,1
comprehension,own,neutral,0200,1,0,0,0,aQaQ,A,gemma-31b-nv,google/gemma-4-31b-it,novita/bf16,0,1.0,Novita,A,1.748e-05,,,
comprehension,own,neutral,0200,1,0,1,0,aQaQ,A,gemma-31b-nv,google/gemma-4-31b-it,novita/bf16,0,1.0,Novita,A,1.748e-05,,,
comprehension,own,neutral,0201,-1,0,0,0,aQaQrQ,B,gemma-31b-nv,google/gemma-4-31b-it,novita/bf16,0,1.0,Novita,B,1.846e-05,,,
comprehension,own,neutral,0201,-1,0,1,0,aQrQaQ,B,gemma-31b-nv,google/gemma-4-31b-it,novita/bf16,0,1.0,Novita,B,1.846e-05,,,
comprehension,own,neutral,0201,1,0,0,0,aQaQrQ,A,gemma-31b-nv,google/gemma-4-31b-it,novita/bf16,0,1.0,Novita,A,1.846e-05,0.9999999338440476,8.634717036049011e-06,1
comprehension,own,neutral,0201,1,0,1,0,rQaQaQ,A,gemma-31b-nv,google/gemma-4-31b-it,novita/bf16,0,1.0,Novita,A,1.846e-05,,,
comprehension,own,neutral,0202,-1,0,0,0,aQrQrQaQ,B,gemma-31b-nv,google/gemma-4-31b-it,novita/bf16,0,1.0,Novita,B,1.944e-05,,,
comprehension,own,neutral,0202,-1,0,1,0,aQaQrQrQ,B,gemma-31b-nv,google/gemma-4-31b-it,novita/bf16,0,1.0,Novita,B,1.944e-05,,,
comprehension,own,neutral,0202,1,0,0,0,aQrQaQrQ,A,gemma-31b-nv,google/gemma-4-31b-it,novita/bf16,0,1.0,Novita,A,1.944e-05,0.9999999677581232,4.140767873361817e-06,1
comprehension,own,neutral,0202,1,0,1,0,rQaQaQrQ,A,gemma-31b-nv,google/gemma-4-31b-it,novita/bf16,0,1.0,Novita,A,1.944e-05,,,
comprehension,own,neutral,0203,-1,0,0,0,rQaQrQaQrQ,B,gemma-31b-nv,google/gemma-4-31b-it,novita/bf16,0,1.0,Novita,B,2.042e-05,1.8189582654083256e-09,2.77931984093982e-08,1
comprehension,own,neutral,0203,-1,0,1,0,rQrQrQaQaQ,B,gemma-31b-nv,google/gemma-4-31b-it,novita/bf16,0,1.0,Novita,B,2.042e-05,,,
comprehension,own,neutral,0203,1,0,0,0,rQrQrQaQaQ,A,gemma-31b-nv,google/gemma-4-31b-it,novita/bf16,0,1.0,Novita,A,2.042e-05,,,
comprehension,own,neutral,0203,1,0,1,0,aQaQrQrQrQ,A,gemma-31b-nv,google/gemma-4-31b-it,novita/bf16,0,1.0,Novita,A,2.042e-05,,,
comprehension,own,neutral,0204,-1,0,0,0,rQrQaQrQaQrQ,B,gemma-31b-nv,google/gemma-4-31b-it,novita/bf16,0,1.0,Novita,B,2.14e-05,,,
comprehension,own,neutral,0204,-1,0,1,0,rQrQaQaQrQrQ,B,gemma-31b-nv,google/gemma-4-31b-it,novita/bf16,0,1.0,Novita,B,2.14e-05,,,
comprehension,own,neutral,0204,1,0,0,0,rQrQaQrQaQrQ,A,gemma-31b-nv,google/gemma-4-31b-it,novita/bf16,0,1.0,Novita,A,2.14e-05,,,
comprehension,own,neutral,0204,1,0,1,0,rQaQaQrQrQrQ,A,gemma-31b-nv,google/gemma-4-31b-it,novita/bf16,0,1.0,Novita,A,2.14e-05,,,
comprehension,own,neutral,0210,-1,0,0,0,rPaQaQ,B,gemma-31b-nv,google/gemma-4-31b-it,novita/bf16,0,1.0,Novita,B,1.846e-05,1.351735148962687e-09,1.344469863218123e-07,1
comprehension,own,neutral,0210,-1,0,1,0,aQrPaQ,B,gemma-31b-nv,google/gemma-4-31b-it,novita/bf16,0,1.0,Novita,B,1.846e-05,2.646568768882318e-09,6.986832423727662e-08,1
comprehension,own,neutral,0210,1,0,0,0,rPaQaQ,A,gemma-31b-nv,google/gemma-4-31b-it,novita/bf16,0,1.0,Novita,A,1.846e-05,,,
comprehension,own,neutral,0210,1,0,1,0,rPaQaQ,A,gemma-31b-nv,google/gemma-4-31b-it,novita/bf16,0,1.0,Novita,A,1.846e-05,0.9999999744946126,4.609031199809266e-06,1
comprehension,own,neutral,0211,-1,0,0,0,aQaQrQrP,B,gemma-31b-nv,google/gemma-4-31b-it,novita/bf16,0,1.0,Novita,B,1.944e-05,,,
comprehension,own,neutral,0211,-1,0,1,0,rQrPaQaQ,B,gemma-31b-nv,google/gemma-4-31b-it,novita/bf16,0,1.0,Novita,B,1.944e-05,,,
comprehension,own,neutral,0211,1,0,0,0,aQrPaQrQ,A,gemma-31b-nv,google/gemma-4-31b-it,novita/bf16,0,1.0,Novita,A,1.944e-05,,,
comprehension,own,neutral,0211,1,0,1,0,rQaQaQrP,A,gemma-31b-nv,google/gemma-4-31b-it,novita/bf16,0,1.0,Novita,A,1.944e-05,,,
comprehension,own,neutral,0212,-1,0,0,0,aQaQrQrQrP,B,gemma-31b-nv,google/gemma-4-31b-it,novita/bf16,0,1.0,Novita,B,2.042e-05,,,
comprehension,own,neutral,0212,-1,0,1,0,aQrPaQrQrQ,B,gemma-31b-nv,google/gemma-4-31b-it,novita/bf16,0,1.0,Novita,B,2.042e-05,,,
comprehension,own,neutral,0212,1,0,0,0,aQrQrQrPaQ,A,gemma-31b-nv,google/gemma-4-31b-it,novita/bf16,0,1.0,Novita,A,2.042e-05,,,
comprehension,own,neutral,0212,1,0,1,0,aQrPaQrQrQ,A,gemma-31b-nv,google/gemma-4-31b-it,novita/bf16,0,1.0,Novita,A,2.042e-05,,,
comprehension,own,neutral,0213,-1,0,0,0,rQrQrQrPaQaQ,B,gemma-31b-nv,google/gemma-4-31b-it,novita/bf16,0,1.0,Novita,B,2.14e-05,1.0045241369181076e-09,5.179470186078561e-09,1
comprehension,own,neutral,0213,-1,0,1,0,aQrQrPaQrQrQ,B,gemma-31b-nv,google/gemma-4-31b-it,novita/bf16,0,1.0,Novita,B,2.14e-05,,,
comprehension,own,neutral,0213,1,0,0,0,aQaQrQrPrQrQ,A,gemma-31b-nv,google/gemma-4-31b-it,novita/bf16,0,1.0,Novita,A,2.14e-05,0.9999999677581495,3.3226649616135973e-06,1
comprehension,own,neutral,0213,1,0,1,0,aQaQrPrQrQrQ,A,gemma-31b-nv,google/gemma-4-31b-it,novita/bf16,0,1.0,Novita,A,2.14e-05,,,
comprehension,own,neutral,0220,-1,0,0,0,rPaQaQrP,B,gemma-31b-nv,google/gemma-4-31b-it,novita/bf16,0,1.0,Novita,B,1.944e-05,,,
comprehension,own,neutral,0220,-1,0,1,0,aQrPaQrP,B,gemma-31b-nv,google/gemma-4-31b-it,novita/bf16,0,1.0,Novita,B,1.944e-05,,,
comprehension,own,neutral,0220,1,0,0,0,aQaQrPrP,A,gemma-31b-nv,google/gemma-4-31b-it,novita/bf16,0,1.0,Novita,A,1.944e-05,,,
comprehension,own,neutral,0220,1,0,1,0,aQrPaQrP,A,gemma-31b-nv,google/gemma-4-31b-it,novita/bf16,0,1.0,Novita,A,1.944e-05,,,
comprehension,own,neutral,0221,-1,0,0,0,aQaQrPrQrP,B,gemma-31b-nv,google/gemma-4-31b-it,novita/bf16,0,1.0,Novita,B,2.042e-05,,,
comprehension,own,neutral,0221,-1,0,1,0,rPrQrPaQaQ,B,gemma-31b-nv,google/gemma-4-31b-it,novita/bf16,0,1.0,Novita,B,2.042e-05,,,
comprehension,own,neutral,0221,1,0,0,0,aQaQrPrPrQ,A,gemma-31b-nv,google/gemma-4-31b-it,novita/bf16,0,1.0,Novita,A,2.042e-05,,,
comprehension,own,neutral,0221,1,0,1,0,rPrQaQrPaQ,A,gemma-31b-nv,google/gemma-4-31b-it,novita/bf16,0,1.0,Novita,A,2.042e-05,,,
comprehension,own,neutral,0222,-1,0,0,0,rPaQaQrPrQrQ,B,gemma-31b-nv,google/gemma-4-31b-it,novita/bf16,0,1.0,Novita,B,2.14e-05,1.174409935266728e-09,2.9364115583518924e-09,1
comprehension,own,neutral,0222,-1,0,1,0,rQrQrPrPaQaQ,B,gemma-31b-nv,google/gemma-4-31b-it,novita/bf16,0,1.0,Novita,B,2.14e-05,,,
comprehension,own,neutral,0222,1,0,0,0,rPrQaQrPrQaQ,A,gemma-31b-nv,google/gemma-4-31b-it,novita/bf16,0,1.0,Novita,A,2.14e-05,,,
comprehension,own,neutral,0222,1,0,1,0,aQrQrPrPaQrQ,A,gemma-31b-nv,google/gemma-4-31b-it,novita/bf16,0,1.0,Novita,A,2.14e-05,,,
comprehension,own,neutral,0230,-1,0,0,0,aQrPaQrPrP,B,gemma-31b-nv,google/gemma-4-31b-it,novita/bf16,0,1.0,Novita,B,2.042e-05,,,
comprehension,own,neutral,0230,-1,0,1,0,aQaQrPrPrP,B,gemma-31b-nv,google/gemma-4-31b-it,novita/bf16,0,1.0,Novita,B,2.042e-05,,,
comprehension,own,neutral,0230,1,0,0,0,rPrPrPaQaQ,A,gemma-31b-nv,google/gemma-4-31b-it,novita/bf16,0,1.0,Novita,A,2.042e-05,,,
comprehension,own,neutral,0230,1,0,1,0,rPrPaQrPaQ,A,gemma-31b-nv,google/gemma-4-31b-it,novita/bf16,0,1.0,Novita,A,2.042e-05,,,
comprehension,own,neutral,0231,-1,0,0,0,rPrPrPrQaQaQ,B,gemma-31b-nv,google/gemma-4-31b-it,novita/bf16,0,1.0,Novita,B,2.14e-05,,,
comprehension,own,neutral,0231,-1,0,1,0,rPaQrPrPaQrQ,B,gemma-31b-nv,google/gemma-4-31b-it,novita/bf16,0,1.0,Novita,B,2.14e-05,,,
comprehension,own,neutral,0231,1,0,0,0,rPaQaQrPrQrP,A,gemma-31b-nv,google/gemma-4-31b-it,novita/bf16,0,1.0,Novita,A,2.14e-05,,,
comprehension,own,neutral,0231,1,0,1,0,aQrPrPrQaQrP,A,gemma-31b-nv,google/gemma-4-31b-it,novita/bf16,0,1.0,Novita,A,2.14e-05,,,
comprehension,own,neutral,0240,-1,0,0,0,rPaQaQrPrPrP,B,gemma-31b-nv,google/gemma-4-31b-it,novita/bf16,0,1.0,Novita,B,2.14e-05,,,
comprehension,own,neutral,0240,-1,0,1,0,rPaQrPaQrPrP,B,gemma-31b-nv,google/gemma-4-31b-it,novita/bf16,0,1.0,Novita,B,2.14e-05,,,
comprehension,own,neutral,0240,1,0,0,0,rPrPrPaQaQrP,A,gemma-31b-nv,google/gemma-4-31b-it,novita/bf16,0,1.0,Novita,A,2.14e-05,,,
comprehension,own,neutral,0240,1,0,1,0,rPaQrPrPrPaQ,A,gemma-31b-nv,google/gemma-4-31b-it,novita/bf16,0,1.0,Novita,A,2.14e-05,,,
comprehension,own,neutral,0300,-1,0,0,0,aQaQaQ,B,gemma-31b-nv,google/gemma-4-31b-it,novita/bf16,0,1.0,Novita,B,1.846e-05,,,
comprehension,own,neutral,0300,-1,0,1,0,aQaQaQ,B,gemma-31b-nv,google/gemma-4-31b-it,novita/bf16,0,1.0,Novita,B,1.846e-05,,,
comprehension,own,neutral,0300,1,0,0,0,aQaQaQ,A,gemma-31b-nv,google/gemma-4-31b-it,novita/bf16,0,1.0,Novita,A,1.846e-05,,,
comprehension,own,neutral,0300,1,0,1,0,aQaQaQ,A,gemma-31b-nv,google/gemma-4-31b-it,novita/bf16,0,1.0,Novita,A,1.846e-05,,,
comprehension,own,neutral,0301,-1,0,0,0,aQaQrQaQ,B,gemma-31b-nv,google/gemma-4-31b-it,novita/bf16,0,1.0,Novita,B,1.944e-05,,,
comprehension,own,neutral,0301,-1,0,1,0,aQrQaQaQ,B,gemma-31b-nv,google/gemma-4-31b-it,novita/bf16,0,1.0,Novita,B,1.944e-05,2.3355888690788437e-09,1.243885110469023e-07,1
comprehension,own,neutral,0301,1,0,0,0,aQaQaQrQ,A,gemma-31b-nv,google/gemma-4-31b-it,novita/bf16,0,1.0,Novita,A,1.944e-05,,,
comprehension,own,neutral,0301,1,0,1,0,rQaQaQaQ,A,gemma-31b-nv,google/gemma-4-31b-it,novita/bf16,0,1.0,Novita,A,1.944e-05,0.9999999740929344,3.7363864575645778e-06,1
comprehension,own,neutral,0302,-1,0,0,0,aQrQaQaQrQ,B,gemma-31b-nv,google/gemma-4-31b-it,novita/bf16,0,1.0,Novita,B,2.042e-05,,,
comprehension,own,neutral,0302,-1,0,1,0,aQrQrQaQaQ,B,gemma-31b-nv,google/gemma-4-31b-it,novita/bf16,0,1.0,Novita,B,2.042e-05,,,
comprehension,own,neutral,0302,1,0,0,0,aQaQrQrQaQ,A,gemma-31b-nv,google/gemma-4-31b-it,novita/bf16,0,1.0,Novita,A,2.042e-05,,,
comprehension,own,neutral,0302,1,0,1,0,aQaQaQrQrQ,A,gemma-31b-nv,google/gemma-4-31b-it,novita/bf16,0,1.0,Novita,A,2.042e-05,,,
comprehension,own,neutral,0303,-1,0,0,0,rQaQaQrQaQrQ,B,gemma-31b-nv,google/gemma-4-31b-it,novita/bf16,0,1.0,Novita,B,2.14e-05,,,
comprehension,own,neutral,0303,-1,0,1,0,rQrQaQrQaQaQ,B,gemma-31b-nv,google/gemma-4-31b-it,novita/bf16,0,1.0,Novita,B,2.14e-05,,,
comprehension,own,neutral,0303,1,0,0,0,rQaQaQrQaQrQ,A,gemma-31b-nv,google/gemma-4-31b-it,novita/bf16,0,1.0,Novita,A,2.14e-05,,,
comprehension,own,neutral,0303,1,0,1,0,rQaQrQrQaQaQ,A,gemma-31b-nv,google/gemma-4-31b-it,novita/bf16,0,1.0,Novita,A,2.14e-05,,,
comprehension,own,neutral,0310,-1,0,0,0,aQaQrPaQ,B,gemma-31b-nv,google/gemma-4-31b-it,novita/bf16,0,1.0,Novita,B,1.944e-05,,,
comprehension,own,neutral,0310,-1,0,1,0,aQrPaQaQ,B,gemma-31b-nv,google/gemma-4-31b-it,novita/bf16,0,1.0,Novita,B,1.944e-05,1.6561836125976622e-09,9.169891801441565e-08,1
comprehension,own,neutral,0310,1,0,0,0,rPaQaQaQ,A,gemma-31b-nv,google/gemma-4-31b-it,novita/bf16,0,1.0,Novita,A,1.944e-05,,,
comprehension,own,neutral,0310,1,0,1,0,aQaQaQrP,A,gemma-31b-nv,google/gemma-4-31b-it,novita/bf16,0,1.0,Novita,A,1.944e-05,,,
comprehension,own,neutral,0311,-1,0,0,0,rQaQaQrPaQ,B,gemma-31b-nv,google/gemma-4-31b-it,novita/bf16,0,1.0,Novita,B,2.042e-05,,,
comprehension,own,neutral,0311,-1,0,1,0,aQaQrPaQrQ,B,gemma-31b-nv,google/gemma-4-31b-it,novita/bf16,0,1.0,Novita,B,2.042e-05,,,
comprehension,own,neutral,0311,1,0,0,0,aQrPaQrQaQ,A,gemma-31b-nv,google/gemma-4-31b-it,novita/bf16,0,1.0,Novita,A,2.042e-05,0.9999999692345898,4.021559299682842e-06,1
comprehension,own,neutral,0311,1,0,1,0,rPrQaQaQaQ,A,gemma-31b-nv,google/gemma-4-31b-it,novita/bf16,0,1.0,Novita,A,2.042e-05,,,
comprehension,own,neutral,0312,-1,0,0,0,rQrPrQaQaQaQ,B,gemma-31b-nv,google/gemma-4-31b-it,novita/bf16,0,1.0,Novita,B,2.14e-05,,,
comprehension,own,neutral,0312,-1,0,1,0,aQrQrQaQaQrP,B,gemma-31b-nv,google/gemma-4-31b-it,novita/bf16,0,1.0,Novita,B,2.14e-05,2.335588996072611e-09,1.7876184132958883e-07,1
comprehension,own,neutral,0312,1,0,0,0,rQaQrQrPaQaQ,A,gemma-31b-nv,google/gemma-4-31b-it,novita/bf16,0,1.0,Novita,A,2.14e-05,,,
comprehension,own,neutral,0312,1,0,1,0,rQrPaQaQrQaQ,A,gemma-31b-nv,google/gemma-4-31b-it,novita/bf16,0,1.0,Novita,A,2.14e-05,0.9999999830097176,2.6440981576447697e-06,1
comprehension,own,neutral,0320,-1,0,0,0,rPrPaQaQaQ,B,gemma-31b-nv,google/gemma-4-31b-it,novita/bf16,0,1.0,Novita,B,2.042e-05,,,
comprehension,own,neutral,0320,-1,0,1,0,aQaQaQrPrP,B,gemma-31b-nv,google/gemma-4-31b-it,novita/bf16,0,1.0,Novita,B,2.042e-05,,,
comprehension,own,neutral,0320,1,0,0,0,rPrPaQaQaQ,A,gemma-31b-nv,google/gemma-4-31b-it,novita/bf16,0,1.0,Novita,A,2.042e-05,,,
comprehension,own,neutral,0320,1,0,1,0,aQrPaQrPaQ,A,gemma-31b-nv,google/gemma-4-31b-it,novita/bf16,0,1.0,Novita,A,2.042e-05,,,
comprehension,own,neutral,0321,-1,0,0,0,aQaQrPaQrQrP,B,gemma-31b-nv,google/gemma-4-31b-it,novita/bf16,0,1.0,Novita,B,2.14e-05,,,
comprehension,own,neutral,0321,-1,0,1,0,aQrPaQaQrQrP,B,gemma-31b-nv,google/gemma-4-31b-it,novita/bf16,0,1.0,Novita,B,2.14e-05,,,
comprehension,own,neutral,0321,1,0,0,0,aQrPrQrPaQaQ,A,gemma-31b-nv,google/gemma-4-31b-it,novita/bf16,0,1.0,Novita,A,2.14e-05,,,
comprehension,own,neutral,0321,1,0,1,0,rQaQrPaQaQrP,A,gemma-31b-nv,google/gemma-4-31b-it,novita/bf16,0,1.0,Novita,A,2.14e-05,,,
comprehension,own,neutral,0330,-1,0,0,0,rPaQrPaQaQrP,B,gemma-31b-nv,google/gemma-4-31b-it,novita/bf16,0,1.0,Novita,B,2.14e-05,,,
comprehension,own,neutral,0330,-1,0,1,0,rPrPaQaQrPaQ,B,gemma-31b-nv,google/gemma-4-31b-it,novita/bf16,0,1.0,Novita,B,2.14e-05,,,
comprehension,own,neutral,0330,1,0,0,0,rPaQaQrPrPaQ,A,gemma-31b-nv,google/gemma-4-31b-it,novita/bf16,0,1.0,Novita,A,2.14e-05,,,
comprehension,own,neutral,0330,1,0,1,0,rPrPaQaQrPaQ,A,gemma-31b-nv,google/gemma-4-31b-it,novita/bf16,0,1.0,Novita,A,2.14e-05,,,
comprehension,own,neutral,0400,-1,0,0,0,aQaQaQaQ,B,gemma-31b-nv,google/gemma-4-31b-it,novita/bf16,0,1.0,Novita,B,1.944e-05,,,
comprehension,own,neutral,0400,-1,0,1,0,aQaQaQaQ,B,gemma-31b-nv,google/gemma-4-31b-it,novita/bf16,0,1.0,Novita,B,1.944e-05,2.7305854972755843e-09,2.1985258769063876e-07,1
comprehension,own,neutral,0400,1,0,0,0,aQaQaQaQ,A,gemma-31b-nv,google/gemma-4-31b-it,novita/bf16,0,1.0,Novita,A,1.944e-05,,,
comprehension,own,neutral,0400,1,0,1,0,aQaQaQaQ,A,gemma-31b-nv,google/gemma-4-31b-it,novita/bf16,0,1.0,Novita,A,1.944e-05,,,
comprehension,own,neutral,0401,-1,0,0,0,rQaQaQaQaQ,B,gemma-31b-nv,google/gemma-4-31b-it,novita/bf16,0,1.0,Novita,B,2.042e-05,1.9362711803047985e-09,1.2385512460078019e-07,1
comprehension,own,neutral,0401,-1,0,1,0,aQaQaQrQaQ,B,gemma-31b-nv,google/gemma-4-31b-it,novita/bf16,0,1.0,Novita,B,2.042e-05,,,
comprehension,own,neutral,0401,1,0,0,0,aQrQaQaQaQ,A,gemma-31b-nv,google/gemma-4-31b-it,novita/bf16,0,1.0,Novita,A,2.042e-05,0.9999999634651906,5.4098318994499905e-06,1
comprehension,own,neutral,0401,1,0,1,0,aQrQaQaQaQ,A,gemma-31b-nv,google/gemma-4-31b-it,novita/bf16,0,1.0,Novita,A,2.042e-05,,,
comprehension,own,neutral,0402,-1,0,0,0,aQaQaQrQrQaQ,B,gemma-31b-nv,google/gemma-4-31b-it,novita/bf16,0,1.0,Novita,B,2.14e-05,,,
comprehension,own,neutral,0402,-1,0,1,0,aQrQaQrQaQaQ,B,gemma-31b-nv,google/gemma-4-31b-it,novita/bf16,0,1.0,Novita,B,2.14e-05,,,
comprehension,own,neutral,0402,1,0,0,0,rQaQaQaQaQrQ,A,gemma-31b-nv,google/gemma-4-31b-it,novita/bf16,0,1.0,Novita,A,2.14e-05,,,
comprehension,own,neutral,0402,1,0,1,0,rQaQaQrQaQaQ,A,gemma-31b-nv,google/gemma-4-31b-it,novita/bf16,0,1.0,Novita,A,2.14e-05,,,
comprehension,own,neutral,0410,-1,0,0,0,aQaQaQrPaQ,B,gemma-31b-nv,google/gemma-4-31b-it,novita/bf16,0,1.0,Novita,B,2.042e-05,,,
comprehension,own,neutral,0410,-1,0,1,0,rPaQaQaQaQ,B,gemma-31b-nv,google/gemma-4-31b-it,novita/bf16,0,1.0,Novita,B,2.042e-05,,,
comprehension,own,neutral,0410,1,0,0,0,aQaQaQaQrP,A,gemma-31b-nv,google/gemma-4-31b-it,novita/bf16,0,1.0,Novita,A,2.042e-05,,,
comprehension,own,neutral,0410,1,0,1,0,aQaQaQaQrP,A,gemma-31b-nv,google/gemma-4-31b-it,novita/bf16,0,1.0,Novita,A,2.042e-05,0.9999999771370922,3.849325346472199e-06,1
comprehension,own,neutral,0411,-1,0,0,0,rQaQaQaQrPaQ,B,gemma-31b-nv,google/gemma-4-31b-it,novita/bf16,0,1.0,Novita,B,2.14e-05,,,
comprehension,own,neutral,0411,-1,0,1,0,aQrPaQrQaQaQ,B,gemma-31b-nv,google/gemma-4-31b-it,novita/bf16,0,1.0,Novita,B,2.14e-05,1.6305037535176952e-09,9.034274550678845e-08,1
comprehension,own,neutral,0411,1,0,0,0,aQrQaQaQaQrP,A,gemma-31b-nv,google/gemma-4-31b-it,novita/bf16,0,1.0,Novita,A,2.14e-05,0.9999999778405259,3.1314274265836772e-06,1
comprehension,own,neutral,0411,1,0,1,0,aQaQrPaQaQrQ,A,gemma-31b-nv,google/gemma-4-31b-it,novita/bf16,0,1.0,Novita,A,2.14e-05,,,
comprehension,own,neutral,0420,-1,0,0,0,rPaQaQrPaQaQ,B,gemma-31b-nv,google/gemma-4-31b-it,novita/bf16,0,1.0,Novita,B,2.14e-05,,,
comprehension,own,neutral,0420,-1,0,1,0,rPaQaQrPaQaQ,B,gemma-31b-nv,google/gemma-4-31b-it,novita/bf16,0,1.0,Novita,B,2.14e-05,1.1562024304741532e-09,3.199642273354897e-08,1
comprehension,own,neutral,0420,1,0,0,0,aQaQaQaQrPrP,A,gemma-31b-nv,google/gemma-4-31b-it,novita/bf16,0,1.0,Novita,A,2.14e-05,,,
comprehension,own,neutral,0420,1,0,1,0,aQaQrPaQaQrP,A,gemma-31b-nv,google/gemma-4-31b-it,novita/bf16,0,1.0,Novita,A,2.14e-05,,,
comprehension,own,neutral,0500,-1,0,0,0,aQaQaQaQaQ,B,gemma-31b-nv,google/gemma-4-31b-it,novita/bf16,0,1.0,Novita,B,2.042e-05,2.565142478670901e-09,9.728751870774488e-08,1
comprehension,own,neutral,0500,-1,0,1,0,aQaQaQaQaQ,B,gemma-31b-nv,google/gemma-4-31b-it,novita/bf16,0,1.0,Novita,B,2.042e-05,,,
comprehension,own,neutral,0500,1,0,0,0,aQaQaQaQaQ,A,gemma-31b-nv,google/gemma-4-31b-it,novita/bf16,0,1.0,Novita,A,2.042e-05,,,
comprehension,own,neutral,0500,1,0,1,0,aQaQaQaQaQ,A,gemma-31b-nv,google/gemma-4-31b-it,novita/bf16,0,1.0,Novita,A,2.042e-05,,,
comprehension,own,neutral,0501,-1,0,0,0,aQaQaQrQaQaQ,B,gemma-31b-nv,google/gemma-4-31b-it,novita/bf16,0,1.0,Novita,B,2.14e-05,,,
comprehension,own,neutral,0501,-1,0,1,0,aQaQaQaQaQrQ,B,gemma-31b-nv,google/gemma-4-31b-it,novita/bf16,0,1.0,Novita,B,2.14e-05,,,
comprehension,own,neutral,0501,1,0,0,0,aQaQaQaQaQrQ,A,gemma-31b-nv,google/gemma-4-31b-it,novita/bf16,0,1.0,Novita,A,2.14e-05,,,
comprehension,own,neutral,0501,1,0,1,0,aQaQrQaQaQaQ,A,gemma-31b-nv,google/gemma-4-31b-it,novita/bf16,0,1.0,Novita,A,2.14e-05,,,
comprehension,own,neutral,0510,-1,0,0,0,aQaQaQaQaQrP,B,gemma-31b-nv,google/gemma-4-31b-it,novita/bf16,0,1.0,Novita,B,2.14e-05,,,
comprehension,own,neutral,0510,-1,0,1,0,aQaQaQaQaQrP,B,gemma-31b-nv,google/gemma-4-31b-it,novita/bf16,0,1.0,Novita,B,2.14e-05,,,
comprehension,own,neutral,0510,1,0,0,0,aQaQaQrPaQaQ,A,gemma-31b-nv,google/gemma-4-31b-it,novita/bf16,0,1.0,Novita,A,2.14e-05,0.9999999892003175,9.067617666724814e-07,1
comprehension,own,neutral,0510,1,0,1,0,rPaQaQaQaQaQ,A,gemma-31b-nv,google/gemma-4-31b-it,novita/bf16,0,1.0,Novita,A,2.14e-05,,,
comprehension,own,neutral,0600,-1,0,0,0,aQaQaQaQaQaQ,B,gemma-31b-nv,google/gemma-4-31b-it,novita/bf16,0,1.0,Novita,B,2.14e-05,,,
comprehension,own,neutral,0600,-1,0,1,0,aQaQaQaQaQaQ,B,gemma-31b-nv,google/gemma-4-31b-it,novita/bf16,0,1.0,Novita,B,2.14e-05,,,
comprehension,own,neutral,0600,1,0,0,0,aQaQaQaQaQaQ,A,gemma-31b-nv,google/gemma-4-31b-it,novita/bf16,0,1.0,Novita,A,2.14e-05,,,
comprehension,own,neutral,0600,1,0,1,0,aQaQaQaQaQaQ,A,gemma-31b-nv,google/gemma-4-31b-it,novita/bf16,0,1.0,Novita,A,2.14e-05,,,
comprehension,own,neutral,1000,-1,0,0,0,aP,B,gemma-31b-nv,google/gemma-4-31b-it,novita/bf16,0,1.0,Novita,B,1.65e-05,,,
comprehension,own,neutral,1000,-1,0,1,0,aP,B,gemma-31b-nv,google/gemma-4-31b-it,novita/bf16,0,1.0,Novita,B,1.65e-05,,,
comprehension,own,neutral,1000,1,0,0,0,aP,A,gemma-31b-nv,google/gemma-4-31b-it,novita/bf16,0,1.0,Novita,A,1.65e-05,,,
comprehension,own,neutral,1000,1,0,1,0,aP,A,gemma-31b-nv,google/gemma-4-31b-it,novita/bf16,0,1.0,Novita,A,1.65e-05,,,
comprehension,own,neutral,1001,-1,0,0,0,aPrQ,B,gemma-31b-nv,google/gemma-4-31b-it,novita/bf16,0,1.0,Novita,B,1.748e-05,,,
comprehension,own,neutral,1001,-1,0,1,0,rQaP,B,gemma-31b-nv,google/gemma-4-31b-it,novita/bf16,0,1.0,Novita,B,1.748e-05,,,
comprehension,own,neutral,1001,1,0,0,0,aPrQ,A,gemma-31b-nv,google/gemma-4-31b-it,novita/bf16,0,1.0,Novita,A,1.748e-05,0.9999999508370352,5.524508904453107e-06,1
comprehension,own,neutral,1001,1,0,1,0,aPrQ,A,gemma-31b-nv,google/gemma-4-31b-it,novita/bf16,0,1.0,Novita,A,1.748e-05,0.9999999416175857,6.57108180235344e-06,1
comprehension,own,neutral,1002,-1,0,0,0,rQrQaP,B,gemma-31b-nv,google/gemma-4-31b-it,novita/bf16,0,1.0,Novita,B,1.846e-05,,,
comprehension,own,neutral,1002,-1,0,1,0,aPrQrQ,B,gemma-31b-nv,google/gemma-4-31b-it,novita/bf16,0,1.0,Novita,B,1.846e-05,,,
comprehension,own,neutral,1002,1,0,0,0,aPrQrQ,A,gemma-31b-nv,google/gemma-4-31b-it,novita/bf16,0,1.0,Novita,A,1.846e-05,,,
comprehension,own,neutral,1002,1,0,1,0,rQrQaP,A,gemma-31b-nv,google/gemma-4-31b-it,novita/bf16,0,1.0,Novita,A,1.846e-05,,,
comprehension,own,neutral,1003,-1,0,0,0,rQrQrQaP,B,gemma-31b-nv,google/gemma-4-31b-it,novita/bf16,0,1.0,Novita,B,1.944e-05,1.2898346472641364e-09,1.0143442230603483e-07,1
comprehension,own,neutral,1003,-1,0,1,0,rQaPrQrQ,B,gemma-31b-nv,google/gemma-4-31b-it,novita/bf16,0,1.0,Novita,B,1.944e-05,,,
comprehension,own,neutral,1003,1,0,0,0,rQaPrQrQ,A,gemma-31b-nv,google/gemma-4-31b-it,novita/bf16,0,1.0,Novita,A,1.944e-05,0.9999999214377818,9.677357813320242e-06,1
comprehension,own,neutral,1003,1,0,1,0,rQrQrQaP,A,gemma-31b-nv,google/gemma-4-31b-it,novita/bf16,0,1.0,Novita,A,1.944e-05,,,
comprehension,own,neutral,1004,-1,0,0,0,aPrQrQrQrQ,B,gemma-31b-nv,google/gemma-4-31b-it,novita/bf16,0,1.0,Novita,B,2.042e-05,4.22920531195021e-09,1.805245924968446e-07,1
comprehension,own,neutral,1004,-1,0,1,0,rQaPrQrQrQ,B,gemma-31b-nv,google/gemma-4-31b-it,novita/bf16,0,1.0,Novita,B,2.042e-05,2.335588867833072e-09,1.2385512460078019e-07,1
comprehension,own,neutral,1004,1,0,0,0,rQrQaPrQrQ,A,gemma-31b-nv,google/gemma-4-31b-it,novita/bf16,0,1.0,Novita,A,2.042e-05,,,
comprehension,own,neutral,1004,1,0,1,0,rQrQrQrQaP,A,gemma-31b-nv,google/gemma-4-31b-it,novita/bf16,0,1.0,Novita,A,2.042e-05,,,
comprehension,own,neutral,1005,-1,0,0,0,aPrQrQrQrQrQ,B,gemma-31b-nv,google/gemma-4-31b-it,novita/bf16,0,1.0,Novita,B,2.14e-05,,,
comprehension,own,neutral,1005,-1,0,1,0,rQrQrQrQaPrQ,B,gemma-31b-nv,google/gemma-4-31b-it,novita/bf16,0,1.0,Novita,B,2.14e-05,1.7087533688236237e-09,1.5267850161926333e-07,1
comprehension,own,neutral,1005,1,0,0,0,rQrQrQrQrQaP,A,gemma-31b-nv,google/gemma-4-31b-it,novita/bf16,0,1.0,Novita,A,2.14e-05,,,
comprehension,own,neutral,1005,1,0,1,0,rQrQrQrQaPrQ,A,gemma-31b-nv,google/gemma-4-31b-it,novita/bf16,0,1.0,Novita,A,2.14e-05,,,
comprehension,own,neutral,1010,-1,0,0,0,rPaP,B,gemma-31b-nv,google/gemma-4-31b-it,novita/bf16,0,1.0,Novita,B,1.748e-05,2.3355842384549327e-09,4.909860762403184e-08,1
comprehension,own,neutral,1010,-1,0,1,0,rPaP,B,gemma-31b-nv,google/gemma-4-31b-it,novita/bf16,0,1.0,Novita,B,1.748e-05,,,
comprehension,own,neutral,1010,1,0,0,0,aPrP,A,gemma-31b-nv,google/gemma-4-31b-it,novita/bf16,0,1.0,Novita,A,1.748e-05,,,
comprehension,own,neutral,1010,1,0,1,0,aPrP,A,gemma-31b-nv,google/gemma-4-31b-it,novita/bf16,0,1.0,Novita,A,1.748e-05,,,
comprehension,own,neutral,1011,-1,0,0,0,rQaPrP,B,gemma-31b-nv,google/gemma-4-31b-it,novita/bf16,0,1.0,Novita,B,1.846e-05,,,
comprehension,own,neutral,1011,-1,0,1,0,aPrPrQ,B,gemma-31b-nv,google/gemma-4-31b-it,novita/bf16,0,1.0,Novita,B,1.846e-05,2.7305800284296926e-09,1.243885110469023e-07,1
comprehension,own,neutral,1011,1,0,0,0,rPrQaP,A,gemma-31b-nv,google/gemma-4-31b-it,novita/bf16,0,1.0,Novita,A,1.846e-05,,,
comprehension,own,neutral,1011,1,0,1,0,rPrQaP,A,gemma-31b-nv,google/gemma-4-31b-it,novita/bf16,0,1.0,Novita,A,1.846e-05,,,
comprehension,own,neutral,1012,-1,0,0,0,aPrQrQrP,B,gemma-31b-nv,google/gemma-4-31b-it,novita/bf16,0,1.0,Novita,B,1.944e-05,,,
comprehension,own,neutral,1012,-1,0,1,0,rQaPrQrP,B,gemma-31b-nv,google/gemma-4-31b-it,novita/bf16,0,1.0,Novita,B,1.944e-05,,,
comprehension,own,neutral,1012,1,0,0,0,rQrQrPaP,A,gemma-31b-nv,google/gemma-4-31b-it,novita/bf16,0,1.0,Novita,A,1.944e-05,,,
comprehension,own,neutral,1012,1,0,1,0,aPrQrQrP,A,gemma-31b-nv,google/gemma-4-31b-it,novita/bf16,0,1.0,Novita,A,1.944e-05,0.999999943413825,6.545104620836462e-06,1
comprehension,own,neutral,1013,-1,0,0,0,rPrQrQrQaP,B,gemma-31b-nv,google/gemma-4-31b-it,novita/bf16,0,1.0,Novita,B,2.042e-05,,,
comprehension,own,neutral,1013,-1,0,1,0,rPrQrQrQaP,B,gemma-31b-nv,google/gemma-4-31b-it,novita/bf16,0,1.0,Novita,B,2.042e-05,,,
comprehension,own,neutral,1013,1,0,0,0,aPrQrQrPrQ,A,gemma-31b-nv,google/gemma-4-31b-it,novita/bf16,0,1.0,Novita,A,2.042e-05,,,
comprehension,own,neutral,1013,1,0,1,0,rPrQaPrQrQ,A,gemma-31b-nv,google/gemma-4-31b-it,novita/bf16,0,1.0,Novita,A,2.042e-05,0.9999999500628616,6.826877176568935e-06,1
comprehension,own,neutral,1014,-1,0,0,0,rQrPaPrQrQrQ,B,gemma-31b-nv,google/gemma-4-31b-it,novita/bf16,0,1.0,Novita,B,2.14e-05,,,
comprehension,own,neutral,1014,-1,0,1,0,rPrQrQaPrQrQ,B,gemma-31b-nv,google/gemma-4-31b-it,novita/bf16,0,1.0,Novita,B,2.14e-05,1.3101465873876511e-09,1.0143442230603483e-07,1
comprehension,own,neutral,1014,1,0,0,0,aPrQrQrQrQrP,A,gemma-31b-nv,google/gemma-4-31b-it,novita/bf16,0,1.0,Novita,A,2.14e-05,,,
comprehension,own,neutral,1014,1,0,1,0,rPrQaPrQrQrQ,A,gemma-31b-nv,google/gemma-4-31b-it,novita/bf16,0,1.0,Novita,A,2.14e-05,,,
comprehension,own,neutral,1020,-1,0,0,0,aPrPrP,B,gemma-31b-nv,google/gemma-4-31b-it,novita/bf16,0,1.0,Novita,B,1.846e-05,,,
comprehension,own,neutral,1020,-1,0,1,0,rPaPrP,B,gemma-31b-nv,google/gemma-4-31b-it,novita/bf16,0,1.0,Novita,B,1.846e-05,,,
comprehension,own,neutral,1020,1,0,0,0,aPrPrP,A,gemma-31b-nv,google/gemma-4-31b-it,novita/bf16,0,1.0,Novita,A,1.846e-05,,,
comprehension,own,neutral,1020,1,0,1,0,rPrPaP,A,gemma-31b-nv,google/gemma-4-31b-it,novita/bf16,0,1.0,Novita,A,1.846e-05,,,
comprehension,own,neutral,1021,-1,0,0,0,rQrPaPrP,B,gemma-31b-nv,google/gemma-4-31b-it,novita/bf16,0,1.0,Novita,B,1.944e-05,,,
comprehension,own,neutral,1021,-1,0,1,0,aPrPrPrQ,B,gemma-31b-nv,google/gemma-4-31b-it,novita/bf16,0,1.0,Novita,B,1.944e-05,3.293708283566891e-09,1.4159251415790663e-07,1
comprehension,own,neutral,1021,1,0,0,0,rPaPrPrQ,A,gemma-31b-nv,google/gemma-4-31b-it,novita/bf16,0,1.0,Novita,A,1.944e-05,0.9999999468421423,5.872786998262214e-06,1
comprehension,own,neutral,1021,1,0,1,0,rPrQaPrP,A,gemma-31b-nv,google/gemma-4-31b-it,novita/bf16,0,1.0,Novita,A,1.944e-05,,,
comprehension,own,neutral,1022,-1,0,0,0,aPrPrQrQrP,B,gemma-31b-nv,google/gemma-4-31b-it,novita/bf16,0,1.0,Novita,B,2.042e-05,,,
comprehension,own,neutral,1022,-1,0,1,0,rQrPrQrPaP,B,gemma-31b-nv,google/gemma-4-31b-it,novita/bf16,0,1.0,Novita,B,2.042e-05,,,
comprehension,own,neutral,1022,1,0,0,0,rPrQaPrQrP,A,gemma-31b-nv,google/gemma-4-31b-it,novita/bf16,0,1.0,Novita,A,2.042e-05,0.9999999226558072,7.367845103023463e-06,1
comprehension,own,neutral,1022,1,0,1,0,rPrQaPrPrQ,A,gemma-31b-nv,google/gemma-4-31b-it,novita/bf16,0,1.0,Novita,A,2.042e-05,0.999999963465199,5.178851014919772e-06,1
comprehension,own,neutral,1023,-1,0,0,0,rQrQrQrPrPaP,B,gemma-31b-nv,google/gemma-4-31b-it,novita/bf16,0,1.0,Novita,B,2.14e-05,,,
comprehension,own,neutral,1023,-1,0,1,0,rQrQrQrPaPrP,B,gemma-31b-nv,google/gemma-4-31b-it,novita/bf16,0,1.0,Novita,B,2.14e-05,,,
comprehension,own,neutral,1023,1,0,0,0,aPrQrQrPrQrP,A,gemma-31b-nv,google/gemma-4-31b-it,novita/bf16,0,1.0,Novita,A,2.14e-05,,,
comprehension,own,neutral,1023,1,0,1,0,rPaPrPrQrQrQ,A,gemma-31b-nv,google/gemma-4-31b-it,novita/bf16,0,1.0,Novita,A,2.14e-05,,,
comprehension,own,neutral,1030,-1,0,0,0,rPrPaPrP,B,gemma-31b-nv,google/gemma-4-31b-it,novita/bf16,0,1.0,Novita,B,1.944e-05,1.876698422461734e-09,1.4700204031825592e-07,1
comprehension,own,neutral,1030,-1,0,1,0,rPaPrPrP,B,gemma-31b-nv,google/gemma-4-31b-it,novita/bf16,0,1.0,Novita,B,1.944e-05,1.6305038976853883e-09,1.7876184132958883e-07,1
comprehension,own,neutral,1030,1,0,0,0,aPrPrPrP,A,gemma-31b-nv,google/gemma-4-31b-it,novita/bf16,0,1.0,Novita,A,1.944e-05,,,
comprehension,own,neutral,1030,1,0,1,0,rPaPrPrP,A,gemma-31b-nv,google/gemma-4-31b-it,novita/bf16,0,1.0,Novita,A,1.944e-05,0.9999999406981895,8.593986964844369e-06,1
comprehension,own,neutral,1031,-1,0,0,0,rPrQrPrPaP,B,gemma-31b-nv,google/gemma-4-31b-it,novita/bf16,0,1.0,Novita,B,2.042e-05,,,
comprehension,own,neutral,1031,-1,0,1,0,rPrPrPrQaP,B,gemma-31b-nv,google/gemma-4-31b-it,novita/bf16,0,1.0,Novita,B,2.042e-05,2.409728462039685e-09,1.4261378211699594e-07,1
comprehension,own,neutral,1031,1,0,0,0,rQrPaPrPrP,A,gemma-31b-nv,google/gemma-4-31b-it,novita/bf16,0,1.0,Novita,A,2.042e-05,0.9999999109774067,1.0889938589331294e-05,1
comprehension,own,neutral,1031,1,0,1,0,rPaPrPrQrP,A,gemma-31b-nv,google/gemma-4-31b-it,novita/bf16,0,1.0,Novita,A,2.042e-05,0.9999999767770632,3.44569548893503e-06,1
comprehension,own,neutral,1032,-1,0,0,0,rPrQrPrQaPrP,B,gemma-31b-nv,google/gemma-4-31b-it,novita/bf16,0,1.0,Novita,B,2.14e-05,7.349269744150439e-10,2.454587100242378e-08,1
comprehension,own,neutral,1032,-1,0,1,0,aPrQrPrQrPrP,B,gemma-31b-nv,google/gemma-4-31b-it,novita/bf16,0,1.0,Novita,B,2.14e-05,,,
comprehension,own,neutral,1032,1,0,0,0,rQaPrQrPrPrP,A,gemma-31b-nv,google/gemma-4-31b-it,novita/bf16,0,1.0,Novita,A,2.14e-05,0.9999999634651823,5.6374471372189205e-06,1
comprehension,own,neutral,1032,1,0,1,0,rPrQrPrPaPrQ,A,gemma-31b-nv,google/gemma-4-31b-it,novita/bf16,0,1.0,Novita,A,2.14e-05,0.9999999724220747,3.6509456252664663e-06,1
comprehension,own,neutral,1040,-1,0,0,0,rPrPaPrPrP,B,gemma-31b-nv,google/gemma-4-31b-it,novita/bf16,0,1.0,Novita,B,2.042e-05,,,
comprehension,own,neutral,1040,-1,0,1,0,rPrPrPaPrP,B,gemma-31b-nv,google/gemma-4-31b-it,novita/bf16,0,1.0,Novita,B,2.042e-05,,,
comprehension,own,neutral,1040,1,0,0,0,aPrPrPrPrP,A,gemma-31b-nv,google/gemma-4-31b-it,novita/bf16,0,1.0,Novita,A,2.042e-05,,,
comprehension,own,neutral,1040,1,0,1,0,rPrPaPrPrP,A,gemma-31b-nv,google/gemma-4-31b-it,novita/bf16,0,1.0,Novita,A,2.042e-05,,,
comprehension,own,neutral,1041,-1,0,0,0,aPrQrPrPrPrP,B,gemma-31b-nv,google/gemma-4-31b-it,novita/bf16,0,1.0,Novita,B,2.14e-05,,,
comprehension,own,neutral,1041,-1,0,1,0,rPrPaPrPrPrQ,B,gemma-31b-nv,google/gemma-4-31b-it,novita/bf16,0,1.0,Novita,B,2.14e-05,,,
comprehension,own,neutral,1041,1,0,0,0,aPrPrPrPrQrP,A,gemma-31b-nv,google/gemma-4-31b-it,novita/bf16,0,1.0,Novita,A,2.14e-05,,,
comprehension,own,neutral,1041,1,0,1,0,rQrPrPrPrPaP,A,gemma-31b-nv,google/gemma-4-31b-it,novita/bf16,0,1.0,Novita,A,2.14e-05,,,
comprehension,own,neutral,1050,-1,0,0,0,rPrPrPaPrPrP,B,gemma-31b-nv,google/gemma-4-31b-it,novita/bf16,0,1.0,Novita,B,2.14e-05,,,
comprehension,own,neutral,1050,-1,0,1,0,rPrPrPaPrPrP,B,gemma-31b-nv,google/gemma-4-31b-it,novita/bf16,0,1.0,Novita,B,2.14e-05,,,
comprehension,own,neutral,1050,1,0,0,0,aPrPrPrPrPrP,A,gemma-31b-nv,google/gemma-4-31b-it,novita/bf16,0,1.0,Novita,A,2.14e-05,,,
comprehension,own,neutral,1050,1,0,1,0,rPrPrPrPaPrP,A,gemma-31b-nv,google/gemma-4-31b-it,novita/bf16,0,1.0,Novita,A,2.14e-05,,,
comprehension,own,neutral,1100,-1,0,0,0,aPaQ,B,gemma-31b-nv,google/gemma-4-31b-it,novita/bf16,0,1.0,Novita,B,1.748e-05,,,
comprehension,own,neutral,1100,-1,0,1,0,aPaQ,B,gemma-31b-nv,google/gemma-4-31b-it,novita/bf16,0,1.0,Novita,B,1.748e-05,,,
comprehension,own,neutral,1100,1,0,0,0,aPaQ,A,gemma-31b-nv,google/gemma-4-31b-it,novita/bf16,0,1.0,Novita,A,1.748e-05,0.9999999579487031,5.15414690727134e-06,1
comprehension,own,neutral,1100,1,0,1,0,aQaP,A,gemma-31b-nv,google/gemma-4-31b-it,novita/bf16,0,1.0,Novita,A,1.748e-05,,,
comprehension,own,neutral,1101,-1,0,0,0,aPaQrQ,B,gemma-31b-nv,google/gemma-4-31b-it,novita/bf16,0,1.0,Novita,B,1.846e-05,,,
comprehension,own,neutral,1101,-1,0,1,0,aQaPrQ,B,gemma-31b-nv,google/gemma-4-31b-it,novita/bf16,0,1.0,Novita,B,1.846e-05,,,
comprehension,own,neutral,1101,1,0,0,0,rQaQaP,A,gemma-31b-nv,google/gemma-4-31b-it,novita/bf16,0,1.0,Novita,A,1.846e-05,0.999999958600641,5.324279358287498e-06,1
comprehension,own,neutral,1101,1,0,1,0,rQaQaP,A,gemma-31b-nv,google/gemma-4-31b-it,novita/bf16,0,1.0,Novita,A,1.846e-05,,,
comprehension,own,neutral,1102,-1,0,0,0,rQaQrQaP,B,gemma-31b-nv,google/gemma-4-31b-it,novita/bf16,0,1.0,Novita,B,1.944e-05,,,
comprehension,own,neutral,1102,-1,0,1,0,rQaQaPrQ,B,gemma-31b-nv,google/gemma-4-31b-it,novita/bf16,0,1.0,Novita,B,1.944e-05,,,
comprehension,own,neutral,1102,1,0,0,0,aPrQaQrQ,A,gemma-31b-nv,google/gemma-4-31b-it,novita/bf16,0,1.0,Novita,A,1.944e-05,,,
comprehension,own,neutral,1102,1,0,1,0,aQrQaPrQ,A,gemma-31b-nv,google/gemma-4-31b-it,novita/bf16,0,1.0,Novita,A,1.944e-05,,,
comprehension,own,neutral,1103,-1,0,0,0,aPaQrQrQrQ,B,gemma-31b-nv,google/gemma-4-31b-it,novita/bf16,0,1.0,Novita,B,2.042e-05,,,
comprehension,own,neutral,1103,-1,0,1,0,rQaPrQrQaQ,B,gemma-31b-nv,google/gemma-4-31b-it,novita/bf16,0,1.0,Novita,B,2.042e-05,,,
comprehension,own,neutral,1103,1,0,0,0,rQrQrQaPaQ,A,gemma-31b-nv,google/gemma-4-31b-it,novita/bf16,0,1.0,Novita,A,2.042e-05,,,
comprehension,own,neutral,1103,1,0,1,0,rQaPrQrQaQ,A,gemma-31b-nv,google/gemma-4-31b-it,novita/bf16,0,1.0,Novita,A,2.042e-05,,,
comprehension,own,neutral,1104,-1,0,0,0,rQrQrQrQaQaP,B,gemma-31b-nv,google/gemma-4-31b-it,novita/bf16,0,1.0,Novita,B,2.14e-05,,,
comprehension,own,neutral,1104,-1,0,1,0,rQaQrQrQaPrQ,B,gemma-31b-nv,google/gemma-4-31b-it,novita/bf16,0,1.0,Novita,B,2.14e-05,1.3307783792636511e-09,9.034274550678845e-08,1
comprehension,own,neutral,1104,1,0,0,0,rQrQaQrQrQaP,A,gemma-31b-nv,google/gemma-4-31b-it,novita/bf16,0,1.0,Novita,A,2.14e-05,,,
comprehension,own,neutral,1104,1,0,1,0,aQrQrQaPrQrQ,A,gemma-31b-nv,google/gemma-4-31b-it,novita/bf16,0,1.0,Novita,A,2.14e-05,,,
comprehension,own,neutral,1110,-1,0,0,0,aQaPrP,B,gemma-31b-nv,google/gemma-4-31b-it,novita/bf16,0,1.0,Novita,B,1.846e-05,2.093608387613019e-09,1.5103274020322743e-07,1
comprehension,own,neutral,1110,-1,0,1,0,rPaQaP,B,gemma-31b-nv,google/gemma-4-31b-it,novita/bf16,0,1.0,Novita,B,1.846e-05,1.6561834655906533e-09,2.9364115583518924e-09,1
comprehension,own,neutral,1110,1,0,0,0,aQaPrP,A,gemma-31b-nv,google/gemma-4-31b-it,novita/bf16,0,1.0,Novita,A,1.846e-05,,,
comprehension,own,neutral,1110,1,0,1,0,aQaPrP,A,gemma-31b-nv,google/gemma-4-31b-it,novita/bf16,0,1.0,Novita,A,1.846e-05,,,
comprehension,own,neutral,1111,-1,0,0,0,rQrPaQaP,B,gemma-31b-nv,google/gemma-4-31b-it,novita/bf16,0,1.0,Novita,B,1.944e-05,1.7087531623129555e-09,3.182392671607914e-08,1
comprehension,own,neutral,1111,-1,0,1,0,aQrQaPrP,B,gemma-31b-nv,google/gemma-4-31b-it,novita/bf16,0,1.0,Novita,B,1.944e-05,,,
comprehension,own,neutral,1111,1,0,0,0,rQaPaQrP,A,gemma-31b-nv,google/gemma-4-31b-it,novita/bf16,0,1.0,Novita,A,1.944e-05,,,
comprehension,own,neutral,1111,1,0,1,0,rPaPaQrQ,A,gemma-31b-nv,google/gemma-4-31b-it,novita/bf16,0,1.0,Novita,A,1.944e-05,,,
comprehension,own,neutral,1112,-1,0,0,0,rQrQaPaQrP,B,gemma-31b-nv,google/gemma-4-31b-it,novita/bf16,0,1.0,Novita,B,2.042e-05,,,
comprehension,own,neutral,1112,-1,0,1,0,rPaQaPrQrQ,B,gemma-31b-nv,google/gemma-4-31b-it,novita/bf16,0,1.0,Novita,B,2.042e-05,,,
comprehension,own,neutral,1112,1,0,0,0,rQrPrQaQaP,A,gemma-31b-nv,google/gemma-4-31b-it,novita/bf16,0,1.0,Novita,A,2.042e-05,,,
comprehension,own,neutral,1112,1,0,1,0,aPrQrQaQrP,A,gemma-31b-nv,google/gemma-4-31b-it,novita/bf16,0,1.0,Novita,A,2.042e-05,,,
comprehension,own,neutral,1113,-1,0,0,0,rPaPrQrQaQrQ,B,gemma-31b-nv,google/gemma-4-31b-it,novita/bf16,0,1.0,Novita,B,2.14e-05,,,
comprehension,own,neutral,1113,-1,0,1,0,rPrQaPrQaQrQ,B,gemma-31b-nv,google/gemma-4-31b-it,novita/bf16,0,1.0,Novita,B,2.14e-05,,,
comprehension,own,neutral,1113,1,0,0,0,rPrQaQaPrQrQ,A,gemma-31b-nv,google/gemma-4-31b-it,novita/bf16,0,1.0,Novita,A,2.14e-05,,,
comprehension,own,neutral,1113,1,0,1,0,rPaQrQrQrQaP,A,gemma-31b-nv,google/gemma-4-31b-it,novita/bf16,0,1.0,Novita,A,2.14e-05,,,
comprehension,own,neutral,1120,-1,0,0,0,aQaPrPrP,B,gemma-31b-nv,google/gemma-4-31b-it,novita/bf16,0,1.0,Novita,B,1.944e-05,,,
comprehension,own,neutral,1120,-1,0,1,0,aPrPaQrP,B,gemma-31b-nv,google/gemma-4-31b-it,novita/bf16,0,1.0,Novita,B,1.944e-05,,,
comprehension,own,neutral,1120,1,0,0,0,rPrPaPaQ,A,gemma-31b-nv,google/gemma-4-31b-it,novita/bf16,0,1.0,Novita,A,1.944e-05,,,
comprehension,own,neutral,1120,1,0,1,0,aPrPaQrP,A,gemma-31b-nv,google/gemma-4-31b-it,novita/bf16,0,1.0,Novita,A,1.944e-05,,,
comprehension,own,neutral,1121,-1,0,0,0,rPrPaQrQaP,B,gemma-31b-nv,google/gemma-4-31b-it,novita/bf16,0,1.0,Novita,B,2.042e-05,,,
comprehension,own,neutral,1121,-1,0,1,0,rPrQaPrPaQ,B,gemma-31b-nv,google/gemma-4-31b-it,novita/bf16,0,1.0,Novita,B,2.042e-05,,,
comprehension,own,neutral,1121,1,0,0,0,aQrQaPrPrP,A,gemma-31b-nv,google/gemma-4-31b-it,novita/bf16,0,1.0,Novita,A,2.042e-05,0.999999932802198,7.398430899696606e-06,1
comprehension,own,neutral,1121,1,0,1,0,rPrQaPrPaQ,A,gemma-31b-nv,google/gemma-4-31b-it,novita/bf16,0,1.0,Novita,A,2.042e-05,,,
comprehension,own,neutral,1122,-1,0,0,0,rQrQaQrPaPrP,B,gemma-31b-nv,google/gemma-4-31b-it,novita/bf16,0,1.0,Novita,B,2.14e-05,,,
comprehension,own,neutral,1122,-1,0,1,0,rQrPrPrQaQaP,B,gemma-31b-nv,google/gemma-4-31b-it,novita/bf16,0,1.0,Novita,B,2.14e-05,,,
comprehension,own,neutral,1122,1,0,0,0,rPaPrQrQaQrP,A,gemma-31b-nv,google/gemma-4-31b-it,novita/bf16,0,1.0,Novita,A,2.14e-05,0.9999999611088722,4.163997547546039e-06,1
comprehension,own,neutral,1122,1,0,1,0,rQaPrPrPrQaQ,A,gemma-31b-nv,google/gemma-4-31b-it,novita/bf16,0,1.0,Novita,A,2.14e-05,,,
comprehension,own,neutral,1130,-1,0,0,0,aQrPrPaPrP,B,gemma-31b-nv,google/gemma-4-31b-it,novita/bf16,0,1.0,Novita,B,2.042e-05,1.8189583263850471e-09,6.131607743764533e-08,1
comprehension,own,neutral,1130,-1,0,1,0,rPrPaQrPaP,B,gemma-31b-nv,google/gemma-4-31b-it,novita/bf16,0,1.0,Novita,B,2.042e-05,,,
comprehension,own,neutral,1130,1,0,0,0,rPaPaQrPrP,A,gemma-31b-nv,google/gemma-4-31b-it,novita/bf16,0,1.0,Novita,A,2.042e-05,,,
comprehension,own,neutral,1130,1,0,1,0,rPrPaQaPrP,A,gemma-31b-nv,google/gemma-4-31b-it,novita/bf16,0,1.0,Novita,A,2.042e-05,,,
comprehension,own,neutral,1131,-1,0,0,0,aPrPrPrQrPaQ,B,gemma-31b-nv,google/gemma-4-31b-it,novita/bf16,0,1.0,Novita,B,2.14e-05,,,
comprehension,own,neutral,1131,-1,0,1,0,aPaQrQrPrPrP,B,gemma-31b-nv,google/gemma-4-31b-it,novita/bf16,0,1.0,Novita,B,2.14e-05,,,
comprehension,own,neutral,1131,1,0,0,0,rQrPrPaQrPaP,A,gemma-31b-nv,google/gemma-4-31b-it,novita/bf16,0,1.0,Novita,A,2.14e-05,,,
comprehension,own,neutral,1131,1,0,1,0,rPaQrQaPrPrP,A,gemma-31b-nv,google/gemma-4-31b-it,novita/bf16,0,1.0,Novita,A,2.14e-05,,,
comprehension,own,neutral,1140,-1,0,0,0,rPrPrPaQaPrP,B,gemma-31b-nv,google/gemma-4-31b-it,novita/bf16,0,1.0,Novita,B,2.14e-05,,,
comprehension,own,neutral,1140,-1,0,1,0,aQrPrPaPrPrP,B,gemma-31b-nv,google/gemma-4-31b-it,novita/bf16,0,1.0,Novita,B,2.14e-05,2.061149895926974e-09,1.0143442230603483e-07,1
comprehension,own,neutral,1140,1,0,0,0,rPaPrPrPrPaQ,A,gemma-31b-nv,google/gemma-4-31b-it,novita/bf16,0,1.0,Novita,A,2.14e-05,,,
comprehension,own,neutral,1140,1,0,1,0,rPaQrPrPrPaP,A,gemma-31b-nv,google/gemma-4-31b-it,novita/bf16,0,1.0,Novita,A,2.14e-05,,,
comprehension,own,neutral,1200,-1,0,0,0,aPaQaQ,B,gemma-31b-nv,google/gemma-4-31b-it,novita/bf16,0,1.0,Novita,B,1.846e-05,1.8189583158560187e-09,5.552758430837912e-08,1
comprehension,own,neutral,1200,-1,0,1,0,aQaPaQ,B,gemma-31b-nv,google/gemma-4-31b-it,novita/bf16,0,1.0,Novita,B,1.846e-05,,,
comprehension,own,neutral,1200,1,0,0,0,aQaPaQ,A,gemma-31b-nv,google/gemma-4-31b-it,novita/bf16,0,1.0,Novita,A,1.846e-05,,,
comprehension,own,neutral,1200,1,0,1,0,aQaPaQ,A,gemma-31b-nv,google/gemma-4-31b-it,novita/bf16,0,1.0,Novita,A,1.846e-05,0.9999999767770369,4.5769209768842245e-06,1
comprehension,own,neutral,1201,-1,0,0,0,aQaQaPrQ,B,gemma-31b-nv,google/gemma-4-31b-it,novita/bf16,0,1.0,Novita,B,1.944e-05,,,
comprehension,own,neutral,1201,-1,0,1,0,aPrQaQaQ,B,gemma-31b-nv,google/gemma-4-31b-it,novita/bf16,0,1.0,Novita,B,1.944e-05,,,
comprehension,own,neutral,1201,1,0,0,0,aQrQaPaQ,A,gemma-31b-nv,google/gemma-4-31b-it,novita/bf16,0,1.0,Novita,A,1.944e-05,,,
comprehension,own,neutral,1201,1,0,1,0,aQrQaPaQ,A,gemma-31b-nv,google/gemma-4-31b-it,novita/bf16,0,1.0,Novita,A,1.944e-05,,,
comprehension,own,neutral,1202,-1,0,0,0,rQrQaQaPaQ,B,gemma-31b-nv,google/gemma-4-31b-it,novita/bf16,0,1.0,Novita,B,2.042e-05,,,
comprehension,own,neutral,1202,-1,0,1,0,aPrQaQrQaQ,B,gemma-31b-nv,google/gemma-4-31b-it,novita/bf16,0,1.0,Novita,B,2.042e-05,1.4389145939354966e-09,1.4700204031825592e-07,1
comprehension,own,neutral,1202,1,0,0,0,rQaQaQrQaP,A,gemma-31b-nv,google/gemma-4-31b-it,novita/bf16,0,1.0,Novita,A,2.042e-05,,,
comprehension,own,neutral,1202,1,0,1,0,rQaQrQaPaQ,A,gemma-31b-nv,google/gemma-4-31b-it,novita/bf16,0,1.0,Novita,A,2.042e-05,,,
comprehension,own,neutral,1203,-1,0,0,0,rQrQrQaQaQaP,B,gemma-31b-nv,google/gemma-4-31b-it,novita/bf16,0,1.0,Novita,B,2.14e-05,,,
comprehension,own,neutral,1203,-1,0,1,0,aQrQaPrQaQrQ,B,gemma-31b-nv,google/gemma-4-31b-it,novita/bf16,0,1.0,Novita,B,2.14e-05,,,
comprehension,own,neutral,1203,1,0,0,0,rQrQaQaPrQaQ,A,gemma-31b-nv,google/gemma-4-31b-it,novita/bf16,0,1.0,Novita,A,2.14e-05,,,
comprehension,own,neutral,1203,1,0,1,0,rQrQrQaQaQaP,A,gemma-31b-nv,google/gemma-4-31b-it,novita/bf16,0,1.0,Novita,A,2.14e-05,,,
comprehension,own,neutral,1210,-1,0,0,0,aPrPaQaQ,B,gemma-31b-nv,google/gemma-4-31b-it,novita/bf16,0,1.0,Novita,B,1.944e-05,,,
comprehension,own,neutral,1210,-1,0,1,0,aQaQaPrP,B,gemma-31b-nv,google/gemma-4-31b-it,novita/bf16,0,1.0,Novita,B,1.944e-05,2.7305800781952605e-09,1.4261378211699594e-07,1
comprehension,own,neutral,1210,1,0,0,0,rPaQaQaP,A,gemma-31b-nv,google/gemma-4-31b-it,novita/bf16,0,1.0,Novita,A,1.944e-05,,,
comprehension,own,neutral,1210,1,0,1,0,aQaQrPaP,A,gemma-31b-nv,google/gemma-4-31b-it,novita/bf16,0,1.0,Novita,A,1.944e-05,,,
comprehension,own,neutral,1211,-1,0,0,0,rQaPrPaQaQ,B,gemma-31b-nv,google/gemma-4-31b-it,novita/bf16,0,1.0,Novita,B,2.042e-05,1.936271128862704e-09,9.728751870774488e-08,1
comprehension,own,neutral,1211,-1,0,1,0,aPrQaQrPaQ,B,gemma-31b-nv,google/gemma-4-31b-it,novita/bf16,0,1.0,Novita,B,2.042e-05,1.7356622542250023e-09,1.1543009192926945e-07,1
comprehension,own,neutral,1211,1,0,0,0,rPrQaPaQaQ,A,gemma-31b-nv,google/gemma-4-31b-it,novita/bf16,0,1.0,Novita,A,2.042e-05,0.9999999273418053,8.045672960532713e-06,1
comprehension,own,neutral,1211,1,0,1,0,aQaQaPrQrP,A,gemma-31b-nv,google/gemma-4-31b-it,novita/bf16,0,1.0,Novita,A,2.042e-05,0.9999999728496168,4.164926188710005e-06,1
comprehension,own,neutral,1212,-1,0,0,0,rQaPaQrQaQrP,B,gemma-31b-nv,google/gemma-4-31b-it,novita/bf16,0,1.0,Novita,B,2.14e-05,,,
comprehension,own,neutral,1212,-1,0,1,0,rPrQaQrQaQaP,B,gemma-31b-nv,google/gemma-4-31b-it,novita/bf16,0,1.0,Novita,B,2.14e-05,,,
comprehension,own,neutral,1212,1,0,0,0,aQrPaPrQrQaQ,A,gemma-31b-nv,google/gemma-4-31b-it,novita/bf16,0,1.0,Novita,A,2.14e-05,,,
comprehension,own,neutral,1212,1,0,1,0,rPrQrQaQaQaP,A,gemma-31b-nv,google/gemma-4-31b-it,novita/bf16,0,1.0,Novita,A,2.14e-05,0.9999999771371161,2.805925860771552e-06,1
comprehension,own,neutral,1220,-1,0,0,0,rPrPaQaQaP,B,gemma-31b-nv,google/gemma-4-31b-it,novita/bf16,0,1.0,Novita,B,2.042e-05,,,
comprehension,own,neutral,1220,-1,0,1,0,rPrPaQaQaP,B,gemma-31b-nv,google/gemma-4-31b-it,novita/bf16,0,1.0,Novita,B,2.042e-05,1.9362711813375794e-09,1.243885110469023e-07,1
comprehension,own,neutral,1220,1,0,0,0,rPaPaQrPaQ,A,gemma-31b-nv,google/gemma-4-31b-it,novita/bf16,0,1.0,Novita,A,2.042e-05,0.9999999687500962,4.306130432230049e-06,1
comprehension,own,neutral,1220,1,0,1,0,aQrPrPaPaQ,A,gemma-31b-nv,google/gemma-4-31b-it,novita/bf16,0,1.0,Novita,A,2.042e-05,0.9999999697116034,4.6056182304576865e-06,1
comprehension,own,neutral,1221,-1,0,0,0,aQaQrPaPrPrQ,B,gemma-31b-nv,google/gemma-4-31b-it,novita/bf16,0,1.0,Novita,B,2.14e-05,,,
comprehension,own,neutral,1221,-1,0,1,0,aPaQrQrPrPaQ,B,gemma-31b-nv,google/gemma-4-31b-it,novita/bf16,0,1.0,Novita,B,2.14e-05,,,
comprehension,own,neutral,1221,1,0,0,0,rPaQrPaQaPrQ,A,gemma-31b-nv,google/gemma-4-31b-it,novita/bf16,0,1.0,Novita,A,2.14e-05,0.9999999656787031,4.074599721071159e-06,1
comprehension,own,neutral,1221,1,0,1,0,aQrPrPrQaPaQ,A,gemma-31b-nv,google/gemma-4-31b-it,novita/bf16,0,1.0,Novita,A,2.14e-05,0.9999999813398611,2.633591500877941e-06,1
comprehension,own,neutral,1230,-1,0,0,0,aQaPrPrPaQrP,B,gemma-31b-nv,google/gemma-4-31b-it,novita/bf16,0,1.0,Novita,B,2.14e-05,9.436649861720463e-10,1.0064351840810559e-07,1
comprehension,own,neutral,1230,-1,0,1,0,aPrPaQaQrPrP,B,gemma-31b-nv,google/gemma-4-31b-it,novita/bf16,0,1.0,Novita,B,2.14e-05,,,
comprehension,own,neutral,1230,1,0,0,0,aQaQaPrPrPrP,A,gemma-31b-nv,google/gemma-4-31b-it,novita/bf16,0,1.0,Novita,A,2.14e-05,,,
comprehension,own,neutral,1230,1,0,1,0,rPrPaQrPaPaQ,A,gemma-31b-nv,google/gemma-4-31b-it,novita/bf16,0,1.0,Novita,A,2.14e-05,,,
comprehension,own,neutral,1300,-1,0,0,0,aQaQaPaQ,B,gemma-31b-nv,google/gemma-4-31b-it,novita/bf16,0,1.0,Novita,B,1.944e-05,2.1600665929555356e-09,1.2385512460078019e-07,1
comprehension,own,neutral,1300,-1,0,1,0,aQaQaQaP,B,gemma-31b-nv,google/gemma-4-31b-it,novita/bf16,0,1.0,Novita,B,1.944e-05,,,
comprehension,own,neutral,1300,1,0,0,0,aQaPaQaQ,A,gemma-31b-nv,google/gemma-4-31b-it,novita/bf16,0,1.0,Novita,A,1.944e-05,,,
comprehension,own,neutral,1300,1,0,1,0,aPaQaQaQ,A,gemma-31b-nv,google/gemma-4-31b-it,novita/bf16,0,1.0,Novita,A,1.944e-05,,,
comprehension,own,neutral,1301,-1,0,0,0,rQaPaQaQaQ,B,gemma-31b-nv,google/gemma-4-31b-it,novita/bf16,0,1.0,Novita,B,2.042e-05,,,
comprehension,own,neutral,1301,-1,0,1,0,aQrQaQaQaP,B,gemma-31b-nv,google/gemma-4-31b-it,novita/bf16,0,1.0,Novita,B,2.042e-05,2.06114983086451e-09,6.986832423727662e-08,1
comprehension,own,neutral,1301,1,0,0,0,aQaPrQaQaQ,A,gemma-31b-nv,google/gemma-4-31b-it,novita/bf16,0,1.0,Novita,A,2.042e-05,,,
comprehension,own,neutral,1301,1,0,1,0,aQaQaPrQaQ,A,gemma-31b-nv,google/gemma-4-31b-it,novita/bf16,0,1.0,Novita,A,2.042e-05,0.9999999623054462,5.5447318485501995e-06,1
comprehension,own,neutral,1302,-1,0,0,0,rQaQrQaPaQaQ,B,gemma-31b-nv,google/gemma-4-31b-it,novita/bf16,0,1.0,Novita,B,2.14e-05,,,
comprehension,own,neutral,1302,-1,0,1,0,aPaQaQrQrQaQ,B,gemma-31b-nv,google/gemma-4-31b-it,novita/bf16,0,1.0,Novita,B,2.14e-05,1.1382750019935162e-09,3.182392671607914e-08,1
comprehension,own,neutral,1302,1,0,0,0,aQrQaQaQrQaP,A,gemma-31b-nv,google/gemma-4-31b-it,novita/bf16,0,1.0,Novita,A,2.14e-05,,,
comprehension,own,neutral,1302,1,0,1,0,rQrQaQaQaPaQ,A,gemma-31b-nv,google/gemma-4-31b-it,novita/bf16,0,1.0,Novita,A,2.14e-05,,,
comprehension,own,neutral,1310,-1,0,0,0,aPaQrPaQaQ,B,gemma-31b-nv,google/gemma-4-31b-it,novita/bf16,0,1.0,Novita,B,2.042e-05,1.2898345522791319e-09,2.77931984093982e-08,1
comprehension,own,neutral,1310,-1,0,1,0,aQaPaQaQrP,B,gemma-31b-nv,google/gemma-4-31b-it,novita/bf16,0,1.0,Novita,B,2.042e-05,,,
comprehension,own,neutral,1310,1,0,0,0,aQaQaPrPaQ,A,gemma-31b-nv,google/gemma-4-31b-it,novita/bf16,0,1.0,Novita,A,2.042e-05,,,
comprehension,own,neutral,1310,1,0,1,0,aQaPaQaQrP,A,gemma-31b-nv,google/gemma-4-31b-it,novita/bf16,0,1.0,Novita,A,2.042e-05,,,
comprehension,own,neutral,1311,-1,0,0,0,aPaQaQrPaQrQ,B,gemma-31b-nv,google/gemma-4-31b-it,novita/bf16,0,1.0,Novita,B,2.14e-05,,,
comprehension,own,neutral,1311,-1,0,1,0,aQrPrQaQaPaQ,B,gemma-31b-nv,google/gemma-4-31b-it,novita/bf16,0,1.0,Novita,B,2.14e-05,,,
comprehension,own,neutral,1311,1,0,0,0,aQrQaPaQaQrP,A,gemma-31b-nv,google/gemma-4-31b-it,novita/bf16,0,1.0,Novita,A,2.14e-05,,,
comprehension,own,neutral,1311,1,0,1,0,aQrQaPaQrPaQ,A,gemma-31b-nv,google/gemma-4-31b-it,novita/bf16,0,1.0,Novita,A,2.14e-05,0.9999999710985771,3.836341098573115e-06,1
comprehension,own,neutral,1320,-1,0,0,0,aQrPaPaQaQrP,B,gemma-31b-nv,google/gemma-4-31b-it,novita/bf16,0,1.0,Novita,B,2.14e-05,,,
comprehension,own,neutral,1320,-1,0,1,0,rPaPrPaQaQaQ,B,gemma-31b-nv,google/gemma-4-31b-it,novita/bf16,0,1.0,Novita,B,2.14e-05,,,
comprehension,own,neutral,1320,1,0,0,0,aQaQaQaPrPrP,A,gemma-31b-nv,google/gemma-4-31b-it,novita/bf16,0,1.0,Novita,A,2.14e-05,,,
comprehension,own,neutral,1320,1,0,1,0,rPaQaQrPaPaQ,A,gemma-31b-nv,google/gemma-4-31b-it,novita/bf16,0,1.0,Novita,A,2.14e-05,,,
comprehension,own,neutral,1400,-1,0,0,0,aQaPaQaQaQ,B,gemma-31b-nv,google/gemma-4-31b-it,novita/bf16,0,1.0,Novita,B,2.042e-05,,,
comprehension,own,neutral,1400,-1,0,1,0,aQaQaQaQaP,B,gemma-31b-nv,google/gemma-4-31b-it,novita/bf16,0,1.0,Novita,B,2.042e-05,1.138275045298506e-09,6.986832423727662e-08,1
comprehension,own,neutral,1400,1,0,0,0,aPaQaQaQaQ,A,gemma-31b-nv,google/gemma-4-31b-it,novita/bf16,0,1.0,Novita,A,2.042e-05,,,
comprehension,own,neutral,1400,1,0,1,0,aQaQaPaQaQ,A,gemma-31b-nv,google/gemma-4-31b-it,novita/bf16,0,1.0,Novita,A,2.042e-05,,,
comprehension,own,neutral,1401,-1,0,0,0,aQrQaPaQaQaQ,B,gemma-31b-nv,google/gemma-4-31b-it,novita/bf16,0,1.0,Novita,B,2.14e-05,2.19407842866502e-09,8.804375761783945e-08,1
comprehension,own,neutral,1401,-1,0,1,0,aQaQaPaQrQaQ,B,gemma-31b-nv,google/gemma-4-31b-it,novita/bf16,0,1.0,Novita,B,2.14e-05,,,
comprehension,own,neutral,1401,1,0,0,0,aPrQaQaQaQaQ,A,gemma-31b-nv,google/gemma-4-31b-it,novita/bf16,0,1.0,Novita,A,2.14e-05,,,
comprehension,own,neutral,1401,1,0,1,0,aQaQaQrQaQaP,A,gemma-31b-nv,google/gemma-4-31b-it,novita/bf16,0,1.0,Novita,A,2.14e-05,,,
comprehension,own,neutral,1410,-1,0,0,0,aQaQrPaQaPaQ,B,gemma-31b-nv,google/gemma-4-31b-it,novita/bf16,0,1.0,Novita,B,2.14e-05,1.1206255980355957e-09,7.791114531308097e-08,1
comprehension,own,neutral,1410,-1,0,1,0,aQaQaPaQrPaQ,B,gemma-31b-nv,google/gemma-4-31b-it,novita/bf16,0,1.0,Novita,B,2.14e-05,,,
comprehension,own,neutral,1410,1,0,0,0,aQaQaPrPaQaQ,A,gemma-31b-nv,google/gemma-4-31b-it,novita/bf16,0,1.0,Novita,A,2.14e-05,,,
comprehension,own,neutral,1410,1,0,1,0,rPaQaQaQaPaQ,A,gemma-31b-nv,google/gemma-4-31b-it,novita/bf16,0,1.0,Novita,A,2.14e-05,,,
comprehension,own,neutral,1500,-1,0,0,0,aQaQaQaPaQaQ,B,gemma-31b-nv,google/gemma-4-31b-it,novita/bf16,0,1.0,Novita,B,2.14e-05,,,
comprehension,own,neutral,1500,-1,0,1,0,aQaPaQaQaQaQ,B,gemma-31b-nv,google/gemma-4-31b-it,novita/bf16,0,1.0,Novita,B,2.14e-05,,,
comprehension,own,neutral,1500,1,0,0,0,aQaQaQaQaQaP,A,gemma-31b-nv,google/gemma-4-31b-it,novita/bf16,0,1.0,Novita,A,2.14e-05,,,
comprehension,own,neutral,1500,1,0,1,0,aQaPaQaQaQaQ,A,gemma-31b-nv,google/gemma-4-31b-it,novita/bf16,0,1.0,Novita,A,2.14e-05,,,
comprehension,own,neutral,2000,-1,0,0,0,aPaP,B,gemma-31b-nv,google/gemma-4-31b-it,novita/bf16,0,1.0,Novita,B,1.748e-05,1.0045222257210373e-09,9.93679627470101e-09,1
comprehension,own,neutral,2000,-1,0,1,0,aPaP,B,gemma-31b-nv,google/gemma-4-31b-it,novita/bf16,0,1.0,Novita,B,1.748e-05,,,
comprehension,own,neutral,2000,1,0,0,0,aPaP,A,gemma-31b-nv,google/gemma-4-31b-it,novita/bf16,0,1.0,Novita,A,1.748e-05,,,
comprehension,own,neutral,2000,1,0,1,0,aPaP,A,gemma-31b-nv,google/gemma-4-31b-it,novita/bf16,0,1.0,Novita,A,1.748e-05,,,
comprehension,own,neutral,2001,-1,0,0,0,rQaPaP,B,gemma-31b-nv,google/gemma-4-31b-it,novita/bf16,0,1.0,Novita,B,1.846e-05,,,
comprehension,own,neutral,2001,-1,0,1,0,rQaPaP,B,gemma-31b-nv,google/gemma-4-31b-it,novita/bf16,0,1.0,Novita,B,1.846e-05,,,
comprehension,own,neutral,2001,1,0,0,0,aPrQaP,A,gemma-31b-nv,google/gemma-4-31b-it,novita/bf16,0,1.0,Novita,A,1.846e-05,,,
comprehension,own,neutral,2001,1,0,1,0,aPrQaP,A,gemma-31b-nv,google/gemma-4-31b-it,novita/bf16,0,1.0,Novita,A,1.846e-05,,,
comprehension,own,neutral,2002,-1,0,0,0,rQaPrQaP,B,gemma-31b-nv,google/gemma-4-31b-it,novita/bf16,0,1.0,Novita,B,1.944e-05,,,
comprehension,own,neutral,2002,-1,0,1,0,aPrQrQaP,B,gemma-31b-nv,google/gemma-4-31b-it,novita/bf16,0,1.0,Novita,B,1.944e-05,,,
comprehension,own,neutral,2002,1,0,0,0,aPaPrQrQ,A,gemma-31b-nv,google/gemma-4-31b-it,novita/bf16,0,1.0,Novita,A,1.944e-05,0.9999998991241167,1.3498640074605106e-05,1
comprehension,own,neutral,2002,1,0,1,0,aPrQrQaP,A,gemma-31b-nv,google/gemma-4-31b-it,novita/bf16,0,1.0,Novita,A,1.944e-05,0.9999999468421727,7.205383633523965e-06,1
comprehension,own,neutral,2003,-1,0,0,0,aPrQrQrQaP,B,gemma-31b-nv,google/gemma-4-31b-it,novita/bf16,0,1.0,Novita,B,2.042e-05,,,
comprehension,own,neutral,2003,-1,0,1,0,rQrQaPaPrQ,B,gemma-31b-nv,google/gemma-4-31b-it,novita/bf16,0,1.0,Novita,B,2.042e-05,,,
comprehension,own,neutral,2003,1,0,0,0,aPrQrQaPrQ,A,gemma-31b-nv,google/gemma-4-31b-it,novita/bf16,0,1.0,Novita,A,2.042e-05,,,
comprehension,own,neutral,2003,1,0,1,0,aPrQrQaPrQ,A,gemma-31b-nv,google/gemma-4-31b-it,novita/bf16,0,1.0,Novita,A,2.042e-05,,,
comprehension,own,neutral,2004,-1,0,0,0,aPrQaPrQrQrQ,B,gemma-31b-nv,google/gemma-4-31b-it,novita/bf16,0,1.0,Novita,B,2.14e-05,,,
comprehension,own,neutral,2004,-1,0,1,0,rQrQaPrQaPrQ,B,gemma-31b-nv,google/gemma-4-31b-it,novita/bf16,0,1.0,Novita,B,2.14e-05,,,
comprehension,own,neutral,2004,1,0,0,0,rQaPrQaPrQrQ,A,gemma-31b-nv,google/gemma-4-31b-it,novita/bf16,0,1.0,Novita,A,2.14e-05,0.9999999677581193,4.261640263014677e-06,1
comprehension,own,neutral,2004,1,0,1,0,rQrQaPaPrQrQ,A,gemma-31b-nv,google/gemma-4-31b-it,novita/bf16,0,1.0,Novita,A,2.14e-05,0.9999999623054763,4.747505484070658e-06,1
comprehension,own,neutral,2010,-1,0,0,0,aPaPrP,B,gemma-31b-nv,google/gemma-4-31b-it,novita/bf16,0,1.0,Novita,B,1.846e-05,,,
comprehension,own,neutral,2010,-1,0,1,0,rPaPaP,B,gemma-31b-nv,google/gemma-4-31b-it,novita/bf16,0,1.0,Novita,B,1.846e-05,1.7629982107036878e-09,5.3316141723769306e-08,1
comprehension,own,neutral,2010,1,0,0,0,rPaPaP,A,gemma-31b-nv,google/gemma-4-31b-it,novita/bf16,0,1.0,Novita,A,1.846e-05,,,
comprehension,own,neutral,2010,1,0,1,0,rPaPaP,A,gemma-31b-nv,google/gemma-4-31b-it,novita/bf16,0,1.0,Novita,A,1.846e-05,,,
comprehension,own,neutral,2011,-1,0,0,0,aPrPaPrQ,B,gemma-31b-nv,google/gemma-4-31b-it,novita/bf16,0,1.0,Novita,B,1.944e-05,,,
comprehension,own,neutral,2011,-1,0,1,0,aPaPrPrQ,B,gemma-31b-nv,google/gemma-4-31b-it,novita/bf16,0,1.0,Novita,B,1.944e-05,,,
comprehension,own,neutral,2011,1,0,0,0,aPaPrQrP,A,gemma-31b-nv,google/gemma-4-31b-it,novita/bf16,0,1.0,Novita,A,1.944e-05,0.9999999250353707,8.260015142536048e-06,1
comprehension,own,neutral,2011,1,0,1,0,aPrPrQaP,A,gemma-31b-nv,google/gemma-4-31b-it,novita/bf16,0,1.0,Novita,A,1.944e-05,0.9999999706434446,3.884940250276081e-06,1
comprehension,own,neutral,2012,-1,0,0,0,aPrPrQrQaP,B,gemma-31b-nv,google/gemma-4-31b-it,novita/bf16,0,1.0,Novita,B,2.042e-05,,,
comprehension,own,neutral,2012,-1,0,1,0,rPrQaPaPrQ,B,gemma-31b-nv,google/gemma-4-31b-it,novita/bf16,0,1.0,Novita,B,2.042e-05,,,
comprehension,own,neutral,2012,1,0,0,0,rPrQaPrQaP,A,gemma-31b-nv,google/gemma-4-31b-it,novita/bf16,0,1.0,Novita,A,2.042e-05,,,
comprehension,own,neutral,2012,1,0,1,0,aPrQrPaPrQ,A,gemma-31b-nv,google/gemma-4-31b-it,novita/bf16,0,1.0,Novita,A,2.042e-05,0.999999948477607,6.465433668112475e-06,1
comprehension,own,neutral,2013,-1,0,0,0,rPrQrQaPaPrQ,B,gemma-31b-nv,google/gemma-4-31b-it,novita/bf16,0,1.0,Novita,B,2.14e-05,,,
comprehension,own,neutral,2013,-1,0,1,0,aPrPrQrQaPrQ,B,gemma-31b-nv,google/gemma-4-31b-it,novita/bf16,0,1.0,Novita,B,2.14e-05,,,
comprehension,own,neutral,2013,1,0,0,0,rPaPrQaPrQrQ,A,gemma-31b-nv,google/gemma-4-31b-it,novita/bf16,0,1.0,Novita,A,2.14e-05,,,
comprehension,own,neutral,2013,1,0,1,0,rQrQaPaPrQrP,A,gemma-31b-nv,google/gemma-4-31b-it,novita/bf16,0,1.0,Novita,A,2.14e-05,,,
comprehension,own,neutral,2020,-1,0,0,0,rPaPaPrP,B,gemma-31b-nv,google/gemma-4-31b-it,novita/bf16,0,1.0,Novita,B,1.944e-05,1.4615740356728205e-09,3.3469673921260323e-08,1
comprehension,own,neutral,2020,-1,0,1,0,aPrPrPaP,B,gemma-31b-nv,google/gemma-4-31b-it,novita/bf16,0,1.0,Novita,B,1.944e-05,,,
comprehension,own,neutral,2020,1,0,0,0,rPrPaPaP,A,gemma-31b-nv,google/gemma-4-31b-it,novita/bf16,0,1.0,Novita,A,1.944e-05,,,
comprehension,own,neutral,2020,1,0,1,0,aPrPrPaP,A,gemma-31b-nv,google/gemma-4-31b-it,novita/bf16,0,1.0,Novita,A,1.944e-05,,,
comprehension,own,neutral,2021,-1,0,0,0,rPaPrPaPrQ,B,gemma-31b-nv,google/gemma-4-31b-it,novita/bf16,0,1.0,Novita,B,2.042e-05,1.5079693672473766e-09,2.77931984093982e-08,1
comprehension,own,neutral,2021,-1,0,1,0,rPaPrQaPrP,B,gemma-31b-nv,google/gemma-4-31b-it,novita/bf16,0,1.0,Novita,B,2.042e-05,,,
comprehension,own,neutral,2021,1,0,0,0,rPrQaPrPaP,A,gemma-31b-nv,google/gemma-4-31b-it,novita/bf16,0,1.0,Novita,A,2.042e-05,,,
comprehension,own,neutral,2021,1,0,1,0,rPaPrPrQaP,A,gemma-31b-nv,google/gemma-4-31b-it,novita/bf16,0,1.0,Novita,A,2.042e-05,,,
comprehension,own,neutral,2022,-1,0,0,0,rQrQrPaPrPaP,B,gemma-31b-nv,google/gemma-4-31b-it,novita/bf16,0,1.0,Novita,B,2.14e-05,,,
comprehension,own,neutral,2022,-1,0,1,0,aPrQrPaPrQrP,B,gemma-31b-nv,google/gemma-4-31b-it,novita/bf16,0,1.0,Novita,B,2.14e-05,,,
comprehension,own,neutral,2022,1,0,0,0,rQrPaPrQaPrP,A,gemma-31b-nv,google/gemma-4-31b-it,novita/bf16,0,1.0,Novita,A,2.14e-05,,,
comprehension,own,neutral,2022,1,0,1,0,aPrPrPaPrQrQ,A,gemma-31b-nv,google/gemma-4-31b-it,novita/bf16,0,1.0,Novita,A,2.14e-05,0.9999999306690769,7.889250520753954e-06,1
comprehension,own,neutral,2030,-1,0,0,0,rPaPaPrPrP,B,gemma-31b-nv,google/gemma-4-31b-it,novita/bf16,0,1.0,Novita,B,2.042e-05,,,
comprehension,own,neutral,2030,-1,0,1,0,rPrPaPaPrP,B,gemma-31b-nv,google/gemma-4-31b-it,novita/bf16,0,1.0,Novita,B,2.042e-05,,,
comprehension,own,neutral,2030,1,0,0,0,rPaPaPrPrP,A,gemma-31b-nv,google/gemma-4-31b-it,novita/bf16,0,1.0,Novita,A,2.042e-05,,,
comprehension,own,neutral,2030,1,0,1,0,aPrPrPrPaP,A,gemma-31b-nv,google/gemma-4-31b-it,novita/bf16,0,1.0,Novita,A,2.042e-05,,,
comprehension,own,neutral,2031,-1,0,0,0,aPaPrPrPrPrQ,B,gemma-31b-nv,google/gemma-4-31b-it,novita/bf16,0,1.0,Novita,B,2.14e-05,1.7356588961817974e-09,8.804375761783945e-08,1
comprehension,own,neutral,2031,-1,0,1,0,rQaPrPrPaPrP,B,gemma-31b-nv,google/gemma-4-31b-it,novita/bf16,0,1.0,Novita,B,2.14e-05,,,
comprehension,own,neutral,2031,1,0,0,0,rPrPaPrQaPrP,A,gemma-31b-nv,google/gemma-4-31b-it,novita/bf16,0,1.0,Novita,A,2.14e-05,,,
comprehension,own,neutral,2031,1,0,1,0,rPaPrPrPaPrQ,A,gemma-31b-nv,google/gemma-4-31b-it,novita/bf16,0,1.0,Novita,A,2.14e-05,0.999999956613875,6.524927178785944e-06,1
comprehension,own,neutral,2040,-1,0,0,0,rPaPrPaPrPrP,B,gemma-31b-nv,google/gemma-4-31b-it,novita/bf16,0,1.0,Novita,B,2.14e-05,,,
comprehension,own,neutral,2040,-1,0,1,0,aPaPrPrPrPrP,B,gemma-31b-nv,google/gemma-4-31b-it,novita/bf16,0,1.0,Novita,B,2.14e-05,,,
comprehension,own,neutral,2040,1,0,0,0,rPaPrPrPrPaP,A,gemma-31b-nv,google/gemma-4-31b-it,novita/bf16,0,1.0,Novita,A,2.14e-05,,,
comprehension,own,neutral,2040,1,0,1,0,aPrPrPaPrPrP,A,gemma-31b-nv,google/gemma-4-31b-it,novita/bf16,0,1.0,Novita,A,2.14e-05,,,
comprehension,own,neutral,2100,-1,0,0,0,aQaPaP,B,gemma-31b-nv,google/gemma-4-31b-it,novita/bf16,0,1.0,Novita,B,1.846e-05,,,
comprehension,own,neutral,2100,-1,0,1,0,aQaPaP,B,gemma-31b-nv,google/gemma-4-31b-it,novita/bf16,0,1.0,Novita,B,1.846e-05,,,
comprehension,own,neutral,2100,1,0,0,0,aPaQaP,A,gemma-31b-nv,google/gemma-4-31b-it,novita/bf16,0,1.0,Novita,A,1.846e-05,,,
comprehension,own,neutral,2100,1,0,1,0,aPaQaP,A,gemma-31b-nv,google/gemma-4-31b-it,novita/bf16,0,1.0,Novita,A,1.846e-05,,,
comprehension,own,neutral,2101,-1,0,0,0,aPrQaPaQ,B,gemma-31b-nv,google/gemma-4-31b-it,novita/bf16,0,1.0,Novita,B,1.944e-05,1.9362709699928395e-09,1.5238130202099853e-08,1
comprehension,own,neutral,2101,-1,0,1,0,aPrQaPaQ,B,gemma-31b-nv,google/gemma-4-31b-it,novita/bf16,0,1.0,Novita,B,1.944e-05,,,
comprehension,own,neutral,2101,1,0,0,0,aQrQaPaP,A,gemma-31b-nv,google/gemma-4-31b-it,novita/bf16,0,1.0,Novita,A,1.944e-05,,,
comprehension,own,neutral,2101,1,0,1,0,aPaQaPrQ,A,gemma-31b-nv,google/gemma-4-31b-it,novita/bf16,0,1.0,Novita,A,1.944e-05,,,
comprehension,own,neutral,2102,-1,0,0,0,aPrQaQaPrQ,B,gemma-31b-nv,google/gemma-4-31b-it,novita/bf16,0,1.0,Novita,B,2.042e-05,2.9066871209227957e-09,5.9551649278510865e-08,1
comprehension,own,neutral,2102,-1,0,1,0,aPaQrQrQaP,B,gemma-31b-nv,google/gemma-4-31b-it,novita/bf16,0,1.0,Novita,B,2.042e-05,,,
comprehension,own,neutral,2102,1,0,0,0,rQrQaQaPaP,A,gemma-31b-nv,google/gemma-4-31b-it,novita/bf16,0,1.0,Novita,A,2.042e-05,,,
comprehension,own,neutral,2102,1,0,1,0,rQaPaPaQrQ,A,gemma-31b-nv,google/gemma-4-31b-it,novita/bf16,0,1.0,Novita,A,2.042e-05,,,
comprehension,own,neutral,2103,-1,0,0,0,aPaQrQrQrQaP,B,gemma-31b-nv,google/gemma-4-31b-it,novita/bf16,0,1.0,Novita,B,2.14e-05,1.0693084157561473e-09,7.791114531308097e-08,1
comprehension,own,neutral,2103,-1,0,1,0,aPaPrQaQrQrQ,B,gemma-31b-nv,google/gemma-4-31b-it,novita/bf16,0,1.0,Novita,B,2.14e-05,,,
comprehension,own,neutral,2103,1,0,0,0,aPrQaQrQrQaP,A,gemma-31b-nv,google/gemma-4-31b-it,novita/bf16,0,1.0,Novita,A,2.14e-05,,,
comprehension,own,neutral,2103,1,0,1,0,rQrQaPaPrQaQ,A,gemma-31b-nv,google/gemma-4-31b-it,novita/bf16,0,1.0,Novita,A,2.14e-05,,,
comprehension,own,neutral,2110,-1,0,0,0,aPaPrPaQ,B,gemma-31b-nv,google/gemma-4-31b-it,novita/bf16,0,1.0,Novita,B,1.944e-05,9.736200879634056e-10,5.917131939980891e-08,1
comprehension,own,neutral,2110,-1,0,1,0,aPaQrPaP,B,gemma-31b-nv,google/gemma-4-31b-it,novita/bf16,0,1.0,Novita,B,1.944e-05,,,
comprehension,own,neutral,2110,1,0,0,0,aPaQrPaP,A,gemma-31b-nv,google/gemma-4-31b-it,novita/bf16,0,1.0,Novita,A,1.944e-05,,,
comprehension,own,neutral,2110,1,0,1,0,aPrPaQaP,A,gemma-31b-nv,google/gemma-4-31b-it,novita/bf16,0,1.0,Novita,A,1.944e-05,0.999999966734641,4.594051787654152e-06,1
comprehension,own,neutral,2111,-1,0,0,0,aPrPaPrQaQ,B,gemma-31b-nv,google/gemma-4-31b-it,novita/bf16,0,1.0,Novita,B,2.042e-05,,,
comprehension,own,neutral,2111,-1,0,1,0,aPaQrPrQaP,B,gemma-31b-nv,google/gemma-4-31b-it,novita/bf16,0,1.0,Novita,B,2.042e-05,,,
comprehension,own,neutral,2111,1,0,0,0,aPrPaQrQaP,A,gemma-31b-nv,google/gemma-4-31b-it,novita/bf16,0,1.0,Novita,A,2.042e-05,,,
comprehension,own,neutral,2111,1,0,1,0,aPaPrPrQaQ,A,gemma-31b-nv,google/gemma-4-31b-it,novita/bf16,0,1.0,Novita,A,2.042e-05,,,
comprehension,own,neutral,2112,-1,0,0,0,aPaPrQrPrQaQ,B,gemma-31b-nv,google/gemma-4-31b-it,novita/bf16,0,1.0,Novita,B,2.14e-05,1.1032539072247304e-09,0.0,1
comprehension,own,neutral,2112,-1,0,1,0,rQaPaQrQaPrP,B,gemma-31b-nv,google/gemma-4-31b-it,novita/bf16,0,1.0,Novita,B,2.14e-05,,,
comprehension,own,neutral,2112,1,0,0,0,aPrQaPaQrQrP,A,gemma-31b-nv,google/gemma-4-31b-it,novita/bf16,0,1.0,Novita,A,2.14e-05,,,
comprehension,own,neutral,2112,1,0,1,0,rQaPrPrQaPaQ,A,gemma-31b-nv,google/gemma-4-31b-it,novita/bf16,0,1.0,Novita,A,2.14e-05,,,
comprehension,own,neutral,2120,-1,0,0,0,rPrPaPaPaQ,B,gemma-31b-nv,google/gemma-4-31b-it,novita/bf16,0,1.0,Novita,B,2.042e-05,,,
comprehension,own,neutral,2120,-1,0,1,0,rPaQaPaPrP,B,gemma-31b-nv,google/gemma-4-31b-it,novita/bf16,0,1.0,Novita,B,2.042e-05,,,
comprehension,own,neutral,2120,1,0,0,0,aQrPrPaPaP,A,gemma-31b-nv,google/gemma-4-31b-it,novita/bf16,0,1.0,Novita,A,2.042e-05,,,
comprehension,own,neutral,2120,1,0,1,0,aPrPaPaQrP,A,gemma-31b-nv,google/gemma-4-31b-it,novita/bf16,0,1.0,Novita,A,2.042e-05,,,
comprehension,own,neutral,2121,-1,0,0,0,aPrPrPaQaPrQ,B,gemma-31b-nv,google/gemma-4-31b-it,novita/bf16,0,1.0,Novita,B,2.14e-05,9.436649156339102e-10,2.589439085376455e-08,1
comprehension,own,neutral,2121,-1,0,1,0,aPaQrQaPrPrP,B,gemma-31b-nv,google/gemma-4-31b-it,novita/bf16,0,1.0,Novita,B,2.14e-05,2.73057996575171e-09,1.0143442230603483e-07,1
comprehension,own,neutral,2121,1,0,0,0,aPrQaQaPrPrP,A,gemma-31b-nv,google/gemma-4-31b-it,novita/bf16,0,1.0,Novita,A,2.14e-05,,,
comprehension,own,neutral,2121,1,0,1,0,aPrPrQaQaPrP,A,gemma-31b-nv,google/gemma-4-31b-it,novita/bf16,0,1.0,Novita,A,2.14e-05,,,
comprehension,own,neutral,2130,-1,0,0,0,aQaPrPaPrPrP,B,gemma-31b-nv,google/gemma-4-31b-it,novita/bf16,0,1.0,Novita,B,2.14e-05,,,
comprehension,own,neutral,2130,-1,0,1,0,aPrPaPrPaQrP,B,gemma-31b-nv,google/gemma-4-31b-it,novita/bf16,0,1.0,Novita,B,2.14e-05,,,
comprehension,own,neutral,2130,1,0,0,0,aPrPaPaQrPrP,A,gemma-31b-nv,google/gemma-4-31b-it,novita/bf16,0,1.0,Novita,A,2.14e-05,0.9999999724220868,3.210330385527982e-06,1
comprehension,own,neutral,2130,1,0,1,0,aQrPaPrPaPrP,A,gemma-31b-nv,google/gemma-4-31b-it,novita/bf16,0,1.0,Novita,A,2.14e-05,,,
comprehension,own,neutral,2200,-1,0,0,0,aQaQaPaP,B,gemma-31b-nv,google/gemma-4-31b-it,novita/bf16,0,1.0,Novita,B,1.944e-05,,,
comprehension,own,neutral,2200,-1,0,1,0,aPaQaPaQ,B,gemma-31b-nv,google/gemma-4-31b-it,novita/bf16,0,1.0,Novita,B,1.944e-05,,,
comprehension,own,neutral,2200,1,0,0,0,aPaPaQaQ,A,gemma-31b-nv,google/gemma-4-31b-it,novita/bf16,0,1.0,Novita,A,1.944e-05,0.9999999579487192,6.678776577451195e-06,1
comprehension,own,neutral,2200,1,0,1,0,aQaQaPaP,A,gemma-31b-nv,google/gemma-4-31b-it,novita/bf16,0,1.0,Novita,A,1.944e-05,,,
comprehension,own,neutral,2201,-1,0,0,0,aQaPaQaPrQ,B,gemma-31b-nv,google/gemma-4-31b-it,novita/bf16,0,1.0,Novita,B,2.042e-05,,,
comprehension,own,neutral,2201,-1,0,1,0,aQaPrQaQaP,B,gemma-31b-nv,google/gemma-4-31b-it,novita/bf16,0,1.0,Novita,B,2.042e-05,,,
comprehension,own,neutral,2201,1,0,0,0,aPaPaQaQrQ,A,gemma-31b-nv,google/gemma-4-31b-it,novita/bf16,0,1.0,Novita,A,2.042e-05,,,
comprehension,own,neutral,2201,1,0,1,0,rQaQaPaQaP,A,gemma-31b-nv,google/gemma-4-31b-it,novita/bf16,0,1.0,Novita,A,2.042e-05,,,
comprehension,own,neutral,2202,-1,0,0,0,rQaQaPrQaQaP,B,gemma-31b-nv,google/gemma-4-31b-it,novita/bf16,0,1.0,Novita,B,2.14e-05,1.6561803572429916e-09,3.3469673921260323e-08,1
comprehension,own,neutral,2202,-1,0,1,0,aQrQaPaQaPrQ,B,gemma-31b-nv,google/gemma-4-31b-it,novita/bf16,0,1.0,Novita,B,2.14e-05,1.6561804004394495e-09,5.9551649278510865e-08,1
comprehension,own,neutral,2202,1,0,0,0,rQaPaPaQrQaQ,A,gemma-31b-nv,google/gemma-4-31b-it,novita/bf16,0,1.0,Novita,A,2.14e-05,,,
comprehension,own,neutral,2202,1,0,1,0,rQaPaQrQaQaP,A,gemma-31b-nv,google/gemma-4-31b-it,novita/bf16,0,1.0,Novita,A,2.14e-05,,,
comprehension,own,neutral,2210,-1,0,0,0,aPrPaQaPaQ,B,gemma-31b-nv,google/gemma-4-31b-it,novita/bf16,0,1.0,Novita,B,2.042e-05,1.5558403953605081e-09,1.142882377624943e-08,1
comprehension,own,neutral,2210,-1,0,1,0,aPaPrPaQaQ,B,gemma-31b-nv,google/gemma-4-31b-it,novita/bf16,0,1.0,Novita,B,2.042e-05,,,
comprehension,own,neutral,2210,1,0,0,0,aPaQaPaQrP,A,gemma-31b-nv,google/gemma-4-31b-it,novita/bf16,0,1.0,Novita,A,2.042e-05,,,
comprehension,own,neutral,2210,1,0,1,0,rPaPaQaPaQ,A,gemma-31b-nv,google/gemma-4-31b-it,novita/bf16,0,1.0,Novita,A,2.042e-05,,,
comprehension,own,neutral,2211,-1,0,0,0,rQrPaPaQaPaQ,B,gemma-31b-nv,google/gemma-4-31b-it,novita/bf16,0,1.0,Novita,B,2.14e-05,,,
comprehension,own,neutral,2211,-1,0,1,0,rPrQaQaPaPaQ,B,gemma-31b-nv,google/gemma-4-31b-it,novita/bf16,0,1.0,Novita,B,2.14e-05,,,
comprehension,own,neutral,2211,1,0,0,0,rQaQrPaQaPaP,A,gemma-31b-nv,google/gemma-4-31b-it,novita/bf16,0,1.0,Novita,A,2.14e-05,,,
comprehension,own,neutral,2211,1,0,1,0,rQaPaQaPrPaQ,A,gemma-31b-nv,google/gemma-4-31b-it,novita/bf16,0,1.0,Novita,A,2.14e-05,,,
comprehension,own,neutral,2220,-1,0,0,0,rPaPaQaQrPaP,B,gemma-31b-nv,google/gemma-4-31b-it,novita/bf16,0,1.0,Novita,B,2.14e-05,,,
comprehension,own,neutral,2220,-1,0,1,0,aQaPaPaQrPrP,B,gemma-31b-nv,google/gemma-4-31b-it,novita/bf16,0,1.0,Novita,B,2.14e-05,,,
comprehension,own,neutral,2220,1,0,0,0,aQrPaPrPaQaP,A,gemma-31b-nv,google/gemma-4-31b-it,novita/bf16,0,1.0,Novita,A,2.14e-05,0.999999974889989,2.7023151846217175e-06,1
comprehension,own,neutral,2220,1,0,1,0,rPaQaPaPrPaQ,A,gemma-31b-nv,google/gemma-4-31b-it,novita/bf16,0,1.0,Novita,A,2.14e-05,,,
comprehension,own,neutral,2300,-1,0,0,0,aQaPaQaPaQ,B,gemma-31b-nv,google/gemma-4-31b-it,novita/bf16,0,1.0,Novita,B,2.042e-05,,,
comprehension,own,neutral,2300,-1,0,1,0,aPaQaPaQaQ,B,gemma-31b-nv,google/gemma-4-31b-it,novita/bf16,0,1.0,Novita,B,2.042e-05,2.061149809600296e-09,5.9551649278510865e-08,1
comprehension,own,neutral,2300,1,0,0,0,aQaQaQaPaP,A,gemma-31b-nv,google/gemma-4-31b-it,novita/bf16,0,1.0,Novita,A,2.042e-05,,,
comprehension,own,neutral,2300,1,0,1,0,aQaQaPaPaQ,A,gemma-31b-nv,google/gemma-4-31b-it,novita/bf16,0,1.0,Novita,A,2.042e-05,,,
comprehension,own,neutral,2301,-1,0,0,0,aQaQaQrQaPaP,B,gemma-31b-nv,google/gemma-4-31b-it,novita/bf16,0,1.0,Novita,B,2.14e-05,,,
comprehension,own,neutral,2301,-1,0,1,0,aQaPaQaPaQrQ,B,gemma-31b-nv,google/gemma-4-31b-it,novita/bf16,0,1.0,Novita,B,2.14e-05,,,
comprehension,own,neutral,2301,1,0,0,0,aQaQaPaPrQaQ,A,gemma-31b-nv,google/gemma-4-31b-it,novita/bf16,0,1.0,Novita,A,2.14e-05,,,
comprehension,own,neutral,2301,1,0,1,0,aQaPaQaPrQaQ,A,gemma-31b-nv,google/gemma-4-31b-it,novita/bf16,0,1.0,Novita,A,2.14e-05,,,
comprehension,own,neutral,2310,-1,0,0,0,rPaQaQaPaQaP,B,gemma-31b-nv,google/gemma-4-31b-it,novita/bf16,0,1.0,Novita,B,2.14e-05,1.1032539526559112e-09,2.340476967788163e-08,1
comprehension,own,neutral,2310,-1,0,1,0,aQaPrPaQaQaP,B,gemma-31b-nv,google/gemma-4-31b-it,novita/bf16,0,1.0,Novita,B,2.14e-05,,,
comprehension,own,neutral,2310,1,0,0,0,aQaQaPaQrPaP,A,gemma-31b-nv,google/gemma-4-31b-it,novita/bf16,0,1.0,Novita,A,2.14e-05,,,
comprehension,own,neutral,2310,1,0,1,0,aQrPaPaQaQaP,A,gemma-31b-nv,google/gemma-4-31b-it,novita/bf16,0,1.0,Novita,A,2.14e-05,,,
comprehension,own,neutral,2400,-1,0,0,0,aQaQaQaQaPaP,B,gemma-31b-nv,google/gemma-4-31b-it,novita/bf16,0,1.0,Novita,B,2.14e-05,,,
comprehension,own,neutral,2400,-1,0,1,0,aQaPaPaQaQaQ,B,gemma-31b-nv,google/gemma-4-31b-it,novita/bf16,0,1.0,Novita,B,2.14e-05,,,
comprehension,own,neutral,2400,1,0,0,0,aPaQaQaQaQaP,A,gemma-31b-nv,google/gemma-4-31b-it,novita/bf16,0,1.0,Novita,A,2.14e-05,,,
comprehension,own,neutral,2400,1,0,1,0,aPaQaQaQaQaP,A,gemma-31b-nv,google/gemma-4-31b-it,novita/bf16,0,1.0,Novita,A,2.14e-05,,,
comprehension,own,neutral,3000,-1,0,0,0,aPaPaP,B,gemma-31b-nv,google/gemma-4-31b-it,novita/bf16,0,1.0,Novita,B,1.846e-05,,,
comprehension,own,neutral,3000,-1,0,1,0,aPaPaP,B,gemma-31b-nv,google/gemma-4-31b-it,novita/bf16,0,1.0,Novita,B,1.846e-05,,,
comprehension,own,neutral,3000,1,0,0,0,aPaPaP,A,gemma-31b-nv,google/gemma-4-31b-it,novita/bf16,0,1.0,Novita,A,1.846e-05,0.9999999338439348,8.433912029093271e-06,1
comprehension,own,neutral,3000,1,0,1,0,aPaPaP,A,gemma-31b-nv,google/gemma-4-31b-it,novita/bf16,0,1.0,Novita,A,1.846e-05,0.9999999358793822,7.818799649061958e-06,1
comprehension,own,neutral,3001,-1,0,0,0,aPaPrQaP,B,gemma-31b-nv,google/gemma-4-31b-it,novita/bf16,0,1.0,Novita,B,1.944e-05,,,
comprehension,own,neutral,3001,-1,0,1,0,aPaPrQaP,B,gemma-31b-nv,google/gemma-4-31b-it,novita/bf16,0,1.0,Novita,B,1.944e-05,2.486221273520888e-09,6.986832423727662e-08,1
comprehension,own,neutral,3001,1,0,0,0,aPrQaPaP,A,gemma-31b-nv,google/gemma-4-31b-it,novita/bf16,0,1.0,Novita,A,1.944e-05,,,
comprehension,own,neutral,3001,1,0,1,0,rQaPaPaP,A,gemma-31b-nv,google/gemma-4-31b-it,novita/bf16,0,1.0,Novita,A,1.944e-05,,,
comprehension,own,neutral,3002,-1,0,0,0,rQaPaPrQaP,B,gemma-31b-nv,google/gemma-4-31b-it,novita/bf16,0,1.0,Novita,B,2.042e-05,,,
comprehension,own,neutral,3002,-1,0,1,0,aPaPrQrQaP,B,gemma-31b-nv,google/gemma-4-31b-it,novita/bf16,0,1.0,Novita,B,2.042e-05,,,
comprehension,own,neutral,3002,1,0,0,0,rQaPrQaPaP,A,gemma-31b-nv,google/gemma-4-31b-it,novita/bf16,0,1.0,Novita,A,2.042e-05,0.9999999378521813,7.574247228858688e-06,1
comprehension,own,neutral,3002,1,0,1,0,aPrQaPaPrQ,A,gemma-31b-nv,google/gemma-4-31b-it,novita/bf16,0,1.0,Novita,A,2.042e-05,0.9999999202006712,8.873131927877864e-06,1
comprehension,own,neutral,3003,-1,0,0,0,aPrQrQaPaPrQ,B,gemma-31b-nv,google/gemma-4-31b-it,novita/bf16,0,1.0,Novita,B,2.14e-05,,,
comprehension,own,neutral,3003,-1,0,1,0,aPrQrQaPaPrQ,B,gemma-31b-nv,google/gemma-4-31b-it,novita/bf16,0,1.0,Novita,B,2.14e-05,,,
comprehension,own,neutral,3003,1,0,0,0,aPrQaPrQaPrQ,A,gemma-31b-nv,google/gemma-4-31b-it,novita/bf16,0,1.0,Novita,A,2.14e-05,,,
comprehension,own,neutral,3003,1,0,1,0,aPrQaPrQrQaP,A,gemma-31b-nv,google/gemma-4-31b-it,novita/bf16,0,1.0,Novita,A,2.14e-05,,,
comprehension,own,neutral,3010,-1,0,0,0,aPaPrPaP,B,gemma-31b-nv,google/gemma-4-31b-it,novita/bf16,0,1.0,Novita,B,1.944e-05,1.8766982583437136e-09,5.9551649278510865e-08,1
comprehension,own,neutral,3010,-1,0,1,0,rPaPaPaP,B,gemma-31b-nv,google/gemma-4-31b-it,novita/bf16,0,1.0,Novita,B,1.944e-05,2.3355890201654394e-09,1.8907736509810036e-07,1
comprehension,own,neutral,3010,1,0,0,0,aPaPrPaP,A,gemma-31b-nv,google/gemma-4-31b-it,novita/bf16,0,1.0,Novita,A,1.944e-05,,,
comprehension,own,neutral,3010,1,0,1,0,aPaPaPrP,A,gemma-31b-nv,google/gemma-4-31b-it,novita/bf16,0,1.0,Novita,A,1.944e-05,0.9999999273419032,8.604494044717192e-06,1
comprehension,own,neutral,3011,-1,0,0,0,aPrPaPaPrQ,B,gemma-31b-nv,google/gemma-4-31b-it,novita/bf16,0,1.0,Novita,B,2.042e-05,,,
comprehension,own,neutral,3011,-1,0,1,0,aPaPaPrPrQ,B,gemma-31b-nv,google/gemma-4-31b-it,novita/bf16,0,1.0,Novita,B,2.042e-05,2.605537665415751e-09,1.243885110469023e-07,1
comprehension,own,neutral,3011,1,0,0,0,aPrPaPrQaP,A,gemma-31b-nv,google/gemma-4-31b-it,novita/bf16,0,1.0,Novita,A,2.042e-05,,,
comprehension,own,neutral,3011,1,0,1,0,aPaPrQaPrP,A,gemma-31b-nv,google/gemma-4-31b-it,novita/bf16,0,1.0,Novita,A,2.042e-05,0.9999999358794217,9.111545561601986e-06,1
comprehension,own,neutral,3012,-1,0,0,0,rPaPrQaPaPrQ,B,gemma-31b-nv,google/gemma-4-31b-it,novita/bf16,0,1.0,Novita,B,2.14e-05,,,
comprehension,own,neutral,3012,-1,0,1,0,aPaPrQaPrPrQ,B,gemma-31b-nv,google/gemma-4-31b-it,novita/bf16,0,1.0,Novita,B,2.14e-05,,,
comprehension,own,neutral,3012,1,0,0,0,rQaPaPrQrPaP,A,gemma-31b-nv,google/gemma-4-31b-it,novita/bf16,0,1.0,Novita,A,2.14e-05,,,
comprehension,own,neutral,3012,1,0,1,0,aPaPrQrQrPaP,A,gemma-31b-nv,google/gemma-4-31b-it,novita/bf16,0,1.0,Novita,A,2.14e-05,,,
comprehension,own,neutral,3020,-1,0,0,0,aPaPrPrPaP,B,gemma-31b-nv,google/gemma-4-31b-it,novita/bf16,0,1.0,Novita,B,2.042e-05,,,
comprehension,own,neutral,3020,-1,0,1,0,aPaPaPrPrP,B,gemma-31b-nv,google/gemma-4-31b-it,novita/bf16,0,1.0,Novita,B,2.042e-05,,,
comprehension,own,neutral,3020,1,0,0,0,rPaPaPrPaP,A,gemma-31b-nv,google/gemma-4-31b-it,novita/bf16,0,1.0,Novita,A,2.042e-05,,,
comprehension,own,neutral,3020,1,0,1,0,rPaPrPaPaP,A,gemma-31b-nv,google/gemma-4-31b-it,novita/bf16,0,1.0,Novita,A,2.042e-05,,,
comprehension,own,neutral,3021,-1,0,0,0,rQaPrPrPaPaP,B,gemma-31b-nv,google/gemma-4-31b-it,novita/bf16,0,1.0,Novita,B,2.14e-05,,,
comprehension,own,neutral,3021,-1,0,1,0,aPaPrQaPrPrP,B,gemma-31b-nv,google/gemma-4-31b-it,novita/bf16,0,1.0,Novita,B,2.14e-05,,,
comprehension,own,neutral,3021,1,0,0,0,aPaPrPrPrQaP,A,gemma-31b-nv,google/gemma-4-31b-it,novita/bf16,0,1.0,Novita,A,2.14e-05,,,
comprehension,own,neutral,3021,1,0,1,0,aPrPaPaPrPrQ,A,gemma-31b-nv,google/gemma-4-31b-it,novita/bf16,0,1.0,Novita,A,2.14e-05,,,
comprehension,own,neutral,3030,-1,0,0,0,aPrPrPaPaPrP,B,gemma-31b-nv,google/gemma-4-31b-it,novita/bf16,0,1.0,Novita,B,2.14e-05,,,
comprehension,own,neutral,3030,-1,0,1,0,rPaPaPaPrPrP,B,gemma-31b-nv,google/gemma-4-31b-it,novita/bf16,0,1.0,Novita,B,2.14e-05,,,
comprehension,own,neutral,3030,1,0,0,0,aPaPaPrPrPrP,A,gemma-31b-nv,google/gemma-4-31b-it,novita/bf16,0,1.0,Novita,A,2.14e-05,0.9999999006881468,1.0637686213121889e-05,1
comprehension,own,neutral,3030,1,0,1,0,rPaPrPaPaPrP,A,gemma-31b-nv,google/gemma-4-31b-it,novita/bf16,0,1.0,Novita,A,2.14e-05,,,
comprehension,own,neutral,3100,-1,0,0,0,aPaQaPaP,B,gemma-31b-nv,google/gemma-4-31b-it,novita/bf16,0,1.0,Novita,B,1.944e-05,,,
comprehension,own,neutral,3100,-1,0,1,0,aQaPaPaP,B,gemma-31b-nv,google/gemma-4-31b-it,novita/bf16,0,1.0,Novita,B,1.944e-05,4.099086600661375e-09,2.430658236907135e-07,1
comprehension,own,neutral,3100,1,0,0,0,aPaPaPaQ,A,gemma-31b-nv,google/gemma-4-31b-it,novita/bf16,0,1.0,Novita,A,1.944e-05,,,
comprehension,own,neutral,3100,1,0,1,0,aPaPaPaQ,A,gemma-31b-nv,google/gemma-4-31b-it,novita/bf16,0,1.0,Novita,A,1.944e-05,,,
comprehension,own,neutral,3101,-1,0,0,0,rQaPaPaPaQ,B,gemma-31b-nv,google/gemma-4-31b-it,novita/bf16,0,1.0,Novita,B,2.042e-05,,,
comprehension,own,neutral,3101,-1,0,1,0,aQaPrQaPaP,B,gemma-31b-nv,google/gemma-4-31b-it,novita/bf16,0,1.0,Novita,B,2.042e-05,,,
comprehension,own,neutral,3101,1,0,0,0,aPrQaPaQaP,A,gemma-31b-nv,google/gemma-4-31b-it,novita/bf16,0,1.0,Novita,A,2.042e-05,,,
comprehension,own,neutral,3101,1,0,1,0,aPrQaPaQaP,A,gemma-31b-nv,google/gemma-4-31b-it,novita/bf16,0,1.0,Novita,A,2.042e-05,,,
comprehension,own,neutral,3102,-1,0,0,0,aPrQaPaPrQaQ,B,gemma-31b-nv,google/gemma-4-31b-it,novita/bf16,0,1.0,Novita,B,2.14e-05,,,
comprehension,own,neutral,3102,-1,0,1,0,aQrQrQaPaPaP,B,gemma-31b-nv,google/gemma-4-31b-it,novita/bf16,0,1.0,Novita,B,2.14e-05,,,
comprehension,own,neutral,3102,1,0,0,0,aPaPaPaQrQrQ,A,gemma-31b-nv,google/gemma-4-31b-it,novita/bf16,0,1.0,Novita,A,2.14e-05,,,
comprehension,own,neutral,3102,1,0,1,0,aPaQrQrQaPaP,A,gemma-31b-nv,google/gemma-4-31b-it,novita/bf16,0,1.0,Novita,A,2.14e-05,,,
comprehension,own,neutral,3110,-1,0,0,0,aPaPaPaQrP,B,gemma-31b-nv,google/gemma-4-31b-it,novita/bf16,0,1.0,Novita,B,2.042e-05,1.289834536085171e-09,1.5238130202099853e-08,1
comprehension,own,neutral,3110,-1,0,1,0,aPaQaPaPrP,B,gemma-31b-nv,google/gemma-4-31b-it,novita/bf16,0,1.0,Novita,B,2.042e-05,,,
comprehension,own,neutral,3110,1,0,0,0,aQaPrPaPaP,A,gemma-31b-nv,google/gemma-4-31b-it,novita/bf16,0,1.0,Novita,A,2.042e-05,0.9999999348696988,8.662091889211077e-06,1
comprehension,own,neutral,3110,1,0,1,0,rPaPaPaPaQ,A,gemma-31b-nv,google/gemma-4-31b-it,novita/bf16,0,1.0,Novita,A,2.042e-05,0.9999999692346201,4.946272584072098e-06,1
comprehension,own,neutral,3111,-1,0,0,0,aPaQrPrQaPaP,B,gemma-31b-nv,google/gemma-4-31b-it,novita/bf16,0,1.0,Novita,B,2.14e-05,,,
comprehension,own,neutral,3111,-1,0,1,0,aPaPaQaPrQrP,B,gemma-31b-nv,google/gemma-4-31b-it,novita/bf16,0,1.0,Novita,B,2.14e-05,1.936271048004144e-09,5.552758430837912e-08,1
comprehension,own,neutral,3111,1,0,0,0,aQaPaPrQaPrP,A,gemma-31b-nv,google/gemma-4-31b-it,novita/bf16,0,1.0,Novita,A,2.14e-05,,,
comprehension,own,neutral,3111,1,0,1,0,aPaPrQrPaPaQ,A,gemma-31b-nv,google/gemma-4-31b-it,novita/bf16,0,1.0,Novita,A,2.14e-05,0.9999999682579869,4.149073563608496e-06,1
comprehension,own,neutral,3120,-1,0,0,0,aPrPaPrPaPaQ,B,gemma-31b-nv,google/gemma-4-31b-it,novita/bf16,0,1.0,Novita,B,2.14e-05,,,
comprehension,own,neutral,3120,-1,0,1,0,aQrPaPaPaPrP,B,gemma-31b-nv,google/gemma-4-31b-it,novita/bf16,0,1.0,Novita,B,2.14e-05,1.6561805181710849e-09,1.3063787884792788e-07,1
comprehension,own,neutral,3120,1,0,0,0,aQaPrPaPaPrP,A,gemma-31b-nv,google/gemma-4-31b-it,novita/bf16,0,1.0,Novita,A,2.14e-05,,,
comprehension,own,neutral,3120,1,0,1,0,rPaPaPrPaPaQ,A,gemma-31b-nv,google/gemma-4-31b-it,novita/bf16,0,1.0,Novita,A,2.14e-05,,,
comprehension,own,neutral,3200,-1,0,0,0,aQaPaPaQaP,B,gemma-31b-nv,google/gemma-4-31b-it,novita/bf16,0,1.0,Novita,B,2.042e-05,,,
comprehension,own,neutral,3200,-1,0,1,0,aPaQaPaPaQ,B,gemma-31b-nv,google/gemma-4-31b-it,novita/bf16,0,1.0,Novita,B,2.042e-05,4.501965780912332e-09,2.164962753514743e-07,1
comprehension,own,neutral,3200,1,0,0,0,aQaQaPaPaP,A,gemma-31b-nv,google/gemma-4-31b-it,novita/bf16,0,1.0,Novita,A,2.042e-05,,,
comprehension,own,neutral,3200,1,0,1,0,aPaQaPaQaP,A,gemma-31b-nv,google/gemma-4-31b-it,novita/bf16,0,1.0,Novita,A,2.042e-05,,,
comprehension,own,neutral,3201,-1,0,0,0,rQaQaQaPaPaP,B,gemma-31b-nv,google/gemma-4-31b-it,novita/bf16,0,1.0,Novita,B,2.14e-05,2.335588867833072e-09,1.2385512460078019e-07,1
comprehension,own,neutral,3201,-1,0,1,0,aPaQaPaPaQrQ,B,gemma-31b-nv,google/gemma-4-31b-it,novita/bf16,0,1.0,Novita,B,2.14e-05,1.0693125421521464e-09,1.2214548084088506e-07,1
comprehension,own,neutral,3201,1,0,0,0,aPaPaPaQaQrQ,A,gemma-31b-nv,google/gemma-4-31b-it,novita/bf16,0,1.0,Novita,A,2.14e-05,,,
comprehension,own,neutral,3201,1,0,1,0,aQaPaPrQaQaP,A,gemma-31b-nv,google/gemma-4-31b-it,novita/bf16,0,1.0,Novita,A,2.14e-05,,,
comprehension,own,neutral,3210,-1,0,0,0,rPaPaQaPaPaQ,B,gemma-31b-nv,google/gemma-4-31b-it,novita/bf16,0,1.0,Novita,B,2.14e-05,,,
comprehension,own,neutral,3210,-1,0,1,0,aQaQaPaPaPrP,B,gemma-31b-nv,google/gemma-4-31b-it,novita/bf16,0,1.0,Novita,B,2.14e-05,3.1923715366868365e-09,1.4261378211699594e-07,1
comprehension,own,neutral,3210,1,0,0,0,rPaQaPaQaPaP,A,gemma-31b-nv,google/gemma-4-31b-it,novita/bf16,0,1.0,Novita,A,2.14e-05,,,
comprehension,own,neutral,3210,1,0,1,0,aPaPaPrPaQaQ,A,gemma-31b-nv,google/gemma-4-31b-it,novita/bf16,0,1.0,Novita,A,2.14e-05,0.9999999724220582,4.2514063793852586e-06,1
comprehension,own,neutral,3300,-1,0,0,0,aPaQaPaQaQaP,B,gemma-31b-nv,google/gemma-4-31b-it,novita/bf16,0,1.0,Novita,B,2.14e-05,2.1940785188449394e-09,1.2914525449048142e-07,1
comprehension,own,neutral,3300,-1,0,1,0,aQaQaPaPaQaP,B,gemma-31b-nv,google/gemma-4-31b-it,novita/bf16,0,1.0,Novita,B,2.14e-05,2.0611499786988325e-09,1.4159251415790663e-07,1
comprehension,own,neutral,3300,1,0,0,0,aPaQaPaQaPaQ,A,gemma-31b-nv,google/gemma-4-31b-it,novita/bf16,0,1.0,Novita,A,2.14e-05,0.9999999736849404,4.38988066364665e-06,1
comprehension,own,neutral,3300,1,0,1,0,aPaPaQaPaQaQ,A,gemma-31b-nv,google/gemma-4-31b-it,novita/bf16,0,1.0,Novita,A,2.14e-05,,,
comprehension,own,neutral,4000,-1,0,0,0,aPaPaPaP,B,gemma-31b-nv,google/gemma-4-31b-it,novita/bf16,0,1.0,Novita,B,1.944e-05,,,
comprehension,own,neutral,4000,-1,0,1,0,aPaPaPaP,B,gemma-31b-nv,google/gemma-4-31b-it,novita/bf16,0,1.0,Novita,B,1.944e-05,2.4097283965343655e-09,1.1543009192926945e-07,1
comprehension,own,neutral,4000,1,0,0,0,aPaPaPaP,A,gemma-31b-nv,google/gemma-4-31b-it,novita/bf16,0,1.0,Novita,A,1.944e-05,,,
comprehension,own,neutral,4000,1,0,1,0,aPaPaPaP,A,gemma-31b-nv,google/gemma-4-31b-it,novita/bf16,0,1.0,Novita,A,1.944e-05,,,
comprehension,own,neutral,4001,-1,0,0,0,aPrQaPaPaP,B,gemma-31b-nv,google/gemma-4-31b-it,novita/bf16,0,1.0,Novita,B,2.042e-05,,,
comprehension,own,neutral,4001,-1,0,1,0,aPrQaPaPaP,B,gemma-31b-nv,google/gemma-4-31b-it,novita/bf16,0,1.0,Novita,B,2.042e-05,,,
comprehension,own,neutral,4001,1,0,0,0,aPaPrQaPaP,A,gemma-31b-nv,google/gemma-4-31b-it,novita/bf16,0,1.0,Novita,A,2.042e-05,0.9999999273418362,7.621025701065598e-06,1
comprehension,own,neutral,4001,1,0,1,0,aPaPaPrQaP,A,gemma-31b-nv,google/gemma-4-31b-it,novita/bf16,0,1.0,Novita,A,2.042e-05,,,
comprehension,own,neutral,4002,-1,0,0,0,aPaPrQaPrQaP,B,gemma-31b-nv,google/gemma-4-31b-it,novita/bf16,0,1.0,Novita,B,2.14e-05,1.8189549803789119e-09,1.2914525449048142e-07,1
comprehension,own,neutral,4002,-1,0,1,0,aPrQaPaPrQaP,B,gemma-31b-nv,google/gemma-4-31b-it,novita/bf16,0,1.0,Novita,B,2.14e-05,,,
comprehension,own,neutral,4002,1,0,0,0,aPrQaPaPaPrQ,A,gemma-31b-nv,google/gemma-4-31b-it,novita/bf16,0,1.0,Novita,A,2.14e-05,,,
comprehension,own,neutral,4002,1,0,1,0,aPaPaPrQaPrQ,A,gemma-31b-nv,google/gemma-4-31b-it,novita/bf16,0,1.0,Novita,A,2.14e-05,,,
comprehension,own,neutral,4010,-1,0,0,0,aPrPaPaPaP,B,gemma-31b-nv,google/gemma-4-31b-it,novita/bf16,0,1.0,Novita,B,2.042e-05,,,
comprehension,own,neutral,4010,-1,0,1,0,aPaPaPaPrP,B,gemma-31b-nv,google/gemma-4-31b-it,novita/bf16,0,1.0,Novita,B,2.042e-05,,,
comprehension,own,neutral,4010,1,0,0,0,aPaPaPaPrP,A,gemma-31b-nv,google/gemma-4-31b-it,novita/bf16,0,1.0,Novita,A,2.042e-05,,,
comprehension,own,neutral,4010,1,0,1,0,aPaPaPrPaP,A,gemma-31b-nv,google/gemma-4-31b-it,novita/bf16,0,1.0,Novita,A,2.042e-05,,,
comprehension,own,neutral,4011,-1,0,0,0,aPrPaPaPaPrQ,B,gemma-31b-nv,google/gemma-4-31b-it,novita/bf16,0,1.0,Novita,B,2.14e-05,,,
comprehension,own,neutral,4011,-1,0,1,0,aPaPaPrQrPaP,B,gemma-31b-nv,google/gemma-4-31b-it,novita/bf16,0,1.0,Novita,B,2.14e-05,,,
comprehension,own,neutral,4011,1,0,0,0,aPaPrPaPrQaP,A,gemma-31b-nv,google/gemma-4-31b-it,novita/bf16,0,1.0,Novita,A,2.14e-05,,,
comprehension,own,neutral,4011,1,0,1,0,aPaPaPrQaPrP,A,gemma-31b-nv,google/gemma-4-31b-it,novita/bf16,0,1.0,Novita,A,2.14e-05,0.9999999667346932,4.934545257295753e-06,1
comprehension,own,neutral,4020,-1,0,0,0,aPrPrPaPaPaP,B,gemma-31b-nv,google/gemma-4-31b-it,novita/bf16,0,1.0,Novita,B,2.14e-05,1.1032539925351012e-09,5.9551649278510865e-08,1
comprehension,own,neutral,4020,-1,0,1,0,aPrPaPaPrPaP,B,gemma-31b-nv,google/gemma-4-31b-it,novita/bf16,0,1.0,Novita,B,2.14e-05,,,
comprehension,own,neutral,4020,1,0,0,0,rPaPaPrPaPaP,A,gemma-31b-nv,google/gemma-4-31b-it,novita/bf16,0,1.0,Novita,A,2.14e-05,,,
comprehension,own,neutral,4020,1,0,1,0,rPaPrPaPaPaP,A,gemma-31b-nv,google/gemma-4-31b-it,novita/bf16,0,1.0,Novita,A,2.14e-05,0.9999999579486512,6.388308932403497e-06,1
comprehension,own,neutral,4100,-1,0,0,0,aPaPaPaPaQ,B,gemma-31b-nv,google/gemma-4-31b-it,novita/bf16,0,1.0,Novita,B,2.042e-05,,,
comprehension,own,neutral,4100,-1,0,1,0,aPaPaPaPaQ,B,gemma-31b-nv,google/gemma-4-31b-it,novita/bf16,0,1.0,Novita,B,2.042e-05,,,
comprehension,own,neutral,4100,1,0,0,0,aPaQaPaPaP,A,gemma-31b-nv,google/gemma-4-31b-it,novita/bf16,0,1.0,Novita,A,2.042e-05,,,
comprehension,own,neutral,4100,1,0,1,0,aPaPaQaPaP,A,gemma-31b-nv,google/gemma-4-31b-it,novita/bf16,0,1.0,Novita,A,2.042e-05,0.9999999651382339,5.624462928399687e-06,1
comprehension,own,neutral,4101,-1,0,0,0,aPaPrQaPaQaP,B,gemma-31b-nv,google/gemma-4-31b-it,novita/bf16,0,1.0,Novita,B,2.14e-05,,,
comprehension,own,neutral,4101,-1,0,1,0,aQaPaPaPrQaP,B,gemma-31b-nv,google/gemma-4-31b-it,novita/bf16,0,1.0,Novita,B,2.14e-05,,,
comprehension,own,neutral,4101,1,0,0,0,aPaPrQaQaPaP,A,gemma-31b-nv,google/gemma-4-31b-it,novita/bf16,0,1.0,Novita,A,2.14e-05,,,
comprehension,own,neutral,4101,1,0,1,0,aQaPaPaPrQaP,A,gemma-31b-nv,google/gemma-4-31b-it,novita/bf16,0,1.0,Novita,A,2.14e-05,0.9999999667347003,4.723820171692594e-06,1
comprehension,own,neutral,4110,-1,0,0,0,aPaPaPaQaPrP,B,gemma-31b-nv,google/gemma-4-31b-it,novita/bf16,0,1.0,Novita,B,2.14e-05,,,
comprehension,own,neutral,4110,-1,0,1,0,rPaQaPaPaPaP,B,gemma-31b-nv,google/gemma-4-31b-it,novita/bf16,0,1.0,Novita,B,2.14e-05,,,
comprehension,own,neutral,4110,1,0,0,0,rPaPaPaQaPaP,A,gemma-31b-nv,google/gemma-4-31b-it,novita/bf16,0,1.0,Novita,A,2.14e-05,0.9999999572864836,5.339100079937431e-06,1
comprehension,own,neutral,4110,1,0,1,0,rPaPaPaQaPaP,A,gemma-31b-nv,google/gemma-4-31b-it,novita/bf16,0,1.0,Novita,A,2.14e-05,,,
comprehension,own,neutral,4200,-1,0,0,0,aQaPaPaPaQaP,B,gemma-31b-nv,google/gemma-4-31b-it,novita/bf16,0,1.0,Novita,B,2.14e-05,,,
comprehension,own,neutral,4200,-1,0,1,0,aQaPaPaPaQaP,B,gemma-31b-nv,google/gemma-4-31b-it,novita/bf16,0,1.0,Novita,B,2.14e-05,,,
comprehension,own,neutral,4200,1,0,0,0,aQaPaPaQaPaP,A,gemma-31b-nv,google/gemma-4-31b-it,novita/bf16,0,1.0,Novita,A,2.14e-05,,,
comprehension,own,neutral,4200,1,0,1,0,aQaPaPaPaPaQ,A,gemma-31b-nv,google/gemma-4-31b-it,novita/bf16,0,1.0,Novita,A,2.14e-05,0.999999975662566,3.660314589204461e-06,1
comprehension,own,neutral,5000,-1,0,0,0,aPaPaPaPaP,B,gemma-31b-nv,google/gemma-4-31b-it,novita/bf16,0,1.0,Novita,B,2.042e-05,,,
comprehension,own,neutral,5000,-1,0,1,0,aPaPaPaPaP,B,gemma-31b-nv,google/gemma-4-31b-it,novita/bf16,0,1.0,Novita,B,2.042e-05,,,
comprehension,own,neutral,5000,1,0,0,0,aPaPaPaPaP,A,gemma-31b-nv,google/gemma-4-31b-it,novita/bf16,0,1.0,Novita,A,2.042e-05,,,
comprehension,own,neutral,5000,1,0,1,0,aPaPaPaPaP,A,gemma-31b-nv,google/gemma-4-31b-it,novita/bf16,0,1.0,Novita,A,2.042e-05,,,
comprehension,own,neutral,5001,-1,0,0,0,aPaPrQaPaPaP,B,gemma-31b-nv,google/gemma-4-31b-it,novita/bf16,0,1.0,Novita,B,2.14e-05,,,
comprehension,own,neutral,5001,-1,0,1,0,aPrQaPaPaPaP,B,gemma-31b-nv,google/gemma-4-31b-it,novita/bf16,0,1.0,Novita,B,2.14e-05,,,
comprehension,own,neutral,5001,1,0,0,0,rQaPaPaPaPaP,A,gemma-31b-nv,google/gemma-4-31b-it,novita/bf16,0,1.0,Novita,A,2.14e-05,,,
comprehension,own,neutral,5001,1,0,1,0,aPaPaPaPaPrQ,A,gemma-31b-nv,google/gemma-4-31b-it,novita/bf16,0,1.0,Novita,A,2.14e-05,,,
comprehension,own,neutral,5010,-1,0,0,0,aPaPaPrPaPaP,B,gemma-31b-nv,google/gemma-4-31b-it,novita/bf16,0,1.0,Novita,B,2.14e-05,,,
comprehension,own,neutral,5010,-1,0,1,0,aPaPrPaPaPaP,B,gemma-31b-nv,google/gemma-4-31b-it,novita/bf16,0,1.0,Novita,B,2.14e-05,,,
comprehension,own,neutral,5010,1,0,0,0,aPaPaPrPaPaP,A,gemma-31b-nv,google/gemma-4-31b-it,novita/bf16,0,1.0,Novita,A,2.14e-05,,,
comprehension,own,neutral,5010,1,0,1,0,aPaPaPaPaPrP,A,gemma-31b-nv,google/gemma-4-31b-it,novita/bf16,0,1.0,Novita,A,2.14e-05,,,
comprehension,own,neutral,5100,-1,0,0,0,aPaPaPaPaQaP,B,gemma-31b-nv,google/gemma-4-31b-it,novita/bf16,0,1.0,Novita,B,2.14e-05,1.4615713128986261e-09,7.791114531308097e-08,1
comprehension,own,neutral,5100,-1,0,1,0,aPaPaQaPaPaP,B,gemma-31b-nv,google/gemma-4-31b-it,novita/bf16,0,1.0,Novita,B,2.14e-05,,,
comprehension,own,neutral,5100,1,0,0,0,aQaPaPaPaPaP,A,gemma-31b-nv,google/gemma-4-31b-it,novita/bf16,0,1.0,Novita,A,2.14e-05,,,
comprehension,own,neutral,5100,1,0,1,0,aPaQaPaPaPaP,A,gemma-31b-nv,google/gemma-4-31b-it,novita/bf16,0,1.0,Novita,A,2.14e-05,0.999999974890022,3.3032407498190253e-06,1
comprehension,own,neutral,6000,-1,0,0,0,aPaPaPaPaPaP,B,gemma-31b-nv,google/gemma-4-31b-it,novita/bf16,0,1.0,Novita,B,2.14e-05,,,
comprehension,own,neutral,6000,-1,0,1,0,aPaPaPaPaPaP,B,gemma-31b-nv,google/gemma-4-31b-it,novita/bf16,0,1.0,Novita,B,2.14e-05,,,
comprehension,own,neutral,6000,1,0,0,0,aPaPaPaPaPaP,A,gemma-31b-nv,google/gemma-4-31b-it,novita/bf16,0,1.0,Novita,A,2.14e-05,0.999999903743674,1.2306578071608065e-05,1
comprehension,own,neutral,6000,1,0,1,0,aPaPaPaPaPaP,A,gemma-31b-nv,google/gemma-4-31b-it,novita/bf16,0,1.0,Novita,A,2.14e-05,0.9999999081515674,8.538465766316783e-06,1
comprehension,rival_majority,neutral,0001,-1,0,0,0,rQ,B,gemma-31b-nv,google/gemma-4-31b-it,novita/bf16,0,1.0,Novita,B,1.692e-05,,,
comprehension,rival_majority,neutral,0001,-1,0,1,0,rQ,B,gemma-31b-nv,google/gemma-4-31b-it,novita/bf16,0,1.0,Novita,B,1.692e-05,,,
comprehension,rival_majority,neutral,0001,1,0,0,0,rQ,B,gemma-31b-nv,google/gemma-4-31b-it,novita/bf16,0,1.0,Novita,B,1.692e-05,,,
comprehension,rival_majority,neutral,0001,1,0,1,0,rQ,B,gemma-31b-nv,google/gemma-4-31b-it,novita/bf16,0,1.0,Novita,B,1.692e-05,,,
comprehension,rival_majority,neutral,0002,-1,0,0,0,rQrQ,B,gemma-31b-nv,google/gemma-4-31b-it,novita/bf16,0,1.0,Novita,B,1.79e-05,,,
comprehension,rival_majority,neutral,0002,-1,0,1,0,rQrQ,B,gemma-31b-nv,google/gemma-4-31b-it,novita/bf16,0,1.0,Novita,B,1.79e-05,,,
comprehension,rival_majority,neutral,0002,1,0,0,0,rQrQ,B,gemma-31b-nv,google/gemma-4-31b-it,novita/bf16,0,1.0,Novita,B,1.79e-05,1.0364131821420415e-09,5.28793859810861e-08,1
comprehension,rival_majority,neutral,0002,1,0,1,0,rQrQ,B,gemma-31b-nv,google/gemma-4-31b-it,novita/bf16,0,1.0,Novita,B,1.79e-05,2.0611539482270485e-09,1.6012236536688818e-07,1
comprehension,rival_majority,neutral,0003,-1,0,0,0,rQrQrQ,B,gemma-31b-nv,google/gemma-4-31b-it,novita/bf16,0,1.0,Novita,B,1.888e-05,,,
comprehension,rival_majority,neutral,0003,-1,0,1,0,rQrQrQ,B,gemma-31b-nv,google/gemma-4-31b-it,novita/bf16,0,1.0,Novita,B,1.888e-05,,,
comprehension,rival_majority,neutral,0003,1,0,0,0,rQrQrQ,B,gemma-31b-nv,google/gemma-4-31b-it,novita/bf16,0,1.0,Novita,B,1.888e-05,1.4615769307255662e-09,1.0689642748751282e-07,1
comprehension,rival_majority,neutral,0003,1,0,1,0,rQrQrQ,B,gemma-31b-nv,google/gemma-4-31b-it,novita/bf16,0,1.0,Novita,B,1.888e-05,,,
comprehension,rival_majority,neutral,0004,-1,0,0,0,rQrQrQrQ,B,gemma-31b-nv,google/gemma-4-31b-it,novita/bf16,0,1.0,Novita,B,1.986e-05,,,
comprehension,rival_majority,neutral,0004,-1,0,1,0,rQrQrQrQ,B,gemma-31b-nv,google/gemma-4-31b-it,novita/bf16,0,1.0,Novita,B,1.986e-05,,,
comprehension,rival_majority,neutral,0004,1,0,0,0,rQrQrQrQ,B,gemma-31b-nv,google/gemma-4-31b-it,novita/bf16,0,1.0,Novita,B,1.986e-05,,,
comprehension,rival_majority,neutral,0004,1,0,1,0,rQrQrQrQ,B,gemma-31b-nv,google/gemma-4-31b-it,novita/bf16,0,1.0,Novita,B,1.986e-05,2.0291986850014135e-09,1.4375502555008524e-07,1
comprehension,rival_majority,neutral,0005,-1,0,0,0,rQrQrQrQrQ,B,gemma-31b-nv,google/gemma-4-31b-it,novita/bf16,0,1.0,Novita,B,2.084e-05,,,
comprehension,rival_majority,neutral,0005,-1,0,1,0,rQrQrQrQrQ,B,gemma-31b-nv,google/gemma-4-31b-it,novita/bf16,0,1.0,Novita,B,2.084e-05,2.061153829819565e-09,1.0267519034989903e-07,1
comprehension,rival_majority,neutral,0005,1,0,0,0,rQrQrQrQrQ,B,gemma-31b-nv,google/gemma-4-31b-it,novita/bf16,0,1.0,Novita,B,2.084e-05,,,
comprehension,rival_majority,neutral,0005,1,0,1,0,rQrQrQrQrQ,B,gemma-31b-nv,google/gemma-4-31b-it,novita/bf16,0,1.0,Novita,B,2.084e-05,,,
comprehension,rival_majority,neutral,0006,-1,0,0,0,rQrQrQrQrQrQ,B,gemma-31b-nv,google/gemma-4-31b-it,novita/bf16,0,1.0,Novita,B,2.182e-05,,,
comprehension,rival_majority,neutral,0006,-1,0,1,0,rQrQrQrQrQrQ,B,gemma-31b-nv,google/gemma-4-31b-it,novita/bf16,0,1.0,Novita,B,2.182e-05,,,
comprehension,rival_majority,neutral,0006,1,0,0,0,rQrQrQrQrQrQ,B,gemma-31b-nv,google/gemma-4-31b-it,novita/bf16,0,1.0,Novita,B,2.182e-05,,,
comprehension,rival_majority,neutral,0006,1,0,1,0,rQrQrQrQrQrQ,B,gemma-31b-nv,google/gemma-4-31b-it,novita/bf16,0,1.0,Novita,B,2.182e-05,2.0611538701781546e-09,1.222557690638837e-07,1
comprehension,rival_majority,neutral,0010,-1,0,0,0,rP,A,gemma-31b-nv,google/gemma-4-31b-it,novita/bf16,0,1.0,Novita,A,1.692e-05,,,
comprehension,rival_majority,neutral,0010,-1,0,1,0,rP,A,gemma-31b-nv,google/gemma-4-31b-it,novita/bf16,0,1.0,Novita,A,1.692e-05,,,
comprehension,rival_majority,neutral,0010,1,0,0,0,rP,A,gemma-31b-nv,google/gemma-4-31b-it,novita/bf16,0,1.0,Novita,A,1.692e-05,,,
comprehension,rival_majority,neutral,0010,1,0,1,0,rP,A,gemma-31b-nv,google/gemma-4-31b-it,novita/bf16,0,1.0,Novita,A,1.692e-05,,,
comprehension,rival_majority,neutral,0012,-1,0,0,0,rPrQrQ,B,gemma-31b-nv,google/gemma-4-31b-it,novita/bf16,0,1.0,Novita,B,1.888e-05,2.1940867555815286e-09,6.851653711059669e-08,1
comprehension,rival_majority,neutral,0012,-1,0,1,0,rQrQrP,B,gemma-31b-nv,google/gemma-4-31b-it,novita/bf16,0,1.0,Novita,B,1.888e-05,1.1744099925650358e-09,5.1725427385740375e-08,1
comprehension,rival_majority,neutral,0012,1,0,0,0,rPrQrQ,B,gemma-31b-nv,google/gemma-4-31b-it,novita/bf16,0,1.0,Novita,B,1.888e-05,,,
comprehension,rival_majority,neutral,0012,1,0,1,0,rQrQrP,B,gemma-31b-nv,google/gemma-4-31b-it,novita/bf16,0,1.0,Novita,B,1.888e-05,,,
comprehension,rival_majority,neutral,0013,-1,0,0,0,rPrQrQrQ,B,gemma-31b-nv,google/gemma-4-31b-it,novita/bf16,0,1.0,Novita,B,1.986e-05,3.617430566402094e-09,5.9551649278510865e-08,1
comprehension,rival_majority,neutral,0013,-1,0,1,0,rPrQrQrQ,B,gemma-31b-nv,google/gemma-4-31b-it,novita/bf16,0,1.0,Novita,B,1.986e-05,1.876701921329738e-09,1.0402581684942902e-07,1
comprehension,rival_majority,neutral,0013,1,0,0,0,rQrPrQrQ,B,gemma-31b-nv,google/gemma-4-31b-it,novita/bf16,0,1.0,Novita,B,1.986e-05,,,
comprehension,rival_majority,neutral,0013,1,0,1,0,rPrQrQrQ,B,gemma-31b-nv,google/gemma-4-31b-it,novita/bf16,0,1.0,Novita,B,1.986e-05,,,
comprehension,rival_majority,neutral,0014,-1,0,0,0,rQrQrQrPrQ,B,gemma-31b-nv,google/gemma-4-31b-it,novita/bf16,0,1.0,Novita,B,2.084e-05,,,
comprehension,rival_majority,neutral,0014,-1,0,1,0,rQrPrQrQrQ,B,gemma-31b-nv,google/gemma-4-31b-it,novita/bf16,0,1.0,Novita,B,2.084e-05,,,
comprehension,rival_majority,neutral,0014,1,0,0,0,rQrQrQrQrP,B,gemma-31b-nv,google/gemma-4-31b-it,novita/bf16,0,1.0,Novita,B,2.084e-05,,,
comprehension,rival_majority,neutral,0014,1,0,1,0,rPrQrQrQrQ,B,gemma-31b-nv,google/gemma-4-31b-it,novita/bf16,0,1.0,Novita,B,2.084e-05,,,
comprehension,rival_majority,neutral,0015,-1,0,0,0,rQrQrQrQrPrQ,B,gemma-31b-nv,google/gemma-4-31b-it,novita/bf16,0,1.0,Novita,B,2.182e-05,,,
comprehension,rival_majority,neutral,0015,-1,0,1,0,rQrPrQrQrQrQ,B,gemma-31b-nv,google/gemma-4-31b-it,novita/bf16,0,1.0,Novita,B,2.182e-05,1.2898371064106932e-09,1.0064351840810559e-07,1
comprehension,rival_majority,neutral,0015,1,0,0,0,rQrQrQrQrQrP,B,gemma-31b-nv,google/gemma-4-31b-it,novita/bf16,0,1.0,Novita,B,2.182e-05,1.507969333146567e-09,5.179470186078561e-09,1
comprehension,rival_majority,neutral,0015,1,0,1,0,rPrQrQrQrQrQ,B,gemma-31b-nv,google/gemma-4-31b-it,novita/bf16,0,1.0,Novita,B,2.182e-05,1.9977387055410837e-09,5.8718032880378246e-08,1
comprehension,rival_majority,neutral,0020,-1,0,0,0,rPrP,A,gemma-31b-nv,google/gemma-4-31b-it,novita/bf16,0,1.0,Novita,A,1.79e-05,,,
comprehension,rival_majority,neutral,0020,-1,0,1,0,rPrP,A,gemma-31b-nv,google/gemma-4-31b-it,novita/bf16,0,1.0,Novita,A,1.79e-05,0.9999999677581393,3.6406292718282884e-06,1
comprehension,rival_majority,neutral,0020,1,0,0,0,rPrP,A,gemma-31b-nv,google/gemma-4-31b-it,novita/bf16,0,1.0,Novita,A,1.79e-05,,,
comprehension,rival_majority,neutral,0020,1,0,1,0,rPrP,A,gemma-31b-nv,google/gemma-4-31b-it,novita/bf16,0,1.0,Novita,A,1.79e-05,,,
comprehension,rival_majority,neutral,0021,-1,0,0,0,rPrPrQ,A,gemma-31b-nv,google/gemma-4-31b-it,novita/bf16,0,1.0,Novita,A,1.888e-05,,,
comprehension,rival_majority,neutral,0021,-1,0,1,0,rQrPrP,A,gemma-31b-nv,google/gemma-4-31b-it,novita/bf16,0,1.0,Novita,A,1.888e-05,,,
comprehension,rival_majority,neutral,0021,1,0,0,0,rPrPrQ,A,gemma-31b-nv,google/gemma-4-31b-it,novita/bf16,0,1.0,Novita,A,1.888e-05,,,
comprehension,rival_majority,neutral,0021,1,0,1,0,rPrQrP,A,gemma-31b-nv,google/gemma-4-31b-it,novita/bf16,0,1.0,Novita,A,1.888e-05,,,
comprehension,rival_majority,neutral,0023,-1,0,0,0,rPrQrQrQrP,B,gemma-31b-nv,google/gemma-4-31b-it,novita/bf16,0,1.0,Novita,B,2.084e-05,,,
comprehension,rival_majority,neutral,0023,-1,0,1,0,rQrQrPrQrP,B,gemma-31b-nv,google/gemma-4-31b-it,novita/bf16,0,1.0,Novita,B,2.084e-05,1.708753147926694e-09,2.340476967788163e-08,1
comprehension,rival_majority,neutral,0023,1,0,0,0,rPrQrPrQrQ,B,gemma-31b-nv,google/gemma-4-31b-it,novita/bf16,0,1.0,Novita,B,2.084e-05,,,
comprehension,rival_majority,neutral,0023,1,0,1,0,rQrQrQrPrP,B,gemma-31b-nv,google/gemma-4-31b-it,novita/bf16,0,1.0,Novita,B,2.084e-05,,,
comprehension,rival_majority,neutral,0024,-1,0,0,0,rQrQrQrPrPrQ,B,gemma-31b-nv,google/gemma-4-31b-it,novita/bf16,0,1.0,Novita,B,2.182e-05,2.3355889092603273e-09,1.4159251415790663e-07,1
comprehension,rival_majority,neutral,0024,-1,0,1,0,rQrQrPrQrQrP,B,gemma-31b-nv,google/gemma-4-31b-it,novita/bf16,0,1.0,Novita,B,2.182e-05,,,
comprehension,rival_majority,neutral,0024,1,0,0,0,rQrPrQrQrQrP,B,gemma-31b-nv,google/gemma-4-31b-it,novita/bf16,0,1.0,Novita,B,2.182e-05,,,
comprehension,rival_majority,neutral,0024,1,0,1,0,rQrQrPrPrQrQ,B,gemma-31b-nv,google/gemma-4-31b-it,novita/bf16,0,1.0,Novita,B,2.182e-05,1.1032560664266276e-09,3.199642273354897e-08,1
comprehension,rival_majority,neutral,0030,-1,0,0,0,rPrPrP,A,gemma-31b-nv,google/gemma-4-31b-it,novita/bf16,0,1.0,Novita,A,1.888e-05,,,
comprehension,rival_majority,neutral,0030,-1,0,1,0,rPrPrP,A,gemma-31b-nv,google/gemma-4-31b-it,novita/bf16,0,1.0,Novita,A,1.888e-05,0.9999999530883545,3.97330036172594e-06,1
comprehension,rival_majority,neutral,0030,1,0,0,0,rPrPrP,A,gemma-31b-nv,google/gemma-4-31b-it,novita/bf16,0,1.0,Novita,A,1.888e-05,,,
comprehension,rival_majority,neutral,0030,1,0,1,0,rPrPrP,A,gemma-31b-nv,google/gemma-4-31b-it,novita/bf16,0,1.0,Novita,A,1.888e-05,,,
comprehension,rival_majority,neutral,0031,-1,0,0,0,rQrPrPrP,A,gemma-31b-nv,google/gemma-4-31b-it,novita/bf16,0,1.0,Novita,A,1.986e-05,,,
comprehension,rival_majority,neutral,0031,-1,0,1,0,rPrPrPrQ,A,gemma-31b-nv,google/gemma-4-31b-it,novita/bf16,0,1.0,Novita,A,1.986e-05,0.9999999865595922,1.7587796545814882e-06,1
comprehension,rival_majority,neutral,0031,1,0,0,0,rPrPrPrQ,A,gemma-31b-nv,google/gemma-4-31b-it,novita/bf16,0,1.0,Novita,A,1.986e-05,0.9999999667346522,4.258250912991812e-06,1
comprehension,rival_majority,neutral,0031,1,0,1,0,rQrPrPrP,A,gemma-31b-nv,google/gemma-4-31b-it,novita/bf16,0,1.0,Novita,A,1.986e-05,,,
comprehension,rival_majority,neutral,0032,-1,0,0,0,rPrPrPrQrQ,A,gemma-31b-nv,google/gemma-4-31b-it,novita/bf16,0,1.0,Novita,A,2.084e-05,,,
comprehension,rival_majority,neutral,0032,-1,0,1,0,rPrQrQrPrP,A,gemma-31b-nv,google/gemma-4-31b-it,novita/bf16,0,1.0,Novita,A,2.084e-05,,,
comprehension,rival_majority,neutral,0032,1,0,0,0,rPrQrQrPrP,A,gemma-31b-nv,google/gemma-4-31b-it,novita/bf16,0,1.0,Novita,A,2.084e-05,0.9999999816291448,1.538357066288576e-06,1
comprehension,rival_majority,neutral,0032,1,0,1,0,rQrQrPrPrP,A,gemma-31b-nv,google/gemma-4-31b-it,novita/bf16,0,1.0,Novita,A,2.084e-05,,,
comprehension,rival_majority,neutral,0040,-1,0,0,0,rPrPrPrP,A,gemma-31b-nv,google/gemma-4-31b-it,novita/bf16,0,1.0,Novita,A,1.986e-05,,,
comprehension,rival_majority,neutral,0040,-1,0,1,0,rPrPrPrP,A,gemma-31b-nv,google/gemma-4-31b-it,novita/bf16,0,1.0,Novita,A,1.986e-05,,,
comprehension,rival_majority,neutral,0040,1,0,0,0,rPrPrPrP,A,gemma-31b-nv,google/gemma-4-31b-it,novita/bf16,0,1.0,Novita,A,1.986e-05,,,
comprehension,rival_majority,neutral,0040,1,0,1,0,rPrPrPrP,A,gemma-31b-nv,google/gemma-4-31b-it,novita/bf16,0,1.0,Novita,A,1.986e-05,,,
comprehension,rival_majority,neutral,0041,-1,0,0,0,rPrQrPrPrP,A,gemma-31b-nv,google/gemma-4-31b-it,novita/bf16,0,1.0,Novita,A,2.084e-05,,,
comprehension,rival_majority,neutral,0041,-1,0,1,0,rPrQrPrPrP,A,gemma-31b-nv,google/gemma-4-31b-it,novita/bf16,0,1.0,Novita,A,2.084e-05,,,
comprehension,rival_majority,neutral,0041,1,0,0,0,rQrPrPrPrP,A,gemma-31b-nv,google/gemma-4-31b-it,novita/bf16,0,1.0,Novita,A,2.084e-05,,,
comprehension,rival_majority,neutral,0041,1,0,1,0,rPrPrPrPrQ,A,gemma-31b-nv,google/gemma-4-31b-it,novita/bf16,0,1.0,Novita,A,2.084e-05,,,
comprehension,rival_majority,neutral,0042,-1,0,0,0,rQrPrPrPrPrQ,A,gemma-31b-nv,google/gemma-4-31b-it,novita/bf16,0,1.0,Novita,A,2.182e-05,,,
comprehension,rival_majority,neutral,0042,-1,0,1,0,rPrPrQrPrPrQ,A,gemma-31b-nv,google/gemma-4-31b-it,novita/bf16,0,1.0,Novita,A,2.182e-05,,,
comprehension,rival_majority,neutral,0042,1,0,0,0,rQrPrPrPrPrQ,A,gemma-31b-nv,google/gemma-4-31b-it,novita/bf16,0,1.0,Novita,A,2.182e-05,0.9999999468421279,4.236427379344931e-06,1
comprehension,rival_majority,neutral,0042,1,0,1,0,rQrPrPrPrQrP,A,gemma-31b-nv,google/gemma-4-31b-it,novita/bf16,0,1.0,Novita,A,2.182e-05,,,
comprehension,rival_majority,neutral,0050,-1,0,0,0,rPrPrPrPrP,A,gemma-31b-nv,google/gemma-4-31b-it,novita/bf16,0,1.0,Novita,A,2.084e-05,0.9999999656786906,4.436637702887047e-06,1
comprehension,rival_majority,neutral,0050,-1,0,1,0,rPrPrPrPrP,A,gemma-31b-nv,google/gemma-4-31b-it,novita/bf16,0,1.0,Novita,A,2.084e-05,,,
comprehension,rival_majority,neutral,0050,1,0,0,0,rPrPrPrPrP,A,gemma-31b-nv,google/gemma-4-31b-it,novita/bf16,0,1.0,Novita,A,2.084e-05,,,
comprehension,rival_majority,neutral,0050,1,0,1,0,rPrPrPrPrP,A,gemma-31b-nv,google/gemma-4-31b-it,novita/bf16,0,1.0,Novita,A,2.084e-05,,,
comprehension,rival_majority,neutral,0051,-1,0,0,0,rPrQrPrPrPrP,A,gemma-31b-nv,google/gemma-4-31b-it,novita/bf16,0,1.0,Novita,A,2.182e-05,,,
comprehension,rival_majority,neutral,0051,-1,0,1,0,rPrPrPrPrQrP,A,gemma-31b-nv,google/gemma-4-31b-it,novita/bf16,0,1.0,Novita,A,2.182e-05,,,
comprehension,rival_majority,neutral,0051,1,0,0,0,rPrPrPrQrPrP,A,gemma-31b-nv,google/gemma-4-31b-it,novita/bf16,0,1.0,Novita,A,2.182e-05,,,
comprehension,rival_majority,neutral,0051,1,0,1,0,rPrPrPrPrQrP,A,gemma-31b-nv,google/gemma-4-31b-it,novita/bf16,0,1.0,Novita,A,2.182e-05,0.9999999250354862,6.7199192113065465e-06,1
comprehension,rival_majority,neutral,0060,-1,0,0,0,rPrPrPrPrPrP,A,gemma-31b-nv,google/gemma-4-31b-it,novita/bf16,0,1.0,Novita,A,2.182e-05,,,
comprehension,rival_majority,neutral,0060,-1,0,1,0,rPrPrPrPrPrP,A,gemma-31b-nv,google/gemma-4-31b-it,novita/bf16,0,1.0,Novita,A,2.182e-05,,,
comprehension,rival_majority,neutral,0060,1,0,0,0,rPrPrPrPrPrP,A,gemma-31b-nv,google/gemma-4-31b-it,novita/bf16,0,1.0,Novita,A,2.182e-05,,,
comprehension,rival_majority,neutral,0060,1,0,1,0,rPrPrPrPrPrP,A,gemma-31b-nv,google/gemma-4-31b-it,novita/bf16,0,1.0,Novita,A,2.182e-05,,,
comprehension,rival_majority,neutral,0101,-1,0,0,0,aQrQ,B,gemma-31b-nv,google/gemma-4-31b-it,novita/bf16,0,1.0,Novita,B,1.79e-05,1.4615740763724033e-09,6.131607743764533e-08,1
comprehension,rival_majority,neutral,0101,-1,0,1,0,aQrQ,B,gemma-31b-nv,google/gemma-4-31b-it,novita/bf16,0,1.0,Novita,B,1.79e-05,1.555840458055595e-09,5.1725427385740375e-08,1
comprehension,rival_majority,neutral,0101,1,0,0,0,rQaQ,B,gemma-31b-nv,google/gemma-4-31b-it,novita/bf16,0,1.0,Novita,B,1.79e-05,,,
comprehension,rival_majority,neutral,0101,1,0,1,0,rQaQ,B,gemma-31b-nv,google/gemma-4-31b-it,novita/bf16,0,1.0,Novita,B,1.79e-05,,,
comprehension,rival_majority,neutral,0102,-1,0,0,0,rQaQrQ,B,gemma-31b-nv,google/gemma-4-31b-it,novita/bf16,0,1.0,Novita,B,1.888e-05,3.850735108474386e-09,1.4159251415790663e-07,1
comprehension,rival_majority,neutral,0102,-1,0,1,0,rQaQrQ,B,gemma-31b-nv,google/gemma-4-31b-it,novita/bf16,0,1.0,Novita,B,1.888e-05,,,
comprehension,rival_majority,neutral,0102,1,0,0,0,rQaQrQ,B,gemma-31b-nv,google/gemma-4-31b-it,novita/bf16,0,1.0,Novita,B,1.888e-05,2.1940868909296073e-09,1.302041895412387e-07,1
comprehension,rival_majority,neutral,0102,1,0,1,0,aQrQrQ,B,gemma-31b-nv,google/gemma-4-31b-it,novita/bf16,0,1.0,Novita,B,1.888e-05,,,
comprehension,rival_majority,neutral,0103,-1,0,0,0,aQrQrQrQ,B,gemma-31b-nv,google/gemma-4-31b-it,novita/bf16,0,1.0,Novita,B,1.986e-05,,,
comprehension,rival_majority,neutral,0103,-1,0,1,0,rQrQrQaQ,B,gemma-31b-nv,google/gemma-4-31b-it,novita/bf16,0,1.0,Novita,B,1.986e-05,,,
comprehension,rival_majority,neutral,0103,1,0,0,0,rQaQrQrQ,B,gemma-31b-nv,google/gemma-4-31b-it,novita/bf16,0,1.0,Novita,B,1.986e-05,,,
comprehension,rival_majority,neutral,0103,1,0,1,0,rQrQrQaQ,B,gemma-31b-nv,google/gemma-4-31b-it,novita/bf16,0,1.0,Novita,B,1.986e-05,,,
comprehension,rival_majority,neutral,0104,-1,0,0,0,rQrQrQrQaQ,B,gemma-31b-nv,google/gemma-4-31b-it,novita/bf16,0,1.0,Novita,B,2.084e-05,,,
comprehension,rival_majority,neutral,0104,-1,0,1,0,rQrQrQaQrQ,B,gemma-31b-nv,google/gemma-4-31b-it,novita/bf16,0,1.0,Novita,B,2.084e-05,,,
comprehension,rival_majority,neutral,0104,1,0,0,0,rQrQaQrQrQ,B,gemma-31b-nv,google/gemma-4-31b-it,novita/bf16,0,1.0,Novita,B,2.084e-05,,,
comprehension,rival_majority,neutral,0104,1,0,1,0,rQaQrQrQrQ,B,gemma-31b-nv,google/gemma-4-31b-it,novita/bf16,0,1.0,Novita,B,2.084e-05,2.126581802977548e-09,6.851653711059669e-08,1
comprehension,rival_majority,neutral,0105,-1,0,0,0,rQrQrQrQaQrQ,B,gemma-31b-nv,google/gemma-4-31b-it,novita/bf16,0,1.0,Novita,B,2.182e-05,,,
comprehension,rival_majority,neutral,0105,-1,0,1,0,rQrQrQrQrQaQ,B,gemma-31b-nv,google/gemma-4-31b-it,novita/bf16,0,1.0,Novita,B,2.182e-05,,,
comprehension,rival_majority,neutral,0105,1,0,0,0,rQrQrQrQrQaQ,B,gemma-31b-nv,google/gemma-4-31b-it,novita/bf16,0,1.0,Novita,B,2.182e-05,,,
comprehension,rival_majority,neutral,0105,1,0,1,0,aQrQrQrQrQrQ,B,gemma-31b-nv,google/gemma-4-31b-it,novita/bf16,0,1.0,Novita,B,2.182e-05,,,
comprehension,rival_majority,neutral,0110,-1,0,0,0,rPaQ,A,gemma-31b-nv,google/gemma-4-31b-it,novita/bf16,0,1.0,Novita,A,1.79e-05,0.9999999677581335,3.821356341249249e-06,1
comprehension,rival_majority,neutral,0110,-1,0,1,0,rPaQ,A,gemma-31b-nv,google/gemma-4-31b-it,novita/bf16,0,1.0,Novita,A,1.79e-05,,,
comprehension,rival_majority,neutral,0110,1,0,0,0,aQrP,A,gemma-31b-nv,google/gemma-4-31b-it,novita/bf16,0,1.0,Novita,A,1.79e-05,,,
comprehension,rival_majority,neutral,0110,1,0,1,0,rPaQ,A,gemma-31b-nv,google/gemma-4-31b-it,novita/bf16,0,1.0,Novita,A,1.79e-05,,,
comprehension,rival_majority,neutral,0112,-1,0,0,0,rPrQrQaQ,B,gemma-31b-nv,google/gemma-4-31b-it,novita/bf16,0,1.0,Novita,B,1.986e-05,,,
comprehension,rival_majority,neutral,0112,-1,0,1,0,aQrQrPrQ,B,gemma-31b-nv,google/gemma-4-31b-it,novita/bf16,0,1.0,Novita,B,1.986e-05,,,
comprehension,rival_majority,neutral,0112,1,0,0,0,rQaQrPrQ,B,gemma-31b-nv,google/gemma-4-31b-it,novita/bf16,0,1.0,Novita,B,1.986e-05,,,
comprehension,rival_majority,neutral,0112,1,0,1,0,rPaQrQrQ,B,gemma-31b-nv,google/gemma-4-31b-it,novita/bf16,0,1.0,Novita,B,1.986e-05,2.5651474557326764e-09,1.302041895412387e-07,1
comprehension,rival_majority,neutral,0113,-1,0,0,0,rQrQaQrQrP,B,gemma-31b-nv,google/gemma-4-31b-it,novita/bf16,0,1.0,Novita,B,2.084e-05,,,
comprehension,rival_majority,neutral,0113,-1,0,1,0,rPrQaQrQrQ,B,gemma-31b-nv,google/gemma-4-31b-it,novita/bf16,0,1.0,Novita,B,2.084e-05,,,
comprehension,rival_majority,neutral,0113,1,0,0,0,aQrQrQrPrQ,B,gemma-31b-nv,google/gemma-4-31b-it,novita/bf16,0,1.0,Novita,B,2.084e-05,,,
comprehension,rival_majority,neutral,0113,1,0,1,0,aQrPrQrQrQ,B,gemma-31b-nv,google/gemma-4-31b-it,novita/bf16,0,1.0,Novita,B,2.084e-05,,,
comprehension,rival_majority,neutral,0114,-1,0,0,0,rPrQrQrQrQaQ,B,gemma-31b-nv,google/gemma-4-31b-it,novita/bf16,0,1.0,Novita,B,2.182e-05,1.936274828508448e-09,1.0064351840810559e-07,1
comprehension,rival_majority,neutral,0114,-1,0,1,0,rQaQrPrQrQrQ,B,gemma-31b-nv,google/gemma-4-31b-it,novita/bf16,0,1.0,Novita,B,2.182e-05,,,
comprehension,rival_majority,neutral,0114,1,0,0,0,rQrPrQrQrQaQ,B,gemma-31b-nv,google/gemma-4-31b-it,novita/bf16,0,1.0,Novita,B,2.182e-05,,,
comprehension,rival_majority,neutral,0114,1,0,1,0,rQrQaQrPrQrQ,B,gemma-31b-nv,google/gemma-4-31b-it,novita/bf16,0,1.0,Novita,B,2.182e-05,,,
comprehension,rival_majority,neutral,0120,-1,0,0,0,rPaQrP,A,gemma-31b-nv,google/gemma-4-31b-it,novita/bf16,0,1.0,Novita,A,1.888e-05,,,
comprehension,rival_majority,neutral,0120,-1,0,1,0,aQrPrP,A,gemma-31b-nv,google/gemma-4-31b-it,novita/bf16,0,1.0,Novita,A,1.888e-05,,,
comprehension,rival_majority,neutral,0120,1,0,0,0,rPrPaQ,A,gemma-31b-nv,google/gemma-4-31b-it,novita/bf16,0,1.0,Novita,A,1.888e-05,,,
comprehension,rival_majority,neutral,0120,1,0,1,0,rPaQrP,A,gemma-31b-nv,google/gemma-4-31b-it,novita/bf16,0,1.0,Novita,A,1.888e-05,,,
comprehension,rival_majority,neutral,0121,-1,0,0,0,aQrPrQrP,A,gemma-31b-nv,google/gemma-4-31b-it,novita/bf16,0,1.0,Novita,A,1.986e-05,,,
comprehension,rival_majority,neutral,0121,-1,0,1,0,aQrQrPrP,A,gemma-31b-nv,google/gemma-4-31b-it,novita/bf16,0,1.0,Novita,A,1.986e-05,,,
comprehension,rival_majority,neutral,0121,1,0,0,0,aQrPrQrP,A,gemma-31b-nv,google/gemma-4-31b-it,novita/bf16,0,1.0,Novita,A,1.986e-05,,,
comprehension,rival_majority,neutral,0121,1,0,1,0,rPaQrPrQ,A,gemma-31b-nv,google/gemma-4-31b-it,novita/bf16,0,1.0,Novita,A,1.986e-05,,,
comprehension,rival_majority,neutral,0123,-1,0,0,0,rQrPaQrQrQrP,B,gemma-31b-nv,google/gemma-4-31b-it,novita/bf16,0,1.0,Novita,B,2.182e-05,,,
comprehension,rival_majority,neutral,0123,-1,0,1,0,rQrPaQrQrQrP,B,gemma-31b-nv,google/gemma-4-31b-it,novita/bf16,0,1.0,Novita,B,2.182e-05,1.997738789297257e-09,1.0064351840810559e-07,1
comprehension,rival_majority,neutral,0123,1,0,0,0,rQrQaQrQrPrP,B,gemma-31b-nv,google/gemma-4-31b-it,novita/bf16,0,1.0,Novita,B,2.182e-05,,,
comprehension,rival_majority,neutral,0123,1,0,1,0,rPrPrQrQaQrQ,B,gemma-31b-nv,google/gemma-4-31b-it,novita/bf16,0,1.0,Novita,B,2.182e-05,,,
comprehension,rival_majority,neutral,0130,-1,0,0,0,aQrPrPrP,A,gemma-31b-nv,google/gemma-4-31b-it,novita/bf16,0,1.0,Novita,A,1.986e-05,,,
comprehension,rival_majority,neutral,0130,-1,0,1,0,rPrPaQrP,A,gemma-31b-nv,google/gemma-4-31b-it,novita/bf16,0,1.0,Novita,A,1.986e-05,,,
comprehension,rival_majority,neutral,0130,1,0,0,0,rPrPrPaQ,A,gemma-31b-nv,google/gemma-4-31b-it,novita/bf16,0,1.0,Novita,A,1.986e-05,,,
comprehension,rival_majority,neutral,0130,1,0,1,0,rPrPrPaQ,A,gemma-31b-nv,google/gemma-4-31b-it,novita/bf16,0,1.0,Novita,A,1.986e-05,,,
comprehension,rival_majority,neutral,0131,-1,0,0,0,aQrQrPrPrP,A,gemma-31b-nv,google/gemma-4-31b-it,novita/bf16,0,1.0,Novita,A,2.084e-05,,,
comprehension,rival_majority,neutral,0131,-1,0,1,0,rPrQrPaQrP,A,gemma-31b-nv,google/gemma-4-31b-it,novita/bf16,0,1.0,Novita,A,2.084e-05,,,
comprehension,rival_majority,neutral,0131,1,0,0,0,rPrQrPaQrP,A,gemma-31b-nv,google/gemma-4-31b-it,novita/bf16,0,1.0,Novita,A,2.084e-05,,,
comprehension,rival_majority,neutral,0131,1,0,1,0,rPrPrQaQrP,A,gemma-31b-nv,google/gemma-4-31b-it,novita/bf16,0,1.0,Novita,A,2.084e-05,,,
comprehension,rival_majority,neutral,0132,-1,0,0,0,rPrQrQrPrPaQ,A,gemma-31b-nv,google/gemma-4-31b-it,novita/bf16,0,1.0,Novita,A,2.182e-05,,,
comprehension,rival_majority,neutral,0132,-1,0,1,0,aQrPrQrQrPrP,A,gemma-31b-nv,google/gemma-4-31b-it,novita/bf16,0,1.0,Novita,A,2.182e-05,,,
comprehension,rival_majority,neutral,0132,1,0,0,0,rPaQrPrQrQrP,A,gemma-31b-nv,google/gemma-4-31b-it,novita/bf16,0,1.0,Novita,A,2.182e-05,,,
comprehension,rival_majority,neutral,0132,1,0,1,0,rPrPrQrPrQaQ,A,gemma-31b-nv,google/gemma-4-31b-it,novita/bf16,0,1.0,Novita,A,2.182e-05,,,
comprehension,rival_majority,neutral,0140,-1,0,0,0,rPrPaQrPrP,A,gemma-31b-nv,google/gemma-4-31b-it,novita/bf16,0,1.0,Novita,A,2.084e-05,,,
comprehension,rival_majority,neutral,0140,-1,0,1,0,rPaQrPrPrP,A,gemma-31b-nv,google/gemma-4-31b-it,novita/bf16,0,1.0,Novita,A,2.084e-05,,,
comprehension,rival_majority,neutral,0140,1,0,0,0,rPaQrPrPrP,A,gemma-31b-nv,google/gemma-4-31b-it,novita/bf16,0,1.0,Novita,A,2.084e-05,,,
comprehension,rival_majority,neutral,0140,1,0,1,0,rPaQrPrPrP,A,gemma-31b-nv,google/gemma-4-31b-it,novita/bf16,0,1.0,Novita,A,2.084e-05,,,
comprehension,rival_majority,neutral,0141,-1,0,0,0,aQrQrPrPrPrP,A,gemma-31b-nv,google/gemma-4-31b-it,novita/bf16,0,1.0,Novita,A,2.182e-05,,,
comprehension,rival_majority,neutral,0141,-1,0,1,0,rPaQrPrPrQrP,A,gemma-31b-nv,google/gemma-4-31b-it,novita/bf16,0,1.0,Novita,A,2.182e-05,,,
comprehension,rival_majority,neutral,0141,1,0,0,0,rQrPrPaQrPrP,A,gemma-31b-nv,google/gemma-4-31b-it,novita/bf16,0,1.0,Novita,A,2.182e-05,,,
comprehension,rival_majority,neutral,0141,1,0,1,0,aQrPrQrPrPrP,A,gemma-31b-nv,google/gemma-4-31b-it,novita/bf16,0,1.0,Novita,A,2.182e-05,,,
comprehension,rival_majority,neutral,0150,-1,0,0,0,aQrPrPrPrPrP,A,gemma-31b-nv,google/gemma-4-31b-it,novita/bf16,0,1.0,Novita,A,2.182e-05,,,
comprehension,rival_majority,neutral,0150,-1,0,1,0,rPrPrPrPrPaQ,A,gemma-31b-nv,google/gemma-4-31b-it,novita/bf16,0,1.0,Novita,A,2.182e-05,0.9999999764113342,2.430730732694286e-06,1
comprehension,rival_majority,neutral,0150,1,0,0,0,rPaQrPrPrPrP,A,gemma-31b-nv,google/gemma-4-31b-it,novita/bf16,0,1.0,Novita,A,2.182e-05,,,
comprehension,rival_majority,neutral,0150,1,0,1,0,rPrPrPrPaQrP,A,gemma-31b-nv,google/gemma-4-31b-it,novita/bf16,0,1.0,Novita,A,2.182e-05,0.9999999358794444,4.942644651562134e-06,1
comprehension,rival_majority,neutral,0201,-1,0,0,0,aQaQrQ,B,gemma-31b-nv,google/gemma-4-31b-it,novita/bf16,0,1.0,Novita,B,1.888e-05,1.936267497407247e-09,1.2914525449048142e-07,1
comprehension,rival_majority,neutral,0201,-1,0,1,0,aQrQaQ,B,gemma-31b-nv,google/gemma-4-31b-it,novita/bf16,0,1.0,Novita,B,1.888e-05,2.4862214246074666e-09,1.3063787884792788e-07,1
comprehension,rival_majority,neutral,0201,1,0,0,0,aQaQrQ,B,gemma-31b-nv,google/gemma-4-31b-it,novita/bf16,0,1.0,Novita,B,1.888e-05,,,
comprehension,rival_majority,neutral,0201,1,0,1,0,rQaQaQ,B,gemma-31b-nv,google/gemma-4-31b-it,novita/bf16,0,1.0,Novita,B,1.888e-05,,,
comprehension,rival_majority,neutral,0202,-1,0,0,0,aQrQrQaQ,B,gemma-31b-nv,google/gemma-4-31b-it,novita/bf16,0,1.0,Novita,B,1.986e-05,,,
comprehension,rival_majority,neutral,0202,-1,0,1,0,aQaQrQrQ,B,gemma-31b-nv,google/gemma-4-31b-it,novita/bf16,0,1.0,Novita,B,1.986e-05,,,
comprehension,rival_majority,neutral,0202,1,0,0,0,aQrQaQrQ,B,gemma-31b-nv,google/gemma-4-31b-it,novita/bf16,0,1.0,Novita,B,1.986e-05,1.8189618786849505e-09,1.0689642748751282e-07,1
comprehension,rival_majority,neutral,0202,1,0,1,0,rQaQaQrQ,B,gemma-31b-nv,google/gemma-4-31b-it,novita/bf16,0,1.0,Novita,B,1.986e-05,2.372373793295802e-09,2.1985258769063876e-07,1
comprehension,rival_majority,neutral,0203,-1,0,0,0,rQaQrQaQrQ,B,gemma-31b-nv,google/gemma-4-31b-it,novita/bf16,0,1.0,Novita,B,2.084e-05,,,
comprehension,rival_majority,neutral,0203,-1,0,1,0,rQrQrQaQaQ,B,gemma-31b-nv,google/gemma-4-31b-it,novita/bf16,0,1.0,Novita,B,2.084e-05,,,
comprehension,rival_majority,neutral,0203,1,0,0,0,rQrQrQaQaQ,B,gemma-31b-nv,google/gemma-4-31b-it,novita/bf16,0,1.0,Novita,B,2.084e-05,,,
comprehension,rival_majority,neutral,0203,1,0,1,0,aQaQrQrQrQ,B,gemma-31b-nv,google/gemma-4-31b-it,novita/bf16,0,1.0,Novita,B,2.084e-05,,,
comprehension,rival_majority,neutral,0204,-1,0,0,0,rQrQaQrQaQrQ,B,gemma-31b-nv,google/gemma-4-31b-it,novita/bf16,0,1.0,Novita,B,2.182e-05,,,
comprehension,rival_majority,neutral,0204,-1,0,1,0,rQrQaQaQrQrQ,B,gemma-31b-nv,google/gemma-4-31b-it,novita/bf16,0,1.0,Novita,B,2.182e-05,,,
comprehension,rival_majority,neutral,0204,1,0,0,0,rQrQaQrQaQrQ,B,gemma-31b-nv,google/gemma-4-31b-it,novita/bf16,0,1.0,Novita,B,2.182e-05,,,
comprehension,rival_majority,neutral,0204,1,0,1,0,rQaQaQrQrQrQ,B,gemma-31b-nv,google/gemma-4-31b-it,novita/bf16,0,1.0,Novita,B,2.182e-05,1.876702009413614e-09,1.509612740369093e-07,1
comprehension,rival_majority,neutral,0210,-1,0,0,0,rPaQaQ,A,gemma-31b-nv,google/gemma-4-31b-it,novita/bf16,0,1.0,Novita,A,1.888e-05,0.9999999530883719,9.327021273985991e-06,1
comprehension,rival_majority,neutral,0210,-1,0,1,0,aQrPaQ,A,gemma-31b-nv,google/gemma-4-31b-it,novita/bf16,0,1.0,Novita,A,1.888e-05,0.9999999515992138,5.988602562068124e-06,1
comprehension,rival_majority,neutral,0210,1,0,0,0,rPaQaQ,A,gemma-31b-nv,google/gemma-4-31b-it,novita/bf16,0,1.0,Novita,A,1.888e-05,0.9999999623054732,4.829483843393767e-06,1
comprehension,rival_majority,neutral,0210,1,0,1,0,rPaQaQ,A,gemma-31b-nv,google/gemma-4-31b-it,novita/bf16,0,1.0,Novita,A,1.888e-05,0.9999999804443312,1.29611686550124e-06,1
comprehension,rival_majority,neutral,0212,-1,0,0,0,aQaQrQrQrP,B,gemma-31b-nv,google/gemma-4-31b-it,novita/bf16,0,1.0,Novita,B,2.084e-05,,,
comprehension,rival_majority,neutral,0212,-1,0,1,0,aQrPaQrQrQ,B,gemma-31b-nv,google/gemma-4-31b-it,novita/bf16,0,1.0,Novita,B,2.084e-05,,,
comprehension,rival_majority,neutral,0212,1,0,0,0,aQrQrQrPaQ,B,gemma-31b-nv,google/gemma-4-31b-it,novita/bf16,0,1.0,Novita,B,2.084e-05,,,
comprehension,rival_majority,neutral,0212,1,0,1,0,aQrPaQrQrQ,B,gemma-31b-nv,google/gemma-4-31b-it,novita/bf16,0,1.0,Novita,B,2.084e-05,,,
comprehension,rival_majority,neutral,0213,-1,0,0,0,rQrQrQrPaQaQ,B,gemma-31b-nv,google/gemma-4-31b-it,novita/bf16,0,1.0,Novita,B,2.182e-05,,,
comprehension,rival_majority,neutral,0213,-1,0,1,0,aQrQrPaQrQrQ,B,gemma-31b-nv,google/gemma-4-31b-it,novita/bf16,0,1.0,Novita,B,2.182e-05,,,
comprehension,rival_majority,neutral,0213,1,0,0,0,aQaQrQrPrQrQ,B,gemma-31b-nv,google/gemma-4-31b-it,novita/bf16,0,1.0,Novita,B,2.182e-05,,,
comprehension,rival_majority,neutral,0213,1,0,1,0,aQaQrPrQrQrQ,B,gemma-31b-nv,google/gemma-4-31b-it,novita/bf16,0,1.0,Novita,B,2.182e-05,,,
comprehension,rival_majority,neutral,0220,-1,0,0,0,rPaQaQrP,A,gemma-31b-nv,google/gemma-4-31b-it,novita/bf16,0,1.0,Novita,A,1.986e-05,,,
comprehension,rival_majority,neutral,0220,-1,0,1,0,aQrPaQrP,A,gemma-31b-nv,google/gemma-4-31b-it,novita/bf16,0,1.0,Novita,A,1.986e-05,,,
comprehension,rival_majority,neutral,0220,1,0,0,0,aQaQrPrP,A,gemma-31b-nv,google/gemma-4-31b-it,novita/bf16,0,1.0,Novita,A,1.986e-05,,,
comprehension,rival_majority,neutral,0220,1,0,1,0,aQrPaQrP,A,gemma-31b-nv,google/gemma-4-31b-it,novita/bf16,0,1.0,Novita,A,1.986e-05,,,
comprehension,rival_majority,neutral,0221,-1,0,0,0,aQaQrPrQrP,A,gemma-31b-nv,google/gemma-4-31b-it,novita/bf16,0,1.0,Novita,A,2.084e-05,,,
comprehension,rival_majority,neutral,0221,-1,0,1,0,rPrQrPaQaQ,A,gemma-31b-nv,google/gemma-4-31b-it,novita/bf16,0,1.0,Novita,A,2.084e-05,,,
comprehension,rival_majority,neutral,0221,1,0,0,0,aQaQrPrPrQ,A,gemma-31b-nv,google/gemma-4-31b-it,novita/bf16,0,1.0,Novita,A,2.084e-05,,,
comprehension,rival_majority,neutral,0221,1,0,1,0,rPrQaQrPaQ,A,gemma-31b-nv,google/gemma-4-31b-it,novita/bf16,0,1.0,Novita,A,2.084e-05,,,
comprehension,rival_majority,neutral,0230,-1,0,0,0,aQrPaQrPrP,A,gemma-31b-nv,google/gemma-4-31b-it,novita/bf16,0,1.0,Novita,A,2.084e-05,,,
comprehension,rival_majority,neutral,0230,-1,0,1,0,aQaQrPrPrP,A,gemma-31b-nv,google/gemma-4-31b-it,novita/bf16,0,1.0,Novita,A,2.084e-05,,,
comprehension,rival_majority,neutral,0230,1,0,0,0,rPrPrPaQaQ,A,gemma-31b-nv,google/gemma-4-31b-it,novita/bf16,0,1.0,Novita,A,2.084e-05,,,
comprehension,rival_majority,neutral,0230,1,0,1,0,rPrPaQrPaQ,A,gemma-31b-nv,google/gemma-4-31b-it,novita/bf16,0,1.0,Novita,A,2.084e-05,,,
comprehension,rival_majority,neutral,0231,-1,0,0,0,rPrPrPrQaQaQ,A,gemma-31b-nv,google/gemma-4-31b-it,novita/bf16,0,1.0,Novita,A,2.182e-05,,,
comprehension,rival_majority,neutral,0231,-1,0,1,0,rPaQrPrPaQrQ,A,gemma-31b-nv,google/gemma-4-31b-it,novita/bf16,0,1.0,Novita,A,2.182e-05,,,
comprehension,rival_majority,neutral,0231,1,0,0,0,rPaQaQrPrQrP,A,gemma-31b-nv,google/gemma-4-31b-it,novita/bf16,0,1.0,Novita,A,2.182e-05,,,
comprehension,rival_majority,neutral,0231,1,0,1,0,aQrPrPrQaQrP,A,gemma-31b-nv,google/gemma-4-31b-it,novita/bf16,0,1.0,Novita,A,2.182e-05,,,
comprehension,rival_majority,neutral,0240,-1,0,0,0,rPaQaQrPrPrP,A,gemma-31b-nv,google/gemma-4-31b-it,novita/bf16,0,1.0,Novita,A,2.182e-05,0.999999965678739,3.031176176837569e-06,1
comprehension,rival_majority,neutral,0240,-1,0,1,0,rPaQrPaQrPrP,A,gemma-31b-nv,google/gemma-4-31b-it,novita/bf16,0,1.0,Novita,A,2.182e-05,,,
comprehension,rival_majority,neutral,0240,1,0,0,0,rPrPrPaQaQrP,A,gemma-31b-nv,google/gemma-4-31b-it,novita/bf16,0,1.0,Novita,A,2.182e-05,,,
comprehension,rival_majority,neutral,0240,1,0,1,0,rPaQrPrPrPaQ,A,gemma-31b-nv,google/gemma-4-31b-it,novita/bf16,0,1.0,Novita,A,2.182e-05,,,
comprehension,rival_majority,neutral,0301,-1,0,0,0,aQaQrQaQ,B,gemma-31b-nv,google/gemma-4-31b-it,novita/bf16,0,1.0,Novita,B,1.986e-05,1.6561804175257255e-09,6.986832423727662e-08,1
comprehension,rival_majority,neutral,0301,-1,0,1,0,aQrQaQaQ,B,gemma-31b-nv,google/gemma-4-31b-it,novita/bf16,0,1.0,Novita,B,1.986e-05,2.817257878069258e-09,1.0143442230603483e-07,1
comprehension,rival_majority,neutral,0301,1,0,0,0,aQaQaQrQ,B,gemma-31b-nv,google/gemma-4-31b-it,novita/bf16,0,1.0,Novita,B,1.986e-05,1.8766984123096836e-09,1.4159251415790663e-07,1
comprehension,rival_majority,neutral,0301,1,0,1,0,rQaQaQaQ,B,gemma-31b-nv,google/gemma-4-31b-it,novita/bf16,0,1.0,Novita,B,1.986e-05,,,
comprehension,rival_majority,neutral,0302,-1,0,0,0,aQrQaQaQrQ,B,gemma-31b-nv,google/gemma-4-31b-it,novita/bf16,0,1.0,Novita,B,2.084e-05,,,
comprehension,rival_majority,neutral,0302,-1,0,1,0,aQrQrQaQaQ,B,gemma-31b-nv,google/gemma-4-31b-it,novita/bf16,0,1.0,Novita,B,2.084e-05,2.0611538385201853e-09,1.0689642748751282e-07,1
comprehension,rival_majority,neutral,0302,1,0,0,0,aQaQrQrQaQ,B,gemma-31b-nv,google/gemma-4-31b-it,novita/bf16,0,1.0,Novita,B,2.084e-05,,,
comprehension,rival_majority,neutral,0302,1,0,1,0,aQaQaQrQrQ,B,gemma-31b-nv,google/gemma-4-31b-it,novita/bf16,0,1.0,Novita,B,2.084e-05,,,
comprehension,rival_majority,neutral,0303,-1,0,0,0,rQaQaQrQaQrQ,B,gemma-31b-nv,google/gemma-4-31b-it,novita/bf16,0,1.0,Novita,B,2.182e-05,,,
comprehension,rival_majority,neutral,0303,-1,0,1,0,rQrQaQrQaQaQ,B,gemma-31b-nv,google/gemma-4-31b-it,novita/bf16,0,1.0,Novita,B,2.182e-05,,,
comprehension,rival_majority,neutral,0303,1,0,0,0,rQaQaQrQaQrQ,B,gemma-31b-nv,google/gemma-4-31b-it,novita/bf16,0,1.0,Novita,B,2.182e-05,,,
comprehension,rival_majority,neutral,0303,1,0,1,0,rQaQrQrQaQaQ,B,gemma-31b-nv,google/gemma-4-31b-it,novita/bf16,0,1.0,Novita,B,2.182e-05,,,
comprehension,rival_majority,neutral,0310,-1,0,0,0,aQaQrPaQ,A,gemma-31b-nv,google/gemma-4-31b-it,novita/bf16,0,1.0,Novita,A,1.986e-05,,,
comprehension,rival_majority,neutral,0310,-1,0,1,0,aQrPaQaQ,A,gemma-31b-nv,google/gemma-4-31b-it,novita/bf16,0,1.0,Novita,A,1.986e-05,0.9999999611089131,5.02137949043302e-06,1
comprehension,rival_majority,neutral,0310,1,0,0,0,rPaQaQaQ,A,gemma-31b-nv,google/gemma-4-31b-it,novita/bf16,0,1.0,Novita,A,1.986e-05,0.9999999804443164,2.0553382552579436e-06,1
comprehension,rival_majority,neutral,0310,1,0,1,0,aQaQaQrP,A,gemma-31b-nv,google/gemma-4-31b-it,novita/bf16,0,1.0,Novita,A,1.986e-05,,,
comprehension,rival_majority,neutral,0312,-1,0,0,0,rQrPrQaQaQaQ,B,gemma-31b-nv,google/gemma-4-31b-it,novita/bf16,0,1.0,Novita,B,2.182e-05,,,
comprehension,rival_majority,neutral,0312,-1,0,1,0,aQrQrQaQaQrP,B,gemma-31b-nv,google/gemma-4-31b-it,novita/bf16,0,1.0,Novita,B,2.182e-05,,,
comprehension,rival_majority,neutral,0312,1,0,0,0,rQaQrQrPaQaQ,B,gemma-31b-nv,google/gemma-4-31b-it,novita/bf16,0,1.0,Novita,B,2.182e-05,,,
comprehension,rival_majority,neutral,0312,1,0,1,0,rQrPaQaQrQaQ,B,gemma-31b-nv,google/gemma-4-31b-it,novita/bf16,0,1.0,Novita,B,2.182e-05,1.373024407280328e-09,6.766065419050449e-08,1
comprehension,rival_majority,neutral,0320,-1,0,0,0,rPrPaQaQaQ,A,gemma-31b-nv,google/gemma-4-31b-it,novita/bf16,0,1.0,Novita,A,2.084e-05,0.9999999378521447,8.16322614727305e-06,1
comprehension,rival_majority,neutral,0320,-1,0,1,0,aQaQaQrPrP,A,gemma-31b-nv,google/gemma-4-31b-it,novita/bf16,0,1.0,Novita,A,2.084e-05,,,
comprehension,rival_majority,neutral,0320,1,0,0,0,rPrPaQaQaQ,A,gemma-31b-nv,google/gemma-4-31b-it,novita/bf16,0,1.0,Novita,A,2.084e-05,,,
comprehension,rival_majority,neutral,0320,1,0,1,0,aQrPaQrPaQ,A,gemma-31b-nv,google/gemma-4-31b-it,novita/bf16,0,1.0,Novita,A,2.084e-05,,,
comprehension,rival_majority,neutral,0321,-1,0,0,0,aQaQrPaQrQrP,A,gemma-31b-nv,google/gemma-4-31b-it,novita/bf16,0,1.0,Novita,A,2.182e-05,,,
comprehension,rival_majority,neutral,0321,-1,0,1,0,aQrPaQaQrQrP,A,gemma-31b-nv,google/gemma-4-31b-it,novita/bf16,0,1.0,Novita,A,2.182e-05,,,
comprehension,rival_majority,neutral,0321,1,0,0,0,aQrPrQrPaQaQ,A,gemma-31b-nv,google/gemma-4-31b-it,novita/bf16,0,1.0,Novita,A,2.182e-05,,,
comprehension,rival_majority,neutral,0321,1,0,1,0,rQaQrPaQaQrP,A,gemma-31b-nv,google/gemma-4-31b-it,novita/bf16,0,1.0,Novita,A,2.182e-05,,,
comprehension,rival_majority,neutral,0330,-1,0,0,0,rPaQrPaQaQrP,A,gemma-31b-nv,google/gemma-4-31b-it,novita/bf16,0,1.0,Novita,A,2.182e-05,,,
comprehension,rival_majority,neutral,0330,-1,0,1,0,rPrPaQaQrPaQ,A,gemma-31b-nv,google/gemma-4-31b-it,novita/bf16,0,1.0,Novita,A,2.182e-05,,,
comprehension,rival_majority,neutral,0330,1,0,0,0,rPaQaQrPrPaQ,A,gemma-31b-nv,google/gemma-4-31b-it,novita/bf16,0,1.0,Novita,A,2.182e-05,0.9999999740929331,3.7887757442511827e-06,1
comprehension,rival_majority,neutral,0330,1,0,1,0,rPrPaQaQrPaQ,A,gemma-31b-nv,google/gemma-4-31b-it,novita/bf16,0,1.0,Novita,A,2.182e-05,,,
comprehension,rival_majority,neutral,0401,-1,0,0,0,rQaQaQaQaQ,B,gemma-31b-nv,google/gemma-4-31b-it,novita/bf16,0,1.0,Novita,B,2.084e-05,,,
comprehension,rival_majority,neutral,0401,-1,0,1,0,aQaQaQrQaQ,B,gemma-31b-nv,google/gemma-4-31b-it,novita/bf16,0,1.0,Novita,B,2.084e-05,,,
comprehension,rival_majority,neutral,0401,1,0,0,0,aQrQaQaQaQ,B,gemma-31b-nv,google/gemma-4-31b-it,novita/bf16,0,1.0,Novita,B,2.084e-05,,,
comprehension,rival_majority,neutral,0401,1,0,1,0,aQrQaQaQaQ,B,gemma-31b-nv,google/gemma-4-31b-it,novita/bf16,0,1.0,Novita,B,2.084e-05,,,
comprehension,rival_majority,neutral,0402,-1,0,0,0,aQaQaQrQrQaQ,B,gemma-31b-nv,google/gemma-4-31b-it,novita/bf16,0,1.0,Novita,B,2.182e-05,,,
comprehension,rival_majority,neutral,0402,-1,0,1,0,aQrQaQrQaQaQ,B,gemma-31b-nv,google/gemma-4-31b-it,novita/bf16,0,1.0,Novita,B,2.182e-05,,,
comprehension,rival_majority,neutral,0402,1,0,0,0,rQaQaQaQaQrQ,B,gemma-31b-nv,google/gemma-4-31b-it,novita/bf16,0,1.0,Novita,B,2.182e-05,,,
comprehension,rival_majority,neutral,0402,1,0,1,0,rQaQaQrQaQaQ,B,gemma-31b-nv,google/gemma-4-31b-it,novita/bf16,0,1.0,Novita,B,2.182e-05,,,
comprehension,rival_majority,neutral,0410,-1,0,0,0,aQaQaQrPaQ,A,gemma-31b-nv,google/gemma-4-31b-it,novita/bf16,0,1.0,Novita,A,2.084e-05,,,
comprehension,rival_majority,neutral,0410,-1,0,1,0,rPaQaQaQaQ,A,gemma-31b-nv,google/gemma-4-31b-it,novita/bf16,0,1.0,Novita,A,2.084e-05,,,
comprehension,rival_majority,neutral,0410,1,0,0,0,aQaQaQaQrP,A,gemma-31b-nv,google/gemma-4-31b-it,novita/bf16,0,1.0,Novita,A,2.084e-05,,,
comprehension,rival_majority,neutral,0410,1,0,1,0,aQaQaQaQrP,A,gemma-31b-nv,google/gemma-4-31b-it,novita/bf16,0,1.0,Novita,A,2.084e-05,,,
comprehension,rival_majority,neutral,0420,-1,0,0,0,rPaQaQrPaQaQ,A,gemma-31b-nv,google/gemma-4-31b-it,novita/bf16,0,1.0,Novita,A,2.182e-05,,,
comprehension,rival_majority,neutral,0420,-1,0,1,0,rPaQaQrPaQaQ,A,gemma-31b-nv,google/gemma-4-31b-it,novita/bf16,0,1.0,Novita,A,2.182e-05,,,
comprehension,rival_majority,neutral,0420,1,0,0,0,aQaQaQaQrPrP,A,gemma-31b-nv,google/gemma-4-31b-it,novita/bf16,0,1.0,Novita,A,2.182e-05,,,
comprehension,rival_majority,neutral,0420,1,0,1,0,aQaQrPaQaQrP,A,gemma-31b-nv,google/gemma-4-31b-it,novita/bf16,0,1.0,Novita,A,2.182e-05,0.99999990068816,1.050492063736641e-05,1
comprehension,rival_majority,neutral,0501,-1,0,0,0,aQaQaQrQaQaQ,B,gemma-31b-nv,google/gemma-4-31b-it,novita/bf16,0,1.0,Novita,B,2.182e-05,,,
comprehension,rival_majority,neutral,0501,-1,0,1,0,aQaQaQaQaQrQ,B,gemma-31b-nv,google/gemma-4-31b-it,novita/bf16,0,1.0,Novita,B,2.182e-05,,,
comprehension,rival_majority,neutral,0501,1,0,0,0,aQaQaQaQaQrQ,B,gemma-31b-nv,google/gemma-4-31b-it,novita/bf16,0,1.0,Novita,B,2.182e-05,1.103256106717668e-09,6.851653711059669e-08,1
comprehension,rival_majority,neutral,0501,1,0,1,0,aQaQrQaQaQaQ,B,gemma-31b-nv,google/gemma-4-31b-it,novita/bf16,0,1.0,Novita,B,2.182e-05,1.790758104385378e-09,1.243885110469023e-07,1
comprehension,rival_majority,neutral,0510,-1,0,0,0,aQaQaQaQaQrP,A,gemma-31b-nv,google/gemma-4-31b-it,novita/bf16,0,1.0,Novita,A,2.182e-05,,,
comprehension,rival_majority,neutral,0510,-1,0,1,0,aQaQaQaQaQrP,A,gemma-31b-nv,google/gemma-4-31b-it,novita/bf16,0,1.0,Novita,A,2.182e-05,,,
comprehension,rival_majority,neutral,0510,1,0,0,0,aQaQaQrPaQaQ,A,gemma-31b-nv,google/gemma-4-31b-it,novita/bf16,0,1.0,Novita,A,2.182e-05,,,
comprehension,rival_majority,neutral,0510,1,0,1,0,rPaQaQaQaQaQ,A,gemma-31b-nv,google/gemma-4-31b-it,novita/bf16,0,1.0,Novita,A,2.182e-05,,,
comprehension,rival_majority,neutral,1001,-1,0,0,0,aPrQ,B,gemma-31b-nv,google/gemma-4-31b-it,novita/bf16,0,1.0,Novita,B,1.79e-05,,,
comprehension,rival_majority,neutral,1001,-1,0,1,0,rQaP,B,gemma-31b-nv,google/gemma-4-31b-it,novita/bf16,0,1.0,Novita,B,1.79e-05,,,
comprehension,rival_majority,neutral,1001,1,0,0,0,aPrQ,B,gemma-31b-nv,google/gemma-4-31b-it,novita/bf16,0,1.0,Novita,B,1.79e-05,,,
comprehension,rival_majority,neutral,1001,1,0,1,0,aPrQ,B,gemma-31b-nv,google/gemma-4-31b-it,novita/bf16,0,1.0,Novita,B,1.79e-05,,,
comprehension,rival_majority,neutral,1002,-1,0,0,0,rQrQaP,B,gemma-31b-nv,google/gemma-4-31b-it,novita/bf16,0,1.0,Novita,B,1.888e-05,,,
comprehension,rival_majority,neutral,1002,-1,0,1,0,aPrQrQ,B,gemma-31b-nv,google/gemma-4-31b-it,novita/bf16,0,1.0,Novita,B,1.888e-05,,,
comprehension,rival_majority,neutral,1002,1,0,0,0,aPrQrQ,B,gemma-31b-nv,google/gemma-4-31b-it,novita/bf16,0,1.0,Novita,B,1.888e-05,,,
comprehension,rival_majority,neutral,1002,1,0,1,0,rQrQaP,B,gemma-31b-nv,google/gemma-4-31b-it,novita/bf16,0,1.0,Novita,B,1.888e-05,,,
comprehension,rival_majority,neutral,1003,-1,0,0,0,rQrQrQaP,B,gemma-31b-nv,google/gemma-4-31b-it,novita/bf16,0,1.0,Novita,B,1.986e-05,,,
comprehension,rival_majority,neutral,1003,-1,0,1,0,rQaPrQrQ,B,gemma-31b-nv,google/gemma-4-31b-it,novita/bf16,0,1.0,Novita,B,1.986e-05,,,
comprehension,rival_majority,neutral,1003,1,0,0,0,rQaPrQrQ,B,gemma-31b-nv,google/gemma-4-31b-it,novita/bf16,0,1.0,Novita,B,1.986e-05,1.936274796379949e-09,8.405057627669521e-08,1
comprehension,rival_majority,neutral,1003,1,0,1,0,rQrQrQaP,B,gemma-31b-nv,google/gemma-4-31b-it,novita/bf16,0,1.0,Novita,B,1.986e-05,,,
comprehension,rival_majority,neutral,1004,-1,0,0,0,aPrQrQrQrQ,B,gemma-31b-nv,google/gemma-4-31b-it,novita/bf16,0,1.0,Novita,B,2.084e-05,,,
comprehension,rival_majority,neutral,1004,-1,0,1,0,rQaPrQrQrQ,B,gemma-31b-nv,google/gemma-4-31b-it,novita/bf16,0,1.0,Novita,B,2.084e-05,2.906693010392707e-09,1.7838047394747036e-07,1
comprehension,rival_majority,neutral,1004,1,0,0,0,rQrQaPrQrQ,B,gemma-31b-nv,google/gemma-4-31b-it,novita/bf16,0,1.0,Novita,B,2.084e-05,1.9977387561488903e-09,8.405057627669521e-08,1
comprehension,rival_majority,neutral,1004,1,0,1,0,rQrQrQrQaP,B,gemma-31b-nv,google/gemma-4-31b-it,novita/bf16,0,1.0,Novita,B,2.084e-05,,,
comprehension,rival_majority,neutral,1005,-1,0,0,0,aPrQrQrQrQrQ,B,gemma-31b-nv,google/gemma-4-31b-it,novita/bf16,0,1.0,Novita,B,2.182e-05,2.5651426773386e-09,1.7473649727151042e-07,1
comprehension,rival_majority,neutral,1005,-1,0,1,0,rQrQrQrQaPrQ,B,gemma-31b-nv,google/gemma-4-31b-it,novita/bf16,0,1.0,Novita,B,2.182e-05,1.1744099939202565e-09,5.28793859810861e-08,1
comprehension,rival_majority,neutral,1005,1,0,0,0,rQrQrQrQrQaP,B,gemma-31b-nv,google/gemma-4-31b-it,novita/bf16,0,1.0,Novita,B,2.182e-05,,,
comprehension,rival_majority,neutral,1005,1,0,1,0,rQrQrQrQaPrQ,B,gemma-31b-nv,google/gemma-4-31b-it,novita/bf16,0,1.0,Novita,B,2.182e-05,,,
comprehension,rival_majority,neutral,1010,-1,0,0,0,rPaP,A,gemma-31b-nv,google/gemma-4-31b-it,novita/bf16,0,1.0,Novita,A,1.79e-05,,,
comprehension,rival_majority,neutral,1010,-1,0,1,0,rPaP,A,gemma-31b-nv,google/gemma-4-31b-it,novita/bf16,0,1.0,Novita,A,1.79e-05,,,
comprehension,rival_majority,neutral,1010,1,0,0,0,aPrP,A,gemma-31b-nv,google/gemma-4-31b-it,novita/bf16,0,1.0,Novita,A,1.79e-05,0.9999999740929242,4.1328166924259335e-06,1
comprehension,rival_majority,neutral,1010,1,0,1,0,aPrP,A,gemma-31b-nv,google/gemma-4-31b-it,novita/bf16,0,1.0,Novita,A,1.79e-05,,,
comprehension,rival_majority,neutral,1012,-1,0,0,0,aPrQrQrP,B,gemma-31b-nv,google/gemma-4-31b-it,novita/bf16,0,1.0,Novita,B,1.986e-05,,,
comprehension,rival_majority,neutral,1012,-1,0,1,0,rQaPrQrP,B,gemma-31b-nv,google/gemma-4-31b-it,novita/bf16,0,1.0,Novita,B,1.986e-05,1.876701883842163e-09,8.405057627669521e-08,1
comprehension,rival_majority,neutral,1012,1,0,0,0,rQrQrPaP,B,gemma-31b-nv,google/gemma-4-31b-it,novita/bf16,0,1.0,Novita,B,1.986e-05,1.876698391751134e-09,1.3063787884792788e-07,1
comprehension,rival_majority,neutral,1012,1,0,1,0,aPrQrQrP,B,gemma-31b-nv,google/gemma-4-31b-it,novita/bf16,0,1.0,Novita,B,1.986e-05,,,
comprehension,rival_majority,neutral,1013,-1,0,0,0,rPrQrQrQaP,B,gemma-31b-nv,google/gemma-4-31b-it,novita/bf16,0,1.0,Novita,B,2.084e-05,,,
comprehension,rival_majority,neutral,1013,-1,0,1,0,rPrQrQrQaP,B,gemma-31b-nv,google/gemma-4-31b-it,novita/bf16,0,1.0,Novita,B,2.084e-05,,,
comprehension,rival_majority,neutral,1013,1,0,0,0,aPrQrQrPrQ,B,gemma-31b-nv,google/gemma-4-31b-it,novita/bf16,0,1.0,Novita,B,2.084e-05,,,
comprehension,rival_majority,neutral,1013,1,0,1,0,rPrQaPrQrQ,B,gemma-31b-nv,google/gemma-4-31b-it,novita/bf16,0,1.0,Novita,B,2.084e-05,,,
comprehension,rival_majority,neutral,1014,-1,0,0,0,rQrPaPrQrQrQ,B,gemma-31b-nv,google/gemma-4-31b-it,novita/bf16,0,1.0,Novita,B,2.182e-05,2.8172579713499117e-09,1.3454485991992726e-07,1
comprehension,rival_majority,neutral,1014,-1,0,1,0,rPrQrQaPrQrQ,B,gemma-31b-nv,google/gemma-4-31b-it,novita/bf16,0,1.0,Novita,B,2.182e-05,,,
comprehension,rival_majority,neutral,1014,1,0,0,0,aPrQrQrQrQrP,B,gemma-31b-nv,google/gemma-4-31b-it,novita/bf16,0,1.0,Novita,B,2.182e-05,,,
comprehension,rival_majority,neutral,1014,1,0,1,0,rPrQaPrQrQrQ,B,gemma-31b-nv,google/gemma-4-31b-it,novita/bf16,0,1.0,Novita,B,2.182e-05,,,
comprehension,rival_majority,neutral,1020,-1,0,0,0,aPrPrP,A,gemma-31b-nv,google/gemma-4-31b-it,novita/bf16,0,1.0,Novita,A,1.888e-05,,,
comprehension,rival_majority,neutral,1020,-1,0,1,0,rPaPrP,A,gemma-31b-nv,google/gemma-4-31b-it,novita/bf16,0,1.0,Novita,A,1.888e-05,,,
comprehension,rival_majority,neutral,1020,1,0,0,0,aPrPrP,A,gemma-31b-nv,google/gemma-4-31b-it,novita/bf16,0,1.0,Novita,A,1.888e-05,,,
comprehension,rival_majority,neutral,1020,1,0,1,0,rPrPaP,A,gemma-31b-nv,google/gemma-4-31b-it,novita/bf16,0,1.0,Novita,A,1.888e-05,,,
comprehension,rival_majority,neutral,1021,-1,0,0,0,rQrPaPrP,A,gemma-31b-nv,google/gemma-4-31b-it,novita/bf16,0,1.0,Novita,A,1.986e-05,,,
comprehension,rival_majority,neutral,1021,-1,0,1,0,aPrPrPrQ,A,gemma-31b-nv,google/gemma-4-31b-it,novita/bf16,0,1.0,Novita,A,1.986e-05,,,
comprehension,rival_majority,neutral,1021,1,0,0,0,rPaPrPrQ,A,gemma-31b-nv,google/gemma-4-31b-it,novita/bf16,0,1.0,Novita,A,1.986e-05,0.9999999416175172,3.9295042066900265e-06,1
comprehension,rival_majority,neutral,1021,1,0,1,0,rPrQaPrP,A,gemma-31b-nv,google/gemma-4-31b-it,novita/bf16,0,1.0,Novita,A,1.986e-05,,,
comprehension,rival_majority,neutral,1023,-1,0,0,0,rQrQrQrPrPaP,B,gemma-31b-nv,google/gemma-4-31b-it,novita/bf16,0,1.0,Novita,B,2.182e-05,,,
comprehension,rival_majority,neutral,1023,-1,0,1,0,rQrQrQrPaPrP,B,gemma-31b-nv,google/gemma-4-31b-it,novita/bf16,0,1.0,Novita,B,2.182e-05,,,
comprehension,rival_majority,neutral,1023,1,0,0,0,aPrQrQrPrQrP,B,gemma-31b-nv,google/gemma-4-31b-it,novita/bf16,0,1.0,Novita,B,2.182e-05,,,
comprehension,rival_majority,neutral,1023,1,0,1,0,rPaPrPrQrQrQ,B,gemma-31b-nv,google/gemma-4-31b-it,novita/bf16,0,1.0,Novita,B,2.182e-05,,,
comprehension,rival_majority,neutral,1030,-1,0,0,0,rPrPaPrP,A,gemma-31b-nv,google/gemma-4-31b-it,novita/bf16,0,1.0,Novita,A,1.986e-05,,,
comprehension,rival_majority,neutral,1030,-1,0,1,0,rPaPrPrP,A,gemma-31b-nv,google/gemma-4-31b-it,novita/bf16,0,1.0,Novita,A,1.986e-05,0.9999999416175621,6.974916759272531e-06,1
comprehension,rival_majority,neutral,1030,1,0,0,0,aPrPrPrP,A,gemma-31b-nv,google/gemma-4-31b-it,novita/bf16,0,1.0,Novita,A,1.986e-05,,,
comprehension,rival_majority,neutral,1030,1,0,1,0,rPaPrPrP,A,gemma-31b-nv,google/gemma-4-31b-it,novita/bf16,0,1.0,Novita,A,1.986e-05,,,
comprehension,rival_majority,neutral,1031,-1,0,0,0,rPrQrPrPaP,A,gemma-31b-nv,google/gemma-4-31b-it,novita/bf16,0,1.0,Novita,A,2.084e-05,,,
comprehension,rival_majority,neutral,1031,-1,0,1,0,rPrPrPrQaP,A,gemma-31b-nv,google/gemma-4-31b-it,novita/bf16,0,1.0,Novita,A,2.084e-05,,,
comprehension,rival_majority,neutral,1031,1,0,0,0,rQrPaPrPrP,A,gemma-31b-nv,google/gemma-4-31b-it,novita/bf16,0,1.0,Novita,A,2.084e-05,,,
comprehension,rival_majority,neutral,1031,1,0,1,0,rPaPrPrQrP,A,gemma-31b-nv,google/gemma-4-31b-it,novita/bf16,0,1.0,Novita,A,2.084e-05,,,
comprehension,rival_majority,neutral,1032,-1,0,0,0,rPrQrPrQaPrP,A,gemma-31b-nv,google/gemma-4-31b-it,novita/bf16,0,1.0,Novita,A,2.182e-05,,,
comprehension,rival_majority,neutral,1032,-1,0,1,0,aPrQrPrQrPrP,A,gemma-31b-nv,google/gemma-4-31b-it,novita/bf16,0,1.0,Novita,A,2.182e-05,,,
comprehension,rival_majority,neutral,1032,1,0,0,0,rQaPrQrPrPrP,A,gemma-31b-nv,google/gemma-4-31b-it,novita/bf16,0,1.0,Novita,A,2.182e-05,,,
comprehension,rival_majority,neutral,1032,1,0,1,0,rPrQrPrPaPrQ,A,gemma-31b-nv,google/gemma-4-31b-it,novita/bf16,0,1.0,Novita,A,2.182e-05,,,
comprehension,rival_majority,neutral,1040,-1,0,0,0,rPrPaPrPrP,A,gemma-31b-nv,google/gemma-4-31b-it,novita/bf16,0,1.0,Novita,A,2.084e-05,,,
comprehension,rival_majority,neutral,1040,-1,0,1,0,rPrPrPaPrP,A,gemma-31b-nv,google/gemma-4-31b-it,novita/bf16,0,1.0,Novita,A,2.084e-05,,,
comprehension,rival_majority,neutral,1040,1,0,0,0,aPrPrPrPrP,A,gemma-31b-nv,google/gemma-4-31b-it,novita/bf16,0,1.0,Novita,A,2.084e-05,,,
comprehension,rival_majority,neutral,1040,1,0,1,0,rPrPaPrPrP,A,gemma-31b-nv,google/gemma-4-31b-it,novita/bf16,0,1.0,Novita,A,2.084e-05,,,
comprehension,rival_majority,neutral,1041,-1,0,0,0,aPrQrPrPrPrP,A,gemma-31b-nv,google/gemma-4-31b-it,novita/bf16,0,1.0,Novita,A,2.182e-05,,,
comprehension,rival_majority,neutral,1041,-1,0,1,0,rPrPaPrPrPrQ,A,gemma-31b-nv,google/gemma-4-31b-it,novita/bf16,0,1.0,Novita,A,2.182e-05,0.9999999515991853,4.672092776103476e-06,1
comprehension,rival_majority,neutral,1041,1,0,0,0,aPrPrPrPrQrP,A,gemma-31b-nv,google/gemma-4-31b-it,novita/bf16,0,1.0,Novita,A,2.182e-05,,,
comprehension,rival_majority,neutral,1041,1,0,1,0,rQrPrPrPrPaP,A,gemma-31b-nv,google/gemma-4-31b-it,novita/bf16,0,1.0,Novita,A,2.182e-05,,,
comprehension,rival_majority,neutral,1050,-1,0,0,0,rPrPrPaPrPrP,A,gemma-31b-nv,google/gemma-4-31b-it,novita/bf16,0,1.0,Novita,A,2.182e-05,,,
comprehension,rival_majority,neutral,1050,-1,0,1,0,rPrPrPaPrPrP,A,gemma-31b-nv,google/gemma-4-31b-it,novita/bf16,0,1.0,Novita,A,2.182e-05,,,
comprehension,rival_majority,neutral,1050,1,0,0,0,aPrPrPrPrPrP,A,gemma-31b-nv,google/gemma-4-31b-it,novita/bf16,0,1.0,Novita,A,2.182e-05,,,
comprehension,rival_majority,neutral,1050,1,0,1,0,rPrPrPrPaPrP,A,gemma-31b-nv,google/gemma-4-31b-it,novita/bf16,0,1.0,Novita,A,2.182e-05,,,
comprehension,rival_majority,neutral,1101,-1,0,0,0,aPaQrQ,B,gemma-31b-nv,google/gemma-4-31b-it,novita/bf16,0,1.0,Novita,B,1.888e-05,,,
comprehension,rival_majority,neutral,1101,-1,0,1,0,aQaPrQ,B,gemma-31b-nv,google/gemma-4-31b-it,novita/bf16,0,1.0,Novita,B,1.888e-05,,,
comprehension,rival_majority,neutral,1101,1,0,0,0,rQaQaP,B,gemma-31b-nv,google/gemma-4-31b-it,novita/bf16,0,1.0,Novita,B,1.888e-05,,,
comprehension,rival_majority,neutral,1101,1,0,1,0,rQaQaP,B,gemma-31b-nv,google/gemma-4-31b-it,novita/bf16,0,1.0,Novita,B,1.888e-05,,,
comprehension,rival_majority,neutral,1102,-1,0,0,0,rQaQrQaP,B,gemma-31b-nv,google/gemma-4-31b-it,novita/bf16,0,1.0,Novita,B,1.986e-05,,,
comprehension,rival_majority,neutral,1102,-1,0,1,0,rQaQaPrQ,B,gemma-31b-nv,google/gemma-4-31b-it,novita/bf16,0,1.0,Novita,B,1.986e-05,,,
comprehension,rival_majority,neutral,1102,1,0,0,0,aPrQaQrQ,B,gemma-31b-nv,google/gemma-4-31b-it,novita/bf16,0,1.0,Novita,B,1.986e-05,1.7087563920992333e-09,1.4615603616263684e-08,1
comprehension,rival_majority,neutral,1102,1,0,1,0,aQrQaPrQ,B,gemma-31b-nv,google/gemma-4-31b-it,novita/bf16,0,1.0,Novita,B,1.986e-05,,,
comprehension,rival_majority,neutral,1103,-1,0,0,0,aPaQrQrQrQ,B,gemma-31b-nv,google/gemma-4-31b-it,novita/bf16,0,1.0,Novita,B,2.084e-05,,,
comprehension,rival_majority,neutral,1103,-1,0,1,0,rQaPrQrQaQ,B,gemma-31b-nv,google/gemma-4-31b-it,novita/bf16,0,1.0,Novita,B,2.084e-05,,,
comprehension,rival_majority,neutral,1103,1,0,0,0,rQrQrQaPaQ,B,gemma-31b-nv,google/gemma-4-31b-it,novita/bf16,0,1.0,Novita,B,2.084e-05,2.646573976499784e-09,1.302041895412387e-07,1
comprehension,rival_majority,neutral,1103,1,0,1,0,rQaPrQrQaQ,B,gemma-31b-nv,google/gemma-4-31b-it,novita/bf16,0,1.0,Novita,B,2.084e-05,,,
comprehension,rival_majority,neutral,1104,-1,0,0,0,rQrQrQrQaQaP,B,gemma-31b-nv,google/gemma-4-31b-it,novita/bf16,0,1.0,Novita,B,2.182e-05,1.1382771493737685e-09,1.0995006571867805e-08,1
comprehension,rival_majority,neutral,1104,-1,0,1,0,rQaQrQrQaPrQ,B,gemma-31b-nv,google/gemma-4-31b-it,novita/bf16,0,1.0,Novita,B,2.182e-05,,,
comprehension,rival_majority,neutral,1104,1,0,0,0,rQrQaQrQrQaP,B,gemma-31b-nv,google/gemma-4-31b-it,novita/bf16,0,1.0,Novita,B,2.182e-05,,,
comprehension,rival_majority,neutral,1104,1,0,1,0,aQrQrQaPrQrQ,B,gemma-31b-nv,google/gemma-4-31b-it,novita/bf16,0,1.0,Novita,B,2.182e-05,,,
comprehension,rival_majority,neutral,1110,-1,0,0,0,aQaPrP,A,gemma-31b-nv,google/gemma-4-31b-it,novita/bf16,0,1.0,Novita,A,1.888e-05,0.9999999645892313,3.9867693614192845e-06,1
comprehension,rival_majority,neutral,1110,-1,0,1,0,rPaQaP,A,gemma-31b-nv,google/gemma-4-31b-it,novita/bf16,0,1.0,Novita,A,1.888e-05,,,
comprehension,rival_majority,neutral,1110,1,0,0,0,aQaPrP,A,gemma-31b-nv,google/gemma-4-31b-it,novita/bf16,0,1.0,Novita,A,1.888e-05,,,
comprehension,rival_majority,neutral,1110,1,0,1,0,aQaPrP,A,gemma-31b-nv,google/gemma-4-31b-it,novita/bf16,0,1.0,Novita,A,1.888e-05,0.999999985238611,1.006552543536543e-06,1
comprehension,rival_majority,neutral,1112,-1,0,0,0,rQrQaPaQrP,B,gemma-31b-nv,google/gemma-4-31b-it,novita/bf16,0,1.0,Novita,B,2.084e-05,,,
comprehension,rival_majority,neutral,1112,-1,0,1,0,rPaQaPrQrQ,B,gemma-31b-nv,google/gemma-4-31b-it,novita/bf16,0,1.0,Novita,B,2.084e-05,,,
comprehension,rival_majority,neutral,1112,1,0,0,0,rQrPrQaQaP,B,gemma-31b-nv,google/gemma-4-31b-it,novita/bf16,0,1.0,Novita,B,2.084e-05,1.8189582425711802e-09,1.5238130202099853e-08,1
comprehension,rival_majority,neutral,1112,1,0,1,0,aPrQrQaQrP,B,gemma-31b-nv,google/gemma-4-31b-it,novita/bf16,0,1.0,Novita,B,2.084e-05,1.876701836300528e-09,5.8718032880378246e-08,1
comprehension,rival_majority,neutral,1113,-1,0,0,0,rPaPrQrQaQrQ,B,gemma-31b-nv,google/gemma-4-31b-it,novita/bf16,0,1.0,Novita,B,2.182e-05,,,
comprehension,rival_majority,neutral,1113,-1,0,1,0,rPrQaPrQaQrQ,B,gemma-31b-nv,google/gemma-4-31b-it,novita/bf16,0,1.0,Novita,B,2.182e-05,,,
comprehension,rival_majority,neutral,1113,1,0,0,0,rPrQaQaPrQrQ,B,gemma-31b-nv,google/gemma-4-31b-it,novita/bf16,0,1.0,Novita,B,2.182e-05,,,
comprehension,rival_majority,neutral,1113,1,0,1,0,rPaQrQrQrQaP,B,gemma-31b-nv,google/gemma-4-31b-it,novita/bf16,0,1.0,Novita,B,2.182e-05,,,
comprehension,rival_majority,neutral,1120,-1,0,0,0,aQaPrPrP,A,gemma-31b-nv,google/gemma-4-31b-it,novita/bf16,0,1.0,Novita,A,1.986e-05,,,
comprehension,rival_majority,neutral,1120,-1,0,1,0,aPrPaQrP,A,gemma-31b-nv,google/gemma-4-31b-it,novita/bf16,0,1.0,Novita,A,1.986e-05,,,
comprehension,rival_majority,neutral,1120,1,0,0,0,rPrPaPaQ,A,gemma-31b-nv,google/gemma-4-31b-it,novita/bf16,0,1.0,Novita,A,1.986e-05,,,
comprehension,rival_majority,neutral,1120,1,0,1,0,aPrPaQrP,A,gemma-31b-nv,google/gemma-4-31b-it,novita/bf16,0,1.0,Novita,A,1.986e-05,,,
comprehension,rival_majority,neutral,1121,-1,0,0,0,rPrPaQrQaP,A,gemma-31b-nv,google/gemma-4-31b-it,novita/bf16,0,1.0,Novita,A,2.084e-05,0.9999999295772656,4.192204555941714e-06,1
comprehension,rival_majority,neutral,1121,-1,0,1,0,rPrQaPrPaQ,A,gemma-31b-nv,google/gemma-4-31b-it,novita/bf16,0,1.0,Novita,A,2.084e-05,,,
comprehension,rival_majority,neutral,1121,1,0,0,0,aQrQaPrPrP,A,gemma-31b-nv,google/gemma-4-31b-it,novita/bf16,0,1.0,Novita,A,2.084e-05,,,
comprehension,rival_majority,neutral,1121,1,0,1,0,rPrQaPrPaQ,A,gemma-31b-nv,google/gemma-4-31b-it,novita/bf16,0,1.0,Novita,A,2.084e-05,,,
comprehension,rival_majority,neutral,1130,-1,0,0,0,aQrPrPaPrP,A,gemma-31b-nv,google/gemma-4-31b-it,novita/bf16,0,1.0,Novita,A,2.084e-05,,,
comprehension,rival_majority,neutral,1130,-1,0,1,0,rPrPaQrPaP,A,gemma-31b-nv,google/gemma-4-31b-it,novita/bf16,0,1.0,Novita,A,2.084e-05,,,
comprehension,rival_majority,neutral,1130,1,0,0,0,rPaPaQrPrP,A,gemma-31b-nv,google/gemma-4-31b-it,novita/bf16,0,1.0,Novita,A,2.084e-05,,,
comprehension,rival_majority,neutral,1130,1,0,1,0,rPrPaQaPrP,A,gemma-31b-nv,google/gemma-4-31b-it,novita/bf16,0,1.0,Novita,A,2.084e-05,0.9999999434137216,4.558716363067816e-06,1
comprehension,rival_majority,neutral,1131,-1,0,0,0,aPrPrPrQrPaQ,A,gemma-31b-nv,google/gemma-4-31b-it,novita/bf16,0,1.0,Novita,A,2.182e-05,,,
comprehension,rival_majority,neutral,1131,-1,0,1,0,aPaQrQrPrPrP,A,gemma-31b-nv,google/gemma-4-31b-it,novita/bf16,0,1.0,Novita,A,2.182e-05,0.9999999677581528,3.2217419873026287e-06,1
comprehension,rival_majority,neutral,1131,1,0,0,0,rQrPrPaQrPaP,A,gemma-31b-nv,google/gemma-4-31b-it,novita/bf16,0,1.0,Novita,A,2.182e-05,,,
comprehension,rival_majority,neutral,1131,1,0,1,0,rPaQrQaPrPrP,A,gemma-31b-nv,google/gemma-4-31b-it,novita/bf16,0,1.0,Novita,A,2.182e-05,,,
comprehension,rival_majority,neutral,1140,-1,0,0,0,rPrPrPaQaPrP,A,gemma-31b-nv,google/gemma-4-31b-it,novita/bf16,0,1.0,Novita,A,2.182e-05,0.9999999830097203,2.4863985260692445e-06,1
comprehension,rival_majority,neutral,1140,-1,0,1,0,aQrPrPaPrPrP,A,gemma-31b-nv,google/gemma-4-31b-it,novita/bf16,0,1.0,Novita,A,2.182e-05,,,
comprehension,rival_majority,neutral,1140,1,0,0,0,rPaPrPrPrPaQ,A,gemma-31b-nv,google/gemma-4-31b-it,novita/bf16,0,1.0,Novita,A,2.182e-05,,,
comprehension,rival_majority,neutral,1140,1,0,1,0,rPaQrPrPrPaP,A,gemma-31b-nv,google/gemma-4-31b-it,novita/bf16,0,1.0,Novita,A,2.182e-05,0.9999999572864761,3.610528644060196e-06,1
comprehension,rival_majority,neutral,1201,-1,0,0,0,aQaQaPrQ,B,gemma-31b-nv,google/gemma-4-31b-it,novita/bf16,0,1.0,Novita,B,1.986e-05,3.2937143251314273e-09,6.851653711059669e-08,1
comprehension,rival_majority,neutral,1201,-1,0,1,0,aPrQaQaQ,B,gemma-31b-nv,google/gemma-4-31b-it,novita/bf16,0,1.0,Novita,B,1.986e-05,,,
comprehension,rival_majority,neutral,1201,1,0,0,0,aQrQaPaQ,B,gemma-31b-nv,google/gemma-4-31b-it,novita/bf16,0,1.0,Novita,B,1.986e-05,,,
comprehension,rival_majority,neutral,1201,1,0,1,0,aQrQaPaQ,B,gemma-31b-nv,google/gemma-4-31b-it,novita/bf16,0,1.0,Novita,B,1.986e-05,,,
comprehension,rival_majority,neutral,1202,-1,0,0,0,rQrQaQaPaQ,B,gemma-31b-nv,google/gemma-4-31b-it,novita/bf16,0,1.0,Novita,B,2.084e-05,,,
comprehension,rival_majority,neutral,1202,-1,0,1,0,aPrQaQrQaQ,B,gemma-31b-nv,google/gemma-4-31b-it,novita/bf16,0,1.0,Novita,B,2.084e-05,,,
comprehension,rival_majority,neutral,1202,1,0,0,0,rQaQaQrQaP,B,gemma-31b-nv,google/gemma-4-31b-it,novita/bf16,0,1.0,Novita,B,2.084e-05,2.9989612469792904e-09,1.4375502555008524e-07,1
comprehension,rival_majority,neutral,1202,1,0,1,0,rQaQrQaPaQ,B,gemma-31b-nv,google/gemma-4-31b-it,novita/bf16,0,1.0,Novita,B,2.084e-05,1.6561835579752576e-09,5.8718032880378246e-08,1
comprehension,rival_majority,neutral,1203,-1,0,0,0,rQrQrQaQaQaP,B,gemma-31b-nv,google/gemma-4-31b-it,novita/bf16,0,1.0,Novita,B,2.182e-05,,,
comprehension,rival_majority,neutral,1203,-1,0,1,0,aQrQaPrQaQrQ,B,gemma-31b-nv,google/gemma-4-31b-it,novita/bf16,0,1.0,Novita,B,2.182e-05,,,
comprehension,rival_majority,neutral,1203,1,0,0,0,rQrQaQaPrQaQ,B,gemma-31b-nv,google/gemma-4-31b-it,novita/bf16,0,1.0,Novita,B,2.182e-05,,,
comprehension,rival_majority,neutral,1203,1,0,1,0,rQrQrQaQaQaP,B,gemma-31b-nv,google/gemma-4-31b-it,novita/bf16,0,1.0,Novita,B,2.182e-05,,,
comprehension,rival_majority,neutral,1210,-1,0,0,0,aPrPaQaQ,A,gemma-31b-nv,google/gemma-4-31b-it,novita/bf16,0,1.0,Novita,A,1.986e-05,0.9999999434138087,6.834292010537979e-06,1
comprehension,rival_majority,neutral,1210,-1,0,1,0,aQaQaPrP,A,gemma-31b-nv,google/gemma-4-31b-it,novita/bf16,0,1.0,Novita,A,1.986e-05,,,
comprehension,rival_majority,neutral,1210,1,0,0,0,rPaQaQaP,A,gemma-31b-nv,google/gemma-4-31b-it,novita/bf16,0,1.0,Novita,A,1.986e-05,,,
comprehension,rival_majority,neutral,1210,1,0,1,0,aQaQrPaP,A,gemma-31b-nv,google/gemma-4-31b-it,novita/bf16,0,1.0,Novita,A,1.986e-05,,,
comprehension,rival_majority,neutral,1212,-1,0,0,0,rQaPaQrQaQrP,B,gemma-31b-nv,google/gemma-4-31b-it,novita/bf16,0,1.0,Novita,B,2.182e-05,1.8189582233051553e-09,4.646339535341326e-09,1
comprehension,rival_majority,neutral,1212,-1,0,1,0,rPrQaQrQaQaP,B,gemma-31b-nv,google/gemma-4-31b-it,novita/bf16,0,1.0,Novita,B,2.182e-05,1.7257827477636674e-08,0.0,0
comprehension,rival_majority,neutral,1212,1,0,0,0,aQrPaPrQrQaQ,B,gemma-31b-nv,google/gemma-4-31b-it,novita/bf16,0,1.0,Novita,B,2.182e-05,,,
comprehension,rival_majority,neutral,1212,1,0,1,0,rPrQrQaQaQaP,B,gemma-31b-nv,google/gemma-4-31b-it,novita/bf16,0,1.0,Novita,B,2.182e-05,,,
comprehension,rival_majority,neutral,1220,-1,0,0,0,rPrPaQaQaP,A,gemma-31b-nv,google/gemma-4-31b-it,novita/bf16,0,1.0,Novita,A,2.084e-05,,,
comprehension,rival_majority,neutral,1220,-1,0,1,0,rPrPaQaQaP,A,gemma-31b-nv,google/gemma-4-31b-it,novita/bf16,0,1.0,Novita,A,2.084e-05,,,
comprehension,rival_majority,neutral,1220,1,0,0,0,rPaPaQrPaQ,A,gemma-31b-nv,google/gemma-4-31b-it,novita/bf16,0,1.0,Novita,A,2.084e-05,,,
comprehension,rival_majority,neutral,1220,1,0,1,0,aQrPrPaPaQ,A,gemma-31b-nv,google/gemma-4-31b-it,novita/bf16,0,1.0,Novita,A,2.084e-05,,,
comprehension,rival_majority,neutral,1221,-1,0,0,0,aQaQrPaPrPrQ,A,gemma-31b-nv,google/gemma-4-31b-it,novita/bf16,0,1.0,Novita,A,2.182e-05,0.9999999176674542,4.5434239613895144e-06,1
comprehension,rival_majority,neutral,1221,-1,0,1,0,aPaQrQrPrPaQ,A,gemma-31b-nv,google/gemma-4-31b-it,novita/bf16,0,1.0,Novita,A,2.182e-05,0.9999998874648791,9.170719857287679e-06,1
comprehension,rival_majority,neutral,1221,1,0,0,0,rPaQrPaQaPrQ,A,gemma-31b-nv,google/gemma-4-31b-it,novita/bf16,0,1.0,Novita,A,2.182e-05,,,
comprehension,rival_majority,neutral,1221,1,0,1,0,aQrPrPrQaPaQ,A,gemma-31b-nv,google/gemma-4-31b-it,novita/bf16,0,1.0,Novita,A,2.182e-05,,,
comprehension,rival_majority,neutral,1230,-1,0,0,0,aQaPrPrPaQrP,A,gemma-31b-nv,google/gemma-4-31b-it,novita/bf16,0,1.0,Novita,A,2.182e-05,,,
comprehension,rival_majority,neutral,1230,-1,0,1,0,aPrPaQaQrPrP,A,gemma-31b-nv,google/gemma-4-31b-it,novita/bf16,0,1.0,Novita,A,2.182e-05,0.9999999740929462,3.2830040250786396e-06,1
comprehension,rival_majority,neutral,1230,1,0,0,0,aQaQaPrPrPrP,A,gemma-31b-nv,google/gemma-4-31b-it,novita/bf16,0,1.0,Novita,A,2.182e-05,,,
comprehension,rival_majority,neutral,1230,1,0,1,0,rPrPaQrPaPaQ,A,gemma-31b-nv,google/gemma-4-31b-it,novita/bf16,0,1.0,Novita,A,2.182e-05,,,
comprehension,rival_majority,neutral,1301,-1,0,0,0,rQaPaQaQaQ,B,gemma-31b-nv,google/gemma-4-31b-it,novita/bf16,0,1.0,Novita,B,2.084e-05,,,
comprehension,rival_majority,neutral,1301,-1,0,1,0,aQrQaQaQaP,B,gemma-31b-nv,google/gemma-4-31b-it,novita/bf16,0,1.0,Novita,B,2.084e-05,,,
comprehension,rival_majority,neutral,1301,1,0,0,0,aQaPrQaQaQ,B,gemma-31b-nv,google/gemma-4-31b-it,novita/bf16,0,1.0,Novita,B,2.084e-05,,,
comprehension,rival_majority,neutral,1301,1,0,1,0,aQaQaPrQaQ,B,gemma-31b-nv,google/gemma-4-31b-it,novita/bf16,0,1.0,Novita,B,2.084e-05,,,
comprehension,rival_majority,neutral,1302,-1,0,0,0,rQaQrQaPaQaQ,B,gemma-31b-nv,google/gemma-4-31b-it,novita/bf16,0,1.0,Novita,B,2.182e-05,1.3307783329323849e-09,5.552758430837912e-08,1
comprehension,rival_majority,neutral,1302,-1,0,1,0,aPaQaQrQrQaQ,B,gemma-31b-nv,google/gemma-4-31b-it,novita/bf16,0,1.0,Novita,B,2.182e-05,,,
comprehension,rival_majority,neutral,1302,1,0,0,0,aQrQaQaQrQaP,B,gemma-31b-nv,google/gemma-4-31b-it,novita/bf16,0,1.0,Novita,B,2.182e-05,,,
comprehension,rival_majority,neutral,1302,1,0,1,0,rQrQaQaQaPaQ,B,gemma-31b-nv,google/gemma-4-31b-it,novita/bf16,0,1.0,Novita,B,2.182e-05,,,
comprehension,rival_majority,neutral,1310,-1,0,0,0,aPaQrPaQaQ,A,gemma-31b-nv,google/gemma-4-31b-it,novita/bf16,0,1.0,Novita,A,2.084e-05,,,
comprehension,rival_majority,neutral,1310,-1,0,1,0,aQaPaQaQrP,A,gemma-31b-nv,google/gemma-4-31b-it,novita/bf16,0,1.0,Novita,A,2.084e-05,,,
comprehension,rival_majority,neutral,1310,1,0,0,0,aQaQaPrPaQ,A,gemma-31b-nv,google/gemma-4-31b-it,novita/bf16,0,1.0,Novita,A,2.084e-05,0.9999999656787085,3.917356631299995e-06,1
comprehension,rival_majority,neutral,1310,1,0,1,0,aQaPaQaQrP,A,gemma-31b-nv,google/gemma-4-31b-it,novita/bf16,0,1.0,Novita,A,2.084e-05,0.9999999869731205,9.60347501854919e-07,1
comprehension,rival_majority,neutral,1320,-1,0,0,0,aQrPaPaQaQrP,A,gemma-31b-nv,google/gemma-4-31b-it,novita/bf16,0,1.0,Novita,A,2.182e-05,,,
comprehension,rival_majority,neutral,1320,-1,0,1,0,rPaPrPaQaQaQ,A,gemma-31b-nv,google/gemma-4-31b-it,novita/bf16,0,1.0,Novita,A,2.182e-05,,,
comprehension,rival_majority,neutral,1320,1,0,0,0,aQaQaQaPrPrP,A,gemma-31b-nv,google/gemma-4-31b-it,novita/bf16,0,1.0,Novita,A,2.182e-05,,,
comprehension,rival_majority,neutral,1320,1,0,1,0,rPaQaQrPaPaQ,A,gemma-31b-nv,google/gemma-4-31b-it,novita/bf16,0,1.0,Novita,A,2.182e-05,,,
comprehension,rival_majority,neutral,1401,-1,0,0,0,aQrQaPaQaQaQ,B,gemma-31b-nv,google/gemma-4-31b-it,novita/bf16,0,1.0,Novita,B,2.182e-05,1.3307783792636511e-09,9.034274550678845e-08,1
comprehension,rival_majority,neutral,1401,-1,0,1,0,aQaQaPaQrQaQ,B,gemma-31b-nv,google/gemma-4-31b-it,novita/bf16,0,1.0,Novita,B,2.182e-05,,,
comprehension,rival_majority,neutral,1401,1,0,0,0,aPrQaQaQaQaQ,B,gemma-31b-nv,google/gemma-4-31b-it,novita/bf16,0,1.0,Novita,B,2.182e-05,,,
comprehension,rival_majority,neutral,1401,1,0,1,0,aQaQaQrQaQaP,B,gemma-31b-nv,google/gemma-4-31b-it,novita/bf16,0,1.0,Novita,B,2.182e-05,,,
comprehension,rival_majority,neutral,1410,-1,0,0,0,aQaQrPaQaPaQ,A,gemma-31b-nv,google/gemma-4-31b-it,novita/bf16,0,1.0,Novita,A,2.182e-05,,,
comprehension,rival_majority,neutral,1410,-1,0,1,0,aQaQaPaQrPaQ,A,gemma-31b-nv,google/gemma-4-31b-it,novita/bf16,0,1.0,Novita,A,2.182e-05,,,
comprehension,rival_majority,neutral,1410,1,0,0,0,aQaQaPrPaQaQ,A,gemma-31b-nv,google/gemma-4-31b-it,novita/bf16,0,1.0,Novita,A,2.182e-05,0.9999999827421782,1.5696155430955372e-06,1
comprehension,rival_majority,neutral,1410,1,0,1,0,rPaQaQaQaPaQ,A,gemma-31b-nv,google/gemma-4-31b-it,novita/bf16,0,1.0,Novita,A,2.182e-05,0.9999999910467613,1.4052205637993254e-06,1
comprehension,rival_majority,neutral,2001,-1,0,0,0,rQaPaP,B,gemma-31b-nv,google/gemma-4-31b-it,novita/bf16,0,1.0,Novita,B,1.888e-05,1.3730217276823079e-09,2.340476967788163e-08,1
comprehension,rival_majority,neutral,2001,-1,0,1,0,rQaPaP,B,gemma-31b-nv,google/gemma-4-31b-it,novita/bf16,0,1.0,Novita,B,1.888e-05,,,
comprehension,rival_majority,neutral,2001,1,0,0,0,aPrQaP,B,gemma-31b-nv,google/gemma-4-31b-it,novita/bf16,0,1.0,Novita,B,1.888e-05,,,
comprehension,rival_majority,neutral,2001,1,0,1,0,aPrQaP,B,gemma-31b-nv,google/gemma-4-31b-it,novita/bf16,0,1.0,Novita,B,1.888e-05,,,
comprehension,rival_majority,neutral,2002,-1,0,0,0,rQaPrQaP,B,gemma-31b-nv,google/gemma-4-31b-it,novita/bf16,0,1.0,Novita,B,1.986e-05,,,
comprehension,rival_majority,neutral,2002,-1,0,1,0,aPrQrQaP,B,gemma-31b-nv,google/gemma-4-31b-it,novita/bf16,0,1.0,Novita,B,1.986e-05,2.194086789664561e-09,8.405057627669521e-08,1
comprehension,rival_majority,neutral,2002,1,0,0,0,aPaPrQrQ,B,gemma-31b-nv,google/gemma-4-31b-it,novita/bf16,0,1.0,Novita,B,1.986e-05,,,
comprehension,rival_majority,neutral,2002,1,0,1,0,aPrQrQaP,B,gemma-31b-nv,google/gemma-4-31b-it,novita/bf16,0,1.0,Novita,B,1.986e-05,,,
comprehension,rival_majority,neutral,2003,-1,0,0,0,aPrQrQrQaP,B,gemma-31b-nv,google/gemma-4-31b-it,novita/bf16,0,1.0,Novita,B,2.084e-05,,,
comprehension,rival_majority,neutral,2003,-1,0,1,0,rQrQaPaPrQ,B,gemma-31b-nv,google/gemma-4-31b-it,novita/bf16,0,1.0,Novita,B,2.084e-05,,,
comprehension,rival_majority,neutral,2003,1,0,0,0,aPrQrQaPrQ,B,gemma-31b-nv,google/gemma-4-31b-it,novita/bf16,0,1.0,Novita,B,2.084e-05,,,
comprehension,rival_majority,neutral,2003,1,0,1,0,aPrQrQaPrQ,B,gemma-31b-nv,google/gemma-4-31b-it,novita/bf16,0,1.0,Novita,B,2.084e-05,,,
comprehension,rival_majority,neutral,2004,-1,0,0,0,aPrQaPrQrQrQ,B,gemma-31b-nv,google/gemma-4-31b-it,novita/bf16,0,1.0,Novita,B,2.182e-05,,,
comprehension,rival_majority,neutral,2004,-1,0,1,0,rQrQaPrQaPrQ,B,gemma-31b-nv,google/gemma-4-31b-it,novita/bf16,0,1.0,Novita,B,2.182e-05,,,
comprehension,rival_majority,neutral,2004,1,0,0,0,rQaPrQaPrQrQ,B,gemma-31b-nv,google/gemma-4-31b-it,novita/bf16,0,1.0,Novita,B,2.182e-05,,,
comprehension,rival_majority,neutral,2004,1,0,1,0,rQrQaPaPrQrQ,B,gemma-31b-nv,google/gemma-4-31b-it,novita/bf16,0,1.0,Novita,B,2.182e-05,,,
comprehension,rival_majority,neutral,2010,-1,0,0,0,aPaPrP,A,gemma-31b-nv,google/gemma-4-31b-it,novita/bf16,0,1.0,Novita,A,1.888e-05,,,
comprehension,rival_majority,neutral,2010,-1,0,1,0,rPaPaP,A,gemma-31b-nv,google/gemma-4-31b-it,novita/bf16,0,1.0,Novita,A,1.888e-05,0.9999999500628542,5.065480772281639e-06,1
comprehension,rival_majority,neutral,2010,1,0,0,0,rPaPaP,A,gemma-31b-nv,google/gemma-4-31b-it,novita/bf16,0,1.0,Novita,A,1.888e-05,,,
comprehension,rival_majority,neutral,2010,1,0,1,0,rPaPaP,A,gemma-31b-nv,google/gemma-4-31b-it,novita/bf16,0,1.0,Novita,A,1.888e-05,,,
comprehension,rival_majority,neutral,2012,-1,0,0,0,aPrPrQrQaP,B,gemma-31b-nv,google/gemma-4-31b-it,novita/bf16,0,1.0,Novita,B,2.084e-05,2.2159491512532147e-08,7.848402860943793e-08,0
comprehension,rival_majority,neutral,2012,-1,0,1,0,rPrQaPaPrQ,B,gemma-31b-nv,google/gemma-4-31b-it,novita/bf16,0,1.0,Novita,B,2.084e-05,5.043467378856181e-07,7.3924612653542e-08,0
comprehension,rival_majority,neutral,2012,1,0,0,0,rPrQaPrQaP,B,gemma-31b-nv,google/gemma-4-31b-it,novita/bf16,0,1.0,Novita,B,2.084e-05,1.997738789297257e-09,1.0064351840810559e-07,1
comprehension,rival_majority,neutral,2012,1,0,1,0,aPrQrPaPrQ,B,gemma-31b-nv,google/gemma-4-31b-it,novita/bf16,0,1.0,Novita,B,2.084e-05,,,
comprehension,rival_majority,neutral,2013,-1,0,0,0,rPrQrQaPaPrQ,B,gemma-31b-nv,google/gemma-4-31b-it,novita/bf16,0,1.0,Novita,B,2.182e-05,,,
comprehension,rival_majority,neutral,2013,-1,0,1,0,aPrPrQrQaPrQ,B,gemma-31b-nv,google/gemma-4-31b-it,novita/bf16,0,1.0,Novita,B,2.182e-05,1.1744077617490573e-09,5.9551649278510865e-08,1
comprehension,rival_majority,neutral,2013,1,0,0,0,rPaPrQaPrQrQ,B,gemma-31b-nv,google/gemma-4-31b-it,novita/bf16,0,1.0,Novita,B,2.182e-05,,,
comprehension,rival_majority,neutral,2013,1,0,1,0,rQrQaPaPrQrP,B,gemma-31b-nv,google/gemma-4-31b-it,novita/bf16,0,1.0,Novita,B,2.182e-05,,,
comprehension,rival_majority,neutral,2020,-1,0,0,0,rPaPaPrP,A,gemma-31b-nv,google/gemma-4-31b-it,novita/bf16,0,1.0,Novita,A,1.986e-05,0.9999999358793452,6.490312420615041e-06,1
comprehension,rival_majority,neutral,2020,-1,0,1,0,aPrPrPaP,A,gemma-31b-nv,google/gemma-4-31b-it,novita/bf16,0,1.0,Novita,A,1.986e-05,,,
comprehension,rival_majority,neutral,2020,1,0,0,0,rPrPaPaP,A,gemma-31b-nv,google/gemma-4-31b-it,novita/bf16,0,1.0,Novita,A,1.986e-05,0.9999998362623528,2.1695620695205697e-05,1
comprehension,rival_majority,neutral,2020,1,0,1,0,aPrPrPaP,A,gemma-31b-nv,google/gemma-4-31b-it,novita/bf16,0,1.0,Novita,A,1.986e-05,,,
comprehension,rival_majority,neutral,2021,-1,0,0,0,rPaPrPaPrQ,A,gemma-31b-nv,google/gemma-4-31b-it,novita/bf16,0,1.0,Novita,A,2.084e-05,,,
comprehension,rival_majority,neutral,2021,-1,0,1,0,rPaPrQaPrP,A,gemma-31b-nv,google/gemma-4-31b-it,novita/bf16,0,1.0,Novita,A,2.084e-05,0.9999999677581067,2.7412220365841122e-06,1
comprehension,rival_majority,neutral,2021,1,0,0,0,rPrQaPrPaP,A,gemma-31b-nv,google/gemma-4-31b-it,novita/bf16,0,1.0,Novita,A,2.084e-05,0.9999999176675465,5.3297808113583756e-06,1
comprehension,rival_majority,neutral,2021,1,0,1,0,rPaPrPrQaP,A,gemma-31b-nv,google/gemma-4-31b-it,novita/bf16,0,1.0,Novita,A,2.084e-05,0.9999999484776225,4.256356089693547e-06,1
comprehension,rival_majority,neutral,2030,-1,0,0,0,rPaPaPrPrP,A,gemma-31b-nv,google/gemma-4-31b-it,novita/bf16,0,1.0,Novita,A,2.084e-05,,,
comprehension,rival_majority,neutral,2030,-1,0,1,0,rPrPaPaPrP,A,gemma-31b-nv,google/gemma-4-31b-it,novita/bf16,0,1.0,Novita,A,2.084e-05,,,
comprehension,rival_majority,neutral,2030,1,0,0,0,rPaPaPrPrP,A,gemma-31b-nv,google/gemma-4-31b-it,novita/bf16,0,1.0,Novita,A,2.084e-05,,,
comprehension,rival_majority,neutral,2030,1,0,1,0,aPrPrPrPaP,A,gemma-31b-nv,google/gemma-4-31b-it,novita/bf16,0,1.0,Novita,A,2.084e-05,,,
comprehension,rival_majority,neutral,2031,-1,0,0,0,aPaPrPrPrPrQ,A,gemma-31b-nv,google/gemma-4-31b-it,novita/bf16,0,1.0,Novita,A,2.182e-05,,,
comprehension,rival_majority,neutral,2031,-1,0,1,0,rQaPrPrPaPrP,A,gemma-31b-nv,google/gemma-4-31b-it,novita/bf16,0,1.0,Novita,A,2.182e-05,,,
comprehension,rival_majority,neutral,2031,1,0,0,0,rPrPaPrQaPrP,A,gemma-31b-nv,google/gemma-4-31b-it,novita/bf16,0,1.0,Novita,A,2.182e-05,,,
comprehension,rival_majority,neutral,2031,1,0,1,0,rPaPrPrPaPrQ,A,gemma-31b-nv,google/gemma-4-31b-it,novita/bf16,0,1.0,Novita,A,2.182e-05,,,
comprehension,rival_majority,neutral,2040,-1,0,0,0,rPaPrPaPrPrP,A,gemma-31b-nv,google/gemma-4-31b-it,novita/bf16,0,1.0,Novita,A,2.182e-05,0.9999999819139653,3.0691436343488476e-06,1
comprehension,rival_majority,neutral,2040,-1,0,1,0,aPaPrPrPrPrP,A,gemma-31b-nv,google/gemma-4-31b-it,novita/bf16,0,1.0,Novita,A,2.182e-05,,,
comprehension,rival_majority,neutral,2040,1,0,0,0,rPaPrPrPrPaP,A,gemma-31b-nv,google/gemma-4-31b-it,novita/bf16,0,1.0,Novita,A,2.182e-05,,,
comprehension,rival_majority,neutral,2040,1,0,1,0,aPrPrPaPrPrP,A,gemma-31b-nv,google/gemma-4-31b-it,novita/bf16,0,1.0,Novita,A,2.182e-05,,,
comprehension,rival_majority,neutral,2101,-1,0,0,0,aPrQaPaQ,B,gemma-31b-nv,google/gemma-4-31b-it,novita/bf16,0,1.0,Novita,B,1.986e-05,,,
comprehension,rival_majority,neutral,2101,-1,0,1,0,aPrQaPaQ,B,gemma-31b-nv,google/gemma-4-31b-it,novita/bf16,0,1.0,Novita,B,1.986e-05,,,
comprehension,rival_majority,neutral,2101,1,0,0,0,aQrQaPaP,B,gemma-31b-nv,google/gemma-4-31b-it,novita/bf16,0,1.0,Novita,B,1.986e-05,2.194086674916242e-09,3.17516808401308e-08,1
comprehension,rival_majority,neutral,2101,1,0,1,0,aPaQaPrQ,B,gemma-31b-nv,google/gemma-4-31b-it,novita/bf16,0,1.0,Novita,B,1.986e-05,,,
comprehension,rival_majority,neutral,2102,-1,0,0,0,aPrQaQaPrQ,B,gemma-31b-nv,google/gemma-4-31b-it,novita/bf16,0,1.0,Novita,B,2.084e-05,2.9066873275482502e-09,1.3063787884792788e-07,1
comprehension,rival_majority,neutral,2102,-1,0,1,0,aPaQrQrQaP,B,gemma-31b-nv,google/gemma-4-31b-it,novita/bf16,0,1.0,Novita,B,2.084e-05,,,
comprehension,rival_majority,neutral,2102,1,0,0,0,rQrQaQaPaP,B,gemma-31b-nv,google/gemma-4-31b-it,novita/bf16,0,1.0,Novita,B,2.084e-05,1.3307808299631636e-09,2.454587100242378e-08,1
comprehension,rival_majority,neutral,2102,1,0,1,0,rQaPaPaQrQ,B,gemma-31b-nv,google/gemma-4-31b-it,novita/bf16,0,1.0,Novita,B,2.084e-05,,,
comprehension,rival_majority,neutral,2103,-1,0,0,0,aPaQrQrQrQaP,B,gemma-31b-nv,google/gemma-4-31b-it,novita/bf16,0,1.0,Novita,B,2.182e-05,,,
comprehension,rival_majority,neutral,2103,-1,0,1,0,aPaPrQaQrQrQ,B,gemma-31b-nv,google/gemma-4-31b-it,novita/bf16,0,1.0,Novita,B,2.182e-05,,,
comprehension,rival_majority,neutral,2103,1,0,0,0,aPrQaQrQrQaP,B,gemma-31b-nv,google/gemma-4-31b-it,novita/bf16,0,1.0,Novita,B,2.182e-05,9.436649777313394e-10,9.169891801441565e-08,1
comprehension,rival_majority,neutral,2103,1,0,1,0,rQrQaPaPrQaQ,B,gemma-31b-nv,google/gemma-4-31b-it,novita/bf16,0,1.0,Novita,B,2.182e-05,,,
comprehension,rival_majority,neutral,2110,-1,0,0,0,aPaPrPaQ,A,gemma-31b-nv,google/gemma-4-31b-it,novita/bf16,0,1.0,Novita,A,1.986e-05,,,
comprehension,rival_majority,neutral,2110,-1,0,1,0,aPaQrPaP,A,gemma-31b-nv,google/gemma-4-31b-it,novita/bf16,0,1.0,Novita,A,1.986e-05,0.9999999545316522,4.45163613060906e-06,1
comprehension,rival_majority,neutral,2110,1,0,0,0,aPaQrPaP,A,gemma-31b-nv,google/gemma-4-31b-it,novita/bf16,0,1.0,Novita,A,1.986e-05,,,
comprehension,rival_majority,neutral,2110,1,0,1,0,aPrPaQaP,A,gemma-31b-nv,google/gemma-4-31b-it,novita/bf16,0,1.0,Novita,A,1.986e-05,,,
comprehension,rival_majority,neutral,2112,-1,0,0,0,aPaPrQrPrQaQ,B,gemma-31b-nv,google/gemma-4-31b-it,novita/bf16,0,1.0,Novita,B,2.182e-05,,,
comprehension,rival_majority,neutral,2112,-1,0,1,0,rQaPaQrQaPrP,B,gemma-31b-nv,google/gemma-4-31b-it,novita/bf16,0,1.0,Novita,B,2.182e-05,,,
comprehension,rival_majority,neutral,2112,1,0,0,0,aPrQaPaQrQrP,B,gemma-31b-nv,google/gemma-4-31b-it,novita/bf16,0,1.0,Novita,B,2.182e-05,,,
comprehension,rival_majority,neutral,2112,1,0,1,0,rQaPrPrQaPaQ,B,gemma-31b-nv,google/gemma-4-31b-it,novita/bf16,0,1.0,Novita,B,2.182e-05,1.0045261321257596e-09,8.405057627669521e-08,1
comprehension,rival_majority,neutral,2120,-1,0,0,0,rPrPaPaPaQ,A,gemma-31b-nv,google/gemma-4-31b-it,novita/bf16,0,1.0,Novita,A,2.084e-05,,,
comprehension,rival_majority,neutral,2120,-1,0,1,0,rPaQaPaPrP,A,gemma-31b-nv,google/gemma-4-31b-it,novita/bf16,0,1.0,Novita,A,2.084e-05,,,
comprehension,rival_majority,neutral,2120,1,0,0,0,aQrPrPaPaP,A,gemma-31b-nv,google/gemma-4-31b-it,novita/bf16,0,1.0,Novita,A,2.084e-05,,,
comprehension,rival_majority,neutral,2120,1,0,1,0,aPrPaPaQrP,A,gemma-31b-nv,google/gemma-4-31b-it,novita/bf16,0,1.0,Novita,A,2.084e-05,0.9999999572864565,4.069843738241374e-06,1
comprehension,rival_majority,neutral,2121,-1,0,0,0,aPrPrPaQaPrQ,A,gemma-31b-nv,google/gemma-4-31b-it,novita/bf16,0,1.0,Novita,A,2.182e-05,,,
comprehension,rival_majority,neutral,2121,-1,0,1,0,aPaQrQaPrPrP,A,gemma-31b-nv,google/gemma-4-31b-it,novita/bf16,0,1.0,Novita,A,2.182e-05,,,
comprehension,rival_majority,neutral,2121,1,0,0,0,aPrQaQaPrPrP,A,gemma-31b-nv,google/gemma-4-31b-it,novita/bf16,0,1.0,Novita,A,2.182e-05,,,
comprehension,rival_majority,neutral,2121,1,0,1,0,aPrPrQaQaPrP,A,gemma-31b-nv,google/gemma-4-31b-it,novita/bf16,0,1.0,Novita,A,2.182e-05,0.9999999740929252,2.1876273637033705e-06,1
comprehension,rival_majority,neutral,2130,-1,0,0,0,aQaPrPaPrPrP,A,gemma-31b-nv,google/gemma-4-31b-it,novita/bf16,0,1.0,Novita,A,2.182e-05,,,
comprehension,rival_majority,neutral,2130,-1,0,1,0,aPrPaPrPaQrP,A,gemma-31b-nv,google/gemma-4-31b-it,novita/bf16,0,1.0,Novita,A,2.182e-05,,,
comprehension,rival_majority,neutral,2130,1,0,0,0,aPrPaPaQrPrP,A,gemma-31b-nv,google/gemma-4-31b-it,novita/bf16,0,1.0,Novita,A,2.182e-05,,,
comprehension,rival_majority,neutral,2130,1,0,1,0,aQrPaPrPaPrP,A,gemma-31b-nv,google/gemma-4-31b-it,novita/bf16,0,1.0,Novita,A,2.182e-05,,,
comprehension,rival_majority,neutral,2201,-1,0,0,0,aQaPaQaPrQ,B,gemma-31b-nv,google/gemma-4-31b-it,novita/bf16,0,1.0,Novita,B,2.084e-05,,,
comprehension,rival_majority,neutral,2201,-1,0,1,0,aQaPrQaQaP,B,gemma-31b-nv,google/gemma-4-31b-it,novita/bf16,0,1.0,Novita,B,2.084e-05,,,
comprehension,rival_majority,neutral,2201,1,0,0,0,aPaPaQaQrQ,B,gemma-31b-nv,google/gemma-4-31b-it,novita/bf16,0,1.0,Novita,B,2.084e-05,,,
comprehension,rival_majority,neutral,2201,1,0,1,0,rQaQaPaQaP,B,gemma-31b-nv,google/gemma-4-31b-it,novita/bf16,0,1.0,Novita,B,2.084e-05,,,
comprehension,rival_majority,neutral,2202,-1,0,0,0,rQaQaPrQaQaP,B,gemma-31b-nv,google/gemma-4-31b-it,novita/bf16,0,1.0,Novita,B,2.182e-05,,,
comprehension,rival_majority,neutral,2202,-1,0,1,0,aQrQaPaQaPrQ,B,gemma-31b-nv,google/gemma-4-31b-it,novita/bf16,0,1.0,Novita,B,2.182e-05,,,
comprehension,rival_majority,neutral,2202,1,0,0,0,rQaPaPaQrQaQ,B,gemma-31b-nv,google/gemma-4-31b-it,novita/bf16,0,1.0,Novita,B,2.182e-05,,,
comprehension,rival_majority,neutral,2202,1,0,1,0,rQaPaQrQaQaP,B,gemma-31b-nv,google/gemma-4-31b-it,novita/bf16,0,1.0,Novita,B,2.182e-05,,,
comprehension,rival_majority,neutral,2210,-1,0,0,0,aPrPaQaPaQ,A,gemma-31b-nv,google/gemma-4-31b-it,novita/bf16,0,1.0,Novita,A,2.084e-05,0.9999999378521565,7.974600147675481e-06,1
comprehension,rival_majority,neutral,2210,-1,0,1,0,aPaPrPaQaQ,A,gemma-31b-nv,google/gemma-4-31b-it,novita/bf16,0,1.0,Novita,A,2.084e-05,0.999999935879399,5.6515908468668385e-06,1
comprehension,rival_majority,neutral,2210,1,0,0,0,aPaQaPaQrP,A,gemma-31b-nv,google/gemma-4-31b-it,novita/bf16,0,1.0,Novita,A,2.084e-05,,,
comprehension,rival_majority,neutral,2210,1,0,1,0,rPaPaQaPaQ,A,gemma-31b-nv,google/gemma-4-31b-it,novita/bf16,0,1.0,Novita,A,2.084e-05,,,
comprehension,rival_majority,neutral,2220,-1,0,0,0,rPaPaQaQrPaP,A,gemma-31b-nv,google/gemma-4-31b-it,novita/bf16,0,1.0,Novita,A,2.182e-05,,,
comprehension,rival_majority,neutral,2220,-1,0,1,0,aQaPaPaQrPrP,A,gemma-31b-nv,google/gemma-4-31b-it,novita/bf16,0,1.0,Novita,A,2.182e-05,,,
comprehension,rival_majority,neutral,2220,1,0,0,0,aQrPaPrPaQaP,A,gemma-31b-nv,google/gemma-4-31b-it,novita/bf16,0,1.0,Novita,A,2.182e-05,,,
comprehension,rival_majority,neutral,2220,1,0,1,0,rPaQaPaPrPaQ,A,gemma-31b-nv,google/gemma-4-31b-it,novita/bf16,0,1.0,Novita,A,2.182e-05,,,
comprehension,rival_majority,neutral,2301,-1,0,0,0,aQaQaQrQaPaP,B,gemma-31b-nv,google/gemma-4-31b-it,novita/bf16,0,1.0,Novita,B,2.182e-05,1.0364132539303439e-09,1.2214548084088506e-07,1
comprehension,rival_majority,neutral,2301,-1,0,1,0,aQaPaQaPaQrQ,B,gemma-31b-nv,google/gemma-4-31b-it,novita/bf16,0,1.0,Novita,B,2.182e-05,,,
comprehension,rival_majority,neutral,2301,1,0,0,0,aQaQaPaPrQaQ,B,gemma-31b-nv,google/gemma-4-31b-it,novita/bf16,0,1.0,Novita,B,2.182e-05,,,
comprehension,rival_majority,neutral,2301,1,0,1,0,aQaPaQaPrQaQ,B,gemma-31b-nv,google/gemma-4-31b-it,novita/bf16,0,1.0,Novita,B,2.182e-05,,,
comprehension,rival_majority,neutral,2310,-1,0,0,0,rPaQaQaPaQaP,A,gemma-31b-nv,google/gemma-4-31b-it,novita/bf16,0,1.0,Novita,A,2.182e-05,,,
comprehension,rival_majority,neutral,2310,-1,0,1,0,aQaPrPaQaQaP,A,gemma-31b-nv,google/gemma-4-31b-it,novita/bf16,0,1.0,Novita,A,2.182e-05,,,
comprehension,rival_majority,neutral,2310,1,0,0,0,aQaQaPaQrPaP,A,gemma-31b-nv,google/gemma-4-31b-it,novita/bf16,0,1.0,Novita,A,2.182e-05,0.9999999837877752,1.6606173369737576e-06,1
comprehension,rival_majority,neutral,2310,1,0,1,0,aQrPaPaQaQaP,A,gemma-31b-nv,google/gemma-4-31b-it,novita/bf16,0,1.0,Novita,A,2.182e-05,,,
comprehension,rival_majority,neutral,3001,-1,0,0,0,aPaPrQaP,B,gemma-31b-nv,google/gemma-4-31b-it,novita/bf16,0,1.0,Novita,B,1.986e-05,2.12657787895441e-09,1.3063787884792788e-07,1
comprehension,rival_majority,neutral,3001,-1,0,1,0,aPaPrQaP,B,gemma-31b-nv,google/gemma-4-31b-it,novita/bf16,0,1.0,Novita,B,1.986e-05,,,
comprehension,rival_majority,neutral,3001,1,0,0,0,aPrQaPaP,B,gemma-31b-nv,google/gemma-4-31b-it,novita/bf16,0,1.0,Novita,B,1.986e-05,,,
comprehension,rival_majority,neutral,3001,1,0,1,0,rQaPaPaP,B,gemma-31b-nv,google/gemma-4-31b-it,novita/bf16,0,1.0,Novita,B,1.986e-05,,,
comprehension,rival_majority,neutral,3002,-1,0,0,0,rQaPaPrQaP,B,gemma-31b-nv,google/gemma-4-31b-it,novita/bf16,0,1.0,Novita,B,2.084e-05,,,
comprehension,rival_majority,neutral,3002,-1,0,1,0,aPaPrQrQaP,B,gemma-31b-nv,google/gemma-4-31b-it,novita/bf16,0,1.0,Novita,B,2.084e-05,,,
comprehension,rival_majority,neutral,3002,1,0,0,0,rQaPrQaPaP,B,gemma-31b-nv,google/gemma-4-31b-it,novita/bf16,0,1.0,Novita,B,2.084e-05,,,
comprehension,rival_majority,neutral,3002,1,0,1,0,aPrQaPaPrQ,B,gemma-31b-nv,google/gemma-4-31b-it,novita/bf16,0,1.0,Novita,B,2.084e-05,,,
comprehension,rival_majority,neutral,3003,-1,0,0,0,aPrQrQaPaPrQ,B,gemma-31b-nv,google/gemma-4-31b-it,novita/bf16,0,1.0,Novita,B,2.182e-05,1.5558405438928782e-09,1.0689642748751282e-07,1
comprehension,rival_majority,neutral,3003,-1,0,1,0,aPrQrQaPaPrQ,B,gemma-31b-nv,google/gemma-4-31b-it,novita/bf16,0,1.0,Novita,B,2.182e-05,,,
comprehension,rival_majority,neutral,3003,1,0,0,0,aPrQaPrQaPrQ,B,gemma-31b-nv,google/gemma-4-31b-it,novita/bf16,0,1.0,Novita,B,2.182e-05,,,
comprehension,rival_majority,neutral,3003,1,0,1,0,aPrQaPrQrQaP,B,gemma-31b-nv,google/gemma-4-31b-it,novita/bf16,0,1.0,Novita,B,2.182e-05,,,
comprehension,rival_majority,neutral,3010,-1,0,0,0,aPaPrPaP,A,gemma-31b-nv,google/gemma-4-31b-it,novita/bf16,0,1.0,Novita,A,1.986e-05,0.9999999545316846,5.6493554028147486e-06,1
comprehension,rival_majority,neutral,3010,-1,0,1,0,rPaPaPaP,A,gemma-31b-nv,google/gemma-4-31b-it,novita/bf16,0,1.0,Novita,A,1.986e-05,0.9999999748900361,2.741986965260068e-06,1
comprehension,rival_majority,neutral,3010,1,0,0,0,aPaPrPaP,A,gemma-31b-nv,google/gemma-4-31b-it,novita/bf16,0,1.0,Novita,A,1.986e-05,0.9999999771371147,2.8641161579079366e-06,1
comprehension,rival_majority,neutral,3010,1,0,1,0,aPaPaPrP,A,gemma-31b-nv,google/gemma-4-31b-it,novita/bf16,0,1.0,Novita,A,1.986e-05,0.9999999771370739,2.7484798036381264e-06,1
comprehension,rival_majority,neutral,3012,-1,0,0,0,rPaPrQaPaPrQ,B,gemma-31b-nv,google/gemma-4-31b-it,novita/bf16,0,1.0,Novita,B,2.182e-05,,,
comprehension,rival_majority,neutral,3012,-1,0,1,0,aPaPrQaPrPrQ,B,gemma-31b-nv,google/gemma-4-31b-it,novita/bf16,0,1.0,Novita,B,2.182e-05,,,
comprehension,rival_majority,neutral,3012,1,0,0,0,rQaPaPrQrPaP,B,gemma-31b-nv,google/gemma-4-31b-it,novita/bf16,0,1.0,Novita,B,2.182e-05,,,
comprehension,rival_majority,neutral,3012,1,0,1,0,aPaPrQrQrPaP,B,gemma-31b-nv,google/gemma-4-31b-it,novita/bf16,0,1.0,Novita,B,2.182e-05,,,
comprehension,rival_majority,neutral,3020,-1,0,0,0,aPaPrPrPaP,A,gemma-31b-nv,google/gemma-4-31b-it,novita/bf16,0,1.0,Novita,A,2.084e-05,,,
comprehension,rival_majority,neutral,3020,-1,0,1,0,aPaPaPrPrP,A,gemma-31b-nv,google/gemma-4-31b-it,novita/bf16,0,1.0,Novita,A,2.084e-05,,,
comprehension,rival_majority,neutral,3020,1,0,0,0,rPaPaPrPaP,A,gemma-31b-nv,google/gemma-4-31b-it,novita/bf16,0,1.0,Novita,A,2.084e-05,0.9999998874648652,1.3108462224242778e-05,1
comprehension,rival_majority,neutral,3020,1,0,1,0,rPaPrPaPaP,A,gemma-31b-nv,google/gemma-4-31b-it,novita/bf16,0,1.0,Novita,A,2.084e-05,,,
comprehension,rival_majority,neutral,3021,-1,0,0,0,rQaPrPrPaPaP,A,gemma-31b-nv,google/gemma-4-31b-it,novita/bf16,0,1.0,Novita,A,2.182e-05,,,
comprehension,rival_majority,neutral,3021,-1,0,1,0,aPaPrQaPrPrP,A,gemma-31b-nv,google/gemma-4-31b-it,novita/bf16,0,1.0,Novita,A,2.182e-05,,,
comprehension,rival_majority,neutral,3021,1,0,0,0,aPaPrPrPrQaP,A,gemma-31b-nv,google/gemma-4-31b-it,novita/bf16,0,1.0,Novita,A,2.182e-05,,,
comprehension,rival_majority,neutral,3021,1,0,1,0,aPrPaPaPrPrQ,A,gemma-31b-nv,google/gemma-4-31b-it,novita/bf16,0,1.0,Novita,A,2.182e-05,,,
comprehension,rival_majority,neutral,3030,-1,0,0,0,aPrPrPaPaPrP,A,gemma-31b-nv,google/gemma-4-31b-it,novita/bf16,0,1.0,Novita,A,2.182e-05,,,
comprehension,rival_majority,neutral,3030,-1,0,1,0,rPaPaPaPrPrP,A,gemma-31b-nv,google/gemma-4-31b-it,novita/bf16,0,1.0,Novita,A,2.182e-05,,,
comprehension,rival_majority,neutral,3030,1,0,0,0,aPaPaPrPrPrP,A,gemma-31b-nv,google/gemma-4-31b-it,novita/bf16,0,1.0,Novita,A,2.182e-05,,,
comprehension,rival_majority,neutral,3030,1,0,1,0,rPaPrPaPaPrP,A,gemma-31b-nv,google/gemma-4-31b-it,novita/bf16,0,1.0,Novita,A,2.182e-05,,,
comprehension,rival_majority,neutral,3101,-1,0,0,0,rQaPaPaPaQ,B,gemma-31b-nv,google/gemma-4-31b-it,novita/bf16,0,1.0,Novita,B,2.084e-05,,,
comprehension,rival_majority,neutral,3101,-1,0,1,0,aQaPrQaPaP,B,gemma-31b-nv,google/gemma-4-31b-it,novita/bf16,0,1.0,Novita,B,2.084e-05,,,
comprehension,rival_majority,neutral,3101,1,0,0,0,aPrQaPaQaP,B,gemma-31b-nv,google/gemma-4-31b-it,novita/bf16,0,1.0,Novita,B,2.084e-05,,,
comprehension,rival_majority,neutral,3101,1,0,1,0,aPrQaPaQaP,B,gemma-31b-nv,google/gemma-4-31b-it,novita/bf16,0,1.0,Novita,B,2.084e-05,2.486226284275976e-09,1.7792760043100486e-07,1
comprehension,rival_majority,neutral,3102,-1,0,0,0,aPrQaPaPrQaQ,B,gemma-31b-nv,google/gemma-4-31b-it,novita/bf16,0,1.0,Novita,B,2.182e-05,,,
comprehension,rival_majority,neutral,3102,-1,0,1,0,aQrQrQaPaPaP,B,gemma-31b-nv,google/gemma-4-31b-it,novita/bf16,0,1.0,Novita,B,2.182e-05,,,
comprehension,rival_majority,neutral,3102,1,0,0,0,aPaPaPaQrQrQ,B,gemma-31b-nv,google/gemma-4-31b-it,novita/bf16,0,1.0,Novita,B,2.182e-05,,,
comprehension,rival_majority,neutral,3102,1,0,1,0,aPaQrQrQaPaP,B,gemma-31b-nv,google/gemma-4-31b-it,novita/bf16,0,1.0,Novita,B,2.182e-05,2.335593369097626e-09,1.4375502555008524e-07,1
comprehension,rival_majority,neutral,3110,-1,0,0,0,aPaPaPaQrP,A,gemma-31b-nv,google/gemma-4-31b-it,novita/bf16,0,1.0,Novita,A,2.084e-05,,,
comprehension,rival_majority,neutral,3110,-1,0,1,0,aPaQaPaPrP,A,gemma-31b-nv,google/gemma-4-31b-it,novita/bf16,0,1.0,Novita,A,2.084e-05,0.9999998874649604,1.4170518021439094e-05,1
comprehension,rival_majority,neutral,3110,1,0,0,0,aQaPrPaPaP,A,gemma-31b-nv,google/gemma-4-31b-it,novita/bf16,0,1.0,Novita,A,2.084e-05,,,
comprehension,rival_majority,neutral,3110,1,0,1,0,rPaPaPaPaQ,A,gemma-31b-nv,google/gemma-4-31b-it,novita/bf16,0,1.0,Novita,A,2.084e-05,0.999999983787786,9.945863087557072e-07,1
comprehension,rival_majority,neutral,3120,-1,0,0,0,aPrPaPrPaPaQ,A,gemma-31b-nv,google/gemma-4-31b-it,novita/bf16,0,1.0,Novita,A,2.182e-05,,,
comprehension,rival_majority,neutral,3120,-1,0,1,0,aQrPaPaPaPrP,A,gemma-31b-nv,google/gemma-4-31b-it,novita/bf16,0,1.0,Novita,A,2.182e-05,,,
comprehension,rival_majority,neutral,3120,1,0,0,0,aQaPrPaPaPrP,A,gemma-31b-nv,google/gemma-4-31b-it,novita/bf16,0,1.0,Novita,A,2.182e-05,,,
comprehension,rival_majority,neutral,3120,1,0,1,0,rPaPaPrPaPaQ,A,gemma-31b-nv,google/gemma-4-31b-it,novita/bf16,0,1.0,Novita,A,2.182e-05,,,
comprehension,rival_majority,neutral,3201,-1,0,0,0,rQaQaQaPaPaP,B,gemma-31b-nv,google/gemma-4-31b-it,novita/bf16,0,1.0,Novita,B,2.182e-05,1.416606114381075e-09,2.238371488161306e-08,1
comprehension,rival_majority,neutral,3201,-1,0,1,0,aPaQaPaPaQrQ,B,gemma-31b-nv,google/gemma-4-31b-it,novita/bf16,0,1.0,Novita,B,2.182e-05,4.229213067137585e-09,1.0689642748751282e-07,1
comprehension,rival_majority,neutral,3201,1,0,0,0,aPaPaPaQaQrQ,B,gemma-31b-nv,google/gemma-4-31b-it,novita/bf16,0,1.0,Novita,B,2.182e-05,9.146314734258812e-10,1.0784829851395727e-07,1
comprehension,rival_majority,neutral,3201,1,0,1,0,aQaPaPrQaQaP,B,gemma-31b-nv,google/gemma-4-31b-it,novita/bf16,0,1.0,Novita,B,2.182e-05,,,
comprehension,rival_majority,neutral,3210,-1,0,0,0,rPaPaQaPaPaQ,A,gemma-31b-nv,google/gemma-4-31b-it,novita/bf16,0,1.0,Novita,A,2.182e-05,,,
comprehension,rival_majority,neutral,3210,-1,0,1,0,aQaQaPaPaPrP,A,gemma-31b-nv,google/gemma-4-31b-it,novita/bf16,0,1.0,Novita,A,2.182e-05,,,
comprehension,rival_majority,neutral,3210,1,0,0,0,rPaQaPaQaPaP,A,gemma-31b-nv,google/gemma-4-31b-it,novita/bf16,0,1.0,Novita,A,2.182e-05,0.9999999468421218,6.2574305015328235e-06,1
comprehension,rival_majority,neutral,3210,1,0,1,0,aPaPaPrPaQaQ,A,gemma-31b-nv,google/gemma-4-31b-it,novita/bf16,0,1.0,Novita,A,2.182e-05,0.9999999877623779,1.073063676249042e-06,1
comprehension,rival_majority,neutral,4001,-1,0,0,0,aPrQaPaPaP,B,gemma-31b-nv,google/gemma-4-31b-it,novita/bf16,0,1.0,Novita,B,2.084e-05,,,
comprehension,rival_majority,neutral,4001,-1,0,1,0,aPrQaPaPaP,B,gemma-31b-nv,google/gemma-4-31b-it,novita/bf16,0,1.0,Novita,B,2.084e-05,,,
comprehension,rival_majority,neutral,4001,1,0,0,0,aPaPrQaPaP,B,gemma-31b-nv,google/gemma-4-31b-it,novita/bf16,0,1.0,Novita,B,2.084e-05,1.8767019553349507e-09,1.2214548084088506e-07,1
comprehension,rival_majority,neutral,4001,1,0,1,0,aPaPaPrQaP,B,gemma-31b-nv,google/gemma-4-31b-it,novita/bf16,0,1.0,Novita,B,2.084e-05,2.998961269323295e-09,1.5120560570291985e-07,1
comprehension,rival_majority,neutral,4002,-1,0,0,0,aPaPrQaPrQaP,B,gemma-31b-nv,google/gemma-4-31b-it,novita/bf16,0,1.0,Novita,B,2.182e-05,2.263730354146902e-09,1.243885110469023e-07,1
comprehension,rival_majority,neutral,4002,-1,0,1,0,aPrQaPaPrQaP,B,gemma-31b-nv,google/gemma-4-31b-it,novita/bf16,0,1.0,Novita,B,2.182e-05,,,
comprehension,rival_majority,neutral,4002,1,0,0,0,aPrQaPaPaPrQ,B,gemma-31b-nv,google/gemma-4-31b-it,novita/bf16,0,1.0,Novita,B,2.182e-05,1.3307809357335627e-09,1.0402581684942902e-07,1
comprehension,rival_majority,neutral,4002,1,0,1,0,aPaPaPrQaPrQ,B,gemma-31b-nv,google/gemma-4-31b-it,novita/bf16,0,1.0,Novita,B,2.182e-05,,,
comprehension,rival_majority,neutral,4010,-1,0,0,0,aPrPaPaPaP,A,gemma-31b-nv,google/gemma-4-31b-it,novita/bf16,0,1.0,Novita,A,2.084e-05,,,
comprehension,rival_majority,neutral,4010,-1,0,1,0,aPaPaPaPrP,A,gemma-31b-nv,google/gemma-4-31b-it,novita/bf16,0,1.0,Novita,A,2.084e-05,0.9999999006880995,1.111451282853615e-05,1
comprehension,rival_majority,neutral,4010,1,0,0,0,aPaPaPaPrP,A,gemma-31b-nv,google/gemma-4-31b-it,novita/bf16,0,1.0,Novita,A,2.084e-05,,,
comprehension,rival_majority,neutral,4010,1,0,1,0,aPaPaPrPaP,A,gemma-31b-nv,google/gemma-4-31b-it,novita/bf16,0,1.0,Novita,A,2.084e-05,,,
comprehension,rival_majority,neutral,4020,-1,0,0,0,aPrPrPaPaPaP,A,gemma-31b-nv,google/gemma-4-31b-it,novita/bf16,0,1.0,Novita,A,2.182e-05,,,
comprehension,rival_majority,neutral,4020,-1,0,1,0,aPrPaPaPrPaP,A,gemma-31b-nv,google/gemma-4-31b-it,novita/bf16,0,1.0,Novita,A,2.182e-05,0.9999998724810039,1.2985332117909643e-05,1
comprehension,rival_majority,neutral,4020,1,0,0,0,rPaPaPrPaPaP,A,gemma-31b-nv,google/gemma-4-31b-it,novita/bf16,0,1.0,Novita,A,2.182e-05,,,
comprehension,rival_majority,neutral,4020,1,0,1,0,rPaPrPaPaPaP,A,gemma-31b-nv,google/gemma-4-31b-it,novita/bf16,0,1.0,Novita,A,2.182e-05,,,
comprehension,rival_majority,neutral,4101,-1,0,0,0,aPaPrQaPaQaP,B,gemma-31b-nv,google/gemma-4-31b-it,novita/bf16,0,1.0,Novita,B,2.182e-05,,,
comprehension,rival_majority,neutral,4101,-1,0,1,0,aQaPaPaPrQaP,B,gemma-31b-nv,google/gemma-4-31b-it,novita/bf16,0,1.0,Novita,B,2.182e-05,,,
comprehension,rival_majority,neutral,4101,1,0,0,0,aPaPrQaQaPaP,B,gemma-31b-nv,google/gemma-4-31b-it,novita/bf16,0,1.0,Novita,B,2.182e-05,,,
comprehension,rival_majority,neutral,4101,1,0,1,0,aQaPaPaPrQaP,B,gemma-31b-nv,google/gemma-4-31b-it,novita/bf16,0,1.0,Novita,B,2.182e-05,,,
comprehension,rival_majority,neutral,4110,-1,0,0,0,aPaPaPaQaPrP,A,gemma-31b-nv,google/gemma-4-31b-it,novita/bf16,0,1.0,Novita,A,2.182e-05,,,
comprehension,rival_majority,neutral,4110,-1,0,1,0,rPaQaPaPaPaP,A,gemma-31b-nv,google/gemma-4-31b-it,novita/bf16,0,1.0,Novita,A,2.182e-05,,,
comprehension,rival_majority,neutral,4110,1,0,0,0,rPaPaPaQaPaP,A,gemma-31b-nv,google/gemma-4-31b-it,novita/bf16,0,1.0,Novita,A,2.182e-05,,,
comprehension,rival_majority,neutral,4110,1,0,1,0,rPaPaPaQaPaP,A,gemma-31b-nv,google/gemma-4-31b-it,novita/bf16,0,1.0,Novita,A,2.182e-05,,,
comprehension,rival_majority,neutral,5001,-1,0,0,0,aPaPrQaPaPaP,B,gemma-31b-nv,google/gemma-4-31b-it,novita/bf16,0,1.0,Novita,B,2.182e-05,,,
comprehension,rival_majority,neutral,5001,-1,0,1,0,aPrQaPaPaPaP,B,gemma-31b-nv,google/gemma-4-31b-it,novita/bf16,0,1.0,Novita,B,2.182e-05,,,
comprehension,rival_majority,neutral,5001,1,0,0,0,rQaPaPaPaPaP,B,gemma-31b-nv,google/gemma-4-31b-it,novita/bf16,0,1.0,Novita,B,2.182e-05,1.7087533311616305e-09,1.3063787884792788e-07,1
comprehension,rival_majority,neutral,5001,1,0,1,0,aPaPaPaPaPrQ,B,gemma-31b-nv,google/gemma-4-31b-it,novita/bf16,0,1.0,Novita,B,2.182e-05,1.4615769647916579e-09,1.302041895412387e-07,1
comprehension,rival_majority,neutral,5010,-1,0,0,0,aPaPaPrPaPaP,A,gemma-31b-nv,google/gemma-4-31b-it,novita/bf16,0,1.0,Novita,A,2.182e-05,,,
comprehension,rival_majority,neutral,5010,-1,0,1,0,aPaPrPaPaPaP,A,gemma-31b-nv,google/gemma-4-31b-it,novita/bf16,0,1.0,Novita,A,2.182e-05,,,
comprehension,rival_majority,neutral,5010,1,0,0,0,aPaPaPrPaPaP,A,gemma-31b-nv,google/gemma-4-31b-it,novita/bf16,0,1.0,Novita,A,2.182e-05,0.9999999798235686,3.163551690166244e-06,1
comprehension,rival_majority,neutral,5010,1,0,1,0,aPaPaPaPaPrP,A,gemma-31b-nv,google/gemma-4-31b-it,novita/bf16,0,1.0,Novita,A,2.182e-05,,,
