arm,question,framing,counts,s0,mapping,order,perm,seq,correct,key,model,tag,rep,temperature,served,content,cost,pA,leak,censored
comprehension,ally_majority,neutral,0100,-1,0,0,0,aQ,B,gemma-26b-cw,google/gemma-4-26b-a4b-it,coreweave/bf16,0,1.0,CoreWeave,B,8.9e-06,3.43212879853116e-08,0.0,0
comprehension,ally_majority,neutral,0100,-1,0,1,0,aQ,B,gemma-26b-cw,google/gemma-4-26b-a4b-it,coreweave/bf16,0,1.0,CoreWeave,B,8.9e-06,1.955568070542584e-08,0.0,0
comprehension,ally_majority,neutral,0100,1,0,0,0,aQ,B,gemma-26b-cw,google/gemma-4-26b-a4b-it,coreweave/bf16,0,1.0,CoreWeave,B,8.9e-06,0.00012339463160073553,0.0001049711665441766,0
comprehension,ally_majority,neutral,0100,1,0,1,0,aQ,B,gemma-26b-cw,google/gemma-4-26b-a4b-it,coreweave/bf16,0,1.0,CoreWeave,B,8.9e-06,0.0002959571965569596,9.623518994994473e-05,0
comprehension,ally_majority,neutral,0101,-1,0,0,0,aQrQ,B,gemma-26b-cw,google/gemma-4-26b-a4b-it,coreweave/bf16,0,1.0,CoreWeave,B,8e-06,4.5397857452486834e-05,9.167819177746672e-05,0
comprehension,ally_majority,neutral,0101,-1,0,1,0,aQrQ,B,gemma-26b-cw,google/gemma-4-26b-a4b-it,coreweave/bf16,0,1.0,CoreWeave,B,9.6e-06,5.829127942361117e-05,9.653963539357768e-06,0
comprehension,ally_majority,neutral,0101,1,0,0,0,rQaQ,B,gemma-26b-cw,google/gemma-4-26b-a4b-it,coreweave/bf16,0,1.0,CoreWeave,B,9.6e-06,8.481100871499259e-05,0.00016655230815487698,0
comprehension,ally_majority,neutral,0101,1,0,1,0,rQaQ,B,gemma-26b-cw,google/gemma-4-26b-a4b-it,coreweave/bf16,0,1.0,CoreWeave,B,9.6e-06,0.0007096705032886371,0.00010227292772224672,0
comprehension,ally_majority,neutral,0102,-1,0,0,0,rQaQrQ,B,gemma-26b-cw,google/gemma-4-26b-a4b-it,coreweave/bf16,0,1.0,CoreWeave,B,1.03e-05,1.3007133115667397e-05,6.423686680689933e-06,0
comprehension,ally_majority,neutral,0102,-1,0,1,0,rQaQrQ,B,gemma-26b-cw,google/gemma-4-26b-a4b-it,coreweave/bf16,0,1.0,CoreWeave,B,1.03e-05,1.0783317364167733e-05,1.838190906156001e-07,0
comprehension,ally_majority,neutral,0102,1,0,0,0,rQaQrQ,B,gemma-26b-cw,google/gemma-4-26b-a4b-it,coreweave/bf16,0,1.0,CoreWeave,B,1.03e-05,9.516249424837433e-06,7.356511754208483e-07,0
comprehension,ally_majority,neutral,0102,1,0,1,0,aQrQrQ,B,gemma-26b-cw,google/gemma-4-26b-a4b-it,coreweave/bf16,0,1.0,CoreWeave,B,1.03e-05,2.1444943303118133e-05,2.5068276798823064e-07,0
comprehension,ally_majority,neutral,0103,-1,0,0,0,aQrQrQrQ,B,gemma-26b-cw,google/gemma-4-26b-a4b-it,coreweave/bf16,0,1.0,CoreWeave,B,9.4e-06,4.4951810425996665e-06,1.5396022079450233e-07,0
comprehension,ally_majority,neutral,0103,-1,0,1,0,rQrQrQaQ,B,gemma-26b-cw,google/gemma-4-26b-a4b-it,coreweave/bf16,0,1.0,CoreWeave,B,9.4e-06,2.144494074677566e-05,1.3147787658596144e-07,0
comprehension,ally_majority,neutral,0103,1,0,0,0,rQaQrQrQ,B,gemma-26b-cw,google/gemma-4-26b-a4b-it,coreweave/bf16,0,1.0,CoreWeave,B,9.4e-06,4.785095635679298e-06,2.2167031943354232e-07,0
comprehension,ally_majority,neutral,0103,1,0,1,0,rQrQrQaQ,B,gemma-26b-cw,google/gemma-4-26b-a4b-it,coreweave/bf16,0,1.0,CoreWeave,B,9.4e-06,3.763643369480559e-05,1.514897691734518e-07,0
comprehension,ally_majority,neutral,0104,-1,0,0,0,rQrQrQrQaQ,B,gemma-26b-cw,google/gemma-4-26b-a4b-it,coreweave/bf16,0,1.0,CoreWeave,B,1.01e-05,0.0003799845552787732,0.0001331178481983608,0
comprehension,ally_majority,neutral,0104,-1,0,1,0,rQrQrQaQrQ,B,gemma-26b-cw,google/gemma-4-26b-a4b-it,coreweave/bf16,0,1.0,CoreWeave,B,1.01e-05,0.001325022334797204,1.2995420493266963e-05,0
comprehension,ally_majority,neutral,0104,1,0,0,0,rQrQaQrQrQ,B,gemma-26b-cw,google/gemma-4-26b-a4b-it,coreweave/bf16,0,1.0,CoreWeave,B,1.01e-05,1.760343003490802e-06,2.77931984093982e-08,0
comprehension,ally_majority,neutral,0104,1,0,1,0,rQaQrQrQrQ,B,gemma-26b-cw,google/gemma-4-26b-a4b-it,coreweave/bf16,0,1.0,CoreWeave,B,1.01e-05,0.0003353502713825306,7.07191889048886e-07,0
comprehension,ally_majority,neutral,0105,-1,0,0,0,rQrQrQrQaQrQ,B,gemma-26b-cw,google/gemma-4-26b-a4b-it,coreweave/bf16,0,1.0,CoreWeave,B,1.08e-05,0.0015011819347877217,0.00010202720863405901,0
comprehension,ally_majority,neutral,0105,-1,0,1,0,rQrQrQrQrQaQ,B,gemma-26b-cw,google/gemma-4-26b-a4b-it,coreweave/bf16,0,1.0,CoreWeave,B,1.08e-05,0.0002611902166904114,1.5976031407793911e-06,0
comprehension,ally_majority,neutral,0105,1,0,0,0,rQrQrQrQrQaQ,B,gemma-26b-cw,google/gemma-4-26b-a4b-it,coreweave/bf16,0,1.0,CoreWeave,B,1.08e-05,0.00017952805200636293,1.1607859402573695e-06,0
comprehension,ally_majority,neutral,0105,1,0,1,0,aQrQrQrQrQrQ,B,gemma-26b-cw,google/gemma-4-26b-a4b-it,coreweave/bf16,0,1.0,CoreWeave,B,1.08e-05,0.000108896961298158,2.868591753024674e-07,0
comprehension,ally_majority,neutral,0110,-1,0,0,0,rPaQ,B,gemma-26b-cw,google/gemma-4-26b-a4b-it,coreweave/bf16,0,1.0,CoreWeave,B,9.6e-06,6.540437226350687e-06,6.810869489948246e-06,0
comprehension,ally_majority,neutral,0110,-1,0,1,0,rPaQ,B,gemma-26b-cw,google/gemma-4-26b-a4b-it,coreweave/bf16,0,1.0,CoreWeave,B,9.6e-06,2.56128221074819e-06,2.997333207188646e-07,0
comprehension,ally_majority,neutral,0110,1,0,0,0,aQrP,B,gemma-26b-cw,google/gemma-4-26b-a4b-it,coreweave/bf16,0,1.0,CoreWeave,B,9.6e-06,0.000607075711530795,0.0011646809593246488,0
comprehension,ally_majority,neutral,0110,1,0,1,0,rPaQ,B,gemma-26b-cw,google/gemma-4-26b-a4b-it,coreweave/bf16,0,1.0,CoreWeave,B,9.6e-06,0.00013982204067405766,1.345949569997451e-05,0
comprehension,ally_majority,neutral,0111,-1,0,0,0,aQrQrP,B,gemma-26b-cw,google/gemma-4-26b-a4b-it,coreweave/bf16,0,1.0,CoreWeave,B,8.7e-06,0.00013982212274967287,6.363562628153296e-05,0
comprehension,ally_majority,neutral,0111,-1,0,1,0,aQrQrP,B,gemma-26b-cw,google/gemma-4-26b-a4b-it,coreweave/bf16,0,1.0,CoreWeave,B,8.7e-06,3.3214194927263456e-05,2.070578938195844e-06,0
comprehension,ally_majority,neutral,0111,1,0,0,0,rQaQrP,B,gemma-26b-cw,google/gemma-4-26b-a4b-it,coreweave/bf16,0,1.0,CoreWeave,B,8.7e-06,0.0007096702319621851,0.00013240464237518346,0
comprehension,ally_majority,neutral,0111,1,0,1,0,rPrQaQ,B,gemma-26b-cw,google/gemma-4-26b-a4b-it,coreweave/bf16,0,1.0,CoreWeave,B,8.7e-06,5.829125166308185e-05,5.947028812736121e-07,0
comprehension,ally_majority,neutral,0112,-1,0,0,0,rPrQrQaQ,B,gemma-26b-cw,google/gemma-4-26b-a4b-it,coreweave/bf16,0,1.0,CoreWeave,B,9.4e-06,1.7778547616384207e-05,1.2499917379393821e-05,0
comprehension,ally_majority,neutral,0112,-1,0,1,0,aQrQrPrQ,B,gemma-26b-cw,google/gemma-4-26b-a4b-it,coreweave/bf16,0,1.0,CoreWeave,B,9.4e-06,1.287895829770147e-06,1.4261378211699594e-07,0
comprehension,ally_majority,neutral,0112,1,0,0,0,rQaQrPrQ,B,gemma-26b-cw,google/gemma-4-26b-a4b-it,coreweave/bf16,0,1.0,CoreWeave,B,9.4e-06,1.1365641171333025e-06,1.7473649727151042e-07,0
comprehension,ally_majority,neutral,0112,1,0,1,0,rPaQrQrQ,B,gemma-26b-cw,google/gemma-4-26b-a4b-it,coreweave/bf16,0,1.0,CoreWeave,B,9.4e-06,2.2603253757018426e-06,1.2385512460078019e-07,0
comprehension,ally_majority,neutral,0113,-1,0,0,0,rQrQaQrQrP,B,gemma-26b-cw,google/gemma-4-26b-a4b-it,coreweave/bf16,0,1.0,CoreWeave,B,1.01e-05,0.00037998443815314467,2.600660963669732e-05,0
comprehension,ally_majority,neutral,0113,-1,0,1,0,rPrQaQrQrQ,B,gemma-26b-cw,google/gemma-4-26b-a4b-it,coreweave/bf16,0,1.0,CoreWeave,B,1.01e-05,1.5689544114825673e-05,1.650427893240547e-07,0
comprehension,ally_majority,neutral,0113,1,0,0,0,aQrQrQrPrQ,B,gemma-26b-cw,google/gemma-4-26b-a4b-it,coreweave/bf16,0,1.0,CoreWeave,B,1.01e-05,4.7379038849744036e-07,1.222557690638837e-07,0
comprehension,ally_majority,neutral,0113,1,0,1,0,aQrPrQrQrQ,B,gemma-26b-cw,google/gemma-4-26b-a4b-it,coreweave/bf16,0,1.0,CoreWeave,B,1.01e-05,0.0006263340336123642,4.126393497672076e-06,0
comprehension,ally_majority,neutral,0114,-1,0,0,0,rPrQrQrQrQaQ,B,gemma-26b-cw,google/gemma-4-26b-a4b-it,coreweave/bf16,0,1.0,CoreWeave,B,1.08e-05,4.539785781036459e-05,9.674239615176106e-06,0
comprehension,ally_majority,neutral,0114,-1,0,1,0,rQaQrPrQrQrQ,B,gemma-26b-cw,google/gemma-4-26b-a4b-it,coreweave/bf16,0,1.0,CoreWeave,B,1.08e-05,2.2827999908072987e-05,1.788668240187974e-07,0
comprehension,ally_majority,neutral,0114,1,0,0,0,rQrPrQrQrQaQ,B,gemma-26b-cw,google/gemma-4-26b-a4b-it,coreweave/bf16,0,1.0,CoreWeave,B,1.08e-05,1.1478773599707697e-05,4.420184354092527e-07,0
comprehension,ally_majority,neutral,0114,1,0,1,0,rQrQaQrPrQrQ,B,gemma-26b-cw,google/gemma-4-26b-a4b-it,coreweave/bf16,0,1.0,CoreWeave,B,1.08e-05,2.58674403232324e-05,2.387193409614241e-07,0
comprehension,ally_majority,neutral,0120,-1,0,0,0,rPaQrP,B,gemma-26b-cw,google/gemma-4-26b-a4b-it,coreweave/bf16,0,1.0,CoreWeave,B,1.03e-05,1.6536895860182564e-06,2.5365582823067e-07,0
comprehension,ally_majority,neutral,0120,-1,0,1,0,aQrPrP,B,gemma-26b-cw,google/gemma-4-26b-a4b-it,coreweave/bf16,0,1.0,CoreWeave,B,1.03e-05,2.0654915220544362e-08,0.0,0
comprehension,ally_majority,neutral,0120,1,0,0,0,rPrPaQ,B,gemma-26b-cw,google/gemma-4-26b-a4b-it,coreweave/bf16,0,1.0,CoreWeave,B,1.03e-05,1.975053905434422e-07,4.0913139764953144e-08,0
comprehension,ally_majority,neutral,0120,1,0,1,0,rPaQrP,B,gemma-26b-cw,google/gemma-4-26b-a4b-it,coreweave/bf16,0,1.0,CoreWeave,B,8.7e-06,8.93969417303852e-06,3.585467326372438e-07,0
comprehension,ally_majority,neutral,0121,-1,0,0,0,aQrPrQrP,B,gemma-26b-cw,google/gemma-4-26b-a4b-it,coreweave/bf16,0,1.0,CoreWeave,B,1.1e-05,1.2751905808907768e-07,0.0,0
comprehension,ally_majority,neutral,0121,-1,0,1,0,aQrQrPrP,B,gemma-26b-cw,google/gemma-4-26b-a4b-it,coreweave/bf16,0,1.0,CoreWeave,B,1.1e-05,1.9142878966617062e-07,4.6989741542269314e-08,0
comprehension,ally_majority,neutral,0121,1,0,0,0,aQrPrQrP,B,gemma-26b-cw,google/gemma-4-26b-a4b-it,coreweave/bf16,0,1.0,CoreWeave,B,9.4e-06,5.658624977052757e-08,1.8183228278623176e-07,0
comprehension,ally_majority,neutral,0121,1,0,1,0,rPaQrPrQ,B,gemma-26b-cw,google/gemma-4-26b-a4b-it,coreweave/bf16,0,1.0,CoreWeave,B,9.4e-06,8.059446204291012e-07,1.4772890555292406e-07,0
comprehension,ally_majority,neutral,0122,-1,0,0,0,rPrQaQrPrQ,B,gemma-26b-cw,google/gemma-4-26b-a4b-it,coreweave/bf16,0,1.0,CoreWeave,B,1.01e-05,3.535623802218407e-05,3.008644515700709e-05,0
comprehension,ally_majority,neutral,0122,-1,0,1,0,aQrPrQrPrQ,B,gemma-26b-cw,google/gemma-4-26b-a4b-it,coreweave/bf16,0,1.0,CoreWeave,B,1.01e-05,8.315279207359128e-07,0.0,0
comprehension,ally_majority,neutral,0122,1,0,0,0,rPaQrPrQrQ,B,gemma-26b-cw,google/gemma-4-26b-a4b-it,coreweave/bf16,0,1.0,CoreWeave,B,1.17e-05,1.125351888855654e-07,1.2588334752372532e-07,0
comprehension,ally_majority,neutral,0122,1,0,1,0,rQrPrPaQrQ,B,gemma-26b-cw,google/gemma-4-26b-a4b-it,coreweave/bf16,0,1.0,CoreWeave,B,1.01e-05,2.1233792218062976e-06,1.4159251415790663e-07,0
comprehension,ally_majority,neutral,0123,-1,0,0,0,rQrPaQrQrQrP,B,gemma-26b-cw,google/gemma-4-26b-a4b-it,coreweave/bf16,0,1.0,CoreWeave,B,1.08e-05,1.5534975694014746e-06,2.346389480489819e-07,0
comprehension,ally_majority,neutral,0123,-1,0,1,0,rQrPaQrQrQrP,B,gemma-26b-cw,google/gemma-4-26b-a4b-it,coreweave/bf16,0,1.0,CoreWeave,B,1.08e-05,5.422218323554549e-06,1.805876526095318e-07,0
comprehension,ally_majority,neutral,0123,1,0,0,0,rQrQaQrQrPrP,B,gemma-26b-cw,google/gemma-4-26b-a4b-it,coreweave/bf16,0,1.0,CoreWeave,B,1.08e-05,4.006368741670684e-05,2.7307244619967364e-06,0
comprehension,ally_majority,neutral,0123,1,0,1,0,rPrPrQrQaQrQ,B,gemma-26b-cw,google/gemma-4-26b-a4b-it,coreweave/bf16,0,1.0,CoreWeave,B,1.08e-05,0.0024726231600804478,0.0001063838083105173,0
comprehension,ally_majority,neutral,0130,-1,0,0,0,aQrPrPrP,B,gemma-26b-cw,google/gemma-4-26b-a4b-it,coreweave/bf16,0,1.0,CoreWeave,B,9.4e-06,1.5870004588534072e-07,7.971848903221002e-08,0
comprehension,ally_majority,neutral,0130,-1,0,1,0,rPrPaQrP,B,gemma-26b-cw,google/gemma-4-26b-a4b-it,coreweave/bf16,0,1.0,CoreWeave,B,9.4e-06,4.18118922506123e-07,5.8718032880378246e-08,0
comprehension,ally_majority,neutral,0130,1,0,0,0,rPrPrPaQ,B,gemma-26b-cw,google/gemma-4-26b-a4b-it,coreweave/bf16,0,1.0,CoreWeave,B,9.4e-06,1.4449803818225214e-07,9.392049760137411e-08,0
comprehension,ally_majority,neutral,0130,1,0,1,0,rPrPrPaQ,B,gemma-26b-cw,google/gemma-4-26b-a4b-it,coreweave/bf16,0,1.0,CoreWeave,B,9.4e-06,3.9278638756202614e-07,8.405057627669521e-08,0
comprehension,ally_majority,neutral,0131,-1,0,0,0,aQrQrPrPrP,B,gemma-26b-cw,google/gemma-4-26b-a4b-it,coreweave/bf16,0,1.0,CoreWeave,B,1.01e-05,1.5534973842107849e-06,1.1543009192926945e-07,0
comprehension,ally_majority,neutral,0131,-1,0,1,0,rPrQrPaQrP,B,gemma-26b-cw,google/gemma-4-26b-a4b-it,coreweave/bf16,0,1.0,CoreWeave,B,1.17e-05,1.9947304348917116e-06,2.70241539479521e-07,0
comprehension,ally_majority,neutral,0131,1,0,0,0,rPrQrPaQrP,B,gemma-26b-cw,google/gemma-4-26b-a4b-it,coreweave/bf16,0,1.0,CoreWeave,B,1.01e-05,3.288749065436569e-06,5.25935377915232e-07,0
comprehension,ally_majority,neutral,0131,1,0,1,0,rPrPrQaQrP,B,gemma-26b-cw,google/gemma-4-26b-a4b-it,coreweave/bf16,0,1.0,CoreWeave,B,1.01e-05,8.481105144611057e-05,1.0667373901207533e-05,0
comprehension,ally_majority,neutral,0132,-1,0,0,0,rPrQrQrPrPaQ,B,gemma-26b-cw,google/gemma-4-26b-a4b-it,coreweave/bf16,0,1.0,CoreWeave,B,1.08e-05,3.1201926246083686e-05,9.327879722742516e-06,0
comprehension,ally_majority,neutral,0132,-1,0,1,0,aQrPrQrQrPrP,B,gemma-26b-cw,google/gemma-4-26b-a4b-it,coreweave/bf16,0,1.0,CoreWeave,B,1.08e-05,7.338209805250744e-07,2.1985258769063876e-07,0
comprehension,ally_majority,neutral,0132,1,0,0,0,rPaQrPrQrQrP,B,gemma-26b-cw,google/gemma-4-26b-a4b-it,coreweave/bf16,0,1.0,CoreWeave,B,1.08e-05,1.125351888855654e-07,1.2588334752372532e-07,0
comprehension,ally_majority,neutral,0132,1,0,1,0,rPrPrQrPrQaQ,B,gemma-26b-cw,google/gemma-4-26b-a4b-it,coreweave/bf16,0,1.0,CoreWeave,B,1.08e-05,2.7535687820994754e-05,9.545471774119463e-07,0
comprehension,ally_majority,neutral,0140,-1,0,0,0,rPrPaQrPrP,B,gemma-26b-cw,google/gemma-4-26b-a4b-it,coreweave/bf16,0,1.0,CoreWeave,B,1.17e-05,1.1979306985206997e-07,0.0,0
comprehension,ally_majority,neutral,0140,-1,0,1,0,rPaQrPrPrP,B,gemma-26b-cw,google/gemma-4-26b-a4b-it,coreweave/bf16,0,1.0,CoreWeave,B,1.01e-05,7.265817269110194e-08,4.0770457343519695e-08,0
comprehension,ally_majority,neutral,0140,1,0,0,0,rPaQrPrPrP,B,gemma-26b-cw,google/gemma-4-26b-a4b-it,coreweave/bf16,0,1.0,CoreWeave,B,1.01e-05,4.271353775553841e-08,7.649574085277777e-08,0
comprehension,ally_majority,neutral,0140,1,0,1,0,rPaQrPrPrP,B,gemma-26b-cw,google/gemma-4-26b-a4b-it,coreweave/bf16,0,1.0,CoreWeave,B,1.01e-05,5.771921406186148e-06,1.885086607922304e-07,0
comprehension,ally_majority,neutral,0141,-1,0,0,0,aQrQrPrPrPrP,B,gemma-26b-cw,google/gemma-4-26b-a4b-it,coreweave/bf16,0,1.0,CoreWeave,B,1.08e-05,3.726639728406144e-06,2.0725213056849157e-07,0
comprehension,ally_majority,neutral,0141,-1,0,1,0,rPaQrPrPrQrP,B,gemma-26b-cw,google/gemma-4-26b-a4b-it,coreweave/bf16,0,1.0,CoreWeave,B,1.24e-05,3.726639284159446e-06,8.804375761783945e-08,0
comprehension,ally_majority,neutral,0141,1,0,0,0,rQrPrPaQrPrP,B,gemma-26b-cw,google/gemma-4-26b-a4b-it,coreweave/bf16,0,1.0,CoreWeave,B,1.08e-05,7.41127722113656e-06,2.7214302922295985e-06,0
comprehension,ally_majority,neutral,0141,1,0,1,0,aQrPrQrPrPrP,B,gemma-26b-cw,google/gemma-4-26b-a4b-it,coreweave/bf16,0,1.0,CoreWeave,B,1.24e-05,1.1478770863017867e-05,2.036053985410291e-07,0
comprehension,ally_majority,neutral,0150,-1,0,0,0,aQrPrPrPrPrP,B,gemma-26b-cw,google/gemma-4-26b-a4b-it,coreweave/bf16,0,1.0,CoreWeave,B,1.08e-05,6.083588191471314e-07,0.0,0
comprehension,ally_majority,neutral,0150,-1,0,1,0,rPrPrPrPrPaQ,B,gemma-26b-cw,google/gemma-4-26b-a4b-it,coreweave/bf16,0,1.0,CoreWeave,B,1.08e-05,3.2563133556334654e-07,3.199642273354897e-08,0
comprehension,ally_majority,neutral,0150,1,0,0,0,rPaQrPrPrPrP,B,gemma-26b-cw,google/gemma-4-26b-a4b-it,coreweave/bf16,0,1.0,CoreWeave,B,1.08e-05,4.546832413629389e-08,7.37409545648049e-08,0
comprehension,ally_majority,neutral,0150,1,0,1,0,rPrPrPrPaQrP,B,gemma-26b-cw,google/gemma-4-26b-a4b-it,coreweave/bf16,0,1.0,CoreWeave,B,1.08e-05,2.1444940744864302e-05,3.946078236505279e-06,0
comprehension,ally_majority,neutral,0200,-1,0,0,0,aQaQ,B,gemma-26b-cw,google/gemma-4-26b-a4b-it,coreweave/bf16,0,1.0,CoreWeave,B,9.6e-06,3.721348634237499e-09,0.0,1
comprehension,ally_majority,neutral,0200,-1,0,1,0,aQaQ,B,gemma-26b-cw,google/gemma-4-26b-a4b-it,coreweave/bf16,0,1.0,CoreWeave,B,9.6e-06,1.7907612895090061e-09,0.0,0
comprehension,ally_majority,neutral,0200,1,0,0,0,aQaQ,B,gemma-26b-cw,google/gemma-4-26b-a4b-it,coreweave/bf16,0,1.0,CoreWeave,B,9.6e-06,5.894661275469025e-09,0.0,1
comprehension,ally_majority,neutral,0200,1,0,1,0,aQaQ,B,gemma-26b-cw,google/gemma-4-26b-a4b-it,coreweave/bf16,0,1.0,CoreWeave,B,9.6e-06,6.373648511335691e-09,0.0,0
comprehension,ally_majority,neutral,0201,-1,0,0,0,aQaQrQ,B,gemma-26b-cw,google/gemma-4-26b-a4b-it,coreweave/bf16,0,1.0,CoreWeave,B,8.7e-06,7.250557191686316e-09,0.0,0
comprehension,ally_majority,neutral,0201,-1,0,1,0,aQrQaQ,B,gemma-26b-cw,google/gemma-4-26b-a4b-it,coreweave/bf16,0,1.0,CoreWeave,B,8.7e-06,1.057170139580255e-07,7.574529781173567e-09,0
comprehension,ally_majority,neutral,0201,1,0,0,0,aQaQrQ,B,gemma-26b-cw,google/gemma-4-26b-a4b-it,coreweave/bf16,0,1.0,CoreWeave,B,8.7e-06,4.708821679514359e-09,0.0,1
comprehension,ally_majority,neutral,0201,1,0,1,0,rQaQaQ,B,gemma-26b-cw,google/gemma-4-26b-a4b-it,coreweave/bf16,0,1.0,CoreWeave,B,8.7e-06,4.84007784925227e-08,6.120307205481623e-08,0
comprehension,ally_majority,neutral,0202,-1,0,0,0,aQrQrQaQ,B,gemma-26b-cw,google/gemma-4-26b-a4b-it,coreweave/bf16,0,1.0,CoreWeave,B,9.4e-06,1.4307241713870521e-08,0.0,0
comprehension,ally_majority,neutral,0202,-1,0,1,0,aQaQrQrQ,B,gemma-26b-cw,google/gemma-4-26b-a4b-it,coreweave/bf16,0,1.0,CoreWeave,B,1.1e-05,5.987488699708312e-09,0.0,0
comprehension,ally_majority,neutral,0202,1,0,0,0,aQrQaQrQ,B,gemma-26b-cw,google/gemma-4-26b-a4b-it,coreweave/bf16,0,1.0,CoreWeave,B,9.4e-06,5.917732376637215e-09,0.0,0
comprehension,ally_majority,neutral,0202,1,0,1,0,rQaQaQrQ,B,gemma-26b-cw,google/gemma-4-26b-a4b-it,coreweave/bf16,0,1.0,CoreWeave,B,9.4e-06,2.0377488152241125e-07,2.5620181531849084e-08,0
comprehension,ally_majority,neutral,0203,-1,0,0,0,rQaQrQaQrQ,B,gemma-26b-cw,google/gemma-4-26b-a4b-it,coreweave/bf16,0,1.0,CoreWeave,B,1.01e-05,3.791041669380274e-09,0.0,1
comprehension,ally_majority,neutral,0203,-1,0,1,0,rQrQrQaQaQ,B,gemma-26b-cw,google/gemma-4-26b-a4b-it,coreweave/bf16,0,1.0,CoreWeave,B,1.01e-05,6.942217789122908e-09,0.0,0
comprehension,ally_majority,neutral,0203,1,0,0,0,rQrQrQaQaQ,B,gemma-26b-cw,google/gemma-4-26b-a4b-it,coreweave/bf16,0,1.0,CoreWeave,B,1.01e-05,3.2808731102102963e-09,0.0,1
comprehension,ally_majority,neutral,0203,1,0,1,0,aQaQrQrQrQ,B,gemma-26b-cw,google/gemma-4-26b-a4b-it,coreweave/bf16,0,1.0,CoreWeave,B,1.01e-05,3.2563133428967786e-07,2.8085040404413064e-08,0
comprehension,ally_majority,neutral,0204,-1,0,0,0,rQrQaQrQaQrQ,B,gemma-26b-cw,google/gemma-4-26b-a4b-it,coreweave/bf16,0,1.0,CoreWeave,B,1.08e-05,4.718027571225213e-09,0.0,1
comprehension,ally_majority,neutral,0204,-1,0,1,0,rQrQaQaQrQrQ,B,gemma-26b-cw,google/gemma-4-26b-a4b-it,coreweave/bf16,0,1.0,CoreWeave,B,1.08e-05,3.2241866122657784e-08,0.0,0
comprehension,ally_majority,neutral,0204,1,0,0,0,rQrQaQrQaQrQ,B,gemma-26b-cw,google/gemma-4-26b-a4b-it,coreweave/bf16,0,1.0,CoreWeave,B,1.08e-05,2.250845023959546e-08,0.0,0
comprehension,ally_majority,neutral,0204,1,0,1,0,rQaQaQrQrQrQ,B,gemma-26b-cw,google/gemma-4-26b-a4b-it,coreweave/bf16,0,1.0,CoreWeave,B,1.08e-05,3.2563133288797317e-07,2.378046493056729e-08,0
comprehension,ally_majority,neutral,0210,-1,0,0,0,rPaQaQ,B,gemma-26b-cw,google/gemma-4-26b-a4b-it,coreweave/bf16,0,1.0,CoreWeave,B,1.03e-05,4.285337941085812e-09,0.0,1
comprehension,ally_majority,neutral,0210,-1,0,1,0,aQrPaQ,B,gemma-26b-cw,google/gemma-4-26b-a4b-it,coreweave/bf16,0,1.0,CoreWeave,B,1.03e-05,1.282493000991451e-08,9.677891876780365e-08,0
comprehension,ally_majority,neutral,0210,1,0,0,0,rPaQaQ,B,gemma-26b-cw,google/gemma-4-26b-a4b-it,coreweave/bf16,0,1.0,CoreWeave,B,1.03e-05,4.050348532836976e-09,0.0,1
comprehension,ally_majority,neutral,0210,1,0,1,0,rPaQaQ,B,gemma-26b-cw,google/gemma-4-26b-a4b-it,coreweave/bf16,0,1.0,CoreWeave,B,8.7e-06,1.0066401678141605e-08,0.0,0
comprehension,ally_majority,neutral,0211,-1,0,0,0,aQaQrQrP,B,gemma-26b-cw,google/gemma-4-26b-a4b-it,coreweave/bf16,0,1.0,CoreWeave,B,9.4e-06,9.134288922501677e-09,0.0,1
comprehension,ally_majority,neutral,0211,-1,0,1,0,rQrPaQaQ,B,gemma-26b-cw,google/gemma-4-26b-a4b-it,coreweave/bf16,0,1.0,CoreWeave,B,1.1e-05,4.840537176010568e-09,1.0361812707859741e-07,1
comprehension,ally_majority,neutral,0211,1,0,0,0,aQrPaQrQ,B,gemma-26b-cw,google/gemma-4-26b-a4b-it,coreweave/bf16,0,1.0,CoreWeave,B,9.4e-06,4.449523788776215e-09,0.0,1
comprehension,ally_majority,neutral,0211,1,0,1,0,rQaQaQrP,B,gemma-26b-cw,google/gemma-4-26b-a4b-it,coreweave/bf16,0,1.0,CoreWeave,B,9.4e-06,1.9750538881609128e-07,3.216729815846975e-08,0
comprehension,ally_majority,neutral,0212,-1,0,0,0,aQaQrQrQrP,B,gemma-26b-cw,google/gemma-4-26b-a4b-it,coreweave/bf16,0,1.0,CoreWeave,B,1.01e-05,4.471303094019902e-09,0.0,1
comprehension,ally_majority,neutral,0212,-1,0,1,0,aQrPaQrQrQ,B,gemma-26b-cw,google/gemma-4-26b-a4b-it,coreweave/bf16,0,1.0,CoreWeave,B,1.01e-05,9.625644779696134e-08,1.2407603799946543e-07,0
comprehension,ally_majority,neutral,0212,1,0,0,0,aQrQrQrPaQ,B,gemma-26b-cw,google/gemma-4-26b-a4b-it,coreweave/bf16,0,1.0,CoreWeave,B,1.17e-05,1.0385943546131063e-08,0.0,0
comprehension,ally_majority,neutral,0212,1,0,1,0,aQrPaQrQrQ,B,gemma-26b-cw,google/gemma-4-26b-a4b-it,coreweave/bf16,0,1.0,CoreWeave,B,1.01e-05,9.625644795275376e-08,1.2569455187794176e-07,0
comprehension,ally_majority,neutral,0213,-1,0,0,0,rQrQrQrPaQaQ,B,gemma-26b-cw,google/gemma-4-26b-a4b-it,coreweave/bf16,0,1.0,CoreWeave,B,1.08e-05,6.758262423327569e-09,0.0,1
comprehension,ally_majority,neutral,0213,-1,0,1,0,aQrQrPaQrQrQ,B,gemma-26b-cw,google/gemma-4-26b-a4b-it,coreweave/bf16,0,1.0,CoreWeave,B,1.08e-05,7.496459835937458e-08,1.432774895393507e-07,0
comprehension,ally_majority,neutral,0213,1,0,0,0,aQaQrQrPrQrQ,B,gemma-26b-cw,google/gemma-4-26b-a4b-it,coreweave/bf16,0,1.0,CoreWeave,B,1.08e-05,6.891557186614015e-09,0.0,1
comprehension,ally_majority,neutral,0213,1,0,1,0,aQaQrPrQrQrQ,B,gemma-26b-cw,google/gemma-4-26b-a4b-it,coreweave/bf16,0,1.0,CoreWeave,B,1.08e-05,3.6250508337798176e-08,6.736762114822881e-08,0
comprehension,ally_majority,neutral,0220,-1,0,0,0,rPaQaQrP,B,gemma-26b-cw,google/gemma-4-26b-a4b-it,coreweave/bf16,0,1.0,CoreWeave,B,9.4e-06,5.2223804294923414e-09,0.0,1
comprehension,ally_majority,neutral,0220,-1,0,1,0,aQrPaQrP,B,gemma-26b-cw,google/gemma-4-26b-a4b-it,coreweave/bf16,0,1.0,CoreWeave,B,9.4e-06,6.0699110113392115e-09,0.0,1
comprehension,ally_majority,neutral,0220,1,0,0,0,aQaQrPrP,B,gemma-26b-cw,google/gemma-4-26b-a4b-it,coreweave/bf16,0,1.0,CoreWeave,B,9.4e-06,5.494428458788877e-09,0.0,1
comprehension,ally_majority,neutral,0220,1,0,1,0,aQrPaQrP,B,gemma-26b-cw,google/gemma-4-26b-a4b-it,coreweave/bf16,0,1.0,CoreWeave,B,9.4e-06,1.725783153353447e-08,2.0544726309079664e-07,0
comprehension,ally_majority,neutral,0221,-1,0,0,0,aQaQrPrQrP,B,gemma-26b-cw,google/gemma-4-26b-a4b-it,coreweave/bf16,0,1.0,CoreWeave,B,1.01e-05,6.214613338911445e-09,0.0,1
comprehension,ally_majority,neutral,0221,-1,0,1,0,rPrQrPaQaQ,B,gemma-26b-cw,google/gemma-4-26b-a4b-it,coreweave/bf16,0,1.0,CoreWeave,B,1.01e-05,5.619234838208216e-09,0.0,1
comprehension,ally_majority,neutral,0221,1,0,0,0,aQaQrPrPrQ,B,gemma-26b-cw,google/gemma-4-26b-a4b-it,coreweave/bf16,0,1.0,CoreWeave,B,1.01e-05,5.417174747526452e-09,0.0,1
comprehension,ally_majority,neutral,0221,1,0,1,0,rPrQaQrPaQ,B,gemma-26b-cw,google/gemma-4-26b-a4b-it,coreweave/bf16,0,1.0,CoreWeave,B,1.01e-05,6.412061908477118e-08,1.4584456442534588e-07,0
comprehension,ally_majority,neutral,0222,-1,0,0,0,rPaQaQrPrQrQ,B,gemma-26b-cw,google/gemma-4-26b-a4b-it,coreweave/bf16,0,1.0,CoreWeave,B,1.08e-05,4.029635709894583e-09,0.0,1
comprehension,ally_majority,neutral,0222,-1,0,1,0,rQrQrPrPaQaQ,B,gemma-26b-cw,google/gemma-4-26b-a4b-it,coreweave/bf16,0,1.0,CoreWeave,B,1.08e-05,4.0355428224621925e-09,0.0,1
comprehension,ally_majority,neutral,0222,1,0,0,0,rPrQaQrPrQaQ,B,gemma-26b-cw,google/gemma-4-26b-a4b-it,coreweave/bf16,0,1.0,CoreWeave,B,1.08e-05,6.6534853066781965e-09,0.0,1
comprehension,ally_majority,neutral,0222,1,0,1,0,aQrQrPrPaQrQ,B,gemma-26b-cw,google/gemma-4-26b-a4b-it,coreweave/bf16,0,1.0,CoreWeave,B,1.08e-05,2.4914582985018877e-08,0.0,0
comprehension,ally_majority,neutral,0230,-1,0,0,0,aQrPaQrPrP,B,gemma-26b-cw,google/gemma-4-26b-a4b-it,coreweave/bf16,0,1.0,CoreWeave,B,1.17e-05,3.880943588493997e-09,0.0,1
comprehension,ally_majority,neutral,0230,-1,0,1,0,aQaQrPrPrP,B,gemma-26b-cw,google/gemma-4-26b-a4b-it,coreweave/bf16,0,1.0,CoreWeave,B,1.01e-05,3.589286083821795e-09,0.0,1
comprehension,ally_majority,neutral,0230,1,0,0,0,rPrPrPaQaQ,B,gemma-26b-cw,google/gemma-4-26b-a4b-it,coreweave/bf16,0,1.0,CoreWeave,B,1.01e-05,4.212724451007324e-09,0.0,1
comprehension,ally_majority,neutral,0230,1,0,1,0,rPrPaQrPaQ,B,gemma-26b-cw,google/gemma-4-26b-a4b-it,coreweave/bf16,0,1.0,CoreWeave,B,1.17e-05,4.051337448934964e-09,0.0,1
comprehension,ally_majority,neutral,0231,-1,0,0,0,rPrPrPrQaQaQ,B,gemma-26b-cw,google/gemma-4-26b-a4b-it,coreweave/bf16,0,1.0,CoreWeave,B,1.08e-05,6.4487790435824485e-09,0.0,1
comprehension,ally_majority,neutral,0231,-1,0,1,0,rPaQrPrPaQrQ,B,gemma-26b-cw,google/gemma-4-26b-a4b-it,coreweave/bf16,0,1.0,CoreWeave,B,1.08e-05,6.177552675841723e-09,1.0512384662764163e-07,1
comprehension,ally_majority,neutral,0231,1,0,0,0,rPaQaQrPrQrP,B,gemma-26b-cw,google/gemma-4-26b-a4b-it,coreweave/bf16,0,1.0,CoreWeave,B,1.08e-05,3.926690963226042e-09,0.0,1
comprehension,ally_majority,neutral,0231,1,0,1,0,aQrPrPrQaQrP,B,gemma-26b-cw,google/gemma-4-26b-a4b-it,coreweave/bf16,0,1.0,CoreWeave,B,1.08e-05,1.0884375415344355e-08,0.0,0
comprehension,ally_majority,neutral,0240,-1,0,0,0,rPaQaQrPrPrP,B,gemma-26b-cw,google/gemma-4-26b-a4b-it,coreweave/bf16,0,1.0,CoreWeave,B,1.08e-05,4.519593555989689e-09,0.0,1
comprehension,ally_majority,neutral,0240,-1,0,1,0,rPaQrPaQrPrP,B,gemma-26b-cw,google/gemma-4-26b-a4b-it,coreweave/bf16,0,1.0,CoreWeave,B,1.08e-05,8.207938137644354e-09,0.0,1
comprehension,ally_majority,neutral,0240,1,0,0,0,rPrPrPaQaQrP,B,gemma-26b-cw,google/gemma-4-26b-a4b-it,coreweave/bf16,0,1.0,CoreWeave,B,1.08e-05,3.880943635200092e-09,0.0,1
comprehension,ally_majority,neutral,0240,1,0,1,0,rPaQrPrPrPaQ,B,gemma-26b-cw,google/gemma-4-26b-a4b-it,coreweave/bf16,0,1.0,CoreWeave,B,1.08e-05,5.964145672180473e-09,0.0,1
comprehension,ally_majority,neutral,0300,-1,0,0,0,aQaQaQ,B,gemma-26b-cw,google/gemma-4-26b-a4b-it,coreweave/bf16,0,1.0,CoreWeave,B,8.7e-06,2.8953603428627746e-09,0.0,1
comprehension,ally_majority,neutral,0300,-1,0,1,0,aQaQaQ,B,gemma-26b-cw,google/gemma-4-26b-a4b-it,coreweave/bf16,0,1.0,CoreWeave,B,1.03e-05,3.1428839160309995e-09,0.0,1
comprehension,ally_majority,neutral,0300,1,0,0,0,aQaQaQ,B,gemma-26b-cw,google/gemma-4-26b-a4b-it,coreweave/bf16,0,1.0,CoreWeave,B,8.7e-06,2.335593007064629e-09,0.0,1
comprehension,ally_majority,neutral,0300,1,0,1,0,aQaQaQ,B,gemma-26b-cw,google/gemma-4-26b-a4b-it,coreweave/bf16,0,1.0,CoreWeave,B,8.7e-06,5.196942647623223e-09,0.0,0
comprehension,ally_majority,neutral,0301,-1,0,0,0,aQaQrQaQ,B,gemma-26b-cw,google/gemma-4-26b-a4b-it,coreweave/bf16,0,1.0,CoreWeave,B,9.4e-06,5.803273021457017e-09,0.0,1
comprehension,ally_majority,neutral,0301,-1,0,1,0,aQrQaQaQ,B,gemma-26b-cw,google/gemma-4-26b-a4b-it,coreweave/bf16,0,1.0,CoreWeave,B,9.4e-06,4.205132542910944e-08,6.928754725521458e-08,0
comprehension,ally_majority,neutral,0301,1,0,0,0,aQaQaQrQ,B,gemma-26b-cw,google/gemma-4-26b-a4b-it,coreweave/bf16,0,1.0,CoreWeave,B,1.1e-05,6.627545813489387e-09,0.0,1
comprehension,ally_majority,neutral,0301,1,0,1,0,rQaQaQaQ,B,gemma-26b-cw,google/gemma-4-26b-a4b-it,coreweave/bf16,0,1.0,CoreWeave,B,9.4e-06,7.61451104239665e-08,3.053632757765712e-08,0
comprehension,ally_majority,neutral,0302,-1,0,0,0,aQrQaQaQrQ,B,gemma-26b-cw,google/gemma-4-26b-a4b-it,coreweave/bf16,0,1.0,CoreWeave,B,1.17e-05,4.8110823008837405e-09,0.0,1
comprehension,ally_majority,neutral,0302,-1,0,1,0,aQrQrQaQaQ,B,gemma-26b-cw,google/gemma-4-26b-a4b-it,coreweave/bf16,0,1.0,CoreWeave,B,1.01e-05,4.338617758441401e-08,6.459321777452232e-08,0
comprehension,ally_majority,neutral,0302,1,0,0,0,aQaQrQrQaQ,B,gemma-26b-cw,google/gemma-4-26b-a4b-it,coreweave/bf16,0,1.0,CoreWeave,B,1.01e-05,4.5806907652946395e-09,0.0,1
comprehension,ally_majority,neutral,0302,1,0,1,0,aQaQaQrQrQ,B,gemma-26b-cw,google/gemma-4-26b-a4b-it,coreweave/bf16,0,1.0,CoreWeave,B,1.01e-05,4.840077865253735e-08,6.45091065010206e-08,0
comprehension,ally_majority,neutral,0303,-1,0,0,0,rQaQaQrQaQrQ,B,gemma-26b-cw,google/gemma-4-26b-a4b-it,coreweave/bf16,0,1.0,CoreWeave,B,1.08e-05,2.9989607969719073e-09,0.0,1
comprehension,ally_majority,neutral,0303,-1,0,1,0,rQrQaQrQaQaQ,B,gemma-26b-cw,google/gemma-4-26b-a4b-it,coreweave/bf16,0,1.0,CoreWeave,B,1.08e-05,9.77722550640182e-08,9.294622627109561e-09,0
comprehension,ally_majority,neutral,0303,1,0,0,0,rQaQaQrQaQrQ,B,gemma-26b-cw,google/gemma-4-26b-a4b-it,coreweave/bf16,0,1.0,CoreWeave,B,1.08e-05,2.8172629465732115e-09,0.0,0
comprehension,ally_majority,neutral,0303,1,0,1,0,rQaQrQrQaQaQ,B,gemma-26b-cw,google/gemma-4-26b-a4b-it,coreweave/bf16,0,1.0,CoreWeave,B,1.08e-05,1.1793584969737966e-07,0.0,0
comprehension,ally_majority,neutral,0310,-1,0,0,0,aQaQrPaQ,B,gemma-26b-cw,google/gemma-4-26b-a4b-it,coreweave/bf16,0,1.0,CoreWeave,B,9.4e-06,4.329505446346374e-09,0.0,1
comprehension,ally_majority,neutral,0310,-1,0,1,0,aQrPaQaQ,B,gemma-26b-cw,google/gemma-4-26b-a4b-it,coreweave/bf16,0,1.0,CoreWeave,B,9.4e-06,7.79392002532391e-09,0.0,0
comprehension,ally_majority,neutral,0310,1,0,0,0,rPaQaQaQ,B,gemma-26b-cw,google/gemma-4-26b-a4b-it,coreweave/bf16,0,1.0,CoreWeave,B,9.4e-06,4.644881292338015e-09,0.0,1
comprehension,ally_majority,neutral,0310,1,0,1,0,aQaQaQrP,B,gemma-26b-cw,google/gemma-4-26b-a4b-it,coreweave/bf16,0,1.0,CoreWeave,B,9.4e-06,1.0457185665514318e-08,9.115388255320767e-08,0
comprehension,ally_majority,neutral,0311,-1,0,0,0,rQaQaQrPaQ,B,gemma-26b-cw,google/gemma-4-26b-a4b-it,coreweave/bf16,0,1.0,CoreWeave,B,1.01e-05,4.491543866087164e-09,0.0,1
comprehension,ally_majority,neutral,0311,-1,0,1,0,aQaQrPaQrQ,B,gemma-26b-cw,google/gemma-4-26b-a4b-it,coreweave/bf16,0,1.0,CoreWeave,B,1.01e-05,1.2142398211499342e-08,0.0,0
comprehension,ally_majority,neutral,0311,1,0,0,0,aQrPaQrQaQ,B,gemma-26b-cw,google/gemma-4-26b-a4b-it,coreweave/bf16,0,1.0,CoreWeave,B,1.01e-05,4.524009401221423e-09,0.0,1
comprehension,ally_majority,neutral,0311,1,0,1,0,rPrQaQaQaQ,B,gemma-26b-cw,google/gemma-4-26b-a4b-it,coreweave/bf16,0,1.0,CoreWeave,B,1.01e-05,4.7550315007556604e-09,0.0,0
comprehension,ally_majority,neutral,0312,-1,0,0,0,rQrPrQaQaQaQ,B,gemma-26b-cw,google/gemma-4-26b-a4b-it,coreweave/bf16,0,1.0,CoreWeave,B,1.24e-05,4.09909334440262e-09,0.0,1
comprehension,ally_majority,neutral,0312,-1,0,1,0,aQrQrQaQaQrP,B,gemma-26b-cw,google/gemma-4-26b-a4b-it,coreweave/bf16,0,1.0,CoreWeave,B,1.08e-05,6.118431574403854e-08,4.1034691866670414e-08,0
comprehension,ally_majority,neutral,0312,1,0,0,0,rQaQrQrPaQaQ,B,gemma-26b-cw,google/gemma-4-26b-a4b-it,coreweave/bf16,0,1.0,CoreWeave,B,1.08e-05,3.499299133105653e-09,0.0,1
comprehension,ally_majority,neutral,0312,1,0,1,0,rQrPaQaQrQaQ,B,gemma-26b-cw,google/gemma-4-26b-a4b-it,coreweave/bf16,0,1.0,CoreWeave,B,1.08e-05,3.149498397369937e-08,0.0,0
comprehension,ally_majority,neutral,0320,-1,0,0,0,rPrPaQaQaQ,B,gemma-26b-cw,google/gemma-4-26b-a4b-it,coreweave/bf16,0,1.0,CoreWeave,B,1.01e-05,2.952466197291371e-09,0.0,1
comprehension,ally_majority,neutral,0320,-1,0,1,0,aQaQaQrPrP,B,gemma-26b-cw,google/gemma-4-26b-a4b-it,coreweave/bf16,0,1.0,CoreWeave,B,1.01e-05,3.4924712341009087e-09,0.0,0
comprehension,ally_majority,neutral,0320,1,0,0,0,rPrPaQaQaQ,B,gemma-26b-cw,google/gemma-4-26b-a4b-it,coreweave/bf16,0,1.0,CoreWeave,B,1.01e-05,6.250370959430108e-09,0.0,1
comprehension,ally_majority,neutral,0320,1,0,1,0,aQrPaQrPaQ,B,gemma-26b-cw,google/gemma-4-26b-a4b-it,coreweave/bf16,0,1.0,CoreWeave,B,1.17e-05,6.058067269270208e-09,0.0,0
comprehension,ally_majority,neutral,0321,-1,0,0,0,aQaQrPaQrQrP,B,gemma-26b-cw,google/gemma-4-26b-a4b-it,coreweave/bf16,0,1.0,CoreWeave,B,1.08e-05,7.809157308576498e-09,0.0,1
comprehension,ally_majority,neutral,0321,-1,0,1,0,aQrPaQaQrQrP,B,gemma-26b-cw,google/gemma-4-26b-a4b-it,coreweave/bf16,0,1.0,CoreWeave,B,1.08e-05,9.586685294187144e-09,0.0,0
comprehension,ally_majority,neutral,0321,1,0,0,0,aQrPrQrPaQaQ,B,gemma-26b-cw,google/gemma-4-26b-a4b-it,coreweave/bf16,0,1.0,CoreWeave,B,1.08e-05,5.894661245580251e-09,0.0,1
comprehension,ally_majority,neutral,0321,1,0,1,0,rQaQrPaQaQrP,B,gemma-26b-cw,google/gemma-4-26b-a4b-it,coreweave/bf16,0,1.0,CoreWeave,B,1.08e-05,1.6212228590279556e-08,0.0,0
comprehension,ally_majority,neutral,0330,-1,0,0,0,rPaQrPaQaQrP,B,gemma-26b-cw,google/gemma-4-26b-a4b-it,coreweave/bf16,0,1.0,CoreWeave,B,1.08e-05,4.8677938240408495e-09,0.0,1
comprehension,ally_majority,neutral,0330,-1,0,1,0,rPrPaQaQrPaQ,B,gemma-26b-cw,google/gemma-4-26b-a4b-it,coreweave/bf16,0,1.0,CoreWeave,B,1.08e-05,7.278935869521366e-09,1.0008793704940899e-07,1
comprehension,ally_majority,neutral,0330,1,0,0,0,rPaQaQrPrPaQ,B,gemma-26b-cw,google/gemma-4-26b-a4b-it,coreweave/bf16,0,1.0,CoreWeave,B,1.08e-05,5.917732321301078e-09,0.0,1
comprehension,ally_majority,neutral,0330,1,0,1,0,rPrPaQaQrPaQ,B,gemma-26b-cw,google/gemma-4-26b-a4b-it,coreweave/bf16,0,1.0,CoreWeave,B,1.08e-05,6.423637583160091e-09,0.0,1
comprehension,ally_majority,neutral,0400,-1,0,0,0,aQaQaQaQ,B,gemma-26b-cw,google/gemma-4-26b-a4b-it,coreweave/bf16,0,1.0,CoreWeave,B,9.4e-06,3.4249207194509834e-09,0.0,1
comprehension,ally_majority,neutral,0400,-1,0,1,0,aQaQaQaQ,B,gemma-26b-cw,google/gemma-4-26b-a4b-it,coreweave/bf16,0,1.0,CoreWeave,B,9.4e-06,4.718027534597325e-09,0.0,1
comprehension,ally_majority,neutral,0400,1,0,0,0,aQaQaQaQ,B,gemma-26b-cw,google/gemma-4-26b-a4b-it,coreweave/bf16,0,1.0,CoreWeave,B,9.4e-06,4.949281359548513e-09,0.0,1
comprehension,ally_majority,neutral,0400,1,0,1,0,aQaQaQaQ,B,gemma-26b-cw,google/gemma-4-26b-a4b-it,coreweave/bf16,0,1.0,CoreWeave,B,9.4e-06,7.35036662630808e-09,0.0,0
comprehension,ally_majority,neutral,0401,-1,0,0,0,rQaQaQaQaQ,B,gemma-26b-cw,google/gemma-4-26b-a4b-it,coreweave/bf16,0,1.0,CoreWeave,B,1.01e-05,3.5474696535510457e-09,0.0,1
comprehension,ally_majority,neutral,0401,-1,0,1,0,aQaQaQrQaQ,B,gemma-26b-cw,google/gemma-4-26b-a4b-it,coreweave/bf16,0,1.0,CoreWeave,B,1.01e-05,2.0176444457305075e-08,0.0,0
comprehension,ally_majority,neutral,0401,1,0,0,0,aQrQaQaQaQ,B,gemma-26b-cw,google/gemma-4-26b-a4b-it,coreweave/bf16,0,1.0,CoreWeave,B,1.01e-05,4.1393196848679186e-09,0.0,1
comprehension,ally_majority,neutral,0401,1,0,1,0,aQrQaQaQaQ,B,gemma-26b-cw,google/gemma-4-26b-a4b-it,coreweave/bf16,0,1.0,CoreWeave,B,1.01e-05,3.028843004188901e-08,0.0,0
comprehension,ally_majority,neutral,0402,-1,0,0,0,aQaQaQrQrQaQ,B,gemma-26b-cw,google/gemma-4-26b-a4b-it,coreweave/bf16,0,1.0,CoreWeave,B,1.08e-05,6.14146118922066e-09,0.0,0
comprehension,ally_majority,neutral,0402,-1,0,1,0,aQrQaQrQaQaQ,B,gemma-26b-cw,google/gemma-4-26b-a4b-it,coreweave/bf16,0,1.0,CoreWeave,B,1.08e-05,4.618434559999296e-08,6.389510254223296e-08,0
comprehension,ally_majority,neutral,0402,1,0,0,0,rQaQaQaQaQrQ,B,gemma-26b-cw,google/gemma-4-26b-a4b-it,coreweave/bf16,0,1.0,CoreWeave,B,1.08e-05,4.608734591083629e-09,0.0,1
comprehension,ally_majority,neutral,0402,1,0,1,0,rQaQaQrQaQaQ,B,gemma-26b-cw,google/gemma-4-26b-a4b-it,coreweave/bf16,0,1.0,CoreWeave,B,1.08e-05,1.0738181356425216e-07,0.0,0
comprehension,ally_majority,neutral,0410,-1,0,0,0,aQaQaQrPaQ,B,gemma-26b-cw,google/gemma-4-26b-a4b-it,coreweave/bf16,0,1.0,CoreWeave,B,1.01e-05,6.423637637193584e-09,0.0,1
comprehension,ally_majority,neutral,0410,-1,0,1,0,rPaQaQaQaQ,B,gemma-26b-cw,google/gemma-4-26b-a4b-it,coreweave/bf16,0,1.0,CoreWeave,B,1.01e-05,3.996325025435538e-09,0.0,1
comprehension,ally_majority,neutral,0410,1,0,0,0,aQaQaQaQrP,B,gemma-26b-cw,google/gemma-4-26b-a4b-it,coreweave/bf16,0,1.0,CoreWeave,B,1.01e-05,4.983230219489038e-09,0.0,1
comprehension,ally_majority,neutral,0410,1,0,1,0,aQaQaQaQrP,B,gemma-26b-cw,google/gemma-4-26b-a4b-it,coreweave/bf16,0,1.0,CoreWeave,B,1.01e-05,6.153467935340902e-09,0.0,1
comprehension,ally_majority,neutral,0411,-1,0,0,0,rQaQaQaQrPaQ,B,gemma-26b-cw,google/gemma-4-26b-a4b-it,coreweave/bf16,0,1.0,CoreWeave,B,1.08e-05,6.2017302295414775e-09,0.0,1
comprehension,ally_majority,neutral,0411,-1,0,1,0,aQrPaQrQaQaQ,B,gemma-26b-cw,google/gemma-4-26b-a4b-it,coreweave/bf16,0,1.0,CoreWeave,B,1.08e-05,1.5334447105761183e-08,0.0,0
comprehension,ally_majority,neutral,0411,1,0,0,0,aQrQaQaQaQrP,B,gemma-26b-cw,google/gemma-4-26b-a4b-it,coreweave/bf16,0,1.0,CoreWeave,B,1.08e-05,4.414897297247399e-09,0.0,1
comprehension,ally_majority,neutral,0411,1,0,1,0,aQaQrPaQaQrQ,B,gemma-26b-cw,google/gemma-4-26b-a4b-it,coreweave/bf16,0,1.0,CoreWeave,B,1.08e-05,7.778712345519108e-09,0.0,0
comprehension,ally_majority,neutral,0420,-1,0,0,0,rPaQaQrPaQaQ,B,gemma-26b-cw,google/gemma-4-26b-a4b-it,coreweave/bf16,0,1.0,CoreWeave,B,1.08e-05,9.438057560004775e-09,0.0,1
comprehension,ally_majority,neutral,0420,-1,0,1,0,rPaQaQrPaQaQ,B,gemma-26b-cw,google/gemma-4-26b-a4b-it,coreweave/bf16,0,1.0,CoreWeave,B,1.08e-05,8.83166840656221e-09,0.0,1
comprehension,ally_majority,neutral,0420,1,0,0,0,aQaQaQaQrPrP,B,gemma-26b-cw,google/gemma-4-26b-a4b-it,coreweave/bf16,0,1.0,CoreWeave,B,1.08e-05,3.850741879800399e-09,0.0,1
comprehension,ally_majority,neutral,0420,1,0,1,0,aQaQrPaQaQrP,B,gemma-26b-cw,google/gemma-4-26b-a4b-it,coreweave/bf16,0,1.0,CoreWeave,B,1.08e-05,4.46693870602439e-09,0.0,1
comprehension,ally_majority,neutral,0500,-1,0,0,0,aQaQaQaQaQ,B,gemma-26b-cw,google/gemma-4-26b-a4b-it,coreweave/bf16,0,1.0,CoreWeave,B,1.01e-05,2.7520011104647516e-09,0.0,1
comprehension,ally_majority,neutral,0500,-1,0,1,0,aQaQaQaQaQ,B,gemma-26b-cw,google/gemma-4-26b-a4b-it,coreweave/bf16,0,1.0,CoreWeave,B,1.01e-05,3.2680821827888927e-09,0.0,1
comprehension,ally_majority,neutral,0500,1,0,0,0,aQaQaQaQaQ,B,gemma-26b-cw,google/gemma-4-26b-a4b-it,coreweave/bf16,0,1.0,CoreWeave,B,1.01e-05,2.9524662006497366e-09,0.0,1
comprehension,ally_majority,neutral,0500,1,0,1,0,aQaQaQaQaQ,B,gemma-26b-cw,google/gemma-4-26b-a4b-it,coreweave/bf16,0,1.0,CoreWeave,B,1.01e-05,2.688251066927379e-09,0.0,1
comprehension,ally_majority,neutral,0501,-1,0,0,0,aQaQaQrQaQaQ,B,gemma-26b-cw,google/gemma-4-26b-a4b-it,coreweave/bf16,0,1.0,CoreWeave,B,1.08e-05,4.1636447134103275e-09,0.0,0
comprehension,ally_majority,neutral,0501,-1,0,1,0,aQaQaQaQaQrQ,B,gemma-26b-cw,google/gemma-4-26b-a4b-it,coreweave/bf16,0,1.0,CoreWeave,B,1.08e-05,1.1099050537186374e-08,0.0,0
comprehension,ally_majority,neutral,0501,1,0,0,0,aQaQaQaQaQrQ,B,gemma-26b-cw,google/gemma-4-26b-a4b-it,coreweave/bf16,0,1.0,CoreWeave,B,1.08e-05,6.705669228514654e-09,0.0,1
comprehension,ally_majority,neutral,0501,1,0,1,0,aQaQrQaQaQaQ,B,gemma-26b-cw,google/gemma-4-26b-a4b-it,coreweave/bf16,0,1.0,CoreWeave,B,1.08e-05,3.8891118090174074e-08,6.087672754784279e-08,0
comprehension,ally_majority,neutral,0510,-1,0,0,0,aQaQaQaQaQrP,B,gemma-26b-cw,google/gemma-4-26b-a4b-it,coreweave/bf16,0,1.0,CoreWeave,B,1.08e-05,5.26334009524145e-09,0.0,1
comprehension,ally_majority,neutral,0510,-1,0,1,0,aQaQaQaQaQrP,B,gemma-26b-cw,google/gemma-4-26b-a4b-it,coreweave/bf16,0,1.0,CoreWeave,B,1.08e-05,8.025635227853743e-09,0.0,0
comprehension,ally_majority,neutral,0510,1,0,0,0,aQaQaQrPaQaQ,B,gemma-26b-cw,google/gemma-4-26b-a4b-it,coreweave/bf16,0,1.0,CoreWeave,B,1.08e-05,4.867793854717364e-09,0.0,1
comprehension,ally_majority,neutral,0510,1,0,1,0,rPaQaQaQaQaQ,B,gemma-26b-cw,google/gemma-4-26b-a4b-it,coreweave/bf16,0,1.0,CoreWeave,B,1.08e-05,3.589286093044494e-09,0.0,1
comprehension,ally_majority,neutral,0600,-1,0,0,0,aQaQaQaQaQaQ,B,gemma-26b-cw,google/gemma-4-26b-a4b-it,coreweave/bf16,0,1.0,CoreWeave,B,1.08e-05,3.142883921834113e-09,0.0,1
comprehension,ally_majority,neutral,0600,-1,0,1,0,aQaQaQaQaQaQ,B,gemma-26b-cw,google/gemma-4-26b-a4b-it,coreweave/bf16,0,1.0,CoreWeave,B,1.08e-05,3.192377131466235e-09,0.0,1
comprehension,ally_majority,neutral,0600,1,0,0,0,aQaQaQaQaQaQ,B,gemma-26b-cw,google/gemma-4-26b-a4b-it,coreweave/bf16,0,1.0,CoreWeave,B,1.08e-05,3.79104165799456e-09,0.0,1
comprehension,ally_majority,neutral,0600,1,0,1,0,aQaQaQaQaQaQ,B,gemma-26b-cw,google/gemma-4-26b-a4b-it,coreweave/bf16,0,1.0,CoreWeave,B,1.08e-05,2.77358532520797e-09,0.0,1
comprehension,ally_majority,neutral,1000,-1,0,0,0,aP,A,gemma-26b-cw,google/gemma-4-26b-a4b-it,coreweave/bf16,0,1.0,CoreWeave,A,8.9e-06,0.9998415638020107,9.264605449548093e-06,0
comprehension,ally_majority,neutral,1000,-1,0,1,0,aP,A,gemma-26b-cw,google/gemma-4-26b-a4b-it,coreweave/bf16,0,1.0,CoreWeave,A,8.9e-06,0.9999724642990505,2.38500129785746e-06,0
comprehension,ally_majority,neutral,1000,1,0,0,0,aP,A,gemma-26b-cw,google/gemma-4-26b-a4b-it,coreweave/bf16,0,1.0,CoreWeave,A,8.9e-06,0.9999999022277437,2.1437021184664543e-08,0
comprehension,ally_majority,neutral,1000,1,0,1,0,aP,A,gemma-26b-cw,google/gemma-4-26b-a4b-it,coreweave/bf16,0,1.0,CoreWeave,A,1.21e-05,0.9999999744447203,0.0,0
comprehension,ally_majority,neutral,1001,-1,0,0,0,aPrQ,A,gemma-26b-cw,google/gemma-4-26b-a4b-it,coreweave/bf16,0,1.0,CoreWeave,A,9.6e-06,0.9997694933546152,0.0004223120678066196,0
comprehension,ally_majority,neutral,1001,-1,0,1,0,rQaP,A,gemma-26b-cw,google/gemma-4-26b-a4b-it,coreweave/bf16,0,1.0,CoreWeave,A,9.6e-06,0.9999724643056144,1.1929516597008193e-06,0
comprehension,ally_majority,neutral,1001,1,0,0,0,aPrQ,A,gemma-26b-cw,google/gemma-4-26b-a4b-it,coreweave/bf16,0,1.0,CoreWeave,A,9.6e-06,0.9999969105059203,1.5596513101554058e-06,0
comprehension,ally_majority,neutral,1001,1,0,1,0,aPrQ,A,gemma-26b-cw,google/gemma-4-26b-a4b-it,coreweave/bf16,0,1.0,CoreWeave,A,9.6e-06,0.9999995818814265,1.779276003820274e-07,0
comprehension,ally_majority,neutral,1002,-1,0,0,0,rQrQaP,A,gemma-26b-cw,google/gemma-4-26b-a4b-it,coreweave/bf16,0,1.0,CoreWeave,A,1.03e-05,0.9999970976873228,1.9711984514724744e-07,0
comprehension,ally_majority,neutral,1002,-1,0,1,0,aPrQrQ,A,gemma-26b-cw,google/gemma-4-26b-a4b-it,coreweave/bf16,0,1.0,CoreWeave,A,8.7e-06,0.9999994796430189,1.9489837444485488e-07,0
comprehension,ally_majority,neutral,1002,1,0,0,0,aPrQrQ,A,gemma-26b-cw,google/gemma-4-26b-a4b-it,coreweave/bf16,0,1.0,CoreWeave,A,1.03e-05,0.9999999163709463,1.5478948152612657e-07,0
comprehension,ally_majority,neutral,1002,1,0,1,0,rQrQaP,A,gemma-26b-cw,google/gemma-4-26b-a4b-it,coreweave/bf16,0,1.0,CoreWeave,A,1.03e-05,0.9999999343587946,2.919865616870036e-07,0
comprehension,ally_majority,neutral,1003,-1,0,0,0,rQrQrQaP,A,gemma-26b-cw,google/gemma-4-26b-a4b-it,coreweave/bf16,0,1.0,CoreWeave,A,9.4e-06,0.9999898700102272,2.411134202509048e-07,0
comprehension,ally_majority,neutral,1003,-1,0,1,0,rQaPrQrQ,A,gemma-26b-cw,google/gemma-4-26b-a4b-it,coreweave/bf16,0,1.0,CoreWeave,A,9.4e-06,0.9999999006880431,1.3910657913658121e-07,0
comprehension,ally_majority,neutral,1003,1,0,0,0,rQaPrQrQ,A,gemma-26b-cw,google/gemma-4-26b-a4b-it,coreweave/bf16,0,1.0,CoreWeave,A,9.4e-06,0.9999994284996893,1.4375502551430487e-07,0
comprehension,ally_majority,neutral,1003,1,0,1,0,rQrQrQaP,A,gemma-26b-cw,google/gemma-4-26b-a4b-it,coreweave/bf16,0,1.0,CoreWeave,A,9.4e-06,0.9999999388156686,2.9644343462671967e-07,0
comprehension,ally_majority,neutral,1004,-1,0,0,0,aPrQrQrQrQ,A,gemma-26b-cw,google/gemma-4-26b-a4b-it,coreweave/bf16,0,1.0,CoreWeave,A,1.01e-05,0.9999516743503493,5.477979361827586e-07,0
comprehension,ally_majority,neutral,1004,-1,0,1,0,rQaPrQrQrQ,A,gemma-26b-cw,google/gemma-4-26b-a4b-it,coreweave/bf16,0,1.0,CoreWeave,A,1.01e-05,0.9999997761970781,1.4615603647963177e-08,0
comprehension,ally_majority,neutral,1004,1,0,0,0,rQrQaPrQrQ,A,gemma-26b-cw,google/gemma-4-26b-a4b-it,coreweave/bf16,0,1.0,CoreWeave,A,1.01e-05,0.9999996533672135,1.3020418956325313e-07,0
comprehension,ally_majority,neutral,1004,1,0,1,0,rQrQrQrQaP,A,gemma-26b-cw,google/gemma-4-26b-a4b-it,coreweave/bf16,0,1.0,CoreWeave,A,1.01e-05,0.9999999067050498,1.4512358559635897e-07,0
comprehension,ally_majority,neutral,1005,-1,0,0,0,aPrQrQrQrQrQ,A,gemma-26b-cw,google/gemma-4-26b-a4b-it,coreweave/bf16,0,1.0,CoreWeave,A,1.08e-05,0.9999741325565934,3.5792187330681104e-07,0
comprehension,ally_majority,neutral,1005,-1,0,1,0,rQrQrQrQaPrQ,A,gemma-26b-cw,google/gemma-4-26b-a4b-it,coreweave/bf16,0,1.0,CoreWeave,A,1.08e-05,0.999831347229104,2.5982491318394954e-05,0
comprehension,ally_majority,neutral,1005,1,0,0,0,rQrQrQrQrQaP,A,gemma-26b-cw,google/gemma-4-26b-a4b-it,coreweave/bf16,0,1.0,CoreWeave,A,1.08e-05,0.999999712631344,7.0259112035709e-08,0
comprehension,ally_majority,neutral,1005,1,0,1,0,rQrQrQrQaPrQ,A,gemma-26b-cw,google/gemma-4-26b-a4b-it,coreweave/bf16,0,1.0,CoreWeave,A,1.08e-05,0.9999998642566541,1.0267519038789806e-07,0
comprehension,ally_majority,neutral,1010,-1,0,0,0,rPaP,A,gemma-26b-cw,google/gemma-4-26b-a4b-it,coreweave/bf16,0,1.0,CoreWeave,A,1.28e-05,0.9982992774579158,1.3566541199297195e-05,0
comprehension,ally_majority,neutral,1010,-1,0,1,0,rPaP,A,gemma-26b-cw,google/gemma-4-26b-a4b-it,coreweave/bf16,0,1.0,CoreWeave,A,9.6e-06,0.9999843104465337,7.610705146514045e-07,0
comprehension,ally_majority,neutral,1010,1,0,0,0,aPrP,A,gemma-26b-cw,google/gemma-4-26b-a4b-it,coreweave/bf16,0,1.0,CoreWeave,A,9.6e-06,0.9999151889282771,3.2771131375976953e-06,0
comprehension,ally_majority,neutral,1010,1,0,1,0,aPrP,A,gemma-26b-cw,google/gemma-4-26b-a4b-it,coreweave/bf16,0,1.0,CoreWeave,A,9.6e-06,0.9999885212305056,1.9917214103459336e-06,0
comprehension,ally_majority,neutral,1011,-1,0,0,0,rQaPrP,A,gemma-26b-cw,google/gemma-4-26b-a4b-it,coreweave/bf16,0,1.0,CoreWeave,A,8.7e-06,0.9999706884544651,4.899033077431617e-07,0
comprehension,ally_majority,neutral,1011,-1,0,1,0,aPrPrQ,A,gemma-26b-cw,google/gemma-4-26b-a4b-it,coreweave/bf16,0,1.0,CoreWeave,A,8.7e-06,0.9999885212318738,9.188552857686037e-07,0
comprehension,ally_majority,neutral,1011,1,0,0,0,rPrQaP,A,gemma-26b-cw,google/gemma-4-26b-a4b-it,coreweave/bf16,0,1.0,CoreWeave,A,1.03e-05,0.9999843104540148,2.842483627777919e-07,0
comprehension,ally_majority,neutral,1011,1,0,1,0,rPrQaP,A,gemma-26b-cw,google/gemma-4-26b-a4b-it,coreweave/bf16,0,1.0,CoreWeave,A,1.03e-05,0.9999974387177892,2.997333207198662e-07,0
comprehension,ally_majority,neutral,1012,-1,0,0,0,aPrQrQrP,A,gemma-26b-cw,google/gemma-4-26b-a4b-it,coreweave/bf16,0,1.0,CoreWeave,A,9.4e-06,0.999957352526772,1.3388765881483072e-06,0
comprehension,ally_majority,neutral,1012,-1,0,1,0,rQaPrQrP,A,gemma-26b-cw,google/gemma-4-26b-a4b-it,coreweave/bf16,0,1.0,CoreWeave,A,9.4e-06,0.999999878320435,2.3594821158223797e-07,0
comprehension,ally_majority,neutral,1012,1,0,0,0,rQrQrPaP,A,gemma-26b-cw,google/gemma-4-26b-a4b-it,coreweave/bf16,0,1.0,CoreWeave,A,9.4e-06,0.9999756997679542,1.3707873307815802e-07,0
comprehension,ally_majority,neutral,1012,1,0,1,0,aPrQrQrP,A,gemma-26b-cw,google/gemma-4-26b-a4b-it,coreweave/bf16,0,1.0,CoreWeave,A,1.1e-05,0.9999996072139402,2.0326011962994136e-07,0
comprehension,ally_majority,neutral,1013,-1,0,0,0,rPrQrQrQaP,A,gemma-26b-cw,google/gemma-4-26b-a4b-it,coreweave/bf16,0,1.0,CoreWeave,A,1.01e-05,0.999945240223755,1.623127227319657e-06,0
comprehension,ally_majority,neutral,1013,-1,0,1,0,rPrQrQrQaP,A,gemma-26b-cw,google/gemma-4-26b-a4b-it,coreweave/bf16,0,1.0,CoreWeave,A,1.01e-05,0.9999885212346105,6.804423625872179e-07,0
comprehension,ally_majority,neutral,1013,1,0,0,0,aPrQrQrPrQ,A,gemma-26b-cw,google/gemma-4-26b-a4b-it,coreweave/bf16,0,1.0,CoreWeave,A,1.01e-05,0.9999986290432835,1.7876184129807878e-07,0
comprehension,ally_majority,neutral,1013,1,0,1,0,rPrQaPrQrQ,A,gemma-26b-cw,google/gemma-4-26b-a4b-it,coreweave/bf16,0,1.0,CoreWeave,A,1.01e-05,0.9999810748449902,2.412898452065065e-06,0
comprehension,ally_majority,neutral,1014,-1,0,0,0,rQrPaPrQrQrQ,A,gemma-26b-cw,google/gemma-4-26b-a4b-it,coreweave/bf16,0,1.0,CoreWeave,A,1.08e-05,0.9999251537816392,3.2300113343427877e-06,0
comprehension,ally_majority,neutral,1014,-1,0,1,0,rPrQrQaPrQrQ,A,gemma-26b-cw,google/gemma-4-26b-a4b-it,coreweave/bf16,0,1.0,CoreWeave,A,1.08e-05,0.9997965729539883,1.337036686579736e-05,0
comprehension,ally_majority,neutral,1014,1,0,0,0,aPrQrQrQrQrP,A,gemma-26b-cw,google/gemma-4-26b-a4b-it,coreweave/bf16,0,1.0,CoreWeave,A,1.08e-05,0.999999242885149,7.734954514142499e-08,0
comprehension,ally_majority,neutral,1014,1,0,1,0,rPrQaPrQrQrQ,A,gemma-26b-cw,google/gemma-4-26b-a4b-it,coreweave/bf16,0,1.0,CoreWeave,A,1.08e-05,0.9998977001702528,5.215925729800782e-06,0
comprehension,ally_majority,neutral,1020,-1,0,0,0,aPrPrP,A,gemma-26b-cw,google/gemma-4-26b-a4b-it,coreweave/bf16,0,1.0,CoreWeave,A,8.7e-06,0.9999972735294043,2.537533465517132e-07,0
comprehension,ally_majority,neutral,1020,-1,0,1,0,rPaPrP,A,gemma-26b-cw,google/gemma-4-26b-a4b-it,coreweave/bf16,0,1.0,CoreWeave,A,8.7e-06,0.9999756997650582,1.2099314354527957e-06,0
comprehension,ally_majority,neutral,1020,1,0,0,0,aPrPrP,A,gemma-26b-cw,google/gemma-4-26b-a4b-it,coreweave/bf16,0,1.0,CoreWeave,A,8.7e-06,0.9999979419503997,8.771321625209702e-08,0
comprehension,ally_majority,neutral,1020,1,0,1,0,rPrPaP,A,gemma-26b-cw,google/gemma-4-26b-a4b-it,coreweave/bf16,0,1.0,CoreWeave,A,8.7e-06,0.9999996192983744,9.613534195261873e-08,0
comprehension,ally_majority,neutral,1021,-1,0,0,0,rQrPaPrP,A,gemma-26b-cw,google/gemma-4-26b-a4b-it,coreweave/bf16,0,1.0,CoreWeave,A,9.4e-06,0.9998204719910343,8.550401179599297e-06,0
comprehension,ally_majority,neutral,1021,-1,0,1,0,aPrPrPrQ,A,gemma-26b-cw,google/gemma-4-26b-a4b-it,coreweave/bf16,0,1.0,CoreWeave,A,9.4e-06,0.9999980052693274,3.8945032452788877e-07,0
comprehension,ally_majority,neutral,1021,1,0,0,0,rPaPrPrQ,A,gemma-26b-cw,google/gemma-4-26b-a4b-it,coreweave/bf16,0,1.0,CoreWeave,A,9.4e-06,0.9994472213885778,2.2087760334424714e-05,0
comprehension,ally_majority,neutral,1021,1,0,1,0,rPrQaPrP,A,gemma-26b-cw,google/gemma-4-26b-a4b-it,coreweave/bf16,0,1.0,CoreWeave,A,9.4e-06,0.9999296881240233,8.36065589848984e-06,0
comprehension,ally_majority,neutral,1022,-1,0,0,0,aPrPrQrQrP,A,gemma-26b-cw,google/gemma-4-26b-a4b-it,coreweave/bf16,0,1.0,CoreWeave,A,1.01e-05,0.9999990577552937,1.306378788452664e-07,0
comprehension,ally_majority,neutral,1022,-1,0,1,0,rQrPrQrPaP,A,gemma-26b-cw,google/gemma-4-26b-a4b-it,coreweave/bf16,0,1.0,CoreWeave,A,1.01e-05,0.9999995947455773,1.9079175420819941e-07,0
comprehension,ally_majority,neutral,1022,1,0,0,0,rPrQaPrQrP,A,gemma-26b-cw,google/gemma-4-26b-a4b-it,coreweave/bf16,0,1.0,CoreWeave,A,1.01e-05,0.9998766054544782,7.0042806648623526e-06,0
comprehension,ally_majority,neutral,1022,1,0,1,0,rPrQaPrPrQ,A,gemma-26b-cw,google/gemma-4-26b-a4b-it,coreweave/bf16,0,1.0,CoreWeave,A,1.17e-05,0.9999898700041894,8.371471422954359e-07,0
comprehension,ally_majority,neutral,1023,-1,0,0,0,rQrQrQrPrPaP,A,gemma-26b-cw,google/gemma-4-26b-a4b-it,coreweave/bf16,0,1.0,CoreWeave,A,1.08e-05,0.999290329490437,9.131557508065672e-05,0
comprehension,ally_majority,neutral,1023,-1,0,1,0,rQrQrQrPaPrP,A,gemma-26b-cw,google/gemma-4-26b-a4b-it,coreweave/bf16,0,1.0,CoreWeave,A,1.08e-05,0.999195914102345,9.53305605419885e-05,0
comprehension,ally_majority,neutral,1023,1,0,0,0,aPrQrQrPrQrP,A,gemma-26b-cw,google/gemma-4-26b-a4b-it,coreweave/bf16,0,1.0,CoreWeave,A,1.08e-05,0.999994577779091,6.574192969740527e-07,0
comprehension,ally_majority,neutral,1023,1,0,1,0,rPaPrPrQrQrQ,A,gemma-26b-cw,google/gemma-4-26b-a4b-it,coreweave/bf16,0,1.0,CoreWeave,A,1.08e-05,0.9999995947452875,0.0,0
comprehension,ally_majority,neutral,1030,-1,0,0,0,rPrPaPrP,A,gemma-26b-cw,google/gemma-4-26b-a4b-it,coreweave/bf16,0,1.0,CoreWeave,A,9.4e-06,0.9980732650622087,1.179957308455686e-05,0
comprehension,ally_majority,neutral,1030,-1,0,1,0,rPaPrPrP,A,gemma-26b-cw,google/gemma-4-26b-a4b-it,coreweave/bf16,0,1.0,CoreWeave,A,9.4e-06,0.9999921107402354,3.361163862206902e-07,0
comprehension,ally_majority,neutral,1030,1,0,0,0,aPrPrPrP,A,gemma-26b-cw,google/gemma-4-26b-a4b-it,coreweave/bf16,0,1.0,CoreWeave,A,9.4e-06,0.9999930377412601,7.104054812385989e-08,0
comprehension,ally_majority,neutral,1030,1,0,1,0,rPaPrPrP,A,gemma-26b-cw,google/gemma-4-26b-a4b-it,coreweave/bf16,0,1.0,CoreWeave,A,9.4e-06,0.999998346310611,1.3444698637458032e-07,0
comprehension,ally_majority,neutral,1031,-1,0,0,0,rPrQrPrPaP,A,gemma-26b-cw,google/gemma-4-26b-a4b-it,coreweave/bf16,0,1.0,CoreWeave,A,1.01e-05,0.9999852610180272,5.195819195172468e-07,0
comprehension,ally_majority,neutral,1031,-1,0,1,0,rPrPrPrQaP,A,gemma-26b-cw,google/gemma-4-26b-a4b-it,coreweave/bf16,0,1.0,CoreWeave,A,1.01e-05,0.9999934595604342,4.928624511048604e-07,0
comprehension,ally_majority,neutral,1031,1,0,0,0,rQrPaPrPrP,A,gemma-26b-cw,google/gemma-4-26b-a4b-it,coreweave/bf16,0,1.0,CoreWeave,A,1.01e-05,0.9996646500085958,2.7333279062988908e-06,0
comprehension,ally_majority,neutral,1031,1,0,1,0,rPaPrPrQrP,A,gemma-26b-cw,google/gemma-4-26b-a4b-it,coreweave/bf16,0,1.0,CoreWeave,A,1.01e-05,0.9999993524053562,6.766065414603822e-08,0
comprehension,ally_majority,neutral,1032,-1,0,0,0,rPrQrPrQaPrP,A,gemma-26b-cw,google/gemma-4-26b-a4b-it,coreweave/bf16,0,1.0,CoreWeave,A,1.08e-05,0.9997694931801236,9.222901623322127e-05,0
comprehension,ally_majority,neutral,1032,-1,0,1,0,aPrQrPrQrPrP,A,gemma-26b-cw,google/gemma-4-26b-a4b-it,coreweave/bf16,0,1.0,CoreWeave,A,1.08e-05,0.9999980666410805,2.124041271742674e-07,0
comprehension,ally_majority,neutral,1032,1,0,0,0,rQaPrQrPrPrP,A,gemma-26b-cw,google/gemma-4-26b-a4b-it,coreweave/bf16,0,1.0,CoreWeave,A,1.24e-05,0.9999546021096997,8.532136002287048e-07,0
comprehension,ally_majority,neutral,1032,1,0,1,0,rPrQrPrPaPrQ,A,gemma-26b-cw,google/gemma-4-26b-a4b-it,coreweave/bf16,0,1.0,CoreWeave,A,1.08e-05,0.9999724643088999,4.888320726705957e-06,0
comprehension,ally_majority,neutral,1040,-1,0,0,0,rPrPaPrPrP,A,gemma-26b-cw,google/gemma-4-26b-a4b-it,coreweave/bf16,0,1.0,CoreWeave,A,1.01e-05,0.9996646498486835,2.256506594754007e-06,0
comprehension,ally_majority,neutral,1040,-1,0,1,0,rPrPrPaPrP,A,gemma-26b-cw,google/gemma-4-26b-a4b-it,coreweave/bf16,0,1.0,CoreWeave,A,1.01e-05,0.9999798543115529,7.155157625751815e-07,0
comprehension,ally_majority,neutral,1040,1,0,0,0,aPrPrPrPrP,A,gemma-26b-cw,google/gemma-4-26b-a4b-it,coreweave/bf16,0,1.0,CoreWeave,A,1.01e-05,0.9999962733607158,8.804375765765127e-08,0
comprehension,ally_majority,neutral,1040,1,0,1,0,rPrPaPrPrP,A,gemma-26b-cw,google/gemma-4-26b-a4b-it,coreweave/bf16,0,1.0,CoreWeave,A,1.01e-05,0.9993736656975367,7.512472473222398e-05,0
comprehension,ally_majority,neutral,1041,-1,0,0,0,aPrQrPrPrPrP,A,gemma-26b-cw,google/gemma-4-26b-a4b-it,coreweave/bf16,0,1.0,CoreWeave,A,1.08e-05,0.9999452402302792,5.50313157255559e-07,0
comprehension,ally_majority,neutral,1041,-1,0,1,0,rPrPaPrPrPrQ,A,gemma-26b-cw,google/gemma-4-26b-a4b-it,coreweave/bf16,0,1.0,CoreWeave,A,1.08e-05,0.9999843104502742,5.226594671918188e-07,0
comprehension,ally_majority,neutral,1041,1,0,0,0,aPrPrPrPrQrP,A,gemma-26b-cw,google/gemma-4-26b-a4b-it,coreweave/bf16,0,1.0,CoreWeave,A,1.08e-05,0.9999934595627732,1.3523930756170944e-07,0
comprehension,ally_majority,neutral,1041,1,0,1,0,rQrPrPrPrPaP,A,gemma-26b-cw,google/gemma-4-26b-a4b-it,coreweave/bf16,0,1.0,CoreWeave,A,1.08e-05,0.9999995549151073,1.5096127401219297e-07,0
comprehension,ally_majority,neutral,1050,-1,0,0,0,rPrPrPaPrPrP,A,gemma-26b-cw,google/gemma-4-26b-a4b-it,coreweave/bf16,0,1.0,CoreWeave,A,1.08e-05,0.9997040429700991,1.2629539019038934e-06,0
comprehension,ally_majority,neutral,1050,-1,0,1,0,rPrPrPaPrPrP,A,gemma-26b-cw,google/gemma-4-26b-a4b-it,coreweave/bf16,0,1.0,CoreWeave,A,1.08e-05,0.9999861539954377,4.5891235829119564e-07,0
comprehension,ally_majority,neutral,1050,1,0,0,0,aPrPrPrPrPrP,A,gemma-26b-cw,google/gemma-4-26b-a4b-it,coreweave/bf16,0,1.0,CoreWeave,A,1.08e-05,0.9999990867451981,4.041864192892847e-08,0
comprehension,ally_majority,neutral,1050,1,0,1,0,rPrPrPrPaPrP,A,gemma-26b-cw,google/gemma-4-26b-a4b-it,coreweave/bf16,0,1.0,CoreWeave,A,1.08e-05,0.9996200154250436,1.969105677488884e-05,0
comprehension,ally_majority,neutral,1200,-1,0,0,0,aPaQaQ,B,gemma-26b-cw,google/gemma-4-26b-a4b-it,coreweave/bf16,0,1.0,CoreWeave,B,8.7e-06,2.335592977818744e-09,0.0,1
comprehension,ally_majority,neutral,1200,-1,0,1,0,aQaPaQ,B,gemma-26b-cw,google/gemma-4-26b-a4b-it,coreweave/bf16,0,1.0,CoreWeave,B,8.7e-06,3.1742008776227885e-08,1.6462519614179882e-07,0
comprehension,ally_majority,neutral,1200,1,0,0,0,aQaPaQ,B,gemma-26b-cw,google/gemma-4-26b-a4b-it,coreweave/bf16,0,1.0,CoreWeave,B,8.7e-06,2.7577932970847418e-08,8.594031708497596e-08,0
comprehension,ally_majority,neutral,1200,1,0,1,0,aQaPaQ,B,gemma-26b-cw,google/gemma-4-26b-a4b-it,coreweave/bf16,0,1.0,CoreWeave,B,8.7e-06,2.616521446194528e-07,9.235819020680935e-08,0
comprehension,ally_majority,neutral,1201,-1,0,0,0,aQaQaPrQ,B,gemma-26b-cw,google/gemma-4-26b-a4b-it,coreweave/bf16,0,1.0,CoreWeave,B,9.4e-06,1.357433448903302e-07,9.591692784471917e-08,0
comprehension,ally_majority,neutral,1201,-1,0,1,0,aPrQaQaQ,B,gemma-26b-cw,google/gemma-4-26b-a4b-it,coreweave/bf16,0,1.0,CoreWeave,B,1.1e-05,2.017644899779495e-08,1.9608258738923467e-07,0
comprehension,ally_majority,neutral,1201,1,0,0,0,aQrQaPaQ,B,gemma-26b-cw,google/gemma-4-26b-a4b-it,coreweave/bf16,0,1.0,CoreWeave,B,9.4e-06,6.719783258838195e-08,1.5691345822688163e-07,0
comprehension,ally_majority,neutral,1201,1,0,1,0,aQrQaPaQ,B,gemma-26b-cw,google/gemma-4-26b-a4b-it,coreweave/bf16,0,1.0,CoreWeave,B,9.4e-06,5.896417293166292e-07,2.3073731569844824e-07,0
comprehension,ally_majority,neutral,1202,-1,0,0,0,rQrQaQaPaQ,B,gemma-26b-cw,google/gemma-4-26b-a4b-it,coreweave/bf16,0,1.0,CoreWeave,B,1.01e-05,3.4663278639923746e-07,1.302041895412387e-07,0
comprehension,ally_majority,neutral,1202,-1,0,1,0,aPrQaQrQaQ,B,gemma-26b-cw,google/gemma-4-26b-a4b-it,coreweave/bf16,0,1.0,CoreWeave,B,1.01e-05,1.0907284457622127e-07,1.2093489720754746e-07,0
comprehension,ally_majority,neutral,1202,1,0,0,0,rQaQaQrQaP,B,gemma-26b-cw,google/gemma-4-26b-a4b-it,coreweave/bf16,0,1.0,CoreWeave,B,1.01e-05,3.256313700049781e-07,1.377651958067716e-07,0
comprehension,ally_majority,neutral,1202,1,0,1,0,rQaQrQaPaQ,B,gemma-26b-cw,google/gemma-4-26b-a4b-it,coreweave/bf16,0,1.0,CoreWeave,B,1.17e-05,3.726639662051141e-06,1.8944654822661278e-07,0
comprehension,ally_majority,neutral,1203,-1,0,0,0,rQrQrQaQaQaP,B,gemma-26b-cw,google/gemma-4-26b-a4b-it,coreweave/bf16,0,1.0,CoreWeave,B,1.08e-05,1.9947304348917116e-06,2.70241539479521e-07,0
comprehension,ally_majority,neutral,1203,-1,0,1,0,aQrQaPrQaQrQ,B,gemma-26b-cw,google/gemma-4-26b-a4b-it,coreweave/bf16,0,1.0,CoreWeave,B,1.08e-05,4.88830095631422e-07,9.313062077076495e-08,0
comprehension,ally_majority,neutral,1203,1,0,0,0,rQrQaQaPrQaQ,B,gemma-26b-cw,google/gemma-4-26b-a4b-it,coreweave/bf16,0,1.0,CoreWeave,B,1.08e-05,0.00033535010608448483,4.5989590030992566e-05,0
comprehension,ally_majority,neutral,1203,1,0,1,0,rQrQrQaQaQaP,B,gemma-26b-cw,google/gemma-4-26b-a4b-it,coreweave/bf16,0,1.0,CoreWeave,B,1.08e-05,4.832563810005897e-05,1.1752802610009994e-05,0
comprehension,ally_majority,neutral,1210,-1,0,0,0,aPrPaQaQ,B,gemma-26b-cw,google/gemma-4-26b-a4b-it,coreweave/bf16,0,1.0,CoreWeave,B,9.4e-06,1.0224925493114615e-08,7.82189458758964e-08,0
comprehension,ally_majority,neutral,1210,-1,0,1,0,aQaQaPrP,B,gemma-26b-cw,google/gemma-4-26b-a4b-it,coreweave/bf16,0,1.0,CoreWeave,B,9.4e-06,2.5360198376545255e-07,2.0800502009699073e-07,0
comprehension,ally_majority,neutral,1210,1,0,0,0,rPaQaQaP,B,gemma-26b-cw,google/gemma-4-26b-a4b-it,coreweave/bf16,0,1.0,CoreWeave,B,9.4e-06,4.22283193442332e-06,1.8789329547796996e-07,0
comprehension,ally_majority,neutral,1210,1,0,1,0,aQaQrPaP,B,gemma-26b-cw,google/gemma-4-26b-a4b-it,coreweave/bf16,0,1.0,CoreWeave,B,1.1e-05,0.002182716594937919,2.0814969426630192e-05,0
comprehension,ally_majority,neutral,1211,-1,0,0,0,rQaPrPaQaQ,B,gemma-26b-cw,google/gemma-4-26b-a4b-it,coreweave/bf16,0,1.0,CoreWeave,B,1.01e-05,3.2563137438159786e-07,1.5120560570291985e-07,0
comprehension,ally_majority,neutral,1211,-1,0,1,0,aPrQaQrPaQ,B,gemma-26b-cw,google/gemma-4-26b-a4b-it,coreweave/bf16,0,1.0,CoreWeave,B,1.01e-05,1.538173763361489e-07,1.9382233673592708e-07,0
comprehension,ally_majority,neutral,1211,1,0,0,0,rPrQaPaQaQ,B,gemma-26b-cw,google/gemma-4-26b-a4b-it,coreweave/bf16,0,1.0,CoreWeave,B,1.01e-05,6.1055813128096205e-09,0.0,1
comprehension,ally_majority,neutral,1211,1,0,1,0,aQaQaPrQrP,B,gemma-26b-cw,google/gemma-4-26b-a4b-it,coreweave/bf16,0,1.0,CoreWeave,B,1.17e-05,0.000430557140845629,1.676155813490343e-05,0
comprehension,ally_majority,neutral,1212,-1,0,0,0,rQaPaQrQaQrP,B,gemma-26b-cw,google/gemma-4-26b-a4b-it,coreweave/bf16,0,1.0,CoreWeave,B,1.08e-05,2.902313369111213e-06,1.3892067830534316e-06,0
comprehension,ally_majority,neutral,1212,-1,0,1,0,rPrQaQrQaQaP,B,gemma-26b-cw,google/gemma-4-26b-a4b-it,coreweave/bf16,0,1.0,CoreWeave,B,1.08e-05,0.0005527786754169247,2.7925429464059626e-05,0
comprehension,ally_majority,neutral,1212,1,0,0,0,aQrPaPrQrQaQ,B,gemma-26b-cw,google/gemma-4-26b-a4b-it,coreweave/bf16,0,1.0,CoreWeave,B,1.08e-05,2.7852722121574085e-07,0.0,0
comprehension,ally_majority,neutral,1212,1,0,1,0,rPrQrQaQaQaP,B,gemma-26b-cw,google/gemma-4-26b-a4b-it,coreweave/bf16,0,1.0,CoreWeave,B,1.08e-05,1.1478764020727177e-05,3.4222144774664898e-06,0
comprehension,ally_majority,neutral,1220,-1,0,0,0,rPrPaQaQaP,B,gemma-26b-cw,google/gemma-4-26b-a4b-it,coreweave/bf16,0,1.0,CoreWeave,B,1.01e-05,3.321419492835092e-05,1.1169388823839554e-06,0
comprehension,ally_majority,neutral,1220,-1,0,1,0,rPrPaQaQaP,B,gemma-26b-cw,google/gemma-4-26b-a4b-it,coreweave/bf16,0,1.0,CoreWeave,B,1.01e-05,0.000295957135427911,4.480529494976793e-06,0
comprehension,ally_majority,neutral,1220,1,0,0,0,rPaPaQrPaQ,B,gemma-26b-cw,google/gemma-4-26b-a4b-it,coreweave/bf16,0,1.0,CoreWeave,B,1.01e-05,5.771921405312106e-06,1.2586044156992493e-05,0
comprehension,ally_majority,neutral,1220,1,0,1,0,aQrPrPaPaQ,B,gemma-26b-cw,google/gemma-4-26b-a4b-it,coreweave/bf16,0,1.0,CoreWeave,B,1.01e-05,0.01798620631026362,0.0003649124664053538,0
comprehension,ally_majority,neutral,1221,-1,0,0,0,aQaQrPaPrPrQ,B,gemma-26b-cw,google/gemma-4-26b-a4b-it,coreweave/bf16,0,1.0,CoreWeave,B,1.08e-05,1.012998856518626e-05,1.2190626930141946e-07,0
comprehension,ally_majority,neutral,1221,-1,0,1,0,aPaQrQrPrPaQ,B,gemma-26b-cw,google/gemma-4-26b-a4b-it,coreweave/bf16,0,1.0,CoreWeave,B,1.08e-05,5.1442213657997754e-05,5.775268362984143e-06,0
comprehension,ally_majority,neutral,1221,1,0,0,0,rPaQrPaQaPrQ,B,gemma-26b-cw,google/gemma-4-26b-a4b-it,coreweave/bf16,0,1.0,CoreWeave,B,1.08e-05,0.0015011824286177951,0.00011952036911877517,0
comprehension,ally_majority,neutral,1221,1,0,1,0,aQrPrPrQaPaQ,B,gemma-26b-cw,google/gemma-4-26b-a4b-it,coreweave/bf16,0,1.0,CoreWeave,B,1.08e-05,0.00021654414700139293,2.1345614577006344e-05,0
comprehension,ally_majority,neutral,1230,-1,0,0,0,aQaPrPrPaQrP,B,gemma-26b-cw,google/gemma-4-26b-a4b-it,coreweave/bf16,0,1.0,CoreWeave,B,1.08e-05,2.9023130231407414e-06,3.1632830332917194e-07,0
comprehension,ally_majority,neutral,1230,-1,0,1,0,aPrPaQaQrPrP,B,gemma-26b-cw,google/gemma-4-26b-a4b-it,coreweave/bf16,0,1.0,CoreWeave,B,1.08e-05,2.785272525943115e-07,7.255018275031944e-08,0
comprehension,ally_majority,neutral,1230,1,0,0,0,aQaQaPrPrPrP,B,gemma-26b-cw,google/gemma-4-26b-a4b-it,coreweave/bf16,0,1.0,CoreWeave,B,1.08e-05,1.553497754592186e-06,3.538477899578396e-07,0
comprehension,ally_majority,neutral,1230,1,0,1,0,rPrPaQrPaPaQ,B,gemma-26b-cw,google/gemma-4-26b-a4b-it,coreweave/bf16,0,1.0,CoreWeave,B,1.08e-05,0.008577483433740872,0.0011097630029088812,0
comprehension,ally_majority,neutral,1300,-1,0,0,0,aQaQaPaQ,B,gemma-26b-cw,google/gemma-4-26b-a4b-it,coreweave/bf16,0,1.0,CoreWeave,B,9.4e-06,1.101267808176993e-08,8.60736304453269e-08,1
comprehension,ally_majority,neutral,1300,-1,0,1,0,aQaQaQaP,B,gemma-26b-cw,google/gemma-4-26b-a4b-it,coreweave/bf16,0,1.0,CoreWeave,B,1.1e-05,1.5469816589895813e-08,0.0,0
comprehension,ally_majority,neutral,1300,1,0,0,0,aQaPaQaQ,B,gemma-26b-cw,google/gemma-4-26b-a4b-it,coreweave/bf16,0,1.0,CoreWeave,B,9.4e-06,3.242650094710578e-09,9.22438662120939e-08,1
comprehension,ally_majority,neutral,1300,1,0,1,0,aPaQaQaQ,B,gemma-26b-cw,google/gemma-4-26b-a4b-it,coreweave/bf16,0,1.0,CoreWeave,B,9.4e-06,8.627084892437585e-09,2.07046324196547e-07,1
comprehension,ally_majority,neutral,1301,-1,0,0,0,rQaPaQaQaQ,B,gemma-26b-cw,google/gemma-4-26b-a4b-it,coreweave/bf16,0,1.0,CoreWeave,B,1.01e-05,3.6744035369090077e-09,0.0,1
comprehension,ally_majority,neutral,1301,-1,0,1,0,aQrQaQaQaP,B,gemma-26b-cw,google/gemma-4-26b-a4b-it,coreweave/bf16,0,1.0,CoreWeave,B,1.01e-05,5.203569660684423e-07,1.6599695129571046e-07,0
comprehension,ally_majority,neutral,1301,1,0,0,0,aQaPrQaQaQ,B,gemma-26b-cw,google/gemma-4-26b-a4b-it,coreweave/bf16,0,1.0,CoreWeave,B,1.01e-05,5.096424729884677e-09,0.0,1
comprehension,ally_majority,neutral,1301,1,0,1,0,aQaQaPrQaQ,B,gemma-26b-cw,google/gemma-4-26b-a4b-it,coreweave/bf16,0,1.0,CoreWeave,B,1.01e-05,2.536019777649404e-07,1.843438840465339e-07,0
comprehension,ally_majority,neutral,1302,-1,0,0,0,rQaQrQaPaQaQ,B,gemma-26b-cw,google/gemma-4-26b-a4b-it,coreweave/bf16,0,1.0,CoreWeave,B,1.08e-05,6.226003050994959e-09,0.0,1
comprehension,ally_majority,neutral,1302,-1,0,1,0,aPaQaQrQrQaQ,B,gemma-26b-cw,google/gemma-4-26b-a4b-it,coreweave/bf16,0,1.0,CoreWeave,B,1.08e-05,1.1979308260813125e-07,1.0590032795132487e-07,0
comprehension,ally_majority,neutral,1302,1,0,0,0,aQrQaQaQrQaP,B,gemma-26b-cw,google/gemma-4-26b-a4b-it,coreweave/bf16,0,1.0,CoreWeave,B,1.08e-05,8.764249423087354e-08,1.3733563020146278e-07,0
comprehension,ally_majority,neutral,1302,1,0,1,0,rQrQaQaQaPaQ,B,gemma-26b-cw,google/gemma-4-26b-a4b-it,coreweave/bf16,0,1.0,CoreWeave,B,1.08e-05,1.357433443186497e-07,9.170544745806808e-08,0
comprehension,ally_majority,neutral,1310,-1,0,0,0,aPaQrPaQaQ,B,gemma-26b-cw,google/gemma-4-26b-a4b-it,coreweave/bf16,0,1.0,CoreWeave,B,1.01e-05,7.4080162071736e-09,0.0,1
comprehension,ally_majority,neutral,1310,-1,0,1,0,aQaPaQaQrP,B,gemma-26b-cw,google/gemma-4-26b-a4b-it,coreweave/bf16,0,1.0,CoreWeave,B,1.01e-05,1.1861119862063455e-08,0.0,0
comprehension,ally_majority,neutral,1310,1,0,0,0,aQaQaPrPaQ,B,gemma-26b-cw,google/gemma-4-26b-a4b-it,coreweave/bf16,0,1.0,CoreWeave,B,1.01e-05,5.076555658505581e-09,0.0,1
comprehension,ally_majority,neutral,1310,1,0,1,0,aQaPaQaQrP,B,gemma-26b-cw,google/gemma-4-26b-a4b-it,coreweave/bf16,0,1.0,CoreWeave,B,1.01e-05,3.37891920680253e-08,1.531069779847627e-07,0
comprehension,ally_majority,neutral,1311,-1,0,0,0,aPaQaQrPaQrQ,B,gemma-26b-cw,google/gemma-4-26b-a4b-it,coreweave/bf16,0,1.0,CoreWeave,B,1.08e-05,5.372394085449985e-09,0.0,1
comprehension,ally_majority,neutral,1311,-1,0,1,0,aQrPrQaQaPaQ,B,gemma-26b-cw,google/gemma-4-26b-a4b-it,coreweave/bf16,0,1.0,CoreWeave,B,1.08e-05,1.9142881248625217e-07,1.6619896714420435e-07,0
comprehension,ally_majority,neutral,1311,1,0,0,0,aQrQaPaQaQrP,B,gemma-26b-cw,google/gemma-4-26b-a4b-it,coreweave/bf16,0,1.0,CoreWeave,B,1.08e-05,1.0715630087727438e-08,9.451783122838009e-08,0
comprehension,ally_majority,neutral,1311,1,0,1,0,aQrQaPaQrPaQ,B,gemma-26b-cw,google/gemma-4-26b-a4b-it,coreweave/bf16,0,1.0,CoreWeave,B,1.08e-05,1.1610743629659052e-07,1.0049515886123572e-07,0
comprehension,ally_majority,neutral,1320,-1,0,0,0,aQrPaPaQaQrP,B,gemma-26b-cw,google/gemma-4-26b-a4b-it,coreweave/bf16,0,1.0,CoreWeave,B,1.08e-05,1.2333613104727627e-08,0.0,0
comprehension,ally_majority,neutral,1320,-1,0,1,0,rPaPrPaQaQaQ,B,gemma-26b-cw,google/gemma-4-26b-a4b-it,coreweave/bf16,0,1.0,CoreWeave,B,1.08e-05,6.5503325271577234e-09,0.0,0
comprehension,ally_majority,neutral,1320,1,0,0,0,aQaQaQaPrPrP,B,gemma-26b-cw,google/gemma-4-26b-a4b-it,coreweave/bf16,0,1.0,CoreWeave,B,1.08e-05,2.9524662263436807e-09,0.0,1
comprehension,ally_majority,neutral,1320,1,0,1,0,rPaQaQrPaPaQ,B,gemma-26b-cw,google/gemma-4-26b-a4b-it,coreweave/bf16,0,1.0,CoreWeave,B,1.08e-05,3.288747889296815e-06,1.683101737981474e-07,0
comprehension,ally_majority,neutral,1400,-1,0,0,0,aQaPaQaQaQ,B,gemma-26b-cw,google/gemma-4-26b-a4b-it,coreweave/bf16,0,1.0,CoreWeave,B,1.01e-05,7.703117900996472e-09,0.0,1
comprehension,ally_majority,neutral,1400,-1,0,1,0,aQaQaQaQaP,B,gemma-26b-cw,google/gemma-4-26b-a4b-it,coreweave/bf16,0,1.0,CoreWeave,B,1.01e-05,1.3680425236423848e-08,0.0,0
comprehension,ally_majority,neutral,1400,1,0,0,0,aPaQaQaQaQ,B,gemma-26b-cw,google/gemma-4-26b-a4b-it,coreweave/bf16,0,1.0,CoreWeave,B,1.01e-05,5.222380403168639e-09,0.0,1
comprehension,ally_majority,neutral,1400,1,0,1,0,aQaQaPaQaQ,B,gemma-26b-cw,google/gemma-4-26b-a4b-it,coreweave/bf16,0,1.0,CoreWeave,B,1.01e-05,4.3126262336741375e-09,0.0,1
comprehension,ally_majority,neutral,1401,-1,0,0,0,aQrQaPaQaQaQ,B,gemma-26b-cw,google/gemma-4-26b-a4b-it,coreweave/bf16,0,1.0,CoreWeave,B,1.24e-05,6.49935745508112e-09,0.0,1
comprehension,ally_majority,neutral,1401,-1,0,1,0,aQaQaPaQrQaQ,B,gemma-26b-cw,google/gemma-4-26b-a4b-it,coreweave/bf16,0,1.0,CoreWeave,B,1.08e-05,4.654657335109565e-08,5.1845790216553667e-08,0
comprehension,ally_majority,neutral,1401,1,0,0,0,aPrQaQaQaQaQ,B,gemma-26b-cw,google/gemma-4-26b-a4b-it,coreweave/bf16,0,1.0,CoreWeave,B,1.08e-05,3.8207751646937355e-09,0.0,1
comprehension,ally_majority,neutral,1401,1,0,1,0,aQaQaQrQaQaP,B,gemma-26b-cw,google/gemma-4-26b-a4b-it,coreweave/bf16,0,1.0,CoreWeave,B,1.08e-05,4.737904287165034e-07,2.0714363446749928e-07,0
comprehension,ally_majority,neutral,1410,-1,0,0,0,aQaQrPaQaPaQ,B,gemma-26b-cw,google/gemma-4-26b-a4b-it,coreweave/bf16,0,1.0,CoreWeave,B,1.08e-05,1.3026894706464384e-08,2.0702076797274316e-07,0
comprehension,ally_majority,neutral,1410,-1,0,1,0,aQaQaPaQrPaQ,B,gemma-26b-cw,google/gemma-4-26b-a4b-it,coreweave/bf16,0,1.0,CoreWeave,B,1.08e-05,2.4337437419916777e-08,0.0,0
comprehension,ally_majority,neutral,1410,1,0,0,0,aQaQaPrPaQaQ,B,gemma-26b-cw,google/gemma-4-26b-a4b-it,coreweave/bf16,0,1.0,CoreWeave,B,1.08e-05,4.62677265961981e-09,0.0,1
comprehension,ally_majority,neutral,1410,1,0,1,0,rPaQaQaQaPaQ,B,gemma-26b-cw,google/gemma-4-26b-a4b-it,coreweave/bf16,0,1.0,CoreWeave,B,1.08e-05,2.049417716459134e-08,0.0,0
comprehension,ally_majority,neutral,1500,-1,0,0,0,aQaQaQaPaQaQ,B,gemma-26b-cw,google/gemma-4-26b-a4b-it,coreweave/bf16,0,1.0,CoreWeave,B,1.08e-05,5.82598632131957e-09,0.0,1
comprehension,ally_majority,neutral,1500,-1,0,1,0,aQaPaQaQaQaQ,B,gemma-26b-cw,google/gemma-4-26b-a4b-it,coreweave/bf16,0,1.0,CoreWeave,B,1.08e-05,4.829912299382238e-09,0.0,0
comprehension,ally_majority,neutral,1500,1,0,0,0,aQaQaQaQaQaP,B,gemma-26b-cw,google/gemma-4-26b-a4b-it,coreweave/bf16,0,1.0,CoreWeave,B,1.08e-05,4.718027571633203e-09,0.0,1
comprehension,ally_majority,neutral,1500,1,0,1,0,aQaPaQaQaQaQ,B,gemma-26b-cw,google/gemma-4-26b-a4b-it,coreweave/bf16,0,1.0,CoreWeave,B,1.24e-05,4.099093315258976e-09,0.0,1
comprehension,ally_majority,neutral,2000,-1,0,0,0,aPaP,A,gemma-26b-cw,google/gemma-4-26b-a4b-it,coreweave/bf16,0,1.0,CoreWeave,A,9.6e-06,0.9999999586006049,4.3543755364159787e-07,0
comprehension,ally_majority,neutral,2000,-1,0,1,0,aPaP,A,gemma-26b-cw,google/gemma-4-26b-a4b-it,coreweave/bf16,0,1.0,CoreWeave,A,9.6e-06,0.999999986321241,2.2473976640095777e-07,0
comprehension,ally_majority,neutral,2000,1,0,0,0,aPaP,A,gemma-26b-cw,google/gemma-4-26b-a4b-it,coreweave/bf16,0,1.0,CoreWeave,A,9.6e-06,0.9999999692345924,8.844387056972831e-08,0
comprehension,ally_majority,neutral,2000,1,0,1,0,aPaP,A,gemma-26b-cw,google/gemma-4-26b-a4b-it,coreweave/bf16,0,1.0,CoreWeave,A,9.6e-06,0.9999999828597413,1.0206901847321784e-07,0
comprehension,ally_majority,neutral,2001,-1,0,0,0,rQaPaP,A,gemma-26b-cw,google/gemma-4-26b-a4b-it,coreweave/bf16,0,1.0,CoreWeave,A,1.03e-05,0.9999999317439384,4.0858089706610086e-07,0
comprehension,ally_majority,neutral,2001,-1,0,1,0,rQaPaP,A,gemma-26b-cw,google/gemma-4-26b-a4b-it,coreweave/bf16,0,1.0,CoreWeave,A,1.03e-05,0.9999999771370877,2.155556147709295e-07,0
comprehension,ally_majority,neutral,2001,1,0,0,0,aPrQaP,A,gemma-26b-cw,google/gemma-4-26b-a4b-it,coreweave/bf16,0,1.0,CoreWeave,A,1.03e-05,0.9999999214377648,2.790655345658616e-07,0
comprehension,ally_majority,neutral,2001,1,0,1,0,aPrQaP,A,gemma-26b-cw,google/gemma-4-26b-a4b-it,coreweave/bf16,0,1.0,CoreWeave,A,1.03e-05,0.9999999500628095,1.8848134118696807e-07,0
comprehension,ally_majority,neutral,2002,-1,0,0,0,rQaPrQaP,A,gemma-26b-cw,google/gemma-4-26b-a4b-it,coreweave/bf16,0,1.0,CoreWeave,A,1.1e-05,0.9999999687501041,2.071686328590729e-07,0
comprehension,ally_majority,neutral,2002,-1,0,1,0,aPrQrQaP,A,gemma-26b-cw,google/gemma-4-26b-a4b-it,coreweave/bf16,0,1.0,CoreWeave,A,9.4e-06,0.9999999718781376,2.102966657143488e-07,0
comprehension,ally_majority,neutral,2002,1,0,0,0,aPaPrQrQ,A,gemma-26b-cw,google/gemma-4-26b-a4b-it,coreweave/bf16,0,1.0,CoreWeave,A,9.4e-06,0.9999999523496055,7.155888428210042e-08,0
comprehension,ally_majority,neutral,2002,1,0,1,0,aPrQrQaP,A,gemma-26b-cw,google/gemma-4-26b-a4b-it,coreweave/bf16,0,1.0,CoreWeave,A,9.4e-06,0.9999999801460541,2.185645806778793e-07,0
comprehension,ally_majority,neutral,2003,-1,0,0,0,aPrQrQrQaP,A,gemma-26b-cw,google/gemma-4-26b-a4b-it,coreweave/bf16,0,1.0,CoreWeave,A,1.01e-05,0.9999999664737638,0.0,0
comprehension,ally_majority,neutral,2003,-1,0,1,0,rQrQaPaPrQ,A,gemma-26b-cw,google/gemma-4-26b-a4b-it,coreweave/bf16,0,1.0,CoreWeave,A,1.01e-05,0.9999999872499963,1.0645927291306611e-07,0
comprehension,ally_majority,neutral,2003,1,0,0,0,aPrQrQaPrQ,A,gemma-26b-cw,google/gemma-4-26b-a4b-it,coreweave/bf16,0,1.0,CoreWeave,A,1.01e-05,0.9999999625987764,8.180805486354344e-08,0
comprehension,ally_majority,neutral,2003,1,0,1,0,aPrQrQaPrQ,A,gemma-26b-cw,google/gemma-4-26b-a4b-it,coreweave/bf16,0,1.0,CoreWeave,A,1.01e-05,0.9999999744447142,2.128632419252538e-07,0
comprehension,ally_majority,neutral,2004,-1,0,0,0,aPrQaPrQrQrQ,A,gemma-26b-cw,google/gemma-4-26b-a4b-it,coreweave/bf16,0,1.0,CoreWeave,A,1.08e-05,0.9999998892095073,1.2762804370925193e-07,0
comprehension,ally_majority,neutral,2004,-1,0,1,0,rQrQaPrQaPrQ,A,gemma-26b-cw,google/gemma-4-26b-a4b-it,coreweave/bf16,0,1.0,CoreWeave,A,1.08e-05,0.999999981321603,2.1974012929207144e-07,0
comprehension,ally_majority,neutral,2004,1,0,0,0,rQaPrQaPrQrQ,A,gemma-26b-cw,google/gemma-4-26b-a4b-it,coreweave/bf16,0,1.0,CoreWeave,A,1.08e-05,0.9999999644506393,8.365991769783896e-08,0
comprehension,ally_majority,neutral,2004,1,0,1,0,rQrQaPaPrQrQ,A,gemma-26b-cw,google/gemma-4-26b-a4b-it,coreweave/bf16,0,1.0,CoreWeave,A,1.08e-05,0.9999999846805185,1.0388979548134411e-07,0
comprehension,ally_majority,neutral,2010,-1,0,0,0,aPaPrP,A,gemma-26b-cw,google/gemma-4-26b-a4b-it,coreweave/bf16,0,1.0,CoreWeave,A,1.03e-05,0.9999995111697809,3.4563428752264336e-07,0
comprehension,ally_majority,neutral,2010,-1,0,1,0,rPaPaP,A,gemma-26b-cw,google/gemma-4-26b-a4b-it,coreweave/bf16,0,1.0,CoreWeave,A,1.03e-05,0.9999999623054305,2.0072396037392447e-07,0
comprehension,ally_majority,neutral,2010,1,0,0,0,rPaPaP,A,gemma-26b-cw,google/gemma-4-26b-a4b-it,coreweave/bf16,0,1.0,CoreWeave,A,1.03e-05,0.9999997897565587,2.665935455912649e-07,0
comprehension,ally_majority,neutral,2010,1,0,1,0,rPaPaP,A,gemma-26b-cw,google/gemma-4-26b-a4b-it,coreweave/bf16,0,1.0,CoreWeave,A,8.7e-06,0.9999999669935359,8.620281411663491e-08,0
comprehension,ally_majority,neutral,2011,-1,0,0,0,aPrPaPrQ,A,gemma-26b-cw,google/gemma-4-26b-a4b-it,coreweave/bf16,0,1.0,CoreWeave,A,9.4e-06,0.9999990867455247,6.364644187522965e-07,0
comprehension,ally_majority,neutral,2011,-1,0,1,0,aPaPrPrQ,A,gemma-26b-cw,google/gemma-4-26b-a4b-it,coreweave/bf16,0,1.0,CoreWeave,A,9.4e-06,0.9999999730609058,2.1147943373164876e-07,0
comprehension,ally_majority,neutral,2011,1,0,0,0,aPaPrQrP,A,gemma-26b-cw,google/gemma-4-26b-a4b-it,coreweave/bf16,0,1.0,CoreWeave,A,9.4e-06,0.9999999317439546,1.7016248849479494e-07,0
comprehension,ally_majority,neutral,2011,1,0,1,0,aPrPrQaP,A,gemma-26b-cw,google/gemma-4-26b-a4b-it,coreweave/bf16,0,1.0,CoreWeave,A,9.4e-06,0.9999999273418096,2.8496957813128364e-07,0
comprehension,ally_majority,neutral,2012,-1,0,0,0,aPrPrQrQaP,A,gemma-26b-cw,google/gemma-4-26b-a4b-it,coreweave/bf16,0,1.0,CoreWeave,A,1.01e-05,0.9999997300421261,8.766989752377726e-08,0
comprehension,ally_majority,neutral,2012,-1,0,1,0,rPrQaPaPrQ,A,gemma-26b-cw,google/gemma-4-26b-a4b-it,coreweave/bf16,0,1.0,CoreWeave,A,1.01e-05,0.9999999781840565,2.1660258353040705e-07,0
comprehension,ally_majority,neutral,2012,1,0,0,0,rPrQaPrQaP,A,gemma-26b-cw,google/gemma-4-26b-a4b-it,coreweave/bf16,0,1.0,CoreWeave,A,1.01e-05,0.9999996192986015,4.5376311181733864e-07,0
comprehension,ally_majority,neutral,2012,1,0,1,0,aPrQrPaPrQ,A,gemma-26b-cw,google/gemma-4-26b-a4b-it,coreweave/bf16,0,1.0,CoreWeave,A,1.01e-05,0.9999999566138116,3.142415730781175e-07,0
comprehension,ally_majority,neutral,2013,-1,0,0,0,rPrQrQaPaPrQ,A,gemma-26b-cw,google/gemma-4-26b-a4b-it,coreweave/bf16,0,1.0,CoreWeave,A,1.08e-05,0.9999995262095551,2.4146492356179514e-07,0
comprehension,ally_majority,neutral,2013,-1,0,1,0,aPrPrQrQaPrQ,A,gemma-26b-cw,google/gemma-4-26b-a4b-it,coreweave/bf16,0,1.0,CoreWeave,A,1.08e-05,0.9999999273418101,2.7734690463887023e-07,0
comprehension,ally_majority,neutral,2013,1,0,0,0,rPaPrQaPrQrQ,A,gemma-26b-cw,google/gemma-4-26b-a4b-it,coreweave/bf16,0,1.0,CoreWeave,A,1.08e-05,0.9999996743688974,2.704150849897404e-07,0
comprehension,ally_majority,neutral,2013,1,0,1,0,rQrQaPaPrQrP,A,gemma-26b-cw,google/gemma-4-26b-a4b-it,coreweave/bf16,0,1.0,CoreWeave,A,1.08e-05,0.999999971657575,2.1007610325985005e-07,0
comprehension,ally_majority,neutral,2020,-1,0,0,0,rPaPaPrP,A,gemma-26b-cw,google/gemma-4-26b-a4b-it,coreweave/bf16,0,1.0,CoreWeave,A,1.1e-05,0.9999997300420939,2.0687908049314815e-07,0
comprehension,ally_majority,neutral,2020,-1,0,1,0,aPrPrPaP,A,gemma-26b-cw,google/gemma-4-26b-a4b-it,coreweave/bf16,0,1.0,CoreWeave,A,1.1e-05,0.9999998362622552,1.938900348009974e-07,0
comprehension,ally_majority,neutral,2020,1,0,0,0,rPrPaPaP,A,gemma-26b-cw,google/gemma-4-26b-a4b-it,coreweave/bf16,0,1.0,CoreWeave,A,9.4e-06,0.999999925035409,4.424468772129141e-08,0
comprehension,ally_majority,neutral,2020,1,0,1,0,aPrPrPaP,A,gemma-26b-cw,google/gemma-4-26b-a4b-it,coreweave/bf16,0,1.0,CoreWeave,A,1.1e-05,0.9999999109773257,2.6860509739623055e-07,0
comprehension,ally_majority,neutral,2021,-1,0,0,0,rPaPrPaPrQ,A,gemma-26b-cw,google/gemma-4-26b-a4b-it,coreweave/bf16,0,1.0,CoreWeave,A,1.01e-05,0.9999967112501504,7.643521096331347e-07,0
comprehension,ally_majority,neutral,2021,-1,0,1,0,rPaPrQaPrP,A,gemma-26b-cw,google/gemma-4-26b-a4b-it,coreweave/bf16,0,1.0,CoreWeave,A,1.01e-05,0.9999998201692495,2.97006233668674e-07,0
comprehension,ally_majority,neutral,2021,1,0,0,0,rPrQaPrPaP,A,gemma-26b-cw,google/gemma-4-26b-a4b-it,coreweave/bf16,0,1.0,CoreWeave,A,1.01e-05,0.999998005270754,6.278695269742896e-07,0
comprehension,ally_majority,neutral,2021,1,0,1,0,rPaPrPrQaP,A,gemma-26b-cw,google/gemma-4-26b-a4b-it,coreweave/bf16,0,1.0,CoreWeave,A,1.01e-05,0.9999999611088811,8.031815961731646e-08,0
comprehension,ally_majority,neutral,2022,-1,0,0,0,rQrQrPaPrPaP,A,gemma-26b-cw,google/gemma-4-26b-a4b-it,coreweave/bf16,0,1.0,CoreWeave,A,1.08e-05,0.9999989969857922,6.986832428749954e-08,0
comprehension,ally_majority,neutral,2022,-1,0,1,0,aPrQrPaPrQrP,A,gemma-26b-cw,google/gemma-4-26b-a4b-it,coreweave/bf16,0,1.0,CoreWeave,A,1.24e-05,0.999999980175118,9.938439539132752e-08,0
comprehension,ally_majority,neutral,2022,1,0,0,0,rQrPaPrQaPrP,A,gemma-26b-cw,google/gemma-4-26b-a4b-it,coreweave/bf16,0,1.0,CoreWeave,A,1.08e-05,0.9999997617629764,2.385999640792678e-07,0
comprehension,ally_majority,neutral,2022,1,0,1,0,aPrPrPaPrQrQ,A,gemma-26b-cw,google/gemma-4-26b-a4b-it,coreweave/bf16,0,1.0,CoreWeave,A,1.08e-05,0.9999998684330217,2.2606079925288477e-07,0
comprehension,ally_majority,neutral,2030,-1,0,0,0,rPaPaPrPrP,A,gemma-26b-cw,google/gemma-4-26b-a4b-it,coreweave/bf16,0,1.0,CoreWeave,A,1.01e-05,0.9999991148430696,6.851653714651025e-08,0
comprehension,ally_majority,neutral,2030,-1,0,1,0,rPrPaPaPrP,A,gemma-26b-cw,google/gemma-4-26b-a4b-it,coreweave/bf16,0,1.0,CoreWeave,A,1.01e-05,0.9999999589227921,7.81320706613382e-08,0
comprehension,ally_majority,neutral,2030,1,0,0,0,rPaPaPrPrP,A,gemma-26b-cw,google/gemma-4-26b-a4b-it,coreweave/bf16,0,1.0,CoreWeave,A,1.01e-05,0.9999997126313783,0.0,0
comprehension,ally_majority,neutral,2030,1,0,1,0,aPrPrPrPaP,A,gemma-26b-cw,google/gemma-4-26b-a4b-it,coreweave/bf16,0,1.0,CoreWeave,A,1.01e-05,0.9999998532264316,2.108542104662296e-07,0
comprehension,ally_majority,neutral,2031,-1,0,0,0,aPaPrPrPrPrQ,A,gemma-26b-cw,google/gemma-4-26b-a4b-it,coreweave/bf16,0,1.0,CoreWeave,A,1.08e-05,0.9999998336837812,7.21023154091576e-08,0
comprehension,ally_majority,neutral,2031,-1,0,1,0,rQaPrPrPaPrP,A,gemma-26b-cw,google/gemma-4-26b-a4b-it,coreweave/bf16,0,1.0,CoreWeave,A,1.08e-05,0.9999999378521557,2.9547992189184425e-07,0
comprehension,ally_majority,neutral,2031,1,0,0,0,rPrPaPrQaPrP,A,gemma-26b-cw,google/gemma-4-26b-a4b-it,coreweave/bf16,0,1.0,CoreWeave,A,1.08e-05,0.999999746398224,3.4244441042653175e-07,0
comprehension,ally_majority,neutral,2031,1,0,1,0,rPaPrPrPaPrQ,A,gemma-26b-cw,google/gemma-4-26b-a4b-it,coreweave/bf16,0,1.0,CoreWeave,A,1.08e-05,0.999999905235857,2.628636297231309e-07,0
comprehension,ally_majority,neutral,2040,-1,0,0,0,rPaPrPaPrPrP,A,gemma-26b-cw,google/gemma-4-26b-a4b-it,coreweave/bf16,0,1.0,CoreWeave,A,1.08e-05,0.9999985406241269,2.095517294868216e-07,0
comprehension,ally_majority,neutral,2040,-1,0,1,0,aPaPrPrPrPrP,A,gemma-26b-cw,google/gemma-4-26b-a4b-it,coreweave/bf16,0,1.0,CoreWeave,A,1.08e-05,0.9999999608038497,1.992223797344539e-07,0
comprehension,ally_majority,neutral,2040,1,0,0,0,rPaPrPrPrPaP,A,gemma-26b-cw,google/gemma-4-26b-a4b-it,coreweave/bf16,0,1.0,CoreWeave,A,1.24e-05,0.9999995686085639,4.5445514313585844e-08,0
comprehension,ally_majority,neutral,2040,1,0,1,0,aPrPrPaPrPrP,A,gemma-26b-cw,google/gemma-4-26b-a4b-it,coreweave/bf16,0,1.0,CoreWeave,A,1.08e-05,0.9999999279072401,2.8553500849401084e-07,0
comprehension,ally_majority,neutral,2100,-1,0,0,0,aQaPaP,A,gemma-26b-cw,google/gemma-4-26b-a4b-it,coreweave/bf16,0,1.0,CoreWeave,A,8.7e-06,0.9999999476662675,3.0529403143141136e-07,0
comprehension,ally_majority,neutral,2100,-1,0,1,0,aQaPaP,A,gemma-26b-cw,google/gemma-4-26b-a4b-it,coreweave/bf16,0,1.0,CoreWeave,A,8.7e-06,0.9999999672503864,3.248781449558376e-07,0
comprehension,ally_majority,neutral,2100,1,0,0,0,aPaQaP,A,gemma-26b-cw,google/gemma-4-26b-a4b-it,coreweave/bf16,0,1.0,CoreWeave,A,1.03e-05,0.9999998704727784,2.281005557286226e-07,0
comprehension,ally_majority,neutral,2100,1,0,1,0,aPaQaP,A,gemma-26b-cw,google/gemma-4-26b-a4b-it,coreweave/bf16,0,1.0,CoreWeave,A,8.7e-06,0.9999998926181465,3.6945511695632523e-07,0
comprehension,ally_majority,neutral,2101,-1,0,0,0,aPrQaPaQ,A,gemma-26b-cw,google/gemma-4-26b-a4b-it,coreweave/bf16,0,1.0,CoreWeave,A,9.4e-06,0.9999623635618203,1.2243244963625134e-06,0
comprehension,ally_majority,neutral,2101,-1,0,1,0,aPrQaPaQ,A,gemma-26b-cw,google/gemma-4-26b-a4b-it,coreweave/bf16,0,1.0,CoreWeave,A,9.4e-06,0.9999869928684336,5.825499107936935e-07,0
comprehension,ally_majority,neutral,2101,1,0,0,0,aQrQaPaP,A,gemma-26b-cw,google/gemma-4-26b-a4b-it,coreweave/bf16,0,1.0,CoreWeave,A,9.4e-06,0.9999999052358457,3.820728126925018e-07,0
comprehension,ally_majority,neutral,2101,1,0,1,0,aPaQaPrQ,A,gemma-26b-cw,google/gemma-4-26b-a4b-it,coreweave/bf16,0,1.0,CoreWeave,A,1.1e-05,0.9999999123574942,2.699852656656423e-07,0
comprehension,ally_majority,neutral,2102,-1,0,0,0,aPrQaQaPrQ,A,gemma-26b-cw,google/gemma-4-26b-a4b-it,coreweave/bf16,0,1.0,CoreWeave,A,1.17e-05,0.9999962733607158,8.804375765765127e-08,0
comprehension,ally_majority,neutral,2102,-1,0,1,0,aPaQrQrQaP,A,gemma-26b-cw,google/gemma-4-26b-a4b-it,coreweave/bf16,0,1.0,CoreWeave,A,1.01e-05,0.9999999081514209,5.041975668537935e-07,0
comprehension,ally_majority,neutral,2102,1,0,0,0,rQrQaQaPaP,A,gemma-26b-cw,google/gemma-4-26b-a4b-it,coreweave/bf16,0,1.0,CoreWeave,A,1.01e-05,0.9999981261237229,5.10304899430786e-07,0
comprehension,ally_majority,neutral,2102,1,0,1,0,rQaPaPaQrQ,A,gemma-26b-cw,google/gemma-4-26b-a4b-it,coreweave/bf16,0,1.0,CoreWeave,A,1.01e-05,0.9999904837471719,1.0932716758377199e-06,0
comprehension,ally_majority,neutral,2103,-1,0,0,0,aPaQrQrQrQaP,A,gemma-26b-cw,google/gemma-4-26b-a4b-it,coreweave/bf16,0,1.0,CoreWeave,A,1.08e-05,0.9999916019309687,7.809688585192246e-07,0
comprehension,ally_majority,neutral,2103,-1,0,1,0,aPaPrQaQrQrQ,A,gemma-26b-cw,google/gemma-4-26b-a4b-it,coreweave/bf16,0,1.0,CoreWeave,A,1.08e-05,0.9999992661790195,2.1985258771891526e-07,0
comprehension,ally_majority,neutral,2103,1,0,0,0,aPrQaQrQrQaP,A,gemma-26b-cw,google/gemma-4-26b-a4b-it,coreweave/bf16,0,1.0,CoreWeave,A,1.08e-05,0.9999038976078816,2.8317993488505662e-06,0
comprehension,ally_majority,neutral,2103,1,0,1,0,rQrQaPaPrQaQ,A,gemma-26b-cw,google/gemma-4-26b-a4b-it,coreweave/bf16,0,1.0,CoreWeave,A,1.24e-05,0.9999930377412601,1.0247070661364482e-06,0
comprehension,ally_majority,neutral,2110,-1,0,0,0,aPaPrPaQ,A,gemma-26b-cw,google/gemma-4-26b-a4b-it,coreweave/bf16,0,1.0,CoreWeave,A,9.4e-06,0.9998313472484671,2.026159109478384e-06,0
comprehension,ally_majority,neutral,2110,-1,0,1,0,aPaQrPaP,A,gemma-26b-cw,google/gemma-4-26b-a4b-it,coreweave/bf16,0,1.0,CoreWeave,A,1.1e-05,0.999999897535519,3.7437248822785166e-07,0
comprehension,ally_majority,neutral,2110,1,0,0,0,aPaQrPaP,A,gemma-26b-cw,google/gemma-4-26b-a4b-it,coreweave/bf16,0,1.0,CoreWeave,A,1.1e-05,0.999999786445707,2.6328269402825563e-07,0
comprehension,ally_majority,neutral,2110,1,0,1,0,aPrPaQaP,A,gemma-26b-cw,google/gemma-4-26b-a4b-it,coreweave/bf16,0,1.0,CoreWeave,A,1.1e-05,0.9999998724809115,2.301086887113452e-07,0
comprehension,ally_majority,neutral,2111,-1,0,0,0,aPrPaPrQaQ,A,gemma-26b-cw,google/gemma-4-26b-a4b-it,coreweave/bf16,0,1.0,CoreWeave,A,1.01e-05,0.9999485577740675,2.1991917488680556e-06,0
comprehension,ally_majority,neutral,2111,-1,0,1,0,aPaQrPrQaP,A,gemma-26b-cw,google/gemma-4-26b-a4b-it,coreweave/bf16,0,1.0,CoreWeave,A,1.17e-05,0.9999998362622357,3.130992177703683e-07,0
comprehension,ally_majority,neutral,2111,1,0,0,0,aPrPaQrQaP,A,gemma-26b-cw,google/gemma-4-26b-a4b-it,coreweave/bf16,0,1.0,CoreWeave,A,1.17e-05,0.9999981837782458,6.871682576149827e-07,0
comprehension,ally_majority,neutral,2111,1,0,1,0,aPaPrPrQaQ,A,gemma-26b-cw,google/gemma-4-26b-a4b-it,coreweave/bf16,0,1.0,CoreWeave,A,1.01e-05,0.9999981261239462,3.9109611436534716e-07,0
comprehension,ally_majority,neutral,2112,-1,0,0,0,aPaPrQrPrQaQ,A,gemma-26b-cw,google/gemma-4-26b-a4b-it,coreweave/bf16,0,1.0,CoreWeave,A,1.08e-05,0.9999516743561165,3.28947385981095e-06,0
comprehension,ally_majority,neutral,2112,-1,0,1,0,rQaPaQrQaPrP,A,gemma-26b-cw,google/gemma-4-26b-a4b-it,coreweave/bf16,0,1.0,CoreWeave,A,1.24e-05,0.999974132572021,1.2159202938508114e-05,0
comprehension,ally_majority,neutral,2112,1,0,0,0,aPrQaPaQrQrP,A,gemma-26b-cw,google/gemma-4-26b-a4b-it,coreweave/bf16,0,1.0,CoreWeave,A,1.08e-05,0.9999843104446634,8.802760170094042e-07,0
comprehension,ally_majority,neutral,2112,1,0,1,0,rQaPrPrQaPaQ,A,gemma-26b-cw,google/gemma-4-26b-a4b-it,coreweave/bf16,0,1.0,CoreWeave,A,1.24e-05,0.9999952149049347,1.0561308360228855e-06,0
comprehension,ally_majority,neutral,2120,-1,0,0,0,rPrPaPaPaQ,A,gemma-26b-cw,google/gemma-4-26b-a4b-it,coreweave/bf16,0,1.0,CoreWeave,A,1.01e-05,0.9999987121049378,5.002417350587978e-07,0
comprehension,ally_majority,neutral,2120,-1,0,1,0,rPaQaPaPrP,A,gemma-26b-cw,google/gemma-4-26b-a4b-it,coreweave/bf16,0,1.0,CoreWeave,A,1.01e-05,0.9999998599476818,2.1757546009098996e-07,0
comprehension,ally_majority,neutral,2120,1,0,0,0,aQrPrPaPaP,A,gemma-26b-cw,google/gemma-4-26b-a4b-it,coreweave/bf16,0,1.0,CoreWeave,A,1.01e-05,0.9999996533674615,3.6862284344401575e-07,0
comprehension,ally_majority,neutral,2120,1,0,1,0,aPrPaPaQrP,A,gemma-26b-cw,google/gemma-4-26b-a4b-it,coreweave/bf16,0,1.0,CoreWeave,A,1.01e-05,0.9999993524053562,6.766065414603822e-08,0
comprehension,ally_majority,neutral,2121,-1,0,0,0,aPrPrPaQaPrQ,A,gemma-26b-cw,google/gemma-4-26b-a4b-it,coreweave/bf16,0,1.0,CoreWeave,A,1.08e-05,0.9999993318484296,1.6631287835773814e-07,0
comprehension,ally_majority,neutral,2121,-1,0,1,0,aPaQrQaPrPrP,A,gemma-26b-cw,google/gemma-4-26b-a4b-it,coreweave/bf16,0,1.0,CoreWeave,A,1.08e-05,0.9999996072139402,2.0326011962994136e-07,0
comprehension,ally_majority,neutral,2121,1,0,0,0,aPrQaQaPrPrP,A,gemma-26b-cw,google/gemma-4-26b-a4b-it,coreweave/bf16,0,1.0,CoreWeave,A,1.08e-05,0.9999771719919284,5.36479125092797e-07,0
comprehension,ally_majority,neutral,2121,1,0,1,0,aPrPrQaQaPrP,A,gemma-26b-cw,google/gemma-4-26b-a4b-it,coreweave/bf16,0,1.0,CoreWeave,A,1.08e-05,0.9999992887563015,2.424298807993922e-07,0
comprehension,ally_majority,neutral,2130,-1,0,0,0,aQaPrPaPrPrP,A,gemma-26b-cw,google/gemma-4-26b-a4b-it,coreweave/bf16,0,1.0,CoreWeave,A,1.08e-05,0.9999996423642101,2.3841039503137413e-07,0
comprehension,ally_majority,neutral,2130,-1,0,1,0,aPrPaPrPaQrP,A,gemma-26b-cw,google/gemma-4-26b-a4b-it,coreweave/bf16,0,1.0,CoreWeave,A,1.08e-05,0.999903897584964,2.116595221116012e-06,0
comprehension,ally_majority,neutral,2130,1,0,0,0,aPrPaPaQrPrP,A,gemma-26b-cw,google/gemma-4-26b-a4b-it,coreweave/bf16,0,1.0,CoreWeave,A,1.08e-05,0.9999960330155038,4.437417005719418e-07,0
comprehension,ally_majority,neutral,2130,1,0,1,0,aQrPaPrPaPrP,A,gemma-26b-cw,google/gemma-4-26b-a4b-it,coreweave/bf16,0,1.0,CoreWeave,A,1.08e-05,0.9999998461827321,4.42228899756643e-07,0
comprehension,ally_majority,neutral,2300,-1,0,0,0,aQaPaQaPaQ,B,gemma-26b-cw,google/gemma-4-26b-a4b-it,coreweave/bf16,0,1.0,CoreWeave,B,1.01e-05,7.02748092699689e-09,0.0,1
comprehension,ally_majority,neutral,2300,-1,0,1,0,aPaQaPaQaQ,B,gemma-26b-cw,google/gemma-4-26b-a4b-it,coreweave/bf16,0,1.0,CoreWeave,B,1.01e-05,1.9403498690900352e-08,5.775445521827294e-08,0
comprehension,ally_majority,neutral,2300,1,0,0,0,aQaQaQaPaP,B,gemma-26b-cw,google/gemma-4-26b-a4b-it,coreweave/bf16,0,1.0,CoreWeave,B,1.01e-05,5.0723580331717825e-08,6.082758341463546e-08,0
comprehension,ally_majority,neutral,2300,1,0,1,0,aQaQaPaPaQ,B,gemma-26b-cw,google/gemma-4-26b-a4b-it,coreweave/bf16,0,1.0,CoreWeave,B,1.01e-05,1.6373774007394366e-07,1.6498861166169831e-07,0
comprehension,ally_majority,neutral,2301,-1,0,0,0,aQaQaQrQaPaP,B,gemma-26b-cw,google/gemma-4-26b-a4b-it,coreweave/bf16,0,1.0,CoreWeave,B,1.08e-05,1.777854974098585e-05,2.2173302627326308e-07,0
comprehension,ally_majority,neutral,2301,-1,0,1,0,aQaPaQaPaQrQ,B,gemma-26b-cw,google/gemma-4-26b-a4b-it,coreweave/bf16,0,1.0,CoreWeave,B,1.08e-05,1.689353366786226e-07,1.8155429404309587e-07,0
comprehension,ally_majority,neutral,2301,1,0,0,0,aQaQaPaPrQaQ,B,gemma-26b-cw,google/gemma-4-26b-a4b-it,coreweave/bf16,0,1.0,CoreWeave,B,1.08e-05,1.7983070718606168e-07,5.574846606570816e-08,0
comprehension,ally_majority,neutral,2301,1,0,1,0,aQaPaQaPrQaQ,B,gemma-26b-cw,google/gemma-4-26b-a4b-it,coreweave/bf16,0,1.0,CoreWeave,B,1.08e-05,7.811482334692253e-07,4.813440213080611e-08,0
comprehension,ally_majority,neutral,2310,-1,0,0,0,rPaQaQaPaQaP,B,gemma-26b-cw,google/gemma-4-26b-a4b-it,coreweave/bf16,0,1.0,CoreWeave,B,1.08e-05,1.1478773599707697e-05,4.420184354092527e-07,0
comprehension,ally_majority,neutral,2310,-1,0,1,0,aQaPrPaQaQaP,B,gemma-26b-cw,google/gemma-4-26b-a4b-it,coreweave/bf16,0,1.0,CoreWeave,B,1.08e-05,1.034853360929415e-06,1.3212833493980725e-07,0
comprehension,ally_majority,neutral,2310,1,0,0,0,aQaQaPaQrPaP,B,gemma-26b-cw,google/gemma-4-26b-a4b-it,coreweave/bf16,0,1.0,CoreWeave,B,1.08e-05,3.3789185433427356e-08,0.0,0
comprehension,ally_majority,neutral,2310,1,0,1,0,aQrPaPaQaQaP,B,gemma-26b-cw,google/gemma-4-26b-a4b-it,coreweave/bf16,0,1.0,CoreWeave,B,1.08e-05,4.264747322977528e-05,3.85243109857214e-07,0
comprehension,ally_majority,neutral,2400,-1,0,0,0,aQaQaQaQaPaP,B,gemma-26b-cw,google/gemma-4-26b-a4b-it,coreweave/bf16,0,1.0,CoreWeave,B,1.08e-05,5.3994969122350324e-08,4.087687011100627e-08,0
comprehension,ally_majority,neutral,2400,-1,0,1,0,aQaPaPaQaQaQ,B,gemma-26b-cw,google/gemma-4-26b-a4b-it,coreweave/bf16,0,1.0,CoreWeave,B,1.08e-05,8.576681406500194e-09,0.0,0
comprehension,ally_majority,neutral,2400,1,0,0,0,aPaQaQaQaQaP,B,gemma-26b-cw,google/gemma-4-26b-a4b-it,coreweave/bf16,0,1.0,CoreWeave,B,1.08e-05,3.3195469940987654e-09,0.0,1
comprehension,ally_majority,neutral,2400,1,0,1,0,aPaQaQaQaQaP,B,gemma-26b-cw,google/gemma-4-26b-a4b-it,coreweave/bf16,0,1.0,CoreWeave,B,1.08e-05,7.539388143991156e-09,1.9376897375522617e-07,0
comprehension,ally_majority,neutral,3000,-1,0,0,0,aPaPaP,A,gemma-26b-cw,google/gemma-4-26b-a4b-it,coreweave/bf16,0,1.0,CoreWeave,A,8.7e-06,0.9999999858040982,0.0,0
comprehension,ally_majority,neutral,3000,-1,0,1,0,aPaPaP,A,gemma-26b-cw,google/gemma-4-26b-a4b-it,coreweave/bf16,0,1.0,CoreWeave,A,8.7e-06,0.9999999895325971,1.0874187354518188e-07,0
comprehension,ally_majority,neutral,3000,1,0,0,0,aPaPaP,A,gemma-26b-cw,google/gemma-4-26b-a4b-it,coreweave/bf16,0,1.0,CoreWeave,A,8.7e-06,0.999999980175118,9.938439539132752e-08,0
comprehension,ally_majority,neutral,3000,1,0,1,0,aPaPaP,A,gemma-26b-cw,google/gemma-4-26b-a4b-it,coreweave/bf16,0,1.0,CoreWeave,A,8.7e-06,0.9999999884362499,0.0,0
comprehension,ally_majority,neutral,3001,-1,0,0,0,aPaPrQaP,A,gemma-26b-cw,google/gemma-4-26b-a4b-it,coreweave/bf16,0,1.0,CoreWeave,A,9.4e-06,0.9999999760398763,9.524915401338742e-08,0
comprehension,ally_majority,neutral,3001,-1,0,1,0,aPaPrQaP,A,gemma-26b-cw,google/gemma-4-26b-a4b-it,coreweave/bf16,0,1.0,CoreWeave,A,1.1e-05,0.9999999950940275,0.0,1
comprehension,ally_majority,neutral,3001,1,0,0,0,aPrQaPaP,A,gemma-26b-cw,google/gemma-4-26b-a4b-it,coreweave/bf16,0,1.0,CoreWeave,A,1.1e-05,0.9999999715466527,0.0,0
comprehension,ally_majority,neutral,3001,1,0,1,0,rQaPaPaP,A,gemma-26b-cw,google/gemma-4-26b-a4b-it,coreweave/bf16,0,1.0,CoreWeave,A,9.4e-06,0.9999999939890769,0.0,0
comprehension,ally_majority,neutral,3002,-1,0,0,0,rQaPaPrQaP,A,gemma-26b-cw,google/gemma-4-26b-a4b-it,coreweave/bf16,0,1.0,CoreWeave,A,1.01e-05,0.9999999873739035,0.0,0
comprehension,ally_majority,neutral,3002,-1,0,1,0,aPaPrQrQaP,A,gemma-26b-cw,google/gemma-4-26b-a4b-it,coreweave/bf16,0,1.0,CoreWeave,A,1.01e-05,0.999999992251613,1.1146088915912265e-07,0
comprehension,ally_majority,neutral,3002,1,0,0,0,rQaPrQaPaP,A,gemma-26b-cw,google/gemma-4-26b-a4b-it,coreweave/bf16,0,1.0,CoreWeave,A,1.01e-05,0.9999999821943479,1.0140362508559508e-07,0
comprehension,ally_majority,neutral,3002,1,0,1,0,aPrQaPaPrQ,A,gemma-26b-cw,google/gemma-4-26b-a4b-it,coreweave/bf16,0,1.0,CoreWeave,A,1.01e-05,0.9999999829785916,0.0,0
comprehension,ally_majority,neutral,3003,-1,0,0,0,aPrQrQaPaPrQ,A,gemma-26b-cw,google/gemma-4-26b-a4b-it,coreweave/bf16,0,1.0,CoreWeave,A,1.08e-05,0.9999999866119895,0.0,0
comprehension,ally_majority,neutral,3003,-1,0,1,0,aPrQrQaPaPrQ,A,gemma-26b-cw,google/gemma-4-26b-a4b-it,coreweave/bf16,0,1.0,CoreWeave,A,1.08e-05,0.9999999928058669,0.0,0
comprehension,ally_majority,neutral,3003,1,0,0,0,aPrQaPrQaPrQ,A,gemma-26b-cw,google/gemma-4-26b-a4b-it,coreweave/bf16,0,1.0,CoreWeave,A,1.08e-05,0.9999999817631987,0.0,0
comprehension,ally_majority,neutral,3003,1,0,1,0,aPrQaPrQrQaP,A,gemma-26b-cw,google/gemma-4-26b-a4b-it,coreweave/bf16,0,1.0,CoreWeave,A,1.08e-05,0.999999988637743,0.0,0
comprehension,ally_majority,neutral,3010,-1,0,0,0,aPaPrPaP,A,gemma-26b-cw,google/gemma-4-26b-a4b-it,coreweave/bf16,0,1.0,CoreWeave,A,9.4e-06,0.9999999109773257,2.6860509739623055e-07,0
comprehension,ally_majority,neutral,3010,-1,0,1,0,rPaPaPaP,A,gemma-26b-cw,google/gemma-4-26b-a4b-it,coreweave/bf16,0,1.0,CoreWeave,A,9.4e-06,0.9999999895325983,0.0,0
comprehension,ally_majority,neutral,3010,1,0,0,0,aPaPrPaP,A,gemma-26b-cw,google/gemma-4-26b-a4b-it,coreweave/bf16,0,1.0,CoreWeave,A,1.1e-05,0.9999998856926536,4.901929483436769e-09,0
comprehension,ally_majority,neutral,3010,1,0,1,0,aPaPaPrP,A,gemma-26b-cw,google/gemma-4-26b-a4b-it,coreweave/bf16,0,1.0,CoreWeave,A,9.4e-06,0.9999999892843711,0.0,0
comprehension,ally_majority,neutral,3011,-1,0,0,0,aPrPaPaPrQ,A,gemma-26b-cw,google/gemma-4-26b-a4b-it,coreweave/bf16,0,1.0,CoreWeave,A,1.01e-05,0.9999999579486742,7.71579528244503e-08,0
comprehension,ally_majority,neutral,3011,-1,0,1,0,aPaPaPrPrQ,A,gemma-26b-cw,google/gemma-4-26b-a4b-it,coreweave/bf16,0,1.0,CoreWeave,A,1.01e-05,0.999999992749442,1.1195871802492819e-07,0
comprehension,ally_majority,neutral,3011,1,0,0,0,aPrPaPrQaP,A,gemma-26b-cw,google/gemma-4-26b-a4b-it,coreweave/bf16,0,1.0,CoreWeave,A,1.17e-05,0.9999998959219633,1.343404994739586e-07,0
comprehension,ally_majority,neutral,3011,1,0,1,0,aPaPrQaPrP,A,gemma-26b-cw,google/gemma-4-26b-a4b-it,coreweave/bf16,0,1.0,CoreWeave,A,1.17e-05,0.9999999689933002,0.0,0
comprehension,ally_majority,neutral,3012,-1,0,0,0,rPaPrQaPaPrQ,A,gemma-26b-cw,google/gemma-4-26b-a4b-it,coreweave/bf16,0,1.0,CoreWeave,A,1.08e-05,0.9999999717680751,9.09773529616304e-08,0
comprehension,ally_majority,neutral,3012,-1,0,1,0,aPaPrQaPrPrQ,A,gemma-26b-cw,google/gemma-4-26b-a4b-it,coreweave/bf16,0,1.0,CoreWeave,A,1.08e-05,0.9999999944408049,0.0,0
comprehension,ally_majority,neutral,3012,1,0,0,0,rQaPaPrQrPaP,A,gemma-26b-cw,google/gemma-4-26b-a4b-it,coreweave/bf16,0,1.0,CoreWeave,A,1.08e-05,0.9999999442910453,6.350032418703163e-08,0
comprehension,ally_majority,neutral,3012,1,0,1,0,aPaPrQrQrPaP,A,gemma-26b-cw,google/gemma-4-26b-a4b-it,coreweave/bf16,0,1.0,CoreWeave,A,1.24e-05,0.9999999808225603,0.0,0
comprehension,ally_majority,neutral,3020,-1,0,0,0,aPaPrPrPaP,A,gemma-26b-cw,google/gemma-4-26b-a4b-it,coreweave/bf16,0,1.0,CoreWeave,A,1.01e-05,0.9999999317439628,5.0953241576577836e-08,0
comprehension,ally_majority,neutral,3020,-1,0,1,0,aPaPaPrPrP,A,gemma-26b-cw,google/gemma-4-26b-a4b-it,coreweave/bf16,0,1.0,CoreWeave,A,1.01e-05,0.9999999948585849,0.0,0
comprehension,ally_majority,neutral,3020,1,0,0,0,rPaPaPrPaP,A,gemma-26b-cw,google/gemma-4-26b-a4b-it,coreweave/bf16,0,1.0,CoreWeave,A,1.01e-05,0.9999999052358796,2.4445157202978785e-08,0
comprehension,ally_majority,neutral,3020,1,0,1,0,rPaPrPaPaP,A,gemma-26b-cw,google/gemma-4-26b-a4b-it,coreweave/bf16,0,1.0,CoreWeave,A,1.01e-05,0.9999999889009493,0.0,0
comprehension,ally_majority,neutral,3021,-1,0,0,0,rQaPrPrPaPaP,A,gemma-26b-cw,google/gemma-4-26b-a4b-it,coreweave/bf16,0,1.0,CoreWeave,A,1.08e-05,0.9999999808973239,1.0010660111656065e-07,0
comprehension,ally_majority,neutral,3021,-1,0,1,0,aPaPrQaPrPrP,A,gemma-26b-cw,google/gemma-4-26b-a4b-it,coreweave/bf16,0,1.0,CoreWeave,A,1.08e-05,0.9999999931353103,0.0,0
comprehension,ally_majority,neutral,3021,1,0,0,0,aPaPrPrPrQaP,A,gemma-26b-cw,google/gemma-4-26b-a4b-it,coreweave/bf16,0,1.0,CoreWeave,A,1.08e-05,0.9999998621190078,1.0053754395501968e-07,0
comprehension,ally_majority,neutral,3021,1,0,1,0,aPrPaPaPrPrQ,A,gemma-26b-cw,google/gemma-4-26b-a4b-it,coreweave/bf16,0,1.0,CoreWeave,A,1.08e-05,0.9999999776885109,0.0,0
comprehension,ally_majority,neutral,3030,-1,0,0,0,aPrPrPaPaPrP,A,gemma-26b-cw,google/gemma-4-26b-a4b-it,coreweave/bf16,0,1.0,CoreWeave,A,1.08e-05,0.9999999434137637,0.0,0
comprehension,ally_majority,neutral,3030,-1,0,1,0,rPaPaPaPrPrP,A,gemma-26b-cw,google/gemma-4-26b-a4b-it,coreweave/bf16,0,1.0,CoreWeave,A,1.08e-05,0.9999999894916302,0.0,0
comprehension,ally_majority,neutral,3030,1,0,0,0,aPaPaPrPrPrP,A,gemma-26b-cw,google/gemma-4-26b-a4b-it,coreweave/bf16,0,1.0,CoreWeave,A,1.08e-05,0.9999999322751355,5.148441424543512e-08,0
comprehension,ally_majority,neutral,3030,1,0,1,0,rPaPrPaPaPrP,A,gemma-26b-cw,google/gemma-4-26b-a4b-it,coreweave/bf16,0,1.0,CoreWeave,A,1.08e-05,0.9999999876181142,0.0,0
comprehension,ally_majority,neutral,3100,-1,0,0,0,aPaQaPaP,A,gemma-26b-cw,google/gemma-4-26b-a4b-it,coreweave/bf16,0,1.0,CoreWeave,A,1.1e-05,0.9999999764113409,2.1482986818194858e-07,0
comprehension,ally_majority,neutral,3100,-1,0,1,0,aQaPaPaP,A,gemma-26b-cw,google/gemma-4-26b-a4b-it,coreweave/bf16,0,1.0,CoreWeave,A,9.4e-06,0.9999999858040947,2.2422262017951188e-07,0
comprehension,ally_majority,neutral,3100,1,0,0,0,aPaPaPaQ,A,gemma-26b-cw,google/gemma-4-26b-a4b-it,coreweave/bf16,0,1.0,CoreWeave,A,1.1e-05,0.9999999411596104,1.7957814325593986e-07,0
comprehension,ally_majority,neutral,3100,1,0,1,0,aPaPaPaQ,A,gemma-26b-cw,google/gemma-4-26b-a4b-it,coreweave/bf16,0,1.0,CoreWeave,A,9.4e-06,0.9999999858870307,2.2430555607970239e-07,0
comprehension,ally_majority,neutral,3101,-1,0,0,0,rQaPaPaPaQ,A,gemma-26b-cw,google/gemma-4-26b-a4b-it,coreweave/bf16,0,1.0,CoreWeave,A,1.01e-05,0.9999999500628036,3.076905667889031e-07,0
comprehension,ally_majority,neutral,3101,-1,0,1,0,aQaPrQaPaP,A,gemma-26b-cw,google/gemma-4-26b-a4b-it,coreweave/bf16,0,1.0,CoreWeave,A,1.01e-05,0.9999999808879896,3.3851574388147776e-07,0
comprehension,ally_majority,neutral,3101,1,0,0,0,aPrQaPaQaP,A,gemma-26b-cw,google/gemma-4-26b-a4b-it,coreweave/bf16,0,1.0,CoreWeave,A,1.01e-05,0.9999998555019273,3.3233890621852505e-07,0
comprehension,ally_majority,neutral,3101,1,0,1,0,aPrQaPaQaP,A,gemma-26b-cw,google/gemma-4-26b-a4b-it,coreweave/bf16,0,1.0,CoreWeave,A,1.01e-05,0.9999998975355313,2.551633052584808e-07,0
comprehension,ally_majority,neutral,3102,-1,0,0,0,aPrQaPaPrQaQ,A,gemma-26b-cw,google/gemma-4-26b-a4b-it,coreweave/bf16,0,1.0,CoreWeave,A,1.08e-05,0.9999997761970247,2.5303401221926907e-07,0
comprehension,ally_majority,neutral,3102,-1,0,1,0,aQrQrQaPaPaP,A,gemma-26b-cw,google/gemma-4-26b-a4b-it,coreweave/bf16,0,1.0,CoreWeave,A,1.08e-05,0.9999999672503903,2.0566891935390255e-07,0
comprehension,ally_majority,neutral,3102,1,0,0,0,aPaPaPaQrQrQ,A,gemma-26b-cw,google/gemma-4-26b-a4b-it,coreweave/bf16,0,1.0,CoreWeave,A,1.08e-05,0.9999999022277204,2.598554937048167e-07,0
comprehension,ally_majority,neutral,3102,1,0,1,0,aPaQrQrQaPaP,A,gemma-26b-cw,google/gemma-4-26b-a4b-it,coreweave/bf16,0,1.0,CoreWeave,A,1.08e-05,0.9999999782584955,2.1667702243982784e-07,0
comprehension,ally_majority,neutral,3110,-1,0,0,0,aPaPaPaQrP,A,gemma-26b-cw,google/gemma-4-26b-a4b-it,coreweave/bf16,0,1.0,CoreWeave,A,1.01e-05,0.9999999748900031,2.1330853070070383e-07,0
comprehension,ally_majority,neutral,3110,-1,0,1,0,aPaQaPaPrP,A,gemma-26b-cw,google/gemma-4-26b-a4b-it,coreweave/bf16,0,1.0,CoreWeave,A,1.01e-05,0.9999999726366736,3.3026443041787764e-07,0
comprehension,ally_majority,neutral,3110,1,0,0,0,aQaPrPaPaP,A,gemma-26b-cw,google/gemma-4-26b-a4b-it,coreweave/bf16,0,1.0,CoreWeave,A,1.01e-05,0.9999999538156484,1.9223417960910419e-07,0
comprehension,ally_majority,neutral,3110,1,0,1,0,rPaPaPaPaQ,A,gemma-26b-cw,google/gemma-4-26b-a4b-it,coreweave/bf16,0,1.0,CoreWeave,A,1.01e-05,0.999999962305435,8.151471345570737e-08,0
comprehension,ally_majority,neutral,3111,-1,0,0,0,aPaQrPrQaPaP,A,gemma-26b-cw,google/gemma-4-26b-a4b-it,coreweave/bf16,0,1.0,CoreWeave,A,1.08e-05,0.9999999555849484,7.479422707302068e-08,0
comprehension,ally_majority,neutral,3111,-1,0,1,0,aPaPaQaPrQrP,A,gemma-26b-cw,google/gemma-4-26b-a4b-it,coreweave/bf16,0,1.0,CoreWeave,A,1.08e-05,0.9999999858663405,3.5762774786007867e-07,1
comprehension,ally_majority,neutral,3111,1,0,0,0,aQaPaPrQaPrP,A,gemma-26b-cw,google/gemma-4-26b-a4b-it,coreweave/bf16,0,1.0,CoreWeave,A,1.08e-05,0.9999999317439465,2.8937171409672997e-07,0
comprehension,ally_majority,neutral,3111,1,0,1,0,aPaPrQrPaPaQ,A,gemma-26b-cw,google/gemma-4-26b-a4b-it,coreweave/bf16,0,1.0,CoreWeave,A,1.08e-05,0.9999999566138168,1.9503234747618245e-07,0
comprehension,ally_majority,neutral,3120,-1,0,0,0,aPrPaPrPaPaQ,A,gemma-26b-cw,google/gemma-4-26b-a4b-it,coreweave/bf16,0,1.0,CoreWeave,A,1.08e-05,0.9999986290431201,2.9797082531548366e-07,0
comprehension,ally_majority,neutral,3120,-1,0,1,0,aQrPaPaPaPrP,A,gemma-26b-cw,google/gemma-4-26b-a4b-it,coreweave/bf16,0,1.0,CoreWeave,A,1.08e-05,0.9999999482759802,1.8669451209371426e-07,0
comprehension,ally_majority,neutral,3120,1,0,0,0,aQaPrPaPaPrP,A,gemma-26b-cw,google/gemma-4-26b-a4b-it,coreweave/bf16,0,1.0,CoreWeave,A,1.08e-05,0.999999944724556,4.215615101738836e-07,0
comprehension,ally_majority,neutral,3120,1,0,1,0,rPaPaPrPaPaQ,A,gemma-26b-cw,google/gemma-4-26b-a4b-it,coreweave/bf16,0,1.0,CoreWeave,A,1.08e-05,0.9999998724809115,2.301086887113452e-07,0
comprehension,ally_majority,neutral,3200,-1,0,0,0,aQaPaPaQaP,A,gemma-26b-cw,google/gemma-4-26b-a4b-it,coreweave/bf16,0,1.0,CoreWeave,A,1.01e-05,0.9999999081514428,2.657792151259064e-07,0
comprehension,ally_majority,neutral,3200,-1,0,1,0,aPaQaPaPaQ,A,gemma-26b-cw,google/gemma-4-26b-a4b-it,coreweave/bf16,0,1.0,CoreWeave,A,1.01e-05,0.9999999848442009,2.133136016422589e-07,0
comprehension,ally_majority,neutral,3200,1,0,0,0,aQaQaPaPaP,A,gemma-26b-cw,google/gemma-4-26b-a4b-it,coreweave/bf16,0,1.0,CoreWeave,A,1.01e-05,0.9999999597172924,1.9813582263849273e-07,0
comprehension,ally_majority,neutral,3200,1,0,1,0,aPaQaPaQaP,A,gemma-26b-cw,google/gemma-4-26b-a4b-it,coreweave/bf16,0,1.0,CoreWeave,A,1.01e-05,0.9999999594013512,1.9781988150963767e-07,0
comprehension,ally_majority,neutral,3201,-1,0,0,0,rQaQaQaPaPaP,A,gemma-26b-cw,google/gemma-4-26b-a4b-it,coreweave/bf16,0,1.0,CoreWeave,A,1.08e-05,0.9999998663611435,2.239889212865792e-07,0
comprehension,ally_majority,neutral,3201,-1,0,1,0,aPaQaPaPaQrQ,A,gemma-26b-cw,google/gemma-4-26b-a4b-it,coreweave/bf16,0,1.0,CoreWeave,A,1.08e-05,0.9999999741939191,5.702400334234451e-07,0
comprehension,ally_majority,neutral,3201,1,0,0,0,aPaPaPaQaQrQ,A,gemma-26b-cw,google/gemma-4-26b-a4b-it,coreweave/bf16,0,1.0,CoreWeave,A,1.08e-05,0.9999998412999163,3.181368975954367e-07,0
comprehension,ally_majority,neutral,3201,1,0,1,0,aQaPaPrQaQaP,A,gemma-26b-cw,google/gemma-4-26b-a4b-it,coreweave/bf16,0,1.0,CoreWeave,A,1.08e-05,0.9999996640319797,1.4086895783661232e-07,0
comprehension,ally_majority,neutral,3210,-1,0,0,0,rPaPaQaPaPaQ,A,gemma-26b-cw,google/gemma-4-26b-a4b-it,coreweave/bf16,0,1.0,CoreWeave,A,1.08e-05,0.9999999617118229,3.1933958300000405e-07,0
comprehension,ally_majority,neutral,3210,-1,0,1,0,aQaQaPaPaPrP,A,gemma-26b-cw,google/gemma-4-26b-a4b-it,coreweave/bf16,0,1.0,CoreWeave,A,1.08e-05,0.9999999455815158,5.416276448985859e-07,0
comprehension,ally_majority,neutral,3210,1,0,0,0,rPaQaPaQaPaP,A,gemma-26b-cw,google/gemma-4-26b-a4b-it,coreweave/bf16,0,1.0,CoreWeave,A,1.08e-05,0.9999998838925335,3.607295062010943e-07,0
comprehension,ally_majority,neutral,3210,1,0,1,0,aPaPaPrPaQaQ,A,gemma-26b-cw,google/gemma-4-26b-a4b-it,coreweave/bf16,0,1.0,CoreWeave,A,1.08e-05,0.9999997214727456,7.910051547297026e-08,0
comprehension,ally_majority,neutral,4000,-1,0,0,0,aPaPaPaP,A,gemma-26b-cw,google/gemma-4-26b-a4b-it,coreweave/bf16,0,1.0,CoreWeave,A,9.4e-06,0.9999999898348106,1.0904408713457033e-07,0
comprehension,ally_majority,neutral,4000,-1,0,1,0,aPaPaPaP,A,gemma-26b-cw,google/gemma-4-26b-a4b-it,coreweave/bf16,0,1.0,CoreWeave,A,9.4e-06,0.9999999925774999,1.1178677601321677e-07,0
comprehension,ally_majority,neutral,4000,1,0,0,0,aPaPaPaP,A,gemma-26b-cw,google/gemma-4-26b-a4b-it,coreweave/bf16,0,1.0,CoreWeave,A,9.4e-06,0.9999999800391346,0.0,0
comprehension,ally_majority,neutral,4000,1,0,1,0,aPaPaPaP,A,gemma-26b-cw,google/gemma-4-26b-a4b-it,coreweave/bf16,0,1.0,CoreWeave,A,9.4e-06,0.9999999920368207,0.0,0
comprehension,ally_majority,neutral,4001,-1,0,0,0,aPrQaPaPaP,A,gemma-26b-cw,google/gemma-4-26b-a4b-it,coreweave/bf16,0,1.0,CoreWeave,A,1.01e-05,0.9999999853534718,0.0,0
comprehension,ally_majority,neutral,4001,-1,0,1,0,aPrQaPaPaP,A,gemma-26b-cw,google/gemma-4-26b-a4b-it,coreweave/bf16,0,1.0,CoreWeave,A,1.17e-05,0.9999999898546452,1.0906392164184268e-07,0
comprehension,ally_majority,neutral,4001,1,0,0,0,aPaPrQaPaP,A,gemma-26b-cw,google/gemma-4-26b-a4b-it,coreweave/bf16,0,1.0,CoreWeave,A,1.01e-05,0.9999999672503983,0.0,0
comprehension,ally_majority,neutral,4001,1,0,1,0,aPaPaPrQaP,A,gemma-26b-cw,google/gemma-4-26b-a4b-it,coreweave/bf16,0,1.0,CoreWeave,A,1.01e-05,0.9999999865858153,0.0,0
comprehension,ally_majority,neutral,4002,-1,0,0,0,aPaPrQaPrQaP,A,gemma-26b-cw,google/gemma-4-26b-a4b-it,coreweave/bf16,0,1.0,CoreWeave,A,1.08e-05,0.9999999890730241,0.0,0
comprehension,ally_majority,neutral,4002,-1,0,1,0,aPrQaPaPrQaP,A,gemma-26b-cw,google/gemma-4-26b-a4b-it,coreweave/bf16,0,1.0,CoreWeave,A,1.08e-05,0.9999999933465147,0.0,1
comprehension,ally_majority,neutral,4002,1,0,0,0,aPrQaPaPaPrQ,A,gemma-26b-cw,google/gemma-4-26b-a4b-it,coreweave/bf16,0,1.0,CoreWeave,A,1.08e-05,0.9999999825728133,0.0,0
comprehension,ally_majority,neutral,4002,1,0,1,0,aPaPaPrQaPrQ,A,gemma-26b-cw,google/gemma-4-26b-a4b-it,coreweave/bf16,0,1.0,CoreWeave,A,1.08e-05,0.9999999858594428,0.0,0
comprehension,ally_majority,neutral,4010,-1,0,0,0,aPrPaPaPaP,A,gemma-26b-cw,google/gemma-4-26b-a4b-it,coreweave/bf16,0,1.0,CoreWeave,A,1.01e-05,0.9999999592424574,7.845173600424358e-08,0
comprehension,ally_majority,neutral,4010,-1,0,1,0,aPaPaPaPrP,A,gemma-26b-cw,google/gemma-4-26b-a4b-it,coreweave/bf16,0,1.0,CoreWeave,A,1.17e-05,0.9999999932943306,0.0,0
comprehension,ally_majority,neutral,4010,1,0,0,0,aPaPaPaPrP,A,gemma-26b-cw,google/gemma-4-26b-a4b-it,coreweave/bf16,0,1.0,CoreWeave,A,1.01e-05,0.9999999226557778,4.186505626851089e-08,0
comprehension,ally_majority,neutral,4010,1,0,1,0,aPaPaPrPaP,A,gemma-26b-cw,google/gemma-4-26b-a4b-it,coreweave/bf16,0,1.0,CoreWeave,A,1.01e-05,0.9999999822637676,0.0,0
comprehension,ally_majority,neutral,4011,-1,0,0,0,aPrPaPaPaPrQ,A,gemma-26b-cw,google/gemma-4-26b-a4b-it,coreweave/bf16,0,1.0,CoreWeave,A,1.24e-05,0.9999999675052538,8.671453186743875e-08,0
comprehension,ally_majority,neutral,4011,-1,0,1,0,aPaPaPrQrPaP,A,gemma-26b-cw,google/gemma-4-26b-a4b-it,coreweave/bf16,0,1.0,CoreWeave,A,1.08e-05,0.9999999920987898,1.1920927533992653e-07,1
comprehension,ally_majority,neutral,4011,1,0,0,0,aPaPrPaPrQaP,A,gemma-26b-cw,google/gemma-4-26b-a4b-it,coreweave/bf16,0,1.0,CoreWeave,A,1.08e-05,0.9999999189439416,1.573624766132968e-07,0
comprehension,ally_majority,neutral,4011,1,0,1,0,aPaPaPrQaPrP,A,gemma-26b-cw,google/gemma-4-26b-a4b-it,coreweave/bf16,0,1.0,CoreWeave,A,1.08e-05,0.9999999761449417,0.0,0
comprehension,ally_majority,neutral,4020,-1,0,0,0,aPrPrPaPaPaP,A,gemma-26b-cw,google/gemma-4-26b-a4b-it,coreweave/bf16,0,1.0,CoreWeave,A,1.08e-05,0.9999999480735504,0.0,0
comprehension,ally_majority,neutral,4020,-1,0,1,0,aPrPaPaPrPaP,A,gemma-26b-cw,google/gemma-4-26b-a4b-it,coreweave/bf16,0,1.0,CoreWeave,A,1.08e-05,0.9999999881851221,0.0,0
comprehension,ally_majority,neutral,4020,1,0,0,0,rPaPaPrPaPaP,A,gemma-26b-cw,google/gemma-4-26b-a4b-it,coreweave/bf16,0,1.0,CoreWeave,A,1.08e-05,0.9999999074310767,1.4584961255346765e-07,0
comprehension,ally_majority,neutral,4020,1,0,1,0,rPaPrPaPaPaP,A,gemma-26b-cw,google/gemma-4-26b-a4b-it,coreweave/bf16,0,1.0,CoreWeave,A,1.08e-05,0.9999999858040982,0.0,0
comprehension,ally_majority,neutral,4100,-1,0,0,0,aPaPaPaPaQ,A,gemma-26b-cw,google/gemma-4-26b-a4b-it,coreweave/bf16,0,1.0,CoreWeave,A,1.01e-05,0.9999999802909398,9.950021714436573e-08,0
comprehension,ally_majority,neutral,4100,-1,0,1,0,aPaPaPaPaQ,A,gemma-26b-cw,google/gemma-4-26b-a4b-it,coreweave/bf16,0,1.0,CoreWeave,A,1.01e-05,0.999999990870169,1.0199086408807568e-07,0
comprehension,ally_majority,neutral,4100,1,0,0,0,aPaQaPaPaP,A,gemma-26b-cw,google/gemma-4-26b-a4b-it,coreweave/bf16,0,1.0,CoreWeave,A,1.01e-05,0.9999999750854136,9.429469128707149e-08,0
comprehension,ally_majority,neutral,4100,1,0,1,0,aPaPaQaPaP,A,gemma-26b-cw,google/gemma-4-26b-a4b-it,coreweave/bf16,0,1.0,CoreWeave,A,1.01e-05,0.9999999869731067,1.0618238333029989e-07,0
comprehension,ally_majority,neutral,4101,-1,0,0,0,aPaPrQaPaQaP,A,gemma-26b-cw,google/gemma-4-26b-a4b-it,coreweave/bf16,0,1.0,CoreWeave,A,1.08e-05,0.9999999640315904,2.0245012003743364e-07,0
comprehension,ally_majority,neutral,4101,-1,0,1,0,aQaPaPaPrQaP,A,gemma-26b-cw,google/gemma-4-26b-a4b-it,coreweave/bf16,0,1.0,CoreWeave,A,1.08e-05,0.9999999834518554,3.5762774786007867e-07,1
comprehension,ally_majority,neutral,4101,1,0,0,0,aPaPrQaQaPaP,A,gemma-26b-cw,google/gemma-4-26b-a4b-it,coreweave/bf16,0,1.0,CoreWeave,A,1.08e-05,0.9999999562735347,1.9469206548995158e-07,0
comprehension,ally_majority,neutral,4101,1,0,1,0,aQaPaPaPrQaP,A,gemma-26b-cw,google/gemma-4-26b-a4b-it,coreweave/bf16,0,1.0,CoreWeave,A,1.08e-05,0.9999999867679629,1.0597723963114207e-07,0
comprehension,ally_majority,neutral,4110,-1,0,0,0,aPaPaPaQaPrP,A,gemma-26b-cw,google/gemma-4-26b-a4b-it,coreweave/bf16,0,1.0,CoreWeave,A,1.08e-05,0.9999999713234801,3.289512373953272e-07,0
comprehension,ally_majority,neutral,4110,-1,0,1,0,rPaQaPaPaPaP,A,gemma-26b-cw,google/gemma-4-26b-a4b-it,coreweave/bf16,0,1.0,CoreWeave,A,1.08e-05,0.9999999817587415,2.2017726777404996e-07,0
comprehension,ally_majority,neutral,4110,1,0,0,0,rPaPaPaQaPaP,A,gemma-26b-cw,google/gemma-4-26b-a4b-it,coreweave/bf16,0,1.0,CoreWeave,A,1.08e-05,0.999999960186605,7.939588338605155e-08,0
comprehension,ally_majority,neutral,4110,1,0,1,0,rPaPaPaQaPaP,A,gemma-26b-cw,google/gemma-4-26b-a4b-it,coreweave/bf16,0,1.0,CoreWeave,A,1.08e-05,0.9999999840702598,1.032795367805516e-07,0
comprehension,ally_majority,neutral,4200,-1,0,0,0,aQaPaPaPaQaP,A,gemma-26b-cw,google/gemma-4-26b-a4b-it,coreweave/bf16,0,1.0,CoreWeave,A,1.24e-05,0.9999999722057642,3.161814552797125e-07,0
comprehension,ally_majority,neutral,4200,-1,0,1,0,aQaPaPaPaQaP,A,gemma-26b-cw,google/gemma-4-26b-a4b-it,coreweave/bf16,0,1.0,CoreWeave,A,1.08e-05,0.9999999886820375,2.3841852225814364e-07,1
comprehension,ally_majority,neutral,4200,1,0,0,0,aQaPaPaQaPaP,A,gemma-26b-cw,google/gemma-4-26b-a4b-it,coreweave/bf16,0,1.0,CoreWeave,A,1.08e-05,0.9999999740929295,8.431392186096158e-08,0
comprehension,ally_majority,neutral,4200,1,0,1,0,aQaPaPaPaPaQ,A,gemma-26b-cw,google/gemma-4-26b-a4b-it,coreweave/bf16,0,1.0,CoreWeave,A,1.08e-05,0.9999999851228208,1.0433209769601124e-07,0
comprehension,ally_majority,neutral,5000,-1,0,0,0,aPaPaPaPaP,A,gemma-26b-cw,google/gemma-4-26b-a4b-it,coreweave/bf16,0,1.0,CoreWeave,A,1.01e-05,0.9999999916709433,0.0,0
comprehension,ally_majority,neutral,5000,-1,0,1,0,aPaPaPaPaP,A,gemma-26b-cw,google/gemma-4-26b-a4b-it,coreweave/bf16,0,1.0,CoreWeave,A,1.01e-05,0.9999999940822677,0.0,0
comprehension,ally_majority,neutral,5000,1,0,0,0,aPaPaPaPaP,A,gemma-26b-cw,google/gemma-4-26b-a4b-it,coreweave/bf16,0,1.0,CoreWeave,A,1.01e-05,0.9999999851518513,0.0,0
comprehension,ally_majority,neutral,5000,1,0,1,0,aPaPaPaPaP,A,gemma-26b-cw,google/gemma-4-26b-a4b-it,coreweave/bf16,0,1.0,CoreWeave,A,1.01e-05,0.9999999894505015,0.0,0
comprehension,ally_majority,neutral,5001,-1,0,0,0,aPaPrQaPaPaP,A,gemma-26b-cw,google/gemma-4-26b-a4b-it,coreweave/bf16,0,1.0,CoreWeave,A,1.08e-05,0.9999999873831477,0.0,0
comprehension,ally_majority,neutral,5001,-1,0,1,0,aPrQaPaPaPaP,A,gemma-26b-cw,google/gemma-4-26b-a4b-it,coreweave/bf16,0,1.0,CoreWeave,A,1.08e-05,0.9999999948182603,0.0,0
comprehension,ally_majority,neutral,5001,1,0,0,0,rQaPaPaPaPaP,A,gemma-26b-cw,google/gemma-4-26b-a4b-it,coreweave/bf16,0,1.0,CoreWeave,A,1.08e-05,0.99999998852624,0.0,0
comprehension,ally_majority,neutral,5001,1,0,1,0,aPaPaPaPaPrQ,A,gemma-26b-cw,google/gemma-4-26b-a4b-it,coreweave/bf16,0,1.0,CoreWeave,A,1.08e-05,0.9999999892003274,0.0,0
comprehension,ally_majority,neutral,5010,-1,0,0,0,aPaPaPrPaPaP,A,gemma-26b-cw,google/gemma-4-26b-a4b-it,coreweave/bf16,0,1.0,CoreWeave,A,1.08e-05,0.9999999846505703,0.0,0
comprehension,ally_majority,neutral,5010,-1,0,1,0,aPaPrPaPaPaP,A,gemma-26b-cw,google/gemma-4-26b-a4b-it,coreweave/bf16,0,1.0,CoreWeave,A,1.08e-05,0.9999999917196037,0.0,0
comprehension,ally_majority,neutral,5010,1,0,0,0,aPaPaPrPaPaP,A,gemma-26b-cw,google/gemma-4-26b-a4b-it,coreweave/bf16,0,1.0,CoreWeave,A,1.08e-05,0.9999999137162857,3.292556388919399e-08,0
comprehension,ally_majority,neutral,5010,1,0,1,0,aPaPaPaPaPrP,A,gemma-26b-cw,google/gemma-4-26b-a4b-it,coreweave/bf16,0,1.0,CoreWeave,A,1.08e-05,0.9999999863479345,0.0,0
comprehension,ally_majority,neutral,5100,-1,0,0,0,aPaPaPaPaQaP,A,gemma-26b-cw,google/gemma-4-26b-a4b-it,coreweave/bf16,0,1.0,CoreWeave,A,1.08e-05,0.9999999887261634,1.0793543996971055e-07,0
comprehension,ally_majority,neutral,5100,-1,0,1,0,aPaPaQaPaPaP,A,gemma-26b-cw,google/gemma-4-26b-a4b-it,coreweave/bf16,0,1.0,CoreWeave,A,1.08e-05,0.9999999894092106,1.0861848712513705e-07,0
comprehension,ally_majority,neutral,5100,1,0,0,0,aQaPaPaPaPaP,A,gemma-26b-cw,google/gemma-4-26b-a4b-it,coreweave/bf16,0,1.0,CoreWeave,A,1.24e-05,0.999999971323487,9.053276487517506e-08,0
comprehension,ally_majority,neutral,5100,1,0,1,0,aPaQaPaPaPaP,A,gemma-26b-cw,google/gemma-4-26b-a4b-it,coreweave/bf16,0,1.0,CoreWeave,A,1.08e-05,0.9999999896948802,0.0,0
comprehension,ally_majority,neutral,6000,-1,0,0,0,aPaPaPaPaPaP,A,gemma-26b-cw,google/gemma-4-26b-a4b-it,coreweave/bf16,0,1.0,CoreWeave,A,1.08e-05,0.9999999904972033,0.0,0
comprehension,ally_majority,neutral,6000,-1,0,1,0,aPaPaPaPaPaP,A,gemma-26b-cw,google/gemma-4-26b-a4b-it,coreweave/bf16,0,1.0,CoreWeave,A,1.08e-05,0.9999999933465147,0.0,0
comprehension,ally_majority,neutral,6000,1,0,0,0,aPaPaPaPaPaP,A,gemma-26b-cw,google/gemma-4-26b-a4b-it,coreweave/bf16,0,1.0,CoreWeave,A,1.08e-05,0.9999999801847983,0.0,0
comprehension,ally_majority,neutral,6000,1,0,1,0,aPaPaPaPaPaP,A,gemma-26b-cw,google/gemma-4-26b-a4b-it,coreweave/bf16,0,1.0,CoreWeave,A,1.08e-05,0.9999999901667861,0.0,0
comprehension,own,neutral,0001,-1,0,0,0,rQ,B,gemma-26b-cw,google/gemma-4-26b-a4b-it,coreweave/bf16,0,1.0,CoreWeave,B,8.6e-06,1.3730242979030227e-09,0.0,1
comprehension,own,neutral,0001,-1,0,1,0,rQ,B,gemma-26b-cw,google/gemma-4-26b-a4b-it,coreweave/bf16,0,1.0,CoreWeave,B,8.6e-06,1.0203450110550407e-09,0.0,1
comprehension,own,neutral,0001,1,0,0,0,rQ,A,gemma-26b-cw,google/gemma-4-26b-a4b-it,coreweave/bf16,0,1.0,CoreWeave,A,1.02e-05,0.9999999925775007,0.0,0
comprehension,own,neutral,0001,1,0,1,0,rQ,A,gemma-26b-cw,google/gemma-4-26b-a4b-it,coreweave/bf16,0,1.0,CoreWeave,A,1.02e-05,0.999999991185564,0.0,0
comprehension,own,neutral,0002,-1,0,0,0,rQrQ,B,gemma-26b-cw,google/gemma-4-26b-a4b-it,coreweave/bf16,0,1.0,CoreWeave,B,9.3e-06,1.6822645385173576e-09,0.0,1
comprehension,own,neutral,0002,-1,0,1,0,rQrQ,B,gemma-26b-cw,google/gemma-4-26b-a4b-it,coreweave/bf16,0,1.0,CoreWeave,B,9.3e-06,1.192904176596857e-09,0.0,0
comprehension,own,neutral,0002,1,0,0,0,rQrQ,A,gemma-26b-cw,google/gemma-4-26b-a4b-it,coreweave/bf16,0,1.0,CoreWeave,A,9.3e-06,0.9999999939419326,0.0,0
comprehension,own,neutral,0002,1,0,1,0,rQrQ,A,gemma-26b-cw,google/gemma-4-26b-a4b-it,coreweave/bf16,0,1.0,CoreWeave,A,9.3e-06,0.9999999893677608,0.0,0
comprehension,own,neutral,0003,-1,0,0,0,rQrQrQ,B,gemma-26b-cw,google/gemma-4-26b-a4b-it,coreweave/bf16,0,1.0,CoreWeave,B,1e-05,1.7356653255163007e-09,0.0,1
comprehension,own,neutral,0003,-1,0,1,0,rQrQrQ,B,gemma-26b-cw,google/gemma-4-26b-a4b-it,coreweave/bf16,0,1.0,CoreWeave,B,1e-05,8.592166461247868e-10,0.0,0
comprehension,own,neutral,0003,1,0,0,0,rQrQrQ,A,gemma-26b-cw,google/gemma-4-26b-a4b-it,coreweave/bf16,0,1.0,CoreWeave,A,1e-05,0.9999999922212875,0.0,0
comprehension,own,neutral,0003,1,0,1,0,rQrQrQ,A,gemma-26b-cw,google/gemma-4-26b-a4b-it,coreweave/bf16,0,1.0,CoreWeave,A,8.4e-06,0.9999999904693223,0.0,0
comprehension,own,neutral,0004,-1,0,0,0,rQrQrQrQ,B,gemma-26b-cw,google/gemma-4-26b-a4b-it,coreweave/bf16,0,1.0,CoreWeave,B,9.1e-06,2.1940865816472647e-09,0.0,1
comprehension,own,neutral,0004,-1,0,1,0,rQrQrQrQ,B,gemma-26b-cw,google/gemma-4-26b-a4b-it,coreweave/bf16,0,1.0,CoreWeave,B,9.1e-06,1.8767016909991306e-09,0.0,0
comprehension,own,neutral,0004,1,0,0,0,rQrQrQrQ,A,gemma-26b-cw,google/gemma-4-26b-a4b-it,coreweave/bf16,0,1.0,CoreWeave,A,1.07e-05,0.9999999875210019,0.0,0
comprehension,own,neutral,0004,1,0,1,0,rQrQrQrQ,A,gemma-26b-cw,google/gemma-4-26b-a4b-it,coreweave/bf16,0,1.0,CoreWeave,A,9.1e-06,0.9999999885932723,0.0,0
comprehension,own,neutral,0005,-1,0,0,0,rQrQrQrQrQ,B,gemma-26b-cw,google/gemma-4-26b-a4b-it,coreweave/bf16,0,1.0,CoreWeave,B,9.8e-06,2.1265816165687114e-09,0.0,0
comprehension,own,neutral,0005,-1,0,1,0,rQrQrQrQrQ,B,gemma-26b-cw,google/gemma-4-26b-a4b-it,coreweave/bf16,0,1.0,CoreWeave,B,9.8e-06,2.1770120543981643e-09,0.0,0
comprehension,own,neutral,0005,1,0,0,0,rQrQrQrQrQ,A,gemma-26b-cw,google/gemma-4-26b-a4b-it,coreweave/bf16,0,1.0,CoreWeave,A,9.8e-06,0.9999999841633271,0.0,0
comprehension,own,neutral,0005,1,0,1,0,rQrQrQrQrQ,A,gemma-26b-cw,google/gemma-4-26b-a4b-it,coreweave/bf16,0,1.0,CoreWeave,A,9.8e-06,0.999999986506986,0.0,0
comprehension,own,neutral,0006,-1,0,0,0,rQrQrQrQrQrQ,B,gemma-26b-cw,google/gemma-4-26b-a4b-it,coreweave/bf16,0,1.0,CoreWeave,B,1.05e-05,1.936274596791117e-09,0.0,0
comprehension,own,neutral,0006,-1,0,1,0,rQrQrQrQrQrQ,B,gemma-26b-cw,google/gemma-4-26b-a4b-it,coreweave/bf16,0,1.0,CoreWeave,B,1.05e-05,2.0291983581372866e-09,0.0,0
comprehension,own,neutral,0006,1,0,0,0,rQrQrQrQrQrQ,A,gemma-26b-cw,google/gemma-4-26b-a4b-it,coreweave/bf16,0,1.0,CoreWeave,A,1.05e-05,0.9999999898546464,0.0,0
comprehension,own,neutral,0006,1,0,1,0,rQrQrQrQrQrQ,A,gemma-26b-cw,google/gemma-4-26b-a4b-it,coreweave/bf16,0,1.0,CoreWeave,A,1.05e-05,0.9999999850061394,0.0,0
comprehension,own,neutral,0010,-1,0,0,0,rP,B,gemma-26b-cw,google/gemma-4-26b-a4b-it,coreweave/bf16,0,1.0,CoreWeave,B,8.6e-06,1.373024295191465e-09,0.0,1
comprehension,own,neutral,0010,-1,0,1,0,rP,B,gemma-26b-cw,google/gemma-4-26b-a4b-it,coreweave/bf16,0,1.0,CoreWeave,B,1.18e-05,9.736200149942312e-10,0.0,1
comprehension,own,neutral,0010,1,0,0,0,rP,A,gemma-26b-cw,google/gemma-4-26b-a4b-it,coreweave/bf16,0,1.0,CoreWeave,A,8.6e-06,0.9999999868709354,1.060802121499705e-07,0
comprehension,own,neutral,0010,1,0,1,0,rP,A,gemma-26b-cw,google/gemma-4-26b-a4b-it,coreweave/bf16,0,1.0,CoreWeave,A,8.6e-06,0.9999999722057739,0.0,0
comprehension,own,neutral,0011,-1,0,0,0,rPrQ,B,gemma-26b-cw,google/gemma-4-26b-a4b-it,coreweave/bf16,0,1.0,CoreWeave,B,9.3e-06,1.735665336500374e-09,0.0,1
comprehension,own,neutral,0011,-1,0,1,0,rPrQ,B,gemma-26b-cw,google/gemma-4-26b-a4b-it,coreweave/bf16,0,1.0,CoreWeave,B,9.3e-06,1.0861516091789717e-09,0.0,1
comprehension,own,neutral,0011,1,0,0,0,rQrP,A,gemma-26b-cw,google/gemma-4-26b-a4b-it,coreweave/bf16,0,1.0,CoreWeave,A,9.3e-06,0.9999999845301815,1.0373945831241305e-07,0
comprehension,own,neutral,0011,1,0,1,0,rQrP,A,gemma-26b-cw,google/gemma-4-26b-a4b-it,coreweave/bf16,0,1.0,CoreWeave,A,9.3e-06,0.9999999860241853,0.0,0
comprehension,own,neutral,0012,-1,0,0,0,rPrQrQ,B,gemma-26b-cw,google/gemma-4-26b-a4b-it,coreweave/bf16,0,1.0,CoreWeave,B,1e-05,1.8767017003831563e-09,0.0,1
comprehension,own,neutral,0012,-1,0,1,0,rQrQrP,B,gemma-26b-cw,google/gemma-4-26b-a4b-it,coreweave/bf16,0,1.0,CoreWeave,B,1e-05,1.4845932339316257e-09,0.0,1
comprehension,own,neutral,0012,1,0,0,0,rPrQrQ,A,gemma-26b-cw,google/gemma-4-26b-a4b-it,coreweave/bf16,0,1.0,CoreWeave,A,1e-05,0.9999999869476401,0.0,0
comprehension,own,neutral,0012,1,0,1,0,rQrQrP,A,gemma-26b-cw,google/gemma-4-26b-a4b-it,coreweave/bf16,0,1.0,CoreWeave,A,1e-05,0.9999999816291382,0.0,0
comprehension,own,neutral,0013,-1,0,0,0,rPrQrQrQ,B,gemma-26b-cw,google/gemma-4-26b-a4b-it,coreweave/bf16,0,1.0,CoreWeave,B,9.1e-06,2.646573593292773e-09,0.0,1
comprehension,own,neutral,0013,-1,0,1,0,rPrQrQrQ,B,gemma-26b-cw,google/gemma-4-26b-a4b-it,coreweave/bf16,0,1.0,CoreWeave,B,1.07e-05,1.4615767465136048e-09,0.0,1
comprehension,own,neutral,0013,1,0,0,0,rQrPrQrQ,A,gemma-26b-cw,google/gemma-4-26b-a4b-it,coreweave/bf16,0,1.0,CoreWeave,A,9.1e-06,0.999999985720675,0.0,0
comprehension,own,neutral,0013,1,0,1,0,rPrQrQrQ,A,gemma-26b-cw,google/gemma-4-26b-a4b-it,coreweave/bf16,0,1.0,CoreWeave,A,1.07e-05,0.9999999761391171,0.0,0
comprehension,own,neutral,0014,-1,0,0,0,rQrQrQrPrQ,B,gemma-26b-cw,google/gemma-4-26b-a4b-it,coreweave/bf16,0,1.0,CoreWeave,B,9.8e-06,3.0461875239344527e-09,0.0,1
comprehension,own,neutral,0014,-1,0,1,0,rQrPrQrQrQ,B,gemma-26b-cw,google/gemma-4-26b-a4b-it,coreweave/bf16,0,1.0,CoreWeave,B,9.8e-06,2.1940865639871807e-09,0.0,1
comprehension,own,neutral,0014,1,0,0,0,rQrQrQrQrP,A,gemma-26b-cw,google/gemma-4-26b-a4b-it,coreweave/bf16,0,1.0,CoreWeave,A,9.8e-06,0.9999999834033093,0.0,0
comprehension,own,neutral,0014,1,0,1,0,rPrQrQrQrQ,A,gemma-26b-cw,google/gemma-4-26b-a4b-it,coreweave/bf16,0,1.0,CoreWeave,A,9.8e-06,0.9999999811934837,9.009764087222229e-08,0
comprehension,own,neutral,0015,-1,0,0,0,rQrQrQrQrPrQ,B,gemma-26b-cw,google/gemma-4-26b-a4b-it,coreweave/bf16,0,1.0,CoreWeave,B,1.05e-05,3.791042028182644e-09,8.962247466381967e-08,1
comprehension,own,neutral,0015,-1,0,1,0,rQrPrQrQrQrQ,B,gemma-26b-cw,google/gemma-4-26b-a4b-it,coreweave/bf16,0,1.0,CoreWeave,B,1.05e-05,3.85074183774847e-09,0.0,0
comprehension,own,neutral,0015,1,0,0,0,rQrQrQrQrQrP,A,gemma-26b-cw,google/gemma-4-26b-a4b-it,coreweave/bf16,0,1.0,CoreWeave,A,1.05e-05,0.9999999837877711,0.0,0
comprehension,own,neutral,0015,1,0,1,0,rPrQrQrQrQrQ,A,gemma-26b-cw,google/gemma-4-26b-a4b-it,coreweave/bf16,0,1.0,CoreWeave,A,1.05e-05,0.9999999795058202,9.871509752155239e-08,0
comprehension,own,neutral,0020,-1,0,0,0,rPrP,B,gemma-26b-cw,google/gemma-4-26b-a4b-it,coreweave/bf16,0,1.0,CoreWeave,B,9.3e-06,1.7087563419994246e-09,0.0,1
comprehension,own,neutral,0020,-1,0,1,0,rPrP,B,gemma-26b-cw,google/gemma-4-26b-a4b-it,coreweave/bf16,0,1.0,CoreWeave,B,9.3e-06,1.555840349984336e-09,0.0,1
comprehension,own,neutral,0020,1,0,0,0,rPrP,A,gemma-26b-cw,google/gemma-4-26b-a4b-it,coreweave/bf16,0,1.0,CoreWeave,A,9.3e-06,0.9999999815572366,0.0,0
comprehension,own,neutral,0020,1,0,1,0,rPrP,A,gemma-26b-cw,google/gemma-4-26b-a4b-it,coreweave/bf16,0,1.0,CoreWeave,A,9.3e-06,0.9999999343588025,1.727773360850686e-07,0
comprehension,own,neutral,0021,-1,0,0,0,rPrPrQ,B,gemma-26b-cw,google/gemma-4-26b-a4b-it,coreweave/bf16,0,1.0,CoreWeave,B,8.4e-06,2.263734346022555e-09,0.0,1
comprehension,own,neutral,0021,-1,0,1,0,rQrPrP,B,gemma-26b-cw,google/gemma-4-26b-a4b-it,coreweave/bf16,0,1.0,CoreWeave,B,1e-05,1.7356653372461069e-09,0.0,1
comprehension,own,neutral,0021,1,0,0,0,rPrPrQ,A,gemma-26b-cw,google/gemma-4-26b-a4b-it,coreweave/bf16,0,1.0,CoreWeave,A,8.4e-06,0.9999999891156245,0.0,0
comprehension,own,neutral,0021,1,0,1,0,rPrQrP,A,gemma-26b-cw,google/gemma-4-26b-a4b-it,coreweave/bf16,0,1.0,CoreWeave,A,1e-05,0.9999999727433595,9.195263736250453e-08,0
comprehension,own,neutral,0022,-1,0,0,0,rPrQrPrQ,B,gemma-26b-cw,google/gemma-4-26b-a4b-it,coreweave/bf16,0,1.0,CoreWeave,B,9.1e-06,2.8616283594634037e-09,0.0,1
comprehension,own,neutral,0022,-1,0,1,0,rQrPrPrQ,B,gemma-26b-cw,google/gemma-4-26b-a4b-it,coreweave/bf16,0,1.0,CoreWeave,B,9.1e-06,1.643294902532243e-09,0.0,1
comprehension,own,neutral,0022,1,0,0,0,rPrPrQrQ,A,gemma-26b-cw,google/gemma-4-26b-a4b-it,coreweave/bf16,0,1.0,CoreWeave,A,9.1e-06,0.9999999705285447,8.9737822722027e-08,0
comprehension,own,neutral,0022,1,0,1,0,rPrPrQrQ,A,gemma-26b-cw,google/gemma-4-26b-a4b-it,coreweave/bf16,0,1.0,CoreWeave,A,9.1e-06,0.9999999735819581,9.279123595211905e-08,0
comprehension,own,neutral,0023,-1,0,0,0,rPrQrQrQrP,B,gemma-26b-cw,google/gemma-4-26b-a4b-it,coreweave/bf16,0,1.0,CoreWeave,B,1.14e-05,2.4097326667091424e-09,0.0,1
comprehension,own,neutral,0023,-1,0,1,0,rQrQrPrQrP,B,gemma-26b-cw,google/gemma-4-26b-a4b-it,coreweave/bf16,0,1.0,CoreWeave,B,9.8e-06,2.688251045258818e-09,0.0,1
comprehension,own,neutral,0023,1,0,0,0,rPrQrPrQrQ,A,gemma-26b-cw,google/gemma-4-26b-a4b-it,coreweave/bf16,0,1.0,CoreWeave,A,9.8e-06,0.9999999717680751,9.09773529616304e-08,0
comprehension,own,neutral,0023,1,0,1,0,rQrQrQrPrP,A,gemma-26b-cw,google/gemma-4-26b-a4b-it,coreweave/bf16,0,1.0,CoreWeave,A,9.8e-06,0.9999999790198173,0.0,0
comprehension,own,neutral,0024,-1,0,0,0,rQrQrQrPrPrQ,B,gemma-26b-cw,google/gemma-4-26b-a4b-it,coreweave/bf16,0,1.0,CoreWeave,B,1.05e-05,5.061705212700472e-09,8.813910501448419e-08,0
comprehension,own,neutral,0024,-1,0,1,0,rQrQrPrQrQrP,B,gemma-26b-cw,google/gemma-4-26b-a4b-it,coreweave/bf16,0,1.0,CoreWeave,B,1.05e-05,2.6882510511480146e-09,0.0,0
comprehension,own,neutral,0024,1,0,0,0,rQrPrQrQrQrP,A,gemma-26b-cw,google/gemma-4-26b-a4b-it,coreweave/bf16,0,1.0,CoreWeave,A,1.05e-05,0.9999999821595394,0.0,0
comprehension,own,neutral,0024,1,0,1,0,rQrQrPrPrQrQ,A,gemma-26b-cw,google/gemma-4-26b-a4b-it,coreweave/bf16,0,1.0,CoreWeave,A,1.05e-05,0.999999978522284,9.773156139254155e-08,0
comprehension,own,neutral,0030,-1,0,0,0,rPrPrP,B,gemma-26b-cw,google/gemma-4-26b-a4b-it,coreweave/bf16,0,1.0,CoreWeave,B,1e-05,2.4862257690630926e-09,0.0,1
comprehension,own,neutral,0030,-1,0,1,0,rPrPrP,B,gemma-26b-cw,google/gemma-4-26b-a4b-it,coreweave/bf16,0,1.0,CoreWeave,B,1e-05,1.7356653400527557e-09,0.0,1
comprehension,own,neutral,0030,1,0,0,0,rPrPrP,A,gemma-26b-cw,google/gemma-4-26b-a4b-it,coreweave/bf16,0,1.0,CoreWeave,A,1e-05,0.9999999884588134,0.0,0
comprehension,own,neutral,0030,1,0,1,0,rPrPrP,A,gemma-26b-cw,google/gemma-4-26b-a4b-it,coreweave/bf16,0,1.0,CoreWeave,A,1e-05,0.9999999479720325,0.0,0
comprehension,own,neutral,0031,-1,0,0,0,rQrPrPrP,B,gemma-26b-cw,google/gemma-4-26b-a4b-it,coreweave/bf16,0,1.0,CoreWeave,B,1.07e-05,2.2637343658438317e-09,0.0,1
comprehension,own,neutral,0031,-1,0,1,0,rPrPrPrQ,B,gemma-26b-cw,google/gemma-4-26b-a4b-it,coreweave/bf16,0,1.0,CoreWeave,B,1.07e-05,2.177012045497459e-09,0.0,1
comprehension,own,neutral,0031,1,0,0,0,rPrPrPrQ,A,gemma-26b-cw,google/gemma-4-26b-a4b-it,coreweave/bf16,0,1.0,CoreWeave,A,1.07e-05,0.9999999889442205,0.0,0
comprehension,own,neutral,0031,1,0,1,0,rQrPrPrP,A,gemma-26b-cw,google/gemma-4-26b-a4b-it,coreweave/bf16,0,1.0,CoreWeave,A,1.07e-05,0.9999999700351923,0.0,0
comprehension,own,neutral,0032,-1,0,0,0,rPrPrPrQrQ,B,gemma-26b-cw,google/gemma-4-26b-a4b-it,coreweave/bf16,0,1.0,CoreWeave,B,9.8e-06,3.5892860627306543e-09,0.0,1
comprehension,own,neutral,0032,-1,0,1,0,rPrQrQrPrP,B,gemma-26b-cw,google/gemma-4-26b-a4b-it,coreweave/bf16,0,1.0,CoreWeave,B,9.8e-06,2.2993829683526357e-09,0.0,1
comprehension,own,neutral,0032,1,0,0,0,rPrQrQrPrP,A,gemma-26b-cw,google/gemma-4-26b-a4b-it,coreweave/bf16,0,1.0,CoreWeave,A,9.8e-06,0.9999999812896567,1.0049893400026535e-07,0
comprehension,own,neutral,0032,1,0,1,0,rQrQrPrPrP,A,gemma-26b-cw,google/gemma-4-26b-a4b-it,coreweave/bf16,0,1.0,CoreWeave,A,9.8e-06,0.9999999704637204,0.0,0
comprehension,own,neutral,0033,-1,0,0,0,rPrPrPrQrQrQ,B,gemma-26b-cw,google/gemma-4-26b-a4b-it,coreweave/bf16,0,1.0,CoreWeave,B,1.05e-05,3.97297792543718e-09,8.769890780246925e-08,1
comprehension,own,neutral,0033,-1,0,1,0,rPrQrQrQrPrP,B,gemma-26b-cw,google/gemma-4-26b-a4b-it,coreweave/bf16,0,1.0,CoreWeave,B,1.05e-05,2.263734350763773e-09,0.0,1
comprehension,own,neutral,0033,1,0,0,0,rQrPrPrPrQrQ,A,gemma-26b-cw,google/gemma-4-26b-a4b-it,coreweave/bf16,0,1.0,CoreWeave,A,1.05e-05,0.9999999808225583,9.148859102939237e-08,0
comprehension,own,neutral,0033,1,0,1,0,rPrQrPrQrQrP,A,gemma-26b-cw,google/gemma-4-26b-a4b-it,coreweave/bf16,0,1.0,CoreWeave,A,1.05e-05,0.9999999752793004,9.448857811839114e-08,0
comprehension,own,neutral,0040,-1,0,0,0,rPrPrPrP,B,gemma-26b-cw,google/gemma-4-26b-a4b-it,coreweave/bf16,0,1.0,CoreWeave,B,9.1e-06,2.263734354406374e-09,0.0,1
comprehension,own,neutral,0040,-1,0,1,0,rPrPrPrP,B,gemma-26b-cw,google/gemma-4-26b-a4b-it,coreweave/bf16,0,1.0,CoreWeave,B,9.1e-06,1.330780780363638e-09,0.0,1
comprehension,own,neutral,0040,1,0,0,0,rPrPrPrP,A,gemma-26b-cw,google/gemma-4-26b-a4b-it,coreweave/bf16,0,1.0,CoreWeave,A,1.07e-05,0.999999974394759,0.0,0
comprehension,own,neutral,0040,1,0,1,0,rPrPrPrP,A,gemma-26b-cw,google/gemma-4-26b-a4b-it,coreweave/bf16,0,1.0,CoreWeave,A,9.1e-06,0.9999999413890144,6.059829323569059e-08,0
comprehension,own,neutral,0041,-1,0,0,0,rPrQrPrPrP,B,gemma-26b-cw,google/gemma-4-26b-a4b-it,coreweave/bf16,0,1.0,CoreWeave,B,9.8e-06,4.466938699806617e-09,0.0,1
comprehension,own,neutral,0041,-1,0,1,0,rPrQrPrPrP,B,gemma-26b-cw,google/gemma-4-26b-a4b-it,coreweave/bf16,0,1.0,CoreWeave,B,9.8e-06,2.1432606180504885e-09,0.0,1
comprehension,own,neutral,0041,1,0,0,0,rQrPrPrPrP,A,gemma-26b-cw,google/gemma-4-26b-a4b-it,coreweave/bf16,0,1.0,CoreWeave,A,9.8e-06,0.999999984286569,0.0,0
comprehension,own,neutral,0041,1,0,1,0,rPrPrPrPrQ,A,gemma-26b-cw,google/gemma-4-26b-a4b-it,coreweave/bf16,0,1.0,CoreWeave,A,9.8e-06,0.9999999680090418,0.0,0
comprehension,own,neutral,0042,-1,0,0,0,rQrPrPrPrPrQ,B,gemma-26b-cw,google/gemma-4-26b-a4b-it,coreweave/bf16,0,1.0,CoreWeave,B,1.05e-05,2.52537815731886e-09,0.0,1
comprehension,own,neutral,0042,-1,0,1,0,rPrPrQrPrPrQ,B,gemma-26b-cw,google/gemma-4-26b-a4b-it,coreweave/bf16,0,1.0,CoreWeave,B,1.05e-05,2.525378151733642e-09,0.0,1
comprehension,own,neutral,0042,1,0,0,0,rQrPrPrPrPrQ,A,gemma-26b-cw,google/gemma-4-26b-a4b-it,coreweave/bf16,0,1.0,CoreWeave,A,1.05e-05,0.9999999771817035,0.0,0
comprehension,own,neutral,0042,1,0,1,0,rQrPrPrPrQrP,A,gemma-26b-cw,google/gemma-4-26b-a4b-it,coreweave/bf16,0,1.0,CoreWeave,A,1.05e-05,0.9999999691141801,8.832345818000828e-08,0
comprehension,own,neutral,0050,-1,0,0,0,rPrPrPrPrP,B,gemma-26b-cw,google/gemma-4-26b-a4b-it,coreweave/bf16,0,1.0,CoreWeave,B,1.14e-05,2.565147076243686e-09,0.0,1
comprehension,own,neutral,0050,-1,0,1,0,rPrPrPrPrP,B,gemma-26b-cw,google/gemma-4-26b-a4b-it,coreweave/bf16,0,1.0,CoreWeave,B,9.8e-06,1.6178179867226461e-09,0.0,0
comprehension,own,neutral,0050,1,0,0,0,rPrPrPrPrP,A,gemma-26b-cw,google/gemma-4-26b-a4b-it,coreweave/bf16,0,1.0,CoreWeave,A,9.8e-06,0.9999999845301834,0.0,0
comprehension,own,neutral,0050,1,0,1,0,rPrPrPrPrP,A,gemma-26b-cw,google/gemma-4-26b-a4b-it,coreweave/bf16,0,1.0,CoreWeave,A,9.8e-06,0.9999999014609066,2.0670183891231286e-08,0
comprehension,own,neutral,0051,-1,0,0,0,rPrQrPrPrPrP,B,gemma-26b-cw,google/gemma-4-26b-a4b-it,coreweave/bf16,0,1.0,CoreWeave,B,1.05e-05,2.8616283599574597e-09,0.0,1
comprehension,own,neutral,0051,-1,0,1,0,rPrPrPrPrQrP,B,gemma-26b-cw,google/gemma-4-26b-a4b-it,coreweave/bf16,0,1.0,CoreWeave,B,1.05e-05,2.773585272521649e-09,0.0,1
comprehension,own,neutral,0051,1,0,0,0,rPrPrPrQrPrP,A,gemma-26b-cw,google/gemma-4-26b-a4b-it,coreweave/bf16,0,1.0,CoreWeave,A,1.05e-05,0.999999969652351,8.886162905987188e-08,0
comprehension,own,neutral,0051,1,0,1,0,rPrPrPrPrQrP,A,gemma-26b-cw,google/gemma-4-26b-a4b-it,coreweave/bf16,0,1.0,CoreWeave,A,1.05e-05,0.9999999536348936,7.284417228459442e-08,0
comprehension,own,neutral,0060,-1,0,0,0,rPrPrPrPrPrP,B,gemma-26b-cw,google/gemma-4-26b-a4b-it,coreweave/bf16,0,1.0,CoreWeave,B,1.05e-05,2.998960763497914e-09,0.0,1
comprehension,own,neutral,0060,-1,0,1,0,rPrPrPrPrPrP,B,gemma-26b-cw,google/gemma-4-26b-a4b-it,coreweave/bf16,0,1.0,CoreWeave,B,1.05e-05,3.1923770956632054e-09,0.0,1
comprehension,own,neutral,0060,1,0,0,0,rPrPrPrPrPrP,A,gemma-26b-cw,google/gemma-4-26b-a4b-it,coreweave/bf16,0,1.0,CoreWeave,A,1.05e-05,0.999999972042439,0.0,0
comprehension,own,neutral,0060,1,0,1,0,rPrPrPrPrPrP,A,gemma-26b-cw,google/gemma-4-26b-a4b-it,coreweave/bf16,0,1.0,CoreWeave,A,1.05e-05,0.9999999421848904,0.0,0
comprehension,own,neutral,0100,-1,0,0,0,aQ,B,gemma-26b-cw,google/gemma-4-26b-a4b-it,coreweave/bf16,0,1.0,CoreWeave,B,1.02e-05,1.3307807886487689e-09,0.0,1
comprehension,own,neutral,0100,-1,0,1,0,aQ,B,gemma-26b-cw,google/gemma-4-26b-a4b-it,coreweave/bf16,0,1.0,CoreWeave,B,8.6e-06,7.823256602475276e-10,0.0,1
comprehension,own,neutral,0100,1,0,0,0,aQ,A,gemma-26b-cw,google/gemma-4-26b-a4b-it,coreweave/bf16,0,1.0,CoreWeave,A,8.6e-06,0.9999999924606134,0.0,0
comprehension,own,neutral,0100,1,0,1,0,aQ,A,gemma-26b-cw,google/gemma-4-26b-a4b-it,coreweave/bf16,0,1.0,CoreWeave,A,8.6e-06,0.9999999947366598,0.0,0
comprehension,own,neutral,0101,-1,0,0,0,aQrQ,B,gemma-26b-cw,google/gemma-4-26b-a4b-it,coreweave/bf16,0,1.0,CoreWeave,B,9.3e-06,1.4615767569479257e-09,0.0,1
comprehension,own,neutral,0101,-1,0,1,0,aQrQ,B,gemma-26b-cw,google/gemma-4-26b-a4b-it,coreweave/bf16,0,1.0,CoreWeave,B,9.3e-06,1.020345014408391e-09,0.0,1
comprehension,own,neutral,0101,1,0,0,0,rQaQ,A,gemma-26b-cw,google/gemma-4-26b-a4b-it,coreweave/bf16,0,1.0,CoreWeave,A,9.3e-06,0.9999999892843698,1.0849364626501721e-07,0
comprehension,own,neutral,0101,1,0,1,0,rQaQ,A,gemma-26b-cw,google/gemma-4-26b-a4b-it,coreweave/bf16,0,1.0,CoreWeave,A,9.3e-06,0.9999999906170819,0.0,0
comprehension,own,neutral,0102,-1,0,0,0,rQaQrQ,B,gemma-26b-cw,google/gemma-4-26b-a4b-it,coreweave/bf16,0,1.0,CoreWeave,B,1e-05,2.646573591754646e-09,0.0,1
comprehension,own,neutral,0102,-1,0,1,0,rQaQrQ,B,gemma-26b-cw,google/gemma-4-26b-a4b-it,coreweave/bf16,0,1.0,CoreWeave,B,1e-05,1.1382771160694399e-09,0.0,1
comprehension,own,neutral,0102,1,0,0,0,rQaQrQ,A,gemma-26b-cw,google/gemma-4-26b-a4b-it,coreweave/bf16,0,1.0,CoreWeave,A,8.4e-06,0.9999999935006425,0.0,0
comprehension,own,neutral,0102,1,0,1,0,aQrQrQ,A,gemma-26b-cw,google/gemma-4-26b-a4b-it,coreweave/bf16,0,1.0,CoreWeave,A,1e-05,0.9999999890730241,0.0,0
comprehension,own,neutral,0103,-1,0,0,0,aQrQrQrQ,B,gemma-26b-cw,google/gemma-4-26b-a4b-it,coreweave/bf16,0,1.0,CoreWeave,B,9.1e-06,2.5253781741451267e-09,0.0,1
comprehension,own,neutral,0103,-1,0,1,0,rQrQrQaQ,B,gemma-26b-cw,google/gemma-4-26b-a4b-it,coreweave/bf16,0,1.0,CoreWeave,B,1.07e-05,1.2698398896527446e-09,0.0,1
comprehension,own,neutral,0103,1,0,0,0,rQaQrQrQ,A,gemma-26b-cw,google/gemma-4-26b-a4b-it,coreweave/bf16,0,1.0,CoreWeave,A,9.1e-06,0.9999999893261474,0.0,0
comprehension,own,neutral,0103,1,0,1,0,rQrQrQaQ,A,gemma-26b-cw,google/gemma-4-26b-a4b-it,coreweave/bf16,0,1.0,CoreWeave,A,9.1e-06,0.9999999909057639,0.0,0
comprehension,own,neutral,0104,-1,0,0,0,rQrQrQrQaQ,B,gemma-26b-cw,google/gemma-4-26b-a4b-it,coreweave/bf16,0,1.0,CoreWeave,B,9.8e-06,2.4668778471933677e-09,0.0,1
comprehension,own,neutral,0104,-1,0,1,0,rQrQrQaQrQ,B,gemma-26b-cw,google/gemma-4-26b-a4b-it,coreweave/bf16,0,1.0,CoreWeave,B,9.8e-06,2.4476804371903746e-09,0.0,0
comprehension,own,neutral,0104,1,0,0,0,rQrQaQrQrQ,A,gemma-26b-cw,google/gemma-4-26b-a4b-it,coreweave/bf16,0,1.0,CoreWeave,A,1.14e-05,0.9999999839139359,0.0,0
comprehension,own,neutral,0104,1,0,1,0,rQaQrQrQrQ,A,gemma-26b-cw,google/gemma-4-26b-a4b-it,coreweave/bf16,0,1.0,CoreWeave,A,9.8e-06,0.9999999801363597,9.93456370850904e-08,0
comprehension,own,neutral,0105,-1,0,0,0,rQrQrQrQaQrQ,B,gemma-26b-cw,google/gemma-4-26b-a4b-it,coreweave/bf16,0,1.0,CoreWeave,B,1.05e-05,2.9989607490175712e-09,0.0,1
comprehension,own,neutral,0105,-1,0,1,0,rQrQrQrQrQaQ,B,gemma-26b-cw,google/gemma-4-26b-a4b-it,coreweave/bf16,0,1.0,CoreWeave,B,1.05e-05,1.9667664796762877e-09,0.0,1
comprehension,own,neutral,0105,1,0,0,0,rQrQrQrQrQaQ,A,gemma-26b-cw,google/gemma-4-26b-a4b-it,coreweave/bf16,0,1.0,CoreWeave,A,1.05e-05,0.9999999759461019,0.0,0
comprehension,own,neutral,0105,1,0,1,0,aQrQrQrQrQrQ,A,gemma-26b-cw,google/gemma-4-26b-a4b-it,coreweave/bf16,0,1.0,CoreWeave,A,1.05e-05,0.9999999817721013,0.0,0
comprehension,own,neutral,0110,-1,0,0,0,rPaQ,B,gemma-26b-cw,google/gemma-4-26b-a4b-it,coreweave/bf16,0,1.0,CoreWeave,B,9.3e-06,1.7356653452788239e-09,0.0,1
comprehension,own,neutral,0110,-1,0,1,0,rPaQ,B,gemma-26b-cw,google/gemma-4-26b-a4b-it,coreweave/bf16,0,1.0,CoreWeave,B,9.3e-06,6.587842582007704e-10,0.0,1
comprehension,own,neutral,0110,1,0,0,0,aQrP,A,gemma-26b-cw,google/gemma-4-26b-a4b-it,coreweave/bf16,0,1.0,CoreWeave,A,9.3e-06,0.9999999835966646,1.0280594166644327e-07,0
comprehension,own,neutral,0110,1,0,1,0,rPaQ,A,gemma-26b-cw,google/gemma-4-26b-a4b-it,coreweave/bf16,0,1.0,CoreWeave,A,9.3e-06,0.9999999865595887,1.0576886538879151e-07,0
comprehension,own,neutral,0111,-1,0,0,0,aQrQrP,B,gemma-26b-cw,google/gemma-4-26b-a4b-it,coreweave/bf16,0,1.0,CoreWeave,B,1e-05,1.4615767549968955e-09,0.0,1
comprehension,own,neutral,0111,-1,0,1,0,aQrQrP,B,gemma-26b-cw,google/gemma-4-26b-a4b-it,coreweave/bf16,0,1.0,CoreWeave,B,1e-05,1.1929041757148205e-09,0.0,1
comprehension,own,neutral,0111,1,0,0,0,rQaQrP,A,gemma-26b-cw,google/gemma-4-26b-a4b-it,coreweave/bf16,0,1.0,CoreWeave,A,1e-05,0.9999999899335982,0.0,0
comprehension,own,neutral,0111,1,0,1,0,rPrQaQ,A,gemma-26b-cw,google/gemma-4-26b-a4b-it,coreweave/bf16,0,1.0,CoreWeave,A,1e-05,0.9999999867679629,1.0597723963114207e-07,0
comprehension,own,neutral,0112,-1,0,0,0,rPrQrQaQ,B,gemma-26b-cw,google/gemma-4-26b-a4b-it,coreweave/bf16,0,1.0,CoreWeave,B,9.1e-06,2.2993829935792385e-09,0.0,1
comprehension,own,neutral,0112,-1,0,1,0,aQrQrPrQ,B,gemma-26b-cw,google/gemma-4-26b-a4b-it,coreweave/bf16,0,1.0,CoreWeave,B,9.1e-06,2.1265816295687783e-09,0.0,0
comprehension,own,neutral,0112,1,0,0,0,rQaQrPrQ,A,gemma-26b-cw,google/gemma-4-26b-a4b-it,coreweave/bf16,0,1.0,CoreWeave,A,1.07e-05,0.9999999900119355,0.0,0
comprehension,own,neutral,0112,1,0,1,0,rPaQrQrQ,A,gemma-26b-cw,google/gemma-4-26b-a4b-it,coreweave/bf16,0,1.0,CoreWeave,A,9.1e-06,0.9999999819844626,0.0,0
comprehension,own,neutral,0113,-1,0,0,0,rQrQaQrQrP,B,gemma-26b-cw,google/gemma-4-26b-a4b-it,coreweave/bf16,0,1.0,CoreWeave,B,9.8e-06,2.0611535906493005e-09,0.0,1
comprehension,own,neutral,0113,-1,0,1,0,rPrQaQrQrQ,B,gemma-26b-cw,google/gemma-4-26b-a4b-it,coreweave/bf16,0,1.0,CoreWeave,B,9.8e-06,2.2286384051609632e-09,0.0,1
comprehension,own,neutral,0113,1,0,0,0,aQrQrQrPrQ,A,gemma-26b-cw,google/gemma-4-26b-a4b-it,coreweave/bf16,0,1.0,CoreWeave,A,9.8e-06,0.9999999764516219,9.566089947775263e-08,0
comprehension,own,neutral,0113,1,0,1,0,aQrPrQrQrQ,A,gemma-26b-cw,google/gemma-4-26b-a4b-it,coreweave/bf16,0,1.0,CoreWeave,A,1.14e-05,0.9999999788759066,0.0,0
comprehension,own,neutral,0114,-1,0,0,0,rPrQrQrQrQaQ,B,gemma-26b-cw,google/gemma-4-26b-a4b-it,coreweave/bf16,0,1.0,CoreWeave,B,1.05e-05,3.1428839118109685e-09,0.0,1
comprehension,own,neutral,0114,-1,0,1,0,rQaQrPrQrQrQ,B,gemma-26b-cw,google/gemma-4-26b-a4b-it,coreweave/bf16,0,1.0,CoreWeave,B,1.05e-05,4.466938649837185e-09,0.0,0
comprehension,own,neutral,0114,1,0,0,0,rQrPrQrQrQaQ,A,gemma-26b-cw,google/gemma-4-26b-a4b-it,coreweave/bf16,0,1.0,CoreWeave,A,1.05e-05,0.9999999670579387,8.626721694734918e-08,0
comprehension,own,neutral,0114,1,0,1,0,rQrQaQrPrQrQ,A,gemma-26b-cw,google/gemma-4-26b-a4b-it,coreweave/bf16,0,1.0,CoreWeave,A,1.05e-05,0.9999999872748743,1.0648415095868113e-07,0
comprehension,own,neutral,0120,-1,0,0,0,rPaQrP,B,gemma-26b-cw,google/gemma-4-26b-a4b-it,coreweave/bf16,0,1.0,CoreWeave,B,1e-05,1.7356653460827469e-09,0.0,1
comprehension,own,neutral,0120,-1,0,1,0,aQrPrP,B,gemma-26b-cw,google/gemma-4-26b-a4b-it,coreweave/bf16,0,1.0,CoreWeave,B,1e-05,9.146313624914126e-10,0.0,1
comprehension,own,neutral,0120,1,0,0,0,rPrPaQ,A,gemma-26b-cw,google/gemma-4-26b-a4b-it,coreweave/bf16,0,1.0,CoreWeave,A,8.4e-06,0.9999999908344369,0.0,0
comprehension,own,neutral,0120,1,0,1,0,rPaQrP,A,gemma-26b-cw,google/gemma-4-26b-a4b-it,coreweave/bf16,0,1.0,CoreWeave,A,1e-05,0.9999999796653072,9.887458447864052e-08,0
comprehension,own,neutral,0121,-1,0,0,0,aQrPrQrP,B,gemma-26b-cw,google/gemma-4-26b-a4b-it,coreweave/bf16,0,1.0,CoreWeave,B,9.1e-06,1.8767016985633855e-09,0.0,1
comprehension,own,neutral,0121,-1,0,1,0,aQrQrPrP,B,gemma-26b-cw,google/gemma-4-26b-a4b-it,coreweave/bf16,0,1.0,CoreWeave,B,9.1e-06,1.8620970860098345e-09,0.0,0
comprehension,own,neutral,0121,1,0,0,0,aQrPrQrP,A,gemma-26b-cw,google/gemma-4-26b-a4b-it,coreweave/bf16,0,1.0,CoreWeave,A,1.07e-05,0.9999999826999854,1.0190926250863845e-07,0
comprehension,own,neutral,0121,1,0,1,0,rPaQrPrQ,A,gemma-26b-cw,google/gemma-4-26b-a4b-it,coreweave/bf16,0,1.0,CoreWeave,A,1.07e-05,0.9999999852385959,1.0444787281094951e-07,0
comprehension,own,neutral,0122,-1,0,0,0,rPrQaQrPrQ,B,gemma-26b-cw,google/gemma-4-26b-a4b-it,coreweave/bf16,0,1.0,CoreWeave,B,1.14e-05,2.8393589964411986e-09,0.0,1
comprehension,own,neutral,0122,-1,0,1,0,aQrPrQrPrQ,B,gemma-26b-cw,google/gemma-4-26b-a4b-it,coreweave/bf16,0,1.0,CoreWeave,B,1.14e-05,1.997738550740606e-09,0.0,1
comprehension,own,neutral,0122,1,0,0,0,rPaQrPrQrQ,A,gemma-26b-cw,google/gemma-4-26b-a4b-it,coreweave/bf16,0,1.0,CoreWeave,A,1.14e-05,0.9999999640315991,0.0,0
comprehension,own,neutral,0122,1,0,1,0,rQrPrPaQrQ,A,gemma-26b-cw,google/gemma-4-26b-a4b-it,coreweave/bf16,0,1.0,CoreWeave,A,9.8e-06,0.9999999810459821,1.0025525930676133e-07,0
comprehension,own,neutral,0123,-1,0,0,0,rQrPaQrQrQrP,B,gemma-26b-cw,google/gemma-4-26b-a4b-it,coreweave/bf16,0,1.0,CoreWeave,B,1.05e-05,3.1923771150719397e-09,0.0,1
comprehension,own,neutral,0123,-1,0,1,0,rQrPaQrQrQrP,B,gemma-26b-cw,google/gemma-4-26b-a4b-it,coreweave/bf16,0,1.0,CoreWeave,B,1.21e-05,3.3982677205501556e-09,0.0,0
comprehension,own,neutral,0123,1,0,0,0,rQrQaQrQrPrP,A,gemma-26b-cw,google/gemma-4-26b-a4b-it,coreweave/bf16,0,1.0,CoreWeave,A,1.05e-05,0.999999968381744,8.759102213335544e-08,0
comprehension,own,neutral,0123,1,0,1,0,rPrPrQrQaQrQ,A,gemma-26b-cw,google/gemma-4-26b-a4b-it,coreweave/bf16,0,1.0,CoreWeave,A,1.05e-05,0.9999999707578934,8.99671713858598e-08,0
comprehension,own,neutral,0130,-1,0,0,0,aQrPrPrP,B,gemma-26b-cw,google/gemma-4-26b-a4b-it,coreweave/bf16,0,1.0,CoreWeave,B,9.1e-06,2.861628359297427e-09,0.0,1
comprehension,own,neutral,0130,-1,0,1,0,rPrPaQrP,B,gemma-26b-cw,google/gemma-4-26b-a4b-it,coreweave/bf16,0,1.0,CoreWeave,B,1.07e-05,1.351737526343945e-09,0.0,1
comprehension,own,neutral,0130,1,0,0,0,rPrPrPaQ,A,gemma-26b-cw,google/gemma-4-26b-a4b-it,coreweave/bf16,0,1.0,CoreWeave,A,9.1e-06,0.9999999897750754,0.0,0
comprehension,own,neutral,0130,1,0,1,0,rPrPrPaQ,A,gemma-26b-cw,google/gemma-4-26b-a4b-it,coreweave/bf16,0,1.0,CoreWeave,A,1.07e-05,0.9999999819139498,1.0112322689419342e-07,0
comprehension,own,neutral,0131,-1,0,0,0,aQrQrPrPrP,B,gemma-26b-cw,google/gemma-4-26b-a4b-it,coreweave/bf16,0,1.0,CoreWeave,B,1.14e-05,2.061153594121638e-09,0.0,1
comprehension,own,neutral,0131,-1,0,1,0,rPrQrPaQrP,B,gemma-26b-cw,google/gemma-4-26b-a4b-it,coreweave/bf16,0,1.0,CoreWeave,B,9.8e-06,1.9362746039269206e-09,0.0,1
comprehension,own,neutral,0131,1,0,0,0,rPrQrPaQrP,A,gemma-26b-cw,google/gemma-4-26b-a4b-it,coreweave/bf16,0,1.0,CoreWeave,A,9.8e-06,0.9999999785955713,0.0,0
comprehension,own,neutral,0131,1,0,1,0,rPrPrQaQrP,A,gemma-26b-cw,google/gemma-4-26b-a4b-it,coreweave/bf16,0,1.0,CoreWeave,A,9.8e-06,0.9999999754716784,9.468095611041896e-08,0
comprehension,own,neutral,0132,-1,0,0,0,rPrQrQrPrPaQ,B,gemma-26b-cw,google/gemma-4-26b-a4b-it,coreweave/bf16,0,1.0,CoreWeave,B,1.05e-05,5.780648153240195e-09,0.0,1
comprehension,own,neutral,0132,-1,0,1,0,aQrPrQrQrPrP,B,gemma-26b-cw,google/gemma-4-26b-a4b-it,coreweave/bf16,0,1.0,CoreWeave,B,1.05e-05,2.4097326724982375e-09,0.0,1
comprehension,own,neutral,0132,1,0,0,0,rPaQrPrQrQrP,A,gemma-26b-cw,google/gemma-4-26b-a4b-it,coreweave/bf16,0,1.0,CoreWeave,A,1.05e-05,0.9999999677266282,8.693590638962695e-08,0
comprehension,own,neutral,0132,1,0,1,0,rPrPrQrPrQaQ,A,gemma-26b-cw,google/gemma-4-26b-a4b-it,coreweave/bf16,0,1.0,CoreWeave,A,1.05e-05,0.9999999758519548,9.50612324527451e-08,0
comprehension,own,neutral,0140,-1,0,0,0,rPrPaQrPrP,B,gemma-26b-cw,google/gemma-4-26b-a4b-it,coreweave/bf16,0,1.0,CoreWeave,B,9.8e-06,2.6465735992629496e-09,0.0,1
comprehension,own,neutral,0140,-1,0,1,0,rPaQrPrPrP,B,gemma-26b-cw,google/gemma-4-26b-a4b-it,coreweave/bf16,0,1.0,CoreWeave,B,1.14e-05,1.5317192839128148e-09,0.0,1
comprehension,own,neutral,0140,1,0,0,0,rPaQrPrPrP,A,gemma-26b-cw,google/gemma-4-26b-a4b-it,coreweave/bf16,0,1.0,CoreWeave,A,1.14e-05,0.9999999662767443,0.0,0
comprehension,own,neutral,0140,1,0,1,0,rPaQrPrPrP,A,gemma-26b-cw,google/gemma-4-26b-a4b-it,coreweave/bf16,0,1.0,CoreWeave,A,9.8e-06,0.9999999776667117,0.0,0
comprehension,own,neutral,0141,-1,0,0,0,aQrQrPrPrPrP,B,gemma-26b-cw,google/gemma-4-26b-a4b-it,coreweave/bf16,0,1.0,CoreWeave,B,1.05e-05,3.56135402992552e-09,0.0,1
comprehension,own,neutral,0141,-1,0,1,0,rPaQrPrPrQrP,B,gemma-26b-cw,google/gemma-4-26b-a4b-it,coreweave/bf16,0,1.0,CoreWeave,B,1.05e-05,2.1265816097779664e-09,0.0,1
comprehension,own,neutral,0141,1,0,0,0,rQrPrPaQrPrP,A,gemma-26b-cw,google/gemma-4-26b-a4b-it,coreweave/bf16,0,1.0,CoreWeave,A,1.05e-05,0.9999999782691115,9.747838889695195e-08,0
comprehension,own,neutral,0141,1,0,1,0,aQrPrQrPrPrP,A,gemma-26b-cw,google/gemma-4-26b-a4b-it,coreweave/bf16,0,1.0,CoreWeave,A,1.05e-05,0.9999999734267105,9.263598836984657e-08,0
comprehension,own,neutral,0150,-1,0,0,0,aQrPrPrPrPrP,B,gemma-26b-cw,google/gemma-4-26b-a4b-it,coreweave/bf16,0,1.0,CoreWeave,B,1.05e-05,3.0461875295868247e-09,0.0,1
comprehension,own,neutral,0150,-1,0,1,0,rPrPrPrPrPaQ,B,gemma-26b-cw,google/gemma-4-26b-a4b-it,coreweave/bf16,0,1.0,CoreWeave,B,1.05e-05,2.1940865630086546e-09,0.0,1
comprehension,own,neutral,0150,1,0,0,0,rPaQrPrPrPrP,A,gemma-26b-cw,google/gemma-4-26b-a4b-it,coreweave/bf16,0,1.0,CoreWeave,A,1.05e-05,0.9999999584385919,0.0,0
comprehension,own,neutral,0150,1,0,1,0,rPrPrPrPaQrP,A,gemma-26b-cw,google/gemma-4-26b-a4b-it,coreweave/bf16,0,1.0,CoreWeave,A,1.05e-05,0.9999999804443169,9.965359425207604e-08,0
comprehension,own,neutral,0200,-1,0,0,0,aQaQ,B,gemma-26b-cw,google/gemma-4-26b-a4b-it,coreweave/bf16,0,1.0,CoreWeave,B,9.3e-06,1.6822645391560445e-09,0.0,1
comprehension,own,neutral,0200,-1,0,1,0,aQaQ,B,gemma-26b-cw,google/gemma-4-26b-a4b-it,coreweave/bf16,0,1.0,CoreWeave,B,1.25e-05,5.051074111651451e-10,0.0,1
comprehension,own,neutral,0200,1,0,0,0,aQaQ,A,gemma-26b-cw,google/gemma-4-26b-a4b-it,coreweave/bf16,0,1.0,CoreWeave,A,9.3e-06,0.9999999915232397,0.0,0
comprehension,own,neutral,0200,1,0,1,0,aQaQ,A,gemma-26b-cw,google/gemma-4-26b-a4b-it,coreweave/bf16,0,1.0,CoreWeave,A,9.3e-06,0.9999999941740134,0.0,0
comprehension,own,neutral,0201,-1,0,0,0,aQaQrQ,B,gemma-26b-cw,google/gemma-4-26b-a4b-it,coreweave/bf16,0,1.0,CoreWeave,B,1e-05,2.0291983722187647e-09,0.0,1
comprehension,own,neutral,0201,-1,0,1,0,aQrQaQ,B,gemma-26b-cw,google/gemma-4-26b-a4b-it,coreweave/bf16,0,1.0,CoreWeave,B,1e-05,1.6305066771643854e-09,0.0,1
comprehension,own,neutral,0201,1,0,0,0,aQaQrQ,A,gemma-26b-cw,google/gemma-4-26b-a4b-it,coreweave/bf16,0,1.0,CoreWeave,A,1e-05,0.9999999892843711,0.0,0
comprehension,own,neutral,0201,1,0,1,0,rQaQaQ,A,gemma-26b-cw,google/gemma-4-26b-a4b-it,coreweave/bf16,0,1.0,CoreWeave,A,1e-05,0.9999999903945723,0.0,0
comprehension,own,neutral,0202,-1,0,0,0,aQrQrQaQ,B,gemma-26b-cw,google/gemma-4-26b-a4b-it,coreweave/bf16,0,1.0,CoreWeave,B,1.07e-05,1.5317192891610113e-09,0.0,1
comprehension,own,neutral,0202,-1,0,1,0,aQaQrQrQ,B,gemma-26b-cw,google/gemma-4-26b-a4b-it,coreweave/bf16,0,1.0,CoreWeave,B,1.07e-05,1.997738546974676e-09,0.0,0
comprehension,own,neutral,0202,1,0,0,0,aQrQaQrQ,A,gemma-26b-cw,google/gemma-4-26b-a4b-it,coreweave/bf16,0,1.0,CoreWeave,A,9.1e-06,0.9999999855241091,0.0,0
comprehension,own,neutral,0202,1,0,1,0,rQaQaQrQ,A,gemma-26b-cw,google/gemma-4-26b-a4b-it,coreweave/bf16,0,1.0,CoreWeave,A,9.1e-06,0.9999999908701701,0.0,0
comprehension,own,neutral,0203,-1,0,0,0,rQaQrQaQrQ,B,gemma-26b-cw,google/gemma-4-26b-a4b-it,coreweave/bf16,0,1.0,CoreWeave,B,9.8e-06,1.5317192931328484e-09,0.0,1
comprehension,own,neutral,0203,-1,0,1,0,rQrQrQaQaQ,B,gemma-26b-cw,google/gemma-4-26b-a4b-it,coreweave/bf16,0,1.0,CoreWeave,B,9.8e-06,1.7356653252496307e-09,0.0,0
comprehension,own,neutral,0203,1,0,0,0,rQrQrQaQaQ,A,gemma-26b-cw,google/gemma-4-26b-a4b-it,coreweave/bf16,0,1.0,CoreWeave,A,9.8e-06,0.9999999875696529,0.0,0
comprehension,own,neutral,0203,1,0,1,0,aQaQrQrQrQ,A,gemma-26b-cw,google/gemma-4-26b-a4b-it,coreweave/bf16,0,1.0,CoreWeave,A,1.14e-05,0.9999999881851221,0.0,0
comprehension,own,neutral,0204,-1,0,0,0,rQrQaQrQaQrQ,B,gemma-26b-cw,google/gemma-4-26b-a4b-it,coreweave/bf16,0,1.0,CoreWeave,B,1.05e-05,2.6465735884921357e-09,0.0,1
comprehension,own,neutral,0204,-1,0,1,0,rQrQaQaQrQrQ,B,gemma-26b-cw,google/gemma-4-26b-a4b-it,coreweave/bf16,0,1.0,CoreWeave,B,1.05e-05,2.3355929884660805e-09,0.0,0
comprehension,own,neutral,0204,1,0,0,0,rQrQaQrQaQrQ,A,gemma-26b-cw,google/gemma-4-26b-a4b-it,coreweave/bf16,0,1.0,CoreWeave,A,1.05e-05,0.9999999795058202,9.871509752155239e-08,0
comprehension,own,neutral,0204,1,0,1,0,rQaQaQrQrQrQ,A,gemma-26b-cw,google/gemma-4-26b-a4b-it,coreweave/bf16,0,1.0,CoreWeave,A,1.05e-05,0.9999999875210018,0.0,0
comprehension,own,neutral,0210,-1,0,0,0,rPaQaQ,B,gemma-26b-cw,google/gemma-4-26b-a4b-it,coreweave/bf16,0,1.0,CoreWeave,B,1e-05,2.335593000829785e-09,0.0,1
comprehension,own,neutral,0210,-1,0,1,0,aQrPaQ,B,gemma-26b-cw,google/gemma-4-26b-a4b-it,coreweave/bf16,0,1.0,CoreWeave,B,1e-05,1.4615767555965802e-09,0.0,1
comprehension,own,neutral,0210,1,0,0,0,rPaQaQ,A,gemma-26b-cw,google/gemma-4-26b-a4b-it,coreweave/bf16,0,1.0,CoreWeave,A,1e-05,0.9999999910467569,0.0,0
comprehension,own,neutral,0210,1,0,1,0,rPaQaQ,A,gemma-26b-cw,google/gemma-4-26b-a4b-it,coreweave/bf16,0,1.0,CoreWeave,A,1e-05,0.9999999852385959,1.0444787281094951e-07,0
comprehension,own,neutral,0211,-1,0,0,0,aQaQrQrP,B,gemma-26b-cw,google/gemma-4-26b-a4b-it,coreweave/bf16,0,1.0,CoreWeave,B,9.1e-06,2.335593017559791e-09,0.0,1
comprehension,own,neutral,0211,-1,0,1,0,rQrPaQaQ,B,gemma-26b-cw,google/gemma-4-26b-a4b-it,coreweave/bf16,0,1.0,CoreWeave,B,1.07e-05,1.5558403594820059e-09,0.0,1
comprehension,own,neutral,0211,1,0,0,0,aQrPaQrQ,A,gemma-26b-cw,google/gemma-4-26b-a4b-it,coreweave/bf16,0,1.0,CoreWeave,A,1.07e-05,0.9999999839453231,0.0,0
comprehension,own,neutral,0211,1,0,1,0,rQaQaQrP,A,gemma-26b-cw,google/gemma-4-26b-a4b-it,coreweave/bf16,0,1.0,CoreWeave,A,9.1e-06,0.9999999865595887,1.0576886538879151e-07,0
comprehension,own,neutral,0212,-1,0,0,0,aQaQrQrQrP,B,gemma-26b-cw,google/gemma-4-26b-a4b-it,coreweave/bf16,0,1.0,CoreWeave,B,9.8e-06,2.263734363649948e-09,0.0,1
comprehension,own,neutral,0212,-1,0,1,0,aQrPaQrQrQ,B,gemma-26b-cw,google/gemma-4-26b-a4b-it,coreweave/bf16,0,1.0,CoreWeave,B,9.8e-06,1.4389171027515408e-09,0.0,1
comprehension,own,neutral,0212,1,0,0,0,aQrQrQrPaQ,A,gemma-26b-cw,google/gemma-4-26b-a4b-it,coreweave/bf16,0,1.0,CoreWeave,A,1.14e-05,0.9999999839453213,1.0315459829255712e-07,0
comprehension,own,neutral,0212,1,0,1,0,aQrPaQrQrQ,A,gemma-26b-cw,google/gemma-4-26b-a4b-it,coreweave/bf16,0,1.0,CoreWeave,A,1.14e-05,0.9999999791016086,9.831088608316312e-08,0
comprehension,own,neutral,0213,-1,0,0,0,rQrQrQrPaQaQ,B,gemma-26b-cw,google/gemma-4-26b-a4b-it,coreweave/bf16,0,1.0,CoreWeave,B,1.05e-05,2.4862257981545815e-09,0.0,1
comprehension,own,neutral,0213,-1,0,1,0,aQrQrPaQrQrQ,B,gemma-26b-cw,google/gemma-4-26b-a4b-it,coreweave/bf16,0,1.0,CoreWeave,B,1.05e-05,2.3355929909373653e-09,0.0,0
comprehension,own,neutral,0213,1,0,0,0,aQaQrQrPrQrQ,A,gemma-26b-cw,google/gemma-4-26b-a4b-it,coreweave/bf16,0,1.0,CoreWeave,A,1.05e-05,0.9999999726366801,9.18459578977255e-08,0
comprehension,own,neutral,0213,1,0,1,0,aQaQrPrQrQrQ,A,gemma-26b-cw,google/gemma-4-26b-a4b-it,coreweave/bf16,0,1.0,CoreWeave,A,1.05e-05,0.9999999704131967,8.962247471784018e-08,0
comprehension,own,neutral,0220,-1,0,0,0,rPaQaQrP,B,gemma-26b-cw,google/gemma-4-26b-a4b-it,coreweave/bf16,0,1.0,CoreWeave,B,1.07e-05,2.466877854697388e-09,0.0,1
comprehension,own,neutral,0220,-1,0,1,0,aQrPaQrP,B,gemma-26b-cw,google/gemma-4-26b-a4b-it,coreweave/bf16,0,1.0,CoreWeave,B,9.1e-06,1.5079721818024231e-09,0.0,1
comprehension,own,neutral,0220,1,0,0,0,aQaQrPrP,A,gemma-26b-cw,google/gemma-4-26b-a4b-it,coreweave/bf16,0,1.0,CoreWeave,A,1.07e-05,0.999999988231184,0.0,0
comprehension,own,neutral,0220,1,0,1,0,aQrPaQrP,A,gemma-26b-cw,google/gemma-4-26b-a4b-it,coreweave/bf16,0,1.0,CoreWeave,A,1.07e-05,0.9999999786477645,0.0,0
comprehension,own,neutral,0221,-1,0,0,0,aQaQrPrQrP,B,gemma-26b-cw,google/gemma-4-26b-a4b-it,coreweave/bf16,0,1.0,CoreWeave,B,9.8e-06,2.4862258135479995e-09,0.0,1
comprehension,own,neutral,0221,-1,0,1,0,rPrQrPaQaQ,B,gemma-26b-cw,google/gemma-4-26b-a4b-it,coreweave/bf16,0,1.0,CoreWeave,B,1.14e-05,1.2898369585704264e-09,0.0,1
comprehension,own,neutral,0221,1,0,0,0,aQaQrPrPrQ,A,gemma-26b-cw,google/gemma-4-26b-a4b-it,coreweave/bf16,0,1.0,CoreWeave,A,9.8e-06,0.9999999778601952,9.706947271265169e-08,0
comprehension,own,neutral,0221,1,0,1,0,rPrQaQrPaQ,A,gemma-26b-cw,google/gemma-4-26b-a4b-it,coreweave/bf16,0,1.0,CoreWeave,A,9.8e-06,0.9999999682734889,8.748276703107841e-08,0
comprehension,own,neutral,0222,-1,0,0,0,rPaQaQrPrQrQ,B,gemma-26b-cw,google/gemma-4-26b-a4b-it,coreweave/bf16,0,1.0,CoreWeave,B,1.05e-05,3.3982677688797086e-09,0.0,1
comprehension,own,neutral,0222,-1,0,1,0,rQrQrPrPaQaQ,B,gemma-26b-cw,google/gemma-4-26b-a4b-it,coreweave/bf16,0,1.0,CoreWeave,B,1.05e-05,2.5651470721609526e-09,0.0,1
comprehension,own,neutral,0222,1,0,0,0,rPrQaQrPrQaQ,A,gemma-26b-cw,google/gemma-4-26b-a4b-it,coreweave/bf16,0,1.0,CoreWeave,A,1.05e-05,0.9999999668966955,8.61059737129754e-08,0
comprehension,own,neutral,0222,1,0,1,0,aQrQrPrPaQrQ,A,gemma-26b-cw,google/gemma-4-26b-a4b-it,coreweave/bf16,0,1.0,CoreWeave,A,1.05e-05,0.9999999724220668,9.163134473913541e-08,0
comprehension,own,neutral,0230,-1,0,0,0,aQrPaQrPrP,B,gemma-26b-cw,google/gemma-4-26b-a4b-it,coreweave/bf16,0,1.0,CoreWeave,B,1.14e-05,2.2993829934769837e-09,0.0,1
comprehension,own,neutral,0230,-1,0,1,0,aQaQrPrPrP,B,gemma-26b-cw,google/gemma-4-26b-a4b-it,coreweave/bf16,0,1.0,CoreWeave,B,9.8e-06,1.555840358389949e-09,0.0,1
comprehension,own,neutral,0230,1,0,0,0,rPrPrPaQaQ,A,gemma-26b-cw,google/gemma-4-26b-a4b-it,coreweave/bf16,0,1.0,CoreWeave,A,9.8e-06,0.9999999822637676,0.0,0
comprehension,own,neutral,0230,1,0,1,0,rPrPaQrPaQ,A,gemma-26b-cw,google/gemma-4-26b-a4b-it,coreweave/bf16,0,1.0,CoreWeave,A,1.14e-05,0.9999999644506393,8.365991769783896e-08,0
comprehension,own,neutral,0231,-1,0,0,0,rPrPrPrQaQaQ,B,gemma-26b-cw,google/gemma-4-26b-a4b-it,coreweave/bf16,0,1.0,CoreWeave,B,1.05e-05,3.3455824807924616e-09,0.0,1
comprehension,own,neutral,0231,-1,0,1,0,rPaQrPrPaQrQ,B,gemma-26b-cw,google/gemma-4-26b-a4b-it,coreweave/bf16,0,1.0,CoreWeave,B,1.05e-05,2.3723732231034477e-09,0.0,1
comprehension,own,neutral,0231,1,0,0,0,rPaQaQrPrQrP,A,gemma-26b-cw,google/gemma-4-26b-a4b-it,coreweave/bf16,0,1.0,CoreWeave,A,1.05e-05,0.999999973179037,0.0,0
comprehension,own,neutral,0231,1,0,1,0,aQrPrPrQaQrP,A,gemma-26b-cw,google/gemma-4-26b-a4b-it,coreweave/bf16,0,1.0,CoreWeave,A,1.05e-05,0.9999999609566657,8.01659440941333e-08,0
comprehension,own,neutral,0240,-1,0,0,0,rPaQaQrPrPrP,B,gemma-26b-cw,google/gemma-4-26b-a4b-it,coreweave/bf16,0,1.0,CoreWeave,B,1.05e-05,2.817262932121882e-09,0.0,1
comprehension,own,neutral,0240,-1,0,1,0,rPaQrPaQrPrP,B,gemma-26b-cw,google/gemma-4-26b-a4b-it,coreweave/bf16,0,1.0,CoreWeave,B,1.21e-05,2.0936120353939657e-09,0.0,1
comprehension,own,neutral,0240,1,0,0,0,rPrPrPaQaQrP,A,gemma-26b-cw,google/gemma-4-26b-a4b-it,coreweave/bf16,0,1.0,CoreWeave,A,1.05e-05,0.999999976594912,9.580418962611018e-08,0
comprehension,own,neutral,0240,1,0,1,0,rPaQrPrPrPaQ,A,gemma-26b-cw,google/gemma-4-26b-a4b-it,coreweave/bf16,0,1.0,CoreWeave,A,1.05e-05,0.9999999620097929,8.121907134269497e-08,0
comprehension,own,neutral,0300,-1,0,0,0,aQaQaQ,B,gemma-26b-cw,google/gemma-4-26b-a4b-it,coreweave/bf16,0,1.0,CoreWeave,B,1e-05,1.9362746091873464e-09,0.0,1
comprehension,own,neutral,0300,-1,0,1,0,aQaQaQ,B,gemma-26b-cw,google/gemma-4-26b-a4b-it,coreweave/bf16,0,1.0,CoreWeave,B,1e-05,1.580341280907814e-09,0.0,1
comprehension,own,neutral,0300,1,0,0,0,aQaQaQ,A,gemma-26b-cw,google/gemma-4-26b-a4b-it,coreweave/bf16,0,1.0,CoreWeave,A,1e-05,0.9999999930814699,0.0,0
comprehension,own,neutral,0300,1,0,1,0,aQaQaQ,A,gemma-26b-cw,google/gemma-4-26b-a4b-it,coreweave/bf16,0,1.0,CoreWeave,A,1e-05,0.9999999873739035,0.0,0
comprehension,own,neutral,0301,-1,0,0,0,aQaQrQaQ,B,gemma-26b-cw,google/gemma-4-26b-a4b-it,coreweave/bf16,0,1.0,CoreWeave,B,1.07e-05,2.565147090102199e-09,0.0,1
comprehension,own,neutral,0301,-1,0,1,0,aQrQaQaQ,B,gemma-26b-cw,google/gemma-4-26b-a4b-it,coreweave/bf16,0,1.0,CoreWeave,B,9.1e-06,1.2898369539424204e-09,0.0,1
comprehension,own,neutral,0301,1,0,0,0,aQaQaQrQ,A,gemma-26b-cw,google/gemma-4-26b-a4b-it,coreweave/bf16,0,1.0,CoreWeave,A,1.07e-05,0.9999999877623676,0.0,0
comprehension,own,neutral,0301,1,0,1,0,rQaQaQaQ,A,gemma-26b-cw,google/gemma-4-26b-a4b-it,coreweave/bf16,0,1.0,CoreWeave,A,1.07e-05,0.9999999850061394,0.0,0
comprehension,own,neutral,0302,-1,0,0,0,aQrQaQaQrQ,B,gemma-26b-cw,google/gemma-4-26b-a4b-it,coreweave/bf16,0,1.0,CoreWeave,B,1.14e-05,1.7907612706490026e-09,0.0,1
comprehension,own,neutral,0302,-1,0,1,0,aQrQrQaQaQ,B,gemma-26b-cw,google/gemma-4-26b-a4b-it,coreweave/bf16,0,1.0,CoreWeave,B,1.14e-05,2.565147061819391e-09,0.0,0
comprehension,own,neutral,0302,1,0,0,0,aQaQrQrQaQ,A,gemma-26b-cw,google/gemma-4-26b-a4b-it,coreweave/bf16,0,1.0,CoreWeave,A,1.14e-05,0.9999999815572366,0.0,0
comprehension,own,neutral,0302,1,0,1,0,aQaQaQrQrQ,A,gemma-26b-cw,google/gemma-4-26b-a4b-it,coreweave/bf16,0,1.0,CoreWeave,A,9.8e-06,0.999999978490802,0.0,0
comprehension,own,neutral,0303,-1,0,0,0,rQaQaQrQaQrQ,B,gemma-26b-cw,google/gemma-4-26b-a4b-it,coreweave/bf16,0,1.0,CoreWeave,B,1.05e-05,2.7735853083052766e-09,0.0,1
comprehension,own,neutral,0303,-1,0,1,0,rQrQaQrQaQaQ,B,gemma-26b-cw,google/gemma-4-26b-a4b-it,coreweave/bf16,0,1.0,CoreWeave,B,1.05e-05,1.8189616396283529e-09,0.0,1
comprehension,own,neutral,0303,1,0,0,0,rQaQaQrQaQrQ,A,gemma-26b-cw,google/gemma-4-26b-a4b-it,coreweave/bf16,0,1.0,CoreWeave,A,1.05e-05,0.9999999784776672,9.768694466303235e-08,0
comprehension,own,neutral,0303,1,0,1,0,rQaQrQrQaQaQ,A,gemma-26b-cw,google/gemma-4-26b-a4b-it,coreweave/bf16,0,1.0,CoreWeave,A,1.05e-05,0.9999999895325971,1.0874187354518188e-07,0
comprehension,own,neutral,0310,-1,0,0,0,aQaQrPaQ,B,gemma-26b-cw,google/gemma-4-26b-a4b-it,coreweave/bf16,0,1.0,CoreWeave,B,1.07e-05,2.4862258222635094e-09,0.0,1
comprehension,own,neutral,0310,-1,0,1,0,aQrPaQaQ,B,gemma-26b-cw,google/gemma-4-26b-a4b-it,coreweave/bf16,0,1.0,CoreWeave,B,1.07e-05,1.8767017006828166e-09,0.0,1
comprehension,own,neutral,0310,1,0,0,0,rPaQaQaQ,A,gemma-26b-cw,google/gemma-4-26b-a4b-it,coreweave/bf16,0,1.0,CoreWeave,A,9.1e-06,0.9999999869731082,0.0,0
comprehension,own,neutral,0310,1,0,1,0,aQaQaQrP,A,gemma-26b-cw,google/gemma-4-26b-a4b-it,coreweave/bf16,0,1.0,CoreWeave,A,9.1e-06,0.9999999864541758,0.0,0
comprehension,own,neutral,0311,-1,0,0,0,rQaQaQrPaQ,B,gemma-26b-cw,google/gemma-4-26b-a4b-it,coreweave/bf16,0,1.0,CoreWeave,B,1.14e-05,2.4862258171719295e-09,0.0,1
comprehension,own,neutral,0311,-1,0,1,0,aQaQrPaQrQ,B,gemma-26b-cw,google/gemma-4-26b-a4b-it,coreweave/bf16,0,1.0,CoreWeave,B,9.8e-06,1.2698398870747692e-09,0.0,1
comprehension,own,neutral,0311,1,0,0,0,aQrPaQrQaQ,A,gemma-26b-cw,google/gemma-4-26b-a4b-it,coreweave/bf16,0,1.0,CoreWeave,A,1.14e-05,0.9999999686277992,8.783707733191223e-08,0
comprehension,own,neutral,0311,1,0,1,0,rPrQaQaQaQ,A,gemma-26b-cw,google/gemma-4-26b-a4b-it,coreweave/bf16,0,1.0,CoreWeave,A,9.8e-06,0.9999999697115659,8.892084396063718e-08,0
comprehension,own,neutral,0312,-1,0,0,0,rQrPrQaQaQaQ,B,gemma-26b-cw,google/gemma-4-26b-a4b-it,coreweave/bf16,0,1.0,CoreWeave,B,1.05e-05,3.0941580085791358e-09,0.0,1
comprehension,own,neutral,0312,-1,0,1,0,aQrQrQaQaQrP,B,gemma-26b-cw,google/gemma-4-26b-a4b-it,coreweave/bf16,0,1.0,CoreWeave,B,1.05e-05,5.263340004398396e-09,0.0,1
comprehension,own,neutral,0312,1,0,0,0,rQaQrQrPaQaQ,A,gemma-26b-cw,google/gemma-4-26b-a4b-it,coreweave/bf16,0,1.0,CoreWeave,A,1.05e-05,0.9999999779484476,0.0,0
comprehension,own,neutral,0312,1,0,1,0,rQrPaQaQrQaQ,A,gemma-26b-cw,google/gemma-4-26b-a4b-it,coreweave/bf16,0,1.0,CoreWeave,A,1.21e-05,0.9999999827421703,1.0195144735196632e-07,0
comprehension,own,neutral,0320,-1,0,0,0,rPrPaQaQaQ,B,gemma-26b-cw,google/gemma-4-26b-a4b-it,coreweave/bf16,0,1.0,CoreWeave,B,1.14e-05,2.9066924461766947e-09,0.0,1
comprehension,own,neutral,0320,-1,0,1,0,aQaQaQrPrP,B,gemma-26b-cw,google/gemma-4-26b-a4b-it,coreweave/bf16,0,1.0,CoreWeave,B,9.8e-06,1.1929041834498422e-09,0.0,1
comprehension,own,neutral,0320,1,0,0,0,rPrPaQaQaQ,A,gemma-26b-cw,google/gemma-4-26b-a4b-it,coreweave/bf16,0,1.0,CoreWeave,A,9.8e-06,0.9999999870744842,0.0,0
comprehension,own,neutral,0320,1,0,1,0,aQrPaQrPaQ,A,gemma-26b-cw,google/gemma-4-26b-a4b-it,coreweave/bf16,0,1.0,CoreWeave,A,9.8e-06,0.999999953815654,7.302493269088708e-08,0
comprehension,own,neutral,0321,-1,0,0,0,aQaQrPaQrQrP,B,gemma-26b-cw,google/gemma-4-26b-a4b-it,coreweave/bf16,0,1.0,CoreWeave,B,1.05e-05,3.2937140481047438e-09,0.0,1
comprehension,own,neutral,0321,-1,0,1,0,aQrPaQaQrQrP,B,gemma-26b-cw,google/gemma-4-26b-a4b-it,coreweave/bf16,0,1.0,CoreWeave,B,1.05e-05,2.688251032727984e-09,0.0,1
comprehension,own,neutral,0321,1,0,0,0,aQrPrQrPaQaQ,A,gemma-26b-cw,google/gemma-4-26b-a4b-it,coreweave/bf16,0,1.0,CoreWeave,A,1.05e-05,0.9999999716852431,9.089452097486568e-08,0
comprehension,own,neutral,0321,1,0,1,0,rQaQrPaQaQrP,A,gemma-26b-cw,google/gemma-4-26b-a4b-it,coreweave/bf16,0,1.0,CoreWeave,A,1.21e-05,0.9999999780129546,9.72222320840984e-08,0
comprehension,own,neutral,0330,-1,0,0,0,rPaQrPaQaQrP,B,gemma-26b-cw,google/gemma-4-26b-a4b-it,coreweave/bf16,0,1.0,CoreWeave,B,1.05e-05,2.9524661941493985e-09,0.0,1
comprehension,own,neutral,0330,-1,0,1,0,rPrPaQaQrPaQ,B,gemma-26b-cw,google/gemma-4-26b-a4b-it,coreweave/bf16,0,1.0,CoreWeave,B,1.05e-05,2.6465735755047657e-09,0.0,1
comprehension,own,neutral,0330,1,0,0,0,rPaQaQrPrPaQ,A,gemma-26b-cw,google/gemma-4-26b-a4b-it,coreweave/bf16,0,1.0,CoreWeave,A,1.05e-05,0.9999999588022723,7.801155083173975e-08,0
comprehension,own,neutral,0330,1,0,1,0,rPrPaQaQrPaQ,A,gemma-26b-cw,google/gemma-4-26b-a4b-it,coreweave/bf16,0,1.0,CoreWeave,A,1.05e-05,0.9999999581943483,7.740362684133946e-08,0
comprehension,own,neutral,0400,-1,0,0,0,aQaQaQaQ,B,gemma-26b-cw,google/gemma-4-26b-a4b-it,coreweave/bf16,0,1.0,CoreWeave,B,1.07e-05,2.1600704145190427e-09,0.0,1
comprehension,own,neutral,0400,-1,0,1,0,aQaQaQaQ,B,gemma-26b-cw,google/gemma-4-26b-a4b-it,coreweave/bf16,0,1.0,CoreWeave,B,9.1e-06,1.21168968562057e-09,0.0,1
comprehension,own,neutral,0400,1,0,0,0,aQaQaQaQ,A,gemma-26b-cw,google/gemma-4-26b-a4b-it,coreweave/bf16,0,1.0,CoreWeave,A,1.07e-05,0.9999999893677608,0.0,0
comprehension,own,neutral,0400,1,0,1,0,aQaQaQaQ,A,gemma-26b-cw,google/gemma-4-26b-a4b-it,coreweave/bf16,0,1.0,CoreWeave,A,9.1e-06,0.9999999770923954,0.0,0
comprehension,own,neutral,0401,-1,0,0,0,rQaQaQaQaQ,B,gemma-26b-cw,google/gemma-4-26b-a4b-it,coreweave/bf16,0,1.0,CoreWeave,B,1.14e-05,1.9977385481268682e-09,0.0,1
comprehension,own,neutral,0401,-1,0,1,0,aQaQaQrQaQ,B,gemma-26b-cw,google/gemma-4-26b-a4b-it,coreweave/bf16,0,1.0,CoreWeave,B,9.8e-06,2.4476804229471037e-09,0.0,0
comprehension,own,neutral,0401,1,0,0,0,aQrQaQaQaQ,A,gemma-26b-cw,google/gemma-4-26b-a4b-it,coreweave/bf16,0,1.0,CoreWeave,A,9.8e-06,0.9999999800586157,9.926789300310401e-08,0
comprehension,own,neutral,0401,1,0,1,0,aQrQaQaQaQ,A,gemma-26b-cw,google/gemma-4-26b-a4b-it,coreweave/bf16,0,1.0,CoreWeave,A,9.8e-06,0.9999999817809994,0.0,0
comprehension,own,neutral,0402,-1,0,0,0,aQaQaQrQrQaQ,B,gemma-26b-cw,google/gemma-4-26b-a4b-it,coreweave/bf16,0,1.0,CoreWeave,B,1.05e-05,3.0461875269379632e-09,0.0,1
comprehension,own,neutral,0402,-1,0,1,0,aQrQaQrQaQaQ,B,gemma-26b-cw,google/gemma-4-26b-a4b-it,coreweave/bf16,0,1.0,CoreWeave,B,1.05e-05,1.6561834308903821e-09,0.0,1
comprehension,own,neutral,0402,1,0,0,0,rQaQaQaQaQrQ,A,gemma-26b-cw,google/gemma-4-26b-a4b-it,coreweave/bf16,0,1.0,CoreWeave,A,1.05e-05,0.9999999793853871,0.0,0
comprehension,own,neutral,0402,1,0,1,0,rQaQaQrQaQaQ,A,gemma-26b-cw,google/gemma-4-26b-a4b-it,coreweave/bf16,0,1.0,CoreWeave,A,1.05e-05,0.9999999874721605,0.0,0
comprehension,own,neutral,0410,-1,0,0,0,aQaQaQrPaQ,B,gemma-26b-cw,google/gemma-4-26b-a4b-it,coreweave/bf16,0,1.0,CoreWeave,B,9.8e-06,2.525378172473421e-09,0.0,1
comprehension,own,neutral,0410,-1,0,1,0,rPaQaQaQaQ,B,gemma-26b-cw,google/gemma-4-26b-a4b-it,coreweave/bf16,0,1.0,CoreWeave,B,9.8e-06,1.330780778516725e-09,0.0,1
comprehension,own,neutral,0410,1,0,0,0,aQaQaQaQrP,A,gemma-26b-cw,google/gemma-4-26b-a4b-it,coreweave/bf16,0,1.0,CoreWeave,A,9.8e-06,0.9999999799805697,0.0,0
comprehension,own,neutral,0410,1,0,1,0,aQaQaQaQrP,A,gemma-26b-cw,google/gemma-4-26b-a4b-it,coreweave/bf16,0,1.0,CoreWeave,A,9.8e-06,0.9999999786894248,9.789870228850894e-08,0
comprehension,own,neutral,0411,-1,0,0,0,rQaQaQaQrPaQ,B,gemma-26b-cw,google/gemma-4-26b-a4b-it,coreweave/bf16,0,1.0,CoreWeave,B,1.05e-05,2.9989607645107567e-09,0.0,1
comprehension,own,neutral,0411,-1,0,1,0,aQrPaQrQaQaQ,B,gemma-26b-cw,google/gemma-4-26b-a4b-it,coreweave/bf16,0,1.0,CoreWeave,B,1.21e-05,4.099093318157183e-09,0.0,1
comprehension,own,neutral,0411,1,0,0,0,aQrQaQaQaQrP,A,gemma-26b-cw,google/gemma-4-26b-a4b-it,coreweave/bf16,0,1.0,CoreWeave,A,1.05e-05,0.9999999831419474,1.0235122450672354e-07,0
comprehension,own,neutral,0411,1,0,1,0,aQaQrPaQaQrQ,A,gemma-26b-cw,google/gemma-4-26b-a4b-it,coreweave/bf16,0,1.0,CoreWeave,A,1.05e-05,0.9999999790198146,9.822909210026243e-08,0
comprehension,own,neutral,0420,-1,0,0,0,rPaQaQrPaQaQ,B,gemma-26b-cw,google/gemma-4-26b-a4b-it,coreweave/bf16,0,1.0,CoreWeave,B,1.05e-05,3.5613540420173208e-09,0.0,1
comprehension,own,neutral,0420,-1,0,1,0,rPaQaQrPaQaQ,B,gemma-26b-cw,google/gemma-4-26b-a4b-it,coreweave/bf16,0,1.0,CoreWeave,B,1.05e-05,2.7305848463926655e-09,0.0,1
comprehension,own,neutral,0420,1,0,0,0,aQaQaQaQrPrP,A,gemma-26b-cw,google/gemma-4-26b-a4b-it,coreweave/bf16,0,1.0,CoreWeave,A,1.05e-05,0.9999999811198768,1.0032915401233211e-07,0
comprehension,own,neutral,0420,1,0,1,0,aQaQrPaQaQrP,A,gemma-26b-cw,google/gemma-4-26b-a4b-it,coreweave/bf16,0,1.0,CoreWeave,A,1.05e-05,0.999999973787545,9.299682276567828e-08,0
comprehension,own,neutral,0500,-1,0,0,0,aQaQaQaQaQ,B,gemma-26b-cw,google/gemma-4-26b-a4b-it,coreweave/bf16,0,1.0,CoreWeave,B,9.8e-06,2.029198349025038e-09,0.0,1
comprehension,own,neutral,0500,-1,0,1,0,aQaQaQaQaQ,B,gemma-26b-cw,google/gemma-4-26b-a4b-it,coreweave/bf16,0,1.0,CoreWeave,B,9.8e-06,1.0693123898493363e-09,0.0,0
comprehension,own,neutral,0500,1,0,0,0,aQaQaQaQaQ,A,gemma-26b-cw,google/gemma-4-26b-a4b-it,coreweave/bf16,0,1.0,CoreWeave,A,9.8e-06,0.9999999835966666,0.0,0
comprehension,own,neutral,0500,1,0,1,0,aQaQaQaQaQ,A,gemma-26b-cw,google/gemma-4-26b-a4b-it,coreweave/bf16,0,1.0,CoreWeave,A,9.8e-06,0.9999999880924569,0.0,0
comprehension,own,neutral,0501,-1,0,0,0,aQaQaQrQaQaQ,B,gemma-26b-cw,google/gemma-4-26b-a4b-it,coreweave/bf16,0,1.0,CoreWeave,B,1.05e-05,2.6882510567824956e-09,0.0,1
comprehension,own,neutral,0501,-1,0,1,0,aQaQaQaQaQrQ,B,gemma-26b-cw,google/gemma-4-26b-a4b-it,coreweave/bf16,0,1.0,CoreWeave,B,1.05e-05,2.4476804348017736e-09,0.0,0
comprehension,own,neutral,0501,1,0,0,0,aQaQaQaQaQrQ,A,gemma-26b-cw,google/gemma-4-26b-a4b-it,coreweave/bf16,0,1.0,CoreWeave,A,1.05e-05,0.9999999767770519,9.59863294481594e-08,0
comprehension,own,neutral,0501,1,0,1,0,aQaQrQaQaQaQ,A,gemma-26b-cw,google/gemma-4-26b-a4b-it,coreweave/bf16,0,1.0,CoreWeave,A,1.21e-05,0.9999999852385959,1.0444787281094951e-07,0
comprehension,own,neutral,0510,-1,0,0,0,aQaQaQaQaQrP,B,gemma-26b-cw,google/gemma-4-26b-a4b-it,coreweave/bf16,0,1.0,CoreWeave,B,1.05e-05,2.8616283454703814e-09,0.0,1
comprehension,own,neutral,0510,-1,0,1,0,aQaQaQaQaQrP,B,gemma-26b-cw,google/gemma-4-26b-a4b-it,coreweave/bf16,0,1.0,CoreWeave,B,1.05e-05,2.194086565876757e-09,0.0,1
comprehension,own,neutral,0510,1,0,0,0,aQaQaQrPaQaQ,A,gemma-26b-cw,google/gemma-4-26b-a4b-it,coreweave/bf16,0,1.0,CoreWeave,A,1.05e-05,0.9999999665064843,8.571576246862779e-08,0
comprehension,own,neutral,0510,1,0,1,0,rPaQaQaQaQaQ,A,gemma-26b-cw,google/gemma-4-26b-a4b-it,coreweave/bf16,0,1.0,CoreWeave,A,1.05e-05,0.9999999689932964,8.820257450951993e-08,0
comprehension,own,neutral,0600,-1,0,0,0,aQaQaQaQaQaQ,B,gemma-26b-cw,google/gemma-4-26b-a4b-it,coreweave/bf16,0,1.0,CoreWeave,B,1.05e-05,2.093612031498051e-09,0.0,1
comprehension,own,neutral,0600,-1,0,1,0,aQaQaQaQaQaQ,B,gemma-26b-cw,google/gemma-4-26b-a4b-it,coreweave/bf16,0,1.0,CoreWeave,B,1.05e-05,1.7629980820958595e-09,0.0,1
comprehension,own,neutral,0600,1,0,0,0,aQaQaQaQaQaQ,A,gemma-26b-cw,google/gemma-4-26b-a4b-it,coreweave/bf16,0,1.0,CoreWeave,A,1.05e-05,0.9999999863479345,0.0,0
comprehension,own,neutral,0600,1,0,1,0,aQaQaQaQaQaQ,A,gemma-26b-cw,google/gemma-4-26b-a4b-it,coreweave/bf16,0,1.0,CoreWeave,A,1.05e-05,0.9999999854674503,1.0467672714494603e-07,0
comprehension,own,neutral,1000,-1,0,0,0,aP,B,gemma-26b-cw,google/gemma-4-26b-a4b-it,coreweave/bf16,0,1.0,CoreWeave,B,1.18e-05,1.438917106339174e-09,0.0,1
comprehension,own,neutral,1000,-1,0,1,0,aP,B,gemma-26b-cw,google/gemma-4-26b-a4b-it,coreweave/bf16,0,1.0,CoreWeave,B,1.02e-05,1.1744099173334592e-09,0.0,1
comprehension,own,neutral,1000,1,0,0,0,aP,A,gemma-26b-cw,google/gemma-4-26b-a4b-it,coreweave/bf16,0,1.0,CoreWeave,A,1.18e-05,0.999999988857509,0.0,0
comprehension,own,neutral,1000,1,0,1,0,aP,A,gemma-26b-cw,google/gemma-4-26b-a4b-it,coreweave/bf16,0,1.0,CoreWeave,A,8.6e-06,0.9999999866641844,0.0,0
comprehension,own,neutral,1001,-1,0,0,0,aPrQ,B,gemma-26b-cw,google/gemma-4-26b-a4b-it,coreweave/bf16,0,1.0,CoreWeave,B,9.3e-06,1.484593244689503e-09,0.0,1
comprehension,own,neutral,1001,-1,0,1,0,rQaP,B,gemma-26b-cw,google/gemma-4-26b-a4b-it,coreweave/bf16,0,1.0,CoreWeave,B,9.3e-06,9.736200164232035e-10,0.0,1
comprehension,own,neutral,1001,1,0,0,0,aPrQ,A,gemma-26b-cw,google/gemma-4-26b-a4b-it,coreweave/bf16,0,1.0,CoreWeave,A,9.3e-06,0.9999999943972036,0.0,0
comprehension,own,neutral,1001,1,0,1,0,aPrQ,A,gemma-26b-cw,google/gemma-4-26b-a4b-it,coreweave/bf16,0,1.0,CoreWeave,A,9.3e-06,0.9999999925774999,1.1178677601321677e-07,0
comprehension,own,neutral,1002,-1,0,0,0,rQrQaP,B,gemma-26b-cw,google/gemma-4-26b-a4b-it,coreweave/bf16,0,1.0,CoreWeave,B,1e-05,2.0291983578615496e-09,0.0,1
comprehension,own,neutral,1002,-1,0,1,0,aPrQrQ,B,gemma-26b-cw,google/gemma-4-26b-a4b-it,coreweave/bf16,0,1.0,CoreWeave,B,1e-05,1.1562023739884933e-09,0.0,1
comprehension,own,neutral,1002,1,0,0,0,aPrQrQ,A,gemma-26b-cw,google/gemma-4-26b-a4b-it,coreweave/bf16,0,1.0,CoreWeave,A,1e-05,0.9999999955678232,0.0,0
comprehension,own,neutral,1002,1,0,1,0,rQrQaP,A,gemma-26b-cw,google/gemma-4-26b-a4b-it,coreweave/bf16,0,1.0,CoreWeave,A,1e-05,0.9999999872748758,0.0,0
comprehension,own,neutral,1003,-1,0,0,0,rQrQrQaP,B,gemma-26b-cw,google/gemma-4-26b-a4b-it,coreweave/bf16,0,1.0,CoreWeave,B,1.07e-05,1.997738561017755e-09,0.0,1
comprehension,own,neutral,1003,-1,0,1,0,rQaPrQrQ,B,gemma-26b-cw,google/gemma-4-26b-a4b-it,coreweave/bf16,0,1.0,CoreWeave,B,1.07e-05,2.5057255105311846e-09,0.0,0
comprehension,own,neutral,1003,1,0,0,0,rQaPrQrQ,A,gemma-26b-cw,google/gemma-4-26b-a4b-it,coreweave/bf16,0,1.0,CoreWeave,A,1.07e-05,0.9999999928618521,0.0,0
comprehension,own,neutral,1003,1,0,1,0,rQrQrQaP,A,gemma-26b-cw,google/gemma-4-26b-a4b-it,coreweave/bf16,0,1.0,CoreWeave,A,9.1e-06,0.999999988045852,0.0,0
comprehension,own,neutral,1004,-1,0,0,0,aPrQrQrQrQ,B,gemma-26b-cw,google/gemma-4-26b-a4b-it,coreweave/bf16,0,1.0,CoreWeave,B,9.8e-06,2.1940865794032718e-09,0.0,1
comprehension,own,neutral,1004,-1,0,1,0,rQaPrQrQrQ,B,gemma-26b-cw,google/gemma-4-26b-a4b-it,coreweave/bf16,0,1.0,CoreWeave,B,1.14e-05,3.942059542339899e-09,0.0,0
comprehension,own,neutral,1004,1,0,0,0,rQrQaPrQrQ,A,gemma-26b-cw,google/gemma-4-26b-a4b-it,coreweave/bf16,0,1.0,CoreWeave,A,9.8e-06,0.9999999852385977,0.0,0
comprehension,own,neutral,1004,1,0,1,0,rQrQrQrQaP,A,gemma-26b-cw,google/gemma-4-26b-a4b-it,coreweave/bf16,0,1.0,CoreWeave,A,9.8e-06,0.9999999872748743,1.0648415095868113e-07,0
comprehension,own,neutral,1005,-1,0,0,0,aPrQrQrQrQrQ,B,gemma-26b-cw,google/gemma-4-26b-a4b-it,coreweave/bf16,0,1.0,CoreWeave,B,1.05e-05,2.0936120361832027e-09,0.0,1
comprehension,own,neutral,1005,-1,0,1,0,rQrQrQrQaPrQ,B,gemma-26b-cw,google/gemma-4-26b-a4b-it,coreweave/bf16,0,1.0,CoreWeave,B,1.05e-05,3.674403503678404e-09,0.0,1
comprehension,own,neutral,1005,1,0,0,0,rQrQrQrQrQaP,A,gemma-26b-cw,google/gemma-4-26b-a4b-it,coreweave/bf16,0,1.0,CoreWeave,A,1.05e-05,0.9999999913222192,0.0,0
comprehension,own,neutral,1005,1,0,1,0,rQrQrQrQaPrQ,A,gemma-26b-cw,google/gemma-4-26b-a4b-it,coreweave/bf16,0,1.0,CoreWeave,A,1.05e-05,0.9999999888575062,2.272760310483711e-07,0
comprehension,own,neutral,1010,-1,0,0,0,rPaP,B,gemma-26b-cw,google/gemma-4-26b-a4b-it,coreweave/bf16,0,1.0,CoreWeave,B,9.3e-06,1.7087563435216896e-09,0.0,1
comprehension,own,neutral,1010,-1,0,1,0,rPaP,B,gemma-26b-cw,google/gemma-4-26b-a4b-it,coreweave/bf16,0,1.0,CoreWeave,B,9.3e-06,1.211689693703885e-09,0.0,1
comprehension,own,neutral,1010,1,0,0,0,aPrP,A,gemma-26b-cw,google/gemma-4-26b-a4b-it,coreweave/bf16,0,1.0,CoreWeave,A,9.3e-06,0.9999999906900991,1.0989937546231743e-07,0
comprehension,own,neutral,1010,1,0,1,0,aPrP,A,gemma-26b-cw,google/gemma-4-26b-a4b-it,coreweave/bf16,0,1.0,CoreWeave,A,9.3e-06,0.9999999891156245,0.0,0
comprehension,own,neutral,1011,-1,0,0,0,rQaPrP,B,gemma-26b-cw,google/gemma-4-26b-a4b-it,coreweave/bf16,0,1.0,CoreWeave,B,1e-05,1.9977385676508615e-09,0.0,1
comprehension,own,neutral,1011,-1,0,1,0,aPrPrQ,B,gemma-26b-cw,google/gemma-4-26b-a4b-it,coreweave/bf16,0,1.0,CoreWeave,B,1e-05,1.373024294774738e-09,0.0,1
comprehension,own,neutral,1011,1,0,0,0,rPrQaP,A,gemma-26b-cw,google/gemma-4-26b-a4b-it,coreweave/bf16,0,1.0,CoreWeave,A,1e-05,0.999999988231184,0.0,0
comprehension,own,neutral,1011,1,0,1,0,rPrQaP,A,gemma-26b-cw,google/gemma-4-26b-a4b-it,coreweave/bf16,0,1.0,CoreWeave,A,1e-05,0.9999999833383497,1.025476267479031e-07,0
comprehension,own,neutral,1012,-1,0,0,0,aPrQrQrP,B,gemma-26b-cw,google/gemma-4-26b-a4b-it,coreweave/bf16,0,1.0,CoreWeave,B,1.07e-05,2.335593005039977e-09,0.0,1
comprehension,own,neutral,1012,-1,0,1,0,rQaPrQrP,B,gemma-26b-cw,google/gemma-4-26b-a4b-it,coreweave/bf16,0,1.0,CoreWeave,B,1.07e-05,2.5057255145399885e-09,0.0,0
comprehension,own,neutral,1012,1,0,0,0,rQrQrPaP,A,gemma-26b-cw,google/gemma-4-26b-a4b-it,coreweave/bf16,0,1.0,CoreWeave,A,9.1e-06,0.9999999906170819,0.0,0
comprehension,own,neutral,1012,1,0,1,0,aPrQrQrP,A,gemma-26b-cw,google/gemma-4-26b-a4b-it,coreweave/bf16,0,1.0,CoreWeave,A,9.1e-06,0.9999999770027347,9.621201226867358e-08,0
comprehension,own,neutral,1013,-1,0,0,0,rPrQrQrQaP,B,gemma-26b-cw,google/gemma-4-26b-a4b-it,coreweave/bf16,0,1.0,CoreWeave,B,9.8e-06,1.966766504222718e-09,0.0,1
comprehension,own,neutral,1013,-1,0,1,0,rPrQrQrQaP,B,gemma-26b-cw,google/gemma-4-26b-a4b-it,coreweave/bf16,0,1.0,CoreWeave,B,9.8e-06,1.921206402463525e-09,0.0,1
comprehension,own,neutral,1013,1,0,0,0,aPrQrQrPrQ,A,gemma-26b-cw,google/gemma-4-26b-a4b-it,coreweave/bf16,0,1.0,CoreWeave,A,9.8e-06,0.9999999866381124,0.0,0
comprehension,own,neutral,1013,1,0,1,0,rPrQaPrQrQ,A,gemma-26b-cw,google/gemma-4-26b-a4b-it,coreweave/bf16,0,1.0,CoreWeave,A,9.8e-06,0.999999976912726,9.612200352592783e-08,0
comprehension,own,neutral,1014,-1,0,0,0,rQrPaPrQrQrQ,B,gemma-26b-cw,google/gemma-4-26b-a4b-it,coreweave/bf16,0,1.0,CoreWeave,B,1.21e-05,3.732266967505936e-09,0.0,1
comprehension,own,neutral,1014,-1,0,1,0,rPrQrQaPrQrQ,B,gemma-26b-cw,google/gemma-4-26b-a4b-it,coreweave/bf16,0,1.0,CoreWeave,B,1.05e-05,2.5651470396782173e-09,0.0,1
comprehension,own,neutral,1014,1,0,0,0,aPrQrQrQrQrP,A,gemma-26b-cw,google/gemma-4-26b-a4b-it,coreweave/bf16,0,1.0,CoreWeave,A,1.05e-05,0.99999998535347,1.0456274695679541e-07,0
comprehension,own,neutral,1014,1,0,1,0,rPrQaPrQrQrQ,A,gemma-26b-cw,google/gemma-4-26b-a4b-it,coreweave/bf16,0,1.0,CoreWeave,A,1.05e-05,0.9999999778405081,9.704978556656055e-08,0
comprehension,own,neutral,1020,-1,0,0,0,aPrPrP,B,gemma-26b-cw,google/gemma-4-26b-a4b-it,coreweave/bf16,0,1.0,CoreWeave,B,1e-05,2.4097326881410525e-09,0.0,1
comprehension,own,neutral,1020,-1,0,1,0,rPaPrP,B,gemma-26b-cw,google/gemma-4-26b-a4b-it,coreweave/bf16,0,1.0,CoreWeave,B,1e-05,1.6822645401274422e-09,0.0,1
comprehension,own,neutral,1020,1,0,0,0,aPrPrP,A,gemma-26b-cw,google/gemma-4-26b-a4b-it,coreweave/bf16,0,1.0,CoreWeave,A,1e-05,0.9999999905434905,0.0,0
comprehension,own,neutral,1020,1,0,1,0,rPrPaP,A,gemma-26b-cw,google/gemma-4-26b-a4b-it,coreweave/bf16,0,1.0,CoreWeave,A,1e-05,0.9999999794256083,9.863488557749085e-08,0
comprehension,own,neutral,1021,-1,0,0,0,rQrPaPrP,B,gemma-26b-cw,google/gemma-4-26b-a4b-it,coreweave/bf16,0,1.0,CoreWeave,B,1.07e-05,2.160070418573267e-09,0.0,1
comprehension,own,neutral,1021,-1,0,1,0,aPrPrPrQ,B,gemma-26b-cw,google/gemma-4-26b-a4b-it,coreweave/bf16,0,1.0,CoreWeave,B,9.1e-06,3.45178267761227e-09,0.0,1
comprehension,own,neutral,1021,1,0,0,0,rPaPrPrQ,A,gemma-26b-cw,google/gemma-4-26b-a4b-it,coreweave/bf16,0,1.0,CoreWeave,A,1.07e-05,0.9999999855805453,0.0,0
comprehension,own,neutral,1021,1,0,1,0,rPrQaPrP,A,gemma-26b-cw,google/gemma-4-26b-a4b-it,coreweave/bf16,0,1.0,CoreWeave,A,9.1e-06,0.9999999884136411,1.076229177409529e-07,0
comprehension,own,neutral,1022,-1,0,0,0,aPrPrQrQrP,B,gemma-26b-cw,google/gemma-4-26b-a4b-it,coreweave/bf16,0,1.0,CoreWeave,B,9.8e-06,2.447680456980776e-09,0.0,1
comprehension,own,neutral,1022,-1,0,1,0,rQrPrQrPaP,B,gemma-26b-cw,google/gemma-4-26b-a4b-it,coreweave/bf16,0,1.0,CoreWeave,B,1.14e-05,1.818961663496024e-09,0.0,1
comprehension,own,neutral,1022,1,0,0,0,rPrQaPrQrP,A,gemma-26b-cw,google/gemma-4-26b-a4b-it,coreweave/bf16,0,1.0,CoreWeave,A,9.8e-06,0.9999999700644369,8.927371487457399e-08,0
comprehension,own,neutral,1022,1,0,1,0,rPrQaPrPrQ,A,gemma-26b-cw,google/gemma-4-26b-a4b-it,coreweave/bf16,0,1.0,CoreWeave,A,9.8e-06,0.9999999733877564,9.259703413254153e-08,0
comprehension,own,neutral,1023,-1,0,0,0,rQrQrQrPrPaP,B,gemma-26b-cw,google/gemma-4-26b-a4b-it,coreweave/bf16,0,1.0,CoreWeave,B,1.05e-05,3.398267746963907e-09,0.0,1
comprehension,own,neutral,1023,-1,0,1,0,rQrQrQrPaPrP,B,gemma-26b-cw,google/gemma-4-26b-a4b-it,coreweave/bf16,0,1.0,CoreWeave,B,1.05e-05,3.192377098630781e-09,0.0,1
comprehension,own,neutral,1023,1,0,0,0,aPrQrQrPrQrP,A,gemma-26b-cw,google/gemma-4-26b-a4b-it,coreweave/bf16,0,1.0,CoreWeave,A,1.21e-05,0.9999999851228208,1.0433209769601124e-07,0
comprehension,own,neutral,1023,1,0,1,0,rPaPrPrQrQrQ,A,gemma-26b-cw,google/gemma-4-26b-a4b-it,coreweave/bf16,0,1.0,CoreWeave,A,1.21e-05,0.9999999641718222,8.338110063022527e-08,0
comprehension,own,neutral,1030,-1,0,0,0,rPrPaPrP,B,gemma-26b-cw,google/gemma-4-26b-a4b-it,coreweave/bf16,0,1.0,CoreWeave,B,1.07e-05,2.7305848719219503e-09,0.0,1
comprehension,own,neutral,1030,-1,0,1,0,rPaPrPrP,B,gemma-26b-cw,google/gemma-4-26b-a4b-it,coreweave/bf16,0,1.0,CoreWeave,B,1.07e-05,2.299382998381852e-09,0.0,1
comprehension,own,neutral,1030,1,0,0,0,aPrPrPrP,A,gemma-26b-cw,google/gemma-4-26b-a4b-it,coreweave/bf16,0,1.0,CoreWeave,A,1.07e-05,0.9999999805585661,9.976784328013188e-08,0
comprehension,own,neutral,1030,1,0,1,0,rPaPrPrP,A,gemma-26b-cw,google/gemma-4-26b-a4b-it,coreweave/bf16,0,1.0,CoreWeave,A,1.07e-05,0.9999999801751205,0.0,0
comprehension,own,neutral,1031,-1,0,0,0,rPrQrPrPaP,B,gemma-26b-cw,google/gemma-4-26b-a4b-it,coreweave/bf16,0,1.0,CoreWeave,B,9.8e-06,2.2286384193869474e-09,0.0,1
comprehension,own,neutral,1031,-1,0,1,0,rPrPrPrQaP,B,gemma-26b-cw,google/gemma-4-26b-a4b-it,coreweave/bf16,0,1.0,CoreWeave,B,9.8e-06,2.525378162242949e-09,0.0,1
comprehension,own,neutral,1031,1,0,0,0,rQrPaPrPrP,A,gemma-26b-cw,google/gemma-4-26b-a4b-it,coreweave/bf16,0,1.0,CoreWeave,A,1.14e-05,0.9999999786998304,0.0,0
comprehension,own,neutral,1031,1,0,1,0,rPaPrPrQrP,A,gemma-26b-cw,google/gemma-4-26b-a4b-it,coreweave/bf16,0,1.0,CoreWeave,A,9.8e-06,0.9999999710985742,9.03078522160583e-08,0
comprehension,own,neutral,1032,-1,0,0,0,rPrQrPrQaPrP,B,gemma-26b-cw,google/gemma-4-26b-a4b-it,coreweave/bf16,0,1.0,CoreWeave,B,1.05e-05,3.451782703051166e-09,0.0,1
comprehension,own,neutral,1032,-1,0,1,0,aPrQrPrQrPrP,B,gemma-26b-cw,google/gemma-4-26b-a4b-it,coreweave/bf16,0,1.0,CoreWeave,B,1.05e-05,2.6882510603516505e-09,0.0,1
comprehension,own,neutral,1032,1,0,0,0,rQaPrQrPrPrP,A,gemma-26b-cw,google/gemma-4-26b-a4b-it,coreweave/bf16,0,1.0,CoreWeave,A,1.05e-05,0.9999999846805203,0.0,0
comprehension,own,neutral,1032,1,0,1,0,rPrQrPrPaPrQ,A,gemma-26b-cw,google/gemma-4-26b-a4b-it,coreweave/bf16,0,1.0,CoreWeave,A,1.05e-05,0.9999999795058202,9.871509752155239e-08,0
comprehension,own,neutral,1040,-1,0,0,0,rPrPaPrPrP,B,gemma-26b-cw,google/gemma-4-26b-a4b-it,coreweave/bf16,0,1.0,CoreWeave,B,9.8e-06,3.4517826973550274e-09,0.0,1
comprehension,own,neutral,1040,-1,0,1,0,rPrPrPaPrP,B,gemma-26b-cw,google/gemma-4-26b-a4b-it,coreweave/bf16,0,1.0,CoreWeave,B,9.8e-06,3.046187546873753e-09,0.0,1
comprehension,own,neutral,1040,1,0,0,0,aPrPrPrPrP,A,gemma-26b-cw,google/gemma-4-26b-a4b-it,coreweave/bf16,0,1.0,CoreWeave,A,9.8e-06,0.9999999832076728,0.0,0
comprehension,own,neutral,1040,1,0,1,0,rPrPaPrPrP,A,gemma-26b-cw,google/gemma-4-26b-a4b-it,coreweave/bf16,0,1.0,CoreWeave,A,9.8e-06,0.9999999555849484,7.479422707302068e-08,0
comprehension,own,neutral,1041,-1,0,0,0,aPrQrPrPrPrP,B,gemma-26b-cw,google/gemma-4-26b-a4b-it,coreweave/bf16,0,1.0,CoreWeave,B,1.21e-05,3.192377127808111e-09,0.0,1
comprehension,own,neutral,1041,-1,0,1,0,rPrPaPrPrPrQ,B,gemma-26b-cw,google/gemma-4-26b-a4b-it,coreweave/bf16,0,1.0,CoreWeave,B,1.21e-05,3.19237711571631e-09,0.0,1
comprehension,own,neutral,1041,1,0,0,0,aPrPrPrPrQrP,A,gemma-26b-cw,google/gemma-4-26b-a4b-it,coreweave/bf16,0,1.0,CoreWeave,A,1.05e-05,0.9999999651382263,8.434750451660165e-08,0
comprehension,own,neutral,1041,1,0,1,0,rQrPrPrPrPaP,A,gemma-26b-cw,google/gemma-4-26b-a4b-it,coreweave/bf16,0,1.0,CoreWeave,A,1.05e-05,0.9999999736849523,9.289423012701599e-08,0
comprehension,own,neutral,1050,-1,0,0,0,rPrPrPaPrPrP,B,gemma-26b-cw,google/gemma-4-26b-a4b-it,coreweave/bf16,0,1.0,CoreWeave,B,1.05e-05,5.304620947950783e-09,0.0,1
comprehension,own,neutral,1050,-1,0,1,0,rPrPrPaPrPrP,B,gemma-26b-cw,google/gemma-4-26b-a4b-it,coreweave/bf16,0,1.0,CoreWeave,B,1.05e-05,4.466938700148576e-09,0.0,1
comprehension,own,neutral,1050,1,0,0,0,aPrPrPrPrPrP,A,gemma-26b-cw,google/gemma-4-26b-a4b-it,coreweave/bf16,0,1.0,CoreWeave,A,1.05e-05,0.9999999773150136,0.0,0
comprehension,own,neutral,1050,1,0,1,0,rPrPrPrPaPrP,A,gemma-26b-cw,google/gemma-4-26b-a4b-it,coreweave/bf16,0,1.0,CoreWeave,A,1.05e-05,0.9999999774034513,9.661272879294196e-08,0
comprehension,own,neutral,1100,-1,0,0,0,aPaQ,B,gemma-26b-cw,google/gemma-4-26b-a4b-it,coreweave/bf16,0,1.0,CoreWeave,B,9.3e-06,1.6691730520378646e-09,0.0,1
comprehension,own,neutral,1100,-1,0,1,0,aPaQ,B,gemma-26b-cw,google/gemma-4-26b-a4b-it,coreweave/bf16,0,1.0,CoreWeave,B,9.3e-06,1.3517375234309446e-09,0.0,1
comprehension,own,neutral,1100,1,0,0,0,aPaQ,A,gemma-26b-cw,google/gemma-4-26b-a4b-it,coreweave/bf16,0,1.0,CoreWeave,A,9.3e-06,0.9999999889442192,1.0815349568468313e-07,0
comprehension,own,neutral,1100,1,0,1,0,aQaP,A,gemma-26b-cw,google/gemma-4-26b-a4b-it,coreweave/bf16,0,1.0,CoreWeave,A,9.3e-06,0.9999999894505003,1.0865977669540675e-07,0
comprehension,own,neutral,1101,-1,0,0,0,aPaQrQ,B,gemma-26b-cw,google/gemma-4-26b-a4b-it,coreweave/bf16,0,1.0,CoreWeave,B,1e-05,1.4389171092741273e-09,0.0,1
comprehension,own,neutral,1101,-1,0,1,0,aQaPrQ,B,gemma-26b-cw,google/gemma-4-26b-a4b-it,coreweave/bf16,0,1.0,CoreWeave,B,1e-05,1.50797218590034e-09,0.0,0
comprehension,own,neutral,1101,1,0,0,0,rQaQaP,A,gemma-26b-cw,google/gemma-4-26b-a4b-it,coreweave/bf16,0,1.0,CoreWeave,A,8.4e-06,0.9999999901667849,1.0937606136022618e-07,0
comprehension,own,neutral,1101,1,0,1,0,rQaQaP,A,gemma-26b-cw,google/gemma-4-26b-a4b-it,coreweave/bf16,0,1.0,CoreWeave,A,1e-05,0.9999999900119355,0.0,0
comprehension,own,neutral,1102,-1,0,0,0,rQaQrQaP,B,gemma-26b-cw,google/gemma-4-26b-a4b-it,coreweave/bf16,0,1.0,CoreWeave,B,1.07e-05,1.8767017075055425e-09,0.0,1
comprehension,own,neutral,1102,-1,0,1,0,rQaQaPrQ,B,gemma-26b-cw,google/gemma-4-26b-a4b-it,coreweave/bf16,0,1.0,CoreWeave,B,1.07e-05,2.3723732318077344e-09,0.0,0
comprehension,own,neutral,1102,1,0,0,0,aPrQaQrQ,A,gemma-26b-cw,google/gemma-4-26b-a4b-it,coreweave/bf16,0,1.0,CoreWeave,A,9.1e-06,0.9999999878576017,0.0,0
comprehension,own,neutral,1102,1,0,1,0,aQrQaPrQ,A,gemma-26b-cw,google/gemma-4-26b-a4b-it,coreweave/bf16,0,1.0,CoreWeave,A,9.1e-06,0.9999999865333138,0.0,0
comprehension,own,neutral,1103,-1,0,0,0,aPaQrQrQrQ,B,gemma-26b-cw,google/gemma-4-26b-a4b-it,coreweave/bf16,0,1.0,CoreWeave,B,9.8e-06,1.7087563454230176e-09,0.0,1
comprehension,own,neutral,1103,-1,0,1,0,rQaPrQrQaQ,B,gemma-26b-cw,google/gemma-4-26b-a4b-it,coreweave/bf16,0,1.0,CoreWeave,B,1.14e-05,3.3455824428946247e-09,0.0,0
comprehension,own,neutral,1103,1,0,0,0,rQrQrQaPaQ,A,gemma-26b-cw,google/gemma-4-26b-a4b-it,coreweave/bf16,0,1.0,CoreWeave,A,9.8e-06,0.9999999850645949,0.0,0
comprehension,own,neutral,1103,1,0,1,0,rQaPrQrQaQ,A,gemma-26b-cw,google/gemma-4-26b-a4b-it,coreweave/bf16,0,1.0,CoreWeave,A,1.14e-05,0.9999999866641827,1.0587345948883888e-07,0
comprehension,own,neutral,1104,-1,0,0,0,rQrQrQrQaQaP,B,gemma-26b-cw,google/gemma-4-26b-a4b-it,coreweave/bf16,0,1.0,CoreWeave,B,1.05e-05,3.1923771139810646e-09,0.0,1
comprehension,own,neutral,1104,-1,0,1,0,rQaQrQrQaPrQ,B,gemma-26b-cw,google/gemma-4-26b-a4b-it,coreweave/bf16,0,1.0,CoreWeave,B,1.21e-05,2.7735853022855706e-09,0.0,1
comprehension,own,neutral,1104,1,0,0,0,rQrQaQrQrQaP,A,gemma-26b-cw,google/gemma-4-26b-a4b-it,coreweave/bf16,0,1.0,CoreWeave,A,1.05e-05,0.9999999835324638,1.0274174083366528e-07,0
comprehension,own,neutral,1104,1,0,1,0,aQrQrQaPrQrQ,A,gemma-26b-cw,google/gemma-4-26b-a4b-it,coreweave/bf16,0,1.0,CoreWeave,A,1.21e-05,0.9999999751825464,9.439182404509926e-08,0
comprehension,own,neutral,1110,-1,0,0,0,aQaPrP,B,gemma-26b-cw,google/gemma-4-26b-a4b-it,coreweave/bf16,0,1.0,CoreWeave,B,8.4e-06,1.4389171120978959e-09,0.0,1
comprehension,own,neutral,1110,-1,0,1,0,rPaQaP,B,gemma-26b-cw,google/gemma-4-26b-a4b-it,coreweave/bf16,0,1.0,CoreWeave,B,1e-05,1.2501528437487204e-09,0.0,1
comprehension,own,neutral,1110,1,0,0,0,aQaPrP,A,gemma-26b-cw,google/gemma-4-26b-a4b-it,coreweave/bf16,0,1.0,CoreWeave,A,1e-05,0.9999999850061394,0.0,0
comprehension,own,neutral,1110,1,0,1,0,aQaPrP,A,gemma-26b-cw,google/gemma-4-26b-a4b-it,coreweave/bf16,0,1.0,CoreWeave,A,1.16e-05,0.9999999841633251,1.0337260217364204e-07,0
comprehension,own,neutral,1111,-1,0,0,0,rQrPaQaP,B,gemma-26b-cw,google/gemma-4-26b-a4b-it,coreweave/bf16,0,1.0,CoreWeave,B,1.07e-05,2.8616283484719344e-09,0.0,1
comprehension,own,neutral,1111,-1,0,1,0,aQrQaPrP,B,gemma-26b-cw,google/gemma-4-26b-a4b-it,coreweave/bf16,0,1.0,CoreWeave,B,9.1e-06,2.6259777827837292e-09,0.0,0
comprehension,own,neutral,1111,1,0,0,0,rQaPaQrP,A,gemma-26b-cw,google/gemma-4-26b-a4b-it,coreweave/bf16,0,1.0,CoreWeave,A,1.07e-05,0.9999999895734067,0.0,0
comprehension,own,neutral,1111,1,0,1,0,rPaPaQrQ,A,gemma-26b-cw,google/gemma-4-26b-a4b-it,coreweave/bf16,0,1.0,CoreWeave,A,9.1e-06,0.9999999823329127,1.015421897551908e-07,0
comprehension,own,neutral,1112,-1,0,0,0,rQrQaPaQrP,B,gemma-26b-cw,google/gemma-4-26b-a4b-it,coreweave/bf16,0,1.0,CoreWeave,B,9.8e-06,2.126581633296796e-09,0.0,1
comprehension,own,neutral,1112,-1,0,1,0,rPaQaPrQrQ,B,gemma-26b-cw,google/gemma-4-26b-a4b-it,coreweave/bf16,0,1.0,CoreWeave,B,9.8e-06,1.708756338258585e-09,0.0,1
comprehension,own,neutral,1112,1,0,0,0,rQrPrQaQaP,A,gemma-26b-cw,google/gemma-4-26b-a4b-it,coreweave/bf16,0,1.0,CoreWeave,A,9.8e-06,0.9999999760398763,9.524915401338742e-08,0
comprehension,own,neutral,1112,1,0,1,0,aPrQrQaQrP,A,gemma-26b-cw,google/gemma-4-26b-a4b-it,coreweave/bf16,0,1.0,CoreWeave,A,9.8e-06,0.9999999772262244,9.643550188184393e-08,0
comprehension,own,neutral,1113,-1,0,0,0,rPaPrQrQaQrQ,B,gemma-26b-cw,google/gemma-4-26b-a4b-it,coreweave/bf16,0,1.0,CoreWeave,B,1.05e-05,2.7093352672711244e-09,0.0,1
comprehension,own,neutral,1113,-1,0,1,0,rPrQaPrQaQrQ,B,gemma-26b-cw,google/gemma-4-26b-a4b-it,coreweave/bf16,0,1.0,CoreWeave,B,1.21e-05,2.0936120183962453e-09,0.0,1
comprehension,own,neutral,1113,1,0,0,0,rPrQaQaPrQrQ,A,gemma-26b-cw,google/gemma-4-26b-a4b-it,coreweave/bf16,0,1.0,CoreWeave,A,1.05e-05,0.9999999744353569,9.364463467004365e-08,0
comprehension,own,neutral,1113,1,0,1,0,rPaQrQrQrQaP,A,gemma-26b-cw,google/gemma-4-26b-a4b-it,coreweave/bf16,0,1.0,CoreWeave,A,1.05e-05,0.9999999714352861,9.064456399436344e-08,0
comprehension,own,neutral,1120,-1,0,0,0,aQaPrPrP,B,gemma-26b-cw,google/gemma-4-26b-a4b-it,coreweave/bf16,0,1.0,CoreWeave,B,1.07e-05,2.1940865889646963e-09,0.0,1
comprehension,own,neutral,1120,-1,0,1,0,aPrPaQrP,B,gemma-26b-cw,google/gemma-4-26b-a4b-it,coreweave/bf16,0,1.0,CoreWeave,B,1.07e-05,2.390979987956738e-09,0.0,1
comprehension,own,neutral,1120,1,0,0,0,rPrPaPaQ,A,gemma-26b-cw,google/gemma-4-26b-a4b-it,coreweave/bf16,0,1.0,CoreWeave,A,9.1e-06,0.9999999765720444,9.57813219330444e-08,0
comprehension,own,neutral,1120,1,0,1,0,aPrPaQrP,A,gemma-26b-cw,google/gemma-4-26b-a4b-it,coreweave/bf16,0,1.0,CoreWeave,A,9.1e-06,0.999999981412586,1.0062186316268e-07,0
comprehension,own,neutral,1121,-1,0,0,0,rPrPaQrQaP,B,gemma-26b-cw,google/gemma-4-26b-a4b-it,coreweave/bf16,0,1.0,CoreWeave,B,9.8e-06,2.466877851251977e-09,0.0,1
comprehension,own,neutral,1121,-1,0,1,0,rPrQaPrPaQ,B,gemma-26b-cw,google/gemma-4-26b-a4b-it,coreweave/bf16,0,1.0,CoreWeave,B,9.8e-06,1.8189616500360953e-09,0.0,1
comprehension,own,neutral,1121,1,0,0,0,aQrQaPrPrP,A,gemma-26b-cw,google/gemma-4-26b-a4b-it,coreweave/bf16,0,1.0,CoreWeave,A,9.8e-06,0.9999999828764737,0.0,0
comprehension,own,neutral,1121,1,0,1,0,rPrQaPrPaQ,A,gemma-26b-cw,google/gemma-4-26b-a4b-it,coreweave/bf16,0,1.0,CoreWeave,A,9.8e-06,0.9999999777102863,9.691956366927265e-08,0
comprehension,own,neutral,1122,-1,0,0,0,rQrQaQrPaPrP,B,gemma-26b-cw,google/gemma-4-26b-a4b-it,coreweave/bf16,0,1.0,CoreWeave,B,1.05e-05,3.2426497396349063e-09,0.0,1
comprehension,own,neutral,1122,-1,0,1,0,rQrPrPrQaQaP,B,gemma-26b-cw,google/gemma-4-26b-a4b-it,coreweave/bf16,0,1.0,CoreWeave,B,1.21e-05,3.911382609765447e-09,8.709310705956597e-08,1
comprehension,own,neutral,1122,1,0,0,0,rPaPrQrQaQrP,A,gemma-26b-cw,google/gemma-4-26b-a4b-it,coreweave/bf16,0,1.0,CoreWeave,A,1.05e-05,0.999999937852163,1.7627069628990922e-07,0
comprehension,own,neutral,1122,1,0,1,0,rQaPrPrPrQaQ,A,gemma-26b-cw,google/gemma-4-26b-a4b-it,coreweave/bf16,0,1.0,CoreWeave,A,1.05e-05,0.9999999771370903,9.63463678527124e-08,0
comprehension,own,neutral,1130,-1,0,0,0,aQrPrPaPrP,B,gemma-26b-cw,google/gemma-4-26b-a4b-it,coreweave/bf16,0,1.0,CoreWeave,B,9.8e-06,2.817262928375834e-09,0.0,1
comprehension,own,neutral,1130,-1,0,1,0,rPrPaQrPaP,B,gemma-26b-cw,google/gemma-4-26b-a4b-it,coreweave/bf16,0,1.0,CoreWeave,B,9.8e-06,2.0291983578961345e-09,0.0,1
comprehension,own,neutral,1130,1,0,0,0,rPaPaQrPrP,A,gemma-26b-cw,google/gemma-4-26b-a4b-it,coreweave/bf16,0,1.0,CoreWeave,A,9.8e-06,0.9999999807850679,0.0,0
comprehension,own,neutral,1130,1,0,1,0,rPrPaQaPrP,A,gemma-26b-cw,google/gemma-4-26b-a4b-it,coreweave/bf16,0,1.0,CoreWeave,A,1.14e-05,0.9999999790198146,9.822909210026243e-08,0
comprehension,own,neutral,1131,-1,0,0,0,aPrPrPrQrPaQ,B,gemma-26b-cw,google/gemma-4-26b-a4b-it,coreweave/bf16,0,1.0,CoreWeave,B,1.05e-05,3.1428839191889526e-09,0.0,1
comprehension,own,neutral,1131,-1,0,1,0,aPaQrQrPrPrP,B,gemma-26b-cw,google/gemma-4-26b-a4b-it,coreweave/bf16,0,1.0,CoreWeave,B,1.05e-05,4.329505412470648e-09,0.0,1
comprehension,own,neutral,1131,1,0,0,0,rQrPrPaQrPaP,A,gemma-26b-cw,google/gemma-4-26b-a4b-it,coreweave/bf16,0,1.0,CoreWeave,A,1.21e-05,0.9999999783538321,9.756310959427994e-08,0
comprehension,own,neutral,1131,1,0,1,0,rPaQrQaPrPrP,A,gemma-26b-cw,google/gemma-4-26b-a4b-it,coreweave/bf16,0,1.0,CoreWeave,A,1.05e-05,0.9999999734785608,9.268783866941907e-08,0
comprehension,own,neutral,1140,-1,0,0,0,rPrPrPaQaPrP,B,gemma-26b-cw,google/gemma-4-26b-a4b-it,coreweave/bf16,0,1.0,CoreWeave,B,1.05e-05,3.046187531392115e-09,0.0,1
comprehension,own,neutral,1140,-1,0,1,0,aQrPrPaPrPrP,B,gemma-26b-cw,google/gemma-4-26b-a4b-it,coreweave/bf16,0,1.0,CoreWeave,B,1.05e-05,3.561354033637121e-09,0.0,1
comprehension,own,neutral,1140,1,0,0,0,rPaPrPrPrPaQ,A,gemma-26b-cw,google/gemma-4-26b-a4b-it,coreweave/bf16,0,1.0,CoreWeave,A,1.21e-05,0.999999982470399,1.0167967610597278e-07,0
comprehension,own,neutral,1140,1,0,1,0,rPaQrPrPrPaP,A,gemma-26b-cw,google/gemma-4-26b-a4b-it,coreweave/bf16,0,1.0,CoreWeave,A,1.05e-05,0.9999999752793034,0.0,0
comprehension,own,neutral,1200,-1,0,0,0,aPaQaQ,B,gemma-26b-cw,google/gemma-4-26b-a4b-it,coreweave/bf16,0,1.0,CoreWeave,B,1e-05,1.7907612676336511e-09,0.0,1
comprehension,own,neutral,1200,-1,0,1,0,aQaPaQ,B,gemma-26b-cw,google/gemma-4-26b-a4b-it,coreweave/bf16,0,1.0,CoreWeave,B,8.4e-06,1.0693123982225413e-09,0.0,1
comprehension,own,neutral,1200,1,0,0,0,aQaPaQ,A,gemma-26b-cw,google/gemma-4-26b-a4b-it,coreweave/bf16,0,1.0,CoreWeave,A,1e-05,0.9999999894916288,1.0870090529289723e-07,0
comprehension,own,neutral,1200,1,0,1,0,aQaPaQ,A,gemma-26b-cw,google/gemma-4-26b-a4b-it,coreweave/bf16,0,1.0,CoreWeave,A,1e-05,0.9999999884136411,1.076229177409529e-07,0
comprehension,own,neutral,1201,-1,0,0,0,aQaQaPrQ,B,gemma-26b-cw,google/gemma-4-26b-a4b-it,coreweave/bf16,0,1.0,CoreWeave,B,9.1e-06,2.2993829969177597e-09,0.0,1
comprehension,own,neutral,1201,-1,0,1,0,aPrQaQaQ,B,gemma-26b-cw,google/gemma-4-26b-a4b-it,coreweave/bf16,0,1.0,CoreWeave,B,9.1e-06,1.7629980799354958e-09,0.0,1
comprehension,own,neutral,1201,1,0,0,0,aQrQaPaQ,A,gemma-26b-cw,google/gemma-4-26b-a4b-it,coreweave/bf16,0,1.0,CoreWeave,A,1.07e-05,0.9999999895734067,0.0,0
comprehension,own,neutral,1201,1,0,1,0,aQrQaPaQ,A,gemma-26b-cw,google/gemma-4-26b-a4b-it,coreweave/bf16,0,1.0,CoreWeave,A,1.07e-05,0.9999999876663852,1.0687566187677827e-07,0
comprehension,own,neutral,1202,-1,0,0,0,rQrQaQaPaQ,B,gemma-26b-cw,google/gemma-4-26b-a4b-it,coreweave/bf16,0,1.0,CoreWeave,B,9.8e-06,1.966766487092622e-09,0.0,1
comprehension,own,neutral,1202,-1,0,1,0,aPrQaQrQaQ,B,gemma-26b-cw,google/gemma-4-26b-a4b-it,coreweave/bf16,0,1.0,CoreWeave,B,9.8e-06,1.7629980877035313e-09,0.0,0
comprehension,own,neutral,1202,1,0,0,0,rQaQaQrQaP,A,gemma-26b-cw,google/gemma-4-26b-a4b-it,coreweave/bf16,0,1.0,CoreWeave,A,1.14e-05,0.9999999903945723,0.0,0
comprehension,own,neutral,1202,1,0,1,0,rQaQrQaPaQ,A,gemma-26b-cw,google/gemma-4-26b-a4b-it,coreweave/bf16,0,1.0,CoreWeave,A,1.14e-05,0.9999999868709354,1.060802121499705e-07,0
comprehension,own,neutral,1203,-1,0,0,0,rQrQrQaQaQaP,B,gemma-26b-cw,google/gemma-4-26b-a4b-it,coreweave/bf16,0,1.0,CoreWeave,B,1.05e-05,2.7735853178500666e-09,0.0,1
comprehension,own,neutral,1203,-1,0,1,0,aQrQaPrQaQrQ,B,gemma-26b-cw,google/gemma-4-26b-a4b-it,coreweave/bf16,0,1.0,CoreWeave,B,1.05e-05,3.972977467444861e-09,0.0,0
comprehension,own,neutral,1203,1,0,0,0,rQrQaQaPrQaQ,A,gemma-26b-cw,google/gemma-4-26b-a4b-it,coreweave/bf16,0,1.0,CoreWeave,A,1.05e-05,0.9999999814850514,1.0069432861526573e-07,0
comprehension,own,neutral,1203,1,0,1,0,rQrQrQaQaQaP,A,gemma-26b-cw,google/gemma-4-26b-a4b-it,coreweave/bf16,0,1.0,CoreWeave,A,1.05e-05,0.9999999897750742,1.0898435064659482e-07,0
comprehension,own,neutral,1210,-1,0,0,0,aPrPaQaQ,B,gemma-26b-cw,google/gemma-4-26b-a4b-it,coreweave/bf16,0,1.0,CoreWeave,B,9.1e-06,2.4476804460552266e-09,0.0,1
comprehension,own,neutral,1210,-1,0,1,0,aQaQaPrP,B,gemma-26b-cw,google/gemma-4-26b-a4b-it,coreweave/bf16,0,1.0,CoreWeave,B,9.1e-06,2.045113567141438e-09,0.0,1
comprehension,own,neutral,1210,1,0,0,0,rPaQaQaP,A,gemma-26b-cw,google/gemma-4-26b-a4b-it,coreweave/bf16,0,1.0,CoreWeave,A,1.07e-05,0.9999999872250711,0.0,0
comprehension,own,neutral,1210,1,0,1,0,aQaQrPaP,A,gemma-26b-cw,google/gemma-4-26b-a4b-it,coreweave/bf16,0,1.0,CoreWeave,A,1.07e-05,0.9999999859694837,1.0517876053004813e-07,0
comprehension,own,neutral,1211,-1,0,0,0,rQaPrPaQaQ,B,gemma-26b-cw,google/gemma-4-26b-a4b-it,coreweave/bf16,0,1.0,CoreWeave,B,1.14e-05,2.1600704088665933e-09,0.0,1
comprehension,own,neutral,1211,-1,0,1,0,aPrQaQrPaQ,B,gemma-26b-cw,google/gemma-4-26b-a4b-it,coreweave/bf16,0,1.0,CoreWeave,B,9.8e-06,2.177012052117898e-09,0.0,1
comprehension,own,neutral,1211,1,0,0,0,rPrQaPaQaQ,A,gemma-26b-cw,google/gemma-4-26b-a4b-it,coreweave/bf16,0,1.0,CoreWeave,A,9.8e-06,0.9999999586006196,7.780989815207487e-08,0
comprehension,own,neutral,1211,1,0,1,0,aQaQaPrQrP,A,gemma-26b-cw,google/gemma-4-26b-a4b-it,coreweave/bf16,0,1.0,CoreWeave,A,9.8e-06,0.9999999775902438,9.679952144780422e-08,0
comprehension,own,neutral,1212,-1,0,0,0,rQaPaQrQaQrP,B,gemma-26b-cw,google/gemma-4-26b-a4b-it,coreweave/bf16,0,1.0,CoreWeave,B,1.05e-05,2.3723732483952328e-09,0.0,1
comprehension,own,neutral,1212,-1,0,1,0,rPrQaQrQaQaP,B,gemma-26b-cw,google/gemma-4-26b-a4b-it,coreweave/bf16,0,1.0,CoreWeave,B,1.05e-05,3.2937143992923846e-09,9.103243958641372e-08,1
comprehension,own,neutral,1212,1,0,0,0,aQrPaPrQrQaQ,A,gemma-26b-cw,google/gemma-4-26b-a4b-it,coreweave/bf16,0,1.0,CoreWeave,A,1.05e-05,0.9999999676793182,8.688859630434699e-08,0
comprehension,own,neutral,1212,1,0,1,0,rPrQrQaQaQaP,A,gemma-26b-cw,google/gemma-4-26b-a4b-it,coreweave/bf16,0,1.0,CoreWeave,A,1.05e-05,0.999999973060909,9.227018681343167e-08,0
comprehension,own,neutral,1220,-1,0,0,0,rPrPaQaQaP,B,gemma-26b-cw,google/gemma-4-26b-a4b-it,coreweave/bf16,0,1.0,CoreWeave,B,9.8e-06,2.0936120320120845e-09,0.0,1
comprehension,own,neutral,1220,-1,0,1,0,rPrPaQaQaP,B,gemma-26b-cw,google/gemma-4-26b-a4b-it,coreweave/bf16,0,1.0,CoreWeave,B,9.8e-06,1.8476061282991667e-09,0.0,1
comprehension,own,neutral,1220,1,0,0,0,rPaPaQrPaQ,A,gemma-26b-cw,google/gemma-4-26b-a4b-it,coreweave/bf16,0,1.0,CoreWeave,A,9.8e-06,0.9999999680090382,8.013571788422273e-08,0
comprehension,own,neutral,1220,1,0,1,0,aQrPrPaPaQ,A,gemma-26b-cw,google/gemma-4-26b-a4b-it,coreweave/bf16,0,1.0,CoreWeave,A,1.14e-05,0.9999999707007241,8.9910002090358e-08,0
comprehension,own,neutral,1221,-1,0,0,0,aQaQrPaPrPrQ,B,gemma-26b-cw,google/gemma-4-26b-a4b-it,coreweave/bf16,0,1.0,CoreWeave,B,1.05e-05,3.1428838906350886e-09,0.0,1
comprehension,own,neutral,1221,-1,0,1,0,aPaQrQrPrPaQ,B,gemma-26b-cw,google/gemma-4-26b-a4b-it,coreweave/bf16,0,1.0,CoreWeave,B,1.05e-05,3.1923770993627425e-09,0.0,1
comprehension,own,neutral,1221,1,0,0,0,rPaQrPaQaPrQ,A,gemma-26b-cw,google/gemma-4-26b-a4b-it,coreweave/bf16,0,1.0,CoreWeave,A,1.05e-05,0.999999966734663,8.594394123281978e-08,0
comprehension,own,neutral,1221,1,0,1,0,aQrPrPrQaPaQ,A,gemma-26b-cw,google/gemma-4-26b-a4b-it,coreweave/bf16,0,1.0,CoreWeave,A,1.21e-05,0.9999999655443782,8.475365644892965e-08,0
comprehension,own,neutral,1230,-1,0,0,0,aQaPrPrPaQrP,B,gemma-26b-cw,google/gemma-4-26b-a4b-it,coreweave/bf16,0,1.0,CoreWeave,B,1.21e-05,2.9524661999116135e-09,0.0,1
comprehension,own,neutral,1230,-1,0,1,0,aPrPaQaQrPrP,B,gemma-26b-cw,google/gemma-4-26b-a4b-it,coreweave/bf16,0,1.0,CoreWeave,B,1.21e-05,3.0941579986593116e-09,0.0,1
comprehension,own,neutral,1230,1,0,0,0,aQaQaPrPrPrP,A,gemma-26b-cw,google/gemma-4-26b-a4b-it,coreweave/bf16,0,1.0,CoreWeave,A,1.05e-05,0.9999999716575785,9.086685634163293e-08,0
comprehension,own,neutral,1230,1,0,1,0,rPrPaQrPaPaQ,A,gemma-26b-cw,google/gemma-4-26b-a4b-it,coreweave/bf16,0,1.0,CoreWeave,A,1.05e-05,0.9999999756625594,9.487183700503545e-08,0
comprehension,own,neutral,1300,-1,0,0,0,aQaQaPaQ,B,gemma-26b-cw,google/gemma-4-26b-a4b-it,coreweave/bf16,0,1.0,CoreWeave,B,1.07e-05,2.817262924857851e-09,0.0,1
comprehension,own,neutral,1300,-1,0,1,0,aQaQaQaP,B,gemma-26b-cw,google/gemma-4-26b-a4b-it,coreweave/bf16,0,1.0,CoreWeave,B,9.1e-06,1.5317192774984613e-09,0.0,1
comprehension,own,neutral,1300,1,0,0,0,aQaPaQaQ,A,gemma-26b-cw,google/gemma-4-26b-a4b-it,coreweave/bf16,0,1.0,CoreWeave,A,1.07e-05,0.9999999909057639,0.0,0
comprehension,own,neutral,1300,1,0,1,0,aPaQaQaQ,A,gemma-26b-cw,google/gemma-4-26b-a4b-it,coreweave/bf16,0,1.0,CoreWeave,A,9.1e-06,0.999999988770116,1.0797939248847375e-07,0
comprehension,own,neutral,1301,-1,0,0,0,rQaPaQaQaQ,B,gemma-26b-cw,google/gemma-4-26b-a4b-it,coreweave/bf16,0,1.0,CoreWeave,B,9.8e-06,2.1265816183186765e-09,0.0,1
comprehension,own,neutral,1301,-1,0,1,0,aQrQaQaQaP,B,gemma-26b-cw,google/gemma-4-26b-a4b-it,coreweave/bf16,0,1.0,CoreWeave,B,9.8e-06,1.6305066863182602e-09,0.0,1
comprehension,own,neutral,1301,1,0,0,0,aQaPrQaQaQ,A,gemma-26b-cw,google/gemma-4-26b-a4b-it,coreweave/bf16,0,1.0,CoreWeave,A,9.8e-06,0.9999999828764737,0.0,0
comprehension,own,neutral,1301,1,0,1,0,aQaQaPrQaQ,A,gemma-26b-cw,google/gemma-4-26b-a4b-it,coreweave/bf16,0,1.0,CoreWeave,A,9.8e-06,0.9999999775792989,9.678857651327587e-08,0
comprehension,own,neutral,1302,-1,0,0,0,rQaQrQaPaQaQ,B,gemma-26b-cw,google/gemma-4-26b-a4b-it,coreweave/bf16,0,1.0,CoreWeave,B,1.05e-05,2.998960771247469e-09,0.0,1
comprehension,own,neutral,1302,-1,0,1,0,aPaQaQrQrQaQ,B,gemma-26b-cw,google/gemma-4-26b-a4b-it,coreweave/bf16,0,1.0,CoreWeave,B,1.05e-05,2.7305848216454197e-09,0.0,1
comprehension,own,neutral,1302,1,0,0,0,aQrQaQaQrQaP,A,gemma-26b-cw,google/gemma-4-26b-a4b-it,coreweave/bf16,0,1.0,CoreWeave,A,1.05e-05,0.9999999844088501,1.036181270337003e-07,0
comprehension,own,neutral,1302,1,0,1,0,rQrQaQaQaPaQ,A,gemma-26b-cw,google/gemma-4-26b-a4b-it,coreweave/bf16,0,1.0,CoreWeave,A,1.05e-05,0.9999999893677595,1.0857703595205848e-07,0
comprehension,own,neutral,1310,-1,0,0,0,aPaQrPaQaQ,B,gemma-26b-cw,google/gemma-4-26b-a4b-it,coreweave/bf16,0,1.0,CoreWeave,B,1.14e-05,2.093612041910704e-09,0.0,1
comprehension,own,neutral,1310,-1,0,1,0,aQaPaQaQrP,B,gemma-26b-cw,google/gemma-4-26b-a4b-it,coreweave/bf16,0,1.0,CoreWeave,B,9.8e-06,1.7356653333068825e-09,0.0,1
comprehension,own,neutral,1310,1,0,0,0,aQaQaPrPaQ,A,gemma-26b-cw,google/gemma-4-26b-a4b-it,coreweave/bf16,0,1.0,CoreWeave,A,9.8e-06,0.9999999800586157,9.926789300310401e-08,0
comprehension,own,neutral,1310,1,0,1,0,aQaPaQaQrP,A,gemma-26b-cw,google/gemma-4-26b-a4b-it,coreweave/bf16,0,1.0,CoreWeave,A,1.14e-05,0.9999999827421703,1.0195144735196632e-07,0
comprehension,own,neutral,1311,-1,0,0,0,aPaQaQrPaQrQ,B,gemma-26b-cw,google/gemma-4-26b-a4b-it,coreweave/bf16,0,1.0,CoreWeave,B,1.05e-05,2.8172629341623276e-09,0.0,1
comprehension,own,neutral,1311,-1,0,1,0,aQrPrQaQaPaQ,B,gemma-26b-cw,google/gemma-4-26b-a4b-it,coreweave/bf16,0,1.0,CoreWeave,B,1.05e-05,2.817262911560511e-09,0.0,1
comprehension,own,neutral,1311,1,0,0,0,aQrQaPaQaQrP,A,gemma-26b-cw,google/gemma-4-26b-a4b-it,coreweave/bf16,0,1.0,CoreWeave,A,1.21e-05,0.9999999710985742,9.03078522160583e-08,0
comprehension,own,neutral,1311,1,0,1,0,aQrQaPaQrPaQ,A,gemma-26b-cw,google/gemma-4-26b-a4b-it,coreweave/bf16,0,1.0,CoreWeave,A,1.05e-05,0.9999999793450823,9.855435969275664e-08,0
comprehension,own,neutral,1320,-1,0,0,0,aQrPaPaQaQrP,B,gemma-26b-cw,google/gemma-4-26b-a4b-it,coreweave/bf16,0,1.0,CoreWeave,B,1.05e-05,2.817262935374343e-09,0.0,1
comprehension,own,neutral,1320,-1,0,1,0,rPaPrPaQaQaQ,B,gemma-26b-cw,google/gemma-4-26b-a4b-it,coreweave/bf16,0,1.0,CoreWeave,B,1.05e-05,1.9667664897346836e-09,0.0,1
comprehension,own,neutral,1320,1,0,0,0,aQaQaQaPrPrP,A,gemma-26b-cw,google/gemma-4-26b-a4b-it,coreweave/bf16,0,1.0,CoreWeave,A,1.05e-05,0.9999999791830838,9.83923611815449e-08,0
comprehension,own,neutral,1320,1,0,1,0,rPaQaQrPaPaQ,A,gemma-26b-cw,google/gemma-4-26b-a4b-it,coreweave/bf16,0,1.0,CoreWeave,A,1.05e-05,0.9999999477683945,6.697767344747085e-08,0
comprehension,own,neutral,1400,-1,0,0,0,aQaPaQaQaQ,B,gemma-26b-cw,google/gemma-4-26b-a4b-it,coreweave/bf16,0,1.0,CoreWeave,B,9.8e-06,1.8476061401150043e-09,0.0,1
comprehension,own,neutral,1400,-1,0,1,0,aQaQaQaQaP,B,gemma-26b-cw,google/gemma-4-26b-a4b-it,coreweave/bf16,0,1.0,CoreWeave,B,9.8e-06,1.555840355232176e-09,0.0,1
comprehension,own,neutral,1400,1,0,0,0,aPaQaQaQaQ,A,gemma-26b-cw,google/gemma-4-26b-a4b-it,coreweave/bf16,0,1.0,CoreWeave,A,9.8e-06,0.9999999712112503,9.042052818660606e-08,0
comprehension,own,neutral,1400,1,0,1,0,aQaQaPaQaQ,A,gemma-26b-cw,google/gemma-4-26b-a4b-it,coreweave/bf16,0,1.0,CoreWeave,A,9.8e-06,0.9999999817721011,0.0,0
comprehension,own,neutral,1401,-1,0,0,0,aQrQaPaQaQaQ,B,gemma-26b-cw,google/gemma-4-26b-a4b-it,coreweave/bf16,0,1.0,CoreWeave,B,1.05e-05,4.501973334431362e-09,0.0,1
comprehension,own,neutral,1401,-1,0,1,0,aQaQaPaQrQaQ,B,gemma-26b-cw,google/gemma-4-26b-a4b-it,coreweave/bf16,0,1.0,CoreWeave,B,1.05e-05,2.160070399030318e-09,0.0,1
comprehension,own,neutral,1401,1,0,0,0,aPrQaQaQaQaQ,A,gemma-26b-cw,google/gemma-4-26b-a4b-it,coreweave/bf16,0,1.0,CoreWeave,A,1.05e-05,0.9999999839139339,1.0312321085963681e-07,0
comprehension,own,neutral,1401,1,0,1,0,aQaQaQrQaQaP,A,gemma-26b-cw,google/gemma-4-26b-a4b-it,coreweave/bf16,0,1.0,CoreWeave,A,1.05e-05,0.9999999867679629,1.0597723963114207e-07,0
comprehension,own,neutral,1410,-1,0,0,0,aQaQrPaQaPaQ,B,gemma-26b-cw,google/gemma-4-26b-a4b-it,coreweave/bf16,0,1.0,CoreWeave,B,1.05e-05,3.506140339355985e-09,0.0,1
comprehension,own,neutral,1410,-1,0,1,0,aQaQaPaQrPaQ,B,gemma-26b-cw,google/gemma-4-26b-a4b-it,coreweave/bf16,0,1.0,CoreWeave,B,1.05e-05,2.646573571632298e-09,0.0,1
comprehension,own,neutral,1410,1,0,0,0,aQaQaPrPaQaQ,A,gemma-26b-cw,google/gemma-4-26b-a4b-it,coreweave/bf16,0,1.0,CoreWeave,A,1.05e-05,0.9999999731134731,9.232275087191195e-08,0
comprehension,own,neutral,1410,1,0,1,0,rPaQaQaQaPaQ,A,gemma-26b-cw,google/gemma-4-26b-a4b-it,coreweave/bf16,0,1.0,CoreWeave,A,1.05e-05,0.9999999710985742,9.03078522160583e-08,0
comprehension,own,neutral,1500,-1,0,0,0,aQaQaQaPaQaQ,B,gemma-26b-cw,google/gemma-4-26b-a4b-it,coreweave/bf16,0,1.0,CoreWeave,B,1.05e-05,4.163644676410015e-09,0.0,1
comprehension,own,neutral,1500,-1,0,1,0,aQaPaQaQaQaQ,B,gemma-26b-cw,google/gemma-4-26b-a4b-it,coreweave/bf16,0,1.0,CoreWeave,B,1.05e-05,2.1600704014993286e-09,0.0,1
comprehension,own,neutral,1500,1,0,0,0,aQaQaQaQaQaP,A,gemma-26b-cw,google/gemma-4-26b-a4b-it,coreweave/bf16,0,1.0,CoreWeave,A,1.05e-05,0.9999999864011591,0.0,0
comprehension,own,neutral,1500,1,0,1,0,aQaPaQaQaQaQ,A,gemma-26b-cw,google/gemma-4-26b-a4b-it,coreweave/bf16,0,1.0,CoreWeave,A,1.05e-05,0.9999999831419474,1.0235122450672354e-07,0
comprehension,own,neutral,2000,-1,0,0,0,aPaP,B,gemma-26b-cw,google/gemma-4-26b-a4b-it,coreweave/bf16,0,1.0,CoreWeave,B,9.3e-06,1.8189616669084868e-09,0.0,1
comprehension,own,neutral,2000,-1,0,1,0,aPaP,B,gemma-26b-cw,google/gemma-4-26b-a4b-it,coreweave/bf16,0,1.0,CoreWeave,B,9.3e-06,1.3946462836296798e-09,0.0,1
comprehension,own,neutral,2000,1,0,0,0,aPaP,A,gemma-26b-cw,google/gemma-4-26b-a4b-it,coreweave/bf16,0,1.0,CoreWeave,A,9.3e-06,0.9999999907625504,0.0,0
comprehension,own,neutral,2000,1,0,1,0,aPaP,A,gemma-26b-cw,google/gemma-4-26b-a4b-it,coreweave/bf16,0,1.0,CoreWeave,A,9.3e-06,0.9999999909057627,1.1011503906069966e-07,0
comprehension,own,neutral,2001,-1,0,0,0,rQaPaP,B,gemma-26b-cw,google/gemma-4-26b-a4b-it,coreweave/bf16,0,1.0,CoreWeave,B,1e-05,1.9062554517063365e-09,0.0,1
comprehension,own,neutral,2001,-1,0,1,0,rQaPaP,B,gemma-26b-cw,google/gemma-4-26b-a4b-it,coreweave/bf16,0,1.0,CoreWeave,B,1e-05,1.1562023741401759e-09,0.0,0
comprehension,own,neutral,2001,1,0,0,0,aPrQaP,A,gemma-26b-cw,google/gemma-4-26b-a4b-it,coreweave/bf16,0,1.0,CoreWeave,A,1e-05,0.9999999929174017,0.0,0
comprehension,own,neutral,2001,1,0,1,0,aPrQaP,A,gemma-26b-cw,google/gemma-4-26b-a4b-it,coreweave/bf16,0,1.0,CoreWeave,A,1e-05,0.9999999886820402,0.0,0
comprehension,own,neutral,2002,-1,0,0,0,rQaPrQaP,B,gemma-26b-cw,google/gemma-4-26b-a4b-it,coreweave/bf16,0,1.0,CoreWeave,B,9.1e-06,2.3723732435842825e-09,0.0,1
comprehension,own,neutral,2002,-1,0,1,0,aPrQrQaP,B,gemma-26b-cw,google/gemma-4-26b-a4b-it,coreweave/bf16,0,1.0,CoreWeave,B,1.07e-05,1.8189616558292793e-09,0.0,1
comprehension,own,neutral,2002,1,0,0,0,aPaPrQrQ,A,gemma-26b-cw,google/gemma-4-26b-a4b-it,coreweave/bf16,0,1.0,CoreWeave,A,9.1e-06,0.9999999903945723,0.0,0
comprehension,own,neutral,2002,1,0,1,0,aPrQrQaP,A,gemma-26b-cw,google/gemma-4-26b-a4b-it,coreweave/bf16,0,1.0,CoreWeave,A,1.07e-05,0.9999999818431629,1.0105244010200883e-07,0
comprehension,own,neutral,2003,-1,0,0,0,aPrQrQrQaP,B,gemma-26b-cw,google/gemma-4-26b-a4b-it,coreweave/bf16,0,1.0,CoreWeave,B,9.8e-06,2.143260611408389e-09,0.0,1
comprehension,own,neutral,2003,-1,0,1,0,rQrQaPaPrQ,B,gemma-26b-cw,google/gemma-4-26b-a4b-it,coreweave/bf16,0,1.0,CoreWeave,B,1.14e-05,1.708756338318426e-09,0.0,1
comprehension,own,neutral,2003,1,0,0,0,aPrQrQaPrQ,A,gemma-26b-cw,google/gemma-4-26b-a4b-it,coreweave/bf16,0,1.0,CoreWeave,A,9.8e-06,0.9999999826068174,0.0,0
comprehension,own,neutral,2003,1,0,1,0,aPrQrQaPrQ,A,gemma-26b-cw,google/gemma-4-26b-a4b-it,coreweave/bf16,0,1.0,CoreWeave,A,9.8e-06,0.9999999819139519,0.0,0
comprehension,own,neutral,2004,-1,0,0,0,aPrQaPrQrQrQ,B,gemma-26b-cw,google/gemma-4-26b-a4b-it,coreweave/bf16,0,1.0,CoreWeave,B,1.05e-05,2.6882510639390195e-09,0.0,1
comprehension,own,neutral,2004,-1,0,1,0,rQrQaPrQaPrQ,B,gemma-26b-cw,google/gemma-4-26b-a4b-it,coreweave/bf16,0,1.0,CoreWeave,B,1.21e-05,3.094158321841273e-09,8.449686406120094e-08,0
comprehension,own,neutral,2004,1,0,0,0,rQaPrQaPrQrQ,A,gemma-26b-cw,google/gemma-4-26b-a4b-it,coreweave/bf16,0,1.0,CoreWeave,A,1.21e-05,0.9999999889442205,0.0,0
comprehension,own,neutral,2004,1,0,1,0,rQrQaPaPrQrQ,A,gemma-26b-cw,google/gemma-4-26b-a4b-it,coreweave/bf16,0,1.0,CoreWeave,A,1.05e-05,0.9999999869731067,1.0618238333029989e-07,0
comprehension,own,neutral,2010,-1,0,0,0,aPaPrP,B,gemma-26b-cw,google/gemma-4-26b-a4b-it,coreweave/bf16,0,1.0,CoreWeave,B,1e-05,2.3539112978249056e-09,0.0,1
comprehension,own,neutral,2010,-1,0,1,0,rPaPaP,B,gemma-26b-cw,google/gemma-4-26b-a4b-it,coreweave/bf16,0,1.0,CoreWeave,B,1e-05,1.8189616584730066e-09,0.0,1
comprehension,own,neutral,2010,1,0,0,0,rPaPaP,A,gemma-26b-cw,google/gemma-4-26b-a4b-it,coreweave/bf16,0,1.0,CoreWeave,A,1e-05,0.9999999884136425,0.0,0
comprehension,own,neutral,2010,1,0,1,0,rPaPaP,A,gemma-26b-cw,google/gemma-4-26b-a4b-it,coreweave/bf16,0,1.0,CoreWeave,A,1e-05,0.9999999852385959,1.0444787281094951e-07,0
comprehension,own,neutral,2011,-1,0,0,0,aPrPaPrQ,B,gemma-26b-cw,google/gemma-4-26b-a4b-it,coreweave/bf16,0,1.0,CoreWeave,B,1.07e-05,1.7087563523831436e-09,0.0,1
comprehension,own,neutral,2011,-1,0,1,0,aPaPrPrQ,B,gemma-26b-cw,google/gemma-4-26b-a4b-it,coreweave/bf16,0,1.0,CoreWeave,B,9.1e-06,1.7629980923075376e-09,0.0,1
comprehension,own,neutral,2011,1,0,0,0,aPaPrQrP,A,gemma-26b-cw,google/gemma-4-26b-a4b-it,coreweave/bf16,0,1.0,CoreWeave,A,9.1e-06,0.999999987225071,0.0,0
comprehension,own,neutral,2011,1,0,1,0,aPrPrQaP,A,gemma-26b-cw,google/gemma-4-26b-a4b-it,coreweave/bf16,0,1.0,CoreWeave,A,9.1e-06,0.9999999855805435,1.0478982033223536e-07,0
comprehension,own,neutral,2012,-1,0,0,0,aPrPrQrQaP,B,gemma-26b-cw,google/gemma-4-26b-a4b-it,coreweave/bf16,0,1.0,CoreWeave,B,1.14e-05,2.12658163993559e-09,0.0,1
comprehension,own,neutral,2012,-1,0,1,0,rPrQaPaPrQ,B,gemma-26b-cw,google/gemma-4-26b-a4b-it,coreweave/bf16,0,1.0,CoreWeave,B,1.14e-05,2.1432606136138916e-09,0.0,1
comprehension,own,neutral,2012,1,0,0,0,rPrQaPrQaP,A,gemma-26b-cw,google/gemma-4-26b-a4b-it,coreweave/bf16,0,1.0,CoreWeave,A,9.8e-06,0.9999999770476101,0.0,0
comprehension,own,neutral,2012,1,0,1,0,aPrQrPaPrQ,A,gemma-26b-cw,google/gemma-4-26b-a4b-it,coreweave/bf16,0,1.0,CoreWeave,A,9.8e-06,0.999999976594912,9.580418962611018e-08,0
comprehension,own,neutral,2013,-1,0,0,0,rPrQrQaPaPrQ,B,gemma-26b-cw,google/gemma-4-26b-a4b-it,coreweave/bf16,0,1.0,CoreWeave,B,1.05e-05,3.4517826852937456e-09,0.0,1
comprehension,own,neutral,2013,-1,0,1,0,aPrPrQrQaPrQ,B,gemma-26b-cw,google/gemma-4-26b-a4b-it,coreweave/bf16,0,1.0,CoreWeave,B,1.21e-05,2.7305848483294597e-09,0.0,1
comprehension,own,neutral,2013,1,0,0,0,rPaPrQaPrQrQ,A,gemma-26b-cw,google/gemma-4-26b-a4b-it,coreweave/bf16,0,1.0,CoreWeave,A,1.05e-05,0.9999999645892373,0.0,0
comprehension,own,neutral,2013,1,0,1,0,rQrQaPaPrQrP,A,gemma-26b-cw,google/gemma-4-26b-a4b-it,coreweave/bf16,0,1.0,CoreWeave,A,1.05e-05,0.9999999827421703,1.0195144735196632e-07,0
comprehension,own,neutral,2020,-1,0,0,0,rPaPaPrP,B,gemma-26b-cw,google/gemma-4-26b-a4b-it,coreweave/bf16,0,1.0,CoreWeave,B,1.07e-05,2.3723732483039294e-09,0.0,1
comprehension,own,neutral,2020,-1,0,1,0,aPrPrPaP,B,gemma-26b-cw,google/gemma-4-26b-a4b-it,coreweave/bf16,0,1.0,CoreWeave,B,9.1e-06,2.4862258137686967e-09,0.0,1
comprehension,own,neutral,2020,1,0,0,0,rPrPaPaP,A,gemma-26b-cw,google/gemma-4-26b-a4b-it,coreweave/bf16,0,1.0,CoreWeave,A,1.07e-05,0.9999999893261474,0.0,0
comprehension,own,neutral,2020,1,0,1,0,aPrPrPaP,A,gemma-26b-cw,google/gemma-4-26b-a4b-it,coreweave/bf16,0,1.0,CoreWeave,A,1.07e-05,0.9999999874721605,0.0,0
comprehension,own,neutral,2021,-1,0,0,0,rPaPrPaPrQ,B,gemma-26b-cw,google/gemma-4-26b-a4b-it,coreweave/bf16,0,1.0,CoreWeave,B,1.14e-05,3.192377126284785e-09,0.0,1
comprehension,own,neutral,2021,-1,0,1,0,rPaPrQaPrP,B,gemma-26b-cw,google/gemma-4-26b-a4b-it,coreweave/bf16,0,1.0,CoreWeave,B,9.8e-06,1.6052280360020436e-09,0.0,1
comprehension,own,neutral,2021,1,0,0,0,rPrQaPrPaP,A,gemma-26b-cw,google/gemma-4-26b-a4b-it,coreweave/bf16,0,1.0,CoreWeave,A,1.14e-05,0.9999999778962315,0.0,0
comprehension,own,neutral,2021,1,0,1,0,rPaPrPrQaP,A,gemma-26b-cw,google/gemma-4-26b-a4b-it,coreweave/bf16,0,1.0,CoreWeave,A,9.8e-06,0.9999999722057704,9.141504834868073e-08,0
comprehension,own,neutral,2022,-1,0,0,0,rQrQrPaPrPaP,B,gemma-26b-cw,google/gemma-4-26b-a4b-it,coreweave/bf16,0,1.0,CoreWeave,B,1.05e-05,3.942059569385112e-09,0.0,1
comprehension,own,neutral,2022,-1,0,1,0,aPrQrPaPrQrP,B,gemma-26b-cw,google/gemma-4-26b-a4b-it,coreweave/bf16,0,1.0,CoreWeave,B,1.05e-05,3.2937140441484034e-09,0.0,1
comprehension,own,neutral,2022,1,0,0,0,rQrPaPrQaPrP,A,gemma-26b-cw,google/gemma-4-26b-a4b-it,coreweave/bf16,0,1.0,CoreWeave,A,1.05e-05,0.9999999802138031,0.0,0
comprehension,own,neutral,2022,1,0,1,0,aPrPrPaPrQrQ,A,gemma-26b-cw,google/gemma-4-26b-a4b-it,coreweave/bf16,0,1.0,CoreWeave,A,1.21e-05,0.9999999724220668,9.163134473913541e-08,0
comprehension,own,neutral,2030,-1,0,0,0,rPaPaPrPrP,B,gemma-26b-cw,google/gemma-4-26b-a4b-it,coreweave/bf16,0,1.0,CoreWeave,B,9.8e-06,2.7953388163675427e-09,0.0,1
comprehension,own,neutral,2030,-1,0,1,0,rPrPaPaPrP,B,gemma-26b-cw,google/gemma-4-26b-a4b-it,coreweave/bf16,0,1.0,CoreWeave,B,9.8e-06,2.447680464661186e-09,0.0,1
comprehension,own,neutral,2030,1,0,0,0,rPaPaPrPrP,A,gemma-26b-cw,google/gemma-4-26b-a4b-it,coreweave/bf16,0,1.0,CoreWeave,A,9.8e-06,0.9999999876663868,0.0,0
comprehension,own,neutral,2030,1,0,1,0,aPrPrPrPaP,A,gemma-26b-cw,google/gemma-4-26b-a4b-it,coreweave/bf16,0,1.0,CoreWeave,A,1.14e-05,0.9999999797247967,0.0,0
comprehension,own,neutral,2031,-1,0,0,0,aPaPrPrPrPrQ,B,gemma-26b-cw,google/gemma-4-26b-a4b-it,coreweave/bf16,0,1.0,CoreWeave,B,1.05e-05,3.880943600366472e-09,0.0,1
comprehension,own,neutral,2031,-1,0,1,0,rQaPrPrPaPrP,B,gemma-26b-cw,google/gemma-4-26b-a4b-it,coreweave/bf16,0,1.0,CoreWeave,B,1.05e-05,4.295812946086914e-09,0.0,0
comprehension,own,neutral,2031,1,0,0,0,rPrPaPrQaPrP,A,gemma-26b-cw,google/gemma-4-26b-a4b-it,coreweave/bf16,0,1.0,CoreWeave,A,1.05e-05,0.9999999699472724,8.915655040363119e-08,0
comprehension,own,neutral,2031,1,0,1,0,rPaPrPrPaPrQ,A,gemma-26b-cw,google/gemma-4-26b-a4b-it,coreweave/bf16,0,1.0,CoreWeave,A,1.05e-05,0.9999999865595887,1.0576886538879151e-07,0
comprehension,own,neutral,2040,-1,0,0,0,rPaPrPaPrPrP,B,gemma-26b-cw,google/gemma-4-26b-a4b-it,coreweave/bf16,0,1.0,CoreWeave,B,1.05e-05,2.7735853132952805e-09,0.0,1
comprehension,own,neutral,2040,-1,0,1,0,aPaPrPrPrPrP,B,gemma-26b-cw,google/gemma-4-26b-a4b-it,coreweave/bf16,0,1.0,CoreWeave,B,1.05e-05,2.2286384233363324e-09,0.0,1
comprehension,own,neutral,2040,1,0,0,0,rPaPrPrPrPaP,A,gemma-26b-cw,google/gemma-4-26b-a4b-it,coreweave/bf16,0,1.0,CoreWeave,A,1.21e-05,0.9999999828094542,0.0,0
comprehension,own,neutral,2040,1,0,1,0,aPrPrPaPrPrP,A,gemma-26b-cw,google/gemma-4-26b-a4b-it,coreweave/bf16,0,1.0,CoreWeave,A,1.05e-05,0.9999999755195386,9.472881623030145e-08,0
comprehension,own,neutral,2100,-1,0,0,0,aQaPaP,B,gemma-26b-cw,google/gemma-4-26b-a4b-it,coreweave/bf16,0,1.0,CoreWeave,B,1e-05,2.194086580222954e-09,0.0,1
comprehension,own,neutral,2100,-1,0,1,0,aQaPaP,B,gemma-26b-cw,google/gemma-4-26b-a4b-it,coreweave/bf16,0,1.0,CoreWeave,B,1e-05,1.4845932430336852e-09,0.0,1
comprehension,own,neutral,2100,1,0,0,0,aPaQaP,A,gemma-26b-cw,google/gemma-4-26b-a4b-it,coreweave/bf16,0,1.0,CoreWeave,A,1e-05,0.9999999846505685,1.038598453836239e-07,0
comprehension,own,neutral,2100,1,0,1,0,aPaQaP,A,gemma-26b-cw,google/gemma-4-26b-a4b-it,coreweave/bf16,0,1.0,CoreWeave,A,1e-05,0.9999999847104103,1.0391968713986782e-07,0
comprehension,own,neutral,2101,-1,0,0,0,aPrQaPaQ,B,gemma-26b-cw,google/gemma-4-26b-a4b-it,coreweave/bf16,0,1.0,CoreWeave,B,1.07e-05,1.5558403585764309e-09,0.0,1
comprehension,own,neutral,2101,-1,0,1,0,aPrQaPaQ,B,gemma-26b-cw,google/gemma-4-26b-a4b-it,coreweave/bf16,0,1.0,CoreWeave,B,1.07e-05,1.5803412813966366e-09,0.0,1
comprehension,own,neutral,2101,1,0,0,0,aQrQaPaP,A,gemma-26b-cw,google/gemma-4-26b-a4b-it,coreweave/bf16,0,1.0,CoreWeave,A,1.07e-05,0.9999999889442205,0.0,0
comprehension,own,neutral,2101,1,0,1,0,aPaQaPrQ,A,gemma-26b-cw,google/gemma-4-26b-a4b-it,coreweave/bf16,0,1.0,CoreWeave,A,9.1e-06,0.9999999903945712,1.0960384751672665e-07,0
comprehension,own,neutral,2102,-1,0,0,0,aPrQaQaPrQ,B,gemma-26b-cw,google/gemma-4-26b-a4b-it,coreweave/bf16,0,1.0,CoreWeave,B,9.8e-06,1.8332279603047698e-09,0.0,1
comprehension,own,neutral,2102,-1,0,1,0,aPaQrQrQaP,B,gemma-26b-cw,google/gemma-4-26b-a4b-it,coreweave/bf16,0,1.0,CoreWeave,B,9.8e-06,2.1600704040597082e-09,0.0,1
comprehension,own,neutral,2102,1,0,0,0,rQrQaQaPaP,A,gemma-26b-cw,google/gemma-4-26b-a4b-it,coreweave/bf16,0,1.0,CoreWeave,A,1.14e-05,0.9999999790351753,9.824445281945862e-08,0
comprehension,own,neutral,2102,1,0,1,0,rQaPaPaQrQ,A,gemma-26b-cw,google/gemma-4-26b-a4b-it,coreweave/bf16,0,1.0,CoreWeave,A,9.8e-06,0.999999990166785,1.0261779885504632e-07,0
comprehension,own,neutral,2103,-1,0,0,0,aPaQrQrQrQaP,B,gemma-26b-cw,google/gemma-4-26b-a4b-it,coreweave/bf16,0,1.0,CoreWeave,B,1.05e-05,2.6882510819911287e-09,0.0,1
comprehension,own,neutral,2103,-1,0,1,0,aPaPrQaQrQrQ,B,gemma-26b-cw,google/gemma-4-26b-a4b-it,coreweave/bf16,0,1.0,CoreWeave,B,1.21e-05,4.035542779383395e-09,0.0,0
comprehension,own,neutral,2103,1,0,0,0,aPrQaQrQrQaP,A,gemma-26b-cw,google/gemma-4-26b-a4b-it,coreweave/bf16,0,1.0,CoreWeave,A,1.05e-05,0.9999999802524104,0.0,0
comprehension,own,neutral,2103,1,0,1,0,rQrQaPaPrQaQ,A,gemma-26b-cw,google/gemma-4-26b-a4b-it,coreweave/bf16,0,1.0,CoreWeave,A,1.05e-05,0.9999999847700187,1.0397929559521391e-07,0
comprehension,own,neutral,2110,-1,0,0,0,aPaPrPaQ,B,gemma-26b-cw,google/gemma-4-26b-a4b-it,coreweave/bf16,0,1.0,CoreWeave,B,9.1e-06,1.5317192894579307e-09,0.0,1
comprehension,own,neutral,2110,-1,0,1,0,aPaQrPaP,B,gemma-26b-cw,google/gemma-4-26b-a4b-it,coreweave/bf16,0,1.0,CoreWeave,B,1.07e-05,1.7356653413368723e-09,0.0,1
comprehension,own,neutral,2110,1,0,0,0,aPaQrPaP,A,gemma-26b-cw,google/gemma-4-26b-a4b-it,coreweave/bf16,0,1.0,CoreWeave,A,1.07e-05,0.999999982470399,1.0167967610597278e-07,0
comprehension,own,neutral,2110,1,0,1,0,aPrPaQaP,A,gemma-26b-cw,google/gemma-4-26b-a4b-it,coreweave/bf16,0,1.0,CoreWeave,A,1.07e-05,0.9999999844696341,1.0367891116048287e-07,0
comprehension,own,neutral,2111,-1,0,0,0,aPrPaPrQaQ,B,gemma-26b-cw,google/gemma-4-26b-a4b-it,coreweave/bf16,0,1.0,CoreWeave,B,9.8e-06,3.0700790751990535e-09,0.0,1
comprehension,own,neutral,2111,-1,0,1,0,aPaQrPrQaP,B,gemma-26b-cw,google/gemma-4-26b-a4b-it,coreweave/bf16,0,1.0,CoreWeave,B,1.14e-05,1.7907612718170211e-09,0.0,1
comprehension,own,neutral,2111,1,0,0,0,aPrPaQrQaP,A,gemma-26b-cw,google/gemma-4-26b-a4b-it,coreweave/bf16,0,1.0,CoreWeave,A,9.8e-06,0.9999999744447203,0.0,0
comprehension,own,neutral,2111,1,0,1,0,aPaPrPrQaQ,A,gemma-26b-cw,google/gemma-4-26b-a4b-it,coreweave/bf16,0,1.0,CoreWeave,A,9.8e-06,0.9999999786894248,9.789870228850894e-08,0
comprehension,own,neutral,2112,-1,0,0,0,aPaPrQrPrQaQ,B,gemma-26b-cw,google/gemma-4-26b-a4b-it,coreweave/bf16,0,1.0,CoreWeave,B,1.05e-05,4.6087345479882346e-09,0.0,1
comprehension,own,neutral,2112,-1,0,1,0,rQaPaQrQaPrP,B,gemma-26b-cw,google/gemma-4-26b-a4b-it,coreweave/bf16,0,1.0,CoreWeave,B,1.05e-05,3.732266959704019e-09,0.0,0
comprehension,own,neutral,2112,1,0,0,0,aPrQaPaQrQrP,A,gemma-26b-cw,google/gemma-4-26b-a4b-it,coreweave/bf16,0,1.0,CoreWeave,A,1.05e-05,0.9999999772262244,9.643550188184393e-08,0
comprehension,own,neutral,2112,1,0,1,0,rQaPrPrQaPaQ,A,gemma-26b-cw,google/gemma-4-26b-a4b-it,coreweave/bf16,0,1.0,CoreWeave,A,1.05e-05,0.9999999781840592,9.739333661218994e-08,0
comprehension,own,neutral,2120,-1,0,0,0,rPrPaPaPaQ,B,gemma-26b-cw,google/gemma-4-26b-a4b-it,coreweave/bf16,0,1.0,CoreWeave,B,9.8e-06,2.4097326946216586e-09,0.0,1
comprehension,own,neutral,2120,-1,0,1,0,rPaQaPaPrP,B,gemma-26b-cw,google/gemma-4-26b-a4b-it,coreweave/bf16,0,1.0,CoreWeave,B,9.8e-06,2.126581628239295e-09,0.0,1
comprehension,own,neutral,2120,1,0,0,0,aQrPrPaPaP,A,gemma-26b-cw,google/gemma-4-26b-a4b-it,coreweave/bf16,0,1.0,CoreWeave,A,1.14e-05,0.9999999682579936,8.746727178923306e-08,0
comprehension,own,neutral,2120,1,0,1,0,aPrPaPaQrP,A,gemma-26b-cw,google/gemma-4-26b-a4b-it,coreweave/bf16,0,1.0,CoreWeave,A,1.14e-05,0.9999999820546965,1.0126397363982634e-07,0
comprehension,own,neutral,2121,-1,0,0,0,aPrPrPaQaPrQ,B,gemma-26b-cw,google/gemma-4-26b-a4b-it,coreweave/bf16,0,1.0,CoreWeave,B,1.05e-05,2.525378168821289e-09,0.0,1
comprehension,own,neutral,2121,-1,0,1,0,aPaQrQaPrPrP,B,gemma-26b-cw,google/gemma-4-26b-a4b-it,coreweave/bf16,0,1.0,CoreWeave,B,1.05e-05,3.911382171660525e-09,0.0,1
comprehension,own,neutral,2121,1,0,0,0,aPrQaQaPrPrP,A,gemma-26b-cw,google/gemma-4-26b-a4b-it,coreweave/bf16,0,1.0,CoreWeave,A,1.05e-05,0.9999999842865671,1.0349584414197441e-07,0
comprehension,own,neutral,2121,1,0,1,0,aPrPrQaQaPrP,A,gemma-26b-cw,google/gemma-4-26b-a4b-it,coreweave/bf16,0,1.0,CoreWeave,A,1.05e-05,0.9999999759460991,9.515537674998197e-08,0
comprehension,own,neutral,2130,-1,0,0,0,aQaPrPaPrPrP,B,gemma-26b-cw,google/gemma-4-26b-a4b-it,coreweave/bf16,0,1.0,CoreWeave,B,1.05e-05,3.1923771096358745e-09,0.0,1
comprehension,own,neutral,2130,-1,0,1,0,aPrPaPrPaQrP,B,gemma-26b-cw,google/gemma-4-26b-a4b-it,coreweave/bf16,0,1.0,CoreWeave,B,1.05e-05,2.9066924333917175e-09,0.0,1
comprehension,own,neutral,2130,1,0,0,0,aPrPaPaQrPrP,A,gemma-26b-cw,google/gemma-4-26b-a4b-it,coreweave/bf16,0,1.0,CoreWeave,A,1.05e-05,0.9999999742945397,9.350381749281106e-08,0
comprehension,own,neutral,2130,1,0,1,0,aQrPaPrPaPrP,A,gemma-26b-cw,google/gemma-4-26b-a4b-it,coreweave/bf16,0,1.0,CoreWeave,A,1.05e-05,0.9999999651722544,8.438153259669351e-08,0
comprehension,own,neutral,2200,-1,0,0,0,aQaQaPaP,B,gemma-26b-cw,google/gemma-4-26b-a4b-it,coreweave/bf16,0,1.0,CoreWeave,B,9.1e-06,1.9362746006083498e-09,0.0,1
comprehension,own,neutral,2200,-1,0,1,0,aPaQaPaQ,B,gemma-26b-cw,google/gemma-4-26b-a4b-it,coreweave/bf16,0,1.0,CoreWeave,B,1.07e-05,2.4476804435541828e-09,0.0,1
comprehension,own,neutral,2200,1,0,0,0,aPaPaQaQ,A,gemma-26b-cw,google/gemma-4-26b-a4b-it,coreweave/bf16,0,1.0,CoreWeave,A,9.1e-06,0.9999999833383518,0.0,0
comprehension,own,neutral,2200,1,0,1,0,aQaQaPaP,A,gemma-26b-cw,google/gemma-4-26b-a4b-it,coreweave/bf16,0,1.0,CoreWeave,A,1.07e-05,0.9999999844088501,1.036181270337003e-07,0
comprehension,own,neutral,2201,-1,0,0,0,aQaPaQaPrQ,B,gemma-26b-cw,google/gemma-4-26b-a4b-it,coreweave/bf16,0,1.0,CoreWeave,B,9.8e-06,2.061153596783178e-09,0.0,1
comprehension,own,neutral,2201,-1,0,1,0,aQaPrQaQaP,B,gemma-26b-cw,google/gemma-4-26b-a4b-it,coreweave/bf16,0,1.0,CoreWeave,B,1.14e-05,1.6305066913711647e-09,0.0,0
comprehension,own,neutral,2201,1,0,0,0,aPaPaQaQrQ,A,gemma-26b-cw,google/gemma-4-26b-a4b-it,coreweave/bf16,0,1.0,CoreWeave,A,9.8e-06,0.9999999882311826,1.0744045915790313e-07,0
comprehension,own,neutral,2201,1,0,1,0,rQaQaPaQaP,A,gemma-26b-cw,google/gemma-4-26b-a4b-it,coreweave/bf16,0,1.0,CoreWeave,A,9.8e-06,0.9999999811198791,0.0,0
comprehension,own,neutral,2202,-1,0,0,0,rQaQaPrQaQaP,B,gemma-26b-cw,google/gemma-4-26b-a4b-it,coreweave/bf16,0,1.0,CoreWeave,B,1.05e-05,2.6465735931416497e-09,0.0,1
comprehension,own,neutral,2202,-1,0,1,0,aQrQaPaQaPrQ,B,gemma-26b-cw,google/gemma-4-26b-a4b-it,coreweave/bf16,0,1.0,CoreWeave,B,1.21e-05,2.409732682937668e-09,0.0,0
comprehension,own,neutral,2202,1,0,0,0,rQaPaPaQrQaQ,A,gemma-26b-cw,google/gemma-4-26b-a4b-it,coreweave/bf16,0,1.0,CoreWeave,A,1.05e-05,0.9999999764113437,9.562062126373147e-08,0
comprehension,own,neutral,2202,1,0,1,0,rQaPaQrQaQaP,A,gemma-26b-cw,google/gemma-4-26b-a4b-it,coreweave/bf16,0,1.0,CoreWeave,A,1.05e-05,0.9999999890302559,1.0823953244454138e-07,0
comprehension,own,neutral,2210,-1,0,0,0,aPrPaQaPaQ,B,gemma-26b-cw,google/gemma-4-26b-a4b-it,coreweave/bf16,0,1.0,CoreWeave,B,9.8e-06,2.3355930048179833e-09,0.0,1
comprehension,own,neutral,2210,-1,0,1,0,aPaPrPaQaQ,B,gemma-26b-cw,google/gemma-4-26b-a4b-it,coreweave/bf16,0,1.0,CoreWeave,B,9.8e-06,2.228638405444898e-09,0.0,1
comprehension,own,neutral,2210,1,0,0,0,aPaQaPaQrP,A,gemma-26b-cw,google/gemma-4-26b-a4b-it,coreweave/bf16,0,1.0,CoreWeave,A,9.8e-06,0.9999999830759668,1.0228524396130214e-07,0
comprehension,own,neutral,2210,1,0,1,0,rPaPaQaPaQ,A,gemma-26b-cw,google/gemma-4-26b-a4b-it,coreweave/bf16,0,1.0,CoreWeave,A,9.8e-06,0.9999999807474999,9.276264391867814e-08,0
comprehension,own,neutral,2211,-1,0,0,0,rQrPaPaQaPaQ,B,gemma-26b-cw,google/gemma-4-26b-a4b-it,coreweave/bf16,0,1.0,CoreWeave,B,1.05e-05,3.791042042132665e-09,9.33022070714884e-08,1
comprehension,own,neutral,2211,-1,0,1,0,rPrQaQaPaPaQ,B,gemma-26b-cw,google/gemma-4-26b-a4b-it,coreweave/bf16,0,1.0,CoreWeave,B,1.21e-05,3.451783042307018e-09,8.789829131217175e-08,1
comprehension,own,neutral,2211,1,0,0,0,rQaQrPaQaPaP,A,gemma-26b-cw,google/gemma-4-26b-a4b-it,coreweave/bf16,0,1.0,CoreWeave,A,1.05e-05,0.9999999806367271,0.0,0
comprehension,own,neutral,2211,1,0,1,0,rQaPaQaPrPaQ,A,gemma-26b-cw,google/gemma-4-26b-a4b-it,coreweave/bf16,0,1.0,CoreWeave,A,1.21e-05,0.9999999811934834,1.0040276062974775e-07,0
comprehension,own,neutral,2220,-1,0,0,0,rPaPaQaQrPaP,B,gemma-26b-cw,google/gemma-4-26b-a4b-it,coreweave/bf16,0,1.0,CoreWeave,B,1.21e-05,2.817262935611116e-09,0.0,1
comprehension,own,neutral,2220,-1,0,1,0,aQaPaPaQrPrP,B,gemma-26b-cw,google/gemma-4-26b-a4b-it,coreweave/bf16,0,1.0,CoreWeave,B,1.05e-05,2.7735853135969375e-09,0.0,1
comprehension,own,neutral,2220,1,0,0,0,aQrPaPrPaQaP,A,gemma-26b-cw,google/gemma-4-26b-a4b-it,coreweave/bf16,0,1.0,CoreWeave,A,1.05e-05,0.9999999775354658,9.674474329393601e-08,0
comprehension,own,neutral,2220,1,0,1,0,rPaQaPaPrPaQ,A,gemma-26b-cw,google/gemma-4-26b-a4b-it,coreweave/bf16,0,1.0,CoreWeave,A,1.21e-05,0.9999999540854742,7.329475281299618e-08,0
comprehension,own,neutral,2300,-1,0,0,0,aQaPaQaPaQ,B,gemma-26b-cw,google/gemma-4-26b-a4b-it,coreweave/bf16,0,1.0,CoreWeave,B,9.8e-06,2.2286384095109804e-09,0.0,1
comprehension,own,neutral,2300,-1,0,1,0,aPaQaPaQaQ,B,gemma-26b-cw,google/gemma-4-26b-a4b-it,coreweave/bf16,0,1.0,CoreWeave,B,9.8e-06,1.708756341062253e-09,0.0,1
comprehension,own,neutral,2300,1,0,0,0,aQaQaQaPaP,A,gemma-26b-cw,google/gemma-4-26b-a4b-it,coreweave/bf16,0,1.0,CoreWeave,A,9.8e-06,0.9999999850061395,0.0,0
comprehension,own,neutral,2300,1,0,1,0,aQaQaPaPaQ,A,gemma-26b-cw,google/gemma-4-26b-a4b-it,coreweave/bf16,0,1.0,CoreWeave,A,9.8e-06,0.9999999791830838,9.83923611815449e-08,0
comprehension,own,neutral,2301,-1,0,0,0,aQaQaQrQaPaP,B,gemma-26b-cw,google/gemma-4-26b-a4b-it,coreweave/bf16,0,1.0,CoreWeave,B,1.05e-05,3.5061403371964363e-09,0.0,1
comprehension,own,neutral,2301,-1,0,1,0,aQaPaQaPaQrQ,B,gemma-26b-cw,google/gemma-4-26b-a4b-it,coreweave/bf16,0,1.0,CoreWeave,B,1.05e-05,2.7305848584878403e-09,0.0,1
comprehension,own,neutral,2301,1,0,0,0,aQaQaPaPrQaQ,A,gemma-26b-cw,google/gemma-4-26b-a4b-it,coreweave/bf16,0,1.0,CoreWeave,A,1.05e-05,0.9999999873739019,1.0658317866226206e-07,0
comprehension,own,neutral,2301,1,0,1,0,aQaPaQaPrQaQ,A,gemma-26b-cw,google/gemma-4-26b-a4b-it,coreweave/bf16,0,1.0,CoreWeave,A,1.05e-05,0.9999999856927565,1.0490203342135885e-07,0
comprehension,own,neutral,2310,-1,0,0,0,rPaQaQaPaQaP,B,gemma-26b-cw,google/gemma-4-26b-a4b-it,coreweave/bf16,0,1.0,CoreWeave,B,1.05e-05,3.3982677577836486e-09,0.0,1
comprehension,own,neutral,2310,-1,0,1,0,aQaPrPaQaQaP,B,gemma-26b-cw,google/gemma-4-26b-a4b-it,coreweave/bf16,0,1.0,CoreWeave,B,1.05e-05,2.4862257996660526e-09,0.0,1
comprehension,own,neutral,2310,1,0,0,0,aQaQaPaQrPaP,A,gemma-26b-cw,google/gemma-4-26b-a4b-it,coreweave/bf16,0,1.0,CoreWeave,A,1.05e-05,0.9999999820546965,1.0126397363982634e-07,0
comprehension,own,neutral,2310,1,0,1,0,aQrPaPaQaQaP,A,gemma-26b-cw,google/gemma-4-26b-a4b-it,coreweave/bf16,0,1.0,CoreWeave,A,1.05e-05,0.9999999697706653,8.897994332016939e-08,0
comprehension,own,neutral,2400,-1,0,0,0,aQaQaQaQaPaP,B,gemma-26b-cw,google/gemma-4-26b-a4b-it,coreweave/bf16,0,1.0,CoreWeave,B,1.05e-05,3.97297749234493e-09,0.0,1
comprehension,own,neutral,2400,-1,0,1,0,aQaPaPaQaQaQ,B,gemma-26b-cw,google/gemma-4-26b-a4b-it,coreweave/bf16,0,1.0,CoreWeave,B,1.05e-05,1.9977385509596736e-09,0.0,1
comprehension,own,neutral,2400,1,0,0,0,aPaQaQaQaQaP,A,gemma-26b-cw,google/gemma-4-26b-a4b-it,coreweave/bf16,0,1.0,CoreWeave,A,1.05e-05,0.9999999728363628,9.204564066760353e-08,0
comprehension,own,neutral,2400,1,0,1,0,aPaQaQaQaQaP,A,gemma-26b-cw,google/gemma-4-26b-a4b-it,coreweave/bf16,0,1.0,CoreWeave,A,1.05e-05,0.9999999771370903,9.63463678527124e-08,0
comprehension,own,neutral,3000,-1,0,0,0,aPaPaP,B,gemma-26b-cw,google/gemma-4-26b-a4b-it,coreweave/bf16,0,1.0,CoreWeave,B,1e-05,2.2637343578798964e-09,0.0,1
comprehension,own,neutral,3000,-1,0,1,0,aPaPaP,B,gemma-26b-cw,google/gemma-4-26b-a4b-it,coreweave/bf16,0,1.0,CoreWeave,B,1e-05,1.8332279498198548e-09,0.0,1
comprehension,own,neutral,3000,1,0,0,0,aPaPaP,A,gemma-26b-cw,google/gemma-4-26b-a4b-it,coreweave/bf16,0,1.0,CoreWeave,A,1e-05,0.9999999922212875,0.0,0
comprehension,own,neutral,3000,1,0,1,0,aPaPaP,A,gemma-26b-cw,google/gemma-4-26b-a4b-it,coreweave/bf16,0,1.0,CoreWeave,A,1e-05,0.9999999860241853,0.0,0
comprehension,own,neutral,3001,-1,0,0,0,aPaPrQaP,B,gemma-26b-cw,google/gemma-4-26b-a4b-it,coreweave/bf16,0,1.0,CoreWeave,B,9.1e-06,2.545184968170512e-09,0.0,1
comprehension,own,neutral,3001,-1,0,1,0,aPaPrQaP,B,gemma-26b-cw,google/gemma-4-26b-a4b-it,coreweave/bf16,0,1.0,CoreWeave,B,1.07e-05,2.6055422735655873e-09,0.0,1
comprehension,own,neutral,3001,1,0,0,0,aPrQaPaP,A,gemma-26b-cw,google/gemma-4-26b-a4b-it,coreweave/bf16,0,1.0,CoreWeave,A,9.1e-06,0.9999999932417374,0.0,0
comprehension,own,neutral,3001,1,0,1,0,rQaPaPaP,A,gemma-26b-cw,google/gemma-4-26b-a4b-it,coreweave/bf16,0,1.0,CoreWeave,A,1.07e-05,0.9999999900119343,1.0922121077200334e-07,0
comprehension,own,neutral,3002,-1,0,0,0,rQaPaPrQaP,B,gemma-26b-cw,google/gemma-4-26b-a4b-it,coreweave/bf16,0,1.0,CoreWeave,B,1.14e-05,2.2993829822813935e-09,0.0,0
comprehension,own,neutral,3002,-1,0,1,0,aPaPrQrQaP,B,gemma-26b-cw,google/gemma-4-26b-a4b-it,coreweave/bf16,0,1.0,CoreWeave,B,9.8e-06,2.1940865750173033e-09,0.0,1
comprehension,own,neutral,3002,1,0,0,0,rQaPrQaPaP,A,gemma-26b-cw,google/gemma-4-26b-a4b-it,coreweave/bf16,0,1.0,CoreWeave,A,9.8e-06,0.9999999914567558,0.0,0
comprehension,own,neutral,3002,1,0,1,0,aPrQaPaPrQ,A,gemma-26b-cw,google/gemma-4-26b-a4b-it,coreweave/bf16,0,1.0,CoreWeave,A,9.8e-06,0.9999999842865672,9.694551142129602e-08,0
comprehension,own,neutral,3003,-1,0,0,0,aPrQrQaPaPrQ,B,gemma-26b-cw,google/gemma-4-26b-a4b-it,coreweave/bf16,0,1.0,CoreWeave,B,1.21e-05,2.9524661937183485e-09,0.0,1
comprehension,own,neutral,3003,-1,0,1,0,aPrQrQaPaPrQ,B,gemma-26b-cw,google/gemma-4-26b-a4b-it,coreweave/bf16,0,1.0,CoreWeave,B,1.05e-05,4.7180274843125595e-09,0.0,0
comprehension,own,neutral,3003,1,0,0,0,aPrQaPrQaPrQ,A,gemma-26b-cw,google/gemma-4-26b-a4b-it,coreweave/bf16,0,1.0,CoreWeave,A,1.05e-05,0.9999999886820402,0.0,0
comprehension,own,neutral,3003,1,0,1,0,aPrQaPrQrQaP,A,gemma-26b-cw,google/gemma-4-26b-a4b-it,coreweave/bf16,0,1.0,CoreWeave,A,1.05e-05,0.9999999854674503,1.0467672714494603e-07,0
comprehension,own,neutral,3010,-1,0,0,0,aPaPrPaP,B,gemma-26b-cw,google/gemma-4-26b-a4b-it,coreweave/bf16,0,1.0,CoreWeave,B,9.1e-06,2.5253781795880913e-09,0.0,1
comprehension,own,neutral,3010,-1,0,1,0,rPaPaPaP,B,gemma-26b-cw,google/gemma-4-26b-a4b-it,coreweave/bf16,0,1.0,CoreWeave,B,9.1e-06,2.3539112881644258e-09,0.0,1
comprehension,own,neutral,3010,1,0,0,0,aPaPrPaP,A,gemma-26b-cw,google/gemma-4-26b-a4b-it,coreweave/bf16,0,1.0,CoreWeave,A,1.07e-05,0.9999999847700205,0.0,0
comprehension,own,neutral,3010,1,0,1,0,aPaPaPrP,A,gemma-26b-cw,google/gemma-4-26b-a4b-it,coreweave/bf16,0,1.0,CoreWeave,A,1.07e-05,0.9999999922212868,1.0400806355118742e-07,0
comprehension,own,neutral,3011,-1,0,0,0,aPrPaPaPrQ,B,gemma-26b-cw,google/gemma-4-26b-a4b-it,coreweave/bf16,0,1.0,CoreWeave,B,9.8e-06,2.077319429307643e-09,0.0,1
comprehension,own,neutral,3011,-1,0,1,0,aPaPaPrPrQ,B,gemma-26b-cw,google/gemma-4-26b-a4b-it,coreweave/bf16,0,1.0,CoreWeave,B,9.8e-06,1.9062554459321203e-09,0.0,1
comprehension,own,neutral,3011,1,0,0,0,aPrPaPrQaP,A,gemma-26b-cw,google/gemma-4-26b-a4b-it,coreweave/bf16,0,1.0,CoreWeave,A,1.14e-05,0.9999999748163368,0.0,0
comprehension,own,neutral,3011,1,0,1,0,aPaPrQaPrP,A,gemma-26b-cw,google/gemma-4-26b-a4b-it,coreweave/bf16,0,1.0,CoreWeave,A,1.14e-05,0.9999999643115031,8.352078144597849e-08,0
comprehension,own,neutral,3012,-1,0,0,0,rPaPrQaPaPrQ,B,gemma-26b-cw,google/gemma-4-26b-a4b-it,coreweave/bf16,0,1.0,CoreWeave,B,1.05e-05,3.0461875259562827e-09,0.0,1
comprehension,own,neutral,3012,-1,0,1,0,aPaPrQaPrPrQ,B,gemma-26b-cw,google/gemma-4-26b-a4b-it,coreweave/bf16,0,1.0,CoreWeave,B,1.05e-05,3.617437179805778e-09,0.0,1
comprehension,own,neutral,3012,1,0,0,0,rQaPaPrQrPaP,A,gemma-26b-cw,google/gemma-4-26b-a4b-it,coreweave/bf16,0,1.0,CoreWeave,A,1.05e-05,0.9999999850061376,1.0421541454559241e-07,0
comprehension,own,neutral,3012,1,0,1,0,aPaPrQrQrPaP,A,gemma-26b-cw,google/gemma-4-26b-a4b-it,coreweave/bf16,0,1.0,CoreWeave,A,1.05e-05,0.9999999835324638,1.0274174083366528e-07,0
comprehension,own,neutral,3020,-1,0,0,0,aPaPrPrPaP,B,gemma-26b-cw,google/gemma-4-26b-a4b-it,coreweave/bf16,0,1.0,CoreWeave,B,9.8e-06,3.3195469704615797e-09,0.0,1
comprehension,own,neutral,3020,-1,0,1,0,aPaPaPrPrP,B,gemma-26b-cw,google/gemma-4-26b-a4b-it,coreweave/bf16,0,1.0,CoreWeave,B,9.8e-06,2.26373437033788e-09,0.0,1
comprehension,own,neutral,3020,1,0,0,0,rPaPaPrPaP,A,gemma-26b-cw,google/gemma-4-26b-a4b-it,coreweave/bf16,0,1.0,CoreWeave,A,9.8e-06,0.9999999833383518,0.0,0
comprehension,own,neutral,3020,1,0,1,0,rPaPrPaPaP,A,gemma-26b-cw,google/gemma-4-26b-a4b-it,coreweave/bf16,0,1.0,CoreWeave,A,9.8e-06,0.9999999797445871,0.0,0
comprehension,own,neutral,3021,-1,0,0,0,rQaPrPrPaPaP,B,gemma-26b-cw,google/gemma-4-26b-a4b-it,coreweave/bf16,0,1.0,CoreWeave,B,1.05e-05,3.1923771105776416e-09,0.0,1
comprehension,own,neutral,3021,-1,0,1,0,aPaPrQaPrPrP,B,gemma-26b-cw,google/gemma-4-26b-a4b-it,coreweave/bf16,0,1.0,CoreWeave,B,1.05e-05,4.867793788461696e-09,0.0,1
comprehension,own,neutral,3021,1,0,0,0,aPaPrPrPrQaP,A,gemma-26b-cw,google/gemma-4-26b-a4b-it,coreweave/bf16,0,1.0,CoreWeave,A,1.05e-05,0.9999999807474997,9.995677698572367e-08,0
comprehension,own,neutral,3021,1,0,1,0,aPrPaPaPrPrQ,A,gemma-26b-cw,google/gemma-4-26b-a4b-it,coreweave/bf16,0,1.0,CoreWeave,A,1.05e-05,0.9999999861329442,1.0534222097875764e-07,0
comprehension,own,neutral,3030,-1,0,0,0,aPrPrPaPaPrP,B,gemma-26b-cw,google/gemma-4-26b-a4b-it,coreweave/bf16,0,1.0,CoreWeave,B,1.05e-05,3.4249206998304975e-09,0.0,1
comprehension,own,neutral,3030,-1,0,1,0,rPaPaPaPrPrP,B,gemma-26b-cw,google/gemma-4-26b-a4b-it,coreweave/bf16,0,1.0,CoreWeave,B,1.05e-05,3.3982677624508018e-09,0.0,1
comprehension,own,neutral,3030,1,0,0,0,aPaPaPrPrPrP,A,gemma-26b-cw,google/gemma-4-26b-a4b-it,coreweave/bf16,0,1.0,CoreWeave,A,1.05e-05,0.9999999817721011,0.0,0
comprehension,own,neutral,3030,1,0,1,0,rPaPrPaPaPrP,A,gemma-26b-cw,google/gemma-4-26b-a4b-it,coreweave/bf16,0,1.0,CoreWeave,A,1.05e-05,0.9999999839139339,1.0312321085963681e-07,0
comprehension,own,neutral,3100,-1,0,0,0,aPaQaPaP,B,gemma-26b-cw,google/gemma-4-26b-a4b-it,coreweave/bf16,0,1.0,CoreWeave,B,1.07e-05,2.2637343561498403e-09,0.0,1
comprehension,own,neutral,3100,-1,0,1,0,aQaPaPaP,B,gemma-26b-cw,google/gemma-4-26b-a4b-it,coreweave/bf16,0,1.0,CoreWeave,B,1.07e-05,1.3307807801974534e-09,0.0,1
comprehension,own,neutral,3100,1,0,0,0,aPaPaPaQ,A,gemma-26b-cw,google/gemma-4-26b-a4b-it,coreweave/bf16,0,1.0,CoreWeave,A,9.1e-06,0.9999999817007593,0.0,0
comprehension,own,neutral,3100,1,0,1,0,aPaPaPaQ,A,gemma-26b-cw,google/gemma-4-26b-a4b-it,coreweave/bf16,0,1.0,CoreWeave,A,1.07e-05,0.9999999732705507,9.247982846355762e-08,0
comprehension,own,neutral,3101,-1,0,0,0,rQaPaPaPaQ,B,gemma-26b-cw,google/gemma-4-26b-a4b-it,coreweave/bf16,0,1.0,CoreWeave,B,1.14e-05,2.1100324360868655e-09,0.0,1
comprehension,own,neutral,3101,-1,0,1,0,aQaPrQaPaP,B,gemma-26b-cw,google/gemma-4-26b-a4b-it,coreweave/bf16,0,1.0,CoreWeave,B,9.8e-06,2.1940865762180706e-09,0.0,0
comprehension,own,neutral,3101,1,0,0,0,aPrQaPaQaP,A,gemma-26b-cw,google/gemma-4-26b-a4b-it,coreweave/bf16,0,1.0,CoreWeave,A,9.8e-06,0.9999999725831838,9.179246169296472e-08,0
comprehension,own,neutral,3101,1,0,1,0,aPrQaPaQaP,A,gemma-26b-cw,google/gemma-4-26b-a4b-it,coreweave/bf16,0,1.0,CoreWeave,A,1.14e-05,0.9999999797445847,9.18712636396132e-08,0
comprehension,own,neutral,3102,-1,0,0,0,aPrQaPaPrQaQ,B,gemma-26b-cw,google/gemma-4-26b-a4b-it,coreweave/bf16,0,1.0,CoreWeave,B,1.05e-05,2.4097326715004107e-09,0.0,1
comprehension,own,neutral,3102,-1,0,1,0,aQrQrQaPaPaP,B,gemma-26b-cw,google/gemma-4-26b-a4b-it,coreweave/bf16,0,1.0,CoreWeave,B,1.05e-05,4.099093353603541e-09,0.0,0
comprehension,own,neutral,3102,1,0,0,0,aPaPaPaQrQrQ,A,gemma-26b-cw,google/gemma-4-26b-a4b-it,coreweave/bf16,0,1.0,CoreWeave,A,1.05e-05,0.9999999807474997,9.995677698572367e-08,0
comprehension,own,neutral,3102,1,0,1,0,aPaQrQrQaPaP,A,gemma-26b-cw,google/gemma-4-26b-a4b-it,coreweave/bf16,0,1.0,CoreWeave,A,1.21e-05,0.999999983009728,1.0221900517532748e-07,0
comprehension,own,neutral,3110,-1,0,0,0,aPaPaPaQrP,B,gemma-26b-cw,google/gemma-4-26b-a4b-it,coreweave/bf16,0,1.0,CoreWeave,B,9.8e-06,2.428632459123217e-09,0.0,1
comprehension,own,neutral,3110,-1,0,1,0,aPaQaPaPrP,B,gemma-26b-cw,google/gemma-4-26b-a4b-it,coreweave/bf16,0,1.0,CoreWeave,B,9.8e-06,2.6673309353242853e-09,0.0,1
comprehension,own,neutral,3110,1,0,0,0,aQaPrPaPaP,A,gemma-26b-cw,google/gemma-4-26b-a4b-it,coreweave/bf16,0,1.0,CoreWeave,A,1.14e-05,0.9999999647961114,8.400538977263624e-08,0
comprehension,own,neutral,3110,1,0,1,0,rPaPaPaPaQ,A,gemma-26b-cw,google/gemma-4-26b-a4b-it,coreweave/bf16,0,1.0,CoreWeave,A,9.8e-06,0.9999999699472724,8.915655040363119e-08,0
comprehension,own,neutral,3111,-1,0,0,0,aPaQrPrQaPaP,B,gemma-26b-cw,google/gemma-4-26b-a4b-it,coreweave/bf16,0,1.0,CoreWeave,B,1.05e-05,2.817262934408533e-09,0.0,1
comprehension,own,neutral,3111,-1,0,1,0,aPaPaQaPrQrP,B,gemma-26b-cw,google/gemma-4-26b-a4b-it,coreweave/bf16,0,1.0,CoreWeave,B,1.05e-05,2.6882510503456197e-09,0.0,1
comprehension,own,neutral,3111,1,0,0,0,aQaPaPrQaPrP,A,gemma-26b-cw,google/gemma-4-26b-a4b-it,coreweave/bf16,0,1.0,CoreWeave,A,1.05e-05,0.9999999766861626,0.0,0
comprehension,own,neutral,3111,1,0,1,0,aPaPrQrPaPaQ,A,gemma-26b-cw,google/gemma-4-26b-a4b-it,coreweave/bf16,0,1.0,CoreWeave,A,1.05e-05,0.9999999832731379,1.0248241489911948e-07,0
comprehension,own,neutral,3120,-1,0,0,0,aPrPaPrPaPaQ,B,gemma-26b-cw,google/gemma-4-26b-a4b-it,coreweave/bf16,0,1.0,CoreWeave,B,1.05e-05,4.26238269212472e-09,0.0,1
comprehension,own,neutral,3120,-1,0,1,0,aQrPaPaPaPrP,B,gemma-26b-cw,google/gemma-4-26b-a4b-it,coreweave/bf16,0,1.0,CoreWeave,B,1.05e-05,3.6174371953764026e-09,0.0,1
comprehension,own,neutral,3120,1,0,0,0,aQaPrPaPaPrP,A,gemma-26b-cw,google/gemma-4-26b-a4b-it,coreweave/bf16,0,1.0,CoreWeave,A,1.05e-05,0.9999999651382263,8.434750451660165e-08,0
comprehension,own,neutral,3120,1,0,1,0,rPaPaPrPaPaQ,A,gemma-26b-cw,google/gemma-4-26b-a4b-it,coreweave/bf16,0,1.0,CoreWeave,A,1.05e-05,0.9999999754716784,9.468095611041896e-08,0
comprehension,own,neutral,3200,-1,0,0,0,aQaPaPaQaP,B,gemma-26b-cw,google/gemma-4-26b-a4b-it,coreweave/bf16,0,1.0,CoreWeave,B,1.14e-05,2.795338803423811e-09,0.0,1
comprehension,own,neutral,3200,-1,0,1,0,aPaQaPaPaQ,B,gemma-26b-cw,google/gemma-4-26b-a4b-it,coreweave/bf16,0,1.0,CoreWeave,B,9.8e-06,2.0936120143926316e-09,0.0,1
comprehension,own,neutral,3200,1,0,0,0,aQaQaPaPaP,A,gemma-26b-cw,google/gemma-4-26b-a4b-it,coreweave/bf16,0,1.0,CoreWeave,A,9.8e-06,0.9999999841478541,0.0,0
comprehension,own,neutral,3200,1,0,1,0,aPaQaPaQaP,A,gemma-26b-cw,google/gemma-4-26b-a4b-it,coreweave/bf16,0,1.0,CoreWeave,A,9.8e-06,0.9999999828764737,0.0,0
comprehension,own,neutral,3201,-1,0,0,0,rQaQaQaPaPaP,B,gemma-26b-cw,google/gemma-4-26b-a4b-it,coreweave/bf16,0,1.0,CoreWeave,B,1.05e-05,4.718027492757815e-09,0.0,0
comprehension,own,neutral,3201,-1,0,1,0,aPaQaPaPaQrQ,B,gemma-26b-cw,google/gemma-4-26b-a4b-it,coreweave/bf16,0,1.0,CoreWeave,B,1.05e-05,2.9989607470302235e-09,0.0,1
comprehension,own,neutral,3201,1,0,0,0,aPaPaPaQaQrQ,A,gemma-26b-cw,google/gemma-4-26b-a4b-it,coreweave/bf16,0,1.0,CoreWeave,A,1.05e-05,0.9999999847700187,1.0397929559521391e-07,0
comprehension,own,neutral,3201,1,0,1,0,aQaPaPrQaQaP,A,gemma-26b-cw,google/gemma-4-26b-a4b-it,coreweave/bf16,0,1.0,CoreWeave,A,1.05e-05,0.9999999854674503,1.0467672714494603e-07,0
comprehension,own,neutral,3210,-1,0,0,0,rPaPaQaPaPaQ,B,gemma-26b-cw,google/gemma-4-26b-a4b-it,coreweave/bf16,0,1.0,CoreWeave,B,1.05e-05,4.099093341916996e-09,0.0,1
comprehension,own,neutral,3210,-1,0,1,0,aQaQaPaPaPrP,B,gemma-26b-cw,google/gemma-4-26b-a4b-it,coreweave/bf16,0,1.0,CoreWeave,B,1.05e-05,3.0941579974223375e-09,0.0,1
comprehension,own,neutral,3210,1,0,0,0,rPaQaPaQaPaP,A,gemma-26b-cw,google/gemma-4-26b-a4b-it,coreweave/bf16,0,1.0,CoreWeave,A,1.05e-05,0.9999999845904926,9.754939830379527e-08,0
comprehension,own,neutral,3210,1,0,1,0,aPaPaPrPaQaQ,A,gemma-26b-cw,google/gemma-4-26b-a4b-it,coreweave/bf16,0,1.0,CoreWeave,A,1.05e-05,0.9999999781840592,9.739333661218994e-08,0
comprehension,own,neutral,3300,-1,0,0,0,aPaQaPaQaQaP,B,gemma-26b-cw,google/gemma-4-26b-a4b-it,coreweave/bf16,0,1.0,CoreWeave,B,1.05e-05,3.5613540135719526e-09,0.0,1
comprehension,own,neutral,3300,-1,0,1,0,aQaQaPaPaQaP,B,gemma-26b-cw,google/gemma-4-26b-a4b-it,coreweave/bf16,0,1.0,CoreWeave,B,1.05e-05,2.6882510499396957e-09,0.0,1
comprehension,own,neutral,3300,1,0,0,0,aPaQaPaQaPaQ,A,gemma-26b-cw,google/gemma-4-26b-a4b-it,coreweave/bf16,0,1.0,CoreWeave,A,1.05e-05,0.9999999766861598,9.589543740782859e-08,0
comprehension,own,neutral,3300,1,0,1,0,aPaPaQaPaQaQ,A,gemma-26b-cw,google/gemma-4-26b-a4b-it,coreweave/bf16,0,1.0,CoreWeave,A,1.05e-05,0.9999999710985742,9.03078522160583e-08,0
comprehension,own,neutral,4000,-1,0,0,0,aPaPaPaP,B,gemma-26b-cw,google/gemma-4-26b-a4b-it,coreweave/bf16,0,1.0,CoreWeave,B,9.1e-06,3.561354017972391e-09,0.0,1
comprehension,own,neutral,4000,-1,0,1,0,aPaPaPaP,B,gemma-26b-cw,google/gemma-4-26b-a4b-it,coreweave/bf16,0,1.0,CoreWeave,B,1.07e-05,2.194086584743628e-09,0.0,1
comprehension,own,neutral,4000,1,0,0,0,aPaPaPaP,A,gemma-26b-cw,google/gemma-4-26b-a4b-it,coreweave/bf16,0,1.0,CoreWeave,A,1.07e-05,0.9999999914567558,0.0,0
comprehension,own,neutral,4000,1,0,1,0,aPaPaPaP,A,gemma-26b-cw,google/gemma-4-26b-a4b-it,coreweave/bf16,0,1.0,CoreWeave,A,1.07e-05,0.9999999877623676,0.0,0
comprehension,own,neutral,4001,-1,0,0,0,aPrQaPaPaP,B,gemma-26b-cw,google/gemma-4-26b-a4b-it,coreweave/bf16,0,1.0,CoreWeave,B,9.8e-06,2.353911288357441e-09,0.0,1
comprehension,own,neutral,4001,-1,0,1,0,aPrQaPaPaP,B,gemma-26b-cw,google/gemma-4-26b-a4b-it,coreweave/bf16,0,1.0,CoreWeave,B,9.8e-06,2.817262919946985e-09,0.0,0
comprehension,own,neutral,4001,1,0,0,0,aPaPrQaPaP,A,gemma-26b-cw,google/gemma-4-26b-a4b-it,coreweave/bf16,0,1.0,CoreWeave,A,1.14e-05,0.9999999892843711,0.0,0
comprehension,own,neutral,4001,1,0,1,0,aPaPaPrQaP,A,gemma-26b-cw,google/gemma-4-26b-a4b-it,coreweave/bf16,0,1.0,CoreWeave,A,9.8e-06,0.9999999845301815,1.0373945831241305e-07,0
comprehension,own,neutral,4002,-1,0,0,0,aPaPrQaPrQaP,B,gemma-26b-cw,google/gemma-4-26b-a4b-it,coreweave/bf16,0,1.0,CoreWeave,B,1.05e-05,3.398267744037274e-09,0.0,1
comprehension,own,neutral,4002,-1,0,1,0,aPrQaPaPrQaP,B,gemma-26b-cw,google/gemma-4-26b-a4b-it,coreweave/bf16,0,1.0,CoreWeave,B,1.05e-05,6.250370885399077e-09,0.0,0
comprehension,own,neutral,4002,1,0,0,0,aPrQaPaPaPrQ,A,gemma-26b-cw,google/gemma-4-26b-a4b-it,coreweave/bf16,0,1.0,CoreWeave,A,1.05e-05,0.9999999922212875,0.0,0
comprehension,own,neutral,4002,1,0,1,0,aPaPaPrQaPrQ,A,gemma-26b-cw,google/gemma-4-26b-a4b-it,coreweave/bf16,0,1.0,CoreWeave,A,1.05e-05,0.9999999795058202,9.871509752155239e-08,0
comprehension,own,neutral,4010,-1,0,0,0,aPrPaPaPaP,B,gemma-26b-cw,google/gemma-4-26b-a4b-it,coreweave/bf16,0,1.0,CoreWeave,B,9.8e-06,2.9756226799175413e-09,0.0,1
comprehension,own,neutral,4010,-1,0,1,0,aPaPaPaPrP,B,gemma-26b-cw,google/gemma-4-26b-a4b-it,coreweave/bf16,0,1.0,CoreWeave,B,9.8e-06,2.2993830012514102e-09,0.0,1
comprehension,own,neutral,4010,1,0,0,0,aPaPaPaPrP,A,gemma-26b-cw,google/gemma-4-26b-a4b-it,coreweave/bf16,0,1.0,CoreWeave,A,9.8e-06,0.9999999896140562,0.0,0
comprehension,own,neutral,4010,1,0,1,0,aPaPaPrPaP,A,gemma-26b-cw,google/gemma-4-26b-a4b-it,coreweave/bf16,0,1.0,CoreWeave,A,9.8e-06,0.9999999650700703,8.427934858360021e-08,0
comprehension,own,neutral,4011,-1,0,0,0,aPrPaPaPaPrQ,B,gemma-26b-cw,google/gemma-4-26b-a4b-it,coreweave/bf16,0,1.0,CoreWeave,B,1.05e-05,3.0941580181789684e-09,0.0,1
comprehension,own,neutral,4011,-1,0,1,0,aPaPaPrQrPaP,B,gemma-26b-cw,google/gemma-4-26b-a4b-it,coreweave/bf16,0,1.0,CoreWeave,B,1.21e-05,3.761539503768634e-09,0.0,0
comprehension,own,neutral,4011,1,0,0,0,aPaPrPaPrQaP,A,gemma-26b-cw,google/gemma-4-26b-a4b-it,coreweave/bf16,0,1.0,CoreWeave,A,1.05e-05,0.9999999846505685,1.038598453836239e-07,0
comprehension,own,neutral,4011,1,0,1,0,aPaPaPrQaPrP,A,gemma-26b-cw,google/gemma-4-26b-a4b-it,coreweave/bf16,0,1.0,CoreWeave,A,1.05e-05,0.9999999740929293,9.330220708817987e-08,0
comprehension,own,neutral,4020,-1,0,0,0,aPrPrPaPaPaP,B,gemma-26b-cw,google/gemma-4-26b-a4b-it,coreweave/bf16,0,1.0,CoreWeave,B,1.05e-05,3.1923771069688403e-09,0.0,1
comprehension,own,neutral,4020,-1,0,1,0,aPrPaPaPrPaP,B,gemma-26b-cw,google/gemma-4-26b-a4b-it,coreweave/bf16,0,1.0,CoreWeave,B,1.21e-05,2.3355930062833263e-09,0.0,1
comprehension,own,neutral,4020,1,0,0,0,rPaPaPrPaPaP,A,gemma-26b-cw,google/gemma-4-26b-a4b-it,coreweave/bf16,0,1.0,CoreWeave,A,1.05e-05,0.9999999759637132,0.0,0
comprehension,own,neutral,4020,1,0,1,0,rPaPrPaPaPaP,A,gemma-26b-cw,google/gemma-4-26b-a4b-it,coreweave/bf16,0,1.0,CoreWeave,A,1.05e-05,0.9999999789377005,9.814697798476414e-08,0
comprehension,own,neutral,4100,-1,0,0,0,aPaPaPaPaQ,B,gemma-26b-cw,google/gemma-4-26b-a4b-it,coreweave/bf16,0,1.0,CoreWeave,B,9.8e-06,2.4862258084591575e-09,0.0,1
comprehension,own,neutral,4100,-1,0,1,0,aPaPaPaPaQ,B,gemma-26b-cw,google/gemma-4-26b-a4b-it,coreweave/bf16,0,1.0,CoreWeave,B,9.8e-06,2.1100324360176458e-09,0.0,1
comprehension,own,neutral,4100,1,0,0,0,aPaQaPaPaP,A,gemma-26b-cw,google/gemma-4-26b-a4b-it,coreweave/bf16,0,1.0,CoreWeave,A,1.14e-05,0.9999999780986741,9.15273031488232e-08,0
comprehension,own,neutral,4100,1,0,1,0,aPaPaQaPaP,A,gemma-26b-cw,google/gemma-4-26b-a4b-it,coreweave/bf16,0,1.0,CoreWeave,A,9.8e-06,0.9999999729554724,9.216475020206302e-08,0
comprehension,own,neutral,4101,-1,0,0,0,aPaPrQaPaQaP,B,gemma-26b-cw,google/gemma-4-26b-a4b-it,coreweave/bf16,0,1.0,CoreWeave,B,1.05e-05,4.295812936240334e-09,0.0,1
comprehension,own,neutral,4101,-1,0,1,0,aQaPaPaPrQaP,B,gemma-26b-cw,google/gemma-4-26b-a4b-it,coreweave/bf16,0,1.0,CoreWeave,B,1.05e-05,4.5728696058710124e-09,9.798178435271865e-08,1
comprehension,own,neutral,4101,1,0,0,0,aPaPrQaQaPaP,A,gemma-26b-cw,google/gemma-4-26b-a4b-it,coreweave/bf16,0,1.0,CoreWeave,A,1.05e-05,0.9999999878576001,1.0706687683005513e-07,0
comprehension,own,neutral,4101,1,0,1,0,aQaPaPaPrQaP,A,gemma-26b-cw,google/gemma-4-26b-a4b-it,coreweave/bf16,0,1.0,CoreWeave,A,1.21e-05,0.9999999842865671,1.0349584414197441e-07,0
comprehension,own,neutral,4110,-1,0,0,0,aPaPaPaQaPrP,B,gemma-26b-cw,google/gemma-4-26b-a4b-it,coreweave/bf16,0,1.0,CoreWeave,B,1.05e-05,3.732266994065888e-09,0.0,1
comprehension,own,neutral,4110,-1,0,1,0,rPaQaPaPaPaP,B,gemma-26b-cw,google/gemma-4-26b-a4b-it,coreweave/bf16,0,1.0,CoreWeave,B,1.05e-05,3.1923771084377832e-09,0.0,1
comprehension,own,neutral,4110,1,0,0,0,rPaPaPaQaPaP,A,gemma-26b-cw,google/gemma-4-26b-a4b-it,coreweave/bf16,0,1.0,CoreWeave,A,1.21e-05,0.9999999578458845,7.705516303808304e-08,0
comprehension,own,neutral,4110,1,0,1,0,rPaPaPaQaPaP,A,gemma-26b-cw,google/gemma-4-26b-a4b-it,coreweave/bf16,0,1.0,CoreWeave,A,1.05e-05,0.9999999717680751,9.09773529616304e-08,0
comprehension,own,neutral,4200,-1,0,0,0,aQaPaPaPaQaP,B,gemma-26b-cw,google/gemma-4-26b-a4b-it,coreweave/bf16,0,1.0,CoreWeave,B,1.05e-05,4.501973308411654e-09,0.0,1
comprehension,own,neutral,4200,-1,0,1,0,aQaPaPaPaQaP,B,gemma-26b-cw,google/gemma-4-26b-a4b-it,coreweave/bf16,0,1.0,CoreWeave,B,1.05e-05,2.688251059528215e-09,0.0,0
comprehension,own,neutral,4200,1,0,0,0,aQaPaPaQaPaP,A,gemma-26b-cw,google/gemma-4-26b-a4b-it,coreweave/bf16,0,1.0,CoreWeave,A,1.05e-05,0.9999999791830838,9.83923611815449e-08,0
comprehension,own,neutral,4200,1,0,1,0,aQaPaPaPaPaQ,A,gemma-26b-cw,google/gemma-4-26b-a4b-it,coreweave/bf16,0,1.0,CoreWeave,A,1.05e-05,0.9999999764113437,9.562062126373147e-08,0
comprehension,own,neutral,5000,-1,0,0,0,aPaPaPaPaP,B,gemma-26b-cw,google/gemma-4-26b-a4b-it,coreweave/bf16,0,1.0,CoreWeave,B,1.14e-05,3.118425788099874e-09,0.0,1
comprehension,own,neutral,5000,-1,0,1,0,aPaPaPaPaP,B,gemma-26b-cw,google/gemma-4-26b-a4b-it,coreweave/bf16,0,1.0,CoreWeave,B,9.8e-06,1.531719292696805e-09,0.0,1
comprehension,own,neutral,5000,1,0,0,0,aPaPaPaPaP,A,gemma-26b-cw,google/gemma-4-26b-a4b-it,coreweave/bf16,0,1.0,CoreWeave,A,9.8e-06,0.9999999915892065,0.0,0
comprehension,own,neutral,5000,1,0,1,0,aPaPaPaPaP,A,gemma-26b-cw,google/gemma-4-26b-a4b-it,coreweave/bf16,0,1.0,CoreWeave,A,9.8e-06,0.9999999724220668,9.163134473913541e-08,0
comprehension,own,neutral,5001,-1,0,0,0,aPaPrQaPaPaP,B,gemma-26b-cw,google/gemma-4-26b-a4b-it,coreweave/bf16,0,1.0,CoreWeave,B,1.05e-05,3.911382194974583e-09,0.0,1
comprehension,own,neutral,5001,-1,0,1,0,aPrQaPaPaPaP,B,gemma-26b-cw,google/gemma-4-26b-a4b-it,coreweave/bf16,0,1.0,CoreWeave,B,1.05e-05,5.6910274939714465e-09,0.0,0
comprehension,own,neutral,5001,1,0,0,0,rQaPaPaPaPaP,A,gemma-26b-cw,google/gemma-4-26b-a4b-it,coreweave/bf16,0,1.0,CoreWeave,A,1.05e-05,0.9999999873739035,0.0,0
comprehension,own,neutral,5001,1,0,1,0,aPaPaPaPaPrQ,A,gemma-26b-cw,google/gemma-4-26b-a4b-it,coreweave/bf16,0,1.0,CoreWeave,A,1.05e-05,0.9999999865595871,2.2497811230700863e-07,0
comprehension,own,neutral,5010,-1,0,0,0,aPaPaPrPaPaP,B,gemma-26b-cw,google/gemma-4-26b-a4b-it,coreweave/bf16,0,1.0,CoreWeave,B,1.21e-05,3.3455825049938344e-09,0.0,1
comprehension,own,neutral,5010,-1,0,1,0,aPaPrPaPaPaP,B,gemma-26b-cw,google/gemma-4-26b-a4b-it,coreweave/bf16,0,1.0,CoreWeave,B,1.05e-05,2.299382992325417e-09,0.0,1
comprehension,own,neutral,5010,1,0,0,0,aPaPaPrPaPaP,A,gemma-26b-cw,google/gemma-4-26b-a4b-it,coreweave/bf16,0,1.0,CoreWeave,A,1.05e-05,0.9999999805965005,9.980577776966468e-08,0
comprehension,own,neutral,5010,1,0,1,0,aPaPaPaPaPrP,A,gemma-26b-cw,google/gemma-4-26b-a4b-it,coreweave/bf16,0,1.0,CoreWeave,A,1.05e-05,0.9999999726366801,9.18459578977255e-08,0
comprehension,own,neutral,5100,-1,0,0,0,aPaPaPaPaQaP,B,gemma-26b-cw,google/gemma-4-26b-a4b-it,coreweave/bf16,0,1.0,CoreWeave,B,1.05e-05,3.5613540160253124e-09,0.0,1
comprehension,own,neutral,5100,-1,0,1,0,aPaPaQaPaPaP,B,gemma-26b-cw,google/gemma-4-26b-a4b-it,coreweave/bf16,0,1.0,CoreWeave,B,1.05e-05,2.5651470869926993e-09,0.0,1
comprehension,own,neutral,5100,1,0,0,0,aQaPaPaPaPaP,A,gemma-26b-cw,google/gemma-4-26b-a4b-it,coreweave/bf16,0,1.0,CoreWeave,A,1.05e-05,0.9999999748900061,9.409928378248672e-08,0
comprehension,own,neutral,5100,1,0,1,0,aPaQaPaPaPaP,A,gemma-26b-cw,google/gemma-4-26b-a4b-it,coreweave/bf16,0,1.0,CoreWeave,A,1.05e-05,0.999999983009728,1.0221900517532748e-07,0
comprehension,own,neutral,6000,-1,0,0,0,aPaPaPaPaPaP,B,gemma-26b-cw,google/gemma-4-26b-a4b-it,coreweave/bf16,0,1.0,CoreWeave,B,1.05e-05,2.998960767622065e-09,0.0,1
comprehension,own,neutral,6000,-1,0,1,0,aPaPaPaPaPaP,B,gemma-26b-cw,google/gemma-4-26b-a4b-it,coreweave/bf16,0,1.0,CoreWeave,B,1.05e-05,2.3723732371117203e-09,0.0,0
comprehension,own,neutral,6000,1,0,0,0,aPaPaPaPaPaP,A,gemma-26b-cw,google/gemma-4-26b-a4b-it,coreweave/bf16,0,1.0,CoreWeave,A,1.05e-05,0.9999999920987906,0.0,0
comprehension,own,neutral,6000,1,0,1,0,aPaPaPaPaPaP,A,gemma-26b-cw,google/gemma-4-26b-a4b-it,coreweave/bf16,0,1.0,CoreWeave,A,1.05e-05,0.9999999839139357,0.0,0
comprehension,rival_majority,neutral,0001,-1,0,0,0,rQ,B,gemma-26b-cw,google/gemma-4-26b-a4b-it,coreweave/bf16,0,1.0,CoreWeave,B,8.9e-06,6.475946438062662e-07,6.766065419050449e-08,0
comprehension,rival_majority,neutral,0001,-1,0,1,0,rQ,B,gemma-26b-cw,google/gemma-4-26b-a4b-it,coreweave/bf16,0,1.0,CoreWeave,B,8.9e-06,4.222835458217392e-06,6.868095203671487e-08,0
comprehension,rival_majority,neutral,0001,1,0,0,0,rQ,B,gemma-26b-cw,google/gemma-4-26b-a4b-it,coreweave/bf16,0,1.0,CoreWeave,B,8.9e-06,1.1478765389514884e-05,6.804423625661471e-07,0
comprehension,rival_majority,neutral,0001,1,0,1,0,rQ,B,gemma-26b-cw,google/gemma-4-26b-a4b-it,coreweave/bf16,0,1.0,CoreWeave,B,8.9e-06,1.221907601955751e-05,1.7853902667397392e-07,0
comprehension,rival_majority,neutral,0002,-1,0,0,0,rQrQ,B,gemma-26b-cw,google/gemma-4-26b-a4b-it,coreweave/bf16,0,1.0,CoreWeave,B,9.6e-06,3.3982677963986225e-09,0.0,1
comprehension,rival_majority,neutral,0002,-1,0,1,0,rQrQ,B,gemma-26b-cw,google/gemma-4-26b-a4b-it,coreweave/bf16,0,1.0,CoreWeave,B,9.6e-06,3.880943625773254e-09,0.0,1
comprehension,rival_majority,neutral,0002,1,0,0,0,rQrQ,B,gemma-26b-cw,google/gemma-4-26b-a4b-it,coreweave/bf16,0,1.0,CoreWeave,B,9.6e-06,2.7305852150042873e-09,1.1647869047060055e-07,1
comprehension,rival_majority,neutral,0002,1,0,1,0,rQrQ,B,gemma-26b-cw,google/gemma-4-26b-a4b-it,coreweave/bf16,0,1.0,CoreWeave,B,9.6e-06,5.758112291930978e-09,1.1270991773226768e-07,1
comprehension,rival_majority,neutral,0003,-1,0,0,0,rQrQrQ,B,gemma-26b-cw,google/gemma-4-26b-a4b-it,coreweave/bf16,0,1.0,CoreWeave,B,8.7e-06,4.572869112671099e-09,0.0,1
comprehension,rival_majority,neutral,0003,-1,0,1,0,rQrQrQ,B,gemma-26b-cw,google/gemma-4-26b-a4b-it,coreweave/bf16,0,1.0,CoreWeave,B,8.7e-06,5.002734061905097e-09,0.0,1
comprehension,rival_majority,neutral,0003,1,0,0,0,rQrQrQ,B,gemma-26b-cw,google/gemma-4-26b-a4b-it,coreweave/bf16,0,1.0,CoreWeave,B,8.7e-06,4.329505475926725e-09,0.0,1
comprehension,rival_majority,neutral,0003,1,0,1,0,rQrQrQ,B,gemma-26b-cw,google/gemma-4-26b-a4b-it,coreweave/bf16,0,1.0,CoreWeave,B,1.03e-05,5.758111591794527e-09,0.0,1
comprehension,rival_majority,neutral,0004,-1,0,0,0,rQrQrQrQ,B,gemma-26b-cw,google/gemma-4-26b-a4b-it,coreweave/bf16,0,1.0,CoreWeave,B,9.4e-06,7.138147703582486e-09,0.0,1
comprehension,rival_majority,neutral,0004,-1,0,1,0,rQrQrQrQ,B,gemma-26b-cw,google/gemma-4-26b-a4b-it,coreweave/bf16,0,1.0,CoreWeave,B,9.4e-06,5.388156607662129e-09,0.0,1
comprehension,rival_majority,neutral,0004,1,0,0,0,rQrQrQrQ,B,gemma-26b-cw,google/gemma-4-26b-a4b-it,coreweave/bf16,0,1.0,CoreWeave,B,9.4e-06,3.1923771453537158e-09,0.0,1
comprehension,rival_majority,neutral,0004,1,0,1,0,rQrQrQrQ,B,gemma-26b-cw,google/gemma-4-26b-a4b-it,coreweave/bf16,0,1.0,CoreWeave,B,9.4e-06,4.363462203478381e-09,0.0,1
comprehension,rival_majority,neutral,0005,-1,0,0,0,rQrQrQrQrQ,B,gemma-26b-cw,google/gemma-4-26b-a4b-it,coreweave/bf16,0,1.0,CoreWeave,B,1.01e-05,7.3647368702073e-09,0.0,1
comprehension,rival_majority,neutral,0005,-1,0,1,0,rQrQrQrQrQ,B,gemma-26b-cw,google/gemma-4-26b-a4b-it,coreweave/bf16,0,1.0,CoreWeave,B,1.01e-05,3.4788553805419454e-09,0.0,1
comprehension,rival_majority,neutral,0005,1,0,0,0,rQrQrQrQrQ,B,gemma-26b-cw,google/gemma-4-26b-a4b-it,coreweave/bf16,0,1.0,CoreWeave,B,1.01e-05,2.6673309494366412e-09,0.0,1
comprehension,rival_majority,neutral,0005,1,0,1,0,rQrQrQrQrQ,B,gemma-26b-cw,google/gemma-4-26b-a4b-it,coreweave/bf16,0,1.0,CoreWeave,B,1.01e-05,3.022481933201437e-09,0.0,1
comprehension,rival_majority,neutral,0006,-1,0,0,0,rQrQrQrQrQrQ,B,gemma-26b-cw,google/gemma-4-26b-a4b-it,coreweave/bf16,0,1.0,CoreWeave,B,1.08e-05,2.0611536042603863e-09,0.0,1
comprehension,rival_majority,neutral,0006,-1,0,1,0,rQrQrQrQrQrQ,B,gemma-26b-cw,google/gemma-4-26b-a4b-it,coreweave/bf16,0,1.0,CoreWeave,B,1.08e-05,4.983230245160066e-09,0.0,1
comprehension,rival_majority,neutral,0006,1,0,0,0,rQrQrQrQrQrQ,B,gemma-26b-cw,google/gemma-4-26b-a4b-it,coreweave/bf16,0,1.0,CoreWeave,B,1.08e-05,1.6561834501301712e-09,0.0,1
comprehension,rival_majority,neutral,0006,1,0,1,0,rQrQrQrQrQrQ,B,gemma-26b-cw,google/gemma-4-26b-a4b-it,coreweave/bf16,0,1.0,CoreWeave,B,1.08e-05,2.372373258739269e-09,0.0,1
comprehension,rival_majority,neutral,0010,-1,0,0,0,rP,A,gemma-26b-cw,google/gemma-4-26b-a4b-it,coreweave/bf16,0,1.0,CoreWeave,A,8.9e-06,0.9999798543115529,7.155157625751815e-07,0
comprehension,rival_majority,neutral,0010,-1,0,1,0,rP,A,gemma-26b-cw,google/gemma-4-26b-a4b-it,coreweave/bf16,0,1.0,CoreWeave,A,8.9e-06,0.9999892166903487,4.2224258174894245e-07,0
comprehension,rival_majority,neutral,0010,1,0,0,0,rP,A,gemma-26b-cw,google/gemma-4-26b-a4b-it,coreweave/bf16,0,1.0,CoreWeave,A,8.9e-06,0.9999251537637807,6.075978629790972e-07,0
comprehension,rival_majority,neutral,0010,1,0,1,0,rP,A,gemma-26b-cw,google/gemma-4-26b-a4b-it,coreweave/bf16,0,1.0,CoreWeave,A,8.9e-06,0.9999516743503515,1.5014239840603082e-06,0
comprehension,rival_majority,neutral,0012,-1,0,0,0,rPrQrQ,B,gemma-26b-cw,google/gemma-4-26b-a4b-it,coreweave/bf16,0,1.0,CoreWeave,B,1.03e-05,2.9066927659811274e-09,9.429469127741896e-08,1
comprehension,rival_majority,neutral,0012,-1,0,1,0,rQrQrP,B,gemma-26b-cw,google/gemma-4-26b-a4b-it,coreweave/bf16,0,1.0,CoreWeave,B,8.7e-06,1.7603434035732117e-06,2.5506839806954673e-07,0
comprehension,rival_majority,neutral,0012,1,0,0,0,rPrQrQ,B,gemma-26b-cw,google/gemma-4-26b-a4b-it,coreweave/bf16,0,1.0,CoreWeave,B,1.03e-05,1.7629981009536737e-09,0.0,1
comprehension,rival_majority,neutral,0012,1,0,1,0,rQrQrP,B,gemma-26b-cw,google/gemma-4-26b-a4b-it,coreweave/bf16,0,1.0,CoreWeave,B,1.03e-05,2.1444943303118133e-05,2.5068276798823064e-07,0
comprehension,rival_majority,neutral,0013,-1,0,0,0,rPrQrQrQ,B,gemma-26b-cw,google/gemma-4-26b-a4b-it,coreweave/bf16,0,1.0,CoreWeave,B,9.4e-06,5.3881571267751925e-09,8.892084391032284e-08,1
comprehension,rival_majority,neutral,0013,-1,0,1,0,rPrQrQrQ,B,gemma-26b-cw,google/gemma-4-26b-a4b-it,coreweave/bf16,0,1.0,CoreWeave,B,1.1e-05,7.2222899120146634e-09,0.0,1
comprehension,rival_majority,neutral,0013,1,0,0,0,rQrPrQrQ,B,gemma-26b-cw,google/gemma-4-26b-a4b-it,coreweave/bf16,0,1.0,CoreWeave,B,1.1e-05,3.5336393592713923e-09,0.0,1
comprehension,rival_majority,neutral,0013,1,0,1,0,rPrQrQrQ,B,gemma-26b-cw,google/gemma-4-26b-a4b-it,coreweave/bf16,0,1.0,CoreWeave,B,1.1e-05,3.7322669800219014e-09,0.0,1
comprehension,rival_majority,neutral,0014,-1,0,0,0,rQrQrQrPrQ,B,gemma-26b-cw,google/gemma-4-26b-a4b-it,coreweave/bf16,0,1.0,CoreWeave,B,1.17e-05,4.0671939836412245e-09,0.0,1
comprehension,rival_majority,neutral,0014,-1,0,1,0,rQrPrQrQrQ,B,gemma-26b-cw,google/gemma-4-26b-a4b-it,coreweave/bf16,0,1.0,CoreWeave,B,1.17e-05,7.718177868750785e-09,0.0,0
comprehension,rival_majority,neutral,0014,1,0,0,0,rQrQrQrQrP,B,gemma-26b-cw,google/gemma-4-26b-a4b-it,coreweave/bf16,0,1.0,CoreWeave,B,1.01e-05,4.973506862691154e-09,0.0,0
comprehension,rival_majority,neutral,0014,1,0,1,0,rPrQrQrQrQ,B,gemma-26b-cw,google/gemma-4-26b-a4b-it,coreweave/bf16,0,1.0,CoreWeave,B,1.01e-05,5.848788591742102e-09,0.0,1
comprehension,rival_majority,neutral,0015,-1,0,0,0,rQrQrQrQrPrQ,B,gemma-26b-cw,google/gemma-4-26b-a4b-it,coreweave/bf16,0,1.0,CoreWeave,B,1.08e-05,4.067193996823452e-09,0.0,1
comprehension,rival_majority,neutral,0015,-1,0,1,0,rQrPrQrQrQrQ,B,gemma-26b-cw,google/gemma-4-26b-a4b-it,coreweave/bf16,0,1.0,CoreWeave,B,1.08e-05,8.883568316703185e-09,0.0,0
comprehension,rival_majority,neutral,0015,1,0,0,0,rQrQrQrQrQrP,B,gemma-26b-cw,google/gemma-4-26b-a4b-it,coreweave/bf16,0,1.0,CoreWeave,B,1.08e-05,2.390980011260579e-09,0.0,0
comprehension,rival_majority,neutral,0015,1,0,1,0,rPrQrQrQrQrQ,B,gemma-26b-cw,google/gemma-4-26b-a4b-it,coreweave/bf16,0,1.0,CoreWeave,B,1.08e-05,3.4788553528609045e-09,0.0,1
comprehension,rival_majority,neutral,0020,-1,0,0,0,rPrP,A,gemma-26b-cw,google/gemma-4-26b-a4b-it,coreweave/bf16,0,1.0,CoreWeave,A,9.6e-06,0.9999999067050387,2.64332811198294e-07,0
comprehension,rival_majority,neutral,0020,-1,0,1,0,rPrP,A,gemma-26b-cw,google/gemma-4-26b-a4b-it,coreweave/bf16,0,1.0,CoreWeave,A,9.6e-06,0.999999961711832,8.09211104798519e-08,0
comprehension,rival_majority,neutral,0020,1,0,0,0,rPrP,A,gemma-26b-cw,google/gemma-4-26b-a4b-it,coreweave/bf16,0,1.0,CoreWeave,A,9.6e-06,0.9999999295772752,1.6799580940077243e-07,0
comprehension,rival_majority,neutral,0020,1,0,1,0,rPrP,A,gemma-26b-cw,google/gemma-4-26b-a4b-it,coreweave/bf16,0,1.0,CoreWeave,A,9.6e-06,0.9999999625987764,8.180805486354344e-08,0
comprehension,rival_majority,neutral,0021,-1,0,0,0,rPrPrQ,A,gemma-26b-cw,google/gemma-4-26b-a4b-it,coreweave/bf16,0,1.0,CoreWeave,A,8.7e-06,0.9999822214502593,1.1753884869063724e-06,0
comprehension,rival_majority,neutral,0021,-1,0,1,0,rQrPrP,A,gemma-26b-cw,google/gemma-4-26b-a4b-it,coreweave/bf16,0,1.0,CoreWeave,A,8.7e-06,0.999999945154726,1.8357325833881028e-07,0
comprehension,rival_majority,neutral,0021,1,0,0,0,rPrPrQ,A,gemma-26b-cw,google/gemma-4-26b-a4b-it,coreweave/bf16,0,1.0,CoreWeave,A,1.03e-05,0.9999993524052019,3.0607880692195927e-07,0
comprehension,rival_majority,neutral,0021,1,0,1,0,rPrQrP,A,gemma-26b-cw,google/gemma-4-26b-a4b-it,coreweave/bf16,0,1.0,CoreWeave,A,1.03e-05,0.9999998959219508,2.535497250758936e-07,0
comprehension,rival_majority,neutral,0023,-1,0,0,0,rPrQrQrQrP,B,gemma-26b-cw,google/gemma-4-26b-a4b-it,coreweave/bf16,0,1.0,CoreWeave,B,1.01e-05,7.006922775263867e-09,0.0,0
comprehension,rival_majority,neutral,0023,-1,0,1,0,rQrQrPrQrP,B,gemma-26b-cw,google/gemma-4-26b-a4b-it,coreweave/bf16,0,1.0,CoreWeave,B,1.01e-05,2.0980182558303826e-08,0.0,0
comprehension,rival_majority,neutral,0023,1,0,0,0,rPrQrPrQrQ,B,gemma-26b-cw,google/gemma-4-26b-a4b-it,coreweave/bf16,0,1.0,CoreWeave,B,1.01e-05,2.2286384151091237e-09,0.0,1
comprehension,rival_majority,neutral,0023,1,0,1,0,rQrQrQrPrP,B,gemma-26b-cw,google/gemma-4-26b-a4b-it,coreweave/bf16,0,1.0,CoreWeave,B,1.01e-05,3.120191137852938e-05,2.6835947197767496e-07,0
comprehension,rival_majority,neutral,0024,-1,0,0,0,rQrQrQrPrPrQ,B,gemma-26b-cw,google/gemma-4-26b-a4b-it,coreweave/bf16,0,1.0,CoreWeave,B,1.08e-05,2.0494177163332352e-08,0.0,0
comprehension,rival_majority,neutral,0024,-1,0,1,0,rQrQrPrQrQrP,B,gemma-26b-cw,google/gemma-4-26b-a4b-it,coreweave/bf16,0,1.0,CoreWeave,B,1.08e-05,1.1954147763567715e-08,0.0,0
comprehension,rival_majority,neutral,0024,1,0,0,0,rQrPrQrQrQrP,B,gemma-26b-cw,google/gemma-4-26b-a4b-it,coreweave/bf16,0,1.0,CoreWeave,B,1.24e-05,3.717716278778433e-09,0.0,1
comprehension,rival_majority,neutral,0024,1,0,1,0,rQrQrPrPrQrQ,B,gemma-26b-cw,google/gemma-4-26b-a4b-it,coreweave/bf16,0,1.0,CoreWeave,B,1.08e-05,2.0816918001083667e-08,1.845951468348872e-07,0
comprehension,rival_majority,neutral,0030,-1,0,0,0,rPrPrP,A,gemma-26b-cw,google/gemma-4-26b-a4b-it,coreweave/bf16,0,1.0,CoreWeave,A,1.03e-05,0.9999999823329127,1.015421897551908e-07,0
comprehension,rival_majority,neutral,0030,-1,0,1,0,rPrPrP,A,gemma-26b-cw,google/gemma-4-26b-a4b-it,coreweave/bf16,0,1.0,CoreWeave,A,1.03e-05,0.9999999880458506,1.0725512727025836e-07,0
comprehension,rival_majority,neutral,0030,1,0,0,0,rPrPrP,A,gemma-26b-cw,google/gemma-4-26b-a4b-it,coreweave/bf16,0,1.0,CoreWeave,A,8.7e-06,0.9999999807474997,9.995677698572367e-08,0
comprehension,rival_majority,neutral,0030,1,0,1,0,rPrPrP,A,gemma-26b-cw,google/gemma-4-26b-a4b-it,coreweave/bf16,0,1.0,CoreWeave,A,1.03e-05,0.9999999825387426,0.0,0
comprehension,rival_majority,neutral,0031,-1,0,0,0,rQrPrPrP,A,gemma-26b-cw,google/gemma-4-26b-a4b-it,coreweave/bf16,0,1.0,CoreWeave,A,9.4e-06,0.9999999799414263,2.183599528981088e-07,0
comprehension,rival_majority,neutral,0031,-1,0,1,0,rPrPrPrQ,A,gemma-26b-cw,google/gemma-4-26b-a4b-it,coreweave/bf16,0,1.0,CoreWeave,A,1.1e-05,0.9999999715466426,3.291743997702447e-07,0
comprehension,rival_majority,neutral,0031,1,0,0,0,rPrPrPrQ,A,gemma-26b-cw,google/gemma-4-26b-a4b-it,coreweave/bf16,0,1.0,CoreWeave,A,9.4e-06,0.9999999713234835,2.0974201179339216e-07,0
comprehension,rival_majority,neutral,0031,1,0,1,0,rQrPrPrP,A,gemma-26b-cw,google/gemma-4-26b-a4b-it,coreweave/bf16,0,1.0,CoreWeave,A,1.1e-05,0.99999997843822,2.168567469151279e-07,0
comprehension,rival_majority,neutral,0032,-1,0,0,0,rPrPrPrQrQ,A,gemma-26b-cw,google/gemma-4-26b-a4b-it,coreweave/bf16,0,1.0,CoreWeave,A,1.01e-05,0.9999798543139543,5.963125905753105e-07,0
comprehension,rival_majority,neutral,0032,-1,0,1,0,rPrQrQrPrP,A,gemma-26b-cw,google/gemma-4-26b-a4b-it,coreweave/bf16,0,1.0,CoreWeave,A,1.01e-05,0.999999965138218,3.227659770367538e-07,0
comprehension,rival_majority,neutral,0032,1,0,0,0,rPrQrQrPrP,A,gemma-26b-cw,google/gemma-4-26b-a4b-it,coreweave/bf16,0,1.0,CoreWeave,A,1.01e-05,0.9999998257020798,1.8332985959280422e-07,0
comprehension,rival_majority,neutral,0032,1,0,1,0,rQrQrPrPrP,A,gemma-26b-cw,google/gemma-4-26b-a4b-it,coreweave/bf16,0,1.0,CoreWeave,A,1.01e-05,0.9999999685664581,3.261942161511351e-07,0
comprehension,rival_majority,neutral,0040,-1,0,0,0,rPrPrPrP,A,gemma-26b-cw,google/gemma-4-26b-a4b-it,coreweave/bf16,0,1.0,CoreWeave,A,9.4e-06,0.9999999848589959,1.0406827282772894e-07,0
comprehension,rival_majority,neutral,0040,-1,0,1,0,rPrPrPrP,A,gemma-26b-cw,google/gemma-4-26b-a4b-it,coreweave/bf16,0,1.0,CoreWeave,A,9.4e-06,0.9999999882311826,1.0744045915790313e-07,0
comprehension,rival_majority,neutral,0040,1,0,0,0,rPrPrPrP,A,gemma-26b-cw,google/gemma-4-26b-a4b-it,coreweave/bf16,0,1.0,CoreWeave,A,9.4e-06,0.9999999847700205,0.0,0
comprehension,rival_majority,neutral,0040,1,0,1,0,rPrPrPrP,A,gemma-26b-cw,google/gemma-4-26b-a4b-it,coreweave/bf16,0,1.0,CoreWeave,A,1.1e-05,0.999999981772099,1.0098137625815301e-07,0
comprehension,rival_majority,neutral,0041,-1,0,0,0,rPrQrPrPrP,A,gemma-26b-cw,google/gemma-4-26b-a4b-it,coreweave/bf16,0,1.0,CoreWeave,A,1.17e-05,0.9999999808973239,1.0010660111656065e-07,0
comprehension,rival_majority,neutral,0041,-1,0,1,0,rPrQrPrPrP,A,gemma-26b-cw,google/gemma-4-26b-a4b-it,coreweave/bf16,0,1.0,CoreWeave,A,1.01e-05,0.999999981008924,2.194274504869492e-07,0
comprehension,rival_majority,neutral,0041,1,0,0,0,rQrPrPrPrP,A,gemma-26b-cw,google/gemma-4-26b-a4b-it,coreweave/bf16,0,1.0,CoreWeave,A,1.01e-05,0.9999999702973973,8.950667525432958e-08,0
comprehension,rival_majority,neutral,0041,1,0,1,0,rPrPrPrPrQ,A,gemma-26b-cw,google/gemma-4-26b-a4b-it,coreweave/bf16,0,1.0,CoreWeave,A,1.01e-05,0.9999999842250646,2.22643590429357e-07,0
comprehension,rival_majority,neutral,0042,-1,0,0,0,rQrPrPrPrPrQ,A,gemma-26b-cw,google/gemma-4-26b-a4b-it,coreweave/bf16,0,1.0,CoreWeave,A,1.08e-05,0.9999999736849523,9.289423012701599e-08,0
comprehension,rival_majority,neutral,0042,-1,0,1,0,rPrPrQrPrPrQ,A,gemma-26b-cw,google/gemma-4-26b-a4b-it,coreweave/bf16,0,1.0,CoreWeave,A,1.08e-05,0.9999999815932181,2.2001174433917645e-07,0
comprehension,rival_majority,neutral,0042,1,0,0,0,rQrPrPrPrPrQ,A,gemma-26b-cw,google/gemma-4-26b-a4b-it,coreweave/bf16,0,1.0,CoreWeave,A,1.08e-05,0.9999999582759153,1.9669444573072124e-07,0
comprehension,rival_majority,neutral,0042,1,0,1,0,rQrPrPrPrQrP,A,gemma-26b-cw,google/gemma-4-26b-a4b-it,coreweave/bf16,0,1.0,CoreWeave,A,1.08e-05,0.9999999701811411,2.0859966948275046e-07,0
comprehension,rival_majority,neutral,0050,-1,0,0,0,rPrPrPrPrP,A,gemma-26b-cw,google/gemma-4-26b-a4b-it,coreweave/bf16,0,1.0,CoreWeave,A,1.01e-05,0.9999999879049403,0.0,0
comprehension,rival_majority,neutral,0050,-1,0,1,0,rPrPrPrPrP,A,gemma-26b-cw,google/gemma-4-26b-a4b-it,coreweave/bf16,0,1.0,CoreWeave,A,1.01e-05,0.9999999913897492,1.1059902548695807e-07,0
comprehension,rival_majority,neutral,0050,1,0,0,0,rPrPrPrPrP,A,gemma-26b-cw,google/gemma-4-26b-a4b-it,coreweave/bf16,0,1.0,CoreWeave,A,1.01e-05,0.999999982410383,0.0,0
comprehension,rival_majority,neutral,0050,1,0,1,0,rPrPrPrPrP,A,gemma-26b-cw,google/gemma-4-26b-a4b-it,coreweave/bf16,0,1.0,CoreWeave,A,1.01e-05,0.9999999798235555,0.0,0
comprehension,rival_majority,neutral,0051,-1,0,0,0,rPrQrPrPrPrP,A,gemma-26b-cw,google/gemma-4-26b-a4b-it,coreweave/bf16,0,1.0,CoreWeave,A,1.08e-05,0.9999999841633251,1.0337260217364204e-07,0
comprehension,rival_majority,neutral,0051,-1,0,1,0,rPrPrPrPrQrP,A,gemma-26b-cw,google/gemma-4-26b-a4b-it,coreweave/bf16,0,1.0,CoreWeave,A,1.08e-05,0.9999999844696323,2.2288815807869997e-07,0
comprehension,rival_majority,neutral,0051,1,0,0,0,rPrPrPrQrPrP,A,gemma-26b-cw,google/gemma-4-26b-a4b-it,coreweave/bf16,0,1.0,CoreWeave,A,1.08e-05,0.9999999844544604,1.0366373738134794e-07,0
comprehension,rival_majority,neutral,0051,1,0,1,0,rPrPrPrPrQrP,A,gemma-26b-cw,google/gemma-4-26b-a4b-it,coreweave/bf16,0,1.0,CoreWeave,A,1.08e-05,0.9999999840391166,1.0324839360657212e-07,0
comprehension,rival_majority,neutral,0060,-1,0,0,0,rPrPrPrPrPrP,A,gemma-26b-cw,google/gemma-4-26b-a4b-it,coreweave/bf16,0,1.0,CoreWeave,A,1.08e-05,0.99999998813888,0.0,0
comprehension,rival_majority,neutral,0060,-1,0,1,0,rPrPrPrPrPrP,A,gemma-26b-cw,google/gemma-4-26b-a4b-it,coreweave/bf16,0,1.0,CoreWeave,A,1.08e-05,0.9999999903192359,0.0,0
comprehension,rival_majority,neutral,0060,1,0,0,0,rPrPrPrPrPrP,A,gemma-26b-cw,google/gemma-4-26b-a4b-it,coreweave/bf16,0,1.0,CoreWeave,A,1.08e-05,0.9999999815076411,0.0,0
comprehension,rival_majority,neutral,0060,1,0,1,0,rPrPrPrPrPrP,A,gemma-26b-cw,google/gemma-4-26b-a4b-it,coreweave/bf16,0,1.0,CoreWeave,A,1.08e-05,0.9999999840391166,1.0324839360657212e-07,0
comprehension,rival_majority,neutral,0101,-1,0,0,0,aQrQ,B,gemma-26b-cw,google/gemma-4-26b-a4b-it,coreweave/bf16,0,1.0,CoreWeave,B,9.6e-06,4.832564946512385e-05,5.204101547151563e-05,0
comprehension,rival_majority,neutral,0101,-1,0,1,0,aQrQ,B,gemma-26b-cw,google/gemma-4-26b-a4b-it,coreweave/bf16,0,1.0,CoreWeave,B,8e-06,0.00010889688336837233,4.3395924740341485e-06,0
comprehension,rival_majority,neutral,0101,1,0,0,0,rQaQ,B,gemma-26b-cw,google/gemma-4-26b-a4b-it,coreweave/bf16,0,1.0,CoreWeave,B,8e-06,7.48462451400058e-05,7.267835998581162e-07,0
comprehension,rival_majority,neutral,0101,1,0,1,0,rQaQ,B,gemma-26b-cw,google/gemma-4-26b-a4b-it,coreweave/bf16,0,1.0,CoreWeave,B,8e-06,0.0003799844870485301,1.816928423603592e-06,0
comprehension,rival_majority,neutral,0102,-1,0,0,0,rQaQrQ,B,gemma-26b-cw,google/gemma-4-26b-a4b-it,coreweave/bf16,0,1.0,CoreWeave,B,8.7e-06,3.807016237073977e-07,9.149046054091059e-08,0
comprehension,rival_majority,neutral,0102,-1,0,1,0,rQaQrQ,B,gemma-26b-cw,google/gemma-4-26b-a4b-it,coreweave/bf16,0,1.0,CoreWeave,B,8.7e-06,1.3709567091195331e-06,1.7333143520481542e-07,0
comprehension,rival_majority,neutral,0102,1,0,0,0,rQaQrQ,B,gemma-26b-cw,google/gemma-4-26b-a4b-it,coreweave/bf16,0,1.0,CoreWeave,B,8.7e-06,5.658624977052757e-08,1.8183228278623176e-07,0
comprehension,rival_majority,neutral,0102,1,0,1,0,aQrQrQ,B,gemma-26b-cw,google/gemma-4-26b-a4b-it,coreweave/bf16,0,1.0,CoreWeave,B,8.7e-06,3.7110169340080986e-08,2.0130836042575595e-07,0
comprehension,rival_majority,neutral,0103,-1,0,0,0,aQrQrQrQ,B,gemma-26b-cw,google/gemma-4-26b-a4b-it,coreweave/bf16,0,1.0,CoreWeave,B,9.4e-06,4.262382722387102e-09,0.0,1
comprehension,rival_majority,neutral,0103,-1,0,1,0,rQrQrQaQ,B,gemma-26b-cw,google/gemma-4-26b-a4b-it,coreweave/bf16,0,1.0,CoreWeave,B,9.4e-06,2.590706743878091e-08,0.0,0
comprehension,rival_majority,neutral,0103,1,0,0,0,rQaQrQrQ,B,gemma-26b-cw,google/gemma-4-26b-a4b-it,coreweave/bf16,0,1.0,CoreWeave,B,9.4e-06,6.2138548275842966e-09,0.0,1
comprehension,rival_majority,neutral,0103,1,0,1,0,rQrQrQaQ,B,gemma-26b-cw,google/gemma-4-26b-a4b-it,coreweave/bf16,0,1.0,CoreWeave,B,9.4e-06,4.9162980282351076e-08,7.004629853923916e-08,0
comprehension,rival_majority,neutral,0104,-1,0,0,0,rQrQrQrQaQ,B,gemma-26b-cw,google/gemma-4-26b-a4b-it,coreweave/bf16,0,1.0,CoreWeave,B,1.01e-05,5.409245296398249e-09,0.0,0
comprehension,rival_majority,neutral,0104,-1,0,1,0,rQrQrQaQrQ,B,gemma-26b-cw,google/gemma-4-26b-a4b-it,coreweave/bf16,0,1.0,CoreWeave,B,1.01e-05,4.4763402811957575e-08,6.710985100966127e-08,0
comprehension,rival_majority,neutral,0104,1,0,0,0,rQrQaQrQrQ,B,gemma-26b-cw,google/gemma-4-26b-a4b-it,coreweave/bf16,0,1.0,CoreWeave,B,1.01e-05,3.458531078119807e-09,0.0,1
comprehension,rival_majority,neutral,0104,1,0,1,0,rQaQrQrQrQ,B,gemma-26b-cw,google/gemma-4-26b-a4b-it,coreweave/bf16,0,1.0,CoreWeave,B,1.01e-05,6.513036531587874e-08,4.462240343894308e-08,0
comprehension,rival_majority,neutral,0105,-1,0,0,0,rQrQrQrQaQrQ,B,gemma-26b-cw,google/gemma-4-26b-a4b-it,coreweave/bf16,0,1.0,CoreWeave,B,1.08e-05,5.202020339763202e-09,0.0,0
comprehension,rival_majority,neutral,0105,-1,0,1,0,rQrQrQrQrQaQ,B,gemma-26b-cw,google/gemma-4-26b-a4b-it,coreweave/bf16,0,1.0,CoreWeave,B,1.08e-05,6.667488753343794e-08,4.6332660597059316e-08,0
comprehension,rival_majority,neutral,0105,1,0,0,0,rQrQrQrQrQaQ,B,gemma-26b-cw,google/gemma-4-26b-a4b-it,coreweave/bf16,0,1.0,CoreWeave,B,1.08e-05,3.4517827269863827e-09,0.0,1
comprehension,rival_majority,neutral,0105,1,0,1,0,aQrQrQrQrQrQ,B,gemma-26b-cw,google/gemma-4-26b-a4b-it,coreweave/bf16,0,1.0,CoreWeave,B,1.08e-05,3.682136658811709e-08,0.0,0
comprehension,rival_majority,neutral,0110,-1,0,0,0,rPaQ,A,gemma-26b-cw,google/gemma-4-26b-a4b-it,coreweave/bf16,0,1.0,CoreWeave,A,9.6e-06,0.9986749773635758,2.085232122600914e-05,0
comprehension,rival_majority,neutral,0110,-1,0,1,0,rPaQ,A,gemma-26b-cw,google/gemma-4-26b-a4b-it,coreweave/bf16,0,1.0,CoreWeave,A,8e-06,0.9997694932294174,4.281374019062624e-06,0
comprehension,rival_majority,neutral,0110,1,0,0,0,aQrP,A,gemma-26b-cw,google/gemma-4-26b-a4b-it,coreweave/bf16,0,1.0,CoreWeave,A,8e-06,0.9994472212629358,4.0911108180085904e-05,0
comprehension,rival_majority,neutral,0110,1,0,1,0,rPaQ,A,gemma-26b-cw,google/gemma-4-26b-a4b-it,coreweave/bf16,0,1.0,CoreWeave,A,8e-06,0.9995694429594458,4.607825004418248e-06,0
comprehension,rival_majority,neutral,0112,-1,0,0,0,rPrQrQaQ,B,gemma-26b-cw,google/gemma-4-26b-a4b-it,coreweave/bf16,0,1.0,CoreWeave,B,9.4e-06,1.1229885029189205e-08,1.939233053027678e-07,0
comprehension,rival_majority,neutral,0112,-1,0,1,0,aQrQrPrQ,B,gemma-26b-cw,google/gemma-4-26b-a4b-it,coreweave/bf16,0,1.0,CoreWeave,B,1.1e-05,5.203569744339596e-07,1.8207344565368544e-07,0
comprehension,rival_majority,neutral,0112,1,0,0,0,rQaQrPrQ,B,gemma-26b-cw,google/gemma-4-26b-a4b-it,coreweave/bf16,0,1.0,CoreWeave,B,9.4e-06,7.734422165890955e-08,3.3454262693410897e-08,0
comprehension,rival_majority,neutral,0112,1,0,1,0,rPaQrQrQ,B,gemma-26b-cw,google/gemma-4-26b-a4b-it,coreweave/bf16,0,1.0,CoreWeave,B,9.4e-06,1.7429791664919456e-07,1.6283568182728914e-07,0
comprehension,rival_majority,neutral,0113,-1,0,0,0,rQrQaQrQrP,B,gemma-26b-cw,google/gemma-4-26b-a4b-it,coreweave/bf16,0,1.0,CoreWeave,B,1.01e-05,2.1691722889873212e-07,1.0183335619196043e-08,0
comprehension,rival_majority,neutral,0113,-1,0,1,0,rPrQaQrQrQ,B,gemma-26b-cw,google/gemma-4-26b-a4b-it,coreweave/bf16,0,1.0,CoreWeave,B,1.01e-05,5.7477345735710147e-08,4.601850100982574e-08,0
comprehension,rival_majority,neutral,0113,1,0,0,0,aQrQrQrPrQ,B,gemma-26b-cw,google/gemma-4-26b-a4b-it,coreweave/bf16,0,1.0,CoreWeave,B,1.17e-05,1.95556830366446e-08,9.965359426544751e-08,0
comprehension,rival_majority,neutral,0113,1,0,1,0,aQrPrQrQrQ,B,gemma-26b-cw,google/gemma-4-26b-a4b-it,coreweave/bf16,0,1.0,CoreWeave,B,1.01e-05,1.349301393390028e-08,0.0,0
comprehension,rival_majority,neutral,0114,-1,0,0,0,rPrQrQrQrQaQ,B,gemma-26b-cw,google/gemma-4-26b-a4b-it,coreweave/bf16,0,1.0,CoreWeave,B,1.08e-05,5.283940222817372e-09,0.0,1
comprehension,rival_majority,neutral,0114,-1,0,1,0,rQaQrPrQrQrQ,B,gemma-26b-cw,google/gemma-4-26b-a4b-it,coreweave/bf16,0,1.0,CoreWeave,B,1.08e-05,1.1610742379666697e-07,0.0,0
comprehension,rival_majority,neutral,0114,1,0,0,0,rQrPrQrQrQaQ,B,gemma-26b-cw,google/gemma-4-26b-a4b-it,coreweave/bf16,0,1.0,CoreWeave,B,1.08e-05,4.896399797330667e-09,0.0,0
comprehension,rival_majority,neutral,0114,1,0,1,0,rQrQaQrPrQrQ,B,gemma-26b-cw,google/gemma-4-26b-a4b-it,coreweave/bf16,0,1.0,CoreWeave,B,1.08e-05,7.153171189638447e-08,3.745264143262261e-08,0
comprehension,rival_majority,neutral,0120,-1,0,0,0,rPaQrP,A,gemma-26b-cw,google/gemma-4-26b-a4b-it,coreweave/bf16,0,1.0,CoreWeave,A,8.7e-06,0.9999995262096115,1.2225576901413369e-07,0
comprehension,rival_majority,neutral,0120,-1,0,1,0,aQrPrP,A,gemma-26b-cw,google/gemma-4-26b-a4b-it,coreweave/bf16,0,1.0,CoreWeave,A,8.7e-06,0.9999999760398763,9.524915401338742e-08,0
comprehension,rival_majority,neutral,0120,1,0,0,0,rPrPaQ,A,gemma-26b-cw,google/gemma-4-26b-a4b-it,coreweave/bf16,0,1.0,CoreWeave,A,1.03e-05,0.9999996310113279,1.0784829847207547e-07,0
comprehension,rival_majority,neutral,0120,1,0,1,0,rPaQrP,A,gemma-26b-cw,google/gemma-4-26b-a4b-it,coreweave/bf16,0,1.0,CoreWeave,A,8.7e-06,0.9999997383478233,2.151848103757153e-07,0
comprehension,rival_majority,neutral,0121,-1,0,0,0,aQrPrQrP,A,gemma-26b-cw,google/gemma-4-26b-a4b-it,coreweave/bf16,0,1.0,CoreWeave,A,9.4e-06,0.9999960330136123,9.205743681449768e-07,0
comprehension,rival_majority,neutral,0121,-1,0,1,0,aQrQrPrP,A,gemma-26b-cw,google/gemma-4-26b-a4b-it,coreweave/bf16,0,1.0,CoreWeave,A,9.4e-06,0.9999993723295117,4.452122532059031e-07,0
comprehension,rival_majority,neutral,0121,1,0,0,0,aQrPrQrP,A,gemma-26b-cw,google/gemma-4-26b-a4b-it,coreweave/bf16,0,1.0,CoreWeave,A,1.1e-05,0.9999251537370399,4.779557598947798e-06,0
comprehension,rival_majority,neutral,0121,1,0,1,0,rPaQrPrQ,A,gemma-26b-cw,google/gemma-4-26b-a4b-it,coreweave/bf16,0,1.0,CoreWeave,A,9.4e-06,0.9998911030646828,1.9556241666746213e-06,0
comprehension,rival_majority,neutral,0123,-1,0,0,0,rQrPaQrQrQrP,B,gemma-26b-cw,google/gemma-4-26b-a4b-it,coreweave/bf16,0,1.0,CoreWeave,B,1.08e-05,1.7983070578466242e-07,4.7955585724679395e-08,0
comprehension,rival_majority,neutral,0123,-1,0,1,0,rQrPaQrQrQrP,B,gemma-26b-cw,google/gemma-4-26b-a4b-it,coreweave/bf16,0,1.0,CoreWeave,B,1.08e-05,5.715002369855335e-07,1.463553411795715e-08,0
comprehension,rival_majority,neutral,0123,1,0,0,0,rQrQaQrQrPrP,B,gemma-26b-cw,google/gemma-4-26b-a4b-it,coreweave/bf16,0,1.0,CoreWeave,B,1.08e-05,0.0002611902167588083,6.441917591581969e-07,0
comprehension,rival_majority,neutral,0123,1,0,1,0,rPrPrQrQaQrQ,B,gemma-26b-cw,google/gemma-4-26b-a4b-it,coreweave/bf16,0,1.0,CoreWeave,B,1.08e-05,1.5689544114825673e-05,1.650427893240547e-07,0
comprehension,rival_majority,neutral,0130,-1,0,0,0,aQrPrPrP,A,gemma-26b-cw,google/gemma-4-26b-a4b-it,coreweave/bf16,0,1.0,CoreWeave,A,1.1e-05,0.999999978522284,9.773156139254155e-08,0
comprehension,rival_majority,neutral,0130,-1,0,1,0,rPrPaQrP,A,gemma-26b-cw,google/gemma-4-26b-a4b-it,coreweave/bf16,0,1.0,CoreWeave,A,1.1e-05,0.9999999875453497,1.0675462640117098e-07,0
comprehension,rival_majority,neutral,0130,1,0,0,0,rPrPrPaQ,A,gemma-26b-cw,google/gemma-4-26b-a4b-it,coreweave/bf16,0,1.0,CoreWeave,A,9.4e-06,0.9999999733227087,0.0,0
comprehension,rival_majority,neutral,0130,1,0,1,0,rPrPrPaQ,A,gemma-26b-cw,google/gemma-4-26b-a4b-it,coreweave/bf16,0,1.0,CoreWeave,A,9.4e-06,0.9999999793450798,2.1776360661097375e-07,0
comprehension,rival_majority,neutral,0131,-1,0,0,0,aQrQrPrPrP,A,gemma-26b-cw,google/gemma-4-26b-a4b-it,coreweave/bf16,0,1.0,CoreWeave,A,1.01e-05,0.9999999719877743,2.1040630244282742e-07,0
comprehension,rival_majority,neutral,0131,-1,0,1,0,rPrQrPaQrP,A,gemma-26b-cw,google/gemma-4-26b-a4b-it,coreweave/bf16,0,1.0,CoreWeave,A,1.01e-05,0.9999999672503903,2.0566891935390255e-07,0
comprehension,rival_majority,neutral,0131,1,0,0,0,rPrQrPaQrP,A,gemma-26b-cw,google/gemma-4-26b-a4b-it,coreweave/bf16,0,1.0,CoreWeave,A,1.17e-05,0.9999993916410358,2.2610551099132757e-07,0
comprehension,rival_majority,neutral,0131,1,0,1,0,rPrPrQaQrP,A,gemma-26b-cw,google/gemma-4-26b-a4b-it,coreweave/bf16,0,1.0,CoreWeave,A,1.01e-05,0.9999999261976096,2.838253784479526e-07,0
comprehension,rival_majority,neutral,0132,-1,0,0,0,rPrQrQrPrPaQ,A,gemma-26b-cw,google/gemma-4-26b-a4b-it,coreweave/bf16,0,1.0,CoreWeave,A,1.08e-05,0.9999998336837613,1.9131154101109263e-07,0
comprehension,rival_majority,neutral,0132,-1,0,1,0,aQrPrQrQrPrP,A,gemma-26b-cw,google/gemma-4-26b-a4b-it,coreweave/bf16,0,1.0,CoreWeave,A,1.24e-05,0.9999985855243386,2.544519953774562e-07,0
comprehension,rival_majority,neutral,0132,1,0,0,0,rPaQrPrQrQrP,A,gemma-26b-cw,google/gemma-4-26b-a4b-it,coreweave/bf16,0,1.0,CoreWeave,A,1.08e-05,0.9995121427612441,1.4964798823068797e-06,0
comprehension,rival_majority,neutral,0132,1,0,1,0,rPrPrQrPrQaQ,A,gemma-26b-cw,google/gemma-4-26b-a4b-it,coreweave/bf16,0,1.0,CoreWeave,A,1.08e-05,0.9999999406981054,4.1753506101506723e-07,0
comprehension,rival_majority,neutral,0140,-1,0,0,0,rPrPaQrPrP,A,gemma-26b-cw,google/gemma-4-26b-a4b-it,coreweave/bf16,0,1.0,CoreWeave,A,1.01e-05,0.9999999814850536,0.0,0
comprehension,rival_majority,neutral,0140,-1,0,1,0,rPaQrPrPrP,A,gemma-26b-cw,google/gemma-4-26b-a4b-it,coreweave/bf16,0,1.0,CoreWeave,A,1.17e-05,0.9999999807098605,9.991913770473048e-08,0
comprehension,rival_majority,neutral,0140,1,0,0,0,rPaQrPrPrP,A,gemma-26b-cw,google/gemma-4-26b-a4b-it,coreweave/bf16,0,1.0,CoreWeave,A,1.01e-05,0.9999999416175099,1.8003604271812566e-07,0
comprehension,rival_majority,neutral,0140,1,0,1,0,rPaQrPrPrP,A,gemma-26b-cw,google/gemma-4-26b-a4b-it,coreweave/bf16,0,1.0,CoreWeave,A,1.17e-05,0.9999999628898352,8.20991134704329e-08,0
comprehension,rival_majority,neutral,0141,-1,0,0,0,aQrQrPrPrPrP,A,gemma-26b-cw,google/gemma-4-26b-a4b-it,coreweave/bf16,0,1.0,CoreWeave,A,1.24e-05,0.9999999555849484,7.479422707302068e-08,0
comprehension,rival_majority,neutral,0141,-1,0,1,0,rPaQrPrPrQrP,A,gemma-26b-cw,google/gemma-4-26b-a4b-it,coreweave/bf16,0,1.0,CoreWeave,A,1.08e-05,0.9999999348696107,4.1170656841984423e-07,0
comprehension,rival_majority,neutral,0141,1,0,0,0,rQrPrPaQrPrP,A,gemma-26b-cw,google/gemma-4-26b-a4b-it,coreweave/bf16,0,1.0,CoreWeave,A,1.08e-05,0.9999998991240955,2.567518691990604e-07,0
comprehension,rival_majority,neutral,0141,1,0,1,0,aQrPrQrPrPrP,A,gemma-26b-cw,google/gemma-4-26b-a4b-it,coreweave/bf16,0,1.0,CoreWeave,A,1.08e-05,0.9999999713768138,3.2900457113417664e-07,0
comprehension,rival_majority,neutral,0150,-1,0,0,0,aQrPrPrPrPrP,A,gemma-26b-cw,google/gemma-4-26b-a4b-it,coreweave/bf16,0,1.0,CoreWeave,A,1.08e-05,0.9999999718781442,0.0,0
comprehension,rival_majority,neutral,0150,-1,0,1,0,rPrPrPrPrPaQ,A,gemma-26b-cw,google/gemma-4-26b-a4b-it,coreweave/bf16,0,1.0,CoreWeave,A,1.08e-05,0.9999999898546452,1.0906392164184268e-07,0
comprehension,rival_majority,neutral,0150,1,0,0,0,rPaQrPrPrPrP,A,gemma-26b-cw,google/gemma-4-26b-a4b-it,coreweave/bf16,0,1.0,CoreWeave,A,1.08e-05,0.9999999420718461,1.8049037877842616e-07,0
comprehension,rival_majority,neutral,0150,1,0,1,0,rPrPrPrPaQrP,A,gemma-26b-cw,google/gemma-4-26b-a4b-it,coreweave/bf16,0,1.0,CoreWeave,A,1.08e-05,0.9999999750854136,9.429469128707149e-08,0
comprehension,rival_majority,neutral,0201,-1,0,0,0,aQaQrQ,B,gemma-26b-cw,google/gemma-4-26b-a4b-it,coreweave/bf16,0,1.0,CoreWeave,B,1.03e-05,1.4738987243236881e-05,2.7845130289305686e-06,0
comprehension,rival_majority,neutral,0201,-1,0,1,0,aQrQaQ,B,gemma-26b-cw,google/gemma-4-26b-a4b-it,coreweave/bf16,0,1.0,CoreWeave,B,1.03e-05,3.726639284159446e-06,8.804375761783945e-08,0
comprehension,rival_majority,neutral,0201,1,0,0,0,aQaQrQ,B,gemma-26b-cw,google/gemma-4-26b-a4b-it,coreweave/bf16,0,1.0,CoreWeave,B,1.03e-05,5.422218323554549e-06,1.805876526095318e-07,0
comprehension,rival_majority,neutral,0201,1,0,1,0,rQaQaQ,B,gemma-26b-cw,google/gemma-4-26b-a4b-it,coreweave/bf16,0,1.0,CoreWeave,B,8.7e-06,4.832563813012064e-05,3.0940189443828814e-07,0
comprehension,rival_majority,neutral,0202,-1,0,0,0,aQrQrQaQ,B,gemma-26b-cw,google/gemma-4-26b-a4b-it,coreweave/bf16,0,1.0,CoreWeave,B,9.4e-06,7.027482694882996e-09,2.313910411055886e-07,1
comprehension,rival_majority,neutral,0202,-1,0,1,0,aQaQrQrQ,B,gemma-26b-cw,google/gemma-4-26b-a4b-it,coreweave/bf16,0,1.0,CoreWeave,B,9.4e-06,2.1987045273591633e-08,9.177056148335083e-08,0
comprehension,rival_majority,neutral,0202,1,0,0,0,aQrQaQrQ,B,gemma-26b-cw,google/gemma-4-26b-a4b-it,coreweave/bf16,0,1.0,CoreWeave,B,9.4e-06,1.0632239274823535e-08,0.0,0
comprehension,rival_majority,neutral,0202,1,0,1,0,rQaQaQrQ,B,gemma-26b-cw,google/gemma-4-26b-a4b-it,coreweave/bf16,0,1.0,CoreWeave,B,9.4e-06,8.315280202188804e-07,1.1319223758299302e-07,0
comprehension,rival_majority,neutral,0203,-1,0,0,0,rQaQrQaQrQ,B,gemma-26b-cw,google/gemma-4-26b-a4b-it,coreweave/bf16,0,1.0,CoreWeave,B,1.01e-05,6.945608409313237e-09,0.0,0
comprehension,rival_majority,neutral,0203,-1,0,1,0,rQrQrQaQaQ,B,gemma-26b-cw,google/gemma-4-26b-a4b-it,coreweave/bf16,0,1.0,CoreWeave,B,1.01e-05,4.5824936245306526e-08,6.55139364980073e-08,0
comprehension,rival_majority,neutral,0203,1,0,0,0,rQrQrQaQaQ,B,gemma-26b-cw,google/gemma-4-26b-a4b-it,coreweave/bf16,0,1.0,CoreWeave,B,1.01e-05,2.0773194420262538e-09,0.0,1
comprehension,rival_majority,neutral,0203,1,0,1,0,aQaQrQrQrQ,B,gemma-26b-cw,google/gemma-4-26b-a4b-it,coreweave/bf16,0,1.0,CoreWeave,B,1.01e-05,8.312804847006446e-09,0.0,0
comprehension,rival_majority,neutral,0204,-1,0,0,0,rQrQaQrQaQrQ,B,gemma-26b-cw,google/gemma-4-26b-a4b-it,coreweave/bf16,0,1.0,CoreWeave,B,1.08e-05,1.2824928472090433e-08,0.0,0
comprehension,rival_majority,neutral,0204,-1,0,1,0,rQrQaQaQrQrQ,B,gemma-26b-cw,google/gemma-4-26b-a4b-it,coreweave/bf16,0,1.0,CoreWeave,B,1.08e-05,5.07235803885568e-08,6.194814661242276e-08,0
comprehension,rival_majority,neutral,0204,1,0,0,0,rQrQaQrQaQrQ,B,gemma-26b-cw,google/gemma-4-26b-a4b-it,coreweave/bf16,0,1.0,CoreWeave,B,1.08e-05,1.8048064088836044e-09,0.0,1
comprehension,rival_majority,neutral,0204,1,0,1,0,rQaQaQrQrQrQ,B,gemma-26b-cw,google/gemma-4-26b-a4b-it,coreweave/bf16,0,1.0,CoreWeave,B,1.08e-05,1.8553916414306396e-07,1.5027267286082946e-07,0
comprehension,rival_majority,neutral,0210,-1,0,0,0,rPaQaQ,A,gemma-26b-cw,google/gemma-4-26b-a4b-it,coreweave/bf16,0,1.0,CoreWeave,A,1.03e-05,0.9999916019249621,5.425462493256535e-07,0
comprehension,rival_majority,neutral,0210,-1,0,1,0,aQrPaQ,A,gemma-26b-cw,google/gemma-4-26b-a4b-it,coreweave/bf16,0,1.0,CoreWeave,A,8.7e-06,0.9999998599476818,2.1757546009098996e-07,0
comprehension,rival_majority,neutral,0210,1,0,0,0,rPaQaQ,A,gemma-26b-cw,google/gemma-4-26b-a4b-it,coreweave/bf16,0,1.0,CoreWeave,A,8.7e-06,0.9999952149043644,2.2167031937853092e-07,0
comprehension,rival_majority,neutral,0210,1,0,1,0,rPaQaQ,A,gemma-26b-cw,google/gemma-4-26b-a4b-it,coreweave/bf16,0,1.0,CoreWeave,A,1.03e-05,0.9999988634358828,1.7473649727311194e-07,0
comprehension,rival_majority,neutral,0212,-1,0,0,0,aQaQrQrQrP,B,gemma-26b-cw,google/gemma-4-26b-a4b-it,coreweave/bf16,0,1.0,CoreWeave,B,1.01e-05,8.315281267894483e-07,2.413545359125635e-07,0
comprehension,rival_majority,neutral,0212,-1,0,1,0,aQrPaQrQrQ,B,gemma-26b-cw,google/gemma-4-26b-a4b-it,coreweave/bf16,0,1.0,CoreWeave,B,1.01e-05,7.33820974056855e-07,2.110381516207127e-07,0
comprehension,rival_majority,neutral,0212,1,0,0,0,aQrQrQrPaQ,B,gemma-26b-cw,google/gemma-4-26b-a4b-it,coreweave/bf16,0,1.0,CoreWeave,B,1.01e-05,1.4738980215808355e-05,4.0037626081179667e-07,0
comprehension,rival_majority,neutral,0212,1,0,1,0,aQrPaQrQrQ,B,gemma-26b-cw,google/gemma-4-26b-a4b-it,coreweave/bf16,0,1.0,CoreWeave,B,1.01e-05,1.0677031246033783e-06,1.243885110469023e-07,0
comprehension,rival_majority,neutral,0213,-1,0,0,0,rQrQrQrPaQaQ,B,gemma-26b-cw,google/gemma-4-26b-a4b-it,coreweave/bf16,0,1.0,CoreWeave,B,1.08e-05,2.2862912133460893e-08,2.032220013381547e-07,0
comprehension,rival_majority,neutral,0213,-1,0,1,0,aQrQrPaQrQrQ,B,gemma-26b-cw,google/gemma-4-26b-a4b-it,coreweave/bf16,0,1.0,CoreWeave,B,1.08e-05,5.715003023412168e-07,1.2899362300533568e-07,0
comprehension,rival_majority,neutral,0213,1,0,0,0,aQaQrQrPrQrQ,B,gemma-26b-cw,google/gemma-4-26b-a4b-it,coreweave/bf16,0,1.0,CoreWeave,B,1.08e-05,1.1229882725342515e-08,0.0,0
comprehension,rival_majority,neutral,0213,1,0,1,0,aQaQrPrQrQrQ,B,gemma-26b-cw,google/gemma-4-26b-a4b-it,coreweave/bf16,0,1.0,CoreWeave,B,1.08e-05,1.7257827479756016e-08,0.0,0
comprehension,rival_majority,neutral,0220,-1,0,0,0,rPaQaQrP,A,gemma-26b-cw,google/gemma-4-26b-a4b-it,coreweave/bf16,0,1.0,CoreWeave,A,9.4e-06,0.9999998085711647,2.854081501584683e-07,0
comprehension,rival_majority,neutral,0220,-1,0,1,0,aQrPaQrP,A,gemma-26b-cw,google/gemma-4-26b-a4b-it,coreweave/bf16,0,1.0,CoreWeave,A,9.4e-06,0.9999999656787039,2.040972330948812e-07,0
comprehension,rival_majority,neutral,0220,1,0,0,0,aQaQrPrP,A,gemma-26b-cw,google/gemma-4-26b-a4b-it,coreweave/bf16,0,1.0,CoreWeave,A,9.4e-06,0.9999999519758732,1.9039440455132574e-07,0
comprehension,rival_majority,neutral,0220,1,0,1,0,aQrPaQrP,A,gemma-26b-cw,google/gemma-4-26b-a4b-it,coreweave/bf16,0,1.0,CoreWeave,A,9.4e-06,0.9999999534534202,1.9187195132029187e-07,0
comprehension,rival_majority,neutral,0221,-1,0,0,0,aQaQrPrQrP,A,gemma-26b-cw,google/gemma-4-26b-a4b-it,coreweave/bf16,0,1.0,CoreWeave,A,1.01e-05,0.9999573525369446,3.961364128161351e-06,0
comprehension,rival_majority,neutral,0221,-1,0,1,0,rPrQrPaQaQ,A,gemma-26b-cw,google/gemma-4-26b-a4b-it,coreweave/bf16,0,1.0,CoreWeave,A,1.01e-05,0.9999999295772585,4.0641421797207835e-07,0
comprehension,rival_majority,neutral,0221,1,0,0,0,aQaQrPrPrQ,A,gemma-26b-cw,google/gemma-4-26b-a4b-it,coreweave/bf16,0,1.0,CoreWeave,A,1.01e-05,0.9998840806023888,4.706397208736069e-06,0
comprehension,rival_majority,neutral,0221,1,0,1,0,rPrQaQrPaQ,A,gemma-26b-cw,google/gemma-4-26b-a4b-it,coreweave/bf16,0,1.0,CoreWeave,A,1.01e-05,0.9999925887192448,3.372655317090366e-07,0
comprehension,rival_majority,neutral,0230,-1,0,0,0,aQrPaQrPrP,A,gemma-26b-cw,google/gemma-4-26b-a4b-it,coreweave/bf16,0,1.0,CoreWeave,A,1.01e-05,0.9999999854603543,0.0,0
comprehension,rival_majority,neutral,0230,-1,0,1,0,aQaQrPrPrP,A,gemma-26b-cw,google/gemma-4-26b-a4b-it,coreweave/bf16,0,1.0,CoreWeave,A,1.01e-05,0.9999999905434895,1.0975276587207362e-07,0
comprehension,rival_majority,neutral,0230,1,0,0,0,rPrPrPaQaQ,A,gemma-26b-cw,google/gemma-4-26b-a4b-it,coreweave/bf16,0,1.0,CoreWeave,A,1.01e-05,0.9999999651382304,0.0,0
comprehension,rival_majority,neutral,0230,1,0,1,0,rPrPaQrPaQ,A,gemma-26b-cw,google/gemma-4-26b-a4b-it,coreweave/bf16,0,1.0,CoreWeave,A,1.01e-05,0.9999999754716784,9.468095611041896e-08,0
comprehension,rival_majority,neutral,0231,-1,0,0,0,rPrPrPrQaQaQ,A,gemma-26b-cw,google/gemma-4-26b-a4b-it,coreweave/bf16,0,1.0,CoreWeave,A,1.08e-05,0.9999998024945623,2.79331548366573e-07,0
comprehension,rival_majority,neutral,0231,-1,0,1,0,rPaQrPrPaQrQ,A,gemma-26b-cw,google/gemma-4-26b-a4b-it,coreweave/bf16,0,1.0,CoreWeave,A,1.08e-05,0.9999997690927575,2.459297449743376e-07,0
comprehension,rival_majority,neutral,0231,1,0,0,0,rPaQaQrPrQrP,A,gemma-26b-cw,google/gemma-4-26b-a4b-it,coreweave/bf16,0,1.0,CoreWeave,A,1.08e-05,0.999988521229137,2.0360539858165958e-07,0
comprehension,rival_majority,neutral,0231,1,0,1,0,aQrPrPrQaQrP,A,gemma-26b-cw,google/gemma-4-26b-a4b-it,coreweave/bf16,0,1.0,CoreWeave,A,1.08e-05,0.9999998975355313,2.551633052584808e-07,0
comprehension,rival_majority,neutral,0240,-1,0,0,0,rPaQaQrPrPrP,A,gemma-26b-cw,google/gemma-4-26b-a4b-it,coreweave/bf16,0,1.0,CoreWeave,A,1.08e-05,0.9999999762263356,9.543561315684261e-08,0
comprehension,rival_majority,neutral,0240,-1,0,1,0,rPaQrPaQrPrP,A,gemma-26b-cw,google/gemma-4-26b-a4b-it,coreweave/bf16,0,1.0,CoreWeave,A,1.08e-05,0.9999999834356912,1.0264496813677598e-07,0
comprehension,rival_majority,neutral,0240,1,0,0,0,rPrPrPaQaQrP,A,gemma-26b-cw,google/gemma-4-26b-a4b-it,coreweave/bf16,0,1.0,CoreWeave,A,1.08e-05,0.9999999592424623,0.0,0
comprehension,rival_majority,neutral,0240,1,0,1,0,rPaQrPrPrPaQ,A,gemma-26b-cw,google/gemma-4-26b-a4b-it,coreweave/bf16,0,1.0,CoreWeave,A,1.08e-05,0.9999999769577743,9.616705184686815e-08,0
comprehension,rival_majority,neutral,0301,-1,0,0,0,aQaQrQaQ,B,gemma-26b-cw,google/gemma-4-26b-a4b-it,coreweave/bf16,0,1.0,CoreWeave,B,9.4e-06,0.00010889696121576468,6.961798580729095e-06,0
comprehension,rival_majority,neutral,0301,-1,0,1,0,aQrQaQaQ,B,gemma-26b-cw,google/gemma-4-26b-a4b-it,coreweave/bf16,0,1.0,CoreWeave,B,9.4e-06,7.411278104798409e-06,0.0,0
comprehension,rival_majority,neutral,0301,1,0,0,0,aQaQaQrQ,B,gemma-26b-cw,google/gemma-4-26b-a4b-it,coreweave/bf16,0,1.0,CoreWeave,B,9.4e-06,0.00023050665992580964,1.8106275145202133e-05,0
comprehension,rival_majority,neutral,0301,1,0,1,0,rQaQaQaQ,B,gemma-26b-cw,google/gemma-4-26b-a4b-it,coreweave/bf16,0,1.0,CoreWeave,B,1.1e-05,0.0010322309762529134,1.9138646016880756e-06,0
comprehension,rival_majority,neutral,0302,-1,0,0,0,aQrQaQaQrQ,B,gemma-26b-cw,google/gemma-4-26b-a4b-it,coreweave/bf16,0,1.0,CoreWeave,B,1.01e-05,1.725782769012759e-08,0.0,0
comprehension,rival_majority,neutral,0302,-1,0,1,0,aQrQrQaQaQ,B,gemma-26b-cw,google/gemma-4-26b-a4b-it,coreweave/bf16,0,1.0,CoreWeave,B,1.01e-05,1.2359570889949935e-07,0.0,0
comprehension,rival_majority,neutral,0302,1,0,0,0,aQaQrQrQaQ,B,gemma-26b-cw,google/gemma-4-26b-a4b-it,coreweave/bf16,0,1.0,CoreWeave,B,1.01e-05,3.5031457013181935e-09,0.0,0
comprehension,rival_majority,neutral,0302,1,0,1,0,aQaQaQrQrQ,B,gemma-26b-cw,google/gemma-4-26b-a4b-it,coreweave/bf16,0,1.0,CoreWeave,B,1.01e-05,1.2824928604252856e-08,0.0,0
comprehension,rival_majority,neutral,0303,-1,0,0,0,rQaQaQrQaQrQ,B,gemma-26b-cw,google/gemma-4-26b-a4b-it,coreweave/bf16,0,1.0,CoreWeave,B,1.08e-05,1.1406727589865965e-08,0.0,0
comprehension,rival_majority,neutral,0303,-1,0,1,0,rQrQaQrQaQaQ,B,gemma-26b-cw,google/gemma-4-26b-a4b-it,coreweave/bf16,0,1.0,CoreWeave,B,1.08e-05,5.36874807676786e-07,5.123918556115825e-08,0
comprehension,rival_majority,neutral,0303,1,0,0,0,rQaQaQrQaQrQ,B,gemma-26b-cw,google/gemma-4-26b-a4b-it,coreweave/bf16,0,1.0,CoreWeave,B,1.08e-05,1.5469816708037693e-08,0.0,0
comprehension,rival_majority,neutral,0303,1,0,1,0,rQaQrQrQaQaQ,B,gemma-26b-cw,google/gemma-4-26b-a4b-it,coreweave/bf16,0,1.0,CoreWeave,B,1.08e-05,2.616521742440267e-07,2.055793826283292e-07,0
comprehension,rival_majority,neutral,0310,-1,0,0,0,aQaQrPaQ,A,gemma-26b-cw,google/gemma-4-26b-a4b-it,coreweave/bf16,0,1.0,CoreWeave,A,9.4e-06,0.9999955048178857,3.923767535179417e-07,0
comprehension,rival_majority,neutral,0310,-1,0,1,0,aQrPaQaQ,A,gemma-26b-cw,google/gemma-4-26b-a4b-it,coreweave/bf16,0,1.0,CoreWeave,A,9.4e-06,0.9999995262095551,2.4146492356179514e-07,0
comprehension,rival_majority,neutral,0310,1,0,0,0,rPaQaQaQ,A,gemma-26b-cw,google/gemma-4-26b-a4b-it,coreweave/bf16,0,1.0,CoreWeave,A,9.4e-06,0.9999892166916341,3.0303553040777884e-07,0
comprehension,rival_majority,neutral,0310,1,0,1,0,aQaQaQrP,A,gemma-26b-cw,google/gemma-4-26b-a4b-it,coreweave/bf16,0,1.0,CoreWeave,A,9.4e-06,0.9999998085711647,2.854081501584683e-07,0
comprehension,rival_majority,neutral,0312,-1,0,0,0,rQrPrQaQaQaQ,B,gemma-26b-cw,google/gemma-4-26b-a4b-it,coreweave/bf16,0,1.0,CoreWeave,B,1.08e-05,7.338208930469495e-07,1.0064351840810559e-07,0
comprehension,rival_majority,neutral,0312,-1,0,1,0,aQrQrQaQaQrP,B,gemma-26b-cw,google/gemma-4-26b-a4b-it,coreweave/bf16,0,1.0,CoreWeave,B,1.08e-05,2.931153854680539e-05,2.5149908111643526e-07,0
comprehension,rival_majority,neutral,0312,1,0,0,0,rQaQrQrPaQaQ,B,gemma-26b-cw,google/gemma-4-26b-a4b-it,coreweave/bf16,0,1.0,CoreWeave,B,1.08e-05,0.001032231092935164,7.748921198480474e-06,0
comprehension,rival_majority,neutral,0312,1,0,1,0,rQrPaQaQrQaQ,B,gemma-26b-cw,google/gemma-4-26b-a4b-it,coreweave/bf16,0,1.0,CoreWeave,B,1.08e-05,2.58674434066979e-05,3.579218733618106e-07,0
comprehension,rival_majority,neutral,0320,-1,0,0,0,rPrPaQaQaQ,A,gemma-26b-cw,google/gemma-4-26b-a4b-it,coreweave/bf16,0,1.0,CoreWeave,A,1.01e-05,0.9999991420763596,2.149590060819028e-07,0
comprehension,rival_majority,neutral,0320,-1,0,1,0,aQaQaQrPrP,A,gemma-26b-cw,google/gemma-4-26b-a4b-it,coreweave/bf16,0,1.0,CoreWeave,A,1.01e-05,0.9999999664737558,2.0489228490202987e-07,0
comprehension,rival_majority,neutral,0320,1,0,0,0,rPrPaQaQaQ,A,gemma-26b-cw,google/gemma-4-26b-a4b-it,coreweave/bf16,0,1.0,CoreWeave,A,1.01e-05,0.9999994103582625,2.4482274436473577e-07,0
comprehension,rival_majority,neutral,0320,1,0,1,0,aQrPaQrPaQ,A,gemma-26b-cw,google/gemma-4-26b-a4b-it,coreweave/bf16,0,1.0,CoreWeave,A,1.01e-05,0.9999999617118275,2.0013035739806901e-07,0
comprehension,rival_majority,neutral,0321,-1,0,0,0,aQaQrPaQrQrP,A,gemma-26b-cw,google/gemma-4-26b-a4b-it,coreweave/bf16,0,1.0,CoreWeave,A,1.08e-05,0.9998977001458681,5.4542895461524545e-06,0
comprehension,rival_majority,neutral,0321,-1,0,1,0,aQrPaQaQrQrP,A,gemma-26b-cw,google/gemma-4-26b-a4b-it,coreweave/bf16,0,1.0,CoreWeave,A,1.08e-05,0.9996646500100201,1.5126735610601584e-05,0
comprehension,rival_majority,neutral,0321,1,0,0,0,aQrPrQrPaQaQ,A,gemma-26b-cw,google/gemma-4-26b-a4b-it,coreweave/bf16,0,1.0,CoreWeave,A,1.08e-05,0.9999339478553011,2.6078637325897884e-06,0
comprehension,rival_majority,neutral,0321,1,0,1,0,rQaQrPaQaQrP,A,gemma-26b-cw,google/gemma-4-26b-a4b-it,coreweave/bf16,0,1.0,CoreWeave,A,1.08e-05,0.9999724642957674,1.5505582766860703e-06,0
comprehension,rival_majority,neutral,0330,-1,0,0,0,rPaQrPaQaQrP,A,gemma-26b-cw,google/gemma-4-26b-a4b-it,coreweave/bf16,0,1.0,CoreWeave,A,1.08e-05,0.9999999631786329,0.0,0
comprehension,rival_majority,neutral,0330,-1,0,1,0,rPrPaQaQrPaQ,A,gemma-26b-cw,google/gemma-4-26b-a4b-it,coreweave/bf16,0,1.0,CoreWeave,A,1.08e-05,0.999999991911419,0.0,0
comprehension,rival_majority,neutral,0330,1,0,0,0,rPaQaQrPrPaQ,A,gemma-26b-cw,google/gemma-4-26b-a4b-it,coreweave/bf16,0,1.0,CoreWeave,A,1.08e-05,0.9999998555019618,9.392049764721916e-08,0
comprehension,rival_majority,neutral,0330,1,0,1,0,rPrPaQaQrPaQ,A,gemma-26b-cw,google/gemma-4-26b-a4b-it,coreweave/bf16,0,1.0,CoreWeave,A,1.08e-05,0.9999999777537784,9.696305577579335e-08,0
comprehension,rival_majority,neutral,0401,-1,0,0,0,rQaQaQaQaQ,B,gemma-26b-cw,google/gemma-4-26b-a4b-it,coreweave/bf16,0,1.0,CoreWeave,B,1.01e-05,4.26474681463277e-05,2.6604621872206025e-07,0
comprehension,rival_majority,neutral,0401,-1,0,1,0,aQaQaQrQaQ,B,gemma-26b-cw,google/gemma-4-26b-a4b-it,coreweave/bf16,0,1.0,CoreWeave,B,1.01e-05,2.5612815872307713e-06,5.629377275440106e-08,0
comprehension,rival_majority,neutral,0401,1,0,0,0,aQrQaQaQaQ,B,gemma-26b-cw,google/gemma-4-26b-a4b-it,coreweave/bf16,0,1.0,CoreWeave,B,1.01e-05,2.7535691104065465e-05,1.2010296268627485e-07,0
comprehension,rival_majority,neutral,0401,1,0,1,0,aQrQaQaQaQ,B,gemma-26b-cw,google/gemma-4-26b-a4b-it,coreweave/bf16,0,1.0,CoreWeave,B,1.01e-05,0.00015843629264255954,3.253266722680337e-07,0
comprehension,rival_majority,neutral,0402,-1,0,0,0,aQaQaQrQrQaQ,B,gemma-26b-cw,google/gemma-4-26b-a4b-it,coreweave/bf16,0,1.0,CoreWeave,B,1.08e-05,4.9162980282351076e-08,7.004629853923916e-08,0
comprehension,rival_majority,neutral,0402,-1,0,1,0,aQrQaQrQaQaQ,B,gemma-26b-cw,google/gemma-4-26b-a4b-it,coreweave/bf16,0,1.0,CoreWeave,B,1.08e-05,2.785272525943115e-07,7.255018275031944e-08,0
comprehension,rival_majority,neutral,0402,1,0,0,0,rQaQaQaQaQrQ,B,gemma-26b-cw,google/gemma-4-26b-a4b-it,coreweave/bf16,0,1.0,CoreWeave,B,1.08e-05,3.07654037052185e-08,0.0,0
comprehension,rival_majority,neutral,0402,1,0,1,0,rQaQaQrQaQaQ,B,gemma-26b-cw,google/gemma-4-26b-a4b-it,coreweave/bf16,0,1.0,CoreWeave,B,1.08e-05,5.093707356826677e-06,1.3671336329679207e-07,0
comprehension,rival_majority,neutral,0410,-1,0,0,0,aQaQaQrPaQ,A,gemma-26b-cw,google/gemma-4-26b-a4b-it,coreweave/bf16,0,1.0,CoreWeave,A,1.01e-05,0.9999904837449031,3.7802147178034105e-07,0
comprehension,rival_majority,neutral,0410,-1,0,1,0,rPaQaQaQaQ,A,gemma-26b-cw,google/gemma-4-26b-a4b-it,coreweave/bf16,0,1.0,CoreWeave,A,1.01e-05,0.9998313472484401,1.0726463145505636e-06,0
comprehension,rival_majority,neutral,0410,1,0,0,0,aQaQaQaQrP,A,gemma-26b-cw,google/gemma-4-26b-a4b-it,coreweave/bf16,0,1.0,CoreWeave,A,1.01e-05,0.9999992887563015,2.424298807993922e-07,0
comprehension,rival_majority,neutral,0410,1,0,1,0,aQaQaQaQrP,A,gemma-26b-cw,google/gemma-4-26b-a4b-it,coreweave/bf16,0,1.0,CoreWeave,A,1.01e-05,0.9999997126313783,0.0,0
comprehension,rival_majority,neutral,0420,-1,0,0,0,rPaQaQrPaQaQ,A,gemma-26b-cw,google/gemma-4-26b-a4b-it,coreweave/bf16,0,1.0,CoreWeave,A,1.08e-05,0.9999997214727123,1.9830969844234114e-07,0
comprehension,rival_majority,neutral,0420,-1,0,1,0,rPaQaQrPaQaQ,A,gemma-26b-cw,google/gemma-4-26b-a4b-it,coreweave/bf16,0,1.0,CoreWeave,A,1.08e-05,0.9999999429699388,1.813884714000237e-07,0
comprehension,rival_majority,neutral,0420,1,0,0,0,aQaQaQaQrPrP,A,gemma-26b-cw,google/gemma-4-26b-a4b-it,coreweave/bf16,0,1.0,CoreWeave,A,1.08e-05,0.999999957119281,1.955378117227727e-07,0
comprehension,rival_majority,neutral,0420,1,0,1,0,aQaQrPaQaQrP,A,gemma-26b-cw,google/gemma-4-26b-a4b-it,coreweave/bf16,0,1.0,CoreWeave,A,1.08e-05,0.9999999664737558,2.0489228490202987e-07,0
comprehension,rival_majority,neutral,0501,-1,0,0,0,aQaQaQrQaQaQ,B,gemma-26b-cw,google/gemma-4-26b-a4b-it,coreweave/bf16,0,1.0,CoreWeave,B,1.08e-05,0.00015843621697253488,5.56975162524509e-06,0
comprehension,rival_majority,neutral,0501,-1,0,1,0,aQaQaQaQaQrQ,B,gemma-26b-cw,google/gemma-4-26b-a4b-it,coreweave/bf16,0,1.0,CoreWeave,B,1.08e-05,0.00033535015120922363,3.2098582707362766e-06,0
comprehension,rival_majority,neutral,0501,1,0,0,0,aQaQaQaQaQrQ,B,gemma-26b-cw,google/gemma-4-26b-a4b-it,coreweave/bf16,0,1.0,CoreWeave,B,1.08e-05,0.0008040857552515321,2.458580332931337e-05,0
comprehension,rival_majority,neutral,0501,1,0,1,0,aQaQrQaQaQaQ,B,gemma-26b-cw,google/gemma-4-26b-a4b-it,coreweave/bf16,0,1.0,CoreWeave,B,1.08e-05,0.0006263340949227066,4.095922683244879e-07,0
comprehension,rival_majority,neutral,0510,-1,0,0,0,aQaQaQaQaQrP,A,gemma-26b-cw,google/gemma-4-26b-a4b-it,coreweave/bf16,0,1.0,CoreWeave,A,1.08e-05,0.9999724643023344,4.1730834921847935e-06,0
comprehension,rival_majority,neutral,0510,-1,0,1,0,aQaQaQaQaQrP,A,gemma-26b-cw,google/gemma-4-26b-a4b-it,coreweave/bf16,0,1.0,CoreWeave,A,1.08e-05,0.9999822214396633,2.725064709732251e-06,0
comprehension,rival_majority,neutral,0510,1,0,0,0,aQaQaQrPaQaQ,A,gemma-26b-cw,google/gemma-4-26b-a4b-it,coreweave/bf16,0,1.0,CoreWeave,A,1.08e-05,0.9999952149049348,1.0246252907292212e-07,0
comprehension,rival_majority,neutral,0510,1,0,1,0,rPaQaQaQaQaQ,A,gemma-26b-cw,google/gemma-4-26b-a4b-it,coreweave/bf16,0,1.0,CoreWeave,A,1.08e-05,0.9997694932017975,1.5401809965682805e-06,0
comprehension,rival_majority,neutral,1001,-1,0,0,0,aPrQ,B,gemma-26b-cw,google/gemma-4-26b-a4b-it,coreweave/bf16,0,1.0,CoreWeave,B,8e-06,7.967299893112813e-05,0.0001099617742758019,0
comprehension,rival_majority,neutral,1001,-1,0,1,0,rQaP,B,gemma-26b-cw,google/gemma-4-26b-a4b-it,coreweave/bf16,0,1.0,CoreWeave,B,9.6e-06,0.0011695101364092785,1.7973360767253865e-05,0
comprehension,rival_majority,neutral,1001,1,0,0,0,aPrQ,B,gemma-26b-cw,google/gemma-4-26b-a4b-it,coreweave/bf16,0,1.0,CoreWeave,B,1.12e-05,0.00015843623543706874,2.094487922543742e-05,0
comprehension,rival_majority,neutral,1001,1,0,1,0,aPrQ,B,gemma-26b-cw,google/gemma-4-26b-a4b-it,coreweave/bf16,0,1.0,CoreWeave,B,8e-06,0.0005527787334302619,5.1871280509763196e-05,0
comprehension,rival_majority,neutral,1002,-1,0,0,0,rQrQaP,B,gemma-26b-cw,google/gemma-4-26b-a4b-it,coreweave/bf16,0,1.0,CoreWeave,B,1.03e-05,6.311708787900353e-09,0.0,0
comprehension,rival_majority,neutral,1002,-1,0,1,0,aPrQrQ,B,gemma-26b-cw,google/gemma-4-26b-a4b-it,coreweave/bf16,0,1.0,CoreWeave,B,1.03e-05,9.567980765093698e-09,1.0949062179133051e-07,1
comprehension,rival_majority,neutral,1002,1,0,0,0,aPrQrQ,B,gemma-26b-cw,google/gemma-4-26b-a4b-it,coreweave/bf16,0,1.0,CoreWeave,B,8.7e-06,5.95250833744945e-09,0.0,1
comprehension,rival_majority,neutral,1002,1,0,1,0,rQrQaP,B,gemma-26b-cw,google/gemma-4-26b-a4b-it,coreweave/bf16,0,1.0,CoreWeave,B,1.03e-05,3.769456469094618e-08,7.445972749486884e-08,0
comprehension,rival_majority,neutral,1003,-1,0,0,0,rQrQrQaP,B,gemma-26b-cw,google/gemma-4-26b-a4b-it,coreweave/bf16,0,1.0,CoreWeave,B,9.4e-06,7.364736860537077e-09,0.0,1
comprehension,rival_majority,neutral,1003,-1,0,1,0,rQaPrQrQ,B,gemma-26b-cw,google/gemma-4-26b-a4b-it,coreweave/bf16,0,1.0,CoreWeave,B,9.4e-06,6.95918727237752e-09,0.0,0
comprehension,rival_majority,neutral,1003,1,0,0,0,rQaPrQrQ,B,gemma-26b-cw,google/gemma-4-26b-a4b-it,coreweave/bf16,0,1.0,CoreWeave,B,9.4e-06,4.4669387383853625e-09,0.0,1
comprehension,rival_majority,neutral,1003,1,0,1,0,rQrQrQaP,B,gemma-26b-cw,google/gemma-4-26b-a4b-it,coreweave/bf16,0,1.0,CoreWeave,B,1.1e-05,5.06170470438835e-09,0.0,0
comprehension,rival_majority,neutral,1004,-1,0,0,0,aPrQrQrQrQ,B,gemma-26b-cw,google/gemma-4-26b-a4b-it,coreweave/bf16,0,1.0,CoreWeave,B,1.01e-05,1.5803412845924628e-09,0.0,1
comprehension,rival_majority,neutral,1004,-1,0,1,0,rQaPrQrQrQ,B,gemma-26b-cw,google/gemma-4-26b-a4b-it,coreweave/bf16,0,1.0,CoreWeave,B,1.01e-05,1.794530118197847e-08,0.0,0
comprehension,rival_majority,neutral,1004,1,0,0,0,rQrQaPrQrQ,B,gemma-26b-cw,google/gemma-4-26b-a4b-it,coreweave/bf16,0,1.0,CoreWeave,B,1.01e-05,2.6259778178165454e-09,0.0,1
comprehension,rival_majority,neutral,1004,1,0,1,0,rQrQrQrQaP,B,gemma-26b-cw,google/gemma-4-26b-a4b-it,coreweave/bf16,0,1.0,CoreWeave,B,1.01e-05,5.624725067667363e-09,0.0,1
comprehension,rival_majority,neutral,1005,-1,0,0,0,aPrQrQrQrQrQ,B,gemma-26b-cw,google/gemma-4-26b-a4b-it,coreweave/bf16,0,1.0,CoreWeave,B,1.08e-05,1.99773857430798e-09,0.0,1
comprehension,rival_majority,neutral,1005,-1,0,1,0,rQrQrQrQaPrQ,B,gemma-26b-cw,google/gemma-4-26b-a4b-it,coreweave/bf16,0,1.0,CoreWeave,B,1.08e-05,7.082598236533894e-09,0.0,0
comprehension,rival_majority,neutral,1005,1,0,0,0,rQrQrQrQrQaP,B,gemma-26b-cw,google/gemma-4-26b-a4b-it,coreweave/bf16,0,1.0,CoreWeave,B,1.08e-05,2.263734377901986e-09,0.0,1
comprehension,rival_majority,neutral,1005,1,0,1,0,rQrQrQrQaPrQ,B,gemma-26b-cw,google/gemma-4-26b-a4b-it,coreweave/bf16,0,1.0,CoreWeave,B,1.08e-05,2.37237325543768e-09,0.0,0
comprehension,rival_majority,neutral,1010,-1,0,0,0,rPaP,A,gemma-26b-cw,google/gemma-4-26b-a4b-it,coreweave/bf16,0,1.0,CoreWeave,A,9.6e-06,0.9989677690251877,3.342976778120555e-06,0
comprehension,rival_majority,neutral,1010,-1,0,1,0,rPaP,A,gemma-26b-cw,google/gemma-4-26b-a4b-it,coreweave/bf16,0,1.0,CoreWeave,A,8e-06,0.9999038976193262,1.7590387904303214e-06,0
comprehension,rival_majority,neutral,1010,1,0,0,0,aPrP,A,gemma-26b-cw,google/gemma-4-26b-a4b-it,coreweave/bf16,0,1.0,CoreWeave,A,8e-06,0.9994472213863268,1.4939407589398268e-05,0
comprehension,rival_majority,neutral,1010,1,0,1,0,aPrP,A,gemma-26b-cw,google/gemma-4-26b-a4b-it,coreweave/bf16,0,1.0,CoreWeave,A,9.6e-06,0.9998766054103759,8.315354076492468e-06,0
comprehension,rival_majority,neutral,1012,-1,0,0,0,aPrQrQrP,B,gemma-26b-cw,google/gemma-4-26b-a4b-it,coreweave/bf16,0,1.0,CoreWeave,B,9.4e-06,7.811483306369027e-07,1.7252521100630247e-07,0
comprehension,rival_majority,neutral,1012,-1,0,1,0,rQaPrQrP,B,gemma-26b-cw,google/gemma-4-26b-a4b-it,coreweave/bf16,0,1.0,CoreWeave,B,9.4e-06,0.0004878571799743534,4.237005719609499e-06,0
comprehension,rival_majority,neutral,1012,1,0,0,0,rQrQrPaP,B,gemma-26b-cw,google/gemma-4-26b-a4b-it,coreweave/bf16,0,1.0,CoreWeave,B,1.1e-05,3.288747889296815e-06,1.683101737981474e-07,0
comprehension,rival_majority,neutral,1012,1,0,1,0,aPrQrQrP,B,gemma-26b-cw,google/gemma-4-26b-a4b-it,coreweave/bf16,0,1.0,CoreWeave,B,9.4e-06,0.0006263340290580386,1.556310130135241e-05,0
comprehension,rival_majority,neutral,1013,-1,0,0,0,rPrQrQrQaP,B,gemma-26b-cw,google/gemma-4-26b-a4b-it,coreweave/bf16,0,1.0,CoreWeave,B,1.01e-05,4.229212541777135e-09,0.0,1
comprehension,rival_majority,neutral,1013,-1,0,1,0,rPrQrQrQaP,B,gemma-26b-cw,google/gemma-4-26b-a4b-it,coreweave/bf16,0,1.0,CoreWeave,B,1.01e-05,7.824424537787932e-09,0.0,0
comprehension,rival_majority,neutral,1013,1,0,0,0,aPrQrQrPrQ,B,gemma-26b-cw,google/gemma-4-26b-a4b-it,coreweave/bf16,0,1.0,CoreWeave,B,1.01e-05,1.780564986373081e-08,0.0,0
comprehension,rival_majority,neutral,1013,1,0,1,0,rPrQaPrQrQ,B,gemma-26b-cw,google/gemma-4-26b-a4b-it,coreweave/bf16,0,1.0,CoreWeave,B,1.01e-05,2.6729448707862914e-08,6.85197071303989e-08,0
comprehension,rival_majority,neutral,1014,-1,0,0,0,rQrPaPrQrQrQ,B,gemma-26b-cw,google/gemma-4-26b-a4b-it,coreweave/bf16,0,1.0,CoreWeave,B,1.08e-05,2.4528321135129667e-08,7.76906858845905e-08,0
comprehension,rival_majority,neutral,1014,-1,0,1,0,rPrQrQaPrQrQ,B,gemma-26b-cw,google/gemma-4-26b-a4b-it,coreweave/bf16,0,1.0,CoreWeave,B,1.08e-05,7.336024476868812e-09,0.0,0
comprehension,rival_majority,neutral,1014,1,0,0,0,aPrQrQrQrQrP,B,gemma-26b-cw,google/gemma-4-26b-a4b-it,coreweave/bf16,0,1.0,CoreWeave,B,1.08e-05,7.194132978569833e-09,0.0,0
comprehension,rival_majority,neutral,1014,1,0,1,0,rPrQaPrQrQrQ,B,gemma-26b-cw,google/gemma-4-26b-a4b-it,coreweave/bf16,0,1.0,CoreWeave,B,1.08e-05,1.0715628836413545e-08,0.0,0
comprehension,rival_majority,neutral,1020,-1,0,0,0,aPrPrP,A,gemma-26b-cw,google/gemma-4-26b-a4b-it,coreweave/bf16,0,1.0,CoreWeave,A,8.7e-06,0.9999999067050387,2.64332811198294e-07,0
comprehension,rival_majority,neutral,1020,-1,0,1,0,rPaPrP,A,gemma-26b-cw,google/gemma-4-26b-a4b-it,coreweave/bf16,0,1.0,CoreWeave,A,1.03e-05,0.9999998144608317,1.7208861159848084e-07,0
comprehension,rival_majority,neutral,1020,1,0,0,0,aPrPrP,A,gemma-26b-cw,google/gemma-4-26b-a4b-it,coreweave/bf16,0,1.0,CoreWeave,A,8.7e-06,0.9999996743686257,1.512056056851409e-07,0
comprehension,rival_majority,neutral,1020,1,0,1,0,rPrPaP,A,gemma-26b-cw,google/gemma-4-26b-a4b-it,coreweave/bf16,0,1.0,CoreWeave,A,8.7e-06,0.9999998201692709,1.7779705069930308e-07,0
comprehension,rival_majority,neutral,1021,-1,0,0,0,rQrPaPrP,A,gemma-26b-cw,google/gemma-4-26b-a4b-it,coreweave/bf16,0,1.0,CoreWeave,A,9.4e-06,0.9999995549150011,3.893795120532423e-07,0
comprehension,rival_majority,neutral,1021,-1,0,1,0,aPrPrPrQ,A,gemma-26b-cw,google/gemma-4-26b-a4b-it,coreweave/bf16,0,1.0,CoreWeave,A,9.4e-06,0.9999998764042609,2.3403203770397148e-07,0
comprehension,rival_majority,neutral,1021,1,0,0,0,rPaPrPrQ,A,gemma-26b-cw,google/gemma-4-26b-a4b-it,coreweave/bf16,0,1.0,CoreWeave,A,9.4e-06,0.9998766054396823,1.4021658491453009e-06,0
comprehension,rival_majority,neutral,1021,1,0,1,0,rPrQaPrP,A,gemma-26b-cw,google/gemma-4-26b-a4b-it,coreweave/bf16,0,1.0,CoreWeave,A,9.4e-06,0.9999994796430189,1.9489837444485488e-07,0
comprehension,rival_majority,neutral,1023,-1,0,0,0,rQrQrQrPrPaP,B,gemma-26b-cw,google/gemma-4-26b-a4b-it,coreweave/bf16,0,1.0,CoreWeave,B,1.08e-05,3.2563133556334654e-07,3.199642273354897e-08,0
comprehension,rival_majority,neutral,1023,-1,0,1,0,rQrQrQrPaPrP,B,gemma-26b-cw,google/gemma-4-26b-a4b-it,coreweave/bf16,0,1.0,CoreWeave,B,1.08e-05,1.6701417863832937e-05,2.2601805638178263e-07,0
comprehension,rival_majority,neutral,1023,1,0,0,0,aPrQrQrPrQrP,B,gemma-26b-cw,google/gemma-4-26b-a4b-it,coreweave/bf16,0,1.0,CoreWeave,B,1.08e-05,1.275190574731718e-07,0.0,0
comprehension,rival_majority,neutral,1023,1,0,1,0,rPaPrPrQrQrQ,B,gemma-26b-cw,google/gemma-4-26b-a4b-it,coreweave/bf16,0,1.0,CoreWeave,B,1.08e-05,1.012998856518626e-05,1.2190626930141946e-07,0
comprehension,rival_majority,neutral,1030,-1,0,0,0,rPrPaPrP,A,gemma-26b-cw,google/gemma-4-26b-a4b-it,coreweave/bf16,0,1.0,CoreWeave,A,9.4e-06,0.9999998201692709,1.7779705069930308e-07,0
comprehension,rival_majority,neutral,1030,-1,0,1,0,rPaPrPrP,A,gemma-26b-cw,google/gemma-4-26b-a4b-it,coreweave/bf16,0,1.0,CoreWeave,A,9.4e-06,0.9999999508370198,7.004629850126025e-08,0
comprehension,rival_majority,neutral,1030,1,0,0,0,aPrPrPrP,A,gemma-26b-cw,google/gemma-4-26b-a4b-it,coreweave/bf16,0,1.0,CoreWeave,A,1.1e-05,0.9999999176674945,1.5608602962729265e-07,0
comprehension,rival_majority,neutral,1030,1,0,1,0,rPaPrPrP,A,gemma-26b-cw,google/gemma-4-26b-a4b-it,coreweave/bf16,0,1.0,CoreWeave,A,1.1e-05,0.9999999447245692,1.8314310160257763e-07,0
comprehension,rival_majority,neutral,1031,-1,0,0,0,rPrQrPrPaP,A,gemma-26b-cw,google/gemma-4-26b-a4b-it,coreweave/bf16,0,1.0,CoreWeave,A,1.01e-05,0.9999999586006147,1.9701914507029198e-07,0
comprehension,rival_majority,neutral,1031,-1,0,1,0,rPrPrPrQaP,A,gemma-26b-cw,google/gemma-4-26b-a4b-it,coreweave/bf16,0,1.0,CoreWeave,A,1.01e-05,0.9999999006880312,2.5831580473851625e-07,0
comprehension,rival_majority,neutral,1031,1,0,0,0,rQrPaPrPrP,A,gemma-26b-cw,google/gemma-4-26b-a4b-it,coreweave/bf16,0,1.0,CoreWeave,A,1.01e-05,0.9999998820641212,2.396918973439255e-07,0
comprehension,rival_majority,neutral,1031,1,0,1,0,rPaPrPrQrP,A,gemma-26b-cw,google/gemma-4-26b-a4b-it,coreweave/bf16,0,1.0,CoreWeave,A,1.01e-05,0.9999998310646823,6.948321625045682e-08,0
comprehension,rival_majority,neutral,1032,-1,0,0,0,rPrQrPrQaPrP,A,gemma-26b-cw,google/gemma-4-26b-a4b-it,coreweave/bf16,0,1.0,CoreWeave,A,1.08e-05,0.9999998144608097,2.9129779456785175e-07,0
comprehension,rival_majority,neutral,1032,-1,0,1,0,aPrQrPrQrPrP,A,gemma-26b-cw,google/gemma-4-26b-a4b-it,coreweave/bf16,0,1.0,CoreWeave,A,1.08e-05,0.9999999538156484,1.9223417960910419e-07,0
comprehension,rival_majority,neutral,1032,1,0,0,0,rQaPrQrPrPrP,A,gemma-26b-cw,google/gemma-4-26b-a4b-it,coreweave/bf16,0,1.0,CoreWeave,A,1.08e-05,0.9999997690927575,2.459297449743376e-07,0
comprehension,rival_majority,neutral,1032,1,0,1,0,rPrQrPrPaPrQ,A,gemma-26b-cw,google/gemma-4-26b-a4b-it,coreweave/bf16,0,1.0,CoreWeave,A,1.08e-05,0.9999999143877304,2.7201550157899107e-07,0
comprehension,rival_majority,neutral,1040,-1,0,0,0,rPrPaPrPrP,A,gemma-26b-cw,google/gemma-4-26b-a4b-it,coreweave/bf16,0,1.0,CoreWeave,A,1.01e-05,0.9999999614115342,8.062081268099782e-08,0
comprehension,rival_majority,neutral,1040,-1,0,1,0,rPrPrPaPrP,A,gemma-26b-cw,google/gemma-4-26b-a4b-it,coreweave/bf16,0,1.0,CoreWeave,A,1.01e-05,0.9999999770476101,0.0,0
comprehension,rival_majority,neutral,1040,1,0,0,0,aPrPrPrPrP,A,gemma-26b-cw,google/gemma-4-26b-a4b-it,coreweave/bf16,0,1.0,CoreWeave,A,1.01e-05,0.999999911670116,1.5008865155644193e-07,0
comprehension,rival_majority,neutral,1040,1,0,1,0,rPrPaPrPrP,A,gemma-26b-cw,google/gemma-4-26b-a4b-it,coreweave/bf16,0,1.0,CoreWeave,A,1.01e-05,0.9999999539957151,0.0,0
comprehension,rival_majority,neutral,1041,-1,0,0,0,aPrQrPrPrPrP,A,gemma-26b-cw,google/gemma-4-26b-a4b-it,coreweave/bf16,0,1.0,CoreWeave,A,1.08e-05,0.9999999796653072,9.887458447864052e-08,0
comprehension,rival_majority,neutral,1041,-1,0,1,0,rPrPaPrPrPrQ,A,gemma-26b-cw,google/gemma-4-26b-a4b-it,coreweave/bf16,0,1.0,CoreWeave,A,1.08e-05,0.9999999508370198,7.004629850126025e-08,0
comprehension,rival_majority,neutral,1041,1,0,0,0,aPrPrPrPrQrP,A,gemma-26b-cw,google/gemma-4-26b-a4b-it,coreweave/bf16,0,1.0,CoreWeave,A,1.08e-05,0.9999998802069159,1.1862545233613914e-07,0
comprehension,rival_majority,neutral,1041,1,0,1,0,rQrPrPrPrPaP,A,gemma-26b-cw,google/gemma-4-26b-a4b-it,coreweave/bf16,0,1.0,CoreWeave,A,1.24e-05,0.9999999589227873,1.973413175795553e-07,0
comprehension,rival_majority,neutral,1050,-1,0,0,0,rPrPrPaPrPrP,A,gemma-26b-cw,google/gemma-4-26b-a4b-it,coreweave/bf16,0,1.0,CoreWeave,A,1.08e-05,0.9999999523496113,0.0,0
comprehension,rival_majority,neutral,1050,-1,0,1,0,rPrPrPaPrPrP,A,gemma-26b-cw,google/gemma-4-26b-a4b-it,coreweave/bf16,0,1.0,CoreWeave,A,1.08e-05,0.9999999772817593,0.0,0
comprehension,rival_majority,neutral,1050,1,0,0,0,aPrPrPrPrPrP,A,gemma-26b-cw,google/gemma-4-26b-a4b-it,coreweave/bf16,0,1.0,CoreWeave,A,1.08e-05,0.9999998744579264,1.128764628759336e-07,0
comprehension,rival_majority,neutral,1050,1,0,1,0,rPrPrPrPaPrP,A,gemma-26b-cw,google/gemma-4-26b-a4b-it,coreweave/bf16,0,1.0,CoreWeave,A,1.08e-05,0.9999999804443193,0.0,0
comprehension,rival_majority,neutral,1101,-1,0,0,0,aPaQrQ,B,gemma-26b-cw,google/gemma-4-26b-a4b-it,coreweave/bf16,0,1.0,CoreWeave,B,8.7e-06,8.481104130646901e-05,1.4362469251461008e-05,0
comprehension,rival_majority,neutral,1101,-1,0,1,0,aQaPrQ,B,gemma-26b-cw,google/gemma-4-26b-a4b-it,coreweave/bf16,0,1.0,CoreWeave,B,8.7e-06,3.5008539970446803e-06,1.9462101086276107e-07,0
comprehension,rival_majority,neutral,1101,1,0,0,0,rQaQaP,B,gemma-26b-cw,google/gemma-4-26b-a4b-it,coreweave/bf16,0,1.0,CoreWeave,B,1.03e-05,7.411279871758439e-06,2.1805806826868945e-07,0
comprehension,rival_majority,neutral,1101,1,0,1,0,rQaQaP,B,gemma-26b-cw,google/gemma-4-26b-a4b-it,coreweave/bf16,0,1.0,CoreWeave,B,8.7e-06,6.605212896154099e-05,4.622610718651998e-07,0
comprehension,rival_majority,neutral,1102,-1,0,0,0,rQaQrQaP,B,gemma-26b-cw,google/gemma-4-26b-a4b-it,coreweave/bf16,0,1.0,CoreWeave,B,9.4e-06,4.3139106914607206e-07,1.4844286544413166e-07,0
comprehension,rival_majority,neutral,1102,-1,0,1,0,rQaQaPrQ,B,gemma-26b-cw,google/gemma-4-26b-a4b-it,coreweave/bf16,0,1.0,CoreWeave,B,9.4e-06,1.7429791798592891e-07,1.705049308409201e-07,0
comprehension,rival_majority,neutral,1102,1,0,0,0,aPrQaQrQ,B,gemma-26b-cw,google/gemma-4-26b-a4b-it,coreweave/bf16,0,1.0,CoreWeave,B,9.4e-06,6.784713537625505e-09,0.0,1
comprehension,rival_majority,neutral,1102,1,0,1,0,aQrQaPrQ,B,gemma-26b-cw,google/gemma-4-26b-a4b-it,coreweave/bf16,0,1.0,CoreWeave,B,9.4e-06,1.8086049903994116e-08,8.062904910399737e-08,0
comprehension,rival_majority,neutral,1103,-1,0,0,0,aPaQrQrQrQ,B,gemma-26b-cw,google/gemma-4-26b-a4b-it,coreweave/bf16,0,1.0,CoreWeave,B,1.17e-05,5.780648221025959e-09,0.0,1
comprehension,rival_majority,neutral,1103,-1,0,1,0,rQaPrQrQaQ,B,gemma-26b-cw,google/gemma-4-26b-a4b-it,coreweave/bf16,0,1.0,CoreWeave,B,1.01e-05,1.2952720484788024e-07,9.81757011242479e-08,0
comprehension,rival_majority,neutral,1103,1,0,0,0,rQrQrQaPaQ,B,gemma-26b-cw,google/gemma-4-26b-a4b-it,coreweave/bf16,0,1.0,CoreWeave,B,1.01e-05,4.312626317705992e-09,0.0,1
comprehension,rival_majority,neutral,1103,1,0,1,0,rQaPrQrQaQ,B,gemma-26b-cw,google/gemma-4-26b-a4b-it,coreweave/bf16,0,1.0,CoreWeave,B,1.17e-05,2.433743751776435e-08,0.0,0
comprehension,rival_majority,neutral,1104,-1,0,0,0,rQrQrQrQaQaP,B,gemma-26b-cw,google/gemma-4-26b-a4b-it,coreweave/bf16,0,1.0,CoreWeave,B,1.08e-05,8.91833764986068e-09,0.0,1
comprehension,rival_majority,neutral,1104,-1,0,1,0,rQaQrQrQaPrQ,B,gemma-26b-cw,google/gemma-4-26b-a4b-it,coreweave/bf16,0,1.0,CoreWeave,B,1.08e-05,1.5870004455054731e-07,7.130769541507931e-08,0
comprehension,rival_majority,neutral,1104,1,0,0,0,rQrQaQrQrQaP,B,gemma-26b-cw,google/gemma-4-26b-a4b-it,coreweave/bf16,0,1.0,CoreWeave,B,1.08e-05,2.8840724232123782e-09,0.0,1
comprehension,rival_majority,neutral,1104,1,0,1,0,aQrQrQaPrQrQ,B,gemma-26b-cw,google/gemma-4-26b-a4b-it,coreweave/bf16,0,1.0,CoreWeave,B,1.08e-05,1.725782761917859e-08,0.0,0
comprehension,rival_majority,neutral,1110,-1,0,0,0,aQaPrP,A,gemma-26b-cw,google/gemma-4-26b-a4b-it,coreweave/bf16,0,1.0,CoreWeave,A,1.03e-05,0.9999972735294043,2.537533465517132e-07,0
comprehension,rival_majority,neutral,1110,-1,0,1,0,rPaQaP,A,gemma-26b-cw,google/gemma-4-26b-a4b-it,coreweave/bf16,0,1.0,CoreWeave,A,1.03e-05,0.9999869928699842,4.63344053164326e-07,0
comprehension,rival_majority,neutral,1110,1,0,0,0,aQaPrP,A,gemma-26b-cw,google/gemma-4-26b-a4b-it,coreweave/bf16,0,1.0,CoreWeave,A,1.03e-05,0.9999885212359788,5.61235424932892e-07,0
comprehension,rival_majority,neutral,1110,1,0,1,0,aQaPrP,A,gemma-26b-cw,google/gemma-4-26b-a4b-it,coreweave/bf16,0,1.0,CoreWeave,A,1.03e-05,0.9999989322967481,2.4359742401380543e-07,0
comprehension,rival_majority,neutral,1112,-1,0,0,0,rQrQaPaQrP,B,gemma-26b-cw,google/gemma-4-26b-a4b-it,coreweave/bf16,0,1.0,CoreWeave,B,1.01e-05,9.610246087001802e-05,6.861781557399027e-07,0
comprehension,rival_majority,neutral,1112,-1,0,1,0,rPaQaPrQrQ,B,gemma-26b-cw,google/gemma-4-26b-a4b-it,coreweave/bf16,0,1.0,CoreWeave,B,1.01e-05,1.3007126914790093e-05,2.2493229512310364e-07,0
comprehension,rival_majority,neutral,1112,1,0,0,0,rQrPrQaQaP,B,gemma-26b-cw,google/gemma-4-26b-a4b-it,coreweave/bf16,0,1.0,CoreWeave,B,1.01e-05,2.5612818942449023e-06,1.7616113856533389e-07,0
comprehension,rival_majority,neutral,1112,1,0,1,0,aPrQrQaQrP,B,gemma-26b-cw,google/gemma-4-26b-a4b-it,coreweave/bf16,0,1.0,CoreWeave,B,1.01e-05,0.0011695102906215762,7.1381027570982525e-06,0
comprehension,rival_majority,neutral,1113,-1,0,0,0,rPaPrQrQaQrQ,B,gemma-26b-cw,google/gemma-4-26b-a4b-it,coreweave/bf16,0,1.0,CoreWeave,B,1.08e-05,1.2527839370840257e-08,0.0,0
comprehension,rival_majority,neutral,1113,-1,0,1,0,rPrQaPrQaQrQ,B,gemma-26b-cw,google/gemma-4-26b-a4b-it,coreweave/bf16,0,1.0,CoreWeave,B,1.08e-05,1.1430734496224112e-07,0.0,0
comprehension,rival_majority,neutral,1113,1,0,0,0,rPrQaQaPrQrQ,B,gemma-26b-cw,google/gemma-4-26b-a4b-it,coreweave/bf16,0,1.0,CoreWeave,B,1.08e-05,3.68878478821652e-09,0.0,1
comprehension,rival_majority,neutral,1113,1,0,1,0,rPaQrQrQrQaP,B,gemma-26b-cw,google/gemma-4-26b-a4b-it,coreweave/bf16,0,1.0,CoreWeave,B,1.08e-05,1.2751905611638123e-07,0.0,0
comprehension,rival_majority,neutral,1120,-1,0,0,0,aQaPrPrP,A,gemma-26b-cw,google/gemma-4-26b-a4b-it,coreweave/bf16,0,1.0,CoreWeave,A,1.1e-05,0.9999999425226328,4.193595877387607e-07,0
comprehension,rival_majority,neutral,1120,-1,0,1,0,aPrPaQrP,A,gemma-26b-cw,google/gemma-4-26b-a4b-it,coreweave/bf16,0,1.0,CoreWeave,A,1.1e-05,0.9999999163709463,1.5478948152612657e-07,0
comprehension,rival_majority,neutral,1120,1,0,0,0,rPrPaPaQ,A,gemma-26b-cw,google/gemma-4-26b-a4b-it,coreweave/bf16,0,1.0,CoreWeave,A,9.4e-06,0.9999996743686257,1.512056056851409e-07,0
comprehension,rival_majority,neutral,1120,1,0,1,0,aPrPaQrP,A,gemma-26b-cw,google/gemma-4-26b-a4b-it,coreweave/bf16,0,1.0,CoreWeave,A,9.4e-06,0.999999746398224,3.4244441042653175e-07,0
comprehension,rival_majority,neutral,1121,-1,0,0,0,rPrPaQrQaP,A,gemma-26b-cw,google/gemma-4-26b-a4b-it,coreweave/bf16,0,1.0,CoreWeave,A,1.01e-05,0.9996646497687859,2.49475737197207e-06,0
comprehension,rival_majority,neutral,1121,-1,0,1,0,rPrQaPrPaQ,A,gemma-26b-cw,google/gemma-4-26b-a4b-it,coreweave/bf16,0,1.0,CoreWeave,A,1.01e-05,0.9999998461826222,2.0381040133717308e-07,0
comprehension,rival_majority,neutral,1121,1,0,0,0,aQrQaPrPrP,A,gemma-26b-cw,google/gemma-4-26b-a4b-it,coreweave/bf16,0,1.0,CoreWeave,A,1.01e-05,0.9999987901346049,4.590624571372101e-07,0
comprehension,rival_majority,neutral,1121,1,0,1,0,rPrQaPrPaQ,A,gemma-26b-cw,google/gemma-4-26b-a4b-it,coreweave/bf16,0,1.0,CoreWeave,A,1.01e-05,0.999999114842964,1.877255922181887e-07,0
comprehension,rival_majority,neutral,1130,-1,0,0,0,aQrPrPaPrP,A,gemma-26b-cw,google/gemma-4-26b-a4b-it,coreweave/bf16,0,1.0,CoreWeave,A,1.01e-05,0.9999999795058202,9.871509752155239e-08,0
comprehension,rival_majority,neutral,1130,-1,0,1,0,rPrPaQrPaP,A,gemma-26b-cw,google/gemma-4-26b-a4b-it,coreweave/bf16,0,1.0,CoreWeave,A,1.01e-05,0.999999978855265,9.806454248370465e-08,0
comprehension,rival_majority,neutral,1130,1,0,0,0,rPaPaQrPrP,A,gemma-26b-cw,google/gemma-4-26b-a4b-it,coreweave/bf16,0,1.0,CoreWeave,A,1.01e-05,0.9999994796430809,7.568921989719343e-08,0
comprehension,rival_majority,neutral,1130,1,0,1,0,rPrPaQaPrP,A,gemma-26b-cw,google/gemma-4-26b-a4b-it,coreweave/bf16,0,1.0,CoreWeave,A,1.01e-05,0.9999999636076107,8.281688897570404e-08,0
comprehension,rival_majority,neutral,1131,-1,0,0,0,aPrPrPrQrPaQ,A,gemma-26b-cw,google/gemma-4-26b-a4b-it,coreweave/bf16,0,1.0,CoreWeave,A,1.08e-05,0.9999999226557685,1.6107430318672798e-07,0
comprehension,rival_majority,neutral,1131,-1,0,1,0,aPaQrQrPrPrP,A,gemma-26b-cw,google/gemma-4-26b-a4b-it,coreweave/bf16,0,1.0,CoreWeave,A,1.08e-05,0.9999999827421662,3.4036991987211846e-07,0
comprehension,rival_majority,neutral,1131,1,0,0,0,rQrPrPaQrPaP,A,gemma-26b-cw,google/gemma-4-26b-a4b-it,coreweave/bf16,0,1.0,CoreWeave,A,1.08e-05,0.9999995818813268,4.1634583842307674e-07,0
comprehension,rival_majority,neutral,1131,1,0,1,0,rPaQrQaPrPrP,A,gemma-26b-cw,google/gemma-4-26b-a4b-it,coreweave/bf16,0,1.0,CoreWeave,A,1.08e-05,0.9999998310646622,1.8869244185239185e-07,0
comprehension,rival_majority,neutral,1140,-1,0,0,0,rPrPrPaQaPrP,A,gemma-26b-cw,google/gemma-4-26b-a4b-it,coreweave/bf16,0,1.0,CoreWeave,A,1.08e-05,0.9999999468421439,6.605142279568233e-08,0
comprehension,rival_majority,neutral,1140,-1,0,1,0,aQrPrPaPrPrP,A,gemma-26b-cw,google/gemma-4-26b-a4b-it,coreweave/bf16,0,1.0,CoreWeave,A,1.08e-05,0.9999999857485353,1.0495781207150099e-07,0
comprehension,rival_majority,neutral,1140,1,0,0,0,rPaPrPrPrPaQ,A,gemma-26b-cw,google/gemma-4-26b-a4b-it,coreweave/bf16,0,1.0,CoreWeave,A,1.08e-05,0.9999994460828294,2.8054732253840075e-07,0
comprehension,rival_majority,neutral,1140,1,0,1,0,rPaQrPrPrPaP,A,gemma-26b-cw,google/gemma-4-26b-a4b-it,coreweave/bf16,0,1.0,CoreWeave,A,1.08e-05,0.9999999202005992,1.586191341230442e-07,0
comprehension,rival_majority,neutral,1201,-1,0,0,0,aQaQaPrQ,B,gemma-26b-cw,google/gemma-4-26b-a4b-it,coreweave/bf16,0,1.0,CoreWeave,B,9.4e-06,9.4224470623081e-07,1.3063787884792788e-07,0
comprehension,rival_majority,neutral,1201,-1,0,1,0,aPrQaQaQ,B,gemma-26b-cw,google/gemma-4-26b-a4b-it,coreweave/bf16,0,1.0,CoreWeave,B,9.4e-06,1.8738753836477887e-06,3.3469673921260323e-08,0
comprehension,rival_majority,neutral,1201,1,0,0,0,aQrQaPaQ,B,gemma-26b-cw,google/gemma-4-26b-a4b-it,coreweave/bf16,0,1.0,CoreWeave,B,1.1e-05,6.893610414093658e-07,2.5834839789684594e-07,0
comprehension,rival_majority,neutral,1201,1,0,1,0,aQrQaPaQ,B,gemma-26b-cw,google/gemma-4-26b-a4b-it,coreweave/bf16,0,1.0,CoreWeave,B,1.1e-05,6.962259484600293e-06,1.7801054341681777e-07,0
comprehension,rival_majority,neutral,1202,-1,0,0,0,rQrQaQaPaQ,B,gemma-26b-cw,google/gemma-4-26b-a4b-it,coreweave/bf16,0,1.0,CoreWeave,B,1.01e-05,1.2333613198426458e-08,0.0,0
comprehension,rival_majority,neutral,1202,-1,0,1,0,aPrQaQrQaQ,B,gemma-26b-cw,google/gemma-4-26b-a4b-it,coreweave/bf16,0,1.0,CoreWeave,B,1.01e-05,1.0571702501949408e-07,1.1220733131533933e-07,0
comprehension,rival_majority,neutral,1202,1,0,0,0,rQaQaQrQaP,B,gemma-26b-cw,google/gemma-4-26b-a4b-it,coreweave/bf16,0,1.0,CoreWeave,B,1.17e-05,5.3157855571966113e-08,5.6957186522765824e-08,0
comprehension,rival_majority,neutral,1202,1,0,1,0,rQaQrQaPaQ,B,gemma-26b-cw,google/gemma-4-26b-a4b-it,coreweave/bf16,0,1.0,CoreWeave,B,1.17e-05,1.2098660925478445e-06,8.187877853504943e-08,0
comprehension,rival_majority,neutral,1203,-1,0,0,0,rQrQrQaQaQaP,B,gemma-26b-cw,google/gemma-4-26b-a4b-it,coreweave/bf16,0,1.0,CoreWeave,B,1.24e-05,4.163644722321573e-09,0.0,0
comprehension,rival_majority,neutral,1203,-1,0,1,0,aQrQaPrQaQrQ,B,gemma-26b-cw,google/gemma-4-26b-a4b-it,coreweave/bf16,0,1.0,CoreWeave,B,1.08e-05,2.2380294582175324e-07,1.21587196644235e-07,0
comprehension,rival_majority,neutral,1203,1,0,0,0,rQrQaQaPrQaQ,B,gemma-26b-cw,google/gemma-4-26b-a4b-it,coreweave/bf16,0,1.0,CoreWeave,B,1.08e-05,3.2426497833509037e-09,0.0,1
comprehension,rival_majority,neutral,1203,1,0,1,0,rQrQrQaQaQaP,B,gemma-26b-cw,google/gemma-4-26b-a4b-it,coreweave/bf16,0,1.0,CoreWeave,B,1.08e-05,5.747734610376815e-08,5.242203238164933e-08,0
comprehension,rival_majority,neutral,1210,-1,0,0,0,aPrPaQaQ,A,gemma-26b-cw,google/gemma-4-26b-a4b-it,coreweave/bf16,0,1.0,CoreWeave,A,9.4e-06,0.9999904837517096,6.164449198692241e-07,0
comprehension,rival_majority,neutral,1210,-1,0,1,0,aQaQaPrP,A,gemma-26b-cw,google/gemma-4-26b-a4b-it,coreweave/bf16,0,1.0,CoreWeave,A,9.4e-06,0.9999988634357474,2.9394550971222625e-07,0
comprehension,rival_majority,neutral,1210,1,0,0,0,rPaQaQaP,A,gemma-26b-cw,google/gemma-4-26b-a4b-it,coreweave/bf16,0,1.0,CoreWeave,A,9.4e-06,0.9999724643023313,3.585076438555769e-07,0
comprehension,rival_majority,neutral,1210,1,0,1,0,aQaQrPaP,A,gemma-26b-cw,google/gemma-4-26b-a4b-it,coreweave/bf16,0,1.0,CoreWeave,A,9.4e-06,0.9999991684718732,2.4135453588686347e-07,0
comprehension,rival_majority,neutral,1212,-1,0,0,0,rQaPaQrQaQrP,B,gemma-26b-cw,google/gemma-4-26b-a4b-it,coreweave/bf16,0,1.0,CoreWeave,B,1.08e-05,9.610244941621194e-05,5.669949476594383e-07,0
comprehension,rival_majority,neutral,1212,-1,0,1,0,rPrQaQrQaQaP,B,gemma-26b-cw,google/gemma-4-26b-a4b-it,coreweave/bf16,0,1.0,CoreWeave,B,1.08e-05,8.939700567175582e-06,1.2012454475573975e-07,0
comprehension,rival_majority,neutral,1212,1,0,0,0,aQrPaPrQrQaQ,B,gemma-26b-cw,google/gemma-4-26b-a4b-it,coreweave/bf16,0,1.0,CoreWeave,B,1.08e-05,2.7577933127794212e-08,9.163134473411105e-08,0
comprehension,rival_majority,neutral,1212,1,0,1,0,rPrQrQaQaQaP,B,gemma-26b-cw,google/gemma-4-26b-a4b-it,coreweave/bf16,0,1.0,CoreWeave,B,1.08e-05,6.475947092930132e-07,1.6878368924722054e-07,0
comprehension,rival_majority,neutral,1220,-1,0,0,0,rPrPaQaQaP,A,gemma-26b-cw,google/gemma-4-26b-a4b-it,coreweave/bf16,0,1.0,CoreWeave,A,1.01e-05,0.9999995407865478,2.5604191956993563e-07,0
comprehension,rival_majority,neutral,1220,-1,0,1,0,rPrPaQaQaP,A,gemma-26b-cw,google/gemma-4-26b-a4b-it,coreweave/bf16,0,1.0,CoreWeave,A,1.01e-05,0.9999998555019273,3.3233890621852505e-07,0
comprehension,rival_majority,neutral,1220,1,0,0,0,rPaPaQrPaQ,A,gemma-26b-cw,google/gemma-4-26b-a4b-it,coreweave/bf16,0,1.0,CoreWeave,A,1.01e-05,0.9999986290431201,2.9797082531548366e-07,0
comprehension,rival_majority,neutral,1220,1,0,1,0,aQrPrPaPaQ,A,gemma-26b-cw,google/gemma-4-26b-a4b-it,coreweave/bf16,0,1.0,CoreWeave,A,1.01e-05,0.9999998802069016,2.3783467793807417e-07,0
comprehension,rival_majority,neutral,1221,-1,0,0,0,aQaQrPaPrPrQ,A,gemma-26b-cw,google/gemma-4-26b-a4b-it,coreweave/bf16,0,1.0,CoreWeave,A,1.08e-05,0.9999861539987389,1.174159898837307e-06,0
comprehension,rival_majority,neutral,1221,-1,0,1,0,aPaQrQrPrPaQ,A,gemma-26b-cw,google/gemma-4-26b-a4b-it,coreweave/bf16,0,1.0,CoreWeave,A,1.08e-05,0.9999999476662675,3.0529403143141136e-07,0
comprehension,rival_majority,neutral,1221,1,0,0,0,rPaQrPaQaPrQ,A,gemma-26b-cw,google/gemma-4-26b-a4b-it,coreweave/bf16,0,1.0,CoreWeave,A,1.08e-05,0.9995694429081665,4.726924229011881e-06,0
comprehension,rival_majority,neutral,1221,1,0,1,0,aQrPrPrQaPaQ,A,gemma-26b-cw,google/gemma-4-26b-a4b-it,coreweave/bf16,0,1.0,CoreWeave,A,1.08e-05,0.9999964991439163,7.906628045423155e-07,0
comprehension,rival_majority,neutral,1230,-1,0,0,0,aQaPrPrPaQrP,A,gemma-26b-cw,google/gemma-4-26b-a4b-it,coreweave/bf16,0,1.0,CoreWeave,A,1.08e-05,0.9999999802909398,9.950021714436573e-08,0
comprehension,rival_majority,neutral,1230,-1,0,1,0,aPrPaQaQrPrP,A,gemma-26b-cw,google/gemma-4-26b-a4b-it,coreweave/bf16,0,1.0,CoreWeave,A,1.08e-05,0.9999999656787039,2.040972330948812e-07,0
comprehension,rival_majority,neutral,1230,1,0,0,0,aQaQaPrPrPrP,A,gemma-26b-cw,google/gemma-4-26b-a4b-it,coreweave/bf16,0,1.0,CoreWeave,A,1.08e-05,0.9999999773371561,0.0,0
comprehension,rival_majority,neutral,1230,1,0,1,0,rPrPaQrPaPaQ,A,gemma-26b-cw,google/gemma-4-26b-a4b-it,coreweave/bf16,0,1.0,CoreWeave,A,1.08e-05,0.9999999721242226,9.133350055284078e-08,0
comprehension,rival_majority,neutral,1301,-1,0,0,0,rQaPaQaQaQ,B,gemma-26b-cw,google/gemma-4-26b-a4b-it,coreweave/bf16,0,1.0,CoreWeave,B,1.01e-05,6.962259569801233e-06,1.902480826210251e-07,0
comprehension,rival_majority,neutral,1301,-1,0,1,0,aQrQaQaQaP,B,gemma-26b-cw,google/gemma-4-26b-a4b-it,coreweave/bf16,0,1.0,CoreWeave,B,1.01e-05,6.605212896154099e-05,4.622610718651998e-07,0
comprehension,rival_majority,neutral,1301,1,0,0,0,aQaPrQaQaQ,B,gemma-26b-cw,google/gemma-4-26b-a4b-it,coreweave/bf16,0,1.0,CoreWeave,B,1.01e-05,1.2098661162075573e-06,1.0143442230603483e-07,0
comprehension,rival_majority,neutral,1301,1,0,1,0,aQaQaPrQaQ,B,gemma-26b-cw,google/gemma-4-26b-a4b-it,coreweave/bf16,0,1.0,CoreWeave,B,1.01e-05,4.785095635679298e-06,2.2167031943354232e-07,0
comprehension,rival_majority,neutral,1302,-1,0,0,0,rQaQrQaPaQaQ,B,gemma-26b-cw,google/gemma-4-26b-a4b-it,coreweave/bf16,0,1.0,CoreWeave,B,1.08e-05,1.6373772405266497e-07,6.714142253283484e-08,0
comprehension,rival_majority,neutral,1302,-1,0,1,0,aPaQaQrQrQaQ,B,gemma-26b-cw,google/gemma-4-26b-a4b-it,coreweave/bf16,0,1.0,CoreWeave,B,1.24e-05,4.3386177684703115e-08,6.690476272996904e-08,0
comprehension,rival_majority,neutral,1302,1,0,0,0,aQrQaQaQrQaP,B,gemma-26b-cw,google/gemma-4-26b-a4b-it,coreweave/bf16,0,1.0,CoreWeave,B,1.08e-05,2.1477713339802325e-08,0.0,0
comprehension,rival_majority,neutral,1302,1,0,1,0,rQrQaQaQaPaQ,B,gemma-26b-cw,google/gemma-4-26b-a4b-it,coreweave/bf16,0,1.0,CoreWeave,B,1.08e-05,2.2380294478768992e-07,1.1696677837402802e-07,0
comprehension,rival_majority,neutral,1310,-1,0,0,0,aPaQrPaQaQ,A,gemma-26b-cw,google/gemma-4-26b-a4b-it,coreweave/bf16,0,1.0,CoreWeave,A,1.01e-05,0.999977172008256,7.749084188343705e-07,0
comprehension,rival_majority,neutral,1310,-1,0,1,0,aQaPaQaQrP,A,gemma-26b-cw,google/gemma-4-26b-a4b-it,coreweave/bf16,0,1.0,CoreWeave,A,1.01e-05,0.99999933184835,2.855219476402713e-07,0
comprehension,rival_majority,neutral,1310,1,0,0,0,aQaQaPrPaQ,A,gemma-26b-cw,google/gemma-4-26b-a4b-it,coreweave/bf16,0,1.0,CoreWeave,A,1.01e-05,0.9999379494745195,2.318489327836443e-06,0
comprehension,rival_majority,neutral,1310,1,0,1,0,aQaPaQaQrP,A,gemma-26b-cw,google/gemma-4-26b-a4b-it,coreweave/bf16,0,1.0,CoreWeave,A,1.01e-05,0.9999996533675028,2.494136888963543e-07,0
comprehension,rival_majority,neutral,1320,-1,0,0,0,aQrPaPaQaQrP,A,gemma-26b-cw,google/gemma-4-26b-a4b-it,coreweave/bf16,0,1.0,CoreWeave,A,1.24e-05,0.999999903743539,2.6137131200623603e-07,0
comprehension,rival_majority,neutral,1320,-1,0,1,0,rPaPrPaQaQaQ,A,gemma-26b-cw,google/gemma-4-26b-a4b-it,coreweave/bf16,0,1.0,CoreWeave,A,1.08e-05,0.9999997542005233,2.3103751096236654e-07,0
comprehension,rival_majority,neutral,1320,1,0,0,0,aQaQaQaPrPrP,A,gemma-26b-cw,google/gemma-4-26b-a4b-it,coreweave/bf16,0,1.0,CoreWeave,A,1.08e-05,0.9999999358793714,2.9350713812695127e-07,0
comprehension,rival_majority,neutral,1320,1,0,1,0,rPaQaQrPaPaQ,A,gemma-26b-cw,google/gemma-4-26b-a4b-it,coreweave/bf16,0,1.0,CoreWeave,A,1.08e-05,0.9999997830827169,2.5991970413965837e-07,0
comprehension,rival_majority,neutral,1401,-1,0,0,0,aQrQaPaQaQaQ,B,gemma-26b-cw,google/gemma-4-26b-a4b-it,coreweave/bf16,0,1.0,CoreWeave,B,1.08e-05,1.777855186028424e-05,3.4093834400117373e-07,0
comprehension,rival_majority,neutral,1401,-1,0,1,0,aQaQaPaQrQaQ,B,gemma-26b-cw,google/gemma-4-26b-a4b-it,coreweave/bf16,0,1.0,CoreWeave,B,1.08e-05,5.144220140788585e-05,7.687796823585558e-07,0
comprehension,rival_majority,neutral,1401,1,0,0,0,aPrQaQaQaQaQ,B,gemma-26b-cw,google/gemma-4-26b-a4b-it,coreweave/bf16,0,1.0,CoreWeave,B,1.08e-05,2.9023126771604122e-06,1.9711984511339153e-07,0
comprehension,rival_majority,neutral,1401,1,0,1,0,aQaQaQrQaQaP,B,gemma-26b-cw,google/gemma-4-26b-a4b-it,coreweave/bf16,0,1.0,CoreWeave,B,1.08e-05,3.5356262693052395e-05,2.670991486874996e-07,0
comprehension,rival_majority,neutral,1410,-1,0,0,0,aQaQrPaQaPaQ,A,gemma-26b-cw,google/gemma-4-26b-a4b-it,coreweave/bf16,0,1.0,CoreWeave,A,1.08e-05,0.9999646437324234,1.358894608183922e-06,0
comprehension,rival_majority,neutral,1410,-1,0,1,0,aQaQaPaQrPaQ,A,gemma-26b-cw,google/gemma-4-26b-a4b-it,coreweave/bf16,0,1.0,CoreWeave,A,1.08e-05,0.9999945777829692,8.958402050426473e-07,0
comprehension,rival_majority,neutral,1410,1,0,0,0,aQaQaPrPaQaQ,A,gemma-26b-cw,google/gemma-4-26b-a4b-it,coreweave/bf16,0,1.0,CoreWeave,A,1.08e-05,0.9999623635528477,1.4627265062736118e-06,0
comprehension,rival_majority,neutral,1410,1,0,1,0,rPaQaQaQaPaQ,A,gemma-26b-cw,google/gemma-4-26b-a4b-it,coreweave/bf16,0,1.0,CoreWeave,A,1.08e-05,0.9999877809196107,5.361578502240159e-07,0
comprehension,rival_majority,neutral,2001,-1,0,0,0,rQaPaP,B,gemma-26b-cw,google/gemma-4-26b-a4b-it,coreweave/bf16,0,1.0,CoreWeave,B,8.7e-06,1.4593756947167846e-06,8.729656375550121e-08,0
comprehension,rival_majority,neutral,2001,-1,0,1,0,rQaPaP,B,gemma-26b-cw,google/gemma-4-26b-a4b-it,coreweave/bf16,0,1.0,CoreWeave,B,8.7e-06,2.2827999908072987e-05,1.788668240187974e-07,0
comprehension,rival_majority,neutral,2001,1,0,0,0,aPrQaP,B,gemma-26b-cw,google/gemma-4-26b-a4b-it,coreweave/bf16,0,1.0,CoreWeave,B,8.7e-06,8.315281267894483e-07,2.413545359125635e-07,0
comprehension,rival_majority,neutral,2001,1,0,1,0,aPrQaP,B,gemma-26b-cw,google/gemma-4-26b-a4b-it,coreweave/bf16,0,1.0,CoreWeave,B,8.7e-06,1.370956716564386e-06,1.7876184132958883e-07,0
comprehension,rival_majority,neutral,2002,-1,0,0,0,rQaPrQaP,B,gemma-26b-cw,google/gemma-4-26b-a4b-it,coreweave/bf16,0,1.0,CoreWeave,B,9.4e-06,8.152020581559288e-09,0.0,1
comprehension,rival_majority,neutral,2002,-1,0,1,0,aPrQrQaP,B,gemma-26b-cw,google/gemma-4-26b-a4b-it,coreweave/bf16,0,1.0,CoreWeave,B,9.4e-06,6.6730072731212154e-09,9.940720557821692e-08,0
comprehension,rival_majority,neutral,2002,1,0,0,0,aPaPrQrQ,B,gemma-26b-cw,google/gemma-4-26b-a4b-it,coreweave/bf16,0,1.0,CoreWeave,B,9.4e-06,2.8172629506200066e-09,0.0,1
comprehension,rival_majority,neutral,2002,1,0,1,0,aPrQrQaP,B,gemma-26b-cw,google/gemma-4-26b-a4b-it,coreweave/bf16,0,1.0,CoreWeave,B,9.4e-06,2.0494181998132434e-08,2.0394852939809027e-07,0
comprehension,rival_majority,neutral,2003,-1,0,0,0,aPrQrQrQaP,B,gemma-26b-cw,google/gemma-4-26b-a4b-it,coreweave/bf16,0,1.0,CoreWeave,B,1.01e-05,5.515933040949798e-09,0.0,1
comprehension,rival_majority,neutral,2003,-1,0,1,0,rQrQaPaPrQ,B,gemma-26b-cw,google/gemma-4-26b-a4b-it,coreweave/bf16,0,1.0,CoreWeave,B,1.01e-05,1.4589426606585732e-08,0.0,0
comprehension,rival_majority,neutral,2003,1,0,0,0,aPrQrQaPrQ,B,gemma-26b-cw,google/gemma-4-26b-a4b-it,coreweave/bf16,0,1.0,CoreWeave,B,1.01e-05,3.242649760848966e-09,0.0,1
comprehension,rival_majority,neutral,2003,1,0,1,0,aPrQrQaPrQ,B,gemma-26b-cw,google/gemma-4-26b-a4b-it,coreweave/bf16,0,1.0,CoreWeave,B,1.17e-05,6.676265587169878e-09,0.0,0
comprehension,rival_majority,neutral,2004,-1,0,0,0,aPrQaPrQrQrQ,B,gemma-26b-cw,google/gemma-4-26b-a4b-it,coreweave/bf16,0,1.0,CoreWeave,B,1.08e-05,4.6087345654949316e-09,0.0,1
comprehension,rival_majority,neutral,2004,-1,0,1,0,rQrQaPrQaPrQ,B,gemma-26b-cw,google/gemma-4-26b-a4b-it,coreweave/bf16,0,1.0,CoreWeave,B,1.08e-05,4.8299123625149865e-09,0.0,1
comprehension,rival_majority,neutral,2004,1,0,0,0,rQaPrQaPrQrQ,B,gemma-26b-cw,google/gemma-4-26b-a4b-it,coreweave/bf16,0,1.0,CoreWeave,B,1.08e-05,2.4476804725284717e-09,0.0,1
comprehension,rival_majority,neutral,2004,1,0,1,0,rQrQaPaPrQrQ,B,gemma-26b-cw,google/gemma-4-26b-a4b-it,coreweave/bf16,0,1.0,CoreWeave,B,1.08e-05,4.537282757697429e-09,0.0,1
comprehension,rival_majority,neutral,2010,-1,0,0,0,aPaPrP,A,gemma-26b-cw,google/gemma-4-26b-a4b-it,coreweave/bf16,0,1.0,CoreWeave,A,1.03e-05,0.9999038975735103,2.235778244455365e-06,0
comprehension,rival_majority,neutral,2010,-1,0,1,0,rPaPaP,A,gemma-26b-cw,google/gemma-4-26b-a4b-it,coreweave/bf16,0,1.0,CoreWeave,A,8.7e-06,0.9999822214460204,4.601436473873868e-07,0
comprehension,rival_majority,neutral,2010,1,0,0,0,rPaPaP,A,gemma-26b-cw,google/gemma-4-26b-a4b-it,coreweave/bf16,0,1.0,CoreWeave,A,8.7e-06,0.9999573525216866,5.044436246792557e-07,0
comprehension,rival_majority,neutral,2010,1,0,1,0,rPaPaP,A,gemma-26b-cw,google/gemma-4-26b-a4b-it,coreweave/bf16,0,1.0,CoreWeave,A,8.7e-06,0.999876605424976,1.5213457045742756e-06,0
comprehension,rival_majority,neutral,2012,-1,0,0,0,aPrPrQrQaP,B,gemma-26b-cw,google/gemma-4-26b-a4b-it,coreweave/bf16,0,1.0,CoreWeave,B,1.01e-05,8.494600898536556e-08,2.9318818373091915e-08,0
comprehension,rival_majority,neutral,2012,-1,0,1,0,rPrQaPaPrQ,B,gemma-26b-cw,google/gemma-4-26b-a4b-it,coreweave/bf16,0,1.0,CoreWeave,B,1.01e-05,9.028035749140579e-05,9.065185154755184e-07,0
comprehension,rival_majority,neutral,2012,1,0,0,0,rPrQaPrQaP,B,gemma-26b-cw,google/gemma-4-26b-a4b-it,coreweave/bf16,0,1.0,CoreWeave,B,1.01e-05,9.042455582381292e-08,2.8784722161390164e-08,0
comprehension,rival_majority,neutral,2012,1,0,1,0,aPrQrPaPrQ,B,gemma-26b-cw,google/gemma-4-26b-a4b-it,coreweave/bf16,0,1.0,CoreWeave,B,1.01e-05,1.4738983729750081e-05,6.387875640667673e-07,0
comprehension,rival_majority,neutral,2013,-1,0,0,0,rPrQrQaPaPrQ,B,gemma-26b-cw,google/gemma-4-26b-a4b-it,coreweave/bf16,0,1.0,CoreWeave,B,1.08e-05,1.5229981050704774e-08,8.575139653910213e-08,0
comprehension,rival_majority,neutral,2013,-1,0,1,0,aPrPrQrQaPrQ,B,gemma-26b-cw,google/gemma-4-26b-a4b-it,coreweave/bf16,0,1.0,CoreWeave,B,1.24e-05,3.05902334556441e-07,4.594477909236616e-08,0
comprehension,rival_majority,neutral,2013,1,0,0,0,rPaPrQaPrQrQ,B,gemma-26b-cw,google/gemma-4-26b-a4b-it,coreweave/bf16,0,1.0,CoreWeave,B,1.08e-05,2.2508450375812597e-08,0.0,0
comprehension,rival_majority,neutral,2013,1,0,1,0,rQrQaPaPrQrP,B,gemma-26b-cw,google/gemma-4-26b-a4b-it,coreweave/bf16,0,1.0,CoreWeave,B,1.08e-05,2.1444943303118133e-05,2.5068276798823064e-07,0
comprehension,rival_majority,neutral,2020,-1,0,0,0,rPaPaPrP,A,gemma-26b-cw,google/gemma-4-26b-a4b-it,coreweave/bf16,0,1.0,CoreWeave,A,9.4e-06,0.9999980052693274,3.8945032452788877e-07,0
comprehension,rival_majority,neutral,2020,-1,0,1,0,aPrPrPaP,A,gemma-26b-cw,google/gemma-4-26b-a4b-it,coreweave/bf16,0,1.0,CoreWeave,A,9.4e-06,0.9999999425226397,3.001504047693898e-07,0
comprehension,rival_majority,neutral,2020,1,0,0,0,rPrPaPaP,A,gemma-26b-cw,google/gemma-4-26b-a4b-it,coreweave/bf16,0,1.0,CoreWeave,A,9.4e-06,0.9999996072136125,8.405057628134563e-08,0
comprehension,rival_majority,neutral,2020,1,0,1,0,aPrPrPaP,A,gemma-26b-cw,google/gemma-4-26b-a4b-it,coreweave/bf16,0,1.0,CoreWeave,A,9.4e-06,0.999999878320435,2.3594821158223797e-07,0
comprehension,rival_majority,neutral,2021,-1,0,0,0,rPaPrPaPrQ,A,gemma-26b-cw,google/gemma-4-26b-a4b-it,coreweave/bf16,0,1.0,CoreWeave,A,1.01e-05,0.9999296881658911,1.0895111604402447e-06,0
comprehension,rival_majority,neutral,2021,-1,0,1,0,rPaPrQaPrP,A,gemma-26b-cw,google/gemma-4-26b-a4b-it,coreweave/bf16,0,1.0,CoreWeave,A,1.01e-05,0.9999981261239462,1.3447668745561378e-06,0
comprehension,rival_majority,neutral,2021,1,0,0,0,rPrQaPrPaP,A,gemma-26b-cw,google/gemma-4-26b-a4b-it,coreweave/bf16,0,1.0,CoreWeave,A,1.01e-05,0.9999972735294043,2.537533465517132e-07,0
comprehension,rival_majority,neutral,2021,1,0,1,0,rPaPrPrQaP,A,gemma-26b-cw,google/gemma-4-26b-a4b-it,coreweave/bf16,0,1.0,CoreWeave,A,1.01e-05,0.9999810748585257,7.440191291593551e-07,0
comprehension,rival_majority,neutral,2030,-1,0,0,0,rPaPaPrPrP,A,gemma-26b-cw,google/gemma-4-26b-a4b-it,coreweave/bf16,0,1.0,CoreWeave,A,1.01e-05,0.9999997830827427,1.4071052117028748e-07,0
comprehension,rival_majority,neutral,2030,-1,0,1,0,rPrPaPaPrP,A,gemma-26b-cw,google/gemma-4-26b-a4b-it,coreweave/bf16,0,1.0,CoreWeave,A,1.01e-05,0.9999999586006196,7.780989815207487e-08,0
comprehension,rival_majority,neutral,2030,1,0,0,0,rPaPaPrPrP,A,gemma-26b-cw,google/gemma-4-26b-a4b-it,coreweave/bf16,0,1.0,CoreWeave,A,1.01e-05,0.9999997796667676,2.565037548663155e-07,0
comprehension,rival_majority,neutral,2030,1,0,1,0,aPrPrPrPaP,A,gemma-26b-cw,google/gemma-4-26b-a4b-it,coreweave/bf16,0,1.0,CoreWeave,A,1.01e-05,0.9999999805965029,0.0,0
comprehension,rival_majority,neutral,2031,-1,0,0,0,aPaPrPrPrPrQ,A,gemma-26b-cw,google/gemma-4-26b-a4b-it,coreweave/bf16,0,1.0,CoreWeave,A,1.08e-05,0.9999999617118275,2.0013035739806901e-07,0
comprehension,rival_majority,neutral,2031,-1,0,1,0,rQaPrPrPaPrP,A,gemma-26b-cw,google/gemma-4-26b-a4b-it,coreweave/bf16,0,1.0,CoreWeave,A,1.08e-05,0.9999999694740072,2.078925357673157e-07,0
comprehension,rival_majority,neutral,2031,1,0,0,0,rPrPaPrQaPrP,A,gemma-26b-cw,google/gemma-4-26b-a4b-it,coreweave/bf16,0,1.0,CoreWeave,A,1.08e-05,0.9999990278452652,1.0072782507889601e-07,0
comprehension,rival_majority,neutral,2031,1,0,1,0,rPaPrPrPaPrQ,A,gemma-26b-cw,google/gemma-4-26b-a4b-it,coreweave/bf16,0,1.0,CoreWeave,A,1.08e-05,0.9999993106389545,2.643125435975031e-07,0
comprehension,rival_majority,neutral,2040,-1,0,0,0,rPaPrPaPrPrP,A,gemma-26b-cw,google/gemma-4-26b-a4b-it,coreweave/bf16,0,1.0,CoreWeave,A,1.24e-05,0.9999998764042757,1.1482281210203645e-07,0
comprehension,rival_majority,neutral,2040,-1,0,1,0,aPaPrPrPrPrP,A,gemma-26b-cw,google/gemma-4-26b-a4b-it,coreweave/bf16,0,1.0,CoreWeave,A,1.08e-05,0.9999999827421703,1.0195144735196632e-07,0
comprehension,rival_majority,neutral,2040,1,0,0,0,rPaPrPrPrPaP,A,gemma-26b-cw,google/gemma-4-26b-a4b-it,coreweave/bf16,0,1.0,CoreWeave,A,1.08e-05,0.9999998577421959,9.616073187436867e-08,0
comprehension,rival_majority,neutral,2040,1,0,1,0,aPrPrPaPrPrP,A,gemma-26b-cw,google/gemma-4-26b-a4b-it,coreweave/bf16,0,1.0,CoreWeave,A,1.08e-05,0.9999999677091415,8.691841958908338e-08,0
comprehension,rival_majority,neutral,2101,-1,0,0,0,aPrQaPaQ,B,gemma-26b-cw,google/gemma-4-26b-a4b-it,coreweave/bf16,0,1.0,CoreWeave,B,1.1e-05,1.0783317364167733e-05,1.838190906156001e-07,0
comprehension,rival_majority,neutral,2101,-1,0,1,0,aPrQaPaQ,B,gemma-26b-cw,google/gemma-4-26b-a4b-it,coreweave/bf16,0,1.0,CoreWeave,B,9.4e-06,3.5008539970446803e-06,1.9462101086276107e-07,0
comprehension,rival_majority,neutral,2101,1,0,0,0,aQrQaPaP,B,gemma-26b-cw,google/gemma-4-26b-a4b-it,coreweave/bf16,0,1.0,CoreWeave,B,9.4e-06,2.4579947665598233e-07,2.3103751101150038e-07,0
comprehension,rival_majority,neutral,2101,1,0,1,0,aPaQaPrQ,B,gemma-26b-cw,google/gemma-4-26b-a4b-it,coreweave/bf16,0,1.0,CoreWeave,B,1.1e-05,5.715003789054103e-07,2.629641090434731e-07,0
comprehension,rival_majority,neutral,2102,-1,0,0,0,aPrQaQaPrQ,B,gemma-26b-cw,google/gemma-4-26b-a4b-it,coreweave/bf16,0,1.0,CoreWeave,B,1.01e-05,5.894661245435317e-09,0.0,1
comprehension,rival_majority,neutral,2102,-1,0,1,0,aPaQrQrQaP,B,gemma-26b-cw,google/gemma-4-26b-a4b-it,coreweave/bf16,0,1.0,CoreWeave,B,1.01e-05,9.794877719217464e-09,0.0,0
comprehension,rival_majority,neutral,2102,1,0,0,0,rQrQaQaPaP,B,gemma-26b-cw,google/gemma-4-26b-a4b-it,coreweave/bf16,0,1.0,CoreWeave,B,1.17e-05,5.713301598217986e-09,0.0,0
comprehension,rival_majority,neutral,2102,1,0,1,0,rQaPaPaQrQ,B,gemma-26b-cw,google/gemma-4-26b-a4b-it,coreweave/bf16,0,1.0,CoreWeave,B,1.01e-05,2.3222945107471515e-08,0.0,0
comprehension,rival_majority,neutral,2103,-1,0,0,0,aPaQrQrQrQaP,B,gemma-26b-cw,google/gemma-4-26b-a4b-it,coreweave/bf16,0,1.0,CoreWeave,B,1.08e-05,2.6673309535239085e-09,0.0,1
comprehension,rival_majority,neutral,2103,-1,0,1,0,aPaPrQaQrQrQ,B,gemma-26b-cw,google/gemma-4-26b-a4b-it,coreweave/bf16,0,1.0,CoreWeave,B,1.08e-05,3.064546762931438e-08,1.8943804369619954e-07,0
comprehension,rival_majority,neutral,2103,1,0,0,0,aPrQaQrQrQaP,B,gemma-26b-cw,google/gemma-4-26b-a4b-it,coreweave/bf16,0,1.0,CoreWeave,B,1.08e-05,4.944450445853521e-09,0.0,1
comprehension,rival_majority,neutral,2103,1,0,1,0,rQrQaPaPrQaQ,B,gemma-26b-cw,google/gemma-4-26b-a4b-it,coreweave/bf16,0,1.0,CoreWeave,B,1.08e-05,1.8015536995642544e-08,0.0,0
comprehension,rival_majority,neutral,2110,-1,0,0,0,aPaPrPaQ,A,gemma-26b-cw,google/gemma-4-26b-a4b-it,coreweave/bf16,0,1.0,CoreWeave,A,9.4e-06,0.9990889488760653,2.114945835916197e-05,0
comprehension,rival_majority,neutral,2110,-1,0,1,0,aPaQrPaP,A,gemma-26b-cw,google/gemma-4-26b-a4b-it,coreweave/bf16,0,1.0,CoreWeave,A,9.4e-06,0.9999986290431201,2.9797082531548366e-07,0
comprehension,rival_majority,neutral,2110,1,0,0,0,aPaQrPaP,A,gemma-26b-cw,google/gemma-4-26b-a4b-it,coreweave/bf16,0,1.0,CoreWeave,A,9.4e-06,0.9998204720336309,2.5911184498172317e-06,0
comprehension,rival_majority,neutral,2110,1,0,1,0,aPrPaQaP,A,gemma-26b-cw,google/gemma-4-26b-a4b-it,coreweave/bf16,0,1.0,CoreWeave,A,9.4e-06,0.9999938558261304,4.1229672204925753e-07,0
comprehension,rival_majority,neutral,2112,-1,0,0,0,aPaPrQrPrQaQ,B,gemma-26b-cw,google/gemma-4-26b-a4b-it,coreweave/bf16,0,1.0,CoreWeave,A,1.08e-05,0.8519528019683106,8.57566588312042e-05,0
comprehension,rival_majority,neutral,2112,-1,0,1,0,rQaPaQrQaPrP,B,gemma-26b-cw,google/gemma-4-26b-a4b-it,coreweave/bf16,0,1.0,CoreWeave,B,1.08e-05,0.0021827164088344124,5.471119696398574e-06,0
comprehension,rival_majority,neutral,2112,1,0,0,0,aPrQaPaQrQrP,B,gemma-26b-cw,google/gemma-4-26b-a4b-it,coreweave/bf16,0,1.0,CoreWeave,B,1.08e-05,1.8738756070303105e-06,1.5267850161926333e-07,0
comprehension,rival_majority,neutral,2112,1,0,1,0,rQaPrPrQaPaQ,B,gemma-26b-cw,google/gemma-4-26b-a4b-it,coreweave/bf16,0,1.0,CoreWeave,B,1.08e-05,0.0229773705372549,1.873244281058728e-05,0
comprehension,rival_majority,neutral,2120,-1,0,0,0,rPrPaPaPaQ,A,gemma-26b-cw,google/gemma-4-26b-a4b-it,coreweave/bf16,0,1.0,CoreWeave,A,1.01e-05,0.9999993723295866,3.2600319813422464e-07,0
comprehension,rival_majority,neutral,2120,-1,0,1,0,rPaQaPaPrP,A,gemma-26b-cw,google/gemma-4-26b-a4b-it,coreweave/bf16,0,1.0,CoreWeave,A,1.17e-05,0.9999997463980124,2.2323499981448274e-07,0
comprehension,rival_majority,neutral,2120,1,0,0,0,aQrPrPaPaP,A,gemma-26b-cw,google/gemma-4-26b-a4b-it,coreweave/bf16,0,1.0,CoreWeave,A,1.01e-05,0.9999995407865478,2.5604191956993563e-07,0
comprehension,rival_majority,neutral,2120,1,0,1,0,aPrPaPaQrP,A,gemma-26b-cw,google/gemma-4-26b-a4b-it,coreweave/bf16,0,1.0,CoreWeave,A,1.17e-05,0.9999998144609645,4.105071402701925e-07,0
comprehension,rival_majority,neutral,2121,-1,0,0,0,aPrPrPaQaPrQ,A,gemma-26b-cw,google/gemma-4-26b-a4b-it,coreweave/bf16,0,1.0,CoreWeave,A,1.08e-05,0.9999877809268938,8.937872895083169e-07,0
comprehension,rival_majority,neutral,2121,-1,0,1,0,aPaQrQaPrPrP,A,gemma-26b-cw,google/gemma-4-26b-a4b-it,coreweave/bf16,0,1.0,CoreWeave,A,1.08e-05,0.9999998892094809,3.6604645228055787e-07,0
comprehension,rival_majority,neutral,2121,1,0,0,0,aPrQaQaPrPrP,A,gemma-26b-cw,google/gemma-4-26b-a4b-it,coreweave/bf16,0,1.0,CoreWeave,A,1.08e-05,0.9999978092192009,3.1260864961239096e-07,0
comprehension,rival_majority,neutral,2121,1,0,1,0,aPrPrQaQaPrP,A,gemma-26b-cw,google/gemma-4-26b-a4b-it,coreweave/bf16,0,1.0,CoreWeave,A,1.08e-05,0.9999957771675622,3.0710114263302425e-07,0
comprehension,rival_majority,neutral,2130,-1,0,0,0,aQaPrPaPrPrP,A,gemma-26b-cw,google/gemma-4-26b-a4b-it,coreweave/bf16,0,1.0,CoreWeave,A,1.08e-05,0.9999999604964352,7.970571366030573e-08,0
comprehension,rival_majority,neutral,2130,-1,0,1,0,aPrPaPrPaQrP,A,gemma-26b-cw,google/gemma-4-26b-a4b-it,coreweave/bf16,0,1.0,CoreWeave,A,1.08e-05,0.9999999787725069,9.798178433921648e-08,0
comprehension,rival_majority,neutral,2130,1,0,0,0,aPrPaPaQrPrP,A,gemma-26b-cw,google/gemma-4-26b-a4b-it,coreweave/bf16,0,1.0,CoreWeave,A,1.08e-05,0.9999989969857922,6.986832428749954e-08,0
comprehension,rival_majority,neutral,2130,1,0,1,0,aQrPaPrPaPrP,A,gemma-26b-cw,google/gemma-4-26b-a4b-it,coreweave/bf16,0,1.0,CoreWeave,A,1.08e-05,0.9999999755673052,9.477658296461382e-08,0
comprehension,rival_majority,neutral,2201,-1,0,0,0,aQaPaQaPrQ,B,gemma-26b-cw,google/gemma-4-26b-a4b-it,coreweave/bf16,0,1.0,CoreWeave,B,1.01e-05,3.9278605979576586e-07,2.032601196244599e-07,0
comprehension,rival_majority,neutral,2201,-1,0,1,0,aQaPrQaQaP,B,gemma-26b-cw,google/gemma-4-26b-a4b-it,coreweave/bf16,0,1.0,CoreWeave,B,1.17e-05,1.9947301971022554e-06,1.5103274020322743e-07,0
comprehension,rival_majority,neutral,2201,1,0,0,0,aPaPaQaQrQ,B,gemma-26b-cw,google/gemma-4-26b-a4b-it,coreweave/bf16,0,1.0,CoreWeave,B,1.17e-05,1.3574336093367336e-07,2.1410570349988944e-07,0
comprehension,rival_majority,neutral,2201,1,0,1,0,rQaQaPaQaP,B,gemma-26b-cw,google/gemma-4-26b-a4b-it,coreweave/bf16,0,1.0,CoreWeave,B,1.01e-05,0.00011591934240203739,4.154383064225442e-07,0
comprehension,rival_majority,neutral,2202,-1,0,0,0,rQaQaPrQaQaP,B,gemma-26b-cw,google/gemma-4-26b-a4b-it,coreweave/bf16,0,1.0,CoreWeave,B,1.08e-05,5.1522360230758223e-08,5.573276984360831e-08,0
comprehension,rival_majority,neutral,2202,-1,0,1,0,aQrQaPaQaPrQ,B,gemma-26b-cw,google/gemma-4-26b-a4b-it,coreweave/bf16,0,1.0,CoreWeave,B,1.08e-05,3.378919336875622e-08,1.9160244335569843e-07,0
comprehension,rival_majority,neutral,2202,1,0,0,0,rQaPaPaQrQaQ,B,gemma-26b-cw,google/gemma-4-26b-a4b-it,coreweave/bf16,0,1.0,CoreWeave,B,1.08e-05,4.608734576802743e-09,0.0,1
comprehension,rival_majority,neutral,2202,1,0,1,0,rQaPaQrQaQaP,B,gemma-26b-cw,google/gemma-4-26b-a4b-it,coreweave/bf16,0,1.0,CoreWeave,B,1.08e-05,1.5870006320631513e-07,1.8886131269990614e-07,0
comprehension,rival_majority,neutral,2210,-1,0,0,0,aPrPaQaPaQ,A,gemma-26b-cw,google/gemma-4-26b-a4b-it,coreweave/bf16,0,1.0,CoreWeave,A,1.01e-05,0.999984310448404,6.418649979715279e-07,0
comprehension,rival_majority,neutral,2210,-1,0,1,0,aPaPrPaQaQ,A,gemma-26b-cw,google/gemma-4-26b-a4b-it,coreweave/bf16,0,1.0,CoreWeave,A,1.01e-05,0.9999916019249621,5.425462493256535e-07,0
comprehension,rival_majority,neutral,2210,1,0,0,0,aPaQaPaQrP,A,gemma-26b-cw,google/gemma-4-26b-a4b-it,coreweave/bf16,0,1.0,CoreWeave,A,1.01e-05,0.9999960330145581,6.821578354064933e-07,0
comprehension,rival_majority,neutral,2210,1,0,1,0,rPaPaQaPaQ,A,gemma-26b-cw,google/gemma-4-26b-a4b-it,coreweave/bf16,0,1.0,CoreWeave,A,1.17e-05,0.9999962733602715,2.0725213060830339e-07,0
comprehension,rival_majority,neutral,2220,-1,0,0,0,rPaPaQaQrPaP,A,gemma-26b-cw,google/gemma-4-26b-a4b-it,coreweave/bf16,0,1.0,CoreWeave,A,1.08e-05,0.9999989969857922,6.986832428749954e-08,0
comprehension,rival_majority,neutral,2220,-1,0,1,0,aQaPaPaQrPrP,A,gemma-26b-cw,google/gemma-4-26b-a4b-it,coreweave/bf16,0,1.0,CoreWeave,A,1.08e-05,0.9999999809345974,1.0014387461540302e-07,0
comprehension,rival_majority,neutral,2220,1,0,0,0,aQrPaPrPaQaP,A,gemma-26b-cw,google/gemma-4-26b-a4b-it,coreweave/bf16,0,1.0,CoreWeave,A,1.08e-05,0.9999992188515762,2.9173426611410455e-07,0
comprehension,rival_majority,neutral,2220,1,0,1,0,rPaQaPaPrPaQ,A,gemma-26b-cw,google/gemma-4-26b-a4b-it,coreweave/bf16,0,1.0,CoreWeave,A,1.08e-05,0.9999998509150846,2.0854286357111426e-07,0
comprehension,rival_majority,neutral,2301,-1,0,0,0,aQaQaQrQaPaP,B,gemma-26b-cw,google/gemma-4-26b-a4b-it,coreweave/bf16,0,1.0,CoreWeave,B,1.08e-05,1.2219073106216469e-05,8.937872895131704e-07,0
comprehension,rival_majority,neutral,2301,-1,0,1,0,aQaPaQaPaQrQ,B,gemma-26b-cw,google/gemma-4-26b-a4b-it,coreweave/bf16,0,1.0,CoreWeave,B,1.08e-05,1.568954598510731e-05,2.842483627363279e-07,0
comprehension,rival_majority,neutral,2301,1,0,0,0,aQaQaPaPrQaQ,B,gemma-26b-cw,google/gemma-4-26b-a4b-it,coreweave/bf16,0,1.0,CoreWeave,B,1.08e-05,1.1478768125911099e-05,2.8261748816760246e-06,0
comprehension,rival_majority,neutral,2301,1,0,1,0,aQaPaQaPrQaQ,B,gemma-26b-cw,google/gemma-4-26b-a4b-it,coreweave/bf16,0,1.0,CoreWeave,B,1.08e-05,5.144220140788585e-05,7.687796823585558e-07,0
comprehension,rival_majority,neutral,2310,-1,0,0,0,rPaQaQaPaQaP,A,gemma-26b-cw,google/gemma-4-26b-a4b-it,coreweave/bf16,0,1.0,CoreWeave,A,1.08e-05,0.9933071496577147,7.329248779324154e-05,0
comprehension,rival_majority,neutral,2310,-1,0,1,0,aQaPrPaQaQaP,A,gemma-26b-cw,google/gemma-4-26b-a4b-it,coreweave/bf16,0,1.0,CoreWeave,A,1.08e-05,0.9999938558246655,6.507118905456884e-07,0
comprehension,rival_majority,neutral,2310,1,0,0,0,aQaQaPaQrPaP,A,gemma-26b-cw,google/gemma-4-26b-a4b-it,coreweave/bf16,0,1.0,CoreWeave,A,1.08e-05,0.99985116144916,4.1389438577654194e-05,0
comprehension,rival_majority,neutral,2310,1,0,1,0,aQrPaPaQaQaP,A,gemma-26b-cw,google/gemma-4-26b-a4b-it,coreweave/bf16,0,1.0,CoreWeave,A,1.08e-05,0.99999946312506,2.97589557461257e-07,0
comprehension,rival_majority,neutral,3001,-1,0,0,0,aPaPrQaP,B,gemma-26b-cw,google/gemma-4-26b-a4b-it,coreweave/bf16,0,1.0,CoreWeave,B,9.4e-06,5.422218969927411e-06,2.997958123973632e-07,0
comprehension,rival_majority,neutral,3001,-1,0,1,0,aPaPrQaP,B,gemma-26b-cw,google/gemma-4-26b-a4b-it,coreweave/bf16,0,1.0,CoreWeave,B,9.4e-06,1.994729959312828e-06,3.182392671607914e-08,0
comprehension,rival_majority,neutral,3001,1,0,0,0,aPrQaPaP,B,gemma-26b-cw,google/gemma-4-26b-a4b-it,coreweave/bf16,0,1.0,CoreWeave,B,9.4e-06,3.6898836424425346e-07,2.2705781910214995e-07,0
comprehension,rival_majority,neutral,3001,1,0,1,0,rQaPaPaP,B,gemma-26b-cw,google/gemma-4-26b-a4b-it,coreweave/bf16,0,1.0,CoreWeave,B,9.4e-06,0.00010229982979779912,4.4806236487726636e-07,0
comprehension,rival_majority,neutral,3002,-1,0,0,0,rQaPaPrQaP,B,gemma-26b-cw,google/gemma-4-26b-a4b-it,coreweave/bf16,0,1.0,CoreWeave,B,1.01e-05,6.66974900605557e-09,0.0,0
comprehension,rival_majority,neutral,3002,-1,0,1,0,aPaPrQrQaP,B,gemma-26b-cw,google/gemma-4-26b-a4b-it,coreweave/bf16,0,1.0,CoreWeave,B,1.01e-05,3.880943607297981e-09,0.0,1
comprehension,rival_majority,neutral,3002,1,0,0,0,rQaPrQaPaP,B,gemma-26b-cw,google/gemma-4-26b-a4b-it,coreweave/bf16,0,1.0,CoreWeave,B,1.01e-05,2.765471496433945e-09,0.0,1
comprehension,rival_majority,neutral,3002,1,0,1,0,aPrQaPaPrQ,B,gemma-26b-cw,google/gemma-4-26b-a4b-it,coreweave/bf16,0,1.0,CoreWeave,B,1.01e-05,7.393561602887625e-09,0.0,0
comprehension,rival_majority,neutral,3003,-1,0,0,0,aPrQrQaPaPrQ,B,gemma-26b-cw,google/gemma-4-26b-a4b-it,coreweave/bf16,0,1.0,CoreWeave,B,1.08e-05,2.4862258232361613e-09,0.0,1
comprehension,rival_majority,neutral,3003,-1,0,1,0,aPrQrQaPaPrQ,B,gemma-26b-cw,google/gemma-4-26b-a4b-it,coreweave/bf16,0,1.0,CoreWeave,B,1.08e-05,1.4391320706457573e-08,8.420334252079442e-08,0
comprehension,rival_majority,neutral,3003,1,0,0,0,aPrQaPrQaPrQ,B,gemma-26b-cw,google/gemma-4-26b-a4b-it,coreweave/bf16,0,1.0,CoreWeave,B,1.08e-05,3.332539342740114e-09,0.0,1
comprehension,rival_majority,neutral,3003,1,0,1,0,aPrQaPrQrQaP,B,gemma-26b-cw,google/gemma-4-26b-a4b-it,coreweave/bf16,0,1.0,CoreWeave,B,1.08e-05,7.994346210217758e-09,0.0,0
comprehension,rival_majority,neutral,3010,-1,0,0,0,aPaPrPaP,A,gemma-26b-cw,google/gemma-4-26b-a4b-it,coreweave/bf16,0,1.0,CoreWeave,A,9.4e-06,0.9993736658164957,2.458366687752315e-06,0
comprehension,rival_majority,neutral,3010,-1,0,1,0,rPaPaPaP,A,gemma-26b-cw,google/gemma-4-26b-a4b-it,coreweave/bf16,0,1.0,CoreWeave,A,9.4e-06,0.9999296881742719,9.703176509334016e-07,0
comprehension,rival_majority,neutral,3010,1,0,0,0,aPaPrPaP,A,gemma-26b-cw,google/gemma-4-26b-a4b-it,coreweave/bf16,0,1.0,CoreWeave,A,9.4e-06,0.9992903296969967,3.7674731248125547e-06,0
comprehension,rival_majority,neutral,3010,1,0,1,0,aPaPaPrP,A,gemma-26b-cw,google/gemma-4-26b-a4b-it,coreweave/bf16,0,1.0,CoreWeave,A,9.4e-06,0.9999892166890632,5.414487094955719e-07,0
comprehension,rival_majority,neutral,3012,-1,0,0,0,rPaPrQaPaPrQ,B,gemma-26b-cw,google/gemma-4-26b-a4b-it,coreweave/bf16,0,1.0,CoreWeave,B,1.24e-05,7.484624513510494e-05,1.6803912896712347e-06,0
comprehension,rival_majority,neutral,3012,-1,0,1,0,aPaPrQaPrPrQ,B,gemma-26b-cw,google/gemma-4-26b-a4b-it,coreweave/bf16,0,1.0,CoreWeave,B,1.08e-05,0.04468086693339587,6.384074048138011e-05,0
comprehension,rival_majority,neutral,3012,1,0,0,0,rQaPaPrQrPaP,B,gemma-26b-cw,google/gemma-4-26b-a4b-it,coreweave/bf16,0,1.0,CoreWeave,B,1.24e-05,0.0017007223677538822,3.927378662837988e-06,0
comprehension,rival_majority,neutral,3012,1,0,1,0,aPaPrQrQrPaP,B,gemma-26b-cw,google/gemma-4-26b-a4b-it,coreweave/bf16,0,1.0,CoreWeave,B,1.08e-05,0.00020342690101849269,2.1672831166386075e-06,0
comprehension,rival_majority,neutral,3020,-1,0,0,0,aPaPrPrPaP,A,gemma-26b-cw,google/gemma-4-26b-a4b-it,coreweave/bf16,0,1.0,CoreWeave,A,1.01e-05,0.9999997617629764,2.385999640792678e-07,0
comprehension,rival_majority,neutral,3020,-1,0,1,0,aPaPaPrPrP,A,gemma-26b-cw,google/gemma-4-26b-a4b-it,coreweave/bf16,0,1.0,CoreWeave,A,1.01e-05,0.9999999620097884,2.0042831826091208e-07,0
comprehension,rival_majority,neutral,3020,1,0,0,0,rPaPaPrPaP,A,gemma-26b-cw,google/gemma-4-26b-a4b-it,coreweave/bf16,0,1.0,CoreWeave,A,1.01e-05,0.9999970976873228,1.9711984514724744e-07,0
comprehension,rival_majority,neutral,3020,1,0,1,0,rPaPrPaPaP,A,gemma-26b-cw,google/gemma-4-26b-a4b-it,coreweave/bf16,0,1.0,CoreWeave,A,1.17e-05,0.9999995407865478,2.5604191956993563e-07,0
comprehension,rival_majority,neutral,3021,-1,0,0,0,rQaPrPrPaPaP,A,gemma-26b-cw,google/gemma-4-26b-a4b-it,coreweave/bf16,0,1.0,CoreWeave,A,1.24e-05,0.9999996940976272,1.7093461032762377e-07,0
comprehension,rival_majority,neutral,3021,-1,0,1,0,aPaPrQaPrPrP,A,gemma-26b-cw,google/gemma-4-26b-a4b-it,coreweave/bf16,0,1.0,CoreWeave,A,1.08e-05,0.9999994956527121,2.109080725509221e-07,0
comprehension,rival_majority,neutral,3021,1,0,0,0,aPaPrPrPrQaP,A,gemma-26b-cw,google/gemma-4-26b-a4b-it,coreweave/bf16,0,1.0,CoreWeave,A,1.08e-05,0.9997834559039823,8.712595680251836e-06,0
comprehension,rival_majority,neutral,3021,1,0,1,0,aPrPaPaPrPrQ,A,gemma-26b-cw,google/gemma-4-26b-a4b-it,coreweave/bf16,0,1.0,CoreWeave,A,1.08e-05,0.9999741325689279,8.347583491070714e-07,0
comprehension,rival_majority,neutral,3030,-1,0,0,0,aPrPrPaPaPrP,A,gemma-26b-cw,google/gemma-4-26b-a4b-it,coreweave/bf16,0,1.0,CoreWeave,A,1.08e-05,0.9999999238548796,1.6227341415936918e-07,0
comprehension,rival_majority,neutral,3030,-1,0,1,0,rPaPaPaPrPrP,A,gemma-26b-cw,google/gemma-4-26b-a4b-it,coreweave/bf16,0,1.0,CoreWeave,A,1.08e-05,0.9999999312086076,2.8883637538899746e-07,0
comprehension,rival_majority,neutral,3030,1,0,0,0,aPaPaPrPrPrP,A,gemma-26b-cw,google/gemma-4-26b-a4b-it,coreweave/bf16,0,1.0,CoreWeave,A,1.08e-05,0.9999999563588597,7.556813846028373e-08,0
comprehension,rival_majority,neutral,3030,1,0,1,0,rPaPrPaPaPrP,A,gemma-26b-cw,google/gemma-4-26b-a4b-it,coreweave/bf16,0,1.0,CoreWeave,A,1.08e-05,0.9999999484776454,0.0,0
comprehension,rival_majority,neutral,3101,-1,0,0,0,rQaPaPaPaQ,B,gemma-26b-cw,google/gemma-4-26b-a4b-it,coreweave/bf16,0,1.0,CoreWeave,B,1.01e-05,3.120191137852938e-05,2.6835947197767496e-07,0
comprehension,rival_majority,neutral,3101,-1,0,1,0,aQaPrQaPaP,B,gemma-26b-cw,google/gemma-4-26b-a4b-it,coreweave/bf16,0,1.0,CoreWeave,B,1.01e-05,3.9669873336118e-06,2.0532127087413699e-07,0
comprehension,rival_majority,neutral,3101,1,0,0,0,aPrQaPaQaP,B,gemma-26b-cw,google/gemma-4-26b-a4b-it,coreweave/bf16,0,1.0,CoreWeave,B,1.01e-05,2.8736869027162544e-07,1.8946829505317453e-07,0
comprehension,rival_majority,neutral,3101,1,0,1,0,aPrQaPaQaP,B,gemma-26b-cw,google/gemma-4-26b-a4b-it,coreweave/bf16,0,1.0,CoreWeave,B,1.01e-05,4.22283193442332e-06,1.8789329547796996e-07,0
comprehension,rival_majority,neutral,3102,-1,0,0,0,aPrQaPaPrQaQ,B,gemma-26b-cw,google/gemma-4-26b-a4b-it,coreweave/bf16,0,1.0,CoreWeave,B,1.08e-05,5.041970985188603e-09,0.0,0
comprehension,rival_majority,neutral,3102,-1,0,1,0,aQrQrQaPaPaP,B,gemma-26b-cw,google/gemma-4-26b-a4b-it,coreweave/bf16,0,1.0,CoreWeave,B,1.08e-05,1.4908489638954135e-07,8.116567973281974e-08,0
comprehension,rival_majority,neutral,3102,1,0,0,0,aPaPaPaQrQrQ,B,gemma-26b-cw,google/gemma-4-26b-a4b-it,coreweave/bf16,0,1.0,CoreWeave,B,1.08e-05,3.192377119427911e-09,0.0,1
comprehension,rival_majority,neutral,3102,1,0,1,0,aPaQrQrQaPaP,B,gemma-26b-cw,google/gemma-4-26b-a4b-it,coreweave/bf16,0,1.0,CoreWeave,B,1.08e-05,3.076540701154188e-08,7.285272229928808e-08,0
comprehension,rival_majority,neutral,3110,-1,0,0,0,aPaPaPaQrP,A,gemma-26b-cw,google/gemma-4-26b-a4b-it,coreweave/bf16,0,1.0,CoreWeave,A,1.01e-05,0.9999957771670588,4.263094303185481e-07,0
comprehension,rival_majority,neutral,3110,-1,0,1,0,aPaQaPaPrP,A,gemma-26b-cw,google/gemma-4-26b-a4b-it,coreweave/bf16,0,1.0,CoreWeave,A,1.17e-05,0.9999992661790195,2.1985258771891526e-07,0
comprehension,rival_majority,neutral,3110,1,0,0,0,aQaPrPaPaP,A,gemma-26b-cw,google/gemma-4-26b-a4b-it,coreweave/bf16,0,1.0,CoreWeave,A,1.01e-05,0.9999379495114958,7.689097978147121e-07,0
comprehension,rival_majority,neutral,3110,1,0,1,0,rPaPaPaPaQ,A,gemma-26b-cw,google/gemma-4-26b-a4b-it,coreweave/bf16,0,1.0,CoreWeave,A,1.01e-05,0.9999417087413889,7.138978684558388e-07,0
comprehension,rival_majority,neutral,3120,-1,0,0,0,aPrPaPrPaPaQ,A,gemma-26b-cw,google/gemma-4-26b-a4b-it,coreweave/bf16,0,1.0,CoreWeave,A,1.24e-05,0.9999977396765104,2.430658237054862e-07,0
comprehension,rival_majority,neutral,3120,-1,0,1,0,aQrPaPaPaPrP,A,gemma-26b-cw,google/gemma-4-26b-a4b-it,coreweave/bf16,0,1.0,CoreWeave,A,1.08e-05,0.9999999067050387,2.64332811198294e-07,0
comprehension,rival_majority,neutral,3120,1,0,0,0,aQaPrPaPaPrP,A,gemma-26b-cw,google/gemma-4-26b-a4b-it,coreweave/bf16,0,1.0,CoreWeave,A,1.08e-05,0.9999994103583327,1.256136608713479e-07,0
comprehension,rival_majority,neutral,3120,1,0,1,0,rPaPaPrPaPaQ,A,gemma-26b-cw,google/gemma-4-26b-a4b-it,coreweave/bf16,0,1.0,CoreWeave,A,1.08e-05,0.9999967112513266,4.067269907811784e-07,0
comprehension,rival_majority,neutral,3201,-1,0,0,0,rQaQaQaPaPaP,B,gemma-26b-cw,google/gemma-4-26b-a4b-it,coreweave/bf16,0,1.0,CoreWeave,B,1.08e-05,5.53917035556378e-07,3.694734485026885e-08,0
comprehension,rival_majority,neutral,3201,-1,0,1,0,aPaQaPaPaQrQ,B,gemma-26b-cw,google/gemma-4-26b-a4b-it,coreweave/bf16,0,1.0,CoreWeave,B,1.08e-05,1.078331093683191e-05,5.414487095345422e-07,0
comprehension,rival_majority,neutral,3201,1,0,0,0,aPaPaPaQaQrQ,B,gemma-26b-cw,google/gemma-4-26b-a4b-it,coreweave/bf16,0,1.0,CoreWeave,B,1.08e-05,1.4593763950448586e-06,5.671782552507665e-07,0
comprehension,rival_majority,neutral,3201,1,0,1,0,aQaPaPrQaQaP,B,gemma-26b-cw,google/gemma-4-26b-a4b-it,coreweave/bf16,0,1.0,CoreWeave,B,1.08e-05,6.540438006457773e-06,2.5444688467324283e-07,0
comprehension,rival_majority,neutral,3210,-1,0,0,0,rPaPaQaPaPaQ,A,gemma-26b-cw,google/gemma-4-26b-a4b-it,coreweave/bf16,0,1.0,CoreWeave,A,1.08e-05,0.9999885212264003,4.4201843544988315e-07,0
comprehension,rival_majority,neutral,3210,-1,0,1,0,aQaQaPaPaPrP,A,gemma-26b-cw,google/gemma-4-26b-a4b-it,coreweave/bf16,0,1.0,CoreWeave,A,1.08e-05,0.9999984465022455,3.538477899432539e-07,0
comprehension,rival_majority,neutral,3210,1,0,0,0,rPaQaPaQaPaP,A,gemma-26b-cw,google/gemma-4-26b-a4b-it,coreweave/bf16,0,1.0,CoreWeave,A,1.08e-05,0.9999972735294043,2.537533465517132e-07,0
comprehension,rival_majority,neutral,3210,1,0,1,0,aPaPaPrPaQaQ,A,gemma-26b-cw,google/gemma-4-26b-a4b-it,coreweave/bf16,0,1.0,CoreWeave,A,1.08e-05,0.9999969105062886,4.867737176632861e-07,0
comprehension,rival_majority,neutral,4001,-1,0,0,0,aPrQaPaPaP,B,gemma-26b-cw,google/gemma-4-26b-a4b-it,coreweave/bf16,0,1.0,CoreWeave,B,1.01e-05,4.4508526417414716e-07,3.17516808401308e-08,0
comprehension,rival_majority,neutral,4001,-1,0,1,0,aPrQaPaPaP,B,gemma-26b-cw,google/gemma-4-26b-a4b-it,coreweave/bf16,0,1.0,CoreWeave,B,1.01e-05,1.653689177399061e-06,6.560365917174238e-09,0
comprehension,rival_majority,neutral,4001,1,0,0,0,aPaPrQaPaP,B,gemma-26b-cw,google/gemma-4-26b-a4b-it,coreweave/bf16,0,1.0,CoreWeave,B,1.01e-05,6.475947210054446e-07,1.8686973768389237e-07,0
comprehension,rival_majority,neutral,4001,1,0,1,0,aPaPaPrQaP,B,gemma-26b-cw,google/gemma-4-26b-a4b-it,coreweave/bf16,0,1.0,CoreWeave,B,1.01e-05,4.4951810425996665e-06,1.5396022079450233e-07,0
comprehension,rival_majority,neutral,4002,-1,0,0,0,aPaPrQaPrQaP,B,gemma-26b-cw,google/gemma-4-26b-a4b-it,coreweave/bf16,0,1.0,CoreWeave,B,1.08e-05,2.929489940445321e-09,0.0,1
comprehension,rival_majority,neutral,4002,-1,0,1,0,aPrQaPaPrQaP,B,gemma-26b-cw,google/gemma-4-26b-a4b-it,coreweave/bf16,0,1.0,CoreWeave,B,1.08e-05,8.509937180390161e-09,0.0,0
comprehension,rival_majority,neutral,4002,1,0,0,0,aPrQaPaPaPrQ,B,gemma-26b-cw,google/gemma-4-26b-a4b-it,coreweave/bf16,0,1.0,CoreWeave,B,1.08e-05,2.55514654951642e-09,0.0,1
comprehension,rival_majority,neutral,4002,1,0,1,0,aPaPaPrQaPrQ,B,gemma-26b-cw,google/gemma-4-26b-a4b-it,coreweave/bf16,0,1.0,CoreWeave,B,1.08e-05,8.47676008001094e-09,0.0,0
comprehension,rival_majority,neutral,4010,-1,0,0,0,aPrPaPaPaP,A,gemma-26b-cw,google/gemma-4-26b-a4b-it,coreweave/bf16,0,1.0,CoreWeave,A,1.17e-05,0.9997040428290606,1.739503745268431e-06,0
comprehension,rival_majority,neutral,4010,-1,0,1,0,aPaPaPaPrP,A,gemma-26b-cw,google/gemma-4-26b-a4b-it,coreweave/bf16,0,1.0,CoreWeave,A,1.01e-05,0.9999934595619935,2.544468847044975e-07,0
comprehension,rival_majority,neutral,4010,1,0,0,0,aPaPaPaPrP,A,gemma-26b-cw,google/gemma-4-26b-a4b-it,coreweave/bf16,0,1.0,CoreWeave,A,1.01e-05,0.9998415638018123,1.6365037624315186e-06,0
comprehension,rival_majority,neutral,4010,1,0,1,0,aPaPaPrPaP,A,gemma-26b-cw,google/gemma-4-26b-a4b-it,coreweave/bf16,0,1.0,CoreWeave,A,1.01e-05,0.999999266179107,1.0064351843638209e-07,0
comprehension,rival_majority,neutral,4020,-1,0,0,0,aPrPrPaPaPaP,A,gemma-26b-cw,google/gemma-4-26b-a4b-it,coreweave/bf16,0,1.0,CoreWeave,A,1.08e-05,0.9999987121052449,2.618238949216805e-07,0
comprehension,rival_majority,neutral,4020,-1,0,1,0,aPrPaPaPrPaP,A,gemma-26b-cw,google/gemma-4-26b-a4b-it,coreweave/bf16,0,1.0,CoreWeave,A,1.08e-05,0.9999998388007925,7.721932714806421e-08,0
comprehension,rival_majority,neutral,4020,1,0,0,0,rPaPaPrPaPaP,A,gemma-26b-cw,google/gemma-4-26b-a4b-it,coreweave/bf16,0,1.0,CoreWeave,A,1.08e-05,0.9999985406241269,2.095517294868216e-07,0
comprehension,rival_majority,neutral,4020,1,0,1,0,rPaPrPaPaPaP,A,gemma-26b-cw,google/gemma-4-26b-a4b-it,coreweave/bf16,0,1.0,CoreWeave,A,1.08e-05,0.9999990278451493,2.1993686593971975e-07,0
comprehension,rival_majority,neutral,4101,-1,0,0,0,aPaPrQaPaQaP,B,gemma-26b-cw,google/gemma-4-26b-a4b-it,coreweave/bf16,0,1.0,CoreWeave,B,1.08e-05,1.6701421845634465e-05,4.644289333111118e-07,0
comprehension,rival_majority,neutral,4101,-1,0,1,0,aQaPaPaPrQaP,B,gemma-26b-cw,google/gemma-4-26b-a4b-it,coreweave/bf16,0,1.0,CoreWeave,B,1.08e-05,0.000709670381887271,1.484578056076824e-05,0
comprehension,rival_majority,neutral,4101,1,0,0,0,aPaPrQaQaPaP,B,gemma-26b-cw,google/gemma-4-26b-a4b-it,coreweave/bf16,0,1.0,CoreWeave,B,1.24e-05,8.851570359316667e-07,1.8772559218227514e-07,0
comprehension,rival_majority,neutral,4101,1,0,1,0,aQaPaPaPrQaP,B,gemma-26b-cw,google/gemma-4-26b-a4b-it,coreweave/bf16,0,1.0,CoreWeave,B,1.08e-05,0.0002165441221411957,2.1575494447700905e-06,0
comprehension,rival_majority,neutral,4110,-1,0,0,0,aPaPaPaQaPrP,A,gemma-26b-cw,google/gemma-4-26b-a4b-it,coreweave/bf16,0,1.0,CoreWeave,A,1.08e-05,0.9999964991455856,3.1382939800483527e-07,0
comprehension,rival_majority,neutral,4110,-1,0,1,0,rPaQaPaPaPaP,A,gemma-26b-cw,google/gemma-4-26b-a4b-it,coreweave/bf16,0,1.0,CoreWeave,A,1.08e-05,0.9999798543163558,4.771075855972259e-07,0
comprehension,rival_majority,neutral,4110,1,0,0,0,rPaPaPaQaPaP,A,gemma-26b-cw,google/gemma-4-26b-a4b-it,coreweave/bf16,0,1.0,CoreWeave,A,1.08e-05,0.9999832985801452,3.452235020451363e-07,0
comprehension,rival_majority,neutral,4110,1,0,1,0,rPaPaPaQaPaP,A,gemma-26b-cw,google/gemma-4-26b-a4b-it,coreweave/bf16,0,1.0,CoreWeave,A,1.08e-05,0.9999623635483601,6.282906057527608e-07,0
comprehension,rival_majority,neutral,5001,-1,0,0,0,aPaPrQaPaPaP,B,gemma-26b-cw,google/gemma-4-26b-a4b-it,coreweave/bf16,0,1.0,CoreWeave,B,1.08e-05,4.495180506736813e-06,3.4751933108978506e-08,0
comprehension,rival_majority,neutral,5001,-1,0,1,0,aPrQaPaPaPaP,B,gemma-26b-cw,google/gemma-4-26b-a4b-it,coreweave/bf16,0,1.0,CoreWeave,B,1.08e-05,0.00029595706524017124,4.286870615155536e-07,0
comprehension,rival_majority,neutral,5001,1,0,0,0,rQaPaPaPaPaP,B,gemma-26b-cw,google/gemma-4-26b-a4b-it,coreweave/bf16,0,1.0,CoreWeave,B,1.24e-05,0.00017952796643177783,6.841221231734806e-07,0
comprehension,rival_majority,neutral,5001,1,0,1,0,aPaPaPaPaPrQ,B,gemma-26b-cw,google/gemma-4-26b-a4b-it,coreweave/bf16,0,1.0,CoreWeave,B,1.08e-05,0.00023050668553344393,4.8733922465848956e-05,0
comprehension,rival_majority,neutral,5010,-1,0,0,0,aPaPaPrPaPaP,A,gemma-26b-cw,google/gemma-4-26b-a4b-it,coreweave/bf16,0,1.0,CoreWeave,A,1.08e-05,0.9968273170315983,9.969569204242197e-06,0
comprehension,rival_majority,neutral,5010,-1,0,1,0,aPaPrPaPaPaP,A,gemma-26b-cw,google/gemma-4-26b-a4b-it,coreweave/bf16,0,1.0,CoreWeave,A,1.08e-05,0.9999832985821361,2.260180564195332e-07,0
comprehension,rival_majority,neutral,5010,1,0,0,0,aPaPaPrPaPaP,A,gemma-26b-cw,google/gemma-4-26b-a4b-it,coreweave/bf16,0,1.0,CoreWeave,A,1.08e-05,0.9998415637640258,9.213275625033805e-07,0
comprehension,rival_majority,neutral,5010,1,0,1,0,aPaPaPaPaPrP,A,gemma-26b-cw,google/gemma-4-26b-a4b-it,coreweave/bf16,0,1.0,CoreWeave,A,1.08e-05,0.9999852610109993,9.964044123403504e-07,0
