arm,question,framing,counts,s0,mapping,order,perm,seq,correct,key,model,tag,rep,temperature,served,content,cost,pA,leak,censored
comprehension,ally_majority,neutral,0100,-1,0,0,0,aQ,B,gemma-31b,google/gemma-4-31b-it,io-net,0,1.0,Io Net,B,3.21385e-05,7.58256052446828e-10,1.3492262196379556e-08,1
comprehension,ally_majority,neutral,0100,-1,0,1,0,aQ,B,gemma-31b,google/gemma-4-31b-it,io-net,0,1.0,Io Net,B,3.21385e-05,7.349269565090514e-10,1.8155554837306909e-10,1
comprehension,ally_majority,neutral,0100,1,0,0,0,aQ,B,gemma-31b,google/gemma-4-31b-it,io-net,0,1.0,Io Net,B,3.21385e-05,7.582560823123545e-10,5.28793859810861e-08,1
comprehension,ally_majority,neutral,0100,1,0,1,0,aQ,B,gemma-31b,google/gemma-4-31b-it,io-net,0,1.0,Io Net,B,3.21385e-05,6.286163328913164e-10,0.0,1
comprehension,ally_majority,neutral,0101,-1,0,0,0,aQrQ,B,gemma-31b,google/gemma-4-31b-it,io-net,0,1.0,Io Net,B,3.46655e-05,8.32781367116384e-10,2.817513700126284e-08,1
comprehension,ally_majority,neutral,0101,-1,0,1,0,aQrQ,B,gemma-31b,google/gemma-4-31b-it,io-net,0,1.0,Io Net,B,3.46655e-05,1.0693124785040455e-09,6.262303586801465e-08,1
comprehension,ally_majority,neutral,0101,1,0,0,0,rQaQ,B,gemma-31b,google/gemma-4-31b-it,io-net,0,1.0,Io Net,B,3.46655e-05,8.327813743629527e-10,3.6876782738559655e-08,1
comprehension,ally_majority,neutral,0101,1,0,1,0,rQaQ,B,gemma-31b,google/gemma-4-31b-it,io-net,0,1.0,Io Net,B,3.46655e-05,5.905304270355221e-10,4.655110563689391e-08,1
comprehension,ally_majority,neutral,0102,-1,0,0,0,rQaQrQ,B,gemma-31b,google/gemma-4-31b-it,io-net,0,1.0,Io Net,B,3.14165e-05,8.864911183942581e-10,0.0,1
comprehension,ally_majority,neutral,0102,-1,0,1,0,rQaQrQ,B,gemma-31b,google/gemma-4-31b-it,io-net,0,1.0,Io Net,B,3.14165e-05,6.092758921488597e-10,7.468080920336462e-08,1
comprehension,ally_majority,neutral,0102,1,0,0,0,rQaQrQ,B,gemma-31b,google/gemma-4-31b-it,io-net,0,1.0,Io Net,B,3.14165e-05,8.07159376257701e-10,2.59143386749372e-08,1
comprehension,ally_majority,neutral,0102,1,0,1,0,aQrQrQ,B,gemma-31b,google/gemma-4-31b-it,io-net,0,1.0,Io Net,B,3.14165e-05,1.0693125461490945e-09,1.2588334752372532e-07,1
comprehension,ally_majority,neutral,0103,-1,0,0,0,aQrQrQrQ,B,gemma-31b,google/gemma-4-31b-it,io-net,0,1.0,Io Net,B,3.39435e-05,1.2116897952996778e-09,7.468080920336462e-08,1
comprehension,ally_majority,neutral,0103,-1,0,1,0,rQrQrQaQ,B,gemma-31b,google/gemma-4-31b-it,io-net,0,1.0,Io Net,B,2.81675e-05,1.0045261741478769e-09,1.2588334752372532e-07,1
comprehension,ally_majority,neutral,0103,1,0,0,0,rQaQrQrQ,B,gemma-31b,google/gemma-4-31b-it,io-net,0,1.0,Io Net,B,3.39435e-05,8.592167418772215e-10,9.392049760137411e-08,1
comprehension,ally_majority,neutral,0103,1,0,1,0,rQrQrQaQ,B,gemma-31b,google/gemma-4-31b-it,io-net,0,1.0,Io Net,B,3.39435e-05,7.34926964456148e-10,1.0995006571867805e-08,1
comprehension,ally_majority,neutral,0104,-1,0,0,0,rQrQrQrQaQ,B,gemma-31b,google/gemma-4-31b-it,io-net,0,1.0,Io Net,B,3.64705e-05,1.1744101049078616e-09,1.4738436260319787e-07,1
comprehension,ally_majority,neutral,0104,-1,0,1,0,rQrQrQaQrQ,B,gemma-31b,google/gemma-4-31b-it,io-net,0,1.0,Io Net,B,3.64705e-05,5.813751013650765e-10,4.655110563689391e-08,1
comprehension,ally_majority,neutral,0104,1,0,0,0,rQrQaQrQrQ,B,gemma-31b,google/gemma-4-31b-it,io-net,0,1.0,Io Net,B,3.64705e-05,6.691586360588857e-10,4.0913139764953144e-08,1
comprehension,ally_majority,neutral,0104,1,0,1,0,rQaQrQrQrQ,B,gemma-31b,google/gemma-4-31b-it,io-net,0,1.0,Io Net,B,3.64705e-05,6.485707832766305e-10,3.17516808401308e-08,1
comprehension,ally_majority,neutral,0105,-1,0,0,0,rQrQrQrQaQrQ,B,gemma-31b,google/gemma-4-31b-it,io-net,0,1.0,Io Net,B,3.89975e-05,5.051074339655387e-10,3.17516808401308e-08,1
comprehension,ally_majority,neutral,0105,-1,0,1,0,rQrQrQrQrQaQ,B,gemma-31b,google/gemma-4-31b-it,io-net,0,1.0,Io Net,B,3.89975e-05,9.736200577848989e-10,2.817513700126284e-08,1
comprehension,ally_majority,neutral,0105,1,0,0,0,rQrQrQrQrQaQ,B,gemma-31b,google/gemma-4-31b-it,io-net,0,1.0,Io Net,B,3.89975e-05,4.457557315597733e-10,0.0,1
comprehension,ally_majority,neutral,0105,1,0,1,0,aQrQrQrQrQrQ,B,gemma-31b,google/gemma-4-31b-it,io-net,0,1.0,Io Net,B,3.89975e-05,7.582560988434175e-10,7.468080920336462e-08,1
comprehension,ally_majority,neutral,0110,-1,0,0,0,rPaQ,B,gemma-31b,google/gemma-4-31b-it,io-net,0,1.0,Io Net,B,3.46655e-05,7.823256504743508e-10,0.0,1
comprehension,ally_majority,neutral,0110,-1,0,1,0,rPaQ,B,gemma-31b,google/gemma-4-31b-it,io-net,0,1.0,Io Net,B,3.46655e-05,7.582560991915015e-10,7.51398677723003e-08,1
comprehension,ally_majority,neutral,0110,1,0,0,0,aQrP,B,gemma-31b,google/gemma-4-31b-it,io-net,0,1.0,Io Net,B,3.46655e-05,6.691586082908538e-10,0.0,1
comprehension,ally_majority,neutral,0110,1,0,1,0,rPaQ,B,gemma-31b,google/gemma-4-31b-it,io-net,0,1.0,Io Net,B,3.46655e-05,7.123156929961543e-10,8.696740794178481e-08,1
comprehension,ally_majority,neutral,0111,-1,0,0,0,aQrQrP,B,gemma-31b,google/gemma-4-31b-it,io-net,0,1.0,Io Net,B,3.71925e-05,1.9362746619347598e-09,1.4615603616263684e-08,1
comprehension,ally_majority,neutral,0111,-1,0,1,0,aQrQrP,B,gemma-31b,google/gemma-4-31b-it,io-net,0,1.0,Io Net,B,3.14165e-05,1.7629982297519897e-09,6.412063402461143e-08,1
comprehension,ally_majority,neutral,0111,1,0,0,0,rQaQrP,B,gemma-31b,google/gemma-4-31b-it,io-net,0,1.0,Io Net,B,3.14165e-05,1.507972264693398e-09,4.1865056310541604e-08,1
comprehension,ally_majority,neutral,0111,1,0,1,0,rPrQaQ,B,gemma-31b,google/gemma-4-31b-it,io-net,0,1.0,Io Net,B,3.14165e-05,8.592167280347237e-10,7.780989819128337e-08,1
comprehension,ally_majority,neutral,0112,-1,0,0,0,rPrQrQaQ,B,gemma-31b,google/gemma-4-31b-it,io-net,0,1.0,Io Net,B,3.39435e-05,1.2898371196391927e-09,1.1089946305720133e-07,1
comprehension,ally_majority,neutral,0112,-1,0,1,0,aQrQrPrQ,B,gemma-31b,google/gemma-4-31b-it,io-net,0,1.0,Io Net,B,2.81675e-05,4.671479957619906e-10,0.0,1
comprehension,ally_majority,neutral,0112,1,0,0,0,rQaQrPrQ,B,gemma-31b,google/gemma-4-31b-it,io-net,0,1.0,Io Net,B,3.39435e-05,1.1382772331579959e-09,8.460117573161341e-08,1
comprehension,ally_majority,neutral,0112,1,0,1,0,rPaQrQrQ,B,gemma-31b,google/gemma-4-31b-it,io-net,0,1.0,Io Net,B,3.39435e-05,1.0364131707266445e-09,4.1865056310541604e-08,1
comprehension,ally_majority,neutral,0113,-1,0,0,0,rQrQaQrQrP,B,gemma-31b,google/gemma-4-31b-it,io-net,0,1.0,Io Net,B,3.64705e-05,9.146314038255176e-10,3.17516808401308e-08,1
comprehension,ally_majority,neutral,0113,-1,0,1,0,rPrQaQrQrQ,B,gemma-31b,google/gemma-4-31b-it,io-net,0,1.0,Io Net,B,3.64705e-05,6.904000119673848e-10,4.1865056310541604e-08,1
comprehension,ally_majority,neutral,0113,1,0,0,0,aQrQrQrPrQ,B,gemma-31b,google/gemma-4-31b-it,io-net,0,1.0,Io Net,B,3.64705e-05,7.349269502685372e-10,0.0,1
comprehension,ally_majority,neutral,0113,1,0,1,0,aQrPrQrQrQ,B,gemma-31b,google/gemma-4-31b-it,io-net,0,1.0,Io Net,B,4.22465e-05,7.582560532986083e-10,1.4615603616263684e-08,1
comprehension,ally_majority,neutral,0114,-1,0,0,0,rPrQrQrQrQaQ,B,gemma-31b,google/gemma-4-31b-it,io-net,0,1.0,Io Net,B,3.89975e-05,1.3730243577225744e-09,3.1566793179393926e-08,1
comprehension,ally_majority,neutral,0114,-1,0,1,0,rQaQrPrQrQrQ,B,gemma-31b,google/gemma-4-31b-it,io-net,0,1.0,Io Net,B,3.89975e-05,4.0586523850717914e-10,6.412063402461143e-08,1
comprehension,ally_majority,neutral,0114,1,0,0,0,rQrPrQrQrQaQ,B,gemma-31b,google/gemma-4-31b-it,io-net,0,1.0,Io Net,B,3.89975e-05,1.1032560384896219e-09,6.674100605508215e-09,1
comprehension,ally_majority,neutral,0114,1,0,1,0,rQrQaQrPrQrQ,B,gemma-31b,google/gemma-4-31b-it,io-net,0,1.0,Io Net,B,3.89975e-05,7.823257311588537e-10,7.468080920336462e-08,1
comprehension,ally_majority,neutral,0120,-1,0,0,0,rPaQrP,B,gemma-31b,google/gemma-4-31b-it,io-net,0,1.0,Io Net,B,3.14165e-05,6.09275877692224e-10,5.095324162596171e-08,1
comprehension,ally_majority,neutral,0120,-1,0,1,0,aQrPrP,B,gemma-31b,google/gemma-4-31b-it,io-net,0,1.0,Io Net,B,3.14165e-05,7.823257158314148e-10,5.508866562919934e-08,1
comprehension,ally_majority,neutral,0120,1,0,0,0,rPrPaQ,B,gemma-31b,google/gemma-4-31b-it,io-net,0,1.0,Io Net,B,3.14165e-05,1.2116897952996778e-09,7.468080920336462e-08,1
comprehension,ally_majority,neutral,0120,1,0,1,0,rPaQrP,B,gemma-31b,google/gemma-4-31b-it,io-net,0,1.0,Io Net,B,3.14165e-05,1.0693125045357885e-09,8.696740794178481e-08,1
comprehension,ally_majority,neutral,0121,-1,0,0,0,aQrPrQrP,B,gemma-31b,google/gemma-4-31b-it,io-net,0,1.0,Io Net,B,3.39435e-05,1.2116897825040205e-09,6.412063402461143e-08,1
comprehension,ally_majority,neutral,0121,-1,0,1,0,aQrQrPrP,B,gemma-31b,google/gemma-4-31b-it,io-net,0,1.0,Io Net,B,3.39435e-05,9.146314516597337e-10,8.405057627669521e-08,1
comprehension,ally_majority,neutral,0121,1,0,0,0,aQrPrQrP,B,gemma-31b,google/gemma-4-31b-it,io-net,0,1.0,Io Net,B,3.39435e-05,1.1382772366510524e-09,8.766989756381349e-08,1
comprehension,ally_majority,neutral,0121,1,0,1,0,rPaQrPrQ,B,gemma-31b,google/gemma-4-31b-it,io-net,0,1.0,Io Net,B,3.39435e-05,4.599055569076906e-10,4.1865056310541604e-08,1
comprehension,ally_majority,neutral,0122,-1,0,0,0,rPrQaQrPrQ,B,gemma-31b,google/gemma-4-31b-it,io-net,0,1.0,Io Net,B,3.64705e-05,1.4615769489870275e-09,1.193907811503081e-07,1
comprehension,ally_majority,neutral,0122,-1,0,1,0,aQrPrQrPrQ,B,gemma-31b,google/gemma-4-31b-it,io-net,0,1.0,Io Net,B,3.64705e-05,5.376840876793285e-10,7.468080920336462e-08,1
comprehension,ally_majority,neutral,0122,1,0,0,0,rPaQrPrQrQ,B,gemma-31b,google/gemma-4-31b-it,io-net,0,1.0,Io Net,B,3.64705e-05,9.146313742504762e-10,0.0,1
comprehension,ally_majority,neutral,0122,1,0,1,0,rQrPrPaQrQ,B,gemma-31b,google/gemma-4-31b-it,io-net,0,1.0,Io Net,B,3.64705e-05,9.43664935126928e-10,4.655110563689391e-08,1
comprehension,ally_majority,neutral,0123,-1,0,0,0,rQrPaQrQrQrP,B,gemma-31b,google/gemma-4-31b-it,io-net,0,1.0,Io Net,B,3.89975e-05,5.051074279778189e-10,1.9897332226292974e-08,1
comprehension,ally_majority,neutral,0123,-1,0,1,0,rQrPaQrQrQrP,B,gemma-31b,google/gemma-4-31b-it,io-net,0,1.0,Io Net,B,3.89975e-05,7.123156731965631e-10,5.917131939980891e-08,1
comprehension,ally_majority,neutral,0123,1,0,0,0,rQrQaQrQrPrP,B,gemma-31b,google/gemma-4-31b-it,io-net,0,1.0,Io Net,B,3.89975e-05,1.0045261326788513e-09,8.460117573161341e-08,1
comprehension,ally_majority,neutral,0123,1,0,1,0,rPrPrQrQaQrQ,B,gemma-31b,google/gemma-4-31b-it,io-net,0,1.0,Io Net,B,3.89975e-05,6.69158629804697e-10,3.1566793179393926e-08,1
comprehension,ally_majority,neutral,0130,-1,0,0,0,aQrPrPrP,B,gemma-31b,google/gemma-4-31b-it,io-net,0,1.0,Io Net,B,3.97195e-05,1.4166089176850299e-09,9.392049760137411e-08,1
comprehension,ally_majority,neutral,0130,-1,0,1,0,rPrPaQrP,B,gemma-31b,google/gemma-4-31b-it,io-net,0,1.0,Io Net,B,3.39435e-05,6.286163612963312e-10,3.6876782738559655e-08,1
comprehension,ally_majority,neutral,0130,1,0,0,0,rPrPrPaQ,B,gemma-31b,google/gemma-4-31b-it,io-net,0,1.0,Io Net,B,3.39435e-05,1.0364131267320965e-09,0.0,1
comprehension,ally_majority,neutral,0130,1,0,1,0,rPrPrPaQ,B,gemma-31b,google/gemma-4-31b-it,io-net,0,1.0,Io Net,B,3.39435e-05,5.376840373333738e-10,0.0,1
comprehension,ally_majority,neutral,0131,-1,0,0,0,aQrQrPrPrP,B,gemma-31b,google/gemma-4-31b-it,io-net,0,1.0,Io Net,B,3.64705e-05,6.79696367024693e-10,6.412063402461143e-08,1
comprehension,ally_majority,neutral,0131,-1,0,1,0,rPrQrPaQrP,B,gemma-31b,google/gemma-4-31b-it,io-net,0,1.0,Io Net,B,3.64705e-05,9.73620049725462e-10,1.9897332226292974e-08,1
comprehension,ally_majority,neutral,0131,1,0,0,0,rPrQrPaQrP,B,gemma-31b,google/gemma-4-31b-it,io-net,0,1.0,Io Net,B,3.64705e-05,1.5558403646503857e-09,0.0,1
comprehension,ally_majority,neutral,0131,1,0,1,0,rPrPrQaQrP,B,gemma-31b,google/gemma-4-31b-it,io-net,0,1.0,Io Net,B,3.64705e-05,1.069312499945278e-09,8.267445317233779e-08,1
comprehension,ally_majority,neutral,0132,-1,0,0,0,rPrQrQrPrPaQ,B,gemma-31b,google/gemma-4-31b-it,io-net,0,1.0,Io Net,B,3.89975e-05,5.376840700348196e-10,4.1865056310541604e-08,1
comprehension,ally_majority,neutral,0132,-1,0,1,0,aQrPrQrQrPrP,B,gemma-31b,google/gemma-4-31b-it,io-net,0,1.0,Io Net,B,3.89975e-05,1.0364132391125532e-09,1.0784829851395727e-07,1
comprehension,ally_majority,neutral,0132,1,0,0,0,rPaQrPrQrQrP,B,gemma-31b,google/gemma-4-31b-it,io-net,0,1.0,Io Net,B,3.89975e-05,1.1382771957362782e-09,5.1725427385740375e-08,1
comprehension,ally_majority,neutral,0132,1,0,1,0,rPrPrQrPrQaQ,B,gemma-31b,google/gemma-4-31b-it,io-net,0,1.0,Io Net,B,3.89975e-05,6.092758906968491e-10,7.229763510085974e-08,1
comprehension,ally_majority,neutral,0140,-1,0,0,0,rPrPaQrPrP,B,gemma-31b,google/gemma-4-31b-it,io-net,0,1.0,Io Net,B,3.64705e-05,1.5558403879629178e-09,6.674100605508215e-09,1
comprehension,ally_majority,neutral,0140,-1,0,1,0,rPaQrPrPrP,B,gemma-31b,google/gemma-4-31b-it,io-net,0,1.0,Io Net,B,4.22465e-05,1.2898371196391927e-09,1.1089946305720133e-07,1
comprehension,ally_majority,neutral,0140,1,0,0,0,rPaQrPrPrP,B,gemma-31b,google/gemma-4-31b-it,io-net,0,1.0,Io Net,B,3.64705e-05,1.2501529385498007e-09,5.897353694273022e-08,1
comprehension,ally_majority,neutral,0140,1,0,1,0,rPaQrPrPrP,B,gemma-31b,google/gemma-4-31b-it,io-net,0,1.0,Io Net,B,3.64705e-05,6.092758981931004e-10,8.460117573161341e-08,1
comprehension,ally_majority,neutral,0141,-1,0,0,0,aQrQrPrPrPrP,B,gemma-31b,google/gemma-4-31b-it,io-net,0,1.0,Io Net,B,3.89975e-05,2.8172581249820755e-09,1.8907736509810036e-07,1
comprehension,ally_majority,neutral,0141,-1,0,1,0,rPaQrPrPrQrP,B,gemma-31b,google/gemma-4-31b-it,io-net,0,1.0,Io Net,B,3.89975e-05,4.0586523641815126e-10,5.897353694273022e-08,1
comprehension,ally_majority,neutral,0141,1,0,0,0,rQrPrPaQrPrP,B,gemma-31b,google/gemma-4-31b-it,io-net,0,1.0,Io Net,B,3.89975e-05,7.349269798906555e-10,3.199642273354897e-08,1
comprehension,ally_majority,neutral,0141,1,0,1,0,aQrPrQrPrPrP,B,gemma-31b,google/gemma-4-31b-it,io-net,0,1.0,Io Net,B,3.89975e-05,8.198703426438312e-10,9.392049760137411e-08,1
comprehension,ally_majority,neutral,0150,-1,0,0,0,aQrPrPrPrPrP,B,gemma-31b,google/gemma-4-31b-it,io-net,0,1.0,Io Net,B,3.89975e-05,9.436649616719448e-10,7.468080920336462e-08,1
comprehension,ally_majority,neutral,0150,-1,0,1,0,rPrPrPrPrPaQ,B,gemma-31b,google/gemma-4-31b-it,io-net,0,1.0,Io Net,B,3.89975e-05,7.582560296791903e-10,0.0,1
comprehension,ally_majority,neutral,0150,1,0,0,0,rPaQrPrPrPrP,B,gemma-31b,google/gemma-4-31b-it,io-net,0,1.0,Io Net,B,3.89975e-05,5.376840792337777e-10,5.897353694273022e-08,1
comprehension,ally_majority,neutral,0150,1,0,1,0,rPrPrPrPaQrP,B,gemma-31b,google/gemma-4-31b-it,io-net,0,1.0,Io Net,B,3.89975e-05,4.253431224702717e-10,7.468080920336462e-08,1
comprehension,ally_majority,neutral,0200,-1,0,0,0,aQaQ,B,gemma-31b,google/gemma-4-31b-it,io-net,0,1.0,Io Net,B,3.46655e-05,6.691586131475368e-10,6.674100605508215e-09,1
comprehension,ally_majority,neutral,0200,-1,0,1,0,aQaQ,B,gemma-31b,google/gemma-4-31b-it,io-net,0,1.0,Io Net,B,3.46655e-05,2.0729566211046926e-10,0.0,1
comprehension,ally_majority,neutral,0200,1,0,0,0,aQaQ,B,gemma-31b,google/gemma-4-31b-it,io-net,0,1.0,Io Net,B,3.46655e-05,5.376840847711483e-10,6.927209428297942e-08,1
comprehension,ally_majority,neutral,0200,1,0,1,0,aQaQ,B,gemma-31b,google/gemma-4-31b-it,io-net,0,1.0,Io Net,B,3.46655e-05,5.547520130255118e-10,7.51398677723003e-08,1
comprehension,ally_majority,neutral,0201,-1,0,0,0,aQaQrQ,B,gemma-31b,google/gemma-4-31b-it,io-net,0,1.0,Io Net,B,3.14165e-05,9.736200434893574e-10,1.3492262196379556e-08,1
comprehension,ally_majority,neutral,0201,-1,0,1,0,aQrQaQ,B,gemma-31b,google/gemma-4-31b-it,io-net,0,1.0,Io Net,B,3.14165e-05,5.051074436643902e-10,5.095324162596171e-08,1
comprehension,ally_majority,neutral,0201,1,0,0,0,aQaQrQ,B,gemma-31b,google/gemma-4-31b-it,io-net,0,1.0,Io Net,B,3.14165e-05,1.1382772537312373e-09,1.0267519034989903e-07,1
comprehension,ally_majority,neutral,0201,1,0,1,0,rQaQaQ,B,gemma-31b,google/gemma-4-31b-it,io-net,0,1.0,Io Net,B,3.14165e-05,4.895669318380325e-10,7.229763510085974e-08,1
comprehension,ally_majority,neutral,0202,-1,0,0,0,aQrQrQaQ,B,gemma-31b,google/gemma-4-31b-it,io-net,0,1.0,Io Net,B,3.39435e-05,6.691586366958689e-10,4.1865056310541604e-08,1
comprehension,ally_majority,neutral,0202,-1,0,1,0,aQaQrQrQ,B,gemma-31b,google/gemma-4-31b-it,io-net,0,1.0,Io Net,B,3.39435e-05,9.290347524520449e-10,3.1566793179393926e-08,1
comprehension,ally_majority,neutral,0202,1,0,0,0,aQrQaQrQ,B,gemma-31b,google/gemma-4-31b-it,io-net,0,1.0,Io Net,B,3.39435e-05,1.174409947663624e-09,1.3492262196379556e-08,1
comprehension,ally_majority,neutral,0202,1,0,1,0,rQaQaQrQ,B,gemma-31b,google/gemma-4-31b-it,io-net,0,1.0,Io Net,B,3.39435e-05,1.0045261321257596e-09,8.405057627669521e-08,1
comprehension,ally_majority,neutral,0203,-1,0,0,0,rQaQrQaQrQ,B,gemma-31b,google/gemma-4-31b-it,io-net,0,1.0,Io Net,B,3.64705e-05,1.5558405633321024e-09,1.193907811503081e-07,1
comprehension,ally_majority,neutral,0203,-1,0,1,0,rQrQrQaQaQ,B,gemma-31b,google/gemma-4-31b-it,io-net,0,1.0,Io Net,B,3.64705e-05,8.59216701176645e-10,4.655110563689391e-08,1
comprehension,ally_majority,neutral,0203,1,0,0,0,rQrQrQaQaQ,B,gemma-31b,google/gemma-4-31b-it,io-net,0,1.0,Io Net,B,3.64705e-05,1.103256047251133e-09,1.4615603616263684e-08,1
comprehension,ally_majority,neutral,0203,1,0,1,0,aQaQrQrQrQ,B,gemma-31b,google/gemma-4-31b-it,io-net,0,1.0,Io Net,B,3.64705e-05,7.123157041850553e-10,1.0267519034989903e-07,1
comprehension,ally_majority,neutral,0204,-1,0,0,0,rQrQaQrQaQrQ,B,gemma-31b,google/gemma-4-31b-it,io-net,0,1.0,Io Net,B,3.89975e-05,7.82325681335811e-10,1.0995006571867805e-08,1
comprehension,ally_majority,neutral,0204,-1,0,1,0,rQrQaQaQrQrQ,B,gemma-31b,google/gemma-4-31b-it,io-net,0,1.0,Io Net,B,3.89975e-05,5.634880390367082e-10,0.0,1
comprehension,ally_majority,neutral,0204,1,0,0,0,rQrQaQrQaQrQ,B,gemma-31b,google/gemma-4-31b-it,io-net,0,1.0,Io Net,B,3.89975e-05,1.2898370857186827e-09,8.460117573161341e-08,1
comprehension,ally_majority,neutral,0204,1,0,1,0,rQaQaQrQrQrQ,B,gemma-31b,google/gemma-4-31b-it,io-net,0,1.0,Io Net,B,3.89975e-05,2.500463116347676e-10,3.1566793179393926e-08,1
comprehension,ally_majority,neutral,0210,-1,0,0,0,rPaQaQ,B,gemma-31b,google/gemma-4-31b-it,io-net,0,1.0,Io Net,B,3.14165e-05,1.0693124392509764e-09,2.59143386749372e-08,1
comprehension,ally_majority,neutral,0210,-1,0,1,0,aQrPaQ,B,gemma-31b,google/gemma-4-31b-it,io-net,0,1.0,Io Net,B,3.14165e-05,7.823257244078621e-10,6.605142277571474e-08,1
comprehension,ally_majority,neutral,0210,1,0,0,0,rPaQaQ,B,gemma-31b,google/gemma-4-31b-it,io-net,0,1.0,Io Net,B,3.14165e-05,7.823257374124875e-10,8.267445317233779e-08,1
comprehension,ally_majority,neutral,0210,1,0,1,0,rPaQaQ,B,gemma-31b,google/gemma-4-31b-it,io-net,0,1.0,Io Net,B,3.71925e-05,4.457557219422837e-10,0.0,1
comprehension,ally_majority,neutral,0211,-1,0,0,0,aQaQrQrP,B,gemma-31b,google/gemma-4-31b-it,io-net,0,1.0,Io Net,B,3.39435e-05,7.582560573035111e-10,1.9897332226292974e-08,1
comprehension,ally_majority,neutral,0211,-1,0,1,0,rQrPaQaQ,B,gemma-31b,google/gemma-4-31b-it,io-net,0,1.0,Io Net,B,3.97195e-05,1.004526122713583e-09,7.468080920336462e-08,1
comprehension,ally_majority,neutral,0211,1,0,0,0,aQrPaQrQ,B,gemma-31b,google/gemma-4-31b-it,io-net,0,1.0,Io Net,B,3.39435e-05,7.823257389198123e-10,8.460117573161341e-08,1
comprehension,ally_majority,neutral,0211,1,0,1,0,rQaQaQrP,B,gemma-31b,google/gemma-4-31b-it,io-net,0,1.0,Io Net,B,3.39435e-05,1.4166088439428246e-09,4.1865056310541604e-08,1
comprehension,ally_majority,neutral,0212,-1,0,0,0,aQaQrQrQrP,B,gemma-31b,google/gemma-4-31b-it,io-net,0,1.0,Io Net,B,3.64705e-05,1.0693125213323183e-09,1.0267519034989903e-07,1
comprehension,ally_majority,neutral,0212,-1,0,1,0,aQrPaQrQrQ,B,gemma-31b,google/gemma-4-31b-it,io-net,0,1.0,Io Net,B,3.64705e-05,5.547520040572066e-10,5.897353694273022e-08,1
comprehension,ally_majority,neutral,0212,1,0,0,0,aQrQrQrPaQ,B,gemma-31b,google/gemma-4-31b-it,io-net,0,1.0,Io Net,B,3.64705e-05,1.0045260887930757e-09,4.0913139764953144e-08,1
comprehension,ally_majority,neutral,0212,1,0,1,0,aQrPaQrQrQ,B,gemma-31b,google/gemma-4-31b-it,io-net,0,1.0,Io Net,B,3.64705e-05,6.904000308892055e-10,6.927209428297942e-08,1
comprehension,ally_majority,neutral,0213,-1,0,0,0,rQrQrQrPaQaQ,B,gemma-31b,google/gemma-4-31b-it,io-net,0,1.0,Io Net,B,3.89975e-05,6.691586131475368e-10,6.674100605508215e-09,1
comprehension,ally_majority,neutral,0213,-1,0,1,0,aQrQrPaQrQrQ,B,gemma-31b,google/gemma-4-31b-it,io-net,0,1.0,Io Net,B,3.89975e-05,6.691586515883819e-10,6.412063402461143e-08,1
comprehension,ally_majority,neutral,0213,1,0,0,0,aQaQrQrPrQrQ,B,gemma-31b,google/gemma-4-31b-it,io-net,0,1.0,Io Net,B,3.89975e-05,4.0586520018982253e-10,0.0,1
comprehension,ally_majority,neutral,0213,1,0,1,0,aQaQrPrQrQrQ,B,gemma-31b,google/gemma-4-31b-it,io-net,0,1.0,Io Net,B,3.89975e-05,6.69158629804697e-10,3.1566793179393926e-08,1
comprehension,ally_majority,neutral,0220,-1,0,0,0,rPaQaQrP,B,gemma-31b,google/gemma-4-31b-it,io-net,0,1.0,Io Net,B,3.39435e-05,1.4166089106024752e-09,8.892084391032284e-08,1
comprehension,ally_majority,neutral,0220,-1,0,1,0,aQrPaQrP,B,gemma-31b,google/gemma-4-31b-it,io-net,0,1.0,Io Net,B,3.97195e-05,6.485708095735536e-10,7.229763510085974e-08,1
comprehension,ally_majority,neutral,0220,1,0,0,0,aQaQrPrP,B,gemma-31b,google/gemma-4-31b-it,io-net,0,1.0,Io Net,B,3.39435e-05,1.1032560919032859e-09,5.508866562919934e-08,1
comprehension,ally_majority,neutral,0220,1,0,1,0,aQrPaQrP,B,gemma-31b,google/gemma-4-31b-it,io-net,0,1.0,Io Net,B,3.39435e-05,1.1032561002156263e-09,6.262303586801465e-08,1
comprehension,ally_majority,neutral,0221,-1,0,0,0,aQaQrPrQrP,B,gemma-31b,google/gemma-4-31b-it,io-net,0,1.0,Io Net,B,3.64705e-05,7.582560661519508e-10,3.1566793179393926e-08,1
comprehension,ally_majority,neutral,0221,-1,0,1,0,rPrQrPaQaQ,B,gemma-31b,google/gemma-4-31b-it,io-net,0,1.0,Io Net,B,3.64705e-05,1.069312483918918e-09,6.768691795944193e-08,1
comprehension,ally_majority,neutral,0221,1,0,0,0,aQaQrPrPrQ,B,gemma-31b,google/gemma-4-31b-it,io-net,0,1.0,Io Net,B,3.64705e-05,7.349269326802045e-10,0.0,1
comprehension,ally_majority,neutral,0221,1,0,1,0,rPrQaQrPaQ,B,gemma-31b,google/gemma-4-31b-it,io-net,0,1.0,Io Net,B,3.64705e-05,6.904000262986951e-10,6.262303586801465e-08,1
comprehension,ally_majority,neutral,0222,-1,0,0,0,rPaQaQrPrQrQ,B,gemma-31b,google/gemma-4-31b-it,io-net,0,1.0,Io Net,B,3.89975e-05,8.864911507378171e-10,2.817513700126284e-08,1
comprehension,ally_majority,neutral,0222,-1,0,1,0,rQrQrPrPaQaQ,B,gemma-31b,google/gemma-4-31b-it,io-net,0,1.0,Io Net,B,3.89975e-05,5.723617103255226e-10,3.6876782738559655e-08,1
comprehension,ally_majority,neutral,0222,1,0,0,0,rPrQaQrPrQaQ,B,gemma-31b,google/gemma-4-31b-it,io-net,0,1.0,Io Net,B,3.89975e-05,6.092758848023486e-10,6.262303586801465e-08,1
comprehension,ally_majority,neutral,0222,1,0,1,0,aQrQrPrPaQrQ,B,gemma-31b,google/gemma-4-31b-it,io-net,0,1.0,Io Net,B,3.89975e-05,3.933780822194636e-10,7.51398677723003e-08,1
comprehension,ally_majority,neutral,0230,-1,0,0,0,aQrPaQrPrP,B,gemma-31b,google/gemma-4-31b-it,io-net,0,1.0,Io Net,B,3.64705e-05,1.4166088595458222e-09,5.28793859810861e-08,1
comprehension,ally_majority,neutral,0230,-1,0,1,0,aQaQrPrPrP,B,gemma-31b,google/gemma-4-31b-it,io-net,0,1.0,Io Net,B,3.64705e-05,6.903999876715485e-10,6.674100605508215e-09,1
comprehension,ally_majority,neutral,0230,1,0,0,0,rPrPrPaQaQ,B,gemma-31b,google/gemma-4-31b-it,io-net,0,1.0,Io Net,B,3.64705e-05,1.5558404427144302e-09,4.1865056310541604e-08,1
comprehension,ally_majority,neutral,0230,1,0,1,0,rPrPaQrPaQ,B,gemma-31b,google/gemma-4-31b-it,io-net,0,1.0,Io Net,B,3.64705e-05,6.904000182418685e-10,5.095324162596171e-08,1
comprehension,ally_majority,neutral,0231,-1,0,0,0,rPrPrPrQaQaQ,B,gemma-31b,google/gemma-4-31b-it,io-net,0,1.0,Io Net,B,3.89975e-05,1.138277243765969e-09,9.392049760137411e-08,1
comprehension,ally_majority,neutral,0231,-1,0,1,0,rPaQrPrPaQrQ,B,gemma-31b,google/gemma-4-31b-it,io-net,0,1.0,Io Net,B,3.89975e-05,4.320412917581009e-10,5.095324162596171e-08,1
comprehension,ally_majority,neutral,0231,1,0,0,0,rPaQaQrPrQrP,B,gemma-31b,google/gemma-4-31b-it,io-net,0,1.0,Io Net,B,3.89975e-05,5.905304320772113e-10,5.508866562919934e-08,1
comprehension,ally_majority,neutral,0231,1,0,1,0,aQrPrPrQaQrP,B,gemma-31b,google/gemma-4-31b-it,io-net,0,1.0,Io Net,B,3.89975e-05,4.38844961482017e-10,7.229763510085974e-08,1
comprehension,ally_majority,neutral,0240,-1,0,0,0,rPaQaQrPrPrP,B,gemma-31b,google/gemma-4-31b-it,io-net,0,1.0,Io Net,B,3.89975e-05,9.146314549700791e-10,8.766989756381349e-08,1
comprehension,ally_majority,neutral,0240,-1,0,1,0,rPaQrPaQrPrP,B,gemma-31b,google/gemma-4-31b-it,io-net,0,1.0,Io Net,B,3.89975e-05,4.1225665933118776e-10,0.0,1
comprehension,ally_majority,neutral,0240,1,0,0,0,rPrPrPaQaQrP,B,gemma-31b,google/gemma-4-31b-it,io-net,0,1.0,Io Net,B,3.89975e-05,1.3307808851979598e-09,6.605142277571474e-08,1
comprehension,ally_majority,neutral,0240,1,0,1,0,rPaQrPrPrPaQ,B,gemma-31b,google/gemma-4-31b-it,io-net,0,1.0,Io Net,B,3.89975e-05,5.376840725544338e-10,4.655110563689391e-08,1
comprehension,ally_majority,neutral,0300,-1,0,0,0,aQaQaQ,B,gemma-31b,google/gemma-4-31b-it,io-net,0,1.0,Io Net,B,3.71925e-05,4.5990552282550573e-10,0.0,1
comprehension,ally_majority,neutral,0300,-1,0,1,0,aQaQaQ,B,gemma-31b,google/gemma-4-31b-it,io-net,0,1.0,Io Net,B,3.71925e-05,4.5277535107993633e-10,0.0,1
comprehension,ally_majority,neutral,0300,1,0,0,0,aQaQaQ,B,gemma-31b,google/gemma-4-31b-it,io-net,0,1.0,Io Net,B,3.71925e-05,1.0045261217694745e-09,7.37409545648049e-08,1
comprehension,ally_majority,neutral,0300,1,0,1,0,aQaQaQ,B,gemma-31b,google/gemma-4-31b-it,io-net,0,1.0,Io Net,B,3.71925e-05,6.691586009887294e-10,0.0,1
comprehension,ally_majority,neutral,0301,-1,0,0,0,aQaQrQaQ,B,gemma-31b,google/gemma-4-31b-it,io-net,0,1.0,Io Net,B,3.97195e-05,6.903999876715485e-10,6.674100605508215e-09,1
comprehension,ally_majority,neutral,0301,-1,0,1,0,aQrQaQaQ,B,gemma-31b,google/gemma-4-31b-it,io-net,0,1.0,Io Net,B,3.97195e-05,4.457557209714507e-10,0.0,1
comprehension,ally_majority,neutral,0301,1,0,0,0,aQaQaQrQ,B,gemma-31b,google/gemma-4-31b-it,io-net,0,1.0,Io Net,B,3.39435e-05,1.0364131707266445e-09,4.1865056310541604e-08,1
comprehension,ally_majority,neutral,0301,1,0,1,0,rQaQaQaQ,B,gemma-31b,google/gemma-4-31b-it,io-net,0,1.0,Io Net,B,3.39435e-05,3.7536398489527423e-10,6.605142277571474e-08,1
comprehension,ally_majority,neutral,0302,-1,0,0,0,aQrQaQaQrQ,B,gemma-31b,google/gemma-4-31b-it,io-net,0,1.0,Io Net,B,3.64705e-05,8.071593607277624e-10,6.674100605508215e-09,1
comprehension,ally_majority,neutral,0302,-1,0,1,0,aQrQrQaQaQ,B,gemma-31b,google/gemma-4-31b-it,io-net,0,1.0,Io Net,B,3.64705e-05,7.349270187620958e-10,8.488798619588067e-08,1
comprehension,ally_majority,neutral,0302,1,0,0,0,aQaQrQrQaQ,B,gemma-31b,google/gemma-4-31b-it,io-net,0,1.0,Io Net,B,3.64705e-05,8.327813548887592e-10,1.3492262196379556e-08,1
comprehension,ally_majority,neutral,0302,1,0,1,0,aQaQaQrQrQ,B,gemma-31b,google/gemma-4-31b-it,io-net,0,1.0,Io Net,B,3.64705e-05,7.58256052446828e-10,1.3492262196379556e-08,1
comprehension,ally_majority,neutral,0303,-1,0,0,0,rQaQaQrQaQrQ,B,gemma-31b,google/gemma-4-31b-it,io-net,0,1.0,Io Net,B,3.89975e-05,6.691586131475368e-10,6.674100605508215e-09,1
comprehension,ally_majority,neutral,0303,-1,0,1,0,rQrQaQrQaQaQ,B,gemma-31b,google/gemma-4-31b-it,io-net,0,1.0,Io Net,B,3.89975e-05,3.261218816718916e-10,6.605142277571474e-08,1
comprehension,ally_majority,neutral,0303,1,0,0,0,rQaQaQrQaQrQ,B,gemma-31b,google/gemma-4-31b-it,io-net,0,1.0,Io Net,B,3.89975e-05,1.1744100071220913e-09,6.412063402461143e-08,1
comprehension,ally_majority,neutral,0303,1,0,1,0,rQaQrQrQaQaQ,B,gemma-31b,google/gemma-4-31b-it,io-net,0,1.0,Io Net,B,3.89975e-05,2.8780154205502597e-10,3.6876782738559655e-08,1
comprehension,ally_majority,neutral,0310,-1,0,0,0,aQaQrPaQ,B,gemma-31b,google/gemma-4-31b-it,io-net,0,1.0,Io Net,B,3.39435e-05,6.90399977326675e-10,0.0,1
comprehension,ally_majority,neutral,0310,-1,0,1,0,aQrPaQaQ,B,gemma-31b,google/gemma-4-31b-it,io-net,0,1.0,Io Net,B,3.39435e-05,5.211412354314136e-10,0.0,1
comprehension,ally_majority,neutral,0310,1,0,0,0,rPaQaQaQ,B,gemma-31b,google/gemma-4-31b-it,io-net,0,1.0,Io Net,B,3.39435e-05,6.69158652880386e-10,6.605142277571474e-08,1
comprehension,ally_majority,neutral,0310,1,0,1,0,aQaQaQrP,B,gemma-31b,google/gemma-4-31b-it,io-net,0,1.0,Io Net,B,3.39435e-05,2.8780152902119177e-10,0.0,1
comprehension,ally_majority,neutral,0311,-1,0,0,0,rQaQaQrPaQ,B,gemma-31b,google/gemma-4-31b-it,io-net,0,1.0,Io Net,B,3.64705e-05,1.3307809648211514e-09,1.2588334752372532e-07,1
comprehension,ally_majority,neutral,0311,-1,0,1,0,aQaQrPaQrQ,B,gemma-31b,google/gemma-4-31b-it,io-net,0,1.0,Io Net,B,3.64705e-05,6.904000009550089e-10,2.59143386749372e-08,1
comprehension,ally_majority,neutral,0311,1,0,0,0,aQrPaQrQaQ,B,gemma-31b,google/gemma-4-31b-it,io-net,0,1.0,Io Net,B,3.64705e-05,1.2116897050296925e-09,1.8155554837306909e-10,1
comprehension,ally_majority,neutral,0311,1,0,1,0,rPrQaQaQaQ,B,gemma-31b,google/gemma-4-31b-it,io-net,0,1.0,Io Net,B,3.64705e-05,9.436649431835244e-10,5.508866562919934e-08,1
comprehension,ally_majority,neutral,0312,-1,0,0,0,rQrPrQaQaQaQ,B,gemma-31b,google/gemma-4-31b-it,io-net,0,1.0,Io Net,B,3.89975e-05,8.198703268697801e-10,7.468080920336462e-08,1
comprehension,ally_majority,neutral,0312,-1,0,1,0,aQrQrQaQaQrP,B,gemma-31b,google/gemma-4-31b-it,io-net,0,1.0,Io Net,B,3.89975e-05,5.376840695229892e-10,4.0913139764953144e-08,1
comprehension,ally_majority,neutral,0312,1,0,0,0,rQaQrQrPaQaQ,B,gemma-31b,google/gemma-4-31b-it,io-net,0,1.0,Io Net,B,3.89975e-05,1.0693124801054459e-09,6.412063402461143e-08,1
comprehension,ally_majority,neutral,0312,1,0,1,0,rQrPaQaQrQaQ,B,gemma-31b,google/gemma-4-31b-it,io-net,0,1.0,Io Net,B,4.47735e-05,5.905304270355221e-10,4.655110563689391e-08,1
comprehension,ally_majority,neutral,0320,-1,0,0,0,rPrPaQaQaQ,B,gemma-31b,google/gemma-4-31b-it,io-net,0,1.0,Io Net,B,3.64705e-05,1.1744100010772887e-09,5.897353694273022e-08,1
comprehension,ally_majority,neutral,0320,-1,0,1,0,aQaQaQrPrP,B,gemma-31b,google/gemma-4-31b-it,io-net,0,1.0,Io Net,B,3.64705e-05,6.796963845147005e-10,8.985272104133912e-08,1
comprehension,ally_majority,neutral,0320,1,0,0,0,rPrPaQaQaQ,B,gemma-31b,google/gemma-4-31b-it,io-net,0,1.0,Io Net,B,3.64705e-05,7.582560991915015e-10,7.51398677723003e-08,1
comprehension,ally_majority,neutral,0320,1,0,1,0,aQrPaQrPaQ,B,gemma-31b,google/gemma-4-31b-it,io-net,0,1.0,Io Net,B,3.64705e-05,8.071593998060338e-10,5.508866562919934e-08,1
comprehension,ally_majority,neutral,0321,-1,0,0,0,aQaQrPaQrQrP,B,gemma-31b,google/gemma-4-31b-it,io-net,0,1.0,Io Net,B,3.89975e-05,4.599055709038037e-10,7.229763510085974e-08,1
comprehension,ally_majority,neutral,0321,-1,0,1,0,aQrPaQaQrQrP,B,gemma-31b,google/gemma-4-31b-it,io-net,0,1.0,Io Net,B,3.89975e-05,2.6617291946465166e-10,5.508866562919934e-08,1
comprehension,ally_majority,neutral,0321,1,0,0,0,aQrPrQrPaQaQ,B,gemma-31b,google/gemma-4-31b-it,io-net,0,1.0,Io Net,B,3.89975e-05,4.5990553738522827e-10,0.0,1
comprehension,ally_majority,neutral,0321,1,0,1,0,rQaQrPaQaQrP,B,gemma-31b,google/gemma-4-31b-it,io-net,0,1.0,Io Net,B,3.89975e-05,3.6954450499818755e-10,6.412063402461143e-08,1
comprehension,ally_majority,neutral,0330,-1,0,0,0,rPaQrPaQaQrP,B,gemma-31b,google/gemma-4-31b-it,io-net,0,1.0,Io Net,B,3.89975e-05,9.146314435097188e-10,7.51398677723003e-08,1
comprehension,ally_majority,neutral,0330,-1,0,1,0,rPrPaQaQrPaQ,B,gemma-31b,google/gemma-4-31b-it,io-net,0,1.0,Io Net,B,3.89975e-05,3.5817477897021216e-10,0.0,1
comprehension,ally_majority,neutral,0330,1,0,0,0,rPaQaQrPrPaQ,B,gemma-31b,google/gemma-4-31b-it,io-net,0,1.0,Io Net,B,3.89975e-05,8.327813785170941e-10,4.1865056310541604e-08,1
comprehension,ally_majority,neutral,0330,1,0,1,0,rPrPaQaQrPaQ,B,gemma-31b,google/gemma-4-31b-it,io-net,0,1.0,Io Net,B,3.89975e-05,3.6381523664414333e-10,3.1566793179393926e-08,1
comprehension,ally_majority,neutral,0400,-1,0,0,0,aQaQaQaQ,B,gemma-31b,google/gemma-4-31b-it,io-net,0,1.0,Io Net,B,3.39435e-05,5.461513533653002e-10,2.59143386749372e-08,1
comprehension,ally_majority,neutral,0400,-1,0,1,0,aQaQaQaQ,B,gemma-31b,google/gemma-4-31b-it,io-net,0,1.0,Io Net,B,3.39435e-05,4.457557741096722e-10,9.487183705303437e-08,1
comprehension,ally_majority,neutral,0400,1,0,0,0,aQaQaQaQ,B,gemma-31b,google/gemma-4-31b-it,io-net,0,1.0,Io Net,B,3.39435e-05,3.1118764916895854e-10,0.0,1
comprehension,ally_majority,neutral,0400,1,0,1,0,aQaQaQaQ,B,gemma-31b,google/gemma-4-31b-it,io-net,0,1.0,Io Net,B,3.39435e-05,3.0161341205615397e-10,0.0,1
comprehension,ally_majority,neutral,0401,-1,0,0,0,rQaQaQaQaQ,B,gemma-31b,google/gemma-4-31b-it,io-net,0,1.0,Io Net,B,3.64705e-05,8.72747360585227e-10,6.674100605508215e-09,1
comprehension,ally_majority,neutral,0401,-1,0,1,0,aQaQaQrQaQ,B,gemma-31b,google/gemma-4-31b-it,io-net,0,1.0,Io Net,B,3.64705e-05,3.9337808518340454e-10,8.267445317233779e-08,1
comprehension,ally_majority,neutral,0401,1,0,0,0,aQrQaQaQaQ,B,gemma-31b,google/gemma-4-31b-it,io-net,0,1.0,Io Net,B,3.64705e-05,1.373024416919173e-09,7.468080920336462e-08,1
comprehension,ally_majority,neutral,0401,1,0,1,0,aQrQaQaQaQ,B,gemma-31b,google/gemma-4-31b-it,io-net,0,1.0,Io Net,B,3.64705e-05,5.051074414408384e-10,4.655110563689391e-08,1
comprehension,ally_majority,neutral,0402,-1,0,0,0,aQaQaQrQrQaQ,B,gemma-31b,google/gemma-4-31b-it,io-net,0,1.0,Io Net,B,3.89975e-05,5.723617072862878e-10,3.1566793179393926e-08,1
comprehension,ally_majority,neutral,0402,-1,0,1,0,aQrQaQrQaQaQ,B,gemma-31b,google/gemma-4-31b-it,io-net,0,1.0,Io Net,B,3.89975e-05,3.638152534680908e-10,7.780989819128337e-08,1
comprehension,ally_majority,neutral,0402,1,0,0,0,rQaQaQaQaQrQ,B,gemma-31b,google/gemma-4-31b-it,io-net,0,1.0,Io Net,B,3.89975e-05,1.1744099688905336e-09,3.1566793179393926e-08,1
comprehension,ally_majority,neutral,0402,1,0,1,0,rQaQaQrQaQaQ,B,gemma-31b,google/gemma-4-31b-it,io-net,0,1.0,Io Net,B,3.89975e-05,4.5990552602328305e-10,0.0,1
comprehension,ally_majority,neutral,0410,-1,0,0,0,aQaQaQrPaQ,B,gemma-31b,google/gemma-4-31b-it,io-net,0,1.0,Io Net,B,3.64705e-05,5.0510743907388e-10,4.1865056310541604e-08,1
comprehension,ally_majority,neutral,0410,-1,0,1,0,rPaQaQaQaQ,B,gemma-31b,google/gemma-4-31b-it,io-net,0,1.0,Io Net,B,3.64705e-05,6.587843106363521e-10,6.768691795944193e-08,1
comprehension,ally_majority,neutral,0410,1,0,0,0,aQaQaQaQrP,B,gemma-31b,google/gemma-4-31b-it,io-net,0,1.0,Io Net,B,3.64705e-05,1.0364131864763873e-09,5.706144934336521e-08,1
comprehension,ally_majority,neutral,0410,1,0,1,0,aQaQaQaQrP,B,gemma-31b,google/gemma-4-31b-it,io-net,0,1.0,Io Net,B,3.64705e-05,7.123156201993525e-10,0.0,1
comprehension,ally_majority,neutral,0411,-1,0,0,0,rQaQaQaQrPaQ,B,gemma-31b,google/gemma-4-31b-it,io-net,0,1.0,Io Net,B,3.89975e-05,8.327813743629527e-10,3.6876782738559655e-08,1
comprehension,ally_majority,neutral,0411,-1,0,1,0,aQrPaQrQaQaQ,B,gemma-31b,google/gemma-4-31b-it,io-net,0,1.0,Io Net,B,3.89975e-05,2.0408186003207522e-10,7.229763510085974e-08,1
comprehension,ally_majority,neutral,0411,1,0,0,0,aQrQaQaQaQrP,B,gemma-31b,google/gemma-4-31b-it,io-net,0,1.0,Io Net,B,3.89975e-05,8.864911670279515e-10,4.655110563689391e-08,1
comprehension,ally_majority,neutral,0411,1,0,1,0,aQaQrPaQaQrQ,B,gemma-31b,google/gemma-4-31b-it,io-net,0,1.0,Io Net,B,3.89975e-05,6.691586640038315e-10,8.267445317233779e-08,1
comprehension,ally_majority,neutral,0420,-1,0,0,0,rPaQaQrPaQaQ,B,gemma-31b,google/gemma-4-31b-it,io-net,0,1.0,Io Net,B,3.89975e-05,6.90399977326675e-10,0.0,1
comprehension,ally_majority,neutral,0420,-1,0,1,0,rPaQaQrPaQaQ,B,gemma-31b,google/gemma-4-31b-it,io-net,0,1.0,Io Net,B,3.89975e-05,5.211412876757532e-10,7.51398677723003e-08,1
comprehension,ally_majority,neutral,0420,1,0,0,0,aQaQaQaQrPrP,B,gemma-31b,google/gemma-4-31b-it,io-net,0,1.0,Io Net,B,3.89975e-05,4.3204126129533544e-10,0.0,1
comprehension,ally_majority,neutral,0420,1,0,1,0,aQaQrPaQaQrP,B,gemma-31b,google/gemma-4-31b-it,io-net,0,1.0,Io Net,B,3.89975e-05,2.7462213035616997e-10,0.0,1
comprehension,ally_majority,neutral,0500,-1,0,0,0,aQaQaQaQaQ,B,gemma-31b,google/gemma-4-31b-it,io-net,0,1.0,Io Net,B,3.64705e-05,1.0045260612480884e-09,1.3492262196379556e-08,1
comprehension,ally_majority,neutral,0500,-1,0,1,0,aQaQaQaQaQ,B,gemma-31b,google/gemma-4-31b-it,io-net,0,1.0,Io Net,B,3.64705e-05,3.995728723244568e-10,4.1865056310541604e-08,1
comprehension,ally_majority,neutral,0500,1,0,0,0,aQaQaQaQaQ,B,gemma-31b,google/gemma-4-31b-it,io-net,0,1.0,Io Net,B,3.64705e-05,1.8189617915150344e-09,5.897353694273022e-08,1
comprehension,ally_majority,neutral,0500,1,0,1,0,aQaQaQaQaQ,B,gemma-31b,google/gemma-4-31b-it,io-net,0,1.0,Io Net,B,3.64705e-05,5.998299511020807e-10,8.488798619588067e-08,1
comprehension,ally_majority,neutral,0501,-1,0,0,0,aQaQaQrQaQaQ,B,gemma-31b,google/gemma-4-31b-it,io-net,0,1.0,Io Net,B,3.89975e-05,8.071593662311054e-10,1.3492262196379556e-08,1
comprehension,ally_majority,neutral,0501,-1,0,1,0,aQaQaQaQaQrQ,B,gemma-31b,google/gemma-4-31b-it,io-net,0,1.0,Io Net,B,3.89975e-05,3.7536399703489894e-10,9.839236114750349e-08,1
comprehension,ally_majority,neutral,0501,1,0,0,0,aQaQaQaQaQrQ,B,gemma-31b,google/gemma-4-31b-it,io-net,0,1.0,Io Net,B,3.89975e-05,5.723617401135532e-10,8.892084391032284e-08,1
comprehension,ally_majority,neutral,0501,1,0,1,0,aQaQrQaQaQaQ,B,gemma-31b,google/gemma-4-31b-it,io-net,0,1.0,Io Net,B,3.89975e-05,4.5990552610549467e-10,0.0,1
comprehension,ally_majority,neutral,0510,-1,0,0,0,aQaQaQaQaQrP,B,gemma-31b,google/gemma-4-31b-it,io-net,0,1.0,Io Net,B,3.89975e-05,7.123156673426972e-10,5.095324162596171e-08,1
comprehension,ally_majority,neutral,0510,-1,0,1,0,aQaQaQaQaQrP,B,gemma-31b,google/gemma-4-31b-it,io-net,0,1.0,Io Net,B,3.89975e-05,4.4575576531403227e-10,7.51398677723003e-08,1
comprehension,ally_majority,neutral,0510,1,0,0,0,aQaQaQrPaQaQ,B,gemma-31b,google/gemma-4-31b-it,io-net,0,1.0,Io Net,B,3.89975e-05,6.092758257365114e-10,0.0,1
comprehension,ally_majority,neutral,0510,1,0,1,0,rPaQaQaQaQaQ,B,gemma-31b,google/gemma-4-31b-it,io-net,0,1.0,Io Net,B,3.89975e-05,4.3884496390104604e-10,7.780989819128337e-08,1
comprehension,ally_majority,neutral,0600,-1,0,0,0,aQaQaQaQaQaQ,B,gemma-31b,google/gemma-4-31b-it,io-net,0,1.0,Io Net,B,3.89975e-05,6.385156611775711e-10,8.795938588601615e-08,1
comprehension,ally_majority,neutral,0600,-1,0,1,0,aQaQaQaQaQaQ,B,gemma-31b,google/gemma-4-31b-it,io-net,0,1.0,Io Net,B,3.89975e-05,4.895669332294958e-10,7.51398677723003e-08,1
comprehension,ally_majority,neutral,0600,1,0,0,0,aQaQaQaQaQaQ,B,gemma-31b,google/gemma-4-31b-it,io-net,0,1.0,Io Net,B,3.89975e-05,1.0364131267320965e-09,0.0,1
comprehension,ally_majority,neutral,0600,1,0,1,0,aQaQaQaQaQaQ,B,gemma-31b,google/gemma-4-31b-it,io-net,0,1.0,Io Net,B,3.89975e-05,4.1225665468203526e-10,0.0,1
comprehension,ally_majority,neutral,1000,-1,0,0,0,aP,A,gemma-31b,google/gemma-4-31b-it,io-net,0,1.0,Io Net,A,4.36905e-05,0.9999999476662739,1.168237392445981e-05,1
comprehension,ally_majority,neutral,1000,-1,0,1,0,aP,A,gemma-31b,google/gemma-4-31b-it,io-net,0,1.0,Io Net,A,4.36905e-05,0.9999999598743394,5.9705644340768416e-06,1
comprehension,ally_majority,neutral,1000,1,0,0,0,aP,A,gemma-31b,google/gemma-4-31b-it,io-net,0,1.0,Io Net,A,4.36905e-05,0.9999999592424883,8.899859580302483e-06,1
comprehension,ally_majority,neutral,1000,1,0,1,0,aP,A,gemma-31b,google/gemma-4-31b-it,io-net,0,1.0,Io Net,A,3.21385e-05,0.9999999592424309,6.494320588079638e-06,1
comprehension,ally_majority,neutral,1001,-1,0,0,0,aPrQ,A,gemma-31b,google/gemma-4-31b-it,io-net,0,1.0,Io Net,A,3.46655e-05,0.9999999202005866,1.756286476850555e-05,1
comprehension,ally_majority,neutral,1001,-1,0,1,0,rQaP,A,gemma-31b,google/gemma-4-31b-it,io-net,0,1.0,Io Net,A,3.46655e-05,0.9999999598743725,7.050042666989498e-06,1
comprehension,ally_majority,neutral,1001,1,0,0,0,aPrQ,A,gemma-31b,google/gemma-4-31b-it,io-net,0,1.0,Io Net,A,3.46655e-05,0.9999999847700207,3.79512710724228e-06,1
comprehension,ally_majority,neutral,1001,1,0,1,0,aPrQ,A,gemma-31b,google/gemma-4-31b-it,io-net,0,1.0,Io Net,A,3.46655e-05,0.9999999847700248,3.532196685696043e-06,1
comprehension,ally_majority,neutral,1002,-1,0,0,0,rQrQaP,A,gemma-31b,google/gemma-4-31b-it,io-net,0,1.0,Io Net,A,3.71925e-05,0.9999998555019619,2.789419544080296e-05,1
comprehension,ally_majority,neutral,1002,-1,0,1,0,aPrQrQ,A,gemma-31b,google/gemma-4-31b-it,io-net,0,1.0,Io Net,A,3.14165e-05,0.9999998509151488,1.6139980846152646e-05,1
comprehension,ally_majority,neutral,1002,1,0,0,0,aPrQrQ,A,gemma-31b,google/gemma-4-31b-it,io-net,0,1.0,Io Net,A,3.14165e-05,0.999999917667573,1.2636024821599534e-05,1
comprehension,ally_majority,neutral,1002,1,0,1,0,rQrQaP,A,gemma-31b,google/gemma-4-31b-it,io-net,0,1.0,Io Net,A,3.71925e-05,0.9999998942829862,1.5370377455914408e-05,1
comprehension,ally_majority,neutral,1003,-1,0,0,0,rQrQrQaP,A,gemma-31b,google/gemma-4-31b-it,io-net,0,1.0,Io Net,A,3.39435e-05,0.9999999081514404,1.7550815830769118e-05,1
comprehension,ally_majority,neutral,1003,-1,0,1,0,rQaPrQrQ,A,gemma-31b,google/gemma-4-31b-it,io-net,0,1.0,Io Net,A,3.97195e-05,0.9999998684330547,1.6319047224433447e-05,1
comprehension,ally_majority,neutral,1003,1,0,0,0,rQaPrQrQ,A,gemma-31b,google/gemma-4-31b-it,io-net,0,1.0,Io Net,A,3.39435e-05,0.9999998926181978,2.2887659732795385e-05,1
comprehension,ally_majority,neutral,1003,1,0,1,0,rQrQrQaP,A,gemma-31b,google/gemma-4-31b-it,io-net,0,1.0,Io Net,A,3.39435e-05,0.999999954531663,6.12388058562896e-06,1
comprehension,ally_majority,neutral,1004,-1,0,0,0,aPrQrQrQrQ,A,gemma-31b,google/gemma-4-31b-it,io-net,0,1.0,Io Net,A,3.64705e-05,0.9999999123575853,1.26675903761031e-05,1
comprehension,ally_majority,neutral,1004,-1,0,1,0,rQaPrQrQrQ,A,gemma-31b,google/gemma-4-31b-it,io-net,0,1.0,Io Net,A,3.64705e-05,0.9999998413000488,2.0622781618073738e-05,1
comprehension,ally_majority,neutral,1004,1,0,0,0,rQrQaPrQrQ,A,gemma-31b,google/gemma-4-31b-it,io-net,0,1.0,Io Net,A,3.64705e-05,0.9999999006881358,1.4563217370699988e-05,1
comprehension,ally_majority,neutral,1004,1,0,1,0,rQrQrQrQaP,A,gemma-31b,google/gemma-4-31b-it,io-net,0,1.0,Io Net,A,3.64705e-05,0.9999999484776181,8.157117986073992e-06,1
comprehension,ally_majority,neutral,1005,-1,0,0,0,aPrQrQrQrQrQ,A,gemma-31b,google/gemma-4-31b-it,io-net,0,1.0,Io Net,A,3.89975e-05,0.9999999109772726,1.8119484142875564e-05,1
comprehension,ally_majority,neutral,1005,-1,0,1,0,rQrQrQrQaPrQ,A,gemma-31b,google/gemma-4-31b-it,io-net,0,1.0,Io Net,A,3.89975e-05,0.999999890927111,1.971115363563758e-05,1
comprehension,ally_majority,neutral,1005,1,0,0,0,rQrQrQrQrQaP,A,gemma-31b,google/gemma-4-31b-it,io-net,0,1.0,Io Net,A,3.89975e-05,0.9999999442910785,1.0967134472572582e-05,1
comprehension,ally_majority,neutral,1005,1,0,1,0,rQrQrQrQaPrQ,A,gemma-31b,google/gemma-4-31b-it,io-net,0,1.0,Io Net,A,3.89975e-05,0.999999933844051,6.678776577451195e-06,1
comprehension,ally_majority,neutral,1010,-1,0,0,0,rPaP,A,gemma-31b,google/gemma-4-31b-it,io-net,0,1.0,Io Net,A,3.46655e-05,0.9999998942829084,1.4199194964814588e-05,1
comprehension,ally_majority,neutral,1010,-1,0,1,0,rPaP,A,gemma-31b,google/gemma-4-31b-it,io-net,0,1.0,Io Net,A,3.46655e-05,0.9999998909272079,1.1193227550498897e-05,1
comprehension,ally_majority,neutral,1010,1,0,0,0,aPrP,A,gemma-31b,google/gemma-4-31b-it,io-net,0,1.0,Io Net,A,3.46655e-05,0.9999999295773341,1.2755231688199586e-05,1
comprehension,ally_majority,neutral,1010,1,0,1,0,aPrP,A,gemma-31b,google/gemma-4-31b-it,io-net,0,1.0,Io Net,A,3.46655e-05,0.9999999662108315,7.117897675157359e-06,1
comprehension,ally_majority,neutral,1011,-1,0,0,0,rQaPrP,A,gemma-31b,google/gemma-4-31b-it,io-net,0,1.0,Io Net,A,3.14165e-05,0.9999998926181457,1.7649334904223934e-05,1
comprehension,ally_majority,neutral,1011,-1,0,1,0,aPrPrQ,A,gemma-31b,google/gemma-4-31b-it,io-net,0,1.0,Io Net,A,3.14165e-05,0.99999987640435,1.1081953384284304e-05,1
comprehension,ally_majority,neutral,1011,1,0,0,0,rPrQaP,A,gemma-31b,google/gemma-4-31b-it,io-net,0,1.0,Io Net,A,3.71925e-05,0.9999999176674995,9.714443989228272e-06,1
comprehension,ally_majority,neutral,1011,1,0,1,0,rPrQaP,A,gemma-31b,google/gemma-4-31b-it,io-net,0,1.0,Io Net,A,3.14165e-05,0.999999970643423,2.7071978573323108e-06,1
comprehension,ally_majority,neutral,1012,-1,0,0,0,aPrQrQrP,A,gemma-31b,google/gemma-4-31b-it,io-net,0,1.0,Io Net,A,3.97195e-05,0.9999998555019275,2.336447494999394e-05,1
comprehension,ally_majority,neutral,1012,-1,0,1,0,rQaPrQrP,A,gemma-31b,google/gemma-4-31b-it,io-net,0,1.0,Io Net,A,3.39435e-05,0.999999929577292,9.536652215147434e-06,1
comprehension,ally_majority,neutral,1012,1,0,0,0,rQrQrPaP,A,gemma-31b,google/gemma-4-31b-it,io-net,0,1.0,Io Net,A,3.97195e-05,0.9999999378522345,6.7175395980223485e-06,1
comprehension,ally_majority,neutral,1012,1,0,1,0,aPrQrQrP,A,gemma-31b,google/gemma-4-31b-it,io-net,0,1.0,Io Net,A,3.39435e-05,0.9999999617118064,8.419259326042372e-06,1
comprehension,ally_majority,neutral,1013,-1,0,0,0,rPrQrQrQaP,A,gemma-31b,google/gemma-4-31b-it,io-net,0,1.0,Io Net,A,3.64705e-05,0.9999998942830233,1.8834712112614227e-05,1
comprehension,ally_majority,neutral,1013,-1,0,1,0,rPrQrQrQaP,A,gemma-31b,google/gemma-4-31b-it,io-net,0,1.0,Io Net,A,3.64705e-05,0.9999998838925842,1.1484870802269675e-05,1
comprehension,ally_majority,neutral,1013,1,0,0,0,aPrQrQrPrQ,A,gemma-31b,google/gemma-4-31b-it,io-net,0,1.0,Io Net,A,3.64705e-05,0.9999999067050946,1.5015756751224352e-05,1
comprehension,ally_majority,neutral,1013,1,0,1,0,rPrQaPrQrQ,A,gemma-31b,google/gemma-4-31b-it,io-net,0,1.0,Io Net,A,3.64705e-05,0.9999998959220989,1.610050308098465e-05,1
comprehension,ally_majority,neutral,1014,-1,0,0,0,rQrPaPrQrQrQ,A,gemma-31b,google/gemma-4-31b-it,io-net,0,1.0,Io Net,A,3.89975e-05,0.9999998975356639,1.4321653445503735e-05,1
comprehension,ally_majority,neutral,1014,-1,0,1,0,rPrQrQaPrQrQ,A,gemma-31b,google/gemma-4-31b-it,io-net,0,1.0,Io Net,A,3.89975e-05,0.999999933843972,7.870852132829675e-06,1
comprehension,ally_majority,neutral,1014,1,0,0,0,aPrQrQrQrQrP,A,gemma-31b,google/gemma-4-31b-it,io-net,0,1.0,Io Net,A,3.89975e-05,0.9999998802069731,1.4065912528282709e-05,1
comprehension,ally_majority,neutral,1014,1,0,1,0,rPrQaPrQrQrQ,A,gemma-31b,google/gemma-4-31b-it,io-net,0,1.0,Io Net,A,3.89975e-05,0.9999999586006421,5.298233451633827e-06,1
comprehension,ally_majority,neutral,1020,-1,0,0,0,aPrPrP,A,gemma-31b,google/gemma-4-31b-it,io-net,0,1.0,Io Net,A,3.14165e-05,0.9999999295772249,1.0490307887134342e-05,1
comprehension,ally_majority,neutral,1020,-1,0,1,0,rPaPrP,A,gemma-31b,google/gemma-4-31b-it,io-net,0,1.0,Io Net,A,3.71925e-05,0.9999998144609532,1.4008424112255113e-05,1
comprehension,ally_majority,neutral,1020,1,0,0,0,aPrPrP,A,gemma-31b,google/gemma-4-31b-it,io-net,0,1.0,Io Net,A,3.71925e-05,0.9999999150539621,1.571214200968285e-05,1
comprehension,ally_majority,neutral,1020,1,0,1,0,rPrPaP,A,gemma-31b,google/gemma-4-31b-it,io-net,0,1.0,Io Net,A,3.71925e-05,0.999999935879377,5.995071033937371e-06,1
comprehension,ally_majority,neutral,1021,-1,0,0,0,rQrPaPrP,A,gemma-31b,google/gemma-4-31b-it,io-net,0,1.0,Io Net,A,3.97195e-05,0.9999997962250682,2.7178979407627146e-05,1
comprehension,ally_majority,neutral,1021,-1,0,1,0,aPrPrPrQ,A,gemma-31b,google/gemma-4-31b-it,io-net,0,1.0,Io Net,A,3.39435e-05,0.9999997126314126,2.5867746562546756e-05,1
comprehension,ally_majority,neutral,1021,1,0,0,0,rPaPrPrQ,A,gemma-31b,google/gemma-4-31b-it,io-net,0,1.0,Io Net,A,3.97195e-05,0.9999999515992657,6.826448976315902e-06,1
comprehension,ally_majority,neutral,1021,1,0,1,0,rPrQaPrP,A,gemma-31b,google/gemma-4-31b-it,io-net,0,1.0,Io Net,A,3.39435e-05,0.9999999530883648,3.7563004569030056e-06,1
comprehension,ally_majority,neutral,1022,-1,0,0,0,aPrPrQrQrP,A,gemma-31b,google/gemma-4-31b-it,io-net,0,1.0,Io Net,A,3.64705e-05,0.9999998975355784,1.324879909569976e-05,1
comprehension,ally_majority,neutral,1022,-1,0,1,0,rQrPrQrPaP,A,gemma-31b,google/gemma-4-31b-it,io-net,0,1.0,Io Net,A,3.64705e-05,0.9999996640321603,3.427059678262623e-05,1
comprehension,ally_majority,neutral,1022,1,0,0,0,rPrQaPrQrP,A,gemma-31b,google/gemma-4-31b-it,io-net,0,1.0,Io Net,A,3.64705e-05,0.9999999273418988,1.2482209382103093e-05,1
comprehension,ally_majority,neutral,1022,1,0,1,0,rPrQaPrPrQ,A,gemma-31b,google/gemma-4-31b-it,io-net,0,1.0,Io Net,A,3.64705e-05,0.9999999515992303,5.6493554028147486e-06,1
comprehension,ally_majority,neutral,1023,-1,0,0,0,rQrQrQrPrPaP,A,gemma-31b,google/gemma-4-31b-it,io-net,0,1.0,Io Net,A,3.89975e-05,0.9999998942829087,1.419583919137768e-05,1
comprehension,ally_majority,neutral,1023,-1,0,1,0,rQrQrQrPaPrP,A,gemma-31b,google/gemma-4-31b-it,io-net,0,1.0,Io Net,A,3.89975e-05,0.9999998724809633,1.2348659748528945e-05,1
comprehension,ally_majority,neutral,1023,1,0,0,0,aPrQrQrPrQrP,A,gemma-31b,google/gemma-4-31b-it,io-net,0,1.0,Io Net,A,3.89975e-05,0.9999999238548342,1.227840595541263e-05,1
comprehension,ally_majority,neutral,1023,1,0,1,0,rPaPrPrQrQrQ,A,gemma-31b,google/gemma-4-31b-it,io-net,0,1.0,Io Net,A,3.89975e-05,0.9999999250354347,9.314981499475294e-06,1
comprehension,ally_majority,neutral,1030,-1,0,0,0,rPrPaPrP,A,gemma-31b,google/gemma-4-31b-it,io-net,0,1.0,Io Net,A,3.39435e-05,0.9999997690928383,2.7782496960337966e-05,1
comprehension,ally_majority,neutral,1030,-1,0,1,0,rPaPrPrP,A,gemma-31b,google/gemma-4-31b-it,io-net,0,1.0,Io Net,A,3.39435e-05,0.9999999348696232,9.822053209762593e-06,1
comprehension,ally_majority,neutral,1030,1,0,0,0,aPrPrPrP,A,gemma-31b,google/gemma-4-31b-it,io-net,0,1.0,Io Net,A,3.39435e-05,0.9999998555020516,1.9643854691886453e-05,1
comprehension,ally_majority,neutral,1030,1,0,1,0,rPaPrPrP,A,gemma-31b,google/gemma-4-31b-it,io-net,0,1.0,Io Net,A,3.39435e-05,0.9999999804443049,2.6424942818348285e-06,1
comprehension,ally_majority,neutral,1031,-1,0,0,0,rPrQrPrPaP,A,gemma-31b,google/gemma-4-31b-it,io-net,0,1.0,Io Net,A,3.64705e-05,0.9999998599476817,1.6569817542388954e-05,1
comprehension,ally_majority,neutral,1031,-1,0,1,0,rPrPrPrQaP,A,gemma-31b,google/gemma-4-31b-it,io-net,0,1.0,Io Net,A,3.64705e-05,0.9999999530883982,4.950178978613273e-06,1
comprehension,ally_majority,neutral,1031,1,0,0,0,rQrPaPrPrP,A,gemma-31b,google/gemma-4-31b-it,io-net,0,1.0,Io Net,A,3.64705e-05,0.9999999226557316,1.215919994146386e-05,1
comprehension,ally_majority,neutral,1031,1,0,1,0,rPaPrPrQrP,A,gemma-31b,google/gemma-4-31b-it,io-net,0,1.0,Io Net,A,3.64705e-05,0.999999903743612,7.227184890434835e-06,1
comprehension,ally_majority,neutral,1032,-1,0,0,0,rPrQrPrQaPrP,A,gemma-31b,google/gemma-4-31b-it,io-net,0,1.0,Io Net,A,3.89975e-05,0.9999999328021183,1.4304910566531603e-05,1
comprehension,ally_majority,neutral,1032,-1,0,1,0,aPrQrPrQrPrP,A,gemma-31b,google/gemma-4-31b-it,io-net,0,1.0,Io Net,A,3.89975e-05,0.9999999022278253,1.072872120821966e-05,1
comprehension,ally_majority,neutral,1032,1,0,0,0,rQaPrQrPrPrP,A,gemma-31b,google/gemma-4-31b-it,io-net,0,1.0,Io Net,A,3.89975e-05,0.9999999328022053,1.1103084409991304e-05,1
comprehension,ally_majority,neutral,1032,1,0,1,0,rPrQrPrPaPrQ,A,gemma-31b,google/gemma-4-31b-it,io-net,0,1.0,Io Net,A,3.89975e-05,0.9999999724220787,3.504046276137096e-06,1
comprehension,ally_majority,neutral,1040,-1,0,0,0,rPrPaPrPrP,A,gemma-31b,google/gemma-4-31b-it,io-net,0,1.0,Io Net,A,3.64705e-05,0.9999998838926027,1.1324753807717691e-05,1
comprehension,ally_majority,neutral,1040,-1,0,1,0,rPrPrPaPrP,A,gemma-31b,google/gemma-4-31b-it,io-net,0,1.0,Io Net,A,3.64705e-05,0.9999999317439532,1.5518464810182486e-05,1
comprehension,ally_majority,neutral,1040,1,0,0,0,aPrPrPrPrP,A,gemma-31b,google/gemma-4-31b-it,io-net,0,1.0,Io Net,A,3.64705e-05,0.9999998663611773,2.013153218638486e-05,1
comprehension,ally_majority,neutral,1040,1,0,1,0,rPrPaPrPrP,A,gemma-31b,google/gemma-4-31b-it,io-net,0,1.0,Io Net,A,3.64705e-05,0.9999999484776566,9.318133968871933e-06,1
comprehension,ally_majority,neutral,1041,-1,0,0,0,aPrQrPrPrPrP,A,gemma-31b,google/gemma-4-31b-it,io-net,0,1.0,Io Net,A,3.89975e-05,0.999999868433053,1.9192327724626423e-05,1
comprehension,ally_majority,neutral,1041,-1,0,1,0,rPrPaPrPrPrQ,A,gemma-31b,google/gemma-4-31b-it,io-net,0,1.0,Io Net,A,3.89975e-05,0.9999999095753903,8.344580891495035e-06,1
comprehension,ally_majority,neutral,1041,1,0,0,0,aPrPrPrPrQrP,A,gemma-31b,google/gemma-4-31b-it,io-net,0,1.0,Io Net,A,3.89975e-05,0.9999999598743667,5.289424930832176e-06,1
comprehension,ally_majority,neutral,1041,1,0,1,0,rQrPrPrPrPaP,A,gemma-31b,google/gemma-4-31b-it,io-net,0,1.0,Io Net,A,3.89975e-05,0.9999999451546963,6.5016231083347975e-06,1
comprehension,ally_majority,neutral,1050,-1,0,0,0,rPrPrPaPrPrP,A,gemma-31b,google/gemma-4-31b-it,io-net,0,1.0,Io Net,A,3.89975e-05,0.9999998724809419,1.5377761878765384e-05,1
comprehension,ally_majority,neutral,1050,-1,0,1,0,rPrPrPaPrPrP,A,gemma-31b,google/gemma-4-31b-it,io-net,0,1.0,Io Net,A,3.89975e-05,0.9999999006881023,1.1086340628629898e-05,1
comprehension,ally_majority,neutral,1050,1,0,0,0,aPrPrPrPrPrP,A,gemma-31b,google/gemma-4-31b-it,io-net,0,1.0,Io Net,A,3.89975e-05,0.9999998991240585,1.7889490248390594e-05,1
comprehension,ally_majority,neutral,1050,1,0,1,0,rPrPrPrPaPrP,A,gemma-31b,google/gemma-4-31b-it,io-net,0,1.0,Io Net,A,3.89975e-05,0.9999999598743716,5.167837565323019e-06,1
comprehension,ally_majority,neutral,1200,-1,0,0,0,aPaQaQ,B,gemma-31b,google/gemma-4-31b-it,io-net,0,1.0,Io Net,B,3.71925e-05,1.6052280633223082e-09,6.674100605508215e-09,1
comprehension,ally_majority,neutral,1200,-1,0,1,0,aQaPaQ,B,gemma-31b,google/gemma-4-31b-it,io-net,0,1.0,Io Net,B,3.14165e-05,1.3730243499616166e-09,2.59143386749372e-08,1
comprehension,ally_majority,neutral,1200,1,0,0,0,aQaPaQ,B,gemma-31b,google/gemma-4-31b-it,io-net,0,1.0,Io Net,B,3.71925e-05,9.736201035107063e-10,7.51398677723003e-08,1
comprehension,ally_majority,neutral,1200,1,0,1,0,aQaPaQ,B,gemma-31b,google/gemma-4-31b-it,io-net,0,1.0,Io Net,B,3.71925e-05,1.605228084548611e-09,1.9897332226292974e-08,1
comprehension,ally_majority,neutral,1201,-1,0,0,0,aQaQaPrQ,B,gemma-31b,google/gemma-4-31b-it,io-net,0,1.0,Io Net,B,3.39435e-05,1.1382771522163376e-09,1.3492262196379556e-08,1
comprehension,ally_majority,neutral,1201,-1,0,1,0,aPrQaQaQ,B,gemma-31b,google/gemma-4-31b-it,io-net,0,1.0,Io Net,B,3.39435e-05,2.2637345493394005e-09,7.025911208380364e-08,1
comprehension,ally_majority,neutral,1201,1,0,0,0,aQrQaPaQ,B,gemma-31b,google/gemma-4-31b-it,io-net,0,1.0,Io Net,B,3.97195e-05,1.1382772366510524e-09,8.766989756381349e-08,1
comprehension,ally_majority,neutral,1201,1,0,1,0,aQrQaPaQ,B,gemma-31b,google/gemma-4-31b-it,io-net,0,1.0,Io Net,B,3.39435e-05,1.5558404598509707e-09,5.28793859810861e-08,1
comprehension,ally_majority,neutral,1202,-1,0,0,0,rQrQaQaPaQ,B,gemma-31b,google/gemma-4-31b-it,io-net,0,1.0,Io Net,B,3.64705e-05,1.1744100421193526e-09,9.392049760137411e-08,1
comprehension,ally_majority,neutral,1202,-1,0,1,0,aPrQaQrQaQ,B,gemma-31b,google/gemma-4-31b-it,io-net,0,1.0,Io Net,B,3.64705e-05,7.582560532986083e-10,1.4615603616263684e-08,1
comprehension,ally_majority,neutral,1202,1,0,0,0,rQaQaQrQaP,B,gemma-31b,google/gemma-4-31b-it,io-net,0,1.0,Io Net,B,3.64705e-05,3.192377450256468e-09,8.766989756381349e-08,1
comprehension,ally_majority,neutral,1202,1,0,1,0,rQaQrQaPaQ,B,gemma-31b,google/gemma-4-31b-it,io-net,0,1.0,Io Net,B,3.64705e-05,1.87670172500868e-09,0.0,1
comprehension,ally_majority,neutral,1203,-1,0,0,0,rQrQrQaQaQaP,B,gemma-31b,google/gemma-4-31b-it,io-net,0,1.0,Io Net,B,3.89975e-05,3.972978262450267e-09,1.7252521100630247e-07,1
comprehension,ally_majority,neutral,1203,-1,0,1,0,aQrQaPrQaQrQ,B,gemma-31b,google/gemma-4-31b-it,io-net,0,1.0,Io Net,B,3.89975e-05,1.3730243577225744e-09,3.1566793179393926e-08,1
comprehension,ally_majority,neutral,1203,1,0,0,0,rQrQaQaPrQaQ,B,gemma-31b,google/gemma-4-31b-it,io-net,0,1.0,Io Net,B,3.89975e-05,1.1744100112795267e-09,6.766065419050449e-08,1
comprehension,ally_majority,neutral,1203,1,0,1,0,rQrQrQaQaQaP,B,gemma-31b,google/gemma-4-31b-it,io-net,0,1.0,Io Net,B,3.89975e-05,1.8189616963843576e-09,6.674100605508215e-09,1
comprehension,ally_majority,neutral,1210,-1,0,0,0,aPrPaQaQ,B,gemma-31b,google/gemma-4-31b-it,io-net,0,1.0,Io Net,B,3.39435e-05,2.3355931080749665e-09,3.199642273354897e-08,1
comprehension,ally_majority,neutral,1210,-1,0,1,0,aQaQaPrP,B,gemma-31b,google/gemma-4-31b-it,io-net,0,1.0,Io Net,B,3.39435e-05,7.823257054862447e-10,4.1865056310541604e-08,1
comprehension,ally_majority,neutral,1210,1,0,0,0,rPaQaQaP,B,gemma-31b,google/gemma-4-31b-it,io-net,0,1.0,Io Net,B,3.39435e-05,1.0045261326788513e-09,8.460117573161341e-08,1
comprehension,ally_majority,neutral,1210,1,0,1,0,aQaQrPaP,B,gemma-31b,google/gemma-4-31b-it,io-net,0,1.0,Io Net,B,3.97195e-05,2.3355933121926518e-09,1.193907811503081e-07,1
comprehension,ally_majority,neutral,1211,-1,0,0,0,rQaPrPaQaQ,B,gemma-31b,google/gemma-4-31b-it,io-net,0,1.0,Io Net,B,3.64705e-05,3.0941581490655058e-09,3.17516808401308e-08,1
comprehension,ally_majority,neutral,1211,-1,0,1,0,aPrQaQrPaQ,B,gemma-31b,google/gemma-4-31b-it,io-net,0,1.0,Io Net,B,3.64705e-05,9.736200879634056e-10,5.917131939980891e-08,1
comprehension,ally_majority,neutral,1211,1,0,0,0,rPrQaPaQaQ,B,gemma-31b,google/gemma-4-31b-it,io-net,0,1.0,Io Net,B,3.64705e-05,1.103256096189294e-09,5.897353694273022e-08,1
comprehension,ally_majority,neutral,1211,1,0,1,0,aQaQaPrQrP,B,gemma-31b,google/gemma-4-31b-it,io-net,0,1.0,Io Net,B,3.64705e-05,1.3730243650133197e-09,3.6876782738559655e-08,1
comprehension,ally_majority,neutral,1212,-1,0,0,0,rQaPaQrQaQrP,B,gemma-31b,google/gemma-4-31b-it,io-net,0,1.0,Io Net,B,3.89975e-05,1.2898370896768342e-09,8.766989756381349e-08,1
comprehension,ally_majority,neutral,1212,-1,0,1,0,rPrQaQrQaQaP,B,gemma-31b,google/gemma-4-31b-it,io-net,0,1.0,Io Net,B,3.89975e-05,6.286163506227706e-10,1.9897332226292974e-08,1
comprehension,ally_majority,neutral,1212,1,0,0,0,aQrPaPrQrQaQ,B,gemma-31b,google/gemma-4-31b-it,io-net,0,1.0,Io Net,B,3.89975e-05,7.123156642069866e-10,4.655110563689391e-08,1
comprehension,ally_majority,neutral,1212,1,0,1,0,rPrQrQaQaQaP,B,gemma-31b,google/gemma-4-31b-it,io-net,0,1.0,Io Net,B,3.89975e-05,1.250152929488555e-09,5.1725427385740375e-08,1
comprehension,ally_majority,neutral,1220,-1,0,0,0,rPrPaQaQaP,B,gemma-31b,google/gemma-4-31b-it,io-net,0,1.0,Io Net,B,3.64705e-05,1.2898369768311258e-09,1.8155554837306909e-10,1
comprehension,ally_majority,neutral,1220,-1,0,1,0,rPrPaQaQaP,B,gemma-31b,google/gemma-4-31b-it,io-net,0,1.0,Io Net,B,3.64705e-05,1.1744099489828874e-09,1.4615603616263684e-08,1
comprehension,ally_majority,neutral,1220,1,0,0,0,rPaPaQrPaQ,B,gemma-31b,google/gemma-4-31b-it,io-net,0,1.0,Io Net,B,3.64705e-05,1.1744099939202565e-09,5.28793859810861e-08,1
comprehension,ally_majority,neutral,1220,1,0,1,0,aQrPrPaPaQ,B,gemma-31b,google/gemma-4-31b-it,io-net,0,1.0,Io Net,B,3.64705e-05,2.646574012363079e-09,1.4375502555008524e-07,1
comprehension,ally_majority,neutral,1221,-1,0,0,0,aQaQrPaPrPrQ,B,gemma-31b,google/gemma-4-31b-it,io-net,0,1.0,Io Net,B,3.89975e-05,9.146314390456259e-10,7.025911208380364e-08,1
comprehension,ally_majority,neutral,1221,-1,0,1,0,aPaQrQrPrPaQ,B,gemma-31b,google/gemma-4-31b-it,io-net,0,1.0,Io Net,B,3.89975e-05,1.4615768609716451e-09,5.917131939980891e-08,1
comprehension,ally_majority,neutral,1221,1,0,0,0,rPaQrPaQaPrQ,B,gemma-31b,google/gemma-4-31b-it,io-net,0,1.0,Io Net,B,3.89975e-05,1.1744099173579884e-09,0.0,1
comprehension,ally_majority,neutral,1221,1,0,1,0,aQrPrPrQaPaQ,B,gemma-31b,google/gemma-4-31b-it,io-net,0,1.0,Io Net,B,3.89975e-05,1.103256087340854e-09,5.095324162596171e-08,1
comprehension,ally_majority,neutral,1230,-1,0,0,0,aQaPrPrPaQrP,B,gemma-31b,google/gemma-4-31b-it,io-net,0,1.0,Io Net,B,3.89975e-05,9.436649213921837e-10,3.199642273354897e-08,1
comprehension,ally_majority,neutral,1230,-1,0,1,0,aPrPaQaQrPrP,B,gemma-31b,google/gemma-4-31b-it,io-net,0,1.0,Io Net,B,3.89975e-05,5.964145916003766e-09,2.578753510729115e-08,0
comprehension,ally_majority,neutral,1230,1,0,0,0,aQaQaPrPrPrP,B,gemma-31b,google/gemma-4-31b-it,io-net,0,1.0,Io Net,B,3.89975e-05,2.2637346257782647e-09,1.0402581684942902e-07,1
comprehension,ally_majority,neutral,1230,1,0,1,0,rPrPaQrPaPaQ,B,gemma-31b,google/gemma-4-31b-it,io-net,0,1.0,Io Net,B,3.89975e-05,1.1142491437350154e-08,2.0424301916399656e-08,0
comprehension,ally_majority,neutral,1300,-1,0,0,0,aQaQaPaQ,B,gemma-31b,google/gemma-4-31b-it,io-net,0,1.0,Io Net,B,3.39435e-05,1.0364131884581003e-09,5.897353694273022e-08,1
comprehension,ally_majority,neutral,1300,-1,0,1,0,aQaQaQaP,B,gemma-31b,google/gemma-4-31b-it,io-net,0,1.0,Io Net,B,3.39435e-05,3.111876440056622e-10,0.0,1
comprehension,ally_majority,neutral,1300,1,0,0,0,aQaPaQaQ,B,gemma-31b,google/gemma-4-31b-it,io-net,0,1.0,Io Net,B,3.39435e-05,8.59216697150313e-10,4.1865056310541604e-08,1
comprehension,ally_majority,neutral,1300,1,0,1,0,aPaQaQaQ,B,gemma-31b,google/gemma-4-31b-it,io-net,0,1.0,Io Net,B,3.39435e-05,7.823256542801257e-10,0.0,1
comprehension,ally_majority,neutral,1301,-1,0,0,0,rQaPaQaQaQ,B,gemma-31b,google/gemma-4-31b-it,io-net,0,1.0,Io Net,B,3.64705e-05,1.762998206537899e-09,5.095324162596171e-08,1
comprehension,ally_majority,neutral,1301,-1,0,1,0,aQrQaQaQaP,B,gemma-31b,google/gemma-4-31b-it,io-net,0,1.0,Io Net,B,3.64705e-05,1.2501529449844598e-09,6.412063402461143e-08,1
comprehension,ally_majority,neutral,1301,1,0,0,0,aQaPrQaQaQ,B,gemma-31b,google/gemma-4-31b-it,io-net,0,1.0,Io Net,B,3.64705e-05,1.2501529309311796e-09,5.28793859810861e-08,1
comprehension,ally_majority,neutral,1301,1,0,1,0,aQaQaPrQaQ,B,gemma-31b,google/gemma-4-31b-it,io-net,0,1.0,Io Net,B,3.64705e-05,8.071594070962725e-10,6.412063402461143e-08,1
comprehension,ally_majority,neutral,1302,-1,0,0,0,rQaQrQaPaQaQ,B,gemma-31b,google/gemma-4-31b-it,io-net,0,1.0,Io Net,B,3.89975e-05,9.736201217959066e-10,9.392049760137411e-08,1
comprehension,ally_majority,neutral,1302,-1,0,1,0,aPaQaQrQrQaQ,B,gemma-31b,google/gemma-4-31b-it,io-net,0,1.0,Io Net,B,3.89975e-05,5.547520127708481e-10,7.468080920336462e-08,1
comprehension,ally_majority,neutral,1302,1,0,0,0,aQrQaQaQrQaP,B,gemma-31b,google/gemma-4-31b-it,io-net,0,1.0,Io Net,B,3.89975e-05,1.0045260996543012e-09,5.1725427385740375e-08,1
comprehension,ally_majority,neutral,1302,1,0,1,0,rQrQaQaQaPaQ,B,gemma-31b,google/gemma-4-31b-it,io-net,0,1.0,Io Net,B,3.89975e-05,7.123156495070939e-10,2.59143386749372e-08,1
comprehension,ally_majority,neutral,1310,-1,0,0,0,aPaQrPaQaQ,B,gemma-31b,google/gemma-4-31b-it,io-net,0,1.0,Io Net,B,3.64705e-05,1.2898371107733077e-09,1.0402581684942902e-07,1
comprehension,ally_majority,neutral,1310,-1,0,1,0,aQaPaQaQrP,B,gemma-31b,google/gemma-4-31b-it,io-net,0,1.0,Io Net,B,3.64705e-05,5.547520172053385e-10,8.267445317233779e-08,1
comprehension,ally_majority,neutral,1310,1,0,0,0,aQaQaPrPaQ,B,gemma-31b,google/gemma-4-31b-it,io-net,0,1.0,Io Net,B,3.64705e-05,1.330780875778844e-09,5.897353694273022e-08,1
comprehension,ally_majority,neutral,1310,1,0,1,0,aQaPaQaQrP,B,gemma-31b,google/gemma-4-31b-it,io-net,0,1.0,Io Net,B,3.64705e-05,8.32781386085566e-10,5.095324162596171e-08,1
comprehension,ally_majority,neutral,1311,-1,0,0,0,aPaQaQrPaQrQ,B,gemma-31b,google/gemma-4-31b-it,io-net,0,1.0,Io Net,B,3.89975e-05,7.823256597991183e-10,0.0,1
comprehension,ally_majority,neutral,1311,-1,0,1,0,aQrPrQaQaPaQ,B,gemma-31b,google/gemma-4-31b-it,io-net,0,1.0,Io Net,B,3.89975e-05,4.895669234130897e-10,5.508866562919934e-08,1
comprehension,ally_majority,neutral,1311,1,0,0,0,aQrQaPaQaQrP,B,gemma-31b,google/gemma-4-31b-it,io-net,0,1.0,Io Net,B,3.89975e-05,9.736200577848989e-10,2.817513700126284e-08,1
comprehension,ally_majority,neutral,1311,1,0,1,0,aQrQaPaQrPaQ,B,gemma-31b,google/gemma-4-31b-it,io-net,0,1.0,Io Net,B,3.89975e-05,6.286163706304326e-10,5.1725427385740375e-08,1
comprehension,ally_majority,neutral,1320,-1,0,0,0,aQrPaPaQaQrP,B,gemma-31b,google/gemma-4-31b-it,io-net,0,1.0,Io Net,B,3.89975e-05,1.211689691043837e-09,0.0,1
comprehension,ally_majority,neutral,1320,-1,0,1,0,rPaPrPaQaQaQ,B,gemma-31b,google/gemma-4-31b-it,io-net,0,1.0,Io Net,B,3.89975e-05,9.43664883356631e-10,0.0,1
comprehension,ally_majority,neutral,1320,1,0,0,0,aQaQaQaPrPrP,B,gemma-31b,google/gemma-4-31b-it,io-net,0,1.0,Io Net,B,3.89975e-05,1.416608930087007e-09,1.0267519034989903e-07,1
comprehension,ally_majority,neutral,1320,1,0,1,0,rPaQaQrPaPaQ,B,gemma-31b,google/gemma-4-31b-it,io-net,0,1.0,Io Net,B,3.89975e-05,9.736200877708407e-10,5.897353694273022e-08,1
comprehension,ally_majority,neutral,1400,-1,0,0,0,aQaPaQaQaQ,B,gemma-31b,google/gemma-4-31b-it,io-net,0,1.0,Io Net,B,3.64705e-05,7.349270049185955e-10,6.605142277571474e-08,1
comprehension,ally_majority,neutral,1400,-1,0,1,0,aQaQaQaQaP,B,gemma-31b,google/gemma-4-31b-it,io-net,0,1.0,Io Net,B,3.64705e-05,6.09275898367847e-10,8.488798619588067e-08,1
comprehension,ally_majority,neutral,1400,1,0,0,0,aPaQaQaQaQ,B,gemma-31b,google/gemma-4-31b-it,io-net,0,1.0,Io Net,B,3.64705e-05,1.5558404427144302e-09,4.1865056310541604e-08,1
comprehension,ally_majority,neutral,1400,1,0,1,0,aQaQaPaQaQ,B,gemma-31b,google/gemma-4-31b-it,io-net,0,1.0,Io Net,B,3.64705e-05,6.691586715292202e-10,9.392049760137411e-08,1
comprehension,ally_majority,neutral,1401,-1,0,0,0,aQrQaPaQaQaQ,B,gemma-31b,google/gemma-4-31b-it,io-net,0,1.0,Io Net,B,3.89975e-05,6.485707809569885e-10,2.817513700126284e-08,1
comprehension,ally_majority,neutral,1401,-1,0,1,0,aQaQaPaQrQaQ,B,gemma-31b,google/gemma-4-31b-it,io-net,0,1.0,Io Net,B,3.89975e-05,7.349270115979396e-10,7.51398677723003e-08,1
comprehension,ally_majority,neutral,1401,1,0,0,0,aPrQaQaQaQaQ,B,gemma-31b,google/gemma-4-31b-it,io-net,0,1.0,Io Net,B,3.89975e-05,1.5079722632579342e-09,4.0913139764953144e-08,1
comprehension,ally_majority,neutral,1401,1,0,1,0,aQaQaQrQaQaP,B,gemma-31b,google/gemma-4-31b-it,io-net,0,1.0,Io Net,B,3.89975e-05,3.8127510178452744e-10,5.095324162596171e-08,1
comprehension,ally_majority,neutral,1410,-1,0,0,0,aQaQrPaQaPaQ,B,gemma-31b,google/gemma-4-31b-it,io-net,0,1.0,Io Net,B,3.89975e-05,6.90399977326675e-10,0.0,1
comprehension,ally_majority,neutral,1410,-1,0,1,0,aQaQaPaQrPaQ,B,gemma-31b,google/gemma-4-31b-it,io-net,0,1.0,Io Net,B,3.89975e-05,5.547519823796033e-10,1.9897332226292974e-08,1
comprehension,ally_majority,neutral,1410,1,0,0,0,aQaQaPrPaQaQ,B,gemma-31b,google/gemma-4-31b-it,io-net,0,1.0,Io Net,B,3.89975e-05,9.73620092782158e-10,6.412063402461143e-08,1
comprehension,ally_majority,neutral,1410,1,0,1,0,rPaQaQaQaPaQ,B,gemma-31b,google/gemma-4-31b-it,io-net,0,1.0,Io Net,B,3.89975e-05,1.1032561108891877e-09,7.229763510085974e-08,1
comprehension,ally_majority,neutral,1500,-1,0,0,0,aQaQaQaPaQaQ,B,gemma-31b,google/gemma-4-31b-it,io-net,0,1.0,Io Net,B,3.89975e-05,4.0586523137631797e-10,4.655110563689391e-08,1
comprehension,ally_majority,neutral,1500,-1,0,1,0,aQaPaQaQaQaQ,B,gemma-31b,google/gemma-4-31b-it,io-net,0,1.0,Io Net,B,3.89975e-05,6.904000385154099e-10,8.031815956766053e-08,1
comprehension,ally_majority,neutral,1500,1,0,0,0,aQaQaQaQaQaP,B,gemma-31b,google/gemma-4-31b-it,io-net,0,1.0,Io Net,B,3.89975e-05,5.547520097703524e-10,6.927209428297942e-08,1
comprehension,ally_majority,neutral,1500,1,0,1,0,aQaPaQaQaQaQ,B,gemma-31b,google/gemma-4-31b-it,io-net,0,1.0,Io Net,B,3.89975e-05,6.904000182418685e-10,5.095324162596171e-08,1
comprehension,ally_majority,neutral,2000,-1,0,0,0,aPaP,A,gemma-31b,google/gemma-4-31b-it,io-net,0,1.0,Io Net,A,3.46655e-05,0.9999999451547521,5.483597277700092e-06,1
comprehension,ally_majority,neutral,2000,-1,0,1,0,aPaP,A,gemma-31b,google/gemma-4-31b-it,io-net,0,1.0,Io Net,A,3.46655e-05,0.999999954531665,4.172307789929164e-06,1
comprehension,ally_majority,neutral,2000,1,0,0,0,aPaP,A,gemma-31b,google/gemma-4-31b-it,io-net,0,1.0,Io Net,A,3.46655e-05,0.9999999732705729,3.0994319502042345e-06,1
comprehension,ally_majority,neutral,2000,1,0,1,0,aPaP,A,gemma-31b,google/gemma-4-31b-it,io-net,0,1.0,Io Net,A,3.46655e-05,0.999999963465194,3.4101460483215718e-06,1
comprehension,ally_majority,neutral,2001,-1,0,0,0,rQaPaP,A,gemma-31b,google/gemma-4-31b-it,io-net,0,1.0,Io Net,A,3.71925e-05,0.9999999530884012,8.702202074051257e-06,1
comprehension,ally_majority,neutral,2001,-1,0,1,0,rQaPaP,A,gemma-31b,google/gemma-4-31b-it,io-net,0,1.0,Io Net,A,3.71925e-05,0.9999999176674357,1.0490307887134342e-05,1
comprehension,ally_majority,neutral,2001,1,0,0,0,aPrQaP,A,gemma-31b,google/gemma-4-31b-it,io-net,0,1.0,Io Net,A,3.71925e-05,0.9999999095754496,1.1502545285257959e-05,1
comprehension,ally_majority,neutral,2001,1,0,1,0,aPrQaP,A,gemma-31b,google/gemma-4-31b-it,io-net,0,1.0,Io Net,A,3.71925e-05,0.9999999095754797,9.263629085265457e-06,1
comprehension,ally_majority,neutral,2002,-1,0,0,0,rQaPrQaP,A,gemma-31b,google/gemma-4-31b-it,io-net,0,1.0,Io Net,A,3.39435e-05,0.9999999397642078,1.4304910566531603e-05,1
comprehension,ally_majority,neutral,2002,-1,0,1,0,aPrQrQaP,A,gemma-31b,google/gemma-4-31b-it,io-net,0,1.0,Io Net,A,3.39435e-05,0.9999999150539884,7.774457011722191e-06,1
comprehension,ally_majority,neutral,2002,1,0,0,0,aPaPrQrQ,A,gemma-31b,google/gemma-4-31b-it,io-net,0,1.0,Io Net,A,3.39435e-05,0.9999999451547879,1.055466946375816e-05,1
comprehension,ally_majority,neutral,2002,1,0,1,0,aPrQrQaP,A,gemma-31b,google/gemma-4-31b-it,io-net,0,1.0,Io Net,A,3.39435e-05,0.9999999202005677,8.262249027057855e-06,1
comprehension,ally_majority,neutral,2003,-1,0,0,0,aPrQrQrQaP,A,gemma-31b,google/gemma-4-31b-it,io-net,0,1.0,Io Net,A,3.64705e-05,0.9999997383480105,2.5510136975714914e-05,1
comprehension,ally_majority,neutral,2003,-1,0,1,0,rQrQaPaPrQ,A,gemma-31b,google/gemma-4-31b-it,io-net,0,1.0,Io Net,A,3.64705e-05,0.9999997035093219,3.552310795529312e-05,1
comprehension,ally_majority,neutral,2003,1,0,0,0,aPrQrQaPrQ,A,gemma-31b,google/gemma-4-31b-it,io-net,0,1.0,Io Net,A,3.64705e-05,0.9999999645892078,4.649140571300059e-06,1
comprehension,ally_majority,neutral,2003,1,0,1,0,aPrQrQaPrQ,A,gemma-31b,google/gemma-4-31b-it,io-net,0,1.0,Io Net,A,3.64705e-05,0.9999999692346219,6.794883226968196e-06,1
comprehension,ally_majority,neutral,2004,-1,0,0,0,aPrQaPrQrQrQ,A,gemma-31b,google/gemma-4-31b-it,io-net,0,1.0,Io Net,A,3.89975e-05,0.9999999189439223,1.3828086482092772e-05,1
comprehension,ally_majority,neutral,2004,-1,0,1,0,rQrQaPrQaPrQ,A,gemma-31b,google/gemma-4-31b-it,io-net,0,1.0,Io Net,A,3.89975e-05,0.999999887464864,1.5026817117957947e-05,1
comprehension,ally_majority,neutral,2004,1,0,0,0,rQaPrQaPrQrQ,A,gemma-31b,google/gemma-4-31b-it,io-net,0,1.0,Io Net,A,3.89975e-05,0.9999998838926438,1.478483356243121e-05,1
comprehension,ally_majority,neutral,2004,1,0,1,0,rQrQaPaPrQrQ,A,gemma-31b,google/gemma-4-31b-it,io-net,0,1.0,Io Net,A,3.89975e-05,0.9999998724809875,1.3112849474472554e-05,1
comprehension,ally_majority,neutral,2010,-1,0,0,0,aPaPrP,A,gemma-31b,google/gemma-4-31b-it,io-net,0,1.0,Io Net,A,3.14165e-05,0.9999999468421884,1.072872120821966e-05,1
comprehension,ally_majority,neutral,2010,-1,0,1,0,rPaPaP,A,gemma-31b,google/gemma-4-31b-it,io-net,0,1.0,Io Net,A,3.14165e-05,0.9999999500628312,5.527840838293052e-06,1
comprehension,ally_majority,neutral,2010,1,0,0,0,rPaPaP,A,gemma-31b,google/gemma-4-31b-it,io-net,0,1.0,Io Net,A,3.71925e-05,0.9999999006880785,1.5139350575510413e-05,1
comprehension,ally_majority,neutral,2010,1,0,1,0,rPaPaP,A,gemma-31b,google/gemma-4-31b-it,io-net,0,1.0,Io Net,A,3.71925e-05,0.9999999545316862,5.6129409494731775e-06,1
comprehension,ally_majority,neutral,2011,-1,0,0,0,aPrPaPrQ,A,gemma-31b,google/gemma-4-31b-it,io-net,0,1.0,Io Net,A,3.39435e-05,0.9999998874648782,1.1086340628629898e-05,1
comprehension,ally_majority,neutral,2011,-1,0,1,0,aPaPrPrQ,A,gemma-31b,google/gemma-4-31b-it,io-net,0,1.0,Io Net,A,3.39435e-05,0.9999999500627975,1.0013480164827726e-05,1
comprehension,ally_majority,neutral,2011,1,0,0,0,aPaPrQrP,A,gemma-31b,google/gemma-4-31b-it,io-net,0,1.0,Io Net,A,3.39435e-05,0.9999998874647575,1.597378988815734e-05,1
comprehension,ally_majority,neutral,2011,1,0,1,0,aPrPrQaP,A,gemma-31b,google/gemma-4-31b-it,io-net,0,1.0,Io Net,A,3.39435e-05,0.9999999545316399,4.722880697416443e-06,1
comprehension,ally_majority,neutral,2012,-1,0,0,0,aPrPrQrQaP,A,gemma-31b,google/gemma-4-31b-it,io-net,0,1.0,Io Net,A,3.64705e-05,0.9999998599476817,1.6569817542388954e-05,1
comprehension,ally_majority,neutral,2012,-1,0,1,0,rPrQaPaPrQ,A,gemma-31b,google/gemma-4-31b-it,io-net,0,1.0,Io Net,A,4.22465e-05,0.9999997542007049,1.690419539346344e-05,1
comprehension,ally_majority,neutral,2012,1,0,0,0,rPrQaPrQaP,A,gemma-31b,google/gemma-4-31b-it,io-net,0,1.0,Io Net,A,3.64705e-05,0.999999769092895,2.3722085304100915e-05,1
comprehension,ally_majority,neutral,2012,1,0,1,0,aPrQrPaPrQ,A,gemma-31b,google/gemma-4-31b-it,io-net,0,1.0,Io Net,A,3.64705e-05,0.9999999006880766,7.530025138535734e-06,1
comprehension,ally_majority,neutral,2013,-1,0,0,0,rPrQrQaPaPrQ,A,gemma-31b,google/gemma-4-31b-it,io-net,0,1.0,Io Net,A,3.89975e-05,0.9999999137163446,1.2788155071774554e-05,1
comprehension,ally_majority,neutral,2013,-1,0,1,0,aPrPrQrQaPrQ,A,gemma-31b,google/gemma-4-31b-it,io-net,0,1.0,Io Net,A,3.89975e-05,0.9999999226558114,7.313577725320819e-06,1
comprehension,ally_majority,neutral,2013,1,0,0,0,rPaPrQaPrQrQ,A,gemma-31b,google/gemma-4-31b-it,io-net,0,1.0,Io Net,A,3.89975e-05,0.999999929577339,1.0777505485837224e-05,1
comprehension,ally_majority,neutral,2013,1,0,1,0,rQrQaPaPrQrP,A,gemma-31b,google/gemma-4-31b-it,io-net,0,1.0,Io Net,A,3.89975e-05,0.9999999109773257,1.3708880652774091e-05,1
comprehension,ally_majority,neutral,2020,-1,0,0,0,rPaPaPrP,A,gemma-31b,google/gemma-4-31b-it,io-net,0,1.0,Io Net,A,3.97195e-05,0.9999998362623528,2.4556510179185587e-05,1
comprehension,ally_majority,neutral,2020,-1,0,1,0,aPrPrPaP,A,gemma-31b,google/gemma-4-31b-it,io-net,0,1.0,Io Net,A,3.97195e-05,0.9999999468421849,5.072815576823153e-06,1
comprehension,ally_majority,neutral,2020,1,0,0,0,rPrPaPaP,A,gemma-31b,google/gemma-4-31b-it,io-net,0,1.0,Io Net,A,3.39435e-05,0.9999999202006563,1.4781733513991036e-05,1
comprehension,ally_majority,neutral,2020,1,0,1,0,aPrPrPaP,A,gemma-31b,google/gemma-4-31b-it,io-net,0,1.0,Io Net,A,3.39435e-05,0.9999999250354199,5.6967236498062235e-06,1
comprehension,ally_majority,neutral,2021,-1,0,0,0,rPaPrPaPrQ,A,gemma-31b,google/gemma-4-31b-it,io-net,0,1.0,Io Net,A,4.22465e-05,0.9999997761970248,3.099345476298421e-05,1
comprehension,ally_majority,neutral,2021,-1,0,1,0,rPaPrQaPrP,A,gemma-31b,google/gemma-4-31b-it,io-net,0,1.0,Io Net,A,3.64705e-05,0.999999957286456,4.081883581696921e-06,1
comprehension,ally_majority,neutral,2021,1,0,0,0,rPrQaPrPaP,A,gemma-31b,google/gemma-4-31b-it,io-net,0,1.0,Io Net,A,3.64705e-05,0.9999998724809582,1.048199637865288e-05,1
comprehension,ally_majority,neutral,2021,1,0,1,0,rPaPrPrQaP,A,gemma-31b,google/gemma-4-31b-it,io-net,0,1.0,Io Net,A,3.64705e-05,0.9999999378522297,6.794883226968196e-06,1
comprehension,ally_majority,neutral,2022,-1,0,0,0,rQrQrPaPrPaP,A,gemma-31b,google/gemma-4-31b-it,io-net,0,1.0,Io Net,A,3.89975e-05,0.9999999202005802,1.5735378727010918e-05,1
comprehension,ally_majority,neutral,2022,-1,0,1,0,aPrQrPaPrQrP,A,gemma-31b,google/gemma-4-31b-it,io-net,0,1.0,Io Net,A,3.89975e-05,0.9999999338439328,4.649140571300059e-06,1
comprehension,ally_majority,neutral,2022,1,0,0,0,rQrPaPrQaPrP,A,gemma-31b,google/gemma-4-31b-it,io-net,0,1.0,Io Net,A,3.89975e-05,0.9999999067050835,9.413057683649306e-06,1
comprehension,ally_majority,neutral,2022,1,0,1,0,aPrPrPaPrQrQ,A,gemma-31b,google/gemma-4-31b-it,io-net,0,1.0,Io Net,A,3.89975e-05,0.999999935879377,5.994691120947415e-06,1
comprehension,ally_majority,neutral,2030,-1,0,0,0,rPaPaPrPrP,A,gemma-31b,google/gemma-4-31b-it,io-net,0,1.0,Io Net,A,3.64705e-05,0.999999894282984,1.539125210892056e-05,1
comprehension,ally_majority,neutral,2030,-1,0,1,0,rPrPaPaPrP,A,gemma-31b,google/gemma-4-31b-it,io-net,0,1.0,Io Net,A,3.64705e-05,0.9999999451546998,4.529932283614535e-06,1
comprehension,ally_majority,neutral,2030,1,0,0,0,rPaPaPrPrP,A,gemma-31b,google/gemma-4-31b-it,io-net,0,1.0,Io Net,A,3.64705e-05,0.9999998024947191,2.066368855635492e-05,1
comprehension,ally_majority,neutral,2030,1,0,1,0,aPrPrPrPaP,A,gemma-31b,google/gemma-4-31b-it,io-net,0,1.0,Io Net,A,3.64705e-05,0.9999999250354251,1.1349197796994837e-05,1
comprehension,ally_majority,neutral,2031,-1,0,0,0,aPaPrPrPrPrQ,A,gemma-31b,google/gemma-4-31b-it,io-net,0,1.0,Io Net,A,3.89975e-05,0.9999998555019827,2.107430787035014e-05,1
comprehension,ally_majority,neutral,2031,-1,0,1,0,rQaPrPrPaPrP,A,gemma-31b,google/gemma-4-31b-it,io-net,0,1.0,Io Net,A,3.89975e-05,0.9999999123574809,8.13773168550913e-06,1
comprehension,ally_majority,neutral,2031,1,0,0,0,rPrPaPrQaPrP,A,gemma-31b,google/gemma-4-31b-it,io-net,0,1.0,Io Net,A,3.89975e-05,0.9999999273418235,9.702408286904607e-06,1
comprehension,ally_majority,neutral,2031,1,0,1,0,rPaPrPrPaPrQ,A,gemma-31b,google/gemma-4-31b-it,io-net,0,1.0,Io Net,A,3.89975e-05,0.9999999416175788,4.781840695744499e-06,1
comprehension,ally_majority,neutral,2040,-1,0,0,0,rPaPrPaPrPrP,A,gemma-31b,google/gemma-4-31b-it,io-net,0,1.0,Io Net,A,3.89975e-05,0.9999999214377896,1.5299200864182794e-05,1
comprehension,ally_majority,neutral,2040,-1,0,1,0,aPaPrPrPrPrP,A,gemma-31b,google/gemma-4-31b-it,io-net,0,1.0,Io Net,A,3.89975e-05,0.9999999338439407,1.215919994146386e-05,1
comprehension,ally_majority,neutral,2040,1,0,0,0,rPaPrPrPrPaP,A,gemma-31b,google/gemma-4-31b-it,io-net,0,1.0,Io Net,A,3.89975e-05,0.9999999250353531,1.0404024998522665e-05,1
comprehension,ally_majority,neutral,2040,1,0,1,0,aPrPrPaPrPrP,A,gemma-31b,google/gemma-4-31b-it,io-net,0,1.0,Io Net,A,3.89975e-05,0.9999999662108294,5.271094686620792e-06,1
comprehension,ally_majority,neutral,2100,-1,0,0,0,aQaPaP,A,gemma-31b,google/gemma-4-31b-it,io-net,0,1.0,Io Net,A,3.71925e-05,0.9999999006881023,1.2993643559888746e-05,1
comprehension,ally_majority,neutral,2100,-1,0,1,0,aQaPaP,A,gemma-31b,google/gemma-4-31b-it,io-net,0,1.0,Io Net,A,3.71925e-05,0.9999997035094632,2.1695620695205697e-05,1
comprehension,ally_majority,neutral,2100,1,0,0,0,aPaQaP,A,gemma-31b,google/gemma-4-31b-it,io-net,0,1.0,Io Net,A,3.71925e-05,0.9999998509151025,2.1218802863320896e-05,1
comprehension,ally_majority,neutral,2100,1,0,1,0,aPaQaP,A,gemma-31b,google/gemma-4-31b-it,io-net,0,1.0,Io Net,A,3.14165e-05,0.9999998144609512,1.2111569142603251e-05,1
comprehension,ally_majority,neutral,2101,-1,0,0,0,aPrQaPaQ,A,gemma-31b,google/gemma-4-31b-it,io-net,0,1.0,Io Net,A,3.97195e-05,0.9999999226557283,8.386444640851032e-06,1
comprehension,ally_majority,neutral,2101,-1,0,1,0,aPrQaPaQ,A,gemma-31b,google/gemma-4-31b-it,io-net,0,1.0,Io Net,A,3.39435e-05,0.9999999150540615,6.913506523154034e-06,1
comprehension,ally_majority,neutral,2101,1,0,0,0,aQrQaPaP,A,gemma-31b,google/gemma-4-31b-it,io-net,0,1.0,Io Net,A,3.39435e-05,0.9999999317440188,5.020256716892213e-06,1
comprehension,ally_majority,neutral,2101,1,0,1,0,aPaQaPrQ,A,gemma-31b,google/gemma-4-31b-it,io-net,0,1.0,Io Net,A,3.39435e-05,0.9999998764043065,6.664312624304891e-06,1
comprehension,ally_majority,neutral,2102,-1,0,0,0,aPrQaQaPrQ,A,gemma-31b,google/gemma-4-31b-it,io-net,0,1.0,Io Net,A,3.64705e-05,0.9999999634651671,2.239682471372184e-06,1
comprehension,ally_majority,neutral,2102,-1,0,1,0,aPaQrQrQaP,A,gemma-31b,google/gemma-4-31b-it,io-net,0,1.0,Io Net,A,3.64705e-05,0.999999836262409,1.0862540271272536e-05,1
comprehension,ally_majority,neutral,2102,1,0,0,0,rQrQaQaPaP,A,gemma-31b,google/gemma-4-31b-it,io-net,0,1.0,Io Net,A,4.22465e-05,0.9999999397643211,9.79567090886313e-07,1
comprehension,ally_majority,neutral,2102,1,0,1,0,rQaPaPaQrQ,A,gemma-31b,google/gemma-4-31b-it,io-net,0,1.0,Io Net,A,3.64705e-05,0.9999997300424409,2.1125477353334254e-05,1
comprehension,ally_majority,neutral,2103,-1,0,0,0,aPaQrQrQrQaP,A,gemma-31b,google/gemma-4-31b-it,io-net,0,1.0,Io Net,A,3.89975e-05,0.9999999778405209,1.4504065590781323e-06,1
comprehension,ally_majority,neutral,2103,-1,0,1,0,aPaPrQaQrQrQ,A,gemma-31b,google/gemma-4-31b-it,io-net,0,1.0,Io Net,A,3.89975e-05,0.9999998764042825,6.859002068648756e-06,1
comprehension,ally_majority,neutral,2103,1,0,0,0,aPrQaQrQrQaP,A,gemma-31b,google/gemma-4-31b-it,io-net,0,1.0,Io Net,A,3.89975e-05,0.999999864256855,1.6195852958755808e-06,1
comprehension,ally_majority,neutral,2103,1,0,1,0,rQrQaPaPrQaQ,A,gemma-31b,google/gemma-4-31b-it,io-net,0,1.0,Io Net,A,3.89975e-05,0.9999999378521408,6.318052378384564e-06,1
comprehension,ally_majority,neutral,2110,-1,0,0,0,aPaPrPaQ,A,gemma-31b,google/gemma-4-31b-it,io-net,0,1.0,Io Net,A,3.39435e-05,0.9999998838926301,6.321153348642916e-06,1
comprehension,ally_majority,neutral,2110,-1,0,1,0,aPaQrPaP,A,gemma-31b,google/gemma-4-31b-it,io-net,0,1.0,Io Net,A,3.39435e-05,0.9999997761972116,1.680822668570503e-05,1
comprehension,ally_majority,neutral,2110,1,0,0,0,aPaQrPaP,A,gemma-31b,google/gemma-4-31b-it,io-net,0,1.0,Io Net,A,3.39435e-05,0.9999999226557376,6.359916221665429e-06,1
comprehension,ally_majority,neutral,2110,1,0,1,0,aPrPaQaP,A,gemma-31b,google/gemma-4-31b-it,io-net,0,1.0,Io Net,A,3.97195e-05,0.9999999006881272,7.020940257618236e-06,1
comprehension,ally_majority,neutral,2111,-1,0,0,0,aPrPaPrQaQ,A,gemma-31b,google/gemma-4-31b-it,io-net,0,1.0,Io Net,A,3.64705e-05,0.9999999226558223,7.1724026627917326e-06,1
comprehension,ally_majority,neutral,2111,-1,0,1,0,aPaQrPrQaP,A,gemma-31b,google/gemma-4-31b-it,io-net,0,1.0,Io Net,A,4.22465e-05,0.999999789756681,1.1339366572493681e-05,1
comprehension,ally_majority,neutral,2111,1,0,0,0,aPrPaQrQaP,A,gemma-31b,google/gemma-4-31b-it,io-net,0,1.0,Io Net,A,3.64705e-05,0.999999894282984,9.669349758767432e-06,1
comprehension,ally_majority,neutral,2111,1,0,1,0,aPaPrPrQaQ,A,gemma-31b,google/gemma-4-31b-it,io-net,0,1.0,Io Net,A,4.22465e-05,0.9999999176675013,5.878096957401269e-06,1
comprehension,ally_majority,neutral,2112,-1,0,0,0,aPaPrQrPrQaQ,A,gemma-31b,google/gemma-4-31b-it,io-net,0,1.0,Io Net,A,3.89975e-05,0.9999999095755062,8.969400347225154e-06,1
comprehension,ally_majority,neutral,2112,-1,0,1,0,rQaPaQrQaPrP,A,gemma-31b,google/gemma-4-31b-it,io-net,0,1.0,Io Net,A,3.89975e-05,0.9999999317440046,3.321314695492461e-06,1
comprehension,ally_majority,neutral,2112,1,0,0,0,aPrQaPaQrQrP,A,gemma-31b,google/gemma-4-31b-it,io-net,0,1.0,Io Net,A,3.89975e-05,0.9999999586005917,4.60774135202513e-06,1
comprehension,ally_majority,neutral,2112,1,0,1,0,rQaPrPrQaPaQ,A,gemma-31b,google/gemma-4-31b-it,io-net,0,1.0,Io Net,A,3.89975e-05,0.999999897535634,6.983572149676931e-06,1
comprehension,ally_majority,neutral,2120,-1,0,0,0,rPrPaPaPaQ,A,gemma-31b,google/gemma-4-31b-it,io-net,0,1.0,Io Net,A,3.64705e-05,0.9999998874647567,8.351253953597926e-06,1
comprehension,ally_majority,neutral,2120,-1,0,1,0,rPaQaPaPrP,A,gemma-31b,google/gemma-4-31b-it,io-net,0,1.0,Io Net,A,3.64705e-05,0.9999998257021422,1.0490307887134342e-05,1
comprehension,ally_majority,neutral,2120,1,0,0,0,aQrPrPaPaP,A,gemma-31b,google/gemma-4-31b-it,io-net,0,1.0,Io Net,A,3.64705e-05,0.9999998144610001,1.0894914038717118e-05,1
comprehension,ally_majority,neutral,2120,1,0,1,0,aPrPaPaQrP,A,gemma-31b,google/gemma-4-31b-it,io-net,0,1.0,Io Net,A,3.64705e-05,0.9999999317439379,4.298189691054333e-06,1
comprehension,ally_majority,neutral,2121,-1,0,0,0,aPrPrPaQaPrQ,A,gemma-31b,google/gemma-4-31b-it,io-net,0,1.0,Io Net,A,3.89975e-05,0.9999999451547422,3.7563004569030056e-06,1
comprehension,ally_majority,neutral,2121,-1,0,1,0,aPaQrQaPrPrP,A,gemma-31b,google/gemma-4-31b-it,io-net,0,1.0,Io Net,A,3.89975e-05,0.9999998461826771,8.583174487708511e-06,1
comprehension,ally_majority,neutral,2121,1,0,0,0,aPrQaQaPrPrP,A,gemma-31b,google/gemma-4-31b-it,io-net,0,1.0,Io Net,A,3.89975e-05,0.9999999771370979,1.7004938378528678e-06,1
comprehension,ally_majority,neutral,2121,1,0,1,0,aPrPrQaQaPrP,A,gemma-31b,google/gemma-4-31b-it,io-net,0,1.0,Io Net,A,3.89975e-05,0.9999999176674669,4.38988066364665e-06,1
comprehension,ally_majority,neutral,2130,-1,0,0,0,aQaPrPaPrPrP,A,gemma-31b,google/gemma-4-31b-it,io-net,0,1.0,Io Net,A,3.89975e-05,0.9999999434137608,3.867735322682364e-06,1
comprehension,ally_majority,neutral,2130,-1,0,1,0,aPrPaPrPaQrP,A,gemma-31b,google/gemma-4-31b-it,io-net,0,1.0,Io Net,A,3.89975e-05,0.9999999067050144,4.433676214943283e-06,1
comprehension,ally_majority,neutral,2130,1,0,0,0,aPrPaPaQrPrP,A,gemma-31b,google/gemma-4-31b-it,io-net,0,1.0,Io Net,A,3.89975e-05,0.9999999515991848,4.683403162286659e-06,1
comprehension,ally_majority,neutral,2130,1,0,1,0,aQrPaPrPaPrP,A,gemma-31b,google/gemma-4-31b-it,io-net,0,1.0,Io Net,A,3.89975e-05,0.9999998764042861,6.8295252774186466e-06,1
comprehension,ally_majority,neutral,2300,-1,0,0,0,aQaPaQaPaQ,B,gemma-31b,google/gemma-4-31b-it,io-net,0,1.0,Io Net,B,3.64705e-05,2.5651472031874668e-09,3.17516808401308e-08,1
comprehension,ally_majority,neutral,2300,-1,0,1,0,aPaQaPaQaQ,B,gemma-31b,google/gemma-4-31b-it,io-net,0,1.0,Io Net,B,3.64705e-05,1.103256047251133e-09,1.4615603616263684e-08,1
comprehension,ally_majority,neutral,2300,1,0,0,0,aQaQaQaPaP,B,gemma-31b,google/gemma-4-31b-it,io-net,0,1.0,Io Net,B,3.64705e-05,3.850742233716723e-09,8.460117573161341e-08,1
comprehension,ally_majority,neutral,2300,1,0,1,0,aQaQaPaPaQ,B,gemma-31b,google/gemma-4-31b-it,io-net,0,1.0,Io Net,B,3.64705e-05,1.289837085008499e-09,8.405057627669521e-08,1
comprehension,ally_majority,neutral,2301,-1,0,0,0,aQaQaQrQaPaP,B,gemma-31b,google/gemma-4-31b-it,io-net,0,1.0,Io Net,B,3.89975e-05,1.7087564871804406e-09,7.025911208380364e-08,1
comprehension,ally_majority,neutral,2301,-1,0,1,0,aQaPaQaPaQrQ,B,gemma-31b,google/gemma-4-31b-it,io-net,0,1.0,Io Net,B,3.89975e-05,1.2898370593021188e-09,6.412063402461143e-08,1
comprehension,ally_majority,neutral,2301,1,0,0,0,aQaQaPaPrQaQ,B,gemma-31b,google/gemma-4-31b-it,io-net,0,1.0,Io Net,B,3.89975e-05,1.6561835579752576e-09,5.8718032880378246e-08,1
comprehension,ally_majority,neutral,2301,1,0,1,0,aQaPaQaPrQaQ,B,gemma-31b,google/gemma-4-31b-it,io-net,0,1.0,Io Net,B,3.89975e-05,1.4615767747535714e-09,1.8155554837306909e-10,1
comprehension,ally_majority,neutral,2310,-1,0,0,0,rPaQaQaPaQaP,B,gemma-31b,google/gemma-4-31b-it,io-net,0,1.0,Io Net,B,3.89975e-05,1.3307807809124484e-09,0.0,1
comprehension,ally_majority,neutral,2310,-1,0,1,0,aQaPrPaQaQaP,B,gemma-31b,google/gemma-4-31b-it,io-net,0,1.0,Io Net,B,3.89975e-05,1.8767019501651997e-09,1.193907811503081e-07,1
comprehension,ally_majority,neutral,2310,1,0,0,0,aQaQaPaQrPaP,B,gemma-31b,google/gemma-4-31b-it,io-net,0,1.0,Io Net,B,3.89975e-05,9.43664883356631e-10,0.0,1
comprehension,ally_majority,neutral,2310,1,0,1,0,aQrPaPaQaQaP,B,gemma-31b,google/gemma-4-31b-it,io-net,0,1.0,Io Net,B,3.89975e-05,1.2898369570128273e-09,0.0,1
comprehension,ally_majority,neutral,2400,-1,0,0,0,aQaQaQaQaPaP,B,gemma-31b,google/gemma-4-31b-it,io-net,0,1.0,Io Net,B,3.89975e-05,4.1874876191114594e-10,1.0995006571867805e-08,1
comprehension,ally_majority,neutral,2400,-1,0,1,0,aQaPaPaQaQaQ,B,gemma-31b,google/gemma-4-31b-it,io-net,0,1.0,Io Net,B,3.89975e-05,5.376840582231241e-10,1.9897332226292974e-08,1
comprehension,ally_majority,neutral,2400,1,0,0,0,aPaQaQaQaQaP,B,gemma-31b,google/gemma-4-31b-it,io-net,0,1.0,Io Net,B,3.89975e-05,7.349269709987073e-10,1.9897332226292974e-08,1
comprehension,ally_majority,neutral,2400,1,0,1,0,aPaQaQaQaQaP,B,gemma-31b,google/gemma-4-31b-it,io-net,0,1.0,Io Net,B,3.89975e-05,5.376840356098417e-10,0.0,1
comprehension,ally_majority,neutral,3000,-1,0,0,0,aPaPaP,A,gemma-31b,google/gemma-4-31b-it,io-net,0,1.0,Io Net,A,3.14165e-05,0.9999999545316812,7.6293363239221534e-06,1
comprehension,ally_majority,neutral,3000,-1,0,1,0,aPaPaP,A,gemma-31b,google/gemma-4-31b-it,io-net,0,1.0,Io Net,A,3.71925e-05,0.999999961711864,5.006764894344151e-06,1
comprehension,ally_majority,neutral,3000,1,0,0,0,aPaPaP,A,gemma-31b,google/gemma-4-31b-it,io-net,0,1.0,Io Net,A,3.14165e-05,0.9999999572864794,5.438834134063875e-06,1
comprehension,ally_majority,neutral,3000,1,0,1,0,aPaPaP,A,gemma-31b,google/gemma-4-31b-it,io-net,0,1.0,Io Net,A,3.14165e-05,0.9999999592424493,4.131550406016871e-06,1
comprehension,ally_majority,neutral,3001,-1,0,0,0,aPaPrQaP,A,gemma-31b,google/gemma-4-31b-it,io-net,0,1.0,Io Net,A,3.39435e-05,0.9999999778405108,3.8146827137097716e-06,1
comprehension,ally_majority,neutral,3001,-1,0,1,0,aPaPrQaP,A,gemma-31b,google/gemma-4-31b-it,io-net,0,1.0,Io Net,A,3.97195e-05,0.9999999572864658,3.8515589081411505e-06,1
comprehension,ally_majority,neutral,3001,1,0,0,0,aPrQaPaP,A,gemma-31b,google/gemma-4-31b-it,io-net,0,1.0,Io Net,A,3.39435e-05,0.9999999752793034,3.8146827137097716e-06,1
comprehension,ally_majority,neutral,3001,1,0,1,0,rQaPaPaP,A,gemma-31b,google/gemma-4-31b-it,io-net,0,1.0,Io Net,A,3.97195e-05,0.9999999416175418,5.415341634451565e-06,1
comprehension,ally_majority,neutral,3002,-1,0,0,0,rQaPaPrQaP,A,gemma-31b,google/gemma-4-31b-it,io-net,0,1.0,Io Net,A,3.64705e-05,0.9999998909272195,1.2993643559888746e-05,1
comprehension,ally_majority,neutral,3002,-1,0,1,0,aPaPrQrQaP,A,gemma-31b,google/gemma-4-31b-it,io-net,0,1.0,Io Net,A,3.64705e-05,0.9999999295772669,6.079636641342923e-06,1
comprehension,ally_majority,neutral,3002,1,0,0,0,rQaPrQaPaP,A,gemma-31b,google/gemma-4-31b-it,io-net,0,1.0,Io Net,A,3.64705e-05,0.9999999202006435,9.218439073199747e-06,1
comprehension,ally_majority,neutral,3002,1,0,1,0,aPrQaPaPrQ,A,gemma-31b,google/gemma-4-31b-it,io-net,0,1.0,Io Net,A,3.64705e-05,0.9999999628898364,5.804110898011139e-06,1
comprehension,ally_majority,neutral,3003,-1,0,0,0,aPrQrQaPaPrQ,A,gemma-31b,google/gemma-4-31b-it,io-net,0,1.0,Io Net,A,3.89975e-05,0.9999999123576075,1.2414355775702823e-05,1
comprehension,ally_majority,neutral,3003,-1,0,1,0,aPrQrQaPaPrQ,A,gemma-31b,google/gemma-4-31b-it,io-net,0,1.0,Io Net,A,3.89975e-05,0.9999999250354091,5.841220847568884e-06,1
comprehension,ally_majority,neutral,3003,1,0,0,0,aPrQaPrQaPrQ,A,gemma-31b,google/gemma-4-31b-it,io-net,0,1.0,Io Net,A,3.89975e-05,0.9999999273417836,8.344580891495035e-06,1
comprehension,ally_majority,neutral,3003,1,0,1,0,aPrQaPrQrQaP,A,gemma-31b,google/gemma-4-31b-it,io-net,0,1.0,Io Net,A,3.89975e-05,0.9999999645892049,4.7329382160121725e-06,1
comprehension,ally_majority,neutral,3010,-1,0,0,0,aPaPrPaP,A,gemma-31b,google/gemma-4-31b-it,io-net,0,1.0,Io Net,A,3.39435e-05,0.999999962305473,4.834399555675439e-06,1
comprehension,ally_majority,neutral,3010,-1,0,1,0,rPaPaPaP,A,gemma-31b,google/gemma-4-31b-it,io-net,0,1.0,Io Net,A,3.39435e-05,0.9999999508370497,5.2286465342943345e-06,1
comprehension,ally_majority,neutral,3010,1,0,0,0,aPaPrPaP,A,gemma-31b,google/gemma-4-31b-it,io-net,0,1.0,Io Net,A,3.97195e-05,0.9999999434137704,5.602804996951427e-06,1
comprehension,ally_majority,neutral,3010,1,0,1,0,aPaPaPrP,A,gemma-31b,google/gemma-4-31b-it,io-net,0,1.0,Io Net,A,3.39435e-05,0.9999999687500906,2.5771292864185114e-06,1
comprehension,ally_majority,neutral,3011,-1,0,0,0,aPrPaPaPrQ,A,gemma-31b,google/gemma-4-31b-it,io-net,0,1.0,Io Net,A,3.64705e-05,0.9999998764042461,1.3828086482092772e-05,1
comprehension,ally_majority,neutral,3011,-1,0,1,0,aPaPaPrPrQ,A,gemma-31b,google/gemma-4-31b-it,io-net,0,1.0,Io Net,A,3.64705e-05,0.99999994161748,4.566808392780786e-06,1
comprehension,ally_majority,neutral,3011,1,0,0,0,aPrPaPrQaP,A,gemma-31b,google/gemma-4-31b-it,io-net,0,1.0,Io Net,A,4.22465e-05,0.9999999250354147,7.673579771716454e-06,1
comprehension,ally_majority,neutral,3011,1,0,1,0,aPaPrQaPrP,A,gemma-31b,google/gemma-4-31b-it,io-net,0,1.0,Io Net,A,4.22465e-05,0.9999999586006114,4.130908570654235e-06,1
comprehension,ally_majority,neutral,3012,-1,0,0,0,rPaPrQaPaPrQ,A,gemma-31b,google/gemma-4-31b-it,io-net,0,1.0,Io Net,A,3.89975e-05,0.9999999530883787,5.364389089490551e-06,1
comprehension,ally_majority,neutral,3012,-1,0,1,0,aPaPrQaPrPrQ,A,gemma-31b,google/gemma-4-31b-it,io-net,0,1.0,Io Net,A,3.89975e-05,0.9999999067050415,9.86439670236372e-06,1
comprehension,ally_majority,neutral,3012,1,0,0,0,rQaPaPrQrPaP,A,gemma-31b,google/gemma-4-31b-it,io-net,0,1.0,Io Net,A,3.89975e-05,0.9999998942830511,1.0941844257650324e-05,1
comprehension,ally_majority,neutral,3012,1,0,1,0,aPaPrQrQrPaP,A,gemma-31b,google/gemma-4-31b-it,io-net,0,1.0,Io Net,A,3.89975e-05,0.9999999530883701,3.6423166768217996e-06,1
comprehension,ally_majority,neutral,3020,-1,0,0,0,aPaPrPrPaP,A,gemma-31b,google/gemma-4-31b-it,io-net,0,1.0,Io Net,A,3.64705e-05,0.999999966734671,5.602804996951427e-06,1
comprehension,ally_majority,neutral,3020,-1,0,1,0,aPaPaPrPrP,A,gemma-31b,google/gemma-4-31b-it,io-net,0,1.0,Io Net,A,3.64705e-05,0.9999999484776603,7.339399390016155e-06,1
comprehension,ally_majority,neutral,3020,1,0,0,0,rPaPaPrPaP,A,gemma-31b,google/gemma-4-31b-it,io-net,0,1.0,Io Net,A,3.64705e-05,0.9999999006880175,1.1940682197231212e-05,1
comprehension,ally_majority,neutral,3020,1,0,1,0,rPaPrPaPaP,A,gemma-31b,google/gemma-4-31b-it,io-net,0,1.0,Io Net,A,3.64705e-05,0.9999999378521557,6.079636641342923e-06,1
comprehension,ally_majority,neutral,3021,-1,0,0,0,rQaPrPrPaPaP,A,gemma-31b,google/gemma-4-31b-it,io-net,0,1.0,Io Net,A,3.89975e-05,0.9999999273417975,1.006002986725374e-05,1
comprehension,ally_majority,neutral,3021,-1,0,1,0,aPaPrQaPrPrP,A,gemma-31b,google/gemma-4-31b-it,io-net,0,1.0,Io Net,A,3.89975e-05,0.999999929577331,5.1702171831591315e-06,1
comprehension,ally_majority,neutral,3021,1,0,0,0,aPaPrPrPrQaP,A,gemma-31b,google/gemma-4-31b-it,io-net,0,1.0,Io Net,A,3.89975e-05,0.9999999545317106,5.0760362299007156e-06,1
comprehension,ally_majority,neutral,3021,1,0,1,0,aPrPaPaPrPrQ,A,gemma-31b,google/gemma-4-31b-it,io-net,0,1.0,Io Net,A,3.89975e-05,0.999999927341869,5.261925233202014e-06,1
comprehension,ally_majority,neutral,3030,-1,0,0,0,aPrPrPaPaPrP,A,gemma-31b,google/gemma-4-31b-it,io-net,0,1.0,Io Net,A,3.89975e-05,0.9999998509151024,2.217243648072742e-05,1
comprehension,ally_majority,neutral,3030,-1,0,1,0,rPaPaPaPrPrP,A,gemma-31b,google/gemma-4-31b-it,io-net,0,1.0,Io Net,A,3.89975e-05,0.9999999645892513,5.328978528229555e-06,1
comprehension,ally_majority,neutral,3030,1,0,0,0,aPaPaPrPrPrP,A,gemma-31b,google/gemma-4-31b-it,io-net,0,1.0,Io Net,A,3.89975e-05,0.9999999484776146,8.225373499093358e-06,1
comprehension,ally_majority,neutral,3030,1,0,1,0,rPaPrPaPaPrP,A,gemma-31b,google/gemma-4-31b-it,io-net,0,1.0,Io Net,A,3.89975e-05,0.9999999425226498,1.1624897239159715e-05,1
comprehension,ally_majority,neutral,3100,-1,0,0,0,aPaQaPaP,A,gemma-31b,google/gemma-4-31b-it,io-net,0,1.0,Io Net,A,3.39435e-05,0.9999998975356168,1.2874437631205105e-05,1
comprehension,ally_majority,neutral,3100,-1,0,1,0,aQaPaPaP,A,gemma-31b,google/gemma-4-31b-it,io-net,0,1.0,Io Net,A,3.39435e-05,0.9999999832731381,2.0063774159861936e-06,1
comprehension,ally_majority,neutral,3100,1,0,0,0,aPaPaPaQ,A,gemma-31b,google/gemma-4-31b-it,io-net,0,1.0,Io Net,A,3.39435e-05,0.9999999748900271,3.0994319502042345e-06,1
comprehension,ally_majority,neutral,3100,1,0,1,0,aPaPaPaQ,A,gemma-31b,google/gemma-4-31b-it,io-net,0,1.0,Io Net,A,3.97195e-05,0.9999999756625507,4.291516120247252e-06,1
comprehension,ally_majority,neutral,3101,-1,0,0,0,rQaPaPaPaQ,A,gemma-31b,google/gemma-4-31b-it,io-net,0,1.0,Io Net,A,3.64705e-05,0.9999999067050276,1.5735378727010918e-05,1
comprehension,ally_majority,neutral,3101,-1,0,1,0,aQaPrQaPaP,A,gemma-31b,google/gemma-4-31b-it,io-net,0,1.0,Io Net,A,3.64705e-05,0.9999998599477318,8.582995633776846e-06,1
comprehension,ally_majority,neutral,3101,1,0,0,0,aPrQaPaQaP,A,gemma-31b,google/gemma-4-31b-it,io-net,0,1.0,Io Net,A,3.64705e-05,0.9999999250354218,9.48692575630794e-06,1
comprehension,ally_majority,neutral,3101,1,0,1,0,aPrQaPaQaP,A,gemma-31b,google/gemma-4-31b-it,io-net,0,1.0,Io Net,A,3.64705e-05,0.9999999295772494,4.420859868292659e-06,1
comprehension,ally_majority,neutral,3102,-1,0,0,0,aPrQaPaPrQaQ,A,gemma-31b,google/gemma-4-31b-it,io-net,0,1.0,Io Net,A,3.89975e-05,0.9999999706434676,5.006764894344151e-06,1
comprehension,ally_majority,neutral,3102,-1,0,1,0,aQrQrQaPaPaP,A,gemma-31b,google/gemma-4-31b-it,io-net,0,1.0,Io Net,A,3.89975e-05,0.999999951599254,3.252903397310547e-06,1
comprehension,ally_majority,neutral,3102,1,0,0,0,aPaPaPaQrQrQ,A,gemma-31b,google/gemma-4-31b-it,io-net,0,1.0,Io Net,A,3.89975e-05,0.9999999037435253,1.1943737669550814e-05,1
comprehension,ally_majority,neutral,3102,1,0,1,0,aPaQrQrQaPaP,A,gemma-31b,google/gemma-4-31b-it,io-net,0,1.0,Io Net,A,4.47735e-05,0.9999999468421636,3.56390787981109e-06,1
comprehension,ally_majority,neutral,3110,-1,0,0,0,aPaPaPaQrP,A,gemma-31b,google/gemma-4-31b-it,io-net,0,1.0,Io Net,A,3.64705e-05,0.9999999338440274,7.033298793368559e-06,1
comprehension,ally_majority,neutral,3110,-1,0,1,0,aPaQaPaPrP,A,gemma-31b,google/gemma-4-31b-it,io-net,0,1.0,Io Net,A,3.64705e-05,0.9999999358793409,4.649140571300059e-06,1
comprehension,ally_majority,neutral,3110,1,0,0,0,aQaPrPaPaP,A,gemma-31b,google/gemma-4-31b-it,io-net,0,1.0,Io Net,A,3.64705e-05,0.9999998724809733,1.2270095386401891e-05,1
comprehension,ally_majority,neutral,3110,1,0,1,0,rPaPaPaPaQ,A,gemma-31b,google/gemma-4-31b-it,io-net,0,1.0,Io Net,A,3.64705e-05,0.999999769092895,1.6092995447469782e-05,1
comprehension,ally_majority,neutral,3111,-1,0,0,0,aPaQrPrQaPaP,A,gemma-31b,google/gemma-4-31b-it,io-net,0,1.0,Io Net,A,3.89975e-05,0.999999967758153,3.2142537232937585e-06,1
comprehension,ally_majority,neutral,3111,-1,0,1,0,aPaPaQaPrQrP,A,gemma-31b,google/gemma-4-31b-it,io-net,0,1.0,Io Net,A,3.89975e-05,0.9999999598743302,2.3841802203605766e-06,1
comprehension,ally_majority,neutral,3111,1,0,0,0,aQaPaPrQaPrP,A,gemma-31b,google/gemma-4-31b-it,io-net,0,1.0,Io Net,A,3.89975e-05,0.9999999202006457,7.285205147700147e-06,1
comprehension,ally_majority,neutral,3111,1,0,1,0,aPaPrQrPaPaQ,A,gemma-31b,google/gemma-4-31b-it,io-net,0,1.0,Io Net,A,3.89975e-05,0.9999999586006564,3.0462743004777693e-06,1
comprehension,ally_majority,neutral,3120,-1,0,0,0,aPrPaPrPaPaQ,A,gemma-31b,google/gemma-4-31b-it,io-net,0,1.0,Io Net,A,3.89975e-05,0.9999999378521482,1.1920786961328034e-05,1
comprehension,ally_majority,neutral,3120,-1,0,1,0,aQrPaPaPaPrP,A,gemma-31b,google/gemma-4-31b-it,io-net,0,1.0,Io Net,A,3.89975e-05,0.9999999095755062,5.1547573060028995e-06,1
comprehension,ally_majority,neutral,3120,1,0,0,0,aQaPrPaPaPrP,A,gemma-31b,google/gemma-4-31b-it,io-net,0,1.0,Io Net,A,3.89975e-05,0.9999998975355924,1.6927432145430465e-05,1
comprehension,ally_majority,neutral,3120,1,0,1,0,rPaPaPrPaPaQ,A,gemma-31b,google/gemma-4-31b-it,io-net,0,1.0,Io Net,A,3.89975e-05,0.9999999468421602,3.629318562570205e-06,1
comprehension,ally_majority,neutral,3200,-1,0,0,0,aQaPaPaQaP,A,gemma-31b,google/gemma-4-31b-it,io-net,0,1.0,Io Net,A,3.64705e-05,0.9999999095754443,7.748543787378104e-06,1
comprehension,ally_majority,neutral,3200,-1,0,1,0,aPaQaPaPaQ,A,gemma-31b,google/gemma-4-31b-it,io-net,0,1.0,Io Net,A,3.64705e-05,0.9999999176674645,4.418234486491812e-06,1
comprehension,ally_majority,neutral,3200,1,0,0,0,aQaQaPaPaP,A,gemma-31b,google/gemma-4-31b-it,io-net,0,1.0,Io Net,A,3.64705e-05,0.9999999273418939,6.826448976315902e-06,1
comprehension,ally_majority,neutral,3200,1,0,1,0,aPaQaPaQaP,A,gemma-31b,google/gemma-4-31b-it,io-net,0,1.0,Io Net,A,3.64705e-05,0.9999998461827048,1.0310606696428692e-05,1
comprehension,ally_majority,neutral,3201,-1,0,0,0,rQaQaQaPaPaP,A,gemma-31b,google/gemma-4-31b-it,io-net,0,1.0,Io Net,A,3.89975e-05,0.9999998724809886,1.0243583029145853e-05,1
comprehension,ally_majority,neutral,3201,-1,0,1,0,aPaQaPaPaQrQ,A,gemma-31b,google/gemma-4-31b-it,io-net,0,1.0,Io Net,A,3.89975e-05,0.9999999515992465,3.408656918724162e-06,1
comprehension,ally_majority,neutral,3201,1,0,0,0,aPaPaPaQaQrQ,A,gemma-31b,google/gemma-4-31b-it,io-net,0,1.0,Io Net,A,3.89975e-05,0.9999999416175239,9.536652215147434e-06,1
comprehension,ally_majority,neutral,3201,1,0,1,0,aQaPaPrQaQaP,A,gemma-31b,google/gemma-4-31b-it,io-net,0,1.0,Io Net,A,3.89975e-05,0.9999999697115809,1.5331842238008875e-06,1
comprehension,ally_majority,neutral,3210,-1,0,0,0,rPaPaQaPaPaQ,A,gemma-31b,google/gemma-4-31b-it,io-net,0,1.0,Io Net,A,3.89975e-05,0.999999933843988,7.6293363239221534e-06,1
comprehension,ally_majority,neutral,3210,-1,0,1,0,aQaQaPaPaPrP,A,gemma-31b,google/gemma-4-31b-it,io-net,0,1.0,Io Net,A,3.89975e-05,0.9999999434138142,2.923637226759368e-06,1
comprehension,ally_majority,neutral,3210,1,0,0,0,rPaQaPaQaPaP,A,gemma-31b,google/gemma-4-31b-it,io-net,0,1.0,Io Net,A,3.89975e-05,0.9999999572864297,2.790592185220042e-06,1
comprehension,ally_majority,neutral,3210,1,0,1,0,aPaPaPrPaQaQ,A,gemma-31b,google/gemma-4-31b-it,io-net,0,1.0,Io Net,A,3.89975e-05,0.9999999837877839,1.1259356126336328e-06,1
comprehension,ally_majority,neutral,4000,-1,0,0,0,aPaPaPaP,A,gemma-31b,google/gemma-4-31b-it,io-net,0,1.0,Io Net,A,3.39435e-05,0.9999999434137434,7.98695867165744e-06,1
comprehension,ally_majority,neutral,4000,-1,0,1,0,aPaPaPaP,A,gemma-31b,google/gemma-4-31b-it,io-net,0,1.0,Io Net,A,3.39435e-05,0.9999999460049845,6.675675649825408e-06,1
comprehension,ally_majority,neutral,4000,1,0,0,0,aPaPaPaP,A,gemma-31b,google/gemma-4-31b-it,io-net,0,1.0,Io Net,A,3.39435e-05,0.9999999791830962,3.337849079798616e-06,1
comprehension,ally_majority,neutral,4000,1,0,1,0,aPaPaPaP,A,gemma-31b,google/gemma-4-31b-it,io-net,0,1.0,Io Net,A,3.39435e-05,0.999999964589256,3.2894484889300912e-06,1
comprehension,ally_majority,neutral,4001,-1,0,0,0,aPrQaPaPaP,A,gemma-31b,google/gemma-4-31b-it,io-net,0,1.0,Io Net,A,3.64705e-05,0.9999998802068873,1.6689021211657717e-05,1
comprehension,ally_majority,neutral,4001,-1,0,1,0,aPrQaPaPaP,A,gemma-31b,google/gemma-4-31b-it,io-net,0,1.0,Io Net,A,3.64705e-05,0.9999999468421376,7.8677512366232e-06,1
comprehension,ally_majority,neutral,4001,1,0,0,0,aPaPrQaPaP,A,gemma-31b,google/gemma-4-31b-it,io-net,0,1.0,Io Net,A,3.64705e-05,0.9999999202005421,1.0490307887134342e-05,1
comprehension,ally_majority,neutral,4001,1,0,1,0,aPaPaPrQaP,A,gemma-31b,google/gemma-4-31b-it,io-net,0,1.0,Io Net,A,3.64705e-05,0.999999954531667,6.034168580693056e-06,1
comprehension,ally_majority,neutral,4002,-1,0,0,0,aPaPrQaPrQaP,A,gemma-31b,google/gemma-4-31b-it,io-net,0,1.0,Io Net,A,3.89975e-05,0.999999961108909,5.125973125186256e-06,1
comprehension,ally_majority,neutral,4002,-1,0,1,0,aPrQaPaPrQaP,A,gemma-31b,google/gemma-4-31b-it,io-net,0,1.0,Io Net,A,3.89975e-05,0.9999999586006245,3.8146827137097716e-06,1
comprehension,ally_majority,neutral,4002,1,0,0,0,aPrQaPaPaPrQ,A,gemma-31b,google/gemma-4-31b-it,io-net,0,1.0,Io Net,A,3.89975e-05,0.9999999500628095,5.960428978935006e-06,1
comprehension,ally_majority,neutral,4002,1,0,1,0,aPaPaPrQaPrQ,A,gemma-31b,google/gemma-4-31b-it,io-net,0,1.0,Io Net,A,3.89975e-05,0.9999999592424721,7.390921354266666e-06,1
comprehension,ally_majority,neutral,4010,-1,0,0,0,aPrPaPaPaP,A,gemma-31b,google/gemma-4-31b-it,io-net,0,1.0,Io Net,A,3.64705e-05,0.9999999579486842,5.602804996951427e-06,1
comprehension,ally_majority,neutral,4010,-1,0,1,0,aPaPaPaPrP,A,gemma-31b,google/gemma-4-31b-it,io-net,0,1.0,Io Net,A,3.64705e-05,0.9999999687500865,4.617890801084101e-06,1
comprehension,ally_majority,neutral,4010,1,0,0,0,aPaPaPaPrP,A,gemma-31b,google/gemma-4-31b-it,io-net,0,1.0,Io Net,A,3.64705e-05,0.9999999559305839,5.960428978935006e-06,1
comprehension,ally_majority,neutral,4010,1,0,1,0,aPaPaPrPaP,A,gemma-31b,google/gemma-4-31b-it,io-net,0,1.0,Io Net,A,3.64705e-05,0.9999998085712277,1.3498640074605106e-05,1
comprehension,ally_majority,neutral,4011,-1,0,0,0,aPrPaPaPaPrQ,A,gemma-31b,google/gemma-4-31b-it,io-net,0,1.0,Io Net,A,3.89975e-05,0.9999998909271806,1.1443960830637145e-05,1
comprehension,ally_majority,neutral,4011,-1,0,1,0,aPaPaPrQrPaP,A,gemma-31b,google/gemma-4-31b-it,io-net,0,1.0,Io Net,A,3.89975e-05,0.9999999687501094,3.8807334369339586e-06,1
comprehension,ally_majority,neutral,4011,1,0,0,0,aPaPrPaPrQaP,A,gemma-31b,google/gemma-4-31b-it,io-net,0,1.0,Io Net,A,3.89975e-05,0.9999999598743803,4.951919944207184e-06,1
comprehension,ally_majority,neutral,4011,1,0,1,0,aPaPaPrQaPrP,A,gemma-31b,google/gemma-4-31b-it,io-net,0,1.0,Io Net,A,3.89975e-05,0.9999999451547817,4.942644651562134e-06,1
comprehension,ally_majority,neutral,4020,-1,0,0,0,aPrPrPaPaPaP,A,gemma-31b,google/gemma-4-31b-it,io-net,0,1.0,Io Net,A,3.89975e-05,0.9999999572864641,5.797151692132907e-06,1
comprehension,ally_majority,neutral,4020,-1,0,1,0,aPrPaPaPrPaP,A,gemma-31b,google/gemma-4-31b-it,io-net,0,1.0,Io Net,A,3.89975e-05,0.9999999798235603,3.5762659251759032e-06,1
comprehension,ally_majority,neutral,4020,1,0,0,0,rPaPaPrPaPaP,A,gemma-31b,google/gemma-4-31b-it,io-net,0,1.0,Io Net,A,3.89975e-05,0.9999999273418443,1.3232056284229188e-05,1
comprehension,ally_majority,neutral,4020,1,0,1,0,rPaPrPaPaPaP,A,gemma-31b,google/gemma-4-31b-it,io-net,0,1.0,Io Net,A,3.89975e-05,0.9999999656786969,4.2571949619985006e-06,1
comprehension,ally_majority,neutral,4100,-1,0,0,0,aPaPaPaPaQ,A,gemma-31b,google/gemma-4-31b-it,io-net,0,1.0,Io Net,A,3.64705e-05,0.999999953815665,7.510128846255348e-06,1
comprehension,ally_majority,neutral,4100,-1,0,1,0,aPaPaPaPaQ,A,gemma-31b,google/gemma-4-31b-it,io-net,0,1.0,Io Net,A,3.64705e-05,0.9999999840391192,1.8659456966219068e-06,1
comprehension,ally_majority,neutral,4100,1,0,0,0,aPaQaPaPaP,A,gemma-31b,google/gemma-4-31b-it,io-net,0,1.0,Io Net,A,3.64705e-05,0.9999999617118246,6.033452563003472e-06,1
comprehension,ally_majority,neutral,4100,1,0,1,0,aPaPaQaPaP,A,gemma-31b,google/gemma-4-31b-it,io-net,0,1.0,Io Net,A,3.64705e-05,0.9999999715466381,2.421056428225654e-06,1
comprehension,ally_majority,neutral,4101,-1,0,0,0,aPaPrQaPaQaP,A,gemma-31b,google/gemma-4-31b-it,io-net,0,1.0,Io Net,A,3.89975e-05,0.9999999358794402,8.821409409609515e-06,1
comprehension,ally_majority,neutral,4101,-1,0,1,0,aQaPaPaPrQaP,A,gemma-31b,google/gemma-4-31b-it,io-net,0,1.0,Io Net,A,3.89975e-05,0.9999999468421186,6.318052378384564e-06,1
comprehension,ally_majority,neutral,4101,1,0,0,0,aPaPrQaQaPaP,A,gemma-31b,google/gemma-4-31b-it,io-net,0,1.0,Io Net,A,3.89975e-05,0.9999999771371019,3.4267691937373e-06,1
comprehension,ally_majority,neutral,4101,1,0,1,0,aQaPaPaPrQaP,A,gemma-31b,google/gemma-4-31b-it,io-net,0,1.0,Io Net,A,3.89975e-05,0.9999999545316947,3.5196799015313474e-06,1
comprehension,ally_majority,neutral,4110,-1,0,0,0,aPaPaPaQaPrP,A,gemma-31b,google/gemma-4-31b-it,io-net,0,1.0,Io Net,A,3.89975e-05,0.9999999719877676,4.291516120247252e-06,1
comprehension,ally_majority,neutral,4110,-1,0,1,0,rPaQaPaPaPaP,A,gemma-31b,google/gemma-4-31b-it,io-net,0,1.0,Io Net,A,3.89975e-05,0.9999999067050832,9.417444964854305e-06,1
comprehension,ally_majority,neutral,4110,1,0,0,0,rPaPaPaQaPaP,A,gemma-31b,google/gemma-4-31b-it,io-net,0,1.0,Io Net,A,3.89975e-05,0.9999999484776207,1.0013480164827726e-05,1
comprehension,ally_majority,neutral,4110,1,0,1,0,rPaPaPaQaPaP,A,gemma-31b,google/gemma-4-31b-it,io-net,0,1.0,Io Net,A,3.89975e-05,0.9999999295772971,7.5589141483867195e-06,1
comprehension,ally_majority,neutral,4200,-1,0,0,0,aQaPaPaPaQaP,A,gemma-31b,google/gemma-4-31b-it,io-net,0,1.0,Io Net,A,3.89975e-05,0.9999999451547749,6.9784539479256225e-06,1
comprehension,ally_majority,neutral,4200,-1,0,1,0,aQaPaPaPaQaP,A,gemma-31b,google/gemma-4-31b-it,io-net,0,1.0,Io Net,A,3.89975e-05,0.9999999378521893,3.63135396141967e-06,1
comprehension,ally_majority,neutral,4200,1,0,0,0,aQaPaPaQaPaP,A,gemma-31b,google/gemma-4-31b-it,io-net,0,1.0,Io Net,A,3.89975e-05,0.9999999378521894,7.443798603179452e-06,1
comprehension,ally_majority,neutral,4200,1,0,1,0,aQaPaPaPaPaQ,A,gemma-31b,google/gemma-4-31b-it,io-net,0,1.0,Io Net,A,3.89975e-05,0.999999976411342,2.0973619527797638e-06,1
comprehension,ally_majority,neutral,5000,-1,0,0,0,aPaPaPaPaP,A,gemma-31b,google/gemma-4-31b-it,io-net,0,1.0,Io Net,A,3.64705e-05,0.9999999006881378,1.4543322068627518e-05,1
comprehension,ally_majority,neutral,5000,-1,0,1,0,aPaPaPaPaP,A,gemma-31b,google/gemma-4-31b-it,io-net,0,1.0,Io Net,A,3.64705e-05,0.9999999067050165,1.0132687344066582e-05,1
comprehension,ally_majority,neutral,5000,1,0,0,0,aPaPaPaPaP,A,gemma-31b,google/gemma-4-31b-it,io-net,0,1.0,Io Net,A,4.22465e-05,0.9999998621190901,2.1576415803803428e-05,1
comprehension,ally_majority,neutral,5000,1,0,1,0,aPaPaPaPaP,A,gemma-31b,google/gemma-4-31b-it,io-net,0,1.0,Io Net,A,3.64705e-05,0.9999999719877977,3.218640408420015e-06,1
comprehension,ally_majority,neutral,5001,-1,0,0,0,aPaPrQaPaPaP,A,gemma-31b,google/gemma-4-31b-it,io-net,0,1.0,Io Net,A,3.89975e-05,0.9999999226557191,1.0412964405626113e-05,1
comprehension,ally_majority,neutral,5001,-1,0,1,0,aPrQaPaPaPaP,A,gemma-31b,google/gemma-4-31b-it,io-net,0,1.0,Io Net,A,3.89975e-05,0.9999999752793123,3.457057509592687e-06,1
comprehension,ally_majority,neutral,5001,1,0,0,0,rQaPaPaPaPaP,A,gemma-31b,google/gemma-4-31b-it,io-net,0,1.0,Io Net,A,3.89975e-05,0.9999999697115817,3.4143441380862782e-06,1
comprehension,ally_majority,neutral,5001,1,0,1,0,aPaPaPaPaPrQ,A,gemma-31b,google/gemma-4-31b-it,io-net,0,1.0,Io Net,A,3.89975e-05,0.9999999559305596,4.6050713318201986e-06,1
comprehension,ally_majority,neutral,5010,-1,0,0,0,aPaPaPrPaPaP,A,gemma-31b,google/gemma-4-31b-it,io-net,0,1.0,Io Net,A,3.89975e-05,0.9999999566138497,7.1091204840723066e-06,1
comprehension,ally_majority,neutral,5010,-1,0,1,0,aPaPrPaPaPaP,A,gemma-31b,google/gemma-4-31b-it,io-net,0,1.0,Io Net,A,3.89975e-05,0.999999961108858,6.4372599981599166e-06,1
comprehension,ally_majority,neutral,5010,1,0,0,0,aPaPaPrPaPaP,A,gemma-31b,google/gemma-4-31b-it,io-net,0,1.0,Io Net,A,3.89975e-05,0.9999999468421059,8.463788269796879e-06,1
comprehension,ally_majority,neutral,5010,1,0,1,0,aPaPaPaPaPrP,A,gemma-31b,google/gemma-4-31b-it,io-net,0,1.0,Io Net,A,3.89975e-05,0.9999999682579795,4.378982554009703e-06,1
comprehension,ally_majority,neutral,5100,-1,0,0,0,aPaPaPaPaQaP,A,gemma-31b,google/gemma-4-31b-it,io-net,0,1.0,Io Net,A,3.89975e-05,0.9999999416175308,9.417444964854305e-06,1
comprehension,ally_majority,neutral,5100,-1,0,1,0,aPaPaQaPaPaP,A,gemma-31b,google/gemma-4-31b-it,io-net,0,1.0,Io Net,A,3.89975e-05,0.9999999434137614,3.8540920029861425e-06,1
comprehension,ally_majority,neutral,5100,1,0,0,0,aQaPaPaPaPaP,A,gemma-31b,google/gemma-4-31b-it,io-net,0,1.0,Io Net,A,3.89975e-05,0.9999999778404902,2.83343688578519e-06,1
comprehension,ally_majority,neutral,5100,1,0,1,0,aPaQaPaPaPaP,A,gemma-31b,google/gemma-4-31b-it,io-net,0,1.0,Io Net,A,3.89975e-05,0.9999999804443246,1.6366854909133366e-06,1
comprehension,ally_majority,neutral,6000,-1,0,0,0,aPaPaPaPaPaP,A,gemma-31b,google/gemma-4-31b-it,io-net,0,1.0,Io Net,A,3.89975e-05,0.9999999645892585,7.033298793368559e-06,1
comprehension,ally_majority,neutral,6000,-1,0,1,0,aPaPaPaPaPaP,A,gemma-31b,google/gemma-4-31b-it,io-net,0,1.0,Io Net,A,3.89975e-05,0.9999999715466595,3.5762659251759032e-06,1
comprehension,ally_majority,neutral,6000,1,0,0,0,aPaPaPaPaPaP,A,gemma-31b,google/gemma-4-31b-it,io-net,0,1.0,Io Net,A,3.89975e-05,0.999999918943961,9.536652215147434e-06,1
comprehension,ally_majority,neutral,6000,1,0,1,0,aPaPaPaPaPaP,A,gemma-31b,google/gemma-4-31b-it,io-net,0,1.0,Io Net,A,3.89975e-05,0.9999999081515524,1.2516818850283329e-05,1
comprehension,own,neutral,0001,-1,0,0,0,rQ,B,gemma-31b,google/gemma-4-31b-it,io-net,0,1.0,Io Net,B,3.10555e-05,7.34926994390034e-10,5.1725427385740375e-08,1
comprehension,own,neutral,0001,-1,0,1,0,rQ,B,gemma-31b,google/gemma-4-31b-it,io-net,0,1.0,Io Net,B,3.10555e-05,8.727474281153476e-10,8.405057627669521e-08,1
comprehension,own,neutral,0001,1,0,0,0,rQ,A,gemma-31b,google/gemma-4-31b-it,io-net,0,1.0,Io Net,A,3.10555e-05,0.9999999434137531,9.725339276456246e-06,1
comprehension,own,neutral,0001,1,0,1,0,rQ,A,gemma-31b,google/gemma-4-31b-it,io-net,0,1.0,Io Net,A,3.10555e-05,0.9999998388008297,2.5756047883240818e-05,1
comprehension,own,neutral,0002,-1,0,0,0,rQrQ,B,gemma-31b,google/gemma-4-31b-it,io-net,0,1.0,Io Net,B,3.35825e-05,2.0611536687830156e-09,2.454587100242378e-08,1
comprehension,own,neutral,0002,-1,0,1,0,rQrQ,B,gemma-31b,google/gemma-4-31b-it,io-net,0,1.0,Io Net,B,3.35825e-05,2.4097284181217252e-09,1.243885110469023e-07,1
comprehension,own,neutral,0002,1,0,0,0,rQrQ,A,gemma-31b,google/gemma-4-31b-it,io-net,0,1.0,Io Net,A,3.35825e-05,0.9999999530883885,8.972609480628613e-06,1
comprehension,own,neutral,0002,1,0,1,0,rQrQ,A,gemma-31b,google/gemma-4-31b-it,io-net,0,1.0,Io Net,A,3.35825e-05,0.9999999460050482,7.405535112803285e-06,1
comprehension,own,neutral,0003,-1,0,0,0,rQrQrQ,B,gemma-31b,google/gemma-4-31b-it,io-net,0,1.0,Io Net,B,3.61095e-05,9.736201353562953e-10,1.0784829851395727e-07,1
comprehension,own,neutral,0003,-1,0,1,0,rQrQrQ,B,gemma-31b,google/gemma-4-31b-it,io-net,0,1.0,Io Net,B,3.03335e-05,7.465004373541017e-10,8.766989756381349e-08,1
comprehension,own,neutral,0003,1,0,0,0,rQrQrQ,A,gemma-31b,google/gemma-4-31b-it,io-net,0,1.0,Io Net,A,3.61095e-05,0.9999999572864818,9.197362783708307e-06,1
comprehension,own,neutral,0003,1,0,1,0,rQrQrQ,A,gemma-31b,google/gemma-4-31b-it,io-net,0,1.0,Io Net,A,3.03335e-05,0.9999999226558511,8.705302981582008e-06,1
comprehension,own,neutral,0004,-1,0,0,0,rQrQrQrQ,B,gemma-31b,google/gemma-4-31b-it,io-net,0,1.0,Io Net,B,3.28605e-05,1.9977386102029463e-09,1.0995006571867805e-08,1
comprehension,own,neutral,0004,-1,0,1,0,rQrQrQrQ,B,gemma-31b,google/gemma-4-31b-it,io-net,0,1.0,Io Net,B,3.28605e-05,9.14631380888775e-10,6.674100605508215e-09,1
comprehension,own,neutral,0004,1,0,0,0,rQrQrQrQ,A,gemma-31b,google/gemma-4-31b-it,io-net,0,1.0,Io Net,A,3.28605e-05,0.9999999687500917,4.450133199940254e-06,1
comprehension,own,neutral,0004,1,0,1,0,rQrQrQrQ,A,gemma-31b,google/gemma-4-31b-it,io-net,0,1.0,Io Net,A,3.28605e-05,0.9999998336838823,2.156409041786933e-05,1
comprehension,own,neutral,0005,-1,0,0,0,rQrQrQrQrQ,B,gemma-31b,google/gemma-4-31b-it,io-net,0,1.0,Io Net,B,3.53875e-05,2.061153601062463e-09,0.0,1
comprehension,own,neutral,0005,-1,0,1,0,rQrQrQrQrQ,B,gemma-31b,google/gemma-4-31b-it,io-net,0,1.0,Io Net,B,3.53875e-05,1.067703087958497e-06,9.006728729499258e-08,0
comprehension,own,neutral,0005,1,0,0,0,rQrQrQrQrQ,A,gemma-31b,google/gemma-4-31b-it,io-net,0,1.0,Io Net,A,3.53875e-05,0.9999999756625607,3.878802222079258e-06,1
comprehension,own,neutral,0005,1,0,1,0,rQrQrQrQrQ,A,gemma-31b,google/gemma-4-31b-it,io-net,0,1.0,Io Net,A,3.53875e-05,0.9999998959219811,1.7232661138177896e-05,1
comprehension,own,neutral,0006,-1,0,0,0,rQrQrQrQrQrQ,B,gemma-31b,google/gemma-4-31b-it,io-net,0,1.0,Io Net,B,3.79145e-05,1.0364131604986623e-09,3.199642273354897e-08,1
comprehension,own,neutral,0006,-1,0,1,0,rQrQrQrQrQrQ,B,gemma-31b,google/gemma-4-31b-it,io-net,0,1.0,Io Net,B,3.79145e-05,5.905304161839531e-10,2.817513700126284e-08,1
comprehension,own,neutral,0006,1,0,0,0,rQrQrQrQrQrQ,A,gemma-31b,google/gemma-4-31b-it,io-net,0,1.0,Io Net,A,3.79145e-05,0.9999999656787195,5.5034936220499375e-06,1
comprehension,own,neutral,0006,1,0,1,0,rQrQrQrQrQrQ,A,gemma-31b,google/gemma-4-31b-it,io-net,0,1.0,Io Net,A,3.79145e-05,0.9999999468421038,8.503196854414696e-06,1
comprehension,own,neutral,0010,-1,0,0,0,rP,B,gemma-31b,google/gemma-4-31b-it,io-net,0,1.0,Io Net,B,3.10555e-05,6.903999906547019e-10,1.0995006571867805e-08,1
comprehension,own,neutral,0010,-1,0,1,0,rP,B,gemma-31b,google/gemma-4-31b-it,io-net,0,1.0,Io Net,B,3.10555e-05,1.9362748857460385e-09,1.302041895412387e-07,1
comprehension,own,neutral,0010,1,0,0,0,rP,A,gemma-31b,google/gemma-4-31b-it,io-net,0,1.0,Io Net,A,3.10555e-05,0.9999999756625443,2.6455497832422736e-06,1
comprehension,own,neutral,0010,1,0,1,0,rP,A,gemma-31b,google/gemma-4-31b-it,io-net,0,1.0,Io Net,A,3.10555e-05,0.9999999579486979,5.276747108817759e-06,1
comprehension,own,neutral,0011,-1,0,0,0,rPrQ,B,gemma-31b,google/gemma-4-31b-it,io-net,0,1.0,Io Net,B,3.35825e-05,5.211412923194917e-10,8.405057627669521e-08,1
comprehension,own,neutral,0011,-1,0,1,0,rPrQ,B,gemma-31b,google/gemma-4-31b-it,io-net,0,1.0,Io Net,B,3.35825e-05,9.736201030637575e-10,7.468080920336462e-08,1
comprehension,own,neutral,0011,1,0,0,0,rQrP,A,gemma-31b,google/gemma-4-31b-it,io-net,0,1.0,Io Net,A,3.35825e-05,0.9999999358793517,8.295629464472043e-06,1
comprehension,own,neutral,0011,1,0,1,0,rQrP,A,gemma-31b,google/gemma-4-31b-it,io-net,0,1.0,Io Net,A,3.35825e-05,0.9999998909271546,1.9311531081256383e-05,1
comprehension,own,neutral,0012,-1,0,0,0,rPrQrQ,B,gemma-31b,google/gemma-4-31b-it,io-net,0,1.0,Io Net,B,3.61095e-05,5.21141230481573e-10,0.0,1
comprehension,own,neutral,0012,-1,0,1,0,rQrQrP,B,gemma-31b,google/gemma-4-31b-it,io-net,0,1.0,Io Net,B,3.61095e-05,1.1032561018678606e-09,6.412063402461143e-08,1
comprehension,own,neutral,0012,1,0,0,0,rPrQrQ,A,gemma-31b,google/gemma-4-31b-it,io-net,0,1.0,Io Net,A,3.61095e-05,0.9999999523496206,5.524508904453107e-06,1
comprehension,own,neutral,0012,1,0,1,0,rQrQrP,A,gemma-31b,google/gemma-4-31b-it,io-net,0,1.0,Io Net,A,3.61095e-05,0.9999999338439962,7.505741556723677e-06,1
comprehension,own,neutral,0013,-1,0,0,0,rPrQrQrQ,B,gemma-31b,google/gemma-4-31b-it,io-net,0,1.0,Io Net,B,3.28605e-05,6.691585985213964e-10,0.0,1
comprehension,own,neutral,0013,-1,0,1,0,rPrQrQrQ,B,gemma-31b,google/gemma-4-31b-it,io-net,0,1.0,Io Net,B,3.86365e-05,6.485707794907008e-10,2.59143386749372e-08,1
comprehension,own,neutral,0013,1,0,0,0,rQrPrQrQ,A,gemma-31b,google/gemma-4-31b-it,io-net,0,1.0,Io Net,A,3.86365e-05,0.9999999538156863,7.047912637059284e-06,1
comprehension,own,neutral,0013,1,0,1,0,rPrQrQrQ,A,gemma-31b,google/gemma-4-31b-it,io-net,0,1.0,Io Net,A,3.28605e-05,0.9999998909272614,1.0703430884051457e-05,1
comprehension,own,neutral,0014,-1,0,0,0,rQrQrQrPrQ,B,gemma-31b,google/gemma-4-31b-it,io-net,0,1.0,Io Net,B,3.53875e-05,6.485707553150806e-10,0.0,1
comprehension,own,neutral,0014,-1,0,1,0,rQrPrQrQrQ,B,gemma-31b,google/gemma-4-31b-it,io-net,0,1.0,Io Net,B,3.53875e-05,1.00452605873953e-09,1.0995006571867805e-08,1
comprehension,own,neutral,0014,1,0,0,0,rQrQrQrQrP,A,gemma-31b,google/gemma-4-31b-it,io-net,0,1.0,Io Net,A,3.53875e-05,0.9999999523496497,1.2544990909524323e-05,1
comprehension,own,neutral,0014,1,0,1,0,rPrQrQrQrQ,A,gemma-31b,google/gemma-4-31b-it,io-net,0,1.0,Io Net,A,4.11635e-05,0.9999999176675486,9.118408718200577e-06,1
comprehension,own,neutral,0015,-1,0,0,0,rQrQrQrQrPrQ,B,gemma-31b,google/gemma-4-31b-it,io-net,0,1.0,Io Net,B,3.79145e-05,6.485707698144578e-10,1.0995006571867805e-08,1
comprehension,own,neutral,0015,-1,0,1,0,rQrPrQrQrQrQ,B,gemma-31b,google/gemma-4-31b-it,io-net,0,1.0,Io Net,B,3.79145e-05,6.28616390950552e-10,8.405057627669521e-08,1
comprehension,own,neutral,0015,1,0,0,0,rQrQrQrQrQrP,A,gemma-31b,google/gemma-4-31b-it,io-net,0,1.0,Io Net,A,3.79145e-05,0.9999999306690669,1.757044283512421e-05,1
comprehension,own,neutral,0015,1,0,1,0,rPrQrQrQrQrQ,A,gemma-31b,google/gemma-4-31b-it,io-net,0,1.0,Io Net,A,3.79145e-05,0.9999999358794289,8.99920234898044e-06,1
comprehension,own,neutral,0020,-1,0,0,0,rPrP,B,gemma-31b,google/gemma-4-31b-it,io-net,0,1.0,Io Net,B,3.35825e-05,8.864911857413811e-10,6.766065419050449e-08,1
comprehension,own,neutral,0020,-1,0,1,0,rPrP,B,gemma-31b,google/gemma-4-31b-it,io-net,0,1.0,Io Net,B,3.35825e-05,8.071593811669123e-10,3.199642273354897e-08,1
comprehension,own,neutral,0020,1,0,0,0,rPrP,A,gemma-31b,google/gemma-4-31b-it,io-net,0,1.0,Io Net,A,3.35825e-05,0.9999999920987982,9.530895063170064e-07,1
comprehension,own,neutral,0020,1,0,1,0,rPrP,A,gemma-31b,google/gemma-4-31b-it,io-net,0,1.0,Io Net,A,3.35825e-05,0.9999999451547623,5.298059203129313e-06,1
comprehension,own,neutral,0021,-1,0,0,0,rPrPrQ,B,gemma-31b,google/gemma-4-31b-it,io-net,0,1.0,Io Net,B,3.03335e-05,5.547520069125693e-10,6.412063402461143e-08,1
comprehension,own,neutral,0021,-1,0,1,0,rQrPrP,B,gemma-31b,google/gemma-4-31b-it,io-net,0,1.0,Io Net,B,3.61095e-05,1.3730244108480745e-09,7.025911208380364e-08,1
comprehension,own,neutral,0021,1,0,0,0,rPrPrQ,A,gemma-31b,google/gemma-4-31b-it,io-net,0,1.0,Io Net,A,3.03335e-05,0.9999999760398638,4.457274391023169e-06,1
comprehension,own,neutral,0021,1,0,1,0,rPrQrP,A,gemma-31b,google/gemma-4-31b-it,io-net,0,1.0,Io Net,A,3.61095e-05,0.9999999250353826,6.194457493280403e-06,1
comprehension,own,neutral,0022,-1,0,0,0,rPrQrPrQ,B,gemma-31b,google/gemma-4-31b-it,io-net,0,1.0,Io Net,B,3.28605e-05,1.1382771663333976e-09,2.589439085376455e-08,1
comprehension,own,neutral,0022,-1,0,1,0,rQrPrPrQ,B,gemma-31b,google/gemma-4-31b-it,io-net,0,1.0,Io Net,B,3.28605e-05,6.385156230043908e-10,2.817513700126284e-08,1
comprehension,own,neutral,0022,1,0,0,0,rPrPrQrQ,A,gemma-31b,google/gemma-4-31b-it,io-net,0,1.0,Io Net,A,3.28605e-05,0.9999999500627887,6.376638561844672e-06,1
comprehension,own,neutral,0022,1,0,1,0,rPrPrQrQ,A,gemma-31b,google/gemma-4-31b-it,io-net,0,1.0,Io Net,A,3.28605e-05,0.9999999416175805,6.659140801223984e-06,1
comprehension,own,neutral,0023,-1,0,0,0,rPrQrQrQrP,B,gemma-31b,google/gemma-4-31b-it,io-net,0,1.0,Io Net,B,3.53875e-05,8.864912034794005e-10,8.766989756381349e-08,1
comprehension,own,neutral,0023,-1,0,1,0,rQrQrPrQrP,B,gemma-31b,google/gemma-4-31b-it,io-net,0,1.0,Io Net,B,3.53875e-05,5.905304161839531e-10,2.817513700126284e-08,1
comprehension,own,neutral,0023,1,0,0,0,rPrQrPrQrQ,A,gemma-31b,google/gemma-4-31b-it,io-net,0,1.0,Io Net,A,3.53875e-05,0.9999999667346622,5.867134576065247e-06,1
comprehension,own,neutral,0023,1,0,1,0,rQrQrQrPrP,A,gemma-31b,google/gemma-4-31b-it,io-net,0,1.0,Io Net,A,3.53875e-05,0.9999998874649095,1.843698677916894e-05,1
comprehension,own,neutral,0024,-1,0,0,0,rQrQrQrPrPrQ,B,gemma-31b,google/gemma-4-31b-it,io-net,0,1.0,Io Net,B,3.79145e-05,6.09275853346635e-10,1.0995006571867805e-08,1
comprehension,own,neutral,0024,-1,0,1,0,rQrQrPrQrQrP,B,gemma-31b,google/gemma-4-31b-it,io-net,0,1.0,Io Net,B,3.79145e-05,5.051074321589997e-10,2.817513700126284e-08,1
comprehension,own,neutral,0024,1,0,0,0,rQrPrQrQrQrP,A,gemma-31b,google/gemma-4-31b-it,io-net,0,1.0,Io Net,A,3.79145e-05,0.9999999645892277,4.089975611409891e-06,1
comprehension,own,neutral,0024,1,0,1,0,rQrQrPrPrQrQ,A,gemma-31b,google/gemma-4-31b-it,io-net,0,1.0,Io Net,A,3.79145e-05,0.9999999006881245,1.4677139711705145e-05,1
comprehension,own,neutral,0030,-1,0,0,0,rPrPrP,B,gemma-31b,google/gemma-4-31b-it,io-net,0,1.0,Io Net,B,3.61095e-05,4.0586522546907804e-10,3.199642273354897e-08,1
comprehension,own,neutral,0030,-1,0,1,0,rPrPrP,B,gemma-31b,google/gemma-4-31b-it,io-net,0,1.0,Io Net,B,3.61095e-05,8.592167564658345e-10,1.1089946305720133e-07,1
comprehension,own,neutral,0030,1,0,0,0,rPrPrP,A,gemma-31b,google/gemma-4-31b-it,io-net,0,1.0,Io Net,A,3.61095e-05,0.9999999804443089,5.101606137402693e-07,0
comprehension,own,neutral,0030,1,0,1,0,rPrPrP,A,gemma-31b,google/gemma-4-31b-it,io-net,0,1.0,Io Net,A,3.61095e-05,0.99999994684217,5.352031081873321e-06,1
comprehension,own,neutral,0031,-1,0,0,0,rQrPrPrP,B,gemma-31b,google/gemma-4-31b-it,io-net,0,1.0,Io Net,B,3.86365e-05,4.2534307575083324e-10,0.0,1
comprehension,own,neutral,0031,-1,0,1,0,rPrPrPrQ,B,gemma-31b,google/gemma-4-31b-it,io-net,0,1.0,Io Net,B,3.28605e-05,5.376840430566076e-10,0.0,1
comprehension,own,neutral,0031,1,0,0,0,rPrPrPrQ,A,gemma-31b,google/gemma-4-31b-it,io-net,0,1.0,Io Net,A,3.28605e-05,0.9999999667346379,4.688549761100447e-06,1
comprehension,own,neutral,0031,1,0,1,0,rQrPrPrP,A,gemma-31b,google/gemma-4-31b-it,io-net,0,1.0,Io Net,A,3.86365e-05,0.9999999095755304,1.2516818850283329e-05,1
comprehension,own,neutral,0032,-1,0,0,0,rPrPrPrQrQ,B,gemma-31b,google/gemma-4-31b-it,io-net,0,1.0,Io Net,B,3.53875e-05,8.071593809693666e-10,3.17516808401308e-08,1
comprehension,own,neutral,0032,-1,0,1,0,rPrQrQrPrP,B,gemma-31b,google/gemma-4-31b-it,io-net,0,1.0,Io Net,B,3.53875e-05,4.1225667477456077e-10,3.6876782738559655e-08,1
comprehension,own,neutral,0032,1,0,0,0,rPrQrQrPrP,A,gemma-31b,google/gemma-4-31b-it,io-net,0,1.0,Io Net,A,3.53875e-05,0.9999999484776549,7.4426438007035856e-06,1
comprehension,own,neutral,0032,1,0,1,0,rQrQrPrPrP,A,gemma-31b,google/gemma-4-31b-it,io-net,0,1.0,Io Net,A,3.53875e-05,0.9999999425226617,9.51136280469278e-06,1
comprehension,own,neutral,0033,-1,0,0,0,rPrPrPrQrQrQ,B,gemma-31b,google/gemma-4-31b-it,io-net,0,1.0,Io Net,B,3.79145e-05,5.293480230132113e-10,0.0,1
comprehension,own,neutral,0033,-1,0,1,0,rPrQrQrQrPrP,B,gemma-31b,google/gemma-4-31b-it,io-net,0,1.0,Io Net,B,3.79145e-05,4.671480369895296e-10,8.766989756381349e-08,1
comprehension,own,neutral,0033,1,0,0,0,rQrPrPrPrQrQ,A,gemma-31b,google/gemma-4-31b-it,io-net,0,1.0,Io Net,A,3.79145e-05,0.9999999067050149,1.396403502340604e-05,1
comprehension,own,neutral,0033,1,0,1,0,rPrQrPrQrQrP,A,gemma-31b,google/gemma-4-31b-it,io-net,0,1.0,Io Net,A,3.79145e-05,0.9999999358793834,7.800266105806308e-06,1
comprehension,own,neutral,0040,-1,0,0,0,rPrPrPrP,B,gemma-31b,google/gemma-4-31b-it,io-net,0,1.0,Io Net,B,3.28605e-05,9.436648940728253e-10,3.046148444596497e-09,1
comprehension,own,neutral,0040,-1,0,1,0,rPrPrPrP,B,gemma-31b,google/gemma-4-31b-it,io-net,0,1.0,Io Net,B,3.28605e-05,1.1382772891881674e-09,1.3382482921819872e-07,1
comprehension,own,neutral,0040,1,0,0,0,rPrPrPrP,A,gemma-31b,google/gemma-4-31b-it,io-net,0,1.0,Io Net,A,3.28605e-05,0.9999977396836153,2.821849004903347e-06,0
comprehension,own,neutral,0040,1,0,1,0,rPrPrPrP,A,gemma-31b,google/gemma-4-31b-it,io-net,0,1.0,Io Net,A,3.28605e-05,0.9999999732705659,1.4564235540914794e-06,1
comprehension,own,neutral,0041,-1,0,0,0,rPrQrPrPrP,B,gemma-31b,google/gemma-4-31b-it,io-net,0,1.0,Io Net,B,3.53875e-05,9.146313643934119e-10,0.0,1
comprehension,own,neutral,0041,-1,0,1,0,rPrQrPrPrP,B,gemma-31b,google/gemma-4-31b-it,io-net,0,1.0,Io Net,B,3.53875e-05,6.485707506423355e-10,0.0,1
comprehension,own,neutral,0041,1,0,0,0,rQrPrPrPrP,A,gemma-31b,google/gemma-4-31b-it,io-net,0,1.0,Io Net,A,3.53875e-05,0.9999999586006446,9.051513488067542e-06,1
comprehension,own,neutral,0041,1,0,1,0,rPrPrPrPrQ,A,gemma-31b,google/gemma-4-31b-it,io-net,0,1.0,Io Net,A,3.53875e-05,0.999999937852221,1.2657523093762002e-05,1
comprehension,own,neutral,0042,-1,0,0,0,rQrPrPrPrPrQ,B,gemma-31b,google/gemma-4-31b-it,io-net,0,1.0,Io Net,B,3.79145e-05,6.691586539572171e-10,6.766065419050449e-08,1
comprehension,own,neutral,0042,-1,0,1,0,rPrPrQrPrPrQ,B,gemma-31b,google/gemma-4-31b-it,io-net,0,1.0,Io Net,B,3.79145e-05,6.587842846066099e-10,2.817513700126284e-08,1
comprehension,own,neutral,0042,1,0,0,0,rQrPrPrPrPrQ,A,gemma-31b,google/gemma-4-31b-it,io-net,0,1.0,Io Net,A,3.79145e-05,0.999999971546629,4.648556346076305e-06,1
comprehension,own,neutral,0042,1,0,1,0,rQrPrPrPrQrP,A,gemma-31b,google/gemma-4-31b-it,io-net,0,1.0,Io Net,A,3.79145e-05,0.9999999476662764,1.3539947602225766e-05,1
comprehension,own,neutral,0050,-1,0,0,0,rPrPrPrPrP,B,gemma-31b,google/gemma-4-31b-it,io-net,0,1.0,Io Net,B,3.53875e-05,2.194086734082759e-09,5.8718032880378246e-08,1
comprehension,own,neutral,0050,-1,0,1,0,rPrPrPrPrP,B,gemma-31b,google/gemma-4-31b-it,io-net,0,1.0,Io Net,B,3.53875e-05,8.592166606775516e-10,0.0,1
comprehension,own,neutral,0050,1,0,0,0,rPrPrPrPrP,A,gemma-31b,google/gemma-4-31b-it,io-net,0,1.0,Io Net,A,3.53875e-05,0.9998911094267562,5.606302789611575e-05,0
comprehension,own,neutral,0050,1,0,1,0,rPrPrPrPrP,A,gemma-31b,google/gemma-4-31b-it,io-net,0,1.0,Io Net,A,3.53875e-05,0.9999999804443201,1.8659456966219068e-06,1
comprehension,own,neutral,0051,-1,0,0,0,rPrQrPrPrPrP,B,gemma-31b,google/gemma-4-31b-it,io-net,0,1.0,Io Net,B,3.79145e-05,9.73620096228793e-10,6.766065419050449e-08,1
comprehension,own,neutral,0051,-1,0,1,0,rPrPrPrPrQrP,B,gemma-31b,google/gemma-4-31b-it,io-net,0,1.0,Io Net,B,3.79145e-05,3.995728556688606e-10,1.8155554837306909e-10,1
comprehension,own,neutral,0051,1,0,0,0,rPrPrPrQrPrP,A,gemma-31b,google/gemma-4-31b-it,io-net,0,1.0,Io Net,A,3.79145e-05,0.999999968750129,3.2580499961243348e-06,1
comprehension,own,neutral,0051,1,0,1,0,rPrPrPrPrQrP,A,gemma-31b,google/gemma-4-31b-it,io-net,0,1.0,Io Net,A,3.79145e-05,0.9999999566138712,8.522372920372057e-06,1
comprehension,own,neutral,0060,-1,0,0,0,rPrPrPrPrPrP,B,gemma-31b,google/gemma-4-31b-it,io-net,0,1.0,Io Net,B,3.79145e-05,1.1032560343659938e-09,2.9364115583518924e-09,1
comprehension,own,neutral,0060,-1,0,1,0,rPrPrPrPrPrP,B,gemma-31b,google/gemma-4-31b-it,io-net,0,1.0,Io Net,B,3.79145e-05,8.592166963324103e-10,4.0913139764953144e-08,1
comprehension,own,neutral,0060,1,0,0,0,rPrPrPrPrPrP,A,gemma-31b,google/gemma-4-31b-it,io-net,0,1.0,Io Net,A,3.79145e-05,0.9999724647081959,1.0414297049287893e-05,0
comprehension,own,neutral,0060,1,0,1,0,rPrPrPrPrPrP,A,gemma-31b,google/gemma-4-31b-it,io-net,0,1.0,Io Net,A,3.79145e-05,0.9999999885038133,1.46991907690186e-06,1
comprehension,own,neutral,0100,-1,0,0,0,aQ,B,gemma-31b,google/gemma-4-31b-it,io-net,0,1.0,Io Net,B,3.68315e-05,4.745045466832697e-10,8.460117573161341e-08,1
comprehension,own,neutral,0100,-1,0,1,0,aQ,B,gemma-31b,google/gemma-4-31b-it,io-net,0,1.0,Io Net,B,3.10555e-05,7.701968309937876e-10,0.0,1
comprehension,own,neutral,0100,1,0,0,0,aQ,A,gemma-31b,google/gemma-4-31b-it,io-net,0,1.0,Io Net,A,3.10555e-05,0.9999999559305812,1.1741537319198692e-05,1
comprehension,own,neutral,0100,1,0,1,0,aQ,A,gemma-31b,google/gemma-4-31b-it,io-net,0,1.0,Io Net,A,3.68315e-05,0.9999999052358521,2.3296987445964312e-05,1
comprehension,own,neutral,0101,-1,0,0,0,aQrQ,B,gemma-31b,google/gemma-4-31b-it,io-net,0,1.0,Io Net,B,3.35825e-05,5.905304410358222e-10,7.025911208380364e-08,1
comprehension,own,neutral,0101,-1,0,1,0,aQrQ,B,gemma-31b,google/gemma-4-31b-it,io-net,0,1.0,Io Net,B,3.35825e-05,6.79696323045328e-10,0.0,1
comprehension,own,neutral,0101,1,0,0,0,rQaQ,A,gemma-31b,google/gemma-4-31b-it,io-net,0,1.0,Io Net,A,3.35825e-05,0.999999937852252,8.344569098039933e-06,1
comprehension,own,neutral,0101,1,0,1,0,rQaQ,A,gemma-31b,google/gemma-4-31b-it,io-net,0,1.0,Io Net,A,3.35825e-05,0.9999998744579484,1.818359818650528e-05,1
comprehension,own,neutral,0102,-1,0,0,0,rQaQrQ,B,gemma-31b,google/gemma-4-31b-it,io-net,0,1.0,Io Net,B,3.61095e-05,8.071594027355119e-10,5.8718032880378246e-08,1
comprehension,own,neutral,0102,-1,0,1,0,rQaQrQ,B,gemma-31b,google/gemma-4-31b-it,io-net,0,1.0,Io Net,B,3.61095e-05,6.691586131475368e-10,6.674100605508215e-09,1
comprehension,own,neutral,0102,1,0,0,0,rQaQrQ,A,gemma-31b,google/gemma-4-31b-it,io-net,0,1.0,Io Net,A,3.03335e-05,0.9999999538156745,9.21059605396568e-06,1
comprehension,own,neutral,0102,1,0,1,0,aQrQrQ,A,gemma-31b,google/gemma-4-31b-it,io-net,0,1.0,Io Net,A,3.61095e-05,0.9999998838925587,1.1703872217050382e-05,1
comprehension,own,neutral,0103,-1,0,0,0,aQrQrQrQ,B,gemma-31b,google/gemma-4-31b-it,io-net,0,1.0,Io Net,B,3.28605e-05,8.592167365066008e-10,8.766989756381349e-08,1
comprehension,own,neutral,0103,-1,0,1,0,rQrQrQaQ,B,gemma-31b,google/gemma-4-31b-it,io-net,0,1.0,Io Net,B,2.70845e-05,1.036413138732518e-09,1.0995006571867805e-08,1
comprehension,own,neutral,0103,1,0,0,0,rQaQrQrQ,A,gemma-31b,google/gemma-4-31b-it,io-net,0,1.0,Io Net,A,3.86365e-05,0.9999999484776073,8.366016761574002e-06,1
comprehension,own,neutral,0103,1,0,1,0,rQrQrQaQ,A,gemma-31b,google/gemma-4-31b-it,io-net,0,1.0,Io Net,A,2.70845e-05,0.9999999515992436,9.190022779659301e-06,1
comprehension,own,neutral,0104,-1,0,0,0,rQrQrQrQaQ,B,gemma-31b,google/gemma-4-31b-it,io-net,0,1.0,Io Net,B,3.53875e-05,4.745044993350315e-10,0.0,1
comprehension,own,neutral,0104,-1,0,1,0,rQrQrQaQrQ,B,gemma-31b,google/gemma-4-31b-it,io-net,0,1.0,Io Net,B,3.53875e-05,9.736200615053794e-10,3.199642273354897e-08,1
comprehension,own,neutral,0104,1,0,0,0,rQrQaQrQrQ,A,gemma-31b,google/gemma-4-31b-it,io-net,0,1.0,Io Net,A,3.53875e-05,0.9999999651382522,8.910740433409892e-06,1
comprehension,own,neutral,0104,1,0,1,0,rQaQrQrQrQ,A,gemma-31b,google/gemma-4-31b-it,io-net,0,1.0,Io Net,A,3.53875e-05,0.9999998892095672,1.4956690744138967e-05,1
comprehension,own,neutral,0105,-1,0,0,0,rQrQrQrQaQrQ,B,gemma-31b,google/gemma-4-31b-it,io-net,0,1.0,Io Net,B,3.79145e-05,5.211412632004922e-10,2.817513700126284e-08,1
comprehension,own,neutral,0105,-1,0,1,0,rQrQrQrQrQaQ,B,gemma-31b,google/gemma-4-31b-it,io-net,0,1.0,Io Net,B,3.79145e-05,7.582561239928712e-10,1.0784829851395727e-07,1
comprehension,own,neutral,0105,1,0,0,0,rQrQrQrQrQaQ,A,gemma-31b,google/gemma-4-31b-it,io-net,0,1.0,Io Net,A,3.79145e-05,0.9999999611089215,8.61591918543958e-06,1
comprehension,own,neutral,0105,1,0,1,0,aQrQrQrQrQrQ,A,gemma-31b,google/gemma-4-31b-it,io-net,0,1.0,Io Net,A,3.79145e-05,0.9999999715466779,4.837620208753002e-06,1
comprehension,own,neutral,0110,-1,0,0,0,rPaQ,B,gemma-31b,google/gemma-4-31b-it,io-net,0,1.0,Io Net,B,3.35825e-05,7.946455201600109e-10,1.3492262196379556e-08,1
comprehension,own,neutral,0110,-1,0,1,0,rPaQ,B,gemma-31b,google/gemma-4-31b-it,io-net,0,1.0,Io Net,B,3.35825e-05,5.46151339311306e-10,1.8155554837306909e-10,1
comprehension,own,neutral,0110,1,0,0,0,aQrP,A,gemma-31b,google/gemma-4-31b-it,io-net,0,1.0,Io Net,A,3.35825e-05,0.9999999500628625,6.809497368753803e-06,1
comprehension,own,neutral,0110,1,0,1,0,rPaQ,A,gemma-31b,google/gemma-4-31b-it,io-net,0,1.0,Io Net,A,3.35825e-05,0.9999999484776003,8.501940206517844e-06,1
comprehension,own,neutral,0111,-1,0,0,0,aQrQrP,B,gemma-31b,google/gemma-4-31b-it,io-net,0,1.0,Io Net,B,3.03335e-05,9.88952421506853e-10,1.0784829851395727e-07,1
comprehension,own,neutral,0111,-1,0,1,0,aQrQrP,B,gemma-31b,google/gemma-4-31b-it,io-net,0,1.0,Io Net,B,3.61095e-05,8.071594070962725e-10,6.412063402461143e-08,1
comprehension,own,neutral,0111,1,0,0,0,rQaQrP,A,gemma-31b,google/gemma-4-31b-it,io-net,0,1.0,Io Net,A,3.61095e-05,0.9999999628898213,8.121296270369172e-06,1
comprehension,own,neutral,0111,1,0,1,0,rPrQaQ,A,gemma-31b,google/gemma-4-31b-it,io-net,0,1.0,Io Net,A,3.03335e-05,0.9999999358794223,7.193417478679187e-06,1
comprehension,own,neutral,0112,-1,0,0,0,rPrQrQaQ,B,gemma-31b,google/gemma-4-31b-it,io-net,0,1.0,Io Net,B,3.28605e-05,7.349269754061076e-10,2.589439085376455e-08,1
comprehension,own,neutral,0112,-1,0,1,0,aQrQrPrQ,B,gemma-31b,google/gemma-4-31b-it,io-net,0,1.0,Io Net,B,3.28605e-05,5.293480325599951e-10,6.674100605508215e-09,1
comprehension,own,neutral,0112,1,0,0,0,rQaQrPrQ,A,gemma-31b,google/gemma-4-31b-it,io-net,0,1.0,Io Net,A,3.28605e-05,0.9999999724220613,4.13769936047359e-06,1
comprehension,own,neutral,0112,1,0,1,0,rPaQrQrQ,A,gemma-31b,google/gemma-4-31b-it,io-net,0,1.0,Io Net,A,3.28605e-05,0.9999999508369843,6.559569000308407e-06,1
comprehension,own,neutral,0113,-1,0,0,0,rQrQaQrQrP,B,gemma-31b,google/gemma-4-31b-it,io-net,0,1.0,Io Net,B,3.53875e-05,5.461513330073869e-10,0.0,1
comprehension,own,neutral,0113,-1,0,1,0,rPrQaQrQrQ,B,gemma-31b,google/gemma-4-31b-it,io-net,0,1.0,Io Net,B,3.53875e-05,5.051074606602136e-10,8.460117573161341e-08,1
comprehension,own,neutral,0113,1,0,0,0,aQrQrQrPrQ,A,gemma-31b,google/gemma-4-31b-it,io-net,0,1.0,Io Net,A,3.53875e-05,0.9999999611088533,4.652241973768234e-06,1
comprehension,own,neutral,0113,1,0,1,0,aQrPrQrQrQ,A,gemma-31b,google/gemma-4-31b-it,io-net,0,1.0,Io Net,A,3.53875e-05,0.99999989753564,1.2647015446676235e-05,1
comprehension,own,neutral,0114,-1,0,0,0,rPrQrQrQrQaQ,B,gemma-31b,google/gemma-4-31b-it,io-net,0,1.0,Io Net,B,3.79145e-05,4.599055699662755e-10,7.025911208380364e-08,1
comprehension,own,neutral,0114,-1,0,1,0,rQaQrPrQrQrQ,B,gemma-31b,google/gemma-4-31b-it,io-net,0,1.0,Io Net,B,3.79145e-05,5.547520234441049e-10,9.392049760137411e-08,1
comprehension,own,neutral,0114,1,0,0,0,rQrPrQrQrQaQ,A,gemma-31b,google/gemma-4-31b-it,io-net,0,1.0,Io Net,A,3.79145e-05,0.999999968258008,7.3004974909807174e-06,1
comprehension,own,neutral,0114,1,0,1,0,rQrQaQrPrQrQ,A,gemma-31b,google/gemma-4-31b-it,io-net,0,1.0,Io Net,A,3.79145e-05,0.9999999306691683,1.6107607233140087e-05,1
comprehension,own,neutral,0120,-1,0,0,0,rPaQrP,B,gemma-31b,google/gemma-4-31b-it,io-net,0,1.0,Io Net,B,3.61095e-05,5.211412441866946e-10,0.0,1
comprehension,own,neutral,0120,-1,0,1,0,aQrPrP,B,gemma-31b,google/gemma-4-31b-it,io-net,0,1.0,Io Net,B,3.61095e-05,6.904000085234806e-10,3.6876782738559655e-08,1
comprehension,own,neutral,0120,1,0,0,0,rPrPaQ,A,gemma-31b,google/gemma-4-31b-it,io-net,0,1.0,Io Net,A,3.61095e-05,0.9999999677581531,5.117662890685715e-06,1
comprehension,own,neutral,0120,1,0,1,0,rPaQrP,A,gemma-31b,google/gemma-4-31b-it,io-net,0,1.0,Io Net,A,3.61095e-05,0.9999999202006921,8.611167828909139e-06,1
comprehension,own,neutral,0121,-1,0,0,0,aQrPrQrP,B,gemma-31b,google/gemma-4-31b-it,io-net,0,1.0,Io Net,B,3.28605e-05,5.130617233369095e-10,4.0913139764953144e-08,1
comprehension,own,neutral,0121,-1,0,1,0,aQrQrPrP,B,gemma-31b,google/gemma-4-31b-it,io-net,0,1.0,Io Net,B,3.28605e-05,5.461513254006651e-10,0.0,1
comprehension,own,neutral,0121,1,0,0,0,aQrPrQrP,A,gemma-31b,google/gemma-4-31b-it,io-net,0,1.0,Io Net,A,3.28605e-05,0.9999999662107892,6.460212173431401e-06,1
comprehension,own,neutral,0121,1,0,1,0,rPaQrPrQ,A,gemma-31b,google/gemma-4-31b-it,io-net,0,1.0,Io Net,A,3.86365e-05,0.9999998820642244,1.1880676162201453e-05,1
comprehension,own,neutral,0122,-1,0,0,0,rPrQaQrPrQ,B,gemma-31b,google/gemma-4-31b-it,io-net,0,1.0,Io Net,B,4.11635e-05,4.671480207372096e-10,5.28793859810861e-08,1
comprehension,own,neutral,0122,-1,0,1,0,aQrPrQrPrQ,B,gemma-31b,google/gemma-4-31b-it,io-net,0,1.0,Io Net,B,4.11635e-05,1.0364131187247799e-09,0.0,1
comprehension,own,neutral,0122,1,0,0,0,rPaQrPrQrQ,A,gemma-31b,google/gemma-4-31b-it,io-net,0,1.0,Io Net,A,4.11635e-05,0.9999999572864745,5.553078817333024e-06,1
comprehension,own,neutral,0122,1,0,1,0,rQrPrPaQrQ,A,gemma-31b,google/gemma-4-31b-it,io-net,0,1.0,Io Net,A,3.53875e-05,0.999999939764226,1.2095745601459207e-05,1
comprehension,own,neutral,0123,-1,0,0,0,rQrPaQrQrQrP,B,gemma-31b,google/gemma-4-31b-it,io-net,0,1.0,Io Net,B,3.79145e-05,7.123156414588279e-10,1.4615603616263684e-08,1
comprehension,own,neutral,0123,-1,0,1,0,rQrPaQrQrQrP,B,gemma-31b,google/gemma-4-31b-it,io-net,0,1.0,Io Net,B,3.79145e-05,5.461513388933088e-10,0.0,1
comprehension,own,neutral,0123,1,0,0,0,rQrQaQrQrPrP,A,gemma-31b,google/gemma-4-31b-it,io-net,0,1.0,Io Net,A,3.79145e-05,0.9999999832731488,3.284691430072151e-06,1
comprehension,own,neutral,0123,1,0,1,0,rPrPrQrQaQrQ,A,gemma-31b,google/gemma-4-31b-it,io-net,0,1.0,Io Net,A,3.79145e-05,0.9999999656787413,4.87102220969593e-06,1
comprehension,own,neutral,0130,-1,0,0,0,aQrPrPrP,B,gemma-31b,google/gemma-4-31b-it,io-net,0,1.0,Io Net,B,3.86365e-05,5.051074279778189e-10,1.9897332226292974e-08,1
comprehension,own,neutral,0130,-1,0,1,0,rPrPaQrP,B,gemma-31b,google/gemma-4-31b-it,io-net,0,1.0,Io Net,B,3.86365e-05,7.465004031607663e-10,4.1865056310541604e-08,1
comprehension,own,neutral,0130,1,0,0,0,rPrPrPaQ,A,gemma-31b,google/gemma-4-31b-it,io-net,0,1.0,Io Net,A,3.28605e-05,0.9999999810459944,3.2827602862717242e-06,1
comprehension,own,neutral,0130,1,0,1,0,rPrPrPaQ,A,gemma-31b,google/gemma-4-31b-it,io-net,0,1.0,Io Net,A,3.28605e-05,0.9999999137163549,1.6482600950329385e-05,1
comprehension,own,neutral,0131,-1,0,0,0,aQrQrPrPrP,B,gemma-31b,google/gemma-4-31b-it,io-net,0,1.0,Io Net,B,3.53875e-05,4.4575575799390426e-10,5.8718032880378246e-08,1
comprehension,own,neutral,0131,-1,0,1,0,rPrQrPaQrP,B,gemma-31b,google/gemma-4-31b-it,io-net,0,1.0,Io Net,B,3.53875e-05,5.90530394638498e-10,0.0,1
comprehension,own,neutral,0131,1,0,0,0,rPrQrPaQrP,A,gemma-31b,google/gemma-4-31b-it,io-net,0,1.0,Io Net,A,3.53875e-05,0.9999999572865024,4.901048486050108e-06,1
comprehension,own,neutral,0131,1,0,1,0,rPrPrQaQrP,A,gemma-31b,google/gemma-4-31b-it,io-net,0,1.0,Io Net,A,3.53875e-05,0.9999999416175239,9.536831068968077e-06,1
comprehension,own,neutral,0132,-1,0,0,0,rPrQrQrPrPaQ,B,gemma-31b,google/gemma-4-31b-it,io-net,0,1.0,Io Net,B,3.79145e-05,6.485708171961688e-10,8.405057627669521e-08,1
comprehension,own,neutral,0132,-1,0,1,0,aQrPrQrQrPrP,B,gemma-31b,google/gemma-4-31b-it,io-net,0,1.0,Io Net,B,3.79145e-05,7.582560908360997e-10,6.412063402461143e-08,1
comprehension,own,neutral,0132,1,0,0,0,rPaQrPrQrQrP,A,gemma-31b,google/gemma-4-31b-it,io-net,0,1.0,Io Net,A,3.79145e-05,0.9999999692346223,4.875198573062178e-06,1
comprehension,own,neutral,0132,1,0,1,0,rPrPrQrPrQaQ,A,gemma-31b,google/gemma-4-31b-it,io-net,0,1.0,Io Net,A,3.79145e-05,0.9999999295773424,8.821589116192463e-06,1
comprehension,own,neutral,0140,-1,0,0,0,rPrPaQrPrP,B,gemma-31b,google/gemma-4-31b-it,io-net,0,1.0,Io Net,B,3.53875e-05,3.8127510251891835e-10,5.28793859810861e-08,1
comprehension,own,neutral,0140,-1,0,1,0,rPaQrPrPrP,B,gemma-31b,google/gemma-4-31b-it,io-net,0,1.0,Io Net,B,4.11635e-05,7.123156311772297e-10,1.8155554837306909e-10,1
comprehension,own,neutral,0140,1,0,0,0,rPaQrPrPrP,A,gemma-31b,google/gemma-4-31b-it,io-net,0,1.0,Io Net,A,4.11635e-05,0.9999999586006302,7.4935940277409685e-06,1
comprehension,own,neutral,0140,1,0,1,0,rPaQrPrPrP,A,gemma-31b,google/gemma-4-31b-it,io-net,0,1.0,Io Net,A,3.53875e-05,0.999999921437784,1.1555783388295104e-05,1
comprehension,own,neutral,0141,-1,0,0,0,aQrQrPrPrPrP,B,gemma-31b,google/gemma-4-31b-it,io-net,0,1.0,Io Net,B,3.79145e-05,6.485708171961688e-10,8.405057627669521e-08,1
comprehension,own,neutral,0141,-1,0,1,0,rPaQrPrPrQrP,B,gemma-31b,google/gemma-4-31b-it,io-net,0,1.0,Io Net,B,3.79145e-05,5.998299002926267e-10,1.8155554837306909e-10,1
comprehension,own,neutral,0141,1,0,0,0,rQrPrPaQrPrP,A,gemma-31b,google/gemma-4-31b-it,io-net,0,1.0,Io Net,A,3.79145e-05,0.9999999724220604,4.171723507306879e-06,1
comprehension,own,neutral,0141,1,0,1,0,aQrPrQrPrPrP,A,gemma-31b,google/gemma-4-31b-it,io-net,0,1.0,Io Net,A,3.79145e-05,0.9999999515992156,7.860368547940588e-06,1
comprehension,own,neutral,0150,-1,0,0,0,aQrPrPrPrPrP,B,gemma-31b,google/gemma-4-31b-it,io-net,0,1.0,Io Net,B,3.79145e-05,6.28616382281011e-10,7.025911208380364e-08,1
comprehension,own,neutral,0150,-1,0,1,0,rPrPrPrPrPaQ,B,gemma-31b,google/gemma-4-31b-it,io-net,0,1.0,Io Net,B,3.79145e-05,6.188705993799406e-10,8.766989756381349e-08,1
comprehension,own,neutral,0150,1,0,0,0,rPaQrPrPrPrP,A,gemma-31b,google/gemma-4-31b-it,io-net,0,1.0,Io Net,A,3.79145e-05,0.9999999910467633,1.1822583075860038e-06,1
comprehension,own,neutral,0150,1,0,1,0,rPrPrPrPaQrP,A,gemma-31b,google/gemma-4-31b-it,io-net,0,1.0,Io Net,A,3.79145e-05,0.999999940698135,9.513575013109232e-06,1
comprehension,own,neutral,0200,-1,0,0,0,aQaQ,B,gemma-31b,google/gemma-4-31b-it,io-net,0,1.0,Io Net,B,3.35825e-05,5.723617032677807e-10,2.454587100242378e-08,1
comprehension,own,neutral,0200,-1,0,1,0,aQaQ,B,gemma-31b,google/gemma-4-31b-it,io-net,0,1.0,Io Net,B,3.35825e-05,9.14631460687075e-10,9.392049760137411e-08,1
comprehension,own,neutral,0200,1,0,0,0,aQaQ,A,gemma-31b,google/gemma-4-31b-it,io-net,0,1.0,Io Net,A,3.35825e-05,0.9999999545316952,9.231907598050704e-06,1
comprehension,own,neutral,0200,1,0,1,0,aQaQ,A,gemma-31b,google/gemma-4-31b-it,io-net,0,1.0,Io Net,A,3.35825e-05,0.9999998820642102,1.3907800334944653e-05,1
comprehension,own,neutral,0201,-1,0,0,0,aQaQrQ,B,gemma-31b,google/gemma-4-31b-it,io-net,0,1.0,Io Net,B,3.61095e-05,6.092758857147991e-10,6.412063402461143e-08,1
comprehension,own,neutral,0201,-1,0,1,0,aQrQaQ,B,gemma-31b,google/gemma-4-31b-it,io-net,0,1.0,Io Net,B,3.61095e-05,6.904000435910506e-10,8.766989756381349e-08,1
comprehension,own,neutral,0201,1,0,0,0,aQaQrQ,A,gemma-31b,google/gemma-4-31b-it,io-net,0,1.0,Io Net,A,3.61095e-05,0.9999999538156663,7.480252577019009e-06,1
comprehension,own,neutral,0201,1,0,1,0,rQaQaQ,A,gemma-31b,google/gemma-4-31b-it,io-net,0,1.0,Io Net,A,3.03335e-05,0.9999998874648119,1.548958305774839e-05,1
comprehension,own,neutral,0202,-1,0,0,0,aQrQrQaQ,B,gemma-31b,google/gemma-4-31b-it,io-net,0,1.0,Io Net,B,3.86365e-05,5.905304237061315e-10,4.0913139764953144e-08,1
comprehension,own,neutral,0202,-1,0,1,0,aQaQrQrQ,B,gemma-31b,google/gemma-4-31b-it,io-net,0,1.0,Io Net,B,3.86365e-05,6.188705848059928e-10,6.412063402461143e-08,1
comprehension,own,neutral,0202,1,0,0,0,aQrQaQrQ,A,gemma-31b,google/gemma-4-31b-it,io-net,0,1.0,Io Net,A,3.28605e-05,0.9999999764113671,2.940732371059518e-06,1
comprehension,own,neutral,0202,1,0,1,0,rQaQaQrQ,A,gemma-31b,google/gemma-4-31b-it,io-net,0,1.0,Io Net,A,3.28605e-05,0.9999999634651516,4.570844404083729e-06,1
comprehension,own,neutral,0203,-1,0,0,0,rQaQrQaQrQ,B,gemma-31b,google/gemma-4-31b-it,io-net,0,1.0,Io Net,B,3.53875e-05,6.904000410922708e-10,8.405057627669521e-08,1
comprehension,own,neutral,0203,-1,0,1,0,rQrQrQaQaQ,B,gemma-31b,google/gemma-4-31b-it,io-net,0,1.0,Io Net,B,3.53875e-05,1.0203451529652556e-09,1.193907811503081e-07,1
comprehension,own,neutral,0203,1,0,0,0,rQrQrQaQaQ,A,gemma-31b,google/gemma-4-31b-it,io-net,0,1.0,Io Net,A,3.53875e-05,0.9999999701811267,4.533033700293565e-06,1
comprehension,own,neutral,0203,1,0,1,0,aQaQrQrQrQ,A,gemma-31b,google/gemma-4-31b-it,io-net,0,1.0,Io Net,A,3.53875e-05,0.999999933843939,8.370494044895871e-06,1
comprehension,own,neutral,0204,-1,0,0,0,rQrQaQrQaQrQ,B,gemma-31b,google/gemma-4-31b-it,io-net,0,1.0,Io Net,B,3.79145e-05,8.32781367116384e-10,2.817513700126284e-08,1
comprehension,own,neutral,0204,-1,0,1,0,rQrQaQaQrQrQ,B,gemma-31b,google/gemma-4-31b-it,io-net,0,1.0,Io Net,B,3.79145e-05,6.092758981931004e-10,8.460117573161341e-08,1
comprehension,own,neutral,0204,1,0,0,0,rQrQaQrQaQrQ,A,gemma-31b,google/gemma-4-31b-it,io-net,0,1.0,Io Net,A,3.79145e-05,0.9999999706434756,4.733740490925342e-06,1
comprehension,own,neutral,0204,1,0,1,0,rQaQaQrQrQrQ,A,gemma-31b,google/gemma-4-31b-it,io-net,0,1.0,Io Net,A,3.79145e-05,0.9999999317439643,1.1540089729256131e-05,1
comprehension,own,neutral,0210,-1,0,0,0,rPaQaQ,B,gemma-31b,google/gemma-4-31b-it,io-net,0,1.0,Io Net,B,3.61095e-05,4.599055438588847e-10,1.3492262196379556e-08,1
comprehension,own,neutral,0210,-1,0,1,0,aQrPaQ,B,gemma-31b,google/gemma-4-31b-it,io-net,0,1.0,Io Net,B,3.61095e-05,7.823257125961661e-10,5.095324162596171e-08,1
comprehension,own,neutral,0210,1,0,0,0,rPaQaQ,A,gemma-31b,google/gemma-4-31b-it,io-net,0,1.0,Io Net,A,3.61095e-05,0.999999935879418,7.259355409461321e-06,1
comprehension,own,neutral,0210,1,0,1,0,rPaQaQ,A,gemma-31b,google/gemma-4-31b-it,io-net,0,1.0,Io Net,A,3.61095e-05,0.9999999566138684,6.675855413584841e-06,1
comprehension,own,neutral,0211,-1,0,0,0,aQaQrQrP,B,gemma-31b,google/gemma-4-31b-it,io-net,0,1.0,Io Net,B,3.28605e-05,5.376840927173036e-10,8.405057627669521e-08,1
comprehension,own,neutral,0211,-1,0,1,0,rQrPaQaQ,B,gemma-31b,google/gemma-4-31b-it,io-net,0,1.0,Io Net,B,3.86365e-05,4.745045097065181e-10,6.674100605508215e-09,1
comprehension,own,neutral,0211,1,0,0,0,aQrPaQrQ,A,gemma-31b,google/gemma-4-31b-it,io-net,0,1.0,Io Net,A,3.86365e-05,0.9999999586005918,4.60461191242878e-06,1
comprehension,own,neutral,0211,1,0,1,0,rQaQaQrP,A,gemma-31b,google/gemma-4-31b-it,io-net,0,1.0,Io Net,A,3.28605e-05,0.999999959242501,8.589667972569437e-06,1
comprehension,own,neutral,0212,-1,0,0,0,aQaQrQrQrP,B,gemma-31b,google/gemma-4-31b-it,io-net,0,1.0,Io Net,B,3.53875e-05,5.723617032677807e-10,2.454587100242378e-08,1
comprehension,own,neutral,0212,-1,0,1,0,aQrPaQrQrQ,B,gemma-31b,google/gemma-4-31b-it,io-net,0,1.0,Io Net,B,3.53875e-05,5.051074606602136e-10,8.460117573161341e-08,1
comprehension,own,neutral,0212,1,0,0,0,aQrQrQrPaQ,A,gemma-31b,google/gemma-4-31b-it,io-net,0,1.0,Io Net,A,4.11635e-05,0.9999999579486909,9.258746445084398e-06,1
comprehension,own,neutral,0212,1,0,1,0,aQrPaQrQrQ,A,gemma-31b,google/gemma-4-31b-it,io-net,0,1.0,Io Net,A,3.53875e-05,0.999999971098596,5.091364728704306e-06,1
comprehension,own,neutral,0213,-1,0,0,0,rQrQrQrPaQaQ,B,gemma-31b,google/gemma-4-31b-it,io-net,0,1.0,Io Net,B,3.79145e-05,5.634880798503849e-10,6.412063402461143e-08,1
comprehension,own,neutral,0213,-1,0,1,0,aQrQrPaQrQrQ,B,gemma-31b,google/gemma-4-31b-it,io-net,0,1.0,Io Net,B,3.79145e-05,4.5990552602328305e-10,0.0,1
comprehension,own,neutral,0213,1,0,0,0,aQaQrQrPrQrQ,A,gemma-31b,google/gemma-4-31b-it,io-net,0,1.0,Io Net,A,3.79145e-05,0.9999999640316056,5.5386847541694095e-06,1
comprehension,own,neutral,0213,1,0,1,0,aQaQrPrQrQrQ,A,gemma-31b,google/gemma-4-31b-it,io-net,0,1.0,Io Net,A,3.79145e-05,0.9999999284683541,1.0631012441697507e-05,1
comprehension,own,neutral,0220,-1,0,0,0,rPaQaQrP,B,gemma-31b,google/gemma-4-31b-it,io-net,0,1.0,Io Net,B,3.86365e-05,3.5817477807181615e-10,0.0,1
comprehension,own,neutral,0220,-1,0,1,0,aQrPaQrP,B,gemma-31b,google/gemma-4-31b-it,io-net,0,1.0,Io Net,B,3.28605e-05,1.036413235150882e-09,1.0402581684942902e-07,1
comprehension,own,neutral,0220,1,0,0,0,aQaQrPrP,A,gemma-31b,google/gemma-4-31b-it,io-net,0,1.0,Io Net,A,3.86365e-05,0.9999999748900323,2.8897990421716813e-06,1
comprehension,own,neutral,0220,1,0,1,0,aQrPaQrP,A,gemma-31b,google/gemma-4-31b-it,io-net,0,1.0,Io Net,A,3.86365e-05,0.9999998362623834,2.0555293892554616e-05,1
comprehension,own,neutral,0221,-1,0,0,0,aQaQrPrQrP,B,gemma-31b,google/gemma-4-31b-it,io-net,0,1.0,Io Net,B,3.53875e-05,7.34927011260565e-10,7.468080920336462e-08,1
comprehension,own,neutral,0221,-1,0,1,0,rPrQrPaQaQ,B,gemma-31b,google/gemma-4-31b-it,io-net,0,1.0,Io Net,B,3.53875e-05,3.933780651515013e-10,3.17516808401308e-08,1
comprehension,own,neutral,0221,1,0,0,0,aQaQrPrPrQ,A,gemma-31b,google/gemma-4-31b-it,io-net,0,1.0,Io Net,A,3.53875e-05,0.9999999667346653,3.865635313293758e-06,1
comprehension,own,neutral,0221,1,0,1,0,rPrQaQrPaQ,A,gemma-31b,google/gemma-4-31b-it,io-net,0,1.0,Io Net,A,3.53875e-05,0.9999999807475204,2.860430523221602e-06,1
comprehension,own,neutral,0222,-1,0,0,0,rPaQaQrPrQrQ,B,gemma-31b,google/gemma-4-31b-it,io-net,0,1.0,Io Net,B,3.79145e-05,3.9337808110139147e-10,7.229763510085974e-08,1
comprehension,own,neutral,0222,-1,0,1,0,rQrQrPrPaQaQ,B,gemma-31b,google/gemma-4-31b-it,io-net,0,1.0,Io Net,B,3.79145e-05,2.7462215256552036e-10,4.655110563689391e-08,1
comprehension,own,neutral,0222,1,0,0,0,rPrQaQrPrQaQ,A,gemma-31b,google/gemma-4-31b-it,io-net,0,1.0,Io Net,A,3.79145e-05,0.9999999672503901,4.060609815281779e-06,1
comprehension,own,neutral,0222,1,0,1,0,aQrQrPrPaQrQ,A,gemma-31b,google/gemma-4-31b-it,io-net,0,1.0,Io Net,A,3.79145e-05,0.9999999724220583,4.246987504119559e-06,1
comprehension,own,neutral,0230,-1,0,0,0,aQrPaQrPrP,B,gemma-31b,google/gemma-4-31b-it,io-net,0,1.0,Io Net,B,4.11635e-05,2.969373347123318e-10,6.674100605508215e-09,1
comprehension,own,neutral,0230,-1,0,1,0,aQaQrPrPrP,B,gemma-31b,google/gemma-4-31b-it,io-net,0,1.0,Io Net,B,3.53875e-05,9.146314005542982e-10,2.817513700126284e-08,1
comprehension,own,neutral,0230,1,0,0,0,rPrPrPaQaQ,A,gemma-31b,google/gemma-4-31b-it,io-net,0,1.0,Io Net,A,3.53875e-05,0.9999999837877735,1.7637987610452655e-06,1
comprehension,own,neutral,0230,1,0,1,0,rPrPaQrPaQ,A,gemma-31b,google/gemma-4-31b-it,io-net,0,1.0,Io Net,A,3.53875e-05,0.9999999238549755,1.0422822096733952e-05,1
comprehension,own,neutral,0231,-1,0,0,0,rPrPrPrQaQaQ,B,gemma-31b,google/gemma-4-31b-it,io-net,0,1.0,Io Net,B,3.79145e-05,7.582560359152947e-10,0.0,1
comprehension,own,neutral,0231,-1,0,1,0,rPaQrPrPaQrQ,B,gemma-31b,google/gemma-4-31b-it,io-net,0,1.0,Io Net,B,3.79145e-05,2.969373523436768e-10,6.605142277571474e-08,1
comprehension,own,neutral,0231,1,0,0,0,rPaQaQrPrQrP,A,gemma-31b,google/gemma-4-31b-it,io-net,0,1.0,Io Net,A,3.79145e-05,0.9999999740929363,3.6655983981503937e-06,1
comprehension,own,neutral,0231,1,0,1,0,aQrPrPrQaQrP,A,gemma-31b,google/gemma-4-31b-it,io-net,0,1.0,Io Net,A,3.79145e-05,0.9999999572864788,7.359380533200621e-06,1
comprehension,own,neutral,0240,-1,0,0,0,rPaQaQrPrPrP,B,gemma-31b,google/gemma-4-31b-it,io-net,0,1.0,Io Net,B,3.79145e-05,5.905303996528918e-10,1.8155554837306909e-10,1
comprehension,own,neutral,0240,-1,0,1,0,rPaQrPaQrPrP,B,gemma-31b,google/gemma-4-31b-it,io-net,0,1.0,Io Net,B,3.79145e-05,3.581748111501966e-10,5.095324162596171e-08,1
comprehension,own,neutral,0240,1,0,0,0,rPrPrPaQaQrP,A,gemma-31b,google/gemma-4-31b-it,io-net,0,1.0,Io Net,A,3.79145e-05,0.9999999710985737,5.861117604033517e-06,1
comprehension,own,neutral,0240,1,0,1,0,rPaQrPrPrPaQ,A,gemma-31b,google/gemma-4-31b-it,io-net,0,1.0,Io Net,A,3.79145e-05,0.9999999791830724,2.5728712128580966e-06,1
comprehension,own,neutral,0300,-1,0,0,0,aQaQaQ,B,gemma-31b,google/gemma-4-31b-it,io-net,0,1.0,Io Net,B,3.61095e-05,4.599055407231744e-10,6.674100605508215e-09,1
comprehension,own,neutral,0300,-1,0,1,0,aQaQaQ,B,gemma-31b,google/gemma-4-31b-it,io-net,0,1.0,Io Net,B,3.61095e-05,6.286164078282042e-10,1.1089946305720133e-07,1
comprehension,own,neutral,0300,1,0,0,0,aQaQaQ,A,gemma-31b,google/gemma-4-31b-it,io-net,0,1.0,Io Net,A,3.61095e-05,0.9999999559306432,4.613980412737639e-06,1
comprehension,own,neutral,0300,1,0,1,0,aQaQaQ,A,gemma-31b,google/gemma-4-31b-it,io-net,0,1.0,Io Net,A,3.61095e-05,0.9999999623054538,5.343545791292037e-06,1
comprehension,own,neutral,0301,-1,0,0,0,aQaQrQaQ,B,gemma-31b,google/gemma-4-31b-it,io-net,0,1.0,Io Net,B,3.28605e-05,6.188705574374916e-10,1.9897332226292974e-08,1
comprehension,own,neutral,0301,-1,0,1,0,aQrQaQaQ,B,gemma-31b,google/gemma-4-31b-it,io-net,0,1.0,Io Net,B,3.28605e-05,1.004526156031196e-09,1.0784829851395727e-07,1
comprehension,own,neutral,0301,1,0,0,0,aQaQaQrQ,A,gemma-31b,google/gemma-4-31b-it,io-net,0,1.0,Io Net,A,3.28605e-05,0.9999999744945851,3.780074326886762e-06,1
comprehension,own,neutral,0301,1,0,1,0,rQaQaQaQ,A,gemma-31b,google/gemma-4-31b-it,io-net,0,1.0,Io Net,A,3.28605e-05,0.999999952349656,6.689167020401676e-06,1
comprehension,own,neutral,0302,-1,0,0,0,aQrQaQaQrQ,B,gemma-31b,google/gemma-4-31b-it,io-net,0,1.0,Io Net,B,4.11635e-05,9.14631460687075e-10,9.392049760137411e-08,1
comprehension,own,neutral,0302,-1,0,1,0,aQrQrQaQaQ,B,gemma-31b,google/gemma-4-31b-it,io-net,0,1.0,Io Net,B,3.53875e-05,5.634880673096316e-10,4.1865056310541604e-08,1
comprehension,own,neutral,0302,1,0,0,0,aQaQrQrQaQ,A,gemma-31b,google/gemma-4-31b-it,io-net,0,1.0,Io Net,A,3.53875e-05,0.999999980136375,3.1689142571122986e-06,1
comprehension,own,neutral,0302,1,0,1,0,aQaQaQrQrQ,A,gemma-31b,google/gemma-4-31b-it,io-net,0,1.0,Io Net,A,3.53875e-05,0.9999999468421249,8.106345969594031e-06,1
comprehension,own,neutral,0303,-1,0,0,0,rQaQaQrQaQrQ,B,gemma-31b,google/gemma-4-31b-it,io-net,0,1.0,Io Net,B,3.79145e-05,5.21141265191922e-10,3.199642273354897e-08,1
comprehension,own,neutral,0303,-1,0,1,0,rQrQaQrQaQaQ,B,gemma-31b,google/gemma-4-31b-it,io-net,0,1.0,Io Net,B,4.36905e-05,3.8127509309980304e-10,2.817513700126284e-08,1
comprehension,own,neutral,0303,1,0,0,0,rQaQaQrQaQrQ,A,gemma-31b,google/gemma-4-31b-it,io-net,0,1.0,Io Net,A,3.79145e-05,0.9999999748900174,3.4886237773035234e-06,1
comprehension,own,neutral,0303,1,0,1,0,rQaQrQrQaQaQ,A,gemma-31b,google/gemma-4-31b-it,io-net,0,1.0,Io Net,A,3.79145e-05,0.9999999226558084,9.25812763896694e-06,1
comprehension,own,neutral,0310,-1,0,0,0,aQaQrPaQ,B,gemma-31b,google/gemma-4-31b-it,io-net,0,1.0,Io Net,B,3.28605e-05,8.327813492107213e-10,6.674100605508215e-09,1
comprehension,own,neutral,0310,-1,0,1,0,aQrPaQaQ,B,gemma-31b,google/gemma-4-31b-it,io-net,0,1.0,Io Net,B,3.28605e-05,4.972764869176606e-10,6.768691795944193e-08,1
comprehension,own,neutral,0310,1,0,0,0,rPaQaQaQ,A,gemma-31b,google/gemma-4-31b-it,io-net,0,1.0,Io Net,A,3.28605e-05,0.9999999634651824,3.7297370312217026e-06,1
comprehension,own,neutral,0310,1,0,1,0,aQaQaQrP,A,gemma-31b,google/gemma-4-31b-it,io-net,0,1.0,Io Net,A,3.28605e-05,0.9999999677581206,4.221093676037846e-06,1
comprehension,own,neutral,0311,-1,0,0,0,rQaQaQrPaQ,B,gemma-31b,google/gemma-4-31b-it,io-net,0,1.0,Io Net,B,3.53875e-05,8.864911782156602e-10,5.917131939980891e-08,1
comprehension,own,neutral,0311,-1,0,1,0,aQaQrPaQrQ,B,gemma-31b,google/gemma-4-31b-it,io-net,0,1.0,Io Net,B,3.53875e-05,5.723617183823491e-10,5.095324162596171e-08,1
comprehension,own,neutral,0311,1,0,0,0,aQrPaQrQaQ,A,gemma-31b,google/gemma-4-31b-it,io-net,0,1.0,Io Net,A,3.53875e-05,0.9999999492764745,8.567809655302128e-06,1
comprehension,own,neutral,0311,1,0,1,0,rPrQaQaQaQ,A,gemma-31b,google/gemma-4-31b-it,io-net,0,1.0,Io Net,A,3.53875e-05,0.999999887464829,1.5337650142721593e-05,1
comprehension,own,neutral,0312,-1,0,0,0,rQrPrQaQaQaQ,B,gemma-31b,google/gemma-4-31b-it,io-net,0,1.0,Io Net,B,3.79145e-05,5.723617188243187e-10,5.1725427385740375e-08,1
comprehension,own,neutral,0312,-1,0,1,0,aQrQrQaQaQrP,B,gemma-31b,google/gemma-4-31b-it,io-net,0,1.0,Io Net,B,3.79145e-05,4.1225666969105997e-10,2.454587100242378e-08,1
comprehension,own,neutral,0312,1,0,0,0,rQaQrQrPaQaQ,A,gemma-31b,google/gemma-4-31b-it,io-net,0,1.0,Io Net,A,3.79145e-05,0.9999999545317271,6.620586502248393e-06,1
comprehension,own,neutral,0312,1,0,1,0,rQrPaQaQrQaQ,A,gemma-31b,google/gemma-4-31b-it,io-net,0,1.0,Io Net,A,4.36905e-05,0.9999999442910379,7.882364881361958e-06,1
comprehension,own,neutral,0320,-1,0,0,0,rPrPaQaQaQ,B,gemma-31b,google/gemma-4-31b-it,io-net,0,1.0,Io Net,B,3.53875e-05,5.211412760748964e-10,5.28793859810861e-08,1
comprehension,own,neutral,0320,-1,0,1,0,aQaQaQrPrP,B,gemma-31b,google/gemma-4-31b-it,io-net,0,1.0,Io Net,B,3.53875e-05,5.723617103255226e-10,3.6876782738559655e-08,1
comprehension,own,neutral,0320,1,0,0,0,rPrPaQaQaQ,A,gemma-31b,google/gemma-4-31b-it,io-net,0,1.0,Io Net,A,3.53875e-05,0.9999999416175717,8.718945944230505e-06,1
comprehension,own,neutral,0320,1,0,1,0,aQrPaQrPaQ,A,gemma-31b,google/gemma-4-31b-it,io-net,0,1.0,Io Net,A,4.11635e-05,0.999999953088371,5.5305854714804425e-06,1
comprehension,own,neutral,0321,-1,0,0,0,aQaQrPaQrQrP,B,gemma-31b,google/gemma-4-31b-it,io-net,0,1.0,Io Net,B,3.79145e-05,5.05107405153994e-10,0.0,1
comprehension,own,neutral,0321,-1,0,1,0,aQrPaQaQrQrP,B,gemma-31b,google/gemma-4-31b-it,io-net,0,1.0,Io Net,B,3.79145e-05,4.599055671431551e-10,6.412063402461143e-08,1
comprehension,own,neutral,0321,1,0,0,0,aQrPrQrPaQaQ,A,gemma-31b,google/gemma-4-31b-it,io-net,0,1.0,Io Net,A,3.79145e-05,0.9999999824704175,2.8745066404933795e-06,1
comprehension,own,neutral,0321,1,0,1,0,rQaQrPaQaQrP,A,gemma-31b,google/gemma-4-31b-it,io-net,0,1.0,Io Net,A,3.79145e-05,0.9999999572864577,7.852566096255842e-06,1
comprehension,own,neutral,0330,-1,0,0,0,rPaQrPaQaQrP,B,gemma-31b,google/gemma-4-31b-it,io-net,0,1.0,Io Net,B,3.79145e-05,3.5262181445342e-10,1.9897332226292974e-08,1
comprehension,own,neutral,0330,-1,0,1,0,rPrPaQaQrPaQ,B,gemma-31b,google/gemma-4-31b-it,io-net,0,1.0,Io Net,B,3.79145e-05,7.465004024501601e-10,4.0913139764953144e-08,1
comprehension,own,neutral,0330,1,0,0,0,rPaQaQrPrPaQ,A,gemma-31b,google/gemma-4-31b-it,io-net,0,1.0,Io Net,A,3.79145e-05,0.9999999651382309,5.709654651742113e-06,1
comprehension,own,neutral,0330,1,0,1,0,rPrPaQaQrPaQ,A,gemma-31b,google/gemma-4-31b-it,io-net,0,1.0,Io Net,A,3.79145e-05,0.9999999682579866,4.157123714709776e-06,1
comprehension,own,neutral,0400,-1,0,0,0,aQaQaQaQ,B,gemma-31b,google/gemma-4-31b-it,io-net,0,1.0,Io Net,B,3.28605e-05,4.895668961576947e-10,0.0,1
comprehension,own,neutral,0400,-1,0,1,0,aQaQaQaQ,B,gemma-31b,google/gemma-4-31b-it,io-net,0,1.0,Io Net,B,3.28605e-05,6.796963660067808e-10,6.262303586801465e-08,1
comprehension,own,neutral,0400,1,0,0,0,aQaQaQaQ,A,gemma-31b,google/gemma-4-31b-it,io-net,0,1.0,Io Net,A,3.28605e-05,0.9999999827421683,2.13745261934406e-06,1
comprehension,own,neutral,0400,1,0,1,0,aQaQaQaQ,A,gemma-31b,google/gemma-4-31b-it,io-net,0,1.0,Io Net,A,3.28605e-05,0.999999971546657,3.6655983981503937e-06,1
comprehension,own,neutral,0401,-1,0,0,0,rQaQaQaQaQ,B,gemma-31b,google/gemma-4-31b-it,io-net,0,1.0,Io Net,B,4.11635e-05,4.895669018262924e-10,1.0995006571867805e-08,1
comprehension,own,neutral,0401,-1,0,1,0,aQaQaQrQaQ,B,gemma-31b,google/gemma-4-31b-it,io-net,0,1.0,Io Net,B,3.53875e-05,7.235330240533039e-10,7.468080920336462e-08,1
comprehension,own,neutral,0401,1,0,0,0,aQrQaQaQaQ,A,gemma-31b,google/gemma-4-31b-it,io-net,0,1.0,Io Net,A,3.53875e-05,0.9999999807474913,2.4632796000734203e-06,1
comprehension,own,neutral,0401,1,0,1,0,aQrQaQaQaQ,A,gemma-31b,google/gemma-4-31b-it,io-net,0,1.0,Io Net,A,3.53875e-05,0.9999999451547845,6.802393148985786e-06,1
comprehension,own,neutral,0402,-1,0,0,0,aQaQaQrQrQaQ,B,gemma-31b,google/gemma-4-31b-it,io-net,0,1.0,Io Net,B,3.79145e-05,4.745045398778948e-10,7.025911208380364e-08,1
comprehension,own,neutral,0402,-1,0,1,0,aQrQaQrQaQaQ,B,gemma-31b,google/gemma-4-31b-it,io-net,0,1.0,Io Net,B,3.79145e-05,7.701968781214947e-10,5.28793859810861e-08,1
comprehension,own,neutral,0402,1,0,0,0,rQaQaQaQaQrQ,A,gemma-31b,google/gemma-4-31b-it,io-net,0,1.0,Io Net,A,3.79145e-05,0.9999999785222924,3.541657566774603e-06,1
comprehension,own,neutral,0402,1,0,1,0,rQaQaQrQaQaQ,A,gemma-31b,google/gemma-4-31b-it,io-net,0,1.0,Io Net,A,3.79145e-05,0.9999999052359964,1.0330989789530953e-05,1
comprehension,own,neutral,0410,-1,0,0,0,aQaQaQrPaQ,B,gemma-31b,google/gemma-4-31b-it,io-net,0,1.0,Io Net,B,3.53875e-05,3.3125754569925447e-10,4.0913139764953144e-08,1
comprehension,own,neutral,0410,-1,0,1,0,rPaQaQaQaQ,B,gemma-31b,google/gemma-4-31b-it,io-net,0,1.0,Io Net,B,3.53875e-05,4.895668961576947e-10,0.0,1
comprehension,own,neutral,0410,1,0,0,0,aQaQaQaQrP,A,gemma-31b,google/gemma-4-31b-it,io-net,0,1.0,Io Net,A,3.53875e-05,0.9999999804443317,1.2766922283802273e-06,1
comprehension,own,neutral,0410,1,0,1,0,aQaQaQaQrP,A,gemma-31b,google/gemma-4-31b-it,io-net,0,1.0,Io Net,A,3.53875e-05,0.9999999586006486,5.139464933523463e-06,1
comprehension,own,neutral,0411,-1,0,0,0,rQaQaQaQrPaQ,B,gemma-31b,google/gemma-4-31b-it,io-net,0,1.0,Io Net,B,3.79145e-05,4.895669102371159e-10,2.817513700126284e-08,1
comprehension,own,neutral,0411,-1,0,1,0,aQrPaQrQaQaQ,B,gemma-31b,google/gemma-4-31b-it,io-net,0,1.0,Io Net,B,3.79145e-05,4.599055671431551e-10,6.412063402461143e-08,1
comprehension,own,neutral,0411,1,0,0,0,aQrQaQaQaQrP,A,gemma-31b,google/gemma-4-31b-it,io-net,0,1.0,Io Net,A,3.79145e-05,0.9999999824703862,2.7519421403887634e-06,1
comprehension,own,neutral,0411,1,0,1,0,aQaQrPaQaQrQ,A,gemma-31b,google/gemma-4-31b-it,io-net,0,1.0,Io Net,A,3.79145e-05,0.9999999732705591,3.6171780846139256e-06,1
comprehension,own,neutral,0420,-1,0,0,0,rPaQaQrPaQaQ,B,gemma-31b,google/gemma-4-31b-it,io-net,0,1.0,Io Net,B,3.79145e-05,3.5262181445342e-10,1.9897332226292974e-08,1
comprehension,own,neutral,0420,-1,0,1,0,rPaQaQrPaQaQ,B,gemma-31b,google/gemma-4-31b-it,io-net,0,1.0,Io Net,B,3.79145e-05,3.695444731138427e-10,0.0,1
comprehension,own,neutral,0420,1,0,0,0,aQaQaQaQrPrP,A,gemma-31b,google/gemma-4-31b-it,io-net,0,1.0,Io Net,A,3.79145e-05,0.9999999791830773,2.341466767363798e-06,1
comprehension,own,neutral,0420,1,0,1,0,aQaQrPaQaQrP,A,gemma-31b,google/gemma-4-31b-it,io-net,0,1.0,Io Net,A,3.79145e-05,0.9999999667346866,5.132646811012442e-06,1
comprehension,own,neutral,0500,-1,0,0,0,aQaQaQaQaQ,B,gemma-31b,google/gemma-4-31b-it,io-net,0,1.0,Io Net,B,3.53875e-05,1.1032560894658846e-09,5.28793859810861e-08,1
comprehension,own,neutral,0500,-1,0,1,0,aQaQaQaQaQ,B,gemma-31b,google/gemma-4-31b-it,io-net,0,1.0,Io Net,B,3.53875e-05,5.13061745339754e-10,8.379851146322892e-08,1
comprehension,own,neutral,0500,1,0,0,0,aQaQaQaQaQ,A,gemma-31b,google/gemma-4-31b-it,io-net,0,1.0,Io Net,A,3.53875e-05,0.9999999778404961,6.380071258225037e-07,0
comprehension,own,neutral,0500,1,0,1,0,aQaQaQaQaQ,A,gemma-31b,google/gemma-4-31b-it,io-net,0,1.0,Io Net,A,3.53875e-05,0.9999999623054536,5.347854722503875e-06,1
comprehension,own,neutral,0501,-1,0,0,0,aQaQaQrQaQaQ,B,gemma-31b,google/gemma-4-31b-it,io-net,0,1.0,Io Net,B,3.79145e-05,5.723617075321914e-10,3.199642273354897e-08,1
comprehension,own,neutral,0501,-1,0,1,0,aQaQaQaQaQrQ,B,gemma-31b,google/gemma-4-31b-it,io-net,0,1.0,Io Net,B,3.79145e-05,6.286163473025895e-10,1.4615603616263684e-08,1
comprehension,own,neutral,0501,1,0,0,0,aQaQaQaQaQrQ,A,gemma-31b,google/gemma-4-31b-it,io-net,0,1.0,Io Net,A,3.79145e-05,0.9999999852385972,1.9416079780620876e-06,1
comprehension,own,neutral,0501,1,0,1,0,aQaQrQaQaQaQ,A,gemma-31b,google/gemma-4-31b-it,io-net,0,1.0,Io Net,A,3.79145e-05,0.9999999611088974,5.422975328794877e-06,1
comprehension,own,neutral,0510,-1,0,0,0,aQaQaQaQaQrP,B,gemma-31b,google/gemma-4-31b-it,io-net,0,1.0,Io Net,B,3.79145e-05,6.903999968008676e-10,1.9897332226292974e-08,1
comprehension,own,neutral,0510,-1,0,1,0,aQaQaQaQaQrP,B,gemma-31b,google/gemma-4-31b-it,io-net,0,1.0,Io Net,B,3.79145e-05,8.071594393061195e-10,1.0402581684942902e-07,1
comprehension,own,neutral,0510,1,0,0,0,aQaQaQrPaQaQ,A,gemma-31b,google/gemma-4-31b-it,io-net,0,1.0,Io Net,A,3.79145e-05,0.999999990762544,6.923923466795046e-07,1
comprehension,own,neutral,0510,1,0,1,0,rPaQaQaQaQaQ,A,gemma-31b,google/gemma-4-31b-it,io-net,0,1.0,Io Net,A,3.79145e-05,0.9999999697115509,4.4274682319267455e-06,1
comprehension,own,neutral,0600,-1,0,0,0,aQaQaQaQaQaQ,B,gemma-31b,google/gemma-4-31b-it,io-net,0,1.0,Io Net,B,3.79145e-05,6.691586131475368e-10,6.674100605508215e-09,1
comprehension,own,neutral,0600,-1,0,1,0,aQaQaQaQaQaQ,B,gemma-31b,google/gemma-4-31b-it,io-net,0,1.0,Io Net,B,3.79145e-05,9.146314686943932e-10,1.0267519034989903e-07,1
comprehension,own,neutral,0600,1,0,0,0,aQaQaQaQaQaQ,A,gemma-31b,google/gemma-4-31b-it,io-net,0,1.0,Io Net,A,3.79145e-05,0.9999999934496636,5.666895452893783e-07,1
comprehension,own,neutral,0600,1,0,1,0,aQaQaQaQaQaQ,A,gemma-31b,google/gemma-4-31b-it,io-net,0,1.0,Io Net,A,3.79145e-05,0.9999999559306157,5.236870760039203e-06,1
comprehension,own,neutral,1000,-1,0,0,0,aP,B,gemma-31b,google/gemma-4-31b-it,io-net,0,1.0,Io Net,B,3.10555e-05,4.388449216071602e-10,0.0,1
comprehension,own,neutral,1000,-1,0,1,0,aP,B,gemma-31b,google/gemma-4-31b-it,io-net,0,1.0,Io Net,B,4.26075e-05,1.3307809098836185e-09,8.460117573161341e-08,1
comprehension,own,neutral,1000,1,0,0,0,aP,A,gemma-31b,google/gemma-4-31b-it,io-net,0,1.0,Io Net,A,3.68315e-05,0.9999999645892068,6.585251614010801e-06,1
comprehension,own,neutral,1000,1,0,1,0,aP,A,gemma-31b,google/gemma-4-31b-it,io-net,0,1.0,Io Net,A,3.68315e-05,0.9999998975354929,2.1712361460535234e-05,1
comprehension,own,neutral,1001,-1,0,0,0,aPrQ,B,gemma-31b,google/gemma-4-31b-it,io-net,0,1.0,Io Net,B,3.35825e-05,6.485707969794434e-10,5.28793859810861e-08,1
comprehension,own,neutral,1001,-1,0,1,0,rQaP,B,gemma-31b,google/gemma-4-31b-it,io-net,0,1.0,Io Net,B,3.35825e-05,8.071593486333799e-10,0.0,1
comprehension,own,neutral,1001,1,0,0,0,aPrQ,A,gemma-31b,google/gemma-4-31b-it,io-net,0,1.0,Io Net,A,3.35825e-05,0.9999999067051517,1.249814555270845e-05,1
comprehension,own,neutral,1001,1,0,1,0,aPrQ,A,gemma-31b,google/gemma-4-31b-it,io-net,0,1.0,Io Net,A,3.35825e-05,0.9999999317439383,1.1920786961328034e-05,1
comprehension,own,neutral,1002,-1,0,0,0,rQrQaP,B,gemma-31b,google/gemma-4-31b-it,io-net,0,1.0,Io Net,B,3.61095e-05,6.796963636606616e-10,5.917131939980891e-08,1
comprehension,own,neutral,1002,-1,0,1,0,aPrQrQ,B,gemma-31b,google/gemma-4-31b-it,io-net,0,1.0,Io Net,B,3.61095e-05,7.349269709987073e-10,1.9897332226292974e-08,1
comprehension,own,neutral,1002,1,0,0,0,aPrQrQ,A,gemma-31b,google/gemma-4-31b-it,io-net,0,1.0,Io Net,A,3.61095e-05,0.9999999552365985,7.713935063602406e-06,1
comprehension,own,neutral,1002,1,0,1,0,rQrQaP,A,gemma-31b,google/gemma-4-31b-it,io-net,0,1.0,Io Net,A,3.61095e-05,0.9999999476662711,7.920628371738125e-06,1
comprehension,own,neutral,1003,-1,0,0,0,rQrQrQaP,B,gemma-31b,google/gemma-4-31b-it,io-net,0,1.0,Io Net,B,3.28605e-05,5.905304060385635e-10,1.0995006571867805e-08,1
comprehension,own,neutral,1003,-1,0,1,0,rQaPrQrQ,B,gemma-31b,google/gemma-4-31b-it,io-net,0,1.0,Io Net,B,3.28605e-05,7.823256947762686e-10,2.817513700126284e-08,1
comprehension,own,neutral,1003,1,0,0,0,rQaPrQrQ,A,gemma-31b,google/gemma-4-31b-it,io-net,0,1.0,Io Net,A,3.86365e-05,0.9999999442910312,8.000449885914307e-06,1
comprehension,own,neutral,1003,1,0,1,0,rQrQrQaP,A,gemma-31b,google/gemma-4-31b-it,io-net,0,1.0,Io Net,A,3.28605e-05,0.9999999284683445,1.0763361733889809e-05,1
comprehension,own,neutral,1004,-1,0,0,0,aPrQrQrQrQ,B,gemma-31b,google/gemma-4-31b-it,io-net,0,1.0,Io Net,B,3.53875e-05,3.995728767254843e-10,5.28793859810861e-08,1
comprehension,own,neutral,1004,-1,0,1,0,rQaPrQrQrQ,B,gemma-31b,google/gemma-4-31b-it,io-net,0,1.0,Io Net,B,3.53875e-05,8.458957539211092e-10,1.4615603616263684e-08,1
comprehension,own,neutral,1004,1,0,0,0,rQrQaPrQrQ,A,gemma-31b,google/gemma-4-31b-it,io-net,0,1.0,Io Net,A,3.53875e-05,0.9999999572864987,6.893247440520334e-06,1
comprehension,own,neutral,1004,1,0,1,0,rQrQrQrQaP,A,gemma-31b,google/gemma-4-31b-it,io-net,0,1.0,Io Net,A,3.53875e-05,0.999999925035432,1.1257268110131946e-05,1
comprehension,own,neutral,1005,-1,0,0,0,aPrQrQrQrQrQ,B,gemma-31b,google/gemma-4-31b-it,io-net,0,1.0,Io Net,B,3.79145e-05,1.1032560622107707e-09,2.817513700126284e-08,1
comprehension,own,neutral,1005,-1,0,1,0,rQrQrQrQaPrQ,B,gemma-31b,google/gemma-4-31b-it,io-net,0,1.0,Io Net,B,3.79145e-05,5.998299505997772e-10,8.405057627669521e-08,1
comprehension,own,neutral,1005,1,0,0,0,rQrQrQrQrQaP,A,gemma-31b,google/gemma-4-31b-it,io-net,0,1.0,Io Net,A,3.79145e-05,0.9999999559305618,8.367532568276381e-06,1
comprehension,own,neutral,1005,1,0,1,0,rQrQrQrQaPrQ,A,gemma-31b,google/gemma-4-31b-it,io-net,0,1.0,Io Net,A,3.79145e-05,0.9999998959219342,1.3868995540788909e-05,1
comprehension,own,neutral,1010,-1,0,0,0,rPaP,B,gemma-31b,google/gemma-4-31b-it,io-net,0,1.0,Io Net,B,3.35825e-05,5.051074234811881e-10,1.0995006571867805e-08,1
comprehension,own,neutral,1010,-1,0,1,0,rPaP,B,gemma-31b,google/gemma-4-31b-it,io-net,0,1.0,Io Net,B,3.35825e-05,6.90399977326675e-10,0.0,1
comprehension,own,neutral,1010,1,0,0,0,aPrP,A,gemma-31b,google/gemma-4-31b-it,io-net,0,1.0,Io Net,A,3.35825e-05,0.9999998991241142,1.924404490394327e-05,1
comprehension,own,neutral,1010,1,0,1,0,aPrP,A,gemma-31b,google/gemma-4-31b-it,io-net,0,1.0,Io Net,A,3.35825e-05,0.9999999202005989,1.168547389940322e-05,1
comprehension,own,neutral,1011,-1,0,0,0,rQaPrP,B,gemma-31b,google/gemma-4-31b-it,io-net,0,1.0,Io Net,B,3.61095e-05,4.457557500572703e-10,4.0913139764953144e-08,1
comprehension,own,neutral,1011,-1,0,1,0,aPrPrQ,B,gemma-31b,google/gemma-4-31b-it,io-net,0,1.0,Io Net,B,3.61095e-05,9.736200410579793e-10,1.0995006571867805e-08,1
comprehension,own,neutral,1011,1,0,0,0,rPrQaP,A,gemma-31b,google/gemma-4-31b-it,io-net,0,1.0,Io Net,A,3.61095e-05,0.9999999214378075,1.1258423817661622e-05,1
comprehension,own,neutral,1011,1,0,1,0,rPrQaP,A,gemma-31b,google/gemma-4-31b-it,io-net,0,1.0,Io Net,A,3.61095e-05,0.9999999238549491,8.862320350799813e-06,1
comprehension,own,neutral,1012,-1,0,0,0,aPrQrQrP,B,gemma-31b,google/gemma-4-31b-it,io-net,0,1.0,Io Net,B,3.86365e-05,4.89566882975158e-10,0.0,1
comprehension,own,neutral,1012,-1,0,1,0,rQaPrQrP,B,gemma-31b,google/gemma-4-31b-it,io-net,0,1.0,Io Net,B,3.86365e-05,6.691586275351409e-10,2.817513700126284e-08,1
comprehension,own,neutral,1012,1,0,0,0,rQrQrPaP,A,gemma-31b,google/gemma-4-31b-it,io-net,0,1.0,Io Net,A,3.28605e-05,0.9999999451546911,1.0410509259983769e-05,1
comprehension,own,neutral,1012,1,0,1,0,aPrQrQrP,A,gemma-31b,google/gemma-4-31b-it,io-net,0,1.0,Io Net,A,3.28605e-05,0.9999999358793874,1.1552848214635425e-05,1
comprehension,own,neutral,1013,-1,0,0,0,rPrQrQrQaP,B,gemma-31b,google/gemma-4-31b-it,io-net,0,1.0,Io Net,B,3.53875e-05,5.376840476222653e-10,1.8155554837306909e-10,1
comprehension,own,neutral,1013,-1,0,1,0,rPrQrQrQaP,B,gemma-31b,google/gemma-4-31b-it,io-net,0,1.0,Io Net,B,3.53875e-05,4.972764785963964e-10,5.095324162596171e-08,1
comprehension,own,neutral,1013,1,0,0,0,aPrQrQrPrQ,A,gemma-31b,google/gemma-4-31b-it,io-net,0,1.0,Io Net,A,3.53875e-05,0.9999999692345856,6.067278548460564e-06,1
comprehension,own,neutral,1013,1,0,1,0,rPrQaPrQrQ,A,gemma-31b,google/gemma-4-31b-it,io-net,0,1.0,Io Net,A,3.53875e-05,0.9999999500628203,9.558150605659677e-06,1
comprehension,own,neutral,1014,-1,0,0,0,rQrPaPrQrQrQ,B,gemma-31b,google/gemma-4-31b-it,io-net,0,1.0,Io Net,B,3.79145e-05,7.582560328800388e-10,0.0,1
comprehension,own,neutral,1014,-1,0,1,0,rPrQrQaPrQrQ,B,gemma-31b,google/gemma-4-31b-it,io-net,0,1.0,Io Net,B,3.79145e-05,5.547519940381647e-10,4.0913139764953144e-08,1
comprehension,own,neutral,1014,1,0,0,0,aPrQrQrQrQrP,A,gemma-31b,google/gemma-4-31b-it,io-net,0,1.0,Io Net,A,3.79145e-05,0.9999999651382002,4.680706696902348e-06,1
comprehension,own,neutral,1014,1,0,1,0,rPrQaPrQrQrQ,A,gemma-31b,google/gemma-4-31b-it,io-net,0,1.0,Io Net,A,3.79145e-05,0.9999999273418534,7.383538779381915e-06,1
comprehension,own,neutral,1020,-1,0,0,0,aPrPrP,B,gemma-31b,google/gemma-4-31b-it,io-net,0,1.0,Io Net,B,3.61095e-05,2.9693733863880306e-10,1.9897332226292974e-08,1
comprehension,own,neutral,1020,-1,0,1,0,rPaPrP,B,gemma-31b,google/gemma-4-31b-it,io-net,0,1.0,Io Net,B,3.61095e-05,9.889523887057817e-10,7.468080920336462e-08,1
comprehension,own,neutral,1020,1,0,0,0,aPrPrP,A,gemma-31b,google/gemma-4-31b-it,io-net,0,1.0,Io Net,A,3.61095e-05,0.9999999434137765,9.311728959904286e-06,1
comprehension,own,neutral,1020,1,0,1,0,rPrPaP,A,gemma-31b,google/gemma-4-31b-it,io-net,0,1.0,Io Net,A,3.61095e-05,0.9999999701811372,4.179818351657261e-06,1
comprehension,own,neutral,1021,-1,0,0,0,rQrPaPrP,B,gemma-31b,google/gemma-4-31b-it,io-net,0,1.0,Io Net,B,3.28605e-05,5.905304307725643e-10,5.28793859810861e-08,1
comprehension,own,neutral,1021,-1,0,1,0,aPrPrPrQ,B,gemma-31b,google/gemma-4-31b-it,io-net,0,1.0,Io Net,B,3.28605e-05,7.349269559465749e-10,0.0,1
comprehension,own,neutral,1021,1,0,0,0,rPaPrPrQ,A,gemma-31b,google/gemma-4-31b-it,io-net,0,1.0,Io Net,A,3.86365e-05,0.9999999697115781,5.4390682208138585e-06,1
comprehension,own,neutral,1021,1,0,1,0,rPrQaPrP,A,gemma-31b,google/gemma-4-31b-it,io-net,0,1.0,Io Net,A,3.86365e-05,0.9999999572864698,7.571262803152123e-06,1
comprehension,own,neutral,1022,-1,0,0,0,aPrPrQrQrP,B,gemma-31b,google/gemma-4-31b-it,io-net,0,1.0,Io Net,B,3.53875e-05,4.972764533488311e-10,1.8155554837306909e-10,1
comprehension,own,neutral,1022,-1,0,1,0,rQrPrQrPaP,B,gemma-31b,google/gemma-4-31b-it,io-net,0,1.0,Io Net,B,3.53875e-05,4.457557443792322e-10,2.817513700126284e-08,1
comprehension,own,neutral,1022,1,0,0,0,rPrQaPrQrP,A,gemma-31b,google/gemma-4-31b-it,io-net,0,1.0,Io Net,A,3.53875e-05,0.9999999559306264,4.994406803904283e-06,1
comprehension,own,neutral,1022,1,0,1,0,rPrQaPrPrQ,A,gemma-31b,google/gemma-4-31b-it,io-net,0,1.0,Io Net,A,3.53875e-05,0.9999999572865097,4.728857827540622e-06,1
comprehension,own,neutral,1023,-1,0,0,0,rQrQrQrPrPaP,B,gemma-31b,google/gemma-4-31b-it,io-net,0,1.0,Io Net,B,3.79145e-05,4.4575575487690997e-10,5.1725427385740375e-08,1
comprehension,own,neutral,1023,-1,0,1,0,rQrQrQrPaPrP,B,gemma-31b,google/gemma-4-31b-it,io-net,0,1.0,Io Net,B,3.79145e-05,7.823257384890641e-10,8.405057627669521e-08,1
comprehension,own,neutral,1023,1,0,0,0,aPrQrQrPrQrP,A,gemma-31b,google/gemma-4-31b-it,io-net,0,1.0,Io Net,A,3.79145e-05,0.9999999468421912,6.859002068648756e-06,1
comprehension,own,neutral,1023,1,0,1,0,rPaPrPrQrQrQ,A,gemma-31b,google/gemma-4-31b-it,io-net,0,1.0,Io Net,A,3.79145e-05,0.9999999397643066,8.84958245739309e-06,1
comprehension,own,neutral,1030,-1,0,0,0,rPrPaPrP,B,gemma-31b,google/gemma-4-31b-it,io-net,0,1.0,Io Net,B,3.86365e-05,5.905304161839531e-10,2.817513700126284e-08,1
comprehension,own,neutral,1030,-1,0,1,0,rPaPrPrP,B,gemma-31b,google/gemma-4-31b-it,io-net,0,1.0,Io Net,B,3.28605e-05,1.0861517128819158e-09,7.468080920336462e-08,1
comprehension,own,neutral,1030,1,0,0,0,aPrPrPrP,A,gemma-31b,google/gemma-4-31b-it,io-net,0,1.0,Io Net,A,3.28605e-05,0.9999999150540025,1.1423116244801967e-05,1
comprehension,own,neutral,1030,1,0,1,0,rPaPrPrP,A,gemma-31b,google/gemma-4-31b-it,io-net,0,1.0,Io Net,A,3.86365e-05,0.9999999037435914,1.5071864225890685e-05,1
comprehension,own,neutral,1031,-1,0,0,0,rPrQrPrPaP,B,gemma-31b,google/gemma-4-31b-it,io-net,0,1.0,Io Net,B,3.53875e-05,3.695444862887507e-10,1.3492262196379556e-08,1
comprehension,own,neutral,1031,-1,0,1,0,rPrPrPrQaP,B,gemma-31b,google/gemma-4-31b-it,io-net,0,1.0,Io Net,B,3.53875e-05,9.004514058406489e-10,8.460117573161341e-08,1
comprehension,own,neutral,1031,1,0,0,0,rQrPaPrPrP,A,gemma-31b,google/gemma-4-31b-it,io-net,0,1.0,Io Net,A,4.11635e-05,0.9999999442910288,9.952296435078445e-06,1
comprehension,own,neutral,1031,1,0,1,0,rPaPrPrQrP,A,gemma-31b,google/gemma-4-31b-it,io-net,0,1.0,Io Net,A,3.53875e-05,0.9999999476662986,5.486698236745191e-06,1
comprehension,own,neutral,1032,-1,0,0,0,rPrQrPrQaPrP,B,gemma-31b,google/gemma-4-31b-it,io-net,0,1.0,Io Net,B,3.79145e-05,4.1874877945017886e-10,5.28793859810861e-08,1
comprehension,own,neutral,1032,-1,0,1,0,aPrQrPrQrPrP,B,gemma-31b,google/gemma-4-31b-it,io-net,0,1.0,Io Net,B,3.79145e-05,4.2534310810742513e-10,4.0913139764953144e-08,1
comprehension,own,neutral,1032,1,0,0,0,rQaPrQrPrPrP,A,gemma-31b,google/gemma-4-31b-it,io-net,0,1.0,Io Net,A,3.79145e-05,0.99999998247039,4.445366666661066e-06,1
comprehension,own,neutral,1032,1,0,1,0,rPrQrPrPaPrQ,A,gemma-31b,google/gemma-4-31b-it,io-net,0,1.0,Io Net,A,3.79145e-05,0.9999999651382094,4.418234486491812e-06,1
comprehension,own,neutral,1040,-1,0,0,0,rPrPaPrPrP,B,gemma-31b,google/gemma-4-31b-it,io-net,0,1.0,Io Net,B,3.53875e-05,3.933780637445673e-10,2.817513700126284e-08,1
comprehension,own,neutral,1040,-1,0,1,0,rPrPrPaPrP,B,gemma-31b,google/gemma-4-31b-it,io-net,0,1.0,Io Net,B,3.53875e-05,6.48570808251427e-10,7.025911208380364e-08,1
comprehension,own,neutral,1040,1,0,0,0,aPrPrPrPrP,A,gemma-31b,google/gemma-4-31b-it,io-net,0,1.0,Io Net,A,3.53875e-05,0.9999999623054545,5.324263666839357e-06,1
comprehension,own,neutral,1040,1,0,1,0,rPrPaPrPrP,A,gemma-31b,google/gemma-4-31b-it,io-net,0,1.0,Io Net,A,3.53875e-05,0.999999971098601,4.919122913671359e-06,1
comprehension,own,neutral,1041,-1,0,0,0,aPrQrPrPrPrP,B,gemma-31b,google/gemma-4-31b-it,io-net,0,1.0,Io Net,B,3.79145e-05,5.547519940381647e-10,4.0913139764953144e-08,1
comprehension,own,neutral,1041,-1,0,1,0,rPrPaPrPrPrQ,B,gemma-31b,google/gemma-4-31b-it,io-net,0,1.0,Io Net,B,3.79145e-05,4.819768612229574e-10,0.0,1
comprehension,own,neutral,1041,1,0,0,0,aPrPrPrPrQrP,A,gemma-31b,google/gemma-4-31b-it,io-net,0,1.0,Io Net,A,3.79145e-05,0.9999999037435751,9.520117413952534e-06,1
comprehension,own,neutral,1041,1,0,1,0,rQrPrPrPrPaP,A,gemma-31b,google/gemma-4-31b-it,io-net,0,1.0,Io Net,A,3.79145e-05,0.9999999634651997,7.067940526517269e-06,1
comprehension,own,neutral,1050,-1,0,0,0,rPrPrPaPrPrP,B,gemma-31b,google/gemma-4-31b-it,io-net,0,1.0,Io Net,B,3.79145e-05,5.905303928367303e-10,0.0,1
comprehension,own,neutral,1050,-1,0,1,0,rPrPrPaPrPrP,B,gemma-31b,google/gemma-4-31b-it,io-net,0,1.0,Io Net,B,3.79145e-05,3.581748230048292e-10,8.405057627669521e-08,1
comprehension,own,neutral,1050,1,0,0,0,aPrPrPrPrPrP,A,gemma-31b,google/gemma-4-31b-it,io-net,0,1.0,Io Net,A,3.79145e-05,0.9999999827421753,1.73329099362185e-06,1
comprehension,own,neutral,1050,1,0,1,0,rPrPrPrPaPrP,A,gemma-31b,google/gemma-4-31b-it,io-net,0,1.0,Io Net,A,3.79145e-05,0.9999999358793485,1.02520734195366e-05,1
comprehension,own,neutral,1100,-1,0,0,0,aPaQ,B,gemma-31b,google/gemma-4-31b-it,io-net,0,1.0,Io Net,B,3.35825e-05,7.582560618508173e-10,2.589439085376455e-08,1
comprehension,own,neutral,1100,-1,0,1,0,aPaQ,B,gemma-31b,google/gemma-4-31b-it,io-net,0,1.0,Io Net,B,3.35825e-05,5.051074446373001e-10,5.28793859810861e-08,1
comprehension,own,neutral,1100,1,0,0,0,aPaQ,A,gemma-31b,google/gemma-4-31b-it,io-net,0,1.0,Io Net,A,3.35825e-05,0.9999999468421858,1.0775270054552699e-05,1
comprehension,own,neutral,1100,1,0,1,0,aQaP,A,gemma-31b,google/gemma-4-31b-it,io-net,0,1.0,Io Net,A,3.35825e-05,0.9999999460050846,1.0545394224070748e-05,1
comprehension,own,neutral,1101,-1,0,0,0,aPaQrQ,B,gemma-31b,google/gemma-4-31b-it,io-net,0,1.0,Io Net,B,3.61095e-05,6.286163473025895e-10,1.4615603616263684e-08,1
comprehension,own,neutral,1101,-1,0,1,0,aQaPrQ,B,gemma-31b,google/gemma-4-31b-it,io-net,0,1.0,Io Net,B,3.61095e-05,6.3851562528807e-10,3.17516808401308e-08,1
comprehension,own,neutral,1101,1,0,0,0,rQaQaP,A,gemma-31b,google/gemma-4-31b-it,io-net,0,1.0,Io Net,A,3.61095e-05,0.9999999656787205,5.475286667500079e-06,1
comprehension,own,neutral,1101,1,0,1,0,rQaQaP,A,gemma-31b,google/gemma-4-31b-it,io-net,0,1.0,Io Net,A,3.61095e-05,0.9999999559305681,6.317467727945392e-06,1
comprehension,own,neutral,1102,-1,0,0,0,rQaQrQaP,B,gemma-31b,google/gemma-4-31b-it,io-net,0,1.0,Io Net,B,3.28605e-05,3.2612184866508753e-10,0.0,1
comprehension,own,neutral,1102,-1,0,1,0,rQaQaPrQ,B,gemma-31b,google/gemma-4-31b-it,io-net,0,1.0,Io Net,B,3.86365e-05,1.120629793060788e-09,6.674100605508215e-09,1
comprehension,own,neutral,1102,1,0,0,0,aPrQaQrQ,A,gemma-31b,google/gemma-4-31b-it,io-net,0,1.0,Io Net,A,3.28605e-05,0.9999999484776549,7.4426438007035856e-06,1
comprehension,own,neutral,1102,1,0,1,0,aQrQaPrQ,A,gemma-31b,google/gemma-4-31b-it,io-net,0,1.0,Io Net,A,3.28605e-05,0.999999906705146,1.0651525080951352e-05,1
comprehension,own,neutral,1103,-1,0,0,0,aPaQrQrQrQ,B,gemma-31b,google/gemma-4-31b-it,io-net,0,1.0,Io Net,B,3.53875e-05,5.90530401344521e-10,3.046148444596497e-09,1
comprehension,own,neutral,1103,-1,0,1,0,rQaPrQrQaQ,B,gemma-31b,google/gemma-4-31b-it,io-net,0,1.0,Io Net,B,3.53875e-05,4.3204129259027483e-10,5.28793859810861e-08,1
comprehension,own,neutral,1103,1,0,0,0,rQrQrQaPaQ,A,gemma-31b,google/gemma-4-31b-it,io-net,0,1.0,Io Net,A,3.53875e-05,0.9999999566138215,7.759535995854883e-06,1
comprehension,own,neutral,1103,1,0,1,0,rQaPrQrQaQ,A,gemma-31b,google/gemma-4-31b-it,io-net,0,1.0,Io Net,A,4.11635e-05,0.9999999406981432,7.470018679955892e-06,1
comprehension,own,neutral,1104,-1,0,0,0,rQrQrQrQaQaP,B,gemma-31b,google/gemma-4-31b-it,io-net,0,1.0,Io Net,B,3.79145e-05,4.895669119880735e-10,3.17516808401308e-08,1
comprehension,own,neutral,1104,-1,0,1,0,rQaQrQrQaPrQ,B,gemma-31b,google/gemma-4-31b-it,io-net,0,1.0,Io Net,B,3.79145e-05,5.376840700348196e-10,4.1865056310541604e-08,1
comprehension,own,neutral,1104,1,0,0,0,rQrQaQrQrQaP,A,gemma-31b,google/gemma-4-31b-it,io-net,0,1.0,Io Net,A,3.79145e-05,0.9999999656787317,7.0547982764512795e-06,1
comprehension,own,neutral,1104,1,0,1,0,aQrQrQaPrQrQ,A,gemma-31b,google/gemma-4-31b-it,io-net,0,1.0,Io Net,A,3.79145e-05,0.9999999338440185,9.074436916112205e-06,1
comprehension,own,neutral,1110,-1,0,0,0,aQaPrP,B,gemma-31b,google/gemma-4-31b-it,io-net,0,1.0,Io Net,B,3.61095e-05,6.28616382281011e-10,7.025911208380364e-08,1
comprehension,own,neutral,1110,-1,0,1,0,rPaQaP,B,gemma-31b,google/gemma-4-31b-it,io-net,0,1.0,Io Net,B,3.61095e-05,3.312575407307883e-10,2.59143386749372e-08,1
comprehension,own,neutral,1110,1,0,0,0,aQaPrP,A,gemma-31b,google/gemma-4-31b-it,io-net,0,1.0,Io Net,A,3.61095e-05,0.9999999788552798,5.145869966916017e-06,1
comprehension,own,neutral,1110,1,0,1,0,aQaPrP,A,gemma-31b,google/gemma-4-31b-it,io-net,0,1.0,Io Net,A,3.61095e-05,0.9999999425227132,8.614742608270554e-06,1
comprehension,own,neutral,1111,-1,0,0,0,rQrPaQaP,B,gemma-31b,google/gemma-4-31b-it,io-net,0,1.0,Io Net,B,3.86365e-05,5.723616955117848e-10,1.0995006571867805e-08,1
comprehension,own,neutral,1111,-1,0,1,0,aQrQaPrP,B,gemma-31b,google/gemma-4-31b-it,io-net,0,1.0,Io Net,B,3.28605e-05,5.211412588865865e-10,1.9897332226292974e-08,1
comprehension,own,neutral,1111,1,0,0,0,rQaPaQrP,A,gemma-31b,google/gemma-4-31b-it,io-net,0,1.0,Io Net,A,3.86365e-05,0.9999999824704142,3.0648235019858916e-06,1
comprehension,own,neutral,1111,1,0,1,0,rPaPaQrQ,A,gemma-31b,google/gemma-4-31b-it,io-net,0,1.0,Io Net,A,3.28605e-05,0.9999999348695966,8.323737184068314e-06,1
comprehension,own,neutral,1112,-1,0,0,0,rQrQaPaQrP,B,gemma-31b,google/gemma-4-31b-it,io-net,0,1.0,Io Net,B,3.53875e-05,7.34926964456148e-10,1.0995006571867805e-08,1
comprehension,own,neutral,1112,-1,0,1,0,rPaQaPrQrQ,B,gemma-31b,google/gemma-4-31b-it,io-net,0,1.0,Io Net,B,3.53875e-05,4.972764740770554e-10,4.1865056310541604e-08,1
comprehension,own,neutral,1112,1,0,0,0,rQrPrQaQaP,A,gemma-31b,google/gemma-4-31b-it,io-net,0,1.0,Io Net,A,4.11635e-05,0.9999999530883481,7.926336767272169e-06,1
comprehension,own,neutral,1112,1,0,1,0,aPrQrQaQrP,A,gemma-31b,google/gemma-4-31b-it,io-net,0,1.0,Io Net,A,4.11635e-05,0.99999995523662,7.232222531849963e-06,1
comprehension,own,neutral,1113,-1,0,0,0,rPaPrQrQaQrQ,B,gemma-31b,google/gemma-4-31b-it,io-net,0,1.0,Io Net,B,3.79145e-05,3.0161343465312476e-10,6.412063402461143e-08,1
comprehension,own,neutral,1113,-1,0,1,0,rPrQaPrQaQrQ,B,gemma-31b,google/gemma-4-31b-it,io-net,0,1.0,Io Net,B,3.79145e-05,4.527754014877023e-10,8.460117573161341e-08,1
comprehension,own,neutral,1113,1,0,0,0,rPrQaQaPrQrQ,A,gemma-31b,google/gemma-4-31b-it,io-net,0,1.0,Io Net,A,3.79145e-05,0.9999999885038028,2.387281671345498e-06,1
comprehension,own,neutral,1113,1,0,1,0,rPaQrQrQrQaP,A,gemma-31b,google/gemma-4-31b-it,io-net,0,1.0,Io Net,A,3.79145e-05,0.9999999628898338,7.783185349996558e-06,1
comprehension,own,neutral,1120,-1,0,0,0,aQaPrPrP,B,gemma-31b,google/gemma-4-31b-it,io-net,0,1.0,Io Net,B,3.28605e-05,5.376840393607691e-10,0.0,1
comprehension,own,neutral,1120,-1,0,1,0,aPrPaQrP,B,gemma-31b,google/gemma-4-31b-it,io-net,0,1.0,Io Net,B,3.86365e-05,2.746221611498779e-10,7.780989819128337e-08,1
comprehension,own,neutral,1120,1,0,0,0,rPrPaPaQ,A,gemma-31b,google/gemma-4-31b-it,io-net,0,1.0,Io Net,A,3.28605e-05,0.9999999425226498,9.71758896872732e-06,1
comprehension,own,neutral,1120,1,0,1,0,aPrPaQrP,A,gemma-31b,google/gemma-4-31b-it,io-net,0,1.0,Io Net,A,3.28605e-05,0.9999999273418281,9.639323726440274e-06,1
comprehension,own,neutral,1121,-1,0,0,0,rPrPaQrQaP,B,gemma-31b,google/gemma-4-31b-it,io-net,0,1.0,Io Net,B,3.53875e-05,7.582560823123545e-10,5.28793859810861e-08,1
comprehension,own,neutral,1121,-1,0,1,0,rPrQaPrPaQ,B,gemma-31b,google/gemma-4-31b-it,io-net,0,1.0,Io Net,B,3.53875e-05,4.599055217372756e-10,0.0,1
comprehension,own,neutral,1121,1,0,0,0,aQrQaPrPrP,A,gemma-31b,google/gemma-4-31b-it,io-net,0,1.0,Io Net,A,3.53875e-05,0.9999999416175198,7.699592228238572e-06,1
comprehension,own,neutral,1121,1,0,1,0,rPrQaPrPaQ,A,gemma-31b,google/gemma-4-31b-it,io-net,0,1.0,Io Net,A,3.53875e-05,0.9999999572864664,7.650835664896327e-06,1
comprehension,own,neutral,1122,-1,0,0,0,rQrQaQrPaPrP,B,gemma-31b,google/gemma-4-31b-it,io-net,0,1.0,Io Net,B,3.79145e-05,6.092758978576334e-10,8.405057627669521e-08,1
comprehension,own,neutral,1122,-1,0,1,0,rQrPrPrQaQaP,B,gemma-31b,google/gemma-4-31b-it,io-net,0,1.0,Io Net,B,3.79145e-05,5.211412441866946e-10,0.0,1
comprehension,own,neutral,1122,1,0,0,0,rPaPrQrQaQrP,A,gemma-31b,google/gemma-4-31b-it,io-net,0,1.0,Io Net,A,3.79145e-05,0.9999999788552861,2.940732371059518e-06,1
comprehension,own,neutral,1122,1,0,1,0,rQaPrPrPrQaQ,A,gemma-31b,google/gemma-4-31b-it,io-net,0,1.0,Io Net,A,3.79145e-05,0.9999999592424952,6.823056811655626e-06,1
comprehension,own,neutral,1130,-1,0,0,0,aQrPrPaPrP,B,gemma-31b,google/gemma-4-31b-it,io-net,0,1.0,Io Net,B,3.53875e-05,4.745045240378274e-10,3.6876782738559655e-08,1
comprehension,own,neutral,1130,-1,0,1,0,rPrPaQrPaP,B,gemma-31b,google/gemma-4-31b-it,io-net,0,1.0,Io Net,B,3.53875e-05,8.592166963324103e-10,4.0913139764953144e-08,1
comprehension,own,neutral,1130,1,0,0,0,rPaPaQrPrP,A,gemma-31b,google/gemma-4-31b-it,io-net,0,1.0,Io Net,A,3.53875e-05,0.9999999545316529,1.016085957084023e-05,1
comprehension,own,neutral,1130,1,0,1,0,rPrPaQaPrP,A,gemma-31b,google/gemma-4-31b-it,io-net,0,1.0,Io Net,A,3.53875e-05,0.9999999651382632,4.781840695744499e-06,1
comprehension,own,neutral,1131,-1,0,0,0,aPrPrPrQrPaQ,B,gemma-31b,google/gemma-4-31b-it,io-net,0,1.0,Io Net,B,3.79145e-05,4.058652409985742e-10,7.025911208380364e-08,1
comprehension,own,neutral,1131,-1,0,1,0,aPaQrQrPrPrP,B,gemma-31b,google/gemma-4-31b-it,io-net,0,1.0,Io Net,B,3.79145e-05,7.123156251287162e-10,0.0,1
comprehension,own,neutral,1131,1,0,0,0,rQrPrPaQrPaP,A,gemma-31b,google/gemma-4-31b-it,io-net,0,1.0,Io Net,A,3.79145e-05,0.9999999719877838,5.619549300450721e-06,1
comprehension,own,neutral,1131,1,0,1,0,rPaQrQaPrPrP,A,gemma-31b,google/gemma-4-31b-it,io-net,0,1.0,Io Net,A,3.79145e-05,0.9999999682580073,3.5036080325845376e-06,1
comprehension,own,neutral,1140,-1,0,0,0,rPrPrPaQaPrP,B,gemma-31b,google/gemma-4-31b-it,io-net,0,1.0,Io Net,B,3.79145e-05,4.1874877945017886e-10,5.28793859810861e-08,1
comprehension,own,neutral,1140,-1,0,1,0,aQrPrPaPrPrP,B,gemma-31b,google/gemma-4-31b-it,io-net,0,1.0,Io Net,B,3.79145e-05,6.904000187749855e-10,5.1725427385740375e-08,1
comprehension,own,neutral,1140,1,0,0,0,rPaPrPrPrPaQ,A,gemma-31b,google/gemma-4-31b-it,io-net,0,1.0,Io Net,A,3.79145e-05,0.9999999645892329,5.847894448129942e-06,1
comprehension,own,neutral,1140,1,0,1,0,rPaQrPrPrPaP,A,gemma-31b,google/gemma-4-31b-it,io-net,0,1.0,Io Net,A,3.79145e-05,0.9999999706434428,3.944027030078345e-06,1
comprehension,own,neutral,1200,-1,0,0,0,aPaQaQ,B,gemma-31b,google/gemma-4-31b-it,io-net,0,1.0,Io Net,B,3.61095e-05,1.1562024061922647e-09,1.0995006571867805e-08,1
comprehension,own,neutral,1200,-1,0,1,0,aQaPaQ,B,gemma-31b,google/gemma-4-31b-it,io-net,0,1.0,Io Net,B,3.03335e-05,4.972764740770554e-10,4.1865056310541604e-08,1
comprehension,own,neutral,1200,1,0,0,0,aQaPaQ,A,gemma-31b,google/gemma-4-31b-it,io-net,0,1.0,Io Net,A,3.61095e-05,0.9999999662108134,5.743512993428013e-06,1
comprehension,own,neutral,1200,1,0,1,0,aQaPaQ,A,gemma-31b,google/gemma-4-31b-it,io-net,0,1.0,Io Net,A,3.61095e-05,0.9999998024947663,2.710068189193393e-05,1
comprehension,own,neutral,1201,-1,0,0,0,aQaQaPrQ,B,gemma-31b,google/gemma-4-31b-it,io-net,0,1.0,Io Net,B,3.28605e-05,7.946455766663952e-10,8.460117573161341e-08,1
comprehension,own,neutral,1201,-1,0,1,0,aPrQaQaQ,B,gemma-31b,google/gemma-4-31b-it,io-net,0,1.0,Io Net,B,3.28605e-05,6.69158652880386e-10,6.605142277571474e-08,1
comprehension,own,neutral,1201,1,0,0,0,aQrQaPaQ,A,gemma-31b,google/gemma-4-31b-it,io-net,0,1.0,Io Net,A,3.28605e-05,0.9999999397642447,7.97177374478597e-06,1
comprehension,own,neutral,1201,1,0,1,0,aQrQaPaQ,A,gemma-31b,google/gemma-4-31b-it,io-net,0,1.0,Io Net,A,3.86365e-05,0.999999876404377,1.5630785024534077e-05,1
comprehension,own,neutral,1202,-1,0,0,0,rQrQaQaPaQ,B,gemma-31b,google/gemma-4-31b-it,io-net,0,1.0,Io Net,B,3.53875e-05,4.74504494540002e-10,0.0,1
comprehension,own,neutral,1202,-1,0,1,0,aPrQaQrQaQ,B,gemma-31b,google/gemma-4-31b-it,io-net,0,1.0,Io Net,B,3.53875e-05,6.485707969794434e-10,5.28793859810861e-08,1
comprehension,own,neutral,1202,1,0,0,0,rQaQaQrQaP,A,gemma-31b,google/gemma-4-31b-it,io-net,0,1.0,Io Net,A,3.53875e-05,0.999999977137099,3.55542257302055e-06,1
comprehension,own,neutral,1202,1,0,1,0,rQaQrQaPaQ,A,gemma-31b,google/gemma-4-31b-it,io-net,0,1.0,Io Net,A,4.11635e-05,0.9999999238548806,7.855392726852095e-06,1
comprehension,own,neutral,1203,-1,0,0,0,rQrQrQaQaQaP,B,gemma-31b,google/gemma-4-31b-it,io-net,0,1.0,Io Net,B,3.79145e-05,4.3884492476889765e-10,0.0,1
comprehension,own,neutral,1203,-1,0,1,0,aQrQaPrQaQrQ,B,gemma-31b,google/gemma-4-31b-it,io-net,0,1.0,Io Net,B,3.79145e-05,4.1225668600602104e-10,6.412063402461143e-08,1
comprehension,own,neutral,1203,1,0,0,0,rQrQaQaPrQaQ,A,gemma-31b,google/gemma-4-31b-it,io-net,0,1.0,Io Net,A,3.79145e-05,0.9999999804443266,3.4446994784387286e-06,1
comprehension,own,neutral,1203,1,0,1,0,rQrQrQaQaQaP,A,gemma-31b,google/gemma-4-31b-it,io-net,0,1.0,Io Net,A,3.79145e-05,0.9999999468421544,5.6448180824064664e-06,1
comprehension,own,neutral,1210,-1,0,0,0,aPrPaQaQ,B,gemma-31b,google/gemma-4-31b-it,io-net,0,1.0,Io Net,B,3.28605e-05,6.28616390950552e-10,8.405057627669521e-08,1
comprehension,own,neutral,1210,-1,0,1,0,aQaQaPrP,B,gemma-31b,google/gemma-4-31b-it,io-net,0,1.0,Io Net,B,3.28605e-05,7.582560701782827e-10,3.6876782738559655e-08,1
comprehension,own,neutral,1210,1,0,0,0,rPaQaQaP,A,gemma-31b,google/gemma-4-31b-it,io-net,0,1.0,Io Net,A,3.86365e-05,0.9999999672503845,4.2293685313943286e-06,1
comprehension,own,neutral,1210,1,0,1,0,aQaQrPaP,A,gemma-31b,google/gemma-4-31b-it,io-net,0,1.0,Io Net,A,3.86365e-05,0.9999999434137337,8.159043347721884e-06,1
comprehension,own,neutral,1211,-1,0,0,0,rQaPrPaQaQ,B,gemma-31b,google/gemma-4-31b-it,io-net,0,1.0,Io Net,B,3.53875e-05,5.376840472107486e-10,0.0,1
comprehension,own,neutral,1211,-1,0,1,0,aPrQaQrPaQ,B,gemma-31b,google/gemma-4-31b-it,io-net,0,1.0,Io Net,B,3.53875e-05,9.290347356601772e-10,1.3492262196379556e-08,1
comprehension,own,neutral,1211,1,0,0,0,rPrQaPaQaQ,A,gemma-31b,google/gemma-4-31b-it,io-net,0,1.0,Io Net,A,3.53875e-05,0.999999970181175,6.728552892187878e-06,1
comprehension,own,neutral,1211,1,0,1,0,aQaQaPrQrP,A,gemma-31b,google/gemma-4-31b-it,io-net,0,1.0,Io Net,A,3.53875e-05,0.9999999508370598,6.931711085234049e-06,1
comprehension,own,neutral,1212,-1,0,0,0,rQaPaQrQaQrP,B,gemma-31b,google/gemma-4-31b-it,io-net,0,1.0,Io Net,B,3.79145e-05,6.904000435910506e-10,8.766989756381349e-08,1
comprehension,own,neutral,1212,-1,0,1,0,rPrQaQrQaQaP,B,gemma-31b,google/gemma-4-31b-it,io-net,0,1.0,Io Net,B,3.79145e-05,4.122566533123997e-10,0.0,1
comprehension,own,neutral,1212,1,0,0,0,aQrPaPrQrQaQ,A,gemma-31b,google/gemma-4-31b-it,io-net,0,1.0,Io Net,A,3.79145e-05,0.9999999617118637,5.01427525700926e-06,1
comprehension,own,neutral,1212,1,0,1,0,rPrQrQaQaQaP,A,gemma-31b,google/gemma-4-31b-it,io-net,0,1.0,Io Net,A,3.79145e-05,0.9999999645892456,5.490270466146363e-06,1
comprehension,own,neutral,1220,-1,0,0,0,rPrPaQaQaP,B,gemma-31b,google/gemma-4-31b-it,io-net,0,1.0,Io Net,B,4.11635e-05,5.211412399006869e-10,0.0,1
comprehension,own,neutral,1220,-1,0,1,0,rPrPaQaQaP,B,gemma-31b,google/gemma-4-31b-it,io-net,0,1.0,Io Net,B,3.53875e-05,5.547519945662424e-10,4.1865056310541604e-08,1
comprehension,own,neutral,1220,1,0,0,0,rPaPaQrPaQ,A,gemma-31b,google/gemma-4-31b-it,io-net,0,1.0,Io Net,A,3.53875e-05,0.9999999468421558,9.432058666991594e-06,1
comprehension,own,neutral,1220,1,0,1,0,aQrPrPaPaQ,A,gemma-31b,google/gemma-4-31b-it,io-net,0,1.0,Io Net,A,4.11635e-05,0.9999999202006739,1.0746339162759355e-05,1
comprehension,own,neutral,1221,-1,0,0,0,aQaQrPaPrPrQ,B,gemma-31b,google/gemma-4-31b-it,io-net,0,1.0,Io Net,B,3.79145e-05,7.123156251287162e-10,0.0,1
comprehension,own,neutral,1221,-1,0,1,0,aPaQrQrPrPaQ,B,gemma-31b,google/gemma-4-31b-it,io-net,0,1.0,Io Net,B,3.79145e-05,2.579836385979767e-10,5.095324162596171e-08,1
comprehension,own,neutral,1221,1,0,0,0,rPaQrPaQaPrQ,A,gemma-31b,google/gemma-4-31b-it,io-net,0,1.0,Io Net,A,3.79145e-05,0.9999999425226671,9.416860287658757e-06,1
comprehension,own,neutral,1221,1,0,1,0,aQrPrPrQaPaQ,A,gemma-31b,google/gemma-4-31b-it,io-net,0,1.0,Io Net,A,3.79145e-05,0.999999962305453,5.364379157546395e-06,1
comprehension,own,neutral,1230,-1,0,0,0,aQaPrPrPaQrP,B,gemma-31b,google/gemma-4-31b-it,io-net,0,1.0,Io Net,B,3.79145e-05,4.0586524279318747e-10,7.468080920336462e-08,1
comprehension,own,neutral,1230,-1,0,1,0,aPrPaQaQrPrP,B,gemma-31b,google/gemma-4-31b-it,io-net,0,1.0,Io Net,B,3.79145e-05,4.1874877680021907e-10,4.655110563689391e-08,1
comprehension,own,neutral,1230,1,0,0,0,aQaQaPrPrPrP,A,gemma-31b,google/gemma-4-31b-it,io-net,0,1.0,Io Net,A,3.79145e-05,0.9999999677581104,4.536605825888884e-06,1
comprehension,own,neutral,1230,1,0,1,0,rPrPaQrPaPaQ,A,gemma-31b,google/gemma-4-31b-it,io-net,0,1.0,Io Net,A,3.79145e-05,0.9999999682580091,3.44967584431366e-06,1
comprehension,own,neutral,1300,-1,0,0,0,aQaQaPaQ,B,gemma-31b,google/gemma-4-31b-it,io-net,0,1.0,Io Net,B,3.28605e-05,6.286163580746082e-10,3.17516808401308e-08,1
comprehension,own,neutral,1300,-1,0,1,0,aQaQaQaP,B,gemma-31b,google/gemma-4-31b-it,io-net,0,1.0,Io Net,B,3.28605e-05,5.81375117718987e-10,7.468080920336462e-08,1
comprehension,own,neutral,1300,1,0,0,0,aQaPaQaQ,A,gemma-31b,google/gemma-4-31b-it,io-net,0,1.0,Io Net,A,3.28605e-05,0.999999930669174,1.221092032221982e-05,1
comprehension,own,neutral,1300,1,0,1,0,aPaQaQaQ,A,gemma-31b,google/gemma-4-31b-it,io-net,0,1.0,Io Net,A,3.86365e-05,0.9999999623054678,4.971604982473288e-06,1
comprehension,own,neutral,1301,-1,0,0,0,rQaPaQaQaQ,B,gemma-31b,google/gemma-4-31b-it,io-net,0,1.0,Io Net,B,3.53875e-05,9.146314220941344e-10,5.1725427385740375e-08,1
comprehension,own,neutral,1301,-1,0,1,0,aQrQaQaQaP,B,gemma-31b,google/gemma-4-31b-it,io-net,0,1.0,Io Net,B,3.53875e-05,3.638152403908085e-10,4.1865056310541604e-08,1
comprehension,own,neutral,1301,1,0,0,0,aQaPrQaQaQ,A,gemma-31b,google/gemma-4-31b-it,io-net,0,1.0,Io Net,A,3.53875e-05,0.9999999662108128,5.763877071074397e-06,1
comprehension,own,neutral,1301,1,0,1,0,aQaQaPrQaQ,A,gemma-31b,google/gemma-4-31b-it,io-net,0,1.0,Io Net,A,3.53875e-05,0.9999999238549578,8.747644028694879e-06,1
comprehension,own,neutral,1302,-1,0,0,0,rQaQrQaPaQaQ,B,gemma-31b,google/gemma-4-31b-it,io-net,0,1.0,Io Net,B,3.79145e-05,5.211412760748964e-10,5.28793859810861e-08,1
comprehension,own,neutral,1302,-1,0,1,0,aPaQaQrQrQaQ,B,gemma-31b,google/gemma-4-31b-it,io-net,0,1.0,Io Net,B,3.79145e-05,3.3647409907116793e-10,5.897353694273022e-08,1
comprehension,own,neutral,1302,1,0,0,0,aQrQaQaQrQaP,A,gemma-31b,google/gemma-4-31b-it,io-net,0,1.0,Io Net,A,3.79145e-05,0.9999999767770343,4.688549761100447e-06,1
comprehension,own,neutral,1302,1,0,1,0,rQrQaQaQaPaQ,A,gemma-31b,google/gemma-4-31b-it,io-net,0,1.0,Io Net,A,3.79145e-05,0.9999999756625684,3.56390787981109e-06,1
comprehension,own,neutral,1310,-1,0,0,0,aPaQrPaQaQ,B,gemma-31b,google/gemma-4-31b-it,io-net,0,1.0,Io Net,B,3.53875e-05,4.1874878415743806e-10,6.412063402461143e-08,1
comprehension,own,neutral,1310,-1,0,1,0,aQaPaQaQrP,B,gemma-31b,google/gemma-4-31b-it,io-net,0,1.0,Io Net,B,2.96115e-05,4.457557695314652e-10,8.460117573161341e-08,1
comprehension,own,neutral,1310,1,0,0,0,aQaQaPrPaQ,A,gemma-31b,google/gemma-4-31b-it,io-net,0,1.0,Io Net,A,3.53875e-05,0.9999999764113583,3.312560036161649e-06,1
comprehension,own,neutral,1310,1,0,1,0,aQaPaQaQrP,A,gemma-31b,google/gemma-4-31b-it,io-net,0,1.0,Io Net,A,3.53875e-05,0.999999931743933,1.0092576440023926e-05,1
comprehension,own,neutral,1311,-1,0,0,0,aPaQaQrPaQrQ,B,gemma-31b,google/gemma-4-31b-it,io-net,0,1.0,Io Net,B,3.79145e-05,4.74504494540002e-10,0.0,1
comprehension,own,neutral,1311,-1,0,1,0,aQrPrQaQaPaQ,B,gemma-31b,google/gemma-4-31b-it,io-net,0,1.0,Io Net,B,3.79145e-05,4.1874877864360823e-10,5.095324162596171e-08,1
comprehension,own,neutral,1311,1,0,0,0,aQrQaPaQaQrP,A,gemma-31b,google/gemma-4-31b-it,io-net,0,1.0,Io Net,A,3.79145e-05,0.9999999744945973,5.210572623148835e-06,1
comprehension,own,neutral,1311,1,0,1,0,aQrQaPaQrPaQ,A,gemma-31b,google/gemma-4-31b-it,io-net,0,1.0,Io Net,A,3.79145e-05,0.9999999572864892,5.210572623148835e-06,1
comprehension,own,neutral,1320,-1,0,0,0,aQrPaPaQaQrP,B,gemma-31b,google/gemma-4-31b-it,io-net,0,1.0,Io Net,B,4.36905e-05,3.1118767472376233e-10,7.025911208380364e-08,1
comprehension,own,neutral,1320,-1,0,1,0,rPaPrPaQaQaQ,B,gemma-31b,google/gemma-4-31b-it,io-net,0,1.0,Io Net,B,3.79145e-05,3.6954449296809417e-10,3.1566793179393926e-08,1
comprehension,own,neutral,1320,1,0,0,0,aQaQaQaPrPrP,A,gemma-31b,google/gemma-4-31b-it,io-net,0,1.0,Io Net,A,3.79145e-05,0.9999999748899986,4.234930096602696e-06,1
comprehension,own,neutral,1320,1,0,1,0,rPaQaQrPaPaQ,A,gemma-31b,google/gemma-4-31b-it,io-net,0,1.0,Io Net,A,3.79145e-05,0.9999999592424461,6.120548314392238e-06,1
comprehension,own,neutral,1400,-1,0,0,0,aQaPaQaQaQ,B,gemma-31b,google/gemma-4-31b-it,io-net,0,1.0,Io Net,B,3.53875e-05,4.0586520221901946e-10,0.0,1
comprehension,own,neutral,1400,-1,0,1,0,aQaQaQaQaP,B,gemma-31b,google/gemma-4-31b-it,io-net,0,1.0,Io Net,B,3.53875e-05,4.253430799489086e-10,0.0,1
comprehension,own,neutral,1400,1,0,0,0,aPaQaQaQaQ,A,gemma-31b,google/gemma-4-31b-it,io-net,0,1.0,Io Net,A,3.53875e-05,0.9999999358794006,1.5160785471923788e-05,1
comprehension,own,neutral,1400,1,0,1,0,aQaQaPaQaQ,A,gemma-31b,google/gemma-4-31b-it,io-net,0,1.0,Io Net,A,3.53875e-05,0.9999999338439644,7.986947915483711e-06,1
comprehension,own,neutral,1401,-1,0,0,0,aQrQaPaQaQaQ,B,gemma-31b,google/gemma-4-31b-it,io-net,0,1.0,Io Net,B,3.79145e-05,9.146314040493662e-10,3.199642273354897e-08,1
comprehension,own,neutral,1401,-1,0,1,0,aQaQaPaQrQaQ,B,gemma-31b,google/gemma-4-31b-it,io-net,0,1.0,Io Net,B,3.79145e-05,7.123156358019711e-10,6.674100605508215e-09,1
comprehension,own,neutral,1401,1,0,0,0,aPrQaQaQaQaQ,A,gemma-31b,google/gemma-4-31b-it,io-net,0,1.0,Io Net,A,3.79145e-05,0.9999999500628388,7.28184935505638e-06,1
comprehension,own,neutral,1401,1,0,1,0,aQaQaQrQaQaP,A,gemma-31b,google/gemma-4-31b-it,io-net,0,1.0,Io Net,A,3.79145e-05,0.999999959874373,7.040808423952605e-06,1
comprehension,own,neutral,1410,-1,0,0,0,aQaQrPaQaPaQ,B,gemma-31b,google/gemma-4-31b-it,io-net,0,1.0,Io Net,B,3.79145e-05,3.8127508213473877e-10,0.0,1
comprehension,own,neutral,1410,-1,0,1,0,aQaQaPaQrPaQ,B,gemma-31b,google/gemma-4-31b-it,io-net,0,1.0,Io Net,B,3.79145e-05,4.3204126615402706e-10,0.0,1
comprehension,own,neutral,1410,1,0,0,0,aQaQaPrPaQaQ,A,gemma-31b,google/gemma-4-31b-it,io-net,0,1.0,Io Net,A,3.79145e-05,0.9999999579486997,7.144195761865646e-06,1
comprehension,own,neutral,1410,1,0,1,0,rPaQaQaQaPaQ,A,gemma-31b,google/gemma-4-31b-it,io-net,0,1.0,Io Net,A,3.79145e-05,0.9999999378521963,9.240164347112945e-06,1
comprehension,own,neutral,1500,-1,0,0,0,aQaQaQaPaQaQ,B,gemma-31b,google/gemma-4-31b-it,io-net,0,1.0,Io Net,B,3.79145e-05,3.6954448376913666e-10,6.674100605508215e-09,1
comprehension,own,neutral,1500,-1,0,1,0,aQaPaQaQaQaQ,B,gemma-31b,google/gemma-4-31b-it,io-net,0,1.0,Io Net,B,3.79145e-05,1.0045261326788513e-09,8.460117573161341e-08,1
comprehension,own,neutral,1500,1,0,0,0,aQaQaQaQaQaP,A,gemma-31b,google/gemma-4-31b-it,io-net,0,1.0,Io Net,A,3.79145e-05,0.9999999771370996,1.6205266135660423e-06,1
comprehension,own,neutral,1500,1,0,1,0,aQaPaQaQaQaQ,A,gemma-31b,google/gemma-4-31b-it,io-net,0,1.0,Io Net,A,3.79145e-05,0.9999999756625791,3.1223843397487627e-06,1
comprehension,own,neutral,2000,-1,0,0,0,aPaP,B,gemma-31b,google/gemma-4-31b-it,io-net,0,1.0,Io Net,B,3.35825e-05,6.691585962581975e-10,0.0,1
comprehension,own,neutral,2000,-1,0,1,0,aPaP,B,gemma-31b,google/gemma-4-31b-it,io-net,0,1.0,Io Net,B,3.35825e-05,4.745045259530972e-10,4.0913139764953144e-08,1
comprehension,own,neutral,2000,1,0,0,0,aPaP,A,gemma-31b,google/gemma-4-31b-it,io-net,0,1.0,Io Net,A,3.35825e-05,0.9999999538156588,7.646080126488819e-06,1
comprehension,own,neutral,2000,1,0,1,0,aPaP,A,gemma-31b,google/gemma-4-31b-it,io-net,0,1.0,Io Net,A,3.35825e-05,0.9999998856926748,1.6145870395112283e-05,1
comprehension,own,neutral,2001,-1,0,0,0,rQaPaP,B,gemma-31b,google/gemma-4-31b-it,io-net,0,1.0,Io Net,B,3.61095e-05,5.547520179687457e-10,8.405057627669521e-08,1
comprehension,own,neutral,2001,-1,0,1,0,rQaPaP,B,gemma-31b,google/gemma-4-31b-it,io-net,0,1.0,Io Net,B,3.61095e-05,4.320412588184135e-10,0.0,1
comprehension,own,neutral,2001,1,0,0,0,aPrQaP,A,gemma-31b,google/gemma-4-31b-it,io-net,0,1.0,Io Net,A,3.61095e-05,0.9999999214377907,1.1471319448230766e-05,1
comprehension,own,neutral,2001,1,0,1,0,aPrQaP,A,gemma-31b,google/gemma-4-31b-it,io-net,0,1.0,Io Net,A,3.61095e-05,0.9999999368735303,8.932306073461405e-06,1
comprehension,own,neutral,2002,-1,0,0,0,rQaPrQaP,B,gemma-31b,google/gemma-4-31b-it,io-net,0,1.0,Io Net,B,3.86365e-05,5.376840790963971e-10,5.8718032880378246e-08,1
comprehension,own,neutral,2002,-1,0,1,0,aPrQrQaP,B,gemma-31b,google/gemma-4-31b-it,io-net,0,1.0,Io Net,B,3.28605e-05,1.1032561347447451e-09,9.392049760137411e-08,1
comprehension,own,neutral,2002,1,0,0,0,aPaPrQrQ,A,gemma-31b,google/gemma-4-31b-it,io-net,0,1.0,Io Net,A,3.28605e-05,0.9999999081514319,1.0012895530819854e-05,1
comprehension,own,neutral,2002,1,0,1,0,aPrQrQaP,A,gemma-31b,google/gemma-4-31b-it,io-net,0,1.0,Io Net,A,3.86365e-05,0.9999999451547051,1.0155638081710272e-05,1
comprehension,own,neutral,2003,-1,0,0,0,aPrQrQrQaP,B,gemma-31b,google/gemma-4-31b-it,io-net,0,1.0,Io Net,B,3.53875e-05,4.457557553912937e-10,5.28793859810861e-08,1
comprehension,own,neutral,2003,-1,0,1,0,rQrQaPaPrQ,B,gemma-31b,google/gemma-4-31b-it,io-net,0,1.0,Io Net,B,4.11635e-05,6.18870579216373e-10,5.508866562919934e-08,1
comprehension,own,neutral,2003,1,0,0,0,aPrQrQaPrQ,A,gemma-31b,google/gemma-4-31b-it,io-net,0,1.0,Io Net,A,4.11635e-05,0.9999999752793239,2.983324857708247e-06,1
comprehension,own,neutral,2003,1,0,1,0,aPrQrQaPrQ,A,gemma-31b,google/gemma-4-31b-it,io-net,0,1.0,Io Net,A,3.53875e-05,0.9999999434138205,8.534043240304712e-06,1
comprehension,own,neutral,2004,-1,0,0,0,aPrQaPrQrQrQ,B,gemma-31b,google/gemma-4-31b-it,io-net,0,1.0,Io Net,B,3.79145e-05,6.09275825226354e-10,0.0,1
comprehension,own,neutral,2004,-1,0,1,0,rQrQaPrQaPrQ,B,gemma-31b,google/gemma-4-31b-it,io-net,0,1.0,Io Net,B,3.79145e-05,5.634880833093444e-10,7.025911208380364e-08,1
comprehension,own,neutral,2004,1,0,0,0,rQaPrQaPrQrQ,A,gemma-31b,google/gemma-4-31b-it,io-net,0,1.0,Io Net,A,3.79145e-05,0.9999999552366386,8.723701366064596e-06,1
comprehension,own,neutral,2004,1,0,1,0,rQrQaPaPrQrQ,A,gemma-31b,google/gemma-4-31b-it,io-net,0,1.0,Io Net,A,3.79145e-05,0.9999999572865138,8.44860231974387e-06,1
comprehension,own,neutral,2010,-1,0,0,0,aPaPrP,B,gemma-31b,google/gemma-4-31b-it,io-net,0,1.0,Io Net,B,3.61095e-05,4.59905532428785e-10,0.0,1
comprehension,own,neutral,2010,-1,0,1,0,rPaPaP,B,gemma-31b,google/gemma-4-31b-it,io-net,0,1.0,Io Net,B,3.61095e-05,5.051074279778189e-10,1.9897332226292974e-08,1
comprehension,own,neutral,2010,1,0,0,0,rPaPaP,A,gemma-31b,google/gemma-4-31b-it,io-net,0,1.0,Io Net,A,3.61095e-05,0.9999999368735508,1.0514751066392769e-05,1
comprehension,own,neutral,2010,1,0,1,0,rPaPaP,A,gemma-31b,google/gemma-4-31b-it,io-net,0,1.0,Io Net,A,3.61095e-05,0.9999999530883831,5.2733550954808805e-06,1
comprehension,own,neutral,2011,-1,0,0,0,aPrPaPrQ,B,gemma-31b,google/gemma-4-31b-it,io-net,0,1.0,Io Net,B,3.86365e-05,3.526218337712705e-10,7.468080920336462e-08,1
comprehension,own,neutral,2011,-1,0,1,0,aPaPrPrQ,B,gemma-31b,google/gemma-4-31b-it,io-net,0,1.0,Io Net,B,3.28605e-05,3.812751001061025e-10,4.655110563689391e-08,1
comprehension,own,neutral,2011,1,0,0,0,aPaPrQrP,A,gemma-31b,google/gemma-4-31b-it,io-net,0,1.0,Io Net,A,3.28605e-05,0.9999999623054189,6.271141006597425e-06,1
comprehension,own,neutral,2011,1,0,1,0,aPrPrQaP,A,gemma-31b,google/gemma-4-31b-it,io-net,0,1.0,Io Net,A,3.28605e-05,0.999999918943949,9.684642072849137e-06,1
comprehension,own,neutral,2012,-1,0,0,0,aPrPrQrQaP,B,gemma-31b,google/gemma-4-31b-it,io-net,0,1.0,Io Net,B,4.11635e-05,3.638152354102071e-10,2.817513700126284e-08,1
comprehension,own,neutral,2012,-1,0,1,0,rPrQaPaPrQ,B,gemma-31b,google/gemma-4-31b-it,io-net,0,1.0,Io Net,B,4.11635e-05,6.385156590333011e-10,8.460117573161341e-08,1
comprehension,own,neutral,2012,1,0,0,0,rPrQaPrQaP,A,gemma-31b,google/gemma-4-31b-it,io-net,0,1.0,Io Net,A,3.53875e-05,0.9999999824704097,3.3226649616135973e-06,1
comprehension,own,neutral,2012,1,0,1,0,aPrQrPaPrQ,A,gemma-31b,google/gemma-4-31b-it,io-net,0,1.0,Io Net,A,3.53875e-05,0.9999999760398999,4.862267558802813e-06,1
comprehension,own,neutral,2013,-1,0,0,0,rPrQrQaPaPrQ,B,gemma-31b,google/gemma-4-31b-it,io-net,0,1.0,Io Net,B,3.79145e-05,5.813751234864418e-10,8.460117573161341e-08,1
comprehension,own,neutral,2013,-1,0,1,0,aPrPrQrQaPrQ,B,gemma-31b,google/gemma-4-31b-it,io-net,0,1.0,Io Net,B,3.79145e-05,3.812751068049266e-10,6.412063402461143e-08,1
comprehension,own,neutral,2013,1,0,0,0,rPaPrQaPrQrQ,A,gemma-31b,google/gemma-4-31b-it,io-net,0,1.0,Io Net,A,3.79145e-05,0.9999999484776678,7.193417478679187e-06,1
comprehension,own,neutral,2013,1,0,1,0,rQrQaPaPrQrP,A,gemma-31b,google/gemma-4-31b-it,io-net,0,1.0,Io Net,A,3.79145e-05,0.9999999434137175,1.0354565979309172e-05,1
comprehension,own,neutral,2020,-1,0,0,0,rPaPaPrP,B,gemma-31b,google/gemma-4-31b-it,io-net,0,1.0,Io Net,B,3.28605e-05,6.691585875766928e-10,0.0,1
comprehension,own,neutral,2020,-1,0,1,0,aPrPrPaP,B,gemma-31b,google/gemma-4-31b-it,io-net,0,1.0,Io Net,B,3.28605e-05,7.94645502835113e-10,0.0,1
comprehension,own,neutral,2020,1,0,0,0,rPrPaPaP,A,gemma-31b,google/gemma-4-31b-it,io-net,0,1.0,Io Net,A,3.28605e-05,0.9999999492763975,8.18084458376056e-06,1
comprehension,own,neutral,2020,1,0,1,0,aPrPrPaP,A,gemma-31b,google/gemma-4-31b-it,io-net,0,1.0,Io Net,A,3.86365e-05,0.9999999425226933,8.960513042111096e-06,1
comprehension,own,neutral,2021,-1,0,0,0,rPaPrPaPrQ,B,gemma-31b,google/gemma-4-31b-it,io-net,0,1.0,Io Net,B,4.11635e-05,4.058652169453335e-10,1.0995006571867805e-08,1
comprehension,own,neutral,2021,-1,0,1,0,rPaPrQaPrP,B,gemma-31b,google/gemma-4-31b-it,io-net,0,1.0,Io Net,B,3.53875e-05,4.457557443792322e-10,2.817513700126284e-08,1
comprehension,own,neutral,2021,1,0,0,0,rPrQaPrPaP,A,gemma-31b,google/gemma-4-31b-it,io-net,0,1.0,Io Net,A,3.53875e-05,0.9999999778405049,4.079013209201676e-06,1
comprehension,own,neutral,2021,1,0,1,0,rPaPrPrQaP,A,gemma-31b,google/gemma-4-31b-it,io-net,0,1.0,Io Net,A,3.53875e-05,0.9999999545316963,5.390302874830333e-06,1
comprehension,own,neutral,2022,-1,0,0,0,rQrQrPaPrPaP,B,gemma-31b,google/gemma-4-31b-it,io-net,0,1.0,Io Net,B,3.79145e-05,3.3125754569925447e-10,4.0913139764953144e-08,1
comprehension,own,neutral,2022,-1,0,1,0,aPrQrPaPrQrP,B,gemma-31b,google/gemma-4-31b-it,io-net,0,1.0,Io Net,B,3.79145e-05,4.457557378342563e-10,1.3492262196379556e-08,1
comprehension,own,neutral,2022,1,0,0,0,rQrPaPrQaPrP,A,gemma-31b,google/gemma-4-31b-it,io-net,0,1.0,Io Net,A,4.36905e-05,0.9999999856927696,3.0290095059948285e-06,1
comprehension,own,neutral,2022,1,0,1,0,aPrPrPaPrQrQ,A,gemma-31b,google/gemma-4-31b-it,io-net,0,1.0,Io Net,A,3.79145e-05,0.9999999667346817,5.279443569095044e-06,1
comprehension,own,neutral,2030,-1,0,0,0,rPaPaPrPrP,B,gemma-31b,google/gemma-4-31b-it,io-net,0,1.0,Io Net,B,3.53875e-05,8.72747377359685e-10,2.589439085376455e-08,1
comprehension,own,neutral,2030,-1,0,1,0,rPrPaPaPrP,B,gemma-31b,google/gemma-4-31b-it,io-net,0,1.0,Io Net,B,3.53875e-05,5.051074321589997e-10,2.817513700126284e-08,1
comprehension,own,neutral,2030,1,0,0,0,rPaPaPrPrP,A,gemma-31b,google/gemma-4-31b-it,io-net,0,1.0,Io Net,A,3.53875e-05,0.9999999416175218,5.7566552685850425e-06,1
comprehension,own,neutral,2030,1,0,1,0,aPrPrPrPaP,A,gemma-31b,google/gemma-4-31b-it,io-net,0,1.0,Io Net,A,3.53875e-05,0.999999932802241,1.2479787141361776e-05,1
comprehension,own,neutral,2031,-1,0,0,0,aPaPrPrPrPrQ,B,gemma-31b,google/gemma-4-31b-it,io-net,0,1.0,Io Net,B,3.79145e-05,4.457557619801295e-10,6.766065419050449e-08,1
comprehension,own,neutral,2031,-1,0,1,0,rQaPrPrPaPrP,B,gemma-31b,google/gemma-4-31b-it,io-net,0,1.0,Io Net,B,3.79145e-05,8.864911355077834e-10,1.0995006571867805e-08,1
comprehension,own,neutral,2031,1,0,0,0,rPrPaPrQaPrP,A,gemma-31b,google/gemma-4-31b-it,io-net,0,1.0,Io Net,A,4.36905e-05,0.9999999764113289,4.561498423427679e-06,1
comprehension,own,neutral,2031,1,0,1,0,rPaPrPrPaPrQ,A,gemma-31b,google/gemma-4-31b-it,io-net,0,1.0,Io Net,A,3.79145e-05,0.9999999706434575,5.352031081873321e-06,1
comprehension,own,neutral,2040,-1,0,0,0,rPaPrPaPrPrP,B,gemma-31b,google/gemma-4-31b-it,io-net,0,1.0,Io Net,B,3.79145e-05,8.864911355077834e-10,1.0995006571867805e-08,1
comprehension,own,neutral,2040,-1,0,1,0,aPaPrPrPrPrP,B,gemma-31b,google/gemma-4-31b-it,io-net,0,1.0,Io Net,B,3.79145e-05,6.286163208212873e-10,0.0,1
comprehension,own,neutral,2040,1,0,0,0,rPaPrPrPrPaP,A,gemma-31b,google/gemma-4-31b-it,io-net,0,1.0,Io Net,A,3.79145e-05,0.999999953088387,7.097417289658736e-06,1
comprehension,own,neutral,2040,1,0,1,0,aPrPrPaPrPrP,A,gemma-31b,google/gemma-4-31b-it,io-net,0,1.0,Io Net,A,3.79145e-05,0.999999965678729,5.2286465342943345e-06,1
comprehension,own,neutral,2100,-1,0,0,0,aQaPaP,B,gemma-31b,google/gemma-4-31b-it,io-net,0,1.0,Io Net,B,3.61095e-05,4.253430799489086e-10,0.0,1
comprehension,own,neutral,2100,-1,0,1,0,aQaPaP,B,gemma-31b,google/gemma-4-31b-it,io-net,0,1.0,Io Net,B,3.61095e-05,5.130617185416567e-10,3.1566793179393926e-08,1
comprehension,own,neutral,2100,1,0,0,0,aPaQaP,A,gemma-31b,google/gemma-4-31b-it,io-net,0,1.0,Io Net,A,3.61095e-05,0.999999905235848,9.98819083530833e-06,1
comprehension,own,neutral,2100,1,0,1,0,aPaQaP,A,gemma-31b,google/gemma-4-31b-it,io-net,0,1.0,Io Net,A,3.61095e-05,0.9999999052358803,1.1554856324647034e-05,1
comprehension,own,neutral,2101,-1,0,0,0,aPrQaPaQ,B,gemma-31b,google/gemma-4-31b-it,io-net,0,1.0,Io Net,B,3.86365e-05,6.092758312398194e-10,0.0,1
comprehension,own,neutral,2101,-1,0,1,0,aPrQaPaQ,B,gemma-31b,google/gemma-4-31b-it,io-net,0,1.0,Io Net,B,3.86365e-05,1.069312542270079e-09,1.222557690638837e-07,1
comprehension,own,neutral,2101,1,0,0,0,aQrQaPaP,A,gemma-31b,google/gemma-4-31b-it,io-net,0,1.0,Io Net,A,3.86365e-05,0.999999943413788,7.199494034049181e-06,1
comprehension,own,neutral,2101,1,0,1,0,aPaQaPrQ,A,gemma-31b,google/gemma-4-31b-it,io-net,0,1.0,Io Net,A,3.28605e-05,0.999999933844014,7.237105181245873e-06,1
comprehension,own,neutral,2102,-1,0,0,0,aPrQaQaPrQ,B,gemma-31b,google/gemma-4-31b-it,io-net,0,1.0,Io Net,B,3.53875e-05,5.905304161839531e-10,2.817513700126284e-08,1
comprehension,own,neutral,2102,-1,0,1,0,aPaQrQrQaP,B,gemma-31b,google/gemma-4-31b-it,io-net,0,1.0,Io Net,B,3.53875e-05,4.972764529682405e-10,0.0,1
comprehension,own,neutral,2102,1,0,0,0,rQrQaQaPaP,A,gemma-31b,google/gemma-4-31b-it,io-net,0,1.0,Io Net,A,4.11635e-05,0.9999999756625534,4.178981374836077e-06,1
comprehension,own,neutral,2102,1,0,1,0,rQaPaPaQrQ,A,gemma-31b,google/gemma-4-31b-it,io-net,0,1.0,Io Net,A,3.53875e-05,0.9999999451547643,7.169250187288867e-06,1
comprehension,own,neutral,2103,-1,0,0,0,aPaQrQrQrQaP,B,gemma-31b,google/gemma-4-31b-it,io-net,0,1.0,Io Net,B,3.79145e-05,4.74504513474797e-10,1.4615603616263684e-08,1
comprehension,own,neutral,2103,-1,0,1,0,aPaPrQaQrQrQ,B,gemma-31b,google/gemma-4-31b-it,io-net,0,1.0,Io Net,B,3.79145e-05,5.547519710176577e-10,0.0,1
comprehension,own,neutral,2103,1,0,0,0,aPrQaQrQrQaP,A,gemma-31b,google/gemma-4-31b-it,io-net,0,1.0,Io Net,A,3.79145e-05,0.9999999492763824,8.477279427210327e-06,1
comprehension,own,neutral,2103,1,0,1,0,rQrQaPaPrQaQ,A,gemma-31b,google/gemma-4-31b-it,io-net,0,1.0,Io Net,A,3.79145e-05,0.9999999523496359,7.113015025761449e-06,1
comprehension,own,neutral,2110,-1,0,0,0,aPaPrPaQ,B,gemma-31b,google/gemma-4-31b-it,io-net,0,1.0,Io Net,B,3.28605e-05,4.671479991525018e-10,6.674100605508215e-09,1
comprehension,own,neutral,2110,-1,0,1,0,aPaQrPaP,B,gemma-31b,google/gemma-4-31b-it,io-net,0,1.0,Io Net,B,3.86365e-05,8.327813777243558e-10,4.0913139764953144e-08,1
comprehension,own,neutral,2110,1,0,0,0,aPaQrPaP,A,gemma-31b,google/gemma-4-31b-it,io-net,0,1.0,Io Net,A,3.86365e-05,0.9999999611088841,5.766256688910509e-06,1
comprehension,own,neutral,2110,1,0,1,0,aPrPaQaP,A,gemma-31b,google/gemma-4-31b-it,io-net,0,1.0,Io Net,A,3.86365e-05,0.9999999640316201,3.2321324698880716e-06,1
comprehension,own,neutral,2111,-1,0,0,0,aPrPaPrQaQ,B,gemma-31b,google/gemma-4-31b-it,io-net,0,1.0,Io Net,B,3.53875e-05,4.05865215191628e-10,6.674100605508215e-09,1
comprehension,own,neutral,2111,-1,0,1,0,aPaQrPrQaP,B,gemma-31b,google/gemma-4-31b-it,io-net,0,1.0,Io Net,B,3.53875e-05,4.895669061845765e-10,1.9897332226292974e-08,1
comprehension,own,neutral,2111,1,0,0,0,aPrPaQrQaP,A,gemma-31b,google/gemma-4-31b-it,io-net,0,1.0,Io Net,A,3.53875e-05,0.9999999645892621,3.1161763567322254e-06,1
comprehension,own,neutral,2111,1,0,1,0,aPaPrPrQaQ,A,gemma-31b,google/gemma-4-31b-it,io-net,0,1.0,Io Net,A,3.53875e-05,0.9999999189440062,8.978768765488532e-06,1
comprehension,own,neutral,2112,-1,0,0,0,aPaPrQrPrQaQ,B,gemma-31b,google/gemma-4-31b-it,io-net,0,1.0,Io Net,B,3.79145e-05,6.286163382291109e-10,1.8155554837306909e-10,1
comprehension,own,neutral,2112,-1,0,1,0,rQaPaQrQaPrP,B,gemma-31b,google/gemma-4-31b-it,io-net,0,1.0,Io Net,B,3.79145e-05,6.092758781626982e-10,5.1725427385740375e-08,1
comprehension,own,neutral,2112,1,0,0,0,aPrQaPaQrQrP,A,gemma-31b,google/gemma-4-31b-it,io-net,0,1.0,Io Net,A,3.79145e-05,0.9999999651382613,4.837620208753002e-06,1
comprehension,own,neutral,2112,1,0,1,0,rQaPrPrQaPaQ,A,gemma-31b,google/gemma-4-31b-it,io-net,0,1.0,Io Net,A,3.79145e-05,0.9999999791830984,3.2385375154930784e-06,1
comprehension,own,neutral,2120,-1,0,0,0,rPrPaPaPaQ,B,gemma-31b,google/gemma-4-31b-it,io-net,0,1.0,Io Net,B,3.53875e-05,5.547520000363032e-10,5.1725427385740375e-08,1
comprehension,own,neutral,2120,-1,0,1,0,rPaQaPaPrP,B,gemma-31b,google/gemma-4-31b-it,io-net,0,1.0,Io Net,B,4.11635e-05,4.320412856764892e-10,3.6876782738559655e-08,1
comprehension,own,neutral,2120,1,0,0,0,aQrPrPaPaP,A,gemma-31b,google/gemma-4-31b-it,io-net,0,1.0,Io Net,A,3.53875e-05,0.999999926197641,1.137762991687552e-05,1
comprehension,own,neutral,2120,1,0,1,0,aPrPaPaQrP,A,gemma-31b,google/gemma-4-31b-it,io-net,0,1.0,Io Net,A,3.53875e-05,0.9999999572864807,5.406402260210719e-06,1
comprehension,own,neutral,2121,-1,0,0,0,aPrPrPaQaPrQ,B,gemma-31b,google/gemma-4-31b-it,io-net,0,1.0,Io Net,B,3.79145e-05,5.211412760748964e-10,5.28793859810861e-08,1
comprehension,own,neutral,2121,-1,0,1,0,aPaQrQaPrPrP,B,gemma-31b,google/gemma-4-31b-it,io-net,0,1.0,Io Net,B,3.79145e-05,8.071593548694842e-10,0.0,1
comprehension,own,neutral,2121,1,0,0,0,aPrQaQaPrPrP,A,gemma-31b,google/gemma-4-31b-it,io-net,0,1.0,Io Net,A,3.79145e-05,0.9999999788552523,2.6292710754161064e-06,1
comprehension,own,neutral,2121,1,0,1,0,aPrPrQaQaPrP,A,gemma-31b,google/gemma-4-31b-it,io-net,0,1.0,Io Net,A,3.79145e-05,0.9999999592424889,5.07088428469693e-06,1
comprehension,own,neutral,2130,-1,0,0,0,aQaPrPaPrPrP,B,gemma-31b,google/gemma-4-31b-it,io-net,0,1.0,Io Net,B,3.79145e-05,6.092758661422912e-10,3.199642273354897e-08,1
comprehension,own,neutral,2130,-1,0,1,0,aPrPaPrPaQrP,B,gemma-31b,google/gemma-4-31b-it,io-net,0,1.0,Io Net,B,3.79145e-05,3.6381521256872027e-10,0.0,1
comprehension,own,neutral,2130,1,0,0,0,aPrPaPaQrPrP,A,gemma-31b,google/gemma-4-31b-it,io-net,0,1.0,Io Net,A,3.79145e-05,0.999999982742157,2.796894276291262e-06,1
comprehension,own,neutral,2130,1,0,1,0,aQrPaPrPaPrP,A,gemma-31b,google/gemma-4-31b-it,io-net,0,1.0,Io Net,A,3.79145e-05,0.9999998959220534,1.8445555997836927e-05,1
comprehension,own,neutral,2200,-1,0,0,0,aQaQaPaP,B,gemma-31b,google/gemma-4-31b-it,io-net,0,1.0,Io Net,B,3.28605e-05,3.933780687554184e-10,4.0913139764953144e-08,1
comprehension,own,neutral,2200,-1,0,1,0,aPaQaPaQ,B,gemma-31b,google/gemma-4-31b-it,io-net,0,1.0,Io Net,B,3.86365e-05,1.0364132622824976e-09,1.302041895412387e-07,1
comprehension,own,neutral,2200,1,0,0,0,aPaPaQaQ,A,gemma-31b,google/gemma-4-31b-it,io-net,0,1.0,Io Net,A,3.28605e-05,0.9999999226557275,1.2212076028639274e-05,1
comprehension,own,neutral,2200,1,0,1,0,aQaQaPaP,A,gemma-31b,google/gemma-4-31b-it,io-net,0,1.0,Io Net,A,3.28605e-05,0.9999999109773582,1.3343877761751166e-05,1
comprehension,own,neutral,2201,-1,0,0,0,aQaPaQaPrQ,B,gemma-31b,google/gemma-4-31b-it,io-net,0,1.0,Io Net,B,3.53875e-05,5.211412632004922e-10,2.817513700126284e-08,1
comprehension,own,neutral,2201,-1,0,1,0,aQaPrQaQaP,B,gemma-31b,google/gemma-4-31b-it,io-net,0,1.0,Io Net,B,3.53875e-05,4.1874875038338497e-10,0.0,1
comprehension,own,neutral,2201,1,0,0,0,aPaPaQaQrQ,A,gemma-31b,google/gemma-4-31b-it,io-net,0,1.0,Io Net,A,3.53875e-05,0.9999999261976544,1.3102530821429426e-05,1
comprehension,own,neutral,2201,1,0,1,0,rQaQaPaQaP,A,gemma-31b,google/gemma-4-31b-it,io-net,0,1.0,Io Net,A,3.53875e-05,0.9999999592424492,6.045028277945619e-06,1
comprehension,own,neutral,2202,-1,0,0,0,rQaQaPrQaQaP,B,gemma-31b,google/gemma-4-31b-it,io-net,0,1.0,Io Net,B,3.79145e-05,5.293480439415268e-10,2.817513700126284e-08,1
comprehension,own,neutral,2202,-1,0,1,0,aQrQaPaQaPrQ,B,gemma-31b,google/gemma-4-31b-it,io-net,0,1.0,Io Net,B,3.79145e-05,5.051074019967805e-10,0.0,1
comprehension,own,neutral,2202,1,0,0,0,rQaPaPaQrQaQ,A,gemma-31b,google/gemma-4-31b-it,io-net,0,1.0,Io Net,A,3.79145e-05,0.9999999348696009,8.257367103525759e-06,1
comprehension,own,neutral,2202,1,0,1,0,rQaPaQrQaQaP,A,gemma-31b,google/gemma-4-31b-it,io-net,0,1.0,Io Net,A,3.79145e-05,0.9999999682579934,3.9405646999890465e-06,1
comprehension,own,neutral,2210,-1,0,0,0,aPrPaQaPaQ,B,gemma-31b,google/gemma-4-31b-it,io-net,0,1.0,Io Net,B,3.53875e-05,5.723616827161292e-10,0.0,1
comprehension,own,neutral,2210,-1,0,1,0,aPaPrPaQaQ,B,gemma-31b,google/gemma-4-31b-it,io-net,0,1.0,Io Net,B,3.53875e-05,5.547520006764641e-10,5.28793859810861e-08,1
comprehension,own,neutral,2210,1,0,0,0,aPaQaPaQrP,A,gemma-31b,google/gemma-4-31b-it,io-net,0,1.0,Io Net,A,3.53875e-05,0.9999999545317179,8.73419550784238e-06,1
comprehension,own,neutral,2210,1,0,1,0,rPaPaQaPaQ,A,gemma-31b,google/gemma-4-31b-it,io-net,0,1.0,Io Net,A,3.53875e-05,0.9999999645892205,4.2946175654590135e-06,1
comprehension,own,neutral,2211,-1,0,0,0,rQrPaPaQaPaQ,B,gemma-31b,google/gemma-4-31b-it,io-net,0,1.0,Io Net,B,3.79145e-05,5.051074340891596e-10,3.199642273354897e-08,1
comprehension,own,neutral,2211,-1,0,1,0,rPrQaQaPaPaQ,B,gemma-31b,google/gemma-4-31b-it,io-net,0,1.0,Io Net,B,3.79145e-05,3.638152403908085e-10,4.1865056310541604e-08,1
comprehension,own,neutral,2211,1,0,0,0,rQaQrPaQaPaP,A,gemma-31b,google/gemma-4-31b-it,io-net,0,1.0,Io Net,A,3.79145e-05,0.9999999778405095,3.869770721531829e-06,1
comprehension,own,neutral,2211,1,0,1,0,rQaPaQaPrPaQ,A,gemma-31b,google/gemma-4-31b-it,io-net,0,1.0,Io Net,A,3.79145e-05,0.9999999552365948,7.795531351439955e-06,1
comprehension,own,neutral,2220,-1,0,0,0,rPaPaQaQrPaP,B,gemma-31b,google/gemma-4-31b-it,io-net,0,1.0,Io Net,B,3.79145e-05,5.813750744069747e-10,1.8155554837306909e-10,1
comprehension,own,neutral,2220,-1,0,1,0,aQaPaPaQrPrP,B,gemma-31b,google/gemma-4-31b-it,io-net,0,1.0,Io Net,B,3.79145e-05,4.1225668538862615e-10,6.262303586801465e-08,1
comprehension,own,neutral,2220,1,0,0,0,aQrPaPrPaQaP,A,gemma-31b,google/gemma-4-31b-it,io-net,0,1.0,Io Net,A,4.36905e-05,0.99999996110889,5.6129409494731775e-06,1
comprehension,own,neutral,2220,1,0,1,0,rPaQaPaPrPaQ,A,gemma-31b,google/gemma-4-31b-it,io-net,0,1.0,Io Net,A,3.79145e-05,0.9999999572864903,7.092013138310094e-06,1
comprehension,own,neutral,2300,-1,0,0,0,aQaPaQaPaQ,B,gemma-31b,google/gemma-4-31b-it,io-net,0,1.0,Io Net,B,3.53875e-05,7.012721928305935e-10,0.0,1
comprehension,own,neutral,2300,-1,0,1,0,aPaQaPaQaQ,B,gemma-31b,google/gemma-4-31b-it,io-net,0,1.0,Io Net,B,3.53875e-05,8.864911620299443e-10,4.0913139764953144e-08,1
comprehension,own,neutral,2300,1,0,0,0,aQaQaQaPaP,A,gemma-31b,google/gemma-4-31b-it,io-net,0,1.0,Io Net,A,3.53875e-05,0.9999999523496602,6.601910256698318e-06,1
comprehension,own,neutral,2300,1,0,1,0,aQaQaPaPaQ,A,gemma-31b,google/gemma-4-31b-it,io-net,0,1.0,Io Net,A,3.53875e-05,0.999999945154781,8.772457868788663e-06,1
comprehension,own,neutral,2301,-1,0,0,0,aQaQaQrQaPaP,B,gemma-31b,google/gemma-4-31b-it,io-net,0,1.0,Io Net,B,3.79145e-05,6.286163506227706e-10,1.9897332226292974e-08,1
comprehension,own,neutral,2301,-1,0,1,0,aQaPaQaPaQrQ,B,gemma-31b,google/gemma-4-31b-it,io-net,0,1.0,Io Net,B,3.79145e-05,6.587842929982064e-10,4.0913139764953144e-08,1
comprehension,own,neutral,2301,1,0,0,0,aQaQaPaPrQaQ,A,gemma-31b,google/gemma-4-31b-it,io-net,0,1.0,Io Net,A,3.79145e-05,0.999999969711546,4.58851900508872e-06,1
comprehension,own,neutral,2301,1,0,1,0,aQaPaQaPrQaQ,A,gemma-31b,google/gemma-4-31b-it,io-net,0,1.0,Io Net,A,3.79145e-05,0.9999999756625765,3.2321324698880716e-06,1
comprehension,own,neutral,2310,-1,0,0,0,rPaQaQaPaQaP,B,gemma-31b,google/gemma-4-31b-it,io-net,0,1.0,Io Net,B,3.79145e-05,6.09275889454826e-10,7.025911208380364e-08,1
comprehension,own,neutral,2310,-1,0,1,0,aQaPrPaQaQaP,B,gemma-31b,google/gemma-4-31b-it,io-net,0,1.0,Io Net,B,3.79145e-05,4.671480053297081e-10,1.9897332226292974e-08,1
comprehension,own,neutral,2310,1,0,0,0,aQaQaPaQrPaP,A,gemma-31b,google/gemma-4-31b-it,io-net,0,1.0,Io Net,A,3.79145e-05,0.9999999586006513,6.983572149676931e-06,1
comprehension,own,neutral,2310,1,0,1,0,aQrPaPaQaQaP,A,gemma-31b,google/gemma-4-31b-it,io-net,0,1.0,Io Net,A,3.79145e-05,0.9999999508370543,7.044291257640722e-06,1
comprehension,own,neutral,2400,-1,0,0,0,aQaQaQaQaPaP,B,gemma-31b,google/gemma-4-31b-it,io-net,0,1.0,Io Net,B,3.79145e-05,6.587842661648784e-10,1.8155554837306909e-10,1
comprehension,own,neutral,2400,-1,0,1,0,aQaPaPaQaQaQ,B,gemma-31b,google/gemma-4-31b-it,io-net,0,1.0,Io Net,B,3.79145e-05,6.188705611612398e-10,2.59143386749372e-08,1
comprehension,own,neutral,2400,1,0,0,0,aPaQaQaQaQaP,A,gemma-31b,google/gemma-4-31b-it,io-net,0,1.0,Io Net,A,3.79145e-05,0.9999999640315823,6.186486308124017e-06,1
comprehension,own,neutral,2400,1,0,1,0,aPaQaQaQaQaP,A,gemma-31b,google/gemma-4-31b-it,io-net,0,1.0,Io Net,A,3.79145e-05,0.9999999406981455,7.4313330941100375e-06,1
comprehension,own,neutral,3000,-1,0,0,0,aPaPaP,B,gemma-31b,google/gemma-4-31b-it,io-net,0,1.0,Io Net,B,3.61095e-05,6.188705336339373e-10,0.0,1
comprehension,own,neutral,3000,-1,0,1,0,aPaPaP,B,gemma-31b,google/gemma-4-31b-it,io-net,0,1.0,Io Net,B,3.61095e-05,3.8127510914537564e-10,7.025911208380364e-08,1
comprehension,own,neutral,3000,1,0,0,0,aPaPaP,A,gemma-31b,google/gemma-4-31b-it,io-net,0,1.0,Io Net,A,3.61095e-05,0.9999999328021256,1.0382927097318806e-05,1
comprehension,own,neutral,3000,1,0,1,0,aPaPaP,A,gemma-31b,google/gemma-4-31b-it,io-net,0,1.0,Io Net,A,3.61095e-05,0.9999999434137762,1.1223879083477328e-05,1
comprehension,own,neutral,3001,-1,0,0,0,aPaPrQaP,B,gemma-31b,google/gemma-4-31b-it,io-net,0,1.0,Io Net,B,3.28605e-05,8.327814141069416e-10,8.460117573161341e-08,1
comprehension,own,neutral,3001,-1,0,1,0,aPaPrQaP,B,gemma-31b,google/gemma-4-31b-it,io-net,0,1.0,Io Net,B,3.86365e-05,7.823257141030384e-10,5.28793859810861e-08,1
comprehension,own,neutral,3001,1,0,0,0,aPrQaPaP,A,gemma-31b,google/gemma-4-31b-it,io-net,0,1.0,Io Net,A,3.28605e-05,0.9999999579487182,6.704459363682247e-06,1
comprehension,own,neutral,3001,1,0,1,0,rQaPaPaP,A,gemma-31b,google/gemma-4-31b-it,io-net,0,1.0,Io Net,A,3.86365e-05,0.9999999586006041,6.215588522096027e-06,1
comprehension,own,neutral,3002,-1,0,0,0,rQaPaPrQaP,B,gemma-31b,google/gemma-4-31b-it,io-net,0,1.0,Io Net,B,3.53875e-05,6.092758555525775e-10,1.4615603616263684e-08,1
comprehension,own,neutral,3002,-1,0,1,0,aPaPrQrQaP,B,gemma-31b,google/gemma-4-31b-it,io-net,0,1.0,Io Net,B,3.53875e-05,5.211412482130262e-10,0.0,1
comprehension,own,neutral,3002,1,0,0,0,rQaPrQaPaP,A,gemma-31b,google/gemma-4-31b-it,io-net,0,1.0,Io Net,A,4.11635e-05,0.9999999468421104,1.028653514845157e-05,1
comprehension,own,neutral,3002,1,0,1,0,aPrQaPaPrQ,A,gemma-31b,google/gemma-4-31b-it,io-net,0,1.0,Io Net,A,3.53875e-05,0.9999999687501167,3.6509456252664663e-06,1
comprehension,own,neutral,3003,-1,0,0,0,aPrQrQaPaPrQ,B,gemma-31b,google/gemma-4-31b-it,io-net,0,1.0,Io Net,B,3.79145e-05,3.364740970206439e-10,5.28793859810861e-08,1
comprehension,own,neutral,3003,-1,0,1,0,aPrQrQaPaPrQ,B,gemma-31b,google/gemma-4-31b-it,io-net,0,1.0,Io Net,B,3.79145e-05,8.071594293563458e-10,9.169891801441565e-08,1
comprehension,own,neutral,3003,1,0,0,0,aPrQaPrQaPrQ,A,gemma-31b,google/gemma-4-31b-it,io-net,0,1.0,Io Net,A,3.79145e-05,0.9999999176675402,1.1127250685527557e-05,1
comprehension,own,neutral,3003,1,0,1,0,aPrQaPrQrQaP,A,gemma-31b,google/gemma-4-31b-it,io-net,0,1.0,Io Net,A,3.79145e-05,0.9999999530883993,6.8355291760191506e-06,1
comprehension,own,neutral,3010,-1,0,0,0,aPaPrPaP,B,gemma-31b,google/gemma-4-31b-it,io-net,0,1.0,Io Net,B,3.28605e-05,6.587842661648784e-10,1.8155554837306909e-10,1
comprehension,own,neutral,3010,-1,0,1,0,rPaPaPaP,B,gemma-31b,google/gemma-4-31b-it,io-net,0,1.0,Io Net,B,3.28605e-05,8.592167162726782e-10,6.412063402461143e-08,1
comprehension,own,neutral,3010,1,0,0,0,aPaPrPaP,A,gemma-31b,google/gemma-4-31b-it,io-net,0,1.0,Io Net,A,3.86365e-05,0.9999999238549151,1.1215682224618995e-05,1
comprehension,own,neutral,3010,1,0,1,0,aPaPaPrP,A,gemma-31b,google/gemma-4-31b-it,io-net,0,1.0,Io Net,A,3.28605e-05,0.9999999338439534,1.0060466827055414e-05,1
comprehension,own,neutral,3011,-1,0,0,0,aPrPaPaPrQ,B,gemma-31b,google/gemma-4-31b-it,io-net,0,1.0,Io Net,B,3.53875e-05,3.6954450300168586e-10,5.8718032880378246e-08,1
comprehension,own,neutral,3011,-1,0,1,0,aPaPaPrPrQ,B,gemma-31b,google/gemma-4-31b-it,io-net,0,1.0,Io Net,B,3.53875e-05,5.21141265191922e-10,3.199642273354897e-08,1
comprehension,own,neutral,3011,1,0,0,0,aPrPaPrQaP,A,gemma-31b,google/gemma-4-31b-it,io-net,0,1.0,Io Net,A,4.11635e-05,0.9999999442910055,1.0370516073887615e-05,1
comprehension,own,neutral,3011,1,0,1,0,aPaPrQaPrP,A,gemma-31b,google/gemma-4-31b-it,io-net,0,1.0,Io Net,A,3.53875e-05,0.9999999748900115,3.721388132982284e-06,1
comprehension,own,neutral,3012,-1,0,0,0,rPaPrQaPaPrQ,B,gemma-31b,google/gemma-4-31b-it,io-net,0,1.0,Io Net,B,3.79145e-05,5.293480325599951e-10,6.674100605508215e-09,1
comprehension,own,neutral,3012,-1,0,1,0,aPaPrQaPrPrQ,B,gemma-31b,google/gemma-4-31b-it,io-net,0,1.0,Io Net,B,3.79145e-05,4.058652057722445e-10,0.0,1
comprehension,own,neutral,3012,1,0,0,0,rQaPaPrQrPaP,A,gemma-31b,google/gemma-4-31b-it,io-net,0,1.0,Io Net,A,3.79145e-05,0.9999999451547514,7.404412639688829e-06,1
comprehension,own,neutral,3012,1,0,1,0,aPaPrQrQrPaP,A,gemma-31b,google/gemma-4-31b-it,io-net,0,1.0,Io Net,A,3.79145e-05,0.9999999748900118,3.708966103799227e-06,1
comprehension,own,neutral,3020,-1,0,0,0,aPaPrPrPaP,B,gemma-31b,google/gemma-4-31b-it,io-net,0,1.0,Io Net,B,3.53875e-05,3.3125754569925447e-10,4.0913139764953144e-08,1
comprehension,own,neutral,3020,-1,0,1,0,aPaPaPrPrP,B,gemma-31b,google/gemma-4-31b-it,io-net,0,1.0,Io Net,B,3.53875e-05,4.3884492309140225e-10,0.0,1
comprehension,own,neutral,3020,1,0,0,0,rPaPaPrPaP,A,gemma-31b,google/gemma-4-31b-it,io-net,0,1.0,Io Net,A,3.53875e-05,0.9999999640316201,7.046790121312263e-06,1
comprehension,own,neutral,3020,1,0,1,0,rPaPrPaPaP,A,gemma-31b,google/gemma-4-31b-it,io-net,0,1.0,Io Net,A,3.53875e-05,0.9999999442910563,9.458355952340902e-06,1
comprehension,own,neutral,3021,-1,0,0,0,rQaPrPrPaPaP,B,gemma-31b,google/gemma-4-31b-it,io-net,0,1.0,Io Net,B,3.79145e-05,5.905304491801023e-10,8.405057627669521e-08,1
comprehension,own,neutral,3021,-1,0,1,0,aPaPrQaPrPrP,B,gemma-31b,google/gemma-4-31b-it,io-net,0,1.0,Io Net,B,3.79145e-05,4.52775396996004e-10,7.468080920336462e-08,1
comprehension,own,neutral,3021,1,0,0,0,aPaPrPrPrQaP,A,gemma-31b,google/gemma-4-31b-it,io-net,0,1.0,Io Net,A,3.79145e-05,0.9999999854674579,3.4101460483215718e-06,1
comprehension,own,neutral,3021,1,0,1,0,aPrPaPaPrPrQ,A,gemma-31b,google/gemma-4-31b-it,io-net,0,1.0,Io Net,A,3.79145e-05,0.9999999328021433,1.0121323125611426e-05,1
comprehension,own,neutral,3030,-1,0,0,0,aPrPrPaPaPrP,B,gemma-31b,google/gemma-4-31b-it,io-net,0,1.0,Io Net,B,3.79145e-05,4.0586524279318747e-10,7.468080920336462e-08,1
comprehension,own,neutral,3030,-1,0,1,0,rPaPaPaPrPrP,B,gemma-31b,google/gemma-4-31b-it,io-net,0,1.0,Io Net,B,3.79145e-05,7.701969293483697e-10,1.193907811503081e-07,1
comprehension,own,neutral,3030,1,0,0,0,aPaPaPrPrPrP,A,gemma-31b,google/gemma-4-31b-it,io-net,0,1.0,Io Net,A,3.79145e-05,0.9999999202006171,2.0995004640256276e-05,1
comprehension,own,neutral,3030,1,0,1,0,rPaPrPaPaPrP,A,gemma-31b,google/gemma-4-31b-it,io-net,0,1.0,Io Net,A,3.79145e-05,0.9999999523495817,6.339709919700454e-06,1
comprehension,own,neutral,3100,-1,0,0,0,aPaQaPaP,B,gemma-31b,google/gemma-4-31b-it,io-net,0,1.0,Io Net,B,3.28605e-05,6.28616345026623e-10,1.0995006571867805e-08,1
comprehension,own,neutral,3100,-1,0,1,0,aQaPaPaP,B,gemma-31b,google/gemma-4-31b-it,io-net,0,1.0,Io Net,B,3.28605e-05,4.895669330047559e-10,7.468080920336462e-08,1
comprehension,own,neutral,3100,1,0,0,0,aPaPaPaQ,A,gemma-31b,google/gemma-4-31b-it,io-net,0,1.0,Io Net,A,3.28605e-05,0.9999999442910759,1.1014809737974751e-05,1
comprehension,own,neutral,3100,1,0,1,0,aPaPaPaQ,A,gemma-31b,google/gemma-4-31b-it,io-net,0,1.0,Io Net,A,3.28605e-05,0.9999998975356412,1.2635440103436757e-05,1
comprehension,own,neutral,3101,-1,0,0,0,rQaPaPaPaQ,B,gemma-31b,google/gemma-4-31b-it,io-net,0,1.0,Io Net,B,3.53875e-05,4.1874877060297783e-10,3.17516808401308e-08,1
comprehension,own,neutral,3101,-1,0,1,0,aQaPrQaPaP,B,gemma-31b,google/gemma-4-31b-it,io-net,0,1.0,Io Net,B,4.11635e-05,4.972764599679322e-10,1.3492262196379556e-08,1
comprehension,own,neutral,3101,1,0,0,0,aPrQaPaQaP,A,gemma-31b,google/gemma-4-31b-it,io-net,0,1.0,Io Net,A,3.53875e-05,0.9999999651382546,5.029717240145892e-06,1
comprehension,own,neutral,3101,1,0,1,0,aPrQaPaQaP,A,gemma-31b,google/gemma-4-31b-it,io-net,0,1.0,Io Net,A,3.53875e-05,0.9999999052359403,1.2829908032974124e-05,1
comprehension,own,neutral,3102,-1,0,0,0,aPrQaPaPrQaQ,B,gemma-31b,google/gemma-4-31b-it,io-net,0,1.0,Io Net,B,3.79145e-05,6.691586088029944e-10,1.8155554837306909e-10,1
comprehension,own,neutral,3102,-1,0,1,0,aQrQrQaPaPaP,B,gemma-31b,google/gemma-4-31b-it,io-net,0,1.0,Io Net,B,3.79145e-05,4.745045511053307e-10,9.392049760137411e-08,1
comprehension,own,neutral,3102,1,0,0,0,aPaPaPaQrQrQ,A,gemma-31b,google/gemma-4-31b-it,io-net,0,1.0,Io Net,A,3.79145e-05,0.9999999656787103,5.77189033434955e-06,1
comprehension,own,neutral,3102,1,0,1,0,aPaQrQrQaPaP,A,gemma-31b,google/gemma-4-31b-it,io-net,0,1.0,Io Net,A,4.36905e-05,0.999999922655844,6.890855954178043e-06,1
comprehension,own,neutral,3110,-1,0,0,0,aPaPaPaQrP,B,gemma-31b,google/gemma-4-31b-it,io-net,0,1.0,Io Net,B,3.53875e-05,2.7036451366867156e-10,0.0,1
comprehension,own,neutral,3110,-1,0,1,0,aPaQaPaPrP,B,gemma-31b,google/gemma-4-31b-it,io-net,0,1.0,Io Net,B,4.11635e-05,2.969373278209636e-10,0.0,1
comprehension,own,neutral,3110,1,0,0,0,aQaPrPaPaP,A,gemma-31b,google/gemma-4-31b-it,io-net,0,1.0,Io Net,A,3.53875e-05,0.9999999468421756,5.244596705034077e-06,1
comprehension,own,neutral,3110,1,0,1,0,rPaPaPaPaQ,A,gemma-31b,google/gemma-4-31b-it,io-net,0,1.0,Io Net,A,3.53875e-05,0.9999999706434736,4.802611583643035e-06,1
comprehension,own,neutral,3111,-1,0,0,0,aPaQrPrQaPaP,B,gemma-31b,google/gemma-4-31b-it,io-net,0,1.0,Io Net,B,3.79145e-05,3.812751068049266e-10,6.412063402461143e-08,1
comprehension,own,neutral,3111,-1,0,1,0,aPaPaQaPrQrP,B,gemma-31b,google/gemma-4-31b-it,io-net,0,1.0,Io Net,B,3.79145e-05,3.581747838422366e-10,0.0,1
comprehension,own,neutral,3111,1,0,0,0,aQaPaPrQaPrP,A,gemma-31b,google/gemma-4-31b-it,io-net,0,1.0,Io Net,A,3.79145e-05,0.9999999687501328,5.044917543384209e-06,1
comprehension,own,neutral,3111,1,0,1,0,aPaPrQrPaPaQ,A,gemma-31b,google/gemma-4-31b-it,io-net,0,1.0,Io Net,A,3.79145e-05,0.999999963465153,4.533033700293565e-06,1
comprehension,own,neutral,3120,-1,0,0,0,aPrPaPrPaPaQ,B,gemma-31b,google/gemma-4-31b-it,io-net,0,1.0,Io Net,B,3.79145e-05,4.320412744944932e-10,1.0995006571867805e-08,1
comprehension,own,neutral,3120,-1,0,1,0,aQrPaPaPaPrP,B,gemma-31b,google/gemma-4-31b-it,io-net,0,1.0,Io Net,B,3.79145e-05,6.796963633525643e-10,5.8718032880378246e-08,1
comprehension,own,neutral,3120,1,0,0,0,aQaPrPaPaPrP,A,gemma-31b,google/gemma-4-31b-it,io-net,0,1.0,Io Net,A,3.79145e-05,0.999999952349646,8.80622428378608e-06,1
comprehension,own,neutral,3120,1,0,1,0,rPaPaPrPaPaQ,A,gemma-31b,google/gemma-4-31b-it,io-net,0,1.0,Io Net,A,3.79145e-05,0.9999999592424643,5.673061987399031e-06,1
comprehension,own,neutral,3200,-1,0,0,0,aQaPaPaQaP,B,gemma-31b,google/gemma-4-31b-it,io-net,0,1.0,Io Net,B,3.53875e-05,3.995728790584494e-10,5.8718032880378246e-08,1
comprehension,own,neutral,3200,-1,0,1,0,aPaQaPaPaQ,B,gemma-31b,google/gemma-4-31b-it,io-net,0,1.0,Io Net,B,3.53875e-05,9.290347826956963e-10,6.412063402461143e-08,1
comprehension,own,neutral,3200,1,0,0,0,aQaQaPaPaP,A,gemma-31b,google/gemma-4-31b-it,io-net,0,1.0,Io Net,A,3.53875e-05,0.9999999317440422,1.0399272920347258e-05,1
comprehension,own,neutral,3200,1,0,1,0,aPaQaPaQaP,A,gemma-31b,google/gemma-4-31b-it,io-net,0,1.0,Io Net,A,3.53875e-05,0.9999999295772711,9.833651182677983e-06,1
comprehension,own,neutral,3201,-1,0,0,0,rQaQaQaPaPaP,B,gemma-31b,google/gemma-4-31b-it,io-net,0,1.0,Io Net,B,3.79145e-05,8.327813528090913e-10,1.0995006571867805e-08,1
comprehension,own,neutral,3201,-1,0,1,0,aPaQaPaPaQrQ,B,gemma-31b,google/gemma-4-31b-it,io-net,0,1.0,Io Net,B,3.79145e-05,7.823257541162106e-10,1.0402581684942902e-07,1
comprehension,own,neutral,3201,1,0,0,0,aPaPaPaQaQrQ,A,gemma-31b,google/gemma-4-31b-it,io-net,0,1.0,Io Net,A,3.79145e-05,0.999999934869587,1.4192376894262004e-05,1
comprehension,own,neutral,3201,1,0,1,0,aQaPaPrQaQaP,A,gemma-31b,google/gemma-4-31b-it,io-net,0,1.0,Io Net,A,3.79145e-05,0.9999999273418789,7.033478699014495e-06,1
comprehension,own,neutral,3210,-1,0,0,0,rPaPaQaPaPaQ,B,gemma-31b,google/gemma-4-31b-it,io-net,0,1.0,Io Net,B,3.79145e-05,5.723616711667617e-10,0.0,1
comprehension,own,neutral,3210,-1,0,1,0,aQaQaPaPaPrP,B,gemma-31b,google/gemma-4-31b-it,io-net,0,1.0,Io Net,B,3.79145e-05,3.812750943929571e-10,3.1566793179393926e-08,1
comprehension,own,neutral,3210,1,0,0,0,rPaQaPaQaPaP,A,gemma-31b,google/gemma-4-31b-it,io-net,0,1.0,Io Net,A,3.79145e-05,0.9999999760398792,3.814098473720051e-06,1
comprehension,own,neutral,3210,1,0,1,0,aPaPaPrPaQaQ,A,gemma-31b,google/gemma-4-31b-it,io-net,0,1.0,Io Net,A,3.79145e-05,0.9999999617118487,7.312624970667869e-06,1
comprehension,own,neutral,3300,-1,0,0,0,aPaQaPaQaQaP,B,gemma-31b,google/gemma-4-31b-it,io-net,0,1.0,Io Net,B,3.79145e-05,1.2898370453660834e-09,5.3316141723769306e-08,1
comprehension,own,neutral,3300,-1,0,1,0,aQaQaPaPaQaP,B,gemma-31b,google/gemma-4-31b-it,io-net,0,1.0,Io Net,B,3.79145e-05,4.972764672693804e-10,2.817513700126284e-08,1
comprehension,own,neutral,3300,1,0,0,0,aPaQaPaQaPaQ,A,gemma-31b,google/gemma-4-31b-it,io-net,0,1.0,Io Net,A,3.79145e-05,0.9999999317439293,1.396078249626953e-05,1
comprehension,own,neutral,3300,1,0,1,0,aPaPaQaPaQaQ,A,gemma-31b,google/gemma-4-31b-it,io-net,0,1.0,Io Net,A,3.79145e-05,0.9999999238549555,1.0684191397380971e-05,1
comprehension,own,neutral,4000,-1,0,0,0,aPaPaPaP,B,gemma-31b,google/gemma-4-31b-it,io-net,0,1.0,Io Net,B,3.86365e-05,5.051074303258304e-10,2.454587100242378e-08,1
comprehension,own,neutral,4000,-1,0,1,0,aPaPaPaP,B,gemma-31b,google/gemma-4-31b-it,io-net,0,1.0,Io Net,B,3.28605e-05,1.1382771834288973e-09,4.0913139764953144e-08,1
comprehension,own,neutral,4000,1,0,0,0,aPaPaPaP,A,gemma-31b,google/gemma-4-31b-it,io-net,0,1.0,Io Net,A,3.28605e-05,0.9999999406981186,1.169911672527224e-05,1
comprehension,own,neutral,4000,1,0,1,0,aPaPaPaP,A,gemma-31b,google/gemma-4-31b-it,io-net,0,1.0,Io Net,A,3.28605e-05,0.9999999022278148,1.0836563270277821e-05,1
comprehension,own,neutral,4001,-1,0,0,0,aPrQaPaPaP,B,gemma-31b,google/gemma-4-31b-it,io-net,0,1.0,Io Net,B,3.53875e-05,5.547519774410205e-10,1.0995006571867805e-08,1
comprehension,own,neutral,4001,-1,0,1,0,aPrQaPaPaP,B,gemma-31b,google/gemma-4-31b-it,io-net,0,1.0,Io Net,B,3.53875e-05,5.723616805282629e-10,0.0,1
comprehension,own,neutral,4001,1,0,0,0,aPaPrQaPaP,A,gemma-31b,google/gemma-4-31b-it,io-net,0,1.0,Io Net,A,3.53875e-05,0.9999999645892207,6.194457493280403e-06,1
comprehension,own,neutral,4001,1,0,1,0,aPaPaPrQaP,A,gemma-31b,google/gemma-4-31b-it,io-net,0,1.0,Io Net,A,3.53875e-05,0.9999999508370251,7.639471788167818e-06,1
comprehension,own,neutral,4002,-1,0,0,0,aPaPrQaPrQaP,B,gemma-31b,google/gemma-4-31b-it,io-net,0,1.0,Io Net,B,3.79145e-05,5.723617393975593e-10,8.766989756381349e-08,1
comprehension,own,neutral,4002,-1,0,1,0,aPrQaPaPrQaP,B,gemma-31b,google/gemma-4-31b-it,io-net,0,1.0,Io Net,B,3.79145e-05,4.058652465960506e-10,8.405057627669521e-08,1
comprehension,own,neutral,4002,1,0,0,0,aPrQaPaPaPrQ,A,gemma-31b,google/gemma-4-31b-it,io-net,0,1.0,Io Net,A,3.79145e-05,0.9999999645892398,5.653757513490731e-06,1
comprehension,own,neutral,4002,1,0,1,0,aPaPaPrQaPrQ,A,gemma-31b,google/gemma-4-31b-it,io-net,0,1.0,Io Net,A,3.79145e-05,0.9999999706434606,7.151921692205576e-06,1
comprehension,own,neutral,4010,-1,0,0,0,aPrPaPaPaP,B,gemma-31b,google/gemma-4-31b-it,io-net,0,1.0,Io Net,B,4.11635e-05,3.6954448670387535e-10,1.4615603616263684e-08,1
comprehension,own,neutral,4010,-1,0,1,0,aPaPaPaPrP,B,gemma-31b,google/gemma-4-31b-it,io-net,0,1.0,Io Net,B,3.53875e-05,5.376840476222653e-10,1.8155554837306909e-10,1
comprehension,own,neutral,4010,1,0,0,0,aPaPaPaPrP,A,gemma-31b,google/gemma-4-31b-it,io-net,0,1.0,Io Net,A,3.53875e-05,0.9999999640316105,9.219676236238428e-06,1
comprehension,own,neutral,4010,1,0,1,0,aPaPaPrPaP,A,gemma-31b,google/gemma-4-31b-it,io-net,0,1.0,Io Net,A,3.53875e-05,0.9999999816291217,2.796894276291262e-06,1
comprehension,own,neutral,4011,-1,0,0,0,aPrPaPaPaPrQ,B,gemma-31b,google/gemma-4-31b-it,io-net,0,1.0,Io Net,B,3.79145e-05,4.895668873544153e-10,0.0,1
comprehension,own,neutral,4011,-1,0,1,0,aPaPaPrQrPaP,B,gemma-31b,google/gemma-4-31b-it,io-net,0,1.0,Io Net,B,3.79145e-05,4.745045398778948e-10,7.025911208380364e-08,1
comprehension,own,neutral,4011,1,0,0,0,aPaPrPaPrQaP,A,gemma-31b,google/gemma-4-31b-it,io-net,0,1.0,Io Net,A,3.79145e-05,0.9999999592425012,1.048972228678835e-05,1
comprehension,own,neutral,4011,1,0,1,0,aPaPaPrQaPrP,A,gemma-31b,google/gemma-4-31b-it,io-net,0,1.0,Io Net,A,3.79145e-05,0.9999999651382381,5.5034936220499375e-06,1
comprehension,own,neutral,4020,-1,0,0,0,aPrPrPaPaPaP,B,gemma-31b,google/gemma-4-31b-it,io-net,0,1.0,Io Net,B,3.79145e-05,8.327813777243558e-10,4.0913139764953144e-08,1
comprehension,own,neutral,4020,-1,0,1,0,aPrPaPaPrPaP,B,gemma-31b,google/gemma-4-31b-it,io-net,0,1.0,Io Net,B,3.79145e-05,2.206650816015505e-10,0.0,1
comprehension,own,neutral,4020,1,0,0,0,rPaPaPrPaPaP,A,gemma-31b,google/gemma-4-31b-it,io-net,0,1.0,Io Net,A,3.79145e-05,0.9999999697115844,7.135971551996967e-06,1
comprehension,own,neutral,4020,1,0,1,0,rPaPrPaPaPaP,A,gemma-31b,google/gemma-4-31b-it,io-net,0,1.0,Io Net,A,3.79145e-05,0.9999998892095159,1.3512477993415928e-05,1
comprehension,own,neutral,4100,-1,0,0,0,aPaPaPaPaQ,B,gemma-31b,google/gemma-4-31b-it,io-net,0,1.0,Io Net,B,3.53875e-05,8.071593486333799e-10,0.0,1
comprehension,own,neutral,4100,-1,0,1,0,aPaPaPaPaQ,B,gemma-31b,google/gemma-4-31b-it,io-net,0,1.0,Io Net,B,3.53875e-05,5.211412441866946e-10,0.0,1
comprehension,own,neutral,4100,1,0,0,0,aPaQaPaPaP,A,gemma-31b,google/gemma-4-31b-it,io-net,0,1.0,Io Net,A,3.53875e-05,0.9999999586006558,4.965365754006079e-06,1
comprehension,own,neutral,4100,1,0,1,0,aPaPaQaPaP,A,gemma-31b,google/gemma-4-31b-it,io-net,0,1.0,Io Net,A,3.53875e-05,0.9999999744945979,3.2827602862717242e-06,1
comprehension,own,neutral,4101,-1,0,0,0,aPaPrQaPaQaP,B,gemma-31b,google/gemma-4-31b-it,io-net,0,1.0,Io Net,B,3.79145e-05,3.160881312565469e-10,0.0,1
comprehension,own,neutral,4101,-1,0,1,0,aQaPaPaPrQaP,B,gemma-31b,google/gemma-4-31b-it,io-net,0,1.0,Io Net,B,3.79145e-05,3.753639953563222e-10,9.392049760137411e-08,1
comprehension,own,neutral,4101,1,0,0,0,aPaPrQaQaPaP,A,gemma-31b,google/gemma-4-31b-it,io-net,0,1.0,Io Net,A,3.79145e-05,0.9999999662107939,6.321153348642916e-06,1
comprehension,own,neutral,4101,1,0,1,0,aQaPaPaPrQaP,A,gemma-31b,google/gemma-4-31b-it,io-net,0,1.0,Io Net,A,3.79145e-05,0.9999999656786867,4.552884502628807e-06,1
comprehension,own,neutral,4110,-1,0,0,0,aPaPaPaQaPrP,B,gemma-31b,google/gemma-4-31b-it,io-net,0,1.0,Io Net,B,3.79145e-05,4.59905546804612e-10,1.9897332226292974e-08,1
comprehension,own,neutral,4110,-1,0,1,0,rPaQaPaPaPaP,B,gemma-31b,google/gemma-4-31b-it,io-net,0,1.0,Io Net,B,3.79145e-05,5.293480648431094e-10,6.766065419050449e-08,1
comprehension,own,neutral,4110,1,0,0,0,rPaPaPaQaPaP,A,gemma-31b,google/gemma-4-31b-it,io-net,0,1.0,Io Net,A,3.79145e-05,0.9999999682580155,7.060658495872119e-06,1
comprehension,own,neutral,4110,1,0,1,0,rPaPaPaQaPaP,A,gemma-31b,google/gemma-4-31b-it,io-net,0,1.0,Io Net,A,3.79145e-05,0.9999999476662977,7.412420752195281e-06,1
comprehension,own,neutral,4200,-1,0,0,0,aQaPaPaPaQaP,B,gemma-31b,google/gemma-4-31b-it,io-net,0,1.0,Io Net,B,3.79145e-05,5.293480648431094e-10,6.766065419050449e-08,1
comprehension,own,neutral,4200,-1,0,1,0,aQaPaPaPaQaP,B,gemma-31b,google/gemma-4-31b-it,io-net,0,1.0,Io Net,B,3.79145e-05,3.5817480299165305e-10,2.817513700126284e-08,1
comprehension,own,neutral,4200,1,0,0,0,aQaPaPaQaPaP,A,gemma-31b,google/gemma-4-31b-it,io-net,0,1.0,Io Net,A,3.79145e-05,0.9999999492764357,7.427796981818169e-06,1
comprehension,own,neutral,4200,1,0,1,0,aQaPaPaPaPaQ,A,gemma-31b,google/gemma-4-31b-it,io-net,0,1.0,Io Net,A,3.79145e-05,0.9999999434138258,8.440711088297803e-06,1
comprehension,own,neutral,5000,-1,0,0,0,aPaPaPaPaP,B,gemma-31b,google/gemma-4-31b-it,io-net,0,1.0,Io Net,B,3.53875e-05,5.547520127708481e-10,7.468080920336462e-08,1
comprehension,own,neutral,5000,-1,0,1,0,aPaPaPaPaP,B,gemma-31b,google/gemma-4-31b-it,io-net,0,1.0,Io Net,B,3.53875e-05,5.998299509300433e-10,8.460117573161341e-08,1
comprehension,own,neutral,5000,1,0,0,0,aPaPaPaPaP,A,gemma-31b,google/gemma-4-31b-it,io-net,0,1.0,Io Net,A,3.53875e-05,0.9999999416175689,1.0673631333002476e-05,1
comprehension,own,neutral,5000,1,0,1,0,aPaPaPaPaP,A,gemma-31b,google/gemma-4-31b-it,io-net,0,1.0,Io Net,A,3.53875e-05,0.9999999566138063,6.201945728867564e-06,1
comprehension,own,neutral,5001,-1,0,0,0,aPaPrQaPaPaP,B,gemma-31b,google/gemma-4-31b-it,io-net,0,1.0,Io Net,B,3.79145e-05,4.527753629180432e-10,0.0,1
comprehension,own,neutral,5001,-1,0,1,0,aPrQaPaPaPaP,B,gemma-31b,google/gemma-4-31b-it,io-net,0,1.0,Io Net,B,3.79145e-05,3.1118766092421506e-10,2.59143386749372e-08,1
comprehension,own,neutral,5001,1,0,0,0,rQaPaPaPaPaP,A,gemma-31b,google/gemma-4-31b-it,io-net,0,1.0,Io Net,A,4.36905e-05,0.9999998942830631,2.03651914422176e-05,1
comprehension,own,neutral,5001,1,0,1,0,aPaPaPaPaPrQ,A,gemma-31b,google/gemma-4-31b-it,io-net,0,1.0,Io Net,A,3.79145e-05,0.9999999397642415,8.023834228043647e-06,1
comprehension,own,neutral,5010,-1,0,0,0,aPaPaPrPaPaP,B,gemma-31b,google/gemma-4-31b-it,io-net,0,1.0,Io Net,B,3.79145e-05,6.286163750260991e-10,5.8718032880378246e-08,1
comprehension,own,neutral,5010,-1,0,1,0,aPaPrPaPaPaP,B,gemma-31b,google/gemma-4-31b-it,io-net,0,1.0,Io Net,B,3.79145e-05,7.823257571066367e-10,1.0784829851395727e-07,1
comprehension,own,neutral,5010,1,0,0,0,aPaPaPrPaPaP,A,gemma-31b,google/gemma-4-31b-it,io-net,0,1.0,Io Net,A,3.79145e-05,0.9999999328022471,1.0482924366894686e-05,1
comprehension,own,neutral,5010,1,0,1,0,aPaPaPaPaPrP,A,gemma-31b,google/gemma-4-31b-it,io-net,0,1.0,Io Net,A,3.79145e-05,0.99999991097737,9.396601262978699e-06,1
comprehension,own,neutral,5100,-1,0,0,0,aPaPaPaPaQaP,B,gemma-31b,google/gemma-4-31b-it,io-net,0,1.0,Io Net,B,3.79145e-05,4.5277537593937927e-10,2.817513700126284e-08,1
comprehension,own,neutral,5100,-1,0,1,0,aPaPaQaPaPaP,B,gemma-31b,google/gemma-4-31b-it,io-net,0,1.0,Io Net,B,3.79145e-05,4.895668923753062e-10,0.0,1
comprehension,own,neutral,5100,1,0,0,0,aQaPaPaPaPaP,A,gemma-31b,google/gemma-4-31b-it,io-net,0,1.0,Io Net,A,3.79145e-05,0.9999998838926052,1.702579313878072e-05,1
comprehension,own,neutral,5100,1,0,1,0,aPaQaPaPaPaP,A,gemma-31b,google/gemma-4-31b-it,io-net,0,1.0,Io Net,A,3.79145e-05,0.9999999338439394,6.457156683570275e-06,1
comprehension,own,neutral,6000,-1,0,0,0,aPaPaPaPaPaP,B,gemma-31b,google/gemma-4-31b-it,io-net,0,1.0,Io Net,B,3.79145e-05,5.211412760748964e-10,5.28793859810861e-08,1
comprehension,own,neutral,6000,-1,0,1,0,aPaPaPaPaPaP,B,gemma-31b,google/gemma-4-31b-it,io-net,0,1.0,Io Net,B,3.79145e-05,7.582560661519508e-10,3.1566793179393926e-08,1
comprehension,own,neutral,6000,1,0,0,0,aPaPaPaPaPaP,A,gemma-31b,google/gemma-4-31b-it,io-net,0,1.0,Io Net,A,3.79145e-05,0.9999999416175357,9.33511325740266e-06,1
comprehension,own,neutral,6000,1,0,1,0,aPaPaPaPaPaP,A,gemma-31b,google/gemma-4-31b-it,io-net,0,1.0,Io Net,A,3.79145e-05,0.9999999760398611,6.479124281977278e-06,1
comprehension,rival_majority,neutral,0001,-1,0,0,0,rQ,B,gemma-31b,google/gemma-4-31b-it,io-net,0,1.0,Io Net,B,3.21385e-05,5.376830247596045e-10,5.179470186078561e-09,1
comprehension,rival_majority,neutral,0001,-1,0,1,0,rQ,B,gemma-31b,google/gemma-4-31b-it,io-net,0,1.0,Io Net,B,3.21385e-05,6.485707698144578e-10,1.0995006571867805e-08,1
comprehension,rival_majority,neutral,0001,1,0,0,0,rQ,B,gemma-31b,google/gemma-4-31b-it,io-net,0,1.0,Io Net,B,3.21385e-05,4.058652339447471e-10,5.28793859810861e-08,1
comprehension,rival_majority,neutral,0001,1,0,1,0,rQ,B,gemma-31b,google/gemma-4-31b-it,io-net,0,1.0,Io Net,B,3.21385e-05,3.812750899436822e-10,1.9897332226292974e-08,1
comprehension,rival_majority,neutral,0002,-1,0,0,0,rQrQ,B,gemma-31b,google/gemma-4-31b-it,io-net,0,1.0,Io Net,B,3.46655e-05,8.592167056225089e-10,5.1725427385740375e-08,1
comprehension,rival_majority,neutral,0002,-1,0,1,0,rQrQ,B,gemma-31b,google/gemma-4-31b-it,io-net,0,1.0,Io Net,B,3.46655e-05,1.1032560919032859e-09,5.508866562919934e-08,1
comprehension,rival_majority,neutral,0002,1,0,0,0,rQrQ,B,gemma-31b,google/gemma-4-31b-it,io-net,0,1.0,Io Net,B,3.46655e-05,8.592167493994009e-10,1.0267519034989903e-07,1
comprehension,rival_majority,neutral,0002,1,0,1,0,rQrQ,B,gemma-31b,google/gemma-4-31b-it,io-net,0,1.0,Io Net,B,3.46655e-05,3.9337804074628276e-10,0.0,1
comprehension,rival_majority,neutral,0003,-1,0,0,0,rQrQrQ,B,gemma-31b,google/gemma-4-31b-it,io-net,0,1.0,Io Net,B,3.71925e-05,1.4166088425943312e-09,4.0913139764953144e-08,1
comprehension,rival_majority,neutral,0003,-1,0,1,0,rQrQrQ,B,gemma-31b,google/gemma-4-31b-it,io-net,0,1.0,Io Net,B,3.14165e-05,3.8127511589405005e-10,8.795938588601615e-08,1
comprehension,rival_majority,neutral,0003,1,0,0,0,rQrQrQ,B,gemma-31b,google/gemma-4-31b-it,io-net,0,1.0,Io Net,B,3.14165e-05,1.0693124704474488e-09,5.508866562919934e-08,1
comprehension,rival_majority,neutral,0003,1,0,1,0,rQrQrQ,B,gemma-31b,google/gemma-4-31b-it,io-net,0,1.0,Io Net,B,3.14165e-05,5.547520130255118e-10,7.51398677723003e-08,1
comprehension,rival_majority,neutral,0004,-1,0,0,0,rQrQrQrQ,B,gemma-31b,google/gemma-4-31b-it,io-net,0,1.0,Io Net,B,3.39435e-05,8.071593642154221e-10,1.0995006571867805e-08,1
comprehension,rival_majority,neutral,0004,-1,0,1,0,rQrQrQrQ,B,gemma-31b,google/gemma-4-31b-it,io-net,0,1.0,Io Net,B,3.39435e-05,5.21141290374375e-10,8.031815956766053e-08,1
comprehension,rival_majority,neutral,0004,1,0,0,0,rQrQrQrQ,B,gemma-31b,google/gemma-4-31b-it,io-net,0,1.0,Io Net,B,3.39435e-05,8.071594136964163e-10,7.229763510085974e-08,1
comprehension,rival_majority,neutral,0004,1,0,1,0,rQrQrQrQ,B,gemma-31b,google/gemma-4-31b-it,io-net,0,1.0,Io Net,B,3.39435e-05,4.320413039115882e-10,7.908362309461126e-08,1
comprehension,rival_majority,neutral,0005,-1,0,0,0,rQrQrQrQrQ,B,gemma-31b,google/gemma-4-31b-it,io-net,0,1.0,Io Net,B,3.64705e-05,1.2898371492091848e-09,1.3382482921819872e-07,1
comprehension,rival_majority,neutral,0005,-1,0,1,0,rQrQrQrQrQ,B,gemma-31b,google/gemma-4-31b-it,io-net,0,1.0,Io Net,B,3.64705e-05,1.4615769584764139e-09,1.2588334752372532e-07,1
comprehension,rival_majority,neutral,0005,1,0,0,0,rQrQrQrQrQ,B,gemma-31b,google/gemma-4-31b-it,io-net,0,1.0,Io Net,B,3.64705e-05,8.327813602227822e-10,1.9897332226292974e-08,1
comprehension,rival_majority,neutral,0005,1,0,1,0,rQrQrQrQrQ,B,gemma-31b,google/gemma-4-31b-it,io-net,0,1.0,Io Net,B,3.64705e-05,7.823257073478916e-10,4.4244687691374907e-08,1
comprehension,rival_majority,neutral,0006,-1,0,0,0,rQrQrQrQrQrQ,B,gemma-31b,google/gemma-4-31b-it,io-net,0,1.0,Io Net,B,3.89975e-05,7.123156535334258e-10,3.1566793179393926e-08,1
comprehension,rival_majority,neutral,0006,-1,0,1,0,rQrQrQrQrQrQ,B,gemma-31b,google/gemma-4-31b-it,io-net,0,1.0,Io Net,B,3.89975e-05,1.0364131479590056e-09,1.9897332226292974e-08,1
comprehension,rival_majority,neutral,0006,1,0,0,0,rQrQrQrQrQrQ,B,gemma-31b,google/gemma-4-31b-it,io-net,0,1.0,Io Net,B,3.89975e-05,8.327813699408921e-10,3.1566793179393926e-08,1
comprehension,rival_majority,neutral,0006,1,0,1,0,rQrQrQrQrQrQ,B,gemma-31b,google/gemma-4-31b-it,io-net,0,1.0,Io Net,B,3.89975e-05,4.895669213885228e-10,5.095324162596171e-08,1
comprehension,rival_majority,neutral,0010,-1,0,0,0,rP,A,gemma-31b,google/gemma-4-31b-it,io-net,0,1.0,Io Net,A,3.21385e-05,0.9999999202006341,1.1244955332778694e-05,1
comprehension,rival_majority,neutral,0010,-1,0,1,0,rP,A,gemma-31b,google/gemma-4-31b-it,io-net,0,1.0,Io Net,A,3.21385e-05,0.9999999226558077,7.361045099352204e-06,1
comprehension,rival_majority,neutral,0010,1,0,0,0,rP,A,gemma-31b,google/gemma-4-31b-it,io-net,0,1.0,Io Net,A,3.21385e-05,0.9999999778405158,1.6824193413977895e-06,1
comprehension,rival_majority,neutral,0010,1,0,1,0,rP,A,gemma-31b,google/gemma-4-31b-it,io-net,0,1.0,Io Net,A,3.21385e-05,0.9999999837877709,1.9240895753336318e-06,1
comprehension,rival_majority,neutral,0012,-1,0,0,0,rPrQrQ,B,gemma-31b,google/gemma-4-31b-it,io-net,0,1.0,Io Net,B,3.71925e-05,1.4615769265299474e-09,1.0402581684942902e-07,1
comprehension,rival_majority,neutral,0012,-1,0,1,0,rQrQrP,B,gemma-31b,google/gemma-4-31b-it,io-net,0,1.0,Io Net,B,3.71925e-05,1.3307808907974727e-09,7.025911208380364e-08,1
comprehension,rival_majority,neutral,0012,1,0,0,0,rPrQrQ,B,gemma-31b,google/gemma-4-31b-it,io-net,0,1.0,Io Net,B,3.14165e-05,1.3307808651055878e-09,5.095324162596171e-08,1
comprehension,rival_majority,neutral,0012,1,0,1,0,rQrQrP,B,gemma-31b,google/gemma-4-31b-it,io-net,0,1.0,Io Net,B,3.71925e-05,1.2501529109254776e-09,3.6876782738559655e-08,1
comprehension,rival_majority,neutral,0013,-1,0,0,0,rPrQrQrQ,B,gemma-31b,google/gemma-4-31b-it,io-net,0,1.0,Io Net,B,3.39435e-05,1.3730243530657477e-09,2.817513700126284e-08,1
comprehension,rival_majority,neutral,0013,-1,0,1,0,rPrQrQrQ,B,gemma-31b,google/gemma-4-31b-it,io-net,0,1.0,Io Net,B,3.39435e-05,6.092758906968491e-10,7.229763510085974e-08,1
comprehension,rival_majority,neutral,0013,1,0,0,0,rQrPrQrQ,B,gemma-31b,google/gemma-4-31b-it,io-net,0,1.0,Io Net,B,3.39435e-05,5.211412926064318e-10,8.460117573161341e-08,1
comprehension,rival_majority,neutral,0013,1,0,1,0,rPrQrQrQ,B,gemma-31b,google/gemma-4-31b-it,io-net,0,1.0,Io Net,B,3.39435e-05,4.4575575973458194e-10,6.262303586801465e-08,1
comprehension,rival_majority,neutral,0014,-1,0,0,0,rQrQrQrPrQ,B,gemma-31b,google/gemma-4-31b-it,io-net,0,1.0,Io Net,B,3.64705e-05,1.1382771493737685e-09,1.0995006571867805e-08,1
comprehension,rival_majority,neutral,0014,-1,0,1,0,rQrPrQrQrQ,B,gemma-31b,google/gemma-4-31b-it,io-net,0,1.0,Io Net,B,3.64705e-05,5.634880348648414e-10,0.0,1
comprehension,rival_majority,neutral,0014,1,0,0,0,rQrQrQrQrP,B,gemma-31b,google/gemma-4-31b-it,io-net,0,1.0,Io Net,B,3.64705e-05,1.0364131479590056e-09,1.9897332226292974e-08,1
comprehension,rival_majority,neutral,0014,1,0,1,0,rPrQrQrQrQ,B,gemma-31b,google/gemma-4-31b-it,io-net,0,1.0,Io Net,B,3.64705e-05,1.1032561140248985e-09,7.51398677723003e-08,1
comprehension,rival_majority,neutral,0015,-1,0,0,0,rQrQrQrQrPrQ,B,gemma-31b,google/gemma-4-31b-it,io-net,0,1.0,Io Net,B,3.89975e-05,1.0364131187247799e-09,0.0,1
comprehension,rival_majority,neutral,0015,-1,0,1,0,rQrPrQrQrQrQ,B,gemma-31b,google/gemma-4-31b-it,io-net,0,1.0,Io Net,B,3.89975e-05,5.376840749213923e-10,5.095324162596171e-08,1
comprehension,rival_majority,neutral,0015,1,0,0,0,rQrQrQrQrQrP,B,gemma-31b,google/gemma-4-31b-it,io-net,0,1.0,Io Net,B,3.89975e-05,8.327813225926568e-10,0.0,1
comprehension,rival_majority,neutral,0015,1,0,1,0,rPrQrQrQrQrQ,B,gemma-31b,google/gemma-4-31b-it,io-net,0,1.0,Io Net,B,3.89975e-05,3.695445057117e-10,6.605142277571474e-08,1
comprehension,rival_majority,neutral,0020,-1,0,0,0,rPrP,A,gemma-31b,google/gemma-4-31b-it,io-net,0,1.0,Io Net,A,3.46655e-05,0.9999999317440034,1.0967134472572582e-05,1
comprehension,rival_majority,neutral,0020,-1,0,1,0,rPrP,A,gemma-31b,google/gemma-4-31b-it,io-net,0,1.0,Io Net,A,3.46655e-05,0.9999999677581426,3.536140426030343e-06,1
comprehension,rival_majority,neutral,0020,1,0,0,0,rPrP,A,gemma-31b,google/gemma-4-31b-it,io-net,0,1.0,Io Net,A,3.46655e-05,0.9999999468421475,7.680288274358738e-06,1
comprehension,rival_majority,neutral,0020,1,0,1,0,rPrP,A,gemma-31b,google/gemma-4-31b-it,io-net,0,1.0,Io Net,A,3.46655e-05,0.999999909575377,8.492571770490898e-06,1
comprehension,rival_majority,neutral,0021,-1,0,0,0,rPrPrQ,A,gemma-31b,google/gemma-4-31b-it,io-net,0,1.0,Io Net,A,3.14165e-05,0.9999999273418149,7.914301056288764e-06,1
comprehension,rival_majority,neutral,0021,-1,0,1,0,rQrPrP,A,gemma-31b,google/gemma-4-31b-it,io-net,0,1.0,Io Net,A,3.71925e-05,0.9999998310647427,1.1324753807717691e-05,1
comprehension,rival_majority,neutral,0021,1,0,0,0,rPrPrQ,A,gemma-31b,google/gemma-4-31b-it,io-net,0,1.0,Io Net,A,3.14165e-05,0.9999998975354701,8.582995633776846e-06,1
comprehension,rival_majority,neutral,0021,1,0,1,0,rPrQrP,A,gemma-31b,google/gemma-4-31b-it,io-net,0,1.0,Io Net,A,3.14165e-05,0.9999995407867869,2.403616570567646e-05,1
comprehension,rival_majority,neutral,0023,-1,0,0,0,rPrQrQrQrP,B,gemma-31b,google/gemma-4-31b-it,io-net,0,1.0,Io Net,B,3.64705e-05,1.416608819408313e-09,2.454587100242378e-08,1
comprehension,rival_majority,neutral,0023,-1,0,1,0,rQrQrPrQrP,B,gemma-31b,google/gemma-4-31b-it,io-net,0,1.0,Io Net,B,3.64705e-05,1.8189617042439203e-09,1.0995006571867805e-08,1
comprehension,rival_majority,neutral,0023,1,0,0,0,rPrQrPrQrQ,B,gemma-31b,google/gemma-4-31b-it,io-net,0,1.0,Io Net,B,3.64705e-05,8.071594099536332e-10,6.766065419050449e-08,1
comprehension,rival_majority,neutral,0023,1,0,1,0,rQrQrQrPrP,B,gemma-31b,google/gemma-4-31b-it,io-net,0,1.0,Io Net,B,3.64705e-05,1.1744099925650358e-09,5.1725427385740375e-08,1
comprehension,rival_majority,neutral,0024,-1,0,0,0,rQrQrQrPrPrQ,B,gemma-31b,google/gemma-4-31b-it,io-net,0,1.0,Io Net,B,3.89975e-05,1.1744100395103069e-09,9.169891801441565e-08,1
comprehension,rival_majority,neutral,0024,-1,0,1,0,rQrQrPrQrQrP,B,gemma-31b,google/gemma-4-31b-it,io-net,0,1.0,Io Net,B,3.89975e-05,7.582561063655966e-10,8.460117573161341e-08,1
comprehension,rival_majority,neutral,0024,1,0,0,0,rQrPrQrQrQrP,B,gemma-31b,google/gemma-4-31b-it,io-net,0,1.0,Io Net,B,3.89975e-05,7.582560635802069e-10,2.817513700126284e-08,1
comprehension,rival_majority,neutral,0024,1,0,1,0,rQrQrPrPrQrQ,B,gemma-31b,google/gemma-4-31b-it,io-net,0,1.0,Io Net,B,3.89975e-05,6.092758373967591e-10,0.0,1
comprehension,rival_majority,neutral,0030,-1,0,0,0,rPrPrP,A,gemma-31b,google/gemma-4-31b-it,io-net,0,1.0,Io Net,A,3.71925e-05,0.9999998975356185,1.4765197954846876e-05,1
comprehension,rival_majority,neutral,0030,-1,0,1,0,rPrPrP,A,gemma-31b,google/gemma-4-31b-it,io-net,0,1.0,Io Net,A,3.71925e-05,0.9999999500628133,3.978135143745121e-06,1
comprehension,rival_majority,neutral,0030,1,0,0,0,rPrPrP,A,gemma-31b,google/gemma-4-31b-it,io-net,0,1.0,Io Net,A,3.71925e-05,0.9999999425227138,8.602891078068886e-06,1
comprehension,rival_majority,neutral,0030,1,0,1,0,rPrPrP,A,gemma-31b,google/gemma-4-31b-it,io-net,0,1.0,Io Net,A,3.71925e-05,0.999999950062783,4.585020206171464e-06,1
comprehension,rival_majority,neutral,0031,-1,0,0,0,rQrPrPrP,A,gemma-31b,google/gemma-4-31b-it,io-net,0,1.0,Io Net,A,3.39435e-05,0.9999999785222865,3.8146827137097716e-06,1
comprehension,rival_majority,neutral,0031,-1,0,1,0,rPrPrPrQ,A,gemma-31b,google/gemma-4-31b-it,io-net,0,1.0,Io Net,A,3.39435e-05,0.9999999798235409,2.6225975204852148e-06,1
comprehension,rival_majority,neutral,0031,1,0,0,0,rPrPrPrQ,A,gemma-31b,google/gemma-4-31b-it,io-net,0,1.0,Io Net,A,3.39435e-05,0.9999999451546969,4.582984807321999e-06,1
comprehension,rival_majority,neutral,0031,1,0,1,0,rQrPrPrP,A,gemma-31b,google/gemma-4-31b-it,io-net,0,1.0,Io Net,A,3.97195e-05,0.9999999250354806,6.794883226968196e-06,1
comprehension,rival_majority,neutral,0032,-1,0,0,0,rPrPrPrQrQ,A,gemma-31b,google/gemma-4-31b-it,io-net,0,1.0,Io Net,A,3.64705e-05,0.9999999006880791,9.413057683649306e-06,1
comprehension,rival_majority,neutral,0032,-1,0,1,0,rPrQrQrPrP,A,gemma-31b,google/gemma-4-31b-it,io-net,0,1.0,Io Net,A,3.64705e-05,0.999999846182715,9.290855139343357e-06,1
comprehension,rival_majority,neutral,0032,1,0,0,0,rPrQrQrPrP,A,gemma-31b,google/gemma-4-31b-it,io-net,0,1.0,Io Net,A,3.64705e-05,0.9999999732705372,6.219603174706378e-07,1
comprehension,rival_majority,neutral,0032,1,0,1,0,rQrQrPrPrP,A,gemma-31b,google/gemma-4-31b-it,io-net,0,1.0,Io Net,A,3.64705e-05,0.9999999317439514,4.100088069836083e-06,1
comprehension,rival_majority,neutral,0040,-1,0,0,0,rPrPrPrP,A,gemma-31b,google/gemma-4-31b-it,io-net,0,1.0,Io Net,A,3.39435e-05,0.9999999451547713,7.043434328668496e-06,1
comprehension,rival_majority,neutral,0040,-1,0,1,0,rPrPrPrP,A,gemma-31b,google/gemma-4-31b-it,io-net,0,1.0,Io Net,A,3.39435e-05,0.9999999706434411,2.0891765044606103e-06,1
comprehension,rival_majority,neutral,0040,1,0,0,0,rPrPrPrP,A,gemma-31b,google/gemma-4-31b-it,io-net,0,1.0,Io Net,A,3.39435e-05,0.9999999442910499,7.666211922940924e-06,1
comprehension,rival_majority,neutral,0040,1,0,1,0,rPrPrPrP,A,gemma-31b,google/gemma-4-31b-it,io-net,0,1.0,Io Net,A,3.39435e-05,0.9999999176674628,6.346226076758832e-06,1
comprehension,rival_majority,neutral,0041,-1,0,0,0,rPrQrPrPrP,A,gemma-31b,google/gemma-4-31b-it,io-net,0,1.0,Io Net,A,3.64705e-05,0.9999999378522075,5.245181341817506e-06,1
comprehension,rival_majority,neutral,0041,-1,0,1,0,rPrQrPrPrP,A,gemma-31b,google/gemma-4-31b-it,io-net,0,1.0,Io Net,A,3.64705e-05,0.9999999338439708,4.076051721257912e-06,1
comprehension,rival_majority,neutral,0041,1,0,0,0,rQrPrPrPrP,A,gemma-31b,google/gemma-4-31b-it,io-net,0,1.0,Io Net,A,3.64705e-05,0.9999999468421281,6.138609350614388e-06,1
comprehension,rival_majority,neutral,0041,1,0,1,0,rPrPrPrPrQ,A,gemma-31b,google/gemma-4-31b-it,io-net,0,1.0,Io Net,A,3.64705e-05,0.9999999545316577,6.240708601890077e-06,1
comprehension,rival_majority,neutral,0042,-1,0,0,0,rQrPrPrPrPrQ,A,gemma-31b,google/gemma-4-31b-it,io-net,0,1.0,Io Net,A,3.89975e-05,0.9999999677581624,2.9251345605718626e-06,1
comprehension,rival_majority,neutral,0042,-1,0,1,0,rPrPrQrPrPrQ,A,gemma-31b,google/gemma-4-31b-it,io-net,0,1.0,Io Net,A,3.89975e-05,0.9999999338440522,4.751814419390321e-06,1
comprehension,rival_majority,neutral,0042,1,0,0,0,rQrPrPrPrPrQ,A,gemma-31b,google/gemma-4-31b-it,io-net,0,1.0,Io Net,A,3.89975e-05,0.9999999715466773,2.951770010861665e-06,1
comprehension,rival_majority,neutral,0042,1,0,1,0,rQrPrPrPrQrP,A,gemma-31b,google/gemma-4-31b-it,io-net,0,1.0,Io Net,A,3.89975e-05,0.9999999378521374,4.467784694761612e-06,1
comprehension,rival_majority,neutral,0050,-1,0,0,0,rPrPrPrPrP,A,gemma-31b,google/gemma-4-31b-it,io-net,0,1.0,Io Net,A,3.64705e-05,0.9999999295773256,1.2874437631205105e-05,1
comprehension,rival_majority,neutral,0050,-1,0,1,0,rPrPrPrPrP,A,gemma-31b,google/gemma-4-31b-it,io-net,0,1.0,Io Net,A,3.64705e-05,0.9999999295772893,7.669982173497125e-06,1
comprehension,rival_majority,neutral,0050,1,0,0,0,rPrPrPrPrP,A,gemma-31b,google/gemma-4-31b-it,io-net,0,1.0,Io Net,A,3.64705e-05,0.9999998942830002,1.1423116244801967e-05,1
comprehension,rival_majority,neutral,0050,1,0,1,0,rPrPrPrPrP,A,gemma-31b,google/gemma-4-31b-it,io-net,0,1.0,Io Net,A,3.64705e-05,0.999999925035402,5.935139443580262e-06,1
comprehension,rival_majority,neutral,0051,-1,0,0,0,rPrQrPrPrPrP,A,gemma-31b,google/gemma-4-31b-it,io-net,0,1.0,Io Net,A,3.89975e-05,0.9999999656786814,4.706201255921805e-06,1
comprehension,rival_majority,neutral,0051,-1,0,1,0,rPrPrPrPrQrP,A,gemma-31b,google/gemma-4-31b-it,io-net,0,1.0,Io Net,A,3.89975e-05,0.9999999611089198,2.9413322830684763e-06,1
comprehension,rival_majority,neutral,0051,1,0,0,0,rPrPrPrQrPrP,A,gemma-31b,google/gemma-4-31b-it,io-net,0,1.0,Io Net,A,3.89975e-05,0.99999997154664,4.263062880704993e-06,1
comprehension,rival_majority,neutral,0051,1,0,1,0,rPrPrPrPrQrP,A,gemma-31b,google/gemma-4-31b-it,io-net,0,1.0,Io Net,A,3.89975e-05,0.9999998975354814,4.659276429452852e-06,1
comprehension,rival_majority,neutral,0060,-1,0,0,0,rPrPrPrPrPrP,A,gemma-31b,google/gemma-4-31b-it,io-net,0,1.0,Io Net,A,3.89975e-05,0.999999970643422,4.649140571300059e-06,1
comprehension,rival_majority,neutral,0060,-1,0,1,0,rPrPrPrPrPrP,A,gemma-31b,google/gemma-4-31b-it,io-net,0,1.0,Io Net,A,3.89975e-05,0.999999973270557,3.695474326548265e-06,1
comprehension,rival_majority,neutral,0060,1,0,0,0,rPrPrPrPrPrP,A,gemma-31b,google/gemma-4-31b-it,io-net,0,1.0,Io Net,A,3.89975e-05,0.9999999559305891,7.748543787378104e-06,1
comprehension,rival_majority,neutral,0060,1,0,1,0,rPrPrPrPrPrP,A,gemma-31b,google/gemma-4-31b-it,io-net,0,1.0,Io Net,A,3.89975e-05,0.9999999328022305,8.821409409609515e-06,1
comprehension,rival_majority,neutral,0101,-1,0,0,0,aQrQ,B,gemma-31b,google/gemma-4-31b-it,io-net,0,1.0,Io Net,B,2.88895e-05,6.286163753110425e-10,5.917131939980891e-08,1
comprehension,rival_majority,neutral,0101,-1,0,1,0,aQrQ,B,gemma-31b,google/gemma-4-31b-it,io-net,0,1.0,Io Net,B,3.46655e-05,7.349269905872851e-10,4.655110563689391e-08,1
comprehension,rival_majority,neutral,0101,1,0,0,0,rQaQ,B,gemma-31b,google/gemma-4-31b-it,io-net,0,1.0,Io Net,B,2.88895e-05,6.485707528359031e-10,0.0,1
comprehension,rival_majority,neutral,0101,1,0,1,0,rQaQ,B,gemma-31b,google/gemma-4-31b-it,io-net,0,1.0,Io Net,B,2.88895e-05,6.691586031209417e-10,0.0,1
comprehension,rival_majority,neutral,0102,-1,0,0,0,rQaQrQ,B,gemma-31b,google/gemma-4-31b-it,io-net,0,1.0,Io Net,B,3.14165e-05,1.2116897674848744e-09,5.1725427385740375e-08,1
comprehension,rival_majority,neutral,0102,-1,0,1,0,rQaQrQ,B,gemma-31b,google/gemma-4-31b-it,io-net,0,1.0,Io Net,B,3.71925e-05,8.071593662311054e-10,1.3492262196379556e-08,1
comprehension,rival_majority,neutral,0102,1,0,0,0,rQaQrQ,B,gemma-31b,google/gemma-4-31b-it,io-net,0,1.0,Io Net,B,3.14165e-05,9.146314122048759e-10,4.0913139764953144e-08,1
comprehension,rival_majority,neutral,0102,1,0,1,0,aQrQrQ,B,gemma-31b,google/gemma-4-31b-it,io-net,0,1.0,Io Net,B,3.14165e-05,5.723617229728594e-10,5.897353694273022e-08,1
comprehension,rival_majority,neutral,0103,-1,0,0,0,aQrQrQrQ,B,gemma-31b,google/gemma-4-31b-it,io-net,0,1.0,Io Net,B,3.39435e-05,6.904000273326369e-10,6.412063402461143e-08,1
comprehension,rival_majority,neutral,0103,-1,0,1,0,rQrQrQaQ,B,gemma-31b,google/gemma-4-31b-it,io-net,0,1.0,Io Net,B,3.39435e-05,9.736200877708407e-10,5.897353694273022e-08,1
comprehension,rival_majority,neutral,0103,1,0,0,0,rQaQrQrQ,B,gemma-31b,google/gemma-4-31b-it,io-net,0,1.0,Io Net,B,2.81675e-05,1.0045260944565598e-09,4.655110563689391e-08,1
comprehension,rival_majority,neutral,0103,1,0,1,0,rQrQrQaQ,B,gemma-31b,google/gemma-4-31b-it,io-net,0,1.0,Io Net,B,3.39435e-05,3.5817478544393515e-10,0.0,1
comprehension,rival_majority,neutral,0104,-1,0,0,0,rQrQrQrQaQ,B,gemma-31b,google/gemma-4-31b-it,io-net,0,1.0,Io Net,B,3.64705e-05,8.864912007590054e-10,8.460117573161341e-08,1
comprehension,rival_majority,neutral,0104,-1,0,1,0,rQrQrQaQrQ,B,gemma-31b,google/gemma-4-31b-it,io-net,0,1.0,Io Net,B,3.64705e-05,7.823257355690982e-10,8.031815956766053e-08,1
comprehension,rival_majority,neutral,0104,1,0,0,0,rQrQaQrQrQ,B,gemma-31b,google/gemma-4-31b-it,io-net,0,1.0,Io Net,B,3.64705e-05,8.327813310081956e-10,0.0,1
comprehension,rival_majority,neutral,0104,1,0,1,0,rQaQrQrQrQ,B,gemma-31b,google/gemma-4-31b-it,io-net,0,1.0,Io Net,B,3.64705e-05,6.691586131475368e-10,6.674100605508215e-09,1
comprehension,rival_majority,neutral,0105,-1,0,0,0,rQrQrQrQaQrQ,B,gemma-31b,google/gemma-4-31b-it,io-net,0,1.0,Io Net,B,3.89975e-05,1.1032561244631453e-09,8.460117573161341e-08,1
comprehension,rival_majority,neutral,0105,-1,0,1,0,rQrQrQrQrQaQ,B,gemma-31b,google/gemma-4-31b-it,io-net,0,1.0,Io Net,B,3.89975e-05,4.1874878988980125e-10,7.780989819128337e-08,1
comprehension,rival_majority,neutral,0105,1,0,0,0,rQrQrQrQrQaQ,B,gemma-31b,google/gemma-4-31b-it,io-net,0,1.0,Io Net,B,3.89975e-05,1.7087564854938673e-09,6.927209428297942e-08,1
comprehension,rival_majority,neutral,0105,1,0,1,0,aQrQrQrQrQrQ,B,gemma-31b,google/gemma-4-31b-it,io-net,0,1.0,Io Net,B,3.89975e-05,6.90399977326675e-10,0.0,1
comprehension,rival_majority,neutral,0110,-1,0,0,0,rPaQ,A,gemma-31b,google/gemma-4-31b-it,io-net,0,1.0,Io Net,A,2.88895e-05,0.9999999719877619,4.492822263335583e-06,1
comprehension,rival_majority,neutral,0110,-1,0,1,0,rPaQ,A,gemma-31b,google/gemma-4-31b-it,io-net,0,1.0,Io Net,A,2.88895e-05,0.9999999645892176,4.376115670501335e-06,1
comprehension,rival_majority,neutral,0110,1,0,0,0,aQrP,A,gemma-31b,google/gemma-4-31b-it,io-net,0,1.0,Io Net,A,3.46655e-05,0.9999999397642418,4.203873972374872e-06,1
comprehension,rival_majority,neutral,0110,1,0,1,0,rPaQ,A,gemma-31b,google/gemma-4-31b-it,io-net,0,1.0,Io Net,A,3.46655e-05,0.999999973270546,2.1986414380226194e-06,1
comprehension,rival_majority,neutral,0112,-1,0,0,0,rPrQrQaQ,B,gemma-31b,google/gemma-4-31b-it,io-net,0,1.0,Io Net,B,3.39435e-05,1.936274892756593e-09,1.3382482921819872e-07,1
comprehension,rival_majority,neutral,0112,-1,0,1,0,aQrQrPrQ,B,gemma-31b,google/gemma-4-31b-it,io-net,0,1.0,Io Net,B,3.39435e-05,1.762998095000111e-09,0.0,1
comprehension,rival_majority,neutral,0112,1,0,0,0,rQaQrPrQ,B,gemma-31b,google/gemma-4-31b-it,io-net,0,1.0,Io Net,B,3.39435e-05,1.1382772366510524e-09,8.766989756381349e-08,1
comprehension,rival_majority,neutral,0112,1,0,1,0,rPaQrQrQ,B,gemma-31b,google/gemma-4-31b-it,io-net,0,1.0,Io Net,B,3.39435e-05,1.1032560219585613e-09,0.0,1
comprehension,rival_majority,neutral,0113,-1,0,0,0,rQrQaQrQrP,B,gemma-31b,google/gemma-4-31b-it,io-net,0,1.0,Io Net,B,3.64705e-05,1.7629981726855808e-09,3.17516808401308e-08,1
comprehension,rival_majority,neutral,0113,-1,0,1,0,rPrQaQrQrQ,B,gemma-31b,google/gemma-4-31b-it,io-net,0,1.0,Io Net,B,3.64705e-05,1.1032561458935017e-09,1.0402581684942902e-07,1
comprehension,rival_majority,neutral,0113,1,0,0,0,aQrQrQrPrQ,B,gemma-31b,google/gemma-4-31b-it,io-net,0,1.0,Io Net,B,3.64705e-05,1.5558405633321024e-09,1.193907811503081e-07,1
comprehension,rival_majority,neutral,0113,1,0,1,0,aQrPrQrQrQ,B,gemma-31b,google/gemma-4-31b-it,io-net,0,1.0,Io Net,B,3.64705e-05,1.0364132022673723e-09,7.229763510085974e-08,1
comprehension,rival_majority,neutral,0114,-1,0,0,0,rPrQrQrQrQaQ,B,gemma-31b,google/gemma-4-31b-it,io-net,0,1.0,Io Net,B,3.89975e-05,7.823257186707623e-10,5.8718032880378246e-08,1
comprehension,rival_majority,neutral,0114,-1,0,1,0,rQaQrPrQrQrQ,B,gemma-31b,google/gemma-4-31b-it,io-net,0,1.0,Io Net,B,3.89975e-05,1.0364131342542743e-09,6.674100605508215e-09,1
comprehension,rival_majority,neutral,0114,1,0,0,0,rQrPrQrQrQaQ,B,gemma-31b,google/gemma-4-31b-it,io-net,0,1.0,Io Net,B,3.89975e-05,9.7362001557015e-10,0.0,1
comprehension,rival_majority,neutral,0114,1,0,1,0,rQrQaQrPrQrQ,B,gemma-31b,google/gemma-4-31b-it,io-net,0,1.0,Io Net,B,3.89975e-05,6.092758397257307e-10,0.0,1
comprehension,rival_majority,neutral,0120,-1,0,0,0,rPaQrP,A,gemma-31b,google/gemma-4-31b-it,io-net,0,1.0,Io Net,A,3.71925e-05,0.9999999202006848,1.0609514100035078e-05,1
comprehension,rival_majority,neutral,0120,-1,0,1,0,aQrPrP,A,gemma-31b,google/gemma-4-31b-it,io-net,0,1.0,Io Net,A,3.14165e-05,0.9999998874649318,1.2516818850283329e-05,1
comprehension,rival_majority,neutral,0120,1,0,0,0,rPrPaQ,A,gemma-31b,google/gemma-4-31b-it,io-net,0,1.0,Io Net,A,3.14165e-05,0.999999929577309,7.390921354266666e-06,1
comprehension,rival_majority,neutral,0120,1,0,1,0,rPaQrP,A,gemma-31b,google/gemma-4-31b-it,io-net,0,1.0,Io Net,A,3.14165e-05,0.9999999176674945,9.77506576371745e-06,1
comprehension,rival_majority,neutral,0121,-1,0,0,0,aQrPrQrP,A,gemma-31b,google/gemma-4-31b-it,io-net,0,1.0,Io Net,A,3.39435e-05,0.9999999202006468,5.364389089490551e-06,1
comprehension,rival_majority,neutral,0121,-1,0,1,0,aQrQrPrP,A,gemma-31b,google/gemma-4-31b-it,io-net,0,1.0,Io Net,A,3.97195e-05,0.9999999250354331,3.6131421480289916e-06,1
comprehension,rival_majority,neutral,0121,1,0,0,0,aQrPrQrP,A,gemma-31b,google/gemma-4-31b-it,io-net,0,1.0,Io Net,A,3.97195e-05,0.9999999273418678,1.4625054488570655e-06,1
comprehension,rival_majority,neutral,0121,1,0,1,0,rPaQrPrQ,A,gemma-31b,google/gemma-4-31b-it,io-net,0,1.0,Io Net,A,3.39435e-05,0.9999999176674872,4.142431804687874e-06,1
comprehension,rival_majority,neutral,0123,-1,0,0,0,rQrPaQrQrQrP,B,gemma-31b,google/gemma-4-31b-it,io-net,0,1.0,Io Net,B,3.89975e-05,1.555837446465917e-09,2.340476967788163e-08,1
comprehension,rival_majority,neutral,0123,-1,0,1,0,rQrPaQrQrQrP,B,gemma-31b,google/gemma-4-31b-it,io-net,0,1.0,Io Net,B,3.89975e-05,1.2116897050296925e-09,1.8155554837306909e-10,1
comprehension,rival_majority,neutral,0123,1,0,0,0,rQrQaQrQrPrP,B,gemma-31b,google/gemma-4-31b-it,io-net,0,1.0,Io Net,B,3.89975e-05,1.5079723048830947e-09,6.851653711059669e-08,1
comprehension,rival_majority,neutral,0123,1,0,1,0,rPrPrQrQaQrQ,B,gemma-31b,google/gemma-4-31b-it,io-net,0,1.0,Io Net,B,3.89975e-05,1.4615767958500411e-09,1.4615603616263684e-08,1
comprehension,rival_majority,neutral,0130,-1,0,0,0,aQrPrPrP,A,gemma-31b,google/gemma-4-31b-it,io-net,0,1.0,Io Net,A,3.39435e-05,0.9999999515992583,5.072815576823153e-06,1
comprehension,rival_majority,neutral,0130,-1,0,1,0,rPrPaQrP,A,gemma-31b,google/gemma-4-31b-it,io-net,0,1.0,Io Net,A,3.97195e-05,0.9999999515992498,5.245181341817506e-06,1
comprehension,rival_majority,neutral,0130,1,0,0,0,rPrPrPaQ,A,gemma-31b,google/gemma-4-31b-it,io-net,0,1.0,Io Net,A,3.39435e-05,0.9999999451547652,5.245181341817506e-06,1
comprehension,rival_majority,neutral,0130,1,0,1,0,rPrPrPaQ,A,gemma-31b,google/gemma-4-31b-it,io-net,0,1.0,Io Net,A,3.39435e-05,0.9999998838926439,8.109267071065851e-06,1
comprehension,rival_majority,neutral,0131,-1,0,0,0,aQrQrPrPrP,A,gemma-31b,google/gemma-4-31b-it,io-net,0,1.0,Io Net,A,3.64705e-05,0.9999995947454037,3.821707889495318e-05,1
comprehension,rival_majority,neutral,0131,-1,0,1,0,rPrQrPaQrP,A,gemma-31b,google/gemma-4-31b-it,io-net,0,1.0,Io Net,A,4.22465e-05,0.9999999451547166,4.225360356269192e-06,1
comprehension,rival_majority,neutral,0131,1,0,0,0,rPrQrPaQrP,A,gemma-31b,google/gemma-4-31b-it,io-net,0,1.0,Io Net,A,4.22465e-05,0.9999999656787061,2.0796067458084266e-06,1
comprehension,rival_majority,neutral,0131,1,0,1,0,rPrPrQaQrP,A,gemma-31b,google/gemma-4-31b-it,io-net,0,1.0,Io Net,A,3.64705e-05,0.9999999226558386,5.053753473927003e-06,1
comprehension,rival_majority,neutral,0132,-1,0,0,0,rPrQrQrPrPaQ,A,gemma-31b,google/gemma-4-31b-it,io-net,0,1.0,Io Net,A,3.89975e-05,0.9999999378522075,3.337849079798616e-06,1
comprehension,rival_majority,neutral,0132,-1,0,1,0,aQrPrQrQrPrP,A,gemma-31b,google/gemma-4-31b-it,io-net,0,1.0,Io Net,A,3.89975e-05,0.9999999378522113,3.277227498377222e-06,1
comprehension,rival_majority,neutral,0132,1,0,0,0,rPaQrPrQrQrP,A,gemma-31b,google/gemma-4-31b-it,io-net,0,1.0,Io Net,A,3.89975e-05,0.9999687986754311,1.2932503322679512e-05,0
comprehension,rival_majority,neutral,0132,1,0,1,0,rPrPrQrPrQaQ,A,gemma-31b,google/gemma-4-31b-it,io-net,0,1.0,Io Net,A,3.89975e-05,0.999999929577339,1.0777505485837224e-05,1
comprehension,rival_majority,neutral,0140,-1,0,0,0,rPrPaQrPrP,A,gemma-31b,google/gemma-4-31b-it,io-net,0,1.0,Io Net,A,3.64705e-05,0.999999951599198,6.318052378384564e-06,1
comprehension,rival_majority,neutral,0140,-1,0,1,0,rPaQrPrPrP,A,gemma-31b,google/gemma-4-31b-it,io-net,0,1.0,Io Net,A,3.64705e-05,0.9999999545316779,5.795752786919017e-06,1
comprehension,rival_majority,neutral,0140,1,0,0,0,rPaQrPrPrP,A,gemma-31b,google/gemma-4-31b-it,io-net,0,1.0,Io Net,A,3.64705e-05,0.9999999827421749,1.754870882275661e-06,1
comprehension,rival_majority,neutral,0140,1,0,1,0,rPaQrPrPrP,A,gemma-31b,google/gemma-4-31b-it,io-net,0,1.0,Io Net,A,3.64705e-05,0.9999999295772887,5.770798537696464e-06,1
comprehension,rival_majority,neutral,0141,-1,0,0,0,aQrQrPrPrPrP,A,gemma-31b,google/gemma-4-31b-it,io-net,0,1.0,Io Net,A,3.89975e-05,0.9999999037434942,1.0358742318694603e-05,1
comprehension,rival_majority,neutral,0141,-1,0,1,0,rPaQrPrPrQrP,A,gemma-31b,google/gemma-4-31b-it,io-net,0,1.0,Io Net,A,3.89975e-05,0.9999999095755406,4.775022573233478e-06,1
comprehension,rival_majority,neutral,0141,1,0,0,0,rQrPrPaQrPrP,A,gemma-31b,google/gemma-4-31b-it,io-net,0,1.0,Io Net,A,3.89975e-05,0.9999999358793814,5.925820175001206e-06,1
comprehension,rival_majority,neutral,0141,1,0,1,0,aQrPrQrPrPrP,A,gemma-31b,google/gemma-4-31b-it,io-net,0,1.0,Io Net,A,3.89975e-05,0.9999999559305559,2.781215527880576e-06,1
comprehension,rival_majority,neutral,0150,-1,0,0,0,aQrPrPrPrPrP,A,gemma-31b,google/gemma-4-31b-it,io-net,0,1.0,Io Net,A,3.89975e-05,0.9999999273417809,1.0288769043076407e-05,1
comprehension,rival_majority,neutral,0150,-1,0,1,0,rPrPrPrPrPaQ,A,gemma-31b,google/gemma-4-31b-it,io-net,0,1.0,Io Net,A,3.89975e-05,0.9999999756625448,2.6225975204852148e-06,1
comprehension,rival_majority,neutral,0150,1,0,0,0,rPaQrPrPrPrP,A,gemma-31b,google/gemma-4-31b-it,io-net,0,1.0,Io Net,A,3.89975e-05,0.9999999623054094,4.611446153157672e-06,1
comprehension,rival_majority,neutral,0150,1,0,1,0,rPrPrPrPaQrP,A,gemma-31b,google/gemma-4-31b-it,io-net,0,1.0,Io Net,A,3.89975e-05,0.9999998764042793,1.165249681711611e-05,1
comprehension,rival_majority,neutral,0201,-1,0,0,0,aQaQrQ,B,gemma-31b,google/gemma-4-31b-it,io-net,0,1.0,Io Net,B,3.14165e-05,8.592167069892773e-10,5.3316141723769306e-08,1
comprehension,rival_majority,neutral,0201,-1,0,1,0,aQrQaQ,B,gemma-31b,google/gemma-4-31b-it,io-net,0,1.0,Io Net,B,3.14165e-05,5.905304237061315e-10,4.0913139764953144e-08,1
comprehension,rival_majority,neutral,0201,1,0,0,0,aQaQrQ,B,gemma-31b,google/gemma-4-31b-it,io-net,0,1.0,Io Net,B,3.14165e-05,1.3730244024197937e-09,6.412063402461143e-08,1
comprehension,rival_majority,neutral,0201,1,0,1,0,rQaQaQ,B,gemma-31b,google/gemma-4-31b-it,io-net,0,1.0,Io Net,B,3.71925e-05,3.526218268626525e-10,5.508866562919934e-08,1
comprehension,rival_majority,neutral,0202,-1,0,0,0,aQrQrQaQ,B,gemma-31b,google/gemma-4-31b-it,io-net,0,1.0,Io Net,B,3.39435e-05,7.1231563887982e-10,1.0995006571867805e-08,1
comprehension,rival_majority,neutral,0202,-1,0,1,0,aQaQrQrQ,B,gemma-31b,google/gemma-4-31b-it,io-net,0,1.0,Io Net,B,3.97195e-05,7.34927037878635e-10,1.1089946305720133e-07,1
comprehension,rival_majority,neutral,0202,1,0,0,0,aQrQaQrQ,B,gemma-31b,google/gemma-4-31b-it,io-net,0,1.0,Io Net,B,3.39435e-05,1.5079721890311316e-09,0.0,1
comprehension,rival_majority,neutral,0202,1,0,1,0,rQaQaQrQ,B,gemma-31b,google/gemma-4-31b-it,io-net,0,1.0,Io Net,B,3.39435e-05,5.211412927559006e-10,8.488798619588067e-08,1
comprehension,rival_majority,neutral,0203,-1,0,0,0,rQaQrQaQrQ,B,gemma-31b,google/gemma-4-31b-it,io-net,0,1.0,Io Net,B,4.22465e-05,1.7087565107466963e-09,8.405057627669521e-08,1
comprehension,rival_majority,neutral,0203,-1,0,1,0,rQrQrQaQaQ,B,gemma-31b,google/gemma-4-31b-it,io-net,0,1.0,Io Net,B,3.64705e-05,8.071593714010177e-10,1.9897332226292974e-08,1
comprehension,rival_majority,neutral,0203,1,0,0,0,rQrQrQaQaQ,B,gemma-31b,google/gemma-4-31b-it,io-net,0,1.0,Io Net,B,3.64705e-05,7.823257374124875e-10,8.267445317233779e-08,1
comprehension,rival_majority,neutral,0203,1,0,1,0,aQaQrQrQrQ,B,gemma-31b,google/gemma-4-31b-it,io-net,0,1.0,Io Net,B,3.64705e-05,5.211412829393889e-10,6.605142277571474e-08,1
comprehension,rival_majority,neutral,0204,-1,0,0,0,rQrQaQrQaQrQ,B,gemma-31b,google/gemma-4-31b-it,io-net,0,1.0,Io Net,B,3.89975e-05,6.286163399608584e-10,2.9364115583518924e-09,1
comprehension,rival_majority,neutral,0204,-1,0,1,0,rQrQaQaQrQrQ,B,gemma-31b,google/gemma-4-31b-it,io-net,0,1.0,Io Net,B,3.89975e-05,7.823257311588537e-10,7.468080920336462e-08,1
comprehension,rival_majority,neutral,0204,1,0,0,0,rQrQaQrQaQrQ,B,gemma-31b,google/gemma-4-31b-it,io-net,0,1.0,Io Net,B,3.89975e-05,7.123156979489496e-10,9.392049760137411e-08,1
comprehension,rival_majority,neutral,0204,1,0,1,0,rQaQaQrQrQrQ,B,gemma-31b,google/gemma-4-31b-it,io-net,0,1.0,Io Net,B,3.89975e-05,3.581748061083634e-10,3.6876782738559655e-08,1
comprehension,rival_majority,neutral,0210,-1,0,0,0,rPaQaQ,A,gemma-31b,google/gemma-4-31b-it,io-net,0,1.0,Io Net,A,3.14165e-05,0.9999999476662708,9.834037807410212e-06,1
comprehension,rival_majority,neutral,0210,-1,0,1,0,aQrPaQ,A,gemma-31b,google/gemma-4-31b-it,io-net,0,1.0,Io Net,A,3.14165e-05,0.999999927341783,1.0259403123602517e-05,1
comprehension,rival_majority,neutral,0210,1,0,0,0,rPaQaQ,A,gemma-31b,google/gemma-4-31b-it,io-net,0,1.0,Io Net,A,3.14165e-05,0.9999999706434521,3.6272185531815992e-06,1
comprehension,rival_majority,neutral,0210,1,0,1,0,rPaQaQ,A,gemma-31b,google/gemma-4-31b-it,io-net,0,1.0,Io Net,A,3.14165e-05,0.9999999764113513,1.703190308455227e-06,1
comprehension,rival_majority,neutral,0212,-1,0,0,0,aQaQrQrQrP,B,gemma-31b,google/gemma-4-31b-it,io-net,0,1.0,Io Net,B,3.64705e-05,3.617430603721952e-09,6.986832423727662e-08,1
comprehension,rival_majority,neutral,0212,-1,0,1,0,aQrPaQrQrQ,B,gemma-31b,google/gemma-4-31b-it,io-net,0,1.0,Io Net,B,3.64705e-05,1.5079723641943079e-09,1.0784829851395727e-07,1
comprehension,rival_majority,neutral,0212,1,0,0,0,aQrQrQrPaQ,B,gemma-31b,google/gemma-4-31b-it,io-net,0,1.0,Io Net,B,3.64705e-05,2.2637344956707648e-09,4.655110563689391e-08,1
comprehension,rival_majority,neutral,0212,1,0,1,0,aQrPaQrQrQ,B,gemma-31b,google/gemma-4-31b-it,io-net,0,1.0,Io Net,B,3.64705e-05,1.1382771534950114e-09,1.4615603616263684e-08,1
comprehension,rival_majority,neutral,0213,-1,0,0,0,rQrQrQrPaQaQ,B,gemma-31b,google/gemma-4-31b-it,io-net,0,1.0,Io Net,B,3.89975e-05,1.6052280573224648e-09,2.9364115583518924e-09,1
comprehension,rival_majority,neutral,0213,-1,0,1,0,aQrQrPaQrQrQ,B,gemma-31b,google/gemma-4-31b-it,io-net,0,1.0,Io Net,B,3.89975e-05,5.376840853018521e-10,7.025911208380364e-08,1
comprehension,rival_majority,neutral,0213,1,0,0,0,aQaQrQrPrQrQ,B,gemma-31b,google/gemma-4-31b-it,io-net,0,1.0,Io Net,B,3.89975e-05,4.599055495718667e-10,2.59143386749372e-08,1
comprehension,rival_majority,neutral,0213,1,0,1,0,aQaQrPrQrQrQ,B,gemma-31b,google/gemma-4-31b-it,io-net,0,1.0,Io Net,B,3.89975e-05,6.904000346233827e-10,7.468080920336462e-08,1
comprehension,rival_majority,neutral,0220,-1,0,0,0,rPaQaQrP,A,gemma-31b,google/gemma-4-31b-it,io-net,0,1.0,Io Net,A,3.39435e-05,0.9999999358793527,8.280460770948572e-06,1
comprehension,rival_majority,neutral,0220,-1,0,1,0,aQrPaQrP,A,gemma-31b,google/gemma-4-31b-it,io-net,0,1.0,Io Net,A,3.39435e-05,0.9999999397642079,4.768348844774728e-06,1
comprehension,rival_majority,neutral,0220,1,0,0,0,aQaQrPrP,A,gemma-31b,google/gemma-4-31b-it,io-net,0,1.0,Io Net,A,3.39435e-05,0.9999998362622358,1.5735378727010918e-05,1
comprehension,rival_majority,neutral,0220,1,0,1,0,aQrPaQrP,A,gemma-31b,google/gemma-4-31b-it,io-net,0,1.0,Io Net,A,3.39435e-05,0.9999999317440162,5.057717481937729e-06,1
comprehension,rival_majority,neutral,0221,-1,0,0,0,aQaQrPrQrP,A,gemma-31b,google/gemma-4-31b-it,io-net,0,1.0,Io Net,A,3.64705e-05,0.9999999150540413,5.245181341817506e-06,1
comprehension,rival_majority,neutral,0221,-1,0,1,0,rPrQrPaQaQ,A,gemma-31b,google/gemma-4-31b-it,io-net,0,1.0,Io Net,A,3.64705e-05,0.999999789756684,1.037110075052805e-05,1
comprehension,rival_majority,neutral,0221,1,0,0,0,aQaQrPrPrQ,A,gemma-31b,google/gemma-4-31b-it,io-net,0,1.0,Io Net,A,3.64705e-05,0.9999999598743207,4.529932283614535e-06,1
comprehension,rival_majority,neutral,0221,1,0,1,0,rPrQaQrPaQ,A,gemma-31b,google/gemma-4-31b-it,io-net,0,1.0,Io Net,A,3.64705e-05,0.999999883892665,6.972805646321412e-06,1
comprehension,rival_majority,neutral,0230,-1,0,0,0,aQrPaQrPrP,A,gemma-31b,google/gemma-4-31b-it,io-net,0,1.0,Io Net,A,3.64705e-05,0.9999999724220718,3.7563004569030056e-06,1
comprehension,rival_majority,neutral,0230,-1,0,1,0,aQaQrPrPrP,A,gemma-31b,google/gemma-4-31b-it,io-net,0,1.0,Io Net,A,3.64705e-05,0.9999999284682687,6.102588859246971e-06,1
comprehension,rival_majority,neutral,0230,1,0,0,0,rPrPrPaQaQ,A,gemma-31b,google/gemma-4-31b-it,io-net,0,1.0,Io Net,A,3.64705e-05,0.9999999559305806,6.034168580693056e-06,1
comprehension,rival_majority,neutral,0230,1,0,1,0,rPrPaQrPaQ,A,gemma-31b,google/gemma-4-31b-it,io-net,0,1.0,Io Net,A,3.64705e-05,0.9999999273417821,4.549829006994521e-06,1
comprehension,rival_majority,neutral,0231,-1,0,0,0,rPrPrPrQaQaQ,A,gemma-31b,google/gemma-4-31b-it,io-net,0,1.0,Io Net,A,3.89975e-05,0.9999999295772585,1.0013480164827726e-05,1
comprehension,rival_majority,neutral,0231,-1,0,1,0,rPaQrPrPaQrQ,A,gemma-31b,google/gemma-4-31b-it,io-net,0,1.0,Io Net,A,3.89975e-05,0.9999999611088828,3.8937816200235176e-06,1
comprehension,rival_majority,neutral,0231,1,0,0,0,rPaQaQrPrQrP,A,gemma-31b,google/gemma-4-31b-it,io-net,0,1.0,Io Net,A,3.89975e-05,0.9999999484776259,2.284868466650991e-06,1
comprehension,rival_majority,neutral,0231,1,0,1,0,aQrPrPrQaQrP,A,gemma-31b,google/gemma-4-31b-it,io-net,0,1.0,Io Net,A,3.89975e-05,0.9999998764043672,7.127216925972846e-06,1
comprehension,rival_majority,neutral,0240,-1,0,0,0,rPaQaQrPrPrP,A,gemma-31b,google/gemma-4-31b-it,io-net,0,1.0,Io Net,A,3.89975e-05,0.99999995308839,7.033298793368559e-06,1
comprehension,rival_majority,neutral,0240,-1,0,1,0,rPaQrPaQrPrP,A,gemma-31b,google/gemma-4-31b-it,io-net,0,1.0,Io Net,A,3.89975e-05,0.9999999667346655,3.8565471626172965e-06,1
comprehension,rival_majority,neutral,0240,1,0,0,0,rPrPrPaQaQrP,A,gemma-31b,google/gemma-4-31b-it,io-net,0,1.0,Io Net,A,3.89975e-05,0.9999999821943419,2.3640038138150743e-06,1
comprehension,rival_majority,neutral,0240,1,0,1,0,rPaQrPrPrPaQ,A,gemma-31b,google/gemma-4-31b-it,io-net,0,1.0,Io Net,A,3.89975e-05,0.9999999572864949,3.17023981755149e-06,1
comprehension,rival_majority,neutral,0301,-1,0,0,0,aQaQrQaQ,B,gemma-31b,google/gemma-4-31b-it,io-net,0,1.0,Io Net,B,3.39435e-05,1.0693124377876569e-09,2.454587100242378e-08,1
comprehension,rival_majority,neutral,0301,-1,0,1,0,aQrQaQaQ,B,gemma-31b,google/gemma-4-31b-it,io-net,0,1.0,Io Net,B,3.39435e-05,8.071593780825256e-10,2.817513700126284e-08,1
comprehension,rival_majority,neutral,0301,1,0,0,0,aQaQaQrQ,B,gemma-31b,google/gemma-4-31b-it,io-net,0,1.0,Io Net,B,3.39435e-05,1.4166088128231517e-09,1.9897332226292974e-08,1
comprehension,rival_majority,neutral,0301,1,0,1,0,rQaQaQaQ,B,gemma-31b,google/gemma-4-31b-it,io-net,0,1.0,Io Net,B,3.39435e-05,1.0693124913975738e-09,7.468080920336462e-08,1
comprehension,rival_majority,neutral,0302,-1,0,0,0,aQrQaQaQrQ,B,gemma-31b,google/gemma-4-31b-it,io-net,0,1.0,Io Net,B,3.64705e-05,1.1032561787694496e-09,1.3382482921819872e-07,1
comprehension,rival_majority,neutral,0302,-1,0,1,0,aQrQrQaQaQ,B,gemma-31b,google/gemma-4-31b-it,io-net,0,1.0,Io Net,B,3.64705e-05,6.485707794907008e-10,2.59143386749372e-08,1
comprehension,rival_majority,neutral,0302,1,0,0,0,aQaQrQrQaQ,B,gemma-31b,google/gemma-4-31b-it,io-net,0,1.0,Io Net,B,3.64705e-05,8.592167564658345e-10,1.1089946305720133e-07,1
comprehension,rival_majority,neutral,0302,1,0,1,0,aQaQaQrQrQ,B,gemma-31b,google/gemma-4-31b-it,io-net,0,1.0,Io Net,B,3.64705e-05,7.123156673426972e-10,5.095324162596171e-08,1
comprehension,rival_majority,neutral,0303,-1,0,0,0,rQaQaQrQaQrQ,B,gemma-31b,google/gemma-4-31b-it,io-net,0,1.0,Io Net,B,3.89975e-05,6.903999716486373e-10,0.0,1
comprehension,rival_majority,neutral,0303,-1,0,1,0,rQrQaQrQaQaQ,B,gemma-31b,google/gemma-4-31b-it,io-net,0,1.0,Io Net,B,3.89975e-05,8.071593980227929e-10,5.28793859810861e-08,1
comprehension,rival_majority,neutral,0303,1,0,0,0,rQaQaQrQaQrQ,B,gemma-31b,google/gemma-4-31b-it,io-net,0,1.0,Io Net,B,3.89975e-05,6.691585976175989e-10,0.0,1
comprehension,rival_majority,neutral,0303,1,0,1,0,rQaQrQrQaQaQ,B,gemma-31b,google/gemma-4-31b-it,io-net,0,1.0,Io Net,B,3.89975e-05,8.864911726379163e-10,5.28793859810861e-08,1
comprehension,rival_majority,neutral,0310,-1,0,0,0,aQaQrPaQ,A,gemma-31b,google/gemma-4-31b-it,io-net,0,1.0,Io Net,A,3.39435e-05,0.9999999176675897,6.712551362531016e-06,1
comprehension,rival_majority,neutral,0310,-1,0,1,0,aQrPaQaQ,A,gemma-31b,google/gemma-4-31b-it,io-net,0,1.0,Io Net,A,3.39435e-05,0.9999998764042953,1.1523675707447723e-05,1
comprehension,rival_majority,neutral,0310,1,0,0,0,rPaQaQaQ,A,gemma-31b,google/gemma-4-31b-it,io-net,0,1.0,Io Net,A,3.39435e-05,0.9999999451546898,4.713503790054752e-06,1
comprehension,rival_majority,neutral,0310,1,0,1,0,aQaQaQrP,A,gemma-31b,google/gemma-4-31b-it,io-net,0,1.0,Io Net,A,3.39435e-05,0.9999999667346889,3.1523104743191865e-06,1
comprehension,rival_majority,neutral,0312,-1,0,0,0,rQrPrQaQaQaQ,B,gemma-31b,google/gemma-4-31b-it,io-net,0,1.0,Io Net,B,3.89975e-05,2.194086734082759e-09,5.8718032880378246e-08,1
comprehension,rival_majority,neutral,0312,-1,0,1,0,aQrQrQaQaQrP,B,gemma-31b,google/gemma-4-31b-it,io-net,0,1.0,Io Net,B,3.89975e-05,2.4097329184414378e-09,8.460117573161341e-08,1
comprehension,rival_majority,neutral,0312,1,0,0,0,rQaQrQrPaQaQ,B,gemma-31b,google/gemma-4-31b-it,io-net,0,1.0,Io Net,B,3.89975e-05,8.071593554872439e-10,1.8155554837306909e-10,1
comprehension,rival_majority,neutral,0312,1,0,1,0,rQrPaQaQrQaQ,B,gemma-31b,google/gemma-4-31b-it,io-net,0,1.0,Io Net,B,3.89975e-05,8.592166727719343e-10,1.3492262196379556e-08,1
comprehension,rival_majority,neutral,0320,-1,0,0,0,rPrPaQaQaQ,A,gemma-31b,google/gemma-4-31b-it,io-net,0,1.0,Io Net,A,3.64705e-05,0.9999999358793562,1.0132687344066582e-05,1
comprehension,rival_majority,neutral,0320,-1,0,1,0,aQaQaQrPrP,A,gemma-31b,google/gemma-4-31b-it,io-net,0,1.0,Io Net,A,3.64705e-05,0.9999998942830597,7.046790121312263e-06,1
comprehension,rival_majority,neutral,0320,1,0,0,0,rPrPaQaQaQ,A,gemma-31b,google/gemma-4-31b-it,io-net,0,1.0,Io Net,A,3.64705e-05,0.9999999037436423,1.072872120821966e-05,1
comprehension,rival_majority,neutral,0320,1,0,1,0,aQrPaQrPaQ,A,gemma-31b,google/gemma-4-31b-it,io-net,0,1.0,Io Net,A,3.64705e-05,0.9999998838925641,9.749776324841086e-06,1
comprehension,rival_majority,neutral,0321,-1,0,0,0,aQaQrPaQrQrP,A,gemma-31b,google/gemma-4-31b-it,io-net,0,1.0,Io Net,A,3.89975e-05,0.9999999598743285,2.426044692249718e-06,1
comprehension,rival_majority,neutral,0321,-1,0,1,0,aQrPaQaQrQrP,A,gemma-31b,google/gemma-4-31b-it,io-net,0,1.0,Io Net,A,3.89975e-05,0.9999999416175407,3.5265396649553082e-06,1
comprehension,rival_majority,neutral,0321,1,0,0,0,aQrPrQrPaQaQ,A,gemma-31b,google/gemma-4-31b-it,io-net,0,1.0,Io Net,A,4.47735e-05,0.9999964991523399,7.921190548754287e-06,0
comprehension,rival_majority,neutral,0321,1,0,1,0,rQaQrPaQaQrP,A,gemma-31b,google/gemma-4-31b-it,io-net,0,1.0,Io Net,A,4.47735e-05,0.9999999500627874,2.5879891291102908e-06,1
comprehension,rival_majority,neutral,0330,-1,0,0,0,rPaQrPaQaQrP,A,gemma-31b,google/gemma-4-31b-it,io-net,0,1.0,Io Net,A,3.89975e-05,0.9999999778405266,3.0994319502042345e-06,1
comprehension,rival_majority,neutral,0330,-1,0,1,0,rPrPaQaQrPaQ,A,gemma-31b,google/gemma-4-31b-it,io-net,0,1.0,Io Net,A,3.89975e-05,0.9999999545316379,4.768348844774728e-06,1
comprehension,rival_majority,neutral,0330,1,0,0,0,rPaQaQrPrPaQ,A,gemma-31b,google/gemma-4-31b-it,io-net,0,1.0,Io Net,A,3.89975e-05,0.9999999785222845,2.003690958707338e-06,1
comprehension,rival_majority,neutral,0330,1,0,1,0,rPrPaQaQrPaQ,A,gemma-31b,google/gemma-4-31b-it,io-net,0,1.0,Io Net,A,3.89975e-05,0.9999999378521672,3.9869436814221615e-06,1
comprehension,rival_majority,neutral,0401,-1,0,0,0,rQaQaQaQaQ,B,gemma-31b,google/gemma-4-31b-it,io-net,0,1.0,Io Net,B,4.22465e-05,5.376840927173036e-10,8.405057627669521e-08,1
comprehension,rival_majority,neutral,0401,-1,0,1,0,aQaQaQrQaQ,B,gemma-31b,google/gemma-4-31b-it,io-net,0,1.0,Io Net,B,3.64705e-05,5.998299082767865e-10,1.3492262196379556e-08,1
comprehension,rival_majority,neutral,0401,1,0,0,0,aQrQaQaQaQ,B,gemma-31b,google/gemma-4-31b-it,io-net,0,1.0,Io Net,B,3.64705e-05,8.864911730250965e-10,5.3316141723769306e-08,1
comprehension,rival_majority,neutral,0401,1,0,1,0,aQrQaQaQaQ,B,gemma-31b,google/gemma-4-31b-it,io-net,0,1.0,Io Net,B,3.64705e-05,5.376840980242037e-10,9.392049760137411e-08,1
comprehension,rival_majority,neutral,0402,-1,0,0,0,aQaQaQrQrQaQ,B,gemma-31b,google/gemma-4-31b-it,io-net,0,1.0,Io Net,B,3.89975e-05,1.0527343482872517e-09,8.460117573161341e-08,1
comprehension,rival_majority,neutral,0402,-1,0,1,0,aQrQaQrQaQaQ,B,gemma-31b,google/gemma-4-31b-it,io-net,0,1.0,Io Net,B,3.89975e-05,7.946455095827175e-10,1.8155554837306909e-10,1
comprehension,rival_majority,neutral,0402,1,0,0,0,rQaQaQaQaQrQ,B,gemma-31b,google/gemma-4-31b-it,io-net,0,1.0,Io Net,B,3.89975e-05,1.1744100539871422e-09,1.0402581684942902e-07,1
comprehension,rival_majority,neutral,0402,1,0,1,0,rQaQaQrQaQaQ,B,gemma-31b,google/gemma-4-31b-it,io-net,0,1.0,Io Net,B,3.89975e-05,4.457557315597733e-10,0.0,1
comprehension,rival_majority,neutral,0410,-1,0,0,0,aQaQaQrPaQ,A,gemma-31b,google/gemma-4-31b-it,io-net,0,1.0,Io Net,A,3.64705e-05,0.9999997617632357,2.0369185007806934e-05,1
comprehension,rival_majority,neutral,0410,-1,0,1,0,rPaQaQaQaQ,A,gemma-31b,google/gemma-4-31b-it,io-net,0,1.0,Io Net,A,3.64705e-05,0.999999846182709,1.2190945089640692e-05,1
comprehension,rival_majority,neutral,0410,1,0,0,0,aQaQaQaQrP,A,gemma-31b,google/gemma-4-31b-it,io-net,0,1.0,Io Net,A,3.64705e-05,0.9999998802069275,1.2538473823431318e-05,1
comprehension,rival_majority,neutral,0410,1,0,1,0,aQaQaQaQrP,A,gemma-31b,google/gemma-4-31b-it,io-net,0,1.0,Io Net,A,3.64705e-05,0.9999999226558093,7.341194829146858e-06,1
comprehension,rival_majority,neutral,0420,-1,0,0,0,rPaQaQrPaQaQ,A,gemma-31b,google/gemma-4-31b-it,io-net,0,1.0,Io Net,A,3.89975e-05,0.9999999397643083,6.914090789900129e-06,1
comprehension,rival_majority,neutral,0420,-1,0,1,0,rPaQaQrPaQaQ,A,gemma-31b,google/gemma-4-31b-it,io-net,0,1.0,Io Net,A,3.89975e-05,0.9999999358794293,5.179025703960782e-06,1
comprehension,rival_majority,neutral,0420,1,0,0,0,aQaQaQaQrPrP,A,gemma-31b,google/gemma-4-31b-it,io-net,0,1.0,Io Net,A,3.89975e-05,0.9999999623054364,5.80352650136895e-06,1
comprehension,rival_majority,neutral,0420,1,0,1,0,aQaQrPaQaQrP,A,gemma-31b,google/gemma-4-31b-it,io-net,0,1.0,Io Net,A,3.89975e-05,0.999999903743539,7.98695867165744e-06,1
comprehension,rival_majority,neutral,0501,-1,0,0,0,aQaQaQrQaQaQ,B,gemma-31b,google/gemma-4-31b-it,io-net,0,1.0,Io Net,B,3.89975e-05,6.286163473025895e-10,1.4615603616263684e-08,1
comprehension,rival_majority,neutral,0501,-1,0,1,0,aQaQaQaQaQrQ,B,gemma-31b,google/gemma-4-31b-it,io-net,0,1.0,Io Net,B,3.89975e-05,1.5079723533296975e-09,1.0064351840810559e-07,1
comprehension,rival_majority,neutral,0501,1,0,0,0,aQaQaQaQaQrQ,B,gemma-31b,google/gemma-4-31b-it,io-net,0,1.0,Io Net,B,3.89975e-05,6.485708221566605e-10,9.169891801441565e-08,1
comprehension,rival_majority,neutral,0501,1,0,1,0,aQaQrQaQaQaQ,B,gemma-31b,google/gemma-4-31b-it,io-net,0,1.0,Io Net,B,3.89975e-05,8.327813702986796e-10,3.199642273354897e-08,1
comprehension,rival_majority,neutral,0510,-1,0,0,0,aQaQaQaQaQrP,A,gemma-31b,google/gemma-4-31b-it,io-net,0,1.0,Io Net,A,3.89975e-05,0.9999999515992021,1.0047742147634153e-05,1
comprehension,rival_majority,neutral,0510,-1,0,1,0,aQaQaQaQaQrP,A,gemma-31b,google/gemma-4-31b-it,io-net,0,1.0,Io Net,A,3.89975e-05,0.9999998909271014,1.026202895937356e-05,1
comprehension,rival_majority,neutral,0510,1,0,0,0,aQaQaQrPaQaQ,A,gemma-31b,google/gemma-4-31b-it,io-net,0,1.0,Io Net,A,3.89975e-05,0.9999999764113475,1.8646315418369142e-06,1
comprehension,rival_majority,neutral,0510,1,0,1,0,rPaQaQaQaQaQ,A,gemma-31b,google/gemma-4-31b-it,io-net,0,1.0,Io Net,A,3.89975e-05,0.9999999732705344,2.6360892240173683e-06,1
comprehension,rival_majority,neutral,1001,-1,0,0,0,aPrQ,B,gemma-31b,google/gemma-4-31b-it,io-net,0,1.0,Io Net,B,3.46655e-05,6.691586539572171e-10,6.766065419050449e-08,1
comprehension,rival_majority,neutral,1001,-1,0,1,0,rQaP,B,gemma-31b,google/gemma-4-31b-it,io-net,0,1.0,Io Net,B,2.88895e-05,1.0693125020055466e-09,8.460117573161341e-08,1
comprehension,rival_majority,neutral,1001,1,0,0,0,aPrQ,B,gemma-31b,google/gemma-4-31b-it,io-net,0,1.0,Io Net,B,2.88895e-05,5.0510743907388e-10,4.1865056310541604e-08,1
comprehension,rival_majority,neutral,1001,1,0,1,0,aPrQ,B,gemma-31b,google/gemma-4-31b-it,io-net,0,1.0,Io Net,B,2.88895e-05,5.376840771449441e-10,5.508866562919934e-08,1
comprehension,rival_majority,neutral,1002,-1,0,0,0,rQrQaP,B,gemma-31b,google/gemma-4-31b-it,io-net,0,1.0,Io Net,B,3.14165e-05,9.146313984865009e-10,2.59143386749372e-08,1
comprehension,rival_majority,neutral,1002,-1,0,1,0,aPrQrQ,B,gemma-31b,google/gemma-4-31b-it,io-net,0,1.0,Io Net,B,3.71925e-05,1.7629981723596242e-09,3.1566793179393926e-08,1
comprehension,rival_majority,neutral,1002,1,0,0,0,aPrQrQ,B,gemma-31b,google/gemma-4-31b-it,io-net,0,1.0,Io Net,B,3.14165e-05,1.1032561108891877e-09,7.229763510085974e-08,1
comprehension,rival_majority,neutral,1002,1,0,1,0,rQrQaP,B,gemma-31b,google/gemma-4-31b-it,io-net,0,1.0,Io Net,B,3.14165e-05,7.582561135675956e-10,9.409928380943455e-08,1
comprehension,rival_majority,neutral,1003,-1,0,0,0,rQrQrQaP,B,gemma-31b,google/gemma-4-31b-it,io-net,0,1.0,Io Net,B,3.39435e-05,7.349269559465749e-10,0.0,1
comprehension,rival_majority,neutral,1003,-1,0,1,0,rQaPrQrQ,B,gemma-31b,google/gemma-4-31b-it,io-net,0,1.0,Io Net,B,3.39435e-05,5.376840792337777e-10,5.897353694273022e-08,1
comprehension,rival_majority,neutral,1003,1,0,0,0,rQaPrQrQ,B,gemma-31b,google/gemma-4-31b-it,io-net,0,1.0,Io Net,B,3.39435e-05,4.4575575637609284e-10,5.508866562919934e-08,1
comprehension,rival_majority,neutral,1003,1,0,1,0,rQrQrQaP,B,gemma-31b,google/gemma-4-31b-it,io-net,0,1.0,Io Net,B,3.39435e-05,6.903999711489455e-10,0.0,1
comprehension,rival_majority,neutral,1004,-1,0,0,0,aPrQrQrQrQ,B,gemma-31b,google/gemma-4-31b-it,io-net,0,1.0,Io Net,B,3.64705e-05,1.1744099939202565e-09,5.28793859810861e-08,1
comprehension,rival_majority,neutral,1004,-1,0,1,0,rQaPrQrQrQ,B,gemma-31b,google/gemma-4-31b-it,io-net,0,1.0,Io Net,B,3.64705e-05,7.34927011260565e-10,7.468080920336462e-08,1
comprehension,rival_majority,neutral,1004,1,0,0,0,rQrQaPrQrQ,B,gemma-31b,google/gemma-4-31b-it,io-net,0,1.0,Io Net,B,3.64705e-05,6.092758721550118e-10,4.1865056310541604e-08,1
comprehension,rival_majority,neutral,1004,1,0,1,0,rQrQrQrQaP,B,gemma-31b,google/gemma-4-31b-it,io-net,0,1.0,Io Net,B,3.64705e-05,5.051074596870116e-10,8.267445317233779e-08,1
comprehension,rival_majority,neutral,1005,-1,0,0,0,aPrQrQrQrQrQ,B,gemma-31b,google/gemma-4-31b-it,io-net,0,1.0,Io Net,B,3.89975e-05,1.1032561322937736e-09,9.169891801441565e-08,1
comprehension,rival_majority,neutral,1005,-1,0,1,0,rQrQrQrQaPrQ,B,gemma-31b,google/gemma-4-31b-it,io-net,0,1.0,Io Net,B,3.89975e-05,3.364740977640093e-10,5.508866562919934e-08,1
comprehension,rival_majority,neutral,1005,1,0,0,0,rQrQrQrQrQaP,B,gemma-31b,google/gemma-4-31b-it,io-net,0,1.0,Io Net,B,3.89975e-05,5.211412829393889e-10,6.605142277571474e-08,1
comprehension,rival_majority,neutral,1005,1,0,1,0,rQrQrQrQaPrQ,B,gemma-31b,google/gemma-4-31b-it,io-net,0,1.0,Io Net,B,3.89975e-05,3.6954448865570907e-10,1.9897332226292974e-08,1
comprehension,rival_majority,neutral,1010,-1,0,0,0,rPaP,A,gemma-31b,google/gemma-4-31b-it,io-net,0,1.0,Io Net,A,3.46655e-05,0.9999999306691115,9.29823770035032e-06,1
comprehension,rival_majority,neutral,1010,-1,0,1,0,rPaP,A,gemma-31b,google/gemma-4-31b-it,io-net,0,1.0,Io Net,A,2.88895e-05,0.999999959874336,4.149073563608496e-06,1
comprehension,rival_majority,neutral,1010,1,0,0,0,aPrP,A,gemma-31b,google/gemma-4-31b-it,io-net,0,1.0,Io Net,A,3.46655e-05,0.999999939764227,6.35746106658619e-06,1
comprehension,rival_majority,neutral,1010,1,0,1,0,aPrP,A,gemma-31b,google/gemma-4-31b-it,io-net,0,1.0,Io Net,A,2.88895e-05,0.9999999468421575,3.6789398996095457e-06,1
comprehension,rival_majority,neutral,1012,-1,0,0,0,aPrQrQrP,B,gemma-31b,google/gemma-4-31b-it,io-net,0,1.0,Io Net,B,3.39435e-05,2.4097328838808925e-09,7.025911208380364e-08,1
comprehension,rival_majority,neutral,1012,-1,0,1,0,rQaPrQrP,B,gemma-31b,google/gemma-4-31b-it,io-net,0,1.0,Io Net,B,3.39435e-05,9.146314005542982e-10,2.817513700126284e-08,1
comprehension,rival_majority,neutral,1012,1,0,0,0,rQrQrPaP,B,gemma-31b,google/gemma-4-31b-it,io-net,0,1.0,Io Net,B,3.39435e-05,1.0045261121056107e-09,6.412063402461143e-08,1
comprehension,rival_majority,neutral,1012,1,0,1,0,aPrQrQrP,B,gemma-31b,google/gemma-4-31b-it,io-net,0,1.0,Io Net,B,3.39435e-05,1.5558404273604105e-09,3.199642273354897e-08,1
comprehension,rival_majority,neutral,1013,-1,0,0,0,rPrQrQrQaP,B,gemma-31b,google/gemma-4-31b-it,io-net,0,1.0,Io Net,B,3.64705e-05,1.2898370293682315e-09,4.0913139764953144e-08,1
comprehension,rival_majority,neutral,1013,-1,0,1,0,rPrQrQrQaP,B,gemma-31b,google/gemma-4-31b-it,io-net,0,1.0,Io Net,B,3.64705e-05,1.605228203372686e-09,9.392049760137411e-08,1
comprehension,rival_majority,neutral,1013,1,0,0,0,aPrQrQrPrQ,B,gemma-31b,google/gemma-4-31b-it,io-net,0,1.0,Io Net,B,3.64705e-05,7.349269671170225e-10,1.4615603616263684e-08,1
comprehension,rival_majority,neutral,1013,1,0,1,0,rPrQaPrQrQ,B,gemma-31b,google/gemma-4-31b-it,io-net,0,1.0,Io Net,B,3.64705e-05,4.895668795005359e-10,0.0,1
comprehension,rival_majority,neutral,1014,-1,0,0,0,rQrPaPrQrQrQ,B,gemma-31b,google/gemma-4-31b-it,io-net,0,1.0,Io Net,B,3.89975e-05,9.73620112186352e-10,8.405057627669521e-08,1
comprehension,rival_majority,neutral,1014,-1,0,1,0,rPrQrQaPrQrQ,B,gemma-31b,google/gemma-4-31b-it,io-net,0,1.0,Io Net,B,3.89975e-05,4.895669144971539e-10,3.6876782738559655e-08,1
comprehension,rival_majority,neutral,1014,1,0,0,0,aPrQrQrQrQrP,B,gemma-31b,google/gemma-4-31b-it,io-net,0,1.0,Io Net,B,3.89975e-05,8.327813700948631e-10,3.17516808401308e-08,1
comprehension,rival_majority,neutral,1014,1,0,1,0,rPrQaPrQrQrQ,B,gemma-31b,google/gemma-4-31b-it,io-net,0,1.0,Io Net,B,3.89975e-05,1.0364132047373255e-09,7.468080920336462e-08,1
comprehension,rival_majority,neutral,1020,-1,0,0,0,aPrPrP,A,gemma-31b,google/gemma-4-31b-it,io-net,0,1.0,Io Net,A,3.14165e-05,0.9999997690928676,2.5748543987402783e-05,1
comprehension,rival_majority,neutral,1020,-1,0,1,0,rPaPrP,A,gemma-31b,google/gemma-4-31b-it,io-net,0,1.0,Io Net,A,3.14165e-05,0.999999945154729,5.905584028798039e-06,1
comprehension,rival_majority,neutral,1020,1,0,0,0,aPrPrP,A,gemma-31b,google/gemma-4-31b-it,io-net,0,1.0,Io Net,A,3.14165e-05,0.9999998684330269,1.4623035750949143e-05,1
comprehension,rival_majority,neutral,1020,1,0,1,0,rPrPaP,A,gemma-31b,google/gemma-4-31b-it,io-net,0,1.0,Io Net,A,3.14165e-05,0.9999999123575778,8.94003199636284e-06,1
comprehension,rival_majority,neutral,1021,-1,0,0,0,rQrPaPrP,A,gemma-31b,google/gemma-4-31b-it,io-net,0,1.0,Io Net,A,3.39435e-05,0.9999998085713155,1.971612998019623e-05,1
comprehension,rival_majority,neutral,1021,-1,0,1,0,aPrPrPrQ,A,gemma-31b,google/gemma-4-31b-it,io-net,0,1.0,Io Net,A,3.39435e-05,0.9999999667346453,2.5604498130604725e-06,1
comprehension,rival_majority,neutral,1021,1,0,0,0,rPaPrPrQ,A,gemma-31b,google/gemma-4-31b-it,io-net,0,1.0,Io Net,A,3.39435e-05,0.9999999586006473,3.2651911872072503e-06,1
comprehension,rival_majority,neutral,1021,1,0,1,0,rPrQaPrP,A,gemma-31b,google/gemma-4-31b-it,io-net,0,1.0,Io Net,A,3.39435e-05,0.9999999295773399,3.1363082299007417e-06,1
comprehension,rival_majority,neutral,1023,-1,0,0,0,rQrQrQrPrPaP,B,gemma-31b,google/gemma-4-31b-it,io-net,0,1.0,Io Net,B,3.89975e-05,1.3307807809124484e-09,0.0,1
comprehension,rival_majority,neutral,1023,-1,0,1,0,rQrQrQrPaPrP,B,gemma-31b,google/gemma-4-31b-it,io-net,0,1.0,Io Net,B,3.89975e-05,6.825603744915665e-08,5.3999735349918865e-08,0
comprehension,rival_majority,neutral,1023,1,0,0,0,aPrQrQrPrQrP,B,gemma-31b,google/gemma-4-31b-it,io-net,0,1.0,Io Net,B,3.89975e-05,9.436649156339102e-10,2.589439085376455e-08,1
comprehension,rival_majority,neutral,1023,1,0,1,0,rPaPrPrQrQrQ,B,gemma-31b,google/gemma-4-31b-it,io-net,0,1.0,Io Net,B,3.89975e-05,1.4615767564922183e-09,0.0,1
comprehension,rival_majority,neutral,1030,-1,0,0,0,rPrPaPrP,A,gemma-31b,google/gemma-4-31b-it,io-net,0,1.0,Io Net,A,3.39435e-05,0.9999998942829854,9.655859451229709e-06,1
comprehension,rival_majority,neutral,1030,-1,0,1,0,rPaPrPrP,A,gemma-31b,google/gemma-4-31b-it,io-net,0,1.0,Io Net,A,3.39435e-05,0.9999999530884033,4.840645732251403e-06,1
comprehension,rival_majority,neutral,1030,1,0,0,0,aPrPrPrP,A,gemma-31b,google/gemma-4-31b-it,io-net,0,1.0,Io Net,A,3.39435e-05,0.9999998144609384,2.2670747470865393e-05,1
comprehension,rival_majority,neutral,1030,1,0,1,0,rPaPrPrP,A,gemma-31b,google/gemma-4-31b-it,io-net,0,1.0,Io Net,A,3.39435e-05,0.9999999202006341,7.430330066893198e-06,1
comprehension,rival_majority,neutral,1031,-1,0,0,0,rPrQrPrPaP,A,gemma-31b,google/gemma-4-31b-it,io-net,0,1.0,Io Net,A,3.64705e-05,0.9999999250354806,6.794883226968196e-06,1
comprehension,rival_majority,neutral,1031,-1,0,1,0,rPrPrPrQaP,A,gemma-31b,google/gemma-4-31b-it,io-net,0,1.0,Io Net,A,3.64705e-05,0.9999999468421849,5.072815576823153e-06,1
comprehension,rival_majority,neutral,1031,1,0,0,0,rQrPaPrPrP,A,gemma-31b,google/gemma-4-31b-it,io-net,0,1.0,Io Net,A,3.64705e-05,0.9999999378522073,5.248282329284315e-06,1
comprehension,rival_majority,neutral,1031,1,0,1,0,rPaPrPrQrP,A,gemma-31b,google/gemma-4-31b-it,io-net,0,1.0,Io Net,A,3.64705e-05,0.9999999500628672,2.8978910718846507e-06,1
comprehension,rival_majority,neutral,1032,-1,0,0,0,rPrQrPrQaPrP,A,gemma-31b,google/gemma-4-31b-it,io-net,0,1.0,Io Net,A,3.89975e-05,0.9999999434137907,3.3372648966523144e-06,1
comprehension,rival_majority,neutral,1032,-1,0,1,0,aPrQrPrQrPrP,A,gemma-31b,google/gemma-4-31b-it,io-net,0,1.0,Io Net,A,3.89975e-05,0.9999999273418911,3.0497055857336974e-06,1
comprehension,rival_majority,neutral,1032,1,0,0,0,rQaPrQrPrPrP,A,gemma-31b,google/gemma-4-31b-it,io-net,0,1.0,Io Net,A,3.89975e-05,0.9999999724220456,8.875173905797951e-07,1
comprehension,rival_majority,neutral,1032,1,0,1,0,rPrQrPrPaPrQ,A,gemma-31b,google/gemma-4-31b-it,io-net,0,1.0,Io Net,A,3.89975e-05,0.9999999095753963,4.46360231975973e-06,1
comprehension,rival_majority,neutral,1040,-1,0,0,0,rPrPaPrPrP,A,gemma-31b,google/gemma-4-31b-it,io-net,0,1.0,Io Net,A,3.64705e-05,0.9999999706434565,5.384285902798602e-06,1
comprehension,rival_majority,neutral,1040,-1,0,1,0,rPrPrPaPrP,A,gemma-31b,google/gemma-4-31b-it,io-net,0,1.0,Io Net,A,3.64705e-05,0.9999999484776236,4.234930096602696e-06,1
comprehension,rival_majority,neutral,1040,1,0,0,0,aPrPrPrPrP,A,gemma-31b,google/gemma-4-31b-it,io-net,0,1.0,Io Net,A,3.64705e-05,0.9999999006880314,1.1800995262323255e-05,1
comprehension,rival_majority,neutral,1040,1,0,1,0,rPrPaPrPrP,A,gemma-31b,google/gemma-4-31b-it,io-net,0,1.0,Io Net,A,3.64705e-05,0.9999999295773474,4.936342584471731e-06,1
comprehension,rival_majority,neutral,1041,-1,0,0,0,aPrQrPrPrPrP,A,gemma-31b,google/gemma-4-31b-it,io-net,0,1.0,Io Net,A,3.89975e-05,0.9999999500628334,7.390921354266666e-06,1
comprehension,rival_majority,neutral,1041,-1,0,1,0,rPrPaPrPrPrQ,A,gemma-31b,google/gemma-4-31b-it,io-net,0,1.0,Io Net,A,3.89975e-05,0.999999951599254,3.252903397310547e-06,1
comprehension,rival_majority,neutral,1041,1,0,0,0,aPrPrPrPrQrP,A,gemma-31b,google/gemma-4-31b-it,io-net,0,1.0,Io Net,A,3.89975e-05,0.9999999785222721,2.582471944734266e-06,1
comprehension,rival_majority,neutral,1041,1,0,1,0,rQrPrPrPrPaP,A,gemma-31b,google/gemma-4-31b-it,io-net,0,1.0,Io Net,A,3.89975e-05,0.999999920200654,5.273965053675944e-06,1
comprehension,rival_majority,neutral,1050,-1,0,0,0,rPrPrPaPrPrP,A,gemma-31b,google/gemma-4-31b-it,io-net,0,1.0,Io Net,A,3.89975e-05,0.999999964589212,6.4372599981599166e-06,1
comprehension,rival_majority,neutral,1050,-1,0,1,0,rPrPrPaPrPrP,A,gemma-31b,google/gemma-4-31b-it,io-net,0,1.0,Io Net,A,3.89975e-05,0.9999999545316942,3.530797777817618e-06,1
comprehension,rival_majority,neutral,1050,1,0,0,0,aPrPrPrPrPrP,A,gemma-31b,google/gemma-4-31b-it,io-net,0,1.0,Io Net,A,3.89975e-05,0.9999999515992476,5.291731335566041e-06,1
comprehension,rival_majority,neutral,1050,1,0,1,0,rPrPrPrPaPrP,A,gemma-31b,google/gemma-4-31b-it,io-net,0,1.0,Io Net,A,3.89975e-05,0.9999998764043346,1.0251893599599882e-05,1
comprehension,rival_majority,neutral,1101,-1,0,0,0,aPaQrQ,B,gemma-31b,google/gemma-4-31b-it,io-net,0,1.0,Io Net,B,3.71925e-05,1.0693124147977361e-09,3.046148444596497e-09,1
comprehension,rival_majority,neutral,1101,-1,0,1,0,aQaPrQ,B,gemma-31b,google/gemma-4-31b-it,io-net,0,1.0,Io Net,B,3.14165e-05,1.3307808347929213e-09,2.817513700126284e-08,1
comprehension,rival_majority,neutral,1101,1,0,0,0,rQaQaP,B,gemma-31b,google/gemma-4-31b-it,io-net,0,1.0,Io Net,B,3.71925e-05,9.146314521633293e-10,8.460117573161341e-08,1
comprehension,rival_majority,neutral,1101,1,0,1,0,rQaQaP,B,gemma-31b,google/gemma-4-31b-it,io-net,0,1.0,Io Net,B,3.14165e-05,3.063631551264164e-10,6.412063402461143e-08,1
comprehension,rival_majority,neutral,1102,-1,0,0,0,rQaQrQaP,B,gemma-31b,google/gemma-4-31b-it,io-net,0,1.0,Io Net,B,3.39435e-05,1.211689818612214e-09,9.392049760137411e-08,1
comprehension,rival_majority,neutral,1102,-1,0,1,0,rQaQaPrQ,B,gemma-31b,google/gemma-4-31b-it,io-net,0,1.0,Io Net,B,3.39435e-05,1.5558404500051755e-09,4.655110563689391e-08,1
comprehension,rival_majority,neutral,1102,1,0,0,0,aPrQaQrQ,B,gemma-31b,google/gemma-4-31b-it,io-net,0,1.0,Io Net,B,3.39435e-05,9.146313871248797e-10,1.3492262196379556e-08,1
comprehension,rival_majority,neutral,1102,1,0,1,0,aQrQaPrQ,B,gemma-31b,google/gemma-4-31b-it,io-net,0,1.0,Io Net,B,3.97195e-05,9.736200434893574e-10,1.3492262196379556e-08,1
comprehension,rival_majority,neutral,1103,-1,0,0,0,aPaQrQrQrQ,B,gemma-31b,google/gemma-4-31b-it,io-net,0,1.0,Io Net,B,3.64705e-05,6.691586673465767e-10,8.766989756381349e-08,1
comprehension,rival_majority,neutral,1103,-1,0,1,0,rQaPrQrQaQ,B,gemma-31b,google/gemma-4-31b-it,io-net,0,1.0,Io Net,B,3.64705e-05,9.736200799621196e-10,5.095324162596171e-08,1
comprehension,rival_majority,neutral,1103,1,0,0,0,rQrQrQaPaQ,B,gemma-31b,google/gemma-4-31b-it,io-net,0,1.0,Io Net,B,3.64705e-05,6.092758868911822e-10,6.605142277571474e-08,1
comprehension,rival_majority,neutral,1103,1,0,1,0,rQaPrQrQaQ,B,gemma-31b,google/gemma-4-31b-it,io-net,0,1.0,Io Net,B,4.22465e-05,4.3204126615402706e-10,0.0,1
comprehension,rival_majority,neutral,1104,-1,0,0,0,rQrQrQrQaQaP,B,gemma-31b,google/gemma-4-31b-it,io-net,0,1.0,Io Net,B,3.89975e-05,5.723617270239706e-10,6.605142277571474e-08,1
comprehension,rival_majority,neutral,1104,-1,0,1,0,rQaQrQrQaPrQ,B,gemma-31b,google/gemma-4-31b-it,io-net,0,1.0,Io Net,B,3.89975e-05,3.4177278757642767e-10,3.6876782738559655e-08,1
comprehension,rival_majority,neutral,1104,1,0,0,0,rQrQaQrQrQaP,B,gemma-31b,google/gemma-4-31b-it,io-net,0,1.0,Io Net,B,3.89975e-05,4.745045307171712e-10,5.095324162596171e-08,1
comprehension,rival_majority,neutral,1104,1,0,1,0,aQrQrQaPrQrQ,B,gemma-31b,google/gemma-4-31b-it,io-net,0,1.0,Io Net,B,4.47735e-05,3.9337807991120993e-10,6.927209428297942e-08,1
comprehension,rival_majority,neutral,1110,-1,0,0,0,aQaPrP,A,gemma-31b,google/gemma-4-31b-it,io-net,0,1.0,Io Net,A,3.71925e-05,0.9999997897566589,1.9073122534907228e-05,1
comprehension,rival_majority,neutral,1110,-1,0,1,0,rPaQaP,A,gemma-31b,google/gemma-4-31b-it,io-net,0,1.0,Io Net,A,3.14165e-05,0.999999954531658,4.325778753977438e-06,1
comprehension,rival_majority,neutral,1110,1,0,0,0,aQaPrP,A,gemma-31b,google/gemma-4-31b-it,io-net,0,1.0,Io Net,A,3.14165e-05,0.9999999677581339,3.806372513959211e-06,1
comprehension,rival_majority,neutral,1110,1,0,1,0,aQaPrP,A,gemma-31b,google/gemma-4-31b-it,io-net,0,1.0,Io Net,A,3.71925e-05,0.9999999791830887,1.79123779164847e-06,1
comprehension,rival_majority,neutral,1112,-1,0,0,0,rQrQaPaQrP,B,gemma-31b,google/gemma-4-31b-it,io-net,0,1.0,Io Net,B,3.64705e-05,1.0693124552893817e-09,4.0913139764953144e-08,1
comprehension,rival_majority,neutral,1112,-1,0,1,0,rPaQaPrQrQ,B,gemma-31b,google/gemma-4-31b-it,io-net,0,1.0,Io Net,B,3.64705e-05,9.146313871248797e-10,1.3492262196379556e-08,1
comprehension,rival_majority,neutral,1112,1,0,0,0,rQrPrQaQaP,B,gemma-31b,google/gemma-4-31b-it,io-net,0,1.0,Io Net,B,3.64705e-05,1.2116897674848744e-09,5.1725427385740375e-08,1
comprehension,rival_majority,neutral,1112,1,0,1,0,aPrQrQaQrP,B,gemma-31b,google/gemma-4-31b-it,io-net,0,1.0,Io Net,B,3.64705e-05,7.123156511174959e-10,2.817513700126284e-08,1
comprehension,rival_majority,neutral,1113,-1,0,0,0,rPaPrQrQaQrQ,B,gemma-31b,google/gemma-4-31b-it,io-net,0,1.0,Io Net,B,3.89975e-05,1.3730243300726516e-09,1.142882377624943e-08,1
comprehension,rival_majority,neutral,1113,-1,0,1,0,rPrQaPrQaQrQ,B,gemma-31b,google/gemma-4-31b-it,io-net,0,1.0,Io Net,B,3.89975e-05,7.123156060038807e-10,0.0,1
comprehension,rival_majority,neutral,1113,1,0,0,0,rPrQaQaPrQrQ,B,gemma-31b,google/gemma-4-31b-it,io-net,0,1.0,Io Net,B,3.89975e-05,9.146313643934119e-10,0.0,1
comprehension,rival_majority,neutral,1113,1,0,1,0,rPaQrQrQrQaP,B,gemma-31b,google/gemma-4-31b-it,io-net,0,1.0,Io Net,B,3.89975e-05,1.3307807862394885e-09,0.0,1
comprehension,rival_majority,neutral,1120,-1,0,0,0,aQaPrPrP,A,gemma-31b,google/gemma-4-31b-it,io-net,0,1.0,Io Net,A,3.39435e-05,0.9999998724809875,1.3112849474472554e-05,1
comprehension,rival_majority,neutral,1120,-1,0,1,0,aPrPaQrP,A,gemma-31b,google/gemma-4-31b-it,io-net,0,1.0,Io Net,A,3.39435e-05,0.9999998802069302,8.702202074051257e-06,1
comprehension,rival_majority,neutral,1120,1,0,0,0,rPrPaPaQ,A,gemma-31b,google/gemma-4-31b-it,io-net,0,1.0,Io Net,A,3.39435e-05,0.9999999123575046,1.168237392445981e-05,1
comprehension,rival_majority,neutral,1120,1,0,1,0,aPrPaQrP,A,gemma-31b,google/gemma-4-31b-it,io-net,0,1.0,Io Net,A,3.39435e-05,0.9999998942829225,8.344580891495035e-06,1
comprehension,rival_majority,neutral,1121,-1,0,0,0,rPrPaQrQaP,A,gemma-31b,google/gemma-4-31b-it,io-net,0,1.0,Io Net,A,3.64705e-05,0.9999999317439532,5.980325266441433e-06,1
comprehension,rival_majority,neutral,1121,-1,0,1,0,rPrQaPrPaQ,A,gemma-31b,google/gemma-4-31b-it,io-net,0,1.0,Io Net,A,3.64705e-05,0.9999999202005841,4.241789935965912e-06,1
comprehension,rival_majority,neutral,1121,1,0,0,0,aQrQaPrPrP,A,gemma-31b,google/gemma-4-31b-it,io-net,0,1.0,Io Net,A,3.64705e-05,0.9999999317439566,2.1158868354076432e-06,1
comprehension,rival_majority,neutral,1121,1,0,1,0,rPrQaPrPaQ,A,gemma-31b,google/gemma-4-31b-it,io-net,0,1.0,Io Net,A,3.64705e-05,0.9999999273418607,3.468051294697183e-06,1
comprehension,rival_majority,neutral,1130,-1,0,0,0,aQrPrPaPrP,A,gemma-31b,google/gemma-4-31b-it,io-net,0,1.0,Io Net,A,3.64705e-05,0.999999958600627,5.663631011287862e-06,1
comprehension,rival_majority,neutral,1130,-1,0,1,0,rPrPaQrPaP,A,gemma-31b,google/gemma-4-31b-it,io-net,0,1.0,Io Net,A,3.64705e-05,0.9999999687500913,2.5543416168893884e-06,1
comprehension,rival_majority,neutral,1130,1,0,0,0,rPaPaQrPrP,A,gemma-31b,google/gemma-4-31b-it,io-net,0,1.0,Io Net,A,3.64705e-05,0.9999999468421594,5.549647448588324e-06,1
comprehension,rival_majority,neutral,1130,1,0,1,0,rPrPaQaPrP,A,gemma-31b,google/gemma-4-31b-it,io-net,0,1.0,Io Net,A,3.64705e-05,0.9999999006881526,4.85768072089332e-06,1
comprehension,rival_majority,neutral,1131,-1,0,0,0,aPrPrPrQrPaQ,A,gemma-31b,google/gemma-4-31b-it,io-net,0,1.0,Io Net,A,3.89975e-05,0.9999999697115912,3.0994319502042345e-06,1
comprehension,rival_majority,neutral,1131,-1,0,1,0,aPaQrQrPrPrP,A,gemma-31b,google/gemma-4-31b-it,io-net,0,1.0,Io Net,A,3.89975e-05,0.9999999295773208,3.4073312635829467e-06,1
comprehension,rival_majority,neutral,1131,1,0,0,0,rQrPrPaQrPaP,A,gemma-31b,google/gemma-4-31b-it,io-net,0,1.0,Io Net,A,3.89975e-05,0.9999999785222957,1.4814624091918915e-06,1
comprehension,rival_majority,neutral,1131,1,0,1,0,rPaQrQaPrPrP,A,gemma-31b,google/gemma-4-31b-it,io-net,0,1.0,Io Net,A,3.89975e-05,0.9999999515991941,2.5831064563996975e-06,1
comprehension,rival_majority,neutral,1140,-1,0,0,0,rPrPrPaQaPrP,A,gemma-31b,google/gemma-4-31b-it,io-net,0,1.0,Io Net,A,3.89975e-05,0.9999999798235362,2.861014763766434e-06,1
comprehension,rival_majority,neutral,1140,-1,0,1,0,aQrPrPaPrPrP,A,gemma-31b,google/gemma-4-31b-it,io-net,0,1.0,Io Net,A,3.89975e-05,0.9999999623054385,3.840596505932936e-06,1
comprehension,rival_majority,neutral,1140,1,0,0,0,rPaPrPrPrPaQ,A,gemma-31b,google/gemma-4-31b-it,io-net,0,1.0,Io Net,A,3.89975e-05,0.9999999791830722,2.588276296733305e-06,1
comprehension,rival_majority,neutral,1140,1,0,1,0,rPaQrPrPrPaP,A,gemma-31b,google/gemma-4-31b-it,io-net,0,1.0,Io Net,A,3.89975e-05,0.999999959874358,3.602179745820777e-06,1
comprehension,rival_majority,neutral,1201,-1,0,0,0,aQaQaPrQ,B,gemma-31b,google/gemma-4-31b-it,io-net,0,1.0,Io Net,B,3.39435e-05,1.6561836059248638e-09,8.766989756381349e-08,1
comprehension,rival_majority,neutral,1201,-1,0,1,0,aPrQaQaQ,B,gemma-31b,google/gemma-4-31b-it,io-net,0,1.0,Io Net,B,3.39435e-05,1.2501529948720466e-09,1.0402581684942902e-07,1
comprehension,rival_majority,neutral,1201,1,0,0,0,aQrQaPaQ,B,gemma-31b,google/gemma-4-31b-it,io-net,0,1.0,Io Net,B,3.39435e-05,1.1382772366510524e-09,8.766989756381349e-08,1
comprehension,rival_majority,neutral,1201,1,0,1,0,aQrQaPaQ,B,gemma-31b,google/gemma-4-31b-it,io-net,0,1.0,Io Net,B,3.39435e-05,7.349269997168657e-10,5.897353694273022e-08,1
comprehension,rival_majority,neutral,1202,-1,0,0,0,rQrQaQaPaQ,B,gemma-31b,google/gemma-4-31b-it,io-net,0,1.0,Io Net,B,3.64705e-05,9.436649039304564e-10,1.3492262196379556e-08,1
comprehension,rival_majority,neutral,1202,-1,0,1,0,aPrQaQrQaQ,B,gemma-31b,google/gemma-4-31b-it,io-net,0,1.0,Io Net,B,3.64705e-05,6.092758921488597e-10,7.468080920336462e-08,1
comprehension,rival_majority,neutral,1202,1,0,0,0,rQaQaQrQaP,B,gemma-31b,google/gemma-4-31b-it,io-net,0,1.0,Io Net,B,3.64705e-05,1.605228103280758e-09,3.1566793179393926e-08,1
comprehension,rival_majority,neutral,1202,1,0,1,0,rQaQrQaPaQ,B,gemma-31b,google/gemma-4-31b-it,io-net,0,1.0,Io Net,B,3.64705e-05,4.599055734389244e-10,7.780989819128337e-08,1
comprehension,rival_majority,neutral,1203,-1,0,0,0,rQrQrQaQaQaP,B,gemma-31b,google/gemma-4-31b-it,io-net,0,1.0,Io Net,B,3.89975e-05,2.263730230727892e-09,6.986832423727662e-08,1
comprehension,rival_majority,neutral,1203,-1,0,1,0,aQrQaPrQaQrQ,B,gemma-31b,google/gemma-4-31b-it,io-net,0,1.0,Io Net,B,3.89975e-05,5.723617229728594e-10,5.897353694273022e-08,1
comprehension,rival_majority,neutral,1203,1,0,0,0,rQrQaQaPrQaQ,B,gemma-31b,google/gemma-4-31b-it,io-net,0,1.0,Io Net,B,3.89975e-05,7.349269770822895e-10,2.817513700126284e-08,1
comprehension,rival_majority,neutral,1203,1,0,1,0,rQrQrQaQaQaP,B,gemma-31b,google/gemma-4-31b-it,io-net,0,1.0,Io Net,B,3.89975e-05,4.671480132616249e-10,3.6876782738559655e-08,1
comprehension,rival_majority,neutral,1210,-1,0,0,0,aPrPaQaQ,A,gemma-31b,google/gemma-4-31b-it,io-net,0,1.0,Io Net,A,3.39435e-05,0.9999998874649112,1.2700141903798645e-05,1
comprehension,rival_majority,neutral,1210,-1,0,1,0,aQaQaPrP,A,gemma-31b,google/gemma-4-31b-it,io-net,0,1.0,Io Net,A,3.39435e-05,0.9999998802069302,9.655859451229709e-06,1
comprehension,rival_majority,neutral,1210,1,0,0,0,rPaQaQaP,A,gemma-31b,google/gemma-4-31b-it,io-net,0,1.0,Io Net,A,3.39435e-05,0.9999999771371,3.5080101518092377e-06,1
comprehension,rival_majority,neutral,1210,1,0,1,0,aQaQrPaP,A,gemma-31b,google/gemma-4-31b-it,io-net,0,1.0,Io Net,A,3.39435e-05,0.9999999515992377,3.5897577166377204e-06,1
comprehension,rival_majority,neutral,1212,-1,0,0,0,rQaPaQrQaQrP,B,gemma-31b,google/gemma-4-31b-it,io-net,0,1.0,Io Net,B,3.89975e-05,1.416608788796162e-09,2.9364115583518924e-09,1
comprehension,rival_majority,neutral,1212,-1,0,1,0,rPrQaQrQaQaP,B,gemma-31b,google/gemma-4-31b-it,io-net,0,1.0,Io Net,B,3.89975e-05,2.2637301982643237e-09,5.326385421611235e-08,0
comprehension,rival_majority,neutral,1212,1,0,0,0,aQrPaPrQrQaQ,B,gemma-31b,google/gemma-4-31b-it,io-net,0,1.0,Io Net,B,3.89975e-05,1.1032560894658846e-09,5.28793859810861e-08,1
comprehension,rival_majority,neutral,1212,1,0,1,0,rPrQrQaQaQaP,B,gemma-31b,google/gemma-4-31b-it,io-net,0,1.0,Io Net,B,3.89975e-05,8.071593851061408e-10,3.6876782738559655e-08,1
comprehension,rival_majority,neutral,1220,-1,0,0,0,rPrPaQaQaP,A,gemma-31b,google/gemma-4-31b-it,io-net,0,1.0,Io Net,A,3.64705e-05,0.9999999226557408,1.0132687344066582e-05,1
comprehension,rival_majority,neutral,1220,-1,0,1,0,rPrPaQaQaP,A,gemma-31b,google/gemma-4-31b-it,io-net,0,1.0,Io Net,A,3.64705e-05,0.9999999273418928,6.841433174531453e-06,1
comprehension,rival_majority,neutral,1220,1,0,0,0,rPaPaQrPaQ,A,gemma-31b,google/gemma-4-31b-it,io-net,0,1.0,Io Net,A,3.64705e-05,0.9999999202006944,8.582410032320631e-06,1
comprehension,rival_majority,neutral,1220,1,0,1,0,aQrPrPaPaQ,A,gemma-31b,google/gemma-4-31b-it,io-net,0,1.0,Io Net,A,3.64705e-05,0.9999999123574732,1.0132687344066582e-05,1
comprehension,rival_majority,neutral,1221,-1,0,0,0,aQaQrPaPrPrQ,A,gemma-31b,google/gemma-4-31b-it,io-net,0,1.0,Io Net,A,3.89975e-05,0.9999999545316705,4.053099445400221e-06,1
comprehension,rival_majority,neutral,1221,-1,0,1,0,aPaQrQrPrPaQ,A,gemma-31b,google/gemma-4-31b-it,io-net,0,1.0,Io Net,A,3.89975e-05,0.9999998975356533,6.794883226968196e-06,1
comprehension,rival_majority,neutral,1221,1,0,0,0,rPaQrPaQaPrQ,A,gemma-31b,google/gemma-4-31b-it,io-net,0,1.0,Io Net,A,3.89975e-05,0.9999999656787067,2.060816791549236e-06,1
comprehension,rival_majority,neutral,1221,1,0,1,0,aQrPrPrQaPaQ,A,gemma-31b,google/gemma-4-31b-it,io-net,0,1.0,Io Net,A,3.89975e-05,0.9999998509152177,8.048092740797763e-06,1
comprehension,rival_majority,neutral,1230,-1,0,0,0,aQaPrPrPaQrP,A,gemma-31b,google/gemma-4-31b-it,io-net,0,1.0,Io Net,A,3.89975e-05,0.999999957948696,5.322338007540672e-06,1
comprehension,rival_majority,neutral,1230,-1,0,1,0,aPrPaQaQrPrP,A,gemma-31b,google/gemma-4-31b-it,io-net,0,1.0,Io Net,A,3.89975e-05,0.9999999559306121,5.320319934054574e-06,1
comprehension,rival_majority,neutral,1230,1,0,0,0,aQaQaPrPrPrP,A,gemma-31b,google/gemma-4-31b-it,io-net,0,1.0,Io Net,A,3.89975e-05,0.9999999572864318,4.649140571300059e-06,1
comprehension,rival_majority,neutral,1230,1,0,1,0,rPrPaQrPaPaQ,A,gemma-31b,google/gemma-4-31b-it,io-net,0,1.0,Io Net,A,3.89975e-05,0.9999999226557468,6.240708601890077e-06,1
comprehension,rival_majority,neutral,1301,-1,0,0,0,rQaPaQaQaQ,B,gemma-31b,google/gemma-4-31b-it,io-net,0,1.0,Io Net,B,3.64705e-05,7.123156934965487e-10,8.766989756381349e-08,1
comprehension,rival_majority,neutral,1301,-1,0,1,0,aQrQaQaQaP,B,gemma-31b,google/gemma-4-31b-it,io-net,0,1.0,Io Net,B,3.06945e-05,1.5558376133032252e-09,1.3063787884792788e-07,1
comprehension,rival_majority,neutral,1301,1,0,0,0,aQaPrQaQaQ,B,gemma-31b,google/gemma-4-31b-it,io-net,0,1.0,Io Net,B,3.64705e-05,1.7087566254983072e-09,1.5120560570291985e-07,1
comprehension,rival_majority,neutral,1301,1,0,1,0,aQaQaPrQaQ,B,gemma-31b,google/gemma-4-31b-it,io-net,0,1.0,Io Net,B,3.64705e-05,1.1032561244631453e-09,8.460117573161341e-08,1
comprehension,rival_majority,neutral,1302,-1,0,0,0,rQaQrQaPaQaQ,B,gemma-31b,google/gemma-4-31b-it,io-net,0,1.0,Io Net,B,3.89975e-05,7.582560814373583e-10,5.1725427385740375e-08,1
comprehension,rival_majority,neutral,1302,-1,0,1,0,aPaQaQrQrQaQ,B,gemma-31b,google/gemma-4-31b-it,io-net,0,1.0,Io Net,B,3.89975e-05,4.895669380018526e-10,8.488798619588067e-08,1
comprehension,rival_majority,neutral,1302,1,0,0,0,aQrQaQaQrQaP,B,gemma-31b,google/gemma-4-31b-it,io-net,0,1.0,Io Net,B,3.89975e-05,8.071593809693666e-10,3.17516808401308e-08,1
comprehension,rival_majority,neutral,1302,1,0,1,0,rQrQaQaQaPaQ,B,gemma-31b,google/gemma-4-31b-it,io-net,0,1.0,Io Net,B,3.89975e-05,9.436649209867572e-10,3.1566793179393926e-08,1
comprehension,rival_majority,neutral,1310,-1,0,0,0,aPaQrPaQaQ,A,gemma-31b,google/gemma-4-31b-it,io-net,0,1.0,Io Net,A,3.64705e-05,0.9999999295772669,1.3708880652774091e-05,1
comprehension,rival_majority,neutral,1310,-1,0,1,0,aQaPaQaQrP,A,gemma-31b,google/gemma-4-31b-it,io-net,0,1.0,Io Net,A,3.64705e-05,0.9999998684331168,2.0615395532219694e-05,1
comprehension,rival_majority,neutral,1310,1,0,0,0,aQaQaPrPaQ,A,gemma-31b,google/gemma-4-31b-it,io-net,0,1.0,Io Net,A,3.64705e-05,0.9999999176675913,8.599738608672247e-06,1
comprehension,rival_majority,neutral,1310,1,0,1,0,aQaPaQaQrP,A,gemma-31b,google/gemma-4-31b-it,io-net,0,1.0,Io Net,A,3.64705e-05,0.9999999715466809,2.8264063439698006e-06,1
comprehension,rival_majority,neutral,1320,-1,0,0,0,aQrPaPaQaQrP,A,gemma-31b,google/gemma-4-31b-it,io-net,0,1.0,Io Net,A,3.89975e-05,0.9999999067050276,1.3828086482092772e-05,1
comprehension,rival_majority,neutral,1320,-1,0,1,0,rPaPrPaQaQaQ,A,gemma-31b,google/gemma-4-31b-it,io-net,0,1.0,Io Net,A,3.89975e-05,0.9999999559305867,3.988979080271626e-06,1
comprehension,rival_majority,neutral,1320,1,0,0,0,aQaQaQaPrPrP,A,gemma-31b,google/gemma-4-31b-it,io-net,0,1.0,Io Net,A,3.89975e-05,0.9999999006880766,1.325195155310599e-05,1
comprehension,rival_majority,neutral,1320,1,0,1,0,rPaQaQrPaPaQ,A,gemma-31b,google/gemma-4-31b-it,io-net,0,1.0,Io Net,A,3.89975e-05,0.999999920200596,7.90715989229529e-06,1
comprehension,rival_majority,neutral,1401,-1,0,0,0,aQrQaPaQaQaQ,B,gemma-31b,google/gemma-4-31b-it,io-net,0,1.0,Io Net,B,3.89975e-05,4.89566889010207e-10,0.0,1
comprehension,rival_majority,neutral,1401,-1,0,1,0,aQaQaPaQrQaQ,B,gemma-31b,google/gemma-4-31b-it,io-net,0,1.0,Io Net,B,3.89975e-05,4.1874878857949893e-10,7.468080920336462e-08,1
comprehension,rival_majority,neutral,1401,1,0,0,0,aPrQaQaQaQaQ,B,gemma-31b,google/gemma-4-31b-it,io-net,0,1.0,Io Net,B,3.89975e-05,1.7087564871804406e-09,7.025911208380364e-08,1
comprehension,rival_majority,neutral,1401,1,0,1,0,aQaQaQrQaQaP,B,gemma-31b,google/gemma-4-31b-it,io-net,0,1.0,Io Net,B,3.89975e-05,1.0364132502821393e-09,1.1862545234997413e-07,1
comprehension,rival_majority,neutral,1410,-1,0,0,0,aQaQrPaQaPaQ,A,gemma-31b,google/gemma-4-31b-it,io-net,0,1.0,Io Net,A,3.89975e-05,0.9999998909272835,8.593130282896766e-06,1
comprehension,rival_majority,neutral,1410,-1,0,1,0,aQaQaPaQrPaQ,A,gemma-31b,google/gemma-4-31b-it,io-net,0,1.0,Io Net,A,3.89975e-05,0.9999998942829328,8.246872904904556e-06,1
comprehension,rival_majority,neutral,1410,1,0,0,0,aQaQaPrPaQaQ,A,gemma-31b,google/gemma-4-31b-it,io-net,0,1.0,Io Net,A,3.89975e-05,0.9999999545316399,4.722880697416443e-06,1
comprehension,rival_majority,neutral,1410,1,0,1,0,rPaQaQaQaPaQ,A,gemma-31b,google/gemma-4-31b-it,io-net,0,1.0,Io Net,A,3.89975e-05,0.9999999634651788,3.824818671338548e-06,1
comprehension,rival_majority,neutral,2001,-1,0,0,0,rQaPaP,B,gemma-31b,google/gemma-4-31b-it,io-net,0,1.0,Io Net,B,3.14165e-05,8.592167056225089e-10,5.1725427385740375e-08,1
comprehension,rival_majority,neutral,2001,-1,0,1,0,rQaPaP,B,gemma-31b,google/gemma-4-31b-it,io-net,0,1.0,Io Net,B,3.14165e-05,1.0693124552893817e-09,4.0913139764953144e-08,1
comprehension,rival_majority,neutral,2001,1,0,0,0,aPrQaP,B,gemma-31b,google/gemma-4-31b-it,io-net,0,1.0,Io Net,B,3.14165e-05,6.485707462818749e-10,0.0,1
comprehension,rival_majority,neutral,2001,1,0,1,0,aPrQaP,B,gemma-31b,google/gemma-4-31b-it,io-net,0,1.0,Io Net,B,3.14165e-05,8.327813699408921e-10,3.1566793179393926e-08,1
comprehension,rival_majority,neutral,2002,-1,0,0,0,rQaPrQaP,B,gemma-31b,google/gemma-4-31b-it,io-net,0,1.0,Io Net,B,3.39435e-05,1.1744100539871422e-09,1.0402581684942902e-07,1
comprehension,rival_majority,neutral,2002,-1,0,1,0,aPrQrQaP,B,gemma-31b,google/gemma-4-31b-it,io-net,0,1.0,Io Net,B,3.39435e-05,6.485707957302024e-10,5.095324162596171e-08,1
comprehension,rival_majority,neutral,2002,1,0,0,0,aPaPrQrQ,B,gemma-31b,google/gemma-4-31b-it,io-net,0,1.0,Io Net,B,3.39435e-05,6.485708235975124e-10,9.392049760137411e-08,1
comprehension,rival_majority,neutral,2002,1,0,1,0,aPrQrQaP,B,gemma-31b,google/gemma-4-31b-it,io-net,0,1.0,Io Net,B,3.39435e-05,4.320412595529247e-10,0.0,1
comprehension,rival_majority,neutral,2003,-1,0,0,0,aPrQrQrQaP,B,gemma-31b,google/gemma-4-31b-it,io-net,0,1.0,Io Net,B,3.64705e-05,1.373024429784093e-09,8.405057627669521e-08,1
comprehension,rival_majority,neutral,2003,-1,0,1,0,rQrQaPaPrQ,B,gemma-31b,google/gemma-4-31b-it,io-net,0,1.0,Io Net,B,3.64705e-05,9.436649468495416e-10,5.897353694273022e-08,1
comprehension,rival_majority,neutral,2003,1,0,0,0,aPrQrQaPrQ,B,gemma-31b,google/gemma-4-31b-it,io-net,0,1.0,Io Net,B,3.64705e-05,9.146313929831579e-10,1.9897332226292974e-08,1
comprehension,rival_majority,neutral,2003,1,0,1,0,aPrQrQaPrQ,B,gemma-31b,google/gemma-4-31b-it,io-net,0,1.0,Io Net,B,3.64705e-05,5.211412620222969e-10,2.59143386749372e-08,1
comprehension,rival_majority,neutral,2004,-1,0,0,0,aPrQaPrQrQrQ,B,gemma-31b,google/gemma-4-31b-it,io-net,0,1.0,Io Net,B,3.89975e-05,8.592167365066008e-10,8.766989756381349e-08,1
comprehension,rival_majority,neutral,2004,-1,0,1,0,rQrQaPrQaPrQ,B,gemma-31b,google/gemma-4-31b-it,io-net,0,1.0,Io Net,B,3.89975e-05,7.823256947762686e-10,2.817513700126284e-08,1
comprehension,rival_majority,neutral,2004,1,0,0,0,rQaPrQaPrQrQ,B,gemma-31b,google/gemma-4-31b-it,io-net,0,1.0,Io Net,B,3.89975e-05,4.745045326794487e-10,5.508866562919934e-08,1
comprehension,rival_majority,neutral,2004,1,0,1,0,rQrQaPaPrQrQ,B,gemma-31b,google/gemma-4-31b-it,io-net,0,1.0,Io Net,B,3.89975e-05,5.051074436643902e-10,5.095324162596171e-08,1
comprehension,rival_majority,neutral,2010,-1,0,0,0,aPaPrP,A,gemma-31b,google/gemma-4-31b-it,io-net,0,1.0,Io Net,A,3.71925e-05,0.9999998874648531,1.5124163817326064e-05,1
comprehension,rival_majority,neutral,2010,-1,0,1,0,rPaPaP,A,gemma-31b,google/gemma-4-31b-it,io-net,0,1.0,Io Net,A,3.71925e-05,0.9999999317439204,6.460212173431401e-06,1
comprehension,rival_majority,neutral,2010,1,0,0,0,rPaPaP,A,gemma-31b,google/gemma-4-31b-it,io-net,0,1.0,Io Net,A,3.14165e-05,0.9999999667346944,2.9903595348823586e-06,1
comprehension,rival_majority,neutral,2010,1,0,1,0,rPaPaP,A,gemma-31b,google/gemma-4-31b-it,io-net,0,1.0,Io Net,A,3.14165e-05,0.9999999530883452,4.172488605735936e-06,1
comprehension,rival_majority,neutral,2012,-1,0,0,0,aPrPrQrQaP,B,gemma-31b,google/gemma-4-31b-it,io-net,0,1.0,Io Net,B,3.64705e-05,5.658624821381416e-08,1.5432183309016523e-07,0
comprehension,rival_majority,neutral,2012,-1,0,1,0,rPrQaPaPrQ,B,gemma-31b,google/gemma-4-31b-it,io-net,0,1.0,Io Net,B,3.64705e-05,5.368738668506454e-07,2.06173731975845e-07,0
comprehension,rival_majority,neutral,2012,1,0,0,0,rPrQaPrQaP,B,gemma-31b,google/gemma-4-31b-it,io-net,0,1.0,Io Net,B,3.64705e-05,8.864911826031842e-10,6.412063402461143e-08,1
comprehension,rival_majority,neutral,2012,1,0,1,0,aPrQrPaPrQ,B,gemma-31b,google/gemma-4-31b-it,io-net,0,1.0,Io Net,B,3.64705e-05,9.436649177861702e-10,2.817513700126284e-08,1
comprehension,rival_majority,neutral,2013,-1,0,0,0,rPrQrQaPaPrQ,B,gemma-31b,google/gemma-4-31b-it,io-net,0,1.0,Io Net,B,3.89975e-05,1.4615768103638899e-09,2.454587100242378e-08,1
comprehension,rival_majority,neutral,2013,-1,0,1,0,aPrPrQrQaPrQ,B,gemma-31b,google/gemma-4-31b-it,io-net,0,1.0,Io Net,B,3.89975e-05,5.905303791085605e-10,0.0,1
comprehension,rival_majority,neutral,2013,1,0,0,0,rPaPrQaPrQrQ,B,gemma-31b,google/gemma-4-31b-it,io-net,0,1.0,Io Net,B,3.89975e-05,5.376840534364855e-10,1.0995006571867805e-08,1
comprehension,rival_majority,neutral,2013,1,0,1,0,rQrQaPaPrQrP,B,gemma-31b,google/gemma-4-31b-it,io-net,0,1.0,Io Net,B,3.89975e-05,7.823256608557647e-10,0.0,1
comprehension,rival_majority,neutral,2020,-1,0,0,0,rPaPaPrP,A,gemma-31b,google/gemma-4-31b-it,io-net,0,1.0,Io Net,A,3.97195e-05,0.9999998724809571,1.5258556234187814e-05,1
comprehension,rival_majority,neutral,2020,-1,0,1,0,aPrPrPaP,A,gemma-31b,google/gemma-4-31b-it,io-net,0,1.0,Io Net,A,3.39435e-05,0.9999999451546998,6.4372599981599166e-06,1
comprehension,rival_majority,neutral,2020,1,0,0,0,rPrPaPaP,A,gemma-31b,google/gemma-4-31b-it,io-net,0,1.0,Io Net,A,3.39435e-05,0.999999906705014,1.2065906072500354e-05,1
comprehension,rival_majority,neutral,2020,1,0,1,0,aPrPrPaP,A,gemma-31b,google/gemma-4-31b-it,io-net,0,1.0,Io Net,A,3.97195e-05,0.9999999468421563,3.702147968298597e-06,1
comprehension,rival_majority,neutral,2021,-1,0,0,0,rPaPrPaPrQ,A,gemma-31b,google/gemma-4-31b-it,io-net,0,1.0,Io Net,A,3.64705e-05,0.9999999484776552,3.622816433956899e-06,1
comprehension,rival_majority,neutral,2021,-1,0,1,0,rPaPrQaPrP,A,gemma-31b,google/gemma-4-31b-it,io-net,0,1.0,Io Net,A,3.64705e-05,0.9999999434138148,2.9119674770372583e-06,1
comprehension,rival_majority,neutral,2021,1,0,0,0,rPrQaPrPaP,A,gemma-31b,google/gemma-4-31b-it,io-net,0,1.0,Io Net,A,3.64705e-05,0.9999999273418209,5.9252686459565496e-06,1
comprehension,rival_majority,neutral,2021,1,0,1,0,rPaPrPrQaP,A,gemma-31b,google/gemma-4-31b-it,io-net,0,1.0,Io Net,A,3.64705e-05,0.9999999545316488,2.6225975204852148e-06,1
comprehension,rival_majority,neutral,2030,-1,0,0,0,rPaPaPrPrP,A,gemma-31b,google/gemma-4-31b-it,io-net,0,1.0,Io Net,A,3.64705e-05,0.9999999150539197,1.2397612864645247e-05,1
comprehension,rival_majority,neutral,2030,-1,0,1,0,rPrPaPaPrP,A,gemma-31b,google/gemma-4-31b-it,io-net,0,1.0,Io Net,A,3.64705e-05,0.9999999586006237,3.834579522354886e-06,1
comprehension,rival_majority,neutral,2030,1,0,0,0,rPaPaPrPrP,A,gemma-31b,google/gemma-4-31b-it,io-net,0,1.0,Io Net,A,3.64705e-05,0.9999999378521379,8.271923276126358e-06,1
comprehension,rival_majority,neutral,2030,1,0,1,0,aPrPrPrPaP,A,gemma-31b,google/gemma-4-31b-it,io-net,0,1.0,Io Net,A,3.64705e-05,0.9999999468421438,3.936992463704492e-06,1
comprehension,rival_majority,neutral,2031,-1,0,0,0,aPaPrPrPrPrQ,A,gemma-31b,google/gemma-4-31b-it,io-net,0,1.0,Io Net,A,3.89975e-05,0.999999953088334,4.410724436465507e-06,1
comprehension,rival_majority,neutral,2031,-1,0,1,0,rQaPrPrPaPrP,A,gemma-31b,google/gemma-4-31b-it,io-net,0,1.0,Io Net,A,3.89975e-05,0.999999974890013,1.7504416629510189e-06,1
comprehension,rival_majority,neutral,2031,1,0,0,0,rPrPaPrQaPrP,A,gemma-31b,google/gemma-4-31b-it,io-net,0,1.0,Io Net,A,3.89975e-05,0.9999999715466751,3.0290095059948285e-06,1
comprehension,rival_majority,neutral,2031,1,0,1,0,rPaPrPrPaPrQ,A,gemma-31b,google/gemma-4-31b-it,io-net,0,1.0,Io Net,A,3.89975e-05,0.9999999545316464,2.6756501453339965e-06,1
comprehension,rival_majority,neutral,2040,-1,0,0,0,rPaPrPaPrPrP,A,gemma-31b,google/gemma-4-31b-it,io-net,0,1.0,Io Net,A,3.89975e-05,0.999999951599244,5.364389089490551e-06,1
comprehension,rival_majority,neutral,2040,-1,0,1,0,aPaPrPrPrPrP,A,gemma-31b,google/gemma-4-31b-it,io-net,0,1.0,Io Net,A,3.89975e-05,0.9999999273418958,4.894230363539087e-06,1
comprehension,rival_majority,neutral,2040,1,0,0,0,rPaPrPrPrPaP,A,gemma-31b,google/gemma-4-31b-it,io-net,0,1.0,Io Net,A,3.89975e-05,0.9999999468421663,5.421449807307965e-06,1
comprehension,rival_majority,neutral,2040,1,0,1,0,aPrPrPaPrPrP,A,gemma-31b,google/gemma-4-31b-it,io-net,0,1.0,Io Net,A,3.89975e-05,0.9999999150539473,6.352314477764409e-06,1
comprehension,rival_majority,neutral,2101,-1,0,0,0,aPrQaPaQ,B,gemma-31b,google/gemma-4-31b-it,io-net,0,1.0,Io Net,B,3.39435e-05,1.0693125258461405e-09,1.0689642748751282e-07,1
comprehension,rival_majority,neutral,2101,-1,0,1,0,aPrQaPaQ,B,gemma-31b,google/gemma-4-31b-it,io-net,0,1.0,Io Net,B,3.97195e-05,7.582561134320299e-10,9.392049760137411e-08,1
comprehension,rival_majority,neutral,2101,1,0,0,0,aQrQaPaP,B,gemma-31b,google/gemma-4-31b-it,io-net,0,1.0,Io Net,B,3.39435e-05,7.823257188706497e-10,5.897353694273022e-08,1
comprehension,rival_majority,neutral,2101,1,0,1,0,aPaQaPrQ,B,gemma-31b,google/gemma-4-31b-it,io-net,0,1.0,Io Net,B,3.39435e-05,7.582560808518438e-10,5.095324162596171e-08,1
comprehension,rival_majority,neutral,2102,-1,0,0,0,aPrQaQaPrQ,B,gemma-31b,google/gemma-4-31b-it,io-net,0,1.0,Io Net,B,3.64705e-05,1.2116898073200855e-09,8.460117573161341e-08,1
comprehension,rival_majority,neutral,2102,-1,0,1,0,aPaQrQrQaP,B,gemma-31b,google/gemma-4-31b-it,io-net,0,1.0,Io Net,B,3.64705e-05,6.691586668764996e-10,8.696740794178481e-08,1
comprehension,rival_majority,neutral,2102,1,0,0,0,rQrQaQaPaP,B,gemma-31b,google/gemma-4-31b-it,io-net,0,1.0,Io Net,B,3.64705e-05,6.904000009550089e-10,2.59143386749372e-08,1
comprehension,rival_majority,neutral,2102,1,0,1,0,rQaPaPaQrQ,B,gemma-31b,google/gemma-4-31b-it,io-net,0,1.0,Io Net,B,3.64705e-05,1.0045260543990673e-09,6.674100605508215e-09,1
comprehension,rival_majority,neutral,2103,-1,0,0,0,aPaQrQrQrQaP,B,gemma-31b,google/gemma-4-31b-it,io-net,0,1.0,Io Net,B,3.89975e-05,7.123156511174959e-10,2.817513700126284e-08,1
comprehension,rival_majority,neutral,2103,-1,0,1,0,aPaPrQaQrQrQ,B,gemma-31b,google/gemma-4-31b-it,io-net,0,1.0,Io Net,B,3.89975e-05,5.293480702155926e-10,7.780989819128337e-08,1
comprehension,rival_majority,neutral,2103,1,0,0,0,aPrQaQrQrQaP,B,gemma-31b,google/gemma-4-31b-it,io-net,0,1.0,Io Net,B,3.89975e-05,4.320412626008019e-10,0.0,1
comprehension,rival_majority,neutral,2103,1,0,1,0,rQrQaPaPrQaQ,B,gemma-31b,google/gemma-4-31b-it,io-net,0,1.0,Io Net,B,3.89975e-05,3.364740707190918e-10,0.0,1
comprehension,rival_majority,neutral,2110,-1,0,0,0,aPaPrPaQ,A,gemma-31b,google/gemma-4-31b-it,io-net,0,1.0,Io Net,A,3.39435e-05,0.9999998509151913,1.1086340628629898e-05,1
comprehension,rival_majority,neutral,2110,-1,0,1,0,aPaQrPaP,A,gemma-31b,google/gemma-4-31b-it,io-net,0,1.0,Io Net,A,3.39435e-05,0.9999999378521627,5.9671021105378586e-06,1
comprehension,rival_majority,neutral,2110,1,0,0,0,aPaQrPaP,A,gemma-31b,google/gemma-4-31b-it,io-net,0,1.0,Io Net,A,3.97195e-05,0.9999999732705359,2.5785281969614715e-06,1
comprehension,rival_majority,neutral,2110,1,0,1,0,aPrPaQaP,A,gemma-31b,google/gemma-4-31b-it,io-net,0,1.0,Io Net,A,3.39435e-05,0.9999999559305768,4.214321086104533e-06,1
comprehension,rival_majority,neutral,2112,-1,0,0,0,aPaPrQrPrQaQ,B,gemma-31b,google/gemma-4-31b-it,io-net,0,1.0,Io Net,B,3.89975e-05,2.8453348950965635e-08,3.026468475830768e-08,0
comprehension,rival_majority,neutral,2112,-1,0,1,0,rQaPaQrQaPrP,B,gemma-31b,google/gemma-4-31b-it,io-net,0,1.0,Io Net,B,3.89975e-05,1.2116897952996778e-09,7.468080920336462e-08,1
comprehension,rival_majority,neutral,2112,1,0,0,0,aPrQaPaQrQrP,B,gemma-31b,google/gemma-4-31b-it,io-net,0,1.0,Io Net,B,3.89975e-05,6.903999612889986e-10,0.0,1
comprehension,rival_majority,neutral,2112,1,0,1,0,rQaPrPrQaPaQ,B,gemma-31b,google/gemma-4-31b-it,io-net,0,1.0,Io Net,B,3.89975e-05,9.736200711136795e-10,4.1865056310541604e-08,1
comprehension,rival_majority,neutral,2120,-1,0,0,0,rPrPaPaPaQ,A,gemma-31b,google/gemma-4-31b-it,io-net,0,1.0,Io Net,A,3.64705e-05,0.9999999634651792,5.7220131567392585e-06,1
comprehension,rival_majority,neutral,2120,-1,0,1,0,rPaQaPaPrP,A,gemma-31b,google/gemma-4-31b-it,io-net,0,1.0,Io Net,A,3.64705e-05,0.9999998509152135,9.029947868666177e-06,1
comprehension,rival_majority,neutral,2120,1,0,0,0,aQrPrPaPaP,A,gemma-31b,google/gemma-4-31b-it,io-net,0,1.0,Io Net,A,3.64705e-05,0.9999999037436192,1.2874437631205105e-05,1
comprehension,rival_majority,neutral,2120,1,0,1,0,aPrPaPaQrP,A,gemma-31b,google/gemma-4-31b-it,io-net,0,1.0,Io Net,A,3.64705e-05,0.9999999295773258,5.244596705034077e-06,1
comprehension,rival_majority,neutral,2121,-1,0,0,0,aPrPrPaQaPrQ,A,gemma-31b,google/gemma-4-31b-it,io-net,0,1.0,Io Net,A,3.89975e-05,0.9999999226557962,7.510128846255348e-06,1
comprehension,rival_majority,neutral,2121,-1,0,1,0,aPaQrQaPrPrP,A,gemma-31b,google/gemma-4-31b-it,io-net,0,1.0,Io Net,A,3.89975e-05,0.9999999358794119,3.541657566774603e-06,1
comprehension,rival_majority,neutral,2121,1,0,0,0,aPrQaQaPrPrP,A,gemma-31b,google/gemma-4-31b-it,io-net,0,1.0,Io Net,A,3.89975e-05,0.9999999634651879,1.6683433115005641e-06,1
comprehension,rival_majority,neutral,2121,1,0,1,0,aPrPrQaQaPrP,A,gemma-31b,google/gemma-4-31b-it,io-net,0,1.0,Io Net,A,3.89975e-05,0.9999999611088617,2.5293027617889763e-06,1
comprehension,rival_majority,neutral,2130,-1,0,0,0,aQaPrPaPrPrP,A,gemma-31b,google/gemma-4-31b-it,io-net,0,1.0,Io Net,A,3.89975e-05,0.9999999273418009,1.1920786961328034e-05,1
comprehension,rival_majority,neutral,2130,-1,0,1,0,aPrPaPrPaQrP,A,gemma-31b,google/gemma-4-31b-it,io-net,0,1.0,Io Net,A,4.47735e-05,0.9999999559306206,5.125973125186256e-06,1
comprehension,rival_majority,neutral,2130,1,0,0,0,aPrPaPaQrPrP,A,gemma-31b,google/gemma-4-31b-it,io-net,0,1.0,Io Net,A,3.89975e-05,0.9999999827421747,1.7679597463793328e-06,1
comprehension,rival_majority,neutral,2130,1,0,1,0,aQrPaPrPaPrP,A,gemma-31b,google/gemma-4-31b-it,io-net,0,1.0,Io Net,A,3.89975e-05,0.9999999484776253,4.201091912015009e-06,1
comprehension,rival_majority,neutral,2201,-1,0,0,0,aQaPaQaPrQ,B,gemma-31b,google/gemma-4-31b-it,io-net,0,1.0,Io Net,B,3.64705e-05,8.864911778138256e-10,5.8718032880378246e-08,1
comprehension,rival_majority,neutral,2201,-1,0,1,0,aQaPrQaQaP,B,gemma-31b,google/gemma-4-31b-it,io-net,0,1.0,Io Net,B,3.64705e-05,1.2116897289190964e-09,1.9897332226292974e-08,1
comprehension,rival_majority,neutral,2201,1,0,0,0,aPaPaQaQrQ,B,gemma-31b,google/gemma-4-31b-it,io-net,0,1.0,Io Net,B,3.64705e-05,5.723617006071352e-10,1.9897332226292974e-08,1
comprehension,rival_majority,neutral,2201,1,0,1,0,rQaQaPaQaP,B,gemma-31b,google/gemma-4-31b-it,io-net,0,1.0,Io Net,B,3.64705e-05,3.9337807300873545e-10,5.1725427385740375e-08,1
comprehension,rival_majority,neutral,2202,-1,0,0,0,rQaQaPrQaQaP,B,gemma-31b,google/gemma-4-31b-it,io-net,0,1.0,Io Net,B,3.89975e-05,7.582560908360997e-10,6.412063402461143e-08,1
comprehension,rival_majority,neutral,2202,-1,0,1,0,aQrQaPaQaPrQ,B,gemma-31b,google/gemma-4-31b-it,io-net,0,1.0,Io Net,B,3.89975e-05,8.592166928643049e-10,3.6876782738559655e-08,1
comprehension,rival_majority,neutral,2202,1,0,0,0,rQaPaPaQrQaQ,B,gemma-31b,google/gemma-4-31b-it,io-net,0,1.0,Io Net,B,3.89975e-05,5.905303992009294e-10,0.0,1
comprehension,rival_majority,neutral,2202,1,0,1,0,rQaPaQrQaQaP,B,gemma-31b,google/gemma-4-31b-it,io-net,0,1.0,Io Net,B,3.89975e-05,8.864911871699086e-10,6.927209428297942e-08,1
comprehension,rival_majority,neutral,2210,-1,0,0,0,aPrPaQaPaQ,A,gemma-31b,google/gemma-4-31b-it,io-net,0,1.0,Io Net,A,3.64705e-05,0.9999999006881141,1.0967134472572582e-05,1
comprehension,rival_majority,neutral,2210,-1,0,1,0,aPaPrPaQaQ,A,gemma-31b,google/gemma-4-31b-it,io-net,0,1.0,Io Net,A,3.64705e-05,0.9999999317440255,6.8295252774186466e-06,1
comprehension,rival_majority,neutral,2210,1,0,0,0,aPaQaPaQrP,A,gemma-31b,google/gemma-4-31b-it,io-net,0,1.0,Io Net,A,3.64705e-05,0.9999999123576262,6.479272631421118e-06,1
comprehension,rival_majority,neutral,2210,1,0,1,0,rPaPaQaPaQ,A,gemma-31b,google/gemma-4-31b-it,io-net,0,1.0,Io Net,A,3.64705e-05,0.9999999756625562,2.1603777285994497e-06,1
comprehension,rival_majority,neutral,2220,-1,0,0,0,rPaPaQaQrPaP,A,gemma-31b,google/gemma-4-31b-it,io-net,0,1.0,Io Net,A,3.89975e-05,0.9999999732705475,4.053099445400221e-06,1
comprehension,rival_majority,neutral,2220,-1,0,1,0,aQaPaPaQrPrP,A,gemma-31b,google/gemma-4-31b-it,io-net,0,1.0,Io Net,A,3.89975e-05,0.9999999273418703,7.152506327878783e-06,1
comprehension,rival_majority,neutral,2220,1,0,0,0,aQrPaPrPaQaP,A,gemma-31b,google/gemma-4-31b-it,io-net,0,1.0,Io Net,A,3.89975e-05,0.9999999572864284,4.725635473268319e-06,1
comprehension,rival_majority,neutral,2220,1,0,1,0,rPaQaPaPrPaQ,A,gemma-31b,google/gemma-4-31b-it,io-net,0,1.0,Io Net,A,3.89975e-05,0.9999999416175551,7.094124293782755e-06,1
comprehension,rival_majority,neutral,2301,-1,0,0,0,aQaQaQrQaPaP,B,gemma-31b,google/gemma-4-31b-it,io-net,0,1.0,Io Net,B,3.89975e-05,6.904000025158642e-10,2.817513700126284e-08,1
comprehension,rival_majority,neutral,2301,-1,0,1,0,aQaPaQaPaQrQ,B,gemma-31b,google/gemma-4-31b-it,io-net,0,1.0,Io Net,B,3.89975e-05,6.796963830310432e-10,8.766989756381349e-08,1
comprehension,rival_majority,neutral,2301,1,0,0,0,aQaQaPaPrQaQ,B,gemma-31b,google/gemma-4-31b-it,io-net,0,1.0,Io Net,B,3.89975e-05,2.969373484324068e-10,5.28793859810861e-08,1
comprehension,rival_majority,neutral,2301,1,0,1,0,aQaPaQaPrQaQ,B,gemma-31b,google/gemma-4-31b-it,io-net,0,1.0,Io Net,B,3.89975e-05,3.471549228153528e-10,2.817513700126284e-08,1
comprehension,rival_majority,neutral,2310,-1,0,0,0,rPaQaQaPaQaP,A,gemma-31b,google/gemma-4-31b-it,io-net,0,1.0,Io Net,A,3.89975e-05,0.9999999442910426,7.797329061087765e-06,1
comprehension,rival_majority,neutral,2310,-1,0,1,0,aQaPrPaQaQaP,A,gemma-31b,google/gemma-4-31b-it,io-net,0,1.0,Io Net,A,3.89975e-05,0.9999999317440393,6.625949048766344e-06,1
comprehension,rival_majority,neutral,2310,1,0,0,0,aQaQaPaQrPaP,A,gemma-31b,google/gemma-4-31b-it,io-net,0,1.0,Io Net,A,3.89975e-05,0.9999999656787432,2.9052589487488234e-06,1
comprehension,rival_majority,neutral,2310,1,0,1,0,aQrPaPaQaQaP,A,gemma-31b,google/gemma-4-31b-it,io-net,0,1.0,Io Net,A,3.89975e-05,0.9999999545316631,4.213219995774509e-06,1
comprehension,rival_majority,neutral,3001,-1,0,0,0,aPaPrQaP,B,gemma-31b,google/gemma-4-31b-it,io-net,0,1.0,Io Net,B,3.39435e-05,2.5651473373418432e-09,8.405057627669521e-08,1
comprehension,rival_majority,neutral,3001,-1,0,1,0,aPaPrQaP,B,gemma-31b,google/gemma-4-31b-it,io-net,0,1.0,Io Net,B,3.39435e-05,1.3730244666482744e-09,1.1089946305720133e-07,1
comprehension,rival_majority,neutral,3001,1,0,0,0,aPrQaPaP,B,gemma-31b,google/gemma-4-31b-it,io-net,0,1.0,Io Net,B,3.39435e-05,1.0364131342542743e-09,6.674100605508215e-09,1
comprehension,rival_majority,neutral,3001,1,0,1,0,rQaPaPaP,B,gemma-31b,google/gemma-4-31b-it,io-net,0,1.0,Io Net,B,3.39435e-05,9.585254811516903e-10,3.1566793179393926e-08,1
comprehension,rival_majority,neutral,3002,-1,0,0,0,rQaPaPrQaP,B,gemma-31b,google/gemma-4-31b-it,io-net,0,1.0,Io Net,B,3.64705e-05,1.2116897211581389e-09,1.3492262196379556e-08,1
comprehension,rival_majority,neutral,3002,-1,0,1,0,aPaPrQrQaP,B,gemma-31b,google/gemma-4-31b-it,io-net,0,1.0,Io Net,B,3.64705e-05,7.012722601261235e-10,8.460117573161341e-08,1
comprehension,rival_majority,neutral,3002,1,0,0,0,rQaPrQaPaP,B,gemma-31b,google/gemma-4-31b-it,io-net,0,1.0,Io Net,B,3.64705e-05,8.592167564658345e-10,1.1089946305720133e-07,1
comprehension,rival_majority,neutral,3002,1,0,1,0,aPrQaPaPrQ,B,gemma-31b,google/gemma-4-31b-it,io-net,0,1.0,Io Net,B,3.64705e-05,5.723617305990638e-10,7.229763510085974e-08,1
comprehension,rival_majority,neutral,3003,-1,0,0,0,aPrQrQaPaPrQ,B,gemma-31b,google/gemma-4-31b-it,io-net,0,1.0,Io Net,B,3.89975e-05,1.4615768212534437e-09,3.199642273354897e-08,1
comprehension,rival_majority,neutral,3003,-1,0,1,0,aPrQrQaPaPrQ,B,gemma-31b,google/gemma-4-31b-it,io-net,0,1.0,Io Net,B,3.89975e-05,1.1032561620006412e-09,1.1862545234997413e-07,1
comprehension,rival_majority,neutral,3003,1,0,0,0,aPrQaPrQaPrQ,B,gemma-31b,google/gemma-4-31b-it,io-net,0,1.0,Io Net,B,3.89975e-05,5.376840700348196e-10,4.1865056310541604e-08,1
comprehension,rival_majority,neutral,3003,1,0,1,0,aPrQaPrQrQaP,B,gemma-31b,google/gemma-4-31b-it,io-net,0,1.0,Io Net,B,3.89975e-05,4.253430991684961e-10,1.9897332226292974e-08,1
comprehension,rival_majority,neutral,3010,-1,0,0,0,aPaPrPaP,A,gemma-31b,google/gemma-4-31b-it,io-net,0,1.0,Io Net,A,3.39435e-05,0.9999999273418322,5.768563093644374e-06,1
comprehension,rival_majority,neutral,3010,-1,0,1,0,rPaPaPaP,A,gemma-31b,google/gemma-4-31b-it,io-net,0,1.0,Io Net,A,3.39435e-05,0.9999999545317134,5.01427525700926e-06,1
comprehension,rival_majority,neutral,3010,1,0,0,0,aPaPrPaP,A,gemma-31b,google/gemma-4-31b-it,io-net,0,1.0,Io Net,A,3.39435e-05,0.9999998509152048,1.099530670078952e-05,1
comprehension,rival_majority,neutral,3010,1,0,1,0,aPaPaPrP,A,gemma-31b,google/gemma-4-31b-it,io-net,0,1.0,Io Net,A,3.39435e-05,0.9999999358793396,4.66903728046919e-06,1
comprehension,rival_majority,neutral,3012,-1,0,0,0,rPaPrQaPaPrQ,B,gemma-31b,google/gemma-4-31b-it,io-net,0,1.0,Io Net,B,3.89975e-05,7.734422754258228e-08,1.0952551865450744e-07,0
comprehension,rival_majority,neutral,3012,-1,0,1,0,aPaPrQaPrPrQ,B,gemma-31b,google/gemma-4-31b-it,io-net,0,1.0,Io Net,B,3.89975e-05,4.1811830282911796e-07,4.840062298727688e-07,0
comprehension,rival_majority,neutral,3012,1,0,0,0,rQaPaPrQrPaP,B,gemma-31b,google/gemma-4-31b-it,io-net,0,1.0,Io Net,B,3.89975e-05,1.8189616541696094e-09,0.0,1
comprehension,rival_majority,neutral,3012,1,0,1,0,aPaPrQrQrPaP,B,gemma-31b,google/gemma-4-31b-it,io-net,0,1.0,Io Net,B,3.89975e-05,1.2501529744246433e-09,8.766989756381349e-08,1
comprehension,rival_majority,neutral,3020,-1,0,0,0,aPaPrPrPaP,A,gemma-31b,google/gemma-4-31b-it,io-net,0,1.0,Io Net,A,3.64705e-05,0.9999998144608319,2.133800779735573e-05,1
comprehension,rival_majority,neutral,3020,-1,0,1,0,aPaPaPrPrP,A,gemma-31b,google/gemma-4-31b-it,io-net,0,1.0,Io Net,A,3.64705e-05,0.9999999623054094,4.611446153157672e-06,1
comprehension,rival_majority,neutral,3020,1,0,0,0,rPaPaPrPaP,A,gemma-31b,google/gemma-4-31b-it,io-net,0,1.0,Io Net,A,3.64705e-05,0.9999998684330844,1.704663759105607e-05,1
comprehension,rival_majority,neutral,3020,1,0,1,0,rPaPrPaPaP,A,gemma-31b,google/gemma-4-31b-it,io-net,0,1.0,Io Net,A,4.22465e-05,0.9999999545316941,5.438129217050225e-06,1
comprehension,rival_majority,neutral,3021,-1,0,0,0,rQaPrPrPaPaP,A,gemma-31b,google/gemma-4-31b-it,io-net,0,1.0,Io Net,A,3.89975e-05,0.9999999037436295,8.954108033143449e-06,1
comprehension,rival_majority,neutral,3021,-1,0,1,0,aPaPrQaPrPrP,A,gemma-31b,google/gemma-4-31b-it,io-net,0,1.0,Io Net,A,3.89975e-05,0.99999991766757,5.043641103652519e-06,1
comprehension,rival_majority,neutral,3021,1,0,0,0,aPaPrPrPrQaP,A,gemma-31b,google/gemma-4-31b-it,io-net,0,1.0,Io Net,A,3.89975e-05,0.9999999250354538,5.245181341817506e-06,1
comprehension,rival_majority,neutral,3021,1,0,1,0,aPrPaPaPrPrQ,A,gemma-31b,google/gemma-4-31b-it,io-net,0,1.0,Io Net,A,3.89975e-05,0.999999925035488,4.788245729137053e-06,1
comprehension,rival_majority,neutral,3030,-1,0,0,0,aPrPrPaPaPrP,A,gemma-31b,google/gemma-4-31b-it,io-net,0,1.0,Io Net,A,3.89975e-05,0.9999999634652009,5.125973125186256e-06,1
comprehension,rival_majority,neutral,3030,-1,0,1,0,rPaPaPaPrPrP,A,gemma-31b,google/gemma-4-31b-it,io-net,0,1.0,Io Net,A,3.89975e-05,0.999999825702163,2.0861189795051693e-05,1
comprehension,rival_majority,neutral,3030,1,0,0,0,aPaPaPrPrPrP,A,gemma-31b,google/gemma-4-31b-it,io-net,0,1.0,Io Net,A,3.89975e-05,0.9999999284682277,1.0490307887134342e-05,1
comprehension,rival_majority,neutral,3030,1,0,1,0,rPaPrPaPaPrP,A,gemma-31b,google/gemma-4-31b-it,io-net,0,1.0,Io Net,A,3.89975e-05,0.9999999378522267,4.936342584471731e-06,1
comprehension,rival_majority,neutral,3101,-1,0,0,0,rQaPaPaPaQ,B,gemma-31b,google/gemma-4-31b-it,io-net,0,1.0,Io Net,B,3.64705e-05,7.582560336017792e-10,0.0,1
comprehension,rival_majority,neutral,3101,-1,0,1,0,aQaPrQaPaP,B,gemma-31b,google/gemma-4-31b-it,io-net,0,1.0,Io Net,B,3.64705e-05,1.461576850088901e-09,5.1725427385740375e-08,1
comprehension,rival_majority,neutral,3101,1,0,0,0,aPrQaPaQaP,B,gemma-31b,google/gemma-4-31b-it,io-net,0,1.0,Io Net,B,3.64705e-05,4.457557406893531e-10,1.9897332226292974e-08,1
comprehension,rival_majority,neutral,3101,1,0,1,0,aPrQaPaQaP,B,gemma-31b,google/gemma-4-31b-it,io-net,0,1.0,Io Net,B,3.64705e-05,4.5990556477597634e-10,5.897353694273022e-08,1
comprehension,rival_majority,neutral,3102,-1,0,0,0,aPrQaPaPrQaQ,B,gemma-31b,google/gemma-4-31b-it,io-net,0,1.0,Io Net,B,3.89975e-05,6.904000479064655e-10,9.392049760137411e-08,1
comprehension,rival_majority,neutral,3102,-1,0,1,0,aQrQrQaPaPaP,B,gemma-31b,google/gemma-4-31b-it,io-net,0,1.0,Io Net,B,3.89975e-05,6.092758587706072e-10,1.9897332226292974e-08,1
comprehension,rival_majority,neutral,3102,1,0,0,0,aPaPaPaQrQrQ,B,gemma-31b,google/gemma-4-31b-it,io-net,0,1.0,Io Net,B,3.89975e-05,5.051074457532238e-10,5.508866562919934e-08,1
comprehension,rival_majority,neutral,3102,1,0,1,0,aPaQrQrQaPaP,B,gemma-31b,google/gemma-4-31b-it,io-net,0,1.0,Io Net,B,3.89975e-05,4.38844961482017e-10,7.229763510085974e-08,1
comprehension,rival_majority,neutral,3110,-1,0,0,0,aPaPaPaQrP,A,gemma-31b,google/gemma-4-31b-it,io-net,0,1.0,Io Net,A,3.64705e-05,0.9999998802069766,1.5943912980209696e-05,1
comprehension,rival_majority,neutral,3110,-1,0,1,0,aPaQaPaPrP,A,gemma-31b,google/gemma-4-31b-it,io-net,0,1.0,Io Net,A,3.64705e-05,0.9999998599477652,1.4066498097986546e-05,1
comprehension,rival_majority,neutral,3110,1,0,0,0,aQaPrPaPaP,A,gemma-31b,google/gemma-4-31b-it,io-net,0,1.0,Io Net,A,4.22465e-05,0.9999998764043254,1.414117519571434e-05,1
comprehension,rival_majority,neutral,3110,1,0,1,0,rPaPaPaPaQ,A,gemma-31b,google/gemma-4-31b-it,io-net,0,1.0,Io Net,A,3.64705e-05,0.9999999832731505,1.2667718712888743e-06,1
comprehension,rival_majority,neutral,3120,-1,0,0,0,aPrPaPrPaPaQ,A,gemma-31b,google/gemma-4-31b-it,io-net,0,1.0,Io Net,A,3.89975e-05,0.9999998336838606,2.264925203898649e-05,1
comprehension,rival_majority,neutral,3120,-1,0,1,0,aQrPaPaPaPrP,A,gemma-31b,google/gemma-4-31b-it,io-net,0,1.0,Io Net,A,3.89975e-05,0.9999998909272184,9.189165909195829e-06,1
comprehension,rival_majority,neutral,3120,1,0,0,0,aQaPrPaPaPrP,A,gemma-31b,google/gemma-4-31b-it,io-net,0,1.0,Io Net,A,3.89975e-05,0.9999999358793638,8.106166092480827e-06,1
comprehension,rival_majority,neutral,3120,1,0,1,0,rPaPaPrPaPaQ,A,gemma-31b,google/gemma-4-31b-it,io-net,0,1.0,Io Net,A,3.89975e-05,0.9999999687501395,2.9180756615510006e-06,1
comprehension,rival_majority,neutral,3201,-1,0,0,0,rQaQaQaPaPaP,B,gemma-31b,google/gemma-4-31b-it,io-net,0,1.0,Io Net,B,3.89975e-05,7.34927032827006e-10,1.0402581684942902e-07,1
comprehension,rival_majority,neutral,3201,-1,0,1,0,aPaQaPaPaQrQ,B,gemma-31b,google/gemma-4-31b-it,io-net,0,1.0,Io Net,B,3.89975e-05,6.092759142160147e-10,1.1089946305720133e-07,1
comprehension,rival_majority,neutral,3201,1,0,0,0,aPaPaPaQaQrQ,B,gemma-31b,google/gemma-4-31b-it,io-net,0,1.0,Io Net,B,3.89975e-05,1.0693124259678955e-09,1.3492262196379556e-08,1
comprehension,rival_majority,neutral,3201,1,0,1,0,aQaPaPrQaQaP,B,gemma-31b,google/gemma-4-31b-it,io-net,0,1.0,Io Net,B,3.89975e-05,6.092758507140114e-10,6.674100605508215e-09,1
comprehension,rival_majority,neutral,3210,-1,0,0,0,rPaPaQaPaPaQ,A,gemma-31b,google/gemma-4-31b-it,io-net,0,1.0,Io Net,A,3.89975e-05,0.9999999667346591,5.960428978935006e-06,1
comprehension,rival_majority,neutral,3210,-1,0,1,0,aQaQaPaPaPrP,A,gemma-31b,google/gemma-4-31b-it,io-net,0,1.0,Io Net,A,3.89975e-05,0.9999998024945624,1.7642662786809815e-05,1
comprehension,rival_majority,neutral,3210,1,0,0,0,rPaQaPaQaPaP,A,gemma-31b,google/gemma-4-31b-it,io-net,0,1.0,Io Net,A,3.89975e-05,0.9999999397642636,7.658119924092155e-06,1
comprehension,rival_majority,neutral,3210,1,0,1,0,aPaPaPrPaQaQ,A,gemma-31b,google/gemma-4-31b-it,io-net,0,1.0,Io Net,A,3.89975e-05,0.9999999095754233,6.072254599365223e-06,1
comprehension,rival_majority,neutral,4001,-1,0,0,0,aPrQaPaPaP,B,gemma-31b,google/gemma-4-31b-it,io-net,0,1.0,Io Net,B,3.64705e-05,1.1032560432566875e-09,1.0995006571867805e-08,1
comprehension,rival_majority,neutral,4001,-1,0,1,0,aPrQaPaPaP,B,gemma-31b,google/gemma-4-31b-it,io-net,0,1.0,Io Net,B,3.64705e-05,1.1032561322937736e-09,9.169891801441565e-08,1
comprehension,rival_majority,neutral,4001,1,0,0,0,aPaPrQaPaP,B,gemma-31b,google/gemma-4-31b-it,io-net,0,1.0,Io Net,B,3.64705e-05,5.211412519954149e-10,6.674100605508215e-09,1
comprehension,rival_majority,neutral,4001,1,0,1,0,aPaPaPrQaP,B,gemma-31b,google/gemma-4-31b-it,io-net,0,1.0,Io Net,B,3.64705e-05,5.211412482130262e-10,0.0,1
comprehension,rival_majority,neutral,4002,-1,0,0,0,aPaPrQaPrQaP,B,gemma-31b,google/gemma-4-31b-it,io-net,0,1.0,Io Net,B,3.89975e-05,2.061153772118835e-09,7.468080920336462e-08,1
comprehension,rival_majority,neutral,4002,-1,0,1,0,aPrQaPaPrQaP,B,gemma-31b,google/gemma-4-31b-it,io-net,0,1.0,Io Net,B,3.89975e-05,5.130617212660091e-10,3.6876782738559655e-08,1
comprehension,rival_majority,neutral,4002,1,0,0,0,aPrQaPaPaPrQ,B,gemma-31b,google/gemma-4-31b-it,io-net,0,1.0,Io Net,B,3.89975e-05,5.21141284617814e-10,6.927209428297942e-08,1
comprehension,rival_majority,neutral,4002,1,0,1,0,aPaPaPrQaPrQ,B,gemma-31b,google/gemma-4-31b-it,io-net,0,1.0,Io Net,B,3.89975e-05,7.123156107801409e-10,0.0,1
comprehension,rival_majority,neutral,4010,-1,0,0,0,aPrPaPaPaP,A,gemma-31b,google/gemma-4-31b-it,io-net,0,1.0,Io Net,A,3.64705e-05,0.9999999226557316,1.4066498097986546e-05,1
comprehension,rival_majority,neutral,4010,-1,0,1,0,aPaPaPaPrP,A,gemma-31b,google/gemma-4-31b-it,io-net,0,1.0,Io Net,A,3.64705e-05,0.9999998144609177,1.4200316607593244e-05,1
comprehension,rival_majority,neutral,4010,1,0,0,0,aPaPaPaPrP,A,gemma-31b,google/gemma-4-31b-it,io-net,0,1.0,Io Net,A,3.64705e-05,0.9999997897567426,1.2953532770532128e-05,1
comprehension,rival_majority,neutral,4010,1,0,1,0,aPaPaPrPaP,A,gemma-31b,google/gemma-4-31b-it,io-net,0,1.0,Io Net,A,3.64705e-05,0.9999998724809543,9.558150605659677e-06,1
comprehension,rival_majority,neutral,4020,-1,0,0,0,aPrPrPaPaPaP,A,gemma-31b,google/gemma-4-31b-it,io-net,0,1.0,Io Net,A,3.89975e-05,0.9999999451547588,9.179031331130183e-06,1
comprehension,rival_majority,neutral,4020,-1,0,1,0,aPrPaPaPrPaP,A,gemma-31b,google/gemma-4-31b-it,io-net,0,1.0,Io Net,A,3.89975e-05,0.9999998975355068,1.3947292297089575e-05,1
comprehension,rival_majority,neutral,4020,1,0,0,0,rPaPaPrPaPaP,A,gemma-31b,google/gemma-4-31b-it,io-net,0,1.0,Io Net,A,3.89975e-05,0.9999998909271924,1.1334889247538449e-05,1
comprehension,rival_majority,neutral,4020,1,0,1,0,rPaPrPaPaPaP,A,gemma-31b,google/gemma-4-31b-it,io-net,0,1.0,Io Net,A,3.89975e-05,0.999999943413814,6.738297419150996e-06,1
comprehension,rival_majority,neutral,4101,-1,0,0,0,aPaPrQaPaQaP,B,gemma-31b,google/gemma-4-31b-it,io-net,0,1.0,Io Net,B,3.89975e-05,1.4615767905582605e-09,1.0995006571867805e-08,1
comprehension,rival_majority,neutral,4101,-1,0,1,0,aQaPaPaPrQaP,B,gemma-31b,google/gemma-4-31b-it,io-net,0,1.0,Io Net,B,3.89975e-05,5.723617294322911e-10,7.025911208380364e-08,1
comprehension,rival_majority,neutral,4101,1,0,0,0,aPaPrQaQaPaP,B,gemma-31b,google/gemma-4-31b-it,io-net,0,1.0,Io Net,B,3.89975e-05,3.4715492756787587e-10,4.1865056310541604e-08,1
comprehension,rival_majority,neutral,4101,1,0,1,0,aQaPaPaPrQaP,B,gemma-31b,google/gemma-4-31b-it,io-net,0,1.0,Io Net,B,3.89975e-05,1.3730243577225744e-09,3.1566793179393926e-08,1
comprehension,rival_majority,neutral,4110,-1,0,0,0,aPaPaPaQaPrP,A,gemma-31b,google/gemma-4-31b-it,io-net,0,1.0,Io Net,A,3.89975e-05,0.9999998975355417,1.3606417578193586e-05,1
comprehension,rival_majority,neutral,4110,-1,0,1,0,rPaQaPaPaPaP,A,gemma-31b,google/gemma-4-31b-it,io-net,0,1.0,Io Net,A,3.89975e-05,0.9999998724809616,1.9038513311864236e-05,1
comprehension,rival_majority,neutral,4110,1,0,0,0,rPaPaPaQaPaP,A,gemma-31b,google/gemma-4-31b-it,io-net,0,1.0,Io Net,A,3.89975e-05,0.9999999572864895,5.202468051690445e-06,1
comprehension,rival_majority,neutral,4110,1,0,1,0,rPaPaPaQaPaP,A,gemma-31b,google/gemma-4-31b-it,io-net,0,1.0,Io Net,A,3.89975e-05,0.9999999892003383,8.985847399500813e-07,1
comprehension,rival_majority,neutral,5001,-1,0,0,0,aPaPrQaPaPaP,B,gemma-31b,google/gemma-4-31b-it,io-net,0,1.0,Io Net,B,3.89975e-05,7.582561117475034e-10,9.169891801441565e-08,1
comprehension,rival_majority,neutral,5001,-1,0,1,0,aPrQaPaPaPaP,B,gemma-31b,google/gemma-4-31b-it,io-net,0,1.0,Io Net,B,3.89975e-05,5.998299002926267e-10,1.8155554837306909e-10,1
comprehension,rival_majority,neutral,5001,1,0,0,0,rQaPaPaPaPaP,B,gemma-31b,google/gemma-4-31b-it,io-net,0,1.0,Io Net,B,3.89975e-05,6.904000009550089e-10,2.59143386749372e-08,1
comprehension,rival_majority,neutral,5001,1,0,1,0,aPaPaPaPaPrQ,B,gemma-31b,google/gemma-4-31b-it,io-net,0,1.0,Io Net,B,3.89975e-05,4.745045159810012e-10,1.9897332226292974e-08,1
comprehension,rival_majority,neutral,5010,-1,0,0,0,aPaPaPrPaPaP,A,gemma-31b,google/gemma-4-31b-it,io-net,0,1.0,Io Net,A,3.89975e-05,0.9999998783204787,1.8119484142875564e-05,1
comprehension,rival_majority,neutral,5010,-1,0,1,0,aPaPrPaPaPaP,A,gemma-31b,google/gemma-4-31b-it,io-net,0,1.0,Io Net,A,3.89975e-05,0.9999998802069883,1.1078030080158285e-05,1
comprehension,rival_majority,neutral,5010,1,0,0,0,aPaPaPrPaPaP,A,gemma-31b,google/gemma-4-31b-it,io-net,0,1.0,Io Net,A,3.89975e-05,0.999999945154738,5.741909472667395e-06,1
comprehension,rival_majority,neutral,5010,1,0,1,0,aPaPaPaPaPrP,A,gemma-31b,google/gemma-4-31b-it,io-net,0,1.0,Io Net,A,3.89975e-05,0.9999999656787429,2.913893344724805e-06,1
