arm,question,framing,counts,s0,mapping,order,perm,seq,correct,key,model,tag,rep,temperature,served,content,cost,pA,leak,censored
comprehension,ally_majority,neutral,0100,-1,0,0,0,aQ,B,llama-8b,meta-llama/llama-3.1-8b-instruct,coreweave/bf16,0,1.0,CoreWeave,A,3.014e-05,0.8175744828610095,0.0008402699653820844,0
comprehension,ally_majority,neutral,0100,-1,0,1,0,aQ,B,llama-8b,meta-llama/llama-3.1-8b-instruct,coreweave/bf16,0,1.0,CoreWeave,A,3.014e-05,0.7981867729389246,0.0006723320742453576,0
comprehension,ally_majority,neutral,0100,1,0,0,0,aQ,B,llama-8b,meta-llama/llama-3.1-8b-instruct,coreweave/bf16,0,1.0,CoreWeave,B,3.014e-05,0.20181322946142377,0.0017008518371490755,0
comprehension,ally_majority,neutral,0100,1,0,1,0,aQ,B,llama-8b,meta-llama/llama-3.1-8b-instruct,coreweave/bf16,0,1.0,CoreWeave,B,3.014e-05,0.4073334000459302,0.0016841996684495708,0
comprehension,ally_majority,neutral,0101,-1,0,0,0,aQrQ,B,llama-8b,meta-llama/llama-3.1-8b-instruct,coreweave/bf16,0,1.0,CoreWeave,A,3.146e-05,0.8519528000888386,0.0007442464763883772,0
comprehension,ally_majority,neutral,0101,-1,0,1,0,aQrQ,B,llama-8b,meta-llama/llama-3.1-8b-instruct,coreweave/bf16,0,1.0,CoreWeave,A,3.146e-05,0.8933093954028817,0.0005807342659999853,0
comprehension,ally_majority,neutral,0101,1,0,0,0,rQaQ,B,llama-8b,meta-llama/llama-3.1-8b-instruct,coreweave/bf16,0,1.0,CoreWeave,B,3.146e-05,0.14804719427274565,0.0003250543577705267,0
comprehension,ally_majority,neutral,0101,1,0,1,0,rQaQ,B,llama-8b,meta-llama/llama-3.1-8b-instruct,coreweave/bf16,0,1.0,CoreWeave,A,3.146e-05,0.26894142136999516,0.00014929872635993657,0
comprehension,ally_majority,neutral,0102,-1,0,0,0,rQaQrQ,B,llama-8b,meta-llama/llama-3.1-8b-instruct,coreweave/bf16,0,1.0,CoreWeave,B,3.278e-05,0.5,0.0008627048170372631,0
comprehension,ally_majority,neutral,0102,-1,0,1,0,rQaQrQ,B,llama-8b,meta-llama/llama-3.1-8b-instruct,coreweave/bf16,0,1.0,CoreWeave,B,3.278e-05,0.7057850278370112,0.0002674698960433153,0
comprehension,ally_majority,neutral,0102,1,0,0,0,rQaQrQ,B,llama-8b,meta-llama/llama-3.1-8b-instruct,coreweave/bf16,0,1.0,CoreWeave,B,3.278e-05,0.07585818315512395,0.0003517593439114064,0
comprehension,ally_majority,neutral,0102,1,0,1,0,aQrQrQ,B,llama-8b,meta-llama/llama-3.1-8b-instruct,coreweave/bf16,0,1.0,CoreWeave,B,3.278e-05,0.32082130082460697,0.0004392830760646671,0
comprehension,ally_majority,neutral,0103,-1,0,0,0,aQrQrQrQ,B,llama-8b,meta-llama/llama-3.1-8b-instruct,coreweave/bf16,0,1.0,CoreWeave,A,3.41e-05,0.817574471748733,0.0015640138196307274,0
comprehension,ally_majority,neutral,0103,-1,0,1,0,rQrQrQaQ,B,llama-8b,meta-llama/llama-3.1-8b-instruct,coreweave/bf16,0,1.0,CoreWeave,B,3.41e-05,0.705785040214066,0.00020247404098822086,0
comprehension,ally_majority,neutral,0103,1,0,0,0,rQaQrQrQ,B,llama-8b,meta-llama/llama-3.1-8b-instruct,coreweave/bf16,0,1.0,CoreWeave,B,3.41e-05,0.04742587418734382,0.0002955872966066142,0
comprehension,ally_majority,neutral,0103,1,0,1,0,rQrQrQaQ,B,llama-8b,meta-llama/llama-3.1-8b-instruct,coreweave/bf16,0,1.0,CoreWeave,B,3.41e-05,0.14804719615221754,6.393029744122813e-05,0
comprehension,ally_majority,neutral,0104,-1,0,0,0,rQrQrQrQaQ,B,llama-8b,meta-llama/llama-3.1-8b-instruct,coreweave/bf16,0,1.0,CoreWeave,B,3.542e-05,0.5312093733737563,0.0007123401433885013,0
comprehension,ally_majority,neutral,0104,-1,0,1,0,rQrQrQaQrQ,B,llama-8b,meta-llama/llama-3.1-8b-instruct,coreweave/bf16,0,1.0,CoreWeave,A,3.542e-05,0.7057850402140659,0.00023393842620356153,0
comprehension,ally_majority,neutral,0104,1,0,0,0,rQrQaQrQrQ,B,llama-8b,meta-llama/llama-3.1-8b-instruct,coreweave/bf16,0,1.0,CoreWeave,B,3.542e-05,0.0259573592699472,0.00014502450043651915,0
comprehension,ally_majority,neutral,0104,1,0,1,0,rQaQrQrQrQ,B,llama-8b,meta-llama/llama-3.1-8b-instruct,coreweave/bf16,0,1.0,CoreWeave,A,3.542e-05,0.14804720179063335,0.00026027424899743856,0
comprehension,ally_majority,neutral,0105,-1,0,0,0,rQrQrQrQaQrQ,B,llama-8b,meta-llama/llama-3.1-8b-instruct,coreweave/bf16,0,1.0,CoreWeave,B,3.674e-05,0.5621765008857981,0.0009691158666982891,0
comprehension,ally_majority,neutral,0105,-1,0,1,0,rQrQrQrQrQaQ,B,llama-8b,meta-llama/llama-3.1-8b-instruct,coreweave/bf16,0,1.0,CoreWeave,A,3.674e-05,0.7310585727705126,0.0009059000729649824,0
comprehension,ally_majority,neutral,0105,1,0,0,0,rQrQrQrQrQaQ,B,llama-8b,meta-llama/llama-3.1-8b-instruct,coreweave/bf16,0,1.0,CoreWeave,B,3.674e-05,0.10669059891633578,0.00089420851922839,0
comprehension,ally_majority,neutral,0105,1,0,1,0,aQrQrQrQrQrQ,B,llama-8b,meta-llama/llama-3.1-8b-instruct,coreweave/bf16,0,1.0,CoreWeave,A,3.674e-05,0.32082131381216084,0.001344863159723264,0
comprehension,ally_majority,neutral,0110,-1,0,0,0,rPaQ,B,llama-8b,meta-llama/llama-3.1-8b-instruct,coreweave/bf16,0,1.0,CoreWeave,B,3.146e-05,0.46879062662624377,0.0004831781415561842,0
comprehension,ally_majority,neutral,0110,-1,0,1,0,rPaQ,B,llama-8b,meta-llama/llama-3.1-8b-instruct,coreweave/bf16,0,1.0,CoreWeave,B,3.146e-05,0.5926665999540698,0.0002928545070752797,0
comprehension,ally_majority,neutral,0110,1,0,0,0,aQrP,B,llama-8b,meta-llama/llama-3.1-8b-instruct,coreweave/bf16,0,1.0,CoreWeave,B,3.146e-05,0.13296424878721277,0.0005140666342806632,0
comprehension,ally_majority,neutral,0110,1,0,1,0,rPaQ,B,llama-8b,meta-llama/llama-3.1-8b-instruct,coreweave/bf16,0,1.0,CoreWeave,B,3.146e-05,0.320821300824607,0.00044738571398283966,0
comprehension,ally_majority,neutral,0111,-1,0,0,0,aQrQrP,B,llama-8b,meta-llama/llama-3.1-8b-instruct,coreweave/bf16,0,1.0,CoreWeave,B,3.278e-05,0.5926665999540697,0.0009053422850633375,0
comprehension,ally_majority,neutral,0111,-1,0,1,0,aQrQrP,B,llama-8b,meta-llama/llama-3.1-8b-instruct,coreweave/bf16,0,1.0,CoreWeave,B,3.278e-05,0.7310585727705126,0.0006654056122425978,0
comprehension,ally_majority,neutral,0111,1,0,0,0,rQaQrP,B,llama-8b,meta-llama/llama-3.1-8b-instruct,coreweave/bf16,0,1.0,CoreWeave,B,3.278e-05,0.0600866444934669,0.0002602469887698078,0
comprehension,ally_majority,neutral,0111,1,0,1,0,rPrQaQ,B,llama-8b,meta-llama/llama-3.1-8b-instruct,coreweave/bf16,0,1.0,CoreWeave,B,3.278e-05,0.08509905080783368,8.275884220820817e-05,0
comprehension,ally_majority,neutral,0112,-1,0,0,0,rPrQrQaQ,B,llama-8b,meta-llama/llama-3.1-8b-instruct,coreweave/bf16,0,1.0,CoreWeave,B,3.41e-05,0.29421497835151617,0.00013936700777750222,0
comprehension,ally_majority,neutral,0112,-1,0,1,0,aQrQrPrQ,B,llama-8b,meta-llama/llama-3.1-8b-instruct,coreweave/bf16,0,1.0,CoreWeave,A,3.41e-05,0.6791787056691697,0.0007761818338048454,0
comprehension,ally_majority,neutral,0112,1,0,0,0,rQaQrPrQ,B,llama-8b,meta-llama/llama-3.1-8b-instruct,coreweave/bf16,0,1.0,CoreWeave,B,3.41e-05,0.037326887076403345,0.0003232177126099023,0
comprehension,ally_majority,neutral,0112,1,0,1,0,rPaQrQrQ,B,llama-8b,meta-llama/llama-3.1-8b-instruct,coreweave/bf16,0,1.0,CoreWeave,B,3.41e-05,0.1480471923932738,8.607617398770362e-05,0
comprehension,ally_majority,neutral,0113,-1,0,0,0,rQrQaQrQrP,B,llama-8b,meta-llama/llama-3.1-8b-instruct,coreweave/bf16,0,1.0,CoreWeave,B,3.542e-05,0.32082129433083023,0.0002652785927038659,0
comprehension,ally_majority,neutral,0113,-1,0,1,0,rPrQaQrQrQ,B,llama-8b,meta-llama/llama-3.1-8b-instruct,coreweave/bf16,0,1.0,CoreWeave,A,3.542e-05,0.46879062662624377,0.0001518219540136423,0
comprehension,ally_majority,neutral,0113,1,0,0,0,aQrQrQrPrQ,B,llama-8b,meta-llama/llama-3.1-8b-instruct,coreweave/bf16,0,1.0,CoreWeave,B,3.542e-05,0.11920291107043361,0.0007011696572314374,0
comprehension,ally_majority,neutral,0113,1,0,1,0,aQrPrQrQrQ,B,llama-8b,meta-llama/llama-3.1-8b-instruct,coreweave/bf16,0,1.0,CoreWeave,B,3.542e-05,0.2450850131323717,0.00027589780555026255,0
comprehension,ally_majority,neutral,0114,-1,0,0,0,rPrQrQrQrQaQ,B,llama-8b,meta-llama/llama-3.1-8b-instruct,coreweave/bf16,0,1.0,CoreWeave,B,3.674e-05,0.34864513533394575,0.00040428339017373194,0
comprehension,ally_majority,neutral,0114,-1,0,1,0,rQaQrPrQrQrQ,B,llama-8b,meta-llama/llama-3.1-8b-instruct,coreweave/bf16,0,1.0,CoreWeave,B,3.674e-05,0.5312093733737562,0.0007611203830749091,0
comprehension,ally_majority,neutral,0114,1,0,0,0,rQrPrQrQrQaQ,B,llama-8b,meta-llama/llama-3.1-8b-instruct,coreweave/bf16,0,1.0,CoreWeave,B,3.674e-05,0.037326890289116836,0.00036048433663860013,0
comprehension,ally_majority,neutral,0114,1,0,1,0,rQrQaQrPrQrQ,B,llama-8b,meta-llama/llama-3.1-8b-instruct,coreweave/bf16,0,1.0,CoreWeave,B,3.674e-05,0.03732689055684297,0.00011903139378122152,0
comprehension,ally_majority,neutral,0120,-1,0,0,0,rPaQrP,B,llama-8b,meta-llama/llama-3.1-8b-instruct,coreweave/bf16,0,1.0,CoreWeave,A,3.278e-05,0.3486451353339458,0.00038605157634108433,0
comprehension,ally_majority,neutral,0120,-1,0,1,0,aQrPrP,B,llama-8b,meta-llama/llama-3.1-8b-instruct,coreweave/bf16,0,1.0,CoreWeave,A,3.278e-05,0.6224593312018546,0.0004708275570325937,0
comprehension,ally_majority,neutral,0120,1,0,0,0,rPrPaQ,B,llama-8b,meta-llama/llama-3.1-8b-instruct,coreweave/bf16,0,1.0,CoreWeave,B,3.278e-05,0.03732688413141622,0.00038915726657440253,0
comprehension,ally_majority,neutral,0120,1,0,1,0,rPaQrP,B,llama-8b,meta-llama/llama-3.1-8b-instruct,coreweave/bf16,0,1.0,CoreWeave,B,3.278e-05,0.29421496597446145,0.00027126253739129247,0
comprehension,ally_majority,neutral,0121,-1,0,0,0,aQrPrQrP,B,llama-8b,meta-llama/llama-3.1-8b-instruct,coreweave/bf16,0,1.0,CoreWeave,A,3.41e-05,0.5312093733737562,0.0005855837729571989,0
comprehension,ally_majority,neutral,0121,-1,0,1,0,aQrQrPrP,B,llama-8b,meta-llama/llama-3.1-8b-instruct,coreweave/bf16,0,1.0,CoreWeave,A,3.41e-05,0.7310585786300049,0.000866335891222425,0
comprehension,ally_majority,neutral,0121,1,0,0,0,aQrPrQrP,B,llama-8b,meta-llama/llama-3.1-8b-instruct,coreweave/bf16,0,1.0,CoreWeave,A,3.41e-05,0.11920291576401233,0.0004002521786528046,0
comprehension,ally_majority,neutral,0121,1,0,1,0,rPaQrPrQ,B,llama-8b,meta-llama/llama-3.1-8b-instruct,coreweave/bf16,0,1.0,CoreWeave,A,3.41e-05,0.20181322946142372,0.00013421192588225495,0
comprehension,ally_majority,neutral,0122,-1,0,0,0,rPrQaQrPrQ,B,llama-8b,meta-llama/llama-3.1-8b-instruct,coreweave/bf16,0,1.0,CoreWeave,B,3.542e-05,0.32082129433083023,0.0006390690349565853,0
comprehension,ally_majority,neutral,0122,-1,0,1,0,aQrPrQrPrQ,B,llama-8b,meta-llama/llama-3.1-8b-instruct,coreweave/bf16,0,1.0,CoreWeave,B,3.542e-05,0.5312093733737563,0.00037396965176705876,0
comprehension,ally_majority,neutral,0122,1,0,0,0,rPaQrPrQrQ,B,llama-8b,meta-llama/llama-3.1-8b-instruct,coreweave/bf16,0,1.0,CoreWeave,B,3.542e-05,0.047425871831197425,0.00023714063636348648,0
comprehension,ally_majority,neutral,0122,1,0,1,0,rQrPrPaQrQ,B,llama-8b,meta-llama/llama-3.1-8b-instruct,coreweave/bf16,0,1.0,CoreWeave,B,3.542e-05,0.07585817897661679,0.00021941975515904488,0
comprehension,ally_majority,neutral,0123,-1,0,0,0,rQrPaQrQrQrP,B,llama-8b,meta-llama/llama-3.1-8b-instruct,coreweave/bf16,0,1.0,CoreWeave,B,3.674e-05,0.4073334000459302,0.0010414658704510638,0
comprehension,ally_majority,neutral,0123,-1,0,1,0,rQrPaQrQrQrP,B,llama-8b,meta-llama/llama-3.1-8b-instruct,coreweave/bf16,0,1.0,CoreWeave,A,3.674e-05,0.5926665999540698,0.0005890185469358267,0
comprehension,ally_majority,neutral,0123,1,0,0,0,rQrQaQrQrPrP,B,llama-8b,meta-llama/llama-3.1-8b-instruct,coreweave/bf16,0,1.0,CoreWeave,B,3.674e-05,0.01798621256114071,0.000262772080727669,0
comprehension,ally_majority,neutral,0123,1,0,1,0,rPrPrQrQaQrQ,B,llama-8b,meta-llama/llama-3.1-8b-instruct,coreweave/bf16,0,1.0,CoreWeave,B,3.674e-05,0.10669058542447808,0.0002166346153106291,0
comprehension,ally_majority,neutral,0130,-1,0,0,0,aQrPrPrP,B,llama-8b,meta-llama/llama-3.1-8b-instruct,coreweave/bf16,0,1.0,CoreWeave,A,3.41e-05,0.43782349911420193,0.0005636980086538568,0
comprehension,ally_majority,neutral,0130,-1,0,1,0,rPrPaQrP,B,llama-8b,meta-llama/llama-3.1-8b-instruct,coreweave/bf16,0,1.0,CoreWeave,A,3.41e-05,0.4687906266262437,0.00015223912309503262,0
comprehension,ally_majority,neutral,0130,1,0,0,0,rPrPrPaQ,B,llama-8b,meta-llama/llama-3.1-8b-instruct,coreweave/bf16,0,1.0,CoreWeave,B,3.41e-05,0.04742587098971659,0.0005555238766953297,0
comprehension,ally_majority,neutral,0130,1,0,1,0,rPrPrPaQ,B,llama-8b,meta-llama/llama-3.1-8b-instruct,coreweave/bf16,0,1.0,CoreWeave,B,3.41e-05,0.2942149783515162,0.0005600286377657193,0
comprehension,ally_majority,neutral,0131,-1,0,0,0,aQrQrPrPrP,B,llama-8b,meta-llama/llama-3.1-8b-instruct,coreweave/bf16,0,1.0,CoreWeave,A,3.542e-05,0.4378234991142019,0.001972809939885245,0
comprehension,ally_majority,neutral,0131,-1,0,1,0,rPrQrPaQrP,B,llama-8b,meta-llama/llama-3.1-8b-instruct,coreweave/bf16,0,1.0,CoreWeave,A,3.542e-05,0.40733340004593027,0.0001525764225626114,0
comprehension,ally_majority,neutral,0131,1,0,0,0,rPrQrPaQrP,B,llama-8b,meta-llama/llama-3.1-8b-instruct,coreweave/bf16,0,1.0,CoreWeave,B,3.542e-05,0.03732688359596404,0.00022492296300269388,0
comprehension,ally_majority,neutral,0131,1,0,1,0,rPrPrQaQrP,B,llama-8b,meta-llama/llama-3.1-8b-instruct,coreweave/bf16,0,1.0,CoreWeave,B,3.542e-05,0.1480471999111614,0.00023511462725978038,0
comprehension,ally_majority,neutral,0132,-1,0,0,0,rPrQrQrPrPaQ,B,llama-8b,meta-llama/llama-3.1-8b-instruct,coreweave/bf16,0,1.0,CoreWeave,B,3.674e-05,0.24508500761839525,0.0005563772065025896,0
comprehension,ally_majority,neutral,0132,-1,0,1,0,aQrPrQrQrPrP,B,llama-8b,meta-llama/llama-3.1-8b-instruct,coreweave/bf16,0,1.0,CoreWeave,B,3.674e-05,0.622459324198198,0.0008377109131676996,0
comprehension,ally_majority,neutral,0132,1,0,0,0,rPaQrPrQrQrP,B,llama-8b,meta-llama/llama-3.1-8b-instruct,coreweave/bf16,0,1.0,CoreWeave,B,3.674e-05,0.03732688747799252,0.00027103031324704485,0
comprehension,ally_majority,neutral,0132,1,0,1,0,rPrPrQrPrQaQ,B,llama-8b,meta-llama/llama-3.1-8b-instruct,coreweave/bf16,0,1.0,CoreWeave,A,3.674e-05,0.1824255149165352,0.0004982369756784122,0
comprehension,ally_majority,neutral,0140,-1,0,0,0,rPrPaQrPrP,B,llama-8b,meta-llama/llama-3.1-8b-instruct,coreweave/bf16,0,1.0,CoreWeave,B,3.542e-05,0.22270013366638422,0.0004214946161136268,0
comprehension,ally_majority,neutral,0140,-1,0,1,0,rPaQrPrPrP,B,llama-8b,meta-llama/llama-3.1-8b-instruct,coreweave/bf16,0,1.0,CoreWeave,A,3.542e-05,0.5312093733737563,0.0004435594193751835,0
comprehension,ally_majority,neutral,0140,1,0,0,0,rPaQrPrPrP,B,llama-8b,meta-llama/llama-3.1-8b-instruct,coreweave/bf16,0,1.0,CoreWeave,B,3.542e-05,0.042087728065808946,0.00032343519435673596,0
comprehension,ally_majority,neutral,0140,1,0,1,0,rPaQrPrPrP,B,llama-8b,meta-llama/llama-3.1-8b-instruct,coreweave/bf16,0,1.0,CoreWeave,B,3.542e-05,0.24508500761839525,0.00035560114776023166,0
comprehension,ally_majority,neutral,0141,-1,0,0,0,aQrQrPrPrPrP,B,llama-8b,meta-llama/llama-3.1-8b-instruct,coreweave/bf16,0,1.0,CoreWeave,B,3.674e-05,0.4687906266262437,0.004524950086682078,0
comprehension,ally_majority,neutral,0141,-1,0,1,0,rPaQrPrPrQrP,B,llama-8b,meta-llama/llama-3.1-8b-instruct,coreweave/bf16,0,1.0,CoreWeave,B,3.674e-05,0.4687906266262437,0.0003796299594138741,0
comprehension,ally_majority,neutral,0141,1,0,0,0,rQrPrPaQrPrP,B,llama-8b,meta-llama/llama-3.1-8b-instruct,coreweave/bf16,0,1.0,CoreWeave,B,3.674e-05,0.04208773167037179,0.0007791258018208236,0
comprehension,ally_majority,neutral,0141,1,0,1,0,aQrPrQrPrPrP,B,llama-8b,meta-llama/llama-3.1-8b-instruct,coreweave/bf16,0,1.0,CoreWeave,B,3.674e-05,0.24508501313237172,0.0012083755165820387,0
comprehension,ally_majority,neutral,0150,-1,0,0,0,aQrPrPrPrPrP,B,llama-8b,meta-llama/llama-3.1-8b-instruct,coreweave/bf16,0,1.0,CoreWeave,A,3.674e-05,0.4687906266262437,0.0018770545832961227,0
comprehension,ally_majority,neutral,0150,-1,0,1,0,rPrPrPrPrPaQ,B,llama-8b,meta-llama/llama-3.1-8b-instruct,coreweave/bf16,0,1.0,CoreWeave,A,3.674e-05,0.5621765008857981,0.001500668505537206,0
comprehension,ally_majority,neutral,0150,1,0,0,0,rPaQrPrPrPrP,B,llama-8b,meta-llama/llama-3.1-8b-instruct,coreweave/bf16,0,1.0,CoreWeave,B,3.674e-05,0.03308597958047282,0.00044594761741667543,0
comprehension,ally_majority,neutral,0150,1,0,1,0,rPrPrPrPaQrP,B,llama-8b,meta-llama/llama-3.1-8b-instruct,coreweave/bf16,0,1.0,CoreWeave,B,3.674e-05,0.24508501864634824,0.0013735278197991585,0
comprehension,ally_majority,neutral,0200,-1,0,0,0,aQaQ,B,llama-8b,meta-llama/llama-3.1-8b-instruct,coreweave/bf16,0,1.0,CoreWeave,A,3.146e-05,0.5926665999540697,0.00046272315019174615,0
comprehension,ally_majority,neutral,0200,-1,0,1,0,aQaQ,B,llama-8b,meta-llama/llama-3.1-8b-instruct,coreweave/bf16,0,1.0,CoreWeave,A,3.146e-05,0.5926665999540698,0.0001456633148041453,0
comprehension,ally_majority,neutral,0200,1,0,0,0,aQaQ,B,llama-8b,meta-llama/llama-3.1-8b-instruct,coreweave/bf16,0,1.0,CoreWeave,B,3.146e-05,0.07585818785594478,0.00010773676525710485,0
comprehension,ally_majority,neutral,0200,1,0,1,0,aQaQ,B,llama-8b,meta-llama/llama-3.1-8b-instruct,coreweave/bf16,0,1.0,CoreWeave,B,3.146e-05,0.1645164608483867,0.00010509048535267684,0
comprehension,ally_majority,neutral,0201,-1,0,0,0,aQaQrQ,B,llama-8b,meta-llama/llama-3.1-8b-instruct,coreweave/bf16,0,1.0,CoreWeave,B,3.278e-05,0.46879062662624377,0.00019526619924803423,0
comprehension,ally_majority,neutral,0201,-1,0,1,0,aQrQaQ,B,llama-8b,meta-llama/llama-3.1-8b-instruct,coreweave/bf16,0,1.0,CoreWeave,A,3.278e-05,0.7772998508568417,0.00028082735561549277,0
comprehension,ally_majority,neutral,0201,1,0,0,0,aQaQrQ,B,llama-8b,meta-llama/llama-3.1-8b-instruct,coreweave/bf16,0,1.0,CoreWeave,B,3.278e-05,0.02931223281827398,3.1470135904543284e-05,0
comprehension,ally_majority,neutral,0201,1,0,1,0,rQaQaQ,B,llama-8b,meta-llama/llama-3.1-8b-instruct,coreweave/bf16,0,1.0,CoreWeave,B,3.278e-05,0.03308598029553404,3.0266233854714386e-05,0
comprehension,ally_majority,neutral,0202,-1,0,0,0,aQrQrQaQ,B,llama-8b,meta-llama/llama-3.1-8b-instruct,coreweave/bf16,0,1.0,CoreWeave,A,3.41e-05,0.7310585844894971,0.0007086053110236246,0
comprehension,ally_majority,neutral,0202,-1,0,1,0,aQaQrQrQ,B,llama-8b,meta-llama/llama-3.1-8b-instruct,coreweave/bf16,0,1.0,CoreWeave,A,3.41e-05,0.7772998611746912,0.00021284851381575542,0
comprehension,ally_majority,neutral,0202,1,0,0,0,aQrQaQrQ,B,llama-8b,meta-llama/llama-3.1-8b-instruct,coreweave/bf16,0,1.0,CoreWeave,B,3.41e-05,0.05340333168301119,0.00017274421379098737,0
comprehension,ally_majority,neutral,0202,1,0,1,0,rQaQaQrQ,B,llama-8b,meta-llama/llama-3.1-8b-instruct,coreweave/bf16,0,1.0,CoreWeave,B,3.41e-05,0.015906394160976806,2.624987403021528e-05,0
comprehension,ally_majority,neutral,0203,-1,0,0,0,rQaQrQaQrQ,B,llama-8b,meta-llama/llama-3.1-8b-instruct,coreweave/bf16,0,1.0,CoreWeave,B,3.542e-05,0.34864512856608554,0.0006887801882422551,0
comprehension,ally_majority,neutral,0203,-1,0,1,0,rQrQrQaQaQ,B,llama-8b,meta-llama/llama-3.1-8b-instruct,coreweave/bf16,0,1.0,CoreWeave,A,3.542e-05,0.6224593382055109,0.00013801841390775893,0
comprehension,ally_majority,neutral,0203,1,0,0,0,rQrQrQaQaQ,B,llama-8b,meta-llama/llama-3.1-8b-instruct,coreweave/bf16,0,1.0,CoreWeave,B,3.542e-05,0.053403333942835626,8.553659354559873e-05,0
comprehension,ally_majority,neutral,0203,1,0,1,0,aQaQrQrQrQ,B,llama-8b,meta-llama/llama-3.1-8b-instruct,coreweave/bf16,0,1.0,CoreWeave,B,3.542e-05,0.11920293453832886,5.430454832577869e-05,0
comprehension,ally_majority,neutral,0204,-1,0,0,0,rQrQaQrQaQrQ,B,llama-8b,meta-llama/llama-3.1-8b-instruct,coreweave/bf16,0,1.0,CoreWeave,B,3.674e-05,0.43782349911420193,0.0005515454414362075,0
comprehension,ally_majority,neutral,0204,-1,0,1,0,rQrQaQaQrQrQ,B,llama-8b,meta-llama/llama-3.1-8b-instruct,coreweave/bf16,0,1.0,CoreWeave,A,3.674e-05,0.6224593241981982,0.00016892597718665137,0
comprehension,ally_majority,neutral,0204,1,0,0,0,rQrQaQrQaQrQ,B,llama-8b,meta-llama/llama-3.1-8b-instruct,coreweave/bf16,0,1.0,CoreWeave,B,3.674e-05,0.022977367568369756,0.00016569394371368507,0
comprehension,ally_majority,neutral,0204,1,0,1,0,rQaQaQrQrQrQ,B,llama-8b,meta-llama/llama-3.1-8b-instruct,coreweave/bf16,0,1.0,CoreWeave,B,3.674e-05,0.033085976958581766,0.00010979161277424598,0
comprehension,ally_majority,neutral,0210,-1,0,0,0,rPaQaQ,B,llama-8b,meta-llama/llama-3.1-8b-instruct,coreweave/bf16,0,1.0,CoreWeave,B,3.278e-05,0.2450850021044189,0.00018777757851695664,0
comprehension,ally_majority,neutral,0210,-1,0,1,0,aQrPaQ,B,llama-8b,meta-llama/llama-3.1-8b-instruct,coreweave/bf16,0,1.0,CoreWeave,A,3.278e-05,0.46879062662624377,0.0001364461721552468,0
comprehension,ally_majority,neutral,0210,1,0,0,0,rPaQaQ,B,llama-8b,meta-llama/llama-3.1-8b-instruct,coreweave/bf16,0,1.0,CoreWeave,B,3.278e-05,0.04742586796038571,0.00010285219081784813,0
comprehension,ally_majority,neutral,0210,1,0,1,0,rPaQaQ,B,llama-8b,meta-llama/llama-3.1-8b-instruct,coreweave/bf16,0,1.0,CoreWeave,B,3.278e-05,0.06754669677084987,3.9259081341280755e-05,0
comprehension,ally_majority,neutral,0211,-1,0,0,0,aQaQrQrP,B,llama-8b,meta-llama/llama-3.1-8b-instruct,coreweave/bf16,0,1.0,CoreWeave,A,3.41e-05,0.29421497216298875,0.000188928901368568,0
comprehension,ally_majority,neutral,0211,-1,0,1,0,rQrPaQaQ,B,llama-8b,meta-llama/llama-3.1-8b-instruct,coreweave/bf16,0,1.0,CoreWeave,B,3.41e-05,0.3486451217982255,7.19682218561779e-05,0
comprehension,ally_majority,neutral,0211,1,0,0,0,aQrPaQrQ,B,llama-8b,meta-llama/llama-3.1-8b-instruct,coreweave/bf16,0,1.0,CoreWeave,B,3.41e-05,0.029312233666240237,7.774974152729985e-05,0
comprehension,ally_majority,neutral,0211,1,0,1,0,rQaQaQrP,B,llama-8b,meta-llama/llama-3.1-8b-instruct,coreweave/bf16,0,1.0,CoreWeave,B,3.41e-05,0.006692851989220403,1.9181627586628558e-05,0
comprehension,ally_majority,neutral,0212,-1,0,0,0,aQaQrQrQrP,B,llama-8b,meta-llama/llama-3.1-8b-instruct,coreweave/bf16,0,1.0,CoreWeave,A,3.542e-05,0.26894142136999516,0.00018791602391043938,0
comprehension,ally_majority,neutral,0212,-1,0,1,0,aQrPaQrQrQ,B,llama-8b,meta-llama/llama-3.1-8b-instruct,coreweave/bf16,0,1.0,CoreWeave,A,3.542e-05,0.5,0.00012897803756578563,0
comprehension,ally_majority,neutral,0212,1,0,0,0,aQrQrQrPaQ,B,llama-8b,meta-llama/llama-3.1-8b-instruct,coreweave/bf16,0,1.0,CoreWeave,B,3.542e-05,0.01243165064737481,0.0001509051685427698,0
comprehension,ally_majority,neutral,0212,1,0,1,0,aQrPaQrQrQ,B,llama-8b,meta-llama/llama-3.1-8b-instruct,coreweave/bf16,0,1.0,CoreWeave,B,3.542e-05,0.07585817479810981,5.3447988600963114e-05,0
comprehension,ally_majority,neutral,0213,-1,0,0,0,rQrQrQrPaQaQ,B,llama-8b,meta-llama/llama-3.1-8b-instruct,coreweave/bf16,0,1.0,CoreWeave,B,3.674e-05,0.16451646904109266,0.00023779746741314778,0
comprehension,ally_majority,neutral,0213,-1,0,1,0,aQrQrPaQrQrQ,B,llama-8b,meta-llama/llama-3.1-8b-instruct,coreweave/bf16,0,1.0,CoreWeave,B,3.674e-05,0.5312093733737563,0.001104361098681561,0
comprehension,ally_majority,neutral,0213,1,0,0,0,aQaQrQrPrQrQ,B,llama-8b,meta-llama/llama-3.1-8b-instruct,coreweave/bf16,0,1.0,CoreWeave,B,3.674e-05,0.02033235501224582,8.16233931903998e-05,0
comprehension,ally_majority,neutral,0213,1,0,1,0,aQaQrPrQrQrQ,B,llama-8b,meta-llama/llama-3.1-8b-instruct,coreweave/bf16,0,1.0,CoreWeave,B,3.674e-05,0.07585817740967664,5.586646916300175e-05,0
comprehension,ally_majority,neutral,0220,-1,0,0,0,rPaQaQrP,B,llama-8b,meta-llama/llama-3.1-8b-instruct,coreweave/bf16,0,1.0,CoreWeave,B,3.41e-05,0.10669059607594455,0.00012400540250856462,0
comprehension,ally_majority,neutral,0220,-1,0,1,0,aQrPaQrP,B,llama-8b,meta-llama/llama-3.1-8b-instruct,coreweave/bf16,0,1.0,CoreWeave,B,3.41e-05,0.5,0.00012945481310883133,0
comprehension,ally_majority,neutral,0220,1,0,0,0,aQaQrPrP,B,llama-8b,meta-llama/llama-3.1-8b-instruct,coreweave/bf16,0,1.0,CoreWeave,B,3.41e-05,0.020332352600620104,6.457830991846158e-05,0
comprehension,ally_majority,neutral,0220,1,0,1,0,aQrPaQrP,B,llama-8b,meta-llama/llama-3.1-8b-instruct,coreweave/bf16,0,1.0,CoreWeave,B,3.41e-05,0.10669060317692272,7.949221458558586e-05,0
comprehension,ally_majority,neutral,0221,-1,0,0,0,aQaQrPrQrP,B,llama-8b,meta-llama/llama-3.1-8b-instruct,coreweave/bf16,0,1.0,CoreWeave,B,3.542e-05,0.22270014914315836,0.0002081274668485067,0
comprehension,ally_majority,neutral,0221,-1,0,1,0,rPrQrPaQaQ,B,llama-8b,meta-llama/llama-3.1-8b-instruct,coreweave/bf16,0,1.0,CoreWeave,B,3.542e-05,0.20181322706107538,4.003289911591601e-05,0
comprehension,ally_majority,neutral,0221,1,0,0,0,aQaQrPrPrQ,B,llama-8b,meta-llama/llama-3.1-8b-instruct,coreweave/bf16,0,1.0,CoreWeave,B,3.542e-05,0.02033235423310517,4.916226906204191e-05,0
comprehension,ally_majority,neutral,0221,1,0,1,0,rPrQaQrPaQ,B,llama-8b,meta-llama/llama-3.1-8b-instruct,coreweave/bf16,0,1.0,CoreWeave,B,3.542e-05,0.06754669677084987,0.00011650068489621468,0
comprehension,ally_majority,neutral,0222,-1,0,0,0,rPaQaQrPrQrQ,B,llama-8b,meta-llama/llama-3.1-8b-instruct,coreweave/bf16,0,1.0,CoreWeave,B,3.674e-05,0.10669059749614015,0.00029421397921625125,0
comprehension,ally_majority,neutral,0222,-1,0,1,0,rQrQrPrPaQaQ,B,llama-8b,meta-llama/llama-3.1-8b-instruct,coreweave/bf16,0,1.0,CoreWeave,B,3.674e-05,0.3775406687981454,0.00015818034816272863,0
comprehension,ally_majority,neutral,0222,1,0,0,0,rPrQaQrPrQaQ,B,llama-8b,meta-llama/llama-3.1-8b-instruct,coreweave/bf16,0,1.0,CoreWeave,B,3.674e-05,0.022977367401108627,0.0004907828616527166,0
comprehension,ally_majority,neutral,0222,1,0,1,0,aQrQrPrPaQrQ,B,llama-8b,meta-llama/llama-3.1-8b-instruct,coreweave/bf16,0,1.0,CoreWeave,B,3.674e-05,0.042087730318660685,0.00022242682026651917,0
comprehension,ally_majority,neutral,0230,-1,0,0,0,aQrPaQrPrP,B,llama-8b,meta-llama/llama-3.1-8b-instruct,coreweave/bf16,0,1.0,CoreWeave,B,3.542e-05,0.22270013882530884,0.0004312887652726527,0
comprehension,ally_majority,neutral,0230,-1,0,1,0,aQaQrPrPrP,B,llama-8b,meta-llama/llama-3.1-8b-instruct,coreweave/bf16,0,1.0,CoreWeave,B,3.542e-05,0.5,0.00011634340283711575,0
comprehension,ally_majority,neutral,0230,1,0,0,0,rPrPrPaQaQ,B,llama-8b,meta-llama/llama-3.1-8b-instruct,coreweave/bf16,0,1.0,CoreWeave,B,3.542e-05,0.014063629354774896,0.00010176267736639044,0
comprehension,ally_majority,neutral,0230,1,0,1,0,rPrPaQrPaQ,B,llama-8b,meta-llama/llama-3.1-8b-instruct,coreweave/bf16,0,1.0,CoreWeave,B,3.542e-05,0.03308597981882656,3.072864876840775e-05,0
comprehension,ally_majority,neutral,0231,-1,0,0,0,rPrPrPrQaQaQ,B,llama-8b,meta-llama/llama-3.1-8b-instruct,coreweave/bf16,0,1.0,CoreWeave,A,3.674e-05,0.16451646494473962,0.00017019469442869362,0
comprehension,ally_majority,neutral,0231,-1,0,1,0,rPaQrPrPaQrQ,B,llama-8b,meta-llama/llama-3.1-8b-instruct,coreweave/bf16,0,1.0,CoreWeave,B,3.674e-05,0.29421497216298875,0.00021038228934244785,0
comprehension,ally_majority,neutral,0231,1,0,0,0,rPaQaQrPrQrP,B,llama-8b,meta-llama/llama-3.1-8b-instruct,coreweave/bf16,0,1.0,CoreWeave,B,3.674e-05,0.03308597898458847,0.0001704026738233999,0
comprehension,ally_majority,neutral,0231,1,0,1,0,aQrPrPrQaQrP,B,llama-8b,meta-llama/llama-3.1-8b-instruct,coreweave/bf16,0,1.0,CoreWeave,B,3.674e-05,0.0600866489116652,0.00026461090812635035,0
comprehension,ally_majority,neutral,0240,-1,0,0,0,rPaQaQrPrPrP,B,llama-8b,meta-llama/llama-3.1-8b-instruct,coreweave/bf16,0,1.0,CoreWeave,B,3.674e-05,0.09534945975773547,0.0002419662817526591,0
comprehension,ally_majority,neutral,0240,-1,0,1,0,rPaQrPaQrPrP,B,llama-8b,meta-llama/llama-3.1-8b-instruct,coreweave/bf16,0,1.0,CoreWeave,B,3.674e-05,0.3208213073183839,0.00024136406730479454,0
comprehension,ally_majority,neutral,0240,1,0,0,0,rPrPrPaQaQrP,B,llama-8b,meta-llama/llama-3.1-8b-instruct,coreweave/bf16,0,1.0,CoreWeave,B,3.674e-05,0.006692851106933673,0.00014349418833614624,0
comprehension,ally_majority,neutral,0240,1,0,1,0,rPaQrPrPrPaQ,B,llama-8b,meta-llama/llama-3.1-8b-instruct,coreweave/bf16,0,1.0,CoreWeave,B,3.674e-05,0.04208772791561884,7.24265555753778e-05,0
comprehension,ally_majority,neutral,0300,-1,0,0,0,aQaQaQ,B,llama-8b,meta-llama/llama-3.1-8b-instruct,coreweave/bf16,0,1.0,CoreWeave,A,3.278e-05,0.4378234991142019,0.00036161259342937235,0
comprehension,ally_majority,neutral,0300,-1,0,1,0,aQaQaQ,B,llama-8b,meta-llama/llama-3.1-8b-instruct,coreweave/bf16,0,1.0,CoreWeave,B,3.278e-05,0.4687906266262437,9.973404682883658e-05,0
comprehension,ally_majority,neutral,0300,1,0,0,0,aQaQaQ,B,llama-8b,meta-llama/llama-3.1-8b-instruct,coreweave/bf16,0,1.0,CoreWeave,B,3.278e-05,0.022977371080853636,4.808060558914029e-05,0
comprehension,ally_majority,neutral,0300,1,0,1,0,aQaQaQ,B,llama-8b,meta-llama/llama-3.1-8b-instruct,coreweave/bf16,0,1.0,CoreWeave,B,3.278e-05,0.02931222910842187,2.3952804994009647e-05,0
comprehension,ally_majority,neutral,0301,-1,0,0,0,aQaQrQaQ,B,llama-8b,meta-llama/llama-3.1-8b-instruct,coreweave/bf16,0,1.0,CoreWeave,A,3.41e-05,0.5,0.00030852754624133283,0
comprehension,ally_majority,neutral,0301,-1,0,1,0,aQrQaQaQ,B,llama-8b,meta-llama/llama-3.1-8b-instruct,coreweave/bf16,0,1.0,CoreWeave,A,3.41e-05,0.7057850278370112,0.000177844470550248,0
comprehension,ally_majority,neutral,0301,1,0,0,0,aQaQaQrQ,B,llama-8b,meta-llama/llama-3.1-8b-instruct,coreweave/bf16,0,1.0,CoreWeave,B,3.41e-05,0.014063629070676287,2.831433137173711e-05,0
comprehension,ally_majority,neutral,0301,1,0,1,0,rQaQaQaQ,B,llama-8b,meta-llama/llama-3.1-8b-instruct,coreweave/bf16,0,1.0,CoreWeave,B,3.41e-05,0.009708475380139268,1.7706634159009305e-05,0
comprehension,ally_majority,neutral,0302,-1,0,0,0,aQrQaQaQrQ,B,llama-8b,meta-llama/llama-3.1-8b-instruct,coreweave/bf16,0,1.0,CoreWeave,B,3.542e-05,0.5621765008857981,0.000897299747095015,0
comprehension,ally_majority,neutral,0302,-1,0,1,0,aQrQrQaQaQ,B,llama-8b,meta-llama/llama-3.1-8b-instruct,coreweave/bf16,0,1.0,CoreWeave,A,3.542e-05,0.7310585786300048,0.0004020719230726777,0
comprehension,ally_majority,neutral,0302,1,0,0,0,aQaQrQrQaQ,B,llama-8b,meta-llama/llama-3.1-8b-instruct,coreweave/bf16,0,1.0,CoreWeave,B,3.542e-05,0.05340333526106658,0.00016303768256054063,0
comprehension,ally_majority,neutral,0302,1,0,1,0,aQaQaQrQrQ,B,llama-8b,meta-llama/llama-3.1-8b-instruct,coreweave/bf16,0,1.0,CoreWeave,B,3.542e-05,0.037326884666868405,3.424150232567147e-05,0
comprehension,ally_majority,neutral,0303,-1,0,0,0,rQaQaQrQaQrQ,B,llama-8b,meta-llama/llama-3.1-8b-instruct,coreweave/bf16,0,1.0,CoreWeave,B,3.674e-05,0.2689414096510109,0.0006585498623676855,0
comprehension,ally_majority,neutral,0303,-1,0,1,0,rQrQaQrQaQaQ,B,llama-8b,meta-llama/llama-3.1-8b-instruct,coreweave/bf16,0,1.0,CoreWeave,B,3.674e-05,0.5621765008857981,0.0001652670283943669,0
comprehension,ally_majority,neutral,0303,1,0,0,0,rQaQaQrQaQrQ,B,llama-8b,meta-llama/llama-3.1-8b-instruct,coreweave/bf16,0,1.0,CoreWeave,B,3.674e-05,0.020332351153644807,0.0001708293223214863,0
comprehension,ally_majority,neutral,0303,1,0,1,0,rQaQrQrQaQaQ,B,llama-8b,meta-llama/llama-3.1-8b-instruct,coreweave/bf16,0,1.0,CoreWeave,B,3.674e-05,0.02033235423310517,8.921381906568104e-05,0
comprehension,ally_majority,neutral,0310,-1,0,0,0,aQaQrPaQ,B,llama-8b,meta-llama/llama-3.1-8b-instruct,coreweave/bf16,0,1.0,CoreWeave,B,3.41e-05,0.1824255171389905,0.00023382056596876755,0
comprehension,ally_majority,neutral,0310,-1,0,1,0,aQrPaQaQ,B,llama-8b,meta-llama/llama-3.1-8b-instruct,coreweave/bf16,0,1.0,CoreWeave,B,3.41e-05,0.2689414272294874,5.1817118361885406e-05,0
comprehension,ally_majority,neutral,0310,1,0,0,0,rPaQaQaQ,B,llama-8b,meta-llama/llama-3.1-8b-instruct,coreweave/bf16,0,1.0,CoreWeave,B,3.41e-05,0.010986941598356795,3.19488978379745e-05,0
comprehension,ally_majority,neutral,0310,1,0,1,0,aQaQaQrP,B,llama-8b,meta-llama/llama-3.1-8b-instruct,coreweave/bf16,0,1.0,CoreWeave,B,3.41e-05,0.02931223091034998,2.186855912811314e-05,0
comprehension,ally_majority,neutral,0311,-1,0,0,0,rQaQaQrPaQ,B,llama-8b,meta-llama/llama-3.1-8b-instruct,coreweave/bf16,0,1.0,CoreWeave,B,3.542e-05,0.060086650384398026,0.00017500973218798066,0
comprehension,ally_majority,neutral,0311,-1,0,1,0,aQaQrPaQrQ,B,llama-8b,meta-llama/llama-3.1-8b-instruct,coreweave/bf16,0,1.0,CoreWeave,B,3.542e-05,0.3208212943308302,7.338413636959196e-05,0
comprehension,ally_majority,neutral,0311,1,0,0,0,aQrPaQrQaQ,B,llama-8b,meta-llama/llama-3.1-8b-instruct,coreweave/bf16,0,1.0,CoreWeave,B,3.542e-05,0.014063625519444161,6.286935659782777e-05,0
comprehension,ally_majority,neutral,0311,1,0,1,0,rPrQaQaQaQ,B,llama-8b,meta-llama/llama-3.1-8b-instruct,coreweave/bf16,0,1.0,CoreWeave,B,3.542e-05,0.008577484906839336,1.8593720839898964e-05,0
comprehension,ally_majority,neutral,0312,-1,0,0,0,rQrPrQaQaQaQ,B,llama-8b,meta-llama/llama-3.1-8b-instruct,coreweave/bf16,0,1.0,CoreWeave,B,3.674e-05,0.07585817897661677,7.734336689846355e-05,0
comprehension,ally_majority,neutral,0312,-1,0,1,0,aQrQrQaQaQrP,B,llama-8b,meta-llama/llama-3.1-8b-instruct,coreweave/bf16,0,1.0,CoreWeave,B,3.674e-05,0.3486451217982255,0.00025003822551306065,0
comprehension,ally_majority,neutral,0312,1,0,0,0,rQaQrQrPaQaQ,B,llama-8b,meta-llama/llama-3.1-8b-instruct,coreweave/bf16,0,1.0,CoreWeave,B,3.674e-05,0.007577242612510723,0.00021895684624717582,0
comprehension,ally_majority,neutral,0312,1,0,1,0,rQrPaQaQrQaQ,B,llama-8b,meta-llama/llama-3.1-8b-instruct,coreweave/bf16,0,1.0,CoreWeave,B,3.674e-05,0.009708478415525721,4.6151771440072764e-05,0
comprehension,ally_majority,neutral,0320,-1,0,0,0,rPrPaQaQaQ,B,llama-8b,meta-llama/llama-3.1-8b-instruct,coreweave/bf16,0,1.0,CoreWeave,B,3.542e-05,0.09534947132582736,0.00016628594821177511,0
comprehension,ally_majority,neutral,0320,-1,0,1,0,aQaQaQrPrP,B,llama-8b,meta-llama/llama-3.1-8b-instruct,coreweave/bf16,0,1.0,CoreWeave,A,3.542e-05,0.4073334000459302,0.00010275330101483515,0
comprehension,ally_majority,neutral,0320,1,0,0,0,rPrPaQaQaQ,B,llama-8b,meta-llama/llama-3.1-8b-instruct,coreweave/bf16,0,1.0,CoreWeave,B,3.542e-05,0.005911069088828058,3.904724367431722e-05,0
comprehension,ally_majority,neutral,0320,1,0,1,0,aQrPaQrPaQ,B,llama-8b,meta-llama/llama-3.1-8b-instruct,coreweave/bf16,0,1.0,CoreWeave,B,3.542e-05,0.037326887344129464,7.221975942028891e-05,0
comprehension,ally_majority,neutral,0321,-1,0,0,0,aQaQrPaQrQrP,B,llama-8b,meta-llama/llama-3.1-8b-instruct,coreweave/bf16,0,1.0,CoreWeave,B,3.674e-05,0.10669058542447808,0.0003131685610003876,0
comprehension,ally_majority,neutral,0321,-1,0,1,0,aQrPaQaQrQrP,B,llama-8b,meta-llama/llama-3.1-8b-instruct,coreweave/bf16,0,1.0,CoreWeave,B,3.674e-05,0.26894142136999516,8.457565157615754e-05,0
comprehension,ally_majority,neutral,0321,1,0,0,0,aQrPrQrPaQaQ,B,llama-8b,meta-llama/llama-3.1-8b-instruct,coreweave/bf16,0,1.0,CoreWeave,B,3.674e-05,0.02033235527195937,0.00033120888851434493,0
comprehension,ally_majority,neutral,0321,1,0,1,0,rQaQrPaQaQrP,B,llama-8b,meta-llama/llama-3.1-8b-instruct,coreweave/bf16,0,1.0,CoreWeave,B,3.674e-05,0.015906393402902782,5.8625768317721594e-05,0
comprehension,ally_majority,neutral,0330,-1,0,0,0,rPaQrPaQaQrP,B,llama-8b,meta-llama/llama-3.1-8b-instruct,coreweave/bf16,0,1.0,CoreWeave,B,3.674e-05,0.05340332998814293,0.00016699140814868674,0
comprehension,ally_majority,neutral,0330,-1,0,1,0,rPrPaQaQrPaQ,B,llama-8b,meta-llama/llama-3.1-8b-instruct,coreweave/bf16,0,1.0,CoreWeave,A,3.674e-05,0.18242551491653522,9.137644735490724e-05,0
comprehension,ally_majority,neutral,0330,1,0,0,0,rPaQaQrPrPaQ,B,llama-8b,meta-llama/llama-3.1-8b-instruct,coreweave/bf16,0,1.0,CoreWeave,B,3.674e-05,0.010986942903832238,0.00014888224854658905,0
comprehension,ally_majority,neutral,0330,1,0,1,0,rPrPaQaQrPaQ,B,llama-8b,meta-llama/llama-3.1-8b-instruct,coreweave/bf16,0,1.0,CoreWeave,B,3.674e-05,0.033085980057180296,6.53048864865946e-05,0
comprehension,ally_majority,neutral,0400,-1,0,0,0,aQaQaQaQ,B,llama-8b,meta-llama/llama-3.1-8b-instruct,coreweave/bf16,0,1.0,CoreWeave,B,3.41e-05,0.43782349911420193,0.00033801741093664184,0
comprehension,ally_majority,neutral,0400,-1,0,1,0,aQaQaQaQ,B,llama-8b,meta-llama/llama-3.1-8b-instruct,coreweave/bf16,0,1.0,CoreWeave,B,3.41e-05,0.4073334000459302,9.858139589746795e-05,0
comprehension,ally_majority,neutral,0400,1,0,0,0,aQaQaQaQ,B,llama-8b,meta-llama/llama-3.1-8b-instruct,coreweave/bf16,0,1.0,CoreWeave,B,3.41e-05,0.025957355266929622,5.7379537563906347e-05,0
comprehension,ally_majority,neutral,0400,1,0,1,0,aQaQaQaQ,B,llama-8b,meta-llama/llama-3.1-8b-instruct,coreweave/bf16,0,1.0,CoreWeave,B,3.41e-05,0.02931223138733097,2.5222612682340717e-05,0
comprehension,ally_majority,neutral,0401,-1,0,0,0,rQaQaQaQaQ,B,llama-8b,meta-llama/llama-3.1-8b-instruct,coreweave/bf16,0,1.0,CoreWeave,B,3.542e-05,0.24508501313237172,0.00018317426662628478,0
comprehension,ally_majority,neutral,0401,-1,0,1,0,aQaQaQrQaQ,B,llama-8b,meta-llama/llama-3.1-8b-instruct,coreweave/bf16,0,1.0,CoreWeave,B,3.542e-05,0.5312093733737563,0.00014997448884701559,0
comprehension,ally_majority,neutral,0401,1,0,0,0,aQrQaQaQaQ,B,llama-8b,meta-llama/llama-3.1-8b-instruct,coreweave/bf16,0,1.0,CoreWeave,B,3.542e-05,0.037326883462100995,0.00010572979638945323,0
comprehension,ally_majority,neutral,0401,1,0,1,0,aQrQaQaQaQ,B,llama-8b,meta-llama/llama-3.1-8b-instruct,coreweave/bf16,0,1.0,CoreWeave,B,3.542e-05,0.029312231811314076,4.049536425576594e-05,0
comprehension,ally_majority,neutral,0402,-1,0,0,0,aQaQaQrQrQaQ,B,llama-8b,meta-llama/llama-3.1-8b-instruct,coreweave/bf16,0,1.0,CoreWeave,A,3.674e-05,0.5312093733737563,0.0009160220587194345,0
comprehension,ally_majority,neutral,0402,-1,0,1,0,aQrQaQrQaQaQ,B,llama-8b,meta-llama/llama-3.1-8b-instruct,coreweave/bf16,0,1.0,CoreWeave,A,3.674e-05,0.6224593312018546,0.0006015895987826481,0
comprehension,ally_majority,neutral,0402,1,0,0,0,rQaQaQaQaQrQ,B,llama-8b,meta-llama/llama-3.1-8b-instruct,coreweave/bf16,0,1.0,CoreWeave,B,3.674e-05,0.017986208284224578,8.89961367641634e-05,0
comprehension,ally_majority,neutral,0402,1,0,1,0,rQaQaQrQaQaQ,B,llama-8b,meta-llama/llama-3.1-8b-instruct,coreweave/bf16,0,1.0,CoreWeave,B,3.674e-05,0.00970847776188785,6.51568734905128e-05,0
comprehension,ally_majority,neutral,0410,-1,0,0,0,aQaQaQrPaQ,B,llama-8b,meta-llama/llama-3.1-8b-instruct,coreweave/bf16,0,1.0,CoreWeave,B,3.542e-05,0.1645164608483867,0.00028398881889957206,0
comprehension,ally_majority,neutral,0410,-1,0,1,0,rPaQaQaQaQ,B,llama-8b,meta-llama/llama-3.1-8b-instruct,coreweave/bf16,0,1.0,CoreWeave,B,3.542e-05,0.20181321745968234,3.9746916305927193e-05,0
comprehension,ally_majority,neutral,0410,1,0,0,0,aQaQaQaQrP,B,llama-8b,meta-llama/llama-3.1-8b-instruct,coreweave/bf16,0,1.0,CoreWeave,B,3.542e-05,0.01243165262544741,4.426316862538027e-05,0
comprehension,ally_majority,neutral,0410,1,0,1,0,aQaQaQaQrP,B,llama-8b,meta-llama/llama-3.1-8b-instruct,coreweave/bf16,0,1.0,CoreWeave,B,3.542e-05,0.025957359411230185,2.440036167461468e-05,0
comprehension,ally_majority,neutral,0411,-1,0,0,0,rQaQaQaQrPaQ,B,llama-8b,meta-llama/llama-3.1-8b-instruct,coreweave/bf16,0,1.0,CoreWeave,B,3.674e-05,0.017986211574159975,0.00014353214578854967,0
comprehension,ally_majority,neutral,0411,-1,0,1,0,aQrPaQrQaQaQ,B,llama-8b,meta-llama/llama-3.1-8b-instruct,coreweave/bf16,0,1.0,CoreWeave,A,3.674e-05,0.24508501864634824,9.570934433911216e-05,0
comprehension,ally_majority,neutral,0411,1,0,0,0,aQrQaQaQaQrP,B,llama-8b,meta-llama/llama-3.1-8b-instruct,coreweave/bf16,0,1.0,CoreWeave,B,3.674e-05,0.007577242423419316,8.448421801698913e-05,0
comprehension,ally_majority,neutral,0411,1,0,1,0,aQaQrPaQaQrQ,B,llama-8b,meta-llama/llama-3.1-8b-instruct,coreweave/bf16,0,1.0,CoreWeave,B,3.674e-05,0.012431651196204173,3.46118380137872e-05,0
comprehension,ally_majority,neutral,0420,-1,0,0,0,rPaQaQrPaQaQ,B,llama-8b,meta-llama/llama-3.1-8b-instruct,coreweave/bf16,0,1.0,CoreWeave,B,3.674e-05,0.060086648911665194,0.00018285163174014407,0
comprehension,ally_majority,neutral,0420,-1,0,1,0,rPaQaQrPaQaQ,B,llama-8b,meta-llama/llama-3.1-8b-instruct,coreweave/bf16,0,1.0,CoreWeave,B,3.674e-05,0.13296424535145931,9.788934156895746e-05,0
comprehension,ally_majority,neutral,0420,1,0,0,0,aQaQaQaQrPrP,B,llama-8b,meta-llama/llama-3.1-8b-instruct,coreweave/bf16,0,1.0,CoreWeave,B,3.674e-05,0.009708475899467859,6.067378672236501e-05,0
comprehension,ally_majority,neutral,0420,1,0,1,0,aQaQrPaQaQrP,B,llama-8b,meta-llama/llama-3.1-8b-instruct,coreweave/bf16,0,1.0,CoreWeave,B,3.674e-05,0.012431648063303559,4.532665432466221e-05,0
comprehension,ally_majority,neutral,0500,-1,0,0,0,aQaQaQaQaQ,B,llama-8b,meta-llama/llama-3.1-8b-instruct,coreweave/bf16,0,1.0,CoreWeave,A,3.542e-05,0.37754066879814546,0.00034517264950761906,0
comprehension,ally_majority,neutral,0500,-1,0,1,0,aQaQaQaQaQ,B,llama-8b,meta-llama/llama-3.1-8b-instruct,coreweave/bf16,0,1.0,CoreWeave,B,3.542e-05,0.37754066879814546,0.00011723759616866225,0
comprehension,ally_majority,neutral,0500,1,0,0,0,aQaQaQaQaQ,B,llama-8b,meta-llama/llama-3.1-8b-instruct,coreweave/bf16,0,1.0,CoreWeave,B,3.542e-05,0.02931222958540283,5.496226909118551e-05,0
comprehension,ally_majority,neutral,0500,1,0,1,0,aQaQaQaQaQ,B,llama-8b,meta-llama/llama-3.1-8b-instruct,coreweave/bf16,0,1.0,CoreWeave,B,3.542e-05,0.03308597791199667,2.9002137712397236e-05,0
comprehension,ally_majority,neutral,0501,-1,0,0,0,aQaQaQrQaQaQ,B,llama-8b,meta-llama/llama-3.1-8b-instruct,coreweave/bf16,0,1.0,CoreWeave,A,3.674e-05,0.43782349911420193,0.0005024570974111464,0
comprehension,ally_majority,neutral,0501,-1,0,1,0,aQaQaQaQaQrQ,B,llama-8b,meta-llama/llama-3.1-8b-instruct,coreweave/bf16,0,1.0,CoreWeave,A,3.674e-05,0.5621765008857981,0.00021055804606628925,0
comprehension,ally_majority,neutral,0501,1,0,0,0,aQaQaQaQaQrQ,B,llama-8b,meta-llama/llama-3.1-8b-instruct,coreweave/bf16,0,1.0,CoreWeave,B,3.674e-05,0.047425876711786524,8.706417335035965e-05,0
comprehension,ally_majority,neutral,0501,1,0,1,0,aQaQrQaQaQaQ,B,llama-8b,meta-llama/llama-3.1-8b-instruct,coreweave/bf16,0,1.0,CoreWeave,B,3.674e-05,0.03732689055684297,5.156469118972051e-05,0
comprehension,ally_majority,neutral,0510,-1,0,0,0,aQaQaQaQaQrP,B,llama-8b,meta-llama/llama-3.1-8b-instruct,coreweave/bf16,0,1.0,CoreWeave,B,3.674e-05,0.2942149845400438,0.0004868934715085427,0
comprehension,ally_majority,neutral,0510,-1,0,1,0,aQaQaQaQaQrP,B,llama-8b,meta-llama/llama-3.1-8b-instruct,coreweave/bf16,0,1.0,CoreWeave,A,3.674e-05,0.37754066879814546,0.00018905019374670928,0
comprehension,ally_majority,neutral,0510,1,0,0,0,aQaQaQrPaQaQ,B,llama-8b,meta-llama/llama-3.1-8b-instruct,coreweave/bf16,0,1.0,CoreWeave,B,3.674e-05,0.003172682226156839,4.597423739505224e-05,0
comprehension,ally_majority,neutral,0510,1,0,1,0,rPaQaQaQaQaQ,B,llama-8b,meta-llama/llama-3.1-8b-instruct,coreweave/bf16,0,1.0,CoreWeave,B,3.674e-05,0.014063628192553353,2.443729708256903e-05,0
comprehension,ally_majority,neutral,0600,-1,0,0,0,aQaQaQaQaQaQ,B,llama-8b,meta-llama/llama-3.1-8b-instruct,coreweave/bf16,0,1.0,CoreWeave,B,3.674e-05,0.4687906266262437,0.0007820254711353725,0
comprehension,ally_majority,neutral,0600,-1,0,1,0,aQaQaQaQaQaQ,B,llama-8b,meta-llama/llama-3.1-8b-instruct,coreweave/bf16,0,1.0,CoreWeave,B,3.674e-05,0.5,0.0002656245219764819,0
comprehension,ally_majority,neutral,0600,1,0,0,0,aQaQaQaQaQaQ,B,llama-8b,meta-llama/llama-3.1-8b-instruct,coreweave/bf16,0,1.0,CoreWeave,B,3.674e-05,0.06008665459220631,0.0001347932518847017,0
comprehension,ally_majority,neutral,0600,1,0,1,0,aQaQaQaQaQaQ,B,llama-8b,meta-llama/llama-3.1-8b-instruct,coreweave/bf16,0,1.0,CoreWeave,B,3.674e-05,0.0758581784543034,0.00010069942288237765,0
comprehension,ally_majority,neutral,1000,-1,0,0,0,aP,A,llama-8b,meta-llama/llama-3.1-8b-instruct,coreweave/bf16,0,1.0,CoreWeave,B,3.014e-05,0.40733340004593027,0.0020870217122429535,0
comprehension,ally_majority,neutral,1000,-1,0,1,0,aP,A,llama-8b,meta-llama/llama-3.1-8b-instruct,coreweave/bf16,0,1.0,CoreWeave,A,3.014e-05,0.679178699175393,0.0012697000038777717,0
comprehension,ally_majority,neutral,1000,1,0,0,0,aP,A,llama-8b,meta-llama/llama-3.1-8b-instruct,coreweave/bf16,0,1.0,CoreWeave,B,3.014e-05,0.1480471999111614,0.001226925526496614,0
comprehension,ally_majority,neutral,1000,1,0,1,0,aP,A,llama-8b,meta-llama/llama-3.1-8b-instruct,coreweave/bf16,0,1.0,CoreWeave,B,3.014e-05,0.29421498454004374,0.0009557627738231433,0
comprehension,ally_majority,neutral,1001,-1,0,0,0,aPrQ,A,llama-8b,meta-llama/llama-3.1-8b-instruct,coreweave/bf16,0,1.0,CoreWeave,A,3.146e-05,0.7549149923816048,0.0009221982834990705,0
comprehension,ally_majority,neutral,1001,-1,0,1,0,rQaP,A,llama-8b,meta-llama/llama-3.1-8b-instruct,coreweave/bf16,0,1.0,CoreWeave,A,3.146e-05,0.8807970826714614,0.0004974964137088866,0
comprehension,ally_majority,neutral,1001,1,0,0,0,aPrQ,A,llama-8b,meta-llama/llama-3.1-8b-instruct,coreweave/bf16,0,1.0,CoreWeave,B,3.146e-05,0.3775406758018019,0.002153836262329789,0
comprehension,ally_majority,neutral,1001,1,0,1,0,aPrQ,A,llama-8b,meta-llama/llama-3.1-8b-instruct,coreweave/bf16,0,1.0,CoreWeave,B,3.146e-05,0.4378234991142019,0.0008529927004974347,0
comprehension,ally_majority,neutral,1002,-1,0,0,0,rQrQaP,A,llama-8b,meta-llama/llama-3.1-8b-instruct,coreweave/bf16,0,1.0,CoreWeave,B,3.278e-05,0.6513548782017745,0.00042616998400152317,0
comprehension,ally_majority,neutral,1002,-1,0,1,0,aPrQrQ,A,llama-8b,meta-llama/llama-3.1-8b-instruct,coreweave/bf16,0,1.0,CoreWeave,A,3.278e-05,0.8175744828610095,0.00023703845902131593,0
comprehension,ally_majority,neutral,1002,1,0,0,0,aPrQrQ,A,llama-8b,meta-llama/llama-3.1-8b-instruct,coreweave/bf16,0,1.0,CoreWeave,A,3.278e-05,0.4073334000459302,0.0015146576406823709,0
comprehension,ally_majority,neutral,1002,1,0,1,0,rQrQaP,A,llama-8b,meta-llama/llama-3.1-8b-instruct,coreweave/bf16,0,1.0,CoreWeave,A,3.278e-05,0.5,0.0003994520363668763,0
comprehension,ally_majority,neutral,1003,-1,0,0,0,rQrQrQaP,A,llama-8b,meta-llama/llama-3.1-8b-instruct,coreweave/bf16,0,1.0,CoreWeave,B,3.41e-05,0.6224593312018546,0.0008295929039850991,0
comprehension,ally_majority,neutral,1003,-1,0,1,0,rQaPrQrQ,A,llama-8b,meta-llama/llama-3.1-8b-instruct,coreweave/bf16,0,1.0,CoreWeave,A,3.41e-05,0.9149009532527358,0.0002214496405521238,0
comprehension,ally_majority,neutral,1003,1,0,0,0,rQaPrQrQ,A,llama-8b,meta-llama/llama-3.1-8b-instruct,coreweave/bf16,0,1.0,CoreWeave,B,3.41e-05,0.4687906266262437,0.00032934147210594844,0
comprehension,ally_majority,neutral,1003,1,0,1,0,rQrQrQaP,A,llama-8b,meta-llama/llama-3.1-8b-instruct,coreweave/bf16,0,1.0,CoreWeave,B,3.41e-05,0.5,0.0007955860797773107,0
comprehension,ally_majority,neutral,1004,-1,0,0,0,aPrQrQrQrQ,A,llama-8b,meta-llama/llama-3.1-8b-instruct,coreweave/bf16,0,1.0,CoreWeave,B,3.542e-05,0.7057850216484838,0.0012951058730744092,0
comprehension,ally_majority,neutral,1004,-1,0,1,0,rQaPrQrQrQ,A,llama-8b,meta-llama/llama-3.1-8b-instruct,coreweave/bf16,0,1.0,CoreWeave,A,3.542e-05,0.8933093989533708,0.00032570874483617285,0
comprehension,ally_majority,neutral,1004,1,0,0,0,rQrQaPrQrQ,A,llama-8b,meta-llama/llama-3.1-8b-instruct,coreweave/bf16,0,1.0,CoreWeave,A,3.542e-05,0.40733340004593027,0.00045110555513316886,0
comprehension,ally_majority,neutral,1004,1,0,1,0,rQrQrQrQaP,A,llama-8b,meta-llama/llama-3.1-8b-instruct,coreweave/bf16,0,1.0,CoreWeave,B,3.542e-05,0.5,0.0020792314974069637,0
comprehension,ally_majority,neutral,1005,-1,0,0,0,aPrQrQrQrQrQ,A,llama-8b,meta-llama/llama-3.1-8b-instruct,coreweave/bf16,0,1.0,CoreWeave,B,3.674e-05,0.7772998611746912,0.0016583377524201637,0
comprehension,ally_majority,neutral,1005,-1,0,1,0,rQrQrQrQaPrQ,A,llama-8b,meta-llama/llama-3.1-8b-instruct,coreweave/bf16,0,1.0,CoreWeave,A,3.674e-05,0.8933094081846422,0.0015089990908727091,0
comprehension,ally_majority,neutral,1005,1,0,0,0,rQrQrQrQrQaP,A,llama-8b,meta-llama/llama-3.1-8b-instruct,coreweave/bf16,0,1.0,CoreWeave,B,3.674e-05,0.40733340004593027,0.00336140434446619,0
comprehension,ally_majority,neutral,1005,1,0,1,0,rQrQrQrQaPrQ,A,llama-8b,meta-llama/llama-3.1-8b-instruct,coreweave/bf16,0,1.0,CoreWeave,A,3.674e-05,0.5312093733737563,0.0029161493773476876,0
comprehension,ally_majority,neutral,1010,-1,0,0,0,rPaP,A,llama-8b,meta-llama/llama-3.1-8b-instruct,coreweave/bf16,0,1.0,CoreWeave,A,3.146e-05,0.6224593312018546,0.0008114284037340491,0
comprehension,ally_majority,neutral,1010,-1,0,1,0,rPaP,A,llama-8b,meta-llama/llama-3.1-8b-instruct,coreweave/bf16,0,1.0,CoreWeave,A,3.146e-05,0.7981867729389246,0.00047360490961179114,0
comprehension,ally_majority,neutral,1010,1,0,0,0,aPrP,A,llama-8b,meta-llama/llama-3.1-8b-instruct,coreweave/bf16,0,1.0,CoreWeave,B,3.146e-05,0.07585817323116975,0.000963484864512032,0
comprehension,ally_majority,neutral,1010,1,0,1,0,aPrP,A,llama-8b,meta-llama/llama-3.1-8b-instruct,coreweave/bf16,0,1.0,CoreWeave,B,3.146e-05,0.14804719803168948,0.0006548893693262281,0
comprehension,ally_majority,neutral,1011,-1,0,0,0,rQaPrP,A,llama-8b,meta-llama/llama-3.1-8b-instruct,coreweave/bf16,0,1.0,CoreWeave,A,3.278e-05,0.6513548714339145,0.0003669658667684872,0
comprehension,ally_majority,neutral,1011,-1,0,1,0,aPrPrQ,A,llama-8b,meta-llama/llama-3.1-8b-instruct,coreweave/bf16,0,1.0,CoreWeave,A,3.278e-05,0.7772998714925403,0.00036844427847640415,0
comprehension,ally_majority,neutral,1011,1,0,0,0,rPrQaP,A,llama-8b,meta-llama/llama-3.1-8b-instruct,coreweave/bf16,0,1.0,CoreWeave,B,3.278e-05,0.2689414096510109,0.00030395375256941914,0
comprehension,ally_majority,neutral,1011,1,0,1,0,rPrQaP,A,llama-8b,meta-llama/llama-3.1-8b-instruct,coreweave/bf16,0,1.0,CoreWeave,B,3.278e-05,0.37754067580180184,0.00034936207002111974,0
comprehension,ally_majority,neutral,1012,-1,0,0,0,aPrQrQrP,A,llama-8b,meta-llama/llama-3.1-8b-instruct,coreweave/bf16,0,1.0,CoreWeave,A,3.41e-05,0.7549149758396752,0.0004259746113774998,0
comprehension,ally_majority,neutral,1012,-1,0,1,0,rQaPrQrP,A,llama-8b,meta-llama/llama-3.1-8b-instruct,coreweave/bf16,0,1.0,CoreWeave,A,3.41e-05,0.8933094046341532,0.00023269822977695087,0
comprehension,ally_majority,neutral,1012,1,0,0,0,rQrQrPaP,A,llama-8b,meta-llama/llama-3.1-8b-instruct,coreweave/bf16,0,1.0,CoreWeave,A,3.41e-05,0.43782349911420193,0.0002494709265143946,0
comprehension,ally_majority,neutral,1012,1,0,1,0,aPrQrQrP,A,llama-8b,meta-llama/llama-3.1-8b-instruct,coreweave/bf16,0,1.0,CoreWeave,A,3.41e-05,0.4687906266262437,0.00034894474966451483,0
comprehension,ally_majority,neutral,1013,-1,0,0,0,rPrQrQrQaP,A,llama-8b,meta-llama/llama-3.1-8b-instruct,coreweave/bf16,0,1.0,CoreWeave,B,3.542e-05,0.7549149868676283,0.0003419193510136864,0
comprehension,ally_majority,neutral,1013,-1,0,1,0,rPrQrQrQaP,A,llama-8b,meta-llama/llama-3.1-8b-instruct,coreweave/bf16,0,1.0,CoreWeave,A,3.542e-05,0.8670357718273068,0.0003642505507364391,0
comprehension,ally_majority,neutral,1013,1,0,0,0,aPrQrQrPrQ,A,llama-8b,meta-llama/llama-3.1-8b-instruct,coreweave/bf16,0,1.0,CoreWeave,A,3.542e-05,0.37754066879814546,0.0024934289082619854,0
comprehension,ally_majority,neutral,1013,1,0,1,0,rPrQaPrQrQ,A,llama-8b,meta-llama/llama-3.1-8b-instruct,coreweave/bf16,0,1.0,CoreWeave,A,3.542e-05,0.40733340004593027,0.0005210473944550209,0
comprehension,ally_majority,neutral,1014,-1,0,0,0,rQrPaPrQrQrQ,A,llama-8b,meta-llama/llama-3.1-8b-instruct,coreweave/bf16,0,1.0,CoreWeave,A,3.674e-05,0.7310585727705126,0.0007271130299103534,0
comprehension,ally_majority,neutral,1014,-1,0,1,0,rPrQrQaPrQrQ,A,llama-8b,meta-llama/llama-3.1-8b-instruct,coreweave/bf16,0,1.0,CoreWeave,A,3.674e-05,0.8354835309589074,0.0003911715738082744,0
comprehension,ally_majority,neutral,1014,1,0,0,0,aPrQrQrQrQrP,A,llama-8b,meta-llama/llama-3.1-8b-instruct,coreweave/bf16,0,1.0,CoreWeave,B,3.674e-05,0.4378234991142019,0.0018682262158863372,0
comprehension,ally_majority,neutral,1014,1,0,1,0,rPrQaPrQrQrQ,A,llama-8b,meta-llama/llama-3.1-8b-instruct,coreweave/bf16,0,1.0,CoreWeave,A,3.674e-05,0.37754066879814546,0.000692130053887019,0
comprehension,ally_majority,neutral,1020,-1,0,0,0,aPrPrP,A,llama-8b,meta-llama/llama-3.1-8b-instruct,coreweave/bf16,0,1.0,CoreWeave,B,3.278e-05,0.5312093733737563,0.0009399013416313551,0
comprehension,ally_majority,neutral,1020,-1,0,1,0,rPaPrP,A,llama-8b,meta-llama/llama-3.1-8b-instruct,coreweave/bf16,0,1.0,CoreWeave,B,3.278e-05,0.8354835371034368,0.0004976599833706463,0
comprehension,ally_majority,neutral,1020,1,0,0,0,aPrPrP,A,llama-8b,meta-llama/llama-3.1-8b-instruct,coreweave/bf16,0,1.0,CoreWeave,B,3.278e-05,0.07585818524437761,0.00263100107755021,0
comprehension,ally_majority,neutral,1020,1,0,1,0,rPrPaP,A,llama-8b,meta-llama/llama-3.1-8b-instruct,coreweave/bf16,0,1.0,CoreWeave,B,3.278e-05,0.14804719427274568,0.00010992838918222336,0
comprehension,ally_majority,neutral,1021,-1,0,0,0,rQrPaPrP,A,llama-8b,meta-llama/llama-3.1-8b-instruct,coreweave/bf16,0,1.0,CoreWeave,A,3.41e-05,0.7549149868676283,0.00044380325151871514,0
comprehension,ally_majority,neutral,1021,-1,0,1,0,aPrPrPrQ,A,llama-8b,meta-llama/llama-3.1-8b-instruct,coreweave/bf16,0,1.0,CoreWeave,A,3.41e-05,0.817574478416099,0.00027901366106392045,0
comprehension,ally_majority,neutral,1021,1,0,0,0,rPaPrPrQ,A,llama-8b,meta-llama/llama-3.1-8b-instruct,coreweave/bf16,0,1.0,CoreWeave,B,3.41e-05,0.2689414272294874,0.0008901785779558136,0
comprehension,ally_majority,neutral,1021,1,0,1,0,rPrQaPrP,A,llama-8b,meta-llama/llama-3.1-8b-instruct,coreweave/bf16,0,1.0,CoreWeave,B,3.41e-05,0.40733340004593027,0.0005483317253089925,0
comprehension,ally_majority,neutral,1022,-1,0,0,0,aPrPrQrQrP,A,llama-8b,meta-llama/llama-3.1-8b-instruct,coreweave/bf16,0,1.0,CoreWeave,B,3.542e-05,0.7057850154599562,0.0008771567481012932,0
comprehension,ally_majority,neutral,1022,-1,0,1,0,rQrPrQrPaP,A,llama-8b,meta-llama/llama-3.1-8b-instruct,coreweave/bf16,0,1.0,CoreWeave,A,3.542e-05,0.904650527388829,0.0005693169504264184,0
comprehension,ally_majority,neutral,1022,1,0,0,0,rPrQaPrQrP,A,llama-8b,meta-llama/llama-3.1-8b-instruct,coreweave/bf16,0,1.0,CoreWeave,B,3.542e-05,0.29421497216298875,0.0008699684076183267,0
comprehension,ally_majority,neutral,1022,1,0,1,0,rPrQaPrPrQ,A,llama-8b,meta-llama/llama-3.1-8b-instruct,coreweave/bf16,0,1.0,CoreWeave,B,3.542e-05,0.4073334000459302,0.0006554959386857462,0
comprehension,ally_majority,neutral,1023,-1,0,0,0,rQrQrQrPrPaP,A,llama-8b,meta-llama/llama-3.1-8b-instruct,coreweave/bf16,0,1.0,CoreWeave,A,3.674e-05,0.7549149813536518,0.0008342249421371684,0
comprehension,ally_majority,neutral,1023,-1,0,1,0,rQrQrQrPaPrP,A,llama-8b,meta-llama/llama-3.1-8b-instruct,coreweave/bf16,0,1.0,CoreWeave,A,3.674e-05,0.9149009515124917,0.0006201765076132293,0
comprehension,ally_majority,neutral,1023,1,0,0,0,aPrQrQrPrQrP,A,llama-8b,meta-llama/llama-3.1-8b-instruct,coreweave/bf16,0,1.0,CoreWeave,B,3.674e-05,0.4687906266262437,0.006339595868555703,0
comprehension,ally_majority,neutral,1023,1,0,1,0,rPaPrPrQrQrQ,A,llama-8b,meta-llama/llama-3.1-8b-instruct,coreweave/bf16,0,1.0,CoreWeave,B,3.674e-05,0.37754066879814546,0.003748943920212966,0
comprehension,ally_majority,neutral,1030,-1,0,0,0,rPrPaPrP,A,llama-8b,meta-llama/llama-3.1-8b-instruct,coreweave/bf16,0,1.0,CoreWeave,A,3.41e-05,0.7057850340255386,0.0001878351898039754,0
comprehension,ally_majority,neutral,1030,-1,0,1,0,rPaPrPrP,A,llama-8b,meta-llama/llama-3.1-8b-instruct,coreweave/bf16,0,1.0,CoreWeave,A,3.41e-05,0.8354835330070839,0.00044442341876324565,0
comprehension,ally_majority,neutral,1030,1,0,0,0,aPrPrPrP,A,llama-8b,meta-llama/llama-3.1-8b-instruct,coreweave/bf16,0,1.0,CoreWeave,B,3.41e-05,0.06008665396103505,0.0018953834575151651,0
comprehension,ally_majority,neutral,1030,1,0,1,0,rPaPrPrP,A,llama-8b,meta-llama/llama-3.1-8b-instruct,coreweave/bf16,0,1.0,CoreWeave,B,3.41e-05,0.132964236762076,0.0007984612164613214,0
comprehension,ally_majority,neutral,1031,-1,0,0,0,rPrQrPrPaP,A,llama-8b,meta-llama/llama-3.1-8b-instruct,coreweave/bf16,0,1.0,CoreWeave,A,3.542e-05,0.7549149813536518,0.0004924403611107075,0
comprehension,ally_majority,neutral,1031,-1,0,1,0,rPrPrPrQaP,A,llama-8b,meta-llama/llama-3.1-8b-instruct,coreweave/bf16,0,1.0,CoreWeave,A,3.542e-05,0.880797071719777,0.0005404813119677387,0
comprehension,ally_majority,neutral,1031,1,0,0,0,rQrPaPrPrP,A,llama-8b,meta-llama/llama-3.1-8b-instruct,coreweave/bf16,0,1.0,CoreWeave,A,3.542e-05,0.34864513533394575,0.000523913970566503,0
comprehension,ally_majority,neutral,1031,1,0,1,0,rPaPrPrQrP,A,llama-8b,meta-llama/llama-3.1-8b-instruct,coreweave/bf16,0,1.0,CoreWeave,A,3.542e-05,0.46879062662624377,0.0011781269724758792,0
comprehension,ally_majority,neutral,1032,-1,0,0,0,rPrQrPrQaPrP,A,llama-8b,meta-llama/llama-3.1-8b-instruct,coreweave/bf16,0,1.0,CoreWeave,A,3.674e-05,0.679178692681616,0.001278173296331453,0
comprehension,ally_majority,neutral,1032,-1,0,1,0,aPrQrPrQrPrP,A,llama-8b,meta-llama/llama-3.1-8b-instruct,coreweave/bf16,0,1.0,CoreWeave,B,3.674e-05,0.8933093982432729,0.0006602900526994498,0
comprehension,ally_majority,neutral,1032,1,0,0,0,rQaPrQrPrPrP,A,llama-8b,meta-llama/llama-3.1-8b-instruct,coreweave/bf16,0,1.0,CoreWeave,A,3.674e-05,0.4378234991142019,0.0009560750146524466,0
comprehension,ally_majority,neutral,1032,1,0,1,0,rPrQrPrPaPrQ,A,llama-8b,meta-llama/llama-3.1-8b-instruct,coreweave/bf16,0,1.0,CoreWeave,A,3.674e-05,0.5312093733737563,0.0013411189221713693,0
comprehension,ally_majority,neutral,1040,-1,0,0,0,rPrPaPrPrP,A,llama-8b,meta-llama/llama-3.1-8b-instruct,coreweave/bf16,0,1.0,CoreWeave,B,3.542e-05,0.5926665999540698,0.0003730556466293722,0
comprehension,ally_majority,neutral,1040,-1,0,1,0,rPrPrPaPrP,A,llama-8b,meta-llama/llama-3.1-8b-instruct,coreweave/bf16,0,1.0,CoreWeave,A,3.542e-05,0.9241418246795768,0.000244638074053366,0
comprehension,ally_majority,neutral,1040,1,0,0,0,aPrPrPrPrP,A,llama-8b,meta-llama/llama-3.1-8b-instruct,coreweave/bf16,0,1.0,CoreWeave,B,3.542e-05,0.08509905370824053,0.003437622440533028,0
comprehension,ally_majority,neutral,1040,1,0,1,0,rPrPaPrPrP,A,llama-8b,meta-llama/llama-3.1-8b-instruct,coreweave/bf16,0,1.0,CoreWeave,A,3.542e-05,0.1824255326961778,0.00035010094359133603,0
comprehension,ally_majority,neutral,1041,-1,0,0,0,aPrQrPrPrPrP,A,llama-8b,meta-llama/llama-3.1-8b-instruct,coreweave/bf16,0,1.0,CoreWeave,B,3.674e-05,0.7310585786300049,0.0008834870100668524,0
comprehension,ally_majority,neutral,1041,-1,0,1,0,rPrPaPrPrPrQ,A,llama-8b,meta-llama/llama-3.1-8b-instruct,coreweave/bf16,0,1.0,CoreWeave,A,3.674e-05,0.9046505434556231,0.0002829298228695376,0
comprehension,ally_majority,neutral,1041,1,0,0,0,aPrPrPrPrQrP,A,llama-8b,meta-llama/llama-3.1-8b-instruct,coreweave/bf16,0,1.0,CoreWeave,B,3.674e-05,0.2942149721629888,0.004005851102011904,0
comprehension,ally_majority,neutral,1041,1,0,1,0,rQrPrPrPrPaP,A,llama-8b,meta-llama/llama-3.1-8b-instruct,coreweave/bf16,0,1.0,CoreWeave,A,3.674e-05,0.5,0.0013382432116891274,0
comprehension,ally_majority,neutral,1050,-1,0,0,0,rPrPrPaPrPrP,A,llama-8b,meta-llama/llama-3.1-8b-instruct,coreweave/bf16,0,1.0,CoreWeave,A,3.674e-05,0.6513548714339145,0.0008946107556163652,0
comprehension,ally_majority,neutral,1050,-1,0,1,0,rPrPrPaPrPrP,A,llama-8b,meta-llama/llama-3.1-8b-instruct,coreweave/bf16,0,1.0,CoreWeave,A,3.674e-05,0.9399133435142798,0.0005993319898220315,0
comprehension,ally_majority,neutral,1050,1,0,0,0,aPrPrPrPrPrP,A,llama-8b,meta-llama/llama-3.1-8b-instruct,coreweave/bf16,0,1.0,CoreWeave,B,3.674e-05,0.06754669489377624,0.007845589034239597,0
comprehension,ally_majority,neutral,1050,1,0,1,0,rPrPrPrPaPrP,A,llama-8b,meta-llama/llama-3.1-8b-instruct,coreweave/bf16,0,1.0,CoreWeave,B,3.674e-05,0.2942149659744614,0.0007748966150876724,0
comprehension,ally_majority,neutral,1200,-1,0,0,0,aPaQaQ,B,llama-8b,meta-llama/llama-3.1-8b-instruct,coreweave/bf16,0,1.0,CoreWeave,A,3.278e-05,0.34864513533394575,0.00012791061100814183,0
comprehension,ally_majority,neutral,1200,-1,0,1,0,aQaPaQ,B,llama-8b,meta-llama/llama-3.1-8b-instruct,coreweave/bf16,0,1.0,CoreWeave,B,3.278e-05,0.29421498454004374,0.00010243762744122087,0
comprehension,ally_majority,neutral,1200,1,0,0,0,aQaPaQ,B,llama-8b,meta-llama/llama-3.1-8b-instruct,coreweave/bf16,0,1.0,CoreWeave,B,3.278e-05,0.06754669301670264,6.971942106437368e-05,0
comprehension,ally_majority,neutral,1200,1,0,1,0,aQaPaQ,B,llama-8b,meta-llama/llama-3.1-8b-instruct,coreweave/bf16,0,1.0,CoreWeave,B,3.278e-05,0.06754668550840878,4.839027009251318e-05,0
comprehension,ally_majority,neutral,1201,-1,0,0,0,aQaQaPrQ,B,llama-8b,meta-llama/llama-3.1-8b-instruct,coreweave/bf16,0,1.0,CoreWeave,A,3.41e-05,0.37754066879814546,0.00016330552364507422,0
comprehension,ally_majority,neutral,1201,-1,0,1,0,aPrQaQaQ,B,llama-8b,meta-llama/llama-3.1-8b-instruct,coreweave/bf16,0,1.0,CoreWeave,B,3.41e-05,0.3775406687981454,3.338017670329041e-05,0
comprehension,ally_majority,neutral,1201,1,0,0,0,aQrQaPaQ,B,llama-8b,meta-llama/llama-3.1-8b-instruct,coreweave/bf16,0,1.0,CoreWeave,B,3.41e-05,0.03732688587163586,6.71738723609927e-05,0
comprehension,ally_majority,neutral,1201,1,0,1,0,aQrQaPaQ,B,llama-8b,meta-llama/llama-3.1-8b-instruct,coreweave/bf16,0,1.0,CoreWeave,B,3.41e-05,0.020332355494570995,4.612501453493678e-05,0
comprehension,ally_majority,neutral,1202,-1,0,0,0,rQrQaQaPaQ,B,llama-8b,meta-llama/llama-3.1-8b-instruct,coreweave/bf16,0,1.0,CoreWeave,B,3.542e-05,0.1480471923932738,7.642100606664037e-05,0
comprehension,ally_majority,neutral,1202,-1,0,1,0,aPrQaQrQaQ,B,llama-8b,meta-llama/llama-3.1-8b-instruct,coreweave/bf16,0,1.0,CoreWeave,A,3.542e-05,0.40733340004593027,5.078204080122273e-05,0
comprehension,ally_majority,neutral,1202,1,0,0,0,rQaQaQrQaP,B,llama-8b,meta-llama/llama-3.1-8b-instruct,coreweave/bf16,0,1.0,CoreWeave,B,3.542e-05,0.008577485516670496,3.773776467697054e-05,0
comprehension,ally_majority,neutral,1202,1,0,1,0,rQaQrQaPaQ,B,llama-8b,meta-llama/llama-3.1-8b-instruct,coreweave/bf16,0,1.0,CoreWeave,B,3.542e-05,0.02595735503145802,6.666821451428717e-05,0
comprehension,ally_majority,neutral,1203,-1,0,0,0,rQrQrQaQaQaP,B,llama-8b,meta-llama/llama-3.1-8b-instruct,coreweave/bf16,0,1.0,CoreWeave,A,3.674e-05,0.2689414272294874,0.0001391891824426006,0
comprehension,ally_majority,neutral,1203,-1,0,1,0,aQrQaPrQaQrQ,B,llama-8b,meta-llama/llama-3.1-8b-instruct,coreweave/bf16,0,1.0,CoreWeave,B,3.674e-05,0.5,0.00045873320986716815,0
comprehension,ally_majority,neutral,1203,1,0,0,0,rQrQaQaPrQaQ,B,llama-8b,meta-llama/llama-3.1-8b-instruct,coreweave/bf16,0,1.0,CoreWeave,B,3.674e-05,0.02297736903190464,0.00015288507571209475,0
comprehension,ally_majority,neutral,1203,1,0,1,0,rQrQrQaQaQaP,B,llama-8b,meta-llama/llama-3.1-8b-instruct,coreweave/bf16,0,1.0,CoreWeave,B,3.674e-05,0.02595735856353229,3.4619401679925055e-05,0
comprehension,ally_majority,neutral,1210,-1,0,0,0,aPrPaQaQ,B,llama-8b,meta-llama/llama-3.1-8b-instruct,coreweave/bf16,0,1.0,CoreWeave,B,3.41e-05,0.37754066879814535,0.00016211362471463264,0
comprehension,ally_majority,neutral,1210,-1,0,1,0,aQaQaPrP,B,llama-8b,meta-llama/llama-3.1-8b-instruct,coreweave/bf16,0,1.0,CoreWeave,B,3.41e-05,0.46879062662624377,9.47277434822924e-05,0
comprehension,ally_majority,neutral,1210,1,0,0,0,rPaQaQaP,B,llama-8b,meta-llama/llama-3.1-8b-instruct,coreweave/bf16,0,1.0,CoreWeave,B,3.41e-05,0.14804719991116141,6.31212739836684e-05,0
comprehension,ally_majority,neutral,1210,1,0,1,0,aQaQrPaP,B,llama-8b,meta-llama/llama-3.1-8b-instruct,coreweave/bf16,0,1.0,CoreWeave,A,3.41e-05,0.2018132270610754,7.67472164171501e-05,0
comprehension,ally_majority,neutral,1211,-1,0,0,0,rQaPrPaQaQ,B,llama-8b,meta-llama/llama-3.1-8b-instruct,coreweave/bf16,0,1.0,CoreWeave,B,3.542e-05,0.2942149659744614,0.00016471266424911146,0
comprehension,ally_majority,neutral,1211,-1,0,1,0,aPrQaQrPaQ,B,llama-8b,meta-llama/llama-3.1-8b-instruct,coreweave/bf16,0,1.0,CoreWeave,B,3.542e-05,0.43782349911420193,9.708825950138777e-05,0
comprehension,ally_majority,neutral,1211,1,0,0,0,rPrQaPaQaQ,B,llama-8b,meta-llama/llama-3.1-8b-instruct,coreweave/bf16,0,1.0,CoreWeave,B,3.542e-05,0.07585817688736328,0.00015455449133117138,0
comprehension,ally_majority,neutral,1211,1,0,1,0,aQaQaPrQrP,B,llama-8b,meta-llama/llama-3.1-8b-instruct,coreweave/bf16,0,1.0,CoreWeave,B,3.542e-05,0.020332353750780022,2.1721383005268713e-05,0
comprehension,ally_majority,neutral,1212,-1,0,0,0,rQaPaQrQaQrP,B,llama-8b,meta-llama/llama-3.1-8b-instruct,coreweave/bf16,0,1.0,CoreWeave,B,3.674e-05,0.2689414272294874,0.00024705275464020904,0
comprehension,ally_majority,neutral,1212,-1,0,1,0,rPrQaQrQaQaP,B,llama-8b,meta-llama/llama-3.1-8b-instruct,coreweave/bf16,0,1.0,CoreWeave,B,3.674e-05,0.3486451488696663,6.751622691758552e-05,0
comprehension,ally_majority,neutral,1212,1,0,0,0,aQrPaPrQrQaQ,B,llama-8b,meta-llama/llama-3.1-8b-instruct,coreweave/bf16,0,1.0,CoreWeave,B,3.674e-05,0.10669059678604237,0.0005258551615381357,0
comprehension,ally_majority,neutral,1212,1,0,1,0,rPrQrQaQaQaP,B,llama-8b,meta-llama/llama-3.1-8b-instruct,coreweave/bf16,0,1.0,CoreWeave,B,3.674e-05,0.03732688667481417,2.66661320525996e-05,0
comprehension,ally_majority,neutral,1220,-1,0,0,0,rPrPaQaQaP,B,llama-8b,meta-llama/llama-3.1-8b-instruct,coreweave/bf16,0,1.0,CoreWeave,B,3.542e-05,0.24508501864634824,9.308698753807132e-05,0
comprehension,ally_majority,neutral,1220,-1,0,1,0,rPrPaQaQaP,B,llama-8b,meta-llama/llama-3.1-8b-instruct,coreweave/bf16,0,1.0,CoreWeave,A,3.542e-05,0.5,6.091599616014909e-05,0
comprehension,ally_majority,neutral,1220,1,0,0,0,rPaPaQrPaQ,B,llama-8b,meta-llama/llama-3.1-8b-instruct,coreweave/bf16,0,1.0,CoreWeave,B,3.542e-05,0.14804719051380197,0.0003580386712744854,0
comprehension,ally_majority,neutral,1220,1,0,1,0,aQrPrPaPaQ,B,llama-8b,meta-llama/llama-3.1-8b-instruct,coreweave/bf16,0,1.0,CoreWeave,B,3.542e-05,0.11920291419948607,5.7471607732728636e-05,0
comprehension,ally_majority,neutral,1221,-1,0,0,0,aQaQrPaPrPrQ,B,llama-8b,meta-llama/llama-3.1-8b-instruct,coreweave/bf16,0,1.0,CoreWeave,B,3.674e-05,0.5,0.0006948697381523039,0
comprehension,ally_majority,neutral,1221,-1,0,1,0,aPaQrQrPrPaQ,B,llama-8b,meta-llama/llama-3.1-8b-instruct,coreweave/bf16,0,1.0,CoreWeave,B,3.674e-05,0.46879062662624377,0.0003626489403194544,0
comprehension,ally_majority,neutral,1221,1,0,0,0,rPaQrPaQaPrQ,B,llama-8b,meta-llama/llama-3.1-8b-instruct,coreweave/bf16,0,1.0,CoreWeave,B,3.674e-05,0.1066905939456512,0.00029847097336943573,0
comprehension,ally_majority,neutral,1221,1,0,1,0,aQrPrPrQaPaQ,B,llama-8b,meta-llama/llama-3.1-8b-instruct,coreweave/bf16,0,1.0,CoreWeave,B,3.674e-05,0.20181322706107538,0.0003461032484678439,0
comprehension,ally_majority,neutral,1230,-1,0,0,0,aQaPrPrPaQrP,B,llama-8b,meta-llama/llama-3.1-8b-instruct,coreweave/bf16,0,1.0,CoreWeave,A,3.674e-05,0.16451646289656316,0.0006869713453582227,0
comprehension,ally_majority,neutral,1230,-1,0,1,0,aPrPaQaQrPrP,B,llama-8b,meta-llama/llama-3.1-8b-instruct,coreweave/bf16,0,1.0,CoreWeave,B,3.674e-05,0.5,0.00023386318049517518,0
comprehension,ally_majority,neutral,1230,1,0,0,0,aQaQaPrPrPrP,B,llama-8b,meta-llama/llama-3.1-8b-instruct,coreweave/bf16,0,1.0,CoreWeave,B,3.674e-05,0.017986207395942123,5.938504311819859e-05,0
comprehension,ally_majority,neutral,1230,1,0,1,0,rPrPaQrPaPaQ,B,llama-8b,meta-llama/llama-3.1-8b-instruct,coreweave/bf16,0,1.0,CoreWeave,A,3.674e-05,0.26894142136999516,7.968847213157826e-05,0
comprehension,ally_majority,neutral,1300,-1,0,0,0,aQaQaPaQ,B,llama-8b,meta-llama/llama-3.1-8b-instruct,coreweave/bf16,0,1.0,CoreWeave,B,3.41e-05,0.04208772851637929,8.555281450994823e-05,0
comprehension,ally_majority,neutral,1300,-1,0,1,0,aQaQaQaP,B,llama-8b,meta-llama/llama-3.1-8b-instruct,coreweave/bf16,0,1.0,CoreWeave,B,3.41e-05,0.2689414272294874,4.3711273860047584e-05,0
comprehension,ally_majority,neutral,1300,1,0,0,0,aQaPaQaQ,B,llama-8b,meta-llama/llama-3.1-8b-instruct,coreweave/bf16,0,1.0,CoreWeave,B,3.41e-05,0.007577242559985331,2.0132591170174408e-05,0
comprehension,ally_majority,neutral,1300,1,0,1,0,aPaQaQaQ,B,llama-8b,meta-llama/llama-3.1-8b-instruct,coreweave/bf16,0,1.0,CoreWeave,B,3.41e-05,0.017986207889432372,1.8882906896444673e-05,0
comprehension,ally_majority,neutral,1301,-1,0,0,0,rQaPaQaQaQ,B,llama-8b,meta-llama/llama-3.1-8b-instruct,coreweave/bf16,0,1.0,CoreWeave,B,3.542e-05,0.22270014398423357,8.307196762868951e-05,0
comprehension,ally_majority,neutral,1301,-1,0,1,0,aQrQaQaQaP,B,llama-8b,meta-llama/llama-3.1-8b-instruct,coreweave/bf16,0,1.0,CoreWeave,A,3.542e-05,0.37754066879814546,7.39687611021056e-05,0
comprehension,ally_majority,neutral,1301,1,0,0,0,aQaPrQaQaQ,B,llama-8b,meta-llama/llama-3.1-8b-instruct,coreweave/bf16,0,1.0,CoreWeave,B,3.542e-05,0.04742587098971659,7.049394396752007e-05,0
comprehension,ally_majority,neutral,1301,1,0,1,0,aQaQaPrQaQ,B,llama-8b,meta-llama/llama-3.1-8b-instruct,coreweave/bf16,0,1.0,CoreWeave,B,3.542e-05,0.06008664344151497,3.924855857140308e-05,0
comprehension,ally_majority,neutral,1302,-1,0,0,0,rQaQrQaPaQaQ,B,llama-8b,meta-llama/llama-3.1-8b-instruct,coreweave/bf16,0,1.0,CoreWeave,B,3.674e-05,0.08509904152653235,0.00021066178688400328,0
comprehension,ally_majority,neutral,1302,-1,0,1,0,aPaQaQrQrQaQ,B,llama-8b,meta-llama/llama-3.1-8b-instruct,coreweave/bf16,0,1.0,CoreWeave,A,3.674e-05,0.40733340004593027,0.00011878517442387437,0
comprehension,ally_majority,neutral,1302,1,0,0,0,aQrQaQaQrQaP,B,llama-8b,meta-llama/llama-3.1-8b-instruct,coreweave/bf16,0,1.0,CoreWeave,B,3.674e-05,0.02297737011910204,0.00013576872473164414,0
comprehension,ally_majority,neutral,1302,1,0,1,0,rQrQaQaQaPaQ,B,llama-8b,meta-llama/llama-3.1-8b-instruct,coreweave/bf16,0,1.0,CoreWeave,B,3.674e-05,0.012431653345786066,3.955293836399587e-05,0
comprehension,ally_majority,neutral,1310,-1,0,0,0,aPaQrPaQaQ,B,llama-8b,meta-llama/llama-3.1-8b-instruct,coreweave/bf16,0,1.0,CoreWeave,B,3.542e-05,0.2018132270610754,0.00017615519197278218,0
comprehension,ally_majority,neutral,1310,-1,0,1,0,aQaPaQaQrP,B,llama-8b,meta-llama/llama-3.1-8b-instruct,coreweave/bf16,0,1.0,CoreWeave,B,3.542e-05,0.2689414096510108,6.438721093138255e-05,0
comprehension,ally_majority,neutral,1310,1,0,0,0,aQaQaPrPaQ,B,llama-8b,meta-llama/llama-3.1-8b-instruct,coreweave/bf16,0,1.0,CoreWeave,B,3.542e-05,0.008577483505019823,3.750324662088467e-05,0
comprehension,ally_majority,neutral,1310,1,0,1,0,aQaPaQaQrP,B,llama-8b,meta-llama/llama-3.1-8b-instruct,coreweave/bf16,0,1.0,CoreWeave,B,3.542e-05,0.007577242749076743,1.6819747446938926e-05,0
comprehension,ally_majority,neutral,1311,-1,0,0,0,aPaQaQrPaQrQ,B,llama-8b,meta-llama/llama-3.1-8b-instruct,coreweave/bf16,0,1.0,CoreWeave,A,3.674e-05,0.16451646289656316,0.0001575481328111028,0
comprehension,ally_majority,neutral,1311,-1,0,1,0,aQrPrQaQaPaQ,B,llama-8b,meta-llama/llama-3.1-8b-instruct,coreweave/bf16,0,1.0,CoreWeave,B,3.674e-05,0.2689414330889797,0.00016507544678034947,0
comprehension,ally_majority,neutral,1311,1,0,0,0,aQrQaPaQaQrP,B,llama-8b,meta-llama/llama-3.1-8b-instruct,coreweave/bf16,0,1.0,CoreWeave,B,3.674e-05,0.014063625429049173,0.0001463007050784837,0
comprehension,ally_majority,neutral,1311,1,0,1,0,aQrQaPaQrPaQ,B,llama-8b,meta-llama/llama-3.1-8b-instruct,coreweave/bf16,0,1.0,CoreWeave,B,3.674e-05,0.009708477385822246,9.324930484333471e-05,0
comprehension,ally_majority,neutral,1320,-1,0,0,0,aQrPaPaQaQrP,B,llama-8b,meta-llama/llama-3.1-8b-instruct,coreweave/bf16,0,1.0,CoreWeave,B,3.674e-05,0.2942149659744614,0.0005265069804755163,0
comprehension,ally_majority,neutral,1320,-1,0,1,0,rPaPrPaQaQaQ,B,llama-8b,meta-llama/llama-3.1-8b-instruct,coreweave/bf16,0,1.0,CoreWeave,A,3.674e-05,0.46879062662624377,0.00010843541919147714,0
comprehension,ally_majority,neutral,1320,1,0,0,0,aQaQaQaPrPrP,B,llama-8b,meta-llama/llama-3.1-8b-instruct,coreweave/bf16,0,1.0,CoreWeave,B,3.674e-05,0.0008040857603022943,1.6962848535695407e-05,0
comprehension,ally_majority,neutral,1320,1,0,1,0,rPaQaQrPaPaQ,B,llama-8b,meta-llama/llama-3.1-8b-instruct,coreweave/bf16,0,1.0,CoreWeave,B,3.674e-05,0.1329642436335826,7.546701898930586e-05,0
comprehension,ally_majority,neutral,1400,-1,0,0,0,aQaPaQaQaQ,B,llama-8b,meta-llama/llama-3.1-8b-instruct,coreweave/bf16,0,1.0,CoreWeave,B,3.542e-05,0.0850990490675896,7.916240508520911e-05,0
comprehension,ally_majority,neutral,1400,-1,0,1,0,aQaQaQaQaP,B,llama-8b,meta-llama/llama-3.1-8b-instruct,coreweave/bf16,0,1.0,CoreWeave,A,3.542e-05,0.20181322226037884,4.155876980882489e-05,0
comprehension,ally_majority,neutral,1400,1,0,0,0,aPaQaQaQaQ,B,llama-8b,meta-llama/llama-3.1-8b-instruct,coreweave/bf16,0,1.0,CoreWeave,B,3.542e-05,0.03308597469422148,3.891812631817704e-05,0
comprehension,ally_majority,neutral,1400,1,0,1,0,aQaQaPaQaQ,B,llama-8b,meta-llama/llama-3.1-8b-instruct,coreweave/bf16,0,1.0,CoreWeave,B,3.542e-05,0.005220124658602577,1.3119588417431771e-05,0
comprehension,ally_majority,neutral,1401,-1,0,0,0,aQrQaPaQaQaQ,B,llama-8b,meta-llama/llama-3.1-8b-instruct,coreweave/bf16,0,1.0,CoreWeave,B,3.674e-05,0.10669060246682488,0.00028877852648878655,0
comprehension,ally_majority,neutral,1401,-1,0,1,0,aQaQaPaQrQaQ,B,llama-8b,meta-llama/llama-3.1-8b-instruct,coreweave/bf16,0,1.0,CoreWeave,B,3.674e-05,0.34864512856608554,0.00021525661858989853,0
comprehension,ally_majority,neutral,1401,1,0,0,0,aPrQaQaQaQaQ,B,llama-8b,meta-llama/llama-3.1-8b-instruct,coreweave/bf16,0,1.0,CoreWeave,B,3.674e-05,0.0675466977093867,0.00012128238254416335,0
comprehension,ally_majority,neutral,1401,1,0,1,0,aQaQaQrQaQaP,B,llama-8b,meta-llama/llama-3.1-8b-instruct,coreweave/bf16,0,1.0,CoreWeave,B,3.674e-05,0.012431649469678556,2.684380073536552e-05,0
comprehension,ally_majority,neutral,1410,-1,0,0,0,aQaQrPaQaPaQ,B,llama-8b,meta-llama/llama-3.1-8b-instruct,coreweave/bf16,0,1.0,CoreWeave,B,3.674e-05,0.10669058755477132,0.0001875733902608756,0
comprehension,ally_majority,neutral,1410,-1,0,1,0,aQaQaPaQrPaQ,B,llama-8b,meta-llama/llama-3.1-8b-instruct,coreweave/bf16,0,1.0,CoreWeave,B,3.674e-05,0.18242552158390102,0.000152559897958926,0
comprehension,ally_majority,neutral,1410,1,0,0,0,aQaQaPrPaQaQ,B,llama-8b,meta-llama/llama-3.1-8b-instruct,coreweave/bf16,0,1.0,CoreWeave,B,3.674e-05,0.004070137072227506,4.27012318554576e-05,0
comprehension,ally_majority,neutral,1410,1,0,1,0,rPaQaQaQaPaQ,B,llama-8b,meta-llama/llama-3.1-8b-instruct,coreweave/bf16,0,1.0,CoreWeave,B,3.674e-05,0.02595735870481527,3.4386434026534296e-05,0
comprehension,ally_majority,neutral,1500,-1,0,0,0,aQaQaQaPaQaQ,B,llama-8b,meta-llama/llama-3.1-8b-instruct,coreweave/bf16,0,1.0,CoreWeave,B,3.674e-05,0.012431652751220825,0.0001186538222180955,0
comprehension,ally_majority,neutral,1500,-1,0,1,0,aQaPaQaQaQaQ,B,llama-8b,meta-llama/llama-3.1-8b-instruct,coreweave/bf16,0,1.0,CoreWeave,A,3.674e-05,0.1645164608483867,6.26555377244431e-05,0
comprehension,ally_majority,neutral,1500,1,0,0,0,aQaQaQaQaQaP,B,llama-8b,meta-llama/llama-3.1-8b-instruct,coreweave/bf16,0,1.0,CoreWeave,B,3.674e-05,0.03308597803117353,4.9747339259775814e-05,0
comprehension,ally_majority,neutral,1500,1,0,1,0,aQaPaQaQaQaQ,B,llama-8b,meta-llama/llama-3.1-8b-instruct,coreweave/bf16,0,1.0,CoreWeave,B,3.674e-05,0.008577487219446038,2.839984716318522e-05,0
comprehension,ally_majority,neutral,2000,-1,0,0,0,aPaP,A,llama-8b,meta-llama/llama-3.1-8b-instruct,coreweave/bf16,0,1.0,CoreWeave,A,3.146e-05,0.7981867801399694,0.00015609568254795758,0
comprehension,ally_majority,neutral,2000,-1,0,1,0,aPaP,A,llama-8b,meta-llama/llama-3.1-8b-instruct,coreweave/bf16,0,1.0,CoreWeave,A,3.146e-05,0.9669140233989488,0.00018296459792839503,0
comprehension,ally_majority,neutral,2000,1,0,0,0,aPaP,A,llama-8b,meta-llama/llama-3.1-8b-instruct,coreweave/bf16,0,1.0,CoreWeave,A,3.146e-05,0.3775406617944891,0.0003214393632386958,0
comprehension,ally_majority,neutral,2000,1,0,1,0,aPaP,A,llama-8b,meta-llama/llama-3.1-8b-instruct,coreweave/bf16,0,1.0,CoreWeave,A,3.146e-05,0.5926665999540698,0.00035333367472667465,0
comprehension,ally_majority,neutral,2001,-1,0,0,0,rQaPaP,A,llama-8b,meta-llama/llama-3.1-8b-instruct,coreweave/bf16,0,1.0,CoreWeave,B,3.278e-05,0.7772998611746912,0.00014932146838464444,0
comprehension,ally_majority,neutral,2001,-1,0,1,0,rQaPaP,A,llama-8b,meta-llama/llama-3.1-8b-instruct,coreweave/bf16,0,1.0,CoreWeave,A,3.278e-05,0.9241418152779358,0.0001329647857047922,0
comprehension,ally_majority,neutral,2001,1,0,0,0,aPrQaP,A,llama-8b,meta-llama/llama-3.1-8b-instruct,coreweave/bf16,0,1.0,CoreWeave,A,3.278e-05,0.5,0.0002110992718611926,0
comprehension,ally_majority,neutral,2001,1,0,1,0,aPrQaP,A,llama-8b,meta-llama/llama-3.1-8b-instruct,coreweave/bf16,0,1.0,CoreWeave,A,3.278e-05,0.8175744806385542,0.00023752736295251653,0
comprehension,ally_majority,neutral,2002,-1,0,0,0,rQaPrQaP,A,llama-8b,meta-llama/llama-3.1-8b-instruct,coreweave/bf16,0,1.0,CoreWeave,A,3.41e-05,0.798186787341014,0.00017799085204286968,0
comprehension,ally_majority,neutral,2002,-1,0,1,0,aPrQrQaP,A,llama-8b,meta-llama/llama-3.1-8b-instruct,coreweave/bf16,0,1.0,CoreWeave,A,3.41e-05,0.962673111451103,8.0596045756616e-05,0
comprehension,ally_majority,neutral,2002,1,0,0,0,aPaPrQrQ,A,llama-8b,meta-llama/llama-3.1-8b-instruct,coreweave/bf16,0,1.0,CoreWeave,B,3.41e-05,0.46879062662624377,0.0002754751677883638,0
comprehension,ally_majority,neutral,2002,1,0,1,0,aPrQrQaP,A,llama-8b,meta-llama/llama-3.1-8b-instruct,coreweave/bf16,0,1.0,CoreWeave,A,3.41e-05,0.8175744761936437,0.00019679099974675984,0
comprehension,ally_majority,neutral,2003,-1,0,0,0,aPrQrQrQaP,A,llama-8b,meta-llama/llama-3.1-8b-instruct,coreweave/bf16,0,1.0,CoreWeave,A,3.542e-05,0.8933094145755219,0.00014393005842758266,0
comprehension,ally_majority,neutral,2003,-1,0,1,0,rQrQaPaPrQ,A,llama-8b,meta-llama/llama-3.1-8b-instruct,coreweave/bf16,0,1.0,CoreWeave,A,3.542e-05,0.9626731098447462,0.00014691190101390195,0
comprehension,ally_majority,neutral,2003,1,0,0,0,aPrQrQaPrQ,A,llama-8b,meta-llama/llama-3.1-8b-instruct,coreweave/bf16,0,1.0,CoreWeave,A,3.542e-05,0.7057850340255386,0.00021441351474843495,0
comprehension,ally_majority,neutral,2003,1,0,1,0,aPrQrQaPrQ,A,llama-8b,meta-llama/llama-3.1-8b-instruct,coreweave/bf16,0,1.0,CoreWeave,A,3.542e-05,0.8354835432479661,0.0002043515639648108,0
comprehension,ally_majority,neutral,2004,-1,0,0,0,aPrQaPrQrQrQ,A,llama-8b,meta-llama/llama-3.1-8b-instruct,coreweave/bf16,0,1.0,CoreWeave,A,3.674e-05,0.8519527982093666,0.0002876848735833548,0
comprehension,ally_majority,neutral,2004,-1,0,1,0,rQrQaPrQaPrQ,A,llama-8b,meta-llama/llama-3.1-8b-instruct,coreweave/bf16,0,1.0,CoreWeave,A,3.674e-05,0.9626731143960902,0.00023570310923430593,0
comprehension,ally_majority,neutral,2004,1,0,0,0,rQaPrQaPrQrQ,A,llama-8b,meta-llama/llama-3.1-8b-instruct,coreweave/bf16,0,1.0,CoreWeave,A,3.674e-05,0.5621765008857981,0.00031918853244738976,0
comprehension,ally_majority,neutral,2004,1,0,1,0,rQrQaPaPrQrQ,A,llama-8b,meta-llama/llama-3.1-8b-instruct,coreweave/bf16,0,1.0,CoreWeave,A,3.674e-05,0.679178692681616,0.00017330967610834636,0
comprehension,ally_majority,neutral,2010,-1,0,0,0,aPaPrP,A,llama-8b,meta-llama/llama-3.1-8b-instruct,coreweave/bf16,0,1.0,CoreWeave,B,3.278e-05,0.6791786926816161,7.902702513112869e-05,0
comprehension,ally_majority,neutral,2010,-1,0,1,0,rPaPaP,A,llama-8b,meta-llama/llama-3.1-8b-instruct,coreweave/bf16,0,1.0,CoreWeave,A,3.278e-05,0.8933094159957173,0.0002256792092519,0
comprehension,ally_majority,neutral,2010,1,0,0,0,rPaPaP,A,llama-8b,meta-llama/llama-3.1-8b-instruct,coreweave/bf16,0,1.0,CoreWeave,B,3.278e-05,0.13296424019782924,0.0005509372706929971,0
comprehension,ally_majority,neutral,2010,1,0,1,0,rPaPaP,A,llama-8b,meta-llama/llama-3.1-8b-instruct,coreweave/bf16,0,1.0,CoreWeave,B,3.278e-05,0.29421497216298875,0.00024863968877442133,0
comprehension,ally_majority,neutral,2011,-1,0,0,0,aPrPaPrQ,A,llama-8b,meta-llama/llama-3.1-8b-instruct,coreweave/bf16,0,1.0,CoreWeave,B,3.41e-05,0.8175744806385543,9.449996418062212e-05,0
comprehension,ally_majority,neutral,2011,-1,0,1,0,aPaPrPrQ,A,llama-8b,meta-llama/llama-3.1-8b-instruct,coreweave/bf16,0,1.0,CoreWeave,A,3.41e-05,0.9525741256443601,5.6975918887390564e-05,0
comprehension,ally_majority,neutral,2011,1,0,0,0,aPaPrQrP,A,llama-8b,meta-llama/llama-3.1-8b-instruct,coreweave/bf16,0,1.0,CoreWeave,B,3.41e-05,0.4378234991142019,0.00015793684185083645,0
comprehension,ally_majority,neutral,2011,1,0,1,0,aPrPrQaP,A,llama-8b,meta-llama/llama-3.1-8b-instruct,coreweave/bf16,0,1.0,CoreWeave,A,3.41e-05,0.6791786861878392,0.000537146583159398,0
comprehension,ally_majority,neutral,2012,-1,0,0,0,aPrPrQrQaP,A,llama-8b,meta-llama/llama-3.1-8b-instruct,coreweave/bf16,0,1.0,CoreWeave,A,3.542e-05,0.8933094032139577,0.00023056626785798728,0
comprehension,ally_majority,neutral,2012,-1,0,1,0,rPrQaPaPrQ,A,llama-8b,meta-llama/llama-3.1-8b-instruct,coreweave/bf16,0,1.0,CoreWeave,A,3.542e-05,0.9324533112067128,0.00016429800321722532,0
comprehension,ally_majority,neutral,2012,1,0,0,0,rPrQaPrQaP,A,llama-8b,meta-llama/llama-3.1-8b-instruct,coreweave/bf16,0,1.0,CoreWeave,B,3.542e-05,0.4073334000459302,0.0005203325111441393,0
comprehension,ally_majority,neutral,2012,1,0,1,0,aPrQrPaPrQ,A,llama-8b,meta-llama/llama-3.1-8b-instruct,coreweave/bf16,0,1.0,CoreWeave,A,3.542e-05,0.7772998560157665,0.00018081068750430696,0
comprehension,ally_majority,neutral,2013,-1,0,0,0,rPrQrQaPaPrQ,A,llama-8b,meta-llama/llama-3.1-8b-instruct,coreweave/bf16,0,1.0,CoreWeave,A,3.674e-05,0.8933094124452287,0.0001665962706882962,0
comprehension,ally_majority,neutral,2013,-1,0,1,0,aPrPrQrQaPrQ,A,llama-8b,meta-llama/llama-3.1-8b-instruct,coreweave/bf16,0,1.0,CoreWeave,A,3.674e-05,0.95257412564436,0.00035732109734990664,0
comprehension,ally_majority,neutral,2013,1,0,0,0,rPaPrQaPrQrQ,A,llama-8b,meta-llama/llama-3.1-8b-instruct,coreweave/bf16,0,1.0,CoreWeave,A,3.674e-05,0.43782349911420193,0.0011363095164798054,0
comprehension,ally_majority,neutral,2013,1,0,1,0,rQrQaPaPrQrP,A,llama-8b,meta-llama/llama-3.1-8b-instruct,coreweave/bf16,0,1.0,CoreWeave,A,3.674e-05,0.7549149868676283,0.00016779896690743978,0
comprehension,ally_majority,neutral,2020,-1,0,0,0,rPaPaPrP,A,llama-8b,meta-llama/llama-3.1-8b-instruct,coreweave/bf16,0,1.0,CoreWeave,B,3.41e-05,0.7310585727705127,0.0002845936989359088,0
comprehension,ally_majority,neutral,2020,-1,0,1,0,aPrPrPaP,A,llama-8b,meta-llama/llama-3.1-8b-instruct,coreweave/bf16,0,1.0,CoreWeave,A,3.41e-05,0.9324533140223229,0.00020263467575687422,0
comprehension,ally_majority,neutral,2020,1,0,0,0,rPrPaPaP,A,llama-8b,meta-llama/llama-3.1-8b-instruct,coreweave/bf16,0,1.0,CoreWeave,A,3.41e-05,0.10669058968506458,0.00032870071627744135,0
comprehension,ally_majority,neutral,2020,1,0,1,0,aPrPrPaP,A,llama-8b,meta-llama/llama-3.1-8b-instruct,coreweave/bf16,0,1.0,CoreWeave,B,3.41e-05,0.24508500761839525,0.0004493810977722612,0
comprehension,ally_majority,neutral,2021,-1,0,0,0,rPaPrPaPrQ,A,llama-8b,meta-llama/llama-3.1-8b-instruct,coreweave/bf16,0,1.0,CoreWeave,A,3.542e-05,0.8670357598021707,0.0002511269822260964,0
comprehension,ally_majority,neutral,2021,-1,0,1,0,rPaPrQaPrP,A,llama-8b,meta-llama/llama-3.1-8b-instruct,coreweave/bf16,0,1.0,CoreWeave,A,3.542e-05,0.9241418137109955,0.00038874183816443864,0
comprehension,ally_majority,neutral,2021,1,0,0,0,rPrQaPrPaP,A,llama-8b,meta-llama/llama-3.1-8b-instruct,coreweave/bf16,0,1.0,CoreWeave,B,3.542e-05,0.3486451217982255,0.00033012363005890943,0
comprehension,ally_majority,neutral,2021,1,0,1,0,rPaPrPrQaP,A,llama-8b,meta-llama/llama-3.1-8b-instruct,coreweave/bf16,0,1.0,CoreWeave,A,3.542e-05,0.6791786926816161,0.0005259266358239589,0
comprehension,ally_majority,neutral,2022,-1,0,0,0,rQrQrPaPrPaP,A,llama-8b,meta-llama/llama-3.1-8b-instruct,coreweave/bf16,0,1.0,CoreWeave,A,3.674e-05,0.8519528076067261,0.0005862293673782326,0
comprehension,ally_majority,neutral,2022,-1,0,1,0,aPrQrPaPrQrP,A,llama-8b,meta-llama/llama-3.1-8b-instruct,coreweave/bf16,0,1.0,CoreWeave,A,3.674e-05,0.9706877697256246,0.0003286377997539641,0
comprehension,ally_majority,neutral,2022,1,0,0,0,rQrPaPrQaPrP,A,llama-8b,meta-llama/llama-3.1-8b-instruct,coreweave/bf16,0,1.0,CoreWeave,A,3.674e-05,0.5621765008857982,0.0006867046479347994,0
comprehension,ally_majority,neutral,2022,1,0,1,0,aPrPrPaPrQrQ,A,llama-8b,meta-llama/llama-3.1-8b-instruct,coreweave/bf16,0,1.0,CoreWeave,A,3.674e-05,0.679178686187839,0.0004747125186824186,0
comprehension,ally_majority,neutral,2030,-1,0,0,0,rPaPaPrPrP,A,llama-8b,meta-llama/llama-3.1-8b-instruct,coreweave/bf16,0,1.0,CoreWeave,B,3.542e-05,0.7310585786300048,0.0003694211775114309,0
comprehension,ally_majority,neutral,2030,-1,0,1,0,rPrPaPaPrP,A,llama-8b,meta-llama/llama-3.1-8b-instruct,coreweave/bf16,0,1.0,CoreWeave,A,3.542e-05,0.977022628291917,0.00013774495722977328,0
comprehension,ally_majority,neutral,2030,1,0,0,0,rPaPaPrPrP,A,llama-8b,meta-llama/llama-3.1-8b-instruct,coreweave/bf16,0,1.0,CoreWeave,A,3.542e-05,0.13296424878721277,0.0008202301132024248,0
comprehension,ally_majority,neutral,2030,1,0,1,0,aPrPrPrPaP,A,llama-8b,meta-llama/llama-3.1-8b-instruct,coreweave/bf16,0,1.0,CoreWeave,A,3.542e-05,0.34864512856608554,0.000819811495581857,0
comprehension,ally_majority,neutral,2031,-1,0,0,0,aPaPrPrPrPrQ,A,llama-8b,meta-llama/llama-3.1-8b-instruct,coreweave/bf16,0,1.0,CoreWeave,A,3.674e-05,0.867035758084294,8.570527292309227e-05,0
comprehension,ally_majority,neutral,2031,-1,0,1,0,rQaPrPrPaPrP,A,llama-8b,meta-llama/llama-3.1-8b-instruct,coreweave/bf16,0,1.0,CoreWeave,A,3.674e-05,0.9875683507018306,0.0002804683944144133,0
comprehension,ally_majority,neutral,2031,1,0,0,0,rPrPaPrQaPrP,A,llama-8b,meta-llama/llama-3.1-8b-instruct,coreweave/bf16,0,1.0,CoreWeave,A,3.674e-05,0.4378234991142019,0.0008267291284417277,0
comprehension,ally_majority,neutral,2031,1,0,1,0,rPaPrPrPaPrQ,A,llama-8b,meta-llama/llama-3.1-8b-instruct,coreweave/bf16,0,1.0,CoreWeave,B,3.674e-05,0.7772998663336157,0.00039289603657516325,0
comprehension,ally_majority,neutral,2040,-1,0,0,0,rPaPrPaPrPrP,A,llama-8b,meta-llama/llama-3.1-8b-instruct,coreweave/bf16,0,1.0,CoreWeave,B,3.674e-05,0.679178686187839,0.0014800936321460179,0
comprehension,ally_majority,neutral,2040,-1,0,1,0,aPaPrPrPrPrP,A,llama-8b,meta-llama/llama-3.1-8b-instruct,coreweave/bf16,0,1.0,CoreWeave,A,3.674e-05,0.9241418163225626,0.00017800512217751308,0
comprehension,ally_majority,neutral,2040,1,0,0,0,rPaPrPrPrPaP,A,llama-8b,meta-llama/llama-3.1-8b-instruct,coreweave/bf16,0,1.0,CoreWeave,B,3.674e-05,0.10669059110526008,0.002129181009615899,0
comprehension,ally_majority,neutral,2040,1,0,1,0,aPrPrPaPrPrP,A,llama-8b,meta-llama/llama-3.1-8b-instruct,coreweave/bf16,0,1.0,CoreWeave,A,3.674e-05,0.37754067580180184,0.004605167921441389,0
comprehension,ally_majority,neutral,2100,-1,0,0,0,aQaPaP,A,llama-8b,meta-llama/llama-3.1-8b-instruct,coreweave/bf16,0,1.0,CoreWeave,A,3.278e-05,0.651354857898194,0.0001512917791519075,0
comprehension,ally_majority,neutral,2100,-1,0,1,0,aQaPaP,A,llama-8b,meta-llama/llama-3.1-8b-instruct,coreweave/bf16,0,1.0,CoreWeave,A,3.278e-05,0.7981867849406659,0.00020195925888680244,0
comprehension,ally_majority,neutral,2100,1,0,0,0,aPaQaP,A,llama-8b,meta-llama/llama-3.1-8b-instruct,coreweave/bf16,0,1.0,CoreWeave,A,3.278e-05,0.6513548646660542,0.00016247628553611726,0
comprehension,ally_majority,neutral,2100,1,0,1,0,aPaQaP,A,llama-8b,meta-llama/llama-3.1-8b-instruct,coreweave/bf16,0,1.0,CoreWeave,B,3.278e-05,0.8807970670261976,0.0001451198457060321,0
comprehension,ally_majority,neutral,2101,-1,0,0,0,aPrQaPaQ,A,llama-8b,meta-llama/llama-3.1-8b-instruct,coreweave/bf16,0,1.0,CoreWeave,A,3.41e-05,0.6224593312018546,9.637819868435482e-05,0
comprehension,ally_majority,neutral,2101,-1,0,1,0,aPrQaPaQ,A,llama-8b,meta-llama/llama-3.1-8b-instruct,coreweave/bf16,0,1.0,CoreWeave,A,3.41e-05,0.8354835391516133,6.146351880961798e-05,0
comprehension,ally_majority,neutral,2101,1,0,0,0,aQrQaPaP,A,llama-8b,meta-llama/llama-3.1-8b-instruct,coreweave/bf16,0,1.0,CoreWeave,A,3.41e-05,0.2942149783515162,0.00015343164458936354,0
comprehension,ally_majority,neutral,2101,1,0,1,0,aPaQaPrQ,A,llama-8b,meta-llama/llama-3.1-8b-instruct,coreweave/bf16,0,1.0,CoreWeave,A,3.41e-05,0.7772998663336157,0.00011532815427897636,0
comprehension,ally_majority,neutral,2102,-1,0,0,0,aPrQaQaPrQ,A,llama-8b,meta-llama/llama-3.1-8b-instruct,coreweave/bf16,0,1.0,CoreWeave,A,3.542e-05,0.5621765008857982,0.00012319221849849127,0
comprehension,ally_majority,neutral,2102,-1,0,1,0,aPaQrQrQaP,A,llama-8b,meta-llama/llama-3.1-8b-instruct,coreweave/bf16,0,1.0,CoreWeave,A,3.542e-05,0.9149009462917594,9.90039117945013e-05,0
comprehension,ally_majority,neutral,2102,1,0,0,0,rQrQaQaPaP,A,llama-8b,meta-llama/llama-3.1-8b-instruct,coreweave/bf16,0,1.0,CoreWeave,B,3.542e-05,0.14804719991116141,6.51477019337765e-05,0
comprehension,ally_majority,neutral,2102,1,0,1,0,rQaPaPaQrQ,A,llama-8b,meta-llama/llama-3.1-8b-instruct,coreweave/bf16,0,1.0,CoreWeave,B,3.542e-05,0.43782349911420193,5.2090109329272494e-05,0
comprehension,ally_majority,neutral,2103,-1,0,0,0,aPaQrQrQrQaP,A,llama-8b,meta-llama/llama-3.1-8b-instruct,coreweave/bf16,0,1.0,CoreWeave,A,3.674e-05,0.7057850340255386,0.0003101134689963425,0
comprehension,ally_majority,neutral,2103,-1,0,1,0,aPaPrQaQrQrQ,A,llama-8b,meta-llama/llama-3.1-8b-instruct,coreweave/bf16,0,1.0,CoreWeave,A,3.674e-05,0.6224593312018546,0.00011884673160922343,0
comprehension,ally_majority,neutral,2103,1,0,0,0,aPrQaQrQrQaP,A,llama-8b,meta-llama/llama-3.1-8b-instruct,coreweave/bf16,0,1.0,CoreWeave,B,3.674e-05,0.46879062662624377,0.0011821157708480357,0
comprehension,ally_majority,neutral,2103,1,0,1,0,rQrQaPaPrQaQ,A,llama-8b,meta-llama/llama-3.1-8b-instruct,coreweave/bf16,0,1.0,CoreWeave,A,3.674e-05,0.22270013366638422,0.00013737908627786677,0
comprehension,ally_majority,neutral,2110,-1,0,0,0,aPaPrPaQ,A,llama-8b,meta-llama/llama-3.1-8b-instruct,coreweave/bf16,0,1.0,CoreWeave,A,3.41e-05,0.5926665999540698,8.517158298287919e-05,0
comprehension,ally_majority,neutral,2110,-1,0,1,0,aPaQrPaP,A,llama-8b,meta-llama/llama-3.1-8b-instruct,coreweave/bf16,0,1.0,CoreWeave,A,3.41e-05,0.8807970858005139,0.00012446113408674797,0
comprehension,ally_majority,neutral,2110,1,0,0,0,aPaQrPaP,A,llama-8b,meta-llama/llama-3.1-8b-instruct,coreweave/bf16,0,1.0,CoreWeave,B,3.41e-05,0.22270014398423355,0.00026471533228300537,0
comprehension,ally_majority,neutral,2110,1,0,1,0,aPrPaQaP,A,llama-8b,meta-llama/llama-3.1-8b-instruct,coreweave/bf16,0,1.0,CoreWeave,B,3.41e-05,0.8175744739711884,0.0002644984390287042,0
comprehension,ally_majority,neutral,2111,-1,0,0,0,aPrPaPrQaQ,A,llama-8b,meta-llama/llama-3.1-8b-instruct,coreweave/bf16,0,1.0,CoreWeave,A,3.542e-05,0.6224593312018546,0.00014572487033487347,0
comprehension,ally_majority,neutral,2111,-1,0,1,0,aPaQrPrQaP,A,llama-8b,meta-llama/llama-3.1-8b-instruct,coreweave/bf16,0,1.0,CoreWeave,A,3.542e-05,0.904650527388829,0.00018751492601455644,0
comprehension,ally_majority,neutral,2111,1,0,0,0,aPrPaQrQaP,A,llama-8b,meta-llama/llama-3.1-8b-instruct,coreweave/bf16,0,1.0,CoreWeave,A,3.542e-05,0.5,0.001494067187513437,0
comprehension,ally_majority,neutral,2111,1,0,1,0,aPaPrPrQaQ,A,llama-8b,meta-llama/llama-3.1-8b-instruct,coreweave/bf16,0,1.0,CoreWeave,A,3.542e-05,0.46879062662624377,0.00013865124066592127,0
comprehension,ally_majority,neutral,2112,-1,0,0,0,aPaPrQrPrQaQ,A,llama-8b,meta-llama/llama-3.1-8b-instruct,coreweave/bf16,0,1.0,CoreWeave,B,3.674e-05,0.5312093733737562,0.00034066256075476753,0
comprehension,ally_majority,neutral,2112,-1,0,1,0,rQaPaQrQaPrP,A,llama-8b,meta-llama/llama-3.1-8b-instruct,coreweave/bf16,0,1.0,CoreWeave,A,3.674e-05,0.7057850216484838,0.00019026098498214905,0
comprehension,ally_majority,neutral,2112,1,0,0,0,aPrQaPaQrQrP,A,llama-8b,meta-llama/llama-3.1-8b-instruct,coreweave/bf16,0,1.0,CoreWeave,A,3.674e-05,0.32082129433083023,0.0003028188526152942,0
comprehension,ally_majority,neutral,2112,1,0,1,0,rQaPrPrQaPaQ,A,llama-8b,meta-llama/llama-3.1-8b-instruct,coreweave/bf16,0,1.0,CoreWeave,B,3.674e-05,0.5,0.00016890720151985228,0
comprehension,ally_majority,neutral,2120,-1,0,0,0,rPrPaPaPaQ,A,llama-8b,meta-llama/llama-3.1-8b-instruct,coreweave/bf16,0,1.0,CoreWeave,A,3.542e-05,0.7310585669110202,7.758644471733689e-05,0
comprehension,ally_majority,neutral,2120,-1,0,1,0,rPaQaPaPrP,A,llama-8b,meta-llama/llama-3.1-8b-instruct,coreweave/bf16,0,1.0,CoreWeave,A,3.542e-05,0.7310585669110203,0.00011191546708866351,0
comprehension,ally_majority,neutral,2120,1,0,0,0,aQrPrPaPaP,A,llama-8b,meta-llama/llama-3.1-8b-instruct,coreweave/bf16,0,1.0,CoreWeave,B,3.542e-05,0.2689414272294874,0.00012595870555165423,0
comprehension,ally_majority,neutral,2120,1,0,1,0,aPrPaPaQrP,A,llama-8b,meta-llama/llama-3.1-8b-instruct,coreweave/bf16,0,1.0,CoreWeave,A,3.542e-05,0.5621765008857981,0.0002264690087005472,0
comprehension,ally_majority,neutral,2121,-1,0,0,0,aPrPrPaQaPrQ,A,llama-8b,meta-llama/llama-3.1-8b-instruct,coreweave/bf16,0,1.0,CoreWeave,B,3.674e-05,0.6224593312018546,0.000303105410357829,0
comprehension,ally_majority,neutral,2121,-1,0,1,0,aPaQrQaPrPrP,A,llama-8b,meta-llama/llama-3.1-8b-instruct,coreweave/bf16,0,1.0,CoreWeave,A,3.674e-05,0.8807970811069351,0.0001821889524336734,0
comprehension,ally_majority,neutral,2121,1,0,0,0,aPrQaQaPrPrP,A,llama-8b,meta-llama/llama-3.1-8b-instruct,coreweave/bf16,0,1.0,CoreWeave,B,3.674e-05,0.2942149845400438,0.000768050863787284,0
comprehension,ally_majority,neutral,2121,1,0,1,0,aPrPrQaQaPrP,A,llama-8b,meta-llama/llama-3.1-8b-instruct,coreweave/bf16,0,1.0,CoreWeave,B,3.674e-05,0.37754066879814546,0.0022254246078725615,0
comprehension,ally_majority,neutral,2130,-1,0,0,0,aQaPrPaPrPrP,A,llama-8b,meta-llama/llama-3.1-8b-instruct,coreweave/bf16,0,1.0,CoreWeave,B,3.674e-05,0.6513548782017745,0.0006251448492713418,0
comprehension,ally_majority,neutral,2130,-1,0,1,0,aPrPaPrPaQrP,A,llama-8b,meta-llama/llama-3.1-8b-instruct,coreweave/bf16,0,1.0,CoreWeave,A,3.674e-05,0.8519528000888386,0.00022546089845404405,0
comprehension,ally_majority,neutral,2130,1,0,0,0,aPrPaPaQrPrP,A,llama-8b,meta-llama/llama-3.1-8b-instruct,coreweave/bf16,0,1.0,CoreWeave,B,3.674e-05,0.26894141551050293,0.0009806493565996943,0
comprehension,ally_majority,neutral,2130,1,0,1,0,aQrPaPrPaPrP,A,llama-8b,meta-llama/llama-3.1-8b-instruct,coreweave/bf16,0,1.0,CoreWeave,A,3.674e-05,0.4378234991142019,0.00021556376947617917,0
comprehension,ally_majority,neutral,2300,-1,0,0,0,aQaPaQaPaQ,B,llama-8b,meta-llama/llama-3.1-8b-instruct,coreweave/bf16,0,1.0,CoreWeave,B,3.542e-05,0.1329642281726931,0.00030299741826056437,0
comprehension,ally_majority,neutral,2300,-1,0,1,0,aPaQaPaQaQ,B,llama-8b,meta-llama/llama-3.1-8b-instruct,coreweave/bf16,0,1.0,CoreWeave,A,3.542e-05,0.5,0.0001740323220165707,0
comprehension,ally_majority,neutral,2300,1,0,0,0,aQaQaQaPaP,B,llama-8b,meta-llama/llama-3.1-8b-instruct,coreweave/bf16,0,1.0,CoreWeave,B,3.542e-05,0.020332351153644807,3.947449908858758e-05,0
comprehension,ally_majority,neutral,2300,1,0,1,0,aQaQaPaPaQ,B,llama-8b,meta-llama/llama-3.1-8b-instruct,coreweave/bf16,0,1.0,CoreWeave,B,3.542e-05,0.025957358422249308,3.0322563895679444e-05,0
comprehension,ally_majority,neutral,2301,-1,0,0,0,aQaQaQrQaPaP,B,llama-8b,meta-llama/llama-3.1-8b-instruct,coreweave/bf16,0,1.0,CoreWeave,B,3.674e-05,0.2689414272294874,0.00023763750305927367,0
comprehension,ally_majority,neutral,2301,-1,0,1,0,aQaPaQaPaQrQ,B,llama-8b,meta-llama/llama-3.1-8b-instruct,coreweave/bf16,0,1.0,CoreWeave,B,3.674e-05,0.46879062662624377,0.0004479086189931314,0
comprehension,ally_majority,neutral,2301,1,0,0,0,aQaQaPaPrQaQ,B,llama-8b,meta-llama/llama-3.1-8b-instruct,coreweave/bf16,0,1.0,CoreWeave,B,3.674e-05,0.09534946811246837,0.00010451020083568352,0
comprehension,ally_majority,neutral,2301,1,0,1,0,aQaPaQaPrQaQ,B,llama-8b,meta-llama/llama-3.1-8b-instruct,coreweave/bf16,0,1.0,CoreWeave,B,3.674e-05,0.20181322466072713,0.00020689340652191301,0
comprehension,ally_majority,neutral,2310,-1,0,0,0,rPaQaQaPaQaP,B,llama-8b,meta-llama/llama-3.1-8b-instruct,coreweave/bf16,0,1.0,CoreWeave,B,3.674e-05,0.1480472036701053,0.0002239369103771427,0
comprehension,ally_majority,neutral,2310,-1,0,1,0,aQaPrPaQaQaP,B,llama-8b,meta-llama/llama-3.1-8b-instruct,coreweave/bf16,0,1.0,CoreWeave,A,3.674e-05,0.348645142101806,0.00024914301035294795,0
comprehension,ally_majority,neutral,2310,1,0,0,0,aQaQaPaQrPaP,B,llama-8b,meta-llama/llama-3.1-8b-instruct,coreweave/bf16,0,1.0,CoreWeave,B,3.674e-05,0.020332352303804653,7.100057797726489e-05,0
comprehension,ally_majority,neutral,2310,1,0,1,0,aQrPaPaQaQaP,B,llama-8b,meta-llama/llama-3.1-8b-instruct,coreweave/bf16,0,1.0,CoreWeave,B,3.674e-05,0.18242551936144574,0.00016649297897752824,0
comprehension,ally_majority,neutral,2400,-1,0,0,0,aQaQaQaQaPaP,B,llama-8b,meta-llama/llama-3.1-8b-instruct,coreweave/bf16,0,1.0,CoreWeave,B,3.674e-05,0.1480471980316895,0.00019684401767872117,0
comprehension,ally_majority,neutral,2400,-1,0,1,0,aQaPaPaQaQaQ,B,llama-8b,meta-llama/llama-3.1-8b-instruct,coreweave/bf16,0,1.0,CoreWeave,B,3.674e-05,0.2018132126589859,0.00017751409964372744,0
comprehension,ally_majority,neutral,2400,1,0,0,0,aPaQaQaQaQaP,B,llama-8b,meta-llama/llama-3.1-8b-instruct,coreweave/bf16,0,1.0,CoreWeave,B,3.674e-05,0.18242552825126704,0.0002217248881734024,0
comprehension,ally_majority,neutral,2400,1,0,1,0,aPaQaQaQaQaP,B,llama-8b,meta-llama/llama-3.1-8b-instruct,coreweave/bf16,0,1.0,CoreWeave,B,3.674e-05,0.16451645470385745,0.00014522164361463474,0
comprehension,ally_majority,neutral,3000,-1,0,0,0,aPaPaP,A,llama-8b,meta-llama/llama-3.1-8b-instruct,coreweave/bf16,0,1.0,CoreWeave,A,3.278e-05,0.9465966698235384,5.7334689030880126e-05,0
comprehension,ally_majority,neutral,3000,-1,0,1,0,aPaPaP,A,llama-8b,meta-llama/llama-3.1-8b-instruct,coreweave/bf16,0,1.0,CoreWeave,A,3.278e-05,0.9940889322656331,7.743967742352212e-05,0
comprehension,ally_majority,neutral,3000,1,0,0,0,aPaPaP,A,llama-8b,meta-llama/llama-3.1-8b-instruct,coreweave/bf16,0,1.0,CoreWeave,A,3.278e-05,0.46879062662624377,0.00018030824285042435,0
comprehension,ally_majority,neutral,3000,1,0,1,0,aPaPaP,A,llama-8b,meta-llama/llama-3.1-8b-instruct,coreweave/bf16,0,1.0,CoreWeave,B,3.278e-05,0.8354835309589073,0.00018213841827777189,0
comprehension,ally_majority,neutral,3001,-1,0,0,0,aPaPrQaP,A,llama-8b,meta-llama/llama-3.1-8b-instruct,coreweave/bf16,0,1.0,CoreWeave,A,3.41e-05,0.952574129515172,8.740968160422802e-05,0
comprehension,ally_majority,neutral,3001,-1,0,1,0,aPaPrQaP,A,llama-8b,meta-llama/llama-3.1-8b-instruct,coreweave/bf16,0,1.0,CoreWeave,A,3.41e-05,0.9859363728147053,8.778146316648118e-05,0
comprehension,ally_majority,neutral,3001,1,0,0,0,aPrQaPaP,A,llama-8b,meta-llama/llama-3.1-8b-instruct,coreweave/bf16,0,1.0,CoreWeave,A,3.41e-05,0.6224593312018545,0.0001020996767329696,0
comprehension,ally_majority,neutral,3001,1,0,1,0,rQaPaPaP,A,llama-8b,meta-llama/llama-3.1-8b-instruct,coreweave/bf16,0,1.0,CoreWeave,A,3.41e-05,0.7310585669110202,8.926798045388873e-05,0
comprehension,ally_majority,neutral,3002,-1,0,0,0,rQaPaPrQaP,A,llama-8b,meta-llama/llama-3.1-8b-instruct,coreweave/bf16,0,1.0,CoreWeave,A,3.542e-05,0.8519528057272543,0.00014973912243868015,0
comprehension,ally_majority,neutral,3002,-1,0,1,0,aPaPrQrQaP,A,llama-8b,meta-llama/llama-3.1-8b-instruct,coreweave/bf16,0,1.0,CoreWeave,A,3.542e-05,0.970687768612669,0.00011581528372852506,0
comprehension,ally_majority,neutral,3002,1,0,0,0,rQaPrQaPaP,A,llama-8b,meta-llama/llama-3.1-8b-instruct,coreweave/bf16,0,1.0,CoreWeave,A,3.542e-05,0.6513548646660542,0.00012838738706016928,0
comprehension,ally_majority,neutral,3002,1,0,1,0,aPrQaPaPrQ,A,llama-8b,meta-llama/llama-3.1-8b-instruct,coreweave/bf16,0,1.0,CoreWeave,A,3.542e-05,0.9149009503523291,9.82410155005442e-05,0
comprehension,ally_majority,neutral,3003,-1,0,0,0,aPrQrQaPaPrQ,A,llama-8b,meta-llama/llama-3.1-8b-instruct,coreweave/bf16,0,1.0,CoreWeave,A,3.674e-05,0.9465966749081429,0.0001919291977740059,0
comprehension,ally_majority,neutral,3003,-1,0,1,0,aPrQrQaPaPrQ,A,llama-8b,meta-llama/llama-3.1-8b-instruct,coreweave/bf16,0,1.0,CoreWeave,A,3.674e-05,0.9840936067428807,0.00015445066185647977,0
comprehension,ally_majority,neutral,3003,1,0,0,0,aPrQaPrQaPrQ,A,llama-8b,meta-llama/llama-3.1-8b-instruct,coreweave/bf16,0,1.0,CoreWeave,B,3.674e-05,0.5621765008857982,0.000494533631437144,0
comprehension,ally_majority,neutral,3003,1,0,1,0,aPrQaPrQrQaP,A,llama-8b,meta-llama/llama-3.1-8b-instruct,coreweave/bf16,0,1.0,CoreWeave,A,3.674e-05,0.9046505344582187,0.00038670151106617867,0
comprehension,ally_majority,neutral,3010,-1,0,0,0,aPaPrPaP,A,llama-8b,meta-llama/llama-3.1-8b-instruct,coreweave/bf16,0,1.0,CoreWeave,A,3.41e-05,0.8175744739711883,0.00011885260954797028,0
comprehension,ally_majority,neutral,3010,-1,0,1,0,rPaPaPaP,A,llama-8b,meta-llama/llama-3.1-8b-instruct,coreweave/bf16,0,1.0,CoreWeave,A,3.41e-05,0.962673113726775,0.00013131286282658944,0
comprehension,ally_majority,neutral,3010,1,0,0,0,aPaPrPaP,A,llama-8b,meta-llama/llama-3.1-8b-instruct,coreweave/bf16,0,1.0,CoreWeave,B,3.41e-05,0.24508500761839525,0.000299471962780129,0
comprehension,ally_majority,neutral,3010,1,0,1,0,aPaPaPrP,A,llama-8b,meta-llama/llama-3.1-8b-instruct,coreweave/bf16,0,1.0,CoreWeave,B,3.41e-05,0.5,0.00012051523384576379,0
comprehension,ally_majority,neutral,3011,-1,0,0,0,aPrPaPaPrQ,A,llama-8b,meta-llama/llama-3.1-8b-instruct,coreweave/bf16,0,1.0,CoreWeave,A,3.542e-05,0.9525741264858409,8.604316372592263e-05,0
comprehension,ally_majority,neutral,3011,-1,0,1,0,aPaPaPrPrQ,A,llama-8b,meta-llama/llama-3.1-8b-instruct,coreweave/bf16,0,1.0,CoreWeave,A,3.542e-05,0.9840936094836096,4.7954450842019325e-05,0
comprehension,ally_majority,neutral,3011,1,0,0,0,aPrPaPrQaP,A,llama-8b,meta-llama/llama-3.1-8b-instruct,coreweave/bf16,0,1.0,CoreWeave,A,3.542e-05,0.6513548511303336,0.0003390197876374512,0
comprehension,ally_majority,neutral,3011,1,0,1,0,aPaPrQaPrP,A,llama-8b,meta-llama/llama-3.1-8b-instruct,coreweave/bf16,0,1.0,CoreWeave,A,3.542e-05,0.9149009567332237,0.0001439368667714852,0
comprehension,ally_majority,neutral,3012,-1,0,0,0,rPaPrQaPaPrQ,A,llama-8b,meta-llama/llama-3.1-8b-instruct,coreweave/bf16,0,1.0,CoreWeave,A,3.674e-05,0.851952809486198,0.0002574569943005478,0
comprehension,ally_majority,neutral,3012,-1,0,1,0,aPaPrQaPrPrQ,A,llama-8b,meta-llama/llama-3.1-8b-instruct,coreweave/bf16,0,1.0,CoreWeave,A,3.674e-05,0.9890130593124399,0.00010338673905108987,0
comprehension,ally_majority,neutral,3012,1,0,0,0,rQaPaPrQrPaP,A,llama-8b,meta-llama/llama-3.1-8b-instruct,coreweave/bf16,0,1.0,CoreWeave,A,3.674e-05,0.6791787121629466,0.0003583317831558075,0
comprehension,ally_majority,neutral,3012,1,0,1,0,aPaPrQrQrPaP,A,llama-8b,meta-llama/llama-3.1-8b-instruct,coreweave/bf16,0,1.0,CoreWeave,A,3.674e-05,0.8807970826714614,0.00042028424230397543,0
comprehension,ally_majority,neutral,3020,-1,0,0,0,aPaPrPrPaP,A,llama-8b,meta-llama/llama-3.1-8b-instruct,coreweave/bf16,0,1.0,CoreWeave,A,3.542e-05,0.8670357666736772,0.00014213944711014004,0
comprehension,ally_majority,neutral,3020,-1,0,1,0,aPaPaPrPrP,A,llama-8b,meta-llama/llama-3.1-8b-instruct,coreweave/bf16,0,1.0,CoreWeave,A,3.542e-05,0.9820137908932915,0.00011240452862541425,0
comprehension,ally_majority,neutral,3020,1,0,0,0,rPaPaPrPaP,A,llama-8b,meta-llama/llama-3.1-8b-instruct,coreweave/bf16,0,1.0,CoreWeave,A,3.542e-05,0.13296422989056964,0.0008722575985482539,0
comprehension,ally_majority,neutral,3020,1,0,1,0,rPaPrPaPaP,A,llama-8b,meta-llama/llama-3.1-8b-instruct,coreweave/bf16,0,1.0,CoreWeave,B,3.542e-05,0.3486451285660856,0.0003453966706415956,0
comprehension,ally_majority,neutral,3021,-1,0,0,0,rQaPrPrPaPaP,A,llama-8b,meta-llama/llama-3.1-8b-instruct,coreweave/bf16,0,1.0,CoreWeave,A,3.674e-05,0.9324533079218341,0.00018651566448917023,0
comprehension,ally_majority,neutral,3021,-1,0,1,0,aPaPrQaPrPrP,A,llama-8b,meta-llama/llama-3.1-8b-instruct,coreweave/bf16,0,1.0,CoreWeave,A,3.674e-05,0.9890130582700836,9.489938403866617e-05,0
comprehension,ally_majority,neutral,3021,1,0,0,0,aPaPrPrPrQaP,A,llama-8b,meta-llama/llama-3.1-8b-instruct,coreweave/bf16,0,1.0,CoreWeave,B,3.674e-05,0.5312093733737563,0.0007361647337737476,0
comprehension,ally_majority,neutral,3021,1,0,1,0,aPrPaPaPrPrQ,A,llama-8b,meta-llama/llama-3.1-8b-instruct,coreweave/bf16,0,1.0,CoreWeave,A,3.674e-05,0.867035771827307,0.0003821252710486944,0
comprehension,ally_majority,neutral,3030,-1,0,0,0,aPrPrPaPaPrP,A,llama-8b,meta-llama/llama-3.1-8b-instruct,coreweave/bf16,0,1.0,CoreWeave,B,3.674e-05,0.7981867753392728,0.0004754994648425992,0
comprehension,ally_majority,neutral,3030,-1,0,1,0,rPaPaPaPrPrP,A,llama-8b,meta-llama/llama-3.1-8b-instruct,coreweave/bf16,0,1.0,CoreWeave,A,3.674e-05,0.9820137928343534,0.00020860227251435007,0
comprehension,ally_majority,neutral,3030,1,0,0,0,aPaPaPrPrPrP,A,llama-8b,meta-llama/llama-3.1-8b-instruct,coreweave/bf16,0,1.0,CoreWeave,B,3.674e-05,0.26894141551050293,0.0004991619366092603,0
comprehension,ally_majority,neutral,3030,1,0,1,0,rPaPrPaPaPrP,A,llama-8b,meta-llama/llama-3.1-8b-instruct,coreweave/bf16,0,1.0,CoreWeave,B,3.674e-05,0.4073334000459302,0.0005452339785020355,0
comprehension,ally_majority,neutral,3100,-1,0,0,0,aPaQaPaP,A,llama-8b,meta-llama/llama-3.1-8b-instruct,coreweave/bf16,0,1.0,CoreWeave,A,3.41e-05,0.8933094017937621,5.202929437596315e-05,0
comprehension,ally_majority,neutral,3100,-1,0,1,0,aQaPaPaP,A,llama-8b,meta-llama/llama-3.1-8b-instruct,coreweave/bf16,0,1.0,CoreWeave,A,3.41e-05,0.9525741263175447,9.081466194742899e-05,0
comprehension,ally_majority,neutral,3100,1,0,0,0,aPaPaPaQ,A,llama-8b,meta-llama/llama-3.1-8b-instruct,coreweave/bf16,0,1.0,CoreWeave,A,3.41e-05,0.7772998508568417,6.128140586664221e-05,0
comprehension,ally_majority,neutral,3100,1,0,1,0,aPaPaPaQ,A,llama-8b,meta-llama/llama-3.1-8b-instruct,coreweave/bf16,0,1.0,CoreWeave,A,3.41e-05,0.880797071719777,6.712587350386767e-05,0
comprehension,ally_majority,neutral,3101,-1,0,0,0,rQaPaPaPaQ,A,llama-8b,meta-llama/llama-3.1-8b-instruct,coreweave/bf16,0,1.0,CoreWeave,A,3.542e-05,0.679178699175393,6.267626992062514e-05,0
comprehension,ally_majority,neutral,3101,-1,0,1,0,aQaPrQaPaP,A,llama-8b,meta-llama/llama-3.1-8b-instruct,coreweave/bf16,0,1.0,CoreWeave,A,3.542e-05,0.9840936051684193,0.00015550315596303543,0
comprehension,ally_majority,neutral,3101,1,0,0,0,aPrQaPaQaP,A,llama-8b,meta-llama/llama-3.1-8b-instruct,coreweave/bf16,0,1.0,CoreWeave,A,3.542e-05,0.6513548714339144,0.00015625898158672102,0
comprehension,ally_majority,neutral,3101,1,0,1,0,aPrQaPaQaP,A,llama-8b,meta-llama/llama-3.1-8b-instruct,coreweave/bf16,0,1.0,CoreWeave,A,3.542e-05,0.8175744695262777,8.025700811661873e-05,0
comprehension,ally_majority,neutral,3102,-1,0,0,0,aPrQaPaPrQaQ,A,llama-8b,meta-llama/llama-3.1-8b-instruct,coreweave/bf16,0,1.0,CoreWeave,B,3.674e-05,0.6791786861878392,0.00019847839771930387,0
comprehension,ally_majority,neutral,3102,-1,0,1,0,aQrQrQaPaPaP,A,llama-8b,meta-llama/llama-3.1-8b-instruct,coreweave/bf16,0,1.0,CoreWeave,A,3.674e-05,0.8670357494949105,0.0003172276579978539,0
comprehension,ally_majority,neutral,3102,1,0,0,0,aPaPaPaQrQrQ,A,llama-8b,meta-llama/llama-3.1-8b-instruct,coreweave/bf16,0,1.0,CoreWeave,A,3.674e-05,0.6791786861878392,7.308725355231749e-05,0
comprehension,ally_majority,neutral,3102,1,0,1,0,aPaQrQrQaPaP,A,llama-8b,meta-llama/llama-3.1-8b-instruct,coreweave/bf16,0,1.0,CoreWeave,A,3.674e-05,0.7981867825403177,0.0004568758201060896,0
comprehension,ally_majority,neutral,3110,-1,0,0,0,aPaPaPaQrP,A,llama-8b,meta-llama/llama-3.1-8b-instruct,coreweave/bf16,0,1.0,CoreWeave,A,3.542e-05,0.9241418231126367,3.273400641706781e-05,0
comprehension,ally_majority,neutral,3110,-1,0,1,0,aPaQaPaPrP,A,llama-8b,meta-llama/llama-3.1-8b-instruct,coreweave/bf16,0,1.0,CoreWeave,A,3.542e-05,0.9399133519298963,6.960309785635638e-05,0
comprehension,ally_majority,neutral,3110,1,0,0,0,aQaPrPaPaP,A,llama-8b,meta-llama/llama-3.1-8b-instruct,coreweave/bf16,0,1.0,CoreWeave,B,3.542e-05,0.26894141551050293,0.00011256528815162259,0
comprehension,ally_majority,neutral,3110,1,0,1,0,rPaPaPaPaQ,A,llama-8b,meta-llama/llama-3.1-8b-instruct,coreweave/bf16,0,1.0,CoreWeave,A,3.542e-05,0.7310585727705127,8.960379104311356e-05,0
comprehension,ally_majority,neutral,3111,-1,0,0,0,aPaQrPrQaPaP,A,llama-8b,meta-llama/llama-3.1-8b-instruct,coreweave/bf16,0,1.0,CoreWeave,A,3.674e-05,0.7772998714925403,0.00044732863912613774,0
comprehension,ally_majority,neutral,3111,-1,0,1,0,aPaPaQaPrQrP,A,llama-8b,meta-llama/llama-3.1-8b-instruct,coreweave/bf16,0,1.0,CoreWeave,A,3.674e-05,0.9740426415777507,6.608362688007019e-05,0
comprehension,ally_majority,neutral,3111,1,0,0,0,aQaPaPrQaPrP,A,llama-8b,meta-llama/llama-3.1-8b-instruct,coreweave/bf16,0,1.0,CoreWeave,B,3.674e-05,0.6513548511303336,0.0001476162524674529,0
comprehension,ally_majority,neutral,3111,1,0,1,0,aPaPrQrPaPaQ,A,llama-8b,meta-llama/llama-3.1-8b-instruct,coreweave/bf16,0,1.0,CoreWeave,A,3.674e-05,0.8670357529306639,0.00012579411389446182,0
comprehension,ally_majority,neutral,3120,-1,0,0,0,aPrPaPrPaPaQ,A,llama-8b,meta-llama/llama-3.1-8b-instruct,coreweave/bf16,0,1.0,CoreWeave,A,3.674e-05,0.8933094088947399,0.00014040752599665807,0
comprehension,ally_majority,neutral,3120,-1,0,1,0,aQrPaPaPaPrP,A,llama-8b,meta-llama/llama-3.1-8b-instruct,coreweave/bf16,0,1.0,CoreWeave,A,3.674e-05,0.9324533116759811,0.00023818594303871843,0
comprehension,ally_majority,neutral,3120,1,0,0,0,aQaPrPaPaPrP,A,llama-8b,meta-llama/llama-3.1-8b-instruct,coreweave/bf16,0,1.0,CoreWeave,B,3.674e-05,0.24508500761839527,0.00026288500125182246,0
comprehension,ally_majority,neutral,3120,1,0,1,0,rPaPaPrPaPaQ,A,llama-8b,meta-llama/llama-3.1-8b-instruct,coreweave/bf16,0,1.0,CoreWeave,A,3.674e-05,0.8807970748488296,0.0002001194173240628,0
comprehension,ally_majority,neutral,3200,-1,0,0,0,aQaPaPaQaP,A,llama-8b,meta-llama/llama-3.1-8b-instruct,coreweave/bf16,0,1.0,CoreWeave,A,3.542e-05,0.6513548646660543,0.00026747709195457103,0
comprehension,ally_majority,neutral,3200,-1,0,1,0,aPaQaPaPaQ,A,llama-8b,meta-llama/llama-3.1-8b-instruct,coreweave/bf16,0,1.0,CoreWeave,A,3.542e-05,0.8519528057272543,0.00010718687316729758,0
comprehension,ally_majority,neutral,3200,1,0,0,0,aQaQaPaPaP,A,llama-8b,meta-llama/llama-3.1-8b-instruct,coreweave/bf16,0,1.0,CoreWeave,B,3.542e-05,0.18242552825126704,5.62853947917441e-05,0
comprehension,ally_majority,neutral,3200,1,0,1,0,aPaQaPaQaP,A,llama-8b,meta-llama/llama-3.1-8b-instruct,coreweave/bf16,0,1.0,CoreWeave,B,3.542e-05,0.731058584489497,0.00036272612183407826,0
comprehension,ally_majority,neutral,3201,-1,0,0,0,rQaQaQaPaPaP,A,llama-8b,meta-llama/llama-3.1-8b-instruct,coreweave/bf16,0,1.0,CoreWeave,B,3.674e-05,0.37754066879814546,0.00017492646375705245,0
comprehension,ally_majority,neutral,3201,-1,0,1,0,aPaQaPaPaQrQ,A,llama-8b,meta-llama/llama-3.1-8b-instruct,coreweave/bf16,0,1.0,CoreWeave,A,3.674e-05,0.8354835289107307,0.00013006453850930577,0
comprehension,ally_majority,neutral,3201,1,0,0,0,aPaPaPaQaQrQ,A,llama-8b,meta-llama/llama-3.1-8b-instruct,coreweave/bf16,0,1.0,CoreWeave,A,3.674e-05,0.6513548646660543,0.00013041368274485654,0
comprehension,ally_majority,neutral,3201,1,0,1,0,aQaPaPrQaQaP,A,llama-8b,meta-llama/llama-3.1-8b-instruct,coreweave/bf16,0,1.0,CoreWeave,A,3.674e-05,0.2689414213699951,0.00014834519397122214,0
comprehension,ally_majority,neutral,3210,-1,0,0,0,rPaPaQaPaPaQ,A,llama-8b,meta-llama/llama-3.1-8b-instruct,coreweave/bf16,0,1.0,CoreWeave,B,3.674e-05,0.4073334000459302,0.0002590084106265378,0
comprehension,ally_majority,neutral,3210,-1,0,1,0,aQaQaPaPaPrP,A,llama-8b,meta-llama/llama-3.1-8b-instruct,coreweave/bf16,0,1.0,CoreWeave,B,3.674e-05,0.651354857898194,0.00022733290759852087,0
comprehension,ally_majority,neutral,3210,1,0,0,0,rPaQaPaQaPaP,A,llama-8b,meta-llama/llama-3.1-8b-instruct,coreweave/bf16,0,1.0,CoreWeave,B,3.674e-05,0.34864513533394575,0.00027796464847906766,0
comprehension,ally_majority,neutral,3210,1,0,1,0,aPaPaPrPaQaQ,A,llama-8b,meta-llama/llama-3.1-8b-instruct,coreweave/bf16,0,1.0,CoreWeave,A,3.674e-05,0.7549149868676283,0.0001420537495966656,0
comprehension,ally_majority,neutral,4000,-1,0,0,0,aPaPaPaP,A,llama-8b,meta-llama/llama-3.1-8b-instruct,coreweave/bf16,0,1.0,CoreWeave,A,3.41e-05,0.9525741296834681,6.595010651485461e-05,0
comprehension,ally_majority,neutral,4000,-1,0,1,0,aPaPaPaP,A,llama-8b,meta-llama/llama-3.1-8b-instruct,coreweave/bf16,0,1.0,CoreWeave,A,3.41e-05,0.9947798750584772,7.039185380733164e-05,0
comprehension,ally_majority,neutral,4000,1,0,0,0,aPaPaPaP,A,llama-8b,meta-llama/llama-3.1-8b-instruct,coreweave/bf16,0,1.0,CoreWeave,A,3.41e-05,0.5312093733737563,0.0002481833881413098,0
comprehension,ally_majority,neutral,4000,1,0,1,0,aPaPaPaP,A,llama-8b,meta-llama/llama-3.1-8b-instruct,coreweave/bf16,0,1.0,CoreWeave,A,3.41e-05,0.8354835289107307,0.0002406702526052129,0
comprehension,ally_majority,neutral,4001,-1,0,0,0,aPrQaPaPaP,A,llama-8b,meta-llama/llama-3.1-8b-instruct,coreweave/bf16,0,1.0,CoreWeave,A,3.542e-05,0.9241418283357703,7.867737879406478e-05,0
comprehension,ally_majority,neutral,4001,-1,0,1,0,aPrQaPaPaP,A,llama-8b,meta-llama/llama-3.1-8b-instruct,coreweave/bf16,0,1.0,CoreWeave,A,3.542e-05,0.9890130595350791,7.33283902196475e-05,0
comprehension,ally_majority,neutral,4001,1,0,0,0,aPaPrQaPaP,A,llama-8b,meta-llama/llama-3.1-8b-instruct,coreweave/bf16,0,1.0,CoreWeave,A,3.542e-05,0.904650530602188,9.641826252172747e-05,0
comprehension,ally_majority,neutral,4001,1,0,1,0,aPaPaPrQaP,A,llama-8b,meta-llama/llama-3.1-8b-instruct,coreweave/bf16,0,1.0,CoreWeave,A,3.542e-05,0.9324533013520764,0.0002080663464717747,0
comprehension,ally_majority,neutral,4002,-1,0,0,0,aPaPrQaPrQaP,A,llama-8b,meta-llama/llama-3.1-8b-instruct,coreweave/bf16,0,1.0,CoreWeave,A,3.674e-05,0.9840936081132452,0.00015245746732669638,0
comprehension,ally_majority,neutral,4002,-1,0,1,0,aPrQaPaPrQaP,A,llama-8b,meta-llama/llama-3.1-8b-instruct,coreweave/bf16,0,1.0,CoreWeave,A,3.674e-05,0.9875683502559068,0.00018468227840260677,0
comprehension,ally_majority,neutral,4002,1,0,0,0,aPrQaPaPaPrQ,A,llama-8b,meta-llama/llama-3.1-8b-instruct,coreweave/bf16,0,1.0,CoreWeave,B,3.674e-05,0.7057850340255386,0.00014099364171121787,0
comprehension,ally_majority,neutral,4002,1,0,1,0,aPaPaPrQaPrQ,A,llama-8b,meta-llama/llama-3.1-8b-instruct,coreweave/bf16,0,1.0,CoreWeave,A,3.674e-05,0.970687766704745,0.0001842962280888781,0
comprehension,ally_majority,neutral,4010,-1,0,0,0,aPrPaPaPaP,A,llama-8b,meta-llama/llama-3.1-8b-instruct,coreweave/bf16,0,1.0,CoreWeave,A,3.542e-05,0.8354835330070838,0.00017008795297815404,0
comprehension,ally_majority,neutral,4010,-1,0,1,0,aPaPaPaPrP,A,llama-8b,meta-llama/llama-3.1-8b-instruct,coreweave/bf16,0,1.0,CoreWeave,A,3.542e-05,0.9796676472880741,8.151026648084772e-05,0
comprehension,ally_majority,neutral,4010,1,0,0,0,aPaPaPaPrP,A,llama-8b,meta-llama/llama-3.1-8b-instruct,coreweave/bf16,0,1.0,CoreWeave,B,3.542e-05,0.4073334000459302,0.00023469571867940076,0
comprehension,ally_majority,neutral,4010,1,0,1,0,aPaPaPrPaP,A,llama-8b,meta-llama/llama-3.1-8b-instruct,coreweave/bf16,0,1.0,CoreWeave,B,3.542e-05,0.731058584489497,0.00018801342764451778,0
comprehension,ally_majority,neutral,4011,-1,0,0,0,aPrPaPaPaPrQ,A,llama-8b,meta-llama/llama-3.1-8b-instruct,coreweave/bf16,0,1.0,CoreWeave,A,3.674e-05,0.9626731146638163,0.0001472595825005793,0
comprehension,ally_majority,neutral,4011,-1,0,1,0,aPaPaPrQrPaP,A,llama-8b,meta-llama/llama-3.1-8b-instruct,coreweave/bf16,0,1.0,CoreWeave,A,3.674e-05,0.9924227598281687,0.00013854047399817875,0
comprehension,ally_majority,neutral,4011,1,0,0,0,aPaPrPaPrQaP,A,llama-8b,meta-llama/llama-3.1-8b-instruct,coreweave/bf16,0,1.0,CoreWeave,A,3.674e-05,0.7772998508568416,0.0003010870384223263,0
comprehension,ally_majority,neutral,4011,1,0,1,0,aPaPaPrQaPrP,A,llama-8b,meta-llama/llama-3.1-8b-instruct,coreweave/bf16,0,1.0,CoreWeave,A,3.674e-05,0.9579122735862822,0.00023544408028868674,0
comprehension,ally_majority,neutral,4020,-1,0,0,0,aPrPrPaPaPaP,A,llama-8b,meta-llama/llama-3.1-8b-instruct,coreweave/bf16,0,1.0,CoreWeave,A,3.674e-05,0.8354835371034368,0.00028209445627697116,0
comprehension,ally_majority,neutral,4020,-1,0,1,0,aPrPaPaPrPaP,A,llama-8b,meta-llama/llama-3.1-8b-instruct,coreweave/bf16,0,1.0,CoreWeave,A,3.674e-05,0.9840936105332502,0.00030724181770005327,0
comprehension,ally_majority,neutral,4020,1,0,0,0,rPaPaPrPaPaP,A,llama-8b,meta-llama/llama-3.1-8b-instruct,coreweave/bf16,0,1.0,CoreWeave,B,3.674e-05,0.1480472055495773,0.0010790763414304516,0
comprehension,ally_majority,neutral,4020,1,0,1,0,rPaPrPaPaPaP,A,llama-8b,meta-llama/llama-3.1-8b-instruct,coreweave/bf16,0,1.0,CoreWeave,A,3.674e-05,0.5,0.00035631458064289134,0
comprehension,ally_majority,neutral,4100,-1,0,0,0,aPaPaPaPaQ,A,llama-8b,meta-llama/llama-3.1-8b-instruct,coreweave/bf16,0,1.0,CoreWeave,A,3.542e-05,0.9465966658688456,3.690570718697245e-05,0
comprehension,ally_majority,neutral,4100,-1,0,1,0,aPaPaPaPaQ,A,llama-8b,meta-llama/llama-3.1-8b-instruct,coreweave/bf16,0,1.0,CoreWeave,A,3.542e-05,0.9820137894457202,3.667354814447174e-05,0
comprehension,ally_majority,neutral,4100,1,0,0,0,aPaQaPaPaP,A,llama-8b,meta-llama/llama-3.1-8b-instruct,coreweave/bf16,0,1.0,CoreWeave,A,3.542e-05,0.8354835391516133,8.995238201359168e-05,0
comprehension,ally_majority,neutral,4100,1,0,1,0,aPaPaQaPaP,A,llama-8b,meta-llama/llama-3.1-8b-instruct,coreweave/bf16,0,1.0,CoreWeave,A,3.542e-05,0.9875683513649993,8.876191066847956e-05,0
comprehension,ally_majority,neutral,4101,-1,0,0,0,aPaPrQaPaQaP,A,llama-8b,meta-llama/llama-3.1-8b-instruct,coreweave/bf16,0,1.0,CoreWeave,A,3.674e-05,0.9525741264858408,8.12751910620399e-05,0
comprehension,ally_majority,neutral,4101,-1,0,1,0,aQaPaPaPrQaP,A,llama-8b,meta-llama/llama-3.1-8b-instruct,coreweave/bf16,0,1.0,CoreWeave,A,3.674e-05,0.98593637037404,0.00019141420196546605,0
comprehension,ally_majority,neutral,4101,1,0,0,0,aPaPrQaQaPaP,A,llama-8b,meta-llama/llama-3.1-8b-instruct,coreweave/bf16,0,1.0,CoreWeave,A,3.674e-05,0.7310585844894971,0.00034008431606608047,0
comprehension,ally_majority,neutral,4101,1,0,1,0,aQaPaPaPrQaP,A,llama-8b,meta-llama/llama-3.1-8b-instruct,coreweave/bf16,0,1.0,CoreWeave,A,3.674e-05,0.9046505267461572,0.00013102546147535088,0
comprehension,ally_majority,neutral,4110,-1,0,0,0,aPaPaPaQaPrP,A,llama-8b,meta-llama/llama-3.1-8b-instruct,coreweave/bf16,0,1.0,CoreWeave,A,3.674e-05,0.9149009462917594,5.799913538488688e-05,0
comprehension,ally_majority,neutral,4110,-1,0,1,0,rPaQaPaPaPaP,A,llama-8b,meta-llama/llama-3.1-8b-instruct,coreweave/bf16,0,1.0,CoreWeave,A,3.674e-05,0.8519527963298947,0.00013073177741870778,0
comprehension,ally_majority,neutral,4110,1,0,0,0,rPaPaPaQaPaP,A,llama-8b,meta-llama/llama-3.1-8b-instruct,coreweave/bf16,0,1.0,CoreWeave,B,3.674e-05,0.7549149868676283,0.00037635846282188523,0
comprehension,ally_majority,neutral,4110,1,0,1,0,rPaPaPaQaPaP,A,llama-8b,meta-llama/llama-3.1-8b-instruct,coreweave/bf16,0,1.0,CoreWeave,A,3.674e-05,0.95791227058248,0.00029033728878626736,0
comprehension,ally_majority,neutral,4200,-1,0,0,0,aQaPaPaPaQaP,A,llama-8b,meta-llama/llama-3.1-8b-instruct,coreweave/bf16,0,1.0,CoreWeave,A,3.674e-05,0.8933094010836643,0.0002692003882531213,0
comprehension,ally_majority,neutral,4200,-1,0,1,0,aQaPaPaPaQaP,A,llama-8b,meta-llama/llama-3.1-8b-instruct,coreweave/bf16,0,1.0,CoreWeave,A,3.674e-05,0.9706877699376162,0.00027810116473300783,0
comprehension,ally_majority,neutral,4200,1,0,0,0,aQaPaPaQaPaP,A,llama-8b,meta-llama/llama-3.1-8b-instruct,coreweave/bf16,0,1.0,CoreWeave,A,3.674e-05,0.5926665999540698,0.00027432271944538567,0
comprehension,ally_majority,neutral,4200,1,0,1,0,aQaPaPaPaPaQ,A,llama-8b,meta-llama/llama-3.1-8b-instruct,coreweave/bf16,0,1.0,CoreWeave,B,3.674e-05,0.4687906266262437,9.544293120922198e-05,0
comprehension,ally_majority,neutral,5000,-1,0,0,0,aPaPaPaPaP,A,llama-8b,meta-llama/llama-3.1-8b-instruct,coreweave/bf16,0,1.0,CoreWeave,A,3.542e-05,0.9669140191085815,7.152855795877766e-05,0
comprehension,ally_majority,neutral,5000,-1,0,1,0,aPaPaPaPaP,A,llama-8b,meta-llama/llama-3.1-8b-instruct,coreweave/bf16,0,1.0,CoreWeave,A,3.542e-05,0.995929862597444,8.04502018329446e-05,0
comprehension,ally_majority,neutral,5000,1,0,0,0,aPaPaPaPaP,A,llama-8b,meta-llama/llama-3.1-8b-instruct,coreweave/bf16,0,1.0,CoreWeave,B,3.542e-05,0.6224593312018546,0.00024661573817841287,0
comprehension,ally_majority,neutral,5000,1,0,1,0,aPaPaPaPaP,A,llama-8b,meta-llama/llama-3.1-8b-instruct,coreweave/bf16,0,1.0,CoreWeave,A,3.542e-05,0.8933094046341532,0.00032327210457872013,0
comprehension,ally_majority,neutral,5001,-1,0,0,0,aPaPrQaPaPaP,A,llama-8b,meta-llama/llama-3.1-8b-instruct,coreweave/bf16,0,1.0,CoreWeave,A,3.674e-05,0.9875683516622819,9.064517698830106e-05,0
comprehension,ally_majority,neutral,5001,-1,0,1,0,aPrQaPaPaPaP,A,llama-8b,meta-llama/llama-3.1-8b-instruct,coreweave/bf16,0,1.0,CoreWeave,A,3.674e-05,0.9770226312608024,0.0001836231608087907,0
comprehension,ally_majority,neutral,5001,1,0,0,0,rQaPaPaPaPaP,A,llama-8b,meta-llama/llama-3.1-8b-instruct,coreweave/bf16,0,1.0,CoreWeave,A,3.674e-05,0.6791786926816161,0.0001289705228397775,0
comprehension,ally_majority,neutral,5001,1,0,1,0,aPaPaPaPaPrQ,A,llama-8b,meta-llama/llama-3.1-8b-instruct,coreweave/bf16,0,1.0,CoreWeave,A,3.674e-05,0.9046505331728751,0.0004744152463116852,0
comprehension,ally_majority,neutral,5010,-1,0,0,0,aPaPaPrPaPaP,A,llama-8b,meta-llama/llama-3.1-8b-instruct,coreweave/bf16,0,1.0,CoreWeave,A,3.674e-05,0.9324533126145178,0.0001547419427232466,0
comprehension,ally_majority,neutral,5010,-1,0,1,0,aPaPrPaPaPaP,A,llama-8b,meta-llama/llama-3.1-8b-instruct,coreweave/bf16,0,1.0,CoreWeave,A,3.674e-05,0.9924227574645266,0.00014409683708970378,0
comprehension,ally_majority,neutral,5010,1,0,0,0,aPaPaPrPaPaP,A,llama-8b,meta-llama/llama-3.1-8b-instruct,coreweave/bf16,0,1.0,CoreWeave,A,3.674e-05,0.5,0.00038491420677022603,0
comprehension,ally_majority,neutral,5010,1,0,1,0,aPaPaPaPaPrP,A,llama-8b,meta-llama/llama-3.1-8b-instruct,coreweave/bf16,0,1.0,CoreWeave,A,3.674e-05,0.731058584489497,0.00032459225874015285,0
comprehension,ally_majority,neutral,5100,-1,0,0,0,aPaPaPaPaQaP,A,llama-8b,meta-llama/llama-3.1-8b-instruct,coreweave/bf16,0,1.0,CoreWeave,A,3.674e-05,0.985936375913962,4.512541696963593e-05,0
comprehension,ally_majority,neutral,5100,-1,0,1,0,aPaPaQaPaPaP,A,llama-8b,meta-llama/llama-3.1-8b-instruct,coreweave/bf16,0,1.0,CoreWeave,A,3.674e-05,0.9933071495091191,6.997706734713626e-05,0
comprehension,ally_majority,neutral,5100,1,0,0,0,aQaPaPaPaPaP,A,llama-8b,meta-llama/llama-3.1-8b-instruct,coreweave/bf16,0,1.0,CoreWeave,A,3.674e-05,0.5926665999540698,0.00012194384035996153,0
comprehension,ally_majority,neutral,5100,1,0,1,0,aPaQaPaPaPaP,A,llama-8b,meta-llama/llama-3.1-8b-instruct,coreweave/bf16,0,1.0,CoreWeave,A,3.674e-05,0.952574129683468,0.00017584778325045042,0
comprehension,ally_majority,neutral,6000,-1,0,0,0,aPaPaPaPaPaP,A,llama-8b,meta-llama/llama-3.1-8b-instruct,coreweave/bf16,0,1.0,CoreWeave,A,3.674e-05,0.9149009613738741,0.00017654045456640122,0
comprehension,ally_majority,neutral,6000,-1,0,1,0,aPaPaPaPaPaP,A,llama-8b,meta-llama/llama-3.1-8b-instruct,coreweave/bf16,0,1.0,CoreWeave,A,3.674e-05,0.9914225126617557,0.00019004383647156127,0
comprehension,ally_majority,neutral,6000,1,0,0,0,aPaPaPaPaPaP,A,llama-8b,meta-llama/llama-3.1-8b-instruct,coreweave/bf16,0,1.0,CoreWeave,A,3.674e-05,0.5621765008857982,0.0006064691042812487,0
comprehension,ally_majority,neutral,6000,1,0,1,0,aPaPaPaPaPaP,A,llama-8b,meta-llama/llama-3.1-8b-instruct,coreweave/bf16,0,1.0,CoreWeave,A,3.674e-05,0.8807970779778824,0.0005795075925927595,0
comprehension,own,neutral,0001,-1,0,0,0,rQ,B,llama-8b,meta-llama/llama-3.1-8b-instruct,coreweave/bf16,0,1.0,CoreWeave,B,2.948e-05,0.01798621167285805,7.172481974015987e-06,0
comprehension,own,neutral,0001,-1,0,1,0,rQ,B,llama-8b,meta-llama/llama-3.1-8b-instruct,coreweave/bf16,0,1.0,CoreWeave,B,2.948e-05,0.02297736857193652,2.1962011116372082e-06,0
comprehension,own,neutral,0001,1,0,0,0,rQ,A,llama-8b,meta-llama/llama-3.1-8b-instruct,coreweave/bf16,0,1.0,CoreWeave,A,2.948e-05,0.9999852610215412,2.811705878405668e-07,0
comprehension,own,neutral,0001,1,0,1,0,rQ,A,llama-8b,meta-llama/llama-3.1-8b-instruct,coreweave/bf16,0,1.0,CoreWeave,A,2.948e-05,0.9999339478631654,5.814551497308117e-07,0
comprehension,own,neutral,0002,-1,0,0,0,rQrQ,B,llama-8b,meta-llama/llama-3.1-8b-instruct,coreweave/bf16,0,1.0,CoreWeave,B,3.08e-05,0.24508501864634824,0.0002237196727691293,0
comprehension,own,neutral,0002,-1,0,1,0,rQrQ,B,llama-8b,meta-llama/llama-3.1-8b-instruct,coreweave/bf16,0,1.0,CoreWeave,B,3.08e-05,0.3486451217982255,2.142584338671316e-05,0
comprehension,own,neutral,0002,1,0,0,0,rQrQ,A,llama-8b,meta-llama/llama-3.1-8b-instruct,coreweave/bf16,0,1.0,CoreWeave,A,3.08e-05,0.9971990724261351,6.314747128591518e-06,0
comprehension,own,neutral,0002,1,0,1,0,rQrQ,A,llama-8b,meta-llama/llama-3.1-8b-instruct,coreweave/bf16,0,1.0,CoreWeave,A,3.08e-05,0.9989677687811391,5.0099093395334065e-06,0
comprehension,own,neutral,0003,-1,0,0,0,rQrQrQ,B,llama-8b,meta-llama/llama-3.1-8b-instruct,coreweave/bf16,0,1.0,CoreWeave,B,3.212e-05,0.1192029188930649,0.00010209169656683059,0
comprehension,own,neutral,0003,-1,0,1,0,rQrQrQ,B,llama-8b,meta-llama/llama-3.1-8b-instruct,coreweave/bf16,0,1.0,CoreWeave,A,3.212e-05,0.2227001336663842,1.627175307872264e-05,0
comprehension,own,neutral,0003,1,0,0,0,rQrQrQ,A,llama-8b,meta-llama/llama-3.1-8b-instruct,coreweave/bf16,0,1.0,CoreWeave,A,3.212e-05,0.9978172838502906,5.352403571820194e-06,0
comprehension,own,neutral,0003,1,0,1,0,rQrQrQ,A,llama-8b,meta-llama/llama-3.1-8b-instruct,coreweave/bf16,0,1.0,CoreWeave,A,3.212e-05,0.9995694429079911,3.773661242515976e-06,0
comprehension,own,neutral,0004,-1,0,0,0,rQrQrQrQ,B,llama-8b,meta-llama/llama-3.1-8b-instruct,coreweave/bf16,0,1.0,CoreWeave,B,3.344e-05,0.08509904326677628,6.455175628128362e-05,0
comprehension,own,neutral,0004,-1,0,1,0,rQrQrQrQ,B,llama-8b,meta-llama/llama-3.1-8b-instruct,coreweave/bf16,0,1.0,CoreWeave,B,3.344e-05,0.10669058826486906,9.022083576892825e-06,0
comprehension,own,neutral,0004,1,0,0,0,rQrQrQrQ,A,llama-8b,meta-llama/llama-3.1-8b-instruct,coreweave/bf16,0,1.0,CoreWeave,A,3.344e-05,0.9984988178362706,3.956458963402711e-06,0
comprehension,own,neutral,0004,1,0,1,0,rQrQrQrQ,A,llama-8b,meta-llama/llama-3.1-8b-instruct,coreweave/bf16,0,1.0,CoreWeave,A,3.344e-05,0.99976949331171,2.017025380916164e-06,0
comprehension,own,neutral,0005,-1,0,0,0,rQrQrQrQrQ,B,llama-8b,meta-llama/llama-3.1-8b-instruct,coreweave/bf16,0,1.0,CoreWeave,B,3.476e-05,0.10669059252545564,9.441145259525552e-05,0
comprehension,own,neutral,0005,-1,0,1,0,rQrQrQrQrQ,B,llama-8b,meta-llama/llama-3.1-8b-instruct,coreweave/bf16,0,1.0,CoreWeave,B,3.476e-05,0.10669058329418492,1.541271741822836e-05,0
comprehension,own,neutral,0005,1,0,0,0,rQrQrQrQrQ,A,llama-8b,meta-llama/llama-3.1-8b-instruct,coreweave/bf16,0,1.0,CoreWeave,A,3.476e-05,0.9971990724449942,8.692181903983878e-06,0
comprehension,own,neutral,0005,1,0,1,0,rQrQrQrQrQ,A,llama-8b,meta-llama/llama-3.1-8b-instruct,coreweave/bf16,0,1.0,CoreWeave,A,3.476e-05,0.99962001555842,3.127778088275789e-06,0
comprehension,own,neutral,0006,-1,0,0,0,rQrQrQrQrQrQ,B,llama-8b,meta-llama/llama-3.1-8b-instruct,coreweave/bf16,0,1.0,CoreWeave,B,3.608e-05,0.07585817584273653,6.919641981995017e-05,0
comprehension,own,neutral,0006,-1,0,1,0,rQrQrQrQrQrQ,B,llama-8b,meta-llama/llama-3.1-8b-instruct,coreweave/bf16,0,1.0,CoreWeave,B,3.608e-05,0.10669058329418492,1.4459057345761472e-05,0
comprehension,own,neutral,0006,1,0,0,0,rQrQrQrQrQrQ,A,llama-8b,meta-llama/llama-3.1-8b-instruct,coreweave/bf16,0,1.0,CoreWeave,A,3.608e-05,0.9978172838594184,7.25555840315386e-06,0
comprehension,own,neutral,0006,1,0,1,0,rQrQrQrQrQrQ,A,llama-8b,meta-llama/llama-3.1-8b-instruct,coreweave/bf16,0,1.0,CoreWeave,A,3.608e-05,0.9996646497688932,3.4481088207558713e-06,0
comprehension,own,neutral,0010,-1,0,0,0,rP,B,llama-8b,meta-llama/llama-3.1-8b-instruct,coreweave/bf16,0,1.0,CoreWeave,B,2.948e-05,0.0004878570644548586,1.1392014935829309e-06,0
comprehension,own,neutral,0010,-1,0,1,0,rP,B,llama-8b,meta-llama/llama-3.1-8b-instruct,coreweave/bf16,0,1.0,CoreWeave,B,2.948e-05,9.61024265079047e-05,3.2862121368548713e-07,0
comprehension,own,neutral,0010,1,0,0,0,rP,A,llama-8b,meta-llama/llama-3.1-8b-instruct,coreweave/bf16,0,1.0,CoreWeave,B,2.948e-05,0.4378234991142019,1.2513903635658075e-05,0
comprehension,own,neutral,0010,1,0,1,0,rP,A,llama-8b,meta-llama/llama-3.1-8b-instruct,coreweave/bf16,0,1.0,CoreWeave,A,2.948e-05,0.9324533112067128,4.8094606281690044e-06,0
comprehension,own,neutral,0011,-1,0,0,0,rPrQ,B,llama-8b,meta-llama/llama-3.1-8b-instruct,coreweave/bf16,0,1.0,CoreWeave,B,3.08e-05,0.02931223292426976,3.5288321811544066e-05,0
comprehension,own,neutral,0011,-1,0,1,0,rPrQ,B,llama-8b,meta-llama/llama-3.1-8b-instruct,coreweave/bf16,0,1.0,CoreWeave,B,3.08e-05,0.020332353231352955,5.722010922748488e-06,0
comprehension,own,neutral,0011,1,0,0,0,rQrP,A,llama-8b,meta-llama/llama-3.1-8b-instruct,coreweave/bf16,0,1.0,CoreWeave,A,3.08e-05,0.9933071481593753,4.854482882394109e-06,0
comprehension,own,neutral,0011,1,0,1,0,rQrP,A,llama-8b,meta-llama/llama-3.1-8b-instruct,coreweave/bf16,0,1.0,CoreWeave,A,3.08e-05,0.9978172830663232,4.281067750316718e-06,0
comprehension,own,neutral,0012,-1,0,0,0,rPrQrQ,B,llama-8b,meta-llama/llama-3.1-8b-instruct,coreweave/bf16,0,1.0,CoreWeave,B,3.212e-05,0.03732688935207537,4.628746452495225e-05,0
comprehension,own,neutral,0012,-1,0,1,0,rQrQrP,B,llama-8b,meta-llama/llama-3.1-8b-instruct,coreweave/bf16,0,1.0,CoreWeave,B,3.212e-05,0.047425868970162655,1.1564389494234106e-05,0
comprehension,own,neutral,0012,1,0,0,0,rPrQrQ,A,llama-8b,meta-llama/llama-3.1-8b-instruct,coreweave/bf16,0,1.0,CoreWeave,A,3.212e-05,0.9706877668107408,3.10059695745081e-05,0
comprehension,own,neutral,0012,1,0,1,0,rQrQrP,A,llama-8b,meta-llama/llama-3.1-8b-instruct,coreweave/bf16,0,1.0,CoreWeave,A,3.212e-05,0.9995121428782395,4.594515628888508e-06,0
comprehension,own,neutral,0013,-1,0,0,0,rPrQrQrQ,B,llama-8b,meta-llama/llama-3.1-8b-instruct,coreweave/bf16,0,1.0,CoreWeave,B,3.344e-05,0.008577485318673361,2.6747781043168217e-05,0
comprehension,own,neutral,0013,-1,0,1,0,rPrQrQrQ,B,llama-8b,meta-llama/llama-3.1-8b-instruct,coreweave/bf16,0,1.0,CoreWeave,B,3.344e-05,0.002800926932654277,3.2248109148591553e-06,0
comprehension,own,neutral,0013,1,0,0,0,rQrPrQrQ,A,llama-8b,meta-llama/llama-3.1-8b-instruct,coreweave/bf16,0,1.0,CoreWeave,A,3.344e-05,0.9992903294435853,4.124554954695143e-06,0
comprehension,own,neutral,0013,1,0,1,0,rPrQrQrQ,A,llama-8b,meta-llama/llama-3.1-8b-instruct,coreweave/bf16,0,1.0,CoreWeave,A,3.344e-05,0.998299277230812,5.117084999802131e-06,0
comprehension,own,neutral,0014,-1,0,0,0,rQrQrQrPrQ,B,llama-8b,meta-llama/llama-3.1-8b-instruct,coreweave/bf16,0,1.0,CoreWeave,B,3.476e-05,0.06008665648572012,9.334466071453384e-05,0
comprehension,own,neutral,0014,-1,0,1,0,rQrPrQrQrQ,B,llama-8b,meta-llama/llama-3.1-8b-instruct,coreweave/bf16,0,1.0,CoreWeave,B,3.476e-05,0.01798620647476036,1.0221310936420203e-05,0
comprehension,own,neutral,0014,1,0,0,0,rQrQrQrQrP,A,llama-8b,meta-llama/llama-3.1-8b-instruct,coreweave/bf16,0,1.0,CoreWeave,A,3.476e-05,0.9975273771241877,1.0907010150667303e-05,0
comprehension,own,neutral,0014,1,0,1,0,rPrQrQrQrQ,A,llama-8b,meta-llama/llama-3.1-8b-instruct,coreweave/bf16,0,1.0,CoreWeave,A,3.476e-05,0.9978172835982649,6.898369829584465e-06,0
comprehension,own,neutral,0015,-1,0,0,0,rQrQrQrQrPrQ,B,llama-8b,meta-llama/llama-3.1-8b-instruct,coreweave/bf16,0,1.0,CoreWeave,B,3.608e-05,0.05340333337787952,4.356705397301486e-05,0
comprehension,own,neutral,0015,-1,0,1,0,rQrPrQrQrQrQ,B,llama-8b,meta-llama/llama-3.1-8b-instruct,coreweave/bf16,0,1.0,CoreWeave,B,3.608e-05,0.02033235508644969,7.005334310972167e-06,0
comprehension,own,neutral,0015,1,0,0,0,rQrQrQrQrQrP,A,llama-8b,meta-llama/llama-3.1-8b-instruct,coreweave/bf16,0,1.0,CoreWeave,A,3.608e-05,0.9933071479674392,1.8234446616166577e-05,0
comprehension,own,neutral,0015,1,0,1,0,rPrQrQrQrQrQ,A,llama-8b,meta-llama/llama-3.1-8b-instruct,coreweave/bf16,0,1.0,CoreWeave,A,3.608e-05,0.9971990724332885,7.2658610231514376e-06,0
comprehension,own,neutral,0020,-1,0,0,0,rPrP,B,llama-8b,meta-llama/llama-3.1-8b-instruct,coreweave/bf16,0,1.0,CoreWeave,B,3.08e-05,0.0028009268611196257,1.2259107341816566e-05,0
comprehension,own,neutral,0020,-1,0,1,0,rPrP,B,llama-8b,meta-llama/llama-3.1-8b-instruct,coreweave/bf16,0,1.0,CoreWeave,B,3.08e-05,0.003172682674596451,1.7707809569778021e-06,0
comprehension,own,neutral,0020,1,0,0,0,rPrP,A,llama-8b,meta-llama/llama-3.1-8b-instruct,coreweave/bf16,0,1.0,CoreWeave,B,3.08e-05,0.07585818472206421,0.0001749199959407699,0
comprehension,own,neutral,0020,1,0,1,0,rPrP,A,llama-8b,meta-llama/llama-3.1-8b-instruct,coreweave/bf16,0,1.0,CoreWeave,A,3.08e-05,0.5,8.356412495341692e-05,0
comprehension,own,neutral,0021,-1,0,0,0,rPrPrQ,B,llama-8b,meta-llama/llama-3.1-8b-instruct,coreweave/bf16,0,1.0,CoreWeave,B,3.212e-05,0.0109869419930354,2.8647060289821447e-05,0
comprehension,own,neutral,0021,-1,0,1,0,rQrPrP,B,llama-8b,meta-llama/llama-3.1-8b-instruct,coreweave/bf16,0,1.0,CoreWeave,B,3.212e-05,0.022977368990089356,6.5059152482005445e-06,0
comprehension,own,neutral,0021,1,0,0,0,rPrPrQ,A,llama-8b,meta-llama/llama-3.1-8b-instruct,coreweave/bf16,0,1.0,CoreWeave,A,3.212e-05,0.8519528038477825,6.941355915665581e-05,0
comprehension,own,neutral,0021,1,0,1,0,rPrQrP,A,llama-8b,meta-llama/llama-3.1-8b-instruct,coreweave/bf16,0,1.0,CoreWeave,A,3.212e-05,0.9796676476961954,2.5226413258704755e-05,0
comprehension,own,neutral,0022,-1,0,0,0,rPrQrPrQ,B,llama-8b,meta-llama/llama-3.1-8b-instruct,coreweave/bf16,0,1.0,CoreWeave,B,3.344e-05,0.009708476391934649,5.547960510743355e-05,0
comprehension,own,neutral,0022,-1,0,1,0,rQrPrPrQ,B,llama-8b,meta-llama/llama-3.1-8b-instruct,coreweave/bf16,0,1.0,CoreWeave,B,3.344e-05,0.004609571715730974,4.513985711107615e-06,0
comprehension,own,neutral,0022,1,0,0,0,rPrPrQrQ,A,llama-8b,meta-llama/llama-3.1-8b-instruct,coreweave/bf16,0,1.0,CoreWeave,A,3.344e-05,0.9046505440982948,6.290078804287169e-05,0
comprehension,own,neutral,0022,1,0,1,0,rPrPrQrQ,A,llama-8b,meta-llama/llama-3.1-8b-instruct,coreweave/bf16,0,1.0,CoreWeave,A,3.344e-05,0.9947798754453766,1.691430978650616e-05,0
comprehension,own,neutral,0023,-1,0,0,0,rPrQrQrQrP,B,llama-8b,meta-llama/llama-3.1-8b-instruct,coreweave/bf16,0,1.0,CoreWeave,B,3.476e-05,0.010986940566120504,4.043770823713988e-05,0
comprehension,own,neutral,0023,-1,0,1,0,rQrQrPrQrP,B,llama-8b,meta-llama/llama-3.1-8b-instruct,coreweave/bf16,0,1.0,CoreWeave,B,3.476e-05,0.022977368781012936,1.1980392733312861e-05,0
comprehension,own,neutral,0023,1,0,0,0,rPrQrPrQrQ,A,llama-8b,meta-llama/llama-3.1-8b-instruct,coreweave/bf16,0,1.0,CoreWeave,A,3.476e-05,0.9706877717925422,3.679628134189983e-05,0
comprehension,own,neutral,0023,1,0,1,0,rQrQrQrPrP,A,llama-8b,meta-llama/llama-3.1-8b-instruct,coreweave/bf16,0,1.0,CoreWeave,A,3.476e-05,0.9992903295292804,6.387975500476463e-06,0
comprehension,own,neutral,0024,-1,0,0,0,rQrQrQrPrPrQ,B,llama-8b,meta-llama/llama-3.1-8b-instruct,coreweave/bf16,0,1.0,CoreWeave,B,3.608e-05,0.02931223207630352,5.6000863984162486e-05,0
comprehension,own,neutral,0024,-1,0,1,0,rQrQrPrQrQrP,B,llama-8b,meta-llama/llama-3.1-8b-instruct,coreweave/bf16,0,1.0,CoreWeave,B,3.608e-05,0.022977368655567088,1.221334895495918e-05,0
comprehension,own,neutral,0024,1,0,0,0,rQrPrQrQrQrP,A,llama-8b,meta-llama/llama-3.1-8b-instruct,coreweave/bf16,0,1.0,CoreWeave,A,3.608e-05,0.9980732652748846,7.397699443863204e-06,0
comprehension,own,neutral,0024,1,0,1,0,rQrQrPrPrQrQ,A,llama-8b,meta-llama/llama-3.1-8b-instruct,coreweave/bf16,0,1.0,CoreWeave,A,3.608e-05,0.9992903295297345,7.341003444824297e-06,0
comprehension,own,neutral,0030,-1,0,0,0,rPrPrP,B,llama-8b,meta-llama/llama-3.1-8b-instruct,coreweave/bf16,0,1.0,CoreWeave,B,3.212e-05,0.003593602695636174,1.0090774787530066e-05,0
comprehension,own,neutral,0030,-1,0,1,0,rPrPrP,B,llama-8b,meta-llama/llama-3.1-8b-instruct,coreweave/bf16,0,1.0,CoreWeave,B,3.212e-05,0.004609572845994976,2.8518425226886635e-06,0
comprehension,own,neutral,0030,1,0,0,0,rPrPrP,A,llama-8b,meta-llama/llama-3.1-8b-instruct,coreweave/bf16,0,1.0,CoreWeave,B,3.212e-05,0.10669058968506458,8.770972000471389e-05,0
comprehension,own,neutral,0030,1,0,1,0,rPrPrP,A,llama-8b,meta-llama/llama-3.1-8b-instruct,coreweave/bf16,0,1.0,CoreWeave,B,3.212e-05,0.7549149923816048,4.30967029495799e-05,0
comprehension,own,neutral,0031,-1,0,0,0,rQrPrPrP,B,llama-8b,meta-llama/llama-3.1-8b-instruct,coreweave/bf16,0,1.0,CoreWeave,B,3.344e-05,0.006692849735519792,1.6460757754521715e-05,0
comprehension,own,neutral,0031,-1,0,1,0,rPrPrPrQ,B,llama-8b,meta-llama/llama-3.1-8b-instruct,coreweave/bf16,0,1.0,CoreWeave,B,3.344e-05,0.0017007223705210303,2.9753346749705756e-06,0
comprehension,own,neutral,0031,1,0,0,0,rPrPrPrQ,A,llama-8b,meta-llama/llama-3.1-8b-instruct,coreweave/bf16,0,1.0,CoreWeave,A,3.344e-05,0.8175744761936437,5.0539290204487664e-05,0
comprehension,own,neutral,0031,1,0,1,0,rQrPrPrP,A,llama-8b,meta-llama/llama-3.1-8b-instruct,coreweave/bf16,0,1.0,CoreWeave,A,3.344e-05,0.9991959141352684,3.741418171206894e-06,0
comprehension,own,neutral,0032,-1,0,0,0,rPrPrPrQrQ,B,llama-8b,meta-llama/llama-3.1-8b-instruct,coreweave/bf16,0,1.0,CoreWeave,B,3.476e-05,0.004609571108935292,3.299204294204827e-05,0
comprehension,own,neutral,0032,-1,0,1,0,rPrQrQrPrP,B,llama-8b,meta-llama/llama-3.1-8b-instruct,coreweave/bf16,0,1.0,CoreWeave,B,3.476e-05,0.003593602282957639,9.022273680603377e-06,0
comprehension,own,neutral,0032,1,0,0,0,rPrQrQrPrP,A,llama-8b,meta-llama/llama-3.1-8b-instruct,coreweave/bf16,0,1.0,CoreWeave,A,3.476e-05,0.9149009561531425,6.837301610336521e-05,0
comprehension,own,neutral,0032,1,0,1,0,rQrQrPrPrP,A,llama-8b,meta-llama/llama-3.1-8b-instruct,coreweave/bf16,0,1.0,CoreWeave,A,3.476e-05,0.9992903296989369,7.579414944961708e-06,0
comprehension,own,neutral,0033,-1,0,0,0,rPrPrPrQrQrQ,B,llama-8b,meta-llama/llama-3.1-8b-instruct,coreweave/bf16,0,1.0,CoreWeave,B,3.608e-05,0.006692850264891709,3.990421293320612e-05,0
comprehension,own,neutral,0033,-1,0,1,0,rPrQrQrQrPrP,B,llama-8b,meta-llama/llama-3.1-8b-instruct,coreweave/bf16,0,1.0,CoreWeave,B,3.608e-05,0.0028009269059913614,6.5531354315195856e-06,0
comprehension,own,neutral,0033,1,0,0,0,rQrPrPrPrQrQ,A,llama-8b,meta-llama/llama-3.1-8b-instruct,coreweave/bf16,0,1.0,CoreWeave,A,3.608e-05,0.9986749776533411,6.328716795487655e-06,0
comprehension,own,neutral,0033,1,0,1,0,rPrQrPrQrQrP,A,llama-8b,meta-llama/llama-3.1-8b-instruct,coreweave/bf16,0,1.0,CoreWeave,A,3.608e-05,0.9971990725308357,1.962863411343e-05,0
comprehension,own,neutral,0040,-1,0,0,0,rPrPrPrP,B,llama-8b,meta-llama/llama-3.1-8b-instruct,coreweave/bf16,0,1.0,CoreWeave,B,3.344e-05,0.0019267344927391017,8.230760971339457e-06,0
comprehension,own,neutral,0040,-1,0,1,0,rPrPrPrP,B,llama-8b,meta-llama/llama-3.1-8b-instruct,coreweave/bf16,0,1.0,CoreWeave,B,3.344e-05,0.0019267349751773888,1.805464648341193e-06,0
comprehension,own,neutral,0040,1,0,0,0,rPrPrPrP,A,llama-8b,meta-llama/llama-3.1-8b-instruct,coreweave/bf16,0,1.0,CoreWeave,B,3.344e-05,0.10669059891633577,5.298957393962134e-05,0
comprehension,own,neutral,0040,1,0,1,0,rPrPrPrP,A,llama-8b,meta-llama/llama-3.1-8b-instruct,coreweave/bf16,0,1.0,CoreWeave,B,3.344e-05,0.8354835432479661,2.4127709711996292e-05,0
comprehension,own,neutral,0041,-1,0,0,0,rPrQrPrPrP,B,llama-8b,meta-llama/llama-3.1-8b-instruct,coreweave/bf16,0,1.0,CoreWeave,B,3.476e-05,0.006692849648839014,3.599761753958486e-05,0
comprehension,own,neutral,0041,-1,0,1,0,rPrQrPrPrP,B,llama-8b,meta-llama/llama-3.1-8b-instruct,coreweave/bf16,0,1.0,CoreWeave,B,3.476e-05,0.002800927245455819,5.720663401986847e-06,0
comprehension,own,neutral,0041,1,0,0,0,rQrPrPrPrP,A,llama-8b,meta-llama/llama-3.1-8b-instruct,coreweave/bf16,0,1.0,CoreWeave,A,3.476e-05,0.994088930577345,9.540531583232884e-06,0
comprehension,own,neutral,0041,1,0,1,0,rPrPrPrPrQ,A,llama-8b,meta-llama/llama-3.1-8b-instruct,coreweave/bf16,0,1.0,CoreWeave,A,3.476e-05,0.974042643649901,3.7871871992344736e-05,0
comprehension,own,neutral,0042,-1,0,0,0,rQrPrPrPrPrQ,B,llama-8b,meta-llama/llama-3.1-8b-instruct,coreweave/bf16,0,1.0,CoreWeave,B,3.608e-05,0.008577484415806486,2.5212049372447254e-05,0
comprehension,own,neutral,0042,-1,0,1,0,rPrPrQrPrPrQ,B,llama-8b,meta-llama/llama-3.1-8b-instruct,coreweave/bf16,0,1.0,CoreWeave,B,3.608e-05,0.005911069406237184,1.0014586653950275e-05,0
comprehension,own,neutral,0042,1,0,0,0,rQrPrPrPrPrQ,A,llama-8b,meta-llama/llama-3.1-8b-instruct,coreweave/bf16,0,1.0,CoreWeave,A,3.608e-05,0.9982992778397821,5.7126904921308685e-06,0
comprehension,own,neutral,0042,1,0,1,0,rQrPrPrPrQrP,A,llama-8b,meta-llama/llama-3.1-8b-instruct,coreweave/bf16,0,1.0,CoreWeave,A,3.608e-05,0.9997040429351818,5.195619572559754e-06,0
comprehension,own,neutral,0050,-1,0,0,0,rPrPrPrPrP,B,llama-8b,meta-llama/llama-3.1-8b-instruct,coreweave/bf16,0,1.0,CoreWeave,B,3.476e-05,0.0035936030599604957,1.4960466725777444e-05,0
comprehension,own,neutral,0050,-1,0,1,0,rPrPrPrPrP,B,llama-8b,meta-llama/llama-3.1-8b-instruct,coreweave/bf16,0,1.0,CoreWeave,B,3.476e-05,0.0017007223705210303,2.9753346749705756e-06,0
comprehension,own,neutral,0050,1,0,0,0,rPrPrPrPrP,A,llama-8b,meta-llama/llama-3.1-8b-instruct,coreweave/bf16,0,1.0,CoreWeave,B,3.476e-05,0.182425528251267,8.560879946095667e-05,0
comprehension,own,neutral,0050,1,0,1,0,rPrPrPrPrP,A,llama-8b,meta-llama/llama-3.1-8b-instruct,coreweave/bf16,0,1.0,CoreWeave,B,3.476e-05,0.8519527963298946,3.8948412099115703e-05,0
comprehension,own,neutral,0051,-1,0,0,0,rPrQrPrPrPrP,B,llama-8b,meta-llama/llama-3.1-8b-instruct,coreweave/bf16,0,1.0,CoreWeave,B,3.608e-05,0.0052201257346664596,1.904767653138073e-05,0
comprehension,own,neutral,0051,-1,0,1,0,rPrPrPrPrQrP,B,llama-8b,meta-llama/llama-3.1-8b-instruct,coreweave/bf16,0,1.0,CoreWeave,B,3.608e-05,0.0019267344999029177,6.327144307594068e-06,0
comprehension,own,neutral,0051,1,0,0,0,rPrPrPrQrPrP,A,llama-8b,meta-llama/llama-3.1-8b-instruct,coreweave/bf16,0,1.0,CoreWeave,A,3.608e-05,0.7981867849406659,7.704535180938499e-05,0
comprehension,own,neutral,0051,1,0,1,0,rPrPrPrPrQrP,A,llama-8b,meta-llama/llama-3.1-8b-instruct,coreweave/bf16,0,1.0,CoreWeave,A,3.608e-05,0.9796676459524045,3.2464526178881126e-05,0
comprehension,own,neutral,0060,-1,0,0,0,rPrPrPrPrPrP,B,llama-8b,meta-llama/llama-3.1-8b-instruct,coreweave/bf16,0,1.0,CoreWeave,B,3.608e-05,0.0028009268461623806,1.4161090743258775e-05,0
comprehension,own,neutral,0060,-1,0,1,0,rPrPrPrPrPrP,B,llama-8b,meta-llama/llama-3.1-8b-instruct,coreweave/bf16,0,1.0,CoreWeave,B,3.608e-05,0.0028009269248504966,4.175695570651783e-06,0
comprehension,own,neutral,0060,1,0,0,0,rPrPrPrPrPrP,A,llama-8b,meta-llama/llama-3.1-8b-instruct,coreweave/bf16,0,1.0,CoreWeave,B,3.608e-05,0.13296423676207597,8.20905380117809e-05,0
comprehension,own,neutral,0060,1,0,1,0,rPrPrPrPrPrP,A,llama-8b,meta-llama/llama-3.1-8b-instruct,coreweave/bf16,0,1.0,CoreWeave,A,3.608e-05,0.8354835330070839,3.8852237011249846e-05,0
comprehension,own,neutral,0100,-1,0,0,0,aQ,B,llama-8b,meta-llama/llama-3.1-8b-instruct,coreweave/bf16,0,1.0,CoreWeave,B,2.948e-05,0.025957359835079134,1.4880134155959013e-05,0
comprehension,own,neutral,0100,-1,0,1,0,aQ,B,llama-8b,meta-llama/llama-3.1-8b-instruct,coreweave/bf16,0,1.0,CoreWeave,B,2.948e-05,0.003172682674596451,1.7707809569778021e-06,0
comprehension,own,neutral,0100,1,0,0,0,aQ,A,llama-8b,meta-llama/llama-3.1-8b-instruct,coreweave/bf16,0,1.0,CoreWeave,A,2.948e-05,0.9999785550592533,1.3147787656304073e-07,0
comprehension,own,neutral,0100,1,0,1,0,aQ,A,llama-8b,meta-llama/llama-3.1-8b-instruct,coreweave/bf16,0,1.0,CoreWeave,A,2.948e-05,0.9999485577679308,4.1113955171763445e-07,0
comprehension,own,neutral,0101,-1,0,0,0,aQrQ,B,llama-8b,meta-llama/llama-3.1-8b-instruct,coreweave/bf16,0,1.0,CoreWeave,B,3.08e-05,0.09534946682712482,7.75578748578587e-05,0
comprehension,own,neutral,0101,-1,0,1,0,aQrQ,B,llama-8b,meta-llama/llama-3.1-8b-instruct,coreweave/bf16,0,1.0,CoreWeave,A,3.08e-05,0.348645142101806,2.3868209527488915e-05,0
comprehension,own,neutral,0101,1,0,0,0,rQaQ,A,llama-8b,meta-llama/llama-3.1-8b-instruct,coreweave/bf16,0,1.0,CoreWeave,A,3.08e-05,0.9980732654931571,4.4234078295844834e-06,0
comprehension,own,neutral,0101,1,0,1,0,rQaQ,A,llama-8b,meta-llama/llama-3.1-8b-instruct,coreweave/bf16,0,1.0,CoreWeave,A,3.08e-05,0.9996200154677484,2.4127246642653656e-06,0
comprehension,own,neutral,0102,-1,0,0,0,rQaQrQ,B,llama-8b,meta-llama/llama-3.1-8b-instruct,coreweave/bf16,0,1.0,CoreWeave,B,3.212e-05,0.07585817323116975,0.0002753585398361791,0
comprehension,own,neutral,0102,-1,0,1,0,rQaQrQ,B,llama-8b,meta-llama/llama-3.1-8b-instruct,coreweave/bf16,0,1.0,CoreWeave,A,3.212e-05,0.22270013366638422,4.1304983196543965e-05,0
comprehension,own,neutral,0102,1,0,0,0,rQaQrQ,A,llama-8b,meta-llama/llama-3.1-8b-instruct,coreweave/bf16,0,1.0,CoreWeave,A,3.212e-05,0.9947798736245314,1.821677377313209e-05,0
comprehension,own,neutral,0102,1,0,1,0,aQrQrQ,A,llama-8b,meta-llama/llama-3.1-8b-instruct,coreweave/bf16,0,1.0,CoreWeave,A,3.212e-05,0.9998601779757537,1.8980023963050387e-06,0
comprehension,own,neutral,0103,-1,0,0,0,aQrQrQrQ,B,llama-8b,meta-llama/llama-3.1-8b-instruct,coreweave/bf16,0,1.0,CoreWeave,B,3.344e-05,0.04742586947505113,8.786518714865021e-05,0
comprehension,own,neutral,0103,-1,0,1,0,rQrQrQaQ,B,llama-8b,meta-llama/llama-3.1-8b-instruct,coreweave/bf16,0,1.0,CoreWeave,B,3.344e-05,0.11920291263495983,1.6213588763247522e-05,0
comprehension,own,neutral,0103,1,0,0,0,rQaQrQrQ,A,llama-8b,meta-llama/llama-3.1-8b-instruct,coreweave/bf16,0,1.0,CoreWeave,A,3.344e-05,0.9980732657360551,8.112014718675287e-06,0
comprehension,own,neutral,0103,1,0,1,0,rQrQrQaQ,A,llama-8b,meta-llama/llama-3.1-8b-instruct,coreweave/bf16,0,1.0,CoreWeave,A,3.344e-05,0.9991959140408004,5.766242109403962e-06,0
comprehension,own,neutral,0104,-1,0,0,0,rQrQrQrQaQ,B,llama-8b,meta-llama/llama-3.1-8b-instruct,coreweave/bf16,0,1.0,CoreWeave,B,3.476e-05,0.08509904558710156,0.00012060219906773195,0
comprehension,own,neutral,0104,-1,0,1,0,rQrQrQaQrQ,B,llama-8b,meta-llama/llama-3.1-8b-instruct,coreweave/bf16,0,1.0,CoreWeave,B,3.476e-05,0.07585817427579646,1.4341781785498497e-05,0
comprehension,own,neutral,0104,1,0,0,0,rQrQaQrQrQ,A,llama-8b,meta-llama/llama-3.1-8b-instruct,coreweave/bf16,0,1.0,CoreWeave,A,3.476e-05,0.9964063968416637,7.358532314559029e-06,0
comprehension,own,neutral,0104,1,0,1,0,rQaQrQrQrQ,A,llama-8b,meta-llama/llama-3.1-8b-instruct,coreweave/bf16,0,1.0,CoreWeave,A,3.476e-05,0.9997388097211977,3.74274952382543e-06,0
comprehension,own,neutral,0105,-1,0,0,0,rQrQrQrQaQrQ,B,llama-8b,meta-llama/llama-3.1-8b-instruct,coreweave/bf16,0,1.0,CoreWeave,B,3.608e-05,0.03732688506845755,5.856982707874714e-05,0
comprehension,own,neutral,0105,-1,0,1,0,rQrQrQrQrQaQ,B,llama-8b,meta-llama/llama-3.1-8b-instruct,coreweave/bf16,0,1.0,CoreWeave,B,3.608e-05,0.132964236762076,3.083343775744929e-05,0
comprehension,own,neutral,0105,1,0,0,0,rQrQrQrQrQaQ,A,llama-8b,meta-llama/llama-3.1-8b-instruct,coreweave/bf16,0,1.0,CoreWeave,A,3.608e-05,0.992422759302915,2.131722341189475e-05,0
comprehension,own,neutral,0105,1,0,1,0,aQrQrQrQrQrQ,A,llama-8b,meta-llama/llama-3.1-8b-instruct,coreweave/bf16,0,1.0,CoreWeave,A,3.608e-05,0.9998415637451694,1.9940161224811796e-06,0
comprehension,own,neutral,0110,-1,0,0,0,rPaQ,B,llama-8b,meta-llama/llama-3.1-8b-instruct,coreweave/bf16,0,1.0,CoreWeave,B,3.08e-05,0.017986211047770276,4.8144590592658076e-05,0
comprehension,own,neutral,0110,-1,0,1,0,rPaQ,B,llama-8b,meta-llama/llama-3.1-8b-instruct,coreweave/bf16,0,1.0,CoreWeave,B,3.08e-05,0.01798621075167607,9.982264812302688e-06,0
comprehension,own,neutral,0110,1,0,0,0,aQrP,A,llama-8b,meta-llama/llama-3.1-8b-instruct,coreweave/bf16,0,1.0,CoreWeave,A,3.08e-05,0.9626731153331316,6.585511718851245e-06,0
comprehension,own,neutral,0110,1,0,1,0,rPaQ,A,llama-8b,meta-llama/llama-3.1-8b-instruct,coreweave/bf16,0,1.0,CoreWeave,A,3.08e-05,0.9940889311738554,6.578618402539385e-06,0
comprehension,own,neutral,0111,-1,0,0,0,aQrQrP,B,llama-8b,meta-llama/llama-3.1-8b-instruct,coreweave/bf16,0,1.0,CoreWeave,B,3.212e-05,0.009708477923058827,5.134600150813462e-05,0
comprehension,own,neutral,0111,-1,0,1,0,aQrQrP,B,llama-8b,meta-llama/llama-3.1-8b-instruct,coreweave/bf16,0,1.0,CoreWeave,B,3.212e-05,0.010986941547756974,1.0963907698946507e-05,0
comprehension,own,neutral,0111,1,0,0,0,rQaQrP,A,llama-8b,meta-llama/llama-3.1-8b-instruct,coreweave/bf16,0,1.0,CoreWeave,A,3.212e-05,0.9990889487524056,3.165597898116719e-06,0
comprehension,own,neutral,0111,1,0,1,0,rPrQaQ,A,llama-8b,meta-llama/llama-3.1-8b-instruct,coreweave/bf16,0,1.0,CoreWeave,A,3.212e-05,0.9989677689034635,4.4145702245081304e-06,0
comprehension,own,neutral,0112,-1,0,0,0,rPrQrQaQ,B,llama-8b,meta-llama/llama-3.1-8b-instruct,coreweave/bf16,0,1.0,CoreWeave,B,3.344e-05,0.006692849924360061,2.984010366502421e-05,0
comprehension,own,neutral,0112,-1,0,1,0,aQrQrPrQ,B,llama-8b,meta-llama/llama-3.1-8b-instruct,coreweave/bf16,0,1.0,CoreWeave,B,3.344e-05,0.008577485801786378,2.0128539359176578e-05,0
comprehension,own,neutral,0112,1,0,0,0,rQaQrPrQ,A,llama-8b,meta-llama/llama-3.1-8b-instruct,coreweave/bf16,0,1.0,CoreWeave,A,3.344e-05,0.9991959142328231,6.481103569505966e-06,0
comprehension,own,neutral,0112,1,0,1,0,rPaQrQrQ,A,llama-8b,meta-llama/llama-3.1-8b-instruct,coreweave/bf16,0,1.0,CoreWeave,A,3.344e-05,0.99944722131664,2.667815787536299e-06,0
comprehension,own,neutral,0113,-1,0,0,0,rQrQaQrQrP,B,llama-8b,meta-llama/llama-3.1-8b-instruct,coreweave/bf16,0,1.0,CoreWeave,B,3.476e-05,0.02297736978457976,6.0659691077158406e-05,0
comprehension,own,neutral,0113,-1,0,1,0,rPrQaQrQrQ,B,llama-8b,meta-llama/llama-3.1-8b-instruct,coreweave/bf16,0,1.0,CoreWeave,B,3.476e-05,0.0031726829875469574,8.068272109862384e-06,0
comprehension,own,neutral,0113,1,0,0,0,aQrQrQrPrQ,A,llama-8b,meta-llama/llama-3.1-8b-instruct,coreweave/bf16,0,1.0,CoreWeave,A,3.476e-05,0.9993736658925712,6.15158658118513e-06,0
comprehension,own,neutral,0113,1,0,1,0,aQrPrQrQrQ,A,llama-8b,meta-llama/llama-3.1-8b-instruct,coreweave/bf16,0,1.0,CoreWeave,A,3.476e-05,0.9997388095654655,2.4316448596213265e-06,0
comprehension,own,neutral,0114,-1,0,0,0,rPrQrQrQrQaQ,B,llama-8b,meta-llama/llama-3.1-8b-instruct,coreweave/bf16,0,1.0,CoreWeave,B,3.608e-05,0.012431650315790417,4.026285200364743e-05,0
comprehension,own,neutral,0114,-1,0,1,0,rQaQrPrQrQrQ,B,llama-8b,meta-llama/llama-3.1-8b-instruct,coreweave/bf16,0,1.0,CoreWeave,B,3.608e-05,0.0021827164108627886,4.995214318515018e-06,0
comprehension,own,neutral,0114,1,0,0,0,rQrPrQrQrQaQ,A,llama-8b,meta-llama/llama-3.1-8b-instruct,coreweave/bf16,0,1.0,CoreWeave,A,3.608e-05,0.9984988176687523,8.836390269911353e-06,0
comprehension,own,neutral,0114,1,0,1,0,rQrQaQrPrQrQ,A,llama-8b,meta-llama/llama-3.1-8b-instruct,coreweave/bf16,0,1.0,CoreWeave,A,3.608e-05,0.9995694429079911,3.773661242515976e-06,0
comprehension,own,neutral,0120,-1,0,0,0,rPaQrP,B,llama-8b,meta-llama/llama-3.1-8b-instruct,coreweave/bf16,0,1.0,CoreWeave,B,3.212e-05,0.020332355383265187,3.491432126967453e-05,0
comprehension,own,neutral,0120,-1,0,1,0,aQrPrP,B,llama-8b,meta-llama/llama-3.1-8b-instruct,coreweave/bf16,0,1.0,CoreWeave,B,3.212e-05,0.010986944786145942,5.536655436788607e-06,0
comprehension,own,neutral,0120,1,0,0,0,rPrPaQ,A,llama-8b,meta-llama/llama-3.1-8b-instruct,coreweave/bf16,0,1.0,CoreWeave,A,3.212e-05,0.9149009625340367,2.443105467009321e-05,0
comprehension,own,neutral,0120,1,0,1,0,rPaQrP,A,llama-8b,meta-llama/llama-3.1-8b-instruct,coreweave/bf16,0,1.0,CoreWeave,A,3.212e-05,0.9465966735899122,4.1767725841711234e-05,0
comprehension,own,neutral,0121,-1,0,0,0,aQrPrQrP,B,llama-8b,meta-llama/llama-3.1-8b-instruct,coreweave/bf16,0,1.0,CoreWeave,B,3.344e-05,0.010986945120104858,4.562034738964105e-05,0
comprehension,own,neutral,0121,-1,0,1,0,aQrQrPrP,B,llama-8b,meta-llama/llama-3.1-8b-instruct,coreweave/bf16,0,1.0,CoreWeave,B,3.344e-05,0.003172682597279272,9.375763449059882e-06,0
comprehension,own,neutral,0121,1,0,0,0,aQrPrQrP,A,llama-8b,meta-llama/llama-3.1-8b-instruct,coreweave/bf16,0,1.0,CoreWeave,A,3.344e-05,0.9947798733246843,7.307098944005566e-06,0
comprehension,own,neutral,0121,1,0,1,0,rPaQrPrQ,A,llama-8b,meta-llama/llama-3.1-8b-instruct,coreweave/bf16,0,1.0,CoreWeave,A,3.344e-05,0.9968273177686887,8.306748886975027e-06,0
comprehension,own,neutral,0122,-1,0,0,0,rPrQaQrPrQ,B,llama-8b,meta-llama/llama-3.1-8b-instruct,coreweave/bf16,0,1.0,CoreWeave,B,3.476e-05,0.006692851487710037,8.2999613858048e-05,0
comprehension,own,neutral,0122,-1,0,1,0,aQrPrQrPrQ,B,llama-8b,meta-llama/llama-3.1-8b-instruct,coreweave/bf16,0,1.0,CoreWeave,B,3.476e-05,0.0021827169083220624,9.514624268125438e-06,0
comprehension,own,neutral,0122,1,0,0,0,rPaQrPrQrQ,A,llama-8b,meta-llama/llama-3.1-8b-instruct,coreweave/bf16,0,1.0,CoreWeave,A,3.476e-05,0.9796676479930108,2.020513897682888e-05,0
comprehension,own,neutral,0122,1,0,1,0,rQrPrPaQrQ,A,llama-8b,meta-llama/llama-3.1-8b-instruct,coreweave/bf16,0,1.0,CoreWeave,A,3.476e-05,0.999933947831682,2.9654451562831423e-06,0
comprehension,own,neutral,0123,-1,0,0,0,rQrPaQrQrQrP,B,llama-8b,meta-llama/llama-3.1-8b-instruct,coreweave/bf16,0,1.0,CoreWeave,B,3.608e-05,0.009708474457883394,3.9545523327966237e-05,0
comprehension,own,neutral,0123,-1,0,1,0,rQrPaQrQrQrP,B,llama-8b,meta-llama/llama-3.1-8b-instruct,coreweave/bf16,0,1.0,CoreWeave,B,3.608e-05,0.005911069504743467,7.1702528589012715e-06,0
comprehension,own,neutral,0123,1,0,0,0,rQrQaQrQrPrP,A,llama-8b,meta-llama/llama-3.1-8b-instruct,coreweave/bf16,0,1.0,CoreWeave,A,3.608e-05,0.9940889321862809,1.5467150199369346e-05,0
comprehension,own,neutral,0123,1,0,1,0,rPrPrQrQaQrQ,A,llama-8b,meta-llama/llama-3.1-8b-instruct,coreweave/bf16,0,1.0,CoreWeave,A,3.608e-05,0.9902915253451299,4.957894669725335e-05,0
comprehension,own,neutral,0130,-1,0,0,0,aQrPrPrP,B,llama-8b,meta-llama/llama-3.1-8b-instruct,coreweave/bf16,0,1.0,CoreWeave,B,3.344e-05,0.006692851818954534,2.2970805031441444e-05,0
comprehension,own,neutral,0130,-1,0,1,0,rPrPaQrP,B,llama-8b,meta-llama/llama-3.1-8b-instruct,coreweave/bf16,0,1.0,CoreWeave,B,3.344e-05,0.0015011819862647004,3.3614073317034254e-06,0
comprehension,own,neutral,0130,1,0,0,0,rPrPrPaQ,A,llama-8b,meta-llama/llama-3.1-8b-instruct,coreweave/bf16,0,1.0,CoreWeave,A,3.344e-05,0.9149009602137115,2.6604032604946037e-05,0
comprehension,own,neutral,0130,1,0,1,0,rPrPrPaQ,A,llama-8b,meta-llama/llama-3.1-8b-instruct,coreweave/bf16,0,1.0,CoreWeave,A,3.344e-05,0.9959298628635944,9.816099528183603e-06,0
comprehension,own,neutral,0131,-1,0,0,0,aQrQrPrPrP,B,llama-8b,meta-llama/llama-3.1-8b-instruct,coreweave/bf16,0,1.0,CoreWeave,B,3.476e-05,0.0024726226937659868,4.0396532662856366e-05,0
comprehension,own,neutral,0131,-1,0,1,0,rPrQrPaQrP,B,llama-8b,meta-llama/llama-3.1-8b-instruct,coreweave/bf16,0,1.0,CoreWeave,B,3.476e-05,0.0015011819841707216,4.313683107048938e-06,0
comprehension,own,neutral,0131,1,0,0,0,rPrQrPaQrP,A,llama-8b,meta-llama/llama-3.1-8b-instruct,coreweave/bf16,0,1.0,CoreWeave,A,3.476e-05,0.9706877712625633,4.015209280102544e-05,0
comprehension,own,neutral,0131,1,0,1,0,rPrPrQaQrP,A,llama-8b,meta-llama/llama-3.1-8b-instruct,coreweave/bf16,0,1.0,CoreWeave,A,3.476e-05,0.9924227585710613,5.526794729787676e-05,0
comprehension,own,neutral,0132,-1,0,0,0,rPrQrQrPrPaQ,B,llama-8b,meta-llama/llama-3.1-8b-instruct,coreweave/bf16,0,1.0,CoreWeave,B,3.608e-05,0.0059110691709166234,3.667703488974272e-05,0
comprehension,own,neutral,0132,-1,0,1,0,aQrPrQrQrPrP,B,llama-8b,meta-llama/llama-3.1-8b-instruct,coreweave/bf16,0,1.0,CoreWeave,B,3.608e-05,0.001926734265735699,7.636110835984589e-06,0
comprehension,own,neutral,0132,1,0,0,0,rPaQrPrQrQrP,A,llama-8b,meta-llama/llama-3.1-8b-instruct,coreweave/bf16,0,1.0,CoreWeave,A,3.608e-05,0.9770226313026177,2.222857664875219e-05,0
comprehension,own,neutral,0132,1,0,1,0,rPrPrQrPrQaQ,A,llama-8b,meta-llama/llama-3.1-8b-instruct,coreweave/bf16,0,1.0,CoreWeave,A,3.608e-05,0.9820137925382592,5.2713355153537894e-05,0
comprehension,own,neutral,0140,-1,0,0,0,rPrPaQrPrP,B,llama-8b,meta-llama/llama-3.1-8b-instruct,coreweave/bf16,0,1.0,CoreWeave,B,3.476e-05,0.0046095724806355055,1.9938524480789255e-05,0
comprehension,own,neutral,0140,-1,0,1,0,rPaQrPrPrP,B,llama-8b,meta-llama/llama-3.1-8b-instruct,coreweave/bf16,0,1.0,CoreWeave,B,3.476e-05,0.001325022666771791,3.70929749438087e-06,0
comprehension,own,neutral,0140,1,0,0,0,rPaQrPrPrP,A,llama-8b,meta-llama/llama-3.1-8b-instruct,coreweave/bf16,0,1.0,CoreWeave,A,3.476e-05,0.8807970732843033,3.373583150680093e-05,0
comprehension,own,neutral,0140,1,0,1,0,rPaQrPrPrP,A,llama-8b,meta-llama/llama-3.1-8b-instruct,coreweave/bf16,0,1.0,CoreWeave,A,3.476e-05,0.9933071501808952,1.4565927223805786e-05,0
comprehension,own,neutral,0141,-1,0,0,0,aQrQrPrPrPrP,B,llama-8b,meta-llama/llama-3.1-8b-instruct,coreweave/bf16,0,1.0,CoreWeave,B,3.608e-05,0.004609571734960416,2.9313270116571033e-05,0
comprehension,own,neutral,0141,-1,0,1,0,rPaQrPrPrQrP,B,llama-8b,meta-llama/llama-3.1-8b-instruct,coreweave/bf16,0,1.0,CoreWeave,B,3.608e-05,0.0010322312204213415,3.5809158401844954e-06,0
comprehension,own,neutral,0141,1,0,0,0,rQrPrPaQrPrP,A,llama-8b,meta-llama/llama-3.1-8b-instruct,coreweave/bf16,0,1.0,CoreWeave,A,3.608e-05,0.9992903296982352,6.149902111473628e-06,0
comprehension,own,neutral,0141,1,0,1,0,aQrPrQrPrPrP,A,llama-8b,meta-llama/llama-3.1-8b-instruct,coreweave/bf16,0,1.0,CoreWeave,A,3.608e-05,0.9995121428199121,3.760403184273082e-06,0
comprehension,own,neutral,0150,-1,0,0,0,aQrPrPrPrPrP,B,llama-8b,meta-llama/llama-3.1-8b-instruct,coreweave/bf16,0,1.0,CoreWeave,B,3.608e-05,0.007577241723080807,1.9068487957962788e-05,0
comprehension,own,neutral,0150,-1,0,1,0,rPrPrPrPrPaQ,B,llama-8b,meta-llama/llama-3.1-8b-instruct,coreweave/bf16,0,1.0,CoreWeave,B,3.608e-05,0.006692850775689211,1.0894203008038339e-05,0
comprehension,own,neutral,0150,1,0,0,0,rPaQrPrPrPrP,A,llama-8b,meta-llama/llama-3.1-8b-instruct,coreweave/bf16,0,1.0,CoreWeave,A,3.608e-05,0.8807970904940926,2.3578168388882492e-05,0
comprehension,own,neutral,0150,1,0,1,0,rPrPrPrPaQrP,A,llama-8b,meta-llama/llama-3.1-8b-instruct,coreweave/bf16,0,1.0,CoreWeave,A,3.608e-05,0.9770226314698787,3.271142677145969e-05,0
comprehension,own,neutral,0200,-1,0,0,0,aQaQ,B,llama-8b,meta-llama/llama-3.1-8b-instruct,coreweave/bf16,0,1.0,CoreWeave,A,3.08e-05,0.32082129433083023,0.0003229589189734927,0
comprehension,own,neutral,0200,-1,0,1,0,aQaQ,B,llama-8b,meta-llama/llama-3.1-8b-instruct,coreweave/bf16,0,1.0,CoreWeave,A,3.08e-05,0.18242552158390105,3.669943351991556e-05,0
comprehension,own,neutral,0200,1,0,0,0,aQaQ,A,llama-8b,meta-llama/llama-3.1-8b-instruct,coreweave/bf16,0,1.0,CoreWeave,A,3.08e-05,0.9991959142300171,2.193077394712652e-06,0
comprehension,own,neutral,0200,1,0,1,0,aQaQ,A,llama-8b,meta-llama/llama-3.1-8b-instruct,coreweave/bf16,0,1.0,CoreWeave,A,3.08e-05,0.9993736658910773,2.339290519937391e-06,0
comprehension,own,neutral,0201,-1,0,0,0,aQaQrQ,B,llama-8b,meta-llama/llama-3.1-8b-instruct,coreweave/bf16,0,1.0,CoreWeave,B,3.212e-05,0.08509904732734556,0.00012801270335438542,0
comprehension,own,neutral,0201,-1,0,1,0,aQrQaQ,B,llama-8b,meta-llama/llama-3.1-8b-instruct,coreweave/bf16,0,1.0,CoreWeave,B,3.212e-05,0.3486451285660856,5.768344508094714e-05,0
comprehension,own,neutral,0201,1,0,0,0,aQaQrQ,A,llama-8b,meta-llama/llama-3.1-8b-instruct,coreweave/bf16,0,1.0,CoreWeave,A,3.212e-05,0.9994472213165114,2.191212489198132e-06,0
comprehension,own,neutral,0201,1,0,1,0,rQaQaQ,A,llama-8b,meta-llama/llama-3.1-8b-instruct,coreweave/bf16,0,1.0,CoreWeave,A,3.212e-05,0.9991959140408004,5.766242109403962e-06,0
comprehension,own,neutral,0202,-1,0,0,0,aQrQrQaQ,B,llama-8b,meta-llama/llama-3.1-8b-instruct,coreweave/bf16,0,1.0,CoreWeave,B,3.344e-05,0.07585818211049714,0.00020873451941272325,0
comprehension,own,neutral,0202,-1,0,1,0,aQaQrQrQ,B,llama-8b,meta-llama/llama-3.1-8b-instruct,coreweave/bf16,0,1.0,CoreWeave,B,3.344e-05,0.2450850131323717,1.868205098942699e-05,0
comprehension,own,neutral,0202,1,0,0,0,aQrQaQrQ,A,llama-8b,meta-llama/llama-3.1-8b-instruct,coreweave/bf16,0,1.0,CoreWeave,A,3.344e-05,0.9982992772335791,6.069126948592086e-06,0
comprehension,own,neutral,0202,1,0,1,0,rQaQaQrQ,A,llama-8b,meta-llama/llama-3.1-8b-instruct,coreweave/bf16,0,1.0,CoreWeave,A,3.344e-05,0.9998204720978106,2.2336283942591577e-06,0
comprehension,own,neutral,0203,-1,0,0,0,rQaQrQaQrQ,B,llama-8b,meta-llama/llama-3.1-8b-instruct,coreweave/bf16,0,1.0,CoreWeave,B,3.476e-05,0.02595735432504323,0.00015675315834140502,0
comprehension,own,neutral,0203,-1,0,1,0,rQrQrQaQaQ,B,llama-8b,meta-llama/llama-3.1-8b-instruct,coreweave/bf16,0,1.0,CoreWeave,B,3.476e-05,0.1329642281726931,2.0517104538986253e-05,0
comprehension,own,neutral,0203,1,0,0,0,rQrQrQaQaQ,A,llama-8b,meta-llama/llama-3.1-8b-instruct,coreweave/bf16,0,1.0,CoreWeave,A,3.476e-05,0.9978172830891425,9.038953134839992e-06,0
comprehension,own,neutral,0203,1,0,1,0,aQaQrQrQrQ,A,llama-8b,meta-llama/llama-3.1-8b-instruct,coreweave/bf16,0,1.0,CoreWeave,A,3.476e-05,0.9997040429701852,2.21633560760847e-06,0
comprehension,own,neutral,0204,-1,0,0,0,rQrQaQrQaQrQ,B,llama-8b,meta-llama/llama-3.1-8b-instruct,coreweave/bf16,0,1.0,CoreWeave,B,3.608e-05,0.0293122300623838,7.405079642641699e-05,0
comprehension,own,neutral,0204,-1,0,1,0,rQrQaQaQrQrQ,B,llama-8b,meta-llama/llama-3.1-8b-instruct,coreweave/bf16,0,1.0,CoreWeave,B,3.608e-05,0.08509903862612588,1.657703568902491e-05,0
comprehension,own,neutral,0204,1,0,0,0,rQrQaQrQaQrQ,A,llama-8b,meta-llama/llama-3.1-8b-instruct,coreweave/bf16,0,1.0,CoreWeave,A,3.608e-05,0.9959298619235739,1.147754877240878e-05,0
comprehension,own,neutral,0204,1,0,1,0,rQaQaQrQrQrQ,A,llama-8b,meta-llama/llama-3.1-8b-instruct,coreweave/bf16,0,1.0,CoreWeave,A,3.608e-05,0.9997965730262599,2.5247646507008895e-06,0
comprehension,own,neutral,0210,-1,0,0,0,rPaQaQ,B,llama-8b,meta-llama/llama-3.1-8b-instruct,coreweave/bf16,0,1.0,CoreWeave,B,3.212e-05,0.033085978507880996,5.2861029176232144e-05,0
comprehension,own,neutral,0210,-1,0,1,0,aQrPaQ,B,llama-8b,meta-llama/llama-3.1-8b-instruct,coreweave/bf16,0,1.0,CoreWeave,B,3.212e-05,0.029312230857352094,1.3999079103266254e-05,0
comprehension,own,neutral,0210,1,0,0,0,rPaQaQ,A,llama-8b,meta-llama/llama-3.1-8b-instruct,coreweave/bf16,0,1.0,CoreWeave,A,3.212e-05,0.9740426436969952,1.1167831633959041e-05,0
comprehension,own,neutral,0210,1,0,1,0,rPaQaQ,A,llama-8b,meta-llama/llama-3.1-8b-instruct,coreweave/bf16,0,1.0,CoreWeave,A,3.212e-05,0.9971990724111778,4.412748803271638e-06,0
comprehension,own,neutral,0211,-1,0,0,0,aQaQrQrP,B,llama-8b,meta-llama/llama-3.1-8b-instruct,coreweave/bf16,0,1.0,CoreWeave,B,3.344e-05,0.029312233454248673,8.58480785399518e-05,0
comprehension,own,neutral,0211,-1,0,1,0,rQrPaQaQ,B,llama-8b,meta-llama/llama-3.1-8b-instruct,coreweave/bf16,0,1.0,CoreWeave,B,3.344e-05,0.007577242514463326,5.344819918540189e-06,0
comprehension,own,neutral,0211,1,0,0,0,aQrPaQrQ,A,llama-8b,meta-llama/llama-3.1-8b-instruct,coreweave/bf16,0,1.0,CoreWeave,A,3.344e-05,0.9940889312231085,8.00078715278759e-06,0
comprehension,own,neutral,0211,1,0,1,0,rQaQaQrP,A,llama-8b,meta-llama/llama-3.1-8b-instruct,coreweave/bf16,0,1.0,CoreWeave,A,3.344e-05,0.9999339478789158,1.2966750351512259e-06,0
comprehension,own,neutral,0212,-1,0,0,0,aQaQrQrQrP,B,llama-8b,meta-llama/llama-3.1-8b-instruct,coreweave/bf16,0,1.0,CoreWeave,B,3.476e-05,0.03732688948593844,0.00010446079895098936,0
comprehension,own,neutral,0212,-1,0,1,0,aQrPaQrQrQ,B,llama-8b,meta-llama/llama-3.1-8b-instruct,coreweave/bf16,0,1.0,CoreWeave,B,3.476e-05,0.025957358233872,1.7202596633736356e-05,0
comprehension,own,neutral,0212,1,0,0,0,aQrQrQrPaQ,A,llama-8b,meta-llama/llama-3.1-8b-instruct,coreweave/bf16,0,1.0,CoreWeave,A,3.476e-05,0.9989677691551947,9.892705995467226e-06,0
comprehension,own,neutral,0212,1,0,1,0,aQrPaQrQrQ,A,llama-8b,meta-llama/llama-3.1-8b-instruct,coreweave/bf16,0,1.0,CoreWeave,A,3.476e-05,0.9992903295277944,3.529060715999014e-06,0
comprehension,own,neutral,0213,-1,0,0,0,rQrQrQrPaQaQ,B,llama-8b,meta-llama/llama-3.1-8b-instruct,coreweave/bf16,0,1.0,CoreWeave,B,3.608e-05,0.03308597838870413,6.334723529399788e-05,0
comprehension,own,neutral,0213,-1,0,1,0,aQrQrPaQrQrQ,B,llama-8b,meta-llama/llama-3.1-8b-instruct,coreweave/bf16,0,1.0,CoreWeave,B,3.608e-05,0.0109869436223498,2.593440689313553e-05,0
comprehension,own,neutral,0213,1,0,0,0,aQaQrQrPrQrQ,A,llama-8b,meta-llama/llama-3.1-8b-instruct,coreweave/bf16,0,1.0,CoreWeave,A,3.608e-05,0.9991959142324958,6.004676511643897e-06,0
comprehension,own,neutral,0213,1,0,1,0,aQaQrPrQrQrQ,A,llama-8b,meta-llama/llama-3.1-8b-instruct,coreweave/bf16,0,1.0,CoreWeave,A,3.608e-05,0.9990889489704259,4.356798586803196e-06,0
comprehension,own,neutral,0220,-1,0,0,0,rPaQaQrP,B,llama-8b,meta-llama/llama-3.1-8b-instruct,coreweave/bf16,0,1.0,CoreWeave,B,3.344e-05,0.005911068774155236,2.802712412786068e-05,0
comprehension,own,neutral,0220,-1,0,1,0,aQrPaQrP,B,llama-8b,meta-llama/llama-3.1-8b-instruct,coreweave/bf16,0,1.0,CoreWeave,B,3.344e-05,0.017986206178666232,1.1158512944975385e-05,0
comprehension,own,neutral,0220,1,0,0,0,aQaQrPrP,A,llama-8b,meta-llama/llama-3.1-8b-instruct,coreweave/bf16,0,1.0,CoreWeave,A,3.344e-05,0.9940889311081845,4.682390256042536e-06,0
comprehension,own,neutral,0220,1,0,1,0,aQrPaQrP,A,llama-8b,meta-llama/llama-3.1-8b-instruct,coreweave/bf16,0,1.0,CoreWeave,A,3.344e-05,0.9982992776336297,4.403400317002032e-06,0
comprehension,own,neutral,0221,-1,0,0,0,aQaQrPrQrP,B,llama-8b,meta-llama/llama-3.1-8b-instruct,coreweave/bf16,0,1.0,CoreWeave,B,3.476e-05,0.012431651779335395,6.85124351451627e-05,0
comprehension,own,neutral,0221,-1,0,1,0,rPrQrPaQaQ,B,llama-8b,meta-llama/llama-3.1-8b-instruct,coreweave/bf16,0,1.0,CoreWeave,B,3.476e-05,0.0010322308494870268,5.6057403035048026e-06,0
comprehension,own,neutral,0221,1,0,0,0,aQaQrPrPrQ,A,llama-8b,meta-llama/llama-3.1-8b-instruct,coreweave/bf16,0,1.0,CoreWeave,A,3.476e-05,0.9978172838756453,1.0585954482561586e-05,0
comprehension,own,neutral,0221,1,0,1,0,rPrQaQrPaQ,A,llama-8b,meta-llama/llama-3.1-8b-instruct,coreweave/bf16,0,1.0,CoreWeave,A,3.476e-05,0.9964063971317891,2.968873121310476e-05,0
comprehension,own,neutral,0222,-1,0,0,0,rPaQaQrPrQrQ,B,llama-8b,meta-llama/llama-3.1-8b-instruct,coreweave/bf16,0,1.0,CoreWeave,B,3.608e-05,0.002800926394193493,2.9258187986935802e-05,0
comprehension,own,neutral,0222,-1,0,1,0,rQrQrPrPaQaQ,B,llama-8b,meta-llama/llama-3.1-8b-instruct,coreweave/bf16,0,1.0,CoreWeave,B,3.608e-05,0.01243165071597848,9.301395096916742e-06,0
comprehension,own,neutral,0222,1,0,0,0,rPrQaQrPrQaQ,A,llama-8b,meta-llama/llama-3.1-8b-instruct,coreweave/bf16,0,1.0,CoreWeave,A,3.608e-05,0.9669140193469353,7.175975590192896e-05,0
comprehension,own,neutral,0222,1,0,1,0,aQrQrPrPaQrQ,A,llama-8b,meta-llama/llama-3.1-8b-instruct,coreweave/bf16,0,1.0,CoreWeave,A,3.608e-05,0.9997388096904114,8.628959703216906e-06,0
comprehension,own,neutral,0230,-1,0,0,0,aQrPaQrPrP,B,llama-8b,meta-llama/llama-3.1-8b-instruct,coreweave/bf16,0,1.0,CoreWeave,B,3.476e-05,0.014063623905248032,0.00010423595467723423,0
comprehension,own,neutral,0230,-1,0,1,0,aQaQrPrPrP,B,llama-8b,meta-llama/llama-3.1-8b-instruct,coreweave/bf16,0,1.0,CoreWeave,B,3.476e-05,0.007577240161326164,1.5047748024410446e-05,0
comprehension,own,neutral,0230,1,0,0,0,rPrPrPaQaQ,A,llama-8b,meta-llama/llama-3.1-8b-instruct,coreweave/bf16,0,1.0,CoreWeave,A,3.476e-05,0.880797085800514,6.367011531767386e-05,0
comprehension,own,neutral,0230,1,0,1,0,rPrPaQrPaQ,A,llama-8b,meta-llama/llama-3.1-8b-instruct,coreweave/bf16,0,1.0,CoreWeave,A,3.476e-05,0.9940889318716081,2.648740816212601e-05,0
comprehension,own,neutral,0231,-1,0,0,0,rPrPrPrQaQaQ,B,llama-8b,meta-llama/llama-3.1-8b-instruct,coreweave/bf16,0,1.0,CoreWeave,B,3.608e-05,0.004070138272735632,2.8691572386274622e-05,0
comprehension,own,neutral,0231,-1,0,1,0,rPaQrPrPaQrQ,B,llama-8b,meta-llama/llama-3.1-8b-instruct,coreweave/bf16,0,1.0,CoreWeave,B,3.608e-05,0.002182716924549074,6.184224620620071e-06,0
comprehension,own,neutral,0231,1,0,0,0,rPaQaQrPrQrP,A,llama-8b,meta-llama/llama-3.1-8b-instruct,coreweave/bf16,0,1.0,CoreWeave,A,3.608e-05,0.9820137922750644,1.9350589397747198e-05,0
comprehension,own,neutral,0231,1,0,1,0,aQrPrPrQaQrP,A,llama-8b,meta-llama/llama-3.1-8b-instruct,coreweave/bf16,0,1.0,CoreWeave,A,3.608e-05,0.9994472213833361,5.408171715360287e-06,0
comprehension,own,neutral,0240,-1,0,0,0,rPaQaQrPrPrP,B,llama-8b,meta-llama/llama-3.1-8b-instruct,coreweave/bf16,0,1.0,CoreWeave,B,3.608e-05,0.0040701368683676705,2.5962419286429395e-05,0
comprehension,own,neutral,0240,-1,0,1,0,rPaQrPaQrPrP,B,llama-8b,meta-llama/llama-3.1-8b-instruct,coreweave/bf16,0,1.0,CoreWeave,B,3.608e-05,0.0028009265782326137,5.959284023582256e-06,0
comprehension,own,neutral,0240,1,0,0,0,rPrPrPaQaQrP,A,llama-8b,meta-llama/llama-3.1-8b-instruct,coreweave/bf16,0,1.0,CoreWeave,A,3.608e-05,0.731058584489497,0.00010767824550900196,0
comprehension,own,neutral,0240,1,0,1,0,rPaQrPrPrPaQ,A,llama-8b,meta-llama/llama-3.1-8b-instruct,coreweave/bf16,0,1.0,CoreWeave,A,3.608e-05,0.9959298615687067,1.9194012968321884e-05,0
comprehension,own,neutral,0300,-1,0,0,0,aQaQaQ,B,llama-8b,meta-llama/llama-3.1-8b-instruct,coreweave/bf16,0,1.0,CoreWeave,B,3.212e-05,0.2942149783515162,0.00035794248059672906,0
comprehension,own,neutral,0300,-1,0,1,0,aQaQaQ,B,llama-8b,meta-llama/llama-3.1-8b-instruct,coreweave/bf16,0,1.0,CoreWeave,B,3.212e-05,0.24508500210441886,6.119307305829658e-05,0
comprehension,own,neutral,0300,1,0,0,0,aQaQaQ,A,llama-8b,meta-llama/llama-3.1-8b-instruct,coreweave/bf16,0,1.0,CoreWeave,A,3.212e-05,0.9940889319208612,7.882746363644354e-06,0
comprehension,own,neutral,0300,1,0,1,0,aQaQaQ,A,llama-8b,meta-llama/llama-3.1-8b-instruct,coreweave/bf16,0,1.0,CoreWeave,A,3.212e-05,0.9971990724261351,6.314747128591518e-06,0
comprehension,own,neutral,0301,-1,0,0,0,aQaQrQaQ,B,llama-8b,meta-llama/llama-3.1-8b-instruct,coreweave/bf16,0,1.0,CoreWeave,B,3.344e-05,0.14804719239327382,0.00019299198613142998,0
comprehension,own,neutral,0301,-1,0,1,0,aQrQaQaQ,B,llama-8b,meta-llama/llama-3.1-8b-instruct,coreweave/bf16,0,1.0,CoreWeave,B,3.344e-05,0.2018132150593341,5.1178594453471504e-05,0
comprehension,own,neutral,0301,1,0,0,0,aQaQaQrQ,A,llama-8b,meta-llama/llama-3.1-8b-instruct,coreweave/bf16,0,1.0,CoreWeave,A,3.344e-05,0.9990889488604355,2.5701851553558072e-06,0
comprehension,own,neutral,0301,1,0,1,0,rQaQaQaQ,A,llama-8b,meta-llama/llama-3.1-8b-instruct,coreweave/bf16,0,1.0,CoreWeave,A,3.344e-05,0.9997694931743321,1.6593335198607012e-06,0
comprehension,own,neutral,0302,-1,0,0,0,aQrQaQaQrQ,B,llama-8b,meta-llama/llama-3.1-8b-instruct,coreweave/bf16,0,1.0,CoreWeave,B,3.476e-05,0.06008665543376799,0.00022753528030305947,0
comprehension,own,neutral,0302,-1,0,1,0,aQrQrQaQaQ,B,llama-8b,meta-llama/llama-3.1-8b-instruct,coreweave/bf16,0,1.0,CoreWeave,B,3.476e-05,0.09534945782972029,5.36232245342827e-05,0
comprehension,own,neutral,0302,1,0,0,0,aQaQrQrQaQ,A,llama-8b,meta-llama/llama-3.1-8b-instruct,coreweave/bf16,0,1.0,CoreWeave,A,3.476e-05,0.9947798742774242,1.9522188386072482e-05,0
comprehension,own,neutral,0302,1,0,1,0,aQaQaQrQrQ,A,llama-8b,meta-llama/llama-3.1-8b-instruct,coreweave/bf16,0,1.0,CoreWeave,A,3.476e-05,0.9998601779257442,1.3019941972513735e-06,0
comprehension,own,neutral,0303,-1,0,0,0,rQaQaQrQaQrQ,B,llama-8b,meta-llama/llama-3.1-8b-instruct,coreweave/bf16,0,1.0,CoreWeave,B,3.608e-05,0.01406362876075054,9.647575437299327e-05,0
comprehension,own,neutral,0303,-1,0,1,0,rQrQaQrQaQaQ,B,llama-8b,meta-llama/llama-3.1-8b-instruct,coreweave/bf16,0,1.0,CoreWeave,B,3.608e-05,0.06754668832401889,1.4815995439509955e-05,0
comprehension,own,neutral,0303,1,0,0,0,rQaQaQrQaQrQ,A,llama-8b,meta-llama/llama-3.1-8b-instruct,coreweave/bf16,0,1.0,CoreWeave,A,3.608e-05,0.9959298614913155,1.4444735672779381e-05,0
comprehension,own,neutral,0303,1,0,1,0,rQaQrQrQaQaQ,A,llama-8b,meta-llama/llama-3.1-8b-instruct,coreweave/bf16,0,1.0,CoreWeave,A,3.608e-05,0.9986749773407765,7.99511004428554e-06,0
comprehension,own,neutral,0310,-1,0,0,0,aQaQrPaQ,B,llama-8b,meta-llama/llama-3.1-8b-instruct,coreweave/bf16,0,1.0,CoreWeave,B,3.344e-05,0.03732688975366457,0.00011042779471359676,0
comprehension,own,neutral,0310,-1,0,1,0,aQrPaQaQ,B,llama-8b,meta-llama/llama-3.1-8b-instruct,coreweave/bf16,0,1.0,CoreWeave,B,3.344e-05,0.01590638888361609,1.0182764388133592e-05,0
comprehension,own,neutral,0310,1,0,0,0,rPaQaQaQ,A,llama-8b,meta-llama/llama-3.1-8b-instruct,coreweave/bf16,0,1.0,CoreWeave,A,3.344e-05,0.9875683517308854,6.243570549286162e-06,0
comprehension,own,neutral,0310,1,0,1,0,aQaQaQrP,A,llama-8b,meta-llama/llama-3.1-8b-instruct,coreweave/bf16,0,1.0,CoreWeave,A,3.344e-05,0.9989677689009426,2.032834309841601e-06,0
comprehension,own,neutral,0311,-1,0,0,0,rQaQaQrPaQ,B,llama-8b,meta-llama/llama-3.1-8b-instruct,coreweave/bf16,0,1.0,CoreWeave,B,3.476e-05,0.009708474923488291,0.00014305769347944253,0
comprehension,own,neutral,0311,-1,0,1,0,aQaQrPaQrQ,B,llama-8b,meta-llama/llama-3.1-8b-instruct,coreweave/bf16,0,1.0,CoreWeave,B,3.476e-05,0.014063625764801987,1.9973235523829125e-05,0
comprehension,own,neutral,0311,1,0,0,0,aQrPaQrQaQ,A,llama-8b,meta-llama/llama-3.1-8b-instruct,coreweave/bf16,0,1.0,CoreWeave,A,3.476e-05,0.9902915251302353,1.0978440436373166e-05,0
comprehension,own,neutral,0311,1,0,1,0,rPrQaQaQaQ,A,llama-8b,meta-llama/llama-3.1-8b-instruct,coreweave/bf16,0,1.0,CoreWeave,A,3.476e-05,0.9993736659662055,3.6498490484031905e-06,0
comprehension,own,neutral,0312,-1,0,0,0,rQrPrQaQaQaQ,B,llama-8b,meta-llama/llama-3.1-8b-instruct,coreweave/bf16,0,1.0,CoreWeave,B,3.608e-05,0.006692850224647057,2.3209426166515e-05,0
comprehension,own,neutral,0312,-1,0,1,0,aQrQrQaQaQrP,B,llama-8b,meta-llama/llama-3.1-8b-instruct,coreweave/bf16,0,1.0,CoreWeave,B,3.608e-05,0.0035936033309111022,2.6956542287015495e-05,0
comprehension,own,neutral,0312,1,0,0,0,rQaQrQrPaQaQ,A,llama-8b,meta-llama/llama-3.1-8b-instruct,coreweave/bf16,0,1.0,CoreWeave,A,3.608e-05,0.9971990731687949,1.606307052718324e-05,0
comprehension,own,neutral,0312,1,0,1,0,rQrPaQaQrQaQ,A,llama-8b,meta-llama/llama-3.1-8b-instruct,coreweave/bf16,0,1.0,CoreWeave,A,3.608e-05,0.9997040427587953,4.837933475059831e-06,0
comprehension,own,neutral,0320,-1,0,0,0,rPrPaQaQaQ,B,llama-8b,meta-llama/llama-3.1-8b-instruct,coreweave/bf16,0,1.0,CoreWeave,B,3.476e-05,0.0035936033867686144,2.2680657581486408e-05,0
comprehension,own,neutral,0320,-1,0,1,0,aQaQaQrPrP,B,llama-8b,meta-llama/llama-3.1-8b-instruct,coreweave/bf16,0,1.0,CoreWeave,B,3.476e-05,0.00857748691057045,1.882732001368126e-05,0
comprehension,own,neutral,0320,1,0,0,0,rPrPaQaQaQ,A,llama-8b,meta-llama/llama-3.1-8b-instruct,coreweave/bf16,0,1.0,CoreWeave,A,3.476e-05,0.9399133534026292,3.834744096951198e-05,0
comprehension,own,neutral,0320,1,0,1,0,aQrPaQrPaQ,A,llama-8b,meta-llama/llama-3.1-8b-instruct,coreweave/bf16,0,1.0,CoreWeave,A,3.476e-05,0.9980732652784664,8.34950720968175e-06,0
comprehension,own,neutral,0321,-1,0,0,0,aQaQrPaQrQrP,B,llama-8b,meta-llama/llama-3.1-8b-instruct,coreweave/bf16,0,1.0,CoreWeave,B,3.608e-05,0.01406363032329292,6.368772159348612e-05,0
comprehension,own,neutral,0321,-1,0,1,0,aQrPaQaQrQrP,B,llama-8b,meta-llama/llama-3.1-8b-instruct,coreweave/bf16,0,1.0,CoreWeave,B,3.608e-05,0.0035936027264828543,7.715193922286367e-06,0
comprehension,own,neutral,0321,1,0,0,0,aQrPrQrPaQaQ,A,llama-8b,meta-llama/llama-3.1-8b-instruct,coreweave/bf16,0,1.0,CoreWeave,A,3.608e-05,0.9953904279018168,1.2226284835810917e-05,0
comprehension,own,neutral,0321,1,0,1,0,rQaQrPaQaQrP,A,llama-8b,meta-llama/llama-3.1-8b-instruct,coreweave/bf16,0,1.0,CoreWeave,A,3.608e-05,0.9998766053808738,2.8324263047946633e-06,0
comprehension,own,neutral,0330,-1,0,0,0,rPaQrPaQaQrP,B,llama-8b,meta-llama/llama-3.1-8b-instruct,coreweave/bf16,0,1.0,CoreWeave,B,3.608e-05,0.002800926409150735,2.735623330019088e-05,0
comprehension,own,neutral,0330,-1,0,1,0,rPrPaQaQrPaQ,B,llama-8b,meta-llama/llama-3.1-8b-instruct,coreweave/bf16,0,1.0,CoreWeave,B,3.608e-05,0.0013250221899916096,5.733645719208091e-06,0
comprehension,own,neutral,0330,1,0,0,0,rPaQaQrPrPaQ,A,llama-8b,meta-llama/llama-3.1-8b-instruct,coreweave/bf16,0,1.0,CoreWeave,A,3.608e-05,0.9525741305249489,7.594523457985641e-05,0
comprehension,own,neutral,0330,1,0,1,0,rPrPaQaQrPaQ,A,llama-8b,meta-llama/llama-3.1-8b-instruct,coreweave/bf16,0,1.0,CoreWeave,A,3.608e-05,0.992422758984261,3.1372592909432485e-05,0
comprehension,own,neutral,0400,-1,0,0,0,aQaQaQaQ,B,llama-8b,meta-llama/llama-3.1-8b-instruct,coreweave/bf16,0,1.0,CoreWeave,B,3.344e-05,0.2689414213699951,0.00021473271411742711,0
comprehension,own,neutral,0400,-1,0,1,0,aQaQaQaQ,B,llama-8b,meta-llama/llama-3.1-8b-instruct,coreweave/bf16,0,1.0,CoreWeave,B,3.344e-05,0.18242552602881168,3.2313206782319526e-05,0
comprehension,own,neutral,0400,1,0,0,0,aQaQaQaQ,A,llama-8b,meta-llama/llama-3.1-8b-instruct,coreweave/bf16,0,1.0,CoreWeave,A,3.344e-05,0.9947798732859943,5.884008543187262e-06,0
comprehension,own,neutral,0400,1,0,1,0,aQaQaQaQ,A,llama-8b,meta-llama/llama-3.1-8b-instruct,coreweave/bf16,0,1.0,CoreWeave,A,3.344e-05,0.9978172838411629,3.4492451184363858e-06,0
comprehension,own,neutral,0401,-1,0,0,0,rQaQaQaQaQ,B,llama-8b,meta-llama/llama-3.1-8b-instruct,coreweave/bf16,0,1.0,CoreWeave,B,3.476e-05,0.03308597826952727,7.740933968880537e-05,0
comprehension,own,neutral,0401,-1,0,1,0,aQaQaQrQaQ,B,llama-8b,meta-llama/llama-3.1-8b-instruct,coreweave/bf16,0,1.0,CoreWeave,B,3.476e-05,0.2689414096510109,5.10365410385516e-05,0
comprehension,own,neutral,0401,1,0,0,0,aQrQaQaQaQ,A,llama-8b,meta-llama/llama-3.1-8b-instruct,coreweave/bf16,0,1.0,CoreWeave,A,3.476e-05,0.9947798747392853,1.3711762019965809e-05,0
comprehension,own,neutral,0401,1,0,1,0,aQrQaQaQaQ,A,llama-8b,meta-llama/llama-3.1-8b-instruct,coreweave/bf16,0,1.0,CoreWeave,A,3.476e-05,0.9991959141362039,5.170760059422172e-06,0
comprehension,own,neutral,0402,-1,0,0,0,aQaQaQrQrQaQ,B,llama-8b,meta-llama/llama-3.1-8b-instruct,coreweave/bf16,0,1.0,CoreWeave,B,3.608e-05,0.2018132150593341,0.00023580728672689677,0
comprehension,own,neutral,0402,-1,0,1,0,aQrQaQrQaQaQ,B,llama-8b,meta-llama/llama-3.1-8b-instruct,coreweave/bf16,0,1.0,CoreWeave,B,3.608e-05,0.11920293453832885,4.905961066881126e-05,0
comprehension,own,neutral,0402,1,0,0,0,rQaQaQaQaQrQ,A,llama-8b,meta-llama/llama-3.1-8b-instruct,coreweave/bf16,0,1.0,CoreWeave,A,3.608e-05,0.998830489847136,6.066644712709318e-06,0
comprehension,own,neutral,0402,1,0,1,0,rQaQaQrQaQaQ,A,llama-8b,meta-llama/llama-3.1-8b-instruct,coreweave/bf16,0,1.0,CoreWeave,A,3.608e-05,0.9992903296979874,5.673416768212265e-06,0
comprehension,own,neutral,0410,-1,0,0,0,aQaQaQrPaQ,B,llama-8b,meta-llama/llama-3.1-8b-instruct,coreweave/bf16,0,1.0,CoreWeave,B,3.476e-05,0.05340333507274788,0.00015683626515117233,0
comprehension,own,neutral,0410,-1,0,1,0,rPaQaQaQaQ,B,llama-8b,meta-llama/llama-3.1-8b-instruct,coreweave/bf16,0,1.0,CoreWeave,B,3.476e-05,0.005220126123984008,4.817311698102067e-06,0
comprehension,own,neutral,0410,1,0,0,0,aQaQaQaQrP,A,llama-8b,meta-llama/llama-3.1-8b-instruct,coreweave/bf16,0,1.0,CoreWeave,A,3.476e-05,0.9924227603464191,8.305097275784767e-06,0
comprehension,own,neutral,0410,1,0,1,0,aQaQaQaQrP,A,llama-8b,meta-llama/llama-3.1-8b-instruct,coreweave/bf16,0,1.0,CoreWeave,A,3.476e-05,0.9978172830708871,5.2326466382793604e-06,0
comprehension,own,neutral,0411,-1,0,0,0,rQaQaQaQrPaQ,B,llama-8b,meta-llama/llama-3.1-8b-instruct,coreweave/bf16,0,1.0,CoreWeave,B,3.608e-05,0.00857748622154033,6.928950531814859e-05,0
comprehension,own,neutral,0411,-1,0,1,0,aQrPaQrQaQaQ,B,llama-8b,meta-llama/llama-3.1-8b-instruct,coreweave/bf16,0,1.0,CoreWeave,B,3.608e-05,0.017986209238305784,1.4666438075905397e-05,0
comprehension,own,neutral,0411,1,0,0,0,aQrQaQaQaQrP,A,llama-8b,meta-llama/llama-3.1-8b-instruct,coreweave/bf16,0,1.0,CoreWeave,A,3.608e-05,0.9988304898457762,5.114138512955085e-06,0
comprehension,own,neutral,0411,1,0,1,0,aQaQrPaQaQrQ,A,llama-8b,meta-llama/llama-3.1-8b-instruct,coreweave/bf16,0,1.0,CoreWeave,A,3.608e-05,0.9988304898431923,3.2090071127770584e-06,0
comprehension,own,neutral,0420,-1,0,0,0,rPaQaQrPaQaQ,B,llama-8b,meta-llama/llama-3.1-8b-instruct,coreweave/bf16,0,1.0,CoreWeave,B,3.608e-05,0.005911070164188354,4.828866923967112e-05,0
comprehension,own,neutral,0420,-1,0,1,0,rPaQaQrPaQaQ,B,llama-8b,meta-llama/llama-3.1-8b-instruct,coreweave/bf16,0,1.0,CoreWeave,B,3.608e-05,0.004070138595513821,9.220921980857e-06,0
comprehension,own,neutral,0420,1,0,0,0,aQaQaQaQrPrP,A,llama-8b,meta-llama/llama-3.1-8b-instruct,coreweave/bf16,0,1.0,CoreWeave,A,3.608e-05,0.9890130556085328,8.838569294020507e-06,0
comprehension,own,neutral,0420,1,0,1,0,aQaQrPaQaQrP,A,llama-8b,meta-llama/llama-3.1-8b-instruct,coreweave/bf16,0,1.0,CoreWeave,A,3.608e-05,0.9984988174806431,4.670191306768842e-06,0
comprehension,own,neutral,0500,-1,0,0,0,aQaQaQaQaQ,B,llama-8b,meta-llama/llama-3.1-8b-instruct,coreweave/bf16,0,1.0,CoreWeave,A,3.476e-05,0.29421495978593415,0.00019341592834543064,0
comprehension,own,neutral,0500,-1,0,1,0,aQaQaQaQaQ,B,llama-8b,meta-llama/llama-3.1-8b-instruct,coreweave/bf16,0,1.0,CoreWeave,B,3.476e-05,0.18242552825126704,4.6629939211007e-05,0
comprehension,own,neutral,0500,1,0,0,0,aQaQaQaQaQ,A,llama-8b,meta-llama/llama-3.1-8b-instruct,coreweave/bf16,0,1.0,CoreWeave,A,3.476e-05,0.9890130587356021,1.3322274326451819e-05,0
comprehension,own,neutral,0500,1,0,1,0,aQaQaQaQaQ,A,llama-8b,meta-llama/llama-3.1-8b-instruct,coreweave/bf16,0,1.0,CoreWeave,A,3.476e-05,0.9959298623275185,6.609975291942127e-06,0
comprehension,own,neutral,0501,-1,0,0,0,aQaQaQrQaQaQ,B,llama-8b,meta-llama/llama-3.1-8b-instruct,coreweave/bf16,0,1.0,CoreWeave,B,3.608e-05,0.10669058400428263,0.0001200780381499511,0
comprehension,own,neutral,0501,-1,0,1,0,aQaQaQaQaQrQ,B,llama-8b,meta-llama/llama-3.1-8b-instruct,coreweave/bf16,0,1.0,CoreWeave,B,3.608e-05,0.320821300824607,4.706070983895305e-05,0
comprehension,own,neutral,0501,1,0,0,0,aQaQaQaQaQrQ,A,llama-8b,meta-llama/llama-3.1-8b-instruct,coreweave/bf16,0,1.0,CoreWeave,A,3.608e-05,0.9984988174816901,5.146328684646918e-06,0
comprehension,own,neutral,0501,1,0,1,0,aQaQrQaQaQaQ,A,llama-8b,meta-llama/llama-3.1-8b-instruct,coreweave/bf16,0,1.0,CoreWeave,A,3.608e-05,0.9992903296122924,3.4099946051393583e-06,0
comprehension,own,neutral,0510,-1,0,0,0,aQaQaQaQaQrP,B,llama-8b,meta-llama/llama-3.1-8b-instruct,coreweave/bf16,0,1.0,CoreWeave,B,3.608e-05,0.04742587385075148,0.00013134486641863674,0
comprehension,own,neutral,0510,-1,0,1,0,aQaQaQaQaQrP,B,llama-8b,meta-llama/llama-3.1-8b-instruct,coreweave/bf16,0,1.0,CoreWeave,B,3.608e-05,0.03732688975366456,3.366254324443929e-05,0
comprehension,own,neutral,0510,1,0,0,0,aQaQaQrPaQaQ,A,llama-8b,meta-llama/llama-3.1-8b-instruct,coreweave/bf16,0,1.0,CoreWeave,A,3.608e-05,0.9875683481977967,1.1772930591000264e-05,0
comprehension,own,neutral,0510,1,0,1,0,rPaQaQaQaQaQ,A,llama-8b,meta-llama/llama-3.1-8b-instruct,coreweave/bf16,0,1.0,CoreWeave,A,3.608e-05,0.9982992772280448,4.1650421445224486e-06,0
comprehension,own,neutral,0600,-1,0,0,0,aQaQaQaQaQaQ,B,llama-8b,meta-llama/llama-3.1-8b-instruct,coreweave/bf16,0,1.0,CoreWeave,B,3.608e-05,0.32082130731838393,0.00030798375642082654,0
comprehension,own,neutral,0600,-1,0,1,0,aQaQaQaQaQaQ,B,llama-8b,meta-llama/llama-3.1-8b-instruct,coreweave/bf16,0,1.0,CoreWeave,A,3.608e-05,0.22270013882530887,6.898317733894377e-05,0
comprehension,own,neutral,0600,1,0,0,0,aQaQaQaQaQaQ,A,llama-8b,meta-llama/llama-3.1-8b-instruct,coreweave/bf16,0,1.0,CoreWeave,A,3.608e-05,0.9875683505874912,1.7779498250134612e-05,0
comprehension,own,neutral,0600,1,0,1,0,aQaQaQaQaQaQ,A,llama-8b,meta-llama/llama-3.1-8b-instruct,coreweave/bf16,0,1.0,CoreWeave,A,3.608e-05,0.9968273170168711,8.543712767270732e-06,0
comprehension,own,neutral,1000,-1,0,0,0,aP,B,llama-8b,meta-llama/llama-3.1-8b-instruct,coreweave/bf16,0,1.0,CoreWeave,B,2.948e-05,0.0008040860576893585,1.597209799641952e-06,0
comprehension,own,neutral,1000,-1,0,1,0,aP,B,llama-8b,meta-llama/llama-3.1-8b-instruct,coreweave/bf16,0,1.0,CoreWeave,B,2.948e-05,0.0001233946338773112,9.095114539281468e-08,0
comprehension,own,neutral,1000,1,0,0,0,aP,A,llama-8b,meta-llama/llama-3.1-8b-instruct,coreweave/bf16,0,1.0,CoreWeave,A,2.948e-05,0.9968273173445488,3.6720900249294884e-06,0
comprehension,own,neutral,1000,1,0,1,0,aP,A,llama-8b,meta-llama/llama-3.1-8b-instruct,coreweave/bf16,0,1.0,CoreWeave,A,2.948e-05,0.9996646497287248,1.6605450421200603e-06,0
comprehension,own,neutral,1001,-1,0,0,0,aPrQ,B,llama-8b,meta-llama/llama-3.1-8b-instruct,coreweave/bf16,0,1.0,CoreWeave,B,3.08e-05,0.05340332546849447,3.3644168733193425e-05,0
comprehension,own,neutral,1001,-1,0,1,0,rQaP,B,llama-8b,meta-llama/llama-3.1-8b-instruct,coreweave/bf16,0,1.0,CoreWeave,B,3.08e-05,0.05340332659840654,5.770902388735344e-06,0
comprehension,own,neutral,1001,1,0,0,0,aPrQ,A,llama-8b,meta-llama/llama-3.1-8b-instruct,coreweave/bf16,0,1.0,CoreWeave,A,3.08e-05,0.9859363740027537,1.0453165239223891e-05,0
comprehension,own,neutral,1001,1,0,1,0,aPrQ,A,llama-8b,meta-llama/llama-3.1-8b-instruct,coreweave/bf16,0,1.0,CoreWeave,A,3.08e-05,0.9988304898445521,4.161515127208823e-06,0
comprehension,own,neutral,1002,-1,0,0,0,rQrQaP,B,llama-8b,meta-llama/llama-3.1-8b-instruct,coreweave/bf16,0,1.0,CoreWeave,B,3.212e-05,0.042087723560105816,3.9661560089832015e-05,0
comprehension,own,neutral,1002,-1,0,1,0,aPrQrQ,B,llama-8b,meta-llama/llama-3.1-8b-instruct,coreweave/bf16,0,1.0,CoreWeave,B,3.212e-05,0.10669060317692272,8.685018550891321e-06,0
comprehension,own,neutral,1002,1,0,0,0,aPrQrQ,A,llama-8b,meta-llama/llama-3.1-8b-instruct,coreweave/bf16,0,1.0,CoreWeave,A,3.212e-05,0.9859363729309274,1.3390365830024537e-05,0
comprehension,own,neutral,1002,1,0,1,0,rQrQaP,A,llama-8b,meta-llama/llama-3.1-8b-instruct,coreweave/bf16,0,1.0,CoreWeave,A,3.212e-05,0.9990889486451703,4.713808245860912e-06,0
comprehension,own,neutral,1003,-1,0,0,0,rQrQrQaP,B,llama-8b,meta-llama/llama-3.1-8b-instruct,coreweave/bf16,0,1.0,CoreWeave,B,3.344e-05,0.025957354466326188,4.518997217217713e-05,0
comprehension,own,neutral,1003,-1,0,1,0,rQaPrQrQ,B,llama-8b,meta-llama/llama-3.1-8b-instruct,coreweave/bf16,0,1.0,CoreWeave,B,3.344e-05,0.03308597481339833,7.451205481845413e-06,0
comprehension,own,neutral,1003,1,0,0,0,rQaPrQrQ,A,llama-8b,meta-llama/llama-3.1-8b-instruct,coreweave/bf16,0,1.0,CoreWeave,A,3.344e-05,0.9975273765286603,9.71735931810545e-06,0
comprehension,own,neutral,1003,1,0,1,0,rQrQrQaP,A,llama-8b,meta-llama/llama-3.1-8b-instruct,coreweave/bf16,0,1.0,CoreWeave,A,3.344e-05,0.999512142877899,3.16470785251613e-06,0
comprehension,own,neutral,1004,-1,0,0,0,aPrQrQrQrQ,B,llama-8b,meta-llama/llama-3.1-8b-instruct,coreweave/bf16,0,1.0,CoreWeave,B,3.476e-05,0.014063624370136498,2.7026458864654046e-05,0
comprehension,own,neutral,1004,-1,0,1,0,rQaPrQrQrQ,B,llama-8b,meta-llama/llama-3.1-8b-instruct,coreweave/bf16,0,1.0,CoreWeave,B,3.476e-05,0.02595735771583442,9.076514465022889e-06,0
comprehension,own,neutral,1004,1,0,0,0,rQrQaPrQrQ,A,llama-8b,meta-llama/llama-3.1-8b-instruct,coreweave/bf16,0,1.0,CoreWeave,A,3.476e-05,0.9984988176622958,5.9796893842206395e-06,0
comprehension,own,neutral,1004,1,0,1,0,rQrQrQrQaP,A,llama-8b,meta-llama/llama-3.1-8b-instruct,coreweave/bf16,0,1.0,CoreWeave,A,3.476e-05,0.9993736657428614,4.9601072013988334e-06,0
comprehension,own,neutral,1005,-1,0,0,0,aPrQrQrQrQrQ,B,llama-8b,meta-llama/llama-3.1-8b-instruct,coreweave/bf16,0,1.0,CoreWeave,B,3.608e-05,0.01590639421929019,1.8624316632576132e-05,0
comprehension,own,neutral,1005,-1,0,1,0,rQrQrQrQaPrQ,B,llama-8b,meta-llama/llama-3.1-8b-instruct,coreweave/bf16,0,1.0,CoreWeave,B,3.608e-05,0.02033235449281872,8.406638616120787e-06,0
comprehension,own,neutral,1005,1,0,0,0,rQrQrQrQrQaP,A,llama-8b,meta-llama/llama-3.1-8b-instruct,coreweave/bf16,0,1.0,CoreWeave,A,3.608e-05,0.9875683498785867,2.260479656832938e-05,0
comprehension,own,neutral,1005,1,0,1,0,rQrQrQrQaPrQ,A,llama-8b,meta-llama/llama-3.1-8b-instruct,coreweave/bf16,0,1.0,CoreWeave,A,3.608e-05,0.9995121428199121,3.760403184273082e-06,0
comprehension,own,neutral,1010,-1,0,0,0,rPaP,B,llama-8b,meta-llama/llama-3.1-8b-instruct,coreweave/bf16,0,1.0,CoreWeave,B,3.08e-05,0.014063626371739791,2.526148122095062e-05,0
comprehension,own,neutral,1010,-1,0,1,0,rPaP,B,llama-8b,meta-llama/llama-3.1-8b-instruct,coreweave/bf16,0,1.0,CoreWeave,B,3.08e-05,0.01590639421929019,3.84253078045127e-06,0
comprehension,own,neutral,1010,1,0,0,0,aPrP,A,llama-8b,meta-llama/llama-3.1-8b-instruct,coreweave/bf16,0,1.0,CoreWeave,B,3.08e-05,0.24508501864634827,7.186948412551963e-05,0
comprehension,own,neutral,1010,1,0,1,0,aPrP,A,llama-8b,meta-llama/llama-3.1-8b-instruct,coreweave/bf16,0,1.0,CoreWeave,A,3.08e-05,0.904650527388829,3.279831342305195e-05,0
comprehension,own,neutral,1011,-1,0,0,0,rQaPrP,B,llama-8b,meta-llama/llama-3.1-8b-instruct,coreweave/bf16,0,1.0,CoreWeave,B,3.212e-05,0.012431652442504269,1.7069568648997446e-05,0
comprehension,own,neutral,1011,-1,0,1,0,aPrPrQ,B,llama-8b,meta-llama/llama-3.1-8b-instruct,coreweave/bf16,0,1.0,CoreWeave,B,3.212e-05,0.004070138210445108,3.4043045405995898e-06,0
comprehension,own,neutral,1011,1,0,0,0,rPrQaP,A,llama-8b,meta-llama/llama-3.1-8b-instruct,coreweave/bf16,0,1.0,CoreWeave,A,3.212e-05,0.9669140211345885,2.1163337508962876e-05,0
comprehension,own,neutral,1011,1,0,1,0,rPrQaP,A,llama-8b,meta-llama/llama-3.1-8b-instruct,coreweave/bf16,0,1.0,CoreWeave,A,3.212e-05,0.9978172833416754,7.492757865669962e-06,0
comprehension,own,neutral,1012,-1,0,0,0,aPrQrQrP,B,llama-8b,meta-llama/llama-3.1-8b-instruct,coreweave/bf16,0,1.0,CoreWeave,B,3.344e-05,0.01590639077880068,3.2235952038051074e-05,0
comprehension,own,neutral,1012,-1,0,1,0,rQaPrQrP,B,llama-8b,meta-llama/llama-3.1-8b-instruct,coreweave/bf16,0,1.0,CoreWeave,B,3.344e-05,0.010986942114474974,6.247157757877098e-06,0
comprehension,own,neutral,1012,1,0,0,0,rQrQrPaP,A,llama-8b,meta-llama/llama-3.1-8b-instruct,coreweave/bf16,0,1.0,CoreWeave,A,3.344e-05,0.9980732652661537,5.018059875202098e-06,0
comprehension,own,neutral,1012,1,0,1,0,aPrQrQrP,A,llama-8b,meta-llama/llama-3.1-8b-instruct,coreweave/bf16,0,1.0,CoreWeave,A,3.344e-05,0.9992903296134894,5.792482609509771e-06,0
comprehension,own,neutral,1013,-1,0,0,0,rPrQrQrQaP,B,llama-8b,meta-llama/llama-3.1-8b-instruct,coreweave/bf16,0,1.0,CoreWeave,B,3.476e-05,0.0040701383425765245,2.4417310807489656e-05,0
comprehension,own,neutral,1013,-1,0,1,0,rPrQrQrQaP,B,llama-8b,meta-llama/llama-3.1-8b-instruct,coreweave/bf16,0,1.0,CoreWeave,B,3.476e-05,0.0007096705569099884,3.1715821111610865e-06,0
comprehension,own,neutral,1013,1,0,0,0,aPrQrQrPrQ,A,llama-8b,meta-llama/llama-3.1-8b-instruct,coreweave/bf16,0,1.0,CoreWeave,A,3.476e-05,0.9947798753800874,1.4542668521271528e-05,0
comprehension,own,neutral,1013,1,0,1,0,rPrQaPrQrQ,A,llama-8b,meta-llama/llama-3.1-8b-instruct,coreweave/bf16,0,1.0,CoreWeave,A,3.476e-05,0.9990889486520049,1.281246701757496e-05,0
comprehension,own,neutral,1014,-1,0,0,0,rQrPaPrQrQrQ,B,llama-8b,meta-llama/llama-3.1-8b-instruct,coreweave/bf16,0,1.0,CoreWeave,B,3.608e-05,0.01798620765913692,4.557212359679319e-05,0
comprehension,own,neutral,1014,-1,0,1,0,rPrQrQaPrQrQ,B,llama-8b,meta-llama/llama-3.1-8b-instruct,coreweave/bf16,0,1.0,CoreWeave,B,3.608e-05,0.0007096704724119872,3.052515957779889e-06,0
comprehension,own,neutral,1014,1,0,0,0,aPrQrQrQrQrP,A,llama-8b,meta-llama/llama-3.1-8b-instruct,coreweave/bf16,0,1.0,CoreWeave,A,3.608e-05,0.9924227579757737,1.3863108355786392e-05,0
comprehension,own,neutral,1014,1,0,1,0,rPrQaPrQrQrQ,A,llama-8b,meta-llama/llama-3.1-8b-instruct,coreweave/bf16,0,1.0,CoreWeave,A,3.608e-05,0.9986749778184811,1.0495584300834184e-05,0
comprehension,own,neutral,1020,-1,0,0,0,aPrPrP,B,llama-8b,meta-llama/llama-3.1-8b-instruct,coreweave/bf16,0,1.0,CoreWeave,B,3.212e-05,0.004609573147256316,1.4361190848188876e-05,0
comprehension,own,neutral,1020,-1,0,1,0,rPaPrP,B,llama-8b,meta-llama/llama-3.1-8b-instruct,coreweave/bf16,0,1.0,CoreWeave,B,3.212e-05,0.01590639168265802,6.544067204683479e-06,0
comprehension,own,neutral,1020,1,0,0,0,aPrPrP,A,llama-8b,meta-llama/llama-3.1-8b-instruct,coreweave/bf16,0,1.0,CoreWeave,B,3.212e-05,0.3486451488696663,0.00014117988036566054,0
comprehension,own,neutral,1020,1,0,1,0,rPrPaP,A,llama-8b,meta-llama/llama-3.1-8b-instruct,coreweave/bf16,0,1.0,CoreWeave,A,3.212e-05,0.880797071719777,6.0927387340897754e-05,0
comprehension,own,neutral,1021,-1,0,0,0,rQrPaPrP,B,llama-8b,meta-llama/llama-3.1-8b-instruct,coreweave/bf16,0,1.0,CoreWeave,B,3.344e-05,0.014063629212725592,3.595358088859246e-05,0
comprehension,own,neutral,1021,-1,0,1,0,aPrPrPrQ,B,llama-8b,meta-llama/llama-3.1-8b-instruct,coreweave/bf16,0,1.0,CoreWeave,B,3.344e-05,0.002182716672016216,4.638024937553276e-06,0
comprehension,own,neutral,1021,1,0,0,0,rPaPrPrQ,A,llama-8b,meta-llama/llama-3.1-8b-instruct,coreweave/bf16,0,1.0,CoreWeave,A,3.344e-05,0.9465966732132747,7.753543167048765e-05,0
comprehension,own,neutral,1021,1,0,1,0,rPrQaPrP,A,llama-8b,meta-llama/llama-3.1-8b-instruct,coreweave/bf16,0,1.0,CoreWeave,A,3.344e-05,0.9902915222470662,2.891803185318953e-05,0
comprehension,own,neutral,1022,-1,0,0,0,aPrPrQrQrP,B,llama-8b,meta-llama/llama-3.1-8b-instruct,coreweave/bf16,0,1.0,CoreWeave,B,3.476e-05,0.0009110510078515854,3.00817187580682e-05,0
comprehension,own,neutral,1022,-1,0,1,0,rQrPrQrPaP,B,llama-8b,meta-llama/llama-3.1-8b-instruct,coreweave/bf16,0,1.0,CoreWeave,B,3.476e-05,0.008577483449580637,1.0794547425030387e-05,0
comprehension,own,neutral,1022,1,0,0,0,rPrQaPrQrP,A,llama-8b,meta-llama/llama-3.1-8b-instruct,coreweave/bf16,0,1.0,CoreWeave,A,3.476e-05,0.966914019585289,6.150123650555672e-05,0
comprehension,own,neutral,1022,1,0,1,0,rPrQaPrPrQ,A,llama-8b,meta-llama/llama-3.1-8b-instruct,coreweave/bf16,0,1.0,CoreWeave,A,3.476e-05,0.9978172831347809,1.8554655991094397e-05,0
comprehension,own,neutral,1023,-1,0,0,0,rQrQrQrPrPaP,B,llama-8b,meta-llama/llama-3.1-8b-instruct,coreweave/bf16,0,1.0,CoreWeave,B,3.608e-05,0.033085978627057866,5.620230910363677e-05,0
comprehension,own,neutral,1023,-1,0,1,0,rQrQrQrPaPrP,B,llama-8b,meta-llama/llama-3.1-8b-instruct,coreweave/bf16,0,1.0,CoreWeave,B,3.608e-05,0.010986944391467236,8.838569294011833e-06,0
comprehension,own,neutral,1023,1,0,0,0,aPrQrQrPrQrP,A,llama-8b,meta-llama/llama-3.1-8b-instruct,coreweave/bf16,0,1.0,CoreWeave,A,3.608e-05,0.9924227590577965,1.7058120012084822e-05,0
comprehension,own,neutral,1023,1,0,1,0,rPaPrPrQrQrQ,A,llama-8b,meta-llama/llama-3.1-8b-instruct,coreweave/bf16,0,1.0,CoreWeave,A,3.608e-05,0.9971990736851449,3.924310053040735e-05,0
comprehension,own,neutral,1030,-1,0,0,0,rPrPaPrP,B,llama-8b,meta-llama/llama-3.1-8b-instruct,coreweave/bf16,0,1.0,CoreWeave,B,3.344e-05,0.004070138572862719,1.0645854109259112e-05,0
comprehension,own,neutral,1030,-1,0,1,0,rPaPrPrP,B,llama-8b,meta-llama/llama-3.1-8b-instruct,coreweave/bf16,0,1.0,CoreWeave,B,3.344e-05,0.0028009275927240993,3.937306701007337e-06,0
comprehension,own,neutral,1030,1,0,0,0,aPrPrPrP,A,llama-8b,meta-llama/llama-3.1-8b-instruct,coreweave/bf16,0,1.0,CoreWeave,B,3.344e-05,0.5312093733737563,8.566865466369533e-05,0
comprehension,own,neutral,1030,1,0,1,0,rPaPrPrP,A,llama-8b,meta-llama/llama-3.1-8b-instruct,coreweave/bf16,0,1.0,CoreWeave,A,3.344e-05,0.9626731169394881,9.070014347779126e-05,0
comprehension,own,neutral,1031,-1,0,0,0,rPrQrPrPaP,B,llama-8b,meta-llama/llama-3.1-8b-instruct,coreweave/bf16,0,1.0,CoreWeave,B,3.476e-05,0.006692851989220404,3.682410838590222e-05,0
comprehension,own,neutral,1031,-1,0,1,0,rPrPrPrQaP,B,llama-8b,meta-llama/llama-3.1-8b-instruct,coreweave/bf16,0,1.0,CoreWeave,B,3.476e-05,0.0021827164017350965,6.898369829588802e-06,0
comprehension,own,neutral,1031,1,0,0,0,rQrPaPrPrP,A,llama-8b,meta-llama/llama-3.1-8b-instruct,coreweave/bf16,0,1.0,CoreWeave,A,3.476e-05,0.9971990727805568,9.04921178806464e-06,0
comprehension,own,neutral,1031,1,0,1,0,rPaPrPrQrP,A,llama-8b,meta-llama/llama-3.1-8b-instruct,coreweave/bf16,0,1.0,CoreWeave,A,3.476e-05,0.9940889315760894,0.00011712995291274925,0
comprehension,own,neutral,1032,-1,0,0,0,rPrQrPrQaPrP,B,llama-8b,meta-llama/llama-3.1-8b-instruct,coreweave/bf16,0,1.0,CoreWeave,B,3.608e-05,0.005911069833097758,3.774269346457082e-05,0
comprehension,own,neutral,1032,-1,0,1,0,aPrQrPrQrPrP,B,llama-8b,meta-llama/llama-3.1-8b-instruct,coreweave/bf16,0,1.0,CoreWeave,B,3.608e-05,0.005220125442073787,7.070853099366836e-06,0
comprehension,own,neutral,1032,1,0,0,0,rQaPrQrPrPrP,A,llama-8b,meta-llama/llama-3.1-8b-instruct,coreweave/bf16,0,1.0,CoreWeave,A,3.608e-05,0.9959298613874978,8.271429862800536e-06,0
comprehension,own,neutral,1032,1,0,1,0,rPrQrPrPaPrQ,A,llama-8b,meta-llama/llama-3.1-8b-instruct,coreweave/bf16,0,1.0,CoreWeave,A,3.608e-05,0.9980732657823962,2.0485552361601328e-05,0
comprehension,own,neutral,1040,-1,0,0,0,rPrPaPrPrP,B,llama-8b,meta-llama/llama-3.1-8b-instruct,coreweave/bf16,0,1.0,CoreWeave,B,3.476e-05,0.004070137570551591,1.2783755118594975e-05,0
comprehension,own,neutral,1040,-1,0,1,0,rPrPrPaPrP,B,llama-8b,meta-llama/llama-3.1-8b-instruct,coreweave/bf16,0,1.0,CoreWeave,B,3.476e-05,0.0024726226231296905,4.129148718501341e-06,0
comprehension,own,neutral,1040,1,0,0,0,aPrPrPrPrP,A,llama-8b,meta-llama/llama-3.1-8b-instruct,coreweave/bf16,0,1.0,CoreWeave,A,3.476e-05,0.6513548511303338,8.038987807273967e-05,0
comprehension,own,neutral,1040,1,0,1,0,rPrPaPrPrP,A,llama-8b,meta-llama/llama-3.1-8b-instruct,coreweave/bf16,0,1.0,CoreWeave,A,3.476e-05,0.92414182206801,4.4191428299547586e-05,0
comprehension,own,neutral,1041,-1,0,0,0,aPrQrPrPrPrP,B,llama-8b,meta-llama/llama-3.1-8b-instruct,coreweave/bf16,0,1.0,CoreWeave,B,3.608e-05,0.007577242966181704,1.3033758932023964e-05,0
comprehension,own,neutral,1041,-1,0,1,0,rPrPaPrPrPrQ,B,llama-8b,meta-llama/llama-3.1-8b-instruct,coreweave/bf16,0,1.0,CoreWeave,B,3.608e-05,0.005911068609978116,1.2740872142980031e-05,0
comprehension,own,neutral,1041,1,0,0,0,aPrPrPrPrQrP,A,llama-8b,meta-llama/llama-3.1-8b-instruct,coreweave/bf16,0,1.0,CoreWeave,A,3.608e-05,0.9399133563480947,6.714554965790015e-05,0
comprehension,own,neutral,1041,1,0,1,0,rQrPrPrPrPaP,A,llama-8b,meta-llama/llama-3.1-8b-instruct,coreweave/bf16,0,1.0,CoreWeave,A,3.608e-05,0.9988304899953647,1.2615559454395896e-05,0
comprehension,own,neutral,1050,-1,0,0,0,rPrPrPaPrPrP,B,llama-8b,meta-llama/llama-3.1-8b-instruct,coreweave/bf16,0,1.0,CoreWeave,B,3.608e-05,0.0035936026531177777,1.3416764110485424e-05,0
comprehension,own,neutral,1050,-1,0,1,0,rPrPrPaPrPrP,B,llama-8b,meta-llama/llama-3.1-8b-instruct,coreweave/bf16,0,1.0,CoreWeave,B,3.608e-05,0.0028009272604130656,3.81866394660868e-06,0
comprehension,own,neutral,1050,1,0,0,0,aPrPrPrPrPrP,A,llama-8b,meta-llama/llama-3.1-8b-instruct,coreweave/bf16,0,1.0,CoreWeave,B,3.608e-05,0.679178699175393,7.400037850435748e-05,0
comprehension,own,neutral,1050,1,0,1,0,rPrPrPrPaPrP,A,llama-8b,meta-llama/llama-3.1-8b-instruct,coreweave/bf16,0,1.0,CoreWeave,B,3.608e-05,0.8933094117351309,5.288974411898906e-05,0
comprehension,own,neutral,1100,-1,0,0,0,aPaQ,B,llama-8b,meta-llama/llama-3.1-8b-instruct,coreweave/bf16,0,1.0,CoreWeave,B,3.08e-05,0.029312233666240237,6.201521495141638e-05,0
comprehension,own,neutral,1100,-1,0,1,0,aPaQ,B,llama-8b,meta-llama/llama-3.1-8b-instruct,coreweave/bf16,0,1.0,CoreWeave,B,3.08e-05,0.00970847662473714,4.483537480948208e-06,0
comprehension,own,neutral,1100,1,0,0,0,aPaQ,A,llama-8b,meta-llama/llama-3.1-8b-instruct,coreweave/bf16,0,1.0,CoreWeave,A,3.08e-05,0.9706877715805506,2.082992878345291e-05,0
comprehension,own,neutral,1100,1,0,1,0,aQaP,A,llama-8b,meta-llama/llama-3.1-8b-instruct,coreweave/bf16,0,1.0,CoreWeave,A,3.08e-05,0.999373665741914,2.577442841467407e-06,0
comprehension,own,neutral,1101,-1,0,0,0,aPaQrQ,B,llama-8b,meta-llama/llama-3.1-8b-instruct,coreweave/bf16,0,1.0,CoreWeave,B,3.212e-05,0.017986212363744564,3.105229548161503e-05,0
comprehension,own,neutral,1101,-1,0,1,0,aQaPrQ,B,llama-8b,meta-llama/llama-3.1-8b-instruct,coreweave/bf16,0,1.0,CoreWeave,B,3.212e-05,0.06008665438181588,1.0105867926712975e-05,0
comprehension,own,neutral,1101,1,0,0,0,rQaQaP,A,llama-8b,meta-llama/llama-3.1-8b-instruct,coreweave/bf16,0,1.0,CoreWeave,A,3.212e-05,0.9990889487524056,3.165597898116719e-06,0
comprehension,own,neutral,1101,1,0,1,0,rQaQaP,A,llama-8b,meta-llama/llama-3.1-8b-instruct,coreweave/bf16,0,1.0,CoreWeave,A,3.212e-05,0.9998766054249905,2.4749017147502076e-06,0
comprehension,own,neutral,1102,-1,0,0,0,rQaQrQaP,B,llama-8b,meta-llama/llama-3.1-8b-instruct,coreweave/bf16,0,1.0,CoreWeave,B,3.344e-05,0.005911068637340968,5.1844885376017835e-05,0
comprehension,own,neutral,1102,-1,0,1,0,rQaQaPrQ,B,llama-8b,meta-llama/llama-3.1-8b-instruct,coreweave/bf16,0,1.0,CoreWeave,B,3.344e-05,0.017986213679718942,1.3959708209831945e-05,0
comprehension,own,neutral,1102,1,0,0,0,aPrQaQrQ,A,llama-8b,meta-llama/llama-3.1-8b-instruct,coreweave/bf16,0,1.0,CoreWeave,A,3.344e-05,0.9902915221754345,1.605109614260386e-05,0
comprehension,own,neutral,1102,1,0,1,0,aQrQaPrQ,A,llama-8b,meta-llama/llama-3.1-8b-instruct,coreweave/bf16,0,1.0,CoreWeave,A,3.344e-05,0.9999339478238007,1.1774180504265573e-06,0
comprehension,own,neutral,1103,-1,0,0,0,aPaQrQrQrQ,B,llama-8b,meta-llama/llama-3.1-8b-instruct,coreweave/bf16,0,1.0,CoreWeave,B,3.476e-05,0.004070137751760365,3.0947691487814843e-05,0
comprehension,own,neutral,1103,-1,0,1,0,rQaPrQrQaQ,B,llama-8b,meta-llama/llama-3.1-8b-instruct,coreweave/bf16,0,1.0,CoreWeave,B,3.476e-05,0.037326887210266405,1.0945146428187336e-05,0
comprehension,own,neutral,1103,1,0,0,0,rQrQrQaPaQ,A,llama-8b,meta-llama/llama-3.1-8b-instruct,coreweave/bf16,0,1.0,CoreWeave,A,3.476e-05,0.9984988178449955,7.765321877573712e-06,0
comprehension,own,neutral,1103,1,0,1,0,rQaPrQrQaQ,A,llama-8b,meta-llama/llama-3.1-8b-instruct,coreweave/bf16,0,1.0,CoreWeave,A,3.476e-05,0.9991959139450698,5.885296689931373e-06,0
comprehension,own,neutral,1104,-1,0,0,0,rQrQrQrQaQaP,B,llama-8b,meta-llama/llama-3.1-8b-instruct,coreweave/bf16,0,1.0,CoreWeave,B,3.608e-05,0.04742587519712089,0.0001139708303891096,0
comprehension,own,neutral,1104,-1,0,1,0,rQaQrQrQaPrQ,B,llama-8b,meta-llama/llama-3.1-8b-instruct,coreweave/bf16,0,1.0,CoreWeave,B,3.608e-05,0.0017007227608865712,7.973208127176612e-06,0
comprehension,own,neutral,1104,1,0,0,0,rQrQaQrQrQaP,A,llama-8b,meta-llama/llama-3.1-8b-instruct,coreweave/bf16,0,1.0,CoreWeave,A,3.608e-05,0.9947798741492637,1.4778449377444124e-05,0
comprehension,own,neutral,1104,1,0,1,0,aQrQrQaPrQrQ,A,llama-8b,meta-llama/llama-3.1-8b-instruct,coreweave/bf16,0,1.0,CoreWeave,A,3.608e-05,0.999841563726336,4.020228973218592e-06,0
comprehension,own,neutral,1110,-1,0,0,0,aQaPrP,B,llama-8b,meta-llama/llama-3.1-8b-instruct,coreweave/bf16,0,1.0,CoreWeave,B,3.212e-05,0.017986210225286393,3.760889628734443e-05,0
comprehension,own,neutral,1110,-1,0,1,0,rPaQaP,B,llama-8b,meta-llama/llama-3.1-8b-instruct,coreweave/bf16,0,1.0,CoreWeave,B,3.212e-05,0.010986944907585549,4.594038977456805e-06,0
comprehension,own,neutral,1110,1,0,0,0,aQaPrP,A,llama-8b,meta-llama/llama-3.1-8b-instruct,coreweave/bf16,0,1.0,CoreWeave,A,3.212e-05,0.9947798732859943,5.884008543187262e-06,0
comprehension,own,neutral,1110,1,0,1,0,aQaPrP,A,llama-8b,meta-llama/llama-3.1-8b-instruct,coreweave/bf16,0,1.0,CoreWeave,A,3.212e-05,0.9992903294428424,2.6950953487536733e-06,0
comprehension,own,neutral,1111,-1,0,0,0,rQrPaQaP,B,llama-8b,meta-llama/llama-3.1-8b-instruct,coreweave/bf16,0,1.0,CoreWeave,B,3.344e-05,0.004070136915557446,2.3113060405255403e-05,0
comprehension,own,neutral,1111,-1,0,1,0,aQrQaPrP,B,llama-8b,meta-llama/llama-3.1-8b-instruct,coreweave/bf16,0,1.0,CoreWeave,B,3.344e-05,0.0028009269137951416,5.602253036363081e-06,0
comprehension,own,neutral,1111,1,0,0,0,rQaPaQrP,A,llama-8b,meta-llama/llama-3.1-8b-instruct,coreweave/bf16,0,1.0,CoreWeave,A,3.344e-05,0.997817283593701,5.946792526771803e-06,0
comprehension,own,neutral,1111,1,0,1,0,rPaPaQrQ,A,llama-8b,meta-llama/llama-3.1-8b-instruct,coreweave/bf16,0,1.0,CoreWeave,A,3.344e-05,0.9997965730992242,7.888107238075899e-06,0
comprehension,own,neutral,1112,-1,0,0,0,rQrQaPaQrP,B,llama-8b,meta-llama/llama-3.1-8b-instruct,coreweave/bf16,0,1.0,CoreWeave,B,3.476e-05,0.0075772426580327295,3.397343403133135e-05,0
comprehension,own,neutral,1112,-1,0,1,0,rPaQaPrQrQ,B,llama-8b,meta-llama/llama-3.1-8b-instruct,coreweave/bf16,0,1.0,CoreWeave,B,3.476e-05,0.001032231094495729,6.319931613041341e-06,0
comprehension,own,neutral,1112,1,0,0,0,rQrPrQaQaP,A,llama-8b,meta-llama/llama-3.1-8b-instruct,coreweave/bf16,0,1.0,CoreWeave,A,3.476e-05,0.9997694931744326,3.5662407134283967e-06,0
comprehension,own,neutral,1112,1,0,1,0,aPrQrQaQrP,A,llama-8b,meta-llama/llama-3.1-8b-instruct,coreweave/bf16,0,1.0,CoreWeave,A,3.476e-05,0.9997694932569332,5.115673473213755e-06,0
comprehension,own,neutral,1113,-1,0,0,0,rPaPrQrQaQrQ,B,llama-8b,meta-llama/llama-3.1-8b-instruct,coreweave/bf16,0,1.0,CoreWeave,B,3.608e-05,0.0031726825383709464,5.227121809669999e-05,0
comprehension,own,neutral,1113,-1,0,1,0,rPrQaPrQaQrQ,B,llama-8b,meta-llama/llama-3.1-8b-instruct,coreweave/bf16,0,1.0,CoreWeave,B,3.608e-05,0.0035936022521109623,1.1397851440664297e-05,0
comprehension,own,neutral,1113,1,0,0,0,rPrQaQaPrQrQ,A,llama-8b,meta-llama/llama-3.1-8b-instruct,coreweave/bf16,0,1.0,CoreWeave,A,3.608e-05,0.9924227588056748,4.3793460967024404e-05,0
comprehension,own,neutral,1113,1,0,1,0,rPaQrQrQrQaP,A,llama-8b,meta-llama/llama-3.1-8b-instruct,coreweave/bf16,0,1.0,CoreWeave,A,3.608e-05,0.9996646499289128,4.87827964949165e-06,0
comprehension,own,neutral,1120,-1,0,0,0,aQaPrPrP,B,llama-8b,meta-llama/llama-3.1-8b-instruct,coreweave/bf16,0,1.0,CoreWeave,B,3.344e-05,0.008577484859320028,3.28929274621137e-05,0
comprehension,own,neutral,1120,-1,0,1,0,aPrPaQrP,B,llama-8b,meta-llama/llama-3.1-8b-instruct,coreweave/bf16,0,1.0,CoreWeave,B,3.344e-05,0.0015011823399726676,5.027531435386479e-06,0
comprehension,own,neutral,1120,1,0,0,0,rPrPaPaQ,A,llama-8b,meta-llama/llama-3.1-8b-instruct,coreweave/bf16,0,1.0,CoreWeave,A,3.344e-05,0.8670357460591569,4.622083235997221e-05,0
comprehension,own,neutral,1120,1,0,1,0,aPrPaQrP,A,llama-8b,meta-llama/llama-3.1-8b-instruct,coreweave/bf16,0,1.0,CoreWeave,A,3.344e-05,0.9989677689235107,2.299154353829487e-05,0
comprehension,own,neutral,1121,-1,0,0,0,rPrPaQrQaP,B,llama-8b,meta-llama/llama-3.1-8b-instruct,coreweave/bf16,0,1.0,CoreWeave,B,3.476e-05,0.0024726234185059874,1.8278940863147852e-05,0
comprehension,own,neutral,1121,-1,0,1,0,rPrQaPrPaQ,B,llama-8b,meta-llama/llama-3.1-8b-instruct,coreweave/bf16,0,1.0,CoreWeave,B,3.476e-05,0.0013250223483534732,5.376326924766417e-06,0
comprehension,own,neutral,1121,1,0,0,0,aQrQaPrPrP,A,llama-8b,meta-llama/llama-3.1-8b-instruct,coreweave/bf16,0,1.0,CoreWeave,A,3.476e-05,0.9993736658922068,5.198499385743573e-06,0
comprehension,own,neutral,1121,1,0,1,0,rPrQaPrPaQ,A,llama-8b,meta-llama/llama-3.1-8b-instruct,coreweave/bf16,0,1.0,CoreWeave,A,3.476e-05,0.9992903294469702,1.0795455763352915e-05,0
comprehension,own,neutral,1122,-1,0,0,0,rQrQaQrPaPrP,B,llama-8b,meta-llama/llama-3.1-8b-instruct,coreweave/bf16,0,1.0,CoreWeave,B,3.608e-05,0.007577240823145917,3.4684926303762964e-05,0
comprehension,own,neutral,1122,-1,0,1,0,rQrPrPrQaQaP,B,llama-8b,meta-llama/llama-3.1-8b-instruct,coreweave/bf16,0,1.0,CoreWeave,B,3.608e-05,0.0013250221899916096,5.733645719208091e-06,0
comprehension,own,neutral,1122,1,0,0,0,rPaPrQrQaQrP,A,llama-8b,meta-llama/llama-3.1-8b-instruct,coreweave/bf16,0,1.0,CoreWeave,A,3.608e-05,0.9740426406358641,0.00010926988884330316,0
comprehension,own,neutral,1122,1,0,1,0,rQaPrPrPrQaQ,A,llama-8b,meta-llama/llama-3.1-8b-instruct,coreweave/bf16,0,1.0,CoreWeave,A,3.608e-05,0.9993736658176251,5.317575213053096e-06,0
comprehension,own,neutral,1130,-1,0,0,0,aQrPrPaPrP,B,llama-8b,meta-llama/llama-3.1-8b-instruct,coreweave/bf16,0,1.0,CoreWeave,B,3.476e-05,0.004609572399444516,2.3735525267465363e-05,0
comprehension,own,neutral,1130,-1,0,1,0,rPrPaQrPaP,B,llama-8b,meta-llama/llama-3.1-8b-instruct,coreweave/bf16,0,1.0,CoreWeave,B,3.476e-05,0.0009110513548296886,4.713808245848661e-06,0
comprehension,own,neutral,1130,1,0,0,0,rPaPaQrPrP,A,llama-8b,meta-llama/llama-3.1-8b-instruct,coreweave/bf16,0,1.0,CoreWeave,A,3.476e-05,0.9149009613738742,0.00024042331254808813,0
comprehension,own,neutral,1130,1,0,1,0,rPrPaQaPrP,A,llama-8b,meta-llama/llama-3.1-8b-instruct,coreweave/bf16,0,1.0,CoreWeave,A,3.476e-05,0.9968273178739874,1.876383567742286e-05,0
comprehension,own,neutral,1131,-1,0,0,0,aPrPrPrQrPaQ,B,llama-8b,meta-llama/llama-3.1-8b-instruct,coreweave/bf16,0,1.0,CoreWeave,B,3.608e-05,0.0017007223011446823,2.6776046243237595e-05,0
comprehension,own,neutral,1131,-1,0,1,0,aPaQrQrPrPrP,B,llama-8b,meta-llama/llama-3.1-8b-instruct,coreweave/bf16,0,1.0,CoreWeave,B,3.608e-05,0.00048785717960537215,5.666753783772904e-06,0
comprehension,own,neutral,1131,1,0,0,0,rQrPrPaQrPaP,A,llama-8b,meta-llama/llama-3.1-8b-instruct,coreweave/bf16,0,1.0,CoreWeave,A,3.608e-05,0.9990889488636145,6.381376085051738e-06,0
comprehension,own,neutral,1131,1,0,1,0,rPaQrQaPrPrP,A,llama-8b,meta-llama/llama-3.1-8b-instruct,coreweave/bf16,0,1.0,CoreWeave,A,3.608e-05,0.9986749776668974,1.3947803107650742e-05,0
comprehension,own,neutral,1140,-1,0,0,0,rPrPrPaQaPrP,B,llama-8b,meta-llama/llama-3.1-8b-instruct,coreweave/bf16,0,1.0,CoreWeave,B,3.608e-05,0.004609572623788043,1.3293970166139424e-05,0
comprehension,own,neutral,1140,-1,0,1,0,aQrPrPaPrPrP,B,llama-8b,meta-llama/llama-3.1-8b-instruct,coreweave/bf16,0,1.0,CoreWeave,B,3.608e-05,0.0017007223649867344,4.879421744430346e-06,0
comprehension,own,neutral,1140,1,0,0,0,rPaPrPrPrPaQ,A,llama-8b,meta-llama/llama-3.1-8b-instruct,coreweave/bf16,0,1.0,CoreWeave,A,3.608e-05,0.9525741322079104,7.185693473562432e-05,0
comprehension,own,neutral,1140,1,0,1,0,rPaQrPrPrPaP,A,llama-8b,meta-llama/llama-3.1-8b-instruct,coreweave/bf16,0,1.0,CoreWeave,A,3.608e-05,0.9859363708776695,3.642397344969309e-05,0
comprehension,own,neutral,1200,-1,0,0,0,aPaQaQ,B,llama-8b,meta-llama/llama-3.1-8b-instruct,coreweave/bf16,0,1.0,CoreWeave,B,3.212e-05,0.042087723860486016,7.471422351412738e-05,0
comprehension,own,neutral,1200,-1,0,1,0,aQaPaQ,B,llama-8b,meta-llama/llama-3.1-8b-instruct,coreweave/bf16,0,1.0,CoreWeave,B,3.212e-05,0.07585818106587033,2.1822132586390985e-05,0
comprehension,own,neutral,1200,1,0,0,0,aQaPaQ,A,llama-8b,meta-llama/llama-3.1-8b-instruct,coreweave/bf16,0,1.0,CoreWeave,A,3.212e-05,0.9953904267608698,1.0089639782394182e-05,0
comprehension,own,neutral,1200,1,0,1,0,aQaPaQ,A,llama-8b,meta-llama/llama-3.1-8b-instruct,coreweave/bf16,0,1.0,CoreWeave,A,3.212e-05,0.998299277646082,8.687585006557797e-06,0
comprehension,own,neutral,1201,-1,0,0,0,aQaQaPrQ,B,llama-8b,meta-llama/llama-3.1-8b-instruct,coreweave/bf16,0,1.0,CoreWeave,B,3.344e-05,0.04742586997993961,9.240537672883242e-05,0
comprehension,own,neutral,1201,-1,0,1,0,aPrQaQaQ,B,llama-8b,meta-llama/llama-3.1-8b-instruct,coreweave/bf16,0,1.0,CoreWeave,B,3.344e-05,0.01798620578387407,5.891399388335827e-06,0
comprehension,own,neutral,1201,1,0,0,0,aQrQaPaQ,A,llama-8b,meta-llama/llama-3.1-8b-instruct,coreweave/bf16,0,1.0,CoreWeave,A,3.344e-05,0.9990889487528295,3.641968197767376e-06,0
comprehension,own,neutral,1201,1,0,1,0,aQrQaPaQ,A,llama-8b,meta-llama/llama-3.1-8b-instruct,coreweave/bf16,0,1.0,CoreWeave,A,3.344e-05,0.9997040427585456,1.9777640342112353e-06,0
comprehension,own,neutral,1202,-1,0,0,0,rQrQaQaPaQ,B,llama-8b,meta-llama/llama-3.1-8b-instruct,coreweave/bf16,0,1.0,CoreWeave,B,3.476e-05,0.015906388387952466,7.833630011544468e-05,0
comprehension,own,neutral,1202,-1,0,1,0,aPrQaQrQaQ,B,llama-8b,meta-llama/llama-3.1-8b-instruct,coreweave/bf16,0,1.0,CoreWeave,B,3.476e-05,0.02033235274902783,1.2612364499453577e-05,0
comprehension,own,neutral,1202,1,0,0,0,rQaQaQrQaP,A,llama-8b,meta-llama/llama-3.1-8b-instruct,coreweave/bf16,0,1.0,CoreWeave,A,3.476e-05,0.9992903296137371,6.2689678960387366e-06,0
comprehension,own,neutral,1202,1,0,1,0,rQaQrQaPaQ,A,llama-8b,meta-llama/llama-3.1-8b-instruct,coreweave/bf16,0,1.0,CoreWeave,A,3.476e-05,0.9998204720122986,4.617283935435656e-06,0
comprehension,own,neutral,1203,-1,0,0,0,rQrQrQaQaQaP,B,llama-8b,meta-llama/llama-3.1-8b-instruct,coreweave/bf16,0,1.0,CoreWeave,B,3.608e-05,0.042087727164668284,9.720214379049796e-05,0
comprehension,own,neutral,1203,-1,0,1,0,aQrQaPrQaQrQ,B,llama-8b,meta-llama/llama-3.1-8b-instruct,coreweave/bf16,0,1.0,CoreWeave,B,3.608e-05,0.009708476203901872,2.1129277642861766e-05,0
comprehension,own,neutral,1203,1,0,0,0,rQrQaQaPrQaQ,A,llama-8b,meta-llama/llama-3.1-8b-instruct,coreweave/bf16,0,1.0,CoreWeave,A,3.608e-05,0.9980732657342642,7.636110835985022e-06,0
comprehension,own,neutral,1203,1,0,1,0,rQrQrQaQaQaP,A,llama-8b,meta-llama/llama-3.1-8b-instruct,coreweave/bf16,0,1.0,CoreWeave,A,3.608e-05,0.9993736657438086,7.342765884197234e-06,0
comprehension,own,neutral,1210,-1,0,0,0,aPrPaQaQ,B,llama-8b,meta-llama/llama-3.1-8b-instruct,coreweave/bf16,0,1.0,CoreWeave,B,3.344e-05,0.0035936020178429684,2.945210438876078e-05,0
comprehension,own,neutral,1210,-1,0,1,0,aQaQaPrP,B,llama-8b,meta-llama/llama-3.1-8b-instruct,coreweave/bf16,0,1.0,CoreWeave,B,3.344e-05,0.01590639267398549,9.944221864843783e-06,0
comprehension,own,neutral,1210,1,0,0,0,rPaQaQaP,A,llama-8b,meta-llama/llama-3.1-8b-instruct,coreweave/bf16,0,1.0,CoreWeave,A,3.344e-05,0.9875683492039838,8.83100041639169e-06,0
comprehension,own,neutral,1210,1,0,1,0,aQaQrPaP,A,llama-8b,meta-llama/llama-3.1-8b-instruct,coreweave/bf16,0,1.0,CoreWeave,A,3.344e-05,0.9988304898438722,3.6852612334242318e-06,0
comprehension,own,neutral,1211,-1,0,0,0,rQaPrPaQaQ,B,llama-8b,meta-llama/llama-3.1-8b-instruct,coreweave/bf16,0,1.0,CoreWeave,B,3.476e-05,0.006692849732424049,3.410282402849241e-05,0
comprehension,own,neutral,1211,-1,0,1,0,aPrQaQrPaQ,B,llama-8b,meta-llama/llama-3.1-8b-instruct,coreweave/bf16,0,1.0,CoreWeave,B,3.476e-05,0.012431650487299587,2.0250093064055896e-05,0
comprehension,own,neutral,1211,1,0,0,0,rPrQaPaQaQ,A,llama-8b,meta-llama/llama-3.1-8b-instruct,coreweave/bf16,0,1.0,CoreWeave,A,3.476e-05,0.9947798747126859,1.2763195795498575e-05,0
comprehension,own,neutral,1211,1,0,1,0,aQaQaPrQrP,A,llama-8b,meta-llama/llama-3.1-8b-instruct,coreweave/bf16,0,1.0,CoreWeave,A,3.476e-05,0.9999339478789158,1.2966750351512259e-06,0
comprehension,own,neutral,1212,-1,0,0,0,rQaPaQrQaQrP,B,llama-8b,meta-llama/llama-3.1-8b-instruct,coreweave/bf16,0,1.0,CoreWeave,B,3.608e-05,0.008577483996052621,3.0884999437486016e-05,0
comprehension,own,neutral,1212,-1,0,1,0,rPrQaQrQaQaP,B,llama-8b,meta-llama/llama-3.1-8b-instruct,coreweave/bf16,0,1.0,CoreWeave,B,3.608e-05,0.0005527786829097779,4.097507969147429e-06,0
comprehension,own,neutral,1212,1,0,0,0,aQrPaPrQrQaQ,A,llama-8b,meta-llama/llama-3.1-8b-instruct,coreweave/bf16,0,1.0,CoreWeave,A,3.608e-05,0.9933071485215772,1.2906525336885133e-05,0
comprehension,own,neutral,1212,1,0,1,0,rPrQrQaQaQaP,A,llama-8b,meta-llama/llama-3.1-8b-instruct,coreweave/bf16,0,1.0,CoreWeave,A,3.608e-05,0.999447221252002,6.599427560241154e-06,0
comprehension,own,neutral,1220,-1,0,0,0,rPrPaQaQaP,B,llama-8b,meta-llama/llama-3.1-8b-instruct,coreweave/bf16,0,1.0,CoreWeave,B,3.476e-05,0.0024726228522669513,1.4712136221062266e-05,0
comprehension,own,neutral,1220,-1,0,1,0,rPrPaQaQaP,B,llama-8b,meta-llama/llama-3.1-8b-instruct,coreweave/bf16,0,1.0,CoreWeave,B,3.476e-05,0.0008040857687202314,4.098849688882744e-06,0
comprehension,own,neutral,1220,1,0,0,0,rPaPaQrPaQ,A,llama-8b,meta-llama/llama-3.1-8b-instruct,coreweave/bf16,0,1.0,CoreWeave,A,3.476e-05,0.9399133439350607,0.00013624807632432734,0
comprehension,own,neutral,1220,1,0,1,0,aQrPrPaPaQ,A,llama-8b,meta-llama/llama-3.1-8b-instruct,coreweave/bf16,0,1.0,CoreWeave,A,3.476e-05,0.9997040427938849,2.8120295822006073e-06,0
comprehension,own,neutral,1221,-1,0,0,0,aQaQrPaPrPrQ,B,llama-8b,meta-llama/llama-3.1-8b-instruct,coreweave/bf16,0,1.0,CoreWeave,B,3.608e-05,0.012431649675489544,7.263444561955712e-05,0
comprehension,own,neutral,1221,-1,0,1,0,aPaQrQrPrPaQ,B,llama-8b,meta-llama/llama-3.1-8b-instruct,coreweave/bf16,0,1.0,CoreWeave,B,3.608e-05,0.001032230963528307,1.3822372571969943e-05,0
comprehension,own,neutral,1221,1,0,0,0,rPaQrPaQaPrQ,A,llama-8b,meta-llama/llama-3.1-8b-instruct,coreweave/bf16,0,1.0,CoreWeave,A,3.608e-05,0.994779875353488,1.359410308514851e-05,0
comprehension,own,neutral,1221,1,0,1,0,aQrPrPrQaPaQ,A,llama-8b,meta-llama/llama-3.1-8b-instruct,coreweave/bf16,0,1.0,CoreWeave,A,3.608e-05,0.9996200155133604,4.676865654323404e-06,0
comprehension,own,neutral,1230,-1,0,0,0,aQaPrPrPaQrP,B,llama-8b,meta-llama/llama-3.1-8b-instruct,coreweave/bf16,0,1.0,CoreWeave,B,3.608e-05,0.005911068664703822,7.09218297121339e-05,0
comprehension,own,neutral,1230,-1,0,1,0,aPrPaQaQrPrP,B,llama-8b,meta-llama/llama-3.1-8b-instruct,coreweave/bf16,0,1.0,CoreWeave,B,3.608e-05,0.0015011825043500543,1.133586148749366e-05,0
comprehension,own,neutral,1230,1,0,0,0,aQaQaPrPrPrP,A,llama-8b,meta-llama/llama-3.1-8b-instruct,coreweave/bf16,0,1.0,CoreWeave,A,3.608e-05,0.9924227585675597,8.539858791234423e-06,0
comprehension,own,neutral,1230,1,0,1,0,rPrPaQrPaPaQ,A,llama-8b,meta-llama/llama-3.1-8b-instruct,coreweave/bf16,0,1.0,CoreWeave,A,3.608e-05,0.9978172831073979,1.2845245143312811e-05,0
comprehension,own,neutral,1300,-1,0,0,0,aQaQaPaQ,B,llama-8b,meta-llama/llama-3.1-8b-instruct,coreweave/bf16,0,1.0,CoreWeave,B,3.344e-05,0.04742587688008271,0.00016811969546504102,0
comprehension,own,neutral,1300,-1,0,1,0,aQaQaQaP,B,llama-8b,meta-llama/llama-3.1-8b-instruct,coreweave/bf16,0,1.0,CoreWeave,B,3.344e-05,0.029312233295254998,2.6956587183102343e-05,0
comprehension,own,neutral,1300,1,0,0,0,aQaPaQaQ,A,llama-8b,meta-llama/llama-3.1-8b-instruct,coreweave/bf16,0,1.0,CoreWeave,A,3.344e-05,0.9953904272971575,9.496466221538269e-06,0
comprehension,own,neutral,1300,1,0,1,0,aPaQaQaQ,A,llama-8b,meta-llama/llama-3.1-8b-instruct,coreweave/bf16,0,1.0,CoreWeave,A,3.344e-05,0.995929861885822,9.102662739064564e-06,0
comprehension,own,neutral,1301,-1,0,0,0,rQaPaQaQaQ,B,llama-8b,meta-llama/llama-3.1-8b-instruct,coreweave/bf16,0,1.0,CoreWeave,B,3.476e-05,0.02595735828096633,3.05555324958684e-05,0
comprehension,own,neutral,1301,-1,0,1,0,aQrQaQaQaP,B,llama-8b,meta-llama/llama-3.1-8b-instruct,coreweave/bf16,0,1.0,CoreWeave,B,3.476e-05,0.02033235571718262,5.138091566092573e-05,0
comprehension,own,neutral,1301,1,0,0,0,aQaPrQaQaQ,A,llama-8b,meta-llama/llama-3.1-8b-instruct,coreweave/bf16,0,1.0,CoreWeave,A,3.476e-05,0.9971990728104713,1.2853187183964245e-05,0
comprehension,own,neutral,1301,1,0,1,0,aQaQaPrQaQ,A,llama-8b,meta-llama/llama-3.1-8b-instruct,coreweave/bf16,0,1.0,CoreWeave,A,3.476e-05,0.9993736657434443,6.389679823973248e-06,0
comprehension,own,neutral,1302,-1,0,0,0,rQaQrQaPaQaQ,B,llama-8b,meta-llama/llama-3.1-8b-instruct,coreweave/bf16,0,1.0,CoreWeave,B,3.608e-05,0.005220125543634878,4.857398678737024e-05,0
comprehension,own,neutral,1302,-1,0,1,0,aPaQaQrQrQaQ,B,llama-8b,meta-llama/llama-3.1-8b-instruct,coreweave/bf16,0,1.0,CoreWeave,B,3.608e-05,0.012431648177642985,1.624968037761132e-05,0
comprehension,own,neutral,1302,1,0,0,0,aQrQaQaQrQaP,A,llama-8b,meta-llama/llama-3.1-8b-instruct,coreweave/bf16,0,1.0,CoreWeave,A,3.608e-05,0.9959298629032338,1.2190520106813985e-05,0
comprehension,own,neutral,1302,1,0,1,0,rQrQaQaQaPaQ,A,llama-8b,meta-llama/llama-3.1-8b-instruct,coreweave/bf16,0,1.0,CoreWeave,A,3.608e-05,0.9997388096278436,4.100166197083268e-06,0
comprehension,own,neutral,1310,-1,0,0,0,aPaQrPaQaQ,B,llama-8b,meta-llama/llama-3.1-8b-instruct,coreweave/bf16,0,1.0,CoreWeave,B,3.476e-05,0.010986944998665253,9.996477417129057e-05,0
comprehension,own,neutral,1310,-1,0,1,0,aQaPaQaQrP,B,llama-8b,meta-llama/llama-3.1-8b-instruct,coreweave/bf16,0,1.0,CoreWeave,B,3.476e-05,0.007577240406444584,1.0788617921697607e-05,0
comprehension,own,neutral,1310,1,0,0,0,aQaQaPrPaQ,A,llama-8b,meta-llama/llama-3.1-8b-instruct,coreweave/bf16,0,1.0,CoreWeave,A,3.476e-05,0.9933071500539697,1.1723905965360833e-05,0
comprehension,own,neutral,1310,1,0,1,0,aQaPaQaQrP,A,llama-8b,meta-llama/llama-3.1-8b-instruct,coreweave/bf16,0,1.0,CoreWeave,A,3.476e-05,0.9995694430106373,4.012094272303737e-06,0
comprehension,own,neutral,1311,-1,0,0,0,aPaQaQrPaQrQ,B,llama-8b,meta-llama/llama-3.1-8b-instruct,coreweave/bf16,0,1.0,CoreWeave,B,3.608e-05,0.003172682327773691,3.5993094842035056e-05,0
comprehension,own,neutral,1311,-1,0,1,0,aQrPrQaQaPaQ,B,llama-8b,meta-llama/llama-3.1-8b-instruct,coreweave/bf16,0,1.0,CoreWeave,B,3.608e-05,0.0013250225024019967,7.399923699469291e-06,0
comprehension,own,neutral,1311,1,0,0,0,aQrQaPaQaQrP,A,llama-8b,meta-llama/llama-3.1-8b-instruct,coreweave/bf16,0,1.0,CoreWeave,A,3.608e-05,0.9995121427614712,2.4496868838043548e-06,0
comprehension,own,neutral,1311,1,0,1,0,aQrQaPaQrPaQ,A,llama-8b,meta-llama/llama-3.1-8b-instruct,coreweave/bf16,0,1.0,CoreWeave,A,3.608e-05,0.9997388096588957,3.0276085121848785e-06,0
comprehension,own,neutral,1320,-1,0,0,0,aQrPaPaQaQrP,B,llama-8b,meta-llama/llama-3.1-8b-instruct,coreweave/bf16,0,1.0,CoreWeave,B,3.608e-05,0.008577485461231297,6.586323668089644e-05,0
comprehension,own,neutral,1320,-1,0,1,0,rPaPrPaQaQaQ,B,llama-8b,meta-llama/llama-3.1-8b-instruct,coreweave/bf16,0,1.0,CoreWeave,B,3.608e-05,0.001501181983123732,4.789820654549359e-06,0
comprehension,own,neutral,1320,1,0,0,0,aQaQaQaPrPrP,A,llama-8b,meta-llama/llama-3.1-8b-instruct,coreweave/bf16,0,1.0,CoreWeave,A,3.608e-05,0.995390427224513,6.1743916469677446e-06,0
comprehension,own,neutral,1320,1,0,1,0,rPaQaQrPaPaQ,A,llama-8b,meta-llama/llama-3.1-8b-instruct,coreweave/bf16,0,1.0,CoreWeave,A,3.608e-05,0.9988304895709409,7.733307687493541e-06,0
comprehension,own,neutral,1400,-1,0,0,0,aQaPaQaQaQ,B,llama-8b,meta-llama/llama-3.1-8b-instruct,coreweave/bf16,0,1.0,CoreWeave,B,3.476e-05,0.06008664596619964,0.0001260677618023509,0
comprehension,own,neutral,1400,-1,0,1,0,aQaQaQaQaP,B,llama-8b,meta-llama/llama-3.1-8b-instruct,coreweave/bf16,0,1.0,CoreWeave,B,3.476e-05,0.060086643862295744,6.333460248508782e-05,0
comprehension,own,neutral,1400,1,0,0,0,aPaQaQaQaQ,A,llama-8b,meta-llama/llama-3.1-8b-instruct,coreweave/bf16,0,1.0,CoreWeave,A,3.476e-05,0.9465966728366374,3.725205664897174e-05,0
comprehension,own,neutral,1400,1,0,1,0,aQaQaPaQaQ,A,llama-8b,meta-llama/llama-3.1-8b-instruct,coreweave/bf16,0,1.0,CoreWeave,A,3.476e-05,0.9992903294445348,6.0305560835556896e-06,0
comprehension,own,neutral,1401,-1,0,0,0,aQrQaPaQaQaQ,B,llama-8b,meta-llama/llama-3.1-8b-instruct,coreweave/bf16,0,1.0,CoreWeave,B,3.608e-05,0.01406362635882622,7.532594654247049e-05,0
comprehension,own,neutral,1401,-1,0,1,0,aQaQaPaQrQaQ,B,llama-8b,meta-llama/llama-3.1-8b-instruct,coreweave/bf16,0,1.0,CoreWeave,B,3.608e-05,0.047425875365417064,3.2679604709207055e-05,0
comprehension,own,neutral,1401,1,0,0,0,aPrQaQaQaQaQ,A,llama-8b,meta-llama/llama-3.1-8b-instruct,coreweave/bf16,0,1.0,CoreWeave,A,3.608e-05,0.9859363758106534,1.1278279117671666e-05,0
comprehension,own,neutral,1401,1,0,1,0,aQaQaQrQaQaP,A,llama-8b,meta-llama/llama-3.1-8b-instruct,coreweave/bf16,0,1.0,CoreWeave,A,3.608e-05,0.9993736658170786,3.887942886825961e-06,0
comprehension,own,neutral,1410,-1,0,0,0,aQaQrPaQaPaQ,B,llama-8b,meta-llama/llama-3.1-8b-instruct,coreweave/bf16,0,1.0,CoreWeave,B,3.608e-05,0.029312230857352094,7.312431099582017e-05,0
comprehension,own,neutral,1410,-1,0,1,0,aQaQaPaQrPaQ,B,llama-8b,meta-llama/llama-3.1-8b-instruct,coreweave/bf16,0,1.0,CoreWeave,B,3.608e-05,0.01243165076171426,2.7901377253281012e-05,0
comprehension,own,neutral,1410,1,0,0,0,aQaQaPrPaQaQ,A,llama-8b,meta-llama/llama-3.1-8b-instruct,coreweave/bf16,0,1.0,CoreWeave,A,3.608e-05,0.9964063976987011,7.596877917234041e-06,0
comprehension,own,neutral,1410,1,0,1,0,rPaQaQaQaPaQ,A,llama-8b,meta-llama/llama-3.1-8b-instruct,coreweave/bf16,0,1.0,CoreWeave,A,3.608e-05,0.998299277639164,6.307484667220087e-06,0
comprehension,own,neutral,1500,-1,0,0,0,aQaQaQaPaQaQ,B,llama-8b,meta-llama/llama-3.1-8b-instruct,coreweave/bf16,0,1.0,CoreWeave,B,3.608e-05,0.022977371289930073,0.00012342351441829713,0
comprehension,own,neutral,1500,-1,0,1,0,aQaPaQaQaQaQ,B,llama-8b,meta-llama/llama-3.1-8b-instruct,coreweave/bf16,0,1.0,CoreWeave,B,3.608e-05,0.06754669442450784,3.159522173590279e-05,0
comprehension,own,neutral,1500,1,0,0,0,aQaQaQaQaQaP,A,llama-8b,meta-llama/llama-3.1-8b-instruct,coreweave/bf16,0,1.0,CoreWeave,A,3.608e-05,0.9890130554668533,1.838807771827565e-05,0
comprehension,own,neutral,1500,1,0,1,0,aQaPaQaQaQaQ,A,llama-8b,meta-llama/llama-3.1-8b-instruct,coreweave/bf16,0,1.0,CoreWeave,A,3.608e-05,0.9975273773998414,7.934532832993679e-06,0
comprehension,own,neutral,2000,-1,0,0,0,aPaP,B,llama-8b,meta-llama/llama-3.1-8b-instruct,coreweave/bf16,0,1.0,CoreWeave,B,3.08e-05,0.01243165027005464,2.1663099776914052e-05,0
comprehension,own,neutral,2000,-1,0,1,0,aPaP,B,llama-8b,meta-llama/llama-3.1-8b-instruct,coreweave/bf16,0,1.0,CoreWeave,B,3.08e-05,0.009708476848585694,2.1224165098754355e-06,0
comprehension,own,neutral,2000,1,0,0,0,aPaP,A,llama-8b,meta-llama/llama-3.1-8b-instruct,coreweave/bf16,0,1.0,CoreWeave,A,3.08e-05,0.7057850278370112,0.00015782067111630438,0
comprehension,own,neutral,2000,1,0,1,0,aPaP,A,llama-8b,meta-llama/llama-3.1-8b-instruct,coreweave/bf16,0,1.0,CoreWeave,A,3.08e-05,0.9626731156008577,5.5929442694307996e-05,0
comprehension,own,neutral,2001,-1,0,0,0,rQaPaP,B,llama-8b,meta-llama/llama-3.1-8b-instruct,coreweave/bf16,0,1.0,CoreWeave,B,3.212e-05,0.0330859768394049,2.3009410765606475e-05,0
comprehension,own,neutral,2001,-1,0,1,0,rQaPaP,B,llama-8b,meta-llama/llama-3.1-8b-instruct,coreweave/bf16,0,1.0,CoreWeave,B,3.212e-05,0.03308597493257519,3.878549069469273e-06,0
comprehension,own,neutral,2001,1,0,0,0,aPrQaP,A,llama-8b,meta-llama/llama-3.1-8b-instruct,coreweave/bf16,0,1.0,CoreWeave,A,3.212e-05,0.9525741303566527,4.23337514285152e-05,0
comprehension,own,neutral,2001,1,0,1,0,aPrQaP,A,llama-8b,meta-llama/llama-3.1-8b-instruct,coreweave/bf16,0,1.0,CoreWeave,A,3.212e-05,0.9933071498403636,2.463019021754602e-05,0
comprehension,own,neutral,2002,-1,0,0,0,rQaPrQaP,B,llama-8b,meta-llama/llama-3.1-8b-instruct,coreweave/bf16,0,1.0,CoreWeave,B,3.344e-05,0.04208772791561884,5.0731800905312596e-05,0
comprehension,own,neutral,2002,-1,0,1,0,aPrQrQaP,B,llama-8b,meta-llama/llama-3.1-8b-instruct,coreweave/bf16,0,1.0,CoreWeave,B,3.344e-05,0.015906393519529553,6.6595465250118835e-06,0
comprehension,own,neutral,2002,1,0,0,0,aPaPrQrQ,A,llama-8b,meta-llama/llama-3.1-8b-instruct,coreweave/bf16,0,1.0,CoreWeave,A,3.344e-05,0.9875683480720233,2.0365978542357874e-05,0
comprehension,own,neutral,2002,1,0,1,0,aPrQrQaP,A,llama-8b,meta-llama/llama-3.1-8b-instruct,coreweave/bf16,0,1.0,CoreWeave,A,3.344e-05,0.9968273168143738,2.577338010611996e-05,0
comprehension,own,neutral,2003,-1,0,0,0,aPrQrQrQaP,B,llama-8b,meta-llama/llama-3.1-8b-instruct,coreweave/bf16,0,1.0,CoreWeave,B,3.476e-05,0.00970847539804715,2.9629125488872532e-05,0
comprehension,own,neutral,2003,-1,0,1,0,rQrQaPaPrQ,B,llama-8b,meta-llama/llama-3.1-8b-instruct,coreweave/bf16,0,1.0,CoreWeave,B,3.476e-05,0.0373268896198015,1.8400565248932743e-05,0
comprehension,own,neutral,2003,1,0,0,0,aPrQrQaPrQ,A,llama-8b,meta-llama/llama-3.1-8b-instruct,coreweave/bf16,0,1.0,CoreWeave,A,3.476e-05,0.987568350404548,3.54367191805309e-05,0
comprehension,own,neutral,2003,1,0,1,0,aPrQrQaPrQ,A,llama-8b,meta-llama/llama-3.1-8b-instruct,coreweave/bf16,0,1.0,CoreWeave,A,3.476e-05,0.9989677687950643,1.787087523685252e-05,0
comprehension,own,neutral,2004,-1,0,0,0,aPrQaPrQrQrQ,B,llama-8b,meta-llama/llama-3.1-8b-instruct,coreweave/bf16,0,1.0,CoreWeave,B,3.608e-05,0.022977370077286757,4.493763392943162e-05,0
comprehension,own,neutral,2004,-1,0,1,0,rQrQaPrQaPrQ,B,llama-8b,meta-llama/llama-3.1-8b-instruct,coreweave/bf16,0,1.0,CoreWeave,B,3.608e-05,0.007577240543010565,8.422478040559511e-06,0
comprehension,own,neutral,2004,1,0,0,0,rQaPrQaPrQrQ,A,llama-8b,meta-llama/llama-3.1-8b-instruct,coreweave/bf16,0,1.0,CoreWeave,A,3.608e-05,0.9978172833573953,1.0823385474984046e-05,0
comprehension,own,neutral,2004,1,0,1,0,rQrQaPaPrQrQ,A,llama-8b,meta-llama/llama-3.1-8b-instruct,coreweave/bf16,0,1.0,CoreWeave,A,3.608e-05,0.9990889489720153,6.262392462652588e-06,0
comprehension,own,neutral,2010,-1,0,0,0,aPaPrP,B,llama-8b,meta-llama/llama-3.1-8b-instruct,coreweave/bf16,0,1.0,CoreWeave,B,3.212e-05,0.012431651584958318,1.3185949282457088e-05,0
comprehension,own,neutral,2010,-1,0,1,0,rPaPaP,B,llama-8b,meta-llama/llama-3.1-8b-instruct,coreweave/bf16,0,1.0,CoreWeave,B,3.212e-05,0.014063628928626986,3.985928745064982e-06,0
comprehension,own,neutral,2010,1,0,0,0,rPaPaP,A,llama-8b,meta-llama/llama-3.1-8b-instruct,coreweave/bf16,0,1.0,CoreWeave,A,3.212e-05,0.6224593312018546,0.00023946491916526647,0
comprehension,own,neutral,2010,1,0,1,0,rPaPaP,A,llama-8b,meta-llama/llama-3.1-8b-instruct,coreweave/bf16,0,1.0,CoreWeave,A,3.212e-05,0.9770226308426495,8.208853592449675e-05,0
comprehension,own,neutral,2011,-1,0,0,0,aPrPaPrQ,B,llama-8b,meta-llama/llama-3.1-8b-instruct,coreweave/bf16,0,1.0,CoreWeave,B,3.344e-05,0.005911068757737523,2.850117043473599e-05,0
comprehension,own,neutral,2011,-1,0,1,0,aPaPrPrQ,B,llama-8b,meta-llama/llama-3.1-8b-instruct,coreweave/bf16,0,1.0,CoreWeave,B,3.344e-05,0.0019267349680135713,3.709089919756714e-06,0
comprehension,own,neutral,2011,1,0,0,0,aPaPrQrP,A,llama-8b,meta-llama/llama-3.1-8b-instruct,coreweave/bf16,0,1.0,CoreWeave,A,3.344e-05,0.9740426443092215,2.544909906145726e-05,0
comprehension,own,neutral,2011,1,0,1,0,aPrPrQaP,A,llama-8b,meta-llama/llama-3.1-8b-instruct,coreweave/bf16,0,1.0,CoreWeave,A,3.344e-05,0.9947798733440292,9.789768756444505e-05,0
comprehension,own,neutral,2012,-1,0,0,0,aPrPrQrQaP,B,llama-8b,meta-llama/llama-3.1-8b-instruct,coreweave/bf16,0,1.0,CoreWeave,B,3.476e-05,0.004070138010360398,4.4362162716748976e-05,0
comprehension,own,neutral,2012,-1,0,1,0,rPrQaPaPrQ,B,llama-8b,meta-llama/llama-3.1-8b-instruct,coreweave/bf16,0,1.0,CoreWeave,B,3.476e-05,0.002182716145145547,6.303981440303197e-06,0
comprehension,own,neutral,2012,1,0,0,0,rPrQaPrQaP,A,llama-8b,meta-llama/llama-3.1-8b-instruct,coreweave/bf16,0,1.0,CoreWeave,A,3.476e-05,0.9740426420015996,7.560336692243388e-05,0
comprehension,own,neutral,2012,1,0,1,0,aPrQrPaPrQ,A,llama-8b,meta-llama/llama-3.1-8b-instruct,coreweave/bf16,0,1.0,CoreWeave,A,3.476e-05,0.9992903296171634,1.2939796233807626e-05,0
comprehension,own,neutral,2013,-1,0,0,0,rPrQrQaPaPrQ,B,llama-8b,meta-llama/llama-3.1-8b-instruct,coreweave/bf16,0,1.0,CoreWeave,B,3.608e-05,0.002182716871811286,1.7127190175880713e-05,0
comprehension,own,neutral,2013,-1,0,1,0,aPrPrQrQaPrQ,B,llama-8b,meta-llama/llama-3.1-8b-instruct,coreweave/bf16,0,1.0,CoreWeave,B,3.608e-05,0.002800926544416237,1.0238710505872106e-05,0
comprehension,own,neutral,2013,1,0,0,0,rPaPrQaPrQrQ,A,llama-8b,meta-llama/llama-3.1-8b-instruct,coreweave/bf16,0,1.0,CoreWeave,A,3.608e-05,0.9940889313790767,5.231892039197182e-05,0
comprehension,own,neutral,2013,1,0,1,0,rQrQaPaPrQrP,A,llama-8b,meta-llama/llama-3.1-8b-instruct,coreweave/bf16,0,1.0,CoreWeave,A,3.608e-05,0.9995694429081665,4.726924229011881e-06,0
comprehension,own,neutral,2020,-1,0,0,0,rPaPaPrP,B,llama-8b,meta-llama/llama-3.1-8b-instruct,coreweave/bf16,0,1.0,CoreWeave,B,3.344e-05,0.0059110683773938725,1.9377138542053807e-05,0
comprehension,own,neutral,2020,-1,0,1,0,aPrPrPaP,B,llama-8b,meta-llama/llama-3.1-8b-instruct,coreweave/bf16,0,1.0,CoreWeave,B,3.344e-05,0.004070136756999802,3.524041477964701e-06,0
comprehension,own,neutral,2020,1,0,0,0,rPrPaPaP,A,llama-8b,meta-llama/llama-3.1-8b-instruct,coreweave/bf16,0,1.0,CoreWeave,B,3.344e-05,0.22270013882530884,0.00010390847976604611,0
comprehension,own,neutral,2020,1,0,1,0,aPrPrPaP,A,llama-8b,meta-llama/llama-3.1-8b-instruct,coreweave/bf16,0,1.0,CoreWeave,A,3.344e-05,0.9820137915183793,6.898153203485288e-05,0
comprehension,own,neutral,2021,-1,0,0,0,rPaPrPaPrQ,B,llama-8b,meta-llama/llama-3.1-8b-instruct,coreweave/bf16,0,1.0,CoreWeave,B,3.476e-05,0.0035936028932216715,2.7788397013006616e-05,0
comprehension,own,neutral,2021,-1,0,1,0,rPaPrQaPrP,B,llama-8b,meta-llama/llama-3.1-8b-instruct,coreweave/bf16,0,1.0,CoreWeave,B,3.476e-05,0.002182716145145547,6.303981440303197e-06,0
comprehension,own,neutral,2021,1,0,0,0,rPrQaPrPaP,A,llama-8b,meta-llama/llama-3.1-8b-instruct,coreweave/bf16,0,1.0,CoreWeave,A,3.476e-05,0.9399133529818484,6.434073431983017e-05,0
comprehension,own,neutral,2021,1,0,1,0,rPaPrPrQaP,A,llama-8b,meta-llama/llama-3.1-8b-instruct,coreweave/bf16,0,1.0,CoreWeave,A,3.476e-05,0.9968273168401461,0.00013781282414527087,0
comprehension,own,neutral,2022,-1,0,0,0,rQrQrPaPrPaP,B,llama-8b,meta-llama/llama-3.1-8b-instruct,coreweave/bf16,0,1.0,CoreWeave,B,3.608e-05,0.022977368571936524,4.2726449169916414e-05,0
comprehension,own,neutral,2022,-1,0,1,0,aPrQrPaPrQrP,B,llama-8b,meta-llama/llama-3.1-8b-instruct,coreweave/bf16,0,1.0,CoreWeave,B,3.608e-05,0.005911070202496357,7.288293731977369e-06,0
comprehension,own,neutral,2022,1,0,0,0,rQrPaPrQaPrP,A,llama-8b,meta-llama/llama-3.1-8b-instruct,coreweave/bf16,0,1.0,CoreWeave,A,3.608e-05,0.9989677687908628,1.4060309140528048e-05,0
comprehension,own,neutral,2022,1,0,1,0,aPrPrPaPrQrQ,A,llama-8b,meta-llama/llama-3.1-8b-instruct,coreweave/bf16,0,1.0,CoreWeave,A,3.608e-05,0.9988304898707981,2.3212298824509727e-05,0
comprehension,own,neutral,2030,-1,0,0,0,rPaPaPrPrP,B,llama-8b,meta-llama/llama-3.1-8b-instruct,coreweave/bf16,0,1.0,CoreWeave,B,3.476e-05,0.006692849775764439,3.315565719130831e-05,0
comprehension,own,neutral,2030,-1,0,1,0,rPrPaPaPrP,B,llama-8b,meta-llama/llama-3.1-8b-instruct,coreweave/bf16,0,1.0,CoreWeave,B,3.476e-05,0.0031726822747562026,4.028934273092588e-06,0
comprehension,own,neutral,2030,1,0,0,0,rPaPaPrPrP,A,llama-8b,meta-llama/llama-3.1-8b-instruct,coreweave/bf16,0,1.0,CoreWeave,A,3.476e-05,0.7981867849406659,0.00014677498184037518,0
comprehension,own,neutral,2030,1,0,1,0,aPrPrPrPaP,A,llama-8b,meta-llama/llama-3.1-8b-instruct,coreweave/bf16,0,1.0,CoreWeave,A,3.476e-05,0.9890130589076415,6.814065604894559e-05,0
comprehension,own,neutral,2031,-1,0,0,0,aPaPrPrPrPrQ,B,llama-8b,meta-llama/llama-3.1-8b-instruct,coreweave/bf16,0,1.0,CoreWeave,B,3.608e-05,0.00857748510483646,2.9583794089016457e-05,0
comprehension,own,neutral,2031,-1,0,1,0,rQaPrPrPaPrP,B,llama-8b,meta-llama/llama-3.1-8b-instruct,coreweave/bf16,0,1.0,CoreWeave,B,3.608e-05,0.0035936027756708045,3.914206401001152e-06,0
comprehension,own,neutral,2031,1,0,0,0,rPrPaPrQaPrP,A,llama-8b,meta-llama/llama-3.1-8b-instruct,coreweave/bf16,0,1.0,CoreWeave,A,3.608e-05,0.9399133525610676,0.00012561549171630215,0
comprehension,own,neutral,2031,1,0,1,0,rPaPrPrPaPrQ,A,llama-8b,meta-llama/llama-3.1-8b-instruct,coreweave/bf16,0,1.0,CoreWeave,A,3.608e-05,0.9975273764649153,4.693538367076368e-05,0
comprehension,own,neutral,2040,-1,0,0,0,rPaPrPaPrPrP,B,llama-8b,meta-llama/llama-3.1-8b-instruct,coreweave/bf16,0,1.0,CoreWeave,B,3.608e-05,0.005220126208618262,2.438356257050689e-05,0
comprehension,own,neutral,2040,-1,0,1,0,aPaPrPrPrPrP,B,llama-8b,meta-llama/llama-3.1-8b-instruct,coreweave/bf16,0,1.0,CoreWeave,B,3.608e-05,0.012431649858432647,5.417745561175913e-06,0
comprehension,own,neutral,2040,1,0,0,0,rPaPrPrPrPaP,A,llama-8b,meta-llama/llama-3.1-8b-instruct,coreweave/bf16,0,1.0,CoreWeave,A,3.608e-05,0.7057850216484838,0.00015486193555525052,0
comprehension,own,neutral,2040,1,0,1,0,aPrPrPaPrPrP,A,llama-8b,meta-llama/llama-3.1-8b-instruct,coreweave/bf16,0,1.0,CoreWeave,A,3.608e-05,0.994779873658385,4.205142819800785e-05,0
comprehension,own,neutral,2100,-1,0,0,0,aQaPaP,B,llama-8b,meta-llama/llama-3.1-8b-instruct,coreweave/bf16,0,1.0,CoreWeave,B,3.212e-05,0.047425872336085924,6.265504168412317e-05,0
comprehension,own,neutral,2100,-1,0,1,0,aQaPaP,B,llama-8b,meta-llama/llama-3.1-8b-instruct,coreweave/bf16,0,1.0,CoreWeave,B,3.212e-05,0.060086647018151605,1.4036385572291366e-05,0
comprehension,own,neutral,2100,1,0,0,0,aPaQaP,A,llama-8b,meta-llama/llama-3.1-8b-instruct,coreweave/bf16,0,1.0,CoreWeave,A,3.212e-05,0.9525741221101401,4.107717450464732e-05,0
comprehension,own,neutral,2100,1,0,1,0,aPaQaP,A,llama-8b,meta-llama/llama-3.1-8b-instruct,coreweave/bf16,0,1.0,CoreWeave,A,3.212e-05,0.9964063965765488,1.9829902960703024e-05,0
comprehension,own,neutral,2101,-1,0,0,0,aPrQaPaQ,B,llama-8b,meta-llama/llama-3.1-8b-instruct,coreweave/bf16,0,1.0,CoreWeave,B,3.344e-05,0.017986205948370804,3.784793580730028e-05,0
comprehension,own,neutral,2101,-1,0,1,0,aPrQaPaQ,B,llama-8b,meta-llama/llama-3.1-8b-instruct,coreweave/bf16,0,1.0,CoreWeave,B,3.344e-05,0.01798621167285805,7.172481974015987e-06,0
comprehension,own,neutral,2101,1,0,0,0,aQrQaPaP,A,llama-8b,meta-llama/llama-3.1-8b-instruct,coreweave/bf16,0,1.0,CoreWeave,A,3.344e-05,0.9988304895663173,4.399421296640135e-06,0
comprehension,own,neutral,2101,1,0,1,0,aPaQaPrQ,A,llama-8b,meta-llama/llama-3.1-8b-instruct,coreweave/bf16,0,1.0,CoreWeave,A,3.344e-05,0.9995694429079911,3.773661242515976e-06,0
comprehension,own,neutral,2102,-1,0,0,0,aPrQaQaPrQ,B,llama-8b,meta-llama/llama-3.1-8b-instruct,coreweave/bf16,0,1.0,CoreWeave,B,3.476e-05,0.01798620752753952,5.891555030523854e-05,0
comprehension,own,neutral,2102,-1,0,1,0,aPaQrQrQaP,B,llama-8b,meta-llama/llama-3.1-8b-instruct,coreweave/bf16,0,1.0,CoreWeave,B,3.476e-05,0.003172683325533539,1.1989460253158946e-05,0
comprehension,own,neutral,2102,1,0,0,0,rQrQaQaPaP,A,llama-8b,meta-llama/llama-3.1-8b-instruct,coreweave/bf16,0,1.0,CoreWeave,A,3.476e-05,0.9989677691511132,6.081993202866533e-06,0
comprehension,own,neutral,2102,1,0,1,0,rQaPaPaQrQ,A,llama-8b,meta-llama/llama-3.1-8b-instruct,coreweave/bf16,0,1.0,CoreWeave,A,3.476e-05,0.9997388095967229,4.219314758433803e-06,0
comprehension,own,neutral,2103,-1,0,0,0,aPaQrQrQrQaP,B,llama-8b,meta-llama/llama-3.1-8b-instruct,coreweave/bf16,0,1.0,CoreWeave,B,3.608e-05,0.003593603256712319,3.265777078209631e-05,0
comprehension,own,neutral,2103,-1,0,1,0,aPaPrQaQrQrQ,B,llama-8b,meta-llama/llama-3.1-8b-instruct,coreweave/bf16,0,1.0,CoreWeave,B,3.608e-05,0.009708476132270338,9.677983993428008e-06,0
comprehension,own,neutral,2103,1,0,0,0,aPrQaQrQrQaP,A,llama-8b,meta-llama/llama-3.1-8b-instruct,coreweave/bf16,0,1.0,CoreWeave,A,3.608e-05,0.984093607471798,3.997504816629499e-05,0
comprehension,own,neutral,2103,1,0,1,0,rQrQaPaPrQaQ,A,llama-8b,meta-llama/llama-3.1-8b-instruct,coreweave/bf16,0,1.0,CoreWeave,A,3.608e-05,0.9995121428202811,5.1901519298655214e-06,0
comprehension,own,neutral,2110,-1,0,0,0,aPaPrPaQ,B,llama-8b,meta-llama/llama-3.1-8b-instruct,coreweave/bf16,0,1.0,CoreWeave,B,3.344e-05,0.010986940394081131,4.185250296429022e-05,0
comprehension,own,neutral,2110,-1,0,1,0,aPaQrPaP,B,llama-8b,meta-llama/llama-3.1-8b-instruct,coreweave/bf16,0,1.0,CoreWeave,B,3.344e-05,0.007577242566988717,4.398082206980014e-06,0
comprehension,own,neutral,2110,1,0,0,0,aPaQrPaP,A,llama-8b,meta-llama/llama-3.1-8b-instruct,coreweave/bf16,0,1.0,CoreWeave,B,3.344e-05,0.7772998714925403,6.71488321782876e-05,0
comprehension,own,neutral,2110,1,0,1,0,aPrPaQaP,A,llama-8b,meta-llama/llama-3.1-8b-instruct,coreweave/bf16,0,1.0,CoreWeave,A,3.344e-05,0.9982992775403373,4.165069551809002e-05,0
comprehension,own,neutral,2111,-1,0,0,0,aPrPaPrQaQ,B,llama-8b,meta-llama/llama-3.1-8b-instruct,coreweave/bf16,0,1.0,CoreWeave,B,3.476e-05,0.0021827167850981947,3.520680194835091e-05,0
comprehension,own,neutral,2111,-1,0,1,0,aPaQrPrQaP,B,llama-8b,meta-llama/llama-3.1-8b-instruct,coreweave/bf16,0,1.0,CoreWeave,B,3.476e-05,0.0021827163814513366,1.1180572646596332e-05,0
comprehension,own,neutral,2111,1,0,0,0,aPrPaQrQaP,A,llama-8b,meta-llama/llama-3.1-8b-instruct,coreweave/bf16,0,1.0,CoreWeave,A,3.476e-05,0.9465966660571643,0.00033177159584864974,0
comprehension,own,neutral,2111,1,0,1,0,aPaPrPrQaQ,A,llama-8b,meta-llama/llama-3.1-8b-instruct,coreweave/bf16,0,1.0,CoreWeave,A,3.476e-05,0.9978172839948124,3.5326322978005906e-05,0
comprehension,own,neutral,2112,-1,0,0,0,aPaPrQrPrQaQ,B,llama-8b,meta-llama/llama-3.1-8b-instruct,coreweave/bf16,0,1.0,CoreWeave,B,3.608e-05,0.010986940535760615,5.140169611894674e-05,0
comprehension,own,neutral,2112,-1,0,1,0,rQaPaQrQaPrP,B,llama-8b,meta-llama/llama-3.1-8b-instruct,coreweave/bf16,0,1.0,CoreWeave,B,3.608e-05,0.003593602738988266,6.765006394626738e-06,0
comprehension,own,neutral,2112,1,0,0,0,aPrQaPaQrQrP,A,llama-8b,meta-llama/llama-3.1-8b-instruct,coreweave/bf16,0,1.0,CoreWeave,A,3.608e-05,0.9933071486701728,1.6222135008996802e-05,0
comprehension,own,neutral,2112,1,0,1,0,rQaPrPrQaPaQ,A,llama-8b,meta-llama/llama-3.1-8b-instruct,coreweave/bf16,0,1.0,CoreWeave,A,3.608e-05,0.9995694429084295,6.156817005050473e-06,0
comprehension,own,neutral,2120,-1,0,0,0,rPrPaPaPaQ,B,llama-8b,meta-llama/llama-3.1-8b-instruct,coreweave/bf16,0,1.0,CoreWeave,B,3.476e-05,0.002182716065024705,2.2956331401369212e-05,0
comprehension,own,neutral,2120,-1,0,1,0,rPaQaPaPrP,B,llama-8b,meta-llama/llama-3.1-8b-instruct,coreweave/bf16,0,1.0,CoreWeave,B,3.476e-05,0.001169510435042635,3.4469135088421865e-06,0
comprehension,own,neutral,2120,1,0,0,0,aQrPrPaPaP,A,llama-8b,meta-llama/llama-3.1-8b-instruct,coreweave/bf16,0,1.0,CoreWeave,A,3.476e-05,0.9890130570050881,9.66512551754499e-06,0
comprehension,own,neutral,2120,1,0,1,0,aPrPaPaQrP,A,llama-8b,meta-llama/llama-3.1-8b-instruct,coreweave/bf16,0,1.0,CoreWeave,A,3.476e-05,0.9971990732643912,6.990922441319197e-05,0
comprehension,own,neutral,2121,-1,0,0,0,aPrPrPaQaPrQ,B,llama-8b,meta-llama/llama-3.1-8b-instruct,coreweave/bf16,0,1.0,CoreWeave,B,3.608e-05,0.000911051345186991,1.6147196642557482e-05,0
comprehension,own,neutral,2121,-1,0,1,0,aPaQrQaPrPrP,B,llama-8b,meta-llama/llama-3.1-8b-instruct,coreweave/bf16,0,1.0,CoreWeave,B,3.608e-05,0.001169510432322841,5.35192817729957e-06,0
comprehension,own,neutral,2121,1,0,0,0,aPrQaQaPrPrP,A,llama-8b,meta-llama/llama-3.1-8b-instruct,coreweave/bf16,0,1.0,CoreWeave,A,3.608e-05,0.9890130572074873,2.2044273556133184e-05,0
comprehension,own,neutral,2121,1,0,1,0,aPrPrQaQaPrP,A,llama-8b,meta-llama/llama-3.1-8b-instruct,coreweave/bf16,0,1.0,CoreWeave,A,3.608e-05,0.9992903297339414,7.333095758764929e-05,0
comprehension,own,neutral,2130,-1,0,0,0,aQaPrPaPrPrP,B,llama-8b,meta-llama/llama-3.1-8b-instruct,coreweave/bf16,0,1.0,CoreWeave,B,3.608e-05,0.008577486387857939,2.5918778670419584e-05,0
comprehension,own,neutral,2130,-1,0,1,0,aPrPaPrPaQrP,B,llama-8b,meta-llama/llama-3.1-8b-instruct,coreweave/bf16,0,1.0,CoreWeave,B,3.608e-05,0.0031726826075882293,8.425346879170625e-06,0
comprehension,own,neutral,2130,1,0,0,0,aPrPaPaQrPrP,A,llama-8b,meta-llama/llama-3.1-8b-instruct,coreweave/bf16,0,1.0,CoreWeave,A,3.608e-05,0.9324533149608595,0.00010106989169661462,0
comprehension,own,neutral,2130,1,0,1,0,aQrPaPrPaPrP,A,llama-8b,meta-llama/llama-3.1-8b-instruct,coreweave/bf16,0,1.0,CoreWeave,A,3.608e-05,0.99849881784168,6.337029044854985e-06,0
comprehension,own,neutral,2200,-1,0,0,0,aQaQaPaP,B,llama-8b,meta-llama/llama-3.1-8b-instruct,coreweave/bf16,0,1.0,CoreWeave,B,3.344e-05,0.060086643862295744,0.00011363647128326271,0
comprehension,own,neutral,2200,-1,0,1,0,aPaQaPaQ,B,llama-8b,meta-llama/llama-3.1-8b-instruct,coreweave/bf16,0,1.0,CoreWeave,B,3.344e-05,0.004609571121754918,6.7693016672087936e-06,0
comprehension,own,neutral,2200,1,0,0,0,aPaPaQaQ,A,llama-8b,meta-llama/llama-3.1-8b-instruct,coreweave/bf16,0,1.0,CoreWeave,A,3.344e-05,0.9324533140223229,5.483418644476601e-05,0
comprehension,own,neutral,2200,1,0,1,0,aQaQaPaP,A,llama-8b,meta-llama/llama-3.1-8b-instruct,coreweave/bf16,0,1.0,CoreWeave,A,3.344e-05,0.9995694429591827,3.177930013491877e-06,0
comprehension,own,neutral,2201,-1,0,0,0,aQaPaQaPrQ,B,llama-8b,meta-llama/llama-3.1-8b-instruct,coreweave/bf16,0,1.0,CoreWeave,B,3.476e-05,0.020332355123551627,9.283356279621291e-05,0
comprehension,own,neutral,2201,-1,0,1,0,aQaPrQaQaP,B,llama-8b,meta-llama/llama-3.1-8b-instruct,coreweave/bf16,0,1.0,CoreWeave,B,3.476e-05,0.0534033311180551,2.1114117534359877e-05,0
comprehension,own,neutral,2201,1,0,0,0,aPaPaQaQrQ,A,llama-8b,meta-llama/llama-3.1-8b-instruct,coreweave/bf16,0,1.0,CoreWeave,A,3.476e-05,0.9740426428022032,5.00633407975945e-05,0
comprehension,own,neutral,2201,1,0,1,0,rQaQaPaQaP,A,llama-8b,meta-llama/llama-3.1-8b-instruct,coreweave/bf16,0,1.0,CoreWeave,A,3.476e-05,0.999941708727496,1.905906187229431e-06,0
comprehension,own,neutral,2202,-1,0,0,0,rQaQaPrQaQaP,B,llama-8b,meta-llama/llama-3.1-8b-instruct,coreweave/bf16,0,1.0,CoreWeave,B,3.608e-05,0.008577483877254361,5.995689554028072e-05,0
comprehension,own,neutral,2202,-1,0,1,0,aQrQaPaQaPrQ,B,llama-8b,meta-llama/llama-3.1-8b-instruct,coreweave/bf16,0,1.0,CoreWeave,B,3.608e-05,0.002800927189528721,1.2853187183914372e-05,0
comprehension,own,neutral,2202,1,0,0,0,rQaPaPaQrQaQ,A,llama-8b,meta-llama/llama-3.1-8b-instruct,coreweave/bf16,0,1.0,CoreWeave,A,3.608e-05,0.9980732650496722,8.468253433979722e-06,0
comprehension,own,neutral,2202,1,0,1,0,rQaPaQrQaQaP,A,llama-8b,meta-llama/llama-3.1-8b-instruct,coreweave/bf16,0,1.0,CoreWeave,A,3.608e-05,0.9991959139441813,4.455897662527099e-06,0
comprehension,own,neutral,2210,-1,0,0,0,aPrPaQaPaQ,B,llama-8b,meta-llama/llama-3.1-8b-instruct,coreweave/bf16,0,1.0,CoreWeave,B,3.476e-05,0.003593601918633395,3.7053638859418925e-05,0
comprehension,own,neutral,2210,-1,0,1,0,aPaPrPaQaQ,B,llama-8b,meta-llama/llama-3.1-8b-instruct,coreweave/bf16,0,1.0,CoreWeave,B,3.476e-05,0.0015011825172629282,5.622465835686263e-06,0
comprehension,own,neutral,2210,1,0,0,0,aPaQaPaQrP,A,llama-8b,meta-llama/llama-3.1-8b-instruct,coreweave/bf16,0,1.0,CoreWeave,A,3.476e-05,0.9465966737782309,4.390987493518156e-05,0
comprehension,own,neutral,2210,1,0,1,0,rPaPaQaPaQ,A,llama-8b,meta-llama/llama-3.1-8b-instruct,coreweave/bf16,0,1.0,CoreWeave,A,3.476e-05,0.9990889488780785,2.353138105988539e-05,0
comprehension,own,neutral,2211,-1,0,0,0,rQrPaPaQaPaQ,B,llama-8b,meta-llama/llama-3.1-8b-instruct,coreweave/bf16,0,1.0,CoreWeave,B,3.608e-05,0.005911069586832039,2.482683248983264e-05,0
comprehension,own,neutral,2211,-1,0,1,0,rPrQaQaPaPaQ,B,llama-8b,meta-llama/llama-3.1-8b-instruct,coreweave/bf16,0,1.0,CoreWeave,B,3.608e-05,0.0002959572061151019,2.8120295821887353e-06,0
comprehension,own,neutral,2211,1,0,0,0,rQaQrPaQaPaP,A,llama-8b,meta-llama/llama-3.1-8b-instruct,coreweave/bf16,0,1.0,CoreWeave,A,3.608e-05,0.9997388096588957,3.0276085121848785e-06,0
comprehension,own,neutral,2211,1,0,1,0,rQaPaQaPrPaQ,A,llama-8b,meta-llama/llama-3.1-8b-instruct,coreweave/bf16,0,1.0,CoreWeave,A,3.608e-05,0.9996646497690005,4.401459360628109e-06,0
comprehension,own,neutral,2220,-1,0,0,0,rPaPaQaQrPaP,B,llama-8b,meta-llama/llama-3.1-8b-instruct,coreweave/bf16,0,1.0,CoreWeave,B,3.608e-05,0.006692852066613981,7.021248608929387e-05,0
comprehension,own,neutral,2220,-1,0,1,0,aQaPaPaQrPrP,B,llama-8b,meta-llama/llama-3.1-8b-instruct,coreweave/bf16,0,1.0,CoreWeave,B,3.608e-05,0.007577242076751746,1.2916378708927034e-05,0
comprehension,own,neutral,2220,1,0,0,0,aQrPaPrPaQaP,A,llama-8b,meta-llama/llama-3.1-8b-instruct,coreweave/bf16,0,1.0,CoreWeave,A,3.608e-05,0.993307148416322,1.0538093828925572e-05,0
comprehension,own,neutral,2220,1,0,1,0,rPaQaPaPrPaQ,A,llama-8b,meta-llama/llama-3.1-8b-instruct,coreweave/bf16,0,1.0,CoreWeave,A,3.608e-05,0.9988304897178097,1.3329713139990278e-05,0
comprehension,own,neutral,2300,-1,0,0,0,aQaPaQaPaQ,B,llama-8b,meta-llama/llama-3.1-8b-instruct,coreweave/bf16,0,1.0,CoreWeave,B,3.476e-05,0.04208772506200681,0.00017677308842278805,0
comprehension,own,neutral,2300,-1,0,1,0,aPaQaPaQaQ,B,llama-8b,meta-llama/llama-3.1-8b-instruct,coreweave/bf16,0,1.0,CoreWeave,B,3.476e-05,0.005220124515933449,1.8337384490085817e-05,0
comprehension,own,neutral,2300,1,0,0,0,aQaQaQaPaP,A,llama-8b,meta-llama/llama-3.1-8b-instruct,coreweave/bf16,0,1.0,CoreWeave,A,3.476e-05,0.9947798736245314,1.821677377313209e-05,0
comprehension,own,neutral,2300,1,0,1,0,aQaQaPaPaQ,A,llama-8b,meta-llama/llama-3.1-8b-instruct,coreweave/bf16,0,1.0,CoreWeave,A,3.476e-05,0.99929032944503,6.983526202704142e-06,0
comprehension,own,neutral,2301,-1,0,0,0,aQaQaQrQaPaP,B,llama-8b,meta-llama/llama-3.1-8b-instruct,coreweave/bf16,0,1.0,CoreWeave,B,3.608e-05,0.03308597517092889,9.757950105959701e-05,0
comprehension,own,neutral,2301,-1,0,1,0,aQaPaQaPaQrQ,B,llama-8b,meta-llama/llama-3.1-8b-instruct,coreweave/bf16,0,1.0,CoreWeave,B,3.608e-05,0.029312230804354206,2.591796212336739e-05,0
comprehension,own,neutral,2301,1,0,0,0,aQaQaPaPrQaQ,A,llama-8b,meta-llama/llama-3.1-8b-instruct,coreweave/bf16,0,1.0,CoreWeave,A,3.608e-05,0.9968273173924118,8.425346879179733e-06,0
comprehension,own,neutral,2301,1,0,1,0,aQaPaQaPrQaQ,A,llama-8b,meta-llama/llama-3.1-8b-instruct,coreweave/bf16,0,1.0,CoreWeave,A,3.608e-05,0.9986749773400064,7.5188578857038595e-06,0
comprehension,own,neutral,2310,-1,0,0,0,rPaQaQaPaQaP,B,llama-8b,meta-llama/llama-3.1-8b-instruct,coreweave/bf16,0,1.0,CoreWeave,B,3.608e-05,0.007577239755129942,2.2146565965330822e-05,0
comprehension,own,neutral,2310,-1,0,1,0,aQaPrPaQaQaP,B,llama-8b,meta-llama/llama-3.1-8b-instruct,coreweave/bf16,0,1.0,CoreWeave,B,3.608e-05,0.008577485389952328,1.1974425180749648e-05,0
comprehension,own,neutral,2310,1,0,0,0,aQaQaPaQrPaP,A,llama-8b,meta-llama/llama-3.1-8b-instruct,coreweave/bf16,0,1.0,CoreWeave,A,3.608e-05,0.9959298623501696,8.03491114063741e-06,0
comprehension,own,neutral,2310,1,0,1,0,aQrPaPaQaQaP,A,llama-8b,meta-llama/llama-3.1-8b-instruct,coreweave/bf16,0,1.0,CoreWeave,A,3.608e-05,0.9990889486455942,5.190177808035083e-06,0
comprehension,own,neutral,2400,-1,0,0,0,aQaQaQaQaPaP,B,llama-8b,meta-llama/llama-3.1-8b-instruct,coreweave/bf16,0,1.0,CoreWeave,B,3.608e-05,0.06754668550840878,0.00012062499462739407,0
comprehension,own,neutral,2400,-1,0,1,0,aQaPaPaQaQaQ,B,llama-8b,meta-llama/llama-3.1-8b-instruct,coreweave/bf16,0,1.0,CoreWeave,B,3.608e-05,0.06008665164674048,4.439169019077038e-05,0
comprehension,own,neutral,2400,1,0,0,0,aPaQaQaQaQaP,A,llama-8b,meta-llama/llama-3.1-8b-instruct,coreweave/bf16,0,1.0,CoreWeave,A,3.608e-05,0.9579122693809591,4.1021317689481085e-05,0
comprehension,own,neutral,2400,1,0,1,0,aPaQaQaQaQaP,A,llama-8b,meta-llama/llama-3.1-8b-instruct,coreweave/bf16,0,1.0,CoreWeave,A,3.608e-05,0.9953904280641988,1.9820330559548738e-05,0
comprehension,own,neutral,3000,-1,0,0,0,aPaPaP,B,llama-8b,meta-llama/llama-3.1-8b-instruct,coreweave/bf16,0,1.0,CoreWeave,B,3.212e-05,0.037326884666868405,3.424150232567147e-05,0
comprehension,own,neutral,3000,-1,0,1,0,aPaPaP,B,llama-8b,meta-llama/llama-3.1-8b-instruct,coreweave/bf16,0,1.0,CoreWeave,B,3.212e-05,0.03732688694254029,4.977556987473264e-06,0
comprehension,own,neutral,3000,1,0,0,0,aPaPaP,A,llama-8b,meta-llama/llama-3.1-8b-instruct,coreweave/bf16,0,1.0,CoreWeave,B,3.212e-05,0.7772998663336158,0.00018886909872040114,0
comprehension,own,neutral,3000,1,0,1,0,aPaPaP,A,llama-8b,meta-llama/llama-3.1-8b-instruct,coreweave/bf16,0,1.0,CoreWeave,A,3.212e-05,0.9706877721105294,9.233337600261099e-05,0
comprehension,own,neutral,3001,-1,0,0,0,aPaPrQaP,B,llama-8b,meta-llama/llama-3.1-8b-instruct,coreweave/bf16,0,1.0,CoreWeave,B,3.344e-05,0.042087730168470575,3.052057034036437e-05,0
comprehension,own,neutral,3001,-1,0,1,0,aPaPrQaP,B,llama-8b,meta-llama/llama-3.1-8b-instruct,coreweave/bf16,0,1.0,CoreWeave,B,3.344e-05,0.022977367359293347,4.527603517101575e-06,0
comprehension,own,neutral,3001,1,0,0,0,aPrQaPaP,A,llama-8b,meta-llama/llama-3.1-8b-instruct,coreweave/bf16,0,1.0,CoreWeave,A,3.344e-05,0.97068776908965,2.9736169230288462e-05,0
comprehension,own,neutral,3001,1,0,1,0,rQaPaPaP,A,llama-8b,meta-llama/llama-3.1-8b-instruct,coreweave/bf16,0,1.0,CoreWeave,A,3.344e-05,0.9993736658172607,4.364487222677325e-06,0
comprehension,own,neutral,3002,-1,0,0,0,rQaPaPrQaP,B,llama-8b,meta-llama/llama-3.1-8b-instruct,coreweave/bf16,0,1.0,CoreWeave,B,3.476e-05,0.02931223345424867,6.224638697938101e-05,0
comprehension,own,neutral,3002,-1,0,1,0,aPaPrQrQaP,B,llama-8b,meta-llama/llama-3.1-8b-instruct,coreweave/bf16,0,1.0,CoreWeave,B,3.476e-05,0.01798621177155612,1.3376788712604615e-05,0
comprehension,own,neutral,3002,1,0,0,0,rQaPrQaPaP,A,llama-8b,meta-llama/llama-3.1-8b-instruct,coreweave/bf16,0,1.0,CoreWeave,A,3.476e-05,0.9947798748166652,1.655791851708048e-05,0
comprehension,own,neutral,3002,1,0,1,0,aPrQaPaPrQ,A,llama-8b,meta-llama/llama-3.1-8b-instruct,coreweave/bf16,0,1.0,CoreWeave,A,3.476e-05,0.9990889489736048,8.167982707311906e-06,0
comprehension,own,neutral,3003,-1,0,0,0,aPrQrQaPaPrQ,B,llama-8b,meta-llama/llama-3.1-8b-instruct,coreweave/bf16,0,1.0,CoreWeave,B,3.608e-05,0.012431650258620697,3.119867115597419e-05,0
comprehension,own,neutral,3003,-1,0,1,0,aPrQrQaPaPrQ,B,llama-8b,meta-llama/llama-3.1-8b-instruct,coreweave/bf16,0,1.0,CoreWeave,B,3.608e-05,0.007577242486449783,5.8179573729777445e-06,0
comprehension,own,neutral,3003,1,0,0,0,aPrQaPrQaPrQ,A,llama-8b,meta-llama/llama-3.1-8b-instruct,coreweave/bf16,0,1.0,CoreWeave,A,3.608e-05,0.9859363722335945,5.158568169024054e-05,0
comprehension,own,neutral,3003,1,0,1,0,aPrQaPrQrQaP,A,llama-8b,meta-llama/llama-3.1-8b-instruct,coreweave/bf16,0,1.0,CoreWeave,A,3.608e-05,0.9975273772826886,3.65915043262794e-05,0
comprehension,own,neutral,3010,-1,0,0,0,aPaPrPaP,B,llama-8b,meta-llama/llama-3.1-8b-instruct,coreweave/bf16,0,1.0,CoreWeave,B,3.344e-05,0.015906389291809674,3.071200465287749e-05,0
comprehension,own,neutral,3010,-1,0,1,0,rPaPaPaP,B,llama-8b,meta-llama/llama-3.1-8b-instruct,coreweave/bf16,0,1.0,CoreWeave,B,3.344e-05,0.0024726229338145533,1.393783246261826e-06,0
comprehension,own,neutral,3010,1,0,0,0,aPaPrPaP,A,llama-8b,meta-llama/llama-3.1-8b-instruct,coreweave/bf16,0,1.0,CoreWeave,B,3.344e-05,0.43782349911420193,0.00015245406556552155,0
comprehension,own,neutral,3010,1,0,1,0,aPaPaPrP,A,llama-8b,meta-llama/llama-3.1-8b-instruct,coreweave/bf16,0,1.0,CoreWeave,A,3.344e-05,0.9525741246345829,3.267960470924869e-05,0
comprehension,own,neutral,3011,-1,0,0,0,aPrPaPaPrQ,B,llama-8b,meta-llama/llama-3.1-8b-instruct,coreweave/bf16,0,1.0,CoreWeave,B,3.476e-05,0.00407013835956485,2.3467833118351322e-05,0
comprehension,own,neutral,3011,-1,0,1,0,aPaPaPrPrQ,B,llama-8b,meta-llama/llama-3.1-8b-instruct,coreweave/bf16,0,1.0,CoreWeave,B,3.476e-05,0.005911068029885667,9.304913259122749e-06,0
comprehension,own,neutral,3011,1,0,0,0,aPrPaPrQaP,A,llama-8b,meta-llama/llama-3.1-8b-instruct,coreweave/bf16,0,1.0,CoreWeave,A,3.476e-05,0.9399133435142799,0.0001789252784586623,0
comprehension,own,neutral,3011,1,0,1,0,aPaPrQaPrP,A,llama-8b,meta-llama/llama-3.1-8b-instruct,coreweave/bf16,0,1.0,CoreWeave,A,3.476e-05,0.9975273772562717,3.231080111004052e-05,0
comprehension,own,neutral,3012,-1,0,0,0,rPaPrQaPaPrQ,B,llama-8b,meta-llama/llama-3.1-8b-instruct,coreweave/bf16,0,1.0,CoreWeave,B,3.608e-05,0.006692851351497352,3.3391084602762966e-05,0
comprehension,own,neutral,3012,-1,0,1,0,aPaPrQaPrPrQ,B,llama-8b,meta-llama/llama-3.1-8b-instruct,coreweave/bf16,0,1.0,CoreWeave,B,3.608e-05,0.012431652236693234,8.946887218086452e-06,0
comprehension,own,neutral,3012,1,0,0,0,rQaPaPrQrPaP,A,llama-8b,meta-llama/llama-3.1-8b-instruct,coreweave/bf16,0,1.0,CoreWeave,A,3.608e-05,0.9964063978404291,1.852455086051889e-05,0
comprehension,own,neutral,3012,1,0,1,0,aPaPrQrQrPaP,A,llama-8b,meta-llama/llama-3.1-8b-instruct,coreweave/bf16,0,1.0,CoreWeave,A,3.608e-05,0.9953904281582093,4.983963126529642e-05,0
comprehension,own,neutral,3020,-1,0,0,0,aPaPrPrPaP,B,llama-8b,meta-llama/llama-3.1-8b-instruct,coreweave/bf16,0,1.0,CoreWeave,B,3.476e-05,0.02297737258620403,4.528522761493292e-05,0
comprehension,own,neutral,3020,-1,0,1,0,aPaPaPrPrP,B,llama-8b,meta-llama/llama-3.1-8b-instruct,coreweave/bf16,0,1.0,CoreWeave,B,3.476e-05,0.010986943511030174,5.420598709338087e-06,0
comprehension,own,neutral,3020,1,0,0,0,rPaPaPrPaP,A,llama-8b,meta-llama/llama-3.1-8b-instruct,coreweave/bf16,0,1.0,CoreWeave,A,3.476e-05,0.7981867729389246,0.00022514037922646835,0
comprehension,own,neutral,3020,1,0,1,0,rPaPrPaPaP,A,llama-8b,meta-llama/llama-3.1-8b-instruct,coreweave/bf16,0,1.0,CoreWeave,A,3.476e-05,0.9902915218978623,8.569436879469344e-05,0
comprehension,own,neutral,3021,-1,0,0,0,rQaPrPrPaPaP,B,llama-8b,meta-llama/llama-3.1-8b-instruct,coreweave/bf16,0,1.0,CoreWeave,B,3.608e-05,0.010986943703309524,1.4497915024391794e-05,0
comprehension,own,neutral,3021,-1,0,1,0,aPaPrQaPrPrP,B,llama-8b,meta-llama/llama-3.1-8b-instruct,coreweave/bf16,0,1.0,CoreWeave,B,3.608e-05,0.014063628463738372,6.337046308035887e-06,0
comprehension,own,neutral,3021,1,0,0,0,aPaPrPrPrQaP,A,llama-8b,meta-llama/llama-3.1-8b-instruct,coreweave/bf16,0,1.0,CoreWeave,A,3.608e-05,0.8933093982432729,0.0001254889742782761,0
comprehension,own,neutral,3021,1,0,1,0,aPrPaPaPrPrQ,A,llama-8b,meta-llama/llama-3.1-8b-instruct,coreweave/bf16,0,1.0,CoreWeave,A,3.608e-05,0.9978172837676343,4.21058611587994e-05,0
comprehension,own,neutral,3030,-1,0,0,0,aPrPrPaPaPrP,B,llama-8b,meta-llama/llama-3.1-8b-instruct,coreweave/bf16,0,1.0,CoreWeave,B,3.608e-05,0.004609571371737637,2.0651620149414462e-05,0
comprehension,own,neutral,3030,-1,0,1,0,rPaPaPaPrPrP,B,llama-8b,meta-llama/llama-3.1-8b-instruct,coreweave/bf16,0,1.0,CoreWeave,B,3.608e-05,0.009708476311349173,7.789097474453222e-06,0
comprehension,own,neutral,3030,1,0,0,0,aPaPaPrPrPrP,A,llama-8b,meta-llama/llama-3.1-8b-instruct,coreweave/bf16,0,1.0,CoreWeave,A,3.608e-05,0.5312093733737563,0.0001388300297915368,0
comprehension,own,neutral,3030,1,0,1,0,rPaPrPaPaPrP,A,llama-8b,meta-llama/llama-3.1-8b-instruct,coreweave/bf16,0,1.0,CoreWeave,A,3.608e-05,0.9933071486423112,8.584097004214666e-05,0
comprehension,own,neutral,3100,-1,0,0,0,aPaQaPaP,B,llama-8b,meta-llama/llama-3.1-8b-instruct,coreweave/bf16,0,1.0,CoreWeave,B,3.344e-05,0.01098694307587165,4.11429469937552e-05,0
comprehension,own,neutral,3100,-1,0,1,0,aQaPaPaP,B,llama-8b,meta-llama/llama-3.1-8b-instruct,coreweave/bf16,0,1.0,CoreWeave,B,3.344e-05,0.029312231546324636,9.254267297587049e-06,0
comprehension,own,neutral,3100,1,0,0,0,aPaPaPaQ,A,llama-8b,meta-llama/llama-3.1-8b-instruct,coreweave/bf16,0,1.0,CoreWeave,A,3.344e-05,0.9399133479324787,5.9179879137352676e-05,0
comprehension,own,neutral,3100,1,0,1,0,aPaPaPaQ,A,llama-8b,meta-llama/llama-3.1-8b-instruct,coreweave/bf16,0,1.0,CoreWeave,A,3.344e-05,0.9953904276005555,2.3735525267474904e-05,0
comprehension,own,neutral,3101,-1,0,0,0,rQaPaPaPaQ,B,llama-8b,meta-llama/llama-3.1-8b-instruct,coreweave/bf16,0,1.0,CoreWeave,B,3.476e-05,0.01590639474411069,2.3902407449649665e-05,0
comprehension,own,neutral,3101,-1,0,1,0,aQaPrQaPaP,B,llama-8b,meta-llama/llama-3.1-8b-instruct,coreweave/bf16,0,1.0,CoreWeave,B,3.476e-05,0.02931223069835843,1.4232070252973017e-05,0
comprehension,own,neutral,3101,1,0,0,0,aPrQaPaQaP,A,llama-8b,meta-llama/llama-3.1-8b-instruct,coreweave/bf16,0,1.0,CoreWeave,A,3.476e-05,0.9796676475848896,4.215903616867564e-05,0
comprehension,own,neutral,3101,1,0,1,0,aPrQaPaQaP,A,llama-8b,meta-llama/llama-3.1-8b-instruct,coreweave/bf16,0,1.0,CoreWeave,A,3.476e-05,0.9984988178601768,1.4430855188033625e-05,0
comprehension,own,neutral,3102,-1,0,0,0,aPrQaPaPrQaQ,B,llama-8b,meta-llama/llama-3.1-8b-instruct,coreweave/bf16,0,1.0,CoreWeave,B,3.608e-05,0.015906393373746094,3.6690471468925345e-05,0
comprehension,own,neutral,3102,-1,0,1,0,aQrQrQaPaPaP,B,llama-8b,meta-llama/llama-3.1-8b-instruct,coreweave/bf16,0,1.0,CoreWeave,B,3.608e-05,0.003593601857773743,8.903957830264098e-06,0
comprehension,own,neutral,3102,1,0,0,0,aPaPaPaQrQrQ,A,llama-8b,meta-llama/llama-3.1-8b-instruct,coreweave/bf16,0,1.0,CoreWeave,A,3.608e-05,0.9875683474202883,2.5663490806692585e-05,0
comprehension,own,neutral,3102,1,0,1,0,aPaQrQrQaPaP,A,llama-8b,meta-llama/llama-3.1-8b-instruct,coreweave/bf16,0,1.0,CoreWeave,A,3.608e-05,0.9984988179092108,3.5855325017709796e-05,0
comprehension,own,neutral,3110,-1,0,0,0,aPaPaPaQrP,B,llama-8b,meta-llama/llama-3.1-8b-instruct,coreweave/bf16,0,1.0,CoreWeave,B,3.476e-05,0.005911068246052186,2.3169535509848238e-05,0
comprehension,own,neutral,3110,-1,0,1,0,aPaQaPaPrP,B,llama-8b,meta-llama/llama-3.1-8b-instruct,coreweave/bf16,0,1.0,CoreWeave,B,3.476e-05,0.0046095711303013355,6.294321670652359e-06,0
comprehension,own,neutral,3110,1,0,0,0,aQaPrPaPaP,A,llama-8b,meta-llama/llama-3.1-8b-instruct,coreweave/bf16,0,1.0,CoreWeave,A,3.476e-05,0.9914225158534696,1.5167278493157313e-05,0
comprehension,own,neutral,3110,1,0,1,0,rPaPaPaPaQ,A,llama-8b,meta-llama/llama-3.1-8b-instruct,coreweave/bf16,0,1.0,CoreWeave,A,3.476e-05,0.99752737728556,3.7067162691039896e-05,0
comprehension,own,neutral,3111,-1,0,0,0,aPaQrPrQaPaP,B,llama-8b,meta-llama/llama-3.1-8b-instruct,coreweave/bf16,0,1.0,CoreWeave,B,3.608e-05,0.005911067739839464,5.741479291077045e-05,0
comprehension,own,neutral,3111,-1,0,1,0,aPaPaQaPrQrP,B,llama-8b,meta-llama/llama-3.1-8b-instruct,coreweave/bf16,0,1.0,CoreWeave,B,3.608e-05,0.0015011819808552552,5.741978829632011e-06,0
comprehension,own,neutral,3111,1,0,0,0,aQaPaPrQaPrP,A,llama-8b,meta-llama/llama-3.1-8b-instruct,coreweave/bf16,0,1.0,CoreWeave,A,3.608e-05,0.9990889487544189,5.5475634358522884e-06,0
comprehension,own,neutral,3111,1,0,1,0,aPaPrQrPaPaQ,A,llama-8b,meta-llama/llama-3.1-8b-instruct,coreweave/bf16,0,1.0,CoreWeave,A,3.608e-05,0.9986749778320374,1.8114638864975092e-05,0
comprehension,own,neutral,3120,-1,0,0,0,aPrPaPrPaPaQ,B,llama-8b,meta-llama/llama-3.1-8b-instruct,coreweave/bf16,0,1.0,CoreWeave,B,3.608e-05,0.012431651813637232,4.9442832798063385e-05,0
comprehension,own,neutral,3120,-1,0,1,0,aQrPaPaPaPrP,B,llama-8b,meta-llama/llama-3.1-8b-instruct,coreweave/bf16,0,1.0,CoreWeave,B,3.608e-05,0.003593603207524362,3.5575434376156068e-06,0
comprehension,own,neutral,3120,1,0,0,0,aQaPrPaPaPrP,A,llama-8b,meta-llama/llama-3.1-8b-instruct,coreweave/bf16,0,1.0,CoreWeave,A,3.608e-05,0.9947798733512836,8.255670343952637e-06,0
comprehension,own,neutral,3120,1,0,1,0,rPaPaPrPaPaQ,A,llama-8b,meta-llama/llama-3.1-8b-instruct,coreweave/bf16,0,1.0,CoreWeave,A,3.608e-05,0.9980732652001122,4.844335679592268e-05,0
comprehension,own,neutral,3200,-1,0,0,0,aQaPaPaQaP,B,llama-8b,meta-llama/llama-3.1-8b-instruct,coreweave/bf16,0,1.0,CoreWeave,B,3.476e-05,0.05340332904654947,0.00012096561833230268,0
comprehension,own,neutral,3200,-1,0,1,0,aPaQaPaPaQ,B,llama-8b,meta-llama/llama-3.1-8b-instruct,coreweave/bf16,0,1.0,CoreWeave,B,3.476e-05,0.006692849967700452,1.1250312060173684e-05,0
comprehension,own,neutral,3200,1,0,0,0,aQaQaPaPaP,A,llama-8b,meta-llama/llama-3.1-8b-instruct,coreweave/bf16,0,1.0,CoreWeave,A,3.476e-05,0.9978172836302118,1.3559385595259942e-05,0
comprehension,own,neutral,3200,1,0,1,0,aPaQaPaQaP,A,llama-8b,meta-llama/llama-3.1-8b-instruct,coreweave/bf16,0,1.0,CoreWeave,A,3.476e-05,0.9984988178915866,2.8237914903315835e-05,0
comprehension,own,neutral,3201,-1,0,0,0,rQaQaQaPaPaP,B,llama-8b,meta-llama/llama-3.1-8b-instruct,coreweave/bf16,0,1.0,CoreWeave,B,3.608e-05,0.010986944978425318,3.60710990250368e-05,0
comprehension,own,neutral,3201,-1,0,1,0,aPaQaPaPaQrQ,B,llama-8b,meta-llama/llama-3.1-8b-instruct,coreweave/bf16,0,1.0,CoreWeave,B,3.608e-05,0.006692850819029607,9.947014187661196e-06,0
comprehension,own,neutral,3201,1,0,0,0,aPaPaPaQaQrQ,A,llama-8b,meta-llama/llama-3.1-8b-instruct,coreweave/bf16,0,1.0,CoreWeave,A,3.608e-05,0.9626731153331316,8.645202021115989e-05,0
comprehension,own,neutral,3201,1,0,1,0,aQaPaPrQaQaP,A,llama-8b,meta-llama/llama-3.1-8b-instruct,coreweave/bf16,0,1.0,CoreWeave,A,3.608e-05,0.999769493311814,3.923917343914097e-06,0
comprehension,own,neutral,3210,-1,0,0,0,rPaPaQaPaPaQ,B,llama-8b,meta-llama/llama-3.1-8b-instruct,coreweave/bf16,0,1.0,CoreWeave,B,3.608e-05,0.007577241576009728,3.716838143408285e-05,0
comprehension,own,neutral,3210,-1,0,1,0,aQaQaPaPaPrP,B,llama-8b,meta-llama/llama-3.1-8b-instruct,coreweave/bf16,0,1.0,CoreWeave,B,3.608e-05,0.017986210455581877,1.0919467045011899e-05,0
comprehension,own,neutral,3210,1,0,0,0,rPaQaPaQaPaP,A,llama-8b,meta-llama/llama-3.1-8b-instruct,coreweave/bf16,0,1.0,CoreWeave,A,3.608e-05,0.9933071500539697,1.1723905965360833e-05,0
comprehension,own,neutral,3210,1,0,1,0,aPaPaPrPaQaQ,A,llama-8b,meta-llama/llama-3.1-8b-instruct,coreweave/bf16,0,1.0,CoreWeave,A,3.608e-05,0.9978172839532307,2.676257043573993e-05,0
comprehension,own,neutral,3300,-1,0,0,0,aPaQaPaQaQaP,B,llama-8b,meta-llama/llama-3.1-8b-instruct,coreweave/bf16,0,1.0,CoreWeave,B,3.608e-05,0.02033235104233902,0.00011408831060000235,0
comprehension,own,neutral,3300,-1,0,1,0,aQaQaPaPaQaP,B,llama-8b,meta-llama/llama-3.1-8b-instruct,coreweave/bf16,0,1.0,CoreWeave,B,3.608e-05,0.020332354121799366,3.222976474026584e-05,0
comprehension,own,neutral,3300,1,0,0,0,aPaQaPaQaPaQ,A,llama-8b,meta-llama/llama-3.1-8b-instruct,coreweave/bf16,0,1.0,CoreWeave,A,3.608e-05,0.9770226278319489,6.624669510897283e-05,0
comprehension,own,neutral,3300,1,0,1,0,aPaPaQaPaQaQ,A,llama-8b,meta-llama/llama-3.1-8b-instruct,coreweave/bf16,0,1.0,CoreWeave,A,3.608e-05,0.9984988176903901,1.835859012453106e-05,0
comprehension,own,neutral,4000,-1,0,0,0,aPaPaPaP,B,llama-8b,meta-llama/llama-3.1-8b-instruct,coreweave/bf16,0,1.0,CoreWeave,B,3.344e-05,0.029312228207457852,2.1061110332731836e-05,0
comprehension,own,neutral,4000,-1,0,1,0,aPaPaPaP,B,llama-8b,meta-llama/llama-3.1-8b-instruct,coreweave/bf16,0,1.0,CoreWeave,B,3.344e-05,0.01590639089542743,2.2030603026301776e-06,0
comprehension,own,neutral,4000,1,0,0,0,aPaPaPaP,A,llama-8b,meta-llama/llama-3.1-8b-instruct,coreweave/bf16,0,1.0,CoreWeave,A,3.344e-05,0.7981867825403176,0.00012127950533427634,0
comprehension,own,neutral,4000,1,0,1,0,aPaPaPaP,A,llama-8b,meta-llama/llama-3.1-8b-instruct,coreweave/bf16,0,1.0,CoreWeave,A,3.344e-05,0.9706877708385803,5.542461635445542e-05,0
comprehension,own,neutral,4001,-1,0,0,0,aPrQaPaPaP,B,llama-8b,meta-llama/llama-3.1-8b-instruct,coreweave/bf16,0,1.0,CoreWeave,B,3.476e-05,0.025957360023456454,2.8000131889194257e-05,0
comprehension,own,neutral,4001,-1,0,1,0,aPrQaPaPaP,B,llama-8b,meta-llama/llama-3.1-8b-instruct,coreweave/bf16,0,1.0,CoreWeave,B,3.476e-05,0.020332355271959375,6.537624185787294e-06,0
comprehension,own,neutral,4001,1,0,0,0,aPaPrQaPaP,A,llama-8b,meta-llama/llama-3.1-8b-instruct,coreweave/bf16,0,1.0,CoreWeave,A,3.476e-05,0.9796676442828174,6.854602401475118e-05,0
comprehension,own,neutral,4001,1,0,1,0,aPaPaPrQaP,A,llama-8b,meta-llama/llama-3.1-8b-instruct,coreweave/bf16,0,1.0,CoreWeave,A,3.476e-05,0.9933071488930664,7.388352999205226e-05,0
comprehension,own,neutral,4002,-1,0,0,0,aPaPrQaPrQaP,B,llama-8b,meta-llama/llama-3.1-8b-instruct,coreweave/bf16,0,1.0,CoreWeave,B,3.608e-05,0.037326889619801504,4.915552307316329e-05,0
comprehension,own,neutral,4002,-1,0,1,0,aPrQaPaPrQaP,B,llama-8b,meta-llama/llama-3.1-8b-instruct,coreweave/bf16,0,1.0,CoreWeave,B,3.608e-05,0.03308598017635717,9.520628147630106e-06,0
comprehension,own,neutral,4002,1,0,0,0,aPrQaPaPaPrQ,A,llama-8b,meta-llama/llama-3.1-8b-instruct,coreweave/bf16,0,1.0,CoreWeave,A,3.608e-05,0.9820137899063109,1.8528628961487353e-05,0
comprehension,own,neutral,4002,1,0,1,0,aPaPaPrQaPrQ,A,llama-8b,meta-llama/llama-3.1-8b-instruct,coreweave/bf16,0,1.0,CoreWeave,A,3.608e-05,0.9989677691649183,1.8943061604942283e-05,0
comprehension,own,neutral,4010,-1,0,0,0,aPrPaPaPaP,B,llama-8b,meta-llama/llama-3.1-8b-instruct,coreweave/bf16,0,1.0,CoreWeave,B,3.476e-05,0.01098694435098737,4.1258999575521926e-05,0
comprehension,own,neutral,4010,-1,0,1,0,aPaPaPaPrP,B,llama-8b,meta-llama/llama-3.1-8b-instruct,coreweave/bf16,0,1.0,CoreWeave,B,3.476e-05,0.010986944846865746,5.0653473182560305e-06,0
comprehension,own,neutral,4010,1,0,0,0,aPaPaPaPrP,A,llama-8b,meta-llama/llama-3.1-8b-instruct,coreweave/bf16,0,1.0,CoreWeave,B,3.476e-05,0.5621765008857981,0.0001457793408121688,0
comprehension,own,neutral,4010,1,0,1,0,aPaPaPrPaP,A,llama-8b,meta-llama/llama-3.1-8b-instruct,coreweave/bf16,0,1.0,CoreWeave,A,3.476e-05,0.9626731134590489,8.507183442957311e-05,0
comprehension,own,neutral,4011,-1,0,0,0,aPrPaPaPaPrQ,B,llama-8b,meta-llama/llama-3.1-8b-instruct,coreweave/bf16,0,1.0,CoreWeave,B,3.608e-05,0.00757724201372128,2.95970062716977e-05,0
comprehension,own,neutral,4011,-1,0,1,0,aPaPaPrQrPaP,B,llama-8b,meta-llama/llama-3.1-8b-instruct,coreweave/bf16,0,1.0,CoreWeave,B,3.608e-05,0.04208772371029592,1.5108687346776506e-05,0
comprehension,own,neutral,4011,1,0,0,0,aPaPrPaPrQaP,A,llama-8b,meta-llama/llama-3.1-8b-instruct,coreweave/bf16,0,1.0,CoreWeave,A,3.608e-05,0.8933094117351309,0.00018948703371983455,0
comprehension,own,neutral,4011,1,0,1,0,aPaPaPrQaPrP,A,llama-8b,meta-llama/llama-3.1-8b-instruct,coreweave/bf16,0,1.0,CoreWeave,A,3.608e-05,0.9982992772891197,2.5109659370972258e-05,0
comprehension,own,neutral,4020,-1,0,0,0,aPrPrPaPaPaP,B,llama-8b,meta-llama/llama-3.1-8b-instruct,coreweave/bf16,0,1.0,CoreWeave,B,3.608e-05,0.0059110683773938725,1.9377138542053807e-05,0
comprehension,own,neutral,4020,-1,0,1,0,aPrPaPaPrPaP,B,llama-8b,meta-llama/llama-3.1-8b-instruct,coreweave/bf16,0,1.0,CoreWeave,B,3.608e-05,0.012431648051869616,7.656597053817826e-06,0
comprehension,own,neutral,4020,1,0,0,0,rPaPaPrPaPaP,A,llama-8b,meta-llama/llama-3.1-8b-instruct,coreweave/bf16,0,1.0,CoreWeave,A,3.608e-05,0.8807970842359876,0.00015856328923984087,0
comprehension,own,neutral,4020,1,0,1,0,rPaPrPaPaPaP,A,llama-8b,meta-llama/llama-3.1-8b-instruct,coreweave/bf16,0,1.0,CoreWeave,A,3.608e-05,0.9947798737236744,4.4423004221342925e-05,0
comprehension,own,neutral,4100,-1,0,0,0,aPaPaPaPaQ,B,llama-8b,meta-llama/llama-3.1-8b-instruct,coreweave/bf16,0,1.0,CoreWeave,B,3.476e-05,0.02297737036999376,5.448664129348302e-05,0
comprehension,own,neutral,4100,-1,0,1,0,aPaPaPaPaQ,B,llama-8b,meta-llama/llama-3.1-8b-instruct,coreweave/bf16,0,1.0,CoreWeave,B,3.476e-05,0.010986944108108174,1.1196940934099509e-05,0
comprehension,own,neutral,4100,1,0,0,0,aPaQaPaPaP,A,llama-8b,meta-llama/llama-3.1-8b-instruct,coreweave/bf16,0,1.0,CoreWeave,A,3.476e-05,0.957912269230769,8.70367254390686e-05,0
comprehension,own,neutral,4100,1,0,1,0,aPaPaQaPaP,A,llama-8b,meta-llama/llama-3.1-8b-instruct,coreweave/bf16,0,1.0,CoreWeave,A,3.476e-05,0.9953904277672107,5.7076624947709556e-05,0
comprehension,own,neutral,4101,-1,0,0,0,aPaPrQaPaQaP,B,llama-8b,meta-llama/llama-3.1-8b-instruct,coreweave/bf16,0,1.0,CoreWeave,B,3.608e-05,0.02595735903447556,3.392231279120139e-05,0
comprehension,own,neutral,4101,-1,0,1,0,aQaPaPaPrQaP,B,llama-8b,meta-llama/llama-3.1-8b-instruct,coreweave/bf16,0,1.0,CoreWeave,B,3.608e-05,0.047425870484828096,1.3265235968451528e-05,0
comprehension,own,neutral,4101,1,0,0,0,aPaPrQaQaPaP,A,llama-8b,meta-llama/llama-3.1-8b-instruct,coreweave/bf16,0,1.0,CoreWeave,A,3.608e-05,0.9924227575170519,5.254617306996081e-05,0
comprehension,own,neutral,4101,1,0,1,0,aQaPaPaPrQaP,A,llama-8b,meta-llama/llama-3.1-8b-instruct,coreweave/bf16,0,1.0,CoreWeave,A,3.608e-05,0.999447221317669,6.003799815166222e-06,0
comprehension,own,neutral,4110,-1,0,0,0,aPaPaPaQaPrP,B,llama-8b,meta-llama/llama-3.1-8b-instruct,coreweave/bf16,0,1.0,CoreWeave,B,3.608e-05,0.0140636302845522,2.2201915838349073e-05,0
comprehension,own,neutral,4110,-1,0,1,0,rPaQaPaPaPaP,B,llama-8b,meta-llama/llama-3.1-8b-instruct,coreweave/bf16,0,1.0,CoreWeave,B,3.608e-05,0.004609572824628924,3.8008785343546236e-06,0
comprehension,own,neutral,4110,1,0,0,0,rPaPaPaQaPaP,A,llama-8b,meta-llama/llama-3.1-8b-instruct,coreweave/bf16,0,1.0,CoreWeave,A,3.608e-05,0.9770226292118533,0.00011934905505954149,0
comprehension,own,neutral,4110,1,0,1,0,rPaPaPaQaPaP,A,llama-8b,meta-llama/llama-3.1-8b-instruct,coreweave/bf16,0,1.0,CoreWeave,A,3.608e-05,0.997527377176447,6.667365915542225e-05,0
comprehension,own,neutral,4200,-1,0,0,0,aQaPaPaPaQaP,B,llama-8b,meta-llama/llama-3.1-8b-instruct,coreweave/bf16,0,1.0,CoreWeave,B,3.608e-05,0.047425868465274176,7.640074534676078e-05,0
comprehension,own,neutral,4200,-1,0,1,0,aQaPaPaPaQaP,B,llama-8b,meta-llama/llama-3.1-8b-instruct,coreweave/bf16,0,1.0,CoreWeave,B,3.608e-05,0.03308597743528922,1.8974389802473013e-05,0
comprehension,own,neutral,4200,1,0,0,0,aQaPaPaQaPaP,A,llama-8b,meta-llama/llama-3.1-8b-instruct,coreweave/bf16,0,1.0,CoreWeave,A,3.608e-05,0.9978172831302171,1.760308978013877e-05,0
comprehension,own,neutral,4200,1,0,1,0,aQaPaPaPaPaQ,A,llama-8b,meta-llama/llama-3.1-8b-instruct,coreweave/bf16,0,1.0,CoreWeave,A,3.608e-05,0.9995121428200257,4.237005719627822e-06,0
comprehension,own,neutral,5000,-1,0,0,0,aPaPaPaPaP,B,llama-8b,meta-llama/llama-3.1-8b-instruct,coreweave/bf16,0,1.0,CoreWeave,B,3.476e-05,0.053403324903538434,4.865334253989495e-05,0
comprehension,own,neutral,5000,-1,0,1,0,aPaPaPaPaP,B,llama-8b,meta-llama/llama-3.1-8b-instruct,coreweave/bf16,0,1.0,CoreWeave,B,3.476e-05,0.053403325280175794,8.368803960157045e-06,0
comprehension,own,neutral,5000,1,0,0,0,aPaPaPaPaP,A,llama-8b,meta-llama/llama-3.1-8b-instruct,coreweave/bf16,0,1.0,CoreWeave,A,3.476e-05,0.8175744806385542,0.00012167674438548493,0
comprehension,own,neutral,5000,1,0,1,0,aPaPaPaPaP,A,llama-8b,meta-llama/llama-3.1-8b-instruct,coreweave/bf16,0,1.0,CoreWeave,A,3.476e-05,0.9770226323898149,6.986278300151819e-05,0
comprehension,own,neutral,5001,-1,0,0,0,aPaPrQaPaPaP,B,llama-8b,meta-llama/llama-3.1-8b-instruct,coreweave/bf16,0,1.0,CoreWeave,B,3.608e-05,0.04208772926732986,2.2869969041661165e-05,0
comprehension,own,neutral,5001,-1,0,1,0,aPrQaPaPaPaP,B,llama-8b,meta-llama/llama-3.1-8b-instruct,coreweave/bf16,0,1.0,CoreWeave,B,3.608e-05,0.04742587250438209,7.585832663470349e-06,0
comprehension,own,neutral,5001,1,0,0,0,rQaPaPaPaPaP,A,llama-8b,meta-llama/llama-3.1-8b-instruct,coreweave/bf16,0,1.0,CoreWeave,A,3.608e-05,0.9964063980988742,5.578185490092476e-06,0
comprehension,own,neutral,5001,1,0,1,0,aPaPaPaPaPrQ,A,llama-8b,meta-llama/llama-3.1-8b-instruct,coreweave/bf16,0,1.0,CoreWeave,A,3.608e-05,0.9947798738929429,5.058916820034447e-05,0
comprehension,own,neutral,5010,-1,0,0,0,aPaPaPrPaPaP,B,llama-8b,meta-llama/llama-3.1-8b-instruct,coreweave/bf16,0,1.0,CoreWeave,B,3.608e-05,0.01590639497736425,2.296341927443546e-05,0
comprehension,own,neutral,5010,-1,0,1,0,aPaPrPaPaPaP,B,llama-8b,meta-llama/llama-3.1-8b-instruct,coreweave/bf16,0,1.0,CoreWeave,B,3.608e-05,0.01590639168265802,6.544067204683479e-06,0
comprehension,own,neutral,5010,1,0,0,0,aPaPaPrPaPaP,A,llama-8b,meta-llama/llama-3.1-8b-instruct,coreweave/bf16,0,1.0,CoreWeave,B,3.608e-05,0.7772998560157665,0.00010464682384353496,0
comprehension,own,neutral,5010,1,0,1,0,aPaPaPaPaPrP,A,llama-8b,meta-llama/llama-3.1-8b-instruct,coreweave/bf16,0,1.0,CoreWeave,A,3.608e-05,0.952574123793102,8.490794571444638e-05,0
comprehension,own,neutral,5100,-1,0,0,0,aPaPaPaPaQaP,B,llama-8b,meta-llama/llama-3.1-8b-instruct,coreweave/bf16,0,1.0,CoreWeave,B,3.608e-05,0.03732688868276006,4.364704770842831e-05,0
comprehension,own,neutral,5100,-1,0,1,0,aPaPaQaPaPaP,B,llama-8b,meta-llama/llama-3.1-8b-instruct,coreweave/bf16,0,1.0,CoreWeave,B,3.608e-05,0.020332355271959375,1.2259616304910459e-05,0
comprehension,own,neutral,5100,1,0,0,0,aQaPaPaPaPaP,A,llama-8b,meta-llama/llama-3.1-8b-instruct,coreweave/bf16,0,1.0,CoreWeave,A,3.608e-05,0.995390427305704,9.971444697119518e-06,0
comprehension,own,neutral,5100,1,0,1,0,aPaQaPaPaPaP,A,llama-8b,meta-llama/llama-3.1-8b-instruct,coreweave/bf16,0,1.0,CoreWeave,A,3.608e-05,0.9953904288098737,2.919507730324202e-05,0
comprehension,own,neutral,6000,-1,0,0,0,aPaPaPaPaPaP,B,llama-8b,meta-llama/llama-3.1-8b-instruct,coreweave/bf16,0,1.0,CoreWeave,B,3.608e-05,0.07585818785594477,5.8388218746818765e-05,0
comprehension,own,neutral,6000,-1,0,1,0,aPaPaPaPaPaP,B,llama-8b,meta-llama/llama-3.1-8b-instruct,coreweave/bf16,0,1.0,CoreWeave,B,3.608e-05,0.07585818315512396,1.5650906731723424e-05,0
comprehension,own,neutral,6000,1,0,0,0,aPaPaPaPaPaP,A,llama-8b,meta-llama/llama-3.1-8b-instruct,coreweave/bf16,0,1.0,CoreWeave,A,3.608e-05,0.7981867873410141,0.00019586890290834713,0
comprehension,own,neutral,6000,1,0,1,0,aPaPaPaPaPaP,A,llama-8b,meta-llama/llama-3.1-8b-instruct,coreweave/bf16,0,1.0,CoreWeave,A,3.608e-05,0.970687766227764,0.0001445031408525213,0
comprehension,rival_majority,neutral,0001,-1,0,0,0,rQ,B,llama-8b,meta-llama/llama-3.1-8b-instruct,coreweave/bf16,0,1.0,CoreWeave,A,3.014e-05,0.6513548782017745,0.0004793132560596547,0
comprehension,rival_majority,neutral,0001,-1,0,1,0,rQ,B,llama-8b,meta-llama/llama-3.1-8b-instruct,coreweave/bf16,0,1.0,CoreWeave,B,3.014e-05,0.7549149923816048,0.00026133568668551543,0
comprehension,rival_majority,neutral,0001,1,0,0,0,rQ,B,llama-8b,meta-llama/llama-3.1-8b-instruct,coreweave/bf16,0,1.0,CoreWeave,A,3.014e-05,0.18242551713899047,0.001218131740291728,0
comprehension,rival_majority,neutral,0001,1,0,1,0,rQ,B,llama-8b,meta-llama/llama-3.1-8b-instruct,coreweave/bf16,0,1.0,CoreWeave,A,3.014e-05,0.4073334000459302,0.0008210149605398787,0
comprehension,rival_majority,neutral,0002,-1,0,0,0,rQrQ,B,llama-8b,meta-llama/llama-3.1-8b-instruct,coreweave/bf16,0,1.0,CoreWeave,A,3.146e-05,0.4687906266262437,0.00018722111106972417,0
comprehension,rival_majority,neutral,0002,-1,0,1,0,rQrQ,B,llama-8b,meta-llama/llama-3.1-8b-instruct,coreweave/bf16,0,1.0,CoreWeave,A,3.146e-05,0.5926665999540697,6.067586043095874e-05,0
comprehension,rival_majority,neutral,0002,1,0,0,0,rQrQ,B,llama-8b,meta-llama/llama-3.1-8b-instruct,coreweave/bf16,0,1.0,CoreWeave,B,3.146e-05,0.11920292671569666,9.619744102684624e-05,0
comprehension,rival_majority,neutral,0002,1,0,1,0,rQrQ,B,llama-8b,meta-llama/llama-3.1-8b-instruct,coreweave/bf16,0,1.0,CoreWeave,B,3.146e-05,0.320821300824607,5.159043939928498e-05,0
comprehension,rival_majority,neutral,0003,-1,0,0,0,rQrQrQ,B,llama-8b,meta-llama/llama-3.1-8b-instruct,coreweave/bf16,0,1.0,CoreWeave,A,3.278e-05,0.3486451488696663,0.00021173932666096462,0
comprehension,rival_majority,neutral,0003,-1,0,1,0,rQrQrQ,B,llama-8b,meta-llama/llama-3.1-8b-instruct,coreweave/bf16,0,1.0,CoreWeave,A,3.278e-05,0.4378234991142019,3.504392360775821e-05,0
comprehension,rival_majority,neutral,0003,1,0,0,0,rQrQrQ,B,llama-8b,meta-llama/llama-3.1-8b-instruct,coreweave/bf16,0,1.0,CoreWeave,B,3.278e-05,0.04742587553371325,6.606010632370651e-05,0
comprehension,rival_majority,neutral,0003,1,0,1,0,rQrQrQ,B,llama-8b,meta-llama/llama-3.1-8b-instruct,coreweave/bf16,0,1.0,CoreWeave,B,3.278e-05,0.10669060530721625,1.8480014272403977e-05,0
comprehension,rival_majority,neutral,0004,-1,0,0,0,rQrQrQrQ,B,llama-8b,meta-llama/llama-3.1-8b-instruct,coreweave/bf16,0,1.0,CoreWeave,A,3.41e-05,0.4073334000459302,0.000268244694994757,0
comprehension,rival_majority,neutral,0004,-1,0,1,0,rQrQrQrQ,B,llama-8b,meta-llama/llama-3.1-8b-instruct,coreweave/bf16,0,1.0,CoreWeave,A,3.41e-05,0.4378234991142019,3.909688920167298e-05,0
comprehension,rival_majority,neutral,0004,1,0,0,0,rQrQrQrQ,B,llama-8b,meta-llama/llama-3.1-8b-instruct,coreweave/bf16,0,1.0,CoreWeave,B,3.41e-05,0.04208772340991573,9.11530365244051e-05,0
comprehension,rival_majority,neutral,0004,1,0,1,0,rQrQrQrQ,B,llama-8b,meta-llama/llama-3.1-8b-instruct,coreweave/bf16,0,1.0,CoreWeave,B,3.41e-05,0.08509903920620715,2.1590546714800318e-05,0
comprehension,rival_majority,neutral,0005,-1,0,0,0,rQrQrQrQrQ,B,llama-8b,meta-llama/llama-3.1-8b-instruct,coreweave/bf16,0,1.0,CoreWeave,B,3.542e-05,0.32082128783705344,0.00019982767601733897,0
comprehension,rival_majority,neutral,0005,-1,0,1,0,rQrQrQrQrQ,B,llama-8b,meta-llama/llama-3.1-8b-instruct,coreweave/bf16,0,1.0,CoreWeave,B,3.542e-05,0.37754066879814546,3.4155010920189355e-05,0
comprehension,rival_majority,neutral,0005,1,0,0,0,rQrQrQrQrQ,B,llama-8b,meta-llama/llama-3.1-8b-instruct,coreweave/bf16,0,1.0,CoreWeave,B,3.542e-05,0.042087728065808946,8.315812523718158e-05,0
comprehension,rival_majority,neutral,0005,1,0,1,0,rQrQrQrQrQ,B,llama-8b,meta-llama/llama-3.1-8b-instruct,coreweave/bf16,0,1.0,CoreWeave,B,3.542e-05,0.07585818106587035,1.8961167978281956e-05,0
comprehension,rival_majority,neutral,0006,-1,0,0,0,rQrQrQrQrQrQ,B,llama-8b,meta-llama/llama-3.1-8b-instruct,coreweave/bf16,0,1.0,CoreWeave,A,3.674e-05,0.37754066879814546,0.00030888529174266655,0
comprehension,rival_majority,neutral,0006,-1,0,1,0,rQrQrQrQrQrQ,B,llama-8b,meta-llama/llama-3.1-8b-instruct,coreweave/bf16,0,1.0,CoreWeave,B,3.674e-05,0.4073334000459302,6.794715943525542e-05,0
comprehension,rival_majority,neutral,0006,1,0,0,0,rQrQrQrQrQrQ,B,llama-8b,meta-llama/llama-3.1-8b-instruct,coreweave/bf16,0,1.0,CoreWeave,B,3.674e-05,0.053403324150263734,0.0001058552766816101,0
comprehension,rival_majority,neutral,0006,1,0,1,0,rQrQrQrQrQrQ,B,llama-8b,meta-llama/llama-3.1-8b-instruct,coreweave/bf16,0,1.0,CoreWeave,B,3.674e-05,0.06754669724011829,3.5928293773634934e-05,0
comprehension,rival_majority,neutral,0010,-1,0,0,0,rP,A,llama-8b,meta-llama/llama-3.1-8b-instruct,coreweave/bf16,0,1.0,CoreWeave,A,3.014e-05,0.34864512179822543,0.001492783905475692,0
comprehension,rival_majority,neutral,0010,-1,0,1,0,rP,A,llama-8b,meta-llama/llama-3.1-8b-instruct,coreweave/bf16,0,1.0,CoreWeave,B,3.014e-05,0.5926665999540698,0.0007999320173167623,0
comprehension,rival_majority,neutral,0010,1,0,0,0,rP,A,llama-8b,meta-llama/llama-3.1-8b-instruct,coreweave/bf16,0,1.0,CoreWeave,B,3.014e-05,0.04742587620689798,0.0003921561857144207,0
comprehension,rival_majority,neutral,0010,1,0,1,0,rP,A,llama-8b,meta-llama/llama-3.1-8b-instruct,coreweave/bf16,0,1.0,CoreWeave,B,3.014e-05,0.14804719615221754,0.0003489008723153164,0
comprehension,rival_majority,neutral,0012,-1,0,0,0,rPrQrQ,B,llama-8b,meta-llama/llama-3.1-8b-instruct,coreweave/bf16,0,1.0,CoreWeave,A,3.278e-05,0.4378234991142019,0.00010608764654018721,0
comprehension,rival_majority,neutral,0012,-1,0,1,0,rQrQrP,B,llama-8b,meta-llama/llama-3.1-8b-instruct,coreweave/bf16,0,1.0,CoreWeave,A,3.278e-05,0.37754066879814546,3.111527324206609e-05,0
comprehension,rival_majority,neutral,0012,1,0,0,0,rPrQrQ,B,llama-8b,meta-llama/llama-3.1-8b-instruct,coreweave/bf16,0,1.0,CoreWeave,B,3.278e-05,0.1824255304737224,0.00017203658184650195,0
comprehension,rival_majority,neutral,0012,1,0,1,0,rQrQrP,B,llama-8b,meta-llama/llama-3.1-8b-instruct,coreweave/bf16,0,1.0,CoreWeave,B,3.278e-05,0.20181321745968234,2.4250204552878074e-05,0
comprehension,rival_majority,neutral,0013,-1,0,0,0,rPrQrQrQ,B,llama-8b,meta-llama/llama-3.1-8b-instruct,coreweave/bf16,0,1.0,CoreWeave,B,3.41e-05,0.22270013882530887,0.00010557723501136707,0
comprehension,rival_majority,neutral,0013,-1,0,1,0,rPrQrQrQ,B,llama-8b,meta-llama/llama-3.1-8b-instruct,coreweave/bf16,0,1.0,CoreWeave,B,3.41e-05,0.3775406687981454,1.7287330316695382e-05,0
comprehension,rival_majority,neutral,0013,1,0,0,0,rQrPrQrQ,B,llama-8b,meta-llama/llama-3.1-8b-instruct,coreweave/bf16,0,1.0,CoreWeave,B,3.41e-05,0.03308597552845946,4.514196202376475e-05,0
comprehension,rival_majority,neutral,0013,1,0,1,0,rPrQrQrQ,B,llama-8b,meta-llama/llama-3.1-8b-instruct,coreweave/bf16,0,1.0,CoreWeave,B,3.41e-05,0.04742587149460509,1.5193848848626956e-05,0
comprehension,rival_majority,neutral,0014,-1,0,0,0,rQrQrQrPrQ,B,llama-8b,meta-llama/llama-3.1-8b-instruct,coreweave/bf16,0,1.0,CoreWeave,B,3.542e-05,0.025957360070550783,3.682314763397976e-05,0
comprehension,rival_majority,neutral,0014,-1,0,1,0,rQrPrQrQrQ,B,llama-8b,meta-llama/llama-3.1-8b-instruct,coreweave/bf16,0,1.0,CoreWeave,B,3.542e-05,0.16451646904109266,2.241430829141855e-05,0
comprehension,rival_majority,neutral,0014,1,0,0,0,rQrQrQrQrP,B,llama-8b,meta-llama/llama-3.1-8b-instruct,coreweave/bf16,0,1.0,CoreWeave,B,3.542e-05,0.033085976362697465,3.0385781639274967e-05,0
comprehension,rival_majority,neutral,0014,1,0,1,0,rPrQrQrQrQ,B,llama-8b,meta-llama/llama-3.1-8b-instruct,coreweave/bf16,0,1.0,CoreWeave,B,3.542e-05,0.025957359552513166,1.0816184751516467e-05,0
comprehension,rival_majority,neutral,0015,-1,0,0,0,rQrQrQrQrPrQ,B,llama-8b,meta-llama/llama-3.1-8b-instruct,coreweave/bf16,0,1.0,CoreWeave,B,3.674e-05,0.017986211607059335,3.339433550786364e-05,0
comprehension,rival_majority,neutral,0015,-1,0,1,0,rQrPrQrQrQrQ,B,llama-8b,meta-llama/llama-3.1-8b-instruct,coreweave/bf16,0,1.0,CoreWeave,B,3.674e-05,0.1066905854244781,3.0214298659902994e-05,0
comprehension,rival_majority,neutral,0015,1,0,0,0,rQrQrQrQrQrP,B,llama-8b,meta-llama/llama-3.1-8b-instruct,coreweave/bf16,0,1.0,CoreWeave,B,3.674e-05,0.0534033311180551,4.8531299355558666e-05,0
comprehension,rival_majority,neutral,0015,1,0,1,0,rPrQrQrQrQrQ,B,llama-8b,meta-llama/llama-3.1-8b-instruct,coreweave/bf16,0,1.0,CoreWeave,B,3.674e-05,0.022977371289930076,1.7334713778960342e-05,0
comprehension,rival_majority,neutral,0020,-1,0,0,0,rPrP,A,llama-8b,meta-llama/llama-3.1-8b-instruct,coreweave/bf16,0,1.0,CoreWeave,A,3.146e-05,0.5621765008857981,0.00014035609414009276,0
comprehension,rival_majority,neutral,0020,-1,0,1,0,rPrP,A,llama-8b,meta-llama/llama-3.1-8b-instruct,coreweave/bf16,0,1.0,CoreWeave,A,3.146e-05,0.8670357615200474,0.00013478824869317396,0
comprehension,rival_majority,neutral,0020,1,0,0,0,rPrP,A,llama-8b,meta-llama/llama-3.1-8b-instruct,coreweave/bf16,0,1.0,CoreWeave,B,3.146e-05,0.1645164628965632,0.00038779767926844233,0
comprehension,rival_majority,neutral,0020,1,0,1,0,rPrP,A,llama-8b,meta-llama/llama-3.1-8b-instruct,coreweave/bf16,0,1.0,CoreWeave,B,3.146e-05,0.3208213073183839,0.0001592453189166454,0
comprehension,rival_majority,neutral,0021,-1,0,0,0,rPrPrQ,A,llama-8b,meta-llama/llama-3.1-8b-instruct,coreweave/bf16,0,1.0,CoreWeave,A,3.278e-05,0.5926665999540698,6.603993858250723e-05,0
comprehension,rival_majority,neutral,0021,-1,0,1,0,rQrPrP,A,llama-8b,meta-llama/llama-3.1-8b-instruct,coreweave/bf16,0,1.0,CoreWeave,A,3.278e-05,0.5926665999540698,7.247679438115995e-05,0
comprehension,rival_majority,neutral,0021,1,0,0,0,rPrPrQ,A,llama-8b,meta-llama/llama-3.1-8b-instruct,coreweave/bf16,0,1.0,CoreWeave,B,3.278e-05,0.2689414330889797,6.209031937587373e-05,0
comprehension,rival_majority,neutral,0021,1,0,1,0,rPrQrP,A,llama-8b,meta-llama/llama-3.1-8b-instruct,coreweave/bf16,0,1.0,CoreWeave,A,3.278e-05,0.5926665999540698,9.727022212269176e-05,0
comprehension,rival_majority,neutral,0023,-1,0,0,0,rPrQrQrQrP,B,llama-8b,meta-llama/llama-3.1-8b-instruct,coreweave/bf16,0,1.0,CoreWeave,B,3.542e-05,0.4687906266262437,7.708628428459985e-05,0
comprehension,rival_majority,neutral,0023,-1,0,1,0,rQrQrPrQrP,B,llama-8b,meta-llama/llama-3.1-8b-instruct,coreweave/bf16,0,1.0,CoreWeave,B,3.542e-05,0.37754066879814546,3.9042412912526636e-05,0
comprehension,rival_majority,neutral,0023,1,0,0,0,rPrQrPrQrQ,B,llama-8b,meta-llama/llama-3.1-8b-instruct,coreweave/bf16,0,1.0,CoreWeave,B,3.542e-05,0.08509905080783367,0.00019146280763715495,0
comprehension,rival_majority,neutral,0023,1,0,1,0,rQrQrQrPrP,B,llama-8b,meta-llama/llama-3.1-8b-instruct,coreweave/bf16,0,1.0,CoreWeave,B,3.542e-05,0.08509904848750825,2.2891675364178354e-05,0
comprehension,rival_majority,neutral,0024,-1,0,0,0,rQrQrQrPrPrQ,B,llama-8b,meta-llama/llama-3.1-8b-instruct,coreweave/bf16,0,1.0,CoreWeave,B,3.674e-05,0.04208772746504851,8.075986201638852e-05,0
comprehension,rival_majority,neutral,0024,-1,0,1,0,rQrQrPrQrQrP,B,llama-8b,meta-llama/llama-3.1-8b-instruct,coreweave/bf16,0,1.0,CoreWeave,B,3.674e-05,0.29421498454004374,6.524744748603872e-05,0
comprehension,rival_majority,neutral,0024,1,0,0,0,rQrPrQrQrQrP,B,llama-8b,meta-llama/llama-3.1-8b-instruct,coreweave/bf16,0,1.0,CoreWeave,B,3.674e-05,0.03732689015525376,5.489161549121491e-05,0
comprehension,rival_majority,neutral,0024,1,0,1,0,rQrQrPrPrQrQ,B,llama-8b,meta-llama/llama-3.1-8b-instruct,coreweave/bf16,0,1.0,CoreWeave,B,3.674e-05,0.0675466911396291,6.683080607494674e-05,0
comprehension,rival_majority,neutral,0030,-1,0,0,0,rPrPrP,A,llama-8b,meta-llama/llama-3.1-8b-instruct,coreweave/bf16,0,1.0,CoreWeave,B,3.278e-05,0.6513548782017745,7.244502458358948e-05,0
comprehension,rival_majority,neutral,0030,-1,0,1,0,rPrPrP,A,llama-8b,meta-llama/llama-3.1-8b-instruct,coreweave/bf16,0,1.0,CoreWeave,A,3.278e-05,0.9324533046369553,4.78209354338871e-05,0
comprehension,rival_majority,neutral,0030,1,0,0,0,rPrPrP,A,llama-8b,meta-llama/llama-3.1-8b-instruct,coreweave/bf16,0,1.0,CoreWeave,B,3.278e-05,0.16451646904109266,0.00013493902374250855,0
comprehension,rival_majority,neutral,0030,1,0,1,0,rPrPrP,A,llama-8b,meta-llama/llama-3.1-8b-instruct,coreweave/bf16,0,1.0,CoreWeave,A,3.278e-05,0.4378234991142019,8.594321096910829e-05,0
comprehension,rival_majority,neutral,0031,-1,0,0,0,rQrPrPrP,A,llama-8b,meta-llama/llama-3.1-8b-instruct,coreweave/bf16,0,1.0,CoreWeave,B,3.41e-05,0.5312093733737563,6.755023080118328e-05,0
comprehension,rival_majority,neutral,0031,-1,0,1,0,rPrPrPrQ,A,llama-8b,meta-llama/llama-3.1-8b-instruct,coreweave/bf16,0,1.0,CoreWeave,A,3.41e-05,0.9579122765900843,2.3446039887395353e-05,0
comprehension,rival_majority,neutral,0031,1,0,0,0,rPrPrPrQ,A,llama-8b,meta-llama/llama-3.1-8b-instruct,coreweave/bf16,0,1.0,CoreWeave,B,3.41e-05,0.3208213138121609,7.59480633047982e-05,0
comprehension,rival_majority,neutral,0031,1,0,1,0,rQrPrPrP,A,llama-8b,meta-llama/llama-3.1-8b-instruct,coreweave/bf16,0,1.0,CoreWeave,A,3.41e-05,0.3486451353339457,3.731903583681362e-05,0
comprehension,rival_majority,neutral,0032,-1,0,0,0,rPrPrPrQrQ,A,llama-8b,meta-llama/llama-3.1-8b-instruct,coreweave/bf16,0,1.0,CoreWeave,B,3.542e-05,0.7057850216484838,9.25231889335465e-05,0
comprehension,rival_majority,neutral,0032,-1,0,1,0,rPrQrQrPrP,A,llama-8b,meta-llama/llama-3.1-8b-instruct,coreweave/bf16,0,1.0,CoreWeave,B,3.542e-05,0.8175744806385542,9.283119044814492e-05,0
comprehension,rival_majority,neutral,0032,1,0,0,0,rPrQrQrPrP,A,llama-8b,meta-llama/llama-3.1-8b-instruct,coreweave/bf16,0,1.0,CoreWeave,B,3.542e-05,0.34864513533394575,0.0003506594590338974,0
comprehension,rival_majority,neutral,0032,1,0,1,0,rQrQrPrPrP,A,llama-8b,meta-llama/llama-3.1-8b-instruct,coreweave/bf16,0,1.0,CoreWeave,A,3.542e-05,0.37754066879814546,4.89959504240689e-05,0
comprehension,rival_majority,neutral,0040,-1,0,0,0,rPrPrPrP,A,llama-8b,meta-llama/llama-3.1-8b-instruct,coreweave/bf16,0,1.0,CoreWeave,A,3.41e-05,0.6791787121629465,0.00011377206463963896,0
comprehension,rival_majority,neutral,0040,-1,0,1,0,rPrPrPrP,A,llama-8b,meta-llama/llama-3.1-8b-instruct,coreweave/bf16,0,1.0,CoreWeave,A,3.41e-05,0.9241418152779358,4.7380233929375515e-05,0
comprehension,rival_majority,neutral,0040,1,0,0,0,rPrPrPrP,A,llama-8b,meta-llama/llama-3.1-8b-instruct,coreweave/bf16,0,1.0,CoreWeave,B,3.41e-05,0.1480471999111614,0.00018231593419559822,0
comprehension,rival_majority,neutral,0040,1,0,1,0,rPrPrPrP,A,llama-8b,meta-llama/llama-3.1-8b-instruct,coreweave/bf16,0,1.0,CoreWeave,A,3.41e-05,0.40733340004593027,8.689996896560359e-05,0
comprehension,rival_majority,neutral,0041,-1,0,0,0,rPrQrPrPrP,A,llama-8b,meta-llama/llama-3.1-8b-instruct,coreweave/bf16,0,1.0,CoreWeave,A,3.542e-05,0.7310585844894971,9.3374568804927e-05,0
comprehension,rival_majority,neutral,0041,-1,0,1,0,rPrQrPrPrP,A,llama-8b,meta-llama/llama-3.1-8b-instruct,coreweave/bf16,0,1.0,CoreWeave,A,3.542e-05,0.9046505299595162,5.232084531590908e-05,0
comprehension,rival_majority,neutral,0041,1,0,0,0,rQrPrPrPrP,A,llama-8b,meta-llama/llama-3.1-8b-instruct,coreweave/bf16,0,1.0,CoreWeave,A,3.542e-05,0.22270013882530884,5.241409187373147e-05,0
comprehension,rival_majority,neutral,0041,1,0,1,0,rPrPrPrPrQ,A,llama-8b,meta-llama/llama-3.1-8b-instruct,coreweave/bf16,0,1.0,CoreWeave,A,3.542e-05,0.8175744695262775,3.913225830076694e-05,0
comprehension,rival_majority,neutral,0042,-1,0,0,0,rQrPrPrPrPrQ,A,llama-8b,meta-llama/llama-3.1-8b-instruct,coreweave/bf16,0,1.0,CoreWeave,A,3.674e-05,0.43782349911420193,0.00018636336293575972,0
comprehension,rival_majority,neutral,0042,-1,0,1,0,rPrPrQrPrPrQ,A,llama-8b,meta-llama/llama-3.1-8b-instruct,coreweave/bf16,0,1.0,CoreWeave,B,3.674e-05,0.7057850340255386,0.00011524773417576073,0
comprehension,rival_majority,neutral,0042,1,0,0,0,rQrPrPrPrPrQ,A,llama-8b,meta-llama/llama-3.1-8b-instruct,coreweave/bf16,0,1.0,CoreWeave,B,3.674e-05,0.14804719427274568,8.799605059350846e-05,0
comprehension,rival_majority,neutral,0042,1,0,1,0,rQrPrPrPrQrP,A,llama-8b,meta-llama/llama-3.1-8b-instruct,coreweave/bf16,0,1.0,CoreWeave,B,3.674e-05,0.5621765008857981,0.00011049791260187014,0
comprehension,rival_majority,neutral,0050,-1,0,0,0,rPrPrPrPrP,A,llama-8b,meta-llama/llama-3.1-8b-instruct,coreweave/bf16,0,1.0,CoreWeave,B,3.542e-05,0.7057850278370112,0.0001048986992949752,0
comprehension,rival_majority,neutral,0050,-1,0,1,0,rPrPrPrPrP,A,llama-8b,meta-llama/llama-3.1-8b-instruct,coreweave/bf16,0,1.0,CoreWeave,A,3.542e-05,0.9324533046369553,5.115863035135004e-05,0
comprehension,rival_majority,neutral,0050,1,0,0,0,rPrPrPrPrP,A,llama-8b,meta-llama/llama-3.1-8b-instruct,coreweave/bf16,0,1.0,CoreWeave,B,3.542e-05,0.20181322946142374,0.00016436737356795295,0
comprehension,rival_majority,neutral,0050,1,0,1,0,rPrPrPrPrP,A,llama-8b,meta-llama/llama-3.1-8b-instruct,coreweave/bf16,0,1.0,CoreWeave,B,3.542e-05,0.4687906266262437,8.674144578169063e-05,0
comprehension,rival_majority,neutral,0051,-1,0,0,0,rPrQrPrPrPrP,A,llama-8b,meta-llama/llama-3.1-8b-instruct,coreweave/bf16,0,1.0,CoreWeave,B,3.674e-05,0.7772998611746911,0.000139309333176324,0
comprehension,rival_majority,neutral,0051,-1,0,1,0,rPrPrPrPrQrP,A,llama-8b,meta-llama/llama-3.1-8b-instruct,coreweave/bf16,0,1.0,CoreWeave,A,3.674e-05,0.9914225126063164,2.603603906345918e-05,0
comprehension,rival_majority,neutral,0051,1,0,0,0,rPrPrPrQrPrP,A,llama-8b,meta-llama/llama-3.1-8b-instruct,coreweave/bf16,0,1.0,CoreWeave,B,3.674e-05,0.5,0.00011574742555792161,0
comprehension,rival_majority,neutral,0051,1,0,1,0,rPrPrPrPrQrP,A,llama-8b,meta-llama/llama-3.1-8b-instruct,coreweave/bf16,0,1.0,CoreWeave,A,3.674e-05,0.9820137875375573,3.725645406141287e-05,0
comprehension,rival_majority,neutral,0060,-1,0,0,0,rPrPrPrPrPrP,A,llama-8b,meta-llama/llama-3.1-8b-instruct,coreweave/bf16,0,1.0,CoreWeave,A,3.674e-05,0.679178692681616,0.0001678269841222102,0
comprehension,rival_majority,neutral,0060,-1,0,1,0,rPrPrPrPrPrP,A,llama-8b,meta-llama/llama-3.1-8b-instruct,coreweave/bf16,0,1.0,CoreWeave,A,3.674e-05,0.9324533069832974,8.616902077072941e-05,0
comprehension,rival_majority,neutral,0060,1,0,0,0,rPrPrPrPrPrP,A,llama-8b,meta-llama/llama-3.1-8b-instruct,coreweave/bf16,0,1.0,CoreWeave,A,3.674e-05,0.20181322466072713,0.0003099827927797172,0
comprehension,rival_majority,neutral,0060,1,0,1,0,rPrPrPrPrPrP,A,llama-8b,meta-llama/llama-3.1-8b-instruct,coreweave/bf16,0,1.0,CoreWeave,A,3.674e-05,0.5926665999540698,0.0001644954616218941,0
comprehension,rival_majority,neutral,0101,-1,0,0,0,aQrQ,B,llama-8b,meta-llama/llama-3.1-8b-instruct,coreweave/bf16,0,1.0,CoreWeave,B,3.146e-05,0.798186784940666,0.000456029847492212,0
comprehension,rival_majority,neutral,0101,-1,0,1,0,aQrQ,B,llama-8b,meta-llama/llama-3.1-8b-instruct,coreweave/bf16,0,1.0,CoreWeave,B,3.146e-05,0.880797068590724,0.00033674907660567743,0
comprehension,rival_majority,neutral,0101,1,0,0,0,rQaQ,B,llama-8b,meta-llama/llama-3.1-8b-instruct,coreweave/bf16,0,1.0,CoreWeave,B,3.146e-05,0.22270013882530884,0.0005795101723025109,0
comprehension,rival_majority,neutral,0101,1,0,1,0,rQaQ,B,llama-8b,meta-llama/llama-3.1-8b-instruct,coreweave/bf16,0,1.0,CoreWeave,A,3.146e-05,0.4378234991142019,0.00025745592449621935,0
comprehension,rival_majority,neutral,0102,-1,0,0,0,rQaQrQ,B,llama-8b,meta-llama/llama-3.1-8b-instruct,coreweave/bf16,0,1.0,CoreWeave,A,3.278e-05,0.4073334000459302,0.00029297368144676206,0
comprehension,rival_majority,neutral,0102,-1,0,1,0,rQaQrQ,B,llama-8b,meta-llama/llama-3.1-8b-instruct,coreweave/bf16,0,1.0,CoreWeave,A,3.278e-05,0.5926665999540698,0.00010114413967454716,0
comprehension,rival_majority,neutral,0102,1,0,0,0,rQaQrQ,B,llama-8b,meta-llama/llama-3.1-8b-instruct,coreweave/bf16,0,1.0,CoreWeave,B,3.278e-05,0.13296422817269313,0.00012374490273636685,0
comprehension,rival_majority,neutral,0102,1,0,1,0,aQrQrQ,B,llama-8b,meta-llama/llama-3.1-8b-instruct,coreweave/bf16,0,1.0,CoreWeave,B,3.278e-05,0.08509904384685758,2.355238341178456e-05,0
comprehension,rival_majority,neutral,0103,-1,0,0,0,aQrQrQrQ,B,llama-8b,meta-llama/llama-3.1-8b-instruct,coreweave/bf16,0,1.0,CoreWeave,B,3.41e-05,0.5621765008857981,0.00019101164798934755,0
comprehension,rival_majority,neutral,0103,-1,0,1,0,rQrQrQaQ,B,llama-8b,meta-llama/llama-3.1-8b-instruct,coreweave/bf16,0,1.0,CoreWeave,A,3.41e-05,0.5621765008857982,4.332864457129437e-05,0
comprehension,rival_majority,neutral,0103,1,0,0,0,rQaQrQrQ,B,llama-8b,meta-llama/llama-3.1-8b-instruct,coreweave/bf16,0,1.0,CoreWeave,B,3.41e-05,0.04742587822645221,8.161294335495839e-05,0
comprehension,rival_majority,neutral,0103,1,0,1,0,rQrQrQaQ,B,llama-8b,meta-llama/llama-3.1-8b-instruct,coreweave/bf16,0,1.0,CoreWeave,B,3.41e-05,0.08509904500702024,1.5698357529236873e-05,0
comprehension,rival_majority,neutral,0104,-1,0,0,0,rQrQrQrQaQ,B,llama-8b,meta-llama/llama-3.1-8b-instruct,coreweave/bf16,0,1.0,CoreWeave,B,3.542e-05,0.43782349911420193,0.00020358574669399054,0
comprehension,rival_majority,neutral,0104,-1,0,1,0,rQrQrQaQrQ,B,llama-8b,meta-llama/llama-3.1-8b-instruct,coreweave/bf16,0,1.0,CoreWeave,B,3.542e-05,0.43782349911420193,5.2090109329272494e-05,0
comprehension,rival_majority,neutral,0104,1,0,0,0,rQrQaQrQrQ,B,llama-8b,meta-llama/llama-3.1-8b-instruct,coreweave/bf16,0,1.0,CoreWeave,B,3.542e-05,0.05340333224796729,6.500240433160442e-05,0
comprehension,rival_majority,neutral,0104,1,0,1,0,rQaQrQrQrQ,B,llama-8b,meta-llama/llama-3.1-8b-instruct,coreweave/bf16,0,1.0,CoreWeave,B,3.542e-05,0.042087730919421175,2.1955568734188802e-05,0
comprehension,rival_majority,neutral,0105,-1,0,0,0,rQrQrQrQaQrQ,B,llama-8b,meta-llama/llama-3.1-8b-instruct,coreweave/bf16,0,1.0,CoreWeave,A,3.674e-05,0.4073334000459302,0.00024840147557136927,0
comprehension,rival_majority,neutral,0105,-1,0,1,0,rQrQrQrQrQaQ,B,llama-8b,meta-llama/llama-3.1-8b-instruct,coreweave/bf16,0,1.0,CoreWeave,B,3.674e-05,0.5,0.00011384029587707678,0
comprehension,rival_majority,neutral,0105,1,0,0,0,rQrQrQrQrQaQ,B,llama-8b,meta-llama/llama-3.1-8b-instruct,coreweave/bf16,0,1.0,CoreWeave,B,3.674e-05,0.08509903630580076,0.00012311543244758472,0
comprehension,rival_majority,neutral,0105,1,0,1,0,aQrQrQrQrQrQ,B,llama-8b,meta-llama/llama-3.1-8b-instruct,coreweave/bf16,0,1.0,CoreWeave,B,3.674e-05,0.04742587839474839,2.8928898057500874e-05,0
comprehension,rival_majority,neutral,0110,-1,0,0,0,rPaQ,A,llama-8b,meta-llama/llama-3.1-8b-instruct,coreweave/bf16,0,1.0,CoreWeave,A,3.146e-05,0.5926665999540698,0.001076535827733538,0
comprehension,rival_majority,neutral,0110,-1,0,1,0,rPaQ,A,llama-8b,meta-llama/llama-3.1-8b-instruct,coreweave/bf16,0,1.0,CoreWeave,B,3.146e-05,0.7549149813536518,0.0007914635937878722,0
comprehension,rival_majority,neutral,0110,1,0,0,0,aQrP,A,llama-8b,meta-llama/llama-3.1-8b-instruct,coreweave/bf16,0,1.0,CoreWeave,A,3.146e-05,0.2689414272294874,0.0003408428879362324,0
comprehension,rival_majority,neutral,0110,1,0,1,0,rPaQ,A,llama-8b,meta-llama/llama-3.1-8b-instruct,coreweave/bf16,0,1.0,CoreWeave,B,3.146e-05,0.40733340004593027,0.0005611396149987069,0
comprehension,rival_majority,neutral,0112,-1,0,0,0,rPrQrQaQ,B,llama-8b,meta-llama/llama-3.1-8b-instruct,coreweave/bf16,0,1.0,CoreWeave,A,3.41e-05,0.5,4.744607629486586e-05,0
comprehension,rival_majority,neutral,0112,-1,0,1,0,aQrQrPrQ,B,llama-8b,meta-llama/llama-3.1-8b-instruct,coreweave/bf16,0,1.0,CoreWeave,A,3.41e-05,0.5926665999540698,0.00011211022490559275,0
comprehension,rival_majority,neutral,0112,1,0,0,0,rQaQrPrQ,B,llama-8b,meta-llama/llama-3.1-8b-instruct,coreweave/bf16,0,1.0,CoreWeave,B,3.41e-05,0.16451646904109268,9.929962072230403e-05,0
comprehension,rival_majority,neutral,0112,1,0,1,0,rPaQrQrQ,B,llama-8b,meta-llama/llama-3.1-8b-instruct,coreweave/bf16,0,1.0,CoreWeave,B,3.41e-05,0.1480471999111614,2.87905763678431e-05,0
comprehension,rival_majority,neutral,0113,-1,0,0,0,rQrQaQrQrP,B,llama-8b,meta-llama/llama-3.1-8b-instruct,coreweave/bf16,0,1.0,CoreWeave,A,3.542e-05,0.10669060388702056,7.544606789022801e-05,0
comprehension,rival_majority,neutral,0113,-1,0,1,0,rPrQaQrQrQ,B,llama-8b,meta-llama/llama-3.1-8b-instruct,coreweave/bf16,0,1.0,CoreWeave,B,3.542e-05,0.5312093733737563,5.747767554881156e-05,0
comprehension,rival_majority,neutral,0113,1,0,0,0,aQrQrQrPrQ,B,llama-8b,meta-llama/llama-3.1-8b-instruct,coreweave/bf16,0,1.0,CoreWeave,B,3.542e-05,0.03308597898458847,3.4994828745582574e-05,0
comprehension,rival_majority,neutral,0113,1,0,1,0,aQrPrQrQrQ,B,llama-8b,meta-llama/llama-3.1-8b-instruct,coreweave/bf16,0,1.0,CoreWeave,B,3.542e-05,0.10669059252545562,2.956561904976507e-05,0
comprehension,rival_majority,neutral,0114,-1,0,0,0,rPrQrQrQrQaQ,B,llama-8b,meta-llama/llama-3.1-8b-instruct,coreweave/bf16,0,1.0,CoreWeave,B,3.674e-05,0.34864513533394575,6.914622180931307e-05,0
comprehension,rival_majority,neutral,0114,-1,0,1,0,rQaQrPrQrQrQ,B,llama-8b,meta-llama/llama-3.1-8b-instruct,coreweave/bf16,0,1.0,CoreWeave,A,3.674e-05,0.2689414213699951,0.00011628213802672427,0
comprehension,rival_majority,neutral,0114,1,0,0,0,rQrPrQrQrQaQ,B,llama-8b,meta-llama/llama-3.1-8b-instruct,coreweave/bf16,0,1.0,CoreWeave,B,3.674e-05,0.03308597791199667,4.640603776340235e-05,0
comprehension,rival_majority,neutral,0114,1,0,1,0,rQrQaQrPrQrQ,B,llama-8b,meta-llama/llama-3.1-8b-instruct,coreweave/bf16,0,1.0,CoreWeave,A,3.674e-05,0.1329642436335826,5.0673050619121085e-05,0
comprehension,rival_majority,neutral,0120,-1,0,0,0,rPaQrP,A,llama-8b,meta-llama/llama-3.1-8b-instruct,coreweave/bf16,0,1.0,CoreWeave,B,3.278e-05,0.6513548646660542,9.787326140098251e-05,0
comprehension,rival_majority,neutral,0120,-1,0,1,0,aQrPrP,A,llama-8b,meta-llama/llama-3.1-8b-instruct,coreweave/bf16,0,1.0,CoreWeave,A,3.278e-05,0.8933094152856197,9.910615746785978e-05,0
comprehension,rival_majority,neutral,0120,1,0,0,0,rPrPaQ,A,llama-8b,meta-llama/llama-3.1-8b-instruct,coreweave/bf16,0,1.0,CoreWeave,B,3.278e-05,0.2689414272294874,8.805420793922547e-05,0
comprehension,rival_majority,neutral,0120,1,0,1,0,rPaQrP,A,llama-8b,meta-llama/llama-3.1-8b-instruct,coreweave/bf16,0,1.0,CoreWeave,A,3.278e-05,0.6224593241981982,0.00011648137490205546,0
comprehension,rival_majority,neutral,0121,-1,0,0,0,aQrPrQrP,A,llama-8b,meta-llama/llama-3.1-8b-instruct,coreweave/bf16,0,1.0,CoreWeave,A,3.41e-05,0.5621765008857981,0.000157460079889149,0
comprehension,rival_majority,neutral,0121,-1,0,1,0,aQrQrPrP,A,llama-8b,meta-llama/llama-3.1-8b-instruct,coreweave/bf16,0,1.0,CoreWeave,A,3.41e-05,0.7057850340255386,0.00012752480055117088,0
comprehension,rival_majority,neutral,0121,1,0,0,0,aQrPrQrP,A,llama-8b,meta-llama/llama-3.1-8b-instruct,coreweave/bf16,0,1.0,CoreWeave,B,3.41e-05,0.29421497216298875,0.00011348083095941153,0
comprehension,rival_majority,neutral,0121,1,0,1,0,rPaQrPrQ,A,llama-8b,meta-llama/llama-3.1-8b-instruct,coreweave/bf16,0,1.0,CoreWeave,B,3.41e-05,0.46879062662624377,5.735847310406328e-05,0
comprehension,rival_majority,neutral,0123,-1,0,0,0,rQrPaQrQrQrP,B,llama-8b,meta-llama/llama-3.1-8b-instruct,coreweave/bf16,0,1.0,CoreWeave,B,3.674e-05,0.34864513533394575,0.0002497195010824349,0
comprehension,rival_majority,neutral,0123,-1,0,1,0,rQrPaQrQrQrP,B,llama-8b,meta-llama/llama-3.1-8b-instruct,coreweave/bf16,0,1.0,CoreWeave,B,3.674e-05,0.4687906266262437,0.00011803068037663511,0
comprehension,rival_majority,neutral,0123,1,0,0,0,rQrQaQrQrPrP,B,llama-8b,meta-llama/llama-3.1-8b-instruct,coreweave/bf16,0,1.0,CoreWeave,B,3.674e-05,0.2018132150593341,0.00010064669406761872,0
comprehension,rival_majority,neutral,0123,1,0,1,0,rPrPrQrQaQrQ,B,llama-8b,meta-llama/llama-3.1-8b-instruct,coreweave/bf16,0,1.0,CoreWeave,A,3.674e-05,0.4687906266262437,0.00011916303431780406,0
comprehension,rival_majority,neutral,0130,-1,0,0,0,aQrPrPrP,A,llama-8b,meta-llama/llama-3.1-8b-instruct,coreweave/bf16,0,1.0,CoreWeave,A,3.41e-05,0.7549149923816048,5.740109887913958e-05,0
comprehension,rival_majority,neutral,0130,-1,0,1,0,rPrPaQrP,A,llama-8b,meta-llama/llama-3.1-8b-instruct,coreweave/bf16,0,1.0,CoreWeave,A,3.41e-05,0.9626731110495138,4.651511382985918e-05,0
comprehension,rival_majority,neutral,0130,1,0,0,0,rPrPrPaQ,A,llama-8b,meta-llama/llama-3.1-8b-instruct,coreweave/bf16,0,1.0,CoreWeave,B,3.41e-05,0.34864513533394575,6.83118141343586e-05,0
comprehension,rival_majority,neutral,0130,1,0,1,0,rPrPrPaQ,A,llama-8b,meta-llama/llama-3.1-8b-instruct,coreweave/bf16,0,1.0,CoreWeave,A,3.41e-05,0.8354835350552604,4.742248647013336e-05,0
comprehension,rival_majority,neutral,0131,-1,0,0,0,aQrQrPrPrP,A,llama-8b,meta-llama/llama-3.1-8b-instruct,coreweave/bf16,0,1.0,CoreWeave,A,3.542e-05,0.5926665999540697,0.00010191892138383674,0
comprehension,rival_majority,neutral,0131,-1,0,1,0,rPrQrPaQrP,A,llama-8b,meta-llama/llama-3.1-8b-instruct,coreweave/bf16,0,1.0,CoreWeave,A,3.542e-05,0.946596664362296,4.909274144442033e-05,0
comprehension,rival_majority,neutral,0131,1,0,0,0,rPrQrPaQrP,A,llama-8b,meta-llama/llama-3.1-8b-instruct,coreweave/bf16,0,1.0,CoreWeave,B,3.542e-05,0.5621765008857982,0.00010191575533480268,0
comprehension,rival_majority,neutral,0131,1,0,1,0,rPrPrQaQrP,A,llama-8b,meta-llama/llama-3.1-8b-instruct,coreweave/bf16,0,1.0,CoreWeave,A,3.542e-05,0.8175744828610095,7.958791829404399e-05,0
comprehension,rival_majority,neutral,0132,-1,0,0,0,rPrQrQrPrPaQ,A,llama-8b,meta-llama/llama-3.1-8b-instruct,coreweave/bf16,0,1.0,CoreWeave,A,3.674e-05,0.7057850216484838,0.0001945516936875391,0
comprehension,rival_majority,neutral,0132,-1,0,1,0,aQrPrQrQrPrP,A,llama-8b,meta-llama/llama-3.1-8b-instruct,coreweave/bf16,0,1.0,CoreWeave,B,3.674e-05,0.7310585903489891,8.250569210671577e-05,0
comprehension,rival_majority,neutral,0132,1,0,0,0,rPaQrPrQrQrP,A,llama-8b,meta-llama/llama-3.1-8b-instruct,coreweave/bf16,0,1.0,CoreWeave,A,3.674e-05,0.5621765008857981,0.00018576742739156993,0
comprehension,rival_majority,neutral,0132,1,0,1,0,rPrPrQrPrQaQ,A,llama-8b,meta-llama/llama-3.1-8b-instruct,coreweave/bf16,0,1.0,CoreWeave,B,3.674e-05,0.6224593312018546,0.00010400682880734591,0
comprehension,rival_majority,neutral,0140,-1,0,0,0,rPrPaQrPrP,A,llama-8b,meta-llama/llama-3.1-8b-instruct,coreweave/bf16,0,1.0,CoreWeave,B,3.542e-05,0.8807970795424087,6.849066793181147e-05,0
comprehension,rival_majority,neutral,0140,-1,0,1,0,rPaQrPrPrP,A,llama-8b,meta-llama/llama-3.1-8b-instruct,coreweave/bf16,0,1.0,CoreWeave,A,3.542e-05,0.932453315430128,4.3608223853922046e-05,0
comprehension,rival_majority,neutral,0140,1,0,0,0,rPaQrPrPrP,A,llama-8b,meta-llama/llama-3.1-8b-instruct,coreweave/bf16,0,1.0,CoreWeave,A,3.542e-05,0.40733340004593027,6.353670569270164e-05,0
comprehension,rival_majority,neutral,0140,1,0,1,0,rPaQrPrPrP,A,llama-8b,meta-llama/llama-3.1-8b-instruct,coreweave/bf16,0,1.0,CoreWeave,A,3.542e-05,0.7549149923816048,4.703043222892278e-05,0
comprehension,rival_majority,neutral,0141,-1,0,0,0,aQrQrPrPrPrP,A,llama-8b,meta-llama/llama-3.1-8b-instruct,coreweave/bf16,0,1.0,CoreWeave,B,3.674e-05,0.6791786926816161,0.0001712834673549546,0
comprehension,rival_majority,neutral,0141,-1,0,1,0,rPaQrPrPrQrP,A,llama-8b,meta-llama/llama-3.1-8b-instruct,coreweave/bf16,0,1.0,CoreWeave,A,3.674e-05,0.9796676486608455,6.76155083956069e-05,0
comprehension,rival_majority,neutral,0141,1,0,0,0,rQrPrPaQrPrP,A,llama-8b,meta-llama/llama-3.1-8b-instruct,coreweave/bf16,0,1.0,CoreWeave,B,3.674e-05,0.5,0.00022432862215993055,0
comprehension,rival_majority,neutral,0141,1,0,1,0,aQrPrQrPrPrP,A,llama-8b,meta-llama/llama-3.1-8b-instruct,coreweave/bf16,0,1.0,CoreWeave,B,3.674e-05,0.5926665999540698,0.00015412590567531748,0
comprehension,rival_majority,neutral,0150,-1,0,0,0,aQrPrPrPrPrP,A,llama-8b,meta-llama/llama-3.1-8b-instruct,coreweave/bf16,0,1.0,CoreWeave,A,3.674e-05,0.880797068590724,8.00257773825308e-05,0
comprehension,rival_majority,neutral,0150,-1,0,1,0,rPrPrPrPrPaQ,A,llama-8b,meta-llama/llama-3.1-8b-instruct,coreweave/bf16,0,1.0,CoreWeave,A,3.674e-05,0.9465966647389334,9.771950911219296e-05,0
comprehension,rival_majority,neutral,0150,1,0,0,0,rPaQrPrPrPrP,A,llama-8b,meta-llama/llama-3.1-8b-instruct,coreweave/bf16,0,1.0,CoreWeave,B,3.674e-05,0.40733340004593016,8.517158298282368e-05,0
comprehension,rival_majority,neutral,0150,1,0,1,0,rPrPrPrPaQrP,A,llama-8b,meta-llama/llama-3.1-8b-instruct,coreweave/bf16,0,1.0,CoreWeave,A,3.674e-05,0.9465966747198242,6.74943687485538e-05,0
comprehension,rival_majority,neutral,0201,-1,0,0,0,aQaQrQ,B,llama-8b,meta-llama/llama-3.1-8b-instruct,coreweave/bf16,0,1.0,CoreWeave,A,3.278e-05,0.6513548646660542,0.00019358437093752734,0
comprehension,rival_majority,neutral,0201,-1,0,1,0,aQrQaQ,B,llama-8b,meta-llama/llama-3.1-8b-instruct,coreweave/bf16,0,1.0,CoreWeave,A,3.278e-05,0.817574478416099,0.0008273113322430359,0
comprehension,rival_majority,neutral,0201,1,0,0,0,aQaQrQ,B,llama-8b,meta-llama/llama-3.1-8b-instruct,coreweave/bf16,0,1.0,CoreWeave,B,3.278e-05,0.08509904210661365,7.240539846198324e-05,0
comprehension,rival_majority,neutral,0201,1,0,1,0,rQaQaQ,B,llama-8b,meta-llama/llama-3.1-8b-instruct,coreweave/bf16,0,1.0,CoreWeave,A,3.278e-05,0.37754066879814546,0.0005042494603355596,0
comprehension,rival_majority,neutral,0202,-1,0,0,0,aQrQrQaQ,B,llama-8b,meta-llama/llama-3.1-8b-instruct,coreweave/bf16,0,1.0,CoreWeave,A,3.41e-05,0.6224593312018546,0.0004267994938137454,0
comprehension,rival_majority,neutral,0202,-1,0,1,0,aQaQrQrQ,B,llama-8b,meta-llama/llama-3.1-8b-instruct,coreweave/bf16,0,1.0,CoreWeave,A,3.41e-05,0.7549149813536518,0.0001280114480741723,0
comprehension,rival_majority,neutral,0202,1,0,0,0,aQrQaQrQ,B,llama-8b,meta-llama/llama-3.1-8b-instruct,coreweave/bf16,0,1.0,CoreWeave,B,3.41e-05,0.06008664659737081,0.00016493483850799073,0
comprehension,rival_majority,neutral,0202,1,0,1,0,rQaQaQrQ,B,llama-8b,meta-llama/llama-3.1-8b-instruct,coreweave/bf16,0,1.0,CoreWeave,B,3.41e-05,0.14804720179063333,5.4789810016053764e-05,0
comprehension,rival_majority,neutral,0203,-1,0,0,0,rQaQrQaQrQ,B,llama-8b,meta-llama/llama-3.1-8b-instruct,coreweave/bf16,0,1.0,CoreWeave,A,3.542e-05,0.32082129433083023,0.0003446477674432513,0
comprehension,rival_majority,neutral,0203,-1,0,1,0,rQrQrQaQaQ,B,llama-8b,meta-llama/llama-3.1-8b-instruct,coreweave/bf16,0,1.0,CoreWeave,B,3.542e-05,0.5621765008857981,7.366563402877446e-05,0
comprehension,rival_majority,neutral,0203,1,0,0,0,rQrQrQaQaQ,B,llama-8b,meta-llama/llama-3.1-8b-instruct,coreweave/bf16,0,1.0,CoreWeave,B,3.542e-05,0.06008665269869255,9.256645122168727e-05,0
comprehension,rival_majority,neutral,0203,1,0,1,0,aQaQrQrQrQ,B,llama-8b,meta-llama/llama-3.1-8b-instruct,coreweave/bf16,0,1.0,CoreWeave,B,3.542e-05,0.06754668691621382,2.0040271173082935e-05,0
comprehension,rival_majority,neutral,0204,-1,0,0,0,rQrQaQrQaQrQ,B,llama-8b,meta-llama/llama-3.1-8b-instruct,coreweave/bf16,0,1.0,CoreWeave,B,3.674e-05,0.2942149783515162,0.0003681907573395149,0
comprehension,rival_majority,neutral,0204,-1,0,1,0,rQrQaQaQrQrQ,B,llama-8b,meta-llama/llama-3.1-8b-instruct,coreweave/bf16,0,1.0,CoreWeave,B,3.674e-05,0.5312093733737562,0.0001924653240427121,0
comprehension,rival_majority,neutral,0204,1,0,0,0,rQrQaQrQaQrQ,B,llama-8b,meta-llama/llama-3.1-8b-instruct,coreweave/bf16,0,1.0,CoreWeave,B,3.674e-05,0.04742587620689797,8.490794571447413e-05,0
comprehension,rival_majority,neutral,0204,1,0,1,0,rQaQaQrQrQrQ,B,llama-8b,meta-llama/llama-3.1-8b-instruct,coreweave/bf16,0,1.0,CoreWeave,B,3.674e-05,0.04742586981164345,5.187359382485823e-05,0
comprehension,rival_majority,neutral,0210,-1,0,0,0,rPaQaQ,A,llama-8b,meta-llama/llama-3.1-8b-instruct,coreweave/bf16,0,1.0,CoreWeave,A,3.278e-05,0.6224593312018545,0.0008931958301472975,0
comprehension,rival_majority,neutral,0210,-1,0,1,0,aQrPaQ,A,llama-8b,meta-llama/llama-3.1-8b-instruct,coreweave/bf16,0,1.0,CoreWeave,A,3.278e-05,0.8175744695262775,0.0008919159156334511,0
comprehension,rival_majority,neutral,0210,1,0,0,0,rPaQaQ,A,llama-8b,meta-llama/llama-3.1-8b-instruct,coreweave/bf16,0,1.0,CoreWeave,B,3.278e-05,0.3486451285660856,0.000574411550809506,0
comprehension,rival_majority,neutral,0210,1,0,1,0,rPaQaQ,A,llama-8b,meta-llama/llama-3.1-8b-instruct,coreweave/bf16,0,1.0,CoreWeave,B,3.278e-05,0.40733340004593027,0.00037317481144016895,0
comprehension,rival_majority,neutral,0212,-1,0,0,0,aQaQrQrQrP,B,llama-8b,meta-llama/llama-3.1-8b-instruct,coreweave/bf16,0,1.0,CoreWeave,B,3.542e-05,0.3208212878370535,9.231660361275207e-05,0
comprehension,rival_majority,neutral,0212,-1,0,1,0,aQrPaQrQrQ,B,llama-8b,meta-llama/llama-3.1-8b-instruct,coreweave/bf16,0,1.0,CoreWeave,A,3.542e-05,0.5621765008857981,6.663277932905665e-05,0
comprehension,rival_majority,neutral,0212,1,0,0,0,aQrQrQrPaQ,B,llama-8b,meta-llama/llama-3.1-8b-instruct,coreweave/bf16,0,1.0,CoreWeave,B,3.542e-05,0.060086653750644634,4.752600216395564e-05,0
comprehension,rival_majority,neutral,0212,1,0,1,0,aQrPaQrQrQ,B,llama-8b,meta-llama/llama-3.1-8b-instruct,coreweave/bf16,0,1.0,CoreWeave,B,3.542e-05,0.22270013366638425,5.036447394390908e-05,0
comprehension,rival_majority,neutral,0213,-1,0,0,0,rQrQrQrPaQaQ,B,llama-8b,meta-llama/llama-3.1-8b-instruct,coreweave/bf16,0,1.0,CoreWeave,A,3.674e-05,0.18242551936144574,0.00012274949687096637,0
comprehension,rival_majority,neutral,0213,-1,0,1,0,aQrQrPaQrQrQ,B,llama-8b,meta-llama/llama-3.1-8b-instruct,coreweave/bf16,0,1.0,CoreWeave,A,3.674e-05,0.5926665999540698,0.0003228264139882864,0
comprehension,rival_majority,neutral,0213,1,0,0,0,aQaQrQrPrQrQ,B,llama-8b,meta-llama/llama-3.1-8b-instruct,coreweave/bf16,0,1.0,CoreWeave,B,3.674e-05,0.0474258782264522,8.876489140929866e-05,0
comprehension,rival_majority,neutral,0213,1,0,1,0,aQaQrPrQrQrQ,B,llama-8b,meta-llama/llama-3.1-8b-instruct,coreweave/bf16,0,1.0,CoreWeave,B,3.674e-05,0.09534947453918645,5.069918000011331e-05,0
comprehension,rival_majority,neutral,0220,-1,0,0,0,rPaQaQrP,A,llama-8b,meta-llama/llama-3.1-8b-instruct,coreweave/bf16,0,1.0,CoreWeave,B,3.41e-05,0.7057850340255386,0.00010416248648947857,0
comprehension,rival_majority,neutral,0220,-1,0,1,0,aQrPaQrP,A,llama-8b,meta-llama/llama-3.1-8b-instruct,coreweave/bf16,0,1.0,CoreWeave,A,3.41e-05,0.8807970654616711,0.0001396501222031693,0
comprehension,rival_majority,neutral,0220,1,0,0,0,aQaQrPrP,A,llama-8b,meta-llama/llama-3.1-8b-instruct,coreweave/bf16,0,1.0,CoreWeave,B,3.41e-05,0.34864513533394575,9.608529547022737e-05,0
comprehension,rival_majority,neutral,0220,1,0,1,0,aQrPaQrP,A,llama-8b,meta-llama/llama-3.1-8b-instruct,coreweave/bf16,0,1.0,CoreWeave,B,3.41e-05,0.5312093733737563,0.0001493189358704461,0
comprehension,rival_majority,neutral,0221,-1,0,0,0,aQaQrPrQrP,A,llama-8b,meta-llama/llama-3.1-8b-instruct,coreweave/bf16,0,1.0,CoreWeave,B,3.542e-05,0.6224593312018546,0.00010752313090806043,0
comprehension,rival_majority,neutral,0221,-1,0,1,0,rPrQrPaQaQ,A,llama-8b,meta-llama/llama-3.1-8b-instruct,coreweave/bf16,0,1.0,CoreWeave,A,3.542e-05,0.8670357666736772,6.132377118395205e-05,0
comprehension,rival_majority,neutral,0221,1,0,0,0,aQaQrPrPrQ,A,llama-8b,meta-llama/llama-3.1-8b-instruct,coreweave/bf16,0,1.0,CoreWeave,B,3.542e-05,0.32082130731838393,5.9358853348734364e-05,0
comprehension,rival_majority,neutral,0221,1,0,1,0,rPrQaQrPaQ,A,llama-8b,meta-llama/llama-3.1-8b-instruct,coreweave/bf16,0,1.0,CoreWeave,B,3.542e-05,0.5621765008857981,0.0002215825227729895,0
comprehension,rival_majority,neutral,0230,-1,0,0,0,aQrPaQrPrP,A,llama-8b,meta-llama/llama-3.1-8b-instruct,coreweave/bf16,0,1.0,CoreWeave,B,3.542e-05,0.6513548511303338,0.00011114292938313453,0
comprehension,rival_majority,neutral,0230,-1,0,1,0,aQaQrPrPrP,A,llama-8b,meta-llama/llama-3.1-8b-instruct,coreweave/bf16,0,1.0,CoreWeave,A,3.542e-05,0.9241418173671895,7.381555261412598e-05,0
comprehension,rival_majority,neutral,0230,1,0,0,0,rPrPrPaQaQ,A,llama-8b,meta-llama/llama-3.1-8b-instruct,coreweave/bf16,0,1.0,CoreWeave,A,3.542e-05,0.3775406687981454,0.00011217178250189086,0
comprehension,rival_majority,neutral,0230,1,0,1,0,rPrPaQrPaQ,A,llama-8b,meta-llama/llama-3.1-8b-instruct,coreweave/bf16,0,1.0,CoreWeave,B,3.542e-05,0.7549149813536518,6.197577525013376e-05,0
comprehension,rival_majority,neutral,0231,-1,0,0,0,rPrPrPrQaQaQ,A,llama-8b,meta-llama/llama-3.1-8b-instruct,coreweave/bf16,0,1.0,CoreWeave,A,3.674e-05,0.8933093996634686,3.989047178745708e-05,0
comprehension,rival_majority,neutral,0231,-1,0,1,0,rPaQrPrPaQrQ,A,llama-8b,meta-llama/llama-3.1-8b-instruct,coreweave/bf16,0,1.0,CoreWeave,A,3.674e-05,0.8519528057272543,0.00015176537485298014,0
comprehension,rival_majority,neutral,0231,1,0,0,0,rPaQaQrPrQrP,A,llama-8b,meta-llama/llama-3.1-8b-instruct,coreweave/bf16,0,1.0,CoreWeave,B,3.674e-05,0.5621765008857981,0.00027878866600722363,0
comprehension,rival_majority,neutral,0231,1,0,1,0,aQrPrPrQaQrP,A,llama-8b,meta-llama/llama-3.1-8b-instruct,coreweave/bf16,0,1.0,CoreWeave,A,3.674e-05,0.7549149923816048,0.00012117237432968109,0
comprehension,rival_majority,neutral,0240,-1,0,0,0,rPaQaQrPrPrP,A,llama-8b,meta-llama/llama-3.1-8b-instruct,coreweave/bf16,0,1.0,CoreWeave,A,3.674e-05,0.7772998714925403,0.000124602200826468,0
comprehension,rival_majority,neutral,0240,-1,0,1,0,rPaQrPaQrPrP,A,llama-8b,meta-llama/llama-3.1-8b-instruct,coreweave/bf16,0,1.0,CoreWeave,A,3.674e-05,0.9324533041676869,0.00012006264758093743,0
comprehension,rival_majority,neutral,0240,1,0,0,0,rPrPrPaQaQrP,A,llama-8b,meta-llama/llama-3.1-8b-instruct,coreweave/bf16,0,1.0,CoreWeave,B,3.674e-05,0.5621765008857981,0.00014816317619636976,0
comprehension,rival_majority,neutral,0240,1,0,1,0,rPaQrPrPrPaQ,A,llama-8b,meta-llama/llama-3.1-8b-instruct,coreweave/bf16,0,1.0,CoreWeave,A,3.674e-05,0.731058584489497,7.394508021235646e-05,0
comprehension,rival_majority,neutral,0301,-1,0,0,0,aQaQrQaQ,B,llama-8b,meta-llama/llama-3.1-8b-instruct,coreweave/bf16,0,1.0,CoreWeave,B,3.41e-05,0.6513548714339145,0.000491009501002615,0
comprehension,rival_majority,neutral,0301,-1,0,1,0,aQrQaQaQ,B,llama-8b,meta-llama/llama-3.1-8b-instruct,coreweave/bf16,0,1.0,CoreWeave,B,3.41e-05,0.7981867801399695,0.0006575242932741199,0
comprehension,rival_majority,neutral,0301,1,0,0,0,aQaQaQrQ,B,llama-8b,meta-llama/llama-3.1-8b-instruct,coreweave/bf16,0,1.0,CoreWeave,B,3.41e-05,0.11920292671569666,0.0002220624185533815,0
comprehension,rival_majority,neutral,0301,1,0,1,0,rQaQaQaQ,B,llama-8b,meta-llama/llama-3.1-8b-instruct,coreweave/bf16,0,1.0,CoreWeave,A,3.41e-05,0.4378234991142019,0.0005532730212760573,0
comprehension,rival_majority,neutral,0302,-1,0,0,0,aQrQaQaQrQ,B,llama-8b,meta-llama/llama-3.1-8b-instruct,coreweave/bf16,0,1.0,CoreWeave,B,3.542e-05,0.5621765008857981,0.0007846821540383186,0
comprehension,rival_majority,neutral,0302,-1,0,1,0,aQrQrQaQaQ,B,llama-8b,meta-llama/llama-3.1-8b-instruct,coreweave/bf16,0,1.0,CoreWeave,A,3.542e-05,0.7310585903489891,0.00042002157012910324,0
comprehension,rival_majority,neutral,0302,1,0,0,0,aQaQrQrQaQ,B,llama-8b,meta-llama/llama-3.1-8b-instruct,coreweave/bf16,0,1.0,CoreWeave,B,3.542e-05,0.08509904268669496,0.0001427381291813079,0
comprehension,rival_majority,neutral,0302,1,0,1,0,aQaQaQrQrQ,B,llama-8b,meta-llama/llama-3.1-8b-instruct,coreweave/bf16,0,1.0,CoreWeave,A,3.542e-05,0.24508501313237172,6.684054455097233e-05,0
comprehension,rival_majority,neutral,0303,-1,0,0,0,rQaQaQrQaQrQ,B,llama-8b,meta-llama/llama-3.1-8b-instruct,coreweave/bf16,0,1.0,CoreWeave,A,3.674e-05,0.348645142101806,0.0007950747767662136,0
comprehension,rival_majority,neutral,0303,-1,0,1,0,rQrQaQrQaQaQ,B,llama-8b,meta-llama/llama-3.1-8b-instruct,coreweave/bf16,0,1.0,CoreWeave,A,3.674e-05,0.5621765008857981,0.00020525433558493678,0
comprehension,rival_majority,neutral,0303,1,0,0,0,rQaQaQrQaQrQ,B,llama-8b,meta-llama/llama-3.1-8b-instruct,coreweave/bf16,0,1.0,CoreWeave,B,3.674e-05,0.09534946875514017,0.0003605189539522824,0
comprehension,rival_majority,neutral,0303,1,0,1,0,rQaQrQrQaQaQ,B,llama-8b,meta-llama/llama-3.1-8b-instruct,coreweave/bf16,0,1.0,CoreWeave,B,3.674e-05,0.09534947389651462,0.00010838514712341318,0
comprehension,rival_majority,neutral,0310,-1,0,0,0,aQaQrPaQ,A,llama-8b,meta-llama/llama-3.1-8b-instruct,coreweave/bf16,0,1.0,CoreWeave,B,3.41e-05,0.6791786861878392,0.000506644932031397,0
comprehension,rival_majority,neutral,0310,-1,0,1,0,aQrPaQaQ,A,llama-8b,meta-llama/llama-3.1-8b-instruct,coreweave/bf16,0,1.0,CoreWeave,A,3.41e-05,0.8354835411997897,0.0005930696634026678,0
comprehension,rival_majority,neutral,0310,1,0,0,0,rPaQaQaQ,A,llama-8b,meta-llama/llama-3.1-8b-instruct,coreweave/bf16,0,1.0,CoreWeave,A,3.41e-05,0.2689414096510109,0.0008410415592876586,0
comprehension,rival_majority,neutral,0310,1,0,1,0,aQaQaQrP,A,llama-8b,meta-llama/llama-3.1-8b-instruct,coreweave/bf16,0,1.0,CoreWeave,A,3.41e-05,0.37754066879814546,0.0004717807818783726,0
comprehension,rival_majority,neutral,0312,-1,0,0,0,rQrPrQaQaQaQ,B,llama-8b,meta-llama/llama-3.1-8b-instruct,coreweave/bf16,0,1.0,CoreWeave,B,3.674e-05,0.37754066879814546,0.0002888045292815944,0
comprehension,rival_majority,neutral,0312,-1,0,1,0,aQrQrQaQaQrP,B,llama-8b,meta-llama/llama-3.1-8b-instruct,coreweave/bf16,0,1.0,CoreWeave,A,3.674e-05,0.43782349911420193,0.00018445636794417464,0
comprehension,rival_majority,neutral,0312,1,0,0,0,rQaQrQrPaQaQ,B,llama-8b,meta-llama/llama-3.1-8b-instruct,coreweave/bf16,0,1.0,CoreWeave,A,3.674e-05,0.1329642419157059,0.0003107277986165169,0
comprehension,rival_majority,neutral,0312,1,0,1,0,rQrPaQaQrQaQ,B,llama-8b,meta-llama/llama-3.1-8b-instruct,coreweave/bf16,0,1.0,CoreWeave,B,3.674e-05,0.1480471999111614,0.00013571251377508808,0
comprehension,rival_majority,neutral,0320,-1,0,0,0,rPrPaQaQaQ,A,llama-8b,meta-llama/llama-3.1-8b-instruct,coreweave/bf16,0,1.0,CoreWeave,B,3.542e-05,0.651354857898194,0.00020242351971888617,0
comprehension,rival_majority,neutral,0320,-1,0,1,0,aQaQaQrPrP,A,llama-8b,meta-llama/llama-3.1-8b-instruct,coreweave/bf16,0,1.0,CoreWeave,A,3.542e-05,0.8175744828610095,0.0002503866455371151,0
comprehension,rival_majority,neutral,0320,1,0,0,0,rPrPaQaQaQ,A,llama-8b,meta-llama/llama-3.1-8b-instruct,coreweave/bf16,0,1.0,CoreWeave,A,3.542e-05,0.320821300824607,0.0002601741757732867,0
comprehension,rival_majority,neutral,0320,1,0,1,0,aQrPaQrPaQ,A,llama-8b,meta-llama/llama-3.1-8b-instruct,coreweave/bf16,0,1.0,CoreWeave,B,3.542e-05,0.5,0.000302211383247597,0
comprehension,rival_majority,neutral,0321,-1,0,0,0,aQaQrPaQrQrP,A,llama-8b,meta-llama/llama-3.1-8b-instruct,coreweave/bf16,0,1.0,CoreWeave,A,3.674e-05,0.6513548578981939,0.00019956307181617783,0
comprehension,rival_majority,neutral,0321,-1,0,1,0,aQrPaQaQrQrP,A,llama-8b,meta-llama/llama-3.1-8b-instruct,coreweave/bf16,0,1.0,CoreWeave,B,3.674e-05,0.7549149758396752,0.00010657878841671686,0
comprehension,rival_majority,neutral,0321,1,0,0,0,aQrPrQrPaQaQ,A,llama-8b,meta-llama/llama-3.1-8b-instruct,coreweave/bf16,0,1.0,CoreWeave,A,3.674e-05,0.37754066879814546,0.0005867568606894302,0
comprehension,rival_majority,neutral,0321,1,0,1,0,rQaQrPaQaQrP,A,llama-8b,meta-llama/llama-3.1-8b-instruct,coreweave/bf16,0,1.0,CoreWeave,B,3.674e-05,0.6224593241981982,0.00024866034038761864,0
comprehension,rival_majority,neutral,0330,-1,0,0,0,rPaQrPaQaQrP,A,llama-8b,meta-llama/llama-3.1-8b-instruct,coreweave/bf16,0,1.0,CoreWeave,A,3.674e-05,0.8354835309589074,0.00014590473833853146,0
comprehension,rival_majority,neutral,0330,-1,0,1,0,rPrPaQaQrPaQ,A,llama-8b,meta-llama/llama-3.1-8b-instruct,coreweave/bf16,0,1.0,CoreWeave,A,3.674e-05,0.9579122728353316,0.000105307554684686,0
comprehension,rival_majority,neutral,0330,1,0,0,0,rPaQaQrPrPaQ,A,llama-8b,meta-llama/llama-3.1-8b-instruct,coreweave/bf16,0,1.0,CoreWeave,A,3.674e-05,0.5,0.0003575062480680735,0
comprehension,rival_majority,neutral,0330,1,0,1,0,rPrPaQaQrPaQ,A,llama-8b,meta-llama/llama-3.1-8b-instruct,coreweave/bf16,0,1.0,CoreWeave,B,3.674e-05,0.817574471748733,0.00017691112927964436,0
comprehension,rival_majority,neutral,0401,-1,0,0,0,rQaQaQaQaQ,B,llama-8b,meta-llama/llama-3.1-8b-instruct,coreweave/bf16,0,1.0,CoreWeave,A,3.542e-05,0.6224593312018546,0.0012649656248463481,0
comprehension,rival_majority,neutral,0401,-1,0,1,0,aQaQaQrQaQ,B,llama-8b,meta-llama/llama-3.1-8b-instruct,coreweave/bf16,0,1.0,CoreWeave,A,3.542e-05,0.7549149923816046,0.0007275709825991794,0
comprehension,rival_majority,neutral,0401,1,0,0,0,aQrQaQaQaQ,B,llama-8b,meta-llama/llama-3.1-8b-instruct,coreweave/bf16,0,1.0,CoreWeave,B,3.542e-05,0.18242551713899047,0.001369093580055436,0
comprehension,rival_majority,neutral,0401,1,0,1,0,aQrQaQaQaQ,B,llama-8b,meta-llama/llama-3.1-8b-instruct,coreweave/bf16,0,1.0,CoreWeave,B,3.542e-05,0.3486451285660856,0.0005906145702164745,0
comprehension,rival_majority,neutral,0402,-1,0,0,0,aQaQaQrQrQaQ,B,llama-8b,meta-llama/llama-3.1-8b-instruct,coreweave/bf16,0,1.0,CoreWeave,A,3.674e-05,0.5926665999540698,0.0008268514029239338,0
comprehension,rival_majority,neutral,0402,-1,0,1,0,aQrQaQrQaQaQ,B,llama-8b,meta-llama/llama-3.1-8b-instruct,coreweave/bf16,0,1.0,CoreWeave,B,3.674e-05,0.7310585903489891,0.0015135429373788756,0
comprehension,rival_majority,neutral,0402,1,0,0,0,rQaQaQaQaQrQ,B,llama-8b,meta-llama/llama-3.1-8b-instruct,coreweave/bf16,0,1.0,CoreWeave,B,3.674e-05,0.18242552825126704,0.001505809952201398,0
comprehension,rival_majority,neutral,0402,1,0,1,0,rQaQaQrQaQaQ,B,llama-8b,meta-llama/llama-3.1-8b-instruct,coreweave/bf16,0,1.0,CoreWeave,A,3.674e-05,0.1645164710892692,0.000316227897328214,0
comprehension,rival_majority,neutral,0410,-1,0,0,0,aQaQaQrPaQ,A,llama-8b,meta-llama/llama-3.1-8b-instruct,coreweave/bf16,0,1.0,CoreWeave,B,3.542e-05,0.6224593312018546,0.0015212061561511447,0
comprehension,rival_majority,neutral,0410,-1,0,1,0,rPaQaQaQaQ,A,llama-8b,meta-llama/llama-3.1-8b-instruct,coreweave/bf16,0,1.0,CoreWeave,B,3.542e-05,0.7310585844894971,0.0010958050574287892,0
comprehension,rival_majority,neutral,0410,1,0,0,0,aQaQaQaQrP,A,llama-8b,meta-llama/llama-3.1-8b-instruct,coreweave/bf16,0,1.0,CoreWeave,B,3.542e-05,0.32082131381216084,0.0017666835960241656,0
comprehension,rival_majority,neutral,0410,1,0,1,0,aQaQaQaQrP,A,llama-8b,meta-llama/llama-3.1-8b-instruct,coreweave/bf16,0,1.0,CoreWeave,B,3.542e-05,0.43782349911420193,0.000940711600691535,0
comprehension,rival_majority,neutral,0420,-1,0,0,0,rPaQaQrPaQaQ,A,llama-8b,meta-llama/llama-3.1-8b-instruct,coreweave/bf16,0,1.0,CoreWeave,A,3.674e-05,0.679178699175393,0.00041235324872240797,0
comprehension,rival_majority,neutral,0420,-1,0,1,0,rPaQaQrPaQaQ,A,llama-8b,meta-llama/llama-3.1-8b-instruct,coreweave/bf16,0,1.0,CoreWeave,A,3.674e-05,0.8670357598021707,0.0002697187884024288,0
comprehension,rival_majority,neutral,0420,1,0,0,0,aQaQaQaQrPrP,A,llama-8b,meta-llama/llama-3.1-8b-instruct,coreweave/bf16,0,1.0,CoreWeave,A,3.674e-05,0.4073334000459302,0.0007602662912585822,0
comprehension,rival_majority,neutral,0420,1,0,1,0,aQaQrPaQaQrP,A,llama-8b,meta-llama/llama-3.1-8b-instruct,coreweave/bf16,0,1.0,CoreWeave,B,3.674e-05,0.7310585727705127,0.00017220501437542612,0
comprehension,rival_majority,neutral,0501,-1,0,0,0,aQaQaQrQaQaQ,B,llama-8b,meta-llama/llama-3.1-8b-instruct,coreweave/bf16,0,1.0,CoreWeave,A,3.674e-05,0.6513548782017745,0.001669648804707713,0
comprehension,rival_majority,neutral,0501,-1,0,1,0,aQaQaQaQaQrQ,B,llama-8b,meta-llama/llama-3.1-8b-instruct,coreweave/bf16,0,1.0,CoreWeave,A,3.674e-05,0.8519527963298947,0.0021766220518421864,0
comprehension,rival_majority,neutral,0501,1,0,0,0,aQaQaQaQaQrQ,B,llama-8b,meta-llama/llama-3.1-8b-instruct,coreweave/bf16,0,1.0,CoreWeave,B,3.674e-05,0.22270014398423355,0.002456371566059601,0
comprehension,rival_majority,neutral,0501,1,0,1,0,aQaQrQaQaQaQ,B,llama-8b,meta-llama/llama-3.1-8b-instruct,coreweave/bf16,0,1.0,CoreWeave,B,3.674e-05,0.3486451488696663,0.000497501827844915,0
comprehension,rival_majority,neutral,0510,-1,0,0,0,aQaQaQaQaQrP,A,llama-8b,meta-llama/llama-3.1-8b-instruct,coreweave/bf16,0,1.0,CoreWeave,A,3.674e-05,0.6513548646660542,0.0027160719497647534,0
comprehension,rival_majority,neutral,0510,-1,0,1,0,aQaQaQaQaQrP,A,llama-8b,meta-llama/llama-3.1-8b-instruct,coreweave/bf16,0,1.0,CoreWeave,A,3.674e-05,0.8354835309589074,0.0033207740122366824,0
comprehension,rival_majority,neutral,0510,1,0,0,0,aQaQaQrPaQaQ,A,llama-8b,meta-llama/llama-3.1-8b-instruct,coreweave/bf16,0,1.0,CoreWeave,A,3.674e-05,0.3775406687981454,0.001682178478163987,0
comprehension,rival_majority,neutral,0510,1,0,1,0,rPaQaQaQaQaQ,A,llama-8b,meta-llama/llama-3.1-8b-instruct,coreweave/bf16,0,1.0,CoreWeave,A,3.674e-05,0.3775406617944891,0.0013487607618266617,0
comprehension,rival_majority,neutral,1001,-1,0,0,0,aPrQ,B,llama-8b,meta-llama/llama-3.1-8b-instruct,coreweave/bf16,0,1.0,CoreWeave,B,3.146e-05,0.5312093733737563,0.00028447294929850875,0
comprehension,rival_majority,neutral,1001,-1,0,1,0,rQaP,B,llama-8b,meta-llama/llama-3.1-8b-instruct,coreweave/bf16,0,1.0,CoreWeave,B,3.146e-05,0.6224593312018546,0.00019995572217029745,0
comprehension,rival_majority,neutral,1001,1,0,0,0,aPrQ,B,llama-8b,meta-llama/llama-3.1-8b-instruct,coreweave/bf16,0,1.0,CoreWeave,A,3.146e-05,0.1824255149165352,0.001587150023727335,0
comprehension,rival_majority,neutral,1001,1,0,1,0,aPrQ,B,llama-8b,meta-llama/llama-3.1-8b-instruct,coreweave/bf16,0,1.0,CoreWeave,B,3.146e-05,0.4073334000459302,0.000662345956238708,0
comprehension,rival_majority,neutral,1002,-1,0,0,0,rQrQaP,B,llama-8b,meta-llama/llama-3.1-8b-instruct,coreweave/bf16,0,1.0,CoreWeave,A,3.278e-05,0.18242551713899047,6.838307413370437e-05,0
comprehension,rival_majority,neutral,1002,-1,0,1,0,aPrQrQ,B,llama-8b,meta-llama/llama-3.1-8b-instruct,coreweave/bf16,0,1.0,CoreWeave,B,3.278e-05,0.5,3.695610152160134e-05,0
comprehension,rival_majority,neutral,1002,1,0,0,0,aPrQrQ,B,llama-8b,meta-llama/llama-3.1-8b-instruct,coreweave/bf16,0,1.0,CoreWeave,B,3.278e-05,0.07585818681131791,7.887703946463098e-05,0
comprehension,rival_majority,neutral,1002,1,0,1,0,rQrQaP,B,llama-8b,meta-llama/llama-3.1-8b-instruct,coreweave/bf16,0,1.0,CoreWeave,B,3.278e-05,0.13296424706933604,2.3281766599381193e-05,0
comprehension,rival_majority,neutral,1003,-1,0,0,0,rQrQrQaP,B,llama-8b,meta-llama/llama-3.1-8b-instruct,coreweave/bf16,0,1.0,CoreWeave,B,3.41e-05,0.13296424878721277,0.00020566401873167717,0
comprehension,rival_majority,neutral,1003,-1,0,1,0,rQaPrQrQ,B,llama-8b,meta-llama/llama-3.1-8b-instruct,coreweave/bf16,0,1.0,CoreWeave,A,3.41e-05,0.2942149597859341,2.7018102409903655e-05,0
comprehension,rival_majority,neutral,1003,1,0,0,0,rQaPrQrQ,B,llama-8b,meta-llama/llama-3.1-8b-instruct,coreweave/bf16,0,1.0,CoreWeave,B,3.41e-05,0.05340332546849447,7.584194706600211e-05,0
comprehension,rival_majority,neutral,1003,1,0,1,0,rQrQrQaP,B,llama-8b,meta-llama/llama-3.1-8b-instruct,coreweave/bf16,0,1.0,CoreWeave,B,3.41e-05,0.053403329423186846,1.536043944272425e-05,0
comprehension,rival_majority,neutral,1004,-1,0,0,0,aPrQrQrQrQ,B,llama-8b,meta-llama/llama-3.1-8b-instruct,coreweave/bf16,0,1.0,CoreWeave,A,3.542e-05,0.1066906045971184,0.00015412182287655174,0
comprehension,rival_majority,neutral,1004,-1,0,1,0,rQaPrQrQrQ,B,llama-8b,meta-llama/llama-3.1-8b-instruct,coreweave/bf16,0,1.0,CoreWeave,B,3.542e-05,0.26894142136999516,2.819283691524177e-05,0
comprehension,rival_majority,neutral,1004,1,0,0,0,rQrQaPrQrQ,B,llama-8b,meta-llama/llama-3.1-8b-instruct,coreweave/bf16,0,1.0,CoreWeave,B,3.542e-05,0.022977372126235844,5.623190827641622e-05,0
comprehension,rival_majority,neutral,1004,1,0,1,0,rQrQrQrQaP,B,llama-8b,meta-llama/llama-3.1-8b-instruct,coreweave/bf16,0,1.0,CoreWeave,B,3.542e-05,0.0850990490675896,2.146801201008408e-05,0
comprehension,rival_majority,neutral,1005,-1,0,0,0,aPrQrQrQrQrQ,B,llama-8b,meta-llama/llama-3.1-8b-instruct,coreweave/bf16,0,1.0,CoreWeave,B,3.674e-05,0.06754669067036073,0.00010806666659590736,0
comprehension,rival_majority,neutral,1005,-1,0,1,0,rQrQrQrQaPrQ,B,llama-8b,meta-llama/llama-3.1-8b-instruct,coreweave/bf16,0,1.0,CoreWeave,B,3.674e-05,0.14804719239327382,3.398484172267846e-05,0
comprehension,rival_majority,neutral,1005,1,0,0,0,rQrQrQrQrQaP,B,llama-8b,meta-llama/llama-3.1-8b-instruct,coreweave/bf16,0,1.0,CoreWeave,B,3.674e-05,0.06754668550840878,0.00011085096424179319,0
comprehension,rival_majority,neutral,1005,1,0,1,0,rQrQrQrQaPrQ,B,llama-8b,meta-llama/llama-3.1-8b-instruct,coreweave/bf16,0,1.0,CoreWeave,B,3.674e-05,0.025957358233872,1.7202596633736356e-05,0
comprehension,rival_majority,neutral,1010,-1,0,0,0,rPaP,A,llama-8b,meta-llama/llama-3.1-8b-instruct,coreweave/bf16,0,1.0,CoreWeave,B,3.146e-05,0.46879062662624377,0.0016413759265984096,0
comprehension,rival_majority,neutral,1010,-1,0,1,0,rPaP,A,llama-8b,meta-llama/llama-3.1-8b-instruct,coreweave/bf16,0,1.0,CoreWeave,B,3.146e-05,0.6513548646660543,0.0008270966701814375,0
comprehension,rival_majority,neutral,1010,1,0,0,0,aPrP,A,llama-8b,meta-llama/llama-3.1-8b-instruct,coreweave/bf16,0,1.0,CoreWeave,B,3.146e-05,0.09534947196849916,0.0005895640506858868,0
comprehension,rival_majority,neutral,1010,1,0,1,0,aPrP,A,llama-8b,meta-llama/llama-3.1-8b-instruct,coreweave/bf16,0,1.0,CoreWeave,B,3.146e-05,0.13296423332632276,0.00033378236974235254,0
comprehension,rival_majority,neutral,1012,-1,0,0,0,aPrQrQrP,B,llama-8b,meta-llama/llama-3.1-8b-instruct,coreweave/bf16,0,1.0,CoreWeave,B,3.41e-05,0.2689414330889797,0.00010476368462064567,0
comprehension,rival_majority,neutral,1012,-1,0,1,0,rQaPrQrP,B,llama-8b,meta-llama/llama-3.1-8b-instruct,coreweave/bf16,0,1.0,CoreWeave,A,3.41e-05,0.46879062662624377,4.633218551186591e-05,0
comprehension,rival_majority,neutral,1012,1,0,0,0,rQrQrPaP,B,llama-8b,meta-llama/llama-3.1-8b-instruct,coreweave/bf16,0,1.0,CoreWeave,B,3.41e-05,0.06754669817865513,3.5703777872986286e-05,0
comprehension,rival_majority,neutral,1012,1,0,1,0,aPrQrQrP,B,llama-8b,meta-llama/llama-3.1-8b-instruct,coreweave/bf16,0,1.0,CoreWeave,B,3.41e-05,0.13296424706933602,2.7096367776313635e-05,0
comprehension,rival_majority,neutral,1013,-1,0,0,0,rPrQrQrQaP,B,llama-8b,meta-llama/llama-3.1-8b-instruct,coreweave/bf16,0,1.0,CoreWeave,B,3.542e-05,0.22270013366638425,6.454956432055958e-05,0
comprehension,rival_majority,neutral,1013,-1,0,1,0,rPrQrQrQaP,B,llama-8b,meta-llama/llama-3.1-8b-instruct,coreweave/bf16,0,1.0,CoreWeave,B,3.542e-05,0.2942149783515162,1.766387962176541e-05,0
comprehension,rival_majority,neutral,1013,1,0,0,0,aPrQrQrPrQ,B,llama-8b,meta-llama/llama-3.1-8b-instruct,coreweave/bf16,0,1.0,CoreWeave,B,3.542e-05,0.09534945590170513,6.290078804283006e-05,0
comprehension,rival_majority,neutral,1013,1,0,1,0,rPrQaPrQrQ,B,llama-8b,meta-llama/llama-3.1-8b-instruct,coreweave/bf16,0,1.0,CoreWeave,B,3.542e-05,0.18242551936144574,6.994486967959457e-05,0
comprehension,rival_majority,neutral,1014,-1,0,0,0,rQrPaPrQrQrQ,B,llama-8b,meta-llama/llama-3.1-8b-instruct,coreweave/bf16,0,1.0,CoreWeave,B,3.674e-05,0.10669058684467357,0.0002035376568754188,0
comprehension,rival_majority,neutral,1014,-1,0,1,0,rPrQrQaPrQrQ,B,llama-8b,meta-llama/llama-3.1-8b-instruct,coreweave/bf16,0,1.0,CoreWeave,A,3.674e-05,0.2942149783515162,8.858963861890778e-05,0
comprehension,rival_majority,neutral,1014,1,0,0,0,aPrQrQrQrQrP,B,llama-8b,meta-llama/llama-3.1-8b-instruct,coreweave/bf16,0,1.0,CoreWeave,B,3.674e-05,0.017986213712618302,2.683587797347453e-05,0
comprehension,rival_majority,neutral,1014,1,0,1,0,rPrQaPrQrQrQ,B,llama-8b,meta-llama/llama-3.1-8b-instruct,coreweave/bf16,0,1.0,CoreWeave,B,3.674e-05,0.07585817375348311,6.0824772259993054e-05,0
comprehension,rival_majority,neutral,1020,-1,0,0,0,aPrPrP,A,llama-8b,meta-llama/llama-3.1-8b-instruct,coreweave/bf16,0,1.0,CoreWeave,A,3.278e-05,0.5926665999540698,9.727022212269176e-05,0
comprehension,rival_majority,neutral,1020,-1,0,1,0,rPaPrP,A,llama-8b,meta-llama/llama-3.1-8b-instruct,coreweave/bf16,0,1.0,CoreWeave,A,3.278e-05,0.7981867705385763,0.00018081541624498376,0
comprehension,rival_majority,neutral,1020,1,0,0,0,aPrPrP,A,llama-8b,meta-llama/llama-3.1-8b-instruct,coreweave/bf16,0,1.0,CoreWeave,B,3.278e-05,0.11920292358664392,0.0003786301362456168,0
comprehension,rival_majority,neutral,1020,1,0,1,0,rPrPaP,A,llama-8b,meta-llama/llama-3.1-8b-instruct,coreweave/bf16,0,1.0,CoreWeave,B,3.278e-05,0.3208213073183839,0.0001145479550991313,0
comprehension,rival_majority,neutral,1021,-1,0,0,0,rQrPaPrP,A,llama-8b,meta-llama/llama-3.1-8b-instruct,coreweave/bf16,0,1.0,CoreWeave,B,3.41e-05,0.3775406617944891,0.0002116768735564989,0
comprehension,rival_majority,neutral,1021,-1,0,1,0,aPrPrPrQ,A,llama-8b,meta-llama/llama-3.1-8b-instruct,coreweave/bf16,0,1.0,CoreWeave,A,3.41e-05,0.9626731126558705,2.6207238210333716e-05,0
comprehension,rival_majority,neutral,1021,1,0,0,0,rPaPrPrQ,A,llama-8b,meta-llama/llama-3.1-8b-instruct,coreweave/bf16,0,1.0,CoreWeave,A,3.41e-05,0.2942149659744614,0.00013014706703562418,0
comprehension,rival_majority,neutral,1021,1,0,1,0,rPrQaPrP,A,llama-8b,meta-llama/llama-3.1-8b-instruct,coreweave/bf16,0,1.0,CoreWeave,A,3.41e-05,0.43782349911420193,0.00014667327974726696,0
comprehension,rival_majority,neutral,1023,-1,0,0,0,rQrQrQrPrPaP,B,llama-8b,meta-llama/llama-3.1-8b-instruct,coreweave/bf16,0,1.0,CoreWeave,B,3.674e-05,0.1645164608483867,8.625721962773891e-05,0
comprehension,rival_majority,neutral,1023,-1,0,1,0,rQrQrQrPaPrP,B,llama-8b,meta-llama/llama-3.1-8b-instruct,coreweave/bf16,0,1.0,CoreWeave,A,3.674e-05,0.14804719427274565,2.911010972750372e-05,0
comprehension,rival_majority,neutral,1023,1,0,0,0,aPrQrQrPrQrP,B,llama-8b,meta-llama/llama-3.1-8b-instruct,coreweave/bf16,0,1.0,CoreWeave,B,3.674e-05,0.22270012850745968,0.00018109876721084106,0
comprehension,rival_majority,neutral,1023,1,0,1,0,rPaPrPrQrQrQ,B,llama-8b,meta-llama/llama-3.1-8b-instruct,coreweave/bf16,0,1.0,CoreWeave,B,3.674e-05,0.2942149783515162,0.00011052196418759319,0
comprehension,rival_majority,neutral,1030,-1,0,0,0,rPrPaPrP,A,llama-8b,meta-llama/llama-3.1-8b-instruct,coreweave/bf16,0,1.0,CoreWeave,A,3.41e-05,0.7057850216484838,8.799364479705751e-05,0
comprehension,rival_majority,neutral,1030,-1,0,1,0,rPaPrPrP,A,llama-8b,meta-llama/llama-3.1-8b-instruct,coreweave/bf16,0,1.0,CoreWeave,A,3.41e-05,0.8519528019683105,8.301507654187579e-05,0
comprehension,rival_majority,neutral,1030,1,0,0,0,aPrPrPrP,A,llama-8b,meta-llama/llama-3.1-8b-instruct,coreweave/bf16,0,1.0,CoreWeave,B,3.41e-05,0.0953494629710942,0.00020100106214882008,0
comprehension,rival_majority,neutral,1030,1,0,1,0,rPaPrPrP,A,llama-8b,meta-llama/llama-3.1-8b-instruct,coreweave/bf16,0,1.0,CoreWeave,B,3.41e-05,0.3486451217982255,0.00014968406470239337,0
comprehension,rival_majority,neutral,1031,-1,0,0,0,rPrQrPrPaP,A,llama-8b,meta-llama/llama-3.1-8b-instruct,coreweave/bf16,0,1.0,CoreWeave,A,3.542e-05,0.7549149923816048,7.349329970976481e-05,0
comprehension,rival_majority,neutral,1031,-1,0,1,0,rPrPrPrQaP,A,llama-8b,meta-llama/llama-3.1-8b-instruct,coreweave/bf16,0,1.0,CoreWeave,A,3.542e-05,0.9579122726851416,3.212164872044149e-05,0
comprehension,rival_majority,neutral,1031,1,0,0,0,rQrPaPrPrP,A,llama-8b,meta-llama/llama-3.1-8b-instruct,coreweave/bf16,0,1.0,CoreWeave,A,3.542e-05,0.18242552158390105,0.00011358364760982731,0
comprehension,rival_majority,neutral,1031,1,0,1,0,rPaPrPrQrP,A,llama-8b,meta-llama/llama-3.1-8b-instruct,coreweave/bf16,0,1.0,CoreWeave,A,3.542e-05,0.5621765008857981,0.00013576717013424888,0
comprehension,rival_majority,neutral,1032,-1,0,0,0,rPrQrPrQaPrP,A,llama-8b,meta-llama/llama-3.1-8b-instruct,coreweave/bf16,0,1.0,CoreWeave,A,3.674e-05,0.5,0.00043013569574862354,0
comprehension,rival_majority,neutral,1032,-1,0,1,0,aPrQrPrQrPrP,A,llama-8b,meta-llama/llama-3.1-8b-instruct,coreweave/bf16,0,1.0,CoreWeave,B,3.674e-05,0.8354835309589073,0.00014948048883517417,0
comprehension,rival_majority,neutral,1032,1,0,0,0,rQaPrQrPrPrP,A,llama-8b,meta-llama/llama-3.1-8b-instruct,coreweave/bf16,0,1.0,CoreWeave,B,3.674e-05,0.20181321745968234,0.00018016001856058228,0
comprehension,rival_majority,neutral,1032,1,0,1,0,rPrQrPrPaPrQ,A,llama-8b,meta-llama/llama-3.1-8b-instruct,coreweave/bf16,0,1.0,CoreWeave,B,3.674e-05,0.5621765008857981,0.00017271634990506657,0
comprehension,rival_majority,neutral,1040,-1,0,0,0,rPrPaPrPrP,A,llama-8b,meta-llama/llama-3.1-8b-instruct,coreweave/bf16,0,1.0,CoreWeave,A,3.542e-05,0.7310585844894971,0.00011506839830355275,0
comprehension,rival_majority,neutral,1040,-1,0,1,0,rPrPrPaPrP,A,llama-8b,meta-llama/llama-3.1-8b-instruct,coreweave/bf16,0,1.0,CoreWeave,A,3.542e-05,0.9579122749379931,5.233284692451878e-05,0
comprehension,rival_majority,neutral,1040,1,0,0,0,aPrPrPrPrP,A,llama-8b,meta-llama/llama-3.1-8b-instruct,coreweave/bf16,0,1.0,CoreWeave,B,3.542e-05,0.13296423504419938,0.00023821677897262195,0
comprehension,rival_majority,neutral,1040,1,0,1,0,rPrPaPrPrP,A,llama-8b,meta-llama/llama-3.1-8b-instruct,coreweave/bf16,0,1.0,CoreWeave,B,3.542e-05,0.5,9.512639291348046e-05,0
comprehension,rival_majority,neutral,1041,-1,0,0,0,aPrQrPrPrPrP,A,llama-8b,meta-llama/llama-3.1-8b-instruct,coreweave/bf16,0,1.0,CoreWeave,B,3.674e-05,0.5621765008857981,0.00011312022374110331,0
comprehension,rival_majority,neutral,1041,-1,0,1,0,rPrPaPrPrPrQ,A,llama-8b,meta-llama/llama-3.1-8b-instruct,coreweave/bf16,0,1.0,CoreWeave,A,3.674e-05,0.9796676487721513,5.640505606479759e-05,0
comprehension,rival_majority,neutral,1041,1,0,0,0,aPrPrPrPrQrP,A,llama-8b,meta-llama/llama-3.1-8b-instruct,coreweave/bf16,0,1.0,CoreWeave,A,3.674e-05,0.5312093733737563,0.00010748184783249126,0
comprehension,rival_majority,neutral,1041,1,0,1,0,rQrPrPrPrPaP,A,llama-8b,meta-llama/llama-3.1-8b-instruct,coreweave/bf16,0,1.0,CoreWeave,A,3.674e-05,0.32082130731838393,8.081502156453979e-05,0
comprehension,rival_majority,neutral,1050,-1,0,0,0,rPrPrPaPrPrP,A,llama-8b,meta-llama/llama-3.1-8b-instruct,coreweave/bf16,0,1.0,CoreWeave,A,3.674e-05,0.7981867801399694,0.0001348795161469074,0
comprehension,rival_majority,neutral,1050,-1,0,1,0,rPrPrPaPrPrP,A,llama-8b,meta-llama/llama-3.1-8b-instruct,coreweave/bf16,0,1.0,CoreWeave,A,3.674e-05,0.9626731101124724,7.967830735911008e-05,0
comprehension,rival_majority,neutral,1050,1,0,0,0,aPrPrPrPrPrP,A,llama-8b,meta-llama/llama-3.1-8b-instruct,coreweave/bf16,0,1.0,CoreWeave,A,3.674e-05,0.11920291576401233,0.00028871072095304484,0
comprehension,rival_majority,neutral,1050,1,0,1,0,rPrPrPrPaPrP,A,llama-8b,meta-llama/llama-3.1-8b-instruct,coreweave/bf16,0,1.0,CoreWeave,A,3.674e-05,0.5926665999540698,0.00014530573896487375,0
comprehension,rival_majority,neutral,1101,-1,0,0,0,aPaQrQ,B,llama-8b,meta-llama/llama-3.1-8b-instruct,coreweave/bf16,0,1.0,CoreWeave,B,3.278e-05,0.5,0.00024113322012619953,0
comprehension,rival_majority,neutral,1101,-1,0,1,0,aQaPrQ,B,llama-8b,meta-llama/llama-3.1-8b-instruct,coreweave/bf16,0,1.0,CoreWeave,A,3.278e-05,0.7310585844894971,0.0002753735913560429,0
comprehension,rival_majority,neutral,1101,1,0,0,0,rQaQaP,B,llama-8b,meta-llama/llama-3.1-8b-instruct,coreweave/bf16,0,1.0,CoreWeave,A,3.278e-05,0.14804719239327382,0.00031896395071595585,0
comprehension,rival_majority,neutral,1101,1,0,1,0,rQaQaP,B,llama-8b,meta-llama/llama-3.1-8b-instruct,coreweave/bf16,0,1.0,CoreWeave,B,3.278e-05,0.24508501313237172,0.00014312648022007934,0
comprehension,rival_majority,neutral,1102,-1,0,0,0,rQaQrQaP,B,llama-8b,meta-llama/llama-3.1-8b-instruct,coreweave/bf16,0,1.0,CoreWeave,B,3.41e-05,0.18242553269617778,0.00013939050354960791,0
comprehension,rival_majority,neutral,1102,-1,0,1,0,rQaQaPrQ,B,llama-8b,meta-llama/llama-3.1-8b-instruct,coreweave/bf16,0,1.0,CoreWeave,B,3.41e-05,0.4687906266262437,0.0001350754514408692,0
comprehension,rival_majority,neutral,1102,1,0,0,0,aPrQaQrQ,B,llama-8b,meta-llama/llama-3.1-8b-instruct,coreweave/bf16,0,1.0,CoreWeave,B,3.41e-05,0.06754668738548217,8.25096829140115e-05,0
comprehension,rival_majority,neutral,1102,1,0,1,0,aQrQaPrQ,B,llama-8b,meta-llama/llama-3.1-8b-instruct,coreweave/bf16,0,1.0,CoreWeave,B,3.41e-05,0.03732688908434924,3.4121433665434964e-05,0
comprehension,rival_majority,neutral,1103,-1,0,0,0,aPaQrQrQrQ,B,llama-8b,meta-llama/llama-3.1-8b-instruct,coreweave/bf16,0,1.0,CoreWeave,B,3.542e-05,0.08509904036636974,0.00021470041052029654,0
comprehension,rival_majority,neutral,1103,-1,0,1,0,rQaPrQrQaQ,B,llama-8b,meta-llama/llama-3.1-8b-instruct,coreweave/bf16,0,1.0,CoreWeave,A,3.542e-05,0.37754066179448914,3.741459900108435e-05,0
comprehension,rival_majority,neutral,1103,1,0,0,0,rQrQrQaPaQ,B,llama-8b,meta-llama/llama-3.1-8b-instruct,coreweave/bf16,0,1.0,CoreWeave,B,3.542e-05,0.029312227571483274,5.7277619156637094e-05,0
comprehension,rival_majority,neutral,1103,1,0,1,0,rQaPrQrQaQ,B,llama-8b,meta-llama/llama-3.1-8b-instruct,coreweave/bf16,0,1.0,CoreWeave,B,3.542e-05,0.0675466916088975,2.5593244974086993e-05,0
comprehension,rival_majority,neutral,1104,-1,0,0,0,rQrQrQrQaQaP,B,llama-8b,meta-llama/llama-3.1-8b-instruct,coreweave/bf16,0,1.0,CoreWeave,B,3.674e-05,0.2689414213699951,0.0002017416073512024,0
comprehension,rival_majority,neutral,1104,-1,0,1,0,rQaQrQrQaPrQ,B,llama-8b,meta-llama/llama-3.1-8b-instruct,coreweave/bf16,0,1.0,CoreWeave,B,3.674e-05,0.22270013882530887,9.27039081354275e-05,0
comprehension,rival_majority,neutral,1104,1,0,0,0,rQrQaQrQrQaP,B,llama-8b,meta-llama/llama-3.1-8b-instruct,coreweave/bf16,0,1.0,CoreWeave,B,3.674e-05,0.03732688560390975,6.120661847397457e-05,0
comprehension,rival_majority,neutral,1104,1,0,1,0,aQrQrQaPrQrQ,B,llama-8b,meta-llama/llama-3.1-8b-instruct,coreweave/bf16,0,1.0,CoreWeave,B,3.674e-05,0.025957355596589876,8.361643155574416e-05,0
comprehension,rival_majority,neutral,1110,-1,0,0,0,aQaPrP,A,llama-8b,meta-llama/llama-3.1-8b-instruct,coreweave/bf16,0,1.0,CoreWeave,A,3.278e-05,0.5621765008857981,0.00035303259150626376,0
comprehension,rival_majority,neutral,1110,-1,0,1,0,rPaQaP,A,llama-8b,meta-llama/llama-3.1-8b-instruct,coreweave/bf16,0,1.0,CoreWeave,A,3.278e-05,0.7549149868676283,0.0003551469702822996,0
comprehension,rival_majority,neutral,1110,1,0,0,0,aQaPrP,A,llama-8b,meta-llama/llama-3.1-8b-instruct,coreweave/bf16,0,1.0,CoreWeave,B,3.278e-05,0.16451646904109268,0.0002945259862437988,0
comprehension,rival_majority,neutral,1110,1,0,1,0,aQaPrP,A,llama-8b,meta-llama/llama-3.1-8b-instruct,coreweave/bf16,0,1.0,CoreWeave,B,3.278e-05,0.2689414213699951,0.00021056127621554843,0
comprehension,rival_majority,neutral,1112,-1,0,0,0,rQrQaPaQrP,B,llama-8b,meta-llama/llama-3.1-8b-instruct,coreweave/bf16,0,1.0,CoreWeave,B,3.542e-05,0.3775406687981454,0.00012427009494819785,0
comprehension,rival_majority,neutral,1112,-1,0,1,0,rPaQaPrQrQ,B,llama-8b,meta-llama/llama-3.1-8b-instruct,coreweave/bf16,0,1.0,CoreWeave,B,3.542e-05,0.46879062662624377,9.448934745970305e-05,0
comprehension,rival_majority,neutral,1112,1,0,0,0,rQrPrQaQaP,B,llama-8b,meta-llama/llama-3.1-8b-instruct,coreweave/bf16,0,1.0,CoreWeave,B,3.542e-05,0.10669058471438035,6.716072382551008e-05,0
comprehension,rival_majority,neutral,1112,1,0,1,0,aPrQrQaQrP,B,llama-8b,meta-llama/llama-3.1-8b-instruct,coreweave/bf16,0,1.0,CoreWeave,B,3.542e-05,0.14804720179063335,4.0366172260997146e-05,0
comprehension,rival_majority,neutral,1113,-1,0,0,0,rPaPrQrQaQrQ,B,llama-8b,meta-llama/llama-3.1-8b-instruct,coreweave/bf16,0,1.0,CoreWeave,B,3.674e-05,0.3486451217982255,0.0003994781267353531,0
comprehension,rival_majority,neutral,1113,-1,0,1,0,rPrQaPrQaQrQ,B,llama-8b,meta-llama/llama-3.1-8b-instruct,coreweave/bf16,0,1.0,CoreWeave,A,3.674e-05,0.40733340004593027,0.00015156329769072663,0
comprehension,rival_majority,neutral,1113,1,0,0,0,rPrQaQaPrQrQ,B,llama-8b,meta-llama/llama-3.1-8b-instruct,coreweave/bf16,0,1.0,CoreWeave,B,3.674e-05,0.20181322946142374,0.0011201691550475346,0
comprehension,rival_majority,neutral,1113,1,0,1,0,rPaQrQrQrQaP,B,llama-8b,meta-llama/llama-3.1-8b-instruct,coreweave/bf16,0,1.0,CoreWeave,B,3.674e-05,0.08509904210661366,2.7584946516667763e-05,0
comprehension,rival_majority,neutral,1120,-1,0,0,0,aQaPrPrP,A,llama-8b,meta-llama/llama-3.1-8b-instruct,coreweave/bf16,0,1.0,CoreWeave,B,3.41e-05,0.7057850278370112,0.00015460252308896472,0
comprehension,rival_majority,neutral,1120,-1,0,1,0,aPrPaQrP,A,llama-8b,meta-llama/llama-3.1-8b-instruct,coreweave/bf16,0,1.0,CoreWeave,A,3.41e-05,0.9046505261034854,9.026713488329008e-05,0
comprehension,rival_majority,neutral,1120,1,0,0,0,rPrPaPaQ,A,llama-8b,meta-llama/llama-3.1-8b-instruct,coreweave/bf16,0,1.0,CoreWeave,B,3.41e-05,0.22270014398423357,0.00022765037024197188,0
comprehension,rival_majority,neutral,1120,1,0,1,0,aPrPaQrP,A,llama-8b,meta-llama/llama-3.1-8b-instruct,coreweave/bf16,0,1.0,CoreWeave,B,3.41e-05,0.5312093733737563,0.00023674207111029633,0
comprehension,rival_majority,neutral,1121,-1,0,0,0,rPrPaQrQaP,A,llama-8b,meta-llama/llama-3.1-8b-instruct,coreweave/bf16,0,1.0,CoreWeave,B,3.542e-05,0.5,0.00012123040312816968,0
comprehension,rival_majority,neutral,1121,-1,0,1,0,rPrQaPrPaQ,A,llama-8b,meta-llama/llama-3.1-8b-instruct,coreweave/bf16,0,1.0,CoreWeave,A,3.542e-05,0.7981867825403176,0.00011567733254064239,0
comprehension,rival_majority,neutral,1121,1,0,0,0,aQrQaPrPrP,A,llama-8b,meta-llama/llama-3.1-8b-instruct,coreweave/bf16,0,1.0,CoreWeave,B,3.542e-05,0.16451646084838673,0.00022475687284262413,0
comprehension,rival_majority,neutral,1121,1,0,1,0,rPrQaPrPaQ,A,llama-8b,meta-llama/llama-3.1-8b-instruct,coreweave/bf16,0,1.0,CoreWeave,A,3.542e-05,0.5926665999540698,0.00015603295851757126,0
comprehension,rival_majority,neutral,1130,-1,0,0,0,aQrPrPaPrP,A,llama-8b,meta-llama/llama-3.1-8b-instruct,coreweave/bf16,0,1.0,CoreWeave,A,3.542e-05,0.7981867801399695,8.87506795760884e-05,0
comprehension,rival_majority,neutral,1130,-1,0,1,0,rPrPaQrPaP,A,llama-8b,meta-llama/llama-3.1-8b-instruct,coreweave/bf16,0,1.0,CoreWeave,A,3.542e-05,0.946596670011857,5.947680477619288e-05,0
comprehension,rival_majority,neutral,1130,1,0,0,0,rPaPaQrPrP,A,llama-8b,meta-llama/llama-3.1-8b-instruct,coreweave/bf16,0,1.0,CoreWeave,A,3.542e-05,0.34864512856608554,0.000484813642452786,0
comprehension,rival_majority,neutral,1130,1,0,1,0,rPrPaQaPrP,A,llama-8b,meta-llama/llama-3.1-8b-instruct,coreweave/bf16,0,1.0,CoreWeave,B,3.542e-05,0.8354835330070839,8.367218393764975e-05,0
comprehension,rival_majority,neutral,1131,-1,0,0,0,aPrPrPrQrPaQ,A,llama-8b,meta-llama/llama-3.1-8b-instruct,coreweave/bf16,0,1.0,CoreWeave,A,3.674e-05,0.8354835350552603,9.700996963349362e-05,0
comprehension,rival_majority,neutral,1131,-1,0,1,0,aPaQrQrPrPrP,A,llama-8b,meta-llama/llama-3.1-8b-instruct,coreweave/bf16,0,1.0,CoreWeave,A,3.674e-05,0.9149009480320036,0.00014785324072341677,0
comprehension,rival_majority,neutral,1131,1,0,0,0,rQrPrPaQrPaP,A,llama-8b,meta-llama/llama-3.1-8b-instruct,coreweave/bf16,0,1.0,CoreWeave,A,3.674e-05,0.3775406687981454,0.0003561360584305451,0
comprehension,rival_majority,neutral,1131,1,0,1,0,rPaQrQaPrPrP,A,llama-8b,meta-llama/llama-3.1-8b-instruct,coreweave/bf16,0,1.0,CoreWeave,B,3.674e-05,0.5926665999540698,0.00025912758903279265,0
comprehension,rival_majority,neutral,1140,-1,0,0,0,rPrPrPaQaPrP,A,llama-8b,meta-llama/llama-3.1-8b-instruct,coreweave/bf16,0,1.0,CoreWeave,A,3.674e-05,0.8933094017937621,0.00010090136577714515,0
comprehension,rival_majority,neutral,1140,-1,0,1,0,aQrPrPaPrPrP,A,llama-8b,meta-llama/llama-3.1-8b-instruct,coreweave/bf16,0,1.0,CoreWeave,A,3.674e-05,0.9626731154669947,9.884505178486824e-05,0
comprehension,rival_majority,neutral,1140,1,0,0,0,rPaPrPrPrPaQ,A,llama-8b,meta-llama/llama-3.1-8b-instruct,coreweave/bf16,0,1.0,CoreWeave,B,3.674e-05,0.29421497216298875,0.000272952041626473,0
comprehension,rival_majority,neutral,1140,1,0,1,0,rPaQrPrPrPaP,A,llama-8b,meta-llama/llama-3.1-8b-instruct,coreweave/bf16,0,1.0,CoreWeave,A,3.674e-05,0.651354857898194,0.00011362663341446533,0
comprehension,rival_majority,neutral,1201,-1,0,0,0,aQaQaPrQ,B,llama-8b,meta-llama/llama-3.1-8b-instruct,coreweave/bf16,0,1.0,CoreWeave,A,3.41e-05,0.5,0.0006855778314922012,0
comprehension,rival_majority,neutral,1201,-1,0,1,0,aPrQaQaQ,B,llama-8b,meta-llama/llama-3.1-8b-instruct,coreweave/bf16,0,1.0,CoreWeave,B,3.41e-05,0.5926665999540698,0.0001768911115195837,0
comprehension,rival_majority,neutral,1201,1,0,0,0,aQrQaPaQ,B,llama-8b,meta-llama/llama-3.1-8b-instruct,coreweave/bf16,0,1.0,CoreWeave,B,3.41e-05,0.09534947132582736,0.0004153609041795958,0
comprehension,rival_majority,neutral,1201,1,0,1,0,aQrQaPaQ,B,llama-8b,meta-llama/llama-3.1-8b-instruct,coreweave/bf16,0,1.0,CoreWeave,B,3.41e-05,0.10669059820623795,0.00016669608915720335,0
comprehension,rival_majority,neutral,1202,-1,0,0,0,rQrQaQaPaQ,B,llama-8b,meta-llama/llama-3.1-8b-instruct,coreweave/bf16,0,1.0,CoreWeave,B,3.542e-05,0.22270012850745968,0.00012865480343116076,0
comprehension,rival_majority,neutral,1202,-1,0,1,0,aPrQaQrQaQ,B,llama-8b,meta-llama/llama-3.1-8b-instruct,coreweave/bf16,0,1.0,CoreWeave,A,3.542e-05,0.5312093733737562,9.139019399273529e-05,0
comprehension,rival_majority,neutral,1202,1,0,0,0,rQaQaQrQaP,B,llama-8b,meta-llama/llama-3.1-8b-instruct,coreweave/bf16,0,1.0,CoreWeave,B,3.542e-05,0.02595735813968335,7.990001013646886e-05,0
comprehension,rival_majority,neutral,1202,1,0,1,0,rQaQrQaPaQ,B,llama-8b,meta-llama/llama-3.1-8b-instruct,coreweave/bf16,0,1.0,CoreWeave,B,3.542e-05,0.07585818472206421,5.3101992345871984e-05,0
comprehension,rival_majority,neutral,1203,-1,0,0,0,rQrQrQaQaQaP,B,llama-8b,meta-llama/llama-3.1-8b-instruct,coreweave/bf16,0,1.0,CoreWeave,B,3.674e-05,0.22270013366638422,0.00016014467342551075,0
comprehension,rival_majority,neutral,1203,-1,0,1,0,aQrQaPrQaQrQ,B,llama-8b,meta-llama/llama-3.1-8b-instruct,coreweave/bf16,0,1.0,CoreWeave,B,3.674e-05,0.4378234991142019,0.00030935685685806735,0
comprehension,rival_majority,neutral,1203,1,0,0,0,rQrQaQaPrQaQ,B,llama-8b,meta-llama/llama-3.1-8b-instruct,coreweave/bf16,0,1.0,CoreWeave,B,3.674e-05,0.0330859819640103,0.00011566428207165913,0
comprehension,rival_majority,neutral,1203,1,0,1,0,rQrQrQaQaQaP,B,llama-8b,meta-llama/llama-3.1-8b-instruct,coreweave/bf16,0,1.0,CoreWeave,B,3.674e-05,0.04208772611333754,1.9218828665623633e-05,0
comprehension,rival_majority,neutral,1210,-1,0,0,0,aPrPaQaQ,A,llama-8b,meta-llama/llama-3.1-8b-instruct,coreweave/bf16,0,1.0,CoreWeave,A,3.41e-05,0.7057850340255386,0.0004254656202289375,0
comprehension,rival_majority,neutral,1210,-1,0,1,0,aQaQaPrP,A,llama-8b,meta-llama/llama-3.1-8b-instruct,coreweave/bf16,0,1.0,CoreWeave,A,3.41e-05,0.8354835432479661,0.00030648783074169184,0
comprehension,rival_majority,neutral,1210,1,0,0,0,rPaQaQaP,A,llama-8b,meta-llama/llama-3.1-8b-instruct,coreweave/bf16,0,1.0,CoreWeave,B,3.41e-05,0.34864512856608565,0.0003409874406604674,0
comprehension,rival_majority,neutral,1210,1,0,1,0,aQaQrPaP,A,llama-8b,meta-llama/llama-3.1-8b-instruct,coreweave/bf16,0,1.0,CoreWeave,B,3.41e-05,0.4378234991142019,0.00026919494751920237,0
comprehension,rival_majority,neutral,1212,-1,0,0,0,rQaPaQrQaQrP,B,llama-8b,meta-llama/llama-3.1-8b-instruct,coreweave/bf16,0,1.0,CoreWeave,A,3.674e-05,0.37754066879814546,0.00025609049458930055,0
comprehension,rival_majority,neutral,1212,-1,0,1,0,rPrQaQrQaQaP,B,llama-8b,meta-llama/llama-3.1-8b-instruct,coreweave/bf16,0,1.0,CoreWeave,B,3.674e-05,0.5926665999540698,0.00016401870278753838,0
comprehension,rival_majority,neutral,1212,1,0,0,0,aQrPaPrQrQaQ,B,llama-8b,meta-llama/llama-3.1-8b-instruct,coreweave/bf16,0,1.0,CoreWeave,B,3.674e-05,0.1824255304737224,0.00029527018640784775,0
comprehension,rival_majority,neutral,1212,1,0,1,0,rPrQrQaQaQaP,B,llama-8b,meta-llama/llama-3.1-8b-instruct,coreweave/bf16,0,1.0,CoreWeave,B,3.674e-05,0.16451646699291614,4.850776769271814e-05,0
comprehension,rival_majority,neutral,1220,-1,0,0,0,rPrPaQaQaP,A,llama-8b,meta-llama/llama-3.1-8b-instruct,coreweave/bf16,0,1.0,CoreWeave,B,3.542e-05,0.679178699175393,0.00013276448243199068,0
comprehension,rival_majority,neutral,1220,-1,0,1,0,rPrPaQaQaP,A,llama-8b,meta-llama/llama-3.1-8b-instruct,coreweave/bf16,0,1.0,CoreWeave,A,3.542e-05,0.893309411735131,8.57892266405702e-05,0
comprehension,rival_majority,neutral,1220,1,0,0,0,rPaPaQrPaQ,A,llama-8b,meta-llama/llama-3.1-8b-instruct,coreweave/bf16,0,1.0,CoreWeave,B,3.542e-05,0.34864514210180597,0.0005982782301781064,0
comprehension,rival_majority,neutral,1220,1,0,1,0,aQrPrPaPaQ,A,llama-8b,meta-llama/llama-3.1-8b-instruct,coreweave/bf16,0,1.0,CoreWeave,B,3.542e-05,0.5926665999540697,6.80067600283274e-05,0
comprehension,rival_majority,neutral,1221,-1,0,0,0,aQaQrPaPrPrQ,A,llama-8b,meta-llama/llama-3.1-8b-instruct,coreweave/bf16,0,1.0,CoreWeave,B,3.674e-05,0.5312093733737563,0.0003145046933969442,0
comprehension,rival_majority,neutral,1221,-1,0,1,0,aPaQrQrPrPaQ,A,llama-8b,meta-llama/llama-3.1-8b-instruct,coreweave/bf16,0,1.0,CoreWeave,A,3.674e-05,0.8175744695262775,0.00033793360046507903,0
comprehension,rival_majority,neutral,1221,1,0,0,0,rPaQrPaQaPrQ,A,llama-8b,meta-llama/llama-3.1-8b-instruct,coreweave/bf16,0,1.0,CoreWeave,B,3.674e-05,0.3486451488696663,0.0006299878272056914,0
comprehension,rival_majority,neutral,1221,1,0,1,0,aQrPrPrQaPaQ,A,llama-8b,meta-llama/llama-3.1-8b-instruct,coreweave/bf16,0,1.0,CoreWeave,B,3.674e-05,0.5621765008857981,0.0001499510490046707,0
comprehension,rival_majority,neutral,1230,-1,0,0,0,aQaPrPrPaQrP,A,llama-8b,meta-llama/llama-3.1-8b-instruct,coreweave/bf16,0,1.0,CoreWeave,A,3.674e-05,0.7981867825403177,0.00032567774735300925,0
comprehension,rival_majority,neutral,1230,-1,0,1,0,aPrPaQaQrPrP,A,llama-8b,meta-llama/llama-3.1-8b-instruct,coreweave/bf16,0,1.0,CoreWeave,A,3.674e-05,0.9525741246345829,0.00014258093803674876,0
comprehension,rival_majority,neutral,1230,1,0,0,0,aQaQaPrPrPrP,A,llama-8b,meta-llama/llama-3.1-8b-instruct,coreweave/bf16,0,1.0,CoreWeave,A,3.674e-05,0.40733340004593027,0.00018612815454299714,0
comprehension,rival_majority,neutral,1230,1,0,1,0,rPrPaQrPaPaQ,A,llama-8b,meta-llama/llama-3.1-8b-instruct,coreweave/bf16,0,1.0,CoreWeave,B,3.674e-05,0.7549149923816048,0.0001128287003897277,0
comprehension,rival_majority,neutral,1301,-1,0,0,0,rQaPaQaQaQ,B,llama-8b,meta-llama/llama-3.1-8b-instruct,coreweave/bf16,0,1.0,CoreWeave,A,3.542e-05,0.46879062662624377,0.0004903272174027196,0
comprehension,rival_majority,neutral,1301,-1,0,1,0,aQrQaQaQaP,B,llama-8b,meta-llama/llama-3.1-8b-instruct,coreweave/bf16,0,1.0,CoreWeave,A,3.542e-05,0.6513548714339145,0.0005752455361620057,0
comprehension,rival_majority,neutral,1301,1,0,0,0,aQaPrQaQaQ,B,llama-8b,meta-llama/llama-3.1-8b-instruct,coreweave/bf16,0,1.0,CoreWeave,A,3.542e-05,0.13296423676207597,0.0005976146514087288,0
comprehension,rival_majority,neutral,1301,1,0,1,0,aQaQaPrQaQ,B,llama-8b,meta-llama/llama-3.1-8b-instruct,coreweave/bf16,0,1.0,CoreWeave,A,3.542e-05,0.20181321745968234,0.00022020632164332365,0
comprehension,rival_majority,neutral,1302,-1,0,0,0,rQaQrQaPaQaQ,B,llama-8b,meta-llama/llama-3.1-8b-instruct,coreweave/bf16,0,1.0,CoreWeave,B,3.674e-05,0.2018132150593341,0.00038739425340639233,0
comprehension,rival_majority,neutral,1302,-1,0,1,0,aPaQaQrQrQaQ,B,llama-8b,meta-llama/llama-3.1-8b-instruct,coreweave/bf16,0,1.0,CoreWeave,B,3.674e-05,0.5,0.0001675961199636422,0
comprehension,rival_majority,neutral,1302,1,0,0,0,aQrQaQaQrQaP,B,llama-8b,meta-llama/llama-3.1-8b-instruct,coreweave/bf16,0,1.0,CoreWeave,B,3.674e-05,0.02297736961731862,0.00019200445343492412,0
comprehension,rival_majority,neutral,1302,1,0,1,0,rQrQaQaQaPaQ,B,llama-8b,meta-llama/llama-3.1-8b-instruct,coreweave/bf16,0,1.0,CoreWeave,B,3.674e-05,0.11920292984474948,8.287344347246428e-05,0
comprehension,rival_majority,neutral,1310,-1,0,0,0,aPaQrPaQaQ,A,llama-8b,meta-llama/llama-3.1-8b-instruct,coreweave/bf16,0,1.0,CoreWeave,A,3.542e-05,0.7549149868676284,0.0003936371549856099,0
comprehension,rival_majority,neutral,1310,-1,0,1,0,aQaPaQaQrP,A,llama-8b,meta-llama/llama-3.1-8b-instruct,coreweave/bf16,0,1.0,CoreWeave,A,3.542e-05,0.8670357494949105,0.0006029600081882414,0
comprehension,rival_majority,neutral,1310,1,0,0,0,aQaQaPrPaQ,A,llama-8b,meta-llama/llama-3.1-8b-instruct,coreweave/bf16,0,1.0,CoreWeave,B,3.542e-05,0.34864513533394575,0.0009741875468523009,0
comprehension,rival_majority,neutral,1310,1,0,1,0,aQaPaQaQrP,A,llama-8b,meta-llama/llama-3.1-8b-instruct,coreweave/bf16,0,1.0,CoreWeave,A,3.542e-05,0.4073334000459302,0.0015377489469576844,0
comprehension,rival_majority,neutral,1320,-1,0,0,0,aQrPaPaQaQrP,A,llama-8b,meta-llama/llama-3.1-8b-instruct,coreweave/bf16,0,1.0,CoreWeave,A,3.674e-05,0.8354835452961425,0.00017239704523727695,0
comprehension,rival_majority,neutral,1320,-1,0,1,0,rPaPrPaQaQaQ,A,llama-8b,meta-llama/llama-3.1-8b-instruct,coreweave/bf16,0,1.0,CoreWeave,A,3.674e-05,0.9149009613738741,0.00016629021301491076,0
comprehension,rival_majority,neutral,1320,1,0,0,0,aQaQaQaPrPrP,A,llama-8b,meta-llama/llama-3.1-8b-instruct,coreweave/bf16,0,1.0,CoreWeave,B,3.674e-05,0.32082130731838393,0.000559167982812081,0
comprehension,rival_majority,neutral,1320,1,0,1,0,rPaQaQrPaPaQ,A,llama-8b,meta-llama/llama-3.1-8b-instruct,coreweave/bf16,0,1.0,CoreWeave,B,3.674e-05,0.5,0.0003552420787457655,0
comprehension,rival_majority,neutral,1401,-1,0,0,0,aQrQaPaQaQaQ,B,llama-8b,meta-llama/llama-3.1-8b-instruct,coreweave/bf16,0,1.0,CoreWeave,A,3.674e-05,0.4378234991142019,0.0016162403310030493,0
comprehension,rival_majority,neutral,1401,-1,0,1,0,aQaQaPaQrQaQ,B,llama-8b,meta-llama/llama-3.1-8b-instruct,coreweave/bf16,0,1.0,CoreWeave,A,3.674e-05,0.7549149923816048,0.002846536520041437,0
comprehension,rival_majority,neutral,1401,1,0,0,0,aPrQaQaQaQaQ,B,llama-8b,meta-llama/llama-3.1-8b-instruct,coreweave/bf16,0,1.0,CoreWeave,A,3.674e-05,0.26894141551050293,0.0029193761904120485,0
comprehension,rival_majority,neutral,1401,1,0,1,0,aQaQaQrQaQaP,B,llama-8b,meta-llama/llama-3.1-8b-instruct,coreweave/bf16,0,1.0,CoreWeave,B,3.674e-05,0.20181321745968234,0.00044984566066652576,0
comprehension,rival_majority,neutral,1410,-1,0,0,0,aQaQrPaQaPaQ,A,llama-8b,meta-llama/llama-3.1-8b-instruct,coreweave/bf16,0,1.0,CoreWeave,B,3.674e-05,0.7310585844894971,0.00046103327822794027,0
comprehension,rival_majority,neutral,1410,-1,0,1,0,aQaQaPaQrPaQ,A,llama-8b,meta-llama/llama-3.1-8b-instruct,coreweave/bf16,0,1.0,CoreWeave,A,3.674e-05,0.9046505421702797,0.000800984366994828,0
comprehension,rival_majority,neutral,1410,1,0,0,0,aQaQaPrPaQaQ,A,llama-8b,meta-llama/llama-3.1-8b-instruct,coreweave/bf16,0,1.0,CoreWeave,B,3.674e-05,0.3486451353339458,0.0010212282364766567,0
comprehension,rival_majority,neutral,1410,1,0,1,0,rPaQaQaQaPaQ,A,llama-8b,meta-llama/llama-3.1-8b-instruct,coreweave/bf16,0,1.0,CoreWeave,B,3.674e-05,0.4073334000459302,0.0008000511312398206,0
comprehension,rival_majority,neutral,2001,-1,0,0,0,rQaPaP,B,llama-8b,meta-llama/llama-3.1-8b-instruct,coreweave/bf16,0,1.0,CoreWeave,A,3.278e-05,0.4073334000459302,0.0003324196178126071,0
comprehension,rival_majority,neutral,2001,-1,0,1,0,rQaPaP,B,llama-8b,meta-llama/llama-3.1-8b-instruct,coreweave/bf16,0,1.0,CoreWeave,A,3.278e-05,0.5312093733737563,0.00017774570197098827,0
comprehension,rival_majority,neutral,2001,1,0,0,0,aPrQaP,B,llama-8b,meta-llama/llama-3.1-8b-instruct,coreweave/bf16,0,1.0,CoreWeave,B,3.278e-05,0.14804719239327382,0.001212944336250299,0
comprehension,rival_majority,neutral,2001,1,0,1,0,aPrQaP,B,llama-8b,meta-llama/llama-3.1-8b-instruct,coreweave/bf16,0,1.0,CoreWeave,A,3.278e-05,0.37754067580180184,0.0005316719365383582,0
comprehension,rival_majority,neutral,2002,-1,0,0,0,rQaPrQaP,B,llama-8b,meta-llama/llama-3.1-8b-instruct,coreweave/bf16,0,1.0,CoreWeave,A,3.41e-05,0.2942149783515162,0.00015915279617662037,0
comprehension,rival_majority,neutral,2002,-1,0,1,0,aPrQrQaP,B,llama-8b,meta-llama/llama-3.1-8b-instruct,coreweave/bf16,0,1.0,CoreWeave,B,3.41e-05,0.34864513533394575,3.5530961626561997e-05,0
comprehension,rival_majority,neutral,2002,1,0,0,0,aPaPrQrQ,B,llama-8b,meta-llama/llama-3.1-8b-instruct,coreweave/bf16,0,1.0,CoreWeave,B,3.41e-05,0.06008665564415842,0.0001140709215976532,0
comprehension,rival_majority,neutral,2002,1,0,1,0,aPrQrQaP,B,llama-8b,meta-llama/llama-3.1-8b-instruct,coreweave/bf16,0,1.0,CoreWeave,B,3.41e-05,0.14804720179063333,5.061770477898797e-05,0
comprehension,rival_majority,neutral,2003,-1,0,0,0,aPrQrQrQaP,B,llama-8b,meta-llama/llama-3.1-8b-instruct,coreweave/bf16,0,1.0,CoreWeave,B,3.542e-05,0.09534946232842247,0.0001683370097963488,0
comprehension,rival_majority,neutral,2003,-1,0,1,0,rQrQaPaPrQ,B,llama-8b,meta-llama/llama-3.1-8b-instruct,coreweave/bf16,0,1.0,CoreWeave,A,3.542e-05,0.2689414213699951,5.6444242927944366e-05,0
comprehension,rival_majority,neutral,2003,1,0,0,0,aPrQrQaPrQ,B,llama-8b,meta-llama/llama-3.1-8b-instruct,coreweave/bf16,0,1.0,CoreWeave,B,3.542e-05,0.047425876543490335,7.752466668398128e-05,0
comprehension,rival_majority,neutral,2003,1,0,1,0,aPrQrQaPrQ,B,llama-8b,meta-llama/llama-3.1-8b-instruct,coreweave/bf16,0,1.0,CoreWeave,B,3.542e-05,0.09534946232842247,4.2942085415886844e-05,0
comprehension,rival_majority,neutral,2004,-1,0,0,0,aPrQaPrQrQrQ,B,llama-8b,meta-llama/llama-3.1-8b-instruct,coreweave/bf16,0,1.0,CoreWeave,B,3.674e-05,0.1192029188930649,0.00019267740366168962,0
comprehension,rival_majority,neutral,2004,-1,0,1,0,rQrQaPrQaPrQ,B,llama-8b,meta-llama/llama-3.1-8b-instruct,coreweave/bf16,0,1.0,CoreWeave,B,3.674e-05,0.18242552380635635,5.852587705135193e-05,0
comprehension,rival_majority,neutral,2004,1,0,0,0,rQaPrQaPrQrQ,B,llama-8b,meta-llama/llama-3.1-8b-instruct,coreweave/bf16,0,1.0,CoreWeave,B,3.674e-05,0.06008665185713089,0.0001690747990961139,0
comprehension,rival_majority,neutral,2004,1,0,1,0,rQrQaPaPrQrQ,B,llama-8b,meta-llama/llama-3.1-8b-instruct,coreweave/bf16,0,1.0,CoreWeave,B,3.674e-05,0.06008665564415842,6.376907465566184e-05,0
comprehension,rival_majority,neutral,2010,-1,0,0,0,aPaPrP,A,llama-8b,meta-llama/llama-3.1-8b-instruct,coreweave/bf16,0,1.0,CoreWeave,B,3.278e-05,0.46879062662624377,0.00020241733439396725,0
comprehension,rival_majority,neutral,2010,-1,0,1,0,rPaPaP,A,llama-8b,meta-llama/llama-3.1-8b-instruct,coreweave/bf16,0,1.0,CoreWeave,A,3.278e-05,0.6513548646660542,0.0008388885591015249,0
comprehension,rival_majority,neutral,2010,1,0,0,0,rPaPaP,A,llama-8b,meta-llama/llama-3.1-8b-instruct,coreweave/bf16,0,1.0,CoreWeave,B,3.278e-05,0.1192029188930649,0.0026173196086554107,0
comprehension,rival_majority,neutral,2010,1,0,1,0,rPaPaP,A,llama-8b,meta-llama/llama-3.1-8b-instruct,coreweave/bf16,0,1.0,CoreWeave,B,3.278e-05,0.24508501313237172,0.001095257133475247,0
comprehension,rival_majority,neutral,2012,-1,0,0,0,aPrPrQrQaP,B,llama-8b,meta-llama/llama-3.1-8b-instruct,coreweave/bf16,0,1.0,CoreWeave,B,3.542e-05,0.46879062662624377,0.0001179114851503904,0
comprehension,rival_majority,neutral,2012,-1,0,1,0,rPrQaPaPrQ,B,llama-8b,meta-llama/llama-3.1-8b-instruct,coreweave/bf16,0,1.0,CoreWeave,A,3.542e-05,0.5621765008857981,0.00020960457209900918,0
comprehension,rival_majority,neutral,2012,1,0,0,0,rPrQaPrQaP,B,llama-8b,meta-llama/llama-3.1-8b-instruct,coreweave/bf16,0,1.0,CoreWeave,B,3.542e-05,0.26894141551050293,0.0006885921413286589,0
comprehension,rival_majority,neutral,2012,1,0,1,0,aPrQrPaPrQ,B,llama-8b,meta-llama/llama-3.1-8b-instruct,coreweave/bf16,0,1.0,CoreWeave,B,3.542e-05,0.1066905854244781,3.617456528315355e-05,0
comprehension,rival_majority,neutral,2013,-1,0,0,0,rPrQrQaPaPrQ,B,llama-8b,meta-llama/llama-3.1-8b-instruct,coreweave/bf16,0,1.0,CoreWeave,B,3.674e-05,0.18242552380635635,0.0002133576928933234,0
comprehension,rival_majority,neutral,2013,-1,0,1,0,aPrPrQrQaPrQ,B,llama-8b,meta-llama/llama-3.1-8b-instruct,coreweave/bf16,0,1.0,CoreWeave,A,3.674e-05,0.4687906266262437,0.00014830580769775725,0
comprehension,rival_majority,neutral,2013,1,0,0,0,rPaPrQaPrQrQ,B,llama-8b,meta-llama/llama-3.1-8b-instruct,coreweave/bf16,0,1.0,CoreWeave,B,3.674e-05,0.13296423332632276,0.0006619213042732275,0
comprehension,rival_majority,neutral,2013,1,0,1,0,rQrQaPaPrQrP,B,llama-8b,meta-llama/llama-3.1-8b-instruct,coreweave/bf16,0,1.0,CoreWeave,B,3.674e-05,0.22270014914315833,0.00010037889232317188,0
comprehension,rival_majority,neutral,2020,-1,0,0,0,rPaPaPrP,A,llama-8b,meta-llama/llama-3.1-8b-instruct,coreweave/bf16,0,1.0,CoreWeave,B,3.41e-05,0.5621765008857982,0.0003092972706505992,0
comprehension,rival_majority,neutral,2020,-1,0,1,0,aPrPrPaP,A,llama-8b,meta-llama/llama-3.1-8b-instruct,coreweave/bf16,0,1.0,CoreWeave,A,3.41e-05,0.9241418252018903,8.968501907723192e-05,0
comprehension,rival_majority,neutral,2020,1,0,0,0,rPrPaPaP,A,llama-8b,meta-llama/llama-3.1-8b-instruct,coreweave/bf16,0,1.0,CoreWeave,A,3.41e-05,0.1480471942727457,0.000880830376116748,0
comprehension,rival_majority,neutral,2020,1,0,1,0,aPrPrPaP,A,llama-8b,meta-llama/llama-3.1-8b-instruct,coreweave/bf16,0,1.0,CoreWeave,B,3.41e-05,0.29421497835151617,0.00020825800091284208,0
comprehension,rival_majority,neutral,2021,-1,0,0,0,rPaPrPaPrQ,A,llama-8b,meta-llama/llama-3.1-8b-instruct,coreweave/bf16,0,1.0,CoreWeave,A,3.542e-05,0.679178699175393,0.00011464691194468246,0
comprehension,rival_majority,neutral,2021,-1,0,1,0,rPaPrQaPrP,A,llama-8b,meta-llama/llama-3.1-8b-instruct,coreweave/bf16,0,1.0,CoreWeave,B,3.542e-05,0.7310585727705127,0.00018388544473602053,0
comprehension,rival_majority,neutral,2021,1,0,0,0,rPrQaPrPaP,A,llama-8b,meta-llama/llama-3.1-8b-instruct,coreweave/bf16,0,1.0,CoreWeave,B,3.542e-05,0.2942149783515162,0.0004127576226157226,0
comprehension,rival_majority,neutral,2021,1,0,1,0,rPaPrPrQaP,A,llama-8b,meta-llama/llama-3.1-8b-instruct,coreweave/bf16,0,1.0,CoreWeave,B,3.542e-05,0.4073334000459302,0.000184697908303888,0
comprehension,rival_majority,neutral,2030,-1,0,0,0,rPaPaPrPrP,A,llama-8b,meta-llama/llama-3.1-8b-instruct,coreweave/bf16,0,1.0,CoreWeave,A,3.542e-05,0.6224593312018546,0.00027313291217789804,0
comprehension,rival_majority,neutral,2030,-1,0,1,0,rPrPaPaPrP,A,llama-8b,meta-llama/llama-3.1-8b-instruct,coreweave/bf16,0,1.0,CoreWeave,A,3.542e-05,0.9241418283357703,0.00011634384104973472,0
comprehension,rival_majority,neutral,2030,1,0,0,0,rPaPaPrPrP,A,llama-8b,meta-llama/llama-3.1-8b-instruct,coreweave/bf16,0,1.0,CoreWeave,B,3.542e-05,0.20181323186177208,0.0006144574075885867,0
comprehension,rival_majority,neutral,2030,1,0,1,0,aPrPrPrPaP,A,llama-8b,meta-llama/llama-3.1-8b-instruct,coreweave/bf16,0,1.0,CoreWeave,B,3.542e-05,0.2689414213699951,0.00014774923576654775,0
comprehension,rival_majority,neutral,2031,-1,0,0,0,aPaPrPrPrPrQ,A,llama-8b,meta-llama/llama-3.1-8b-instruct,coreweave/bf16,0,1.0,CoreWeave,A,3.674e-05,0.8933094025038598,5.0115387822152746e-05,0
comprehension,rival_majority,neutral,2031,-1,0,1,0,rQaPrPrPaPrP,A,llama-8b,meta-llama/llama-3.1-8b-instruct,coreweave/bf16,0,1.0,CoreWeave,A,3.674e-05,0.6791786926816161,0.0001531665948308336,0
comprehension,rival_majority,neutral,2031,1,0,0,0,rPrPaPrQaPrP,A,llama-8b,meta-llama/llama-3.1-8b-instruct,coreweave/bf16,0,1.0,CoreWeave,A,3.674e-05,0.320821300824607,0.0007595255737696816,0
comprehension,rival_majority,neutral,2031,1,0,1,0,rPaPrPrPaPrQ,A,llama-8b,meta-llama/llama-3.1-8b-instruct,coreweave/bf16,0,1.0,CoreWeave,A,3.674e-05,0.7549149923816048,0.0001395282119192598,0
comprehension,rival_majority,neutral,2040,-1,0,0,0,rPaPrPaPrPrP,A,llama-8b,meta-llama/llama-3.1-8b-instruct,coreweave/bf16,0,1.0,CoreWeave,B,3.674e-05,0.6224593241981982,0.0005777803398533399,0
comprehension,rival_majority,neutral,2040,-1,0,1,0,aPaPrPrPrPrP,A,llama-8b,meta-llama/llama-3.1-8b-instruct,coreweave/bf16,0,1.0,CoreWeave,A,3.674e-05,0.9669140204195272,5.885357722634765e-05,0
comprehension,rival_majority,neutral,2040,1,0,0,0,rPaPrPrPrPaP,A,llama-8b,meta-llama/llama-3.1-8b-instruct,coreweave/bf16,0,1.0,CoreWeave,B,3.674e-05,0.11920291576401235,0.0007733965703918821,0
comprehension,rival_majority,neutral,2040,1,0,1,0,aPrPrPaPrPrP,A,llama-8b,meta-llama/llama-3.1-8b-instruct,coreweave/bf16,0,1.0,CoreWeave,A,3.674e-05,0.43782349911420193,0.0005517241567304376,0
comprehension,rival_majority,neutral,2101,-1,0,0,0,aPrQaPaQ,B,llama-8b,meta-llama/llama-3.1-8b-instruct,coreweave/bf16,0,1.0,CoreWeave,B,3.41e-05,0.40733340004593027,0.00045611007417512006,0
comprehension,rival_majority,neutral,2101,-1,0,1,0,aPrQaPaQ,B,llama-8b,meta-llama/llama-3.1-8b-instruct,coreweave/bf16,0,1.0,CoreWeave,A,3.41e-05,0.5312093733737562,0.00016177436892600427,0
comprehension,rival_majority,neutral,2101,1,0,0,0,aQrQaPaP,B,llama-8b,meta-llama/llama-3.1-8b-instruct,coreweave/bf16,0,1.0,CoreWeave,B,3.41e-05,0.06754669254743426,0.0004696709500422447,0
comprehension,rival_majority,neutral,2101,1,0,1,0,aPaQaPrQ,B,llama-8b,meta-llama/llama-3.1-8b-instruct,coreweave/bf16,0,1.0,CoreWeave,A,3.41e-05,0.2689414272294874,0.0001061722602768711,0
comprehension,rival_majority,neutral,2102,-1,0,0,0,aPrQaQaPrQ,B,llama-8b,meta-llama/llama-3.1-8b-instruct,coreweave/bf16,0,1.0,CoreWeave,A,3.542e-05,0.22270014398423357,0.00023897261052396868,0
comprehension,rival_majority,neutral,2102,-1,0,1,0,aPaQrQrQaP,B,llama-8b,meta-llama/llama-3.1-8b-instruct,coreweave/bf16,0,1.0,CoreWeave,A,3.542e-05,0.34864514886966624,6.298656950043391e-05,0
comprehension,rival_majority,neutral,2102,1,0,0,0,rQrQaQaPaP,B,llama-8b,meta-llama/llama-3.1-8b-instruct,coreweave/bf16,0,1.0,CoreWeave,B,3.542e-05,0.06754669817865512,6.359736662464588e-05,0
comprehension,rival_majority,neutral,2102,1,0,1,0,rQaPaPaQrQ,B,llama-8b,meta-llama/llama-3.1-8b-instruct,coreweave/bf16,0,1.0,CoreWeave,B,3.542e-05,0.1066906024668249,6.065181144088161e-05,0
comprehension,rival_majority,neutral,2103,-1,0,0,0,aPaQrQrQrQaP,B,llama-8b,meta-llama/llama-3.1-8b-instruct,coreweave/bf16,0,1.0,CoreWeave,B,3.674e-05,0.08509904500702023,0.0001680338335292575,0
comprehension,rival_majority,neutral,2103,-1,0,1,0,aPaPrQaQrQrQ,B,llama-8b,meta-llama/llama-3.1-8b-instruct,coreweave/bf16,0,1.0,CoreWeave,B,3.674e-05,0.24508501864634827,4.397612612749846e-05,0
comprehension,rival_majority,neutral,2103,1,0,0,0,aPrQaQrQrQaP,B,llama-8b,meta-llama/llama-3.1-8b-instruct,coreweave/bf16,0,1.0,CoreWeave,B,3.674e-05,0.04742587267267826,0.00012226127208037063,0
comprehension,rival_majority,neutral,2103,1,0,1,0,rQrQaPaPrQaQ,B,llama-8b,meta-llama/llama-3.1-8b-instruct,coreweave/bf16,0,1.0,CoreWeave,B,3.674e-05,0.06754669489377622,5.4489367188104154e-05,0
comprehension,rival_majority,neutral,2110,-1,0,0,0,aPaPrPaQ,A,llama-8b,meta-llama/llama-3.1-8b-instruct,coreweave/bf16,0,1.0,CoreWeave,A,3.41e-05,0.7057850278370112,0.00031692729559024135,0
comprehension,rival_majority,neutral,2110,-1,0,1,0,aPaQrPaP,A,llama-8b,meta-llama/llama-3.1-8b-instruct,coreweave/bf16,0,1.0,CoreWeave,A,3.41e-05,0.8807970842359877,0.00024294652244209736,0
comprehension,rival_majority,neutral,2110,1,0,0,0,aPaQrPaP,A,llama-8b,meta-llama/llama-3.1-8b-instruct,coreweave/bf16,0,1.0,CoreWeave,B,3.41e-05,0.24508501313237172,0.0010203538074329277,0
comprehension,rival_majority,neutral,2110,1,0,1,0,aPrPaQaP,A,llama-8b,meta-llama/llama-3.1-8b-instruct,coreweave/bf16,0,1.0,CoreWeave,A,3.41e-05,0.43782349911420193,0.0009102222655783532,0
comprehension,rival_majority,neutral,2112,-1,0,0,0,aPaPrQrPrQaQ,B,llama-8b,meta-llama/llama-3.1-8b-instruct,coreweave/bf16,0,1.0,CoreWeave,B,3.674e-05,0.4378234991142019,0.000567093552493847,0
comprehension,rival_majority,neutral,2112,-1,0,1,0,rQaPaQrQaPrP,B,llama-8b,meta-llama/llama-3.1-8b-instruct,coreweave/bf16,0,1.0,CoreWeave,B,3.674e-05,0.5312093733737562,0.0001718458735838202,0
comprehension,rival_majority,neutral,2112,1,0,0,0,aPrQaPaQrQrP,B,llama-8b,meta-llama/llama-3.1-8b-instruct,coreweave/bf16,0,1.0,CoreWeave,B,3.674e-05,0.1645164628965632,0.0001364511902608445,0
comprehension,rival_majority,neutral,2112,1,0,1,0,rQaPrPrQaPaQ,B,llama-8b,meta-llama/llama-3.1-8b-instruct,coreweave/bf16,0,1.0,CoreWeave,B,3.674e-05,0.2689414272294874,0.00014860536115957057,0
comprehension,rival_majority,neutral,2120,-1,0,0,0,rPrPaPaPaQ,A,llama-8b,meta-llama/llama-3.1-8b-instruct,coreweave/bf16,0,1.0,CoreWeave,A,3.542e-05,0.6791787121629466,9.684612816662774e-05,0
comprehension,rival_majority,neutral,2120,-1,0,1,0,rPaQaPaPrP,A,llama-8b,meta-llama/llama-3.1-8b-instruct,coreweave/bf16,0,1.0,CoreWeave,A,3.542e-05,0.9149009602137116,0.0001789378472578096,0
comprehension,rival_majority,neutral,2120,1,0,0,0,aQrPrPaPaP,A,llama-8b,meta-llama/llama-3.1-8b-instruct,coreweave/bf16,0,1.0,CoreWeave,B,3.542e-05,0.34864513533394575,0.0001522258997980197,0
comprehension,rival_majority,neutral,2120,1,0,1,0,aPrPaPaQrP,A,llama-8b,meta-llama/llama-3.1-8b-instruct,coreweave/bf16,0,1.0,CoreWeave,A,3.542e-05,0.5926665999540698,0.0003595899315162465,0
comprehension,rival_majority,neutral,2121,-1,0,0,0,aPrPrPaQaPrQ,A,llama-8b,meta-llama/llama-3.1-8b-instruct,coreweave/bf16,0,1.0,CoreWeave,B,3.674e-05,0.5621765008857982,0.00011449097455401569,0
comprehension,rival_majority,neutral,2121,-1,0,1,0,aPaQrQaPrPrP,A,llama-8b,meta-llama/llama-3.1-8b-instruct,coreweave/bf16,0,1.0,CoreWeave,B,3.674e-05,0.798186768138228,0.0001628297982997906,0
comprehension,rival_majority,neutral,2121,1,0,0,0,aPrQaQaPrPrP,A,llama-8b,meta-llama/llama-3.1-8b-instruct,coreweave/bf16,0,1.0,CoreWeave,B,3.674e-05,0.24508500761839525,0.0003199696100677496,0
comprehension,rival_majority,neutral,2121,1,0,1,0,aPrPrQaQaPrP,A,llama-8b,meta-llama/llama-3.1-8b-instruct,coreweave/bf16,0,1.0,CoreWeave,A,3.674e-05,0.5926665999540698,0.0005884824209631545,0
comprehension,rival_majority,neutral,2130,-1,0,0,0,aQaPrPaPrPrP,A,llama-8b,meta-llama/llama-3.1-8b-instruct,coreweave/bf16,0,1.0,CoreWeave,B,3.674e-05,0.7549149978955811,0.000305050614448632,0
comprehension,rival_majority,neutral,2130,-1,0,1,0,aPrPaPrPaQrP,A,llama-8b,meta-llama/llama-3.1-8b-instruct,coreweave/bf16,0,1.0,CoreWeave,A,3.674e-05,0.9706877684536753,0.0001391827489112367,0
comprehension,rival_majority,neutral,2130,1,0,0,0,aPrPaPaQrPrP,A,llama-8b,meta-llama/llama-3.1-8b-instruct,coreweave/bf16,0,1.0,CoreWeave,A,3.674e-05,0.37754066879814546,0.0005754981293896178,0
comprehension,rival_majority,neutral,2130,1,0,1,0,aQrPaPrPaPrP,A,llama-8b,meta-llama/llama-3.1-8b-instruct,coreweave/bf16,0,1.0,CoreWeave,A,3.674e-05,0.5312093733737563,0.0002573005939086048,0
comprehension,rival_majority,neutral,2201,-1,0,0,0,aQaPaQaPrQ,B,llama-8b,meta-llama/llama-3.1-8b-instruct,coreweave/bf16,0,1.0,CoreWeave,A,3.542e-05,0.46879062662624377,0.001988537795886147,0
comprehension,rival_majority,neutral,2201,-1,0,1,0,aQaPrQaQaP,B,llama-8b,meta-llama/llama-3.1-8b-instruct,coreweave/bf16,0,1.0,CoreWeave,B,3.542e-05,0.6224593312018546,0.0009441705334002348,0
comprehension,rival_majority,neutral,2201,1,0,0,0,aPaPaQaQrQ,B,llama-8b,meta-llama/llama-3.1-8b-instruct,coreweave/bf16,0,1.0,CoreWeave,B,3.542e-05,0.09534947132582736,0.0003793740044465421,0
comprehension,rival_majority,neutral,2201,1,0,1,0,rQaQaPaQaP,B,llama-8b,meta-llama/llama-3.1-8b-instruct,coreweave/bf16,0,1.0,CoreWeave,B,3.542e-05,0.20181323186177208,0.00018642911577393395,0
comprehension,rival_majority,neutral,2202,-1,0,0,0,rQaQaPrQaQaP,B,llama-8b,meta-llama/llama-3.1-8b-instruct,coreweave/bf16,0,1.0,CoreWeave,B,3.674e-05,0.22270013366638422,0.0006471563682751702,0
comprehension,rival_majority,neutral,2202,-1,0,1,0,aQrQaPaQaPrQ,B,llama-8b,meta-llama/llama-3.1-8b-instruct,coreweave/bf16,0,1.0,CoreWeave,A,3.674e-05,0.5,0.0008284015714151161,0
comprehension,rival_majority,neutral,2202,1,0,0,0,rQaPaPaQrQaQ,B,llama-8b,meta-llama/llama-3.1-8b-instruct,coreweave/bf16,0,1.0,CoreWeave,B,3.674e-05,0.10669058613457584,0.0003141285897845236,0
comprehension,rival_majority,neutral,2202,1,0,1,0,rQaPaQrQaQaP,B,llama-8b,meta-llama/llama-3.1-8b-instruct,coreweave/bf16,0,1.0,CoreWeave,B,3.674e-05,0.11920292828022305,0.0001128981202611623,0
comprehension,rival_majority,neutral,2210,-1,0,0,0,aPrPaQaPaQ,A,llama-8b,meta-llama/llama-3.1-8b-instruct,coreweave/bf16,0,1.0,CoreWeave,A,3.542e-05,0.7310585844894971,0.00032649898644399045,0
comprehension,rival_majority,neutral,2210,-1,0,1,0,aPaPrPaQaQ,A,llama-8b,meta-llama/llama-3.1-8b-instruct,coreweave/bf16,0,1.0,CoreWeave,A,3.542e-05,0.9149009555730612,0.00011176810506426105,0
comprehension,rival_majority,neutral,2210,1,0,0,0,aPaQaPaQrP,A,llama-8b,meta-llama/llama-3.1-8b-instruct,coreweave/bf16,0,1.0,CoreWeave,B,3.542e-05,0.29421497216298875,0.0014793648530849746,0
comprehension,rival_majority,neutral,2210,1,0,1,0,rPaPaQaPaQ,A,llama-8b,meta-llama/llama-3.1-8b-instruct,coreweave/bf16,0,1.0,CoreWeave,B,3.542e-05,0.37754067580180184,0.0008355669411881372,0
comprehension,rival_majority,neutral,2220,-1,0,0,0,rPaPaQaQrPaP,A,llama-8b,meta-llama/llama-3.1-8b-instruct,coreweave/bf16,0,1.0,CoreWeave,B,3.674e-05,0.7310585727705127,0.0008084704610670235,0
comprehension,rival_majority,neutral,2220,-1,0,1,0,aQaPaPaQrPrP,A,llama-8b,meta-llama/llama-3.1-8b-instruct,coreweave/bf16,0,1.0,CoreWeave,A,3.674e-05,0.9324533051062237,0.0004887700159104252,0
comprehension,rival_majority,neutral,2220,1,0,0,0,aQrPaPrPaQaP,A,llama-8b,meta-llama/llama-3.1-8b-instruct,coreweave/bf16,0,1.0,CoreWeave,B,3.674e-05,0.32082129433083023,0.00047667741815971,0
comprehension,rival_majority,neutral,2220,1,0,1,0,rPaQaPaPrPaQ,A,llama-8b,meta-llama/llama-3.1-8b-instruct,coreweave/bf16,0,1.0,CoreWeave,A,3.674e-05,0.5926665999540698,0.0004377600485216404,0
comprehension,rival_majority,neutral,2301,-1,0,0,0,aQaQaQrQaPaP,B,llama-8b,meta-llama/llama-3.1-8b-instruct,coreweave/bf16,0,1.0,CoreWeave,B,3.674e-05,0.4687906266262437,0.0011076357283988925,0
comprehension,rival_majority,neutral,2301,-1,0,1,0,aQaPaQaPaQrQ,B,llama-8b,meta-llama/llama-3.1-8b-instruct,coreweave/bf16,0,1.0,CoreWeave,A,3.674e-05,0.7772998611746911,0.006141879741125483,0
comprehension,rival_majority,neutral,2301,1,0,0,0,aQaQaPaPrQaQ,B,llama-8b,meta-llama/llama-3.1-8b-instruct,coreweave/bf16,0,1.0,CoreWeave,B,3.674e-05,0.1066905889749668,0.0007842966962061659,0
comprehension,rival_majority,neutral,2301,1,0,1,0,aQaPaQaPrQaQ,B,llama-8b,meta-llama/llama-3.1-8b-instruct,coreweave/bf16,0,1.0,CoreWeave,B,3.674e-05,0.24508501864634827,0.000608128884468595,0
comprehension,rival_majority,neutral,2310,-1,0,0,0,rPaQaQaPaQaP,A,llama-8b,meta-llama/llama-3.1-8b-instruct,coreweave/bf16,0,1.0,CoreWeave,A,3.674e-05,0.7057850154599563,0.002164325395238087,0
comprehension,rival_majority,neutral,2310,-1,0,1,0,aQaPrPaQaQaP,A,llama-8b,meta-llama/llama-3.1-8b-instruct,coreweave/bf16,0,1.0,CoreWeave,A,3.674e-05,0.8933094032139576,0.0010683015356497821,0
comprehension,rival_majority,neutral,2310,1,0,0,0,aQaQaPaQrPaP,A,llama-8b,meta-llama/llama-3.1-8b-instruct,coreweave/bf16,0,1.0,CoreWeave,B,3.674e-05,0.37754066879814546,0.0015689947334805998,0
comprehension,rival_majority,neutral,2310,1,0,1,0,aQrPaPaQaQaP,A,llama-8b,meta-llama/llama-3.1-8b-instruct,coreweave/bf16,0,1.0,CoreWeave,A,3.674e-05,0.46879062662624377,0.0007858967357438074,0
comprehension,rival_majority,neutral,3001,-1,0,0,0,aPaPrQaP,B,llama-8b,meta-llama/llama-3.1-8b-instruct,coreweave/bf16,0,1.0,CoreWeave,B,3.41e-05,0.4073334000459302,0.0005721602259129988,0
comprehension,rival_majority,neutral,3001,-1,0,1,0,aPaPrQaP,B,llama-8b,meta-llama/llama-3.1-8b-instruct,coreweave/bf16,0,1.0,CoreWeave,A,3.41e-05,0.5312093733737563,0.00021701740983187667,0
comprehension,rival_majority,neutral,3001,1,0,0,0,aPrQaPaP,B,llama-8b,meta-llama/llama-3.1-8b-instruct,coreweave/bf16,0,1.0,CoreWeave,B,3.41e-05,0.13296424191570594,0.0008375686063296639,0
comprehension,rival_majority,neutral,3001,1,0,1,0,rQaPaPaP,B,llama-8b,meta-llama/llama-3.1-8b-instruct,coreweave/bf16,0,1.0,CoreWeave,A,3.41e-05,0.24508501864634824,0.0003953279160201495,0
comprehension,rival_majority,neutral,3002,-1,0,0,0,rQaPaPrQaP,B,llama-8b,meta-llama/llama-3.1-8b-instruct,coreweave/bf16,0,1.0,CoreWeave,A,3.542e-05,0.2018132150593341,0.0002485595915634464,0
comprehension,rival_majority,neutral,3002,-1,0,1,0,aPaPrQrQaP,B,llama-8b,meta-llama/llama-3.1-8b-instruct,coreweave/bf16,0,1.0,CoreWeave,B,3.542e-05,0.37754066879814546,5.972420326327832e-05,0
comprehension,rival_majority,neutral,3002,1,0,0,0,rQaPrQaPaP,B,llama-8b,meta-llama/llama-3.1-8b-instruct,coreweave/bf16,0,1.0,CoreWeave,B,3.542e-05,0.10669058329418492,0.0001779984635359444,0
comprehension,rival_majority,neutral,3002,1,0,1,0,aPrQaPaPrQ,B,llama-8b,meta-llama/llama-3.1-8b-instruct,coreweave/bf16,0,1.0,CoreWeave,B,3.542e-05,0.06008664491424767,2.020014861303654e-05,0
comprehension,rival_majority,neutral,3003,-1,0,0,0,aPrQrQaPaPrQ,B,llama-8b,meta-llama/llama-3.1-8b-instruct,coreweave/bf16,0,1.0,CoreWeave,B,3.674e-05,0.06754669395523943,0.00012861686339316059,0
comprehension,rival_majority,neutral,3003,-1,0,1,0,aPrQrQaPaPrQ,B,llama-8b,meta-llama/llama-3.1-8b-instruct,coreweave/bf16,0,1.0,CoreWeave,B,3.674e-05,0.2450850021044189,6.548433566189171e-05,0
comprehension,rival_majority,neutral,3003,1,0,0,0,aPrQaPrQaPrQ,B,llama-8b,meta-llama/llama-3.1-8b-instruct,coreweave/bf16,0,1.0,CoreWeave,B,3.674e-05,0.10669060104662924,0.0004062647313121115,0
comprehension,rival_majority,neutral,3003,1,0,1,0,aPrQaPrQrQaP,B,llama-8b,meta-llama/llama-3.1-8b-instruct,coreweave/bf16,0,1.0,CoreWeave,B,3.674e-05,0.1329642316084462,6.846294540208131e-05,0
comprehension,rival_majority,neutral,3010,-1,0,0,0,aPaPrPaP,A,llama-8b,meta-llama/llama-3.1-8b-instruct,coreweave/bf16,0,1.0,CoreWeave,B,3.41e-05,0.5,0.0003578637480186053,0
comprehension,rival_majority,neutral,3010,-1,0,1,0,rPaPaPaP,A,llama-8b,meta-llama/llama-3.1-8b-instruct,coreweave/bf16,0,1.0,CoreWeave,A,3.41e-05,0.651354857898194,0.0007768500906510378,0
comprehension,rival_majority,neutral,3010,1,0,0,0,aPaPrPaP,A,llama-8b,meta-llama/llama-3.1-8b-instruct,coreweave/bf16,0,1.0,CoreWeave,B,3.41e-05,0.1329642487872128,0.0008116540476419409,0
comprehension,rival_majority,neutral,3010,1,0,1,0,aPaPaPrP,A,llama-8b,meta-llama/llama-3.1-8b-instruct,coreweave/bf16,0,1.0,CoreWeave,B,3.41e-05,0.22270014398423357,0.0003581463088725423,0
comprehension,rival_majority,neutral,3012,-1,0,0,0,rPaPrQaPaPrQ,B,llama-8b,meta-llama/llama-3.1-8b-instruct,coreweave/bf16,0,1.0,CoreWeave,B,3.674e-05,0.2942149659744614,0.0004851622811722356,0
comprehension,rival_majority,neutral,3012,-1,0,1,0,aPaPrQaPrPrQ,B,llama-8b,meta-llama/llama-3.1-8b-instruct,coreweave/bf16,0,1.0,CoreWeave,B,3.674e-05,0.46879062662624377,7.333147407995178e-05,0
comprehension,rival_majority,neutral,3012,1,0,0,0,rQaPaPrQrPaP,B,llama-8b,meta-llama/llama-3.1-8b-instruct,coreweave/bf16,0,1.0,CoreWeave,B,3.674e-05,0.13296425050508953,0.00043114909465080675,0
comprehension,rival_majority,neutral,3012,1,0,1,0,aPaPrQrQrPaP,B,llama-8b,meta-llama/llama-3.1-8b-instruct,coreweave/bf16,0,1.0,CoreWeave,B,3.674e-05,0.16451646699291614,0.00017855033712343982,0
comprehension,rival_majority,neutral,3020,-1,0,0,0,aPaPrPrPaP,A,llama-8b,meta-llama/llama-3.1-8b-instruct,coreweave/bf16,0,1.0,CoreWeave,A,3.542e-05,0.5926665999540698,0.0001499542149015487,0
comprehension,rival_majority,neutral,3020,-1,0,1,0,aPaPaPrPrP,A,llama-8b,meta-llama/llama-3.1-8b-instruct,coreweave/bf16,0,1.0,CoreWeave,A,3.542e-05,0.817574478416099,0.00013551542495324198,0
comprehension,rival_majority,neutral,3020,1,0,0,0,rPaPaPrPaP,A,llama-8b,meta-llama/llama-3.1-8b-instruct,coreweave/bf16,0,1.0,CoreWeave,B,3.542e-05,0.16451646699291614,0.0013821009582797306,0
comprehension,rival_majority,neutral,3020,1,0,1,0,rPaPrPaPaP,A,llama-8b,meta-llama/llama-3.1-8b-instruct,coreweave/bf16,0,1.0,CoreWeave,B,3.542e-05,0.3775406687981454,0.0006009939107326501,0
comprehension,rival_majority,neutral,3021,-1,0,0,0,rQaPrPrPaPaP,A,llama-8b,meta-llama/llama-3.1-8b-instruct,coreweave/bf16,0,1.0,CoreWeave,B,3.674e-05,0.5312093733737563,0.00031134663577048194,0
comprehension,rival_majority,neutral,3021,-1,0,1,0,aPaPrQaPrPrP,A,llama-8b,meta-llama/llama-3.1-8b-instruct,coreweave/bf16,0,1.0,CoreWeave,A,3.674e-05,0.6513548782017745,0.00010200634965823463,0
comprehension,rival_majority,neutral,3021,1,0,0,0,aPaPrPrPrQaP,A,llama-8b,meta-llama/llama-3.1-8b-instruct,coreweave/bf16,0,1.0,CoreWeave,B,3.674e-05,0.2942149659744614,0.0002747186630408516,0
comprehension,rival_majority,neutral,3021,1,0,1,0,aPrPaPaPrPrQ,A,llama-8b,meta-llama/llama-3.1-8b-instruct,coreweave/bf16,0,1.0,CoreWeave,B,3.674e-05,0.6791786926816161,0.00014482318787256698,0
comprehension,rival_majority,neutral,3030,-1,0,0,0,aPrPrPaPaPrP,A,llama-8b,meta-llama/llama-3.1-8b-instruct,coreweave/bf16,0,1.0,CoreWeave,B,3.674e-05,0.7310585786300049,0.0004163711838572337,0
comprehension,rival_majority,neutral,3030,-1,0,1,0,rPaPaPaPrPrP,A,llama-8b,meta-llama/llama-3.1-8b-instruct,coreweave/bf16,0,1.0,CoreWeave,A,3.674e-05,0.8670357735451835,0.0005208093244288559,0
comprehension,rival_majority,neutral,3030,1,0,0,0,aPaPaPrPrPrP,A,llama-8b,meta-llama/llama-3.1-8b-instruct,coreweave/bf16,0,1.0,CoreWeave,B,3.674e-05,0.18242551936144571,0.0010356020014866685,0
comprehension,rival_majority,neutral,3030,1,0,1,0,rPaPrPaPaPrP,A,llama-8b,meta-llama/llama-3.1-8b-instruct,coreweave/bf16,0,1.0,CoreWeave,A,3.674e-05,0.4687906266262437,0.0009736648399336634,0
comprehension,rival_majority,neutral,3101,-1,0,0,0,rQaPaPaPaQ,B,llama-8b,meta-llama/llama-3.1-8b-instruct,coreweave/bf16,0,1.0,CoreWeave,B,3.542e-05,0.348645142101806,0.0002642787036311045,0
comprehension,rival_majority,neutral,3101,-1,0,1,0,aQaPrQaPaP,B,llama-8b,meta-llama/llama-3.1-8b-instruct,coreweave/bf16,0,1.0,CoreWeave,B,3.542e-05,0.5312093733737562,0.0006288900365623573,0
comprehension,rival_majority,neutral,3101,1,0,0,0,aPrQaPaQaP,B,llama-8b,meta-llama/llama-3.1-8b-instruct,coreweave/bf16,0,1.0,CoreWeave,A,3.542e-05,0.2018132270610754,0.0012657763091624696,0
comprehension,rival_majority,neutral,3101,1,0,1,0,aPrQaPaQaP,B,llama-8b,meta-llama/llama-3.1-8b-instruct,coreweave/bf16,0,1.0,CoreWeave,B,3.542e-05,0.29421497216298875,0.00044562424038474546,0
comprehension,rival_majority,neutral,3102,-1,0,0,0,aPrQaPaPrQaQ,B,llama-8b,meta-llama/llama-3.1-8b-instruct,coreweave/bf16,0,1.0,CoreWeave,B,3.674e-05,0.22270013882530884,0.0001646970522481972,0
comprehension,rival_majority,neutral,3102,-1,0,1,0,aQrQrQaPaPaP,B,llama-8b,meta-llama/llama-3.1-8b-instruct,coreweave/bf16,0,1.0,CoreWeave,B,3.674e-05,0.5312093733737563,0.00022220187511867717,0
comprehension,rival_majority,neutral,3102,1,0,0,0,aPaPaPaQrQrQ,B,llama-8b,meta-llama/llama-3.1-8b-instruct,coreweave/bf16,0,1.0,CoreWeave,B,3.674e-05,0.04208773182056191,0.00015404924678719123,0
comprehension,rival_majority,neutral,3102,1,0,1,0,aPaQrQrQaPaP,B,llama-8b,meta-llama/llama-3.1-8b-instruct,coreweave/bf16,0,1.0,CoreWeave,B,3.674e-05,0.1645164710892692,0.0001851305506316292,0
comprehension,rival_majority,neutral,3110,-1,0,0,0,aPaPaPaQrP,A,llama-8b,meta-llama/llama-3.1-8b-instruct,coreweave/bf16,0,1.0,CoreWeave,A,3.542e-05,0.5621765008857982,0.000732627216222137,0
comprehension,rival_majority,neutral,3110,-1,0,1,0,aPaQaPaPrP,A,llama-8b,meta-llama/llama-3.1-8b-instruct,coreweave/bf16,0,1.0,CoreWeave,B,3.542e-05,0.8354835411997897,0.0005267072655029403,0
comprehension,rival_majority,neutral,3110,1,0,0,0,aQaPrPaPaP,A,llama-8b,meta-llama/llama-3.1-8b-instruct,coreweave/bf16,0,1.0,CoreWeave,B,3.542e-05,0.320821300824607,0.0005997745654495734,0
comprehension,rival_majority,neutral,3110,1,0,1,0,rPaPaPaPaQ,A,llama-8b,meta-llama/llama-3.1-8b-instruct,coreweave/bf16,0,1.0,CoreWeave,A,3.542e-05,0.37754066879814546,0.0009183857573957788,0
comprehension,rival_majority,neutral,3120,-1,0,0,0,aPrPaPrPaPaQ,A,llama-8b,meta-llama/llama-3.1-8b-instruct,coreweave/bf16,0,1.0,CoreWeave,A,3.674e-05,0.7981867801399694,0.0003016169137586566,0
comprehension,rival_majority,neutral,3120,-1,0,1,0,aQrPaPaPaPrP,A,llama-8b,meta-llama/llama-3.1-8b-instruct,coreweave/bf16,0,1.0,CoreWeave,A,3.674e-05,0.9149009549929797,0.00020760388425716814,0
comprehension,rival_majority,neutral,3120,1,0,0,0,aQaPrPaPaPrP,A,llama-8b,meta-llama/llama-3.1-8b-instruct,coreweave/bf16,0,1.0,CoreWeave,B,3.674e-05,0.348645142101806,0.00044398265056477815,0
comprehension,rival_majority,neutral,3120,1,0,1,0,rPaPaPrPaPaQ,A,llama-8b,meta-llama/llama-3.1-8b-instruct,coreweave/bf16,0,1.0,CoreWeave,A,3.674e-05,0.5312093733737563,0.0006083987234433152,0
comprehension,rival_majority,neutral,3201,-1,0,0,0,rQaQaQaPaPaP,B,llama-8b,meta-llama/llama-3.1-8b-instruct,coreweave/bf16,0,1.0,CoreWeave,A,3.674e-05,0.40733340004593027,0.0009440494786522313,0
comprehension,rival_majority,neutral,3201,-1,0,1,0,aPaQaPaPaQrQ,B,llama-8b,meta-llama/llama-3.1-8b-instruct,coreweave/bf16,0,1.0,CoreWeave,A,3.674e-05,0.7549149868676283,0.0033430739625181227,0
comprehension,rival_majority,neutral,3201,1,0,0,0,aPaPaPaQaQrQ,B,llama-8b,meta-llama/llama-3.1-8b-instruct,coreweave/bf16,0,1.0,CoreWeave,B,3.674e-05,0.10669060317692274,0.001051927931075669,0
comprehension,rival_majority,neutral,3201,1,0,1,0,aQaPaPrQaQaP,B,llama-8b,meta-llama/llama-3.1-8b-instruct,coreweave/bf16,0,1.0,CoreWeave,B,3.674e-05,0.09534946361376596,0.00022913514260780588,0
comprehension,rival_majority,neutral,3210,-1,0,0,0,rPaPaQaPaPaQ,A,llama-8b,meta-llama/llama-3.1-8b-instruct,coreweave/bf16,0,1.0,CoreWeave,A,3.674e-05,0.5926665999540698,0.0015522104982618745,0
comprehension,rival_majority,neutral,3210,-1,0,1,0,aQaQaPaPaPrP,A,llama-8b,meta-llama/llama-3.1-8b-instruct,coreweave/bf16,0,1.0,CoreWeave,A,3.674e-05,0.9046505267461572,0.0007813729174970252,0
comprehension,rival_majority,neutral,3210,1,0,0,0,rPaQaPaQaPaP,A,llama-8b,meta-llama/llama-3.1-8b-instruct,coreweave/bf16,0,1.0,CoreWeave,B,3.674e-05,0.2942149659744614,0.0023408894601852914,0
comprehension,rival_majority,neutral,3210,1,0,1,0,aPaPaPrPaQaQ,A,llama-8b,meta-llama/llama-3.1-8b-instruct,coreweave/bf16,0,1.0,CoreWeave,A,3.674e-05,0.4378234991142019,0.0008227984664302967,0
comprehension,rival_majority,neutral,4001,-1,0,0,0,aPrQaPaPaP,B,llama-8b,meta-llama/llama-3.1-8b-instruct,coreweave/bf16,0,1.0,CoreWeave,B,3.542e-05,0.46879062662624377,0.001292664634527152,0
comprehension,rival_majority,neutral,4001,-1,0,1,0,aPrQaPaPaP,B,llama-8b,meta-llama/llama-3.1-8b-instruct,coreweave/bf16,0,1.0,CoreWeave,A,3.542e-05,0.5926665999540698,0.0005031751582860178,0
comprehension,rival_majority,neutral,4001,1,0,0,0,aPaPrQaPaP,B,llama-8b,meta-llama/llama-3.1-8b-instruct,coreweave/bf16,0,1.0,CoreWeave,B,3.542e-05,0.11920292045759123,0.0010044963476748547,0
comprehension,rival_majority,neutral,4001,1,0,1,0,aPaPaPrQaP,B,llama-8b,meta-llama/llama-3.1-8b-instruct,coreweave/bf16,0,1.0,CoreWeave,B,3.542e-05,0.34864514210180597,0.0011128217549962738,0
comprehension,rival_majority,neutral,4002,-1,0,0,0,aPaPrQaPrQaP,B,llama-8b,meta-llama/llama-3.1-8b-instruct,coreweave/bf16,0,1.0,CoreWeave,B,3.674e-05,0.26894141551050293,0.0003138668476423412,0
comprehension,rival_majority,neutral,4002,-1,0,1,0,aPrQaPaPrQaP,B,llama-8b,meta-llama/llama-3.1-8b-instruct,coreweave/bf16,0,1.0,CoreWeave,A,3.674e-05,0.32082130731838393,7.139820442669809e-05,0
comprehension,rival_majority,neutral,4002,1,0,0,0,aPrQaPaPaPrQ,B,llama-8b,meta-llama/llama-3.1-8b-instruct,coreweave/bf16,0,1.0,CoreWeave,B,3.674e-05,0.02931223000938591,0.00011743701540534168,0
comprehension,rival_majority,neutral,4002,1,0,1,0,aPaPaPrQaPrQ,B,llama-8b,meta-llama/llama-3.1-8b-instruct,coreweave/bf16,0,1.0,CoreWeave,B,3.674e-05,0.09534946104307897,4.197497181990251e-05,0
comprehension,rival_majority,neutral,4010,-1,0,0,0,aPrPaPaPaP,A,llama-8b,meta-llama/llama-3.1-8b-instruct,coreweave/bf16,0,1.0,CoreWeave,A,3.542e-05,0.5621765008857982,0.0009356499590797984,0
comprehension,rival_majority,neutral,4010,-1,0,1,0,aPaPaPaPrP,A,llama-8b,meta-llama/llama-3.1-8b-instruct,coreweave/bf16,0,1.0,CoreWeave,A,3.542e-05,0.7057850216484838,0.0007216919732808136,0
comprehension,rival_majority,neutral,4010,1,0,0,0,aPaPaPaPrP,A,llama-8b,meta-llama/llama-3.1-8b-instruct,coreweave/bf16,0,1.0,CoreWeave,B,3.542e-05,0.14804719427274568,0.0017547924778666957,0
comprehension,rival_majority,neutral,4010,1,0,1,0,aPaPaPrPaP,A,llama-8b,meta-llama/llama-3.1-8b-instruct,coreweave/bf16,0,1.0,CoreWeave,A,3.542e-05,0.320821300824607,0.000623363569646096,0
comprehension,rival_majority,neutral,4020,-1,0,0,0,aPrPrPaPaPaP,A,llama-8b,meta-llama/llama-3.1-8b-instruct,coreweave/bf16,0,1.0,CoreWeave,A,3.674e-05,0.6513548714339144,0.0005934738993134681,0
comprehension,rival_majority,neutral,4020,-1,0,1,0,aPrPaPaPrPaP,A,llama-8b,meta-llama/llama-3.1-8b-instruct,coreweave/bf16,0,1.0,CoreWeave,A,3.674e-05,0.9149009497722477,0.0003678364025683917,0
comprehension,rival_majority,neutral,4020,1,0,0,0,rPaPaPrPaPaP,A,llama-8b,meta-llama/llama-3.1-8b-instruct,coreweave/bf16,0,1.0,CoreWeave,B,3.674e-05,0.16451646084838667,0.004050802997023095,0
comprehension,rival_majority,neutral,4020,1,0,1,0,rPaPrPaPaPaP,A,llama-8b,meta-llama/llama-3.1-8b-instruct,coreweave/bf16,0,1.0,CoreWeave,B,3.674e-05,0.4378234991142019,0.0014354377179380817,0
comprehension,rival_majority,neutral,4101,-1,0,0,0,aPaPrQaPaQaP,B,llama-8b,meta-llama/llama-3.1-8b-instruct,coreweave/bf16,0,1.0,CoreWeave,A,3.674e-05,0.43782349911420193,0.0010442016617852046,0
comprehension,rival_majority,neutral,4101,-1,0,1,0,aQaPaPaPrQaP,B,llama-8b,meta-llama/llama-3.1-8b-instruct,coreweave/bf16,0,1.0,CoreWeave,A,3.674e-05,0.5926665999540698,0.0015269770380608172,0
comprehension,rival_majority,neutral,4101,1,0,0,0,aPaPrQaQaPaP,B,llama-8b,meta-llama/llama-3.1-8b-instruct,coreweave/bf16,0,1.0,CoreWeave,B,3.674e-05,0.13296424019782926,0.0013943562617073635,0
comprehension,rival_majority,neutral,4101,1,0,1,0,aQaPaPaPrQaP,B,llama-8b,meta-llama/llama-3.1-8b-instruct,coreweave/bf16,0,1.0,CoreWeave,B,3.674e-05,0.13296425050508953,0.00026145385280818,0
comprehension,rival_majority,neutral,4110,-1,0,0,0,aPaPaPaQaPrP,A,llama-8b,meta-llama/llama-3.1-8b-instruct,coreweave/bf16,0,1.0,CoreWeave,A,3.674e-05,0.5926665999540698,0.0033573648445963666,0
comprehension,rival_majority,neutral,4110,-1,0,1,0,rPaQaPaPaPaP,A,llama-8b,meta-llama/llama-3.1-8b-instruct,coreweave/bf16,0,1.0,CoreWeave,A,3.674e-05,0.7310585786300049,0.0010766549730713004,0
comprehension,rival_majority,neutral,4110,1,0,0,0,rPaPaPaQaPaP,A,llama-8b,meta-llama/llama-3.1-8b-instruct,coreweave/bf16,0,1.0,CoreWeave,B,3.674e-05,0.16451646289656316,0.0047469023340390715,0
comprehension,rival_majority,neutral,4110,1,0,1,0,rPaPaPaQaPaP,A,llama-8b,meta-llama/llama-3.1-8b-instruct,coreweave/bf16,0,1.0,CoreWeave,B,3.674e-05,0.29421497216298875,0.003806005511773791,0
comprehension,rival_majority,neutral,5001,-1,0,0,0,aPaPrQaPaPaP,B,llama-8b,meta-llama/llama-3.1-8b-instruct,coreweave/bf16,0,1.0,CoreWeave,B,3.674e-05,0.43782349911420193,0.0011885815604600891,0
comprehension,rival_majority,neutral,5001,-1,0,1,0,aPrQaPaPaPaP,B,llama-8b,meta-llama/llama-3.1-8b-instruct,coreweave/bf16,0,1.0,CoreWeave,B,3.674e-05,0.5926665999540698,0.000855258906091283,0
comprehension,rival_majority,neutral,5001,1,0,0,0,rQaPaPaPaPaP,B,llama-8b,meta-llama/llama-3.1-8b-instruct,coreweave/bf16,0,1.0,CoreWeave,A,3.674e-05,0.13296422817269313,0.0029109123387909275,0
comprehension,rival_majority,neutral,5001,1,0,1,0,aPaPaPaPaPrQ,B,llama-8b,meta-llama/llama-3.1-8b-instruct,coreweave/bf16,0,1.0,CoreWeave,B,3.674e-05,0.40733340004593027,0.003283462869167697,0
comprehension,rival_majority,neutral,5010,-1,0,0,0,aPaPaPrPaPaP,A,llama-8b,meta-llama/llama-3.1-8b-instruct,coreweave/bf16,0,1.0,CoreWeave,A,3.674e-05,0.5312093733737563,0.001854149606500488,0
comprehension,rival_majority,neutral,5010,-1,0,1,0,aPaPrPaPaPaP,A,llama-8b,meta-llama/llama-3.1-8b-instruct,coreweave/bf16,0,1.0,CoreWeave,A,3.674e-05,0.8354835350552604,0.0006139560252983178,0
comprehension,rival_majority,neutral,5010,1,0,0,0,aPaPaPrPaPaP,A,llama-8b,meta-llama/llama-3.1-8b-instruct,coreweave/bf16,0,1.0,CoreWeave,B,3.674e-05,0.1645164710892692,0.0035795284603568067,0
comprehension,rival_majority,neutral,5010,1,0,1,0,aPaPaPaPaPrP,A,llama-8b,meta-llama/llama-3.1-8b-instruct,coreweave/bf16,0,1.0,CoreWeave,B,3.674e-05,0.2942149659744614,0.0015825400744466922,0
