arm,question,framing,counts,s0,mapping,order,perm,seq,correct,key,model,tag,rep,temperature,served,content,cost,pA,leak,censored
comprehension,ally_majority,neutral,0100,-1,0,0,0,aQ,B,mistral-small,mistralai/mistral-small-3.2-24b-instruct,parasail/bf16,0,1.0,Parasail,B,6.46e-06,0.010986943925948778,0.16416087451543648,0
comprehension,ally_majority,neutral,0100,-1,0,1,0,aQ,B,mistral-small,mistralai/mistral-small-3.2-24b-instruct,parasail/bf16,0,1.0,Parasail,B,6.46e-06,0.05340332528017579,0.19102617054897375,0
comprehension,ally_majority,neutral,0100,1,0,0,0,aQ,B,mistral-small,mistralai/mistral-small-3.2-24b-instruct,parasail/bf16,0,1.0,Parasail,Given,6.46e-06,0.053403329799824234,0.29414007971952427,0
comprehension,ally_majority,neutral,0100,1,0,1,0,aQ,B,mistral-small,mistralai/mistral-small-3.2-24b-instruct,parasail/bf16,0,1.0,Parasail,B,6.46e-06,0.14804719051380197,0.29773592215872946,0
comprehension,ally_majority,neutral,0101,-1,0,0,0,aQrQ,B,mistral-small,mistralai/mistral-small-3.2-24b-instruct,parasail/bf16,0,1.0,Parasail,B,7e-06,0.015906388213012365,0.20662925085264205,1
comprehension,ally_majority,neutral,0101,-1,0,1,0,aQrQ,B,mistral-small,mistralai/mistral-small-3.2-24b-instruct,parasail/bf16,0,1.0,Parasail,B,7e-06,0.18242550602671442,0.28493461079084315,0
comprehension,ally_majority,neutral,0101,1,0,0,0,rQaQ,B,mistral-small,mistralai/mistral-small-3.2-24b-instruct,parasail/bf16,0,1.0,Parasail,B,7e-06,0.0474258704848281,0.3737278836274506,1
comprehension,ally_majority,neutral,0101,1,0,1,0,rQaQ,B,mistral-small,mistralai/mistral-small-3.2-24b-instruct,parasail/bf16,0,1.0,Parasail,B,7.64e-06,0.2689414096510109,0.34902442609279505,0
comprehension,ally_majority,neutral,0102,-1,0,0,0,rQaQrQ,B,mistral-small,mistralai/mistral-small-3.2-24b-instruct,parasail/bf16,0,1.0,Parasail,B,7.54e-06,0.08509904500702023,0.4774001080709538,1
comprehension,ally_majority,neutral,0102,-1,0,1,0,rQaQrQ,B,mistral-small,mistralai/mistral-small-3.2-24b-instruct,parasail/bf16,0,1.0,Parasail,Let,7.54e-06,0.3775406687981454,0.5003281370764118,0
comprehension,ally_majority,neutral,0102,1,0,0,0,rQaQrQ,B,mistral-small,mistralai/mistral-small-3.2-24b-instruct,parasail/bf16,0,1.0,Parasail,Given,6.9e-06,0.09534947518185825,0.4958518694305062,1
comprehension,ally_majority,neutral,0102,1,0,1,0,aQrQrQ,B,mistral-small,mistralai/mistral-small-3.2-24b-instruct,parasail/bf16,0,1.0,Parasail,Based,7.54e-06,0.2689414213699951,0.32142771934766023,0
comprehension,ally_majority,neutral,0103,-1,0,0,0,aQrQrQrQ,B,mistral-small,mistralai/mistral-small-3.2-24b-instruct,parasail/bf16,0,1.0,Parasail,B,7.44e-06,0.029312227359491745,0.18190666054210836,1
comprehension,ally_majority,neutral,0103,-1,0,1,0,rQrQrQaQ,B,mistral-small,mistralai/mistral-small-3.2-24b-instruct,parasail/bf16,0,1.0,Parasail,B,8.08e-06,0.24508502416032488,0.21875220450324662,0
comprehension,ally_majority,neutral,0103,1,0,0,0,rQaQrQrQ,B,mistral-small,mistralai/mistral-small-3.2-24b-instruct,parasail/bf16,0,1.0,Parasail,B,7.44e-06,0.0474258704848281,0.32627413010462847,1
comprehension,ally_majority,neutral,0103,1,0,1,0,rQrQrQaQ,B,mistral-small,mistralai/mistral-small-3.2-24b-instruct,parasail/bf16,0,1.0,Parasail,B,7.44e-06,0.047425869138458816,0.19930649849508908,0
comprehension,ally_majority,neutral,0104,-1,0,0,0,rQrQrQrQaQ,B,mistral-small,mistralai/mistral-small-3.2-24b-instruct,parasail/bf16,0,1.0,Parasail,B,7.98e-06,0.012431649389640951,0.13378884370524635,1
comprehension,ally_majority,neutral,0104,-1,0,1,0,rQrQrQaQrQ,B,mistral-small,mistralai/mistral-small-3.2-24b-instruct,parasail/bf16,0,1.0,Parasail,A,7.98e-06,0.3208212878370535,0.28734548094500856,0
comprehension,ally_majority,neutral,0104,1,0,0,0,rQrQaQrQrQ,B,mistral-small,mistralai/mistral-small-3.2-24b-instruct,parasail/bf16,0,1.0,Parasail,Let,7.98e-06,0.04208773031866069,0.25720608237076115,1
comprehension,ally_majority,neutral,0104,1,0,1,0,rQaQrQrQrQ,B,mistral-small,mistralai/mistral-small-3.2-24b-instruct,parasail/bf16,0,1.0,Parasail,B,7.98e-06,0.2689414330889797,0.283515513671844,0
comprehension,ally_majority,neutral,0105,-1,0,0,0,rQrQrQrQaQrQ,B,mistral-small,mistralai/mistral-small-3.2-24b-instruct,parasail/bf16,0,1.0,Parasail,B,8.52e-06,0.029312230327373224,0.1845980763592624,1
comprehension,ally_majority,neutral,0105,-1,0,1,0,rQrQrQrQrQaQ,B,mistral-small,mistralai/mistral-small-3.2-24b-instruct,parasail/bf16,0,1.0,Parasail,B,7.88e-06,0.22270013366638422,0.1362028515170305,0
comprehension,ally_majority,neutral,0105,1,0,0,0,rQrQrQrQrQaQ,B,mistral-small,mistralai/mistral-small-3.2-24b-instruct,parasail/bf16,0,1.0,Parasail,B,7.88e-06,0.008577483639657844,0.13013765215722384,1
comprehension,ally_majority,neutral,0105,1,0,1,0,aQrQrQrQrQrQ,B,mistral-small,mistralai/mistral-small-3.2-24b-instruct,parasail/bf16,0,1.0,Parasail,B,9.16e-06,0.10669058968506458,0.1077805989183116,0
comprehension,ally_majority,neutral,0110,-1,0,0,0,rPaQ,B,mistral-small,mistralai/mistral-small-3.2-24b-instruct,parasail/bf16,0,1.0,Parasail,B,7e-06,0.022977367902892003,0.20274695443336554,1
comprehension,ally_majority,neutral,0110,-1,0,1,0,rPaQ,B,mistral-small,mistralai/mistral-small-3.2-24b-instruct,parasail/bf16,0,1.0,Parasail,B,7e-06,0.07585818211049714,0.18678254416540085,0
comprehension,ally_majority,neutral,0110,1,0,0,0,aQrP,B,mistral-small,mistralai/mistral-small-3.2-24b-instruct,parasail/bf16,0,1.0,Parasail,Let,7e-06,0.06754668738548217,0.45749577809279973,0
comprehension,ally_majority,neutral,0110,1,0,1,0,rPaQ,B,mistral-small,mistralai/mistral-small-3.2-24b-instruct,parasail/bf16,0,1.0,Parasail,A,7e-06,0.10669058258408719,0.2756764292959327,0
comprehension,ally_majority,neutral,0111,-1,0,0,0,aQrQrP,B,mistral-small,mistralai/mistral-small-3.2-24b-instruct,parasail/bf16,0,1.0,Parasail,Let,7.54e-06,0.02931223244728875,0.37794824465494814,1
comprehension,ally_majority,neutral,0111,-1,0,1,0,aQrQrP,B,mistral-small,mistralai/mistral-small-3.2-24b-instruct,parasail/bf16,0,1.0,Parasail,B,7.54e-06,0.20181320305759337,0.4899229843575067,0
comprehension,ally_majority,neutral,0111,1,0,0,0,rQaQrP,B,mistral-small,mistralai/mistral-small-3.2-24b-instruct,parasail/bf16,0,1.0,Parasail,To,7.54e-06,0.14804719803168945,0.8137056469424615,1
comprehension,ally_majority,neutral,0111,1,0,1,0,rPrQaQ,B,mistral-small,mistralai/mistral-small-3.2-24b-instruct,parasail/bf16,0,1.0,Parasail,B,7.54e-06,0.060086656906500974,0.4303321579916122,1
comprehension,ally_majority,neutral,0112,-1,0,0,0,rPrQrQaQ,B,mistral-small,mistralai/mistral-small-3.2-24b-instruct,parasail/bf16,0,1.0,Parasail,To,7.44e-06,0.06008665354025421,0.3529751032035363,1
comprehension,ally_majority,neutral,0112,-1,0,1,0,aQrQrPrQ,B,mistral-small,mistralai/mistral-small-3.2-24b-instruct,parasail/bf16,0,1.0,Parasail,B,7.44e-06,0.22270013882530887,0.6251607896247535,0
comprehension,ally_majority,neutral,0112,1,0,0,0,rQaQrPrQ,B,mistral-small,mistralai/mistral-small-3.2-24b-instruct,parasail/bf16,0,1.0,Parasail,Let,7.44e-06,0.11920292202211756,0.8756047125081273,1
comprehension,ally_majority,neutral,0112,1,0,1,0,rPaQrQrQ,B,mistral-small,mistralai/mistral-small-3.2-24b-instruct,parasail/bf16,0,1.0,Parasail,To,7.44e-06,0.08509904964767095,0.4672421537722563,0
comprehension,ally_majority,neutral,0113,-1,0,0,0,rQrQaQrQrP,B,mistral-small,mistralai/mistral-small-3.2-24b-instruct,parasail/bf16,0,1.0,Parasail,Let,7.98e-06,0.029312234143221275,0.5725408497657213,1
comprehension,ally_majority,neutral,0113,-1,0,1,0,rPrQaQrQrQ,B,mistral-small,mistralai/mistral-small-3.2-24b-instruct,parasail/bf16,0,1.0,Parasail,Let,8.62e-06,0.053403329799824234,0.44459959309562136,0
comprehension,ally_majority,neutral,0113,1,0,0,0,aQrQrQrPrQ,B,mistral-small,mistralai/mistral-small-3.2-24b-instruct,parasail/bf16,0,1.0,Parasail,The,7.98e-06,0.022977365895758564,0.49603246504305176,1
comprehension,ally_majority,neutral,0113,1,0,1,0,aQrPrQrQrQ,B,mistral-small,mistralai/mistral-small-3.2-24b-instruct,parasail/bf16,0,1.0,Parasail,B,8.62e-06,0.13296424019782926,0.4660461150596068,0
comprehension,ally_majority,neutral,0114,-1,0,0,0,rPrQrQrQrQaQ,B,mistral-small,mistralai/mistral-small-3.2-24b-instruct,parasail/bf16,0,1.0,Parasail,B,7.88e-06,0.0179862094357019,0.15622378073925236,1
comprehension,ally_majority,neutral,0114,-1,0,1,0,rQaQrPrQrQrQ,B,mistral-small,mistralai/mistral-small-3.2-24b-instruct,parasail/bf16,0,1.0,Parasail,A,9.16e-06,0.5621765008857982,0.4819354110075279,0
comprehension,ally_majority,neutral,0114,1,0,0,0,rQrPrQrQrQaQ,B,mistral-small,mistralai/mistral-small-3.2-24b-instruct,parasail/bf16,0,1.0,Parasail,To,7.88e-06,0.04742587317756678,0.4292843675648935,1
comprehension,ally_majority,neutral,0114,1,0,1,0,rQrQaQrPrQrQ,B,mistral-small,mistralai/mistral-small-3.2-24b-instruct,parasail/bf16,0,1.0,Parasail,To,7.88e-06,0.24508501313237174,0.6126751528388024,0
comprehension,ally_majority,neutral,0120,-1,0,0,0,rPaQrP,B,mistral-small,mistralai/mistral-small-3.2-24b-instruct,parasail/bf16,0,1.0,Parasail,Given,7.54e-06,0.09534947004048376,0.5617396643622894,1
comprehension,ally_majority,neutral,0120,-1,0,1,0,aQrPrP,B,mistral-small,mistralai/mistral-small-3.2-24b-instruct,parasail/bf16,0,1.0,Parasail,B,7.54e-06,0.22270013882530884,0.34133794173965093,0
comprehension,ally_majority,neutral,0120,1,0,0,0,rPrPaQ,B,mistral-small,mistralai/mistral-small-3.2-24b-instruct,parasail/bf16,0,1.0,Parasail,B,7.54e-06,0.04742587183119742,0.266206660767501,1
comprehension,ally_majority,neutral,0120,1,0,1,0,rPaQrP,B,mistral-small,mistralai/mistral-small-3.2-24b-instruct,parasail/bf16,0,1.0,Parasail,Let,6.9e-06,0.4073334000459302,0.573610017287218,0
comprehension,ally_majority,neutral,0121,-1,0,0,0,aQrPrQrP,B,mistral-small,mistralai/mistral-small-3.2-24b-instruct,parasail/bf16,0,1.0,Parasail,To,8.08e-06,0.053403323773626395,0.6633299858122221,1
comprehension,ally_majority,neutral,0121,-1,0,1,0,aQrQrPrP,B,mistral-small,mistralai/mistral-small-3.2-24b-instruct,parasail/bf16,0,1.0,Parasail,A,7.44e-06,0.29421498454004374,0.4710039025723388,0
comprehension,ally_majority,neutral,0121,1,0,0,0,aQrPrQrP,B,mistral-small,mistralai/mistral-small-3.2-24b-instruct,parasail/bf16,0,1.0,Parasail,Let,7.44e-06,0.11920292202211753,0.8880924186452015,0
comprehension,ally_majority,neutral,0121,1,0,1,0,rPaQrPrQ,B,mistral-small,mistralai/mistral-small-3.2-24b-instruct,parasail/bf16,0,1.0,Parasail,To,8.08e-06,0.2227001388253089,0.7406617832468325,0
comprehension,ally_majority,neutral,0122,-1,0,0,0,rPrQaQrPrQ,B,mistral-small,mistralai/mistral-small-3.2-24b-instruct,parasail/bf16,0,1.0,Parasail,B,8.62e-06,0.04208772070649408,0.5908542099465746,1
comprehension,ally_majority,neutral,0122,-1,0,1,0,aQrPrQrPrQ,B,mistral-small,mistralai/mistral-small-3.2-24b-instruct,parasail/bf16,0,1.0,Parasail,B,7.98e-06,0.13296424019782926,0.5060962591554494,0
comprehension,ally_majority,neutral,0122,1,0,0,0,rPaQrPrQrQ,B,mistral-small,mistralai/mistral-small-3.2-24b-instruct,parasail/bf16,0,1.0,Parasail,To,7.98e-06,0.07585817166422973,0.8041770193864357,0
comprehension,ally_majority,neutral,0122,1,0,1,0,rQrPrPaQrQ,B,mistral-small,mistralai/mistral-small-3.2-24b-instruct,parasail/bf16,0,1.0,Parasail,The,7.98e-06,0.9241418283357703,0.6502963493570122,0
comprehension,ally_majority,neutral,0123,-1,0,0,0,rQrPaQrQrQrP,B,mistral-small,mistralai/mistral-small-3.2-24b-instruct,parasail/bf16,0,1.0,Parasail,To,7.88e-06,0.020332355717182615,0.6811307130824635,1
comprehension,ally_majority,neutral,0123,-1,0,1,0,rQrPaQrQrQrP,B,mistral-small,mistralai/mistral-small-3.2-24b-instruct,parasail/bf16,0,1.0,Parasail,To,9.16e-06,0.29421497216298875,0.7821235144433896,0
comprehension,ally_majority,neutral,0123,1,0,0,0,rQrQaQrQrPrP,B,mistral-small,mistralai/mistral-small-3.2-24b-instruct,parasail/bf16,0,1.0,Parasail,The,7.88e-06,0.042087727915618836,0.6675311686782248,1
comprehension,ally_majority,neutral,0123,1,0,1,0,rPrPrQrQaQrQ,B,mistral-small,mistralai/mistral-small-3.2-24b-instruct,parasail/bf16,0,1.0,Parasail,B,9.16e-06,0.04208773031866069,0.4452248874951932,1
comprehension,ally_majority,neutral,0130,-1,0,0,0,aQrPrPrP,B,mistral-small,mistralai/mistral-small-3.2-24b-instruct,parasail/bf16,0,1.0,Parasail,To,7.44e-06,0.053403329799824234,0.2748721668725914,1
comprehension,ally_majority,neutral,0130,-1,0,1,0,rPrPaQrP,B,mistral-small,mistralai/mistral-small-3.2-24b-instruct,parasail/bf16,0,1.0,Parasail,A,8.08e-06,0.1824255326961778,0.4605283336449774,0
comprehension,ally_majority,neutral,0130,1,0,0,0,rPrPrPaQ,B,mistral-small,mistralai/mistral-small-3.2-24b-instruct,parasail/bf16,0,1.0,Parasail,B,8.08e-06,0.01798621154126062,0.17287535431634315,1
comprehension,ally_majority,neutral,0130,1,0,1,0,rPrPrPaQ,B,mistral-small,mistralai/mistral-small-3.2-24b-instruct,parasail/bf16,0,1.0,Parasail,Let,7.44e-06,0.07585818628900448,0.17854010166679535,0
comprehension,ally_majority,neutral,0131,-1,0,0,0,aQrQrPrPrP,B,mistral-small,mistralai/mistral-small-3.2-24b-instruct,parasail/bf16,0,1.0,Parasail,Given,7.98e-06,0.03732689162774752,0.3432402326912345,1
comprehension,ally_majority,neutral,0131,-1,0,1,0,rPrQrPaQrP,B,mistral-small,mistralai/mistral-small-3.2-24b-instruct,parasail/bf16,0,1.0,Parasail,To,7.98e-06,0.18242552380635632,0.7094728798375979,0
comprehension,ally_majority,neutral,0131,1,0,0,0,rPrQrPaQrP,B,mistral-small,mistralai/mistral-small-3.2-24b-instruct,parasail/bf16,0,1.0,Parasail,B,8.62e-06,0.1329642264548166,0.7327142338621588,1
comprehension,ally_majority,neutral,0131,1,0,1,0,rPrPrQaQrP,B,mistral-small,mistralai/mistral-small-3.2-24b-instruct,parasail/bf16,0,1.0,Parasail,Let,8.62e-06,0.14804719803168948,0.7336989372682746,0
comprehension,ally_majority,neutral,0132,-1,0,0,0,rPrQrQrPrPaQ,B,mistral-small,mistralai/mistral-small-3.2-24b-instruct,parasail/bf16,0,1.0,Parasail,B,9.16e-06,0.05340332377362639,0.3179525018638112,1
comprehension,ally_majority,neutral,0132,-1,0,1,0,aQrPrQrQrPrP,B,mistral-small,mistralai/mistral-small-3.2-24b-instruct,parasail/bf16,0,1.0,Parasail,B,7.88e-06,0.18242552380635635,0.4887946479484436,0
comprehension,ally_majority,neutral,0132,1,0,0,0,rPaQrPrQrQrP,B,mistral-small,mistralai/mistral-small-3.2-24b-instruct,parasail/bf16,0,1.0,Parasail,Let,7.88e-06,0.10669059394565118,0.8065400401121435,0
comprehension,ally_majority,neutral,0132,1,0,1,0,rPrPrQrPrQaQ,B,mistral-small,mistralai/mistral-small-3.2-24b-instruct,parasail/bf16,0,1.0,Parasail,Given,9.16e-06,0.04208773031866069,0.47294480827287355,0
comprehension,ally_majority,neutral,0140,-1,0,0,0,rPrPaQrPrP,B,mistral-small,mistralai/mistral-small-3.2-24b-instruct,parasail/bf16,0,1.0,Parasail,B,7.98e-06,0.060086646807761206,0.3675908805308611,1
comprehension,ally_majority,neutral,0140,-1,0,1,0,rPaQrPrPrP,B,mistral-small,mistralai/mistral-small-3.2-24b-instruct,parasail/bf16,0,1.0,Parasail,Let,7.98e-06,0.24508501313237166,0.3297881825498117,0
comprehension,ally_majority,neutral,0140,1,0,0,0,rPaQrPrPrP,B,mistral-small,mistralai/mistral-small-3.2-24b-instruct,parasail/bf16,0,1.0,Parasail,B,8.62e-06,0.05340332377362638,0.38891531960141723,1
comprehension,ally_majority,neutral,0140,1,0,1,0,rPaQrPrPrP,B,mistral-small,mistralai/mistral-small-3.2-24b-instruct,parasail/bf16,0,1.0,Parasail,A,7.98e-06,0.4687906266262437,0.37688241472646444,0
comprehension,ally_majority,neutral,0141,-1,0,0,0,aQrQrPrPrPrP,B,mistral-small,mistralai/mistral-small-3.2-24b-instruct,parasail/bf16,0,1.0,Parasail,B,9.16e-06,0.03732688948593844,0.23099895239165835,1
comprehension,ally_majority,neutral,0141,-1,0,1,0,rPaQrPrPrQrP,B,mistral-small,mistralai/mistral-small-3.2-24b-instruct,parasail/bf16,0,1.0,Parasail,Let,7.88e-06,0.26894144480796467,0.6359147742466382,0
comprehension,ally_majority,neutral,0141,1,0,0,0,rQrPrPaQrPrP,B,mistral-small,mistralai/mistral-small-3.2-24b-instruct,parasail/bf16,0,1.0,Parasail,B,7.88e-06,0.14804721306746543,0.7239556360343302,0
comprehension,ally_majority,neutral,0141,1,0,1,0,aQrPrQrPrPrP,B,mistral-small,mistralai/mistral-small-3.2-24b-instruct,parasail/bf16,0,1.0,Parasail,Let,7.88e-06,0.3775406687981454,0.4718605048153372,0
comprehension,ally_majority,neutral,0150,-1,0,0,0,aQrPrPrPrPrP,B,mistral-small,mistralai/mistral-small-3.2-24b-instruct,parasail/bf16,0,1.0,Parasail,B,9.16e-06,0.017986211804455476,0.14247190159212475,0
comprehension,ally_majority,neutral,0150,-1,0,1,0,rPrPrPrPrPaQ,B,mistral-small,mistralai/mistral-small-3.2-24b-instruct,parasail/bf16,0,1.0,Parasail,B,7.88e-06,0.13296424706933604,0.10886731760294721,0
comprehension,ally_majority,neutral,0150,1,0,0,0,rPaQrPrPrPrP,B,mistral-small,mistralai/mistral-small-3.2-24b-instruct,parasail/bf16,0,1.0,Parasail,To,9.16e-06,0.05340332829327471,0.28654673719693546,1
comprehension,ally_majority,neutral,0150,1,0,1,0,rPrPrPrPaQrP,B,mistral-small,mistralai/mistral-small-3.2-24b-instruct,parasail/bf16,0,1.0,Parasail,A,7.88e-06,0.43782349911420193,0.20303826759693172,0
comprehension,ally_majority,neutral,0200,-1,0,0,0,aQaQ,B,mistral-small,mistralai/mistral-small-3.2-24b-instruct,parasail/bf16,0,1.0,Parasail,B,7e-06,0.001501182033379225,0.04367919270393661,1
comprehension,ally_majority,neutral,0200,-1,0,1,0,aQaQ,B,mistral-small,mistralai/mistral-small-3.2-24b-instruct,parasail/bf16,0,1.0,Parasail,B,7.64e-06,0.002472623487419469,0.05118726375896221,0
comprehension,ally_majority,neutral,0200,1,0,0,0,aQaQ,B,mistral-small,mistralai/mistral-small-3.2-24b-instruct,parasail/bf16,0,1.0,Parasail,B,7e-06,0.0017007228099046303,0.04821894280681993,0
comprehension,ally_majority,neutral,0200,1,0,1,0,aQaQ,B,mistral-small,mistralai/mistral-small-3.2-24b-instruct,parasail/bf16,0,1.0,Parasail,B,7e-06,0.0031726826421968717,0.04181321074147315,0
comprehension,ally_majority,neutral,0201,-1,0,0,0,aQaQrQ,B,mistral-small,mistralai/mistral-small-3.2-24b-instruct,parasail/bf16,0,1.0,Parasail,B,6.9e-06,0.006692850082242913,0.07821535822658865,1
comprehension,ally_majority,neutral,0201,-1,0,1,0,aQrQaQ,B,mistral-small,mistralai/mistral-small-3.2-24b-instruct,parasail/bf16,0,1.0,Parasail,B,6.9e-06,0.02033235571718262,0.12956991462423817,1
comprehension,ally_majority,neutral,0201,1,0,0,0,aQaQrQ,B,mistral-small,mistralai/mistral-small-3.2-24b-instruct,parasail/bf16,0,1.0,Parasail,The,6.9e-06,0.0229773719171594,0.14285991436601753,1
comprehension,ally_majority,neutral,0201,1,0,1,0,rQaQaQ,B,mistral-small,mistralai/mistral-small-3.2-24b-instruct,parasail/bf16,0,1.0,Parasail,B,6.9e-06,0.014063630039194294,0.09844874996105357,1
comprehension,ally_majority,neutral,0202,-1,0,0,0,aQrQrQaQ,B,mistral-small,mistralai/mistral-small-3.2-24b-instruct,parasail/bf16,0,1.0,Parasail,B,7.44e-06,0.025957358328060655,0.1360682430697735,1
comprehension,ally_majority,neutral,0202,-1,0,1,0,aQaQrQrQ,B,mistral-small,mistralai/mistral-small-3.2-24b-instruct,parasail/bf16,0,1.0,Parasail,B,7.44e-06,0.014063628282948357,0.08867095083222942,1
comprehension,ally_majority,neutral,0202,1,0,0,0,aQrQaQrQ,B,mistral-small,mistralai/mistral-small-3.2-24b-instruct,parasail/bf16,0,1.0,Parasail,B,7.44e-06,0.029312228631440916,0.16892215844308733,1
comprehension,ally_majority,neutral,0202,1,0,1,0,rQaQaQrQ,B,mistral-small,mistralai/mistral-small-3.2-24b-instruct,parasail/bf16,0,1.0,Parasail,A,7.44e-06,0.010986943602109866,0.15268236133524893,0
comprehension,ally_majority,neutral,0203,-1,0,0,0,rQaQrQaQrQ,B,mistral-small,mistralai/mistral-small-3.2-24b-instruct,parasail/bf16,0,1.0,Parasail,B,7.98e-06,0.03732689109229524,0.20363846511584893,1
comprehension,ally_majority,neutral,0203,-1,0,1,0,rQrQrQaQaQ,B,mistral-small,mistralai/mistral-small-3.2-24b-instruct,parasail/bf16,0,1.0,Parasail,B,7.98e-06,0.053403326786725235,0.09938012929674689,0
comprehension,ally_majority,neutral,0203,1,0,0,0,rQrQrQaQaQ,B,mistral-small,mistralai/mistral-small-3.2-24b-instruct,parasail/bf16,0,1.0,Parasail,Based,7.98e-06,0.012431650304356473,0.12043163585018724,1
comprehension,ally_majority,neutral,0203,1,0,1,0,aQaQrQrQrQ,B,mistral-small,mistralai/mistral-small-3.2-24b-instruct,parasail/bf16,0,1.0,Parasail,B,7.98e-06,0.029312230327373227,0.10503199691580867,0
comprehension,ally_majority,neutral,0204,-1,0,0,0,rQrQaQrQaQrQ,B,mistral-small,mistralai/mistral-small-3.2-24b-instruct,parasail/bf16,0,1.0,Parasail,B,7.88e-06,0.02595735870481527,0.227502170587479,1
comprehension,ally_majority,neutral,0204,-1,0,1,0,rQrQaQaQrQrQ,B,mistral-small,mistralai/mistral-small-3.2-24b-instruct,parasail/bf16,0,1.0,Parasail,The,7.88e-06,0.06008665017400762,0.1085361207274268,0
comprehension,ally_majority,neutral,0204,1,0,0,0,rQrQaQrQaQrQ,B,mistral-small,mistralai/mistral-small-3.2-24b-instruct,parasail/bf16,0,1.0,Parasail,B,7.88e-06,0.02931223075135632,0.2141540148741149,1
comprehension,ally_majority,neutral,0204,1,0,1,0,rQaQaQrQrQrQ,B,mistral-small,mistralai/mistral-small-3.2-24b-instruct,parasail/bf16,0,1.0,Parasail,B,8.52e-06,0.03308597981882656,0.15330133859547557,0
comprehension,ally_majority,neutral,0210,-1,0,0,0,rPaQaQ,B,mistral-small,mistralai/mistral-small-3.2-24b-instruct,parasail/bf16,0,1.0,Parasail,B,7.54e-06,0.020332353342658753,0.11536892153402734,1
comprehension,ally_majority,neutral,0210,-1,0,1,0,aQrPaQ,B,mistral-small,mistralai/mistral-small-3.2-24b-instruct,parasail/bf16,0,1.0,Parasail,B,6.9e-06,0.03732689109229525,0.20768920141230685,1
comprehension,ally_majority,neutral,0210,1,0,0,0,rPaQaQ,B,mistral-small,mistralai/mistral-small-3.2-24b-instruct,parasail/bf16,0,1.0,Parasail,B,7.54e-06,0.012431648749340123,0.10304082138621096,1
comprehension,ally_majority,neutral,0210,1,0,1,0,rPaQaQ,B,mistral-small,mistralai/mistral-small-3.2-24b-instruct,parasail/bf16,0,1.0,Parasail,B,7.54e-06,0.01098694303539179,0.07365192258219311,1
comprehension,ally_majority,neutral,0211,-1,0,0,0,aQaQrQrP,B,mistral-small,mistralai/mistral-small-3.2-24b-instruct,parasail/bf16,0,1.0,Parasail,B,7.44e-06,0.03308597743528922,0.26621943200382836,1
comprehension,ally_majority,neutral,0211,-1,0,1,0,rQrPaQaQ,B,mistral-small,mistralai/mistral-small-3.2-24b-instruct,parasail/bf16,0,1.0,Parasail,B,7.44e-06,0.06008665522337757,0.24762128412516526,1
comprehension,ally_majority,neutral,0211,1,0,0,0,aQrPaQrQ,B,mistral-small,mistralai/mistral-small-3.2-24b-instruct,parasail/bf16,0,1.0,Parasail,Let,8.08e-06,0.053403335826022726,0.6940471836138973,1
comprehension,ally_majority,neutral,0211,1,0,1,0,rQaQaQrP,B,mistral-small,mistralai/mistral-small-3.2-24b-instruct,parasail/bf16,0,1.0,Parasail,B,7.44e-06,0.04208773031866069,0.5293598083176099,0
comprehension,ally_majority,neutral,0212,-1,0,0,0,aQaQrQrQrP,B,mistral-small,mistralai/mistral-small-3.2-24b-instruct,parasail/bf16,0,1.0,Parasail,B,7.98e-06,0.029312230327373227,0.20624136604961607,1
comprehension,ally_majority,neutral,0212,-1,0,1,0,aQrPaQrQrQ,B,mistral-small,mistralai/mistral-small-3.2-24b-instruct,parasail/bf16,0,1.0,Parasail,The,8.62e-06,0.025957357197796852,0.4497656023370581,0
comprehension,ally_majority,neutral,0212,1,0,0,0,aQrQrQrPaQ,B,mistral-small,mistralai/mistral-small-3.2-24b-instruct,parasail/bf16,0,1.0,Parasail,B,7.98e-06,0.020332352155396922,0.5526961715368963,1
comprehension,ally_majority,neutral,0212,1,0,1,0,aQrPaQrQrQ,B,mistral-small,mistralai/mistral-small-3.2-24b-instruct,parasail/bf16,0,1.0,Parasail,Let,7.98e-06,0.037326887344129464,0.6079032330016345,0
comprehension,ally_majority,neutral,0213,-1,0,0,0,rQrQrQrPaQaQ,B,mistral-small,mistralai/mistral-small-3.2-24b-instruct,parasail/bf16,0,1.0,Parasail,B,7.88e-06,0.02595735606753309,0.16969023204530032,1
comprehension,ally_majority,neutral,0213,-1,0,1,0,aQrQrPaQrQrQ,B,mistral-small,mistralai/mistral-small-3.2-24b-instruct,parasail/bf16,0,1.0,Parasail,B,7.88e-06,0.033085986016024416,0.46248122839385686,0
comprehension,ally_majority,neutral,0213,1,0,0,0,aQaQrQrPrQrQ,B,mistral-small,mistralai/mistral-small-3.2-24b-instruct,parasail/bf16,0,1.0,Parasail,A,9.16e-06,0.009708476194947928,0.3476457675995803,0
comprehension,ally_majority,neutral,0213,1,0,1,0,aQaQrPrQrQrQ,B,mistral-small,mistralai/mistral-small-3.2-24b-instruct,parasail/bf16,0,1.0,Parasail,Let,7.88e-06,0.02595735945832451,0.2627695250083689,0
comprehension,ally_majority,neutral,0220,-1,0,0,0,rPaQaQrP,B,mistral-small,mistralai/mistral-small-3.2-24b-instruct,parasail/bf16,0,1.0,Parasail,B,8.08e-06,0.04208772911713975,0.21561035018224373,1
comprehension,ally_majority,neutral,0220,-1,0,1,0,aQrPaQrP,B,mistral-small,mistralai/mistral-small-3.2-24b-instruct,parasail/bf16,0,1.0,Parasail,B,7.44e-06,0.029312233295254998,0.23333105290016531,1
comprehension,ally_majority,neutral,0220,1,0,0,0,aQaQrPrP,B,mistral-small,mistralai/mistral-small-3.2-24b-instruct,parasail/bf16,0,1.0,Parasail,B,8.08e-06,0.03308598124894904,0.19558119535957064,1
comprehension,ally_majority,neutral,0220,1,0,1,0,aQrPaQrP,B,mistral-small,mistralai/mistral-small-3.2-24b-instruct,parasail/bf16,0,1.0,Parasail,B,7.44e-06,0.0534033328129234,0.49667757889410036,0
comprehension,ally_majority,neutral,0221,-1,0,0,0,aQaQrPrQrP,B,mistral-small,mistralai/mistral-small-3.2-24b-instruct,parasail/bf16,0,1.0,Parasail,Given,8.62e-06,0.029312234143221275,0.405363836610943,1
comprehension,ally_majority,neutral,0221,-1,0,1,0,rPrQrPaQaQ,B,mistral-small,mistralai/mistral-small-3.2-24b-instruct,parasail/bf16,0,1.0,Parasail,B,8.62e-06,0.04742587788985983,0.21869155270131124,1
comprehension,ally_majority,neutral,0221,1,0,0,0,aQaQrPrPrQ,B,mistral-small,mistralai/mistral-small-3.2-24b-instruct,parasail/bf16,0,1.0,Parasail,Let,7.98e-06,0.04742587587030561,0.4585012850046555,1
comprehension,ally_majority,neutral,0221,1,0,1,0,rPrQaQrPaQ,B,mistral-small,mistralai/mistral-small-3.2-24b-instruct,parasail/bf16,0,1.0,Parasail,B,7.98e-06,0.02931223075135632,0.5642811551007749,1
comprehension,ally_majority,neutral,0222,-1,0,0,0,rPaQaQrPrQrQ,B,mistral-small,mistralai/mistral-small-3.2-24b-instruct,parasail/bf16,0,1.0,Parasail,B,8.52e-06,0.02931222735949175,0.4141584957273531,1
comprehension,ally_majority,neutral,0222,-1,0,1,0,rQrQrPrPaQaQ,B,mistral-small,mistralai/mistral-small-3.2-24b-instruct,parasail/bf16,0,1.0,Parasail,B,7.88e-06,0.0600866518571309,0.3344737777914637,1
comprehension,ally_majority,neutral,0222,1,0,0,0,rPrQaQrPrQaQ,B,mistral-small,mistralai/mistral-small-3.2-24b-instruct,parasail/bf16,0,1.0,Parasail,Based,7.88e-06,0.037326889485938444,0.5471049088087114,1
comprehension,ally_majority,neutral,0222,1,0,1,0,aQrQrPrPaQrQ,B,mistral-small,mistralai/mistral-small-3.2-24b-instruct,parasail/bf16,0,1.0,Parasail,The,7.88e-06,0.11920290950590741,0.7005812927894264,0
comprehension,ally_majority,neutral,0230,-1,0,0,0,aQrPaQrPrP,B,mistral-small,mistralai/mistral-small-3.2-24b-instruct,parasail/bf16,0,1.0,Parasail,B,7.98e-06,0.03308598029553404,0.3473501297310848,1
comprehension,ally_majority,neutral,0230,-1,0,1,0,aQaQrPrPrP,B,mistral-small,mistralai/mistral-small-3.2-24b-instruct,parasail/bf16,0,1.0,Parasail,B,7.98e-06,0.015906394394230357,0.09663519888808636,0
comprehension,ally_majority,neutral,0230,1,0,0,0,rPrPrPaQaQ,B,mistral-small,mistralai/mistral-small-3.2-24b-instruct,parasail/bf16,0,1.0,Parasail,B,7.98e-06,0.007577241379914961,0.10459605150884821,1
comprehension,ally_majority,neutral,0230,1,0,1,0,rPrPaQrPaQ,B,mistral-small,mistralai/mistral-small-3.2-24b-instruct,parasail/bf16,0,1.0,Parasail,B,7.98e-06,0.03308597838870413,0.3096733919474316,1
comprehension,ally_majority,neutral,0231,-1,0,0,0,rPrPrPrQaQaQ,B,mistral-small,mistralai/mistral-small-3.2-24b-instruct,parasail/bf16,0,1.0,Parasail,B,7.88e-06,0.020332356310813628,0.15676008546623965,1
comprehension,ally_majority,neutral,0231,-1,0,1,0,rPaQrPrPaQrQ,B,mistral-small,mistralai/mistral-small-3.2-24b-instruct,parasail/bf16,0,1.0,Parasail,B,7.88e-06,0.03308597838870413,0.5511439199716048,0
comprehension,ally_majority,neutral,0231,1,0,0,0,rPaQaQrPrQrP,B,mistral-small,mistralai/mistral-small-3.2-24b-instruct,parasail/bf16,0,1.0,Parasail,Let,8.52e-06,0.042087723109535534,0.6101259751872232,1
comprehension,ally_majority,neutral,0231,1,0,1,0,aQrPrPrQaQrP,B,mistral-small,mistralai/mistral-small-3.2-24b-instruct,parasail/bf16,0,1.0,Parasail,B,7.88e-06,0.06754668363133544,0.7014663910783112,0
comprehension,ally_majority,neutral,0240,-1,0,0,0,rPaQaQrPrPrP,B,mistral-small,mistralai/mistral-small-3.2-24b-instruct,parasail/bf16,0,1.0,Parasail,The,7.88e-06,0.025957359081569886,0.16445564040037408,1
comprehension,ally_majority,neutral,0240,-1,0,1,0,rPaQrPaQrPrP,B,mistral-small,mistralai/mistral-small-3.2-24b-instruct,parasail/bf16,0,1.0,Parasail,To,7.88e-06,0.01798620838292263,0.25680840749989986,0
comprehension,ally_majority,neutral,0240,1,0,0,0,rPrPrPaQaQrP,B,mistral-small,mistralai/mistral-small-3.2-24b-instruct,parasail/bf16,0,1.0,Parasail,B,7.88e-06,0.033085976958581766,0.1766583635726462,1
comprehension,ally_majority,neutral,0240,1,0,1,0,rPaQrPrPrPaQ,B,mistral-small,mistralai/mistral-small-3.2-24b-instruct,parasail/bf16,0,1.0,Parasail,B,8.52e-06,0.02595735456051482,0.20773701569075131,1
comprehension,ally_majority,neutral,0300,-1,0,0,0,aQaQaQ,B,mistral-small,mistralai/mistral-small-3.2-24b-instruct,parasail/bf16,0,1.0,Parasail,B,7.54e-06,0.0013250222496083788,0.020354890727553032,1
comprehension,ally_majority,neutral,0300,-1,0,1,0,aQaQaQ,B,mistral-small,mistralai/mistral-small-3.2-24b-instruct,parasail/bf16,0,1.0,Parasail,B,7.54e-06,0.0015011824075035027,0.023135728016997037,1
comprehension,ally_majority,neutral,0300,1,0,0,0,aQaQaQ,B,mistral-small,mistralai/mistral-small-3.2-24b-instruct,parasail/bf16,0,1.0,Parasail,B,7.54e-06,0.0005527786924929118,0.02059005210383713,1
comprehension,ally_majority,neutral,0300,1,0,1,0,aQaQaQ,B,mistral-small,mistralai/mistral-small-3.2-24b-instruct,parasail/bf16,0,1.0,Parasail,B,7.54e-06,0.0015011819914996477,0.028377025381290166,1
comprehension,ally_majority,neutral,0301,-1,0,0,0,aQaQrQaQ,B,mistral-small,mistralai/mistral-small-3.2-24b-instruct,parasail/bf16,0,1.0,Parasail,B,7.44e-06,0.014063629419342763,0.10333363016511488,1
comprehension,ally_majority,neutral,0301,-1,0,1,0,aQrQaQaQ,B,mistral-small,mistralai/mistral-small-3.2-24b-instruct,parasail/bf16,0,1.0,Parasail,B,8.08e-06,0.005220125848318164,0.062029589669366,1
comprehension,ally_majority,neutral,0301,1,0,0,0,aQaQaQrQ,B,mistral-small,mistralai/mistral-small-3.2-24b-instruct,parasail/bf16,0,1.0,Parasail,B,8.08e-06,0.004070137595090278,0.05236490444777897,1
comprehension,ally_majority,neutral,0301,1,0,1,0,rQaQaQaQ,B,mistral-small,mistralai/mistral-small-3.2-24b-instruct,parasail/bf16,0,1.0,Parasail,B,7.44e-06,0.007577242892646151,0.05539682725677575,1
comprehension,ally_majority,neutral,0302,-1,0,0,0,aQrQaQaQrQ,B,mistral-small,mistralai/mistral-small-3.2-24b-instruct,parasail/bf16,0,1.0,Parasail,The,8.62e-06,0.02297737225168171,0.12930132066631228,1
comprehension,ally_majority,neutral,0302,-1,0,1,0,aQrQrQaQaQ,B,mistral-small,mistralai/mistral-small-3.2-24b-instruct,parasail/bf16,0,1.0,Parasail,B,8.62e-06,0.014063627973022628,0.09483329238426041,1
comprehension,ally_majority,neutral,0302,1,0,0,0,aQaQrQrQaQ,B,mistral-small,mistralai/mistral-small-3.2-24b-instruct,parasail/bf16,0,1.0,Parasail,B,8.62e-06,0.014063626939936905,0.07600324456095786,1
comprehension,ally_majority,neutral,0302,1,0,1,0,aQaQaQrQrQ,B,mistral-small,mistralai/mistral-small-3.2-24b-instruct,parasail/bf16,0,1.0,Parasail,B,7.98e-06,0.012431650853185821,0.06880776369137531,1
comprehension,ally_majority,neutral,0303,-1,0,0,0,rQaQaQrQaQrQ,B,mistral-small,mistralai/mistral-small-3.2-24b-instruct,parasail/bf16,0,1.0,Parasail,B,9.16e-06,0.02033235423310517,0.18790196962973515,1
comprehension,ally_majority,neutral,0303,-1,0,1,0,rQrQaQrQaQaQ,B,mistral-small,mistralai/mistral-small-3.2-24b-instruct,parasail/bf16,0,1.0,Parasail,B,7.88e-06,0.13296424019782926,0.19559635804205677,0
comprehension,ally_majority,neutral,0303,1,0,0,0,rQaQaQrQaQrQ,B,mistral-small,mistralai/mistral-small-3.2-24b-instruct,parasail/bf16,0,1.0,Parasail,To,7.88e-06,0.02595735418376027,0.18944970107968262,1
comprehension,ally_majority,neutral,0303,1,0,1,0,rQaQrQrQaQaQ,B,mistral-small,mistralai/mistral-small-3.2-24b-instruct,parasail/bf16,0,1.0,Parasail,The,7.88e-06,0.029312233295255,0.13727296283741564,0
comprehension,ally_majority,neutral,0310,-1,0,0,0,aQaQrPaQ,B,mistral-small,mistralai/mistral-small-3.2-24b-instruct,parasail/bf16,0,1.0,Parasail,Let,7.44e-06,0.025957355690778516,0.16422122533266958,1
comprehension,ally_majority,neutral,0310,-1,0,1,0,aQrPaQaQ,B,mistral-small,mistralai/mistral-small-3.2-24b-instruct,parasail/bf16,0,1.0,Parasail,B,8.08e-06,0.02033235601399812,0.13831364042506888,1
comprehension,ally_majority,neutral,0310,1,0,0,0,rPaQaQaQ,B,mistral-small,mistralai/mistral-small-3.2-24b-instruct,parasail/bf16,0,1.0,Parasail,B,7.44e-06,0.00460957241867396,0.05564842474939746,1
comprehension,ally_majority,neutral,0310,1,0,1,0,aQaQaQrP,B,mistral-small,mistralai/mistral-small-3.2-24b-instruct,parasail/bf16,0,1.0,Parasail,To,8.08e-06,0.005911067827400579,0.04632036774401305,1
comprehension,ally_majority,neutral,0311,-1,0,0,0,rQaQaQrPaQ,B,mistral-small,mistralai/mistral-small-3.2-24b-instruct,parasail/bf16,0,1.0,Parasail,B,7.98e-06,0.022977367233847502,0.35420329451424015,1
comprehension,ally_majority,neutral,0311,-1,0,1,0,aQaQrPaQrQ,B,mistral-small,mistralai/mistral-small-3.2-24b-instruct,parasail/bf16,0,1.0,Parasail,Let,7.98e-06,0.025957353430251174,0.3490392179805103,1
comprehension,ally_majority,neutral,0311,1,0,0,0,aQrPaQrQaQ,B,mistral-small,mistralai/mistral-small-3.2-24b-instruct,parasail/bf16,0,1.0,Parasail,B,7.98e-06,0.01590639124530769,0.35798788601622744,1
comprehension,ally_majority,neutral,0311,1,0,1,0,rPrQaQaQaQ,B,mistral-small,mistralai/mistral-small-3.2-24b-instruct,parasail/bf16,0,1.0,Parasail,B,7.98e-06,0.008577483766375986,0.0864543755590611,1
comprehension,ally_majority,neutral,0312,-1,0,0,0,rQrPrQaQaQaQ,B,mistral-small,mistralai/mistral-small-3.2-24b-instruct,parasail/bf16,0,1.0,Parasail,B,7.88e-06,0.020332352155396926,0.14877628558937694,1
comprehension,ally_majority,neutral,0312,-1,0,1,0,aQrQrQaQaQrP,B,mistral-small,mistralai/mistral-small-3.2-24b-instruct,parasail/bf16,0,1.0,Parasail,B,7.88e-06,0.014063629316034177,0.17843744352367574,1
comprehension,ally_majority,neutral,0312,1,0,0,0,rQaQrQrPaQaQ,B,mistral-small,mistralai/mistral-small-3.2-24b-instruct,parasail/bf16,0,1.0,Parasail,B,7.88e-06,0.01798620785653302,0.3200382301967143,1
comprehension,ally_majority,neutral,0312,1,0,1,0,rQrPaQaQrQaQ,B,mistral-small,mistralai/mistral-small-3.2-24b-instruct,parasail/bf16,0,1.0,Parasail,To,7.88e-06,0.03308597648187433,0.4846485120728269,1
comprehension,ally_majority,neutral,0320,-1,0,0,0,rPrPaQaQaQ,B,mistral-small,mistralai/mistral-small-3.2-24b-instruct,parasail/bf16,0,1.0,Parasail,B,7.98e-06,0.004070136915557446,0.044568862447631696,1
comprehension,ally_majority,neutral,0320,-1,0,1,0,aQaQaQrPrP,B,mistral-small,mistralai/mistral-small-3.2-24b-instruct,parasail/bf16,0,1.0,Parasail,B,7.98e-06,0.00591106900947578,0.05406877218790662,1
comprehension,ally_majority,neutral,0320,1,0,0,0,rPrPaQaQaQ,B,mistral-small,mistralai/mistral-small-3.2-24b-instruct,parasail/bf16,0,1.0,Parasail,B,7.98e-06,0.009708474619054318,0.0722729673921626,1
comprehension,ally_majority,neutral,0320,1,0,1,0,aQrPaQrPaQ,B,mistral-small,mistralai/mistral-small-3.2-24b-instruct,parasail/bf16,0,1.0,Parasail,B,7.98e-06,0.017986212067650335,0.23327057049502775,1
comprehension,ally_majority,neutral,0321,-1,0,0,0,aQaQrPaQrQrP,B,mistral-small,mistralai/mistral-small-3.2-24b-instruct,parasail/bf16,0,1.0,Parasail,To,8.52e-06,0.020332352155396926,0.525958937761654,1
comprehension,ally_majority,neutral,0321,-1,0,1,0,aQrPaQaQrQrP,B,mistral-small,mistralai/mistral-small-3.2-24b-instruct,parasail/bf16,0,1.0,Parasail,Let,7.88e-06,0.012431649389640947,0.6381017238579842,1
comprehension,ally_majority,neutral,0321,1,0,0,0,aQrPrQrPaQaQ,B,mistral-small,mistralai/mistral-small-3.2-24b-instruct,parasail/bf16,0,1.0,Parasail,To,7.88e-06,0.01590639171181471,0.4775936967579826,1
comprehension,ally_majority,neutral,0321,1,0,1,0,rQaQrPaQaQrP,B,mistral-small,mistralai/mistral-small-3.2-24b-instruct,parasail/bf16,0,1.0,Parasail,Let,9.16e-06,0.03732688734412946,0.7296975956820733,0
comprehension,ally_majority,neutral,0330,-1,0,0,0,rPaQrPaQaQrP,B,mistral-small,mistralai/mistral-small-3.2-24b-instruct,parasail/bf16,0,1.0,Parasail,B,7.88e-06,0.014063625183691352,0.20313895730218667,1
comprehension,ally_majority,neutral,0330,-1,0,1,0,rPrPaQaQrPaQ,B,mistral-small,mistralai/mistral-small-3.2-24b-instruct,parasail/bf16,0,1.0,Parasail,B,7.88e-06,0.01590639404435003,0.1359820243599067,1
comprehension,ally_majority,neutral,0330,1,0,0,0,rPaQaQrPrPaQ,B,mistral-small,mistralai/mistral-small-3.2-24b-instruct,parasail/bf16,0,1.0,Parasail,B,7.88e-06,0.033085980772241536,0.21967315853969782,1
comprehension,ally_majority,neutral,0330,1,0,1,0,rPrPaQaQrPaQ,B,mistral-small,mistralai/mistral-small-3.2-24b-instruct,parasail/bf16,0,1.0,Parasail,B,7.88e-06,0.0179862123308452,0.14658097917998558,1
comprehension,ally_majority,neutral,0400,-1,0,0,0,aQaQaQaQ,B,mistral-small,mistralai/mistral-small-3.2-24b-instruct,parasail/bf16,0,1.0,Parasail,B,7.44e-06,0.0015011825094105047,0.015310298856311078,1
comprehension,ally_majority,neutral,0400,-1,0,1,0,aQaQaQaQ,B,mistral-small,mistralai/mistral-small-3.2-24b-instruct,parasail/bf16,0,1.0,Parasail,B,7.44e-06,0.0011695101062195719,0.014111011740379098,1
comprehension,ally_majority,neutral,0400,1,0,0,0,aQaQaQaQ,B,mistral-small,mistralai/mistral-small-3.2-24b-instruct,parasail/bf16,0,1.0,Parasail,B,7.44e-06,0.0015011820361711969,0.01545788095225642,1
comprehension,ally_majority,neutral,0400,1,0,1,0,aQaQaQaQ,B,mistral-small,mistralai/mistral-small-3.2-24b-instruct,parasail/bf16,0,1.0,Parasail,B,8.08e-06,0.0015011823600399698,0.016804071216394934,1
comprehension,ally_majority,neutral,0401,-1,0,0,0,rQaQaQaQaQ,B,mistral-small,mistralai/mistral-small-3.2-24b-instruct,parasail/bf16,0,1.0,Parasail,B,7.98e-06,0.002800927237652038,0.0553737428527179,1
comprehension,ally_majority,neutral,0401,-1,0,1,0,aQaQaQrQaQ,B,mistral-small,mistralai/mistral-small-3.2-24b-instruct,parasail/bf16,0,1.0,Parasail,B,7.98e-06,0.005911069731855184,0.0566998357669688,1
comprehension,ally_majority,neutral,0401,1,0,0,0,aQrQaQaQaQ,B,mistral-small,mistralai/mistral-small-3.2-24b-instruct,parasail/bf16,0,1.0,Parasail,B,7.98e-06,0.003593602674793823,0.04942054191834555,1
comprehension,ally_majority,neutral,0401,1,0,1,0,aQrQaQaQaQ,B,mistral-small,mistralai/mistral-small-3.2-24b-instruct,parasail/bf16,0,1.0,Parasail,B,7.98e-06,0.0052201254614187564,0.04594161024232768,1
comprehension,ally_majority,neutral,0402,-1,0,0,0,aQaQaQrQrQaQ,B,mistral-small,mistralai/mistral-small-3.2-24b-instruct,parasail/bf16,0,1.0,Parasail,B,8.52e-06,0.008577487377843777,0.058210032807131884,1
comprehension,ally_majority,neutral,0402,-1,0,1,0,aQrQaQrQaQaQ,B,mistral-small,mistralai/mistral-small-3.2-24b-instruct,parasail/bf16,0,1.0,Parasail,B,7.88e-06,0.008577483671337378,0.05447531807260397,1
comprehension,ally_majority,neutral,0402,1,0,0,0,rQaQaQaQaQrQ,B,mistral-small,mistralai/mistral-small-3.2-24b-instruct,parasail/bf16,0,1.0,Parasail,B,7.88e-06,0.005911068287096463,0.05484189937924333,1
comprehension,ally_majority,neutral,0402,1,0,1,0,rQaQaQrQaQaQ,B,mistral-small,mistralai/mistral-small-3.2-24b-instruct,parasail/bf16,0,1.0,Parasail,B,7.88e-06,0.015906394394230357,0.1158677404658558,1
comprehension,ally_majority,neutral,0410,-1,0,0,0,aQaQaQrPaQ,B,mistral-small,mistralai/mistral-small-3.2-24b-instruct,parasail/bf16,0,1.0,Parasail,B,8.62e-06,0.007577241155806661,0.064268534122227,1
comprehension,ally_majority,neutral,0410,-1,0,1,0,rPaQaQaQaQ,B,mistral-small,mistralai/mistral-small-3.2-24b-instruct,parasail/bf16,0,1.0,Parasail,B,7.98e-06,0.0021827168063961464,0.02618205580431554,1
comprehension,ally_majority,neutral,0410,1,0,0,0,aQaQaQaQrP,B,mistral-small,mistralai/mistral-small-3.2-24b-instruct,parasail/bf16,0,1.0,Parasail,B,7.98e-06,0.002472622798284738,0.0398309640598814,1
comprehension,ally_majority,neutral,0410,1,0,1,0,aQaQaQaQrP,B,mistral-small,mistralai/mistral-small-3.2-24b-instruct,parasail/bf16,0,1.0,Parasail,B,7.98e-06,0.0028009269150957713,0.037094320647613754,1
comprehension,ally_majority,neutral,0411,-1,0,0,0,rQaQaQaQrPaQ,B,mistral-small,mistralai/mistral-small-3.2-24b-instruct,parasail/bf16,0,1.0,Parasail,B,9.16e-06,0.017986207330143424,0.26198834771522417,1
comprehension,ally_majority,neutral,0411,-1,0,1,0,aQrPaQrQaQaQ,B,mistral-small,mistralai/mistral-small-3.2-24b-instruct,parasail/bf16,0,1.0,Parasail,B,9.16e-06,0.01590639007904019,0.1486597476672178,1
comprehension,ally_majority,neutral,0411,1,0,0,0,aQrQaQaQaQrP,B,mistral-small,mistralai/mistral-small-3.2-24b-instruct,parasail/bf16,0,1.0,Parasail,B,7.88e-06,0.017986207724935616,0.11725299065881789,1
comprehension,ally_majority,neutral,0411,1,0,1,0,aQaQrPaQaQrQ,B,mistral-small,mistralai/mistral-small-3.2-24b-instruct,parasail/bf16,0,1.0,Parasail,B,8.52e-06,0.03308597743528922,0.24154067060075057,1
comprehension,ally_majority,neutral,0420,-1,0,0,0,rPaQaQrPaQaQ,B,mistral-small,mistralai/mistral-small-3.2-24b-instruct,parasail/bf16,0,1.0,Parasail,B,7.88e-06,0.012431648657868579,0.10692746508871342,1
comprehension,ally_majority,neutral,0420,-1,0,1,0,rPaQaQrPaQaQ,B,mistral-small,mistralai/mistral-small-3.2-24b-instruct,parasail/bf16,0,1.0,Parasail,Based,9.16e-06,0.009708474404159752,0.09193571023353264,1
comprehension,ally_majority,neutral,0420,1,0,0,0,aQaQaQaQrPrP,B,mistral-small,mistralai/mistral-small-3.2-24b-instruct,parasail/bf16,0,1.0,Parasail,B,7.88e-06,0.0040701369759603605,0.04731528880409863,1
comprehension,ally_majority,neutral,0420,1,0,1,0,aQaQrPaQaQrP,B,mistral-small,mistralai/mistral-small-3.2-24b-instruct,parasail/bf16,0,1.0,Parasail,B,7.88e-06,0.02595735945832451,0.14784091953900624,1
comprehension,ally_majority,neutral,0500,-1,0,0,0,aQaQaQaQaQ,B,mistral-small,mistralai/mistral-small-3.2-24b-instruct,parasail/bf16,0,1.0,Parasail,B,7.98e-06,0.0011695104032210441,0.012440022512558602,1
comprehension,ally_majority,neutral,0500,-1,0,1,0,aQaQaQaQaQ,B,mistral-small,mistralai/mistral-small-3.2-24b-instruct,parasail/bf16,0,1.0,Parasail,B,7.98e-06,0.001169510148648349,0.01327860428613492,1
comprehension,ally_majority,neutral,0500,1,0,0,0,aQaQaQaQaQ,B,mistral-small,mistralai/mistral-small-3.2-24b-instruct,parasail/bf16,0,1.0,Parasail,B,7.98e-06,0.001325022611930508,0.013690924390999948,1
comprehension,ally_majority,neutral,0500,1,0,1,0,aQaQaQaQaQ,B,mistral-small,mistralai/mistral-small-3.2-24b-instruct,parasail/bf16,0,1.0,Parasail,B,7.98e-06,0.001325022487459289,0.013907620171824009,1
comprehension,ally_majority,neutral,0501,-1,0,0,0,aQaQaQrQaQaQ,B,mistral-small,mistralai/mistral-small-3.2-24b-instruct,parasail/bf16,0,1.0,Parasail,B,7.88e-06,0.002800927362512538,0.05352520384400572,1
comprehension,ally_majority,neutral,0501,-1,0,1,0,aQaQaQaQaQrQ,B,mistral-small,mistralai/mistral-small-3.2-24b-instruct,parasail/bf16,0,1.0,Parasail,B,7.88e-06,0.0019267343087185898,0.023715205137673334,1
comprehension,ally_majority,neutral,0501,1,0,0,0,aQaQaQaQaQrQ,B,mistral-small,mistralai/mistral-small-3.2-24b-instruct,parasail/bf16,0,1.0,Parasail,B,7.88e-06,0.0013250225281281017,0.027361645256832046,1
comprehension,ally_majority,neutral,0501,1,0,1,0,aQaQrQaQaQaQ,B,mistral-small,mistralai/mistral-small-3.2-24b-instruct,parasail/bf16,0,1.0,Parasail,B,7.88e-06,0.004609572589602362,0.038945768635110234,1
comprehension,ally_majority,neutral,0510,-1,0,0,0,aQaQaQaQaQrP,B,mistral-small,mistralai/mistral-small-3.2-24b-instruct,parasail/bf16,0,1.0,Parasail,B,7.88e-06,0.0013250224073540554,0.023544513878388407,1
comprehension,ally_majority,neutral,0510,-1,0,1,0,aQaQaQaQaQrP,B,mistral-small,mistralai/mistral-small-3.2-24b-instruct,parasail/bf16,0,1.0,Parasail,B,7.88e-06,0.0009110513300341808,0.017804112200312083,1
comprehension,ally_majority,neutral,0510,1,0,0,0,aQaQaQrPaQaQ,B,mistral-small,mistralai/mistral-small-3.2-24b-instruct,parasail/bf16,0,1.0,Parasail,B,7.88e-06,0.007577241323887886,0.050845447663770194,1
comprehension,ally_majority,neutral,0510,1,0,1,0,rPaQaQaQaQaQ,B,mistral-small,mistralai/mistral-small-3.2-24b-instruct,parasail/bf16,0,1.0,Parasail,B,8.52e-06,0.0017007227213558793,0.017692203704689047,1
comprehension,ally_majority,neutral,0600,-1,0,0,0,aQaQaQaQaQaQ,B,mistral-small,mistralai/mistral-small-3.2-24b-instruct,parasail/bf16,0,1.0,Parasail,B,7.88e-06,0.0009110510875892504,0.009308495051662535,1
comprehension,ally_majority,neutral,0600,-1,0,1,0,aQaQaQaQaQaQ,B,mistral-small,mistralai/mistral-small-3.2-24b-instruct,parasail/bf16,0,1.0,Parasail,B,7.88e-06,0.0010322310223496035,0.010116541620692754,1
comprehension,ally_majority,neutral,0600,1,0,0,0,aQaQaQaQaQaQ,B,mistral-small,mistralai/mistral-small-3.2-24b-instruct,parasail/bf16,0,1.0,Parasail,B,8.52e-06,0.0007096704869421751,0.008506276703428517,1
comprehension,ally_majority,neutral,0600,1,0,1,0,aQaQaQaQaQaQ,B,mistral-small,mistralai/mistral-small-3.2-24b-instruct,parasail/bf16,0,1.0,Parasail,B,7.88e-06,0.0010322310165875172,0.009930545410597347,1
comprehension,ally_majority,neutral,1000,-1,0,0,0,aP,A,mistral-small,mistralai/mistral-small-3.2-24b-instruct,parasail/bf16,0,1.0,Parasail,The,6.46e-06,0.9859363717170517,0.2912562617079876,1
comprehension,ally_majority,neutral,1000,-1,0,1,0,aP,A,mistral-small,mistralai/mistral-small-3.2-24b-instruct,parasail/bf16,0,1.0,Parasail,A,6.46e-06,0.9890130570455679,0.18000362831829753,1
comprehension,ally_majority,neutral,1000,1,0,0,0,aP,A,mistral-small,mistralai/mistral-small-3.2-24b-instruct,parasail/bf16,0,1.0,Parasail,Based,7.1e-06,0.996827317675908,0.07774533458446287,1
comprehension,ally_majority,neutral,1000,1,0,1,0,aP,A,mistral-small,mistralai/mistral-small-3.2-24b-instruct,parasail/bf16,0,1.0,Parasail,A,6.46e-06,0.9971990723981715,0.04784385488600362,1
comprehension,ally_majority,neutral,1001,-1,0,0,0,aPrQ,A,mistral-small,mistralai/mistral-small-3.2-24b-instruct,parasail/bf16,0,1.0,Parasail,Given,7e-06,0.8933094003735663,0.4087700173537017,0
comprehension,ally_majority,neutral,1001,-1,0,1,0,rQaP,A,mistral-small,mistralai/mistral-small-3.2-24b-instruct,parasail/bf16,0,1.0,Parasail,A,7e-06,0.9820137860899856,0.19741730447487393,1
comprehension,ally_majority,neutral,1001,1,0,0,0,aPrQ,A,mistral-small,mistralai/mistral-small-3.2-24b-instruct,parasail/bf16,0,1.0,Parasail,A,7e-06,0.9840936117869876,0.13405512429022848,1
comprehension,ally_majority,neutral,1001,1,0,1,0,aPrQ,A,mistral-small,mistralai/mistral-small-3.2-24b-instruct,parasail/bf16,0,1.0,Parasail,A,7e-06,0.9940889302681448,0.07183434596938931,1
comprehension,ally_majority,neutral,1002,-1,0,0,0,rQrQaP,A,mistral-small,mistralai/mistral-small-3.2-24b-instruct,parasail/bf16,0,1.0,Parasail,A,6.9e-06,0.9706877684006775,0.3376682826936942,1
comprehension,ally_majority,neutral,1002,-1,0,1,0,aPrQrQ,A,mistral-small,mistralai/mistral-small-3.2-24b-instruct,parasail/bf16,0,1.0,Parasail,A,7.54e-06,0.9706877675527112,0.3696356617711647,1
comprehension,ally_majority,neutral,1002,1,0,0,0,aPrQrQ,A,mistral-small,mistralai/mistral-small-3.2-24b-instruct,parasail/bf16,0,1.0,Parasail,Given,7.54e-06,0.9706877679766943,0.19106900412566208,1
comprehension,ally_majority,neutral,1002,1,0,1,0,rQrQaP,A,mistral-small,mistralai/mistral-small-3.2-24b-instruct,parasail/bf16,0,1.0,Parasail,A,7.54e-06,0.990291524736262,0.07961993967221037,1
comprehension,ally_majority,neutral,1003,-1,0,0,0,rQrQrQaP,A,mistral-small,mistralai/mistral-small-3.2-24b-instruct,parasail/bf16,0,1.0,Parasail,A,7.44e-06,0.9820137866163753,0.1928855982094988,1
comprehension,ally_majority,neutral,1003,-1,0,1,0,rQaPrQrQ,A,mistral-small,mistralai/mistral-small-3.2-24b-instruct,parasail/bf16,0,1.0,Parasail,To,7.44e-06,0.9770226280828406,0.3365971281402299,1
comprehension,ally_majority,neutral,1003,1,0,0,0,rQaPrQrQ,A,mistral-small,mistralai/mistral-small-3.2-24b-instruct,parasail/bf16,0,1.0,Parasail,A,8.08e-06,0.9626731158685837,0.3066875432421726,1
comprehension,ally_majority,neutral,1003,1,0,1,0,rQrQrQaP,A,mistral-small,mistralai/mistral-small-3.2-24b-instruct,parasail/bf16,0,1.0,Parasail,A,7.44e-06,0.9933071485556304,0.05790446469320054,1
comprehension,ally_majority,neutral,1004,-1,0,0,0,aPrQrQrQrQ,A,mistral-small,mistralai/mistral-small-3.2-24b-instruct,parasail/bf16,0,1.0,Parasail,A,7.98e-06,0.9149009619539554,0.26957850799879224,0
comprehension,ally_majority,neutral,1004,-1,0,1,0,rQaPrQrQrQ,A,mistral-small,mistralai/mistral-small-3.2-24b-instruct,parasail/bf16,0,1.0,Parasail,A,7.98e-06,0.9902915236617891,0.20921811078829622,1
comprehension,ally_majority,neutral,1004,1,0,0,0,rQrQaPrQrQ,A,mistral-small,mistralai/mistral-small-3.2-24b-instruct,parasail/bf16,0,1.0,Parasail,Given,8.62e-06,0.9770226277483183,0.19439335286096415,1
comprehension,ally_majority,neutral,1004,1,0,1,0,rQrQrQrQaP,A,mistral-small,mistralai/mistral-small-3.2-24b-instruct,parasail/bf16,0,1.0,Parasail,A,7.98e-06,0.9940889325009535,0.05617171348007932,1
comprehension,ally_majority,neutral,1005,-1,0,0,0,aPrQrQrQrQrQ,A,mistral-small,mistralai/mistral-small-3.2-24b-instruct,parasail/bf16,0,1.0,Parasail,A,7.88e-06,0.9241418116217418,0.17336043887799146,0
comprehension,ally_majority,neutral,1005,-1,0,1,0,rQrQrQrQaPrQ,A,mistral-small,mistralai/mistral-small-3.2-24b-instruct,parasail/bf16,0,1.0,Parasail,A,7.88e-06,0.9902915258107348,0.15343922643868735,1
comprehension,ally_majority,neutral,1005,1,0,0,0,rQrQrQrQrQaP,A,mistral-small,mistralai/mistral-small-3.2-24b-instruct,parasail/bf16,0,1.0,Parasail,A,9.16e-06,0.9914225143328517,0.08308944101446192,0
comprehension,ally_majority,neutral,1005,1,0,1,0,rQrQrQrQaPrQ,A,mistral-small,mistralai/mistral-small-3.2-24b-instruct,parasail/bf16,0,1.0,Parasail,A,7.88e-06,0.9890130593933997,0.09995562153980486,1
comprehension,ally_majority,neutral,1010,-1,0,0,0,rPaP,A,mistral-small,mistralai/mistral-small-3.2-24b-instruct,parasail/bf16,0,1.0,Parasail,To,7e-06,0.8807970717197771,0.36762070460248836,0
comprehension,ally_majority,neutral,1010,-1,0,1,0,rPaP,A,mistral-small,mistralai/mistral-small-3.2-24b-instruct,parasail/bf16,0,1.0,Parasail,The,7.64e-06,0.9840936120202411,0.14578023805737084,1
comprehension,ally_majority,neutral,1010,1,0,0,0,aPrP,A,mistral-small,mistralai/mistral-small-3.2-24b-instruct,parasail/bf16,0,1.0,Parasail,A,7e-06,0.9820137918802722,0.16809030374203326,1
comprehension,ally_majority,neutral,1010,1,0,1,0,aPrP,A,mistral-small,mistralai/mistral-small-3.2-24b-instruct,parasail/bf16,0,1.0,Parasail,A,7e-06,0.9933071480850774,0.06594976362687865,1
comprehension,ally_majority,neutral,1011,-1,0,0,0,rQaPrP,A,mistral-small,mistralai/mistral-small-3.2-24b-instruct,parasail/bf16,0,1.0,Parasail,A,7.54e-06,0.8933094174159127,0.720711292488547,1
comprehension,ally_majority,neutral,1011,-1,0,1,0,aPrPrQ,A,mistral-small,mistralai/mistral-small-3.2-24b-instruct,parasail/bf16,0,1.0,Parasail,To,7.54e-06,0.9902915220858952,0.3451053296827854,1
comprehension,ally_majority,neutral,1011,1,0,0,0,rPrQaP,A,mistral-small,mistralai/mistral-small-3.2-24b-instruct,parasail/bf16,0,1.0,Parasail,A,7.54e-06,0.9525741295151718,0.32895225718761056,1
comprehension,ally_majority,neutral,1011,1,0,1,0,rPrQaP,A,mistral-small,mistralai/mistral-small-3.2-24b-instruct,parasail/bf16,0,1.0,Parasail,A,7.54e-06,0.9840936106207203,0.13060959863192179,1
comprehension,ally_majority,neutral,1012,-1,0,0,0,aPrQrQrP,A,mistral-small,mistralai/mistral-small-3.2-24b-instruct,parasail/bf16,0,1.0,Parasail,To,7.44e-06,0.9525741160514771,0.7985561456550597,0
comprehension,ally_majority,neutral,1012,-1,0,1,0,rQaPrQrP,A,mistral-small,mistralai/mistral-small-3.2-24b-instruct,parasail/bf16,0,1.0,Parasail,Let,8.08e-06,0.9706877743364404,0.5675133102373406,1
comprehension,ally_majority,neutral,1012,1,0,0,0,rQrQrPaP,A,mistral-small,mistralai/mistral-small-3.2-24b-instruct,parasail/bf16,0,1.0,Parasail,A,7.44e-06,0.9669140216112958,0.31562439411141585,1
comprehension,ally_majority,neutral,1012,1,0,1,0,aPrQrQrP,A,mistral-small,mistralai/mistral-small-3.2-24b-instruct,parasail/bf16,0,1.0,Parasail,A,7.44e-06,0.9924227582839226,0.22796045322704317,1
comprehension,ally_majority,neutral,1013,-1,0,0,0,rPrQrQrQaP,A,mistral-small,mistralai/mistral-small-3.2-24b-instruct,parasail/bf16,0,1.0,Parasail,Let,7.98e-06,0.9046505248181417,0.5927406441298648,1
comprehension,ally_majority,neutral,1013,-1,0,1,0,rPrQrQrQaP,A,mistral-small,mistralai/mistral-small-3.2-24b-instruct,parasail/bf16,0,1.0,Parasail,A,7.98e-06,0.9840936054891429,0.23193646073434215,1
comprehension,ally_majority,neutral,1013,1,0,0,0,aPrQrQrPrQ,A,mistral-small,mistralai/mistral-small-3.2-24b-instruct,parasail/bf16,0,1.0,Parasail,A,7.98e-06,0.9875683480491554,0.29069334261943924,1
comprehension,ally_majority,neutral,1013,1,0,1,0,rPrQaPrQrQ,A,mistral-small,mistralai/mistral-small-3.2-24b-instruct,parasail/bf16,0,1.0,Parasail,A,7.98e-06,0.9890130597981982,0.21731311172277346,1
comprehension,ally_majority,neutral,1014,-1,0,0,0,rQrPaPrQrQrQ,A,mistral-small,mistralai/mistral-small-3.2-24b-instruct,parasail/bf16,0,1.0,Parasail,The,7.88e-06,0.9465966702001757,0.5990548541907355,1
comprehension,ally_majority,neutral,1014,-1,0,1,0,rPrQrQaPrQrQ,A,mistral-small,mistralai/mistral-small-3.2-24b-instruct,parasail/bf16,0,1.0,Parasail,To,7.88e-06,0.987568350610359,0.3995898098784121,1
comprehension,ally_majority,neutral,1014,1,0,0,0,aPrQrQrQrQrP,A,mistral-small,mistralai/mistral-small-3.2-24b-instruct,parasail/bf16,0,1.0,Parasail,A,7.88e-06,0.9902915246646304,0.16258240811166913,1
comprehension,ally_majority,neutral,1014,1,0,1,0,rPrQaPrQrQrQ,A,mistral-small,mistralai/mistral-small-3.2-24b-instruct,parasail/bf16,0,1.0,Parasail,A,9.16e-06,0.9947798752350001,0.15259275824787588,1
comprehension,ally_majority,neutral,1020,-1,0,0,0,aPrPrP,A,mistral-small,mistralai/mistral-small-3.2-24b-instruct,parasail/bf16,0,1.0,Parasail,A,7.54e-06,0.867035752930664,0.32947360708407747,0
comprehension,ally_majority,neutral,1020,-1,0,1,0,rPaPrP,A,mistral-small,mistralai/mistral-small-3.2-24b-instruct,parasail/bf16,0,1.0,Parasail,A,7.54e-06,0.9626731131913228,0.18994937669510692,1
comprehension,ally_majority,neutral,1020,1,0,0,0,aPrPrP,A,mistral-small,mistralai/mistral-small-3.2-24b-instruct,parasail/bf16,0,1.0,Parasail,Let,6.9e-06,0.9740426443092215,0.17358839849508095,0
comprehension,ally_majority,neutral,1020,1,0,1,0,rPrPaP,A,mistral-small,mistralai/mistral-small-3.2-24b-instruct,parasail/bf16,0,1.0,Parasail,A,7.54e-06,0.992422757891733,0.04904251969980711,1
comprehension,ally_majority,neutral,1021,-1,0,0,0,rQrPaPrP,A,mistral-small,mistralai/mistral-small-3.2-24b-instruct,parasail/bf16,0,1.0,Parasail,Let,8.08e-06,0.8933094060543488,0.786744030132397,1
comprehension,ally_majority,neutral,1021,-1,0,1,0,aPrPrPrQ,A,mistral-small,mistralai/mistral-small-3.2-24b-instruct,parasail/bf16,0,1.0,Parasail,A,7.44e-06,0.9940889299179002,0.2670828115639068,1
comprehension,ally_majority,neutral,1021,1,0,0,0,rPaPrPrQ,A,mistral-small,mistralai/mistral-small-3.2-24b-instruct,parasail/bf16,0,1.0,Parasail,A,7.44e-06,0.939913343093499,0.519902790117134,1
comprehension,ally_majority,neutral,1021,1,0,1,0,rPrQaPrP,A,mistral-small,mistralai/mistral-small-3.2-24b-instruct,parasail/bf16,0,1.0,Parasail,Let,7.44e-06,0.9706877700966098,0.3590804703218168,1
comprehension,ally_majority,neutral,1022,-1,0,0,0,aPrPrQrQrP,A,mistral-small,mistralai/mistral-small-3.2-24b-instruct,parasail/bf16,0,1.0,Parasail,A,7.98e-06,0.9399133498259924,0.6474238308197052,0
comprehension,ally_majority,neutral,1022,-1,0,1,0,rQrPrQrPaP,A,mistral-small,mistralai/mistral-small-3.2-24b-instruct,parasail/bf16,0,1.0,Parasail,To,7.98e-06,0.977022625406662,0.2795928677216223,1
comprehension,ally_majority,neutral,1022,1,0,0,0,rPrQaPrQrP,A,mistral-small,mistralai/mistral-small-3.2-24b-instruct,parasail/bf16,0,1.0,Parasail,Let,7.98e-06,0.9626731126558706,0.6251703656733576,1
comprehension,ally_majority,neutral,1022,1,0,1,0,rPrQaPrPrQ,A,mistral-small,mistralai/mistral-small-3.2-24b-instruct,parasail/bf16,0,1.0,Parasail,A,7.98e-06,0.991422513825979,0.2266333068590427,1
comprehension,ally_majority,neutral,1023,-1,0,0,0,rQrQrQrPrPaP,A,mistral-small,mistralai/mistral-small-3.2-24b-instruct,parasail/bf16,0,1.0,Parasail,A,7.88e-06,0.8807970842359877,0.4176911755288492,0
comprehension,ally_majority,neutral,1023,-1,0,1,0,rQrQrQrPaPrP,A,mistral-small,mistralai/mistral-small-3.2-24b-instruct,parasail/bf16,0,1.0,Parasail,A,9.16e-06,0.9875683480491554,0.31735006044913805,1
comprehension,ally_majority,neutral,1023,1,0,0,0,aPrQrQrPrQrP,A,mistral-small,mistralai/mistral-small-3.2-24b-instruct,parasail/bf16,0,1.0,Parasail,A,7.88e-06,0.9902915243781044,0.33084879634510267,1
comprehension,ally_majority,neutral,1023,1,0,1,0,rPaPrPrQrQrQ,A,mistral-small,mistralai/mistral-small-3.2-24b-instruct,parasail/bf16,0,1.0,Parasail,A,7.88e-06,0.9924227574995435,0.12308394141886803,1
comprehension,ally_majority,neutral,1030,-1,0,0,0,rPrPaPrP,A,mistral-small,mistralai/mistral-small-3.2-24b-instruct,parasail/bf16,0,1.0,Parasail,A,7.44e-06,0.9324533163686647,0.3578415331542622,0
comprehension,ally_majority,neutral,1030,-1,0,1,0,rPaPrPrP,A,mistral-small,mistralai/mistral-small-3.2-24b-instruct,parasail/bf16,0,1.0,Parasail,The,7.44e-06,0.9820137887219342,0.12798791644050267,1
comprehension,ally_majority,neutral,1030,1,0,0,0,aPrPrPrP,A,mistral-small,mistralai/mistral-small-3.2-24b-instruct,parasail/bf16,0,1.0,Parasail,A,7.44e-06,0.9241418189341297,0.15039847652220237,0
comprehension,ally_majority,neutral,1030,1,0,1,0,rPaPrPrP,A,mistral-small,mistralai/mistral-small-3.2-24b-instruct,parasail/bf16,0,1.0,Parasail,A,7.44e-06,0.9902915234468944,0.07259912684186853,1
comprehension,ally_majority,neutral,1031,-1,0,0,0,rPrQrPrPaP,A,mistral-small,mistralai/mistral-small-3.2-24b-instruct,parasail/bf16,0,1.0,Parasail,Let,7.98e-06,0.9324533051062238,0.49413734324375275,0
comprehension,ally_majority,neutral,1031,-1,0,1,0,rPrPrPrQaP,A,mistral-small,mistralai/mistral-small-3.2-24b-instruct,parasail/bf16,0,1.0,Parasail,A,7.98e-06,0.9890130555882928,0.13406702131311454,1
comprehension,ally_majority,neutral,1031,1,0,0,0,rQrPaPrPrP,A,mistral-small,mistralai/mistral-small-3.2-24b-instruct,parasail/bf16,0,1.0,Parasail,To,7.98e-06,0.966914019704466,0.2759962937025082,1
comprehension,ally_majority,neutral,1031,1,0,1,0,rPaPrPrQrP,A,mistral-small,mistralai/mistral-small-3.2-24b-instruct,parasail/bf16,0,1.0,Parasail,A,7.98e-06,0.9902915250944195,0.17679370125903493,1
comprehension,ally_majority,neutral,1032,-1,0,0,0,rPrQrPrQaPrP,A,mistral-small,mistralai/mistral-small-3.2-24b-instruct,parasail/bf16,0,1.0,Parasail,The,7.88e-06,0.9324532938437812,0.7420291705217439,0
comprehension,ally_majority,neutral,1032,-1,0,1,0,aPrQrPrQrPrP,A,mistral-small,mistralai/mistral-small-3.2-24b-instruct,parasail/bf16,0,1.0,Parasail,A,9.16e-06,0.9933071492738427,0.2981190517190244,1
comprehension,ally_majority,neutral,1032,1,0,0,0,rQaPrQrPrPrP,A,mistral-small,mistralai/mistral-small-3.2-24b-instruct,parasail/bf16,0,1.0,Parasail,A,7.88e-06,0.9820137895115187,0.30165744862817134,1
comprehension,ally_majority,neutral,1032,1,0,1,0,rPrQrPrPaPrQ,A,mistral-small,mistralai/mistral-small-3.2-24b-instruct,parasail/bf16,0,1.0,Parasail,A,9.16e-06,0.9890130573694068,0.17258337005441526,1
comprehension,ally_majority,neutral,1040,-1,0,0,0,rPrPaPrPrP,A,mistral-small,mistralai/mistral-small-3.2-24b-instruct,parasail/bf16,0,1.0,Parasail,A,7.98e-06,0.8670357598021707,0.28559107862989974,0
comprehension,ally_majority,neutral,1040,-1,0,1,0,rPrPrPaPrP,A,mistral-small,mistralai/mistral-small-3.2-24b-instruct,parasail/bf16,0,1.0,Parasail,A,7.98e-06,0.9902915216561059,0.08112433265105246,1
comprehension,ally_majority,neutral,1040,1,0,0,0,aPrPrPrPrP,A,mistral-small,mistralai/mistral-small-3.2-24b-instruct,parasail/bf16,0,1.0,Parasail,A,7.98e-06,0.9046505261034854,0.1252059573330261,0
comprehension,ally_majority,neutral,1040,1,0,1,0,rPrPaPrPrP,A,mistral-small,mistralai/mistral-small-3.2-24b-instruct,parasail/bf16,0,1.0,Parasail,A,7.98e-06,0.9924227574995435,0.06403174378472709,1
comprehension,ally_majority,neutral,1041,-1,0,0,0,aPrQrPrPrPrP,A,mistral-small,mistralai/mistral-small-3.2-24b-instruct,parasail/bf16,0,1.0,Parasail,A,7.88e-06,0.9046505299595163,0.27630231249673093,0
comprehension,ally_majority,neutral,1041,-1,0,1,0,rPrPaPrPrPrQ,A,mistral-small,mistralai/mistral-small-3.2-24b-instruct,parasail/bf16,0,1.0,Parasail,A,9.16e-06,0.9953904287778247,0.18734394881483507,1
comprehension,ally_majority,neutral,1041,1,0,0,0,aPrPrPrPrQrP,A,mistral-small,mistralai/mistral-small-3.2-24b-instruct,parasail/bf16,0,1.0,Parasail,Based,8.52e-06,0.9902915215128427,0.23079516130297106,1
comprehension,ally_majority,neutral,1041,1,0,1,0,rQrPrPrPrPaP,A,mistral-small,mistralai/mistral-small-3.2-24b-instruct,parasail/bf16,0,1.0,Parasail,A,7.88e-06,0.9924227604689784,0.06373632033869114,1
comprehension,ally_majority,neutral,1050,-1,0,0,0,rPrPrPaPrPrP,A,mistral-small,mistralai/mistral-small-3.2-24b-instruct,parasail/bf16,0,1.0,Parasail,B,7.88e-06,0.8354835207180243,0.23286542325090623,0
comprehension,ally_majority,neutral,1050,-1,0,1,0,rPrPrPaPrPrP,A,mistral-small,mistralai/mistral-small-3.2-24b-instruct,parasail/bf16,0,1.0,Parasail,A,7.88e-06,0.9890130591505206,0.079561972533581,1
comprehension,ally_majority,neutral,1050,1,0,0,0,aPrPrPrPrPrP,A,mistral-small,mistralai/mistral-small-3.2-24b-instruct,parasail/bf16,0,1.0,Parasail,A,9.16e-06,0.8670357683915538,0.09464204054534538,0
comprehension,ally_majority,neutral,1050,1,0,1,0,rPrPrPrPaPrP,A,mistral-small,mistralai/mistral-small-3.2-24b-instruct,parasail/bf16,0,1.0,Parasail,A,7.88e-06,0.9940889323696119,0.056067316646714715,1
comprehension,ally_majority,neutral,1200,-1,0,0,0,aPaQaQ,B,mistral-small,mistralai/mistral-small-3.2-24b-instruct,parasail/bf16,0,1.0,Parasail,B,7.54e-06,0.01406362632008551,0.09349850438319551,1
comprehension,ally_majority,neutral,1200,-1,0,1,0,aQaPaQ,B,mistral-small,mistralai/mistral-small-3.2-24b-instruct,parasail/bf16,0,1.0,Parasail,B,7.54e-06,0.029312228207457856,0.1658058472110978,1
comprehension,ally_majority,neutral,1200,1,0,0,0,aQaPaQ,B,mistral-small,mistralai/mistral-small-3.2-24b-instruct,parasail/bf16,0,1.0,Parasail,B,7.54e-06,0.07585818419975078,0.36876126650981833,1
comprehension,ally_majority,neutral,1200,1,0,1,0,aQaPaQ,B,mistral-small,mistralai/mistral-small-3.2-24b-instruct,parasail/bf16,0,1.0,Parasail,The,7.54e-06,0.07585817375348311,0.30414614226326586,0
comprehension,ally_majority,neutral,1201,-1,0,0,0,aQaQaPrQ,B,mistral-small,mistralai/mistral-small-3.2-24b-instruct,parasail/bf16,0,1.0,Parasail,B,7.44e-06,0.05340332377362638,0.5567654589037264,1
comprehension,ally_majority,neutral,1201,-1,0,1,0,aPrQaQaQ,B,mistral-small,mistralai/mistral-small-3.2-24b-instruct,parasail/bf16,0,1.0,Parasail,B,7.44e-06,0.04208772791561884,0.3153732326995703,1
comprehension,ally_majority,neutral,1201,1,0,0,0,aQrQaPaQ,B,mistral-small,mistralai/mistral-small-3.2-24b-instruct,parasail/bf16,0,1.0,Parasail,Let,8.08e-06,0.0675467061562188,0.7393802955293045,0
comprehension,ally_majority,neutral,1201,1,0,1,0,aQrQaPaQ,B,mistral-small,mistralai/mistral-small-3.2-24b-instruct,parasail/bf16,0,1.0,Parasail,Let,8.08e-06,0.14804719803168945,0.699381185422892,0
comprehension,ally_majority,neutral,1202,-1,0,0,0,rQrQaQaPaQ,B,mistral-small,mistralai/mistral-small-3.2-24b-instruct,parasail/bf16,0,1.0,Parasail,Let,8.62e-06,0.03732688734412946,0.5255315571331517,1
comprehension,ally_majority,neutral,1202,-1,0,1,0,aPrQaQrQaQ,B,mistral-small,mistralai/mistral-small-3.2-24b-instruct,parasail/bf16,0,1.0,Parasail,To,7.98e-06,0.020332355717182615,0.47253480590501706,1
comprehension,ally_majority,neutral,1202,1,0,0,0,rQaQaQrQaP,B,mistral-small,mistralai/mistral-small-3.2-24b-instruct,parasail/bf16,0,1.0,Parasail,To,7.98e-06,0.0675466911396291,0.5721353262044682,0
comprehension,ally_majority,neutral,1202,1,0,1,0,rQaQrQaPaQ,B,mistral-small,mistralai/mistral-small-3.2-24b-instruct,parasail/bf16,0,1.0,Parasail,B,7.98e-06,0.0850990357257195,0.6888467098006301,0
comprehension,ally_majority,neutral,1203,-1,0,0,0,rQrQrQaQaQaP,B,mistral-small,mistralai/mistral-small-3.2-24b-instruct,parasail/bf16,0,1.0,Parasail,To,7.88e-06,0.04742587587030561,0.23497688839504627,0
comprehension,ally_majority,neutral,1203,-1,0,1,0,aQrQaPrQaQrQ,B,mistral-small,mistralai/mistral-small-3.2-24b-instruct,parasail/bf16,0,1.0,Parasail,To,9.16e-06,0.07585818002124356,0.6024130782280963,0
comprehension,ally_majority,neutral,1203,1,0,0,0,rQrQaQaPrQaQ,B,mistral-small,mistralai/mistral-small-3.2-24b-instruct,parasail/bf16,0,1.0,Parasail,To,7.88e-06,0.0675466911396291,0.6757197304449369,0
comprehension,ally_majority,neutral,1203,1,0,1,0,rQrQrQaQaQaP,B,mistral-small,mistralai/mistral-small-3.2-24b-instruct,parasail/bf16,0,1.0,Parasail,B,7.88e-06,0.4687906266262437,0.24965906178742425,0
comprehension,ally_majority,neutral,1210,-1,0,0,0,aPrPaQaQ,B,mistral-small,mistralai/mistral-small-3.2-24b-instruct,parasail/bf16,0,1.0,Parasail,A,7.44e-06,0.009708476481474066,0.3467897922362222,0
comprehension,ally_majority,neutral,1210,-1,0,1,0,aQaQaPrP,B,mistral-small,mistralai/mistral-small-3.2-24b-instruct,parasail/bf16,0,1.0,Parasail,B,7.44e-06,0.09534947518185827,0.5282180026666743,0
comprehension,ally_majority,neutral,1210,1,0,0,0,rPaQaQaP,B,mistral-small,mistralai/mistral-small-3.2-24b-instruct,parasail/bf16,0,1.0,Parasail,B,8.08e-06,0.06754668363133542,0.6334629939562256,1
comprehension,ally_majority,neutral,1210,1,0,1,0,aQaQrPaP,B,mistral-small,mistralai/mistral-small-3.2-24b-instruct,parasail/bf16,0,1.0,Parasail,B,7.44e-06,0.8519527869325345,0.6913321001007925,0
comprehension,ally_majority,neutral,1211,-1,0,0,0,rQaPrPaQaQ,B,mistral-small,mistralai/mistral-small-3.2-24b-instruct,parasail/bf16,0,1.0,Parasail,Let,8.62e-06,0.015906391711814714,0.7146449737311242,1
comprehension,ally_majority,neutral,1211,-1,0,1,0,aPrQaQrPaQ,B,mistral-small,mistralai/mistral-small-3.2-24b-instruct,parasail/bf16,0,1.0,Parasail,B,7.98e-06,0.020332358091706755,0.7487138930996473,0
comprehension,ally_majority,neutral,1211,1,0,0,0,rPrQaPaQaQ,B,mistral-small,mistralai/mistral-small-3.2-24b-instruct,parasail/bf16,0,1.0,Parasail,B,8.62e-06,0.020332353342658756,0.36217984559198524,1
comprehension,ally_majority,neutral,1211,1,0,1,0,aQaQaPrQrP,B,mistral-small,mistralai/mistral-small-3.2-24b-instruct,parasail/bf16,0,1.0,Parasail,To,7.98e-06,0.8519528019683105,0.7394140306740166,0
comprehension,ally_majority,neutral,1212,-1,0,0,0,rQaPaQrQaQrP,B,mistral-small,mistralai/mistral-small-3.2-24b-instruct,parasail/bf16,0,1.0,Parasail,Let,9.16e-06,0.037326887344129464,0.8723348379650735,1
comprehension,ally_majority,neutral,1212,-1,0,1,0,rPrQaQrQaQaP,B,mistral-small,mistralai/mistral-small-3.2-24b-instruct,parasail/bf16,0,1.0,Parasail,To,7.88e-06,0.03308597076138554,0.6973284816514522,0
comprehension,ally_majority,neutral,1212,1,0,0,0,aQrPaPrQrQaQ,B,mistral-small,mistralai/mistral-small-3.2-24b-instruct,parasail/bf16,0,1.0,Parasail,Let,7.88e-06,0.09534946489910949,0.868854788873507,0
comprehension,ally_majority,neutral,1212,1,0,1,0,rPrQrQaQaQaP,B,mistral-small,mistralai/mistral-small-3.2-24b-instruct,parasail/bf16,0,1.0,Parasail,Let,7.88e-06,0.022977371248114786,0.5137881673402216,1
comprehension,ally_majority,neutral,1220,-1,0,0,0,rPrPaQaQaP,B,mistral-small,mistralai/mistral-small-3.2-24b-instruct,parasail/bf16,0,1.0,Parasail,A,7.98e-06,0.1480472130674654,0.46654506775507537,0
comprehension,ally_majority,neutral,1220,-1,0,1,0,rPrPaQaQaP,B,mistral-small,mistralai/mistral-small-3.2-24b-instruct,parasail/bf16,0,1.0,Parasail,Let,8.62e-06,0.5,0.39058974126289675,0
comprehension,ally_majority,neutral,1220,1,0,0,0,rPaPaQrPaQ,B,mistral-small,mistralai/mistral-small-3.2-24b-instruct,parasail/bf16,0,1.0,Parasail,To,8.62e-06,0.20181322226037884,0.7207654438615895,0
comprehension,ally_majority,neutral,1220,1,0,1,0,aQrPrPaPaQ,B,mistral-small,mistralai/mistral-small-3.2-24b-instruct,parasail/bf16,0,1.0,Parasail,A,7.98e-06,0.8519528019683105,0.571512289034326,0
comprehension,ally_majority,neutral,1221,-1,0,0,0,aQaQrPaPrPrQ,B,mistral-small,mistralai/mistral-small-3.2-24b-instruct,parasail/bf16,0,1.0,Parasail,To,7.88e-06,0.0850990542883219,0.8270647963716532,0
comprehension,ally_majority,neutral,1221,-1,0,1,0,aPaQrQrPrPaQ,B,mistral-small,mistralai/mistral-small-3.2-24b-instruct,parasail/bf16,0,1.0,Parasail,Let,7.88e-06,0.017986212067650338,0.6443936151663978,0
comprehension,ally_majority,neutral,1221,1,0,0,0,rPaQrPaQaPrQ,B,mistral-small,mistralai/mistral-small-3.2-24b-instruct,parasail/bf16,0,1.0,Parasail,A,7.88e-06,0.7772998611746911,0.7678884394800353,0
comprehension,ally_majority,neutral,1221,1,0,1,0,aQrPrPrQaPaQ,B,mistral-small,mistralai/mistral-small-3.2-24b-instruct,parasail/bf16,0,1.0,Parasail,A,7.88e-06,0.8354835371034369,0.7145734173321091,0
comprehension,ally_majority,neutral,1230,-1,0,0,0,aQaPrPrPaQrP,B,mistral-small,mistralai/mistral-small-3.2-24b-instruct,parasail/bf16,0,1.0,Parasail,The,7.88e-06,0.09534945461636171,0.7215021156951946,0
comprehension,ally_majority,neutral,1230,-1,0,1,0,aPrPaQaQrPrP,B,mistral-small,mistralai/mistral-small-3.2-24b-instruct,parasail/bf16,0,1.0,Parasail,Let,7.88e-06,0.14804719803168948,0.6001963441464271,0
comprehension,ally_majority,neutral,1230,1,0,0,0,aQaQaPrPrPrP,B,mistral-small,mistralai/mistral-small-3.2-24b-instruct,parasail/bf16,0,1.0,Parasail,B,8.52e-06,0.1824255415859996,0.5351210874463548,0
comprehension,ally_majority,neutral,1230,1,0,1,0,rPrPaQrPaPaQ,B,mistral-small,mistralai/mistral-small-3.2-24b-instruct,parasail/bf16,0,1.0,Parasail,To,7.88e-06,0.4687906266262437,0.6083585971560034,0
comprehension,ally_majority,neutral,1300,-1,0,0,0,aQaQaPaQ,B,mistral-small,mistralai/mistral-small-3.2-24b-instruct,parasail/bf16,0,1.0,Parasail,B,7.44e-06,0.012431651219072063,0.12003442961989919,1
comprehension,ally_majority,neutral,1300,-1,0,1,0,aQaQaQaP,B,mistral-small,mistralai/mistral-small-3.2-24b-instruct,parasail/bf16,0,1.0,Parasail,B,7.44e-06,0.0059110687249020995,0.04754255203627078,1
comprehension,ally_majority,neutral,1300,1,0,0,0,aQaPaQaQ,B,mistral-small,mistralai/mistral-small-3.2-24b-instruct,parasail/bf16,0,1.0,Parasail,B,7.44e-06,0.022977369240981062,0.14522648024663076,1
comprehension,ally_majority,neutral,1300,1,0,1,0,aPaQaQaQ,B,mistral-small,mistralai/mistral-small-3.2-24b-instruct,parasail/bf16,0,1.0,Parasail,To,8.08e-06,0.00857748414653042,0.06183394930050656,1
comprehension,ally_majority,neutral,1301,-1,0,0,0,rQaPaQaQaQ,B,mistral-small,mistralai/mistral-small-3.2-24b-instruct,parasail/bf16,0,1.0,Parasail,B,7.98e-06,0.014063627766405478,0.11733101647417721,1
comprehension,ally_majority,neutral,1301,-1,0,1,0,aQrQaQaQaP,B,mistral-small,mistralai/mistral-small-3.2-24b-instruct,parasail/bf16,0,1.0,Parasail,B,7.98e-06,0.02931222990339014,0.26550004775613034,1
comprehension,ally_majority,neutral,1301,1,0,0,0,aQaPrQaQaQ,B,mistral-small,mistralai/mistral-small-3.2-24b-instruct,parasail/bf16,0,1.0,Parasail,B,7.98e-06,0.020332358091706755,0.42329908395958527,1
comprehension,ally_majority,neutral,1301,1,0,1,0,aQaQaPrQaQ,B,mistral-small,mistralai/mistral-small-3.2-24b-instruct,parasail/bf16,0,1.0,Parasail,To,7.98e-06,0.037326887344129464,0.635960370415107,0
comprehension,ally_majority,neutral,1302,-1,0,0,0,rQaQrQaPaQaQ,B,mistral-small,mistralai/mistral-small-3.2-24b-instruct,parasail/bf16,0,1.0,Parasail,B,7.88e-06,0.020332349780873463,0.45153877118620844,1
comprehension,ally_majority,neutral,1302,-1,0,1,0,aPaQaQrQrQaQ,B,mistral-small,mistralai/mistral-small-3.2-24b-instruct,parasail/bf16,0,1.0,Parasail,Given,7.88e-06,0.012431651584958316,0.3685484249895912,1
comprehension,ally_majority,neutral,1302,1,0,0,0,aQrQaQaQrQaP,B,mistral-small,mistralai/mistral-small-3.2-24b-instruct,parasail/bf16,0,1.0,Parasail,B,7.88e-06,0.012431653780276067,0.3476845607049389,0
comprehension,ally_majority,neutral,1302,1,0,1,0,rQrQaQaQaPaQ,B,mistral-small,mistralai/mistral-small-3.2-24b-instruct,parasail/bf16,0,1.0,Parasail,To,9.16e-06,0.012431653414389747,0.32497212196885705,1
comprehension,ally_majority,neutral,1310,-1,0,0,0,aPaQrPaQaQ,B,mistral-small,mistralai/mistral-small-3.2-24b-instruct,parasail/bf16,0,1.0,Parasail,To,7.98e-06,0.02931223075135632,0.37463211589021683,1
comprehension,ally_majority,neutral,1310,-1,0,1,0,aQaPaQaQrP,B,mistral-small,mistralai/mistral-small-3.2-24b-instruct,parasail/bf16,0,1.0,Parasail,To,7.98e-06,0.04208773272170268,0.3880716068502844,1
comprehension,ally_majority,neutral,1310,1,0,0,0,aQaQaPrPaQ,B,mistral-small,mistralai/mistral-small-3.2-24b-instruct,parasail/bf16,0,1.0,Parasail,Let,7.98e-06,0.053403329799824234,0.7180726877068797,0
comprehension,ally_majority,neutral,1310,1,0,1,0,aQaPaQaQrP,B,mistral-small,mistralai/mistral-small-3.2-24b-instruct,parasail/bf16,0,1.0,Parasail,To,8.62e-06,0.0675466911396291,0.6710348197964747,0
comprehension,ally_majority,neutral,1311,-1,0,0,0,aPaQaQrPaQrQ,B,mistral-small,mistralai/mistral-small-3.2-24b-instruct,parasail/bf16,0,1.0,Parasail,To,9.16e-06,0.020332358091706755,0.6918513243248829,1
comprehension,ally_majority,neutral,1311,-1,0,1,0,aQrPrQaQaPaQ,B,mistral-small,mistralai/mistral-small-3.2-24b-instruct,parasail/bf16,0,1.0,Parasail,B,7.88e-06,0.022977369910025615,0.5275525171877704,0
comprehension,ally_majority,neutral,1311,1,0,0,0,aQrQaPaQaQrP,B,mistral-small,mistralai/mistral-small-3.2-24b-instruct,parasail/bf16,0,1.0,Parasail,To,7.88e-06,0.03732689162774753,0.7970826920086934,0
comprehension,ally_majority,neutral,1311,1,0,1,0,aQrQaPaQrPaQ,B,mistral-small,mistralai/mistral-small-3.2-24b-instruct,parasail/bf16,0,1.0,Parasail,To,7.88e-06,0.16451646289656316,0.8135746338576273,0
comprehension,ally_majority,neutral,1320,-1,0,0,0,aQrPaPaQaQrP,B,mistral-small,mistralai/mistral-small-3.2-24b-instruct,parasail/bf16,0,1.0,Parasail,Let,7.88e-06,0.047425867792089564,0.7521769682499231,0
comprehension,ally_majority,neutral,1320,-1,0,1,0,rPaPrPaQaQaQ,B,mistral-small,mistralai/mistral-small-3.2-24b-instruct,parasail/bf16,0,1.0,Parasail,To,7.88e-06,0.01243165304850344,0.24268444364794828,1
comprehension,ally_majority,neutral,1320,1,0,0,0,aQaQaQaPrPrP,B,mistral-small,mistralai/mistral-small-3.2-24b-instruct,parasail/bf16,0,1.0,Parasail,To,7.88e-06,0.029312227359491745,0.29624460891692395,1
comprehension,ally_majority,neutral,1320,1,0,1,0,rPaQaQrPaPaQ,B,mistral-small,mistralai/mistral-small-3.2-24b-instruct,parasail/bf16,0,1.0,Parasail,B,7.88e-06,0.02931223414322127,0.583608433151013,0
comprehension,ally_majority,neutral,1400,-1,0,0,0,aQaPaQaQaQ,B,mistral-small,mistralai/mistral-small-3.2-24b-instruct,parasail/bf16,0,1.0,Parasail,B,8.62e-06,0.003593602394672632,0.039253080176368194,1
comprehension,ally_majority,neutral,1400,-1,0,1,0,aQaQaQaQaP,B,mistral-small,mistralai/mistral-small-3.2-24b-instruct,parasail/bf16,0,1.0,Parasail,B,7.98e-06,0.0028009263844387686,0.030986991685399312,1
comprehension,ally_majority,neutral,1400,1,0,0,0,aPaQaQaQaQ,B,mistral-small,mistralai/mistral-small-3.2-24b-instruct,parasail/bf16,0,1.0,Parasail,B,8.62e-06,0.0046095718375174415,0.04288091469575872,1
comprehension,ally_majority,neutral,1400,1,0,1,0,aQaQaPaQaQ,B,mistral-small,mistralai/mistral-small-3.2-24b-instruct,parasail/bf16,0,1.0,Parasail,B,8.62e-06,0.014063629522651352,0.11491613477667573,1
comprehension,ally_majority,neutral,1401,-1,0,0,0,aQrQaPaQaQaQ,B,mistral-small,mistralai/mistral-small-3.2-24b-instruct,parasail/bf16,0,1.0,Parasail,B,7.88e-06,0.014063627249862614,0.12313691371065905,1
comprehension,ally_majority,neutral,1401,-1,0,1,0,aQaQaPaQrQaQ,B,mistral-small,mistralai/mistral-small-3.2-24b-instruct,parasail/bf16,0,1.0,Parasail,B,7.88e-06,0.022977372586204033,0.48522699403902203,1
comprehension,ally_majority,neutral,1401,1,0,0,0,aPrQaQaQaQaQ,B,mistral-small,mistralai/mistral-small-3.2-24b-instruct,parasail/bf16,0,1.0,Parasail,B,7.88e-06,0.008577485920584663,0.06922466725012322,1
comprehension,ally_majority,neutral,1401,1,0,1,0,aQaQaQrQaQaP,B,mistral-small,mistralai/mistral-small-3.2-24b-instruct,parasail/bf16,0,1.0,Parasail,B,7.88e-06,0.012431649023754758,0.27579140276480196,0
comprehension,ally_majority,neutral,1410,-1,0,0,0,aQaQrPaQaPaQ,B,mistral-small,mistralai/mistral-small-3.2-24b-instruct,parasail/bf16,0,1.0,Parasail,B,7.88e-06,0.01590639077880068,0.5420338580175765,1
comprehension,ally_majority,neutral,1410,-1,0,1,0,aQaQaPaQrPaQ,B,mistral-small,mistralai/mistral-small-3.2-24b-instruct,parasail/bf16,0,1.0,Parasail,Let,7.88e-06,0.02033235452992065,0.49235788374061207,1
comprehension,ally_majority,neutral,1410,1,0,0,0,aQaQaPrPaQaQ,B,mistral-small,mistralai/mistral-small-3.2-24b-instruct,parasail/bf16,0,1.0,Parasail,To,7.88e-06,0.037326883060511865,0.6113018172387485,0
comprehension,ally_majority,neutral,1410,1,0,1,0,rPaQaQaQaPaQ,B,mistral-small,mistralai/mistral-small-3.2-24b-instruct,parasail/bf16,0,1.0,Parasail,B,9.16e-06,0.017986212594040072,0.16508775374165652,1
comprehension,ally_majority,neutral,1500,-1,0,0,0,aQaQaQaPaQaQ,B,mistral-small,mistralai/mistral-small-3.2-24b-instruct,parasail/bf16,0,1.0,Parasail,B,7.88e-06,0.005911069162707767,0.055420544486801004,1
comprehension,ally_majority,neutral,1500,-1,0,1,0,aQaPaQaQaQaQ,B,mistral-small,mistralai/mistral-small-3.2-24b-instruct,parasail/bf16,0,1.0,Parasail,B,7.88e-06,0.0021827166725233095,0.032485062938190756,1
comprehension,ally_majority,neutral,1500,1,0,0,0,aQaQaQaQaQaP,B,mistral-small,mistralai/mistral-small-3.2-24b-instruct,parasail/bf16,0,1.0,Parasail,B,7.88e-06,0.004609571384557264,0.02659676855574411,1
comprehension,ally_majority,neutral,1500,1,0,1,0,aQaPaQaQaQaQ,B,mistral-small,mistralai/mistral-small-3.2-24b-instruct,parasail/bf16,0,1.0,Parasail,B,7.88e-06,0.008577486617534644,0.05295321579322365,1
comprehension,ally_majority,neutral,2000,-1,0,0,0,aPaP,A,mistral-small,mistralai/mistral-small-3.2-24b-instruct,parasail/bf16,0,1.0,Parasail,A,7.64e-06,0.9992903296378853,0.02943846364661562,1
comprehension,ally_majority,neutral,2000,-1,0,1,0,aPaP,A,mistral-small,mistralai/mistral-small-3.2-24b-instruct,parasail/bf16,0,1.0,Parasail,A,7e-06,0.9995121429453373,0.01965159318195664,1
comprehension,ally_majority,neutral,2000,1,0,0,0,aPaP,A,mistral-small,mistralai/mistral-small-3.2-24b-instruct,parasail/bf16,0,1.0,Parasail,A,7.64e-06,0.9992903295071137,0.026721451413579067,1
comprehension,ally_majority,neutral,2000,1,0,1,0,aPaP,A,mistral-small,mistralai/mistral-small-3.2-24b-instruct,parasail/bf16,0,1.0,Parasail,A,7.64e-06,0.9993736659427416,0.013636533330104061,1
comprehension,ally_majority,neutral,2001,-1,0,0,0,rQaPaP,A,mistral-small,mistralai/mistral-small-3.2-24b-instruct,parasail/bf16,0,1.0,Parasail,A,6.9e-06,0.9796676496254957,0.12541549010389386,1
comprehension,ally_majority,neutral,2001,-1,0,1,0,rQaPaP,A,mistral-small,mistralai/mistral-small-3.2-24b-instruct,parasail/bf16,0,1.0,Parasail,A,6.9e-06,0.9890130575313263,0.068696736432168,1
comprehension,ally_majority,neutral,2001,1,0,0,0,aPrQaP,A,mistral-small,mistralai/mistral-small-3.2-24b-instruct,parasail/bf16,0,1.0,Parasail,A,7.54e-06,0.9706877717925422,0.16550129504501265,1
comprehension,ally_majority,neutral,2001,1,0,1,0,aPrQaP,A,mistral-small,mistralai/mistral-small-3.2-24b-instruct,parasail/bf16,0,1.0,Parasail,A,7.54e-06,0.9875683497871152,0.06927382686699635,1
comprehension,ally_majority,neutral,2002,-1,0,0,0,rQaPrQaP,A,mistral-small,mistralai/mistral-small-3.2-24b-instruct,parasail/bf16,0,1.0,Parasail,A,7.44e-06,0.9770226354423303,0.22216248858883114,1
comprehension,ally_majority,neutral,2002,-1,0,1,0,aPrQrQaP,A,mistral-small,mistralai/mistral-small-3.2-24b-instruct,parasail/bf16,0,1.0,Parasail,The,8.08e-06,0.9890130565598096,0.1643078140251779,1
comprehension,ally_majority,neutral,2002,1,0,0,0,aPaPrQrQ,A,mistral-small,mistralai/mistral-small-3.2-24b-instruct,parasail/bf16,0,1.0,Parasail,A,7.44e-06,0.9914225140160562,0.0668039993584626,1
comprehension,ally_majority,neutral,2002,1,0,1,0,aPrQrQaP,A,mistral-small,mistralai/mistral-small-3.2-24b-instruct,parasail/bf16,0,1.0,Parasail,A,7.44e-06,0.9933071490757152,0.07371063459794414,1
comprehension,ally_majority,neutral,2003,-1,0,0,0,aPrQrQrQaP,A,mistral-small,mistralai/mistral-small-3.2-24b-instruct,parasail/bf16,0,1.0,Parasail,A,7.98e-06,0.985936375642777,0.21048618329655322,1
comprehension,ally_majority,neutral,2003,-1,0,1,0,rQrQaPaPrQ,A,mistral-small,mistralai/mistral-small-3.2-24b-instruct,parasail/bf16,0,1.0,Parasail,A,8.62e-06,0.9890130597981982,0.15572375812126638,1
comprehension,ally_majority,neutral,2003,1,0,0,0,aPrQrQaPrQ,A,mistral-small,mistralai/mistral-small-3.2-24b-instruct,parasail/bf16,0,1.0,Parasail,A,7.98e-06,0.9875683467685534,0.1446703369389809,1
comprehension,ally_majority,neutral,2003,1,0,1,0,aPrQrQaPrQ,A,mistral-small,mistralai/mistral-small-3.2-24b-instruct,parasail/bf16,0,1.0,Parasail,A,7.98e-06,0.9924227569952996,0.1043592498285596,1
comprehension,ally_majority,neutral,2004,-1,0,0,0,aPrQaPrQrQrQ,A,mistral-small,mistralai/mistral-small-3.2-24b-instruct,parasail/bf16,0,1.0,Parasail,A,9.16e-06,0.9875683502444729,0.2470117247026966,1
comprehension,ally_majority,neutral,2004,-1,0,1,0,rQrQaPrQaPrQ,A,mistral-small,mistralai/mistral-small-3.2-24b-instruct,parasail/bf16,0,1.0,Parasail,Based,9.16e-06,0.9902915246646304,0.21692308738804156,1
comprehension,ally_majority,neutral,2004,1,0,0,0,rQaPrQaPrQrQ,A,mistral-small,mistralai/mistral-small-3.2-24b-instruct,parasail/bf16,0,1.0,Parasail,A,9.16e-06,0.9890130562359706,0.17401165146397835,1
comprehension,ally_majority,neutral,2004,1,0,1,0,rQrQaPaPrQrQ,A,mistral-small,mistralai/mistral-small-3.2-24b-instruct,parasail/bf16,0,1.0,Parasail,A,7.88e-06,0.989013054940615,0.07143334753696517,1
comprehension,ally_majority,neutral,2010,-1,0,0,0,aPaPrP,A,mistral-small,mistralai/mistral-small-3.2-24b-instruct,parasail/bf16,0,1.0,Parasail,A,7.54e-06,0.9890130556692526,0.07430686795797392,1
comprehension,ally_majority,neutral,2010,-1,0,1,0,rPaPaP,A,mistral-small,mistralai/mistral-small-3.2-24b-instruct,parasail/bf16,0,1.0,Parasail,A,7.54e-06,0.995929861317657,0.037894991306528514,1
comprehension,ally_majority,neutral,2010,1,0,0,0,rPaPaP,A,mistral-small,mistralai/mistral-small-3.2-24b-instruct,parasail/bf16,0,1.0,Parasail,A,7.54e-06,0.9964063974719364,0.04658560280479973,1
comprehension,ally_majority,neutral,2010,1,0,1,0,rPaPaP,A,mistral-small,mistralai/mistral-small-3.2-24b-instruct,parasail/bf16,0,1.0,Parasail,A,6.9e-06,0.998073265121758,0.0267390669369012,1
comprehension,ally_majority,neutral,2011,-1,0,0,0,aPrPaPrQ,A,mistral-small,mistralai/mistral-small-3.2-24b-instruct,parasail/bf16,0,1.0,Parasail,A,7.44e-06,0.9796676502191265,0.5247228659199885,1
comprehension,ally_majority,neutral,2011,-1,0,1,0,aPaPrPrQ,A,mistral-small,mistralai/mistral-small-3.2-24b-instruct,parasail/bf16,0,1.0,Parasail,A,7.44e-06,0.9902915223724214,0.167724665369834,1
comprehension,ally_majority,neutral,2011,1,0,0,0,aPaPrQrP,A,mistral-small,mistralai/mistral-small-3.2-24b-instruct,parasail/bf16,0,1.0,Parasail,A,8.08e-06,0.9820137910906878,0.2156330953165887,1
comprehension,ally_majority,neutral,2011,1,0,1,0,aPrPrQaP,A,mistral-small,mistralai/mistral-small-3.2-24b-instruct,parasail/bf16,0,1.0,Parasail,A,7.44e-06,0.9933071481841412,0.20201213524237716,1
comprehension,ally_majority,neutral,2012,-1,0,0,0,aPrPrQrQaP,A,mistral-small,mistralai/mistral-small-3.2-24b-instruct,parasail/bf16,0,1.0,Parasail,Let,7.98e-06,0.9914225150931607,0.4740155616868351,1
comprehension,ally_majority,neutral,2012,-1,0,1,0,rPrQaPaPrQ,A,mistral-small,mistralai/mistral-small-3.2-24b-instruct,parasail/bf16,0,1.0,Parasail,A,8.62e-06,0.9859363762626283,0.36446603726425975,1
comprehension,ally_majority,neutral,2012,1,0,0,0,rPrQaPrQaP,A,mistral-small,mistralai/mistral-small-3.2-24b-instruct,parasail/bf16,0,1.0,Parasail,A,7.98e-06,0.9820137910906878,0.29394151886130193,1
comprehension,ally_majority,neutral,2012,1,0,1,0,aPrQrPaPrQ,A,mistral-small,mistralai/mistral-small-3.2-24b-instruct,parasail/bf16,0,1.0,Parasail,A,7.98e-06,0.9940889307935117,0.19212695523777434,1
comprehension,ally_majority,neutral,2013,-1,0,0,0,rPrQrQaPaPrQ,A,mistral-small,mistralai/mistral-small-3.2-24b-instruct,parasail/bf16,0,1.0,Parasail,A,7.88e-06,0.9770226300899745,0.40421969806061686,1
comprehension,ally_majority,neutral,2013,-1,0,1,0,aPrPrQrQaPrQ,A,mistral-small,mistralai/mistral-small-3.2-24b-instruct,parasail/bf16,0,1.0,Parasail,A,9.16e-06,0.9968273164034881,0.44534824740236245,1
comprehension,ally_majority,neutral,2013,1,0,0,0,rPaPrQaPrQrQ,A,mistral-small,mistralai/mistral-small-3.2-24b-instruct,parasail/bf16,0,1.0,Parasail,A,7.88e-06,0.9875683509762452,0.3916928895650795,1
comprehension,ally_majority,neutral,2013,1,0,1,0,rQrQaPaPrQrP,A,mistral-small,mistralai/mistral-small-3.2-24b-instruct,parasail/bf16,0,1.0,Parasail,A,7.88e-06,0.9924227596285723,0.2449810388072805,1
comprehension,ally_majority,neutral,2020,-1,0,0,0,rPaPaPrP,A,mistral-small,mistralai/mistral-small-3.2-24b-instruct,parasail/bf16,0,1.0,Parasail,A,7.44e-06,0.979667650515942,0.15213803899421052,1
comprehension,ally_majority,neutral,2020,-1,0,1,0,aPrPrPaP,A,mistral-small,mistralai/mistral-small-3.2-24b-instruct,parasail/bf16,0,1.0,Parasail,A,7.44e-06,0.9947798743257866,0.04561358807667437,1
comprehension,ally_majority,neutral,2020,1,0,0,0,rPrPaPaP,A,mistral-small,mistralai/mistral-small-3.2-24b-instruct,parasail/bf16,0,1.0,Parasail,A,8.08e-06,0.9959298617555783,0.053433572017520636,1
comprehension,ally_majority,neutral,2020,1,0,1,0,aPrPrPaP,A,mistral-small,mistralai/mistral-small-3.2-24b-instruct,parasail/bf16,0,1.0,Parasail,A,7.44e-06,0.9940889316691229,0.03599396190213866,1
comprehension,ally_majority,neutral,2021,-1,0,0,0,rPaPrPaPrQ,A,mistral-small,mistralai/mistral-small-3.2-24b-instruct,parasail/bf16,0,1.0,Parasail,A,7.98e-06,0.9796676466573413,0.4067003086333859,1
comprehension,ally_majority,neutral,2021,-1,0,1,0,rPaPrQaPrP,A,mistral-small,mistralai/mistral-small-3.2-24b-instruct,parasail/bf16,0,1.0,Parasail,A,8.62e-06,0.9953904270001694,0.37826117142086524,1
comprehension,ally_majority,neutral,2021,1,0,0,0,rPrQaPrPaP,A,mistral-small,mistralai/mistral-small-3.2-24b-instruct,parasail/bf16,0,1.0,Parasail,A,7.98e-06,0.977022625406662,0.29786280518167074,1
comprehension,ally_majority,neutral,2021,1,0,1,0,rPaPrPrQaP,A,mistral-small,mistralai/mistral-small-3.2-24b-instruct,parasail/bf16,0,1.0,Parasail,A,7.98e-06,0.9947798739582321,0.11521225900665921,1
comprehension,ally_majority,neutral,2022,-1,0,0,0,rQrQrPaPrPaP,A,mistral-small,mistralai/mistral-small-3.2-24b-instruct,parasail/bf16,0,1.0,Parasail,A,7.88e-06,0.9840936082881854,0.5024340328770427,1
comprehension,ally_majority,neutral,2022,-1,0,1,0,aPrQrPaPrQrP,A,mistral-small,mistralai/mistral-small-3.2-24b-instruct,parasail/bf16,0,1.0,Parasail,To,7.88e-06,0.9968273176287814,0.34437211991569117,1
comprehension,ally_majority,neutral,2022,1,0,0,0,rQrPaPrQaPrP,A,mistral-small,mistralai/mistral-small-3.2-24b-instruct,parasail/bf16,0,1.0,Parasail,Let,7.88e-06,0.9924227591803557,0.5189948333032047,1
comprehension,ally_majority,neutral,2022,1,0,1,0,aPrPrPaPrQrQ,A,mistral-small,mistralai/mistral-small-3.2-24b-instruct,parasail/bf16,0,1.0,Parasail,A,8.52e-06,0.9933071479364817,0.10449883902167045,1
comprehension,ally_majority,neutral,2030,-1,0,0,0,rPaPaPrPrP,A,mistral-small,mistralai/mistral-small-3.2-24b-instruct,parasail/bf16,0,1.0,Parasail,A,7.98e-06,0.9796676508127573,0.1782471159209822,1
comprehension,ally_majority,neutral,2030,-1,0,1,0,rPrPaPaPrP,A,mistral-small,mistralai/mistral-small-3.2-24b-instruct,parasail/bf16,0,1.0,Parasail,A,7.98e-06,0.9924227576396111,0.05046758884514568,1
comprehension,ally_majority,neutral,2030,1,0,0,0,rPaPaPrPrP,A,mistral-small,mistralai/mistral-small-3.2-24b-instruct,parasail/bf16,0,1.0,Parasail,A,7.98e-06,0.9840936072385444,0.1002351987748289,1
comprehension,ally_majority,neutral,2030,1,0,1,0,aPrPrPrPaP,A,mistral-small,mistralai/mistral-small-3.2-24b-instruct,parasail/bf16,0,1.0,Parasail,A,7.98e-06,0.9940889309467437,0.044529902011419265,1
comprehension,ally_majority,neutral,2031,-1,0,0,0,aPaPrPrPrPrQ,A,mistral-small,mistralai/mistral-small-3.2-24b-instruct,parasail/bf16,0,1.0,Parasail,Let,7.88e-06,0.9914225126855153,0.14700498357805447,1
comprehension,ally_majority,neutral,2031,-1,0,1,0,rQaPrPrPaPrP,A,mistral-small,mistralai/mistral-small-3.2-24b-instruct,parasail/bf16,0,1.0,Parasail,A,7.88e-06,0.9940889310561951,0.20025824624406685,1
comprehension,ally_majority,neutral,2031,1,0,0,0,rPrPaPrQaPrP,A,mistral-small,mistralai/mistral-small-3.2-24b-instruct,parasail/bf16,0,1.0,Parasail,A,7.88e-06,0.9875683484150417,0.32893777791383616,1
comprehension,ally_majority,neutral,2031,1,0,1,0,rPaPrPrPaPrQ,A,mistral-small,mistralai/mistral-small-3.2-24b-instruct,parasail/bf16,0,1.0,Parasail,A,9.16e-06,0.993307149967289,0.1260054077585866,1
comprehension,ally_majority,neutral,2040,-1,0,0,0,rPaPrPaPrPrP,A,mistral-small,mistralai/mistral-small-3.2-24b-instruct,parasail/bf16,0,1.0,Parasail,A,9.16e-06,0.9669140206578809,0.18047850322895576,0
comprehension,ally_majority,neutral,2040,-1,0,1,0,aPaPrPrPrPrP,A,mistral-small,mistralai/mistral-small-3.2-24b-instruct,parasail/bf16,0,1.0,Parasail,A,7.88e-06,0.9947798732424681,0.032199082811281365,1
comprehension,ally_majority,neutral,2040,1,0,0,0,rPaPrPrPrPaP,A,mistral-small,mistralai/mistral-small-3.2-24b-instruct,parasail/bf16,0,1.0,Parasail,A,9.16e-06,0.9890130593124399,0.08204759311584164,1
comprehension,ally_majority,neutral,2040,1,0,1,0,aPrPrPaPrPrP,A,mistral-small,mistralai/mistral-small-3.2-24b-instruct,parasail/bf16,0,1.0,Parasail,A,7.88e-06,0.9953904267437769,0.05916743794912627,1
comprehension,ally_majority,neutral,2100,-1,0,0,0,aQaPaP,A,mistral-small,mistralai/mistral-small-3.2-24b-instruct,parasail/bf16,0,1.0,Parasail,A,7.54e-06,0.9902915235185259,0.08032899918033631,1
comprehension,ally_majority,neutral,2100,-1,0,1,0,aQaPaP,A,mistral-small,mistralai/mistral-small-3.2-24b-instruct,parasail/bf16,0,1.0,Parasail,A,7.54e-06,0.9924227594885047,0.055622162635453276,1
comprehension,ally_majority,neutral,2100,1,0,0,0,aPaQaP,A,mistral-small,mistralai/mistral-small-3.2-24b-instruct,parasail/bf16,0,1.0,Parasail,A,7.54e-06,0.9875683463111955,0.08383123111498303,1
comprehension,ally_majority,neutral,2100,1,0,1,0,aPaQaP,A,mistral-small,mistralai/mistral-small-3.2-24b-instruct,parasail/bf16,0,1.0,Parasail,A,7.54e-06,0.9933071476888222,0.044288568897970504,1
comprehension,ally_majority,neutral,2101,-1,0,0,0,aPrQaPaQ,A,mistral-small,mistralai/mistral-small-3.2-24b-instruct,parasail/bf16,0,1.0,Parasail,To,7.44e-06,0.939913356558485,0.778171126237006,0
comprehension,ally_majority,neutral,2101,-1,0,1,0,aPrQaPaQ,A,mistral-small,mistralai/mistral-small-3.2-24b-instruct,parasail/bf16,0,1.0,Parasail,To,8.08e-06,0.9820137900379085,0.6014655667444507,0
comprehension,ally_majority,neutral,2101,1,0,0,0,aQrQaPaP,A,mistral-small,mistralai/mistral-small-3.2-24b-instruct,parasail/bf16,0,1.0,Parasail,A,8.08e-06,0.9770226314280636,0.30878944859148194,1
comprehension,ally_majority,neutral,2101,1,0,1,0,aPaQaPrQ,A,mistral-small,mistralai/mistral-small-3.2-24b-instruct,parasail/bf16,0,1.0,Parasail,A,7.44e-06,0.9740426443092215,0.30523936044210687,1
comprehension,ally_majority,neutral,2102,-1,0,0,0,aPrQaQaPrQ,A,mistral-small,mistralai/mistral-small-3.2-24b-instruct,parasail/bf16,0,1.0,Parasail,Let,7.98e-06,0.3775406687981454,0.9242835446132475,0
comprehension,ally_majority,neutral,2102,-1,0,1,0,aPaQrQrQaP,A,mistral-small,mistralai/mistral-small-3.2-24b-instruct,parasail/bf16,0,1.0,Parasail,The,7.98e-06,0.9669140177976359,0.41191895558740954,0
comprehension,ally_majority,neutral,2102,1,0,0,0,rQrQaQaPaP,A,mistral-small,mistralai/mistral-small-3.2-24b-instruct,parasail/bf16,0,1.0,Parasail,To,8.62e-06,0.9796676430955553,0.28212251859147375,1
comprehension,ally_majority,neutral,2102,1,0,1,0,rQaPaPaQrQ,A,mistral-small,mistralai/mistral-small-3.2-24b-instruct,parasail/bf16,0,1.0,Parasail,To,8.62e-06,0.9940889306183893,0.3816552723639214,1
comprehension,ally_majority,neutral,2103,-1,0,0,0,aPaQrQrQrQaP,A,mistral-small,mistralai/mistral-small-3.2-24b-instruct,parasail/bf16,0,1.0,Parasail,Let,7.88e-06,0.8519527869325346,0.6358783157024039,0
comprehension,ally_majority,neutral,2103,-1,0,1,0,aPaPrQaQrQrQ,A,mistral-small,mistralai/mistral-small-3.2-24b-instruct,parasail/bf16,0,1.0,Parasail,To,7.88e-06,0.9820137921434671,0.43290049432597705,0
comprehension,ally_majority,neutral,2103,1,0,0,0,aPrQaQrQrQaP,A,mistral-small,mistralai/mistral-small-3.2-24b-instruct,parasail/bf16,0,1.0,Parasail,Let,7.88e-06,0.9706877658567787,0.5808783812863247,0
comprehension,ally_majority,neutral,2103,1,0,1,0,rQrQaPaPrQaQ,A,mistral-small,mistralai/mistral-small-3.2-24b-instruct,parasail/bf16,0,1.0,Parasail,A,9.16e-06,0.9669140216112959,0.4089383587687484,0
comprehension,ally_majority,neutral,2110,-1,0,0,0,aPaPrPaQ,A,mistral-small,mistralai/mistral-small-3.2-24b-instruct,parasail/bf16,0,1.0,Parasail,Let,7.44e-06,0.9840936120202411,0.5444235331732531,1
comprehension,ally_majority,neutral,2110,-1,0,1,0,aPaQrPaP,A,mistral-small,mistralai/mistral-small-3.2-24b-instruct,parasail/bf16,0,1.0,Parasail,A,7.44e-06,0.9859363729567546,0.49975580071344505,1
comprehension,ally_majority,neutral,2110,1,0,0,0,aPaQrPaP,A,mistral-small,mistralai/mistral-small-3.2-24b-instruct,parasail/bf16,0,1.0,Parasail,To,7.44e-06,0.9840936045561286,0.40951321530591633,1
comprehension,ally_majority,neutral,2110,1,0,1,0,aPrPaQaP,A,mistral-small,mistralai/mistral-small-3.2-24b-instruct,parasail/bf16,0,1.0,Parasail,A,8.08e-06,0.9924227588441933,0.1628515883589683,1
comprehension,ally_majority,neutral,2111,-1,0,0,0,aPrPaPrQaQ,A,mistral-small,mistralai/mistral-small-3.2-24b-instruct,parasail/bf16,0,1.0,Parasail,To,7.98e-06,0.6224593312018546,0.8732785555820389,0
comprehension,ally_majority,neutral,2111,-1,0,1,0,aPaQrPrQaP,A,mistral-small,mistralai/mistral-small-3.2-24b-instruct,parasail/bf16,0,1.0,Parasail,A,8.62e-06,0.9924227578357059,0.5424953224530231,0
comprehension,ally_majority,neutral,2111,1,0,0,0,aPrPaQrQaP,A,mistral-small,mistralai/mistral-small-3.2-24b-instruct,parasail/bf16,0,1.0,Parasail,A,7.98e-06,0.9933071498682252,0.43889079560918565,1
comprehension,ally_majority,neutral,2111,1,0,1,0,aPaPrPrQaQ,A,mistral-small,mistralai/mistral-small-3.2-24b-instruct,parasail/bf16,0,1.0,Parasail,A,7.98e-06,0.9953904272736549,0.4004836815869012,1
comprehension,ally_majority,neutral,2112,-1,0,0,0,aPaPrQrPrQaQ,A,mistral-small,mistralai/mistral-small-3.2-24b-instruct,parasail/bf16,0,1.0,Parasail,B,7.88e-06,0.7310585786300049,0.9211708047045745,0
comprehension,ally_majority,neutral,2112,-1,0,1,0,rQaPaQrQaPrP,A,mistral-small,mistralai/mistral-small-3.2-24b-instruct,parasail/bf16,0,1.0,Parasail,Let,9.16e-06,0.8670357598021707,0.8279038713856817,0
comprehension,ally_majority,neutral,2112,1,0,0,0,aPrQaPaQrQrP,A,mistral-small,mistralai/mistral-small-3.2-24b-instruct,parasail/bf16,0,1.0,Parasail,To,9.16e-06,0.9840936082881853,0.8276354252900087,1
comprehension,ally_majority,neutral,2112,1,0,1,0,rQaPrPrQaPaQ,A,mistral-small,mistralai/mistral-small-3.2-24b-instruct,parasail/bf16,0,1.0,Parasail,A,7.88e-06,0.997817283749379,0.38844646333758304,0
comprehension,ally_majority,neutral,2120,-1,0,0,0,rPrPaPaPaQ,A,mistral-small,mistralai/mistral-small-3.2-24b-instruct,parasail/bf16,0,1.0,Parasail,A,7.98e-06,0.9324533107374443,0.2429592847173852,0
comprehension,ally_majority,neutral,2120,-1,0,1,0,rPaQaPaPrP,A,mistral-small,mistralai/mistral-small-3.2-24b-instruct,parasail/bf16,0,1.0,Parasail,The,7.98e-06,0.99142251306567,0.27054529229106183,1
comprehension,ally_majority,neutral,2120,1,0,0,0,aQrPrPaPaP,A,mistral-small,mistralai/mistral-small-3.2-24b-instruct,parasail/bf16,0,1.0,Parasail,A,8.62e-06,0.9796676496254957,0.22270240372460515,1
comprehension,ally_majority,neutral,2120,1,0,1,0,aPrPaPaQrP,A,mistral-small,mistralai/mistral-small-3.2-24b-instruct,parasail/bf16,0,1.0,Parasail,To,7.98e-06,0.9940889300930226,0.2590682980069655,1
comprehension,ally_majority,neutral,2121,-1,0,0,0,aPrPrPaQaPrQ,A,mistral-small,mistralai/mistral-small-3.2-24b-instruct,parasail/bf16,0,1.0,Parasail,To,7.88e-06,0.974042636774129,0.7680672901126481,0
comprehension,ally_majority,neutral,2121,-1,0,1,0,aPaQrQaPrPrP,A,mistral-small,mistralai/mistral-small-3.2-24b-instruct,parasail/bf16,0,1.0,Parasail,To,7.88e-06,0.9399133498259924,0.6187373607001896,0
comprehension,ally_majority,neutral,2121,1,0,0,0,aPrQaQaPrPrP,A,mistral-small,mistralai/mistral-small-3.2-24b-instruct,parasail/bf16,0,1.0,Parasail,Let,7.88e-06,0.9840936082881853,0.7627982428373363,1
comprehension,ally_majority,neutral,2121,1,0,1,0,aPrPrQaQaPrP,A,mistral-small,mistralai/mistral-small-3.2-24b-instruct,parasail/bf16,0,1.0,Parasail,A,7.88e-06,0.9971990734490807,0.3557912133600414,1
comprehension,ally_majority,neutral,2130,-1,0,0,0,aQaPrPaPrPrP,A,mistral-small,mistralai/mistral-small-3.2-24b-instruct,parasail/bf16,0,1.0,Parasail,A,7.88e-06,0.8807970654616711,0.5798171798212353,0
comprehension,ally_majority,neutral,2130,-1,0,1,0,aPrPaPrPaQrP,A,mistral-small,mistralai/mistral-small-3.2-24b-instruct,parasail/bf16,0,1.0,Parasail,Let,7.88e-06,0.9947798741516819,0.30858642687227866,0
comprehension,ally_majority,neutral,2130,1,0,0,0,aPrPaPaQrPrP,A,mistral-small,mistralai/mistral-small-3.2-24b-instruct,parasail/bf16,0,1.0,Parasail,Let,7.88e-06,0.9875683520739037,0.46037041459617617,0
comprehension,ally_majority,neutral,2130,1,0,1,0,aQrPaPrPaPrP,A,mistral-small,mistralai/mistral-small-3.2-24b-instruct,parasail/bf16,0,1.0,Parasail,A,7.88e-06,0.9947798732231232,0.2089931422566651,1
comprehension,ally_majority,neutral,2300,-1,0,0,0,aQaPaQaPaQ,B,mistral-small,mistralai/mistral-small-3.2-24b-instruct,parasail/bf16,0,1.0,Parasail,B,7.98e-06,0.010986940930439183,0.09443461969129374,1
comprehension,ally_majority,neutral,2300,-1,0,1,0,aPaQaPaQaQ,B,mistral-small,mistralai/mistral-small-3.2-24b-instruct,parasail/bf16,0,1.0,Parasail,B,7.98e-06,0.02033235067131973,0.14751945579743264,1
comprehension,ally_majority,neutral,2300,1,0,0,0,aQaQaQaPaP,B,mistral-small,mistralai/mistral-small-3.2-24b-instruct,parasail/bf16,0,1.0,Parasail,B,7.98e-06,0.029312229055423984,0.11471537015996702,0
comprehension,ally_majority,neutral,2300,1,0,1,0,aQaQaPaPaQ,B,mistral-small,mistralai/mistral-small-3.2-24b-instruct,parasail/bf16,0,1.0,Parasail,B,7.98e-06,0.4073334000459302,0.3632881429803386,0
comprehension,ally_majority,neutral,2301,-1,0,0,0,aQaQaQrQaPaP,B,mistral-small,mistralai/mistral-small-3.2-24b-instruct,parasail/bf16,0,1.0,Parasail,To,7.88e-06,0.022977373255248682,0.2357446642641151,1
comprehension,ally_majority,neutral,2301,-1,0,1,0,aQaPaQaPaQrQ,B,mistral-small,mistralai/mistral-small-3.2-24b-instruct,parasail/bf16,0,1.0,Parasail,To,7.88e-06,0.025957361718852358,0.45351124609092064,1
comprehension,ally_majority,neutral,2301,1,0,0,0,aQaQaPaPrQaQ,B,mistral-small,mistralai/mistral-small-3.2-24b-instruct,parasail/bf16,0,1.0,Parasail,A,9.16e-06,0.5926665999540697,0.7835760682508478,0
comprehension,ally_majority,neutral,2301,1,0,1,0,aQaPaQaPrQaQ,B,mistral-small,mistralai/mistral-small-3.2-24b-instruct,parasail/bf16,0,1.0,Parasail,Let,7.88e-06,0.40733340004593027,0.8615580893176867,0
comprehension,ally_majority,neutral,2310,-1,0,0,0,rPaQaQaPaQaP,B,mistral-small,mistralai/mistral-small-3.2-24b-instruct,parasail/bf16,0,1.0,Parasail,To,9.16e-06,0.015906391711814714,0.4270464150653587,1
comprehension,ally_majority,neutral,2310,-1,0,1,0,aQaPrPaQaQaP,B,mistral-small,mistralai/mistral-small-3.2-24b-instruct,parasail/bf16,0,1.0,Parasail,To,7.88e-06,0.3486451353339457,0.7276624068776327,0
comprehension,ally_majority,neutral,2310,1,0,0,0,aQaQaPaQrPaP,B,mistral-small,mistralai/mistral-small-3.2-24b-instruct,parasail/bf16,0,1.0,Parasail,A,7.88e-06,0.984093606422157,0.7273004342328306,0
comprehension,ally_majority,neutral,2310,1,0,1,0,aQrPaPaQaQaP,B,mistral-small,mistralai/mistral-small-3.2-24b-instruct,parasail/bf16,0,1.0,Parasail,Let,7.88e-06,0.9875683509762452,0.339602768920215,0
comprehension,ally_majority,neutral,2400,-1,0,0,0,aQaQaQaQaPaP,B,mistral-small,mistralai/mistral-small-3.2-24b-instruct,parasail/bf16,0,1.0,Parasail,B,7.88e-06,0.0059110700383192,0.04303268797298865,1
comprehension,ally_majority,neutral,2400,-1,0,1,0,aQaPaPaQaQaQ,B,mistral-small,mistralai/mistral-small-3.2-24b-instruct,parasail/bf16,0,1.0,Parasail,B,7.88e-06,0.012431653597332906,0.10381968523481166,1
comprehension,ally_majority,neutral,2400,1,0,0,0,aPaQaQaQaQaP,B,mistral-small,mistralai/mistral-small-3.2-24b-instruct,parasail/bf16,0,1.0,Parasail,A,9.16e-06,0.4378234991142019,0.1853103735140197,0
comprehension,ally_majority,neutral,2400,1,0,1,0,aPaQaQaQaQaP,B,mistral-small,mistralai/mistral-small-3.2-24b-instruct,parasail/bf16,0,1.0,Parasail,B,7.88e-06,0.02033235096813516,0.1497715229183728,0
comprehension,ally_majority,neutral,3000,-1,0,0,0,aPaPaP,A,mistral-small,mistralai/mistral-small-3.2-24b-instruct,parasail/bf16,0,1.0,Parasail,A,7.54e-06,0.9994472213322045,0.016736076514806353,1
comprehension,ally_majority,neutral,3000,-1,0,1,0,aPaPaP,A,mistral-small,mistralai/mistral-small-3.2-24b-instruct,parasail/bf16,0,1.0,Parasail,A,7.54e-06,0.9996200155096571,0.012199651296259995,1
comprehension,ally_majority,neutral,3000,1,0,0,0,aPaPaP,A,mistral-small,mistralai/mistral-small-3.2-24b-instruct,parasail/bf16,0,1.0,Parasail,A,7.54e-06,0.9995694429206794,0.011628197789138928,1
comprehension,ally_majority,neutral,3000,1,0,1,0,aPaPaP,A,mistral-small,mistralai/mistral-small-3.2-24b-instruct,parasail/bf16,0,1.0,Parasail,A,7.54e-06,0.9994472213430098,0.008433378942470426,1
comprehension,ally_majority,neutral,3001,-1,0,0,0,aPaPrQaP,A,mistral-small,mistralai/mistral-small-3.2-24b-instruct,parasail/bf16,0,1.0,Parasail,A,7.44e-06,0.9820137858267907,0.12097653075583581,1
comprehension,ally_majority,neutral,3001,-1,0,1,0,aPaPrQaP,A,mistral-small,mistralai/mistral-small-3.2-24b-instruct,parasail/bf16,0,1.0,Parasail,A,7.44e-06,0.9875683506103591,0.07538566001855451,1
comprehension,ally_majority,neutral,3001,1,0,0,0,aPrQaPaP,A,mistral-small,mistralai/mistral-small-3.2-24b-instruct,parasail/bf16,0,1.0,Parasail,A,7.44e-06,0.9859363760560113,0.08040027178492792,1
comprehension,ally_majority,neutral,3001,1,0,1,0,rQaPaPaP,A,mistral-small,mistralai/mistral-small-3.2-24b-instruct,parasail/bf16,0,1.0,Parasail,A,7.44e-06,0.997527377256846,0.022745043153908462,1
comprehension,ally_majority,neutral,3002,-1,0,0,0,rQaPaPrQaP,A,mistral-small,mistralai/mistral-small-3.2-24b-instruct,parasail/bf16,0,1.0,Parasail,A,7.98e-06,0.9796676466573412,0.21826291323328095,1
comprehension,ally_majority,neutral,3002,-1,0,1,0,aPaPrQrQaP,A,mistral-small,mistralai/mistral-small-3.2-24b-instruct,parasail/bf16,0,1.0,Parasail,A,7.98e-06,0.9902915240915783,0.08852261951953821,1
comprehension,ally_majority,neutral,3002,1,0,0,0,rQaPrQaPaP,A,mistral-small,mistralai/mistral-small-3.2-24b-instruct,parasail/bf16,0,1.0,Parasail,A,7.98e-06,0.9890130547786955,0.09596788883943919,1
comprehension,ally_majority,neutral,3002,1,0,1,0,aPrQaPaPrQ,A,mistral-small,mistralai/mistral-small-3.2-24b-instruct,parasail/bf16,0,1.0,Parasail,A,8.62e-06,0.9914225154733151,0.11690357219516057,1
comprehension,ally_majority,neutral,3003,-1,0,0,0,aPrQrQaPaPrQ,A,mistral-small,mistralai/mistral-small-3.2-24b-instruct,parasail/bf16,0,1.0,Parasail,A,7.88e-06,0.993307149967289,0.21354287744900813,1
comprehension,ally_majority,neutral,3003,-1,0,1,0,aPrQrQaPaPrQ,A,mistral-small,mistralai/mistral-small-3.2-24b-instruct,parasail/bf16,0,1.0,Parasail,A,7.88e-06,0.9947798742290618,0.1480892974353245,1
comprehension,ally_majority,neutral,3003,1,0,0,0,aPrQaPrQaPrQ,A,mistral-small,mistralai/mistral-small-3.2-24b-instruct,parasail/bf16,0,1.0,Parasail,A,9.16e-06,0.9902915216919217,0.04961331861350471,1
comprehension,ally_majority,neutral,3003,1,0,1,0,aPrQaPrQrQaP,A,mistral-small,mistralai/mistral-small-3.2-24b-instruct,parasail/bf16,0,1.0,Parasail,A,7.88e-06,0.9947798748867906,0.0819145800329637,1
comprehension,ally_majority,neutral,3010,-1,0,0,0,aPaPrPaP,A,mistral-small,mistralai/mistral-small-3.2-24b-instruct,parasail/bf16,0,1.0,Parasail,A,8.08e-06,0.9924227569952997,0.059701593848788814,1
comprehension,ally_majority,neutral,3010,-1,0,1,0,rPaPaPaP,A,mistral-small,mistralai/mistral-small-3.2-24b-instruct,parasail/bf16,0,1.0,Parasail,A,8.08e-06,0.9968273173460215,0.02414212357595613,1
comprehension,ally_majority,neutral,3010,1,0,0,0,aPaPrPaP,A,mistral-small,mistralai/mistral-small-3.2-24b-instruct,parasail/bf16,0,1.0,Parasail,A,8.08e-06,0.9914225147763653,0.04973637371385642,1
comprehension,ally_majority,neutral,3010,1,0,1,0,aPaPaPrP,A,mistral-small,mistralai/mistral-small-3.2-24b-instruct,parasail/bf16,0,1.0,Parasail,A,7.44e-06,0.9980732652435429,0.023595318638608087,1
comprehension,ally_majority,neutral,3011,-1,0,0,0,aPrPaPaPrQ,A,mistral-small,mistralai/mistral-small-3.2-24b-instruct,parasail/bf16,0,1.0,Parasail,To,7.98e-06,0.9875683473173829,0.21757759424746637,1
comprehension,ally_majority,neutral,3011,-1,0,1,0,aPaPaPrPrQ,A,mistral-small,mistralai/mistral-small-3.2-24b-instruct,parasail/bf16,0,1.0,Parasail,A,7.98e-06,0.9902915236617891,0.07379542123873017,1
comprehension,ally_majority,neutral,3011,1,0,0,0,aPrPaPrQaP,A,mistral-small,mistralai/mistral-small-3.2-24b-instruct,parasail/bf16,0,1.0,Parasail,Let,7.98e-06,0.991422514586288,0.1489041836723758,1
comprehension,ally_majority,neutral,3011,1,0,1,0,aPaPrQaPrP,A,mistral-small,mistralai/mistral-small-3.2-24b-instruct,parasail/bf16,0,1.0,Parasail,A,7.98e-06,0.9940889318442452,0.17578233877362226,1
comprehension,ally_majority,neutral,3012,-1,0,0,0,rPaPrQaPaPrQ,A,mistral-small,mistralai/mistral-small-3.2-24b-instruct,parasail/bf16,0,1.0,Parasail,Let,7.88e-06,0.9902915235185259,0.4673467981905869,1
comprehension,ally_majority,neutral,3012,-1,0,1,0,aPaPrQaPrPrQ,A,mistral-small,mistralai/mistral-small-3.2-24b-instruct,parasail/bf16,0,1.0,Parasail,Let,7.88e-06,0.994779873996922,0.36612414702367246,1
comprehension,ally_majority,neutral,3012,1,0,0,0,rQaPaPrQrPaP,A,mistral-small,mistralai/mistral-small-3.2-24b-instruct,parasail/bf16,0,1.0,Parasail,A,9.16e-06,0.9914225166137784,0.2494950263221376,1
comprehension,ally_majority,neutral,3012,1,0,1,0,aPaPrQrQrPaP,A,mistral-small,mistralai/mistral-small-3.2-24b-instruct,parasail/bf16,0,1.0,Parasail,A,9.16e-06,0.9940889322820508,0.1297472670337385,1
comprehension,ally_majority,neutral,3020,-1,0,0,0,aPaPrPrPaP,A,mistral-small,mistralai/mistral-small-3.2-24b-instruct,parasail/bf16,0,1.0,Parasail,A,8.62e-06,0.9940889298084488,0.04568980497895625,1
comprehension,ally_majority,neutral,3020,-1,0,1,0,aPaPaPrPrP,A,mistral-small,mistralai/mistral-small-3.2-24b-instruct,parasail/bf16,0,1.0,Parasail,A,7.98e-06,0.9933071493976724,0.03853677556441315,1
comprehension,ally_majority,neutral,3020,1,0,0,0,rPaPaPrPaP,A,mistral-small,mistralai/mistral-small-3.2-24b-instruct,parasail/bf16,0,1.0,Parasail,A,8.62e-06,0.9890130585838026,0.06394088155285671,1
comprehension,ally_majority,neutral,3020,1,0,1,0,rPaPrPaPaP,A,mistral-small,mistralai/mistral-small-3.2-24b-instruct,parasail/bf16,0,1.0,Parasail,A,7.98e-06,0.9940889318880257,0.03620351450913195,1
comprehension,ally_majority,neutral,3021,-1,0,0,0,rQaPrPrPaPaP,A,mistral-small,mistralai/mistral-small-3.2-24b-instruct,parasail/bf16,0,1.0,Parasail,A,9.16e-06,0.9859363723369031,0.1697247508250932,1
comprehension,ally_majority,neutral,3021,-1,0,1,0,aPaPrQaPrPrP,A,mistral-small,mistralai/mistral-small-3.2-24b-instruct,parasail/bf16,0,1.0,Parasail,A,9.16e-06,0.9924227591803558,0.21040986217640256,1
comprehension,ally_majority,neutral,3021,1,0,0,0,aPaPrPrPrQaP,A,mistral-small,mistralai/mistral-small-3.2-24b-instruct,parasail/bf16,0,1.0,Parasail,A,7.88e-06,0.9924227573874893,0.25310219005765766,1
comprehension,ally_majority,neutral,3021,1,0,1,0,aPrPaPaPrPrQ,A,mistral-small,mistralai/mistral-small-3.2-24b-instruct,parasail/bf16,0,1.0,Parasail,A,7.88e-06,0.9914225132557472,0.11001281731131562,1
comprehension,ally_majority,neutral,3030,-1,0,0,0,aPrPrPaPaPrP,A,mistral-small,mistralai/mistral-small-3.2-24b-instruct,parasail/bf16,0,1.0,Parasail,A,8.52e-06,0.9924227604129513,0.06839451872025404,1
comprehension,ally_majority,neutral,3030,-1,0,1,0,rPaPaPaPrPrP,A,mistral-small,mistralai/mistral-small-3.2-24b-instruct,parasail/bf16,0,1.0,Parasail,A,7.88e-06,0.9924227605250053,0.04441072219100439,1
comprehension,ally_majority,neutral,3030,1,0,0,0,aPaPaPrPrPrP,A,mistral-small,mistralai/mistral-small-3.2-24b-instruct,parasail/bf16,0,1.0,Parasail,A,8.52e-06,0.9914225156317128,0.04243121863784993,1
comprehension,ally_majority,neutral,3030,1,0,1,0,rPaPrPaPaPrP,A,mistral-small,mistralai/mistral-small-3.2-24b-instruct,parasail/bf16,0,1.0,Parasail,A,8.52e-06,0.9924227597966535,0.045808668869737224,1
comprehension,ally_majority,neutral,3100,-1,0,0,0,aPaQaPaP,A,mistral-small,mistralai/mistral-small-3.2-24b-instruct,parasail/bf16,0,1.0,Parasail,A,8.08e-06,0.9924227595445316,0.055974685996670326,1
comprehension,ally_majority,neutral,3100,-1,0,1,0,aQaPaPaP,A,mistral-small,mistralai/mistral-small-3.2-24b-instruct,parasail/bf16,0,1.0,Parasail,A,7.44e-06,0.9959298629938382,0.027892751840774554,1
comprehension,ally_majority,neutral,3100,1,0,0,0,aPaPaPaQ,A,mistral-small,mistralai/mistral-small-3.2-24b-instruct,parasail/bf16,0,1.0,Parasail,A,7.44e-06,0.9964063978787789,0.02483049485769573,1
comprehension,ally_majority,neutral,3100,1,0,1,0,aPaPaPaQ,A,mistral-small,mistralai/mistral-small-3.2-24b-instruct,parasail/bf16,0,1.0,Parasail,To,7.44e-06,0.997817283944103,0.016555788221210177,1
comprehension,ally_majority,neutral,3101,-1,0,0,0,rQaPaPaPaQ,A,mistral-small,mistralai/mistral-small-3.2-24b-instruct,parasail/bf16,0,1.0,Parasail,A,7.98e-06,0.9740426397881662,0.30845478317702024,0
comprehension,ally_majority,neutral,3101,-1,0,1,0,aQaPrQaPaP,A,mistral-small,mistralai/mistral-small-3.2-24b-instruct,parasail/bf16,0,1.0,Parasail,To,8.62e-06,0.993307148283205,0.3047558020909119,1
comprehension,ally_majority,neutral,3101,1,0,0,0,aPrQaPaQaP,A,mistral-small,mistralai/mistral-small-3.2-24b-instruct,parasail/bf16,0,1.0,Parasail,Let,7.98e-06,0.9875683506103591,0.33365807174691353,1
comprehension,ally_majority,neutral,3101,1,0,1,0,aPrQaPaQaP,A,mistral-small,mistralai/mistral-small-3.2-24b-instruct,parasail/bf16,0,1.0,Parasail,Let,8.62e-06,0.9947798746159612,0.2072208349604625,1
comprehension,ally_majority,neutral,3102,-1,0,0,0,aPrQaPaPrQaQ,A,mistral-small,mistralai/mistral-small-3.2-24b-instruct,parasail/bf16,0,1.0,Parasail,Let,9.16e-06,0.8519528019683105,0.8498956173210662,0
comprehension,ally_majority,neutral,3102,-1,0,1,0,aQrQrQaPaPaP,A,mistral-small,mistralai/mistral-small-3.2-24b-instruct,parasail/bf16,0,1.0,Parasail,A,9.16e-06,0.9914225132557472,0.11426466628325205,1
comprehension,ally_majority,neutral,3102,1,0,0,0,aPaPaPaQrQrQ,A,mistral-small,mistralai/mistral-small-3.2-24b-instruct,parasail/bf16,0,1.0,Parasail,A,7.88e-06,0.9890130571265277,0.10027505850933593,1
comprehension,ally_majority,neutral,3102,1,0,1,0,aPaQrQrQaPaP,A,mistral-small,mistralai/mistral-small-3.2-24b-instruct,parasail/bf16,0,1.0,Parasail,A,7.88e-06,0.991422513825979,0.1386812647090453,1
comprehension,ally_majority,neutral,3110,-1,0,0,0,aPaPaPaQrP,A,mistral-small,mistralai/mistral-small-3.2-24b-instruct,parasail/bf16,0,1.0,Parasail,A,7.98e-06,0.9820137900379085,0.27584968477781246,1
comprehension,ally_majority,neutral,3110,-1,0,1,0,aPaQaPaPrP,A,mistral-small,mistralai/mistral-small-3.2-24b-instruct,parasail/bf16,0,1.0,Parasail,A,7.98e-06,0.9875683480491554,0.18187211182021046,1
comprehension,ally_majority,neutral,3110,1,0,0,0,aQaPrPaPaP,A,mistral-small,mistralai/mistral-small-3.2-24b-instruct,parasail/bf16,0,1.0,Parasail,A,7.98e-06,0.9875683517080176,0.16683455406070757,1
comprehension,ally_majority,neutral,3110,1,0,1,0,rPaPaPaPaQ,A,mistral-small,mistralai/mistral-small-3.2-24b-instruct,parasail/bf16,0,1.0,Parasail,A,8.62e-06,0.9964063982456043,0.06107127402730639,1
comprehension,ally_majority,neutral,3111,-1,0,0,0,aPaQrPrQaPaP,A,mistral-small,mistralai/mistral-small-3.2-24b-instruct,parasail/bf16,0,1.0,Parasail,Let,7.88e-06,0.9840936082881853,0.5265968130050404,0
comprehension,ally_majority,neutral,3111,-1,0,1,0,aPaPaQaPrQrP,A,mistral-small,mistralai/mistral-small-3.2-24b-instruct,parasail/bf16,0,1.0,Parasail,A,8.52e-06,0.9953904275471404,0.46813538893276696,1
comprehension,ally_majority,neutral,3111,1,0,0,0,aQaPaPrQaPrP,A,mistral-small,mistralai/mistral-small-3.2-24b-instruct,parasail/bf16,0,1.0,Parasail,Let,7.88e-06,0.9947798743064417,0.4702460354038124,1
comprehension,ally_majority,neutral,3111,1,0,1,0,aPaPrQrPaPaQ,A,mistral-small,mistralai/mistral-small-3.2-24b-instruct,parasail/bf16,0,1.0,Parasail,A,7.88e-06,0.9975273765493344,0.3158070361546156,1
comprehension,ally_majority,neutral,3120,-1,0,0,0,aPrPaPrPaPaQ,A,mistral-small,mistralai/mistral-small-3.2-24b-instruct,parasail/bf16,0,1.0,Parasail,A,9.16e-06,0.9953904287778247,0.19781831105107384,1
comprehension,ally_majority,neutral,3120,-1,0,1,0,aQrPaPaPaPrP,A,mistral-small,mistralai/mistral-small-3.2-24b-instruct,parasail/bf16,0,1.0,Parasail,A,7.88e-06,0.9914225130656699,0.16708314241382594,1
comprehension,ally_majority,neutral,3120,1,0,0,0,aQaPrPaPaPrP,A,mistral-small,mistralai/mistral-small-3.2-24b-instruct,parasail/bf16,0,1.0,Parasail,A,7.88e-06,0.9902915229454736,0.27533539105241256,1
comprehension,ally_majority,neutral,3120,1,0,1,0,rPaPaPrPaPaQ,A,mistral-small,mistralai/mistral-small-3.2-24b-instruct,parasail/bf16,0,1.0,Parasail,A,7.88e-06,0.9959298625257156,0.15709960564774694,1
comprehension,ally_majority,neutral,3200,-1,0,0,0,aQaPaPaQaP,A,mistral-small,mistralai/mistral-small-3.2-24b-instruct,parasail/bf16,0,1.0,Parasail,A,8.62e-06,0.9859363727501375,0.11800877602389681,1
comprehension,ally_majority,neutral,3200,-1,0,1,0,aPaQaPaPaQ,A,mistral-small,mistralai/mistral-small-3.2-24b-instruct,parasail/bf16,0,1.0,Parasail,To,7.98e-06,0.9579122720843811,0.14352717294187733,0
comprehension,ally_majority,neutral,3200,1,0,0,0,aQaQaPaPaP,A,mistral-small,mistralai/mistral-small-3.2-24b-instruct,parasail/bf16,0,1.0,Parasail,A,7.98e-06,0.9914225156633923,0.07037817583402683,1
comprehension,ally_majority,neutral,3200,1,0,1,0,aPaQaPaQaP,A,mistral-small,mistralai/mistral-small-3.2-24b-instruct,parasail/bf16,0,1.0,Parasail,A,8.62e-06,0.9959298632203492,0.041245950484601335,1
comprehension,ally_majority,neutral,3201,-1,0,0,0,rQaQaQaPaPaP,A,mistral-small,mistralai/mistral-small-3.2-24b-instruct,parasail/bf16,0,1.0,Parasail,A,7.88e-06,0.679178699175393,0.28158833954972445,0
comprehension,ally_majority,neutral,3201,-1,0,1,0,aPaQaPaPaQrQ,A,mistral-small,mistralai/mistral-small-3.2-24b-instruct,parasail/bf16,0,1.0,Parasail,A,9.16e-06,0.9770226300899744,0.4257287968064656,0
comprehension,ally_majority,neutral,3201,1,0,0,0,aPaPaPaQaQrQ,A,mistral-small,mistralai/mistral-small-3.2-24b-instruct,parasail/bf16,0,1.0,Parasail,A,7.88e-06,0.9875683473173827,0.14999125108793987,1
comprehension,ally_majority,neutral,3201,1,0,1,0,aQaPaPrQaQaP,A,mistral-small,mistralai/mistral-small-3.2-24b-instruct,parasail/bf16,0,1.0,Parasail,To,7.88e-06,0.9975273772844114,0.47897553823269534,1
comprehension,ally_majority,neutral,3210,-1,0,0,0,rPaPaQaPaPaQ,A,mistral-small,mistralai/mistral-small-3.2-24b-instruct,parasail/bf16,0,1.0,Parasail,To,9.16e-06,0.6224593312018546,0.503294712956855,0
comprehension,ally_majority,neutral,3210,-1,0,1,0,aQaQaPaPaPrP,A,mistral-small,mistralai/mistral-small-3.2-24b-instruct,parasail/bf16,0,1.0,Parasail,A,7.88e-06,0.9740426428022031,0.21059362012979316,0
comprehension,ally_majority,neutral,3210,1,0,0,0,rPaQaPaQaPaP,A,mistral-small,mistralai/mistral-small-3.2-24b-instruct,parasail/bf16,0,1.0,Parasail,A,9.16e-06,0.9859363723369031,0.1403679962582267,1
comprehension,ally_majority,neutral,3210,1,0,1,0,aPaPaPrPaQaQ,A,mistral-small,mistralai/mistral-small-3.2-24b-instruct,parasail/bf16,0,1.0,Parasail,A,7.88e-06,0.9933071497691615,0.11765995255097594,1
comprehension,ally_majority,neutral,4000,-1,0,0,0,aPaPaPaP,A,mistral-small,mistralai/mistral-small-3.2-24b-instruct,parasail/bf16,0,1.0,Parasail,A,8.08e-06,0.999447221441285,0.011488550061321101,1
comprehension,ally_majority,neutral,4000,-1,0,1,0,aPaPaPaP,A,mistral-small,mistralai/mistral-small-3.2-24b-instruct,parasail/bf16,0,1.0,Parasail,A,8.08e-06,0.9991959141519173,0.009567816198472912,1
comprehension,ally_majority,neutral,4000,1,0,0,0,aPaPaPaP,A,mistral-small,mistralai/mistral-small-3.2-24b-instruct,parasail/bf16,0,1.0,Parasail,A,7.44e-06,0.9991959139955308,0.008357774474554769,1
comprehension,ally_majority,neutral,4000,1,0,1,0,aPaPaPaP,A,mistral-small,mistralai/mistral-small-3.2-24b-instruct,parasail/bf16,0,1.0,Parasail,A,8.08e-06,0.9990889489073246,0.007107990018256016,1
comprehension,ally_majority,neutral,4001,-1,0,0,0,aPrQaPaPaP,A,mistral-small,mistralai/mistral-small-3.2-24b-instruct,parasail/bf16,0,1.0,Parasail,A,8.62e-06,0.9890130569646082,0.06988083704984394,1
comprehension,ally_majority,neutral,4001,-1,0,1,0,aPrQaPaPaP,A,mistral-small,mistralai/mistral-small-3.2-24b-instruct,parasail/bf16,0,1.0,Parasail,A,8.62e-06,0.9902915228022106,0.06448454954749805,1
comprehension,ally_majority,neutral,4001,1,0,0,0,aPaPrQaPaP,A,mistral-small,mistralai/mistral-small-3.2-24b-instruct,parasail/bf16,0,1.0,Parasail,A,7.98e-06,0.9953904278377187,0.03654733298764379,1
comprehension,ally_majority,neutral,4001,1,0,1,0,aPaPaPrQaP,A,mistral-small,mistralai/mistral-small-3.2-24b-instruct,parasail/bf16,0,1.0,Parasail,A,7.98e-06,0.996406396865007,0.024819610959625815,1
comprehension,ally_majority,neutral,4002,-1,0,0,0,aPaPrQaPrQaP,A,mistral-small,mistralai/mistral-small-3.2-24b-instruct,parasail/bf16,0,1.0,Parasail,To,7.88e-06,0.9902915222291583,0.10052395755236077,1
comprehension,ally_majority,neutral,4002,-1,0,1,0,aPrQaPaPrQaP,A,mistral-small,mistralai/mistral-small-3.2-24b-instruct,parasail/bf16,0,1.0,Parasail,Let,7.88e-06,0.9947798745385812,0.16840526194323058,1
comprehension,ally_majority,neutral,4002,1,0,0,0,aPrQaPaPaPrQ,A,mistral-small,mistralai/mistral-small-3.2-24b-instruct,parasail/bf16,0,1.0,Parasail,A,7.88e-06,0.9890130579361248,0.10006174211565677,1
comprehension,ally_majority,neutral,4002,1,0,1,0,aPaPaPrQaPrQ,A,mistral-small,mistralai/mistral-small-3.2-24b-instruct,parasail/bf16,0,1.0,Parasail,A,8.52e-06,0.9953904270685409,0.04345738971503199,1
comprehension,ally_majority,neutral,4010,-1,0,0,0,aPrPaPaPaP,A,mistral-small,mistralai/mistral-small-3.2-24b-instruct,parasail/bf16,0,1.0,Parasail,A,7.98e-06,0.9971990733918529,0.02993993491967062,1
comprehension,ally_majority,neutral,4010,-1,0,1,0,aPaPaPaPrP,A,mistral-small,mistralai/mistral-small-3.2-24b-instruct,parasail/bf16,0,1.0,Parasail,A,7.98e-06,0.9986749773584922,0.026758150513915058,1
comprehension,ally_majority,neutral,4010,1,0,0,0,aPaPaPaPrP,A,mistral-small,mistralai/mistral-small-3.2-24b-instruct,parasail/bf16,0,1.0,Parasail,A,7.98e-06,0.9980732650250466,0.02610868170463021,1
comprehension,ally_majority,neutral,4010,1,0,1,0,aPaPaPrPaP,A,mistral-small,mistralai/mistral-small-3.2-24b-instruct,parasail/bf16,0,1.0,Parasail,A,7.98e-06,0.9971990728039681,0.027583309854715354,1
comprehension,ally_majority,neutral,4011,-1,0,0,0,aPrPaPaPaPrQ,A,mistral-small,mistralai/mistral-small-3.2-24b-instruct,parasail/bf16,0,1.0,Parasail,A,7.88e-06,0.9924227604129512,0.059446458172666805,1
comprehension,ally_majority,neutral,4011,-1,0,1,0,aPaPaPrQrPaP,A,mistral-small,mistralai/mistral-small-3.2-24b-instruct,parasail/bf16,0,1.0,Parasail,A,7.88e-06,0.9902915220858952,0.07286941466009578,1
comprehension,ally_majority,neutral,4011,1,0,0,0,aPaPrPaPrQaP,A,mistral-small,mistralai/mistral-small-3.2-24b-instruct,parasail/bf16,0,1.0,Parasail,A,7.88e-06,0.9902915252376826,0.19554223739984034,1
comprehension,ally_majority,neutral,4011,1,0,1,0,aPaPaPrQaPrP,A,mistral-small,mistralai/mistral-small-3.2-24b-instruct,parasail/bf16,0,1.0,Parasail,A,7.88e-06,0.9924227592363828,0.07102829297461533,1
comprehension,ally_majority,neutral,4020,-1,0,0,0,aPrPrPaPaPaP,A,mistral-small,mistralai/mistral-small-3.2-24b-instruct,parasail/bf16,0,1.0,Parasail,A,7.88e-06,0.994088929983571,0.0314230109428576,1
comprehension,ally_majority,neutral,4020,-1,0,1,0,aPrPaPaPrPaP,A,mistral-small,mistralai/mistral-small-3.2-24b-instruct,parasail/bf16,0,1.0,Parasail,A,7.88e-06,0.9940889319099161,0.041545446190241586,1
comprehension,ally_majority,neutral,4020,1,0,0,0,rPaPaPrPaPaP,A,mistral-small,mistralai/mistral-small-3.2-24b-instruct,parasail/bf16,0,1.0,Parasail,A,7.88e-06,0.9914225155049946,0.04424588347781755,1
comprehension,ally_majority,neutral,4020,1,0,1,0,rPaPrPaPaPaP,A,mistral-small,mistralai/mistral-small-3.2-24b-instruct,parasail/bf16,0,1.0,Parasail,A,7.88e-06,0.9968273177407072,0.024736506431534577,1
comprehension,ally_majority,neutral,4100,-1,0,0,0,aPaPaPaPaQ,A,mistral-small,mistralai/mistral-small-3.2-24b-instruct,parasail/bf16,0,1.0,Parasail,A,7.98e-06,0.9933071492490767,0.03977293054436015,1
comprehension,ally_majority,neutral,4100,-1,0,1,0,aPaPaPaPaQ,A,mistral-small,mistralai/mistral-small-3.2-24b-instruct,parasail/bf16,0,1.0,Parasail,A,7.98e-06,0.9959298629862878,0.027767127046527507,1
comprehension,ally_majority,neutral,4100,1,0,0,0,aPaQaPaPaP,A,mistral-small,mistralai/mistral-small-3.2-24b-instruct,parasail/bf16,0,1.0,Parasail,A,7.98e-06,0.9980732654083107,0.0239238834240747,1
comprehension,ally_majority,neutral,4100,1,0,1,0,aPaPaQaPaP,A,mistral-small,mistralai/mistral-small-3.2-24b-instruct,parasail/bf16,0,1.0,Parasail,A,7.98e-06,0.9982992779237848,0.016612510339217068,1
comprehension,ally_majority,neutral,4101,-1,0,0,0,aPaPrQaPaQaP,A,mistral-small,mistralai/mistral-small-3.2-24b-instruct,parasail/bf16,0,1.0,Parasail,The,7.88e-06,0.9914225166137786,0.3510072334095692,1
comprehension,ally_majority,neutral,4101,-1,0,1,0,aQaPaPaPrQaP,A,mistral-small,mistralai/mistral-small-3.2-24b-instruct,parasail/bf16,0,1.0,Parasail,A,7.88e-06,0.9947798739195421,0.21049279501489626,1
comprehension,ally_majority,neutral,4101,1,0,0,0,aPaPrQaQaPaP,A,mistral-small,mistralai/mistral-small-3.2-24b-instruct,parasail/bf16,0,1.0,Parasail,A,9.16e-06,0.9890130591505206,0.18430415296447378,1
comprehension,ally_majority,neutral,4101,1,0,1,0,aQaPaPaPrQaP,A,mistral-small,mistralai/mistral-small-3.2-24b-instruct,parasail/bf16,0,1.0,Parasail,A,7.88e-06,0.9924227587321391,0.13004491735928492,1
comprehension,ally_majority,neutral,4110,-1,0,0,0,aPaPaPaQaPrP,A,mistral-small,mistralai/mistral-small-3.2-24b-instruct,parasail/bf16,0,1.0,Parasail,To,9.16e-06,0.9859363702707316,0.17989740255713227,1
comprehension,ally_majority,neutral,4110,-1,0,1,0,rPaQaPaPaPaP,A,mistral-small,mistralai/mistral-small-3.2-24b-instruct,parasail/bf16,0,1.0,Parasail,A,7.88e-06,0.9914225125904766,0.04554787760385571,0
comprehension,ally_majority,neutral,4110,1,0,0,0,rPaPaPaQaPaP,A,mistral-small,mistralai/mistral-small-3.2-24b-instruct,parasail/bf16,0,1.0,Parasail,A,7.88e-06,0.9940889313188784,0.056569665746595055,1
comprehension,ally_majority,neutral,4110,1,0,1,0,rPaPaPaQaPaP,A,mistral-small,mistralai/mistral-small-3.2-24b-instruct,parasail/bf16,0,1.0,Parasail,A,7.88e-06,0.9975273767331037,0.032376582626532424,1
comprehension,ally_majority,neutral,4200,-1,0,0,0,aQaPaPaPaQaP,A,mistral-small,mistralai/mistral-small-3.2-24b-instruct,parasail/bf16,0,1.0,Parasail,A,7.88e-06,0.9933071486794601,0.07800848282076134,1
comprehension,ally_majority,neutral,4200,-1,0,1,0,aQaPaPaPaQaP,A,mistral-small,mistralai/mistral-small-3.2-24b-instruct,parasail/bf16,0,1.0,Parasail,A,9.16e-06,0.9947798738421623,0.06110112362503817,1
comprehension,ally_majority,neutral,4200,1,0,0,0,aQaPaPaQaPaP,A,mistral-small,mistralai/mistral-small-3.2-24b-instruct,parasail/bf16,0,1.0,Parasail,A,7.88e-06,0.9953904268805196,0.04791647458307435,1
comprehension,ally_majority,neutral,4200,1,0,1,0,aQaPaPaPaPaQ,A,mistral-small,mistralai/mistral-small-3.2-24b-instruct,parasail/bf16,0,1.0,Parasail,A,9.16e-06,0.9971990724189815,0.0332719126436698,1
comprehension,ally_majority,neutral,5000,-1,0,0,0,aPaPaPaPaP,A,mistral-small,mistralai/mistral-small-3.2-24b-instruct,parasail/bf16,0,1.0,Parasail,A,7.98e-06,0.9994472212462779,0.009705083706771367,1
comprehension,ally_majority,neutral,5000,-1,0,1,0,aPaPaPaPaP,A,mistral-small,mistralai/mistral-small-3.2-24b-instruct,parasail/bf16,0,1.0,Parasail,A,7.98e-06,0.9990889487784727,0.008959476858535598,1
comprehension,ally_majority,neutral,5000,1,0,0,0,aPaPaPaPaP,A,mistral-small,mistralai/mistral-small-3.2-24b-instruct,parasail/bf16,0,1.0,Parasail,A,7.98e-06,0.9992903297333222,0.007216802611799911,1
comprehension,ally_majority,neutral,5000,1,0,1,0,aPaPaPaPaP,A,mistral-small,mistralai/mistral-small-3.2-24b-instruct,parasail/bf16,0,1.0,Parasail,A,7.98e-06,0.9991959139308062,0.006104997335070417,1
comprehension,ally_majority,neutral,5001,-1,0,0,0,aPaPrQaPaPaP,A,mistral-small,mistralai/mistral-small-3.2-24b-instruct,parasail/bf16,0,1.0,Parasail,A,7.88e-06,0.9953904278035329,0.03918441343386936,1
comprehension,ally_majority,neutral,5001,-1,0,1,0,aPrQaPaPaPaP,A,mistral-small,mistralai/mistral-small-3.2-24b-instruct,parasail/bf16,0,1.0,Parasail,A,9.16e-06,0.9924227596285724,0.04163731487456557,1
comprehension,ally_majority,neutral,5001,1,0,0,0,rQaPaPaPaPaP,A,mistral-small,mistralai/mistral-small-3.2-24b-instruct,parasail/bf16,0,1.0,Parasail,A,7.88e-06,0.9993736659275848,0.014467758615792747,1
comprehension,ally_majority,neutral,5001,1,0,1,0,aPaPaPaPaPrQ,A,mistral-small,mistralai/mistral-small-3.2-24b-instruct,parasail/bf16,0,1.0,Parasail,A,8.52e-06,0.999373665723551,0.0117217007240491,1
comprehension,ally_majority,neutral,5010,-1,0,0,0,aPaPaPrPaPaP,A,mistral-small,mistralai/mistral-small-3.2-24b-instruct,parasail/bf16,0,1.0,Parasail,A,9.16e-06,0.9959298618763841,0.0330601881289061,1
comprehension,ally_majority,neutral,5010,-1,0,1,0,aPaPrPaPaPaP,A,mistral-small,mistralai/mistral-small-3.2-24b-instruct,parasail/bf16,0,1.0,Parasail,A,7.88e-06,0.9971990736571814,0.023778942323916197,1
comprehension,ally_majority,neutral,5010,1,0,0,0,aPaPaPrPaPaP,A,mistral-small,mistralai/mistral-small-3.2-24b-instruct,parasail/bf16,0,1.0,Parasail,A,7.88e-06,0.9968273178172881,0.029489218441825393,1
comprehension,ally_majority,neutral,5010,1,0,1,0,aPaPaPaPaPrP,A,mistral-small,mistralai/mistral-small-3.2-24b-instruct,parasail/bf16,0,1.0,Parasail,A,7.88e-06,0.9990889489064767,0.01475910304707928,1
comprehension,ally_majority,neutral,5100,-1,0,0,0,aPaPaPaPaQaP,A,mistral-small,mistralai/mistral-small-3.2-24b-instruct,parasail/bf16,0,1.0,Parasail,A,7.88e-06,0.9947798736874025,0.04152146269759083,1
comprehension,ally_majority,neutral,5100,-1,0,1,0,aPaPaQaPaPaP,A,mistral-small,mistralai/mistral-small-3.2-24b-instruct,parasail/bf16,0,1.0,Parasail,A,7.88e-06,0.9964063980655264,0.023142440319410817,1
comprehension,ally_majority,neutral,5100,1,0,0,0,aQaPaPaPaPaP,A,mistral-small,mistralai/mistral-small-3.2-24b-instruct,parasail/bf16,0,1.0,Parasail,A,7.88e-06,0.9993736658722042,0.012802859189985916,1
comprehension,ally_majority,neutral,5100,1,0,1,0,aPaQaPaPaPaP,A,mistral-small,mistralai/mistral-small-3.2-24b-instruct,parasail/bf16,0,1.0,Parasail,A,7.88e-06,0.9993736659678085,0.010835914951778047,1
comprehension,ally_majority,neutral,6000,-1,0,0,0,aPaPaPaPaPaP,A,mistral-small,mistralai/mistral-small-3.2-24b-instruct,parasail/bf16,0,1.0,Parasail,A,7.88e-06,0.9995121428424768,0.007375160332112496,1
comprehension,ally_majority,neutral,6000,-1,0,1,0,aPaPaPaPaPaP,A,mistral-small,mistralai/mistral-small-3.2-24b-instruct,parasail/bf16,0,1.0,Parasail,A,7.88e-06,0.9993736658681235,0.006022323881042402,1
comprehension,ally_majority,neutral,6000,1,0,0,0,aPaPaPaPaPaP,A,mistral-small,mistralai/mistral-small-3.2-24b-instruct,parasail/bf16,0,1.0,Parasail,A,7.88e-06,0.9993736657048965,0.006038223814931909,1
comprehension,ally_majority,neutral,6000,1,0,1,0,aPaPaPaPaPaP,A,mistral-small,mistralai/mistral-small-3.2-24b-instruct,parasail/bf16,0,1.0,Parasail,A,9.16e-06,0.9992903296527458,0.004709490167396857,1
comprehension,own,neutral,0001,-1,0,0,0,rQ,B,mistral-small,mistralai/mistral-small-3.2-24b-instruct,parasail/bf16,0,1.0,Parasail,B,6.19e-06,0.0028009273781201007,0.02732645816920387,1
comprehension,own,neutral,0001,-1,0,1,0,rQ,B,mistral-small,mistralai/mistral-small-3.2-24b-instruct,parasail/bf16,0,1.0,Parasail,B,6.83e-06,0.015906388854459406,0.031052966526909365,0
comprehension,own,neutral,0001,1,0,0,0,rQ,A,mistral-small,mistralai/mistral-small-3.2-24b-instruct,parasail/bf16,0,1.0,Parasail,A,6.83e-06,0.7981867825403177,0.029931898594283357,0
comprehension,own,neutral,0001,1,0,1,0,rQ,A,mistral-small,mistralai/mistral-small-3.2-24b-instruct,parasail/bf16,0,1.0,Parasail,A,6.83e-06,0.9982992772027452,0.013970327243049807,1
comprehension,own,neutral,0002,-1,0,0,0,rQrQ,B,mistral-small,mistralai/mistral-small-3.2-24b-instruct,parasail/bf16,0,1.0,Parasail,B,6.73e-06,0.002182716903758215,0.020237496910769037,1
comprehension,own,neutral,0002,-1,0,1,0,rQrQ,B,mistral-small,mistralai/mistral-small-3.2-24b-instruct,parasail/bf16,0,1.0,Parasail,B,6.73e-06,0.014063629212725593,0.023679725699294996,0
comprehension,own,neutral,0002,1,0,0,0,rQrQ,A,mistral-small,mistralai/mistral-small-3.2-24b-instruct,parasail/bf16,0,1.0,Parasail,A,6.73e-06,0.8670357666736772,0.021790907840603613,0
comprehension,own,neutral,0002,1,0,1,0,rQrQ,A,mistral-small,mistralai/mistral-small-3.2-24b-instruct,parasail/bf16,0,1.0,Parasail,A,6.73e-06,0.9980732649014706,0.011396051658835171,1
comprehension,own,neutral,0003,-1,0,0,0,rQrQrQ,B,mistral-small,mistralai/mistral-small-3.2-24b-instruct,parasail/bf16,0,1.0,Parasail,B,7.27e-06,0.0015011822455691024,0.017019631699758397,1
comprehension,own,neutral,0003,-1,0,1,0,rQrQrQ,B,mistral-small,mistralai/mistral-small-3.2-24b-instruct,parasail/bf16,0,1.0,Parasail,B,7.27e-06,0.029312228525445152,0.021894725077871935,0
comprehension,own,neutral,0003,1,0,0,0,rQrQrQ,A,mistral-small,mistralai/mistral-small-3.2-24b-instruct,parasail/bf16,0,1.0,Parasail,A,7.27e-06,0.7310585786300049,0.020445809447608043,0
comprehension,own,neutral,0003,1,0,1,0,rQrQrQ,A,mistral-small,mistralai/mistral-small-3.2-24b-instruct,parasail/bf16,0,1.0,Parasail,A,7.27e-06,0.9971990735817449,0.00979335196629889,0
comprehension,own,neutral,0004,-1,0,0,0,rQrQrQrQ,B,mistral-small,mistralai/mistral-small-3.2-24b-instruct,parasail/bf16,0,1.0,Parasail,B,7.81e-06,0.001325022353128977,0.017208648082723155,0
comprehension,own,neutral,0004,-1,0,1,0,rQrQrQrQ,B,mistral-small,mistralai/mistral-small-3.2-24b-instruct,parasail/bf16,0,1.0,Parasail,B,7.81e-06,0.08509904558710156,0.019090813949951047,0
comprehension,own,neutral,0004,1,0,0,0,rQrQrQrQ,A,mistral-small,mistralai/mistral-small-3.2-24b-instruct,parasail/bf16,0,1.0,Parasail,A,7.81e-06,0.7981867849406659,0.016862174420991832,0
comprehension,own,neutral,0004,1,0,1,0,rQrQrQrQ,A,mistral-small,mistralai/mistral-small-3.2-24b-instruct,parasail/bf16,0,1.0,Parasail,A,7.81e-06,0.9875683480491554,0.010274532670022665,0
comprehension,own,neutral,0005,-1,0,0,0,rQrQrQrQrQ,B,mistral-small,mistralai/mistral-small-3.2-24b-instruct,parasail/bf16,0,1.0,Parasail,B,7.71e-06,0.0015011820515270424,0.012986071021002243,0
comprehension,own,neutral,0005,-1,0,1,0,rQrQrQrQrQ,B,mistral-small,mistralai/mistral-small-3.2-24b-instruct,parasail/bf16,0,1.0,Parasail,B,7.71e-06,0.10669058684467356,0.020835291356552044,0
comprehension,own,neutral,0005,1,0,0,0,rQrQrQrQrQ,A,mistral-small,mistralai/mistral-small-3.2-24b-instruct,parasail/bf16,0,1.0,Parasail,A,7.71e-06,0.7549149923816048,0.01861054220519917,0
comprehension,own,neutral,0005,1,0,1,0,rQrQrQrQrQ,A,mistral-small,mistralai/mistral-small-3.2-24b-instruct,parasail/bf16,0,1.0,Parasail,A,7.71e-06,0.9859363718203602,0.011758858359977123,0
comprehension,own,neutral,0006,-1,0,0,0,rQrQrQrQrQrQ,B,mistral-small,mistralai/mistral-small-3.2-24b-instruct,parasail/bf16,0,1.0,Parasail,B,7.61e-06,0.0017007220319407623,0.010481742387289716,0
comprehension,own,neutral,0006,-1,0,1,0,rQrQrQrQrQrQ,B,mistral-small,mistralai/mistral-small-3.2-24b-instruct,parasail/bf16,0,1.0,Parasail,B,8.25e-06,0.1329642281726931,0.01825255341935683,0
comprehension,own,neutral,0006,1,0,0,0,rQrQrQrQrQrQ,A,mistral-small,mistralai/mistral-small-3.2-24b-instruct,parasail/bf16,0,1.0,Parasail,A,8.25e-06,0.7981867873410141,0.01194688939580793,0
comprehension,own,neutral,0006,1,0,1,0,rQrQrQrQrQrQ,A,mistral-small,mistralai/mistral-small-3.2-24b-instruct,parasail/bf16,0,1.0,Parasail,A,7.61e-06,0.9796676447651426,0.008608367022662898,0
comprehension,own,neutral,0010,-1,0,0,0,rP,B,mistral-small,mistralai/mistral-small-3.2-24b-instruct,parasail/bf16,0,1.0,Parasail,B,6.83e-06,0.0021827164128911643,0.02067306487148135,1
comprehension,own,neutral,0010,-1,0,1,0,rP,B,mistral-small,mistralai/mistral-small-3.2-24b-instruct,parasail/bf16,0,1.0,Parasail,B,6.83e-06,0.0059110699726483374,0.021694392491302006,0
comprehension,own,neutral,0010,1,0,0,0,rP,A,mistral-small,mistralai/mistral-small-3.2-24b-instruct,parasail/bf16,0,1.0,Parasail,A,6.19e-06,0.880797071719777,0.020848077403791243,0
comprehension,own,neutral,0010,1,0,1,0,rP,A,mistral-small,mistralai/mistral-small-3.2-24b-instruct,parasail/bf16,0,1.0,Parasail,A,6.19e-06,0.9968273164211606,0.010122366531723393,0
comprehension,own,neutral,0011,-1,0,0,0,rPrQ,B,mistral-small,mistralai/mistral-small-3.2-24b-instruct,parasail/bf16,0,1.0,Parasail,B,6.73e-06,0.0019267343337919431,0.016852122706952688,1
comprehension,own,neutral,0011,-1,0,1,0,rPrQ,B,mistral-small,mistralai/mistral-small-3.2-24b-instruct,parasail/bf16,0,1.0,Parasail,The,6.73e-06,0.004609571410196519,0.023337920848386373,0
comprehension,own,neutral,0011,1,0,0,0,rQrP,A,mistral-small,mistralai/mistral-small-3.2-24b-instruct,parasail/bf16,0,1.0,Parasail,A,6.73e-06,0.9796676464347296,0.028158044868601326,0
comprehension,own,neutral,0011,1,0,1,0,rQrP,A,mistral-small,mistralai/mistral-small-3.2-24b-instruct,parasail/bf16,0,1.0,Parasail,A,6.73e-06,0.9980732649623631,0.01194740817225759,1
comprehension,own,neutral,0012,-1,0,0,0,rPrQrQ,B,mistral-small,mistralai/mistral-small-3.2-24b-instruct,parasail/bf16,0,1.0,Parasail,B,7.27e-06,0.0024726228166616617,0.021358230551462687,1
comprehension,own,neutral,0012,-1,0,1,0,rQrQrP,B,mistral-small,mistralai/mistral-small-3.2-24b-instruct,parasail/bf16,0,1.0,Parasail,B,7.27e-06,0.010986944614106504,0.032509679944213055,0
comprehension,own,neutral,0012,1,0,0,0,rPrQrQ,A,mistral-small,mistralai/mistral-small-3.2-24b-instruct,parasail/bf16,0,1.0,Parasail,A,7.27e-06,0.7310585727705127,0.04276159663087464,0
comprehension,own,neutral,0012,1,0,1,0,rQrQrP,A,mistral-small,mistralai/mistral-small-3.2-24b-instruct,parasail/bf16,0,1.0,Parasail,A,7.27e-06,0.9978172836925844,0.015385193521289975,1
comprehension,own,neutral,0013,-1,0,0,0,rPrQrQrQ,B,mistral-small,mistralai/mistral-small-3.2-24b-instruct,parasail/bf16,0,1.0,Parasail,B,7.17e-06,0.00170072212997684,0.020652369800798542,1
comprehension,own,neutral,0013,-1,0,1,0,rPrQrQrQ,B,mistral-small,mistralai/mistral-small-3.2-24b-instruct,parasail/bf16,0,1.0,Parasail,B,7.81e-06,0.020332352674823966,0.024219395952377987,0
comprehension,own,neutral,0013,1,0,0,0,rQrPrQrQ,A,mistral-small,mistralai/mistral-small-3.2-24b-instruct,parasail/bf16,0,1.0,Parasail,A,7.17e-06,0.8670357494949105,0.056013445828294844,0
comprehension,own,neutral,0013,1,0,1,0,rPrQrQrQ,A,mistral-small,mistralai/mistral-small-3.2-24b-instruct,parasail/bf16,0,1.0,Parasail,A,7.81e-06,0.9924227603569242,0.015730003641631546,0
comprehension,own,neutral,0014,-1,0,0,0,rQrQrQrPrQ,B,mistral-small,mistralai/mistral-small-3.2-24b-instruct,parasail/bf16,0,1.0,Parasail,B,8.35e-06,0.002182716250621089,0.026199916889993347,1
comprehension,own,neutral,0014,-1,0,1,0,rQrPrQrQrQ,B,mistral-small,mistralai/mistral-small-3.2-24b-instruct,parasail/bf16,0,1.0,Parasail,B,7.71e-06,0.04208772491181671,0.039054856337405464,0
comprehension,own,neutral,0014,1,0,0,0,rQrQrQrQrP,A,mistral-small,mistralai/mistral-small-3.2-24b-instruct,parasail/bf16,0,1.0,Parasail,A,8.35e-06,0.9324533065140289,0.024869321999755695,0
comprehension,own,neutral,0014,1,0,1,0,rPrQrQrQrQ,A,mistral-small,mistralai/mistral-small-3.2-24b-instruct,parasail/bf16,0,1.0,Parasail,A,8.35e-06,0.9924227598806941,0.014808796450798281,0
comprehension,own,neutral,0015,-1,0,0,0,rQrQrQrQrPrQ,B,mistral-small,mistralai/mistral-small-3.2-24b-instruct,parasail/bf16,0,1.0,Parasail,B,7.61e-06,0.0015011824465911191,0.018414625561102183,1
comprehension,own,neutral,0015,-1,0,1,0,rQrPrQrQrQrQ,B,mistral-small,mistralai/mistral-small-3.2-24b-instruct,parasail/bf16,0,1.0,Parasail,B,8.89e-06,0.03308597505175204,0.025342745643645137,0
comprehension,own,neutral,0015,1,0,0,0,rQrQrQrQrQrP,A,mistral-small,mistralai/mistral-small-3.2-24b-instruct,parasail/bf16,0,1.0,Parasail,B,7.61e-06,0.9465966717067253,0.015696799793259317,0
comprehension,own,neutral,0015,1,0,1,0,rPrQrQrQrQrQ,A,mistral-small,mistralai/mistral-small-3.2-24b-instruct,parasail/bf16,0,1.0,Parasail,A,7.61e-06,0.992422759894701,0.01102266174675233,0
comprehension,own,neutral,0020,-1,0,0,0,rPrP,B,mistral-small,mistralai/mistral-small-3.2-24b-instruct,parasail/bf16,0,1.0,Parasail,B,6.73e-06,0.0019267345737797707,0.017109583674519202,1
comprehension,own,neutral,0020,-1,0,1,0,rPrP,B,mistral-small,mistralai/mistral-small-3.2-24b-instruct,parasail/bf16,0,1.0,Parasail,B,6.73e-06,0.0059110694144460406,0.02137796705316719,0
comprehension,own,neutral,0020,1,0,0,0,rPrP,A,mistral-small,mistralai/mistral-small-3.2-24b-instruct,parasail/bf16,0,1.0,Parasail,A,6.73e-06,0.7772998611746912,0.026843684535889867,0
comprehension,own,neutral,0020,1,0,1,0,rPrP,A,mistral-small,mistralai/mistral-small-3.2-24b-instruct,parasail/bf16,0,1.0,Parasail,A,6.73e-06,0.9968273173695849,0.0099946195626644,0
comprehension,own,neutral,0021,-1,0,0,0,rPrPrQ,B,mistral-small,mistralai/mistral-small-3.2-24b-instruct,parasail/bf16,0,1.0,Parasail,B,7.27e-06,0.0021827159625917355,0.02165909329658433,1
comprehension,own,neutral,0021,-1,0,1,0,rQrPrP,B,mistral-small,mistralai/mistral-small-3.2-24b-instruct,parasail/bf16,0,1.0,Parasail,B,7.27e-06,0.020332354678328397,0.03511988056119997,0
comprehension,own,neutral,0021,1,0,0,0,rPrPrQ,A,mistral-small,mistralai/mistral-small-3.2-24b-instruct,parasail/bf16,0,1.0,Parasail,B,7.27e-06,0.6224593171945416,0.04380681880865411,0
comprehension,own,neutral,0021,1,0,1,0,rPrQrP,A,mistral-small,mistralai/mistral-small-3.2-24b-instruct,parasail/bf16,0,1.0,Parasail,A,7.27e-06,0.9971990733346252,0.017720391661809182,0
comprehension,own,neutral,0022,-1,0,0,0,rPrQrPrQ,B,mistral-small,mistralai/mistral-small-3.2-24b-instruct,parasail/bf16,0,1.0,Parasail,B,7.81e-06,0.003593601787743459,0.026851973111574612,1
comprehension,own,neutral,0022,-1,0,1,0,rQrPrPrQ,B,mistral-small,mistralai/mistral-small-3.2-24b-instruct,parasail/bf16,0,1.0,Parasail,B,7.81e-06,0.022977372084420553,0.040099329076977885,0
comprehension,own,neutral,0022,1,0,0,0,rPrPrQrQ,A,mistral-small,mistralai/mistral-small-3.2-24b-instruct,parasail/bf16,0,1.0,Parasail,A,7.81e-06,0.6224593452091672,0.046527390098330845,0
comprehension,own,neutral,0022,1,0,1,0,rPrPrQrQ,A,mistral-small,mistralai/mistral-small-3.2-24b-instruct,parasail/bf16,0,1.0,Parasail,A,7.81e-06,0.9982992779901964,0.015526469243256338,0
comprehension,own,neutral,0023,-1,0,0,0,rPrQrQrQrP,B,mistral-small,mistralai/mistral-small-3.2-24b-instruct,parasail/bf16,0,1.0,Parasail,B,7.71e-06,0.0035936032350362707,0.028001561028086153,1
comprehension,own,neutral,0023,-1,0,1,0,rQrQrPrQrP,B,mistral-small,mistralai/mistral-small-3.2-24b-instruct,parasail/bf16,0,1.0,Parasail,B,7.71e-06,0.022977370913592483,0.04147144747423881,0
comprehension,own,neutral,0023,1,0,0,0,rPrQrPrQrQ,A,mistral-small,mistralai/mistral-small-3.2-24b-instruct,parasail/bf16,0,1.0,Parasail,A,8.35e-06,0.7549149868676283,0.06509316116792618,0
comprehension,own,neutral,0023,1,0,1,0,rQrQrQrPrP,A,mistral-small,mistralai/mistral-small-3.2-24b-instruct,parasail/bf16,0,1.0,Parasail,A,7.71e-06,0.9975273768295825,0.016142744299017187,1
comprehension,own,neutral,0024,-1,0,0,0,rQrQrQrPrPrQ,B,mistral-small,mistralai/mistral-small-3.2-24b-instruct,parasail/bf16,0,1.0,Parasail,B,8.25e-06,0.0017007227529804328,0.022104455429082126,1
comprehension,own,neutral,0024,-1,0,1,0,rQrQrPrQrQrP,B,mistral-small,mistralai/mistral-small-3.2-24b-instruct,parasail/bf16,0,1.0,Parasail,B,7.61e-06,0.01798620647476036,0.033873742890792036,0
comprehension,own,neutral,0024,1,0,0,0,rQrPrQrQrQrP,A,mistral-small,mistralai/mistral-small-3.2-24b-instruct,parasail/bf16,0,1.0,Parasail,A,7.61e-06,0.979667648957661,0.03470806903217991,0
comprehension,own,neutral,0024,1,0,1,0,rQrQrPrPrQrQ,A,mistral-small,mistralai/mistral-small-3.2-24b-instruct,parasail/bf16,0,1.0,Parasail,A,7.61e-06,0.9980732650393741,0.013476918014093897,1
comprehension,own,neutral,0030,-1,0,0,0,rPrPrP,B,mistral-small,mistralai/mistral-small-3.2-24b-instruct,parasail/bf16,0,1.0,Parasail,B,7.27e-06,0.0013250222989039011,0.016861110468475826,1
comprehension,own,neutral,0030,-1,0,1,0,rPrPrP,B,mistral-small,mistralai/mistral-small-3.2-24b-instruct,parasail/bf16,0,1.0,Parasail,B,7.27e-06,0.012431652751220825,0.01790879978568538,0
comprehension,own,neutral,0030,1,0,0,0,rPrPrP,A,mistral-small,mistralai/mistral-small-3.2-24b-instruct,parasail/bf16,0,1.0,Parasail,B,7.27e-06,0.6791787056691697,0.02122671542004878,0
comprehension,own,neutral,0030,1,0,1,0,rPrPrP,A,mistral-small,mistralai/mistral-small-3.2-24b-instruct,parasail/bf16,0,1.0,Parasail,A,7.27e-06,0.9924227601748362,0.008963447394506864,0
comprehension,own,neutral,0031,-1,0,0,0,rQrPrPrP,B,mistral-small,mistralai/mistral-small-3.2-24b-instruct,parasail/bf16,0,1.0,Parasail,B,7.81e-06,0.003172682324091921,0.03295295753520611,1
comprehension,own,neutral,0031,-1,0,1,0,rPrPrPrQ,B,mistral-small,mistralai/mistral-small-3.2-24b-instruct,parasail/bf16,0,1.0,Parasail,B,7.17e-06,0.0075772405955359425,0.02087557716689703,0
comprehension,own,neutral,0031,1,0,0,0,rPrPrPrQ,A,mistral-small,mistralai/mistral-small-3.2-24b-instruct,parasail/bf16,0,1.0,Parasail,B,7.81e-06,0.6791787056691698,0.03396240573130682,0
comprehension,own,neutral,0031,1,0,1,0,rQrPrPrP,A,mistral-small,mistralai/mistral-small-3.2-24b-instruct,parasail/bf16,0,1.0,Parasail,A,7.81e-06,0.9975273773027884,0.010698245681000272,0
comprehension,own,neutral,0032,-1,0,0,0,rPrPrPrQrQ,B,mistral-small,mistralai/mistral-small-3.2-24b-instruct,parasail/bf16,0,1.0,Parasail,B,8.35e-06,0.0017007220509154869,0.025751601989038586,1
comprehension,own,neutral,0032,-1,0,1,0,rPrQrQrPrP,B,mistral-small,mistralai/mistral-small-3.2-24b-instruct,parasail/bf16,0,1.0,Parasail,B,8.35e-06,0.008577486395777826,0.03273099402866142,0
comprehension,own,neutral,0032,1,0,0,0,rPrQrQrPrP,A,mistral-small,mistralai/mistral-small-3.2-24b-instruct,parasail/bf16,0,1.0,Parasail,A,7.71e-06,0.8519528057272543,0.054780717760279096,0
comprehension,own,neutral,0032,1,0,1,0,rQrQrPrPrP,A,mistral-small,mistralai/mistral-small-3.2-24b-instruct,parasail/bf16,0,1.0,Parasail,A,7.71e-06,0.9975273773027883,0.01663268449741706,1
comprehension,own,neutral,0033,-1,0,0,0,rPrPrPrQrQrQ,B,mistral-small,mistralai/mistral-small-3.2-24b-instruct,parasail/bf16,0,1.0,Parasail,B,8.25e-06,0.0015011819970835913,0.01680430196585392,1
comprehension,own,neutral,0033,-1,0,1,0,rPrQrQrQrPrP,B,mistral-small,mistralai/mistral-small-3.2-24b-instruct,parasail/bf16,0,1.0,Parasail,B,8.89e-06,0.00970847504884346,0.023815032227416655,0
comprehension,own,neutral,0033,1,0,0,0,rQrPrPrPrQrQ,A,mistral-small,mistralai/mistral-small-3.2-24b-instruct,parasail/bf16,0,1.0,Parasail,A,8.25e-06,0.9579122756889437,0.02987285432539115,0
comprehension,own,neutral,0033,1,0,1,0,rPrQrPrQrQrP,A,mistral-small,mistralai/mistral-small-3.2-24b-instruct,parasail/bf16,0,1.0,Parasail,A,8.89e-06,0.9982992773798427,0.015167170893023142,0
comprehension,own,neutral,0040,-1,0,0,0,rPrPrPrP,B,mistral-small,mistralai/mistral-small-3.2-24b-instruct,parasail/bf16,0,1.0,Parasail,B,7.81e-06,0.0031726833549877084,0.01864951388095426,0
comprehension,own,neutral,0040,-1,0,1,0,rPrPrPrP,B,mistral-small,mistralai/mistral-small-3.2-24b-instruct,parasail/bf16,0,1.0,Parasail,B,7.81e-06,0.047425869811643456,0.020715708920660214,0
comprehension,own,neutral,0040,1,0,0,0,rPrPrPrP,A,mistral-small,mistralai/mistral-small-3.2-24b-instruct,parasail/bf16,0,1.0,Parasail,A,7.81e-06,0.5,0.024131655559309628,0
comprehension,own,neutral,0040,1,0,1,0,rPrPrPrP,A,mistral-small,mistralai/mistral-small-3.2-24b-instruct,parasail/bf16,0,1.0,Parasail,A,7.17e-06,0.9669140248290712,0.010908111300340168,0
comprehension,own,neutral,0041,-1,0,0,0,rPrQrPrPrP,B,mistral-small,mistralai/mistral-small-3.2-24b-instruct,parasail/bf16,0,1.0,Parasail,B,7.71e-06,0.0017007225094713872,0.023820179890071347,1
comprehension,own,neutral,0041,-1,0,1,0,rPrQrPrPrP,B,mistral-small,mistralai/mistral-small-3.2-24b-instruct,parasail/bf16,0,1.0,Parasail,B,8.35e-06,0.014063627869714051,0.029372424767161953,0
comprehension,own,neutral,0041,1,0,0,0,rQrPrPrPrP,A,mistral-small,mistralai/mistral-small-3.2-24b-instruct,parasail/bf16,0,1.0,Parasail,A,8.35e-06,0.8933094017937621,0.029061775911239332,0
comprehension,own,neutral,0041,1,0,1,0,rPrPrPrPrQ,A,mistral-small,mistralai/mistral-small-3.2-24b-instruct,parasail/bf16,0,1.0,Parasail,A,7.71e-06,0.9964063965648771,0.009633376198602078,0
comprehension,own,neutral,0042,-1,0,0,0,rQrPrPrPrPrQ,B,mistral-small,mistralai/mistral-small-3.2-24b-instruct,parasail/bf16,0,1.0,Parasail,B,7.61e-06,0.002182716660353052,0.022046999037540815,1
comprehension,own,neutral,0042,-1,0,1,0,rPrPrQrPrPrQ,B,mistral-small,mistralai/mistral-small-3.2-24b-instruct,parasail/bf16,0,1.0,Parasail,You,8.89e-06,0.004609573016923394,0.022903658477578803,0
comprehension,own,neutral,0042,1,0,0,0,rQrPrPrPrPrQ,A,mistral-small,mistralai/mistral-small-3.2-24b-instruct,parasail/bf16,0,1.0,Parasail,A,7.61e-06,0.9626731121204183,0.025771316081058107,0
comprehension,own,neutral,0042,1,0,1,0,rQrPrPrPrQrP,A,mistral-small,mistralai/mistral-small-3.2-24b-instruct,parasail/bf16,0,1.0,Parasail,A,8.25e-06,0.998299277743525,0.013199093936384854,1
comprehension,own,neutral,0050,-1,0,0,0,rPrPrPrPrP,B,mistral-small,mistralai/mistral-small-3.2-24b-instruct,parasail/bf16,0,1.0,Parasail,Given,8.35e-06,0.0028009263636286927,0.01674321234492837,0
comprehension,own,neutral,0050,-1,0,1,0,rPrPrPrPrP,B,mistral-small,mistralai/mistral-small-3.2-24b-instruct,parasail/bf16,0,1.0,Parasail,B,8.35e-06,0.042087726413717746,0.019526590795287846,0
comprehension,own,neutral,0050,1,0,0,0,rPrPrPrPrP,A,mistral-small,mistralai/mistral-small-3.2-24b-instruct,parasail/bf16,0,1.0,Parasail,A,8.35e-06,0.5312093733737563,0.02435651860791227,0
comprehension,own,neutral,0050,1,0,1,0,rPrPrPrPrP,A,mistral-small,mistralai/mistral-small-3.2-24b-instruct,parasail/bf16,0,1.0,Parasail,A,7.71e-06,0.9770226299227133,0.010408803253802772,0
comprehension,own,neutral,0051,-1,0,0,0,rPrQrPrPrPrP,B,mistral-small,mistralai/mistral-small-3.2-24b-instruct,parasail/bf16,0,1.0,Parasail,B,7.61e-06,0.0019267349534620667,0.01526165797217538,0
comprehension,own,neutral,0051,-1,0,1,0,rPrPrPrPrQrP,B,mistral-small,mistralai/mistral-small-3.2-24b-instruct,parasail/bf16,0,1.0,Parasail,B,8.25e-06,0.006692852311177696,0.0184801804870397,0
comprehension,own,neutral,0051,1,0,0,0,rPrPrPrQrPrP,A,mistral-small,mistralai/mistral-small-3.2-24b-instruct,parasail/bf16,0,1.0,Parasail,A,7.61e-06,0.8933094117351309,0.020959025632946618,0
comprehension,own,neutral,0051,1,0,1,0,rPrPrPrPrQrP,A,mistral-small,mistralai/mistral-small-3.2-24b-instruct,parasail/bf16,0,1.0,Parasail,A,8.25e-06,0.998674977526097,0.008681291395122638,0
comprehension,own,neutral,0060,-1,0,0,0,rPrPrPrPrPrP,B,mistral-small,mistralai/mistral-small-3.2-24b-instruct,parasail/bf16,0,1.0,Parasail,B,8.89e-06,0.0031726827983039416,0.012187842820909234,0
comprehension,own,neutral,0060,-1,0,1,0,rPrPrPrPrPrP,B,mistral-small,mistralai/mistral-small-3.2-24b-instruct,parasail/bf16,0,1.0,Parasail,B,8.25e-06,0.03308597493257518,0.01228102543653986,0
comprehension,own,neutral,0060,1,0,0,0,rPrPrPrPrPrP,A,mistral-small,mistralai/mistral-small-3.2-24b-instruct,parasail/bf16,0,1.0,Parasail,B,8.89e-06,0.5926665999540698,0.016807109583265256,0
comprehension,own,neutral,0060,1,0,1,0,rPrPrPrPrPrP,A,mistral-small,mistralai/mistral-small-3.2-24b-instruct,parasail/bf16,0,1.0,Parasail,A,8.25e-06,0.9740426436499009,0.00774961636707577,0
comprehension,own,neutral,0100,-1,0,0,0,aQ,B,mistral-small,mistralai/mistral-small-3.2-24b-instruct,parasail/bf16,0,1.0,Parasail,B,7.47e-06,0.0015011823502680658,0.01515006928227669,1
comprehension,own,neutral,0100,-1,0,1,0,aQ,B,mistral-small,mistralai/mistral-small-3.2-24b-instruct,parasail/bf16,0,1.0,Parasail,B,6.83e-06,0.015906390137353562,0.022189363637895587,0
comprehension,own,neutral,0100,1,0,0,0,aQ,A,mistral-small,mistralai/mistral-small-3.2-24b-instruct,parasail/bf16,0,1.0,Parasail,A,8.75e-06,0.7310585844894971,0.031602962711530125,0
comprehension,own,neutral,0100,1,0,1,0,aQ,A,mistral-small,mistralai/mistral-small-3.2-24b-instruct,parasail/bf16,0,1.0,Parasail,A,7.47e-06,0.997817283404555,0.01862844735616387,1
comprehension,own,neutral,0101,-1,0,0,0,aQrQ,B,mistral-small,mistralai/mistral-small-3.2-24b-instruct,parasail/bf16,0,1.0,Parasail,B,6.73e-06,0.0013250222643970354,0.012213260182095897,1
comprehension,own,neutral,0101,-1,0,1,0,aQrQ,B,mistral-small,mistralai/mistral-small-3.2-24b-instruct,parasail/bf16,0,1.0,Parasail,B,6.73e-06,0.02931223181131408,0.01937094202151135,0
comprehension,own,neutral,0101,1,0,0,0,rQaQ,A,mistral-small,mistralai/mistral-small-3.2-24b-instruct,parasail/bf16,0,1.0,Parasail,A,6.73e-06,0.9626731122542814,0.01931953137547291,0
comprehension,own,neutral,0101,1,0,1,0,rQaQ,A,mistral-small,mistralai/mistral-small-3.2-24b-instruct,parasail/bf16,0,1.0,Parasail,A,6.73e-06,0.9978172837047546,0.014912287055426132,1
comprehension,own,neutral,0102,-1,0,0,0,rQaQrQ,B,mistral-small,mistralai/mistral-small-3.2-24b-instruct,parasail/bf16,0,1.0,Parasail,B,7.27e-06,0.0021827167779988775,0.0227616658022346,1
comprehension,own,neutral,0102,-1,0,1,0,rQaQrQ,B,mistral-small,mistralai/mistral-small-3.2-24b-instruct,parasail/bf16,0,1.0,Parasail,B,7.27e-06,0.020332354381512912,0.02803967532915075,0
comprehension,own,neutral,0102,1,0,0,0,rQaQrQ,A,mistral-small,mistralai/mistral-small-3.2-24b-instruct,parasail/bf16,0,1.0,Parasail,A,7.27e-06,0.9324533130837862,0.030070274582611772,0
comprehension,own,neutral,0102,1,0,1,0,aQrQrQ,A,mistral-small,mistralai/mistral-small-3.2-24b-instruct,parasail/bf16,0,1.0,Parasail,A,7.27e-06,0.9980732654226383,0.015466432169804811,1
comprehension,own,neutral,0103,-1,0,0,0,aQrQrQrQ,B,mistral-small,mistralai/mistral-small-3.2-24b-instruct,parasail/bf16,0,1.0,Parasail,B,7.81e-06,0.0011695101976046324,0.015501592707371281,0
comprehension,own,neutral,0103,-1,0,1,0,rQrQrQaQ,B,mistral-small,mistralai/mistral-small-3.2-24b-instruct,parasail/bf16,0,1.0,Parasail,B,7.17e-06,0.029312229055423984,0.026075426175428795,0
comprehension,own,neutral,0103,1,0,0,0,rQaQrQrQ,A,mistral-small,mistralai/mistral-small-3.2-24b-instruct,parasail/bf16,0,1.0,Parasail,A,7.17e-06,0.8933094131553264,0.029957355900122606,0
comprehension,own,neutral,0103,1,0,1,0,rQrQrQaQ,A,mistral-small,mistralai/mistral-small-3.2-24b-instruct,parasail/bf16,0,1.0,Parasail,A,7.81e-06,0.9964063978187531,0.013803111690280112,0
comprehension,own,neutral,0104,-1,0,0,0,rQrQrQrQaQ,B,mistral-small,mistralai/mistral-small-3.2-24b-instruct,parasail/bf16,0,1.0,Parasail,B,7.71e-06,0.0015011819440361278,0.019961406975352203,1
comprehension,own,neutral,0104,-1,0,1,0,rQrQrQaQrQ,B,mistral-small,mistralai/mistral-small-3.2-24b-instruct,parasail/bf16,0,1.0,Parasail,B,7.71e-06,0.029312227995466324,0.02890784039950589,0
comprehension,own,neutral,0104,1,0,0,0,rQrQaQrQrQ,A,mistral-small,mistralai/mistral-small-3.2-24b-instruct,parasail/bf16,0,1.0,Parasail,A,8.35e-06,0.8807970873650401,0.02854906980173523,0
comprehension,own,neutral,0104,1,0,1,0,rQaQrQrQrQ,A,mistral-small,mistralai/mistral-small-3.2-24b-instruct,parasail/bf16,0,1.0,Parasail,A,8.35e-06,0.9940889322820509,0.013895061801387757,0
comprehension,own,neutral,0105,-1,0,0,0,rQrQrQrQaQrQ,B,mistral-small,mistralai/mistral-small-3.2-24b-instruct,parasail/bf16,0,1.0,Parasail,B,7.61e-06,0.001325022449255254,0.01701778793780917,1
comprehension,own,neutral,0105,-1,0,1,0,rQrQrQrQrQaQ,B,mistral-small,mistralai/mistral-small-3.2-24b-instruct,parasail/bf16,0,1.0,Parasail,B,8.25e-06,0.02931222958540283,0.016355596074412393,0
comprehension,own,neutral,0105,1,0,0,0,rQrQrQrQrQaQ,A,mistral-small,mistralai/mistral-small-3.2-24b-instruct,parasail/bf16,0,1.0,Parasail,A,8.25e-06,0.8807970795424088,0.013801596738973826,0
comprehension,own,neutral,0105,1,0,1,0,aQrQrQrQrQrQ,A,mistral-small,mistralai/mistral-small-3.2-24b-instruct,parasail/bf16,0,1.0,Parasail,A,7.61e-06,0.9914225141110948,0.009988742226351648,0
comprehension,own,neutral,0110,-1,0,0,0,rPaQ,B,mistral-small,mistralai/mistral-small-3.2-24b-instruct,parasail/bf16,0,1.0,Parasail,B,6.73e-06,0.00170072272768079,0.013671209803690298,1
comprehension,own,neutral,0110,-1,0,1,0,rPaQ,B,mistral-small,mistralai/mistral-small-3.2-24b-instruct,parasail/bf16,0,1.0,Parasail,B,6.73e-06,0.004609572581055941,0.019908270319948573,0
comprehension,own,neutral,0110,1,0,0,0,aQrP,A,mistral-small,mistralai/mistral-small-3.2-24b-instruct,parasail/bf16,0,1.0,Parasail,B,6.73e-06,0.9149009491921664,0.03610761074796466,0
comprehension,own,neutral,0110,1,0,1,0,rPaQ,A,mistral-small,mistralai/mistral-small-3.2-24b-instruct,parasail/bf16,0,1.0,Parasail,A,7.37e-06,0.9975273767813431,0.01219743718538822,0
comprehension,own,neutral,0111,-1,0,0,0,aQrQrP,B,mistral-small,mistralai/mistral-small-3.2-24b-instruct,parasail/bf16,0,1.0,Parasail,B,7.27e-06,0.0017007222122006516,0.02191107790970004,1
comprehension,own,neutral,0111,-1,0,1,0,aQrQrP,B,mistral-small,mistralai/mistral-small-3.2-24b-instruct,parasail/bf16,0,1.0,Parasail,B,7.27e-06,0.012431652728352931,0.02401739493475996,0
comprehension,own,neutral,0111,1,0,0,0,rQaQrP,A,mistral-small,mistralai/mistral-small-3.2-24b-instruct,parasail/bf16,0,1.0,Parasail,A,7.27e-06,0.9669140201811733,0.03619327021173585,0
comprehension,own,neutral,0111,1,0,1,0,rPrQaQ,A,mistral-small,mistralai/mistral-small-3.2-24b-instruct,parasail/bf16,0,1.0,Parasail,A,7.27e-06,0.9982992778352362,0.017342392367803328,1
comprehension,own,neutral,0112,-1,0,0,0,rPrQrQaQ,B,mistral-small,mistralai/mistral-small-3.2-24b-instruct,parasail/bf16,0,1.0,Parasail,B,7.17e-06,0.0021827168104528996,0.021673469330998008,1
comprehension,own,neutral,0112,-1,0,1,0,aQrQrPrQ,B,mistral-small,mistralai/mistral-small-3.2-24b-instruct,parasail/bf16,0,1.0,Parasail,B,7.17e-06,0.01243164916096208,0.03099608580009161,0
comprehension,own,neutral,0112,1,0,0,0,rQaQrPrQ,A,mistral-small,mistralai/mistral-small-3.2-24b-instruct,parasail/bf16,0,1.0,Parasail,A,7.81e-06,0.9706877690366521,0.046666021037903946,0
comprehension,own,neutral,0112,1,0,1,0,rPaQrQrQ,A,mistral-small,mistralai/mistral-small-3.2-24b-instruct,parasail/bf16,0,1.0,Parasail,A,7.81e-06,0.9971990727363353,0.017935198672726305,1
comprehension,own,neutral,0113,-1,0,0,0,rQrQaQrQrP,B,mistral-small,mistralai/mistral-small-3.2-24b-instruct,parasail/bf16,0,1.0,Parasail,B,7.71e-06,0.004609572076817176,0.032017944428208156,1
comprehension,own,neutral,0113,-1,0,1,0,rPrQaQrQrQ,B,mistral-small,mistralai/mistral-small-3.2-24b-instruct,parasail/bf16,0,1.0,Parasail,B,7.71e-06,0.006692852435007427,0.028239755719517756,0
comprehension,own,neutral,0113,1,0,0,0,aQrQrQrPrQ,A,mistral-small,mistralai/mistral-small-3.2-24b-instruct,parasail/bf16,0,1.0,Parasail,A,7.71e-06,0.9324533018213449,0.03609695327192615,0
comprehension,own,neutral,0113,1,0,1,0,aQrPrQrQrQ,A,mistral-small,mistralai/mistral-small-3.2-24b-instruct,parasail/bf16,0,1.0,Parasail,A,7.71e-06,0.9971990728663983,0.016583689918617583,1
comprehension,own,neutral,0114,-1,0,0,0,rPrQrQrQrQaQ,B,mistral-small,mistralai/mistral-small-3.2-24b-instruct,parasail/bf16,0,1.0,Parasail,B,8.89e-06,0.001325022361755694,0.013422154973345202,1
comprehension,own,neutral,0114,-1,0,1,0,rQaQrPrQrQrQ,B,mistral-small,mistralai/mistral-small-3.2-24b-instruct,parasail/bf16,0,1.0,Parasail,B,7.61e-06,0.010986941699556435,0.02146336697109852,0
comprehension,own,neutral,0114,1,0,0,0,rQrPrQrQrQaQ,A,mistral-small,mistralai/mistral-small-3.2-24b-instruct,parasail/bf16,0,1.0,Parasail,A,8.89e-06,0.9465966653038895,0.033757636289847646,0
comprehension,own,neutral,0114,1,0,1,0,rQrQaQrPrQrQ,A,mistral-small,mistralai/mistral-small-3.2-24b-instruct,parasail/bf16,0,1.0,Parasail,A,8.89e-06,0.9982992772074889,0.013651493903712009,1
comprehension,own,neutral,0120,-1,0,0,0,rPaQrP,B,mistral-small,mistralai/mistral-small-3.2-24b-instruct,parasail/bf16,0,1.0,Parasail,B,7.27e-06,0.0017007225379334816,0.020119158189921937,1
comprehension,own,neutral,0120,-1,0,1,0,aQrPrP,B,mistral-small,mistralai/mistral-small-3.2-24b-instruct,parasail/bf16,0,1.0,Parasail,B,7.27e-06,0.00460957154693921,0.02714002757373124,0
comprehension,own,neutral,0120,1,0,0,0,rPrPaQ,A,mistral-small,mistralai/mistral-small-3.2-24b-instruct,parasail/bf16,0,1.0,Parasail,A,7.27e-06,0.7549149868676283,0.03468857811253123,0
comprehension,own,neutral,0120,1,0,1,0,rPaQrP,A,mistral-small,mistralai/mistral-small-3.2-24b-instruct,parasail/bf16,0,1.0,Parasail,A,7.27e-06,0.997817283599279,0.01658830043670456,1
comprehension,own,neutral,0121,-1,0,0,0,aQrPrQrP,B,mistral-small,mistralai/mistral-small-3.2-24b-instruct,parasail/bf16,0,1.0,Parasail,B,7.17e-06,0.0035936033484186814,0.027216594955656093,1
comprehension,own,neutral,0121,-1,0,1,0,aQrQrPrP,B,mistral-small,mistralai/mistral-small-3.2-24b-instruct,parasail/bf16,0,1.0,Parasail,B,7.81e-06,0.014063625132037074,0.034257581708154294,0
comprehension,own,neutral,0121,1,0,0,0,aQrPrQrP,A,mistral-small,mistralai/mistral-small-3.2-24b-instruct,parasail/bf16,0,1.0,Parasail,B,7.17e-06,0.8354835350552603,0.06624318135586621,0
comprehension,own,neutral,0121,1,0,1,0,rPaQrPrQ,A,mistral-small,mistralai/mistral-small-3.2-24b-instruct,parasail/bf16,0,1.0,Parasail,A,7.17e-06,0.9978172834086118,0.016961113000033445,1
comprehension,own,neutral,0122,-1,0,0,0,rPrQaQrPrQ,B,mistral-small,mistralai/mistral-small-3.2-24b-instruct,parasail/bf16,0,1.0,Parasail,B,7.71e-06,0.00359360194114313,0.025073144084121424,1
comprehension,own,neutral,0122,-1,0,1,0,aQrPrQrPrQ,B,mistral-small,mistralai/mistral-small-3.2-24b-instruct,parasail/bf16,0,1.0,Parasail,B,8.35e-06,0.012431653460125537,0.03644900377888993,0
comprehension,own,neutral,0122,1,0,0,0,rPaQrPrQrQ,A,mistral-small,mistralai/mistral-small-3.2-24b-instruct,parasail/bf16,0,1.0,Parasail,A,8.35e-06,0.8354835330070839,0.05903025599853648,0
comprehension,own,neutral,0122,1,0,1,0,rQrPrPaQrQ,A,mistral-small,mistralai/mistral-small-3.2-24b-instruct,parasail/bf16,0,1.0,Parasail,A,8.35e-06,0.998299277882673,0.016352251506691506,1
comprehension,own,neutral,0123,-1,0,0,0,rQrPaQrQrQrP,B,mistral-small,mistralai/mistral-small-3.2-24b-instruct,parasail/bf16,0,1.0,Parasail,A,8.89e-06,0.0004878570810022441,0.021875494711995458,0
comprehension,own,neutral,0123,-1,0,1,0,rQrPaQrQrQrP,B,mistral-small,mistralai/mistral-small-3.2-24b-instruct,parasail/bf16,0,1.0,Parasail,B,7.61e-06,0.012431648566397035,0.03222387071671218,0
comprehension,own,neutral,0123,1,0,0,0,rQrQaQrQrPrP,A,mistral-small,mistralai/mistral-small-3.2-24b-instruct,parasail/bf16,0,1.0,Parasail,A,8.25e-06,0.9770226326825219,0.02894110444733527,0
comprehension,own,neutral,0123,1,0,1,0,rPrPrQrQaQrQ,A,mistral-small,mistralai/mistral-small-3.2-24b-instruct,parasail/bf16,0,1.0,Parasail,A,7.61e-06,0.9980732654942764,0.01658495749268951,1
comprehension,own,neutral,0130,-1,0,0,0,aQrPrPrP,B,mistral-small,mistralai/mistral-small-3.2-24b-instruct,parasail/bf16,0,1.0,Parasail,B,7.81e-06,0.002472622632892431,0.023385114737265456,0
comprehension,own,neutral,0130,-1,0,1,0,rPrPaQrP,B,mistral-small,mistralai/mistral-small-3.2-24b-instruct,parasail/bf16,0,1.0,Parasail,B,7.17e-06,0.003172682094349477,0.02645458445486626,0
comprehension,own,neutral,0130,1,0,0,0,rPrPrPaQ,A,mistral-small,mistralai/mistral-small-3.2-24b-instruct,parasail/bf16,0,1.0,Parasail,A,7.17e-06,0.7549149758396752,0.03021178692040946,0
comprehension,own,neutral,0130,1,0,1,0,rPrPrPaQ,A,mistral-small,mistralai/mistral-small-3.2-24b-instruct,parasail/bf16,0,1.0,Parasail,A,7.81e-06,0.9964063972851889,0.012806283642710095,0
comprehension,own,neutral,0131,-1,0,0,0,aQrQrPrPrP,B,mistral-small,mistralai/mistral-small-3.2-24b-instruct,parasail/bf16,0,1.0,Parasail,B,8.35e-06,0.0024726236252464386,0.024657811268864127,1
comprehension,own,neutral,0131,-1,0,1,0,rPrQrPaQrP,B,mistral-small,mistralai/mistral-small-3.2-24b-instruct,parasail/bf16,0,1.0,Parasail,B,7.71e-06,0.004609572247745565,0.03552002220056849,1
comprehension,own,neutral,0131,1,0,0,0,rPrQrPaQrP,A,mistral-small,mistralai/mistral-small-3.2-24b-instruct,parasail/bf16,0,1.0,Parasail,A,7.71e-06,0.9046505376715775,0.05705702020984292,0
comprehension,own,neutral,0131,1,0,1,0,rPrPrQaQrP,A,mistral-small,mistralai/mistral-small-3.2-24b-instruct,parasail/bf16,0,1.0,Parasail,A,7.71e-06,0.9975273765171747,0.020030901756234454,1
comprehension,own,neutral,0132,-1,0,0,0,rPrQrQrPrPaQ,B,mistral-small,mistralai/mistral-small-3.2-24b-instruct,parasail/bf16,0,1.0,Parasail,B,7.61e-06,0.001501182287448687,0.018382692992153116,1
comprehension,own,neutral,0132,-1,0,1,0,aQrPrQrQrPrP,B,mistral-small,mistralai/mistral-small-3.2-24b-instruct,parasail/bf16,0,1.0,Parasail,B,7.61e-06,0.0052201244748253965,0.02890403709492706,0
comprehension,own,neutral,0132,1,0,0,0,rPaQrPrQrQrP,A,mistral-small,mistralai/mistral-small-3.2-24b-instruct,parasail/bf16,0,1.0,Parasail,A,8.89e-06,0.9046505440982948,0.041978924885324745,0
comprehension,own,neutral,0132,1,0,1,0,rPrPrQrPrQaQ,A,mistral-small,mistralai/mistral-small-3.2-24b-instruct,parasail/bf16,0,1.0,Parasail,A,7.61e-06,0.9986749778058491,0.01330112028695829,1
comprehension,own,neutral,0140,-1,0,0,0,rPrPaQrPrP,B,mistral-small,mistralai/mistral-small-3.2-24b-instruct,parasail/bf16,0,1.0,Parasail,B,8.35e-06,0.0017007223418612852,0.025643985577945116,1
comprehension,own,neutral,0140,-1,0,1,0,rPaQrPrPrP,B,mistral-small,mistralai/mistral-small-3.2-24b-instruct,parasail/bf16,0,1.0,Parasail,B,8.35e-06,0.006692850391817144,0.021930653341458717,0
comprehension,own,neutral,0140,1,0,0,0,rPaQrPrPrP,A,mistral-small,mistralai/mistral-small-3.2-24b-instruct,parasail/bf16,0,1.0,Parasail,A,7.71e-06,0.7549149923816048,0.03876872164085249,0
comprehension,own,neutral,0140,1,0,1,0,rPaQrPrPrP,A,mistral-small,mistralai/mistral-small-3.2-24b-instruct,parasail/bf16,0,1.0,Parasail,A,7.71e-06,0.9964063968850156,0.01317067182681322,0
comprehension,own,neutral,0141,-1,0,0,0,aQrQrPrPrPrP,B,mistral-small,mistralai/mistral-small-3.2-24b-instruct,parasail/bf16,0,1.0,Parasail,B,7.61e-06,0.0013250225034803366,0.016303884720863304,0
comprehension,own,neutral,0141,-1,0,1,0,rPaQrPrPrQrP,B,mistral-small,mistralai/mistral-small-3.2-24b-instruct,parasail/bf16,0,1.0,Parasail,B,8.25e-06,0.0028009263688312117,0.023714612749316855,0
comprehension,own,neutral,0141,1,0,0,0,rQrPrPaQrPrP,A,mistral-small,mistralai/mistral-small-3.2-24b-instruct,parasail/bf16,0,1.0,Parasail,A,8.25e-06,0.9875683519366965,0.029793444106067216,0
comprehension,own,neutral,0141,1,0,1,0,aQrPrQrPrPrP,A,mistral-small,mistralai/mistral-small-3.2-24b-instruct,parasail/bf16,0,1.0,Parasail,A,8.89e-06,0.998299277813099,0.014563156081438766,1
comprehension,own,neutral,0150,-1,0,0,0,aQrPrPrPrPrP,B,mistral-small,mistralai/mistral-small-3.2-24b-instruct,parasail/bf16,0,1.0,Parasail,B,7.61e-06,0.0028009271179940637,0.015523233319959973,0
comprehension,own,neutral,0150,-1,0,1,0,rPrPrPrPrPaQ,B,mistral-small,mistralai/mistral-small-3.2-24b-instruct,parasail/bf16,0,1.0,Parasail,B,8.89e-06,0.010986943986668577,0.015617377285530698,0
comprehension,own,neutral,0150,1,0,0,0,rPaQrPrPrPrP,A,mistral-small,mistralai/mistral-small-3.2-24b-instruct,parasail/bf16,0,1.0,Parasail,A,7.61e-06,0.817574471748733,0.024925262177462215,0
comprehension,own,neutral,0150,1,0,1,0,rPrPrPrPaQrP,A,mistral-small,mistralai/mistral-small-3.2-24b-instruct,parasail/bf16,0,1.0,Parasail,A,8.25e-06,0.9988304896370319,0.009362546301734942,1
comprehension,own,neutral,0200,-1,0,0,0,aQaQ,B,mistral-small,mistralai/mistral-small-3.2-24b-instruct,parasail/bf16,0,1.0,Parasail,B,7.37e-06,0.0015011819189083826,0.013860323896146443,1
comprehension,own,neutral,0200,-1,0,1,0,aQaQ,B,mistral-small,mistralai/mistral-small-3.2-24b-instruct,parasail/bf16,0,1.0,Parasail,B,6.73e-06,0.014063625803542699,0.022488828274241257,0
comprehension,own,neutral,0200,1,0,0,0,aQaQ,A,mistral-small,mistralai/mistral-small-3.2-24b-instruct,parasail/bf16,0,1.0,Parasail,A,7.37e-06,0.904650536386234,0.019695010164353335,0
comprehension,own,neutral,0200,1,0,1,0,aQaQ,A,mistral-small,mistralai/mistral-small-3.2-24b-instruct,parasail/bf16,0,1.0,Parasail,A,6.73e-06,0.9982992773181748,0.01141201294423222,1
comprehension,own,neutral,0201,-1,0,0,0,aQaQrQ,B,mistral-small,mistralai/mistral-small-3.2-24b-instruct,parasail/bf16,0,1.0,Parasail,B,7.27e-06,0.0015011824158794205,0.015583469838495234,1
comprehension,own,neutral,0201,-1,0,1,0,aQrQaQ,B,mistral-small,mistralai/mistral-small-3.2-24b-instruct,parasail/bf16,0,1.0,Parasail,B,7.27e-06,0.025957359364135853,0.02282589848639749,0
comprehension,own,neutral,0201,1,0,0,0,aQaQrQ,A,mistral-small,mistralai/mistral-small-3.2-24b-instruct,parasail/bf16,0,1.0,Parasail,A,7.27e-06,0.8933094003735664,0.025800188605662716,0
comprehension,own,neutral,0201,1,0,1,0,rQaQaQ,A,mistral-small,mistralai/mistral-small-3.2-24b-instruct,parasail/bf16,0,1.0,Parasail,A,7.27e-06,0.9978172832544552,0.0161348990058372,1
comprehension,own,neutral,0202,-1,0,0,0,aQrQrQaQ,B,mistral-small,mistralai/mistral-small-3.2-24b-instruct,parasail/bf16,0,1.0,Parasail,B,7.81e-06,0.0013250226365782753,0.017614898054150285,1
comprehension,own,neutral,0202,-1,0,1,0,aQaQrQrQ,B,mistral-small,mistralai/mistral-small-3.2-24b-instruct,parasail/bf16,0,1.0,Parasail,B,7.81e-06,0.04208772671409797,0.022905883971635066,0
comprehension,own,neutral,0202,1,0,0,0,aQrQaQrQ,A,mistral-small,mistralai/mistral-small-3.2-24b-instruct,parasail/bf16,0,1.0,Parasail,B,7.81e-06,0.7981867777396211,0.028348544603669146,0
comprehension,own,neutral,0202,1,0,1,0,rQaQaQrQ,A,mistral-small,mistralai/mistral-small-3.2-24b-instruct,parasail/bf16,0,1.0,Parasail,A,7.17e-06,0.9968273170750432,0.012880517853402117,0
comprehension,own,neutral,0203,-1,0,0,0,rQaQrQaQrQ,B,mistral-small,mistralai/mistral-small-3.2-24b-instruct,parasail/bf16,0,1.0,Parasail,B,8.35e-06,0.0024726229498943627,0.023382859168383452,1
comprehension,own,neutral,0203,-1,0,1,0,rQrQrQaQaQ,B,mistral-small,mistralai/mistral-small-3.2-24b-instruct,parasail/bf16,0,1.0,Parasail,B,7.71e-06,0.020332355494570995,0.02705134690937183,0
comprehension,own,neutral,0203,1,0,0,0,rQrQrQaQaQ,A,mistral-small,mistralai/mistral-small-3.2-24b-instruct,parasail/bf16,0,1.0,Parasail,A,8.35e-06,0.9399133489844307,0.022196849798780567,0
comprehension,own,neutral,0203,1,0,1,0,aQaQrQrQrQ,A,mistral-small,mistralai/mistral-small-3.2-24b-instruct,parasail/bf16,0,1.0,Parasail,A,8.35e-06,0.9968273171575148,0.013147340331812835,0
comprehension,own,neutral,0204,-1,0,0,0,rQrQaQrQaQrQ,B,mistral-small,mistralai/mistral-small-3.2-24b-instruct,parasail/bf16,0,1.0,Parasail,B,7.61e-06,0.0019267350179364262,0.02026129761793094,1
comprehension,own,neutral,0204,-1,0,1,0,rQrQaQaQrQrQ,B,mistral-small,mistralai/mistral-small-3.2-24b-instruct,parasail/bf16,0,1.0,Parasail,B,8.89e-06,0.029312232659280308,0.02214971570170088,0
comprehension,own,neutral,0204,1,0,0,0,rQrQaQrQaQrQ,A,mistral-small,mistralai/mistral-small-3.2-24b-instruct,parasail/bf16,0,1.0,Parasail,A,8.25e-06,0.9046505312448598,0.022104118525113348,0
comprehension,own,neutral,0204,1,0,1,0,rQaQaQrQrQrQ,A,mistral-small,mistralai/mistral-small-3.2-24b-instruct,parasail/bf16,0,1.0,Parasail,A,7.61e-06,0.9978172836236197,0.00915291667167804,0
comprehension,own,neutral,0210,-1,0,0,0,rPaQaQ,B,mistral-small,mistralai/mistral-small-3.2-24b-instruct,parasail/bf16,0,1.0,Parasail,B,7.27e-06,0.0021827166197855275,0.02229456769961402,1
comprehension,own,neutral,0210,-1,0,1,0,aQrPaQ,B,mistral-small,mistralai/mistral-small-3.2-24b-instruct,parasail/bf16,0,1.0,Parasail,B,7.27e-06,0.004609571393103682,0.02890351830414506,0
comprehension,own,neutral,0210,1,0,0,0,rPaQaQ,A,mistral-small,mistralai/mistral-small-3.2-24b-instruct,parasail/bf16,0,1.0,Parasail,A,7.27e-06,0.9241418272911436,0.03418976619985013,0
comprehension,own,neutral,0210,1,0,1,0,rPaQaQ,A,mistral-small,mistralai/mistral-small-3.2-24b-instruct,parasail/bf16,0,1.0,Parasail,A,7.27e-06,0.9978172838061735,0.01607131335451384,1
comprehension,own,neutral,0211,-1,0,0,0,aQaQrQrP,B,mistral-small,mistralai/mistral-small-3.2-24b-instruct,parasail/bf16,0,1.0,Parasail,B,7.81e-06,0.0031726835140402313,0.024560161508029643,1
comprehension,own,neutral,0211,-1,0,1,0,rQrPaQaQ,B,mistral-small,mistralai/mistral-small-3.2-24b-instruct,parasail/bf16,0,1.0,Parasail,B,7.81e-06,0.014063625958505539,0.03503557308313565,0
comprehension,own,neutral,0211,1,0,0,0,aQrPaQrQ,A,mistral-small,mistralai/mistral-small-3.2-24b-instruct,parasail/bf16,0,1.0,Parasail,A,7.17e-06,0.8519528019683106,0.05751218093437557,0
comprehension,own,neutral,0211,1,0,1,0,rQaQaQrP,A,mistral-small,mistralai/mistral-small-3.2-24b-instruct,parasail/bf16,0,1.0,Parasail,A,7.81e-06,0.9982992778605358,0.016081121969518497,1
comprehension,own,neutral,0212,-1,0,0,0,aQaQrQrQrP,B,mistral-small,mistralai/mistral-small-3.2-24b-instruct,parasail/bf16,0,1.0,Parasail,B,8.35e-06,0.003172682518489387,0.028315012798290295,1
comprehension,own,neutral,0212,-1,0,1,0,aQrPaQrQrQ,B,mistral-small,mistralai/mistral-small-3.2-24b-instruct,parasail/bf16,0,1.0,Parasail,B,7.71e-06,0.009708477949920656,0.028526689483851397,0
comprehension,own,neutral,0212,1,0,0,0,aQrQrQrPaQ,A,mistral-small,mistralai/mistral-small-3.2-24b-instruct,parasail/bf16,0,1.0,Parasail,A,8.35e-06,0.9579122726851416,0.038010531852406715,0
comprehension,own,neutral,0212,1,0,1,0,aQrPaQrQrQ,A,mistral-small,mistralai/mistral-small-3.2-24b-instruct,parasail/bf16,0,1.0,Parasail,A,8.35e-06,0.9978172834004982,0.019512484624588544,1
comprehension,own,neutral,0213,-1,0,0,0,rQrQrQrPaQaQ,B,mistral-small,mistralai/mistral-small-3.2-24b-instruct,parasail/bf16,0,1.0,Parasail,B,7.61e-06,0.0015011820222113378,0.020723825683903074,1
comprehension,own,neutral,0213,-1,0,1,0,aQrQrPaQrQrQ,B,mistral-small,mistralai/mistral-small-3.2-24b-instruct,parasail/bf16,0,1.0,Parasail,B,8.89e-06,0.010986940404201093,0.021763231136633365,0
comprehension,own,neutral,0213,1,0,0,0,aQaQrQrPrQrQ,A,mistral-small,mistralai/mistral-small-3.2-24b-instruct,parasail/bf16,0,1.0,Parasail,A,7.61e-06,0.8933094032139577,0.03591088410704413,0
comprehension,own,neutral,0213,1,0,1,0,aQaQrPrQrQrQ,A,mistral-small,mistralai/mistral-small-3.2-24b-instruct,parasail/bf16,0,1.0,Parasail,A,8.89e-06,0.9982992776217705,0.012291069086664996,1
comprehension,own,neutral,0220,-1,0,0,0,rPaQaQrP,B,mistral-small,mistralai/mistral-small-3.2-24b-instruct,parasail/bf16,0,1.0,Parasail,B,7.17e-06,0.002472623299055957,0.022141618224143733,1
comprehension,own,neutral,0220,-1,0,1,0,aQrPaQrP,B,mistral-small,mistralai/mistral-small-3.2-24b-instruct,parasail/bf16,0,1.0,Parasail,B,7.81e-06,0.009708476338210996,0.02966032772602656,0
comprehension,own,neutral,0220,1,0,0,0,aQaQrPrP,A,mistral-small,mistralai/mistral-small-3.2-24b-instruct,parasail/bf16,0,1.0,Parasail,A,7.17e-06,0.9324533018213449,0.041345773728349494,0
comprehension,own,neutral,0220,1,0,1,0,aQrPaQrP,A,mistral-small,mistralai/mistral-small-3.2-24b-instruct,parasail/bf16,0,1.0,Parasail,A,7.81e-06,0.9980732656518804,0.01965858141673904,1
comprehension,own,neutral,0221,-1,0,0,0,aQaQrPrQrP,B,mistral-small,mistralai/mistral-small-3.2-24b-instruct,parasail/bf16,0,1.0,Parasail,B,7.71e-06,0.0031726825950702097,0.027259912286781707,1
comprehension,own,neutral,0221,-1,0,1,0,rPrQrPaQaQ,B,mistral-small,mistralai/mistral-small-3.2-24b-instruct,parasail/bf16,0,1.0,Parasail,B,7.71e-06,0.004609571170896818,0.033200495378784556,1
comprehension,own,neutral,0221,1,0,0,0,aQaQrPrPrQ,A,mistral-small,mistralai/mistral-small-3.2-24b-instruct,parasail/bf16,0,1.0,Parasail,A,8.35e-06,0.6224593171945417,0.060036509894203005,0
comprehension,own,neutral,0221,1,0,1,0,rPrQaQrPaQ,A,mistral-small,mistralai/mistral-small-3.2-24b-instruct,parasail/bf16,0,1.0,Parasail,A,8.35e-06,0.9978172838102302,0.02501648683912272,1
comprehension,own,neutral,0222,-1,0,0,0,rPaQaQrPrQrQ,B,mistral-small,mistralai/mistral-small-3.2-24b-instruct,parasail/bf16,0,1.0,Parasail,B,7.61e-06,0.0015011826057335681,0.01725466929168573,1
comprehension,own,neutral,0222,-1,0,1,0,rQrQrPrPaQaQ,B,mistral-small,mistralai/mistral-small-3.2-24b-instruct,parasail/bf16,0,1.0,Parasail,B,8.89e-06,0.009708478487157269,0.03857111671185387,0
comprehension,own,neutral,0222,1,0,0,0,rPrQaQrPrQaQ,A,mistral-small,mistralai/mistral-small-3.2-24b-instruct,parasail/bf16,0,1.0,Parasail,A,8.89e-06,0.7981867729389246,0.06076148896113731,0
comprehension,own,neutral,0222,1,0,1,0,aQrQrPrPaQrQ,A,mistral-small,mistralai/mistral-small-3.2-24b-instruct,parasail/bf16,0,1.0,Parasail,A,8.89e-06,0.9984988174975694,0.015917218029011804,1
comprehension,own,neutral,0230,-1,0,0,0,aQrPaQrPrP,B,mistral-small,mistralai/mistral-small-3.2-24b-instruct,parasail/bf16,0,1.0,Parasail,B,8.35e-06,0.00359360313499297,0.027301419521991055,1
comprehension,own,neutral,0230,-1,0,1,0,aQaQrPrPrP,B,mistral-small,mistralai/mistral-small-3.2-24b-instruct,parasail/bf16,0,1.0,Parasail,B,8.35e-06,0.009708477914104886,0.02681862992352635,0
comprehension,own,neutral,0230,1,0,0,0,rPrPrPaQaQ,A,mistral-small,mistralai/mistral-small-3.2-24b-instruct,parasail/bf16,0,1.0,Parasail,A,7.71e-06,0.867035752930664,0.0380439993388155,0
comprehension,own,neutral,0230,1,0,1,0,rPrPaQrPaQ,A,mistral-small,mistralai/mistral-small-3.2-24b-instruct,parasail/bf16,0,1.0,Parasail,A,8.35e-06,0.9980732653295087,0.016683980751534655,1
comprehension,own,neutral,0231,-1,0,0,0,rPrPrPrQaQaQ,B,mistral-small,mistralai/mistral-small-3.2-24b-instruct,parasail/bf16,0,1.0,Parasail,B,8.89e-06,0.001325022525663325,0.018379476822990126,1
comprehension,own,neutral,0231,-1,0,1,0,rPaQrPrPaQrQ,B,mistral-small,mistralai/mistral-small-3.2-24b-instruct,parasail/bf16,0,1.0,Parasail,B,7.61e-06,0.0031726833903327127,0.02492835147707928,0
comprehension,own,neutral,0231,1,0,0,0,rPaQaQrPrQrP,A,mistral-small,mistralai/mistral-small-3.2-24b-instruct,parasail/bf16,0,1.0,Parasail,A,7.61e-06,0.9626731158685838,0.03934991731830627,0
comprehension,own,neutral,0231,1,0,1,0,aQrPrPrQaQrP,A,mistral-small,mistralai/mistral-small-3.2-24b-instruct,parasail/bf16,0,1.0,Parasail,A,8.25e-06,0.9982992771932578,0.01599986989254043,1
comprehension,own,neutral,0240,-1,0,0,0,rPaQaQrPrPrP,B,mistral-small,mistralai/mistral-small-3.2-24b-instruct,parasail/bf16,0,1.0,Parasail,B,7.61e-06,0.0013250223592909177,0.014809436370119444,1
comprehension,own,neutral,0240,-1,0,1,0,rPaQrPaQrPrP,B,mistral-small,mistralai/mistral-small-3.2-24b-instruct,parasail/bf16,0,1.0,Parasail,B,8.89e-06,0.004609571162350401,0.02243817050663499,0
comprehension,own,neutral,0240,1,0,0,0,rPrPrPaQaQrP,A,mistral-small,mistralai/mistral-small-3.2-24b-instruct,parasail/bf16,0,1.0,Parasail,A,8.89e-06,0.9324533097989076,0.026869650175951137,0
comprehension,own,neutral,0240,1,0,1,0,rPaQrPrPrPaQ,A,mistral-small,mistralai/mistral-small-3.2-24b-instruct,parasail/bf16,0,1.0,Parasail,A,7.61e-06,0.998674977691237,0.011226970137851344,1
comprehension,own,neutral,0300,-1,0,0,0,aQaQaQ,B,mistral-small,mistralai/mistral-small-3.2-24b-instruct,parasail/bf16,0,1.0,Parasail,B,7.27e-06,0.0013250222224958426,0.01774902311073301,1
comprehension,own,neutral,0300,-1,0,1,0,aQaQaQ,B,mistral-small,mistralai/mistral-small-3.2-24b-instruct,parasail/bf16,0,1.0,Parasail,B,7.27e-06,0.02297737133174536,0.022285798176805538,0
comprehension,own,neutral,0300,1,0,0,0,aQaQaQ,A,mistral-small,mistralai/mistral-small-3.2-24b-instruct,parasail/bf16,0,1.0,Parasail,A,7.27e-06,0.7981867777396212,0.023809024987161587,0
comprehension,own,neutral,0300,1,0,1,0,aQaQaQ,A,mistral-small,mistralai/mistral-small-3.2-24b-instruct,parasail/bf16,0,1.0,Parasail,A,7.27e-06,0.997199072783158,0.014938178149454967,0
comprehension,own,neutral,0301,-1,0,0,0,aQaQrQaQ,B,mistral-small,mistralai/mistral-small-3.2-24b-instruct,parasail/bf16,0,1.0,Parasail,B,7.81e-06,0.001169510325978896,0.019624667834649445,1
comprehension,own,neutral,0301,-1,0,1,0,aQrQaQaQ,B,mistral-small,mistralai/mistral-small-3.2-24b-instruct,parasail/bf16,0,1.0,Parasail,B,7.17e-06,0.04208772971790022,0.025911132077119925,0
comprehension,own,neutral,0301,1,0,0,0,aQaQaQrQ,A,mistral-small,mistralai/mistral-small-3.2-24b-instruct,parasail/bf16,0,1.0,Parasail,A,7.17e-06,0.9046505299595162,0.02169277117991733,0
comprehension,own,neutral,0301,1,0,1,0,rQaQaQaQ,A,mistral-small,mistralai/mistral-small-3.2-24b-instruct,parasail/bf16,0,1.0,Parasail,A,7.81e-06,0.9947798743838215,0.01183455915268291,0
comprehension,own,neutral,0302,-1,0,0,0,aQrQaQaQrQ,B,mistral-small,mistralai/mistral-small-3.2-24b-instruct,parasail/bf16,0,1.0,Parasail,B,7.71e-06,0.0013250224418609247,0.02190514782665498,1
comprehension,own,neutral,0302,-1,0,1,0,aQrQrQaQaQ,B,mistral-small,mistralai/mistral-small-3.2-24b-instruct,parasail/bf16,0,1.0,Parasail,B,7.71e-06,0.02931222873743668,0.021250892568210222,0
comprehension,own,neutral,0302,1,0,0,0,aQaQrQrQaQ,A,mistral-small,mistralai/mistral-small-3.2-24b-instruct,parasail/bf16,0,1.0,Parasail,B,7.71e-06,0.8519528019683105,0.030519637883726136,0
comprehension,own,neutral,0302,1,0,1,0,aQaQaQrQrQ,A,mistral-small,mistralai/mistral-small-3.2-24b-instruct,parasail/bf16,0,1.0,Parasail,A,7.71e-06,0.9968273174815105,0.01846580375253797,0
comprehension,own,neutral,0303,-1,0,0,0,rQaQaQrQaQrQ,B,mistral-small,mistralai/mistral-small-3.2-24b-instruct,parasail/bf16,0,1.0,Parasail,Given,7.61e-06,0.0017007225063089323,0.021762457913593436,1
comprehension,own,neutral,0303,-1,0,1,0,rQrQaQrQaQaQ,B,mistral-small,mistralai/mistral-small-3.2-24b-instruct,parasail/bf16,0,1.0,Parasail,B,7.61e-06,0.02297737250257345,0.022190037057771672,0
comprehension,own,neutral,0303,1,0,0,0,rQaQaQrQaQrQ,A,mistral-small,mistralai/mistral-small-3.2-24b-instruct,parasail/bf16,0,1.0,Parasail,B,8.89e-06,0.9626731158685838,0.020588450154081804,0
comprehension,own,neutral,0303,1,0,1,0,rQaQrQrQaQaQ,A,mistral-small,mistralai/mistral-small-3.2-24b-instruct,parasail/bf16,0,1.0,Parasail,A,8.89e-06,0.9968273176346722,0.011364012022271549,0
comprehension,own,neutral,0310,-1,0,0,0,aQaQrPaQ,B,mistral-small,mistralai/mistral-small-3.2-24b-instruct,parasail/bf16,0,1.0,Parasail,B,7.81e-06,0.0019267343194643125,0.025149846489667005,1
comprehension,own,neutral,0310,-1,0,1,0,aQrPaQaQ,B,mistral-small,mistralai/mistral-small-3.2-24b-instruct,parasail/bf16,0,1.0,Parasail,B,7.17e-06,0.005220124494170362,0.02591738541741717,0
comprehension,own,neutral,0310,1,0,0,0,rPaQaQaQ,A,mistral-small,mistralai/mistral-small-3.2-24b-instruct,parasail/bf16,0,1.0,Parasail,A,7.81e-06,0.9046505453836382,0.034933175724641,0
comprehension,own,neutral,0310,1,0,1,0,aQaQaQrP,A,mistral-small,mistralai/mistral-small-3.2-24b-instruct,parasail/bf16,0,1.0,Parasail,A,7.17e-06,0.9980732656160614,0.015848870528754166,1
comprehension,own,neutral,0311,-1,0,0,0,rQaQaQrPaQ,B,mistral-small,mistralai/mistral-small-3.2-24b-instruct,parasail/bf16,0,1.0,Parasail,B,8.35e-06,0.002472623606869509,0.031632655306875646,1
comprehension,own,neutral,0311,-1,0,1,0,aQaQrPaQrQ,B,mistral-small,mistralai/mistral-small-3.2-24b-instruct,parasail/bf16,0,1.0,Parasail,B,8.35e-06,0.007577239867184069,0.029496582905722657,0
comprehension,own,neutral,0311,1,0,0,0,aQrPaQrQaQ,A,mistral-small,mistralai/mistral-small-3.2-24b-instruct,parasail/bf16,0,1.0,Parasail,A,7.71e-06,0.89330940889474,0.06895049705964269,0
comprehension,own,neutral,0311,1,0,1,0,rPrQaQaQaQ,A,mistral-small,mistralai/mistral-small-3.2-24b-instruct,parasail/bf16,0,1.0,Parasail,A,8.35e-06,0.9971990734854982,0.018324372755664724,0
comprehension,own,neutral,0312,-1,0,0,0,rQrPrQaQaQaQ,B,mistral-small,mistralai/mistral-small-3.2-24b-instruct,parasail/bf16,0,1.0,Parasail,B,8.89e-06,0.0021827168104528996,0.024086039360087685,1
comprehension,own,neutral,0312,-1,0,1,0,aQrQrQaQaQrP,B,mistral-small,mistralai/mistral-small-3.2-24b-instruct,parasail/bf16,0,1.0,Parasail,B,8.89e-06,0.0046095722562919834,0.017851601472829493,0
comprehension,own,neutral,0312,1,0,0,0,rQaQrQrPaQaQ,A,mistral-small,mistralai/mistral-small-3.2-24b-instruct,parasail/bf16,0,1.0,Parasail,Let,8.89e-06,0.9914225163603422,0.024099224015597713,0
comprehension,own,neutral,0312,1,0,1,0,rQrPaQaQrQaQ,A,mistral-small,mistralai/mistral-small-3.2-24b-instruct,parasail/bf16,0,1.0,Parasail,A,8.89e-06,0.9986749775679982,0.01518383039591642,1
comprehension,own,neutral,0320,-1,0,0,0,rPrPaQaQaQ,B,mistral-small,mistralai/mistral-small-3.2-24b-instruct,parasail/bf16,0,1.0,Parasail,Based,7.71e-06,0.001700722199550834,0.020433367448749462,1
comprehension,own,neutral,0320,-1,0,1,0,aQaQaQrPrP,B,mistral-small,mistralai/mistral-small-3.2-24b-instruct,parasail/bf16,0,1.0,Parasail,B,8.35e-06,0.005220125848318163,0.027722785412947704,0
comprehension,own,neutral,0320,1,0,0,0,rPrPaQaQaQ,A,mistral-small,mistralai/mistral-small-3.2-24b-instruct,parasail/bf16,0,1.0,Parasail,A,8.35e-06,0.8670357615200474,0.04307501898940405,0
comprehension,own,neutral,0320,1,0,1,0,aQrPaQrPaQ,A,mistral-small,mistralai/mistral-small-3.2-24b-instruct,parasail/bf16,0,1.0,Parasail,A,7.71e-06,0.9971990736935991,0.024026543378994347,1
comprehension,own,neutral,0321,-1,0,0,0,aQaQrPaQrQrP,B,mistral-small,mistralai/mistral-small-3.2-24b-instruct,parasail/bf16,0,1.0,Parasail,B,7.61e-06,0.0019267346525817508,0.02023074457296825,1
comprehension,own,neutral,0321,-1,0,1,0,aQrPaQaQrQrP,B,mistral-small,mistralai/mistral-small-3.2-24b-instruct,parasail/bf16,0,1.0,Parasail,B,8.89e-06,0.0031726834669135564,0.030463184334456828,0
comprehension,own,neutral,0321,1,0,0,0,aQrPrQrPaQaQ,A,mistral-small,mistralai/mistral-small-3.2-24b-instruct,parasail/bf16,0,1.0,Parasail,A,8.89e-06,0.8670357666736772,0.057497128506132006,0
comprehension,own,neutral,0321,1,0,1,0,rQaQrPaQaQrP,A,mistral-small,mistralai/mistral-small-3.2-24b-instruct,parasail/bf16,0,1.0,Parasail,A,7.61e-06,0.9984988179219492,0.01634198571100165,1
comprehension,own,neutral,0330,-1,0,0,0,rPaQrPaQaQrP,B,mistral-small,mistralai/mistral-small-3.2-24b-instruct,parasail/bf16,0,1.0,Parasail,B,7.61e-06,0.001325022192918531,0.015733397086599266,1
comprehension,own,neutral,0330,-1,0,1,0,rPrPaQaQrPaQ,B,mistral-small,mistralai/mistral-small-3.2-24b-instruct,parasail/bf16,0,1.0,Parasail,B,8.89e-06,0.002800926597742062,0.02239635583806654,0
comprehension,own,neutral,0330,1,0,0,0,rPaQaQrPrPaQ,A,mistral-small,mistralai/mistral-small-3.2-24b-instruct,parasail/bf16,0,1.0,Parasail,A,8.89e-06,0.9626731121204183,0.03125029804010701,0
comprehension,own,neutral,0330,1,0,1,0,rPrPaQaQrPaQ,A,mistral-small,mistralai/mistral-small-3.2-24b-instruct,parasail/bf16,0,1.0,Parasail,A,8.89e-06,0.9984988180085004,0.013406026755112821,1
comprehension,own,neutral,0400,-1,0,0,0,aQaQaQaQ,B,mistral-small,mistralai/mistral-small-3.2-24b-instruct,parasail/bf16,0,1.0,Parasail,B,7.81e-06,0.0024726230371847563,0.020407804179942035,0
comprehension,own,neutral,0400,-1,0,1,0,aQaQaQaQ,B,mistral-small,mistralai/mistral-small-3.2-24b-instruct,parasail/bf16,0,1.0,Parasail,B,7.81e-06,0.03732688948593844,0.02589143637192559,0
comprehension,own,neutral,0400,1,0,0,0,aQaQaQaQ,A,mistral-small,mistralai/mistral-small-3.2-24b-instruct,parasail/bf16,0,1.0,Parasail,A,7.81e-06,0.8354835391516132,0.021568174409140328,0
comprehension,own,neutral,0400,1,0,1,0,aQaQaQaQ,A,mistral-small,mistralai/mistral-small-3.2-24b-instruct,parasail/bf16,0,1.0,Parasail,A,7.17e-06,0.9875683511134525,0.013578932481738172,0
comprehension,own,neutral,0401,-1,0,0,0,rQaQaQaQaQ,B,mistral-small,mistralai/mistral-small-3.2-24b-instruct,parasail/bf16,0,1.0,Parasail,B,8.35e-06,0.0017007221710887452,0.019493574928789226,1
comprehension,own,neutral,0401,-1,0,1,0,aQaQaQrQaQ,B,mistral-small,mistralai/mistral-small-3.2-24b-instruct,parasail/bf16,0,1.0,Parasail,B,7.71e-06,0.01590639491905086,0.029554277024873232,0
comprehension,own,neutral,0401,1,0,0,0,aQrQaQaQaQ,A,mistral-small,mistralai/mistral-small-3.2-24b-instruct,parasail/bf16,0,1.0,Parasail,A,8.35e-06,0.9149009486120849,0.021032858094516715,0
comprehension,own,neutral,0401,1,0,1,0,aQrQaQaQaQ,A,mistral-small,mistralai/mistral-small-3.2-24b-instruct,parasail/bf16,0,1.0,Parasail,A,8.35e-06,0.9959298616725242,0.015436523878799048,0
comprehension,own,neutral,0402,-1,0,0,0,aQaQaQrQrQaQ,B,mistral-small,mistralai/mistral-small-3.2-24b-instruct,parasail/bf16,0,1.0,Parasail,B,7.61e-06,0.0013250224418609247,0.018476301021609243,1
comprehension,own,neutral,0402,-1,0,1,0,aQrQaQrQaQaQ,B,mistral-small,mistralai/mistral-small-3.2-24b-instruct,parasail/bf16,0,1.0,Parasail,B,8.89e-06,0.04208773242132242,0.023851365733791763,0
comprehension,own,neutral,0402,1,0,0,0,rQaQaQaQaQrQ,A,mistral-small,mistralai/mistral-small-3.2-24b-instruct,parasail/bf16,0,1.0,Parasail,A,8.89e-06,0.9706877692486436,0.013832261921447625,0
comprehension,own,neutral,0402,1,0,1,0,rQaQaQrQaQaQ,A,mistral-small,mistralai/mistral-small-3.2-24b-instruct,parasail/bf16,0,1.0,Parasail,A,8.89e-06,0.9978172839704719,0.013163944085256273,0
comprehension,own,neutral,0410,-1,0,0,0,aQaQaQrPaQ,B,mistral-small,mistralai/mistral-small-3.2-24b-instruct,parasail/bf16,0,1.0,Parasail,B,7.71e-06,0.002182716773942125,0.024511727248053616,1
comprehension,own,neutral,0410,-1,0,1,0,rPaQaQaQaQ,B,mistral-small,mistralai/mistral-small-3.2-24b-instruct,parasail/bf16,0,1.0,Parasail,B,7.71e-06,0.004609572555416681,0.020913473658502935,0
comprehension,own,neutral,0410,1,0,0,0,aQaQaQaQrP,A,mistral-small,mistralai/mistral-small-3.2-24b-instruct,parasail/bf16,0,1.0,Parasail,A,7.71e-06,0.9149009625340367,0.03049485164176624,0
comprehension,own,neutral,0410,1,0,1,0,aQaQaQaQrP,A,mistral-small,mistralai/mistral-small-3.2-24b-instruct,parasail/bf16,0,1.0,Parasail,A,7.71e-06,0.9971990735843461,0.017654357650068064,1
comprehension,own,neutral,0411,-1,0,0,0,rQaQaQaQrPaQ,B,mistral-small,mistralai/mistral-small-3.2-24b-instruct,parasail/bf16,0,1.0,Parasail,B,7.61e-06,0.001926734931970614,0.022322597950379608,1
comprehension,own,neutral,0411,-1,0,1,0,aQrPaQrQaQaQ,B,mistral-small,mistralai/mistral-small-3.2-24b-instruct,parasail/bf16,0,1.0,Parasail,Based,7.61e-06,0.0059110684512735726,0.020873236017763586,0
comprehension,own,neutral,0411,1,0,0,0,aQrQaQaQaQrP,A,mistral-small,mistralai/mistral-small-3.2-24b-instruct,parasail/bf16,0,1.0,Parasail,A,8.25e-06,0.9796676474735838,0.02070620047440447,0
comprehension,own,neutral,0411,1,0,1,0,aQaQrPaQaQrQ,A,mistral-small,mistralai/mistral-small-3.2-24b-instruct,parasail/bf16,0,1.0,Parasail,A,7.61e-06,0.9984988176064563,0.0144924199765476,1
comprehension,own,neutral,0420,-1,0,0,0,rPaQaQrPaQaQ,B,mistral-small,mistralai/mistral-small-3.2-24b-instruct,parasail/bf16,0,1.0,Parasail,B,8.89e-06,0.0017007226897313267,0.016928395207470248,1
comprehension,own,neutral,0420,-1,0,1,0,rPaQaQrPaQaQ,B,mistral-small,mistralai/mistral-small-3.2-24b-instruct,parasail/bf16,0,1.0,Parasail,B,7.61e-06,0.0024726234920137017,0.021578319128889523,0
comprehension,own,neutral,0420,1,0,0,0,aQaQaQaQrPrP,A,mistral-small,mistralai/mistral-small-3.2-24b-instruct,parasail/bf16,0,1.0,Parasail,A,8.25e-06,0.8933094159957173,0.02789354180261437,0
comprehension,own,neutral,0420,1,0,1,0,aQaQrPaQaQrP,A,mistral-small,mistralai/mistral-small-3.2-24b-instruct,parasail/bf16,0,1.0,Parasail,A,8.89e-06,0.9986749772931756,0.012525352015583247,1
comprehension,own,neutral,0500,-1,0,0,0,aQaQaQaQaQ,B,mistral-small,mistralai/mistral-small-3.2-24b-instruct,parasail/bf16,0,1.0,Parasail,B,7.71e-06,0.0015011819440361278,0.016353355476537823,0
comprehension,own,neutral,0500,-1,0,1,0,aQaQaQaQaQ,B,mistral-small,mistralai/mistral-small-3.2-24b-instruct,parasail/bf16,0,1.0,Parasail,B,7.71e-06,0.029312229797394368,0.022425150163445373,0
comprehension,own,neutral,0500,1,0,0,0,aQaQaQaQaQ,A,mistral-small,mistralai/mistral-small-3.2-24b-instruct,parasail/bf16,0,1.0,Parasail,A,7.71e-06,0.817574478416099,0.020008092509919556,0
comprehension,own,neutral,0500,1,0,1,0,aQaQaQaQaQ,A,mistral-small,mistralai/mistral-small-3.2-24b-instruct,parasail/bf16,0,1.0,Parasail,A,7.71e-06,0.9902915245392753,0.015218639969951922,0
comprehension,own,neutral,0501,-1,0,0,0,aQaQaQrQaQaQ,B,mistral-small,mistralai/mistral-small-3.2-24b-instruct,parasail/bf16,0,1.0,Parasail,B,7.61e-06,0.0009110511062388582,0.014844146844099182,1
comprehension,own,neutral,0501,-1,0,1,0,aQaQaQaQaQrQ,B,mistral-small,mistralai/mistral-small-3.2-24b-instruct,parasail/bf16,0,1.0,Parasail,B,8.25e-06,0.017986206408961668,0.015471841218588134,0
comprehension,own,neutral,0501,1,0,0,0,aQaQaQaQaQrQ,A,mistral-small,mistralai/mistral-small-3.2-24b-instruct,parasail/bf16,0,1.0,Parasail,A,7.61e-06,0.8354835350552604,0.014867826000523915,0
comprehension,own,neutral,0501,1,0,1,0,aQaQrQaQaQaQ,A,mistral-small,mistralai/mistral-small-3.2-24b-instruct,parasail/bf16,0,1.0,Parasail,A,8.89e-06,0.9959298616083462,0.010451737915909757,0
comprehension,own,neutral,0510,-1,0,0,0,aQaQaQaQaQrP,B,mistral-small,mistralai/mistral-small-3.2-24b-instruct,parasail/bf16,0,1.0,Parasail,B,8.25e-06,0.0010322308302800755,0.013211284936262113,0
comprehension,own,neutral,0510,-1,0,1,0,aQaQaQaQaQrP,B,mistral-small,mistralai/mistral-small-3.2-24b-instruct,parasail/bf16,0,1.0,Parasail,B,8.25e-06,0.005220126235217599,0.01488987703482103,0
comprehension,own,neutral,0510,1,0,0,0,aQaQaQrPaQaQ,A,mistral-small,mistralai/mistral-small-3.2-24b-instruct,parasail/bf16,0,1.0,Parasail,A,8.89e-06,0.9465966671870766,0.026843068916466387,0
comprehension,own,neutral,0510,1,0,1,0,rPaQaQaQaQaQ,A,mistral-small,mistralai/mistral-small-3.2-24b-instruct,parasail/bf16,0,1.0,Parasail,A,7.61e-06,0.9953904286239891,0.009841952937875757,0
comprehension,own,neutral,0600,-1,0,0,0,aQaQaQaQaQaQ,B,mistral-small,mistralai/mistral-small-3.2-24b-instruct,parasail/bf16,0,1.0,Parasail,B,8.25e-06,0.001926734917642979,0.014519925483037932,0
comprehension,own,neutral,0600,-1,0,1,0,aQaQaQaQaQaQ,B,mistral-small,mistralai/mistral-small-3.2-24b-instruct,parasail/bf16,0,1.0,Parasail,B,8.89e-06,0.025957356161721738,0.02104935028267807,0
comprehension,own,neutral,0600,1,0,0,0,aQaQaQaQaQaQ,A,mistral-small,mistralai/mistral-small-3.2-24b-instruct,parasail/bf16,0,1.0,Parasail,B,7.61e-06,0.817574478416099,0.01913795072060842,0
comprehension,own,neutral,0600,1,0,1,0,aQaQaQaQaQaQ,A,mistral-small,mistralai/mistral-small-3.2-24b-instruct,parasail/bf16,0,1.0,Parasail,A,8.89e-06,0.9859363720269774,0.012733338141966945,0
comprehension,own,neutral,1000,-1,0,0,0,aP,B,mistral-small,mistralai/mistral-small-3.2-24b-instruct,parasail/bf16,0,1.0,Parasail,B,6.83e-06,0.0031726834551318887,0.025846298227581666,1
comprehension,own,neutral,1000,-1,0,1,0,aP,B,mistral-small,mistralai/mistral-small-3.2-24b-instruct,parasail/bf16,0,1.0,Parasail,B,9.39e-06,0.0085774865858551,0.0255522166139891,0
comprehension,own,neutral,1000,1,0,0,0,aP,A,mistral-small,mistralai/mistral-small-3.2-24b-instruct,parasail/bf16,0,1.0,Parasail,A,6.19e-06,0.9964063980188396,0.01575691072344067,0
comprehension,own,neutral,1000,1,0,1,0,aP,A,mistral-small,mistralai/mistral-small-3.2-24b-instruct,parasail/bf16,0,1.0,Parasail,A,6.83e-06,0.998674977510076,0.00985224716437516,1
comprehension,own,neutral,1001,-1,0,0,0,aPrQ,B,mistral-small,mistralai/mistral-small-3.2-24b-instruct,parasail/bf16,0,1.0,Parasail,B,6.73e-06,0.001926734992863064,0.015902209334958783,1
comprehension,own,neutral,1001,-1,0,1,0,rQaP,B,mistral-small,mistralai/mistral-small-3.2-24b-instruct,parasail/bf16,0,1.0,Parasail,B,6.73e-06,0.022977369910025615,0.032671894682955394,0
comprehension,own,neutral,1001,1,0,0,0,aPrQ,A,mistral-small,mistralai/mistral-small-3.2-24b-instruct,parasail/bf16,0,1.0,Parasail,A,6.73e-06,0.7549149868676283,0.025195425530747717,0
comprehension,own,neutral,1001,1,0,1,0,aPrQ,A,mistral-small,mistralai/mistral-small-3.2-24b-instruct,parasail/bf16,0,1.0,Parasail,A,6.73e-06,0.9980732650662384,0.012531395985726723,1
comprehension,own,neutral,1002,-1,0,0,0,rQrQaP,B,mistral-small,mistralai/mistral-small-3.2-24b-instruct,parasail/bf16,0,1.0,Parasail,B,7.27e-06,0.0028009275289932133,0.028836420315092703,1
comprehension,own,neutral,1002,-1,0,1,0,aPrQrQ,B,mistral-small,mistralai/mistral-small-3.2-24b-instruct,parasail/bf16,0,1.0,Parasail,B,7.27e-06,0.0031726826539785367,0.027223669133092154,0
comprehension,own,neutral,1002,1,0,0,0,aPrQrQ,A,mistral-small,mistralai/mistral-small-3.2-24b-instruct,parasail/bf16,0,1.0,Parasail,B,7.27e-06,0.7549149813536518,0.03827270140117858,0
comprehension,own,neutral,1002,1,0,1,0,rQrQaP,A,mistral-small,mistralai/mistral-small-3.2-24b-instruct,parasail/bf16,0,1.0,Parasail,A,7.27e-06,0.9982992776723698,0.01247187800606675,1
comprehension,own,neutral,1003,-1,0,0,0,rQrQrQaP,B,mistral-small,mistralai/mistral-small-3.2-24b-instruct,parasail/bf16,0,1.0,Parasail,B,7.17e-06,0.0024726236160579735,0.024146551426936114,1
comprehension,own,neutral,1003,-1,0,1,0,rQaPrQrQ,B,mistral-small,mistralai/mistral-small-3.2-24b-instruct,parasail/bf16,0,1.0,Parasail,B,7.81e-06,0.015906391478561197,0.03429299552586884,0
comprehension,own,neutral,1003,1,0,0,0,rQaPrQrQ,A,mistral-small,mistralai/mistral-small-3.2-24b-instruct,parasail/bf16,0,1.0,Parasail,A,7.17e-06,0.9525741231199173,0.034049785159674065,0
comprehension,own,neutral,1003,1,0,1,0,rQrQrQaP,A,mistral-small,mistralai/mistral-small-3.2-24b-instruct,parasail/bf16,0,1.0,Parasail,A,7.17e-06,0.9980732655712875,0.012726524977145992,1
comprehension,own,neutral,1004,-1,0,0,0,aPrQrQrQrQ,B,mistral-small,mistralai/mistral-small-3.2-24b-instruct,parasail/bf16,0,1.0,Parasail,B,7.71e-06,0.0017007223165616486,0.019501139581400317,1
comprehension,own,neutral,1004,-1,0,1,0,rQaPrQrQrQ,B,mistral-small,mistralai/mistral-small-3.2-24b-instruct,parasail/bf16,0,1.0,Parasail,B,7.71e-06,0.02595735776292875,0.027420017492053028,0
comprehension,own,neutral,1004,1,0,0,0,rQrQaPrQrQ,A,mistral-small,mistralai/mistral-small-3.2-24b-instruct,parasail/bf16,0,1.0,Parasail,A,7.71e-06,0.9046505325302034,0.03389066616037496,0
comprehension,own,neutral,1004,1,0,1,0,rQrQrQrQaP,A,mistral-small,mistralai/mistral-small-3.2-24b-instruct,parasail/bf16,0,1.0,Parasail,A,7.71e-06,0.9982992774462542,0.012644947531270856,0
comprehension,own,neutral,1005,-1,0,0,0,aPrQrQrQrQrQ,B,mistral-small,mistralai/mistral-small-3.2-24b-instruct,parasail/bf16,0,1.0,Parasail,B,7.61e-06,0.001501182445195133,0.013395235454582544,0
comprehension,own,neutral,1005,-1,0,1,0,rQrQrQrQaPrQ,B,mistral-small,mistralai/mistral-small-3.2-24b-instruct,parasail/bf16,0,1.0,Parasail,B,8.89e-06,0.005911068068193657,0.018930878514592298,0
comprehension,own,neutral,1005,1,0,0,0,rQrQrQrQrQaP,A,mistral-small,mistralai/mistral-small-3.2-24b-instruct,parasail/bf16,0,1.0,Parasail,B,7.61e-06,0.9149009596336303,0.01479271200282875,0
comprehension,own,neutral,1005,1,0,1,0,rQrQrQrQaPrQ,A,mistral-small,mistralai/mistral-small-3.2-24b-instruct,parasail/bf16,0,1.0,Parasail,A,7.61e-06,0.998498817536657,0.011606187636627574,1
comprehension,own,neutral,1010,-1,0,0,0,rPaP,B,mistral-small,mistralai/mistral-small-3.2-24b-instruct,parasail/bf16,0,1.0,Parasail,B,7.37e-06,0.0015011823935436397,0.016959730554337527,1
comprehension,own,neutral,1010,-1,0,1,0,rPaP,B,mistral-small,mistralai/mistral-small-3.2-24b-instruct,parasail/bf16,0,1.0,Parasail,B,6.73e-06,0.00669285197683743,0.020908979952226292,0
comprehension,own,neutral,1010,1,0,0,0,aPrP,A,mistral-small,mistralai/mistral-small-3.2-24b-instruct,parasail/bf16,0,1.0,Parasail,A,6.73e-06,0.9525741308615412,0.017622586121612903,0
comprehension,own,neutral,1010,1,0,1,0,aPrP,A,mistral-small,mistralai/mistral-small-3.2-24b-instruct,parasail/bf16,0,1.0,Parasail,A,6.73e-06,0.998498817739075,0.00861509231971441,0
comprehension,own,neutral,1011,-1,0,0,0,rQaPrP,B,mistral-small,mistralai/mistral-small-3.2-24b-instruct,parasail/bf16,0,1.0,Parasail,B,7.27e-06,0.003172682866048522,0.032374239582911635,1
comprehension,own,neutral,1011,-1,0,1,0,aPrPrQ,B,mistral-small,mistralai/mistral-small-3.2-24b-instruct,parasail/bf16,0,1.0,Parasail,B,7.27e-06,0.0040701370741150975,0.023555953614908032,0
comprehension,own,neutral,1011,1,0,0,0,rPrQaP,A,mistral-small,mistralai/mistral-small-3.2-24b-instruct,parasail/bf16,0,1.0,Parasail,A,7.27e-06,0.9626731154669946,0.02344105863067448,0
comprehension,own,neutral,1011,1,0,1,0,rPrQaP,A,mistral-small,mistralai/mistral-small-3.2-24b-instruct,parasail/bf16,0,1.0,Parasail,A,7.27e-06,0.9984988179694128,0.0128648927678362,1
comprehension,own,neutral,1012,-1,0,0,0,aPrQrQrP,B,mistral-small,mistralai/mistral-small-3.2-24b-instruct,parasail/bf16,0,1.0,Parasail,B,7.81e-06,0.004070137595090279,0.029273251750186025,1
comprehension,own,neutral,1012,-1,0,1,0,rQaPrQrP,B,mistral-small,mistralai/mistral-small-3.2-24b-instruct,parasail/bf16,0,1.0,Parasail,B,7.17e-06,0.02033235289743556,0.04624047971677114,0
comprehension,own,neutral,1012,1,0,0,0,rQrQrPaP,A,mistral-small,mistralai/mistral-small-3.2-24b-instruct,parasail/bf16,0,1.0,Parasail,A,7.81e-06,0.9914225140794154,0.03274846701664288,0
comprehension,own,neutral,1012,1,0,1,0,aPrQrQrP,A,mistral-small,mistralai/mistral-small-3.2-24b-instruct,parasail/bf16,0,1.0,Parasail,A,7.81e-06,0.9978172836195628,0.016008526372279452,1
comprehension,own,neutral,1013,-1,0,0,0,rPrQrQrQaP,B,mistral-small,mistralai/mistral-small-3.2-24b-instruct,parasail/bf16,0,1.0,Parasail,B,7.71e-06,0.0031726823712185785,0.02786357393053218,1
comprehension,own,neutral,1013,-1,0,1,0,rPrQrQrQaP,B,mistral-small,mistralai/mistral-small-3.2-24b-instruct,parasail/bf16,0,1.0,Parasail,B,7.71e-06,0.00970847598005333,0.03252614256437669,0
comprehension,own,neutral,1013,1,0,0,0,aPrQrQrPrQ,A,mistral-small,mistralai/mistral-small-3.2-24b-instruct,parasail/bf16,0,1.0,Parasail,A,8.35e-06,0.9241418173671895,0.04253032677598019,0
comprehension,own,neutral,1013,1,0,1,0,rPrQaPrQrQ,A,mistral-small,mistralai/mistral-small-3.2-24b-instruct,parasail/bf16,0,1.0,Parasail,A,8.35e-06,0.9986749777639479,0.014955433968923626,1
comprehension,own,neutral,1014,-1,0,0,0,rQrPaPrQrQrQ,B,mistral-small,mistralai/mistral-small-3.2-24b-instruct,parasail/bf16,0,1.0,Parasail,B,8.89e-06,0.002182716506196463,0.021307992998703118,1
comprehension,own,neutral,1014,-1,0,1,0,rPrQrQaPrQrQ,B,mistral-small,mistralai/mistral-small-3.2-24b-instruct,parasail/bf16,0,1.0,Parasail,B,8.89e-06,0.005220125867663134,0.02779093845919145,0
comprehension,own,neutral,1014,1,0,0,0,aPrQrQrQrQrP,A,mistral-small,mistralai/mistral-small-3.2-24b-instruct,parasail/bf16,0,1.0,Parasail,A,8.89e-06,0.9924227589142272,0.022778204909057107,0
comprehension,own,neutral,1014,1,0,1,0,rPrQaPrQrQrQ,A,mistral-small,mistralai/mistral-small-3.2-24b-instruct,parasail/bf16,0,1.0,Parasail,A,7.61e-06,0.99896776916972,0.010987846634621257,0
comprehension,own,neutral,1020,-1,0,0,0,aPrPrP,B,mistral-small,mistralai/mistral-small-3.2-24b-instruct,parasail/bf16,0,1.0,Parasail,B,7.27e-06,0.001926734462740623,0.020880761150887106,1
comprehension,own,neutral,1020,-1,0,1,0,rPaPrP,B,mistral-small,mistralai/mistral-small-3.2-24b-instruct,parasail/bf16,0,1.0,Parasail,B,7.27e-06,0.007577240063278798,0.027455027108069463,0
comprehension,own,neutral,1020,1,0,0,0,aPrPrP,A,mistral-small,mistralai/mistral-small-3.2-24b-instruct,parasail/bf16,0,1.0,Parasail,A,7.27e-06,0.8807970842359877,0.019024450215826952,0
comprehension,own,neutral,1020,1,0,1,0,rPrPaP,A,mistral-small,mistralai/mistral-small-3.2-24b-instruct,parasail/bf16,0,1.0,Parasail,A,7.27e-06,0.9984988180671317,0.011413527485210961,1
comprehension,own,neutral,1021,-1,0,0,0,rQrPaPrP,B,mistral-small,mistralai/mistral-small-3.2-24b-instruct,parasail/bf16,0,1.0,Parasail,B,7.17e-06,0.004609573204944661,0.03712990764069157,1
comprehension,own,neutral,1021,-1,0,1,0,aPrPrPrQ,B,mistral-small,mistralai/mistral-small-3.2-24b-instruct,parasail/bf16,0,1.0,Parasail,B,7.81e-06,0.005911069162707767,0.026161423545716267,0
comprehension,own,neutral,1021,1,0,0,0,rPaPrPrQ,A,mistral-small,mistralai/mistral-small-3.2-24b-instruct,parasail/bf16,0,1.0,Parasail,A,7.17e-06,0.8933093975331751,0.029196069429425375,0
comprehension,own,neutral,1021,1,0,1,0,rPrQaPrP,A,mistral-small,mistralai/mistral-small-3.2-24b-instruct,parasail/bf16,0,1.0,Parasail,A,7.81e-06,0.9982992772723193,0.014252351849483813,1
comprehension,own,neutral,1022,-1,0,0,0,aPrPrQrQrP,B,mistral-small,mistralai/mistral-small-3.2-24b-instruct,parasail/bf16,0,1.0,Parasail,B,7.71e-06,0.004070137647942837,0.027798339646115333,1
comprehension,own,neutral,1022,-1,0,1,0,rQrPrQrPaP,B,mistral-small,mistralai/mistral-small-3.2-24b-instruct,parasail/bf16,0,1.0,Parasail,B,8.35e-06,0.02595735832806066,0.05290954067125986,0
comprehension,own,neutral,1022,1,0,0,0,rPrQaPrQrP,A,mistral-small,mistralai/mistral-small-3.2-24b-instruct,parasail/bf16,0,1.0,Parasail,A,7.71e-06,0.9241418178895029,0.05144755633139844,0
comprehension,own,neutral,1022,1,0,1,0,rPrQaPrPrQ,A,mistral-small,mistralai/mistral-small-3.2-24b-instruct,parasail/bf16,0,1.0,Parasail,A,7.71e-06,0.9986749775458151,0.013758528966388073,1
comprehension,own,neutral,1023,-1,0,0,0,rQrQrQrPrPaP,B,mistral-small,mistralai/mistral-small-3.2-24b-instruct,parasail/bf16,0,1.0,Parasail,B,8.89e-06,0.0028009270919814614,0.02341651359442265,1
comprehension,own,neutral,1023,-1,0,1,0,rQrQrQrPaPrP,B,mistral-small,mistralai/mistral-small-3.2-24b-instruct,parasail/bf16,0,1.0,Parasail,B,7.61e-06,0.008577487156086942,0.026873322575690972,0
comprehension,own,neutral,1023,1,0,0,0,aPrQrQrPrQrP,A,mistral-small,mistralai/mistral-small-3.2-24b-instruct,parasail/bf16,0,1.0,Parasail,A,7.61e-06,0.9669140216112959,0.03467151179425783,0
comprehension,own,neutral,1023,1,0,1,0,rPaPrPrQrQrQ,A,mistral-small,mistralai/mistral-small-3.2-24b-instruct,parasail/bf16,0,1.0,Parasail,A,8.89e-06,0.9986749777898281,0.009885087039256724,1
comprehension,own,neutral,1030,-1,0,0,0,rPrPaPrP,B,mistral-small,mistralai/mistral-small-3.2-24b-instruct,parasail/bf16,0,1.0,Parasail,B,7.81e-06,0.002472623055561682,0.03147635355306044,1
comprehension,own,neutral,1030,-1,0,1,0,rPaPrPrP,B,mistral-small,mistralai/mistral-small-3.2-24b-instruct,parasail/bf16,0,1.0,Parasail,B,7.81e-06,0.02033235141335831,0.027825156376504068,0
comprehension,own,neutral,1030,1,0,0,0,aPrPrPrP,A,mistral-small,mistralai/mistral-small-3.2-24b-instruct,parasail/bf16,0,1.0,Parasail,A,7.81e-06,0.7772998508568416,0.018368640161243982,0
comprehension,own,neutral,1030,1,0,1,0,rPaPrPrP,A,mistral-small,mistralai/mistral-small-3.2-24b-instruct,parasail/bf16,0,1.0,Parasail,A,7.17e-06,0.9964063977053707,0.008705140715630031,0
comprehension,own,neutral,1031,-1,0,0,0,rPrQrPrPaP,B,mistral-small,mistralai/mistral-small-3.2-24b-instruct,parasail/bf16,0,1.0,Parasail,B,8.35e-06,0.0031726822769652645,0.030989792928643345,1
comprehension,own,neutral,1031,-1,0,1,0,rPrPrPrQaP,B,mistral-small,mistralai/mistral-small-3.2-24b-instruct,parasail/bf16,0,1.0,Parasail,B,7.71e-06,0.005911068024413097,0.025655878525931874,0
comprehension,own,neutral,1031,1,0,0,0,rQrPaPrPrP,A,mistral-small,mistralai/mistral-small-3.2-24b-instruct,parasail/bf16,0,1.0,Parasail,A,8.35e-06,0.9914225156950719,0.024955160312550496,0
comprehension,own,neutral,1031,1,0,1,0,rPaPrPrQrP,A,mistral-small,mistralai/mistral-small-3.2-24b-instruct,parasail/bf16,0,1.0,Parasail,A,7.71e-06,0.9984988179931445,0.014137777261784445,1
comprehension,own,neutral,1032,-1,0,0,0,rPrQrPrQaPrP,B,mistral-small,mistralai/mistral-small-3.2-24b-instruct,parasail/bf16,0,1.0,Parasail,B,8.89e-06,0.003172683543494403,0.028012259143852636,1
comprehension,own,neutral,1032,-1,0,1,0,aPrQrPrQrPrP,B,mistral-small,mistralai/mistral-small-3.2-24b-instruct,parasail/bf16,0,1.0,Parasail,B,7.61e-06,0.005911068090083938,0.02984223940273445,0
comprehension,own,neutral,1032,1,0,0,0,rQaPrQrPrPrP,A,mistral-small,mistralai/mistral-small-3.2-24b-instruct,parasail/bf16,0,1.0,Parasail,A,8.89e-06,0.9933071504626078,0.01941163749421545,0
comprehension,own,neutral,1032,1,0,1,0,rPrQrPrPaPrQ,A,mistral-small,mistralai/mistral-small-3.2-24b-instruct,parasail/bf16,0,1.0,Parasail,A,7.61e-06,0.9984988177572229,0.012515238491018654,1
comprehension,own,neutral,1040,-1,0,0,0,rPrPaPrPrP,B,mistral-small,mistralai/mistral-small-3.2-24b-instruct,parasail/bf16,0,1.0,Parasail,B,7.71e-06,0.0021827168469636745,0.02709665467631428,0
comprehension,own,neutral,1040,-1,0,1,0,rPrPrPaPrP,B,mistral-small,mistralai/mistral-small-3.2-24b-instruct,parasail/bf16,0,1.0,Parasail,B,8.35e-06,0.01406362817963978,0.023423104533268124,0
comprehension,own,neutral,1040,1,0,0,0,aPrPrPrPrP,A,mistral-small,mistralai/mistral-small-3.2-24b-instruct,parasail/bf16,0,1.0,Parasail,A,7.71e-06,0.7772998663336158,0.02254929603196018,0
comprehension,own,neutral,1040,1,0,1,0,rPrPaPrPrP,A,mistral-small,mistralai/mistral-small-3.2-24b-instruct,parasail/bf16,0,1.0,Parasail,A,8.35e-06,0.9968273171634057,0.013197217448898096,0
comprehension,own,neutral,1041,-1,0,0,0,aPrQrPrPrPrP,B,mistral-small,mistralai/mistral-small-3.2-24b-instruct,parasail/bf16,0,1.0,Parasail,B,8.89e-06,0.0015011819049485244,0.014898232893866492,0
comprehension,own,neutral,1041,-1,0,1,0,rPrPaPrPrPrQ,B,mistral-small,mistralai/mistral-small-3.2-24b-instruct,parasail/bf16,0,1.0,Parasail,B,7.61e-06,0.008577486174021015,0.019501804059874783,0
comprehension,own,neutral,1041,1,0,0,0,aPrPrPrPrQrP,A,mistral-small,mistralai/mistral-small-3.2-24b-instruct,parasail/bf16,0,1.0,Parasail,A,7.61e-06,0.9820137910248891,0.021779068460187963,0
comprehension,own,neutral,1041,1,0,1,0,rQrPrPrPrPaP,A,mistral-small,mistralai/mistral-small-3.2-24b-instruct,parasail/bf16,0,1.0,Parasail,A,7.61e-06,0.9986749776456386,0.008648876419104612,1
comprehension,own,neutral,1050,-1,0,0,0,rPrPrPaPrPrP,B,mistral-small,mistralai/mistral-small-3.2-24b-instruct,parasail/bf16,0,1.0,Parasail,B,7.61e-06,0.0019267344233396364,0.01607104492965905,0
comprehension,own,neutral,1050,-1,0,1,0,rPrPrPaPrPrP,B,mistral-small,mistralai/mistral-small-3.2-24b-instruct,parasail/bf16,0,1.0,Parasail,B,8.89e-06,0.017986207132747328,0.019425222291163613,0
comprehension,own,neutral,1050,1,0,0,0,aPrPrPrPrPrP,A,mistral-small,mistralai/mistral-small-3.2-24b-instruct,parasail/bf16,0,1.0,Parasail,A,7.61e-06,0.7981867801399694,0.017840206809272702,0
comprehension,own,neutral,1050,1,0,1,0,rPrPrPrPaPrP,A,mistral-small,mistralai/mistral-small-3.2-24b-instruct,parasail/bf16,0,1.0,Parasail,A,8.89e-06,0.997817283583052,0.009416539782321317,0
comprehension,own,neutral,1100,-1,0,0,0,aPaQ,B,mistral-small,mistralai/mistral-small-3.2-24b-instruct,parasail/bf16,0,1.0,Parasail,B,6.73e-06,0.0015011819901036617,0.015157816032579596,1
comprehension,own,neutral,1100,-1,0,1,0,aPaQ,B,mistral-small,mistralai/mistral-small-3.2-24b-instruct,parasail/bf16,0,1.0,Parasail,B,6.73e-06,0.003172682789467692,0.021547709902323353,0
comprehension,own,neutral,1100,1,0,0,0,aPaQ,A,mistral-small,mistralai/mistral-small-3.2-24b-instruct,parasail/bf16,0,1.0,Parasail,A,6.73e-06,0.7310585903489891,0.030901724488736737,0
comprehension,own,neutral,1100,1,0,1,0,aQaP,A,mistral-small,mistralai/mistral-small-3.2-24b-instruct,parasail/bf16,0,1.0,Parasail,A,7.37e-06,0.998498817748847,0.010644121893487068,1
comprehension,own,neutral,1101,-1,0,0,0,aPaQrQ,B,mistral-small,mistralai/mistral-small-3.2-24b-instruct,parasail/bf16,0,1.0,Parasail,B,7.27e-06,0.0019267346525817506,0.01775431425635232,1
comprehension,own,neutral,1101,-1,0,1,0,aQaPrQ,B,mistral-small,mistralai/mistral-small-3.2-24b-instruct,parasail/bf16,0,1.0,Parasail,B,7.27e-06,0.02931223350724656,0.041055763884274565,0
comprehension,own,neutral,1101,1,0,0,0,rQaQaP,A,mistral-small,mistralai/mistral-small-3.2-24b-instruct,parasail/bf16,0,1.0,Parasail,A,7.27e-06,0.9840936115537342,0.02603110611196091,0
comprehension,own,neutral,1101,1,0,1,0,rQaQaP,A,mistral-small,mistralai/mistral-small-3.2-24b-instruct,parasail/bf16,0,1.0,Parasail,A,7.27e-06,0.9982992776360016,0.014444368806840635,1
comprehension,own,neutral,1102,-1,0,0,0,rQaQrQaP,B,mistral-small,mistralai/mistral-small-3.2-24b-instruct,parasail/bf16,0,1.0,Parasail,B,7.17e-06,0.003172683060446021,0.030008583000924238,1
comprehension,own,neutral,1102,-1,0,1,0,rQaQaPrQ,B,mistral-small,mistralai/mistral-small-3.2-24b-instruct,parasail/bf16,0,1.0,Parasail,The,7.81e-06,0.015906389962413444,0.033796373013002756,0
comprehension,own,neutral,1102,1,0,0,0,aPrQaQrQ,A,mistral-small,mistralai/mistral-small-3.2-24b-instruct,parasail/bf16,0,1.0,Parasail,A,7.81e-06,0.5926665999540698,0.049888914732593825,0
comprehension,own,neutral,1102,1,0,1,0,aQrQaPrQ,A,mistral-small,mistralai/mistral-small-3.2-24b-instruct,parasail/bf16,0,1.0,Parasail,A,7.81e-06,0.9980732655193498,0.017246380726365307,1
comprehension,own,neutral,1103,-1,0,0,0,aPaQrQrQrQ,B,mistral-small,mistralai/mistral-small-3.2-24b-instruct,parasail/bf16,0,1.0,Parasail,B,7.71e-06,0.001700722180576108,0.017735451155311388,1
comprehension,own,neutral,1103,-1,0,1,0,rQaPrQrQaQ,B,mistral-small,mistralai/mistral-small-3.2-24b-instruct,parasail/bf16,0,1.0,Parasail,B,7.71e-06,0.012431652636881358,0.04105817939790024,0
comprehension,own,neutral,1103,1,0,0,0,rQrQrQaPaQ,A,mistral-small,mistralai/mistral-small-3.2-24b-instruct,parasail/bf16,0,1.0,Parasail,A,7.71e-06,0.8807970701552505,0.03539090777555565,0
comprehension,own,neutral,1103,1,0,1,0,rQaPrQrQaQ,A,mistral-small,mistralai/mistral-small-3.2-24b-instruct,parasail/bf16,0,1.0,Parasail,A,8.35e-06,0.9982992779585719,0.017804688487100928,1
comprehension,own,neutral,1104,-1,0,0,0,rQrQrQrQaQaP,B,mistral-small,mistralai/mistral-small-3.2-24b-instruct,parasail/bf16,0,1.0,Parasail,B,8.89e-06,0.00116951029769304,0.017239472314841464,1
comprehension,own,neutral,1104,-1,0,1,0,rQaQrQrQaPrQ,B,mistral-small,mistralai/mistral-small-3.2-24b-instruct,parasail/bf16,0,1.0,Parasail,B,8.89e-06,0.005911068801518089,0.022220260780346668,0
comprehension,own,neutral,1104,1,0,0,0,rQrQaQrQrQaP,A,mistral-small,mistralai/mistral-small-3.2-24b-instruct,parasail/bf16,0,1.0,Parasail,A,8.89e-06,0.982013788524538,0.023243233610370527,0
comprehension,own,neutral,1104,1,0,1,0,aQrQrQaPrQrQ,A,mistral-small,mistralai/mistral-small-3.2-24b-instruct,parasail/bf16,0,1.0,Parasail,A,8.89e-06,0.9984988176985915,0.012249200060225673,1
comprehension,own,neutral,1110,-1,0,0,0,aQaPrP,B,mistral-small,mistralai/mistral-small-3.2-24b-instruct,parasail/bf16,0,1.0,Parasail,B,7.27e-06,0.0024726229636770564,0.02719358110279091,1
comprehension,own,neutral,1110,-1,0,1,0,rPaQaP,B,mistral-small,mistralai/mistral-small-3.2-24b-instruct,parasail/bf16,0,1.0,Parasail,B,7.27e-06,0.005220126699496961,0.02879655327004005,0
comprehension,own,neutral,1110,1,0,0,0,aQaPrP,A,mistral-small,mistralai/mistral-small-3.2-24b-instruct,parasail/bf16,0,1.0,Parasail,A,7.27e-06,0.9924227592643964,0.02375854645577956,0
comprehension,own,neutral,1110,1,0,1,0,aQaPrP,A,mistral-small,mistralai/mistral-small-3.2-24b-instruct,parasail/bf16,0,1.0,Parasail,In,7.27e-06,0.9999646437537034,0.011817048333660485,1
comprehension,own,neutral,1111,-1,0,0,0,rQrPaQaP,B,mistral-small,mistralai/mistral-small-3.2-24b-instruct,parasail/bf16,0,1.0,Parasail,B,7.81e-06,0.004070137270424577,0.029539292724114152,1
comprehension,own,neutral,1111,-1,0,1,0,aQrQaPrP,B,mistral-small,mistralai/mistral-small-3.2-24b-instruct,parasail/bf16,0,1.0,Parasail,B,7.81e-06,0.010986943683069595,0.029295221195090204,0
comprehension,own,neutral,1111,1,0,0,0,rQaPaQrP,A,mistral-small,mistralai/mistral-small-3.2-24b-instruct,parasail/bf16,0,1.0,Parasail,A,7.81e-06,0.9669140213729421,0.040973142593410034,0
comprehension,own,neutral,1111,1,0,1,0,rPaPaQrQ,A,mistral-small,mistralai/mistral-small-3.2-24b-instruct,parasail/bf16,0,1.0,Parasail,A,7.81e-06,0.9984988175296772,0.015221057173444352,1
comprehension,own,neutral,1112,-1,0,0,0,rQrQaPaQrP,B,mistral-small,mistralai/mistral-small-3.2-24b-instruct,parasail/bf16,0,1.0,Parasail,B,8.35e-06,0.003593602367994424,0.03270540315731507,1
comprehension,own,neutral,1112,-1,0,1,0,rPaQaPrQrQ,B,mistral-small,mistralai/mistral-small-3.2-24b-instruct,parasail/bf16,0,1.0,Parasail,B,8.35e-06,0.005911069644294039,0.03507154105666699,0
comprehension,own,neutral,1112,1,0,0,0,rQrPrQaQaP,A,mistral-small,mistralai/mistral-small-3.2-24b-instruct,parasail/bf16,0,1.0,Parasail,A,7.71e-06,0.9706877662807619,0.060313678038178414,0
comprehension,own,neutral,1112,1,0,1,0,aPrQrQaQrP,A,mistral-small,mistralai/mistral-small-3.2-24b-instruct,parasail/bf16,0,1.0,Parasail,A,8.35e-06,0.9971990733658403,0.019327137804939443,1
comprehension,own,neutral,1113,-1,0,0,0,rPaPrQrQaQrQ,B,mistral-small,mistralai/mistral-small-3.2-24b-instruct,parasail/bf16,0,1.0,Parasail,Based,7.61e-06,0.0015011823069924935,0.01723244853028627,1
comprehension,own,neutral,1113,-1,0,1,0,rPrQaPrQaQrQ,B,mistral-small,mistralai/mistral-small-3.2-24b-instruct,parasail/bf16,0,1.0,Parasail,B,8.89e-06,0.005911068867188937,0.022609505974929944,0
comprehension,own,neutral,1113,1,0,0,0,rPrQaQaPrQrQ,A,mistral-small,mistralai/mistral-small-3.2-24b-instruct,parasail/bf16,0,1.0,Parasail,A,8.89e-06,0.9525741278322103,0.045062501568938734,0
comprehension,own,neutral,1113,1,0,1,0,rPaQrQrQrQaP,A,mistral-small,mistralai/mistral-small-3.2-24b-instruct,parasail/bf16,0,1.0,Parasail,A,8.89e-06,0.9982992774067235,0.013166821671619644,1
comprehension,own,neutral,1120,-1,0,0,0,aQaPrPrP,B,mistral-small,mistralai/mistral-small-3.2-24b-instruct,parasail/bf16,0,1.0,Parasail,B,7.17e-06,0.0040701379650582015,0.025929778103698675,1
comprehension,own,neutral,1120,-1,0,1,0,aPrPaQrP,B,mistral-small,mistralai/mistral-small-3.2-24b-instruct,parasail/bf16,0,1.0,Parasail,B,7.17e-06,0.004609571495660701,0.031887963776321415,0
comprehension,own,neutral,1120,1,0,0,0,rPrPaPaQ,A,mistral-small,mistralai/mistral-small-3.2-24b-instruct,parasail/bf16,0,1.0,Parasail,B,7.17e-06,0.9324533069832974,0.02969659140088085,0
comprehension,own,neutral,1120,1,0,1,0,aPrPaQrP,A,mistral-small,mistralai/mistral-small-3.2-24b-instruct,parasail/bf16,0,1.0,Parasail,A,7.81e-06,0.998830489674021,0.012190345849302453,1
comprehension,own,neutral,1121,-1,0,0,0,rPrPaQrQaP,B,mistral-small,mistralai/mistral-small-3.2-24b-instruct,parasail/bf16,0,1.0,Parasail,B,8.35e-06,0.002472623092315533,0.03174465292105655,1
comprehension,own,neutral,1121,-1,0,1,0,rPrQaPrPaQ,B,mistral-small,mistralai/mistral-small-3.2-24b-instruct,parasail/bf16,0,1.0,Parasail,B,7.71e-06,0.004609571358918011,0.03650627593040412,1
comprehension,own,neutral,1121,1,0,0,0,aQrQaPrPrP,A,mistral-small,mistralai/mistral-small-3.2-24b-instruct,parasail/bf16,0,1.0,Parasail,A,8.35e-06,0.9902915220858951,0.02870825688295002,0
comprehension,own,neutral,1121,1,0,1,0,rPrQaPrPaQ,A,mistral-small,mistralai/mistral-small-3.2-24b-instruct,parasail/bf16,0,1.0,Parasail,A,7.71e-06,0.9980732649390807,0.017027810490860218,1
comprehension,own,neutral,1122,-1,0,0,0,rQrQaQrPaPrP,B,mistral-small,mistralai/mistral-small-3.2-24b-instruct,parasail/bf16,0,1.0,Parasail,B,8.89e-06,0.0031726835081493966,0.02495869120470795,1
comprehension,own,neutral,1122,-1,0,1,0,rQrPrPrQaQaP,B,mistral-small,mistralai/mistral-small-3.2-24b-instruct,parasail/bf16,0,1.0,Parasail,B,8.89e-06,0.01098694485698571,0.04492280415816774,0
comprehension,own,neutral,1122,1,0,0,0,rPaPrQrQaQrP,A,mistral-small,mistralai/mistral-small-3.2-24b-instruct,parasail/bf16,0,1.0,Parasail,A,8.89e-06,0.9706877717925422,0.036408202847576385,0
comprehension,own,neutral,1122,1,0,1,0,rQaPrPrPrQaQ,A,mistral-small,mistralai/mistral-small-3.2-24b-instruct,parasail/bf16,0,1.0,Parasail,A,8.89e-06,0.9986749775532096,0.01162586801868215,1
comprehension,own,neutral,1130,-1,0,0,0,aQrPrPaPrP,B,mistral-small,mistralai/mistral-small-3.2-24b-instruct,parasail/bf16,0,1.0,Parasail,B,8.35e-06,0.002472622972865519,0.031784773109559517,1
comprehension,own,neutral,1130,-1,0,1,0,rPrPaQrPaP,B,mistral-small,mistralai/mistral-small-3.2-24b-instruct,parasail/bf16,0,1.0,Parasail,B,7.71e-06,0.005911067542826956,0.03474814398135351,0
comprehension,own,neutral,1130,1,0,0,0,rPaPaQrPrP,A,mistral-small,mistralai/mistral-small-3.2-24b-instruct,parasail/bf16,0,1.0,Parasail,A,7.71e-06,0.9579122726851417,0.031164546799682787,0
comprehension,own,neutral,1130,1,0,1,0,rPrPaQaPrP,A,mistral-small,mistralai/mistral-small-3.2-24b-instruct,parasail/bf16,0,1.0,Parasail,A,8.35e-06,0.9980732652542886,0.01499788363796084,1
comprehension,own,neutral,1131,-1,0,0,0,aPrPrPrQrPaQ,B,mistral-small,mistralai/mistral-small-3.2-24b-instruct,parasail/bf16,0,1.0,Parasail,B,7.61e-06,0.0017007225853703067,0.022191086282989048,1
comprehension,own,neutral,1131,-1,0,1,0,aPaQrQrPrPrP,B,mistral-small,mistralai/mistral-small-3.2-24b-instruct,parasail/bf16,0,1.0,Parasail,B,7.61e-06,0.004609572179374208,0.02683254956544534,0
comprehension,own,neutral,1131,1,0,0,0,rQrPrPaQrPaP,A,mistral-small,mistralai/mistral-small-3.2-24b-instruct,parasail/bf16,0,1.0,Parasail,A,8.89e-06,0.9947798755445195,0.02789404952804657,0
comprehension,own,neutral,1131,1,0,1,0,rPaQrQaPrPrP,A,mistral-small,mistralai/mistral-small-3.2-24b-instruct,parasail/bf16,0,1.0,Parasail,A,8.89e-06,0.9982992772675755,0.01360301406049047,1
comprehension,own,neutral,1140,-1,0,0,0,rPrPrPaQaPrP,B,mistral-small,mistralai/mistral-small-3.2-24b-instruct,parasail/bf16,0,1.0,Parasail,B,8.89e-06,0.0015011821701858533,0.01682504355711356,1
comprehension,own,neutral,1140,-1,0,1,0,aQrPrPaPrPrP,B,mistral-small,mistralai/mistral-small-3.2-24b-instruct,parasail/bf16,0,1.0,Parasail,B,8.89e-06,0.009708474332528234,0.023708824696257236,0
comprehension,own,neutral,1140,1,0,0,0,rPaPrPrPrPaQ,A,mistral-small,mistralai/mistral-small-3.2-24b-instruct,parasail/bf16,0,1.0,Parasail,A,8.25e-06,0.9626731086399786,0.018329632804962512,0
comprehension,own,neutral,1140,1,0,1,0,rPaQrPrPrPaP,A,mistral-small,mistralai/mistral-small-3.2-24b-instruct,parasail/bf16,0,1.0,Parasail,A,8.89e-06,0.9986749776098993,0.011159134932304249,1
comprehension,own,neutral,1200,-1,0,0,0,aPaQaQ,B,mistral-small,mistralai/mistral-small-3.2-24b-instruct,parasail/bf16,0,1.0,Parasail,B,7.27e-06,0.002800927502980607,0.025040963231025448,1
comprehension,own,neutral,1200,-1,0,1,0,aQaPaQ,B,mistral-small,mistralai/mistral-small-3.2-24b-instruct,parasail/bf16,0,1.0,Parasail,B,7.27e-06,0.008577484685082562,0.03805116141151177,0
comprehension,own,neutral,1200,1,0,0,0,aQaPaQ,A,mistral-small,mistralai/mistral-small-3.2-24b-instruct,parasail/bf16,0,1.0,Parasail,A,7.27e-06,0.7549149923816048,0.06092513557757109,0
comprehension,own,neutral,1200,1,0,1,0,aQaPaQ,A,mistral-small,mistralai/mistral-small-3.2-24b-instruct,parasail/bf16,0,1.0,Parasail,A,7.27e-06,0.9980732653115991,0.016889338610611926,1
comprehension,own,neutral,1201,-1,0,0,0,aQaQaPrQ,B,mistral-small,mistralai/mistral-small-3.2-24b-instruct,parasail/bf16,0,1.0,Parasail,B,7.17e-06,0.002182716627899032,0.027320367061241635,1
comprehension,own,neutral,1201,-1,0,1,0,aPrQaQaQ,B,mistral-small,mistralai/mistral-small-3.2-24b-instruct,parasail/bf16,0,1.0,Parasail,B,7.81e-06,0.004070137700795395,0.03351592764482325,0
comprehension,own,neutral,1201,1,0,0,0,aQrQaPaQ,A,mistral-small,mistralai/mistral-small-3.2-24b-instruct,parasail/bf16,0,1.0,Parasail,A,7.17e-06,0.9770226285846241,0.03428846814410192,0
comprehension,own,neutral,1201,1,0,1,0,aQrQaPaQ,A,mistral-small,mistralai/mistral-small-3.2-24b-instruct,parasail/bf16,0,1.0,Parasail,A,7.17e-06,0.9982992775854023,0.018693425063555202,1
comprehension,own,neutral,1202,-1,0,0,0,rQrQaQaPaQ,B,mistral-small,mistralai/mistral-small-3.2-24b-instruct,parasail/bf16,0,1.0,Parasail,B,7.71e-06,0.005220125732248337,0.03239500235645143,1
comprehension,own,neutral,1202,-1,0,1,0,aPrQaQrQaQ,B,mistral-small,mistralai/mistral-small-3.2-24b-instruct,parasail/bf16,0,1.0,Parasail,B,8.35e-06,0.005220124803689829,0.030903359461772584,0
comprehension,own,neutral,1202,1,0,0,0,rQaQaQrQaP,A,mistral-small,mistralai/mistral-small-3.2-24b-instruct,parasail/bf16,0,1.0,Parasail,A,7.71e-06,0.9940889299179002,0.027503585384241996,0
comprehension,own,neutral,1202,1,0,1,0,rQaQrQaPaQ,A,mistral-small,mistralai/mistral-small-3.2-24b-instruct,parasail/bf16,0,1.0,Parasail,A,8.35e-06,0.9982992774146296,0.018151987032906325,1
comprehension,own,neutral,1203,-1,0,0,0,rQrQrQaQaQaP,B,mistral-small,mistralai/mistral-small-3.2-24b-instruct,parasail/bf16,0,1.0,Parasail,B,8.89e-06,0.0019267343803567433,0.020344593715215353,1
comprehension,own,neutral,1203,-1,0,1,0,aQrQaPrQaQrQ,B,mistral-small,mistralai/mistral-small-3.2-24b-instruct,parasail/bf16,0,1.0,Parasail,B,7.61e-06,0.010986944573626638,0.0294957010618907,0
comprehension,own,neutral,1203,1,0,0,0,rQrQaQaPrQaQ,A,mistral-small,mistralai/mistral-small-3.2-24b-instruct,parasail/bf16,0,1.0,Parasail,A,7.61e-06,0.9820137885245381,0.026769132091139392,0
comprehension,own,neutral,1203,1,0,1,0,rQrQrQaQaQaP,A,mistral-small,mistralai/mistral-small-3.2-24b-instruct,parasail/bf16,0,1.0,Parasail,A,8.89e-06,0.9986749776924694,0.010396337686263468,1
comprehension,own,neutral,1210,-1,0,0,0,aPrPaQaQ,B,mistral-small,mistralai/mistral-small-3.2-24b-instruct,parasail/bf16,0,1.0,Parasail,B,7.81e-06,0.0017007224588721094,0.022368174529631468,1
comprehension,own,neutral,1210,-1,0,1,0,aQaQaPrP,B,mistral-small,mistralai/mistral-small-3.2-24b-instruct,parasail/bf16,0,1.0,Parasail,B,7.81e-06,0.009708476875447519,0.041385807291189236,0
comprehension,own,neutral,1210,1,0,0,0,rPaQaQaP,A,mistral-small,mistralai/mistral-small-3.2-24b-instruct,parasail/bf16,0,1.0,Parasail,A,7.17e-06,0.9840936068303507,0.0415391362004245,0
comprehension,own,neutral,1210,1,0,1,0,aQaQrPaP,A,mistral-small,mistralai/mistral-small-3.2-24b-instruct,parasail/bf16,0,1.0,Parasail,A,7.81e-06,0.9986749774176469,0.015455801361209165,1
comprehension,own,neutral,1211,-1,0,0,0,rQaPrPaQaQ,B,mistral-small,mistralai/mistral-small-3.2-24b-instruct,parasail/bf16,0,1.0,Parasail,B,7.71e-06,0.0040701374742844335,0.03661526943990501,1
comprehension,own,neutral,1211,-1,0,1,0,aPrQaQrPaQ,B,mistral-small,mistralai/mistral-small-3.2-24b-instruct,parasail/bf16,0,1.0,Parasail,B,8.35e-06,0.004609572931459184,0.03891911189064179,0
comprehension,own,neutral,1211,1,0,0,0,rPrQaPaQaQ,A,mistral-small,mistralai/mistral-small-3.2-24b-instruct,parasail/bf16,0,1.0,Parasail,A,7.71e-06,0.9525741214369554,0.03807099353666211,0
comprehension,own,neutral,1211,1,0,1,0,aQaQaPrQrP,A,mistral-small,mistralai/mistral-small-3.2-24b-instruct,parasail/bf16,0,1.0,Parasail,A,7.71e-06,0.9968273168747549,0.02485860679400753,1
comprehension,own,neutral,1212,-1,0,0,0,rQaPaQrQaQrP,B,mistral-small,mistralai/mistral-small-3.2-24b-instruct,parasail/bf16,0,1.0,Parasail,B,7.61e-06,0.002182715946364731,0.027169776657442357,1
comprehension,own,neutral,1212,-1,0,1,0,rPrQaQrQaQaP,B,mistral-small,mistralai/mistral-small-3.2-24b-instruct,parasail/bf16,0,1.0,Parasail,B,8.89e-06,0.003172682995646853,0.026258010782398644,0
comprehension,own,neutral,1212,1,0,0,0,aQrPaPrQrQaQ,A,mistral-small,mistralai/mistral-small-3.2-24b-instruct,parasail/bf16,0,1.0,Parasail,A,8.89e-06,0.9399133515091156,0.055125875363120316,0
comprehension,own,neutral,1212,1,0,1,0,rPrQrQaQaQaP,A,mistral-small,mistralai/mistral-small-3.2-24b-instruct,parasail/bf16,0,1.0,Parasail,A,8.89e-06,0.9984988180098964,0.012902992290319548,1
comprehension,own,neutral,1220,-1,0,0,0,rPrPaQaQaP,B,mistral-small,mistralai/mistral-small-3.2-24b-instruct,parasail/bf16,0,1.0,Parasail,B,7.71e-06,0.0024726230371847563,0.022483237379495202,1
comprehension,own,neutral,1220,-1,0,1,0,rPrPaQaQaP,B,mistral-small,mistralai/mistral-small-3.2-24b-instruct,parasail/bf16,0,1.0,Parasail,B,7.71e-06,0.004070138304824691,0.028872895182647906,0
comprehension,own,neutral,1220,1,0,0,0,rPaPaQrPaQ,A,mistral-small,mistralai/mistral-small-3.2-24b-instruct,parasail/bf16,0,1.0,Parasail,A,7.71e-06,0.9706877688246606,0.03565906286500391,0
comprehension,own,neutral,1220,1,0,1,0,aQrPrPaPaQ,A,mistral-small,mistralai/mistral-small-3.2-24b-instruct,parasail/bf16,0,1.0,Parasail,A,8.35e-06,0.9982992778636982,0.018266893291724817,1
comprehension,own,neutral,1221,-1,0,0,0,aQaQrPaPrPrQ,B,mistral-small,mistralai/mistral-small-3.2-24b-instruct,parasail/bf16,0,1.0,Parasail,B,7.61e-06,0.0024726232531136387,0.0216528172685585,1
comprehension,own,neutral,1221,-1,0,1,0,aPaQrQrPrPaQ,B,mistral-small,mistralai/mistral-small-3.2-24b-instruct,parasail/bf16,0,1.0,Parasail,B,8.89e-06,0.002472622968271287,0.027776029512305178,1
comprehension,own,neutral,1221,1,0,0,0,rPaQrPaQaPrQ,A,mistral-small,mistralai/mistral-small-3.2-24b-instruct,parasail/bf16,0,1.0,Parasail,A,8.89e-06,0.9399133443558416,0.040246158432124195,0
comprehension,own,neutral,1221,1,0,1,0,aQrPrPrQaPaQ,A,mistral-small,mistralai/mistral-small-3.2-24b-instruct,parasail/bf16,0,1.0,Parasail,A,8.89e-06,0.9984988174221862,0.01615890016471444,1
comprehension,own,neutral,1230,-1,0,0,0,aQaPrPrPaQrP,B,mistral-small,mistralai/mistral-small-3.2-24b-instruct,parasail/bf16,0,1.0,Parasail,B,7.61e-06,0.0019267343123004971,0.02448302749252773,1
comprehension,own,neutral,1230,-1,0,1,0,aPrPaQaQrPrP,B,mistral-small,mistralai/mistral-small-3.2-24b-instruct,parasail/bf16,0,1.0,Parasail,B,8.89e-06,0.003593601914464926,0.024861172858664182,0
comprehension,own,neutral,1230,1,0,0,0,aQaQaPrPrPrP,A,mistral-small,mistralai/mistral-small-3.2-24b-instruct,parasail/bf16,0,1.0,Parasail,A,7.61e-06,0.9740426412951847,0.03599593956376333,0
comprehension,own,neutral,1230,1,0,1,0,rPrPaQrPaPaQ,A,mistral-small,mistralai/mistral-small-3.2-24b-instruct,parasail/bf16,0,1.0,Parasail,A,8.89e-06,0.9986749776382443,0.013248077936504399,1
comprehension,own,neutral,1300,-1,0,0,0,aQaQaPaQ,B,mistral-small,mistralai/mistral-small-3.2-24b-instruct,parasail/bf16,0,1.0,Parasail,B,7.81e-06,0.002800926883880651,0.029548162694197577,1
comprehension,own,neutral,1300,-1,0,1,0,aQaQaQaP,B,mistral-small,mistralai/mistral-small-3.2-24b-instruct,parasail/bf16,0,1.0,Parasail,B,7.81e-06,0.017986212067650338,0.03251821897856888,0
comprehension,own,neutral,1300,1,0,0,0,aQaPaQaQ,A,mistral-small,mistralai/mistral-small-3.2-24b-instruct,parasail/bf16,0,1.0,Parasail,A,7.81e-06,0.8519528000888387,0.04791622461521311,0
comprehension,own,neutral,1300,1,0,1,0,aPaQaQaQ,A,mistral-small,mistralai/mistral-small-3.2-24b-instruct,parasail/bf16,0,1.0,Parasail,A,7.17e-06,0.9982992778953228,0.016437136718360557,1
comprehension,own,neutral,1301,-1,0,0,0,rQaPaQaQaQ,B,mistral-small,mistralai/mistral-small-3.2-24b-instruct,parasail/bf16,0,1.0,Parasail,B,8.35e-06,0.0031726825125985543,0.026551811583902407,1
comprehension,own,neutral,1301,-1,0,1,0,aQrQaQaQaP,B,mistral-small,mistralai/mistral-small-3.2-24b-instruct,parasail/bf16,0,1.0,Parasail,B,7.71e-06,0.014063627663096902,0.029383055568652505,0
comprehension,own,neutral,1301,1,0,0,0,aQaPrQaQaQ,A,mistral-small,mistralai/mistral-small-3.2-24b-instruct,parasail/bf16,0,1.0,Parasail,A,8.35e-06,0.9706877696726268,0.031062885989070657,0
comprehension,own,neutral,1301,1,0,1,0,aQaQaPrQaQ,A,mistral-small,mistralai/mistral-small-3.2-24b-instruct,parasail/bf16,0,1.0,Parasail,A,8.35e-06,0.997527376402319,0.021525121241667056,1
comprehension,own,neutral,1302,-1,0,0,0,rQaQrQaPaQaQ,B,mistral-small,mistralai/mistral-small-3.2-24b-instruct,parasail/bf16,0,1.0,Parasail,B,8.89e-06,0.0021827168510204276,0.024740588255368068,1
comprehension,own,neutral,1302,-1,0,1,0,aPaQaQrQrQaQ,B,mistral-small,mistralai/mistral-small-3.2-24b-instruct,parasail/bf16,0,1.0,Parasail,B,8.89e-06,0.003593603155001629,0.027794846655947447,0
comprehension,own,neutral,1302,1,0,0,0,aQrQaQaQrQaP,A,mistral-small,mistralai/mistral-small-3.2-24b-instruct,parasail/bf16,0,1.0,Parasail,A,8.89e-06,0.9859363738348773,0.020953669181076752,0
comprehension,own,neutral,1302,1,0,1,0,rQrQaQaQaPaQ,A,mistral-small,mistralai/mistral-small-3.2-24b-instruct,parasail/bf16,0,1.0,Parasail,A,7.61e-06,0.9986749772771545,0.01196393382833938,1
comprehension,own,neutral,1310,-1,0,0,0,aPaQrPaQaQ,B,mistral-small,mistralai/mistral-small-3.2-24b-instruct,parasail/bf16,0,1.0,Parasail,B,8.35e-06,0.001700722465197019,0.02301035105410698,1
comprehension,own,neutral,1310,-1,0,1,0,aQaPaQaQrP,B,mistral-small,mistralai/mistral-small-3.2-24b-instruct,parasail/bf16,0,1.0,Parasail,B,7.71e-06,0.01243165016714914,0.03698570415809621,0
comprehension,own,neutral,1310,1,0,0,0,aQaQaPrPaQ,A,mistral-small,mistralai/mistral-small-3.2-24b-instruct,parasail/bf16,0,1.0,Parasail,A,8.35e-06,0.9875683517080176,0.048822961642307774,0
comprehension,own,neutral,1310,1,0,1,0,aQaPaQaQrP,A,mistral-small,mistralai/mistral-small-3.2-24b-instruct,parasail/bf16,0,1.0,Parasail,A,7.71e-06,0.9978172830921851,0.020038456787382142,1
comprehension,own,neutral,1311,-1,0,0,0,aPaQaQrPaQrQ,B,mistral-small,mistralai/mistral-small-3.2-24b-instruct,parasail/bf16,0,1.0,Parasail,B,7.61e-06,0.0024726230831270705,0.02862871087552099,1
comprehension,own,neutral,1311,-1,0,1,0,aQrPrQaQaPaQ,B,mistral-small,mistralai/mistral-small-3.2-24b-instruct,parasail/bf16,0,1.0,Parasail,B,8.89e-06,0.004609572999830551,0.029144152459690487,0
comprehension,own,neutral,1311,1,0,0,0,aQrQaPaQaQrP,A,mistral-small,mistralai/mistral-small-3.2-24b-instruct,parasail/bf16,0,1.0,Parasail,A,8.89e-06,0.9579122729855218,0.036773270947961983,0
comprehension,own,neutral,1311,1,0,1,0,aQrQaPaQrPaQ,A,mistral-small,mistralai/mistral-small-3.2-24b-instruct,parasail/bf16,0,1.0,Parasail,A,8.89e-06,0.9982992777941242,0.01859503557283415,1
comprehension,own,neutral,1320,-1,0,0,0,aQrPaPaQaQrP,B,mistral-small,mistralai/mistral-small-3.2-24b-instruct,parasail/bf16,0,1.0,Parasail,B,8.89e-06,0.0019267350358459709,0.026866762242893638,1
comprehension,own,neutral,1320,-1,0,1,0,rPaPrPaQaQaQ,B,mistral-small,mistralai/mistral-small-3.2-24b-instruct,parasail/bf16,0,1.0,Parasail,B,8.89e-06,0.002800926634159699,0.022531078852841002,0
comprehension,own,neutral,1320,1,0,0,0,aQaQaQaPrPrP,A,mistral-small,mistralai/mistral-small-3.2-24b-instruct,parasail/bf16,0,1.0,Parasail,A,8.89e-06,0.9859363741964573,0.026906429565788537,0
comprehension,own,neutral,1320,1,0,1,0,rPaQaQrPaPaQ,A,mistral-small,mistralai/mistral-small-3.2-24b-instruct,parasail/bf16,0,1.0,Parasail,A,8.89e-06,0.9980732654118927,0.015577693922725233,1
comprehension,own,neutral,1400,-1,0,0,0,aQaPaQaQaQ,B,mistral-small,mistralai/mistral-small-3.2-24b-instruct,parasail/bf16,0,1.0,Parasail,B,7.71e-06,0.0015011819747478168,0.024166859166435573,0
comprehension,own,neutral,1400,-1,0,1,0,aQaQaQaQaP,B,mistral-small,mistralai/mistral-small-3.2-24b-instruct,parasail/bf16,0,1.0,Parasail,B,7.71e-06,0.014063627973022628,0.027249420515575662,0
comprehension,own,neutral,1400,1,0,0,0,aPaQaQaQaQ,A,mistral-small,mistralai/mistral-small-3.2-24b-instruct,parasail/bf16,0,1.0,Parasail,A,7.71e-06,0.9626731166717621,0.023724107114408602,0
comprehension,own,neutral,1400,1,0,1,0,aQaQaPaQaQ,A,mistral-small,mistralai/mistral-small-3.2-24b-instruct,parasail/bf16,0,1.0,Parasail,A,7.71e-06,0.9968273166391215,0.01908001267615589,1
comprehension,own,neutral,1401,-1,0,0,0,aQrQaPaQaQaQ,B,mistral-small,mistralai/mistral-small-3.2-24b-instruct,parasail/bf16,0,1.0,Parasail,B,8.89e-06,0.00080408591392966,0.015405417616178974,1
comprehension,own,neutral,1401,-1,0,1,0,aQaQaPaQrQaQ,B,mistral-small,mistralai/mistral-small-3.2-24b-instruct,parasail/bf16,0,1.0,Parasail,B,8.25e-06,0.0059110699726483374,0.030599540752897947,0
comprehension,own,neutral,1401,1,0,0,0,aPrQaQaQaQaQ,A,mistral-small,mistralai/mistral-small-3.2-24b-instruct,parasail/bf16,0,1.0,Parasail,A,8.89e-06,0.9890130568229286,0.015933622942386802,0
comprehension,own,neutral,1401,1,0,1,0,aQaQaQrQaQaP,A,mistral-small,mistralai/mistral-small-3.2-24b-instruct,parasail/bf16,0,1.0,Parasail,A,8.89e-06,0.9986749776937018,0.014559914549275743,1
comprehension,own,neutral,1410,-1,0,0,0,aQaQrPaQaPaQ,B,mistral-small,mistralai/mistral-small-3.2-24b-instruct,parasail/bf16,0,1.0,Parasail,B,8.89e-06,0.002182715950421482,0.023016154331333416,1
comprehension,own,neutral,1410,-1,0,1,0,aQaQaPaQrPaQ,B,mistral-small,mistralai/mistral-small-3.2-24b-instruct,parasail/bf16,0,1.0,Parasail,B,8.89e-06,0.004070138002810033,0.031929355548479976,0
comprehension,own,neutral,1410,1,0,0,0,aQaQaPrPaQaQ,A,mistral-small,mistralai/mistral-small-3.2-24b-instruct,parasail/bf16,0,1.0,Parasail,Let,8.89e-06,0.9859363719236689,0.03703888646598514,0
comprehension,own,neutral,1410,1,0,1,0,rPaQaQaQaPaQ,A,mistral-small,mistralai/mistral-small-3.2-24b-instruct,parasail/bf16,0,1.0,Parasail,A,7.61e-06,0.9982992774399293,0.011550051290109775,1
comprehension,own,neutral,1500,-1,0,0,0,aQaQaQaPaQaQ,B,mistral-small,mistralai/mistral-small-3.2-24b-instruct,parasail/bf16,0,1.0,Parasail,B,8.89e-06,0.0015011822930326316,0.017833695134603866,0
comprehension,own,neutral,1500,-1,0,1,0,aQaPaQaQaQaQ,B,mistral-small,mistralai/mistral-small-3.2-24b-instruct,parasail/bf16,0,1.0,Parasail,B,8.89e-06,0.022977371499006513,0.03223205212167002,0
comprehension,own,neutral,1500,1,0,0,0,aQaQaQaQaQaP,A,mistral-small,mistralai/mistral-small-3.2-24b-instruct,parasail/bf16,0,1.0,Parasail,A,8.89e-06,0.9669140220880034,0.015223181521584972,0
comprehension,own,neutral,1500,1,0,1,0,aQaPaQaQaQaQ,A,mistral-small,mistralai/mistral-small-3.2-24b-instruct,parasail/bf16,0,1.0,Parasail,A,8.89e-06,0.9971990728872084,0.015945731717560863,1
comprehension,own,neutral,2000,-1,0,0,0,aPaP,B,mistral-small,mistralai/mistral-small-3.2-24b-instruct,parasail/bf16,0,1.0,Parasail,B,6.73e-06,0.0019267349534620667,0.02078669663879562,1
comprehension,own,neutral,2000,-1,0,1,0,aPaP,B,mistral-small,mistralai/mistral-small-3.2-24b-instruct,parasail/bf16,0,1.0,Parasail,B,7.37e-06,0.007577239573041986,0.023023082327775723,0
comprehension,own,neutral,2000,1,0,0,0,aPaP,A,mistral-small,mistralai/mistral-small-3.2-24b-instruct,parasail/bf16,0,1.0,Parasail,A,6.73e-06,0.9959298629711871,0.014685700224114386,0
comprehension,own,neutral,2000,1,0,1,0,aPaP,A,mistral-small,mistralai/mistral-small-3.2-24b-instruct,parasail/bf16,0,1.0,Parasail,A,6.73e-06,0.9984988177837466,0.0096325969089881,1
comprehension,own,neutral,2001,-1,0,0,0,rQaPaP,B,mistral-small,mistralai/mistral-small-3.2-24b-instruct,parasail/bf16,0,1.0,Parasail,B,7.27e-06,0.0028009265821345034,0.03585324473386953,1
comprehension,own,neutral,2001,-1,0,1,0,rQaPaP,B,mistral-small,mistralai/mistral-small-3.2-24b-instruct,parasail/bf16,0,1.0,Parasail,B,7.27e-06,0.00970847630239523,0.03109685005328655,0
comprehension,own,neutral,2001,1,0,0,0,aPrQaP,A,mistral-small,mistralai/mistral-small-3.2-24b-instruct,parasail/bf16,0,1.0,Parasail,A,7.27e-06,0.9525741248028792,0.033977203504579286,0
comprehension,own,neutral,2001,1,0,1,0,aPrQaP,A,mistral-small,mistralai/mistral-small-3.2-24b-instruct,parasail/bf16,0,1.0,Parasail,A,7.27e-06,0.9980732649569902,0.013568215760141444,1
comprehension,own,neutral,2002,-1,0,0,0,rQaPrQaP,B,mistral-small,mistralai/mistral-small-3.2-24b-instruct,parasail/bf16,0,1.0,Parasail,B,7.81e-06,0.003593602794845768,0.031466290700250976,1
comprehension,own,neutral,2002,-1,0,1,0,aPrQrQaP,B,mistral-small,mistralai/mistral-small-3.2-24b-instruct,parasail/bf16,0,1.0,Parasail,B,7.17e-06,0.004070137549788086,0.03168317727717218,0
comprehension,own,neutral,2002,1,0,0,0,aPaPrQrQ,A,mistral-small,mistralai/mistral-small-3.2-24b-instruct,parasail/bf16,0,1.0,Parasail,A,7.81e-06,0.6791787056691697,0.035083879692140885,0
comprehension,own,neutral,2002,1,0,1,0,aPrQrQaP,A,mistral-small,mistralai/mistral-small-3.2-24b-instruct,parasail/bf16,0,1.0,Parasail,A,7.81e-06,0.9984988177293032,0.013305530245885211,1
comprehension,own,neutral,2003,-1,0,0,0,aPrQrQrQaP,B,mistral-small,mistralai/mistral-small-3.2-24b-instruct,parasail/bf16,0,1.0,Parasail,B,8.35e-06,0.0021827168104528996,0.021773295760342926,1
comprehension,own,neutral,2003,-1,0,1,0,rQrQaPaPrQ,B,mistral-small,mistralai/mistral-small-3.2-24b-instruct,parasail/bf16,0,1.0,Parasail,B,7.71e-06,0.01243164801756779,0.035152041338067486,0
comprehension,own,neutral,2003,1,0,0,0,aPrQrQaPrQ,A,mistral-small,mistralai/mistral-small-3.2-24b-instruct,parasail/bf16,0,1.0,Parasail,A,8.35e-06,0.9399133456181841,0.036576827331289974,0
comprehension,own,neutral,2003,1,0,1,0,aPrQrQaPrQ,A,mistral-small,mistralai/mistral-small-3.2-24b-instruct,parasail/bf16,0,1.0,Parasail,A,7.71e-06,0.9982992778399798,0.015239554017613344,1
comprehension,own,neutral,2004,-1,0,0,0,aPrQaPrQrQrQ,B,mistral-small,mistralai/mistral-small-3.2-24b-instruct,parasail/bf16,0,1.0,Parasail,Given,7.61e-06,0.001926734892569618,0.016896943497920813,1
comprehension,own,neutral,2004,-1,0,1,0,rQrQaPrQaPrQ,B,mistral-small,mistralai/mistral-small-3.2-24b-instruct,parasail/bf16,0,1.0,Parasail,B,7.61e-06,0.010986942225794586,0.023956556322628053,0
comprehension,own,neutral,2004,1,0,0,0,rQaPrQaPrQrQ,A,mistral-small,mistralai/mistral-small-3.2-24b-instruct,parasail/bf16,0,1.0,Parasail,A,7.61e-06,0.9859363708389287,0.02105797877287658,0
comprehension,own,neutral,2004,1,0,1,0,rQrQaPaPrQrQ,A,mistral-small,mistralai/mistral-small-3.2-24b-instruct,parasail/bf16,0,1.0,Parasail,A,8.25e-06,0.9984988178340021,0.010801621539222594,1
comprehension,own,neutral,2010,-1,0,0,0,aPaPrP,B,mistral-small,mistralai/mistral-small-3.2-24b-instruct,parasail/bf16,0,1.0,Parasail,B,7.27e-06,0.002182716246564337,0.024870055132862334,1
comprehension,own,neutral,2010,-1,0,1,0,rPaPaP,B,mistral-small,mistralai/mistral-small-3.2-24b-instruct,parasail/bf16,0,1.0,Parasail,B,7.27e-06,0.006692852261645804,0.02247270966599635,0
comprehension,own,neutral,2010,1,0,0,0,rPaPaP,A,mistral-small,mistralai/mistral-small-3.2-24b-instruct,parasail/bf16,0,1.0,Parasail,A,7.27e-06,0.9465966664338018,0.016491189762041877,0
comprehension,own,neutral,2010,1,0,1,0,rPaPaP,A,mistral-small,mistralai/mistral-small-3.2-24b-instruct,parasail/bf16,0,1.0,Parasail,A,7.27e-06,0.9988304896272407,0.009522676023484333,1
comprehension,own,neutral,2011,-1,0,0,0,aPrPaPrQ,B,mistral-small,mistralai/mistral-small-3.2-24b-instruct,parasail/bf16,0,1.0,Parasail,B,7.81e-06,0.0031726830427735208,0.02674922966351323,1
comprehension,own,neutral,2011,-1,0,1,0,aPaPrPrQ,B,mistral-small,mistralai/mistral-small-3.2-24b-instruct,parasail/bf16,0,1.0,Parasail,Based,7.81e-06,0.004609571427289355,0.02830414758986821,0
comprehension,own,neutral,2011,1,0,0,0,aPaPrQrP,A,mistral-small,mistralai/mistral-small-3.2-24b-instruct,parasail/bf16,0,1.0,Parasail,A,7.17e-06,0.9770226278319489,0.03178296804651212,0
comprehension,own,neutral,2011,1,0,1,0,aPrPrQaP,A,mistral-small,mistralai/mistral-small-3.2-24b-instruct,parasail/bf16,0,1.0,Parasail,A,7.81e-06,0.9988304898002195,0.012074360334364154,1
comprehension,own,neutral,2012,-1,0,0,0,aPrPrQrQaP,B,mistral-small,mistralai/mistral-small-3.2-24b-instruct,parasail/bf16,0,1.0,Parasail,Given,8.35e-06,0.003172682218056945,0.030177132692090547,1
comprehension,own,neutral,2012,-1,0,1,0,rPrQaPaPrQ,B,mistral-small,mistralai/mistral-small-3.2-24b-instruct,parasail/bf16,0,1.0,Parasail,B,7.71e-06,0.00591106988508719,0.030230121339781646,0
comprehension,own,neutral,2012,1,0,0,0,rPrQaPrQaP,A,mistral-small,mistralai/mistral-small-3.2-24b-instruct,parasail/bf16,0,1.0,Parasail,A,8.35e-06,0.9740426450627306,0.029717917375457925,0
comprehension,own,neutral,2012,1,0,1,0,aPrQrPaPrQ,A,mistral-small,mistralai/mistral-small-3.2-24b-instruct,parasail/bf16,0,1.0,Parasail,A,8.35e-06,0.9986749777910605,0.013430508869588853,1
comprehension,own,neutral,2013,-1,0,0,0,rPrQrQaPaPrQ,B,mistral-small,mistralai/mistral-small-3.2-24b-instruct,parasail/bf16,0,1.0,Parasail,B,8.89e-06,0.0017007226612692297,0.020648940341821853,1
comprehension,own,neutral,2013,-1,0,1,0,aPrPrQrQaPrQ,B,mistral-small,mistralai/mistral-small-3.2-24b-instruct,parasail/bf16,0,1.0,Parasail,B,7.61e-06,0.002800926831855451,0.02632708079748991,0
comprehension,own,neutral,2013,1,0,0,0,rPaPrQaPrQrQ,A,mistral-small,mistralai/mistral-small-3.2-24b-instruct,parasail/bf16,0,1.0,Parasail,A,8.89e-06,0.9947798740743019,0.02385876820770763,0
comprehension,own,neutral,2013,1,0,1,0,rQrQaPaPrQrP,A,mistral-small,mistralai/mistral-small-3.2-24b-instruct,parasail/bf16,0,1.0,Parasail,A,8.25e-06,0.9988304894945147,0.012043527137785892,1
comprehension,own,neutral,2020,-1,0,0,0,rPaPaPrP,B,mistral-small,mistralai/mistral-small-3.2-24b-instruct,parasail/bf16,0,1.0,Parasail,B,7.81e-06,0.0019267345307968744,0.02493749643425136,1
comprehension,own,neutral,2020,-1,0,1,0,aPrPrPaP,B,mistral-small,mistralai/mistral-small-3.2-24b-instruct,parasail/bf16,0,1.0,Parasail,B,7.81e-06,0.01798621397581319,0.026145353939382998,0
comprehension,own,neutral,2020,1,0,0,0,rPrPaPaP,A,mistral-small,mistralai/mistral-small-3.2-24b-instruct,parasail/bf16,0,1.0,Parasail,A,7.17e-06,0.8670357718273068,0.023472827546020786,0
comprehension,own,neutral,2020,1,0,1,0,aPrPrPaP,A,mistral-small,mistralai/mistral-small-3.2-24b-instruct,parasail/bf16,0,1.0,Parasail,A,7.81e-06,0.9986749777503916,0.012616825183641378,1
comprehension,own,neutral,2021,-1,0,0,0,rPaPrPaPrQ,B,mistral-small,mistralai/mistral-small-3.2-24b-instruct,parasail/bf16,0,1.0,Parasail,B,8.35e-06,0.0021827168550771804,0.02457037060605949,1
comprehension,own,neutral,2021,-1,0,1,0,rPaPrQaPrP,B,mistral-small,mistralai/mistral-small-3.2-24b-instruct,parasail/bf16,0,1.0,Parasail,B,7.71e-06,0.004609572675066564,0.03108879717484847,0
comprehension,own,neutral,2021,1,0,0,0,rPrQaPrPaP,A,mistral-small,mistralai/mistral-small-3.2-24b-instruct,parasail/bf16,0,1.0,Parasail,A,8.35e-06,0.974042645251108,0.030516144279968384,0
comprehension,own,neutral,2021,1,0,1,0,rPaPrPrQaP,A,mistral-small,mistralai/mistral-small-3.2-24b-instruct,parasail/bf16,0,1.0,Parasail,A,8.35e-06,0.9986749778650037,0.012058188000651948,1
comprehension,own,neutral,2022,-1,0,0,0,rQrQrPaPrPaP,B,mistral-small,mistralai/mistral-small-3.2-24b-instruct,parasail/bf16,0,1.0,Parasail,B,8.89e-06,0.0024726236620002985,0.030030453460785034,1
comprehension,own,neutral,2022,-1,0,1,0,aPrQrPaPrQrP,B,mistral-small,mistralai/mistral-small-3.2-24b-instruct,parasail/bf16,0,1.0,Parasail,B,8.89e-06,0.00407013711186692,0.028932344689530876,0
comprehension,own,neutral,2022,1,0,0,0,rQrPaPrQaPrP,A,mistral-small,mistralai/mistral-small-3.2-24b-instruct,parasail/bf16,0,1.0,Parasail,A,8.89e-06,0.9968273172635498,0.021668059251341725,0
comprehension,own,neutral,2022,1,0,1,0,aPrPrPaPrQrQ,A,mistral-small,mistralai/mistral-small-3.2-24b-instruct,parasail/bf16,0,1.0,Parasail,A,7.61e-06,0.9989677688143913,0.009639378014145161,1
comprehension,own,neutral,2030,-1,0,0,0,rPaPaPrPrP,B,mistral-small,mistralai/mistral-small-3.2-24b-instruct,parasail/bf16,0,1.0,Parasail,B,7.71e-06,0.0017007220477530329,0.022513974142972737,0
comprehension,own,neutral,2030,-1,0,1,0,rPrPaPaPrP,B,mistral-small,mistralai/mistral-small-3.2-24b-instruct,parasail/bf16,0,1.0,Parasail,B,7.71e-06,0.014063626165122663,0.02472968598418257,0
comprehension,own,neutral,2030,1,0,0,0,rPaPaPrPrP,A,mistral-small,mistralai/mistral-small-3.2-24b-instruct,parasail/bf16,0,1.0,Parasail,B,7.71e-06,0.8670357494949104,0.022174378018118557,0
comprehension,own,neutral,2030,1,0,1,0,aPrPrPrPaP,A,mistral-small,mistralai/mistral-small-3.2-24b-instruct,parasail/bf16,0,1.0,Parasail,A,8.35e-06,0.999088948826792,0.010390734097796228,1
comprehension,own,neutral,2031,-1,0,0,0,aPaPrPrPrPrQ,B,mistral-small,mistralai/mistral-small-3.2-24b-instruct,parasail/bf16,0,1.0,Parasail,B,7.61e-06,0.0013250225404519847,0.01955832369092847,1
comprehension,own,neutral,2031,-1,0,1,0,rQaPrPrPaPrP,B,mistral-small,mistralai/mistral-small-3.2-24b-instruct,parasail/bf16,0,1.0,Parasail,B,7.61e-06,0.009708475800974501,0.027033249138707305,0
comprehension,own,neutral,2031,1,0,0,0,rPrPaPrQaPrP,A,mistral-small,mistralai/mistral-small-3.2-24b-instruct,parasail/bf16,0,1.0,Parasail,A,8.89e-06,0.9940889304870476,0.020514779347986234,0
comprehension,own,neutral,2031,1,0,1,0,rPaPrPrPaPrQ,A,mistral-small,mistralai/mistral-small-3.2-24b-instruct,parasail/bf16,0,1.0,Parasail,A,7.61e-06,0.998498817753035,0.009606171185400525,1
comprehension,own,neutral,2040,-1,0,0,0,rPaPrPaPrPrP,B,mistral-small,mistralai/mistral-small-3.2-24b-instruct,parasail/bf16,0,1.0,Parasail,B,7.61e-06,0.002182716214110324,0.018244716260395588,0
comprehension,own,neutral,2040,-1,0,1,0,aPaPrPrPrPrP,B,mistral-small,mistralai/mistral-small-3.2-24b-instruct,parasail/bf16,0,1.0,Parasail,B,7.61e-06,0.02297736840467539,0.020693435124535697,0
comprehension,own,neutral,2040,1,0,0,0,rPaPrPrPrPaP,A,mistral-small,mistralai/mistral-small-3.2-24b-instruct,parasail/bf16,0,1.0,Parasail,B,7.61e-06,0.9324533144915913,0.01659347136627083,0
comprehension,own,neutral,2040,1,0,1,0,aPrPrPaPrPrP,A,mistral-small,mistralai/mistral-small-3.2-24b-instruct,parasail/bf16,0,1.0,Parasail,A,8.89e-06,0.9990889489208878,0.010391347426213171,0
comprehension,own,neutral,2100,-1,0,0,0,aQaPaP,B,mistral-small,mistralai/mistral-small-3.2-24b-instruct,parasail/bf16,0,1.0,Parasail,B,7.27e-06,0.0024726235701156497,0.031098244631928562,1
comprehension,own,neutral,2100,-1,0,1,0,aQaPaP,B,mistral-small,mistralai/mistral-small-3.2-24b-instruct,parasail/bf16,0,1.0,Parasail,B,7.27e-06,0.012431648474925493,0.04627466231353561,0
comprehension,own,neutral,2100,1,0,0,0,aPaQaP,A,mistral-small,mistralai/mistral-small-3.2-24b-instruct,parasail/bf16,0,1.0,Parasail,B,7.27e-06,0.939913354875362,0.039191451887195486,0
comprehension,own,neutral,2100,1,0,1,0,aPaQaP,A,mistral-small,mistralai/mistral-small-3.2-24b-instruct,parasail/bf16,0,1.0,Parasail,A,7.27e-06,0.9982992776771135,0.015301629814544304,1
comprehension,own,neutral,2101,-1,0,0,0,aPrQaPaQ,B,mistral-small,mistralai/mistral-small-3.2-24b-instruct,parasail/bf16,0,1.0,Parasail,B,7.81e-06,0.0035936020478559492,0.028991665018252344,1
comprehension,own,neutral,2101,-1,0,1,0,aPrQaPaQ,B,mistral-small,mistralai/mistral-small-3.2-24b-instruct,parasail/bf16,0,1.0,Parasail,B,7.17e-06,0.004070138319925424,0.03280609662431677,0
comprehension,own,neutral,2101,1,0,0,0,aQrQaPaP,A,mistral-small,mistralai/mistral-small-3.2-24b-instruct,parasail/bf16,0,1.0,Parasail,A,7.17e-06,0.9940889301477484,0.021508690941160757,0
comprehension,own,neutral,2101,1,0,1,0,aPaQaPrQ,A,mistral-small,mistralai/mistral-small-3.2-24b-instruct,parasail/bf16,0,1.0,Parasail,A,7.81e-06,0.9978172840617489,0.01705268883086397,1
comprehension,own,neutral,2102,-1,0,0,0,aPrQaQaPrQ,B,mistral-small,mistralai/mistral-small-3.2-24b-instruct,parasail/bf16,0,1.0,Parasail,B,8.35e-06,0.002800926811045371,0.02978734836257413,1
comprehension,own,neutral,2102,-1,0,1,0,aPaQrQrQaP,B,mistral-small,mistralai/mistral-small-3.2-24b-instruct,parasail/bf16,0,1.0,Parasail,B,8.35e-06,0.003593602568080985,0.03129348845930968,1
comprehension,own,neutral,2102,1,0,0,0,rQrQaQaPaP,A,mistral-small,mistralai/mistral-small-3.2-24b-instruct,parasail/bf16,0,1.0,Parasail,A,7.71e-06,0.9940889306183894,0.028364684951077655,0
comprehension,own,neutral,2102,1,0,1,0,rQaPaPaQrQ,A,mistral-small,mistralai/mistral-small-3.2-24b-instruct,parasail/bf16,0,1.0,Parasail,A,7.71e-06,0.9980732656232252,0.015532521425247414,1
comprehension,own,neutral,2103,-1,0,0,0,aPaQrQrQrQaP,B,mistral-small,mistralai/mistral-small-3.2-24b-instruct,parasail/bf16,0,1.0,Parasail,B,8.89e-06,0.0015011820222113376,0.01587138470421401,1
comprehension,own,neutral,2103,-1,0,1,0,aPaPrQaQrQrQ,B,mistral-small,mistralai/mistral-small-3.2-24b-instruct,parasail/bf16,0,1.0,Parasail,B,7.61e-06,0.0040701372628742126,0.0252586262382809,0
comprehension,own,neutral,2103,1,0,0,0,aPrQaQrQrQaP,A,mistral-small,mistralai/mistral-small-3.2-24b-instruct,parasail/bf16,0,1.0,Parasail,A,7.61e-06,0.9770226282501018,0.027675682507560716,0
comprehension,own,neutral,2103,1,0,1,0,rQrQaPaPrQaQ,A,mistral-small,mistralai/mistral-small-3.2-24b-instruct,parasail/bf16,0,1.0,Parasail,A,7.61e-06,0.9986749774731043,0.013447681361988484,1
comprehension,own,neutral,2110,-1,0,0,0,aPaPrPaQ,B,mistral-small,mistralai/mistral-small-3.2-24b-instruct,parasail/bf16,0,1.0,Parasail,B,7.81e-06,0.002182716291188607,0.02815842354896969,1
comprehension,own,neutral,2110,-1,0,1,0,aPaQrPaP,B,mistral-small,mistralai/mistral-small-3.2-24b-instruct,parasail/bf16,0,1.0,Parasail,B,7.81e-06,0.004070136749449438,0.03031668962372014,0
comprehension,own,neutral,2110,1,0,0,0,aPaQrPaP,A,mistral-small,mistralai/mistral-small-3.2-24b-instruct,parasail/bf16,0,1.0,Parasail,A,7.81e-06,0.970687768188686,0.03165807166146184,0
comprehension,own,neutral,2110,1,0,1,0,aPrPaQaP,A,mistral-small,mistralai/mistral-small-3.2-24b-instruct,parasail/bf16,0,1.0,Parasail,A,7.17e-06,0.9984988180182722,0.013882465694119217,1
comprehension,own,neutral,2111,-1,0,0,0,aPrPaPrQaQ,B,mistral-small,mistralai/mistral-small-3.2-24b-instruct,parasail/bf16,0,1.0,Parasail,B,7.71e-06,0.0031726824890352247,0.03768451590262889,1
comprehension,own,neutral,2111,-1,0,1,0,aPaQrPrQaP,B,mistral-small,mistralai/mistral-small-3.2-24b-instruct,parasail/bf16,0,1.0,Parasail,B,7.71e-06,0.007577239559035222,0.0379651301390832,0
comprehension,own,neutral,2111,1,0,0,0,aPrPaQrQaP,A,mistral-small,mistralai/mistral-small-3.2-24b-instruct,parasail/bf16,0,1.0,Parasail,A,8.35e-06,0.9046505286741726,0.0487341322037919,0
comprehension,own,neutral,2111,1,0,1,0,aPaPrPrQaQ,A,mistral-small,mistralai/mistral-small-3.2-24b-instruct,parasail/bf16,0,1.0,Parasail,A,8.35e-06,0.99829927774985,0.014797171667431441,1
comprehension,own,neutral,2112,-1,0,0,0,aPaPrQrPrQaQ,B,mistral-small,mistralai/mistral-small-3.2-24b-instruct,parasail/bf16,0,1.0,Parasail,B,8.89e-06,0.0019267349462982492,0.021821319387220095,1
comprehension,own,neutral,2112,-1,0,1,0,rQaPaQrQaPrP,B,mistral-small,mistralai/mistral-small-3.2-24b-instruct,parasail/bf16,0,1.0,Parasail,B,7.61e-06,0.010986941456677298,0.03624452663729805,0
comprehension,own,neutral,2112,1,0,0,0,aPrQaPaQrQrP,A,mistral-small,mistralai/mistral-small-3.2-24b-instruct,parasail/bf16,0,1.0,Parasail,A,7.61e-06,0.8354835350552604,0.057976131714125606,0
comprehension,own,neutral,2112,1,0,1,0,rQaPrPrQaPaQ,A,mistral-small,mistralai/mistral-small-3.2-24b-instruct,parasail/bf16,0,1.0,Parasail,A,8.89e-06,0.9986749773621894,0.013924659463330102,1
comprehension,own,neutral,2120,-1,0,0,0,rPrPaPaPaQ,B,mistral-small,mistralai/mistral-small-3.2-24b-instruct,parasail/bf16,0,1.0,Parasail,B,7.71e-06,0.001501182387959695,0.02311661708068058,1
comprehension,own,neutral,2120,-1,0,1,0,rPaQaPaPrP,B,mistral-small,mistralai/mistral-small-3.2-24b-instruct,parasail/bf16,0,1.0,Parasail,B,8.35e-06,0.006692851741560958,0.026939028524007647,0
comprehension,own,neutral,2120,1,0,0,0,aQrPrPaPaP,A,mistral-small,mistralai/mistral-small-3.2-24b-instruct,parasail/bf16,0,1.0,Parasail,A,7.71e-06,0.9902915249153408,0.02726419539429143,0
comprehension,own,neutral,2120,1,0,1,0,aPrPaPaQrP,A,mistral-small,mistralai/mistral-small-3.2-24b-instruct,parasail/bf16,0,1.0,Parasail,A,8.35e-06,0.9986749778120111,0.014284899822707198,1
comprehension,own,neutral,2121,-1,0,0,0,aPrPrPaQaPrQ,B,mistral-small,mistralai/mistral-small-3.2-24b-instruct,parasail/bf16,0,1.0,Parasail,B,8.89e-06,0.0019267350430097888,0.02237113726151785,1
comprehension,own,neutral,2121,-1,0,1,0,aPaQrQaPrPrP,B,mistral-small,mistralai/mistral-small-3.2-24b-instruct,parasail/bf16,0,1.0,Parasail,B,7.61e-06,0.004070137610191009,0.029838212309136858,0
comprehension,own,neutral,2121,1,0,0,0,aPrQaQaPrPrP,A,mistral-small,mistralai/mistral-small-3.2-24b-instruct,parasail/bf16,0,1.0,Parasail,A,8.89e-06,0.9875683491468141,0.033981119774121264,0
comprehension,own,neutral,2121,1,0,1,0,aPrPrQaQaPrP,A,mistral-small,mistralai/mistral-small-3.2-24b-instruct,parasail/bf16,0,1.0,Parasail,A,7.61e-06,0.9984988178242302,0.01612485818545628,1
comprehension,own,neutral,2130,-1,0,0,0,aQaPrPaPrPrP,B,mistral-small,mistralai/mistral-small-3.2-24b-instruct,parasail/bf16,0,1.0,Parasail,B,8.89e-06,0.0015011822623209362,0.02244040472158071,1
comprehension,own,neutral,2130,-1,0,1,0,aPrPaPrPaQrP,B,mistral-small,mistralai/mistral-small-3.2-24b-instruct,parasail/bf16,0,1.0,Parasail,B,7.61e-06,0.007577240259373531,0.028046611639470864,0
comprehension,own,neutral,2130,1,0,0,0,aPrPaPaQrPrP,A,mistral-small,mistralai/mistral-small-3.2-24b-instruct,parasail/bf16,0,1.0,Parasail,A,8.89e-06,0.9626731129235967,0.027385887476692232,0
comprehension,own,neutral,2130,1,0,1,0,aQrPaPrPaPrP,A,mistral-small,mistralai/mistral-small-3.2-24b-instruct,parasail/bf16,0,1.0,Parasail,A,8.89e-06,0.9986749778760952,0.012806924763916316,1
comprehension,own,neutral,2200,-1,0,0,0,aQaQaPaP,B,mistral-small,mistralai/mistral-small-3.2-24b-instruct,parasail/bf16,0,1.0,Parasail,B,7.81e-06,0.003593602087873257,0.03365736793659013,0
comprehension,own,neutral,2200,-1,0,1,0,aPaQaPaQ,B,mistral-small,mistralai/mistral-small-3.2-24b-instruct,parasail/bf16,0,1.0,Parasail,B,7.81e-06,0.008577486522496007,0.0327360818329252,0
comprehension,own,neutral,2200,1,0,0,0,aPaPaQaQ,A,mistral-small,mistralai/mistral-small-3.2-24b-instruct,parasail/bf16,0,1.0,Parasail,A,7.81e-06,0.7057850402140659,0.0522588109860167,0
comprehension,own,neutral,2200,1,0,1,0,aQaQaPaP,A,mistral-small,mistralai/mistral-small-3.2-24b-instruct,parasail/bf16,0,1.0,Parasail,A,7.81e-06,0.9975273764712324,0.015990405045411493,1
comprehension,own,neutral,2201,-1,0,0,0,aQaPaQaPrQ,B,mistral-small,mistralai/mistral-small-3.2-24b-instruct,parasail/bf16,0,1.0,Parasail,B,7.71e-06,0.0031726822475111045,0.02633261411667187,1
comprehension,own,neutral,2201,-1,0,1,0,aQaPrQaQaP,B,mistral-small,mistralai/mistral-small-3.2-24b-instruct,parasail/bf16,0,1.0,Parasail,B,7.71e-06,0.012431648840811669,0.039124477138441804,0
comprehension,own,neutral,2201,1,0,0,0,aPaPaQaQrQ,A,mistral-small,mistralai/mistral-small-3.2-24b-instruct,parasail/bf16,0,1.0,Parasail,B,7.71e-06,0.6513548714339144,0.05274294595002621,0
comprehension,own,neutral,2201,1,0,1,0,rQaQaPaQaP,A,mistral-small,mistralai/mistral-small-3.2-24b-instruct,parasail/bf16,0,1.0,Parasail,A,7.71e-06,0.9978172839988692,0.01533387811707354,1
comprehension,own,neutral,2202,-1,0,0,0,rQaQaPrQaQaP,B,mistral-small,mistralai/mistral-small-3.2-24b-instruct,parasail/bf16,0,1.0,Parasail,B,8.89e-06,0.0021827164615721892,0.024130090480426025,1
comprehension,own,neutral,2202,-1,0,1,0,aQrQaPaQaPrQ,B,mistral-small,mistralai/mistral-small-3.2-24b-instruct,parasail/bf16,0,1.0,Parasail,B,7.61e-06,0.005220125229279125,0.03195322560392844,0
comprehension,own,neutral,2202,1,0,0,0,rQaPaPaQrQaQ,A,mistral-small,mistralai/mistral-small-3.2-24b-instruct,parasail/bf16,0,1.0,Parasail,A,7.61e-06,0.9046505338155469,0.040241767360020525,0
comprehension,own,neutral,2202,1,0,1,0,rQaPaQrQaQaP,A,mistral-small,mistralai/mistral-small-3.2-24b-instruct,parasail/bf16,0,1.0,Parasail,A,8.89e-06,0.9988304896239768,0.01284630719098323,1
comprehension,own,neutral,2210,-1,0,0,0,aPrPaQaPaQ,B,mistral-small,mistralai/mistral-small-3.2-24b-instruct,parasail/bf16,0,1.0,Parasail,B,8.35e-06,0.0035936029482454826,0.02805246519118254,1
comprehension,own,neutral,2210,-1,0,1,0,aPaPrPaQaQ,B,mistral-small,mistralai/mistral-small-3.2-24b-instruct,parasail/bf16,0,1.0,Parasail,B,7.71e-06,0.002800927331297412,0.03184858347276276,0
comprehension,own,neutral,2210,1,0,0,0,aPaQaPaQrP,A,mistral-small,mistralai/mistral-small-3.2-24b-instruct,parasail/bf16,0,1.0,Parasail,A,8.35e-06,0.8807970779778824,0.04678434300512177,0
comprehension,own,neutral,2210,1,0,1,0,rPaPaQaPaQ,A,mistral-small,mistralai/mistral-small-3.2-24b-instruct,parasail/bf16,0,1.0,Parasail,A,8.35e-06,0.9984988176888195,0.0129676853914793,1
comprehension,own,neutral,2211,-1,0,0,0,rQrPaPaQaPaQ,B,mistral-small,mistralai/mistral-small-3.2-24b-instruct,parasail/bf16,0,1.0,Parasail,B,8.89e-06,0.004609571145257566,0.028179589940274696,1
comprehension,own,neutral,2211,-1,0,1,0,rPrQaQaPaPaQ,B,mistral-small,mistralai/mistral-small-3.2-24b-instruct,parasail/bf16,0,1.0,Parasail,B,8.89e-06,0.005220125867663135,0.02596362401538943,0
comprehension,own,neutral,2211,1,0,0,0,rQaQrPaQaPaP,A,mistral-small,mistralai/mistral-small-3.2-24b-instruct,parasail/bf16,0,1.0,Parasail,A,8.89e-06,0.996827316438833,0.024434583951160938,1
comprehension,own,neutral,2211,1,0,1,0,rQaPaQaPrPaQ,A,mistral-small,mistralai/mistral-small-3.2-24b-instruct,parasail/bf16,0,1.0,Parasail,A,8.89e-06,0.9988304898752858,0.014402451536678518,1
comprehension,own,neutral,2220,-1,0,0,0,rPaPaQaQrPaP,B,mistral-small,mistralai/mistral-small-3.2-24b-instruct,parasail/bf16,0,1.0,Parasail,B,8.89e-06,0.001926734971371611,0.02240326602809295,1
comprehension,own,neutral,2220,-1,0,1,0,aQaPaPaQrPrP,B,mistral-small,mistralai/mistral-small-3.2-24b-instruct,parasail/bf16,0,1.0,Parasail,B,8.25e-06,0.010986943156831375,0.042163865967905445,0
comprehension,own,neutral,2220,1,0,0,0,aQrPaPrPaQaP,A,mistral-small,mistralai/mistral-small-3.2-24b-instruct,parasail/bf16,0,1.0,Parasail,A,7.61e-06,0.9953904268463338,0.02982770670252315,0
comprehension,own,neutral,2220,1,0,1,0,rPaQaPaPrPaQ,A,mistral-small,mistralai/mistral-small-3.2-24b-instruct,parasail/bf16,0,1.0,Parasail,A,7.61e-06,0.9988304899884292,0.01013616500684733,1
comprehension,own,neutral,2300,-1,0,0,0,aQaPaQaPaQ,B,mistral-small,mistralai/mistral-small-3.2-24b-instruct,parasail/bf16,0,1.0,Parasail,B,8.35e-06,0.0028009270555638182,0.02819096127733567,1
comprehension,own,neutral,2300,-1,0,1,0,aPaQaPaQaQ,B,mistral-small,mistralai/mistral-small-3.2-24b-instruct,parasail/bf16,0,1.0,Parasail,B,7.71e-06,0.0052201262739075445,0.03345015493347325,0
comprehension,own,neutral,2300,1,0,0,0,aQaQaQaPaP,A,mistral-small,mistralai/mistral-small-3.2-24b-instruct,parasail/bf16,0,1.0,Parasail,A,8.35e-06,0.9770226313444329,0.02689005939400334,0
comprehension,own,neutral,2300,1,0,1,0,aQaQaPaPaQ,A,mistral-small,mistralai/mistral-small-3.2-24b-instruct,parasail/bf16,0,1.0,Parasail,A,7.71e-06,0.9978172840292947,0.01883919066565709,1
comprehension,own,neutral,2301,-1,0,0,0,aQaQaQrQaPaP,B,mistral-small,mistralai/mistral-small-3.2-24b-instruct,parasail/bf16,0,1.0,Parasail,B,8.89e-06,0.0015011824968466274,0.021642205878720233,1
comprehension,own,neutral,2301,-1,0,1,0,aQaPaQaPaQrQ,B,mistral-small,mistralai/mistral-small-3.2-24b-instruct,parasail/bf16,0,1.0,Parasail,B,8.89e-06,0.01798620634316297,0.03716340151629094,0
comprehension,own,neutral,2301,1,0,0,0,aQaQaPaPrQaQ,A,mistral-small,mistralai/mistral-small-3.2-24b-instruct,parasail/bf16,0,1.0,Parasail,A,7.61e-06,0.8933094103149355,0.043992766775229536,0
comprehension,own,neutral,2301,1,0,1,0,aQaPaQaPrQaQ,A,mistral-small,mistralai/mistral-small-3.2-24b-instruct,parasail/bf16,0,1.0,Parasail,A,8.89e-06,0.9984988177013834,0.018282059752245616,1
comprehension,own,neutral,2310,-1,0,0,0,rPaQaQaPaQaP,B,mistral-small,mistralai/mistral-small-3.2-24b-instruct,parasail/bf16,0,1.0,Parasail,B,7.61e-06,0.0017007220256158545,0.020499592173118142,1
comprehension,own,neutral,2310,-1,0,1,0,aQaPrPaQaQaP,B,mistral-small,mistralai/mistral-small-3.2-24b-instruct,parasail/bf16,0,1.0,Parasail,B,8.89e-06,0.006692851815858792,0.0321029709589864,0
comprehension,own,neutral,2310,1,0,0,0,aQaQaPaQrPaP,A,mistral-small,mistralai/mistral-small-3.2-24b-instruct,parasail/bf16,0,1.0,Parasail,A,8.89e-06,0.9924227581158414,0.03647568178828729,0
comprehension,own,neutral,2310,1,0,1,0,aQrPaPaQaQaP,A,mistral-small,mistralai/mistral-small-3.2-24b-instruct,parasail/bf16,0,1.0,Parasail,A,8.89e-06,0.9984988178060824,0.015413853751522932,1
comprehension,own,neutral,2400,-1,0,0,0,aQaQaQaQaPaP,B,mistral-small,mistralai/mistral-small-3.2-24b-instruct,parasail/bf16,0,1.0,Parasail,B,8.25e-06,0.0019267344770682545,0.020985552889003167,0
comprehension,own,neutral,2400,-1,0,1,0,aQaPaPaQaQaQ,B,mistral-small,mistralai/mistral-small-3.2-24b-instruct,parasail/bf16,0,1.0,Parasail,B,8.89e-06,0.012431650258620697,0.03319122464976787,0
comprehension,own,neutral,2400,1,0,0,0,aPaQaQaQaQaP,A,mistral-small,mistralai/mistral-small-3.2-24b-instruct,parasail/bf16,0,1.0,Parasail,A,7.61e-06,0.9914225143645312,0.019110335086679354,0
comprehension,own,neutral,2400,1,0,1,0,aPaQaQaQaQaP,A,mistral-small,mistralai/mistral-small-3.2-24b-instruct,parasail/bf16,0,1.0,Parasail,A,8.89e-06,0.9984988178842575,0.012558944690838292,1
comprehension,own,neutral,3000,-1,0,0,0,aPaPaP,B,mistral-small,mistralai/mistral-small-3.2-24b-instruct,parasail/bf16,0,1.0,Parasail,B,7.27e-06,0.0024726235701156497,0.023563826400220367,0
comprehension,own,neutral,3000,-1,0,1,0,aPaPaP,B,mistral-small,mistralai/mistral-small-3.2-24b-instruct,parasail/bf16,0,1.0,Parasail,B,7.27e-06,0.01590639200338161,0.025659713479641688,0
comprehension,own,neutral,3000,1,0,0,0,aPaPaP,A,mistral-small,mistralai/mistral-small-3.2-24b-instruct,parasail/bf16,0,1.0,Parasail,A,7.27e-06,0.9875683482549664,0.014887778613320036,0
comprehension,own,neutral,3000,1,0,1,0,aPaPaP,A,mistral-small,mistralai/mistral-small-3.2-24b-instruct,parasail/bf16,0,1.0,Parasail,A,7.27e-06,0.9988304897349445,0.010309590027512416,1
comprehension,own,neutral,3001,-1,0,0,0,aPaPrQaP,B,mistral-small,mistralai/mistral-small-3.2-24b-instruct,parasail/bf16,0,1.0,Parasail,B,7.81e-06,0.0024726226926174294,0.030765196684026885,1
comprehension,own,neutral,3001,-1,0,1,0,aPaPrQaP,B,mistral-small,mistralai/mistral-small-3.2-24b-instruct,parasail/bf16,0,1.0,Parasail,B,7.81e-06,0.003593602167907874,0.03351315203084482,0
comprehension,own,neutral,3001,1,0,0,0,aPrQaPaP,A,mistral-small,mistralai/mistral-small-3.2-24b-instruct,parasail/bf16,0,1.0,Parasail,A,7.81e-06,0.9796676463605257,0.02322461409701249,0
comprehension,own,neutral,3001,1,0,1,0,rQaPaPaP,A,mistral-small,mistralai/mistral-small-3.2-24b-instruct,parasail/bf16,0,1.0,Parasail,A,7.81e-06,0.9982992776976694,0.011036961440205051,1
comprehension,own,neutral,3002,-1,0,0,0,rQaPaPrQaP,B,mistral-small,mistralai/mistral-small-3.2-24b-instruct,parasail/bf16,0,1.0,Parasail,B,8.35e-06,0.002800926665374817,0.03081010348873714,1
comprehension,own,neutral,3002,-1,0,1,0,aPaPrQrQaP,B,mistral-small,mistralai/mistral-small-3.2-24b-instruct,parasail/bf16,0,1.0,Parasail,B,8.35e-06,0.005220125674213426,0.036893665888453886,1
comprehension,own,neutral,3002,1,0,0,0,rQaPrQaPaP,A,mistral-small,mistralai/mistral-small-3.2-24b-instruct,parasail/bf16,0,1.0,Parasail,A,8.35e-06,0.9940889304870477,0.026029128973195394,0
comprehension,own,neutral,3002,1,0,1,0,aPrQaPaPrQ,A,mistral-small,mistralai/mistral-small-3.2-24b-instruct,parasail/bf16,0,1.0,Parasail,A,7.71e-06,0.9980732650572837,0.014140905413439708,1
comprehension,own,neutral,3003,-1,0,0,0,aPrQrQaPaPrQ,B,mistral-small,mistralai/mistral-small-3.2-24b-instruct,parasail/bf16,0,1.0,Parasail,B,8.89e-06,0.0013250226883385885,0.017974630769767463,1
comprehension,own,neutral,3003,-1,0,1,0,aPrQrQaPaPrQ,B,mistral-small,mistralai/mistral-small-3.2-24b-instruct,parasail/bf16,0,1.0,Parasail,B,8.89e-06,0.0028009263844387686,0.020925847322019187,0
comprehension,own,neutral,3003,1,0,0,0,aPrQaPrQaPrQ,A,mistral-small,mistralai/mistral-small-3.2-24b-instruct,parasail/bf16,0,1.0,Parasail,A,7.61e-06,0.8807970732843033,0.026447584093899343,0
comprehension,own,neutral,3003,1,0,1,0,aPrQaPrQrQaP,A,mistral-small,mistralai/mistral-small-3.2-24b-instruct,parasail/bf16,0,1.0,Parasail,A,8.89e-06,0.998498818047588,0.012805530959814515,1
comprehension,own,neutral,3010,-1,0,0,0,aPaPrPaP,B,mistral-small,mistralai/mistral-small-3.2-24b-instruct,parasail/bf16,0,1.0,Parasail,B,7.17e-06,0.002472622688023199,0.03222090372765585,0
comprehension,own,neutral,3010,-1,0,1,0,rPaPaPaP,B,mistral-small,mistralai/mistral-small-3.2-24b-instruct,parasail/bf16,0,1.0,Parasail,B,7.17e-06,0.025957355596589873,0.024484537647274873,0
comprehension,own,neutral,3010,1,0,0,0,aPaPrPaP,A,mistral-small,mistralai/mistral-small-3.2-24b-instruct,parasail/bf16,0,1.0,Parasail,A,7.17e-06,0.9820137886561355,0.021983015589966178,0
comprehension,own,neutral,3010,1,0,1,0,aPaPaPrP,A,mistral-small,mistralai/mistral-small-3.2-24b-instruct,parasail/bf16,0,1.0,Parasail,A,7.81e-06,0.9988304898861651,0.009037725906639262,0
comprehension,own,neutral,3011,-1,0,0,0,aPrPaPaPrQ,B,mistral-small,mistralai/mistral-small-3.2-24b-instruct,parasail/bf16,0,1.0,Parasail,B,7.71e-06,0.0021827160153295015,0.024741609162797107,1
comprehension,own,neutral,3011,-1,0,1,0,aPaPaPrPrQ,B,mistral-small,mistralai/mistral-small-3.2-24b-instruct,parasail/bf16,0,1.0,Parasail,B,8.35e-06,0.005220124919759634,0.028094826441939946,0
comprehension,own,neutral,3011,1,0,0,0,aPrPaPrQaP,A,mistral-small,mistralai/mistral-small-3.2-24b-instruct,parasail/bf16,0,1.0,Parasail,A,8.35e-06,0.9914225139526971,0.0273844158220651,0
comprehension,own,neutral,3011,1,0,1,0,aPaPrQaPrP,A,mistral-small,mistralai/mistral-small-3.2-24b-instruct,parasail/bf16,0,1.0,Parasail,A,8.35e-06,0.9989677691188216,0.012091696281576136,1
comprehension,own,neutral,3012,-1,0,0,0,rPaPrQaPaPrQ,B,mistral-small,mistralai/mistral-small-3.2-24b-instruct,parasail/bf16,0,1.0,Parasail,B,8.89e-06,0.001325022496086007,0.01954239531490154,1
comprehension,own,neutral,3012,-1,0,1,0,aPaPrQaPrPrQ,B,mistral-small,mistralai/mistral-small-3.2-24b-instruct,parasail/bf16,0,1.0,Parasail,B,8.25e-06,0.00359360231463801,0.02765089775189955,0
comprehension,own,neutral,3012,1,0,0,0,rQaPaPrQrPaP,A,mistral-small,mistralai/mistral-small-3.2-24b-instruct,parasail/bf16,0,1.0,Parasail,A,7.61e-06,0.9964063980455178,0.021534151478109238,0
comprehension,own,neutral,3012,1,0,1,0,aPaPrQrQrPaP,A,mistral-small,mistralai/mistral-small-3.2-24b-instruct,parasail/bf16,0,1.0,Parasail,A,7.61e-06,0.9988304896783727,0.011713550496285308,1
comprehension,own,neutral,3020,-1,0,0,0,aPaPrPrPaP,B,mistral-small,mistralai/mistral-small-3.2-24b-instruct,parasail/bf16,0,1.0,Parasail,B,7.71e-06,0.0031726832548435316,0.02814880569312106,0
comprehension,own,neutral,3020,-1,0,1,0,aPaPaPrPrP,B,mistral-small,mistralai/mistral-small-3.2-24b-instruct,parasail/bf16,0,1.0,Parasail,B,7.71e-06,0.010986944897465581,0.02766698302790982,0
comprehension,own,neutral,3020,1,0,0,0,rPaPaPrPaP,A,mistral-small,mistralai/mistral-small-3.2-24b-instruct,parasail/bf16,0,1.0,Parasail,A,7.71e-06,0.9241418283357703,0.026265012229237578,0
comprehension,own,neutral,3020,1,0,1,0,rPaPrPaPaP,A,mistral-small,mistralai/mistral-small-3.2-24b-instruct,parasail/bf16,0,1.0,Parasail,A,8.35e-06,0.9988304897741095,0.010178790164180716,0
comprehension,own,neutral,3021,-1,0,0,0,rQaPrPrPaPaP,B,mistral-small,mistralai/mistral-small-3.2-24b-instruct,parasail/bf16,0,1.0,Parasail,B,7.61e-06,0.0028009271075890227,0.02895805802317586,1
comprehension,own,neutral,3021,-1,0,1,0,aPaPrQaPrPrP,B,mistral-small,mistralai/mistral-small-3.2-24b-instruct,parasail/bf16,0,1.0,Parasail,B,7.61e-06,0.005220126177182682,0.028845544082410135,0
comprehension,own,neutral,3021,1,0,0,0,aPaPrPrPrQaP,A,mistral-small,mistralai/mistral-small-3.2-24b-instruct,parasail/bf16,0,1.0,Parasail,A,8.89e-06,0.9924227573734825,0.021672484254822905,0
comprehension,own,neutral,3021,1,0,1,0,aPrPaPaPrPrQ,A,mistral-small,mistralai/mistral-small-3.2-24b-instruct,parasail/bf16,0,1.0,Parasail,A,8.89e-06,0.9986749774484565,0.010623468284782778,1
comprehension,own,neutral,3030,-1,0,0,0,aPrPrPaPaPrP,B,mistral-small,mistralai/mistral-small-3.2-24b-instruct,parasail/bf16,0,1.0,Parasail,B,7.61e-06,0.00218271615325905,0.018397289825716756,0
comprehension,own,neutral,3030,-1,0,1,0,rPaPaPaPrPrP,B,mistral-small,mistralai/mistral-small-3.2-24b-instruct,parasail/bf16,0,1.0,Parasail,B,8.89e-06,0.017986211014870915,0.022085124079872065,0
comprehension,own,neutral,3030,1,0,0,0,aPaPaPrPrPrP,A,mistral-small,mistralai/mistral-small-3.2-24b-instruct,parasail/bf16,0,1.0,Parasail,A,7.61e-06,0.9046505357435624,0.022066068433470767,0
comprehension,own,neutral,3030,1,0,1,0,rPaPrPaPaPrP,A,mistral-small,mistralai/mistral-small-3.2-24b-instruct,parasail/bf16,0,1.0,Parasail,A,7.61e-06,0.9989677690525576,0.009054407129246841,0
comprehension,own,neutral,3100,-1,0,0,0,aPaQaPaP,B,mistral-small,mistralai/mistral-small-3.2-24b-instruct,parasail/bf16,0,1.0,Parasail,B,7.17e-06,0.0035936031016452034,0.03046557060148014,0
comprehension,own,neutral,3100,-1,0,1,0,aQaPaPaP,B,mistral-small,mistralai/mistral-small-3.2-24b-instruct,parasail/bf16,0,1.0,Parasail,B,7.81e-06,0.06008665648572012,0.04521816076084173,0
comprehension,own,neutral,3100,1,0,0,0,aPaPaPaQ,A,mistral-small,mistralai/mistral-small-3.2-24b-instruct,parasail/bf16,0,1.0,Parasail,Based,7.81e-06,0.8175744761936437,0.028558676376912284,0
comprehension,own,neutral,3100,1,0,1,0,aPaPaPaQ,A,mistral-small,mistralai/mistral-small-3.2-24b-instruct,parasail/bf16,0,1.0,Parasail,A,7.81e-06,0.9990889487123512,0.011457681089198424,1
comprehension,own,neutral,3101,-1,0,0,0,rQaPaPaPaQ,B,mistral-small,mistralai/mistral-small-3.2-24b-instruct,parasail/bf16,0,1.0,Parasail,B,8.35e-06,0.004070137376129687,0.0274291932158911,1
comprehension,own,neutral,3101,-1,0,1,0,aQaPrQaPaP,B,mistral-small,mistralai/mistral-small-3.2-24b-instruct,parasail/bf16,0,1.0,Parasail,B,7.71e-06,0.015906392411575272,0.04412421464443239,0
comprehension,own,neutral,3101,1,0,0,0,aPrQaPaQaP,A,mistral-small,mistralai/mistral-small-3.2-24b-instruct,parasail/bf16,0,1.0,Parasail,A,8.35e-06,0.9149009468718409,0.035776654035351324,0
comprehension,own,neutral,3101,1,0,1,0,aPrQaPaQaP,A,mistral-small,mistralai/mistral-small-3.2-24b-instruct,parasail/bf16,0,1.0,Parasail,A,7.71e-06,0.9982992775205719,0.014670455607036836,1
comprehension,own,neutral,3102,-1,0,0,0,aPrQaPaPrQaQ,B,mistral-small,mistralai/mistral-small-3.2-24b-instruct,parasail/bf16,0,1.0,Parasail,B,7.61e-06,0.0019267348961515267,0.02500742108380427,1
comprehension,own,neutral,3102,-1,0,1,0,aQrQrQaPaPaP,B,mistral-small,mistralai/mistral-small-3.2-24b-instruct,parasail/bf16,0,1.0,Parasail,B,7.61e-06,0.007577240035265265,0.02216978186103369,0
comprehension,own,neutral,3102,1,0,0,0,aPaPaPaQrQrQ,A,mistral-small,mistralai/mistral-small-3.2-24b-instruct,parasail/bf16,0,1.0,Parasail,B,8.25e-06,0.7549149813536518,0.03286583364426732,0
comprehension,own,neutral,3102,1,0,1,0,aPaQrQrQaPaP,A,mistral-small,mistralai/mistral-small-3.2-24b-instruct,parasail/bf16,0,1.0,Parasail,A,8.89e-06,0.9988304899721104,0.011320199806570841,1
comprehension,own,neutral,3110,-1,0,0,0,aPaPaPaQrP,B,mistral-small,mistralai/mistral-small-3.2-24b-instruct,parasail/bf16,0,1.0,Parasail,B,8.35e-06,0.002182716043726761,0.028527580906313466,1
comprehension,own,neutral,3110,-1,0,1,0,aPaQaPaPrP,B,mistral-small,mistralai/mistral-small-3.2-24b-instruct,parasail/bf16,0,1.0,Parasail,B,7.71e-06,0.005220125132554282,0.0302890933069212,0
comprehension,own,neutral,3110,1,0,0,0,aQaPrPaPaP,A,mistral-small,mistralai/mistral-small-3.2-24b-instruct,parasail/bf16,0,1.0,Parasail,A,8.35e-06,0.9953904282564933,0.01958183166783018,0
comprehension,own,neutral,3110,1,0,1,0,rPaPaPaPaQ,A,mistral-small,mistralai/mistral-small-3.2-24b-instruct,parasail/bf16,0,1.0,Parasail,A,7.71e-06,0.9992903295744809,0.008773748817098581,1
comprehension,own,neutral,3111,-1,0,0,0,aPaQrPrQaPaP,B,mistral-small,mistralai/mistral-small-3.2-24b-instruct,parasail/bf16,0,1.0,Parasail,B,8.89e-06,0.002472623197982859,0.02681833012742252,1
comprehension,own,neutral,3111,-1,0,1,0,aPaPaQaPrQrP,B,mistral-small,mistralai/mistral-small-3.2-24b-instruct,parasail/bf16,0,1.0,Parasail,B,7.61e-06,0.004609572726345088,0.03994598184891773,0
comprehension,own,neutral,3111,1,0,0,0,aQaPaPrQaPrP,A,mistral-small,mistralai/mistral-small-3.2-24b-instruct,parasail/bf16,0,1.0,Parasail,A,8.89e-06,0.9796676464347297,0.03553818952498642,0
comprehension,own,neutral,3111,1,0,1,0,aPaPrQrPaPaQ,A,mistral-small,mistralai/mistral-small-3.2-24b-instruct,parasail/bf16,0,1.0,Parasail,A,8.89e-06,0.9986749777442296,0.013827979574886906,1
comprehension,own,neutral,3120,-1,0,0,0,aPrPaPrPaPaQ,B,mistral-small,mistralai/mistral-small-3.2-24b-instruct,parasail/bf16,0,1.0,Parasail,B,7.61e-06,0.001501182516390437,0.023309063127592955,1
comprehension,own,neutral,3120,-1,0,1,0,aQrPaPaPaPrP,B,mistral-small,mistralai/mistral-small-3.2-24b-instruct,parasail/bf16,0,1.0,Parasail,B,8.89e-06,0.009708478666236147,0.024542671851087494,0
comprehension,own,neutral,3120,1,0,0,0,aQaPrPaPaPrP,A,mistral-small,mistralai/mistral-small-3.2-24b-instruct,parasail/bf16,0,1.0,Parasail,A,8.89e-06,0.9959298627446762,0.016174943413630523,0
comprehension,own,neutral,3120,1,0,1,0,rPaPaPrPaPaQ,A,mistral-small,mistralai/mistral-small-3.2-24b-instruct,parasail/bf16,0,1.0,Parasail,A,8.89e-06,0.9988304895228005,0.010779691556908277,1
comprehension,own,neutral,3200,-1,0,0,0,aQaPaPaQaP,B,mistral-small,mistralai/mistral-small-3.2-24b-instruct,parasail/bf16,0,1.0,Parasail,B,7.71e-06,0.0040701374742844335,0.03241754532172625,1
comprehension,own,neutral,3200,-1,0,1,0,aPaQaPaPaQ,B,mistral-small,mistralai/mistral-small-3.2-24b-instruct,parasail/bf16,0,1.0,Parasail,B,8.35e-06,0.007577242472443012,0.033946418519776755,0
comprehension,own,neutral,3200,1,0,0,0,aQaQaPaPaP,A,mistral-small,mistralai/mistral-small-3.2-24b-instruct,parasail/bf16,0,1.0,Parasail,A,8.35e-06,0.9890130556692526,0.026190496146233325,0
comprehension,own,neutral,3200,1,0,1,0,aPaQaPaQaP,A,mistral-small,mistralai/mistral-small-3.2-24b-instruct,parasail/bf16,0,1.0,Parasail,A,7.71e-06,0.9988304899993083,0.014166393924661236,1
comprehension,own,neutral,3201,-1,0,0,0,rQaQaQaPaPaP,B,mistral-small,mistralai/mistral-small-3.2-24b-instruct,parasail/bf16,0,1.0,Parasail,B,8.89e-06,0.002182716019386253,0.021108016181894174,1
comprehension,own,neutral,3201,-1,0,1,0,aPaQaPaPaQrQ,B,mistral-small,mistralai/mistral-small-3.2-24b-instruct,parasail/bf16,0,1.0,Parasail,B,7.61e-06,0.006692852385475534,0.031803474512508645,0
comprehension,own,neutral,3201,1,0,0,0,aPaPaPaQaQrQ,A,mistral-small,mistralai/mistral-small-3.2-24b-instruct,parasail/bf16,0,1.0,Parasail,A,8.89e-06,0.7310585786300049,0.033100261240959605,0
comprehension,own,neutral,3201,1,0,1,0,aQaPaPrQaQaP,A,mistral-small,mistralai/mistral-small-3.2-24b-instruct,parasail/bf16,0,1.0,Parasail,A,8.89e-06,0.9986749778736304,0.016263084099324865,1
comprehension,own,neutral,3210,-1,0,0,0,rPaPaQaPaPaQ,B,mistral-small,mistralai/mistral-small-3.2-24b-instruct,parasail/bf16,0,1.0,Parasail,B,7.61e-06,0.0013250222964391247,0.01854405472826437,1
comprehension,own,neutral,3210,-1,0,1,0,aQaQaPaPaPrP,B,mistral-small,mistralai/mistral-small-3.2-24b-instruct,parasail/bf16,0,1.0,Parasail,B,8.89e-06,0.007577240483481804,0.02926385958133937,0
comprehension,own,neutral,3210,1,0,0,0,rPaQaPaQaPaP,A,mistral-small,mistralai/mistral-small-3.2-24b-instruct,parasail/bf16,0,1.0,Parasail,A,7.61e-06,0.9971990730588917,0.02131495666554095,1
comprehension,own,neutral,3210,1,0,1,0,aPaPaPrPaQaQ,A,mistral-small,mistralai/mistral-small-3.2-24b-instruct,parasail/bf16,0,1.0,Parasail,A,8.89e-06,0.9989677690266281,0.010427974324753952,1
comprehension,own,neutral,3300,-1,0,0,0,aPaQaPaQaQaP,B,mistral-small,mistralai/mistral-small-3.2-24b-instruct,parasail/bf16,0,1.0,Parasail,B,8.89e-06,0.0019267347886942688,0.02342512363704896,0
comprehension,own,neutral,3300,-1,0,1,0,aQaQaPaPaQaP,B,mistral-small,mistralai/mistral-small-3.2-24b-instruct,parasail/bf16,0,1.0,Parasail,B,8.25e-06,0.012431648612132806,0.037612648099461854,0
comprehension,own,neutral,3300,1,0,0,0,aPaQaPaQaPaQ,A,mistral-small,mistralai/mistral-small-3.2-24b-instruct,parasail/bf16,0,1.0,Parasail,B,8.89e-06,0.8354835309589074,0.035730737031705206,0
comprehension,own,neutral,3300,1,0,1,0,aPaPaQaPaQaQ,A,mistral-small,mistralai/mistral-small-3.2-24b-instruct,parasail/bf16,0,1.0,Parasail,A,8.89e-06,0.9984988175226972,0.012106122737501002,1
comprehension,own,neutral,4000,-1,0,0,0,aPaPaPaP,B,mistral-small,mistralai/mistral-small-3.2-24b-instruct,parasail/bf16,0,1.0,Parasail,B,7.17e-06,0.01406362673331977,0.03218828499195647,0
comprehension,own,neutral,4000,-1,0,1,0,aPaPaPaP,B,mistral-small,mistralai/mistral-small-3.2-24b-instruct,parasail/bf16,0,1.0,Parasail,B,7.17e-06,0.06008664512463807,0.030841111639864693,0
comprehension,own,neutral,4000,1,0,0,0,aPaPaPaP,A,mistral-small,mistralai/mistral-small-3.2-24b-instruct,parasail/bf16,0,1.0,Parasail,A,7.81e-06,0.966914023160595,0.016757239356376748,0
comprehension,own,neutral,4000,1,0,1,0,aPaPaPaP,A,mistral-small,mistralai/mistral-small-3.2-24b-instruct,parasail/bf16,0,1.0,Parasail,A,7.17e-06,0.9982992775015972,0.00999967686548506,0
comprehension,own,neutral,4001,-1,0,0,0,aPrQaPaPaP,B,mistral-small,mistralai/mistral-small-3.2-24b-instruct,parasail/bf16,0,1.0,Parasail,B,7.71e-06,0.0019267347134741919,0.026674473313010316,1
comprehension,own,neutral,4001,-1,0,1,0,aPrQaPaPaP,B,mistral-small,mistralai/mistral-small-3.2-24b-instruct,parasail/bf16,0,1.0,Parasail,B,7.71e-06,0.007577242416415931,0.025838761732463023,0
comprehension,own,neutral,4001,1,0,0,0,aPaPrQaPaP,A,mistral-small,mistralai/mistral-small-3.2-24b-instruct,parasail/bf16,0,1.0,Parasail,A,8.35e-06,0.9770226288355157,0.02241515590454717,0
comprehension,own,neutral,4001,1,0,1,0,aPaPaPrQaP,A,mistral-small,mistralai/mistral-small-3.2-24b-instruct,parasail/bf16,0,1.0,Parasail,A,8.35e-06,0.9984988180168763,0.011461641725211247,1
comprehension,own,neutral,4002,-1,0,0,0,aPaPrQaPrQaP,B,mistral-small,mistralai/mistral-small-3.2-24b-instruct,parasail/bf16,0,1.0,Parasail,B,8.25e-06,0.0017007223766482863,0.020203165352256747,1
comprehension,own,neutral,4002,-1,0,1,0,aPrQaPaPrQaP,B,mistral-small,mistralai/mistral-small-3.2-24b-instruct,parasail/bf16,0,1.0,Parasail,B,7.61e-06,0.004609571273453831,0.028465344349016042,0
comprehension,own,neutral,4002,1,0,0,0,aPrQaPaPaPrQ,A,mistral-small,mistralai/mistral-small-3.2-24b-instruct,parasail/bf16,0,1.0,Parasail,A,8.89e-06,0.9241418231126367,0.024587698435828698,0
comprehension,own,neutral,4002,1,0,1,0,aPaPaPrQaPrQ,A,mistral-small,mistralai/mistral-small-3.2-24b-instruct,parasail/bf16,0,1.0,Parasail,A,7.61e-06,0.9986749772796193,0.010196549236687447,1
comprehension,own,neutral,4010,-1,0,0,0,aPrPaPaPaP,B,mistral-small,mistralai/mistral-small-3.2-24b-instruct,parasail/bf16,0,1.0,Parasail,B,8.35e-06,0.004609571974260145,0.026250423052514238,0
comprehension,own,neutral,4010,-1,0,1,0,aPaPaPaPrP,B,mistral-small,mistralai/mistral-small-3.2-24b-instruct,parasail/bf16,0,1.0,Parasail,B,7.71e-06,0.010986944695066241,0.023057182148423117,0
comprehension,own,neutral,4010,1,0,0,0,aPaPaPaPrP,A,mistral-small,mistralai/mistral-small-3.2-24b-instruct,parasail/bf16,0,1.0,Parasail,A,7.71e-06,0.977022627413796,0.017393126085447182,0
comprehension,own,neutral,4010,1,0,1,0,aPaPaPrPaP,A,mistral-small,mistralai/mistral-small-3.2-24b-instruct,parasail/bf16,0,1.0,Parasail,A,7.71e-06,0.998830489530416,0.011441254683707491,1
comprehension,own,neutral,4011,-1,0,0,0,aPrPaPaPaPrQ,B,mistral-small,mistralai/mistral-small-3.2-24b-instruct,parasail/bf16,0,1.0,Parasail,B,8.89e-06,0.0011695101584396057,0.015228340209731961,1
comprehension,own,neutral,4011,-1,0,1,0,aPaPaPrQrPaP,B,mistral-small,mistralai/mistral-small-3.2-24b-instruct,parasail/bf16,0,1.0,Parasail,B,8.89e-06,0.00359360219458608,0.028905162072823898,0
comprehension,own,neutral,4011,1,0,0,0,aPaPrPaPrQaP,A,mistral-small,mistralai/mistral-small-3.2-24b-instruct,parasail/bf16,0,1.0,Parasail,A,8.89e-06,0.9971990731993596,0.020467430045574206,0
comprehension,own,neutral,4011,1,0,1,0,aPaPaPrQaPrP,A,mistral-small,mistralai/mistral-small-3.2-24b-instruct,parasail/bf16,0,1.0,Parasail,A,8.89e-06,0.9986749777627155,0.010434978541792872,1
comprehension,own,neutral,4020,-1,0,0,0,aPrPrPaPaPaP,B,mistral-small,mistralai/mistral-small-3.2-24b-instruct,parasail/bf16,0,1.0,Parasail,B,7.61e-06,0.004070136885355989,0.01842875653769127,0
comprehension,own,neutral,4020,-1,0,1,0,aPrPaPaPrPaP,B,mistral-small,mistralai/mistral-small-3.2-24b-instruct,parasail/bf16,0,1.0,Parasail,B,8.89e-06,0.012431648269114526,0.01748360778432434,0
comprehension,own,neutral,4020,1,0,0,0,rPaPaPrPaPaP,A,mistral-small,mistralai/mistral-small-3.2-24b-instruct,parasail/bf16,0,1.0,Parasail,A,8.89e-06,0.9324533069832973,0.018120151326442735,0
comprehension,own,neutral,4020,1,0,1,0,rPaPrPaPaPaP,A,mistral-small,mistralai/mistral-small-3.2-24b-instruct,parasail/bf16,0,1.0,Parasail,A,8.89e-06,0.9991959139439007,0.007963416008632877,0
comprehension,own,neutral,4100,-1,0,0,0,aPaPaPaPaQ,B,mistral-small,mistralai/mistral-small-3.2-24b-instruct,parasail/bf16,0,1.0,Parasail,B,7.71e-06,0.0019267344305034524,0.025483139496465745,1
comprehension,own,neutral,4100,-1,0,1,0,aPaPaPaPaQ,B,mistral-small,mistralai/mistral-small-3.2-24b-instruct,parasail/bf16,0,1.0,Parasail,B,7.71e-06,0.008577483417901103,0.028165735494951383,0
comprehension,own,neutral,4100,1,0,0,0,aPaQaPaPaP,A,mistral-small,mistralai/mistral-small-3.2-24b-instruct,parasail/bf16,0,1.0,Parasail,A,8.35e-06,0.9669140220880034,0.023585877071841746,0
comprehension,own,neutral,4100,1,0,1,0,aPaPaQaPaP,A,mistral-small,mistralai/mistral-small-3.2-24b-instruct,parasail/bf16,0,1.0,Parasail,A,8.35e-06,0.9986749773005699,0.011253193309531673,1
comprehension,own,neutral,4101,-1,0,0,0,aPaPrQaPaQaP,B,mistral-small,mistralai/mistral-small-3.2-24b-instruct,parasail/bf16,0,1.0,Parasail,B,8.25e-06,0.002182716270904848,0.025987233155453815,1
comprehension,own,neutral,4101,-1,0,1,0,aQaPaPaPrQaP,B,mistral-small,mistralai/mistral-small-3.2-24b-instruct,parasail/bf16,0,1.0,Parasail,B,8.25e-06,0.010986941375717587,0.03351642698678614,0
comprehension,own,neutral,4101,1,0,0,0,aPaPrQaQaPaP,A,mistral-small,mistralai/mistral-small-3.2-24b-instruct,parasail/bf16,0,1.0,Parasail,A,7.61e-06,0.9241418236349501,0.03170249396067275,0
comprehension,own,neutral,4101,1,0,1,0,aQaPaPaPrQaP,A,mistral-small,mistralai/mistral-small-3.2-24b-instruct,parasail/bf16,0,1.0,Parasail,A,8.25e-06,0.9988304897980437,0.011521631175678837,1
comprehension,own,neutral,4110,-1,0,0,0,aPaPaPaQaPrP,B,mistral-small,mistralai/mistral-small-3.2-24b-instruct,parasail/bf16,0,1.0,Parasail,B,7.61e-06,0.00170072224698765,0.024391469720152825,1
comprehension,own,neutral,4110,-1,0,1,0,rPaQaPaPaPaP,B,mistral-small,mistralai/mistral-small-3.2-24b-instruct,parasail/bf16,0,1.0,Parasail,B,8.25e-06,0.012431652042316152,0.017910616971375526,0
comprehension,own,neutral,4110,1,0,0,0,rPaPaPaQaPaP,A,mistral-small,mistralai/mistral-small-3.2-24b-instruct,parasail/bf16,0,1.0,Parasail,A,8.89e-06,0.9924227605109986,0.01416350112095031,0
comprehension,own,neutral,4110,1,0,1,0,rPaPaPaQaPaP,A,mistral-small,mistralai/mistral-small-3.2-24b-instruct,parasail/bf16,0,1.0,Parasail,A,8.89e-06,0.9988304895075697,0.008373013671041596,1
comprehension,own,neutral,4200,-1,0,0,0,aQaPaPaPaQaP,B,mistral-small,mistralai/mistral-small-3.2-24b-instruct,parasail/bf16,0,1.0,Parasail,B,8.89e-06,0.0031726822475111045,0.024234047187986274,0
comprehension,own,neutral,4200,-1,0,1,0,aQaPaPaPaQaP,B,mistral-small,mistralai/mistral-small-3.2-24b-instruct,parasail/bf16,0,1.0,Parasail,B,7.61e-06,0.02595735813968335,0.0394730343038423,0
comprehension,own,neutral,4200,1,0,0,0,aQaPaPaQaPaP,A,mistral-small,mistralai/mistral-small-3.2-24b-instruct,parasail/bf16,0,1.0,Parasail,A,8.89e-06,0.9669140243523636,0.026350058743731357,0
comprehension,own,neutral,4200,1,0,1,0,aQaPaPaPaPaQ,A,mistral-small,mistralai/mistral-small-3.2-24b-instruct,parasail/bf16,0,1.0,Parasail,Based,7.61e-06,0.9984988177251152,0.011844985084361936,1
comprehension,own,neutral,5000,-1,0,0,0,aPaPaPaPaP,B,mistral-small,mistralai/mistral-small-3.2-24b-instruct,parasail/bf16,0,1.0,Parasail,B,7.71e-06,0.012431649984206034,0.027159507912700387,0
comprehension,own,neutral,5000,-1,0,1,0,aPaPaPaPaP,B,mistral-small,mistralai/mistral-small-3.2-24b-instruct,parasail/bf16,0,1.0,Parasail,B,7.71e-06,0.04208772761523862,0.027997620107796384,0
comprehension,own,neutral,5000,1,0,0,0,aPaPaPaPaP,A,mistral-small,mistralai/mistral-small-3.2-24b-instruct,parasail/bf16,0,1.0,Parasail,A,7.71e-06,0.9859363730858902,0.01659256845376425,0
comprehension,own,neutral,5000,1,0,1,0,aPaPaPaPaP,A,mistral-small,mistralai/mistral-small-3.2-24b-instruct,parasail/bf16,0,1.0,Parasail,A,7.71e-06,0.9989677687241185,0.009578135789992594,0
comprehension,own,neutral,5001,-1,0,0,0,aPaPrQaPaPaP,B,mistral-small,mistralai/mistral-small-3.2-24b-instruct,parasail/bf16,0,1.0,Parasail,B,8.89e-06,0.0015011825191824095,0.018788578895722496,1
comprehension,own,neutral,5001,-1,0,1,0,aPrQaPaPaPaP,B,mistral-small,mistralai/mistral-small-3.2-24b-instruct,parasail/bf16,0,1.0,Parasail,B,7.61e-06,0.012431650578771143,0.02205458906733626,0
comprehension,own,neutral,5001,1,0,0,0,rQaPaPaPaPaP,A,mistral-small,mistralai/mistral-small-3.2-24b-instruct,parasail/bf16,0,1.0,Parasail,A,8.89e-06,0.995929861423362,0.009706445878355945,0
comprehension,own,neutral,5001,1,0,1,0,aPaPaPaPaPrQ,A,mistral-small,mistralai/mistral-small-3.2-24b-instruct,parasail/bf16,0,1.0,Parasail,A,7.61e-06,0.9990889488530711,0.007423315355448712,1
comprehension,own,neutral,5010,-1,0,0,0,aPaPaPrPaPaP,B,mistral-small,mistralai/mistral-small-3.2-24b-instruct,parasail/bf16,0,1.0,Parasail,B,7.61e-06,0.003172682871939355,0.024861236991086,0
comprehension,own,neutral,5010,-1,0,1,0,aPaPrPaPaPaP,B,mistral-small,mistralai/mistral-small-3.2-24b-instruct,parasail/bf16,0,1.0,Parasail,B,8.89e-06,0.01798620680375384,0.017299179545520627,0
comprehension,own,neutral,5010,1,0,0,0,aPaPaPrPaPaP,A,mistral-small,mistralai/mistral-small-3.2-24b-instruct,parasail/bf16,0,1.0,Parasail,A,8.89e-06,0.9840936056057696,0.01575378333755622,0
comprehension,own,neutral,5010,1,0,1,0,aPaPaPaPaPrP,A,mistral-small,mistralai/mistral-small-3.2-24b-instruct,parasail/bf16,0,1.0,Parasail,A,8.25e-06,0.998967768995897,0.007061735280545404,0
comprehension,own,neutral,5100,-1,0,0,0,aPaPaPaPaQaP,B,mistral-small,mistralai/mistral-small-3.2-24b-instruct,parasail/bf16,0,1.0,Parasail,B,8.25e-06,0.002800926982728534,0.02143153404749476,0
comprehension,own,neutral,5100,-1,0,1,0,aPaPaQaPaPaP,B,mistral-small,mistralai/mistral-small-3.2-24b-instruct,parasail/bf16,0,1.0,Parasail,B,8.89e-06,0.01590639503567764,0.02944599586786545,0
comprehension,own,neutral,5100,1,0,0,0,aQaPaPaPaPaP,A,mistral-small,mistralai/mistral-small-3.2-24b-instruct,parasail/bf16,0,1.0,Parasail,A,8.89e-06,0.9770226283337323,0.015230725463418006,0
comprehension,own,neutral,5100,1,0,1,0,aPaQaPaPaPaP,A,mistral-small,mistralai/mistral-small-3.2-24b-instruct,parasail/bf16,0,1.0,Parasail,A,8.89e-06,0.9989677687625325,0.010939596812558627,1
comprehension,own,neutral,6000,-1,0,0,0,aPaPaPaPaPaP,B,mistral-small,mistralai/mistral-small-3.2-24b-instruct,parasail/bf16,0,1.0,Parasail,B,8.89e-06,0.01590639025398031,0.02196554210107604,0
comprehension,own,neutral,6000,-1,0,1,0,aPaPaPaPaPaP,B,mistral-small,mistralai/mistral-small-3.2-24b-instruct,parasail/bf16,0,1.0,Parasail,A,8.89e-06,0.04208772611333754,0.02171753118775388,0
comprehension,own,neutral,6000,1,0,0,0,aPaPaPaPaPaP,A,mistral-small,mistralai/mistral-small-3.2-24b-instruct,parasail/bf16,0,1.0,Parasail,A,8.89e-06,0.9706877673407196,0.014387759838734346,0
comprehension,own,neutral,6000,1,0,1,0,aPaPaPaPaPaP,A,mistral-small,mistralai/mistral-small-3.2-24b-instruct,parasail/bf16,0,1.0,Parasail,A,7.61e-06,0.9982992776439076,0.008501058217935493,0
comprehension,rival_majority,neutral,0001,-1,0,0,0,rQ,B,mistral-small,mistralai/mistral-small-3.2-24b-instruct,parasail/bf16,0,1.0,Parasail,Let,7.1e-06,0.11920290950590741,0.5798572220231397,1
comprehension,rival_majority,neutral,0001,-1,0,1,0,rQ,B,mistral-small,mistralai/mistral-small-3.2-24b-instruct,parasail/bf16,0,1.0,Parasail,B,6.46e-06,0.5,0.521023572284006,0
comprehension,rival_majority,neutral,0001,1,0,0,0,rQ,B,mistral-small,mistralai/mistral-small-3.2-24b-instruct,parasail/bf16,0,1.0,Parasail,Given,6.46e-06,0.06008664344151497,0.46825954961016436,1
comprehension,rival_majority,neutral,0001,1,0,1,0,rQ,B,mistral-small,mistralai/mistral-small-3.2-24b-instruct,parasail/bf16,0,1.0,Parasail,To,6.46e-06,0.10669059962643361,0.405734142274933,0
comprehension,rival_majority,neutral,0002,-1,0,0,0,rQrQ,B,mistral-small,mistralai/mistral-small-3.2-24b-instruct,parasail/bf16,0,1.0,Parasail,Based,7.64e-06,0.010986943602109866,0.20315281432040766,1
comprehension,rival_majority,neutral,0002,-1,0,1,0,rQrQ,B,mistral-small,mistralai/mistral-small-3.2-24b-instruct,parasail/bf16,0,1.0,Parasail,B,7e-06,0.00591106981941633,0.13085807438623365,0
comprehension,rival_majority,neutral,0002,1,0,0,0,rQrQ,B,mistral-small,mistralai/mistral-small-3.2-24b-instruct,parasail/bf16,0,1.0,Parasail,B,7e-06,0.0013250226932681422,0.10857688131746113,1
comprehension,rival_majority,neutral,0002,1,0,1,0,rQrQ,B,mistral-small,mistralai/mistral-small-3.2-24b-instruct,parasail/bf16,0,1.0,Parasail,B,7e-06,0.001325022436931372,0.06776195103716964,1
comprehension,rival_majority,neutral,0003,-1,0,0,0,rQrQrQ,B,mistral-small,mistralai/mistral-small-3.2-24b-instruct,parasail/bf16,0,1.0,Parasail,B,7.54e-06,0.0019267344269215444,0.05906032288984242,1
comprehension,rival_majority,neutral,0003,-1,0,1,0,rQrQrQ,B,mistral-small,mistralai/mistral-small-3.2-24b-instruct,parasail/bf16,0,1.0,Parasail,B,7.54e-06,0.0013250223925653976,0.03827773864343431,1
comprehension,rival_majority,neutral,0003,1,0,0,0,rQrQrQ,B,mistral-small,mistralai/mistral-small-3.2-24b-instruct,parasail/bf16,0,1.0,Parasail,B,7.54e-06,0.0011695104478256675,0.03134583864377061,1
comprehension,rival_majority,neutral,0003,1,0,1,0,rQrQrQ,B,mistral-small,mistralai/mistral-small-3.2-24b-instruct,parasail/bf16,0,1.0,Parasail,B,7.54e-06,0.001032231082851512,0.027143601423672337,1
comprehension,rival_majority,neutral,0004,-1,0,0,0,rQrQrQrQ,B,mistral-small,mistralai/mistral-small-3.2-24b-instruct,parasail/bf16,0,1.0,Parasail,B,7.44e-06,0.0028009267850327715,0.027093392654312543,1
comprehension,rival_majority,neutral,0004,-1,0,1,0,rQrQrQrQ,B,mistral-small,mistralai/mistral-small-3.2-24b-instruct,parasail/bf16,0,1.0,Parasail,B,7.44e-06,0.0021827167171475878,0.018852158906133565,1
comprehension,rival_majority,neutral,0004,1,0,0,0,rQrQrQrQ,B,mistral-small,mistralai/mistral-small-3.2-24b-instruct,parasail/bf16,0,1.0,Parasail,Based,7.44e-06,0.0019267351182298785,0.014657493579249947,1
comprehension,rival_majority,neutral,0004,1,0,1,0,rQrQrQrQ,B,mistral-small,mistralai/mistral-small-3.2-24b-instruct,parasail/bf16,0,1.0,Parasail,B,7.44e-06,0.001926735116438924,0.014538613966944225,1
comprehension,rival_majority,neutral,0005,-1,0,0,0,rQrQrQrQrQ,B,mistral-small,mistralai/mistral-small-3.2-24b-instruct,parasail/bf16,0,1.0,Parasail,B,7.98e-06,0.002472622743153968,0.024417451878446128,1
comprehension,rival_majority,neutral,0005,-1,0,1,0,rQrQrQrQrQ,B,mistral-small,mistralai/mistral-small-3.2-24b-instruct,parasail/bf16,0,1.0,Parasail,B,8.62e-06,0.0024726229912424434,0.022935247459134,1
comprehension,rival_majority,neutral,0005,1,0,0,0,rQrQrQrQrQ,B,mistral-small,mistralai/mistral-small-3.2-24b-instruct,parasail/bf16,0,1.0,Parasail,B,7.98e-06,0.0017007226849876436,0.014294629855149732,1
comprehension,rival_majority,neutral,0005,1,0,1,0,rQrQrQrQrQ,B,mistral-small,mistralai/mistral-small-3.2-24b-instruct,parasail/bf16,0,1.0,Parasail,B,7.98e-06,0.0017007223165616484,0.015966740696382486,1
comprehension,rival_majority,neutral,0006,-1,0,0,0,rQrQrQrQrQrQ,B,mistral-small,mistralai/mistral-small-3.2-24b-instruct,parasail/bf16,0,1.0,Parasail,B,8.52e-06,0.0013250223753119637,0.01479300601960376,1
comprehension,rival_majority,neutral,0006,-1,0,1,0,rQrQrQrQrQrQ,B,mistral-small,mistralai/mistral-small-3.2-24b-instruct,parasail/bf16,0,1.0,Parasail,B,7.88e-06,0.0015011819984795769,0.014541971209373505,1
comprehension,rival_majority,neutral,0006,1,0,0,0,rQrQrQrQrQrQ,B,mistral-small,mistralai/mistral-small-3.2-24b-instruct,parasail/bf16,0,1.0,Parasail,B,7.88e-06,0.0010322308706146735,0.008580218010385887,1
comprehension,rival_majority,neutral,0006,1,0,1,0,rQrQrQrQrQrQ,B,mistral-small,mistralai/mistral-small-3.2-24b-instruct,parasail/bf16,0,1.0,Parasail,B,8.52e-06,0.0013250221768974877,0.01001677586300398,1
comprehension,rival_majority,neutral,0010,-1,0,0,0,rP,A,mistral-small,mistralai/mistral-small-3.2-24b-instruct,parasail/bf16,0,1.0,Parasail,A,6.46e-06,0.9046505299595163,0.48799387029017516,0
comprehension,rival_majority,neutral,0010,-1,0,1,0,rP,A,mistral-small,mistralai/mistral-small-3.2-24b-instruct,parasail/bf16,0,1.0,Parasail,A,6.46e-06,0.9820137897747137,0.1781509007565576,1
comprehension,rival_majority,neutral,0010,1,0,0,0,rP,A,mistral-small,mistralai/mistral-small-3.2-24b-instruct,parasail/bf16,0,1.0,Parasail,A,7.1e-06,0.8933094003735664,0.3554661187427338,0
comprehension,rival_majority,neutral,0010,1,0,1,0,rP,A,mistral-small,mistralai/mistral-small-3.2-24b-instruct,parasail/bf16,0,1.0,Parasail,Based,7.1e-06,0.9859363748163087,0.19268479546823236,1
comprehension,rival_majority,neutral,0012,-1,0,0,0,rPrQrQ,B,mistral-small,mistralai/mistral-small-3.2-24b-instruct,parasail/bf16,0,1.0,Parasail,B,7.54e-06,0.029312231175339414,0.2041937522004703,1
comprehension,rival_majority,neutral,0012,-1,0,1,0,rQrQrP,B,mistral-small,mistralai/mistral-small-3.2-24b-instruct,parasail/bf16,0,1.0,Parasail,B,7.54e-06,0.07585818002124355,0.44523834567156995,1
comprehension,rival_majority,neutral,0012,1,0,0,0,rPrQrQ,B,mistral-small,mistralai/mistral-small-3.2-24b-instruct,parasail/bf16,0,1.0,Parasail,B,7.54e-06,0.04208772611333753,0.2166310923728776,1
comprehension,rival_majority,neutral,0012,1,0,1,0,rQrQrP,B,mistral-small,mistralai/mistral-small-3.2-24b-instruct,parasail/bf16,0,1.0,Parasail,B,7.54e-06,0.05340333130637379,0.39013205338202284,1
comprehension,rival_majority,neutral,0013,-1,0,0,0,rPrQrQrQ,B,mistral-small,mistralai/mistral-small-3.2-24b-instruct,parasail/bf16,0,1.0,Parasail,B,8.08e-06,0.007577240091292332,0.07095113024176802,1
comprehension,rival_majority,neutral,0013,-1,0,1,0,rPrQrQrQ,B,mistral-small,mistralai/mistral-small-3.2-24b-instruct,parasail/bf16,0,1.0,Parasail,B,7.44e-06,0.005911069928867764,0.05537427422263019,1
comprehension,rival_majority,neutral,0013,1,0,0,0,rQrPrQrQ,B,mistral-small,mistralai/mistral-small-3.2-24b-instruct,parasail/bf16,0,1.0,Parasail,B,8.08e-06,0.033085976958581766,0.18707162066472427,1
comprehension,rival_majority,neutral,0013,1,0,1,0,rPrQrQrQ,B,mistral-small,mistralai/mistral-small-3.2-24b-instruct,parasail/bf16,0,1.0,Parasail,B,7.44e-06,0.008577486427457372,0.06495598811627412,1
comprehension,rival_majority,neutral,0014,-1,0,0,0,rQrQrQrPrQ,B,mistral-small,mistralai/mistral-small-3.2-24b-instruct,parasail/bf16,0,1.0,Parasail,B,7.98e-06,0.00970847504884346,0.08910735736223385,1
comprehension,rival_majority,neutral,0014,-1,0,1,0,rQrPrQrQrQ,B,mistral-small,mistralai/mistral-small-3.2-24b-instruct,parasail/bf16,0,1.0,Parasail,B,8.62e-06,0.008577483766375986,0.07313166145759165,1
comprehension,rival_majority,neutral,0014,1,0,0,0,rQrQrQrQrP,B,mistral-small,mistralai/mistral-small-3.2-24b-instruct,parasail/bf16,0,1.0,Parasail,B,7.98e-06,0.00857748636409828,0.0517326649734714,1
comprehension,rival_majority,neutral,0014,1,0,1,0,rPrQrQrQrQ,B,mistral-small,mistralai/mistral-small-3.2-24b-instruct,parasail/bf16,0,1.0,Parasail,B,7.98e-06,0.0024726235517387204,0.039752047063937423,1
comprehension,rival_majority,neutral,0015,-1,0,0,0,rQrQrQrQrPrQ,B,mistral-small,mistralai/mistral-small-3.2-24b-instruct,parasail/bf16,0,1.0,Parasail,B,8.52e-06,0.00669285191492257,0.06801497686320579,1
comprehension,rival_majority,neutral,0015,-1,0,1,0,rQrPrQrQrQrQ,B,mistral-small,mistralai/mistral-small-3.2-24b-instruct,parasail/bf16,0,1.0,Parasail,B,7.88e-06,0.004609572675066566,0.03803477976865177,1
comprehension,rival_majority,neutral,0015,1,0,0,0,rQrQrQrQrQrP,B,mistral-small,mistralai/mistral-small-3.2-24b-instruct,parasail/bf16,0,1.0,Parasail,B,8.52e-06,0.005911069359720327,0.03267048866937561,1
comprehension,rival_majority,neutral,0015,1,0,1,0,rPrQrQrQrQrQ,B,mistral-small,mistralai/mistral-small-3.2-24b-instruct,parasail/bf16,0,1.0,Parasail,B,9.16e-06,0.001501182136682188,0.02528985095047087,1
comprehension,rival_majority,neutral,0020,-1,0,0,0,rPrP,A,mistral-small,mistralai/mistral-small-3.2-24b-instruct,parasail/bf16,0,1.0,Parasail,A,7e-06,0.9978172832625687,0.10615875435319089,1
comprehension,rival_majority,neutral,0020,-1,0,1,0,rPrP,A,mistral-small,mistralai/mistral-small-3.2-24b-instruct,parasail/bf16,0,1.0,Parasail,A,7e-06,0.9988304897175379,0.03894753009485019,1
comprehension,rival_majority,neutral,0020,1,0,0,0,rPrP,A,mistral-small,mistralai/mistral-small-3.2-24b-instruct,parasail/bf16,0,1.0,Parasail,A,7.64e-06,0.9953904280941112,0.1290391589716655,1
comprehension,rival_majority,neutral,0020,1,0,1,0,rPrP,A,mistral-small,mistralai/mistral-small-3.2-24b-instruct,parasail/bf16,0,1.0,Parasail,A,7e-06,0.9986749774496889,0.05102927067458163,1
comprehension,rival_majority,neutral,0021,-1,0,0,0,rPrPrQ,A,mistral-small,mistralai/mistral-small-3.2-24b-instruct,parasail/bf16,0,1.0,Parasail,The,7.54e-06,0.9241418241572634,0.4013977363335405,0
comprehension,rival_majority,neutral,0021,-1,0,1,0,rQrPrP,A,mistral-small,mistralai/mistral-small-3.2-24b-instruct,parasail/bf16,0,1.0,Parasail,A,7.54e-06,0.9859363714071259,0.09051466111498552,1
comprehension,rival_majority,neutral,0021,1,0,0,0,rPrPrQ,A,mistral-small,mistralai/mistral-small-3.2-24b-instruct,parasail/bf16,0,1.0,Parasail,A,7.54e-06,0.9579122720843811,0.215971926712049,1
comprehension,rival_majority,neutral,0021,1,0,1,0,rPrQrP,A,mistral-small,mistralai/mistral-small-3.2-24b-instruct,parasail/bf16,0,1.0,Parasail,A,7.54e-06,0.9740426454394852,0.1455795184430787,1
comprehension,rival_majority,neutral,0023,-1,0,0,0,rPrQrQrQrP,B,mistral-small,mistralai/mistral-small-3.2-24b-instruct,parasail/bf16,0,1.0,Parasail,B,7.98e-06,0.04208772611333754,0.2138850717274825,1
comprehension,rival_majority,neutral,0023,-1,0,1,0,rQrQrPrQrP,B,mistral-small,mistralai/mistral-small-3.2-24b-instruct,parasail/bf16,0,1.0,Parasail,B,8.62e-06,0.03308597552845946,0.32946624890265763,1
comprehension,rival_majority,neutral,0023,1,0,0,0,rPrQrPrQrQ,B,mistral-small,mistralai/mistral-small-3.2-24b-instruct,parasail/bf16,0,1.0,Parasail,Let,7.98e-06,0.05340333582602272,0.2962934336360493,1
comprehension,rival_majority,neutral,0023,1,0,1,0,rQrQrQrPrP,B,mistral-small,mistralai/mistral-small-3.2-24b-instruct,parasail/bf16,0,1.0,Parasail,B,8.62e-06,0.012431649389640951,0.12406453351345281,1
comprehension,rival_majority,neutral,0024,-1,0,0,0,rQrQrQrPrPrQ,B,mistral-small,mistralai/mistral-small-3.2-24b-instruct,parasail/bf16,0,1.0,Parasail,B,7.88e-06,0.02033235556877487,0.1147474540259027,1
comprehension,rival_majority,neutral,0024,-1,0,1,0,rQrQrPrQrQrP,B,mistral-small,mistralai/mistral-small-3.2-24b-instruct,parasail/bf16,0,1.0,Parasail,The,9.16e-06,0.017986208119727825,0.15148574086853916,1
comprehension,rival_majority,neutral,0024,1,0,0,0,rQrPrQrQrQrP,B,mistral-small,mistralai/mistral-small-3.2-24b-instruct,parasail/bf16,0,1.0,Parasail,The,8.52e-06,0.014063628282948359,0.21730178692271884,1
comprehension,rival_majority,neutral,0024,1,0,1,0,rQrQrPrPrQrQ,B,mistral-small,mistralai/mistral-small-3.2-24b-instruct,parasail/bf16,0,1.0,Parasail,B,9.16e-06,0.03732689162774753,0.2785843747773954,0
comprehension,rival_majority,neutral,0030,-1,0,0,0,rPrPrP,A,mistral-small,mistralai/mistral-small-3.2-24b-instruct,parasail/bf16,0,1.0,Parasail,A,7.54e-06,0.9993736657252998,0.030302357579177208,1
comprehension,rival_majority,neutral,0030,-1,0,1,0,rPrPrP,A,mistral-small,mistralai/mistral-small-3.2-24b-instruct,parasail/bf16,0,1.0,Parasail,A,7.54e-06,0.9995121427859375,0.014162570827708443,1
comprehension,rival_majority,neutral,0030,1,0,0,0,rPrPrP,A,mistral-small,mistralai/mistral-small-3.2-24b-instruct,parasail/bf16,0,1.0,Parasail,A,7.54e-06,0.9995121428835756,0.027087412442682868,1
comprehension,rival_majority,neutral,0030,1,0,1,0,rPrPrP,A,mistral-small,mistralai/mistral-small-3.2-24b-instruct,parasail/bf16,0,1.0,Parasail,A,7.54e-06,0.9994472214690697,0.016653779549585468,1
comprehension,rival_majority,neutral,0031,-1,0,0,0,rQrPrPrP,A,mistral-small,mistralai/mistral-small-3.2-24b-instruct,parasail/bf16,0,1.0,Parasail,A,7.44e-06,0.9820137895115187,0.12074913809970433,1
comprehension,rival_majority,neutral,0031,-1,0,1,0,rPrPrPrQ,A,mistral-small,mistralai/mistral-small-3.2-24b-instruct,parasail/bf16,0,1.0,Parasail,A,8.08e-06,0.9975273770271345,0.026876245729849813,1
comprehension,rival_majority,neutral,0031,1,0,0,0,rPrPrPrQ,A,mistral-small,mistralai/mistral-small-3.2-24b-instruct,parasail/bf16,0,1.0,Parasail,A,7.44e-06,0.9933071488775876,0.036862928281167884,1
comprehension,rival_majority,neutral,0031,1,0,1,0,rQrPrPrP,A,mistral-small,mistralai/mistral-small-3.2-24b-instruct,parasail/bf16,0,1.0,Parasail,A,7.44e-06,0.9968273171339515,0.024925482227383666,1
comprehension,rival_majority,neutral,0032,-1,0,0,0,rPrPrPrQrQ,A,mistral-small,mistralai/mistral-small-3.2-24b-instruct,parasail/bf16,0,1.0,Parasail,A,7.98e-06,0.679178699175393,0.18704828067835483,0
comprehension,rival_majority,neutral,0032,-1,0,1,0,rPrQrQrPrP,A,mistral-small,mistralai/mistral-small-3.2-24b-instruct,parasail/bf16,0,1.0,Parasail,B,7.98e-06,0.8354835411997896,0.15129974261219986,0
comprehension,rival_majority,neutral,0032,1,0,0,0,rPrQrQrPrP,A,mistral-small,mistralai/mistral-small-3.2-24b-instruct,parasail/bf16,0,1.0,Parasail,A,8.62e-06,0.9770226280828406,0.15596493335929507,1
comprehension,rival_majority,neutral,0032,1,0,1,0,rQrQrPrPrP,A,mistral-small,mistralai/mistral-small-3.2-24b-instruct,parasail/bf16,0,1.0,Parasail,A,8.62e-06,0.994088931362659,0.07040485525957829,1
comprehension,rival_majority,neutral,0040,-1,0,0,0,rPrPrPrP,A,mistral-small,mistralai/mistral-small-3.2-24b-instruct,parasail/bf16,0,1.0,Parasail,A,7.44e-06,0.9993736658442224,0.01744701649216429,1
comprehension,rival_majority,neutral,0040,-1,0,1,0,rPrPrPrP,A,mistral-small,mistralai/mistral-small-3.2-24b-instruct,parasail/bf16,0,1.0,Parasail,A,7.44e-06,0.998674977669054,0.008718345261618299,1
comprehension,rival_majority,neutral,0040,1,0,0,0,rPrPrPrP,A,mistral-small,mistralai/mistral-small-3.2-24b-instruct,parasail/bf16,0,1.0,Parasail,A,7.44e-06,0.9990889486174078,0.014103827868637286,1
comprehension,rival_majority,neutral,0040,1,0,1,0,rPrPrPrP,A,mistral-small,mistralai/mistral-small-3.2-24b-instruct,parasail/bf16,0,1.0,Parasail,A,8.08e-06,0.9989677689430778,0.009517881096550385,1
comprehension,rival_majority,neutral,0041,-1,0,0,0,rPrQrPrPrP,A,mistral-small,mistralai/mistral-small-3.2-24b-instruct,parasail/bf16,0,1.0,Parasail,A,7.98e-06,0.9902915255958403,0.07996123604709193,1
comprehension,rival_majority,neutral,0041,-1,0,1,0,rPrQrPrPrP,A,mistral-small,mistralai/mistral-small-3.2-24b-instruct,parasail/bf16,0,1.0,Parasail,A,7.98e-06,0.996406397491945,0.024844550018969236,1
comprehension,rival_majority,neutral,0041,1,0,0,0,rQrPrPrPrP,A,mistral-small,mistralai/mistral-small-3.2-24b-instruct,parasail/bf16,0,1.0,Parasail,A,7.98e-06,0.9980732650214645,0.034841114846194676,1
comprehension,rival_majority,neutral,0041,1,0,1,0,rPrPrPrPrQ,A,mistral-small,mistralai/mistral-small-3.2-24b-instruct,parasail/bf16,0,1.0,Parasail,A,7.98e-06,0.9980732653760735,0.016079851913333054,1
comprehension,rival_majority,neutral,0042,-1,0,0,0,rQrPrPrPrPrQ,A,mistral-small,mistralai/mistral-small-3.2-24b-instruct,parasail/bf16,0,1.0,Parasail,A,9.16e-06,0.9740426446859761,0.19411465680296836,1
comprehension,rival_majority,neutral,0042,-1,0,1,0,rPrPrQrPrPrQ,A,mistral-small,mistralai/mistral-small-3.2-24b-instruct,parasail/bf16,0,1.0,Parasail,A,7.88e-06,0.9940889324790634,0.05686634216039843,1
comprehension,rival_majority,neutral,0042,1,0,0,0,rQrPrPrPrPrQ,A,mistral-small,mistralai/mistral-small-3.2-24b-instruct,parasail/bf16,0,1.0,Parasail,A,9.16e-06,0.9902915240915782,0.09327931856097416,1
comprehension,rival_majority,neutral,0042,1,0,1,0,rQrPrPrPrQrP,A,mistral-small,mistralai/mistral-small-3.2-24b-instruct,parasail/bf16,0,1.0,Parasail,A,7.88e-06,0.9947798731457432,0.045742130803846925,1
comprehension,rival_majority,neutral,0050,-1,0,0,0,rPrPrPrPrP,A,mistral-small,mistralai/mistral-small-3.2-24b-instruct,parasail/bf16,0,1.0,Parasail,A,7.98e-06,0.9993736658337292,0.01678666962099984,1
comprehension,rival_majority,neutral,0050,-1,0,1,0,rPrPrPrPrP,A,mistral-small,mistralai/mistral-small-3.2-24b-instruct,parasail/bf16,0,1.0,Parasail,A,7.98e-06,0.9989677688969811,0.007883842452420353,1
comprehension,rival_majority,neutral,0050,1,0,0,0,rPrPrPrPrP,A,mistral-small,mistralai/mistral-small-3.2-24b-instruct,parasail/bf16,0,1.0,Parasail,A,7.98e-06,0.9993736658943565,0.013833660136305714,1
comprehension,rival_majority,neutral,0050,1,0,1,0,rPrPrPrPrP,A,mistral-small,mistralai/mistral-small-3.2-24b-instruct,parasail/bf16,0,1.0,Parasail,A,8.62e-06,0.9989677687999861,0.009971793533225415,1
comprehension,rival_majority,neutral,0051,-1,0,0,0,rPrQrPrPrPrP,A,mistral-small,mistralai/mistral-small-3.2-24b-instruct,parasail/bf16,0,1.0,Parasail,A,9.16e-06,0.995390428538525,0.039053218930959255,1
comprehension,rival_majority,neutral,0051,-1,0,1,0,rPrPrPrPrQrP,A,mistral-small,mistralai/mistral-small-3.2-24b-instruct,parasail/bf16,0,1.0,Parasail,A,7.88e-06,0.9978172832382282,0.023721113335770427,1
comprehension,rival_majority,neutral,0051,1,0,0,0,rPrPrPrQrPrP,A,mistral-small,mistralai/mistral-small-3.2-24b-instruct,parasail/bf16,0,1.0,Parasail,A,9.16e-06,0.9975273765263633,0.030587552954253305,1
comprehension,rival_majority,neutral,0051,1,0,1,0,rPrPrPrPrQrP,A,mistral-small,mistralai/mistral-small-3.2-24b-instruct,parasail/bf16,0,1.0,Parasail,A,7.88e-06,0.998073264964154,0.017795257465553438,1
comprehension,rival_majority,neutral,0060,-1,0,0,0,rPrPrPrPrPrP,A,mistral-small,mistralai/mistral-small-3.2-24b-instruct,parasail/bf16,0,1.0,Parasail,A,7.88e-06,0.9994472213383789,0.012408398692376754,1
comprehension,rival_majority,neutral,0060,-1,0,1,0,rPrPrPrPrPrP,A,mistral-small,mistralai/mistral-small-3.2-24b-instruct,parasail/bf16,0,1.0,Parasail,A,7.88e-06,0.9991959141204904,0.005024097841398678,1
comprehension,rival_majority,neutral,0060,1,0,0,0,rPrPrPrPrPrP,A,mistral-small,mistralai/mistral-small-3.2-24b-instruct,parasail/bf16,0,1.0,Parasail,A,7.88e-06,0.999373665760277,0.009701225785238354,1
comprehension,rival_majority,neutral,0060,1,0,1,0,rPrPrPrPrPrP,A,mistral-small,mistralai/mistral-small-3.2-24b-instruct,parasail/bf16,0,1.0,Parasail,A,7.88e-06,0.9992903295507042,0.006601452944853703,1
comprehension,rival_majority,neutral,0101,-1,0,0,0,aQrQ,B,mistral-small,mistralai/mistral-small-3.2-24b-instruct,parasail/bf16,0,1.0,Parasail,B,7e-06,0.08509904500702024,0.41685909329144843,1
comprehension,rival_majority,neutral,0101,-1,0,1,0,aQrQ,B,mistral-small,mistralai/mistral-small-3.2-24b-instruct,parasail/bf16,0,1.0,Parasail,To,7e-06,0.40733340004593027,0.4783603701499201,0
comprehension,rival_majority,neutral,0101,1,0,0,0,rQaQ,B,mistral-small,mistralai/mistral-small-3.2-24b-instruct,parasail/bf16,0,1.0,Parasail,The,7.64e-06,0.11920292202211755,0.6056165439961527,1
comprehension,rival_majority,neutral,0101,1,0,1,0,rQaQ,B,mistral-small,mistralai/mistral-small-3.2-24b-instruct,parasail/bf16,0,1.0,Parasail,B,7e-06,0.14804718299591474,0.4521074966018227,0
comprehension,rival_majority,neutral,0102,-1,0,0,0,rQaQrQ,B,mistral-small,mistralai/mistral-small-3.2-24b-instruct,parasail/bf16,0,1.0,Parasail,B,6.9e-06,0.13296424019782926,0.5294163551337283,1
comprehension,rival_majority,neutral,0102,-1,0,1,0,rQaQrQ,B,mistral-small,mistralai/mistral-small-3.2-24b-instruct,parasail/bf16,0,1.0,Parasail,Let,6.9e-06,0.08509904964767095,0.3987311258744797,1
comprehension,rival_majority,neutral,0102,1,0,0,0,rQaQrQ,B,mistral-small,mistralai/mistral-small-3.2-24b-instruct,parasail/bf16,0,1.0,Parasail,The,7.54e-06,0.09534947518185828,0.36274414891398366,1
comprehension,rival_majority,neutral,0102,1,0,1,0,aQrQrQ,B,mistral-small,mistralai/mistral-small-3.2-24b-instruct,parasail/bf16,0,1.0,Parasail,Based,6.9e-06,0.009708477699210247,0.07944329069344536,1
comprehension,rival_majority,neutral,0103,-1,0,0,0,aQrQrQrQ,B,mistral-small,mistralai/mistral-small-3.2-24b-instruct,parasail/bf16,0,1.0,Parasail,B,7.44e-06,0.00460957248704532,0.07651602479436603,1
comprehension,rival_majority,neutral,0103,-1,0,1,0,rQrQrQaQ,B,mistral-small,mistralai/mistral-small-3.2-24b-instruct,parasail/bf16,0,1.0,Parasail,B,7.44e-06,0.02297736991002561,0.13736365392575334,1
comprehension,rival_majority,neutral,0103,1,0,0,0,rQaQrQrQ,B,mistral-small,mistralai/mistral-small-3.2-24b-instruct,parasail/bf16,0,1.0,Parasail,To,8.08e-06,0.02595735569077852,0.1389679687163683,1
comprehension,rival_majority,neutral,0103,1,0,1,0,rQrQrQaQ,B,mistral-small,mistralai/mistral-small-3.2-24b-instruct,parasail/bf16,0,1.0,Parasail,B,7.44e-06,0.014063627353171185,0.08051800816665189,1
comprehension,rival_majority,neutral,0104,-1,0,0,0,rQrQrQrQaQ,B,mistral-small,mistralai/mistral-small-3.2-24b-instruct,parasail/bf16,0,1.0,Parasail,B,7.98e-06,0.01243164810903933,0.12091324976759987,1
comprehension,rival_majority,neutral,0104,-1,0,1,0,rQrQrQaQrQ,B,mistral-small,mistralai/mistral-small-3.2-24b-instruct,parasail/bf16,0,1.0,Parasail,Based,7.98e-06,0.022977371582637088,0.13458292642470127,1
comprehension,rival_majority,neutral,0104,1,0,0,0,rQrQaQrQrQ,B,mistral-small,mistralai/mistral-small-3.2-24b-instruct,parasail/bf16,0,1.0,Parasail,B,7.98e-06,0.03308597934211908,0.1615218886946277,1
comprehension,rival_majority,neutral,0104,1,0,1,0,rQaQrQrQrQ,B,mistral-small,mistralai/mistral-small-3.2-24b-instruct,parasail/bf16,0,1.0,Parasail,B,7.98e-06,0.01098694263059318,0.07085779685508276,1
comprehension,rival_majority,neutral,0105,-1,0,0,0,rQrQrQrQaQrQ,B,mistral-small,mistralai/mistral-small-3.2-24b-instruct,parasail/bf16,0,1.0,Parasail,B,7.88e-06,0.01098694263059318,0.10903522117654851,1
comprehension,rival_majority,neutral,0105,-1,0,1,0,rQrQrQrQrQaQ,B,mistral-small,mistralai/mistral-small-3.2-24b-instruct,parasail/bf16,0,1.0,Parasail,B,7.88e-06,0.004070137655493203,0.0516353235134831,1
comprehension,rival_majority,neutral,0105,1,0,0,0,rQrQrQrQrQaQ,B,mistral-small,mistralai/mistral-small-3.2-24b-instruct,parasail/bf16,0,1.0,Parasail,B,7.88e-06,0.0028009263740337302,0.04497969758754483,1
comprehension,rival_majority,neutral,0105,1,0,1,0,aQrQrQrQrQrQ,B,mistral-small,mistralai/mistral-small-3.2-24b-instruct,parasail/bf16,0,1.0,Parasail,B,7.88e-06,0.0013250223827062924,0.02376144597054386,1
comprehension,rival_majority,neutral,0110,-1,0,0,0,rPaQ,A,mistral-small,mistralai/mistral-small-3.2-24b-instruct,parasail/bf16,0,1.0,Parasail,Let,7e-06,0.7549149868676284,0.6327585163166514,0
comprehension,rival_majority,neutral,0110,-1,0,1,0,rPaQ,A,mistral-small,mistralai/mistral-small-3.2-24b-instruct,parasail/bf16,0,1.0,Parasail,A,7e-06,0.952574122783325,0.35851766393419815,1
comprehension,rival_majority,neutral,0110,1,0,0,0,aQrP,A,mistral-small,mistralai/mistral-small-3.2-24b-instruct,parasail/bf16,0,1.0,Parasail,A,7e-06,0.9046505453836383,0.564972833008462,1
comprehension,rival_majority,neutral,0110,1,0,1,0,rPaQ,A,mistral-small,mistralai/mistral-small-3.2-24b-instruct,parasail/bf16,0,1.0,Parasail,To,7e-06,0.9465966702001757,0.3691321687056846,0
comprehension,rival_majority,neutral,0112,-1,0,0,0,rPrQrQaQ,B,mistral-small,mistralai/mistral-small-3.2-24b-instruct,parasail/bf16,0,1.0,Parasail,B,8.08e-06,0.07585818837825821,0.6574734160134807,1
comprehension,rival_majority,neutral,0112,-1,0,1,0,aQrQrPrQ,B,mistral-small,mistralai/mistral-small-3.2-24b-instruct,parasail/bf16,0,1.0,Parasail,To,8.08e-06,0.04208773031866069,0.4945467227401359,1
comprehension,rival_majority,neutral,0112,1,0,0,0,rQaQrPrQ,B,mistral-small,mistralai/mistral-small-3.2-24b-instruct,parasail/bf16,0,1.0,Parasail,Let,7.44e-06,0.053403341852221856,0.8837072947686267,1
comprehension,rival_majority,neutral,0112,1,0,1,0,rPaQrQrQ,B,mistral-small,mistralai/mistral-small-3.2-24b-instruct,parasail/bf16,0,1.0,Parasail,B,7.44e-06,0.060086646807761206,0.37503824233832406,1
comprehension,rival_majority,neutral,0113,-1,0,0,0,rQrQaQrQrP,B,mistral-small,mistralai/mistral-small-3.2-24b-instruct,parasail/bf16,0,1.0,Parasail,Let,8.62e-06,0.04208771830345275,0.6039288957399385,1
comprehension,rival_majority,neutral,0113,-1,0,1,0,rPrQaQrQrQ,B,mistral-small,mistralai/mistral-small-3.2-24b-instruct,parasail/bf16,0,1.0,Parasail,To,7.98e-06,0.05340332678672523,0.3567316380276936,1
comprehension,rival_majority,neutral,0113,1,0,0,0,aQrQrQrPrQ,B,mistral-small,mistralai/mistral-small-3.2-24b-instruct,parasail/bf16,0,1.0,Parasail,To,7.98e-06,0.025957360211833775,0.32283398511470385,1
comprehension,rival_majority,neutral,0113,1,0,1,0,aQrPrQrQrQ,B,mistral-small,mistralai/mistral-small-3.2-24b-instruct,parasail/bf16,0,1.0,Parasail,B,7.98e-06,0.01590639101205418,0.15677721173337356,1
comprehension,rival_majority,neutral,0114,-1,0,0,0,rPrQrQrQrQaQ,B,mistral-small,mistralai/mistral-small-3.2-24b-instruct,parasail/bf16,0,1.0,Parasail,B,7.88e-06,0.017986210751676075,0.12927926387060995,1
comprehension,rival_majority,neutral,0114,-1,0,1,0,rQaQrPrQrQrQ,B,mistral-small,mistralai/mistral-small-3.2-24b-instruct,parasail/bf16,0,1.0,Parasail,To,7.88e-06,0.025957354937269382,0.244279414412786,1
comprehension,rival_majority,neutral,0114,1,0,0,0,rQrPrQrQrQaQ,B,mistral-small,mistralai/mistral-small-3.2-24b-instruct,parasail/bf16,0,1.0,Parasail,To,7.88e-06,0.03308598220236406,0.5136673906669955,1
comprehension,rival_majority,neutral,0114,1,0,1,0,rQrQaQrPrQrQ,B,mistral-small,mistralai/mistral-small-3.2-24b-instruct,parasail/bf16,0,1.0,Parasail,B,7.88e-06,0.02595736322587103,0.4216368386960351,1
comprehension,rival_majority,neutral,0120,-1,0,0,0,rPaQrP,A,mistral-small,mistralai/mistral-small-3.2-24b-instruct,parasail/bf16,0,1.0,Parasail,A,6.9e-06,0.8933094174159127,0.5312499251917653,1
comprehension,rival_majority,neutral,0120,-1,0,1,0,aQrPrP,A,mistral-small,mistralai/mistral-small-3.2-24b-instruct,parasail/bf16,0,1.0,Parasail,A,6.9e-06,0.9859363735766059,0.1162287758565177,1
comprehension,rival_majority,neutral,0120,1,0,0,0,rPrPaQ,A,mistral-small,mistralai/mistral-small-3.2-24b-instruct,parasail/bf16,0,1.0,Parasail,A,6.9e-06,0.9626731158685837,0.2461543574835361,1
comprehension,rival_majority,neutral,0120,1,0,1,0,rPaQrP,A,mistral-small,mistralai/mistral-small-3.2-24b-instruct,parasail/bf16,0,1.0,Parasail,A,7.54e-06,0.9525741254760638,0.31561870360865707,1
comprehension,rival_majority,neutral,0121,-1,0,0,0,aQrPrQrP,A,mistral-small,mistralai/mistral-small-3.2-24b-instruct,parasail/bf16,0,1.0,Parasail,A,7.44e-06,0.6513548646660543,0.7738477876591439,0
comprehension,rival_majority,neutral,0121,-1,0,1,0,aQrQrPrP,A,mistral-small,mistralai/mistral-small-3.2-24b-instruct,parasail/bf16,0,1.0,Parasail,To,7.44e-06,0.977022630759019,0.2128655838802782,1
comprehension,rival_majority,neutral,0121,1,0,0,0,aQrPrQrP,A,mistral-small,mistralai/mistral-small-3.2-24b-instruct,parasail/bf16,0,1.0,Parasail,To,8.08e-06,0.9706877692486438,0.7134871426745707,1
comprehension,rival_majority,neutral,0121,1,0,1,0,rPaQrPrQ,A,mistral-small,mistralai/mistral-small-3.2-24b-instruct,parasail/bf16,0,1.0,Parasail,A,7.44e-06,0.9399133498259924,0.5974367581183482,0
comprehension,rival_majority,neutral,0123,-1,0,0,0,rQrPaQrQrQrP,B,mistral-small,mistralai/mistral-small-3.2-24b-instruct,parasail/bf16,0,1.0,Parasail,B,7.88e-06,0.01798620575097472,0.7735248511227386,1
comprehension,rival_majority,neutral,0123,-1,0,1,0,rQrPaQrQrQrP,B,mistral-small,mistralai/mistral-small-3.2-24b-instruct,parasail/bf16,0,1.0,Parasail,B,7.88e-06,0.03308597838870413,0.7981429161687601,0
comprehension,rival_majority,neutral,0123,1,0,0,0,rQrQaQrQrPrP,B,mistral-small,mistralai/mistral-small-3.2-24b-instruct,parasail/bf16,0,1.0,Parasail,A,7.88e-06,0.006692849339264816,0.7043693273863776,0
comprehension,rival_majority,neutral,0123,1,0,1,0,rPrPrQrQaQrQ,B,mistral-small,mistralai/mistral-small-3.2-24b-instruct,parasail/bf16,0,1.0,Parasail,Let,7.88e-06,0.025957357197796852,0.7397263983786864,0
comprehension,rival_majority,neutral,0130,-1,0,0,0,aQrPrPrP,A,mistral-small,mistralai/mistral-small-3.2-24b-instruct,parasail/bf16,0,1.0,Parasail,A,7.44e-06,0.9890130563169305,0.0735163607030227,1
comprehension,rival_majority,neutral,0130,-1,0,1,0,rPrPaQrP,A,mistral-small,mistralai/mistral-small-3.2-24b-instruct,parasail/bf16,0,1.0,Parasail,A,7.44e-06,0.9770226300899744,0.12374401099547838,1
comprehension,rival_majority,neutral,0130,1,0,0,0,rPrPrPaQ,A,mistral-small,mistralai/mistral-small-3.2-24b-instruct,parasail/bf16,0,1.0,Parasail,A,7.44e-06,0.9875683510677168,0.07063122555058088,1
comprehension,rival_majority,neutral,0130,1,0,1,0,rPrPrPaQ,A,mistral-small,mistralai/mistral-small-3.2-24b-instruct,parasail/bf16,0,1.0,Parasail,A,7.44e-06,0.9933071504873736,0.0518996455037094,1
comprehension,rival_majority,neutral,0131,-1,0,0,0,aQrQrPrPrP,A,mistral-small,mistralai/mistral-small-3.2-24b-instruct,parasail/bf16,0,1.0,Parasail,A,7.98e-06,0.9770226254066621,0.24488839519566452,1
comprehension,rival_majority,neutral,0131,-1,0,1,0,rPrQrPaQrP,A,mistral-small,mistralai/mistral-small-3.2-24b-instruct,parasail/bf16,0,1.0,Parasail,To,7.98e-06,0.9859363729567546,0.6156985142089015,1
comprehension,rival_majority,neutral,0131,1,0,0,0,rPrQrPaQrP,A,mistral-small,mistralai/mistral-small-3.2-24b-instruct,parasail/bf16,0,1.0,Parasail,A,7.98e-06,0.9669140177976359,0.7367825055277885,1
comprehension,rival_majority,neutral,0131,1,0,1,0,rPrPrQaQrP,A,mistral-small,mistralai/mistral-small-3.2-24b-instruct,parasail/bf16,0,1.0,Parasail,To,7.98e-06,0.9820137879323496,0.5398201777884118,1
comprehension,rival_majority,neutral,0132,-1,0,0,0,rPrQrQrPrPaQ,A,mistral-small,mistralai/mistral-small-3.2-24b-instruct,parasail/bf16,0,1.0,Parasail,To,7.88e-06,0.06754668363133542,0.7316723517987769,0
comprehension,rival_majority,neutral,0132,-1,0,1,0,aQrPrQrQrPrP,A,mistral-small,mistralai/mistral-small-3.2-24b-instruct,parasail/bf16,0,1.0,Parasail,To,9.16e-06,0.5312093733737563,0.5411559226553418,0
comprehension,rival_majority,neutral,0132,1,0,0,0,rPaQrPrQrQrP,A,mistral-small,mistralai/mistral-small-3.2-24b-instruct,parasail/bf16,0,1.0,Parasail,A,7.88e-06,0.8519528170040852,0.7326632023272157,0
comprehension,rival_majority,neutral,0132,1,0,1,0,rPrPrQrPrQaQ,A,mistral-small,mistralai/mistral-small-3.2-24b-instruct,parasail/bf16,0,1.0,Parasail,A,7.88e-06,0.991422514586288,0.46815843549751046,1
comprehension,rival_majority,neutral,0140,-1,0,0,0,rPrPaQrPrP,A,mistral-small,mistralai/mistral-small-3.2-24b-instruct,parasail/bf16,0,1.0,Parasail,A,7.98e-06,0.9770226287518853,0.1478457702222521,1
comprehension,rival_majority,neutral,0140,-1,0,1,0,rPaQrPrPrP,A,mistral-small,mistralai/mistral-small-3.2-24b-instruct,parasail/bf16,0,1.0,Parasail,A,7.98e-06,0.9875683512506599,0.07238622914290771,1
comprehension,rival_majority,neutral,0140,1,0,0,0,rPaQrPrPrP,A,mistral-small,mistralai/mistral-small-3.2-24b-instruct,parasail/bf16,0,1.0,Parasail,A,7.98e-06,0.9796676448764483,0.1021893076081235,1
comprehension,rival_majority,neutral,0140,1,0,1,0,rPaQrPrPrP,A,mistral-small,mistralai/mistral-small-3.2-24b-instruct,parasail/bf16,0,1.0,Parasail,A,8.62e-06,0.989013057045568,0.06445283490358777,1
comprehension,rival_majority,neutral,0141,-1,0,0,0,aQrQrPrPrPrP,A,mistral-small,mistralai/mistral-small-3.2-24b-instruct,parasail/bf16,0,1.0,Parasail,A,7.88e-06,0.9902915213695797,0.09267450464729066,1
comprehension,rival_majority,neutral,0141,-1,0,1,0,rPaQrPrPrQrP,A,mistral-small,mistralai/mistral-small-3.2-24b-instruct,parasail/bf16,0,1.0,Parasail,A,7.88e-06,0.9933071502644802,0.2710186237542983,1
comprehension,rival_majority,neutral,0141,1,0,0,0,rQrPrPaQrPrP,A,mistral-small,mistralai/mistral-small-3.2-24b-instruct,parasail/bf16,0,1.0,Parasail,Let,7.88e-06,0.9820137910906878,0.5231168092608929,1
comprehension,rival_majority,neutral,0141,1,0,1,0,aQrPrQrPrPrP,A,mistral-small,mistralai/mistral-small-3.2-24b-instruct,parasail/bf16,0,1.0,Parasail,A,7.88e-06,0.9924227589562474,0.06836937807279275,1
comprehension,rival_majority,neutral,0150,-1,0,0,0,aQrPrPrPrPrP,A,mistral-small,mistralai/mistral-small-3.2-24b-instruct,parasail/bf16,0,1.0,Parasail,A,7.88e-06,0.9980732655050222,0.028150992665988306,1
comprehension,rival_majority,neutral,0150,-1,0,1,0,rPrPrPrPrPaQ,A,mistral-small,mistralai/mistral-small-3.2-24b-instruct,parasail/bf16,0,1.0,Parasail,A,7.88e-06,0.9984988174026423,0.025884420182679335,1
comprehension,rival_majority,neutral,0150,1,0,0,0,rPaQrPrPrPrP,A,mistral-small,mistralai/mistral-small-3.2-24b-instruct,parasail/bf16,0,1.0,Parasail,A,7.88e-06,0.993307148307971,0.04519493009736164,1
comprehension,rival_majority,neutral,0150,1,0,1,0,rPrPrPrPaQrP,A,mistral-small,mistralai/mistral-small-3.2-24b-instruct,parasail/bf16,0,1.0,Parasail,A,7.88e-06,0.9933071490014174,0.039594837614841394,1
comprehension,rival_majority,neutral,0201,-1,0,0,0,aQaQrQ,B,mistral-small,mistralai/mistral-small-3.2-24b-instruct,parasail/bf16,0,1.0,Parasail,B,7.54e-06,0.06008664512463808,0.3303893285422064,1
comprehension,rival_majority,neutral,0201,-1,0,1,0,aQrQaQ,B,mistral-small,mistralai/mistral-small-3.2-24b-instruct,parasail/bf16,0,1.0,Parasail,The,7.54e-06,0.20181322226037884,0.7457407185910474,1
comprehension,rival_majority,neutral,0201,1,0,0,0,aQaQrQ,B,mistral-small,mistralai/mistral-small-3.2-24b-instruct,parasail/bf16,0,1.0,Parasail,B,7.54e-06,0.07585818628900447,0.33988044346920954,1
comprehension,rival_majority,neutral,0201,1,0,1,0,rQaQaQ,B,mistral-small,mistralai/mistral-small-3.2-24b-instruct,parasail/bf16,0,1.0,Parasail,To,7.54e-06,0.1645164710892692,0.5942773025172093,1
comprehension,rival_majority,neutral,0202,-1,0,0,0,aQrQrQaQ,B,mistral-small,mistralai/mistral-small-3.2-24b-instruct,parasail/bf16,0,1.0,Parasail,Given,7.44e-06,0.04742587317756679,0.2301319337659551,1
comprehension,rival_majority,neutral,0202,-1,0,1,0,aQaQrQrQ,B,mistral-small,mistralai/mistral-small-3.2-24b-instruct,parasail/bf16,0,1.0,Parasail,B,7.44e-06,0.004070138410529826,0.08606431702700845,1
comprehension,rival_majority,neutral,0202,1,0,0,0,aQrQaQrQ,B,mistral-small,mistralai/mistral-small-3.2-24b-instruct,parasail/bf16,0,1.0,Parasail,B,7.44e-06,0.025957357197796852,0.1657144285880714,1
comprehension,rival_majority,neutral,0202,1,0,1,0,rQaQaQrQ,B,mistral-small,mistralai/mistral-small-3.2-24b-instruct,parasail/bf16,0,1.0,Parasail,To,8.08e-06,0.029312231175339418,0.156732026787486,1
comprehension,rival_majority,neutral,0203,-1,0,0,0,rQaQrQaQrQ,B,mistral-small,mistralai/mistral-small-3.2-24b-instruct,parasail/bf16,0,1.0,Parasail,B,7.98e-06,0.04742587317756679,0.27351929971889544,1
comprehension,rival_majority,neutral,0203,-1,0,1,0,rQrQrQaQaQ,B,mistral-small,mistralai/mistral-small-3.2-24b-instruct,parasail/bf16,0,1.0,Parasail,B,7.98e-06,0.02297737225168171,0.16252329539684818,1
comprehension,rival_majority,neutral,0203,1,0,0,0,rQrQrQaQaQ,B,mistral-small,mistralai/mistral-small-3.2-24b-instruct,parasail/bf16,0,1.0,Parasail,Based,7.98e-06,0.025957359458324513,0.17296310449910735,1
comprehension,rival_majority,neutral,0203,1,0,1,0,aQaQrQrQrQ,B,mistral-small,mistralai/mistral-small-3.2-24b-instruct,parasail/bf16,0,1.0,Parasail,B,7.98e-06,0.005911067893071418,0.07263788239886038,1
comprehension,rival_majority,neutral,0204,-1,0,0,0,rQrQaQrQaQrQ,B,mistral-small,mistralai/mistral-small-3.2-24b-instruct,parasail/bf16,0,1.0,Parasail,B,9.16e-06,0.03732688413141622,0.26960917863486733,1
comprehension,rival_majority,neutral,0204,-1,0,1,0,rQrQaQaQrQrQ,B,mistral-small,mistralai/mistral-small-3.2-24b-instruct,parasail/bf16,0,1.0,Parasail,B,7.88e-06,0.014063626216776943,0.10889580796761822,1
comprehension,rival_majority,neutral,0204,1,0,0,0,rQrQaQrQaQrQ,B,mistral-small,mistralai/mistral-small-3.2-24b-instruct,parasail/bf16,0,1.0,Parasail,B,7.88e-06,0.0293122277834748,0.18137128412870118,1
comprehension,rival_majority,neutral,0204,1,0,1,0,rQaQaQrQrQrQ,B,mistral-small,mistralai/mistral-small-3.2-24b-instruct,parasail/bf16,0,1.0,Parasail,B,7.88e-06,0.010986944573626638,0.06821674270600764,1
comprehension,rival_majority,neutral,0210,-1,0,0,0,rPaQaQ,A,mistral-small,mistralai/mistral-small-3.2-24b-instruct,parasail/bf16,0,1.0,Parasail,Given,6.9e-06,0.7981867777396212,0.8071819906190967,1
comprehension,rival_majority,neutral,0210,-1,0,1,0,aQrPaQ,A,mistral-small,mistralai/mistral-small-3.2-24b-instruct,parasail/bf16,0,1.0,Parasail,The,7.54e-06,0.8807970904940926,0.5763806464967909,1
comprehension,rival_majority,neutral,0210,1,0,0,0,rPaQaQ,A,mistral-small,mistralai/mistral-small-3.2-24b-instruct,parasail/bf16,0,1.0,Parasail,Let,6.9e-06,0.8354835371034368,0.7034770823877797,1
comprehension,rival_majority,neutral,0210,1,0,1,0,rPaQaQ,A,mistral-small,mistralai/mistral-small-3.2-24b-instruct,parasail/bf16,0,1.0,Parasail,Let,6.9e-06,0.9149009549929797,0.5089154486641245,1
comprehension,rival_majority,neutral,0212,-1,0,0,0,aQaQrQrQrP,B,mistral-small,mistralai/mistral-small-3.2-24b-instruct,parasail/bf16,0,1.0,Parasail,B,7.98e-06,0.037326886273225016,0.3053096105857732,1
comprehension,rival_majority,neutral,0212,-1,0,1,0,aQrPaQrQrQ,B,mistral-small,mistralai/mistral-small-3.2-24b-instruct,parasail/bf16,0,1.0,Parasail,B,7.98e-06,0.025957356444287677,0.3676616103437931,1
comprehension,rival_majority,neutral,0212,1,0,0,0,aQrQrQrPaQ,B,mistral-small,mistralai/mistral-small-3.2-24b-instruct,parasail/bf16,0,1.0,Parasail,To,7.98e-06,0.03308597457504462,0.7396350706676317,1
comprehension,rival_majority,neutral,0212,1,0,1,0,aQrPaQrQrQ,B,mistral-small,mistralai/mistral-small-3.2-24b-instruct,parasail/bf16,0,1.0,Parasail,B,7.98e-06,0.029312229055423984,0.521556146255639,1
comprehension,rival_majority,neutral,0213,-1,0,0,0,rQrQrQrPaQaQ,B,mistral-small,mistralai/mistral-small-3.2-24b-instruct,parasail/bf16,0,1.0,Parasail,B,8.52e-06,0.05340333130637379,0.39311033465957124,1
comprehension,rival_majority,neutral,0213,-1,0,1,0,aQrQrPaQrQrQ,B,mistral-small,mistralai/mistral-small-3.2-24b-instruct,parasail/bf16,0,1.0,Parasail,To,7.88e-06,0.02595735945832451,0.3850748841805981,1
comprehension,rival_majority,neutral,0213,1,0,0,0,aQaQrQrPrQrQ,B,mistral-small,mistralai/mistral-small-3.2-24b-instruct,parasail/bf16,0,1.0,Parasail,B,7.88e-06,0.020332356904444654,0.3197277486428278,1
comprehension,rival_majority,neutral,0213,1,0,1,0,aQaQrPrQrQrQ,B,mistral-small,mistralai/mistral-small-3.2-24b-instruct,parasail/bf16,0,1.0,Parasail,B,7.88e-06,0.03308598029553404,0.23122608222872432,1
comprehension,rival_majority,neutral,0220,-1,0,0,0,rPaQaQrP,A,mistral-small,mistralai/mistral-small-3.2-24b-instruct,parasail/bf16,0,1.0,Parasail,A,7.44e-06,0.9669140254249553,0.34859458952312783,1
comprehension,rival_majority,neutral,0220,-1,0,1,0,aQrPaQrP,A,mistral-small,mistralai/mistral-small-3.2-24b-instruct,parasail/bf16,0,1.0,Parasail,A,7.44e-06,0.9706877658567787,0.2031836147471775,1
comprehension,rival_majority,neutral,0220,1,0,0,0,aQaQrPrP,A,mistral-small,mistralai/mistral-small-3.2-24b-instruct,parasail/bf16,0,1.0,Parasail,A,7.44e-06,0.9875683462197239,0.09616357620775184,1
comprehension,rival_majority,neutral,0220,1,0,1,0,aQrPaQrP,A,mistral-small,mistralai/mistral-small-3.2-24b-instruct,parasail/bf16,0,1.0,Parasail,A,7.44e-06,0.9796676508127573,0.23705192304013112,1
comprehension,rival_majority,neutral,0221,-1,0,0,0,aQaQrPrQrP,A,mistral-small,mistralai/mistral-small-3.2-24b-instruct,parasail/bf16,0,1.0,Parasail,B,7.98e-06,0.4073334000459302,0.7941043771013002,0
comprehension,rival_majority,neutral,0221,-1,0,1,0,rPrQrPaQaQ,A,mistral-small,mistralai/mistral-small-3.2-24b-instruct,parasail/bf16,0,1.0,Parasail,Let,7.98e-06,0.9465966822525708,0.7735022532491596,0
comprehension,rival_majority,neutral,0221,1,0,0,0,aQaQrPrPrQ,A,mistral-small,mistralai/mistral-small-3.2-24b-instruct,parasail/bf16,0,1.0,Parasail,B,7.98e-06,0.43782349911420193,0.6948679856488803,0
comprehension,rival_majority,neutral,0221,1,0,1,0,rPrQaQrPaQ,A,mistral-small,mistralai/mistral-small-3.2-24b-instruct,parasail/bf16,0,1.0,Parasail,To,7.98e-06,0.8519528320398587,0.905036160651895,0
comprehension,rival_majority,neutral,0230,-1,0,0,0,aQrPaQrPrP,A,mistral-small,mistralai/mistral-small-3.2-24b-instruct,parasail/bf16,0,1.0,Parasail,Let,7.98e-06,0.9820137868795701,0.17604625696122345,1
comprehension,rival_majority,neutral,0230,-1,0,1,0,aQaQrPrPrP,A,mistral-small,mistralai/mistral-small-3.2-24b-instruct,parasail/bf16,0,1.0,Parasail,A,7.98e-06,0.9947798745385813,0.05228129112757196,1
comprehension,rival_majority,neutral,0230,1,0,0,0,rPrPrPaQaQ,A,mistral-small,mistralai/mistral-small-3.2-24b-instruct,parasail/bf16,0,1.0,Parasail,A,7.98e-06,0.9820137920118696,0.10790218955412378,1
comprehension,rival_majority,neutral,0230,1,0,1,0,rPrPaQrPaQ,A,mistral-small,mistralai/mistral-small-3.2-24b-instruct,parasail/bf16,0,1.0,Parasail,A,7.98e-06,0.9820137863531805,0.23698675422505033,1
comprehension,rival_majority,neutral,0231,-1,0,0,0,rPrPrPrQaQaQ,A,mistral-small,mistralai/mistral-small-3.2-24b-instruct,parasail/bf16,0,1.0,Parasail,To,7.88e-06,0.9241418241572634,0.5070513711502574,0
comprehension,rival_majority,neutral,0231,-1,0,1,0,rPaQrPrPaQrQ,A,mistral-small,mistralai/mistral-small-3.2-24b-instruct,parasail/bf16,0,1.0,Parasail,A,9.16e-06,0.985936372130286,0.5817504511552695,0
comprehension,rival_majority,neutral,0231,1,0,0,0,rPaQaQrPrQrP,A,mistral-small,mistralai/mistral-small-3.2-24b-instruct,parasail/bf16,0,1.0,Parasail,Let,7.88e-06,0.9859363729567545,0.6761899896055185,0
comprehension,rival_majority,neutral,0231,1,0,1,0,aQrPrPrQaQrP,A,mistral-small,mistralai/mistral-small-3.2-24b-instruct,parasail/bf16,0,1.0,Parasail,To,7.88e-06,0.9978172835546548,0.4582573215523209,1
comprehension,rival_majority,neutral,0240,-1,0,0,0,rPaQaQrPrPrP,A,mistral-small,mistralai/mistral-small-3.2-24b-instruct,parasail/bf16,0,1.0,Parasail,A,8.52e-06,0.9796676448764484,0.10849919754766724,1
comprehension,rival_majority,neutral,0240,-1,0,1,0,rPaQrPaQrPrP,A,mistral-small,mistralai/mistral-small-3.2-24b-instruct,parasail/bf16,0,1.0,Parasail,Let,7.88e-06,0.9875683509762452,0.12679645066921064,1
comprehension,rival_majority,neutral,0240,1,0,0,0,rPrPrPaQaQrP,A,mistral-small,mistralai/mistral-small-3.2-24b-instruct,parasail/bf16,0,1.0,Parasail,Let,7.88e-06,0.9859363723369031,0.12121272992985799,1
comprehension,rival_majority,neutral,0240,1,0,1,0,rPaQrPrPrPaQ,A,mistral-small,mistralai/mistral-small-3.2-24b-instruct,parasail/bf16,0,1.0,Parasail,A,7.88e-06,0.987568349604172,0.10635634389692683,1
comprehension,rival_majority,neutral,0301,-1,0,0,0,aQaQrQaQ,B,mistral-small,mistralai/mistral-small-3.2-24b-instruct,parasail/bf16,0,1.0,Parasail,B,7.44e-06,0.09534945975773548,0.487469461698367,1
comprehension,rival_majority,neutral,0301,-1,0,1,0,aQrQaQaQ,B,mistral-small,mistralai/mistral-small-3.2-24b-instruct,parasail/bf16,0,1.0,Parasail,B,7.44e-06,0.2689414330889797,0.38612899076790963,0
comprehension,rival_majority,neutral,0301,1,0,0,0,aQaQaQrQ,B,mistral-small,mistralai/mistral-small-3.2-24b-instruct,parasail/bf16,0,1.0,Parasail,B,7.44e-06,0.053403334319473035,0.27469534987138666,1
comprehension,rival_majority,neutral,0301,1,0,1,0,rQaQaQaQ,B,mistral-small,mistralai/mistral-small-3.2-24b-instruct,parasail/bf16,0,1.0,Parasail,B,7.44e-06,0.10669060530721626,0.3759597032580364,0
comprehension,rival_majority,neutral,0302,-1,0,0,0,aQrQaQaQrQ,B,mistral-small,mistralai/mistral-small-3.2-24b-instruct,parasail/bf16,0,1.0,Parasail,B,7.98e-06,0.047425870484828096,0.21275877038535695,1
comprehension,rival_majority,neutral,0302,-1,0,1,0,aQrQrQaQaQ,B,mistral-small,mistralai/mistral-small-3.2-24b-instruct,parasail/bf16,0,1.0,Parasail,The,7.98e-06,0.04208772671409796,0.2631502353201395,1
comprehension,rival_majority,neutral,0302,1,0,0,0,aQaQrQrQaQ,B,mistral-small,mistralai/mistral-small-3.2-24b-instruct,parasail/bf16,0,1.0,Parasail,B,7.98e-06,0.03732688948593843,0.20723208117097658,1
comprehension,rival_majority,neutral,0302,1,0,1,0,aQaQaQrQrQ,B,mistral-small,mistralai/mistral-small-3.2-24b-instruct,parasail/bf16,0,1.0,Parasail,Based,8.62e-06,0.01798621391001447,0.12099034953349574,1
comprehension,rival_majority,neutral,0303,-1,0,0,0,rQaQaQrQaQrQ,B,mistral-small,mistralai/mistral-small-3.2-24b-instruct,parasail/bf16,0,1.0,Parasail,B,7.88e-06,0.02931223414322127,0.3553089288913698,1
comprehension,rival_majority,neutral,0303,-1,0,1,0,rQrQaQrQaQaQ,B,mistral-small,mistralai/mistral-small-3.2-24b-instruct,parasail/bf16,0,1.0,Parasail,B,9.16e-06,0.03732688734412946,0.40379923833465037,1
comprehension,rival_majority,neutral,0303,1,0,0,0,rQaQaQrQaQrQ,B,mistral-small,mistralai/mistral-small-3.2-24b-instruct,parasail/bf16,0,1.0,Parasail,B,7.88e-06,0.03308597838870413,0.23890830257392015,1
comprehension,rival_majority,neutral,0303,1,0,1,0,rQaQrQrQaQaQ,B,mistral-small,mistralai/mistral-small-3.2-24b-instruct,parasail/bf16,0,1.0,Parasail,Let,7.88e-06,0.02595735945832451,0.17881729348156217,1
comprehension,rival_majority,neutral,0310,-1,0,0,0,aQaQrPaQ,A,mistral-small,mistralai/mistral-small-3.2-24b-instruct,parasail/bf16,0,1.0,Parasail,To,7.44e-06,0.7310586020679731,0.8359195917117199,1
comprehension,rival_majority,neutral,0310,-1,0,1,0,aQrPaQaQ,A,mistral-small,mistralai/mistral-small-3.2-24b-instruct,parasail/bf16,0,1.0,Parasail,A,7.44e-06,0.9241418199787566,0.5324548651955541,1
comprehension,rival_majority,neutral,0310,1,0,0,0,rPaQaQaQ,A,mistral-small,mistralai/mistral-small-3.2-24b-instruct,parasail/bf16,0,1.0,Parasail,A,7.44e-06,0.8354835371034368,0.48291025470154947,0
comprehension,rival_majority,neutral,0310,1,0,1,0,aQaQaQrP,A,mistral-small,mistralai/mistral-small-3.2-24b-instruct,parasail/bf16,0,1.0,Parasail,The,7.44e-06,0.9525741322079103,0.34865236122184173,1
comprehension,rival_majority,neutral,0312,-1,0,0,0,rQrPrQaQaQaQ,B,mistral-small,mistralai/mistral-small-3.2-24b-instruct,parasail/bf16,0,1.0,Parasail,Let,7.88e-06,0.13296424019782926,0.7935491657100462,1
comprehension,rival_majority,neutral,0312,-1,0,1,0,aQrQrQaQaQrP,B,mistral-small,mistralai/mistral-small-3.2-24b-instruct,parasail/bf16,0,1.0,Parasail,A,7.88e-06,0.02931223583915389,0.5074571683175748,0
comprehension,rival_majority,neutral,0312,1,0,0,0,rQaQrQrPaQaQ,B,mistral-small,mistralai/mistral-small-3.2-24b-instruct,parasail/bf16,0,1.0,Parasail,B,7.88e-06,0.01798620785653302,0.6771407538667735,1
comprehension,rival_majority,neutral,0312,1,0,1,0,rQrPaQaQrQaQ,B,mistral-small,mistralai/mistral-small-3.2-24b-instruct,parasail/bf16,0,1.0,Parasail,Let,7.88e-06,0.1066905939456512,0.8661311954656142,0
comprehension,rival_majority,neutral,0320,-1,0,0,0,rPrPaQaQaQ,A,mistral-small,mistralai/mistral-small-3.2-24b-instruct,parasail/bf16,0,1.0,Parasail,A,7.98e-06,0.9579122684798183,0.30202968018127674,1
comprehension,rival_majority,neutral,0320,-1,0,1,0,aQaQaQrPrP,A,mistral-small,mistralai/mistral-small-3.2-24b-instruct,parasail/bf16,0,1.0,Parasail,Based,7.98e-06,0.9875683470429681,0.08443908849854409,1
comprehension,rival_majority,neutral,0320,1,0,0,0,rPrPaQaQaQ,A,mistral-small,mistralai/mistral-small-3.2-24b-instruct,parasail/bf16,0,1.0,Parasail,A,7.98e-06,0.9706877717925422,0.2292927640759339,1
comprehension,rival_majority,neutral,0320,1,0,1,0,aQrPaQrPaQ,A,mistral-small,mistralai/mistral-small-3.2-24b-instruct,parasail/bf16,0,1.0,Parasail,To,7.98e-06,0.9914225140794154,0.35144888142018793,1
comprehension,rival_majority,neutral,0321,-1,0,0,0,aQaQrPaQrQrP,A,mistral-small,mistralai/mistral-small-3.2-24b-instruct,parasail/bf16,0,1.0,Parasail,The,7.88e-06,0.1066905939456512,0.8503035018415094,0
comprehension,rival_majority,neutral,0321,-1,0,1,0,aQrPaQaQrQrP,A,mistral-small,mistralai/mistral-small-3.2-24b-instruct,parasail/bf16,0,1.0,Parasail,The,7.88e-06,0.40733340004593016,0.8555215834390463,0
comprehension,rival_majority,neutral,0321,1,0,0,0,aQrPrQrPaQaQ,A,mistral-small,mistralai/mistral-small-3.2-24b-instruct,parasail/bf16,0,1.0,Parasail,A,7.88e-06,0.9046505351008906,0.8862180912321581,0
comprehension,rival_majority,neutral,0321,1,0,1,0,rQaQrPaQaQrP,A,mistral-small,mistralai/mistral-small-3.2-24b-instruct,parasail/bf16,0,1.0,Parasail,To,7.88e-06,0.9465966581477782,0.7923687355839484,0
comprehension,rival_majority,neutral,0330,-1,0,0,0,rPaQrPaQaQrP,A,mistral-small,mistralai/mistral-small-3.2-24b-instruct,parasail/bf16,0,1.0,Parasail,To,9.16e-06,0.9875683517080176,0.31409055202507064,1
comprehension,rival_majority,neutral,0330,-1,0,1,0,rPrPaQaQrPaQ,A,mistral-small,mistralai/mistral-small-3.2-24b-instruct,parasail/bf16,0,1.0,Parasail,Let,7.88e-06,0.9859363750229257,0.24609481930271637,1
comprehension,rival_majority,neutral,0330,1,0,0,0,rPaQaQrPrPaQ,A,mistral-small,mistralai/mistral-small-3.2-24b-instruct,parasail/bf16,0,1.0,Parasail,Let,7.88e-06,0.9820137895115187,0.28941603335296273,1
comprehension,rival_majority,neutral,0330,1,0,1,0,rPrPaQaQrPaQ,A,mistral-small,mistralai/mistral-small-3.2-24b-instruct,parasail/bf16,0,1.0,Parasail,A,7.88e-06,0.9859363725435202,0.27749010079132586,1
comprehension,rival_majority,neutral,0401,-1,0,0,0,rQaQaQaQaQ,B,mistral-small,mistralai/mistral-small-3.2-24b-instruct,parasail/bf16,0,1.0,Parasail,B,7.98e-06,0.07585817584273653,0.5068658191866635,1
comprehension,rival_majority,neutral,0401,-1,0,1,0,aQaQaQrQaQ,B,mistral-small,mistralai/mistral-small-3.2-24b-instruct,parasail/bf16,0,1.0,Parasail,Given,8.62e-06,0.16451645470385745,0.46025783715040897,0
comprehension,rival_majority,neutral,0401,1,0,0,0,aQrQaQaQaQ,B,mistral-small,mistralai/mistral-small-3.2-24b-instruct,parasail/bf16,0,1.0,Parasail,B,7.98e-06,0.09534945975773548,0.44693308167851,1
comprehension,rival_majority,neutral,0401,1,0,1,0,aQrQaQaQaQ,B,mistral-small,mistralai/mistral-small-3.2-24b-instruct,parasail/bf16,0,1.0,Parasail,To,7.98e-06,0.24508501313237172,0.441593469394434,0
comprehension,rival_majority,neutral,0402,-1,0,0,0,aQaQaQrQrQaQ,B,mistral-small,mistralai/mistral-small-3.2-24b-instruct,parasail/bf16,0,1.0,Parasail,B,7.88e-06,0.04208773212094216,0.19882985406653464,1
comprehension,rival_majority,neutral,0402,-1,0,1,0,aQrQaQrQaQaQ,B,mistral-small,mistralai/mistral-small-3.2-24b-instruct,parasail/bf16,0,1.0,Parasail,B,7.88e-06,0.0474258704848281,0.28764200207646395,1
comprehension,rival_majority,neutral,0402,1,0,0,0,rQaQaQaQaQrQ,B,mistral-small,mistralai/mistral-small-3.2-24b-instruct,parasail/bf16,0,1.0,Parasail,B,7.88e-06,0.017986206408961664,0.10971708214735465,1
comprehension,rival_majority,neutral,0402,1,0,1,0,rQaQaQrQaQaQ,B,mistral-small,mistralai/mistral-small-3.2-24b-instruct,parasail/bf16,0,1.0,Parasail,B,7.88e-06,0.02931223159932252,0.24596660527884906,1
comprehension,rival_majority,neutral,0410,-1,0,0,0,aQaQaQrPaQ,A,mistral-small,mistralai/mistral-small-3.2-24b-instruct,parasail/bf16,0,1.0,Parasail,Given,7.98e-06,0.5926665999540698,0.6033674854514762,0
comprehension,rival_majority,neutral,0410,-1,0,1,0,rPaQaQaQaQ,A,mistral-small,mistralai/mistral-small-3.2-24b-instruct,parasail/bf16,0,1.0,Parasail,A,8.62e-06,0.9706877675527114,0.23514615750450885,1
comprehension,rival_majority,neutral,0410,1,0,0,0,aQaQaQaQrP,A,mistral-small,mistralai/mistral-small-3.2-24b-instruct,parasail/bf16,0,1.0,Parasail,A,7.98e-06,0.679178686187839,0.39167971856478745,0
comprehension,rival_majority,neutral,0410,1,0,1,0,aQaQaQaQrP,A,mistral-small,mistralai/mistral-small-3.2-24b-instruct,parasail/bf16,0,1.0,Parasail,A,7.98e-06,0.914900957313305,0.25353122229613256,0
comprehension,rival_majority,neutral,0420,-1,0,0,0,rPaQaQrPaQaQ,A,mistral-small,mistralai/mistral-small-3.2-24b-instruct,parasail/bf16,0,1.0,Parasail,Let,7.88e-06,0.9740426480767669,0.36452211727884554,1
comprehension,rival_majority,neutral,0420,-1,0,1,0,rPaQaQrPaQaQ,A,mistral-small,mistralai/mistral-small-3.2-24b-instruct,parasail/bf16,0,1.0,Parasail,A,7.88e-06,0.982013790564298,0.2378868916140766,1
comprehension,rival_majority,neutral,0420,1,0,0,0,aQaQaQaQrPrP,A,mistral-small,mistralai/mistral-small-3.2-24b-instruct,parasail/bf16,0,1.0,Parasail,A,7.88e-06,0.9902915240915782,0.07488825693197965,1
comprehension,rival_majority,neutral,0420,1,0,1,0,aQaQrPaQaQrP,A,mistral-small,mistralai/mistral-small-3.2-24b-instruct,parasail/bf16,0,1.0,Parasail,A,7.88e-06,0.9902915252376826,0.20828870170047875,1
comprehension,rival_majority,neutral,0501,-1,0,0,0,aQaQaQrQaQaQ,B,mistral-small,mistralai/mistral-small-3.2-24b-instruct,parasail/bf16,0,1.0,Parasail,B,8.52e-06,0.05340332528017579,0.2965231034503445,1
comprehension,rival_majority,neutral,0501,-1,0,1,0,aQaQaQaQaQrQ,B,mistral-small,mistralai/mistral-small-3.2-24b-instruct,parasail/bf16,0,1.0,Parasail,B,7.88e-06,0.0675466911396291,0.2157958813075409,0
comprehension,rival_majority,neutral,0501,1,0,0,0,aQaQaQaQaQrQ,B,mistral-small,mistralai/mistral-small-3.2-24b-instruct,parasail/bf16,0,1.0,Parasail,B,8.52e-06,0.025957355690778516,0.18194201234636398,1
comprehension,rival_majority,neutral,0501,1,0,1,0,aQaQrQaQaQaQ,B,mistral-small,mistralai/mistral-small-3.2-24b-instruct,parasail/bf16,0,1.0,Parasail,B,7.88e-06,0.1824255326961778,0.36091607763598266,0
comprehension,rival_majority,neutral,0510,-1,0,0,0,aQaQaQaQaQrP,A,mistral-small,mistralai/mistral-small-3.2-24b-instruct,parasail/bf16,0,1.0,Parasail,A,7.88e-06,0.6791786861878392,0.2967437802593538,0
comprehension,rival_majority,neutral,0510,-1,0,1,0,aQaQaQaQaQrP,A,mistral-small,mistralai/mistral-small-3.2-24b-instruct,parasail/bf16,0,1.0,Parasail,A,7.88e-06,0.9875683516165461,0.11727565463316258,1
comprehension,rival_majority,neutral,0510,1,0,0,0,aQaQaQrPaQaQ,A,mistral-small,mistralai/mistral-small-3.2-24b-instruct,parasail/bf16,0,1.0,Parasail,A,7.88e-06,0.7549149648117216,0.5586757173830004,0
comprehension,rival_majority,neutral,0510,1,0,1,0,rPaQaQaQaQaQ,A,mistral-small,mistralai/mistral-small-3.2-24b-instruct,parasail/bf16,0,1.0,Parasail,A,7.88e-06,0.8670357598021707,0.24032932425283732,0
comprehension,rival_majority,neutral,1001,-1,0,0,0,aPrQ,B,mistral-small,mistralai/mistral-small-3.2-24b-instruct,parasail/bf16,0,1.0,Parasail,Given,7e-06,0.11920292202211755,0.660635689225338,1
comprehension,rival_majority,neutral,1001,-1,0,1,0,rQaP,B,mistral-small,mistralai/mistral-small-3.2-24b-instruct,parasail/bf16,0,1.0,Parasail,A,7.64e-06,0.5926665999540698,0.5537139301736178,0
comprehension,rival_majority,neutral,1001,1,0,0,0,aPrQ,B,mistral-small,mistralai/mistral-small-3.2-24b-instruct,parasail/bf16,0,1.0,Parasail,Based,7e-06,0.1066905996264336,0.5432460353077138,1
comprehension,rival_majority,neutral,1001,1,0,1,0,aPrQ,B,mistral-small,mistralai/mistral-small-3.2-24b-instruct,parasail/bf16,0,1.0,Parasail,Given,7e-06,0.20181324146316565,0.4788766435892182,0
comprehension,rival_majority,neutral,1002,-1,0,0,0,rQrQaP,B,mistral-small,mistralai/mistral-small-3.2-24b-instruct,parasail/bf16,0,1.0,Parasail,Based,7.54e-06,0.09534947004048376,0.5755326974168016,1
comprehension,rival_majority,neutral,1002,-1,0,1,0,aPrQrQ,B,mistral-small,mistralai/mistral-small-3.2-24b-instruct,parasail/bf16,0,1.0,Parasail,B,6.9e-06,0.02931223075135632,0.21859031544793273,1
comprehension,rival_majority,neutral,1002,1,0,0,0,aPrQrQ,B,mistral-small,mistralai/mistral-small-3.2-24b-instruct,parasail/bf16,0,1.0,Parasail,B,6.9e-06,0.03732689109229525,0.21284504575369512,1
comprehension,rival_majority,neutral,1002,1,0,1,0,rQrQaP,B,mistral-small,mistralai/mistral-small-3.2-24b-instruct,parasail/bf16,0,1.0,Parasail,B,6.9e-06,0.06008664512463807,0.27799765814235755,1
comprehension,rival_majority,neutral,1003,-1,0,0,0,rQrQrQaP,B,mistral-small,mistralai/mistral-small-3.2-24b-instruct,parasail/bf16,0,1.0,Parasail,B,8.08e-06,0.04208773091942117,0.1792553316825659,1
comprehension,rival_majority,neutral,1003,-1,0,1,0,rQaPrQrQ,B,mistral-small,mistralai/mistral-small-3.2-24b-instruct,parasail/bf16,0,1.0,Parasail,B,7.44e-06,0.060086648490884395,0.347343224773505,1
comprehension,rival_majority,neutral,1003,1,0,0,0,rQaPrQrQ,B,mistral-small,mistralai/mistral-small-3.2-24b-instruct,parasail/bf16,0,1.0,Parasail,B,7.44e-06,0.06754668738548217,0.33532778705772315,1
comprehension,rival_majority,neutral,1003,1,0,1,0,rQrQrQaP,B,mistral-small,mistralai/mistral-small-3.2-24b-instruct,parasail/bf16,0,1.0,Parasail,B,8.08e-06,0.009708477555947162,0.07496119864949047,1
comprehension,rival_majority,neutral,1004,-1,0,0,0,aPrQrQrQrQ,B,mistral-small,mistralai/mistral-small-3.2-24b-instruct,parasail/bf16,0,1.0,Parasail,B,7.98e-06,0.008577484399966718,0.07572949064357803,1
comprehension,rival_majority,neutral,1004,-1,0,1,0,rQaPrQrQrQ,B,mistral-small,mistralai/mistral-small-3.2-24b-instruct,parasail/bf16,0,1.0,Parasail,B,7.98e-06,0.029312230327373227,0.17814695737219577,1
comprehension,rival_majority,neutral,1004,1,0,0,0,rQrQaPrQrQ,B,mistral-small,mistralai/mistral-small-3.2-24b-instruct,parasail/bf16,0,1.0,Parasail,B,7.98e-06,0.037326885737772805,0.21499384153641676,1
comprehension,rival_majority,neutral,1004,1,0,1,0,rQrQrQrQaP,B,mistral-small,mistralai/mistral-small-3.2-24b-instruct,parasail/bf16,0,1.0,Parasail,B,7.98e-06,0.004070137187370566,0.053441900947311494,1
comprehension,rival_majority,neutral,1005,-1,0,0,0,aPrQrQrQrQrQ,B,mistral-small,mistralai/mistral-small-3.2-24b-instruct,parasail/bf16,0,1.0,Parasail,B,9.16e-06,0.0024726231750117006,0.033284614496156606,1
comprehension,rival_majority,neutral,1005,-1,0,1,0,rQrQrQrQaPrQ,B,mistral-small,mistralai/mistral-small-3.2-24b-instruct,parasail/bf16,0,1.0,Parasail,B,7.88e-06,0.012431651676429883,0.07869846589228147,1
comprehension,rival_majority,neutral,1005,1,0,0,0,rQrQrQrQrQaP,B,mistral-small,mistralai/mistral-small-3.2-24b-instruct,parasail/bf16,0,1.0,Parasail,B,7.88e-06,0.0019267347564570928,0.03796362118121588,1
comprehension,rival_majority,neutral,1005,1,0,1,0,rQrQrQrQaPrQ,B,mistral-small,mistralai/mistral-small-3.2-24b-instruct,parasail/bf16,0,1.0,Parasail,B,9.16e-06,0.006692851320539923,0.051808124754813556,1
comprehension,rival_majority,neutral,1010,-1,0,0,0,rPaP,A,mistral-small,mistralai/mistral-small-3.2-24b-instruct,parasail/bf16,0,1.0,Parasail,A,7e-06,0.9324533163686646,0.5561908469108927,1
comprehension,rival_majority,neutral,1010,-1,0,1,0,rPaP,A,mistral-small,mistralai/mistral-small-3.2-24b-instruct,parasail/bf16,0,1.0,Parasail,A,7e-06,0.9740426397881662,0.23124940552552975,1
comprehension,rival_majority,neutral,1010,1,0,0,0,aPrP,A,mistral-small,mistralai/mistral-small-3.2-24b-instruct,parasail/bf16,0,1.0,Parasail,A,7e-06,0.9324533088603709,0.3554159764612834,1
comprehension,rival_majority,neutral,1010,1,0,1,0,aPrP,A,mistral-small,mistralai/mistral-small-3.2-24b-instruct,parasail/bf16,0,1.0,Parasail,A,7e-06,0.9820137934594408,0.1185366651202564,1
comprehension,rival_majority,neutral,1012,-1,0,0,0,aPrQrQrP,B,mistral-small,mistralai/mistral-small-3.2-24b-instruct,parasail/bf16,0,1.0,Parasail,B,7.44e-06,0.04742587317756678,0.6898851625805351,1
comprehension,rival_majority,neutral,1012,-1,0,1,0,rQaPrQrP,B,mistral-small,mistralai/mistral-small-3.2-24b-instruct,parasail/bf16,0,1.0,Parasail,B,7.44e-06,0.34864513533394575,0.8494571813964453,0
comprehension,rival_majority,neutral,1012,1,0,0,0,rQrQrPaP,B,mistral-small,mistralai/mistral-small-3.2-24b-instruct,parasail/bf16,0,1.0,Parasail,To,7.44e-06,0.18242552380635635,0.8568089293552668,1
comprehension,rival_majority,neutral,1012,1,0,1,0,aPrQrQrP,B,mistral-small,mistralai/mistral-small-3.2-24b-instruct,parasail/bf16,0,1.0,Parasail,The,7.44e-06,0.029312227359491745,0.6101562503870422,0
comprehension,rival_majority,neutral,1013,-1,0,0,0,rPrQrQrQaP,B,mistral-small,mistralai/mistral-small-3.2-24b-instruct,parasail/bf16,0,1.0,Parasail,Your,7.98e-06,0.004070138440731295,0.42621810651414294,1
comprehension,rival_majority,neutral,1013,-1,0,1,0,rPrQrQrQaP,B,mistral-small,mistralai/mistral-small-3.2-24b-instruct,parasail/bf16,0,1.0,Parasail,B,7.98e-06,0.0373268852023206,0.3040325920584809,1
comprehension,rival_majority,neutral,1013,1,0,0,0,aPrQrQrPrQ,B,mistral-small,mistralai/mistral-small-3.2-24b-instruct,parasail/bf16,0,1.0,Parasail,B,7.98e-06,0.033085982202364056,0.468838983995979,1
comprehension,rival_majority,neutral,1013,1,0,1,0,rPrQaPrQrQ,B,mistral-small,mistralai/mistral-small-3.2-24b-instruct,parasail/bf16,0,1.0,Parasail,Among,7.98e-06,0.0002611902724034538,0.49996295529335677,1
comprehension,rival_majority,neutral,1014,-1,0,0,0,rQrPaPrQrQrQ,B,mistral-small,mistralai/mistral-small-3.2-24b-instruct,parasail/bf16,0,1.0,Parasail,To,7.88e-06,0.029312234143221275,0.570602544481188,1
comprehension,rival_majority,neutral,1014,-1,0,1,0,rPrQrQaPrQrQ,B,mistral-small,mistralai/mistral-small-3.2-24b-instruct,parasail/bf16,0,1.0,Parasail,Let,7.88e-06,0.03308597648187433,0.4036064225470566,1
comprehension,rival_majority,neutral,1014,1,0,0,0,aPrQrQrQrQrP,B,mistral-small,mistralai/mistral-small-3.2-24b-instruct,parasail/bf16,0,1.0,Parasail,The,7.88e-06,0.010986944249787705,0.15141312414377772,1
comprehension,rival_majority,neutral,1014,1,0,1,0,rPrQaPrQrQrQ,B,mistral-small,mistralai/mistral-small-3.2-24b-instruct,parasail/bf16,0,1.0,Parasail,To,7.88e-06,0.02033235571718262,0.19318182754605884,1
comprehension,rival_majority,neutral,1020,-1,0,0,0,aPrPrP,A,mistral-small,mistralai/mistral-small-3.2-24b-instruct,parasail/bf16,0,1.0,Parasail,A,6.9e-06,0.9902915254525773,0.07859453556823248,1
comprehension,rival_majority,neutral,1020,-1,0,1,0,rPaPrP,A,mistral-small,mistralai/mistral-small-3.2-24b-instruct,parasail/bf16,0,1.0,Parasail,Based,6.9e-06,0.9820137918802722,0.08663739615046484,1
comprehension,rival_majority,neutral,1020,1,0,0,0,aPrPrP,A,mistral-small,mistralai/mistral-small-3.2-24b-instruct,parasail/bf16,0,1.0,Parasail,A,7.54e-06,0.9940889305746088,0.06524127647266764,1
comprehension,rival_majority,neutral,1020,1,0,1,0,rPrPaP,A,mistral-small,mistralai/mistral-small-3.2-24b-instruct,parasail/bf16,0,1.0,Parasail,A,6.9e-06,0.9740426431789577,0.14147458911467503,1
comprehension,rival_majority,neutral,1021,-1,0,0,0,rQrPaPrP,A,mistral-small,mistralai/mistral-small-3.2-24b-instruct,parasail/bf16,0,1.0,Parasail,To,7.44e-06,0.7772998611746912,0.9505951480574563,1
comprehension,rival_majority,neutral,1021,-1,0,1,0,aPrPrPrQ,A,mistral-small,mistralai/mistral-small-3.2-24b-instruct,parasail/bf16,0,1.0,Parasail,A,7.44e-06,0.9933071489766513,0.20835227543173462,1
comprehension,rival_majority,neutral,1021,1,0,0,0,rPaPrPrQ,A,mistral-small,mistralai/mistral-small-3.2-24b-instruct,parasail/bf16,0,1.0,Parasail,A,8.08e-06,0.9626731212231052,0.533540227122333,1
comprehension,rival_majority,neutral,1021,1,0,1,0,rPrQaPrP,A,mistral-small,mistralai/mistral-small-3.2-24b-instruct,parasail/bf16,0,1.0,Parasail,To,7.44e-06,0.9525741268224333,0.661908369462612,1
comprehension,rival_majority,neutral,1023,-1,0,0,0,rQrQrQrPrPaP,B,mistral-small,mistralai/mistral-small-3.2-24b-instruct,parasail/bf16,0,1.0,Parasail,To,7.88e-06,0.04208773031866069,0.5029723466526292,1
comprehension,rival_majority,neutral,1023,-1,0,1,0,rQrQrQrPaPrP,B,mistral-small,mistralai/mistral-small-3.2-24b-instruct,parasail/bf16,0,1.0,Parasail,Let,7.88e-06,0.06008665690650097,0.6280874516691733,0
comprehension,rival_majority,neutral,1023,1,0,0,0,aPrQrQrPrQrP,B,mistral-small,mistralai/mistral-small-3.2-24b-instruct,parasail/bf16,0,1.0,Parasail,To,9.16e-06,0.060086650174007626,0.6262139686137367,0
comprehension,rival_majority,neutral,1023,1,0,1,0,rPaPrPrQrQrQ,B,mistral-small,mistralai/mistral-small-3.2-24b-instruct,parasail/bf16,0,1.0,Parasail,To,7.88e-06,0.3208213138121609,0.37748851238426906,0
comprehension,rival_majority,neutral,1030,-1,0,0,0,rPrPaPrP,A,mistral-small,mistralai/mistral-small-3.2-24b-instruct,parasail/bf16,0,1.0,Parasail,A,7.44e-06,0.9740426401649209,0.1510589542855456,1
comprehension,rival_majority,neutral,1030,-1,0,1,0,rPaPrPrP,A,mistral-small,mistralai/mistral-small-3.2-24b-instruct,parasail/bf16,0,1.0,Parasail,To,7.44e-06,0.9902915238408678,0.0536337986555272,1
comprehension,rival_majority,neutral,1030,1,0,0,0,aPrPrPrP,A,mistral-small,mistralai/mistral-small-3.2-24b-instruct,parasail/bf16,0,1.0,Parasail,A,7.44e-06,0.9968273167215932,0.03645879917132344,1
comprehension,rival_majority,neutral,1030,1,0,1,0,rPaPrPrP,A,mistral-small,mistralai/mistral-small-3.2-24b-instruct,parasail/bf16,0,1.0,Parasail,A,8.08e-06,0.9947798748481007,0.04554886754697096,1
comprehension,rival_majority,neutral,1031,-1,0,0,0,rPrQrPrPaP,A,mistral-small,mistralai/mistral-small-3.2-24b-instruct,parasail/bf16,0,1.0,Parasail,A,7.98e-06,0.8933094060543487,0.7709857133017186,1
comprehension,rival_majority,neutral,1031,-1,0,1,0,rPrPrPrQaP,A,mistral-small,mistralai/mistral-small-3.2-24b-instruct,parasail/bf16,0,1.0,Parasail,A,7.98e-06,0.9902915226589475,0.1415534800782431,1
comprehension,rival_majority,neutral,1031,1,0,0,0,rQrPaPrPrP,A,mistral-small,mistralai/mistral-small-3.2-24b-instruct,parasail/bf16,0,1.0,Parasail,A,7.98e-06,0.9706877717925422,0.39005782019950097,1
comprehension,rival_majority,neutral,1031,1,0,1,0,rPaPrPrQrP,A,mistral-small,mistralai/mistral-small-3.2-24b-instruct,parasail/bf16,0,1.0,Parasail,A,7.98e-06,0.9924227593484369,0.10109745331719311,1
comprehension,rival_majority,neutral,1032,-1,0,0,0,rPrQrPrQaPrP,A,mistral-small,mistralai/mistral-small-3.2-24b-instruct,parasail/bf16,0,1.0,Parasail,Let,7.88e-06,0.8933094287774758,0.9029951694234281,0
comprehension,rival_majority,neutral,1032,-1,0,1,0,aPrQrPrQrPrP,A,mistral-small,mistralai/mistral-small-3.2-24b-instruct,parasail/bf16,0,1.0,Parasail,A,7.88e-06,0.9914225140794154,0.30386078757903284,0
comprehension,rival_majority,neutral,1032,1,0,0,0,rQaPrQrPrPrP,A,mistral-small,mistralai/mistral-small-3.2-24b-instruct,parasail/bf16,0,1.0,Parasail,A,7.88e-06,0.9579122756889437,0.35907123394726004,0
comprehension,rival_majority,neutral,1032,1,0,1,0,rPrQrPrPaPrQ,A,mistral-small,mistralai/mistral-small-3.2-24b-instruct,parasail/bf16,0,1.0,Parasail,Let,7.88e-06,0.9914225135725425,0.40959366732078395,1
comprehension,rival_majority,neutral,1040,-1,0,0,0,rPrPaPrPrP,A,mistral-small,mistralai/mistral-small-3.2-24b-instruct,parasail/bf16,0,1.0,Parasail,A,7.98e-06,0.9740426405416754,0.1221044492933574,1
comprehension,rival_majority,neutral,1040,-1,0,1,0,rPrPrPaPrP,A,mistral-small,mistralai/mistral-small-3.2-24b-instruct,parasail/bf16,0,1.0,Parasail,A,7.98e-06,0.9947798734165729,0.03929544101058591,1
comprehension,rival_majority,neutral,1040,1,0,0,0,aPrPrPrPrP,A,mistral-small,mistralai/mistral-small-3.2-24b-instruct,parasail/bf16,0,1.0,Parasail,A,7.98e-06,0.9980732649068434,0.032622188637354776,1
comprehension,rival_majority,neutral,1040,1,0,1,0,rPrPaPrPrP,A,mistral-small,mistralai/mistral-small-3.2-24b-instruct,parasail/bf16,0,1.0,Parasail,A,7.98e-06,0.9947798745192362,0.05294220476569311,1
comprehension,rival_majority,neutral,1041,-1,0,0,0,aPrQrPrPrPrP,A,mistral-small,mistralai/mistral-small-3.2-24b-instruct,parasail/bf16,0,1.0,Parasail,A,7.88e-06,0.9924227589002205,0.0799061353302013,1
comprehension,rival_majority,neutral,1041,-1,0,1,0,rPrPaPrPrPrQ,A,mistral-small,mistralai/mistral-small-3.2-24b-instruct,parasail/bf16,0,1.0,Parasail,A,7.88e-06,0.9933071500663527,0.17519179030208654,1
comprehension,rival_majority,neutral,1041,1,0,0,0,aPrPrPrPrQrP,A,mistral-small,mistralai/mistral-small-3.2-24b-instruct,parasail/bf16,0,1.0,Parasail,A,7.88e-06,0.987568349604172,0.11039620088671598,1
comprehension,rival_majority,neutral,1041,1,0,1,0,rQrPrPrPrPaP,A,mistral-small,mistralai/mistral-small-3.2-24b-instruct,parasail/bf16,0,1.0,Parasail,A,9.16e-06,0.9902915242348412,0.07496190853306095,1
comprehension,rival_majority,neutral,1050,-1,0,0,0,rPrPrPaPrPrP,A,mistral-small,mistralai/mistral-small-3.2-24b-instruct,parasail/bf16,0,1.0,Parasail,A,9.16e-06,0.9890130585838025,0.06424390263107038,1
comprehension,rival_majority,neutral,1050,-1,0,1,0,rPrPrPaPrPrP,A,mistral-small,mistralai/mistral-small-3.2-24b-instruct,parasail/bf16,0,1.0,Parasail,A,7.88e-06,0.9953904278548115,0.029999720852634137,1
comprehension,rival_majority,neutral,1050,1,0,0,0,aPrPrPrPrPrP,A,mistral-small,mistralai/mistral-small-3.2-24b-instruct,parasail/bf16,0,1.0,Parasail,A,7.88e-06,0.9988304897197137,0.022490755296934783,1
comprehension,rival_majority,neutral,1050,1,0,1,0,rPrPrPrPaPrP,A,mistral-small,mistralai/mistral-small-3.2-24b-instruct,parasail/bf16,0,1.0,Parasail,A,7.88e-06,0.9978172838305139,0.03697161596558218,1
comprehension,rival_majority,neutral,1101,-1,0,0,0,aPaQrQ,B,mistral-small,mistralai/mistral-small-3.2-24b-instruct,parasail/bf16,0,1.0,Parasail,To,7.54e-06,0.16451644651115202,0.5727347485041758,1
comprehension,rival_majority,neutral,1101,-1,0,1,0,aQaPrQ,B,mistral-small,mistralai/mistral-small-3.2-24b-instruct,parasail/bf16,0,1.0,Parasail,Let,7.54e-06,0.46879062662624377,0.7073375226952039,0
comprehension,rival_majority,neutral,1101,1,0,0,0,rQaQaP,B,mistral-small,mistralai/mistral-small-3.2-24b-instruct,parasail/bf16,0,1.0,Parasail,Let,7.54e-06,0.2689414448079646,0.7948253877153164,1
comprehension,rival_majority,neutral,1101,1,0,1,0,rQaQaP,B,mistral-small,mistralai/mistral-small-3.2-24b-instruct,parasail/bf16,0,1.0,Parasail,A,7.54e-06,0.34864513533394575,0.7668164311702738,0
comprehension,rival_majority,neutral,1102,-1,0,0,0,rQaQrQaP,B,mistral-small,mistralai/mistral-small-3.2-24b-instruct,parasail/bf16,0,1.0,Parasail,Let,8.08e-06,0.09534946489910952,0.8516498260942283,1
comprehension,rival_majority,neutral,1102,-1,0,1,0,rQaQaPrQ,B,mistral-small,mistralai/mistral-small-3.2-24b-instruct,parasail/bf16,0,1.0,Parasail,Let,7.44e-06,0.0850990357257195,0.8456153321964188,1
comprehension,rival_majority,neutral,1102,1,0,0,0,aPrQaQrQ,B,mistral-small,mistralai/mistral-small-3.2-24b-instruct,parasail/bf16,0,1.0,Parasail,B,7.44e-06,0.07585818419975077,0.4332203116196153,1
comprehension,rival_majority,neutral,1102,1,0,1,0,aQrQaPrQ,B,mistral-small,mistralai/mistral-small-3.2-24b-instruct,parasail/bf16,0,1.0,Parasail,B,7.44e-06,0.04742587587030561,0.527078491437343,1
comprehension,rival_majority,neutral,1103,-1,0,0,0,aPaQrQrQrQ,B,mistral-small,mistralai/mistral-small-3.2-24b-instruct,parasail/bf16,0,1.0,Parasail,B,8.62e-06,0.015906390545547176,0.11063453404974155,1
comprehension,rival_majority,neutral,1103,-1,0,1,0,rQaPrQrQaQ,B,mistral-small,mistralai/mistral-small-3.2-24b-instruct,parasail/bf16,0,1.0,Parasail,To,7.98e-06,0.04742586240661293,0.722360672360601,1
comprehension,rival_majority,neutral,1103,1,0,0,0,rQrQrQaPaQ,B,mistral-small,mistralai/mistral-small-3.2-24b-instruct,parasail/bf16,0,1.0,Parasail,B,8.62e-06,0.06754668550840877,0.35663790471260703,1
comprehension,rival_majority,neutral,1103,1,0,1,0,rQaPrQrQaQ,B,mistral-small,mistralai/mistral-small-3.2-24b-instruct,parasail/bf16,0,1.0,Parasail,To,7.98e-06,0.0229773645576697,0.6286020457271584,1
comprehension,rival_majority,neutral,1104,-1,0,0,0,rQrQrQrQaQaP,B,mistral-small,mistralai/mistral-small-3.2-24b-instruct,parasail/bf16,0,1.0,Parasail,B,7.88e-06,0.029312229055423987,0.17586314905735312,1
comprehension,rival_majority,neutral,1104,-1,0,1,0,rQaQrQrQaPrQ,B,mistral-small,mistralai/mistral-small-3.2-24b-instruct,parasail/bf16,0,1.0,Parasail,B,7.88e-06,0.02033235571718262,0.4159401355931007,1
comprehension,rival_majority,neutral,1104,1,0,0,0,rQrQaQrQrQaP,B,mistral-small,mistralai/mistral-small-3.2-24b-instruct,parasail/bf16,0,1.0,Parasail,Let,7.88e-06,0.04208772551257712,0.3908681701480098,1
comprehension,rival_majority,neutral,1104,1,0,1,0,aQrQrQaPrQrQ,B,mistral-small,mistralai/mistral-small-3.2-24b-instruct,parasail/bf16,0,1.0,Parasail,B,7.88e-06,0.02595735644428767,0.18506353599644798,1
comprehension,rival_majority,neutral,1110,-1,0,0,0,aQaPrP,A,mistral-small,mistralai/mistral-small-3.2-24b-instruct,parasail/bf16,0,1.0,Parasail,A,7.54e-06,0.8807970842359877,0.5359169664073757,1
comprehension,rival_majority,neutral,1110,-1,0,1,0,rPaQaP,A,mistral-small,mistralai/mistral-small-3.2-24b-instruct,parasail/bf16,0,1.0,Parasail,A,7.54e-06,0.9241418199787564,0.5964946747523652,1
comprehension,rival_majority,neutral,1110,1,0,0,0,aQaPrP,A,mistral-small,mistralai/mistral-small-3.2-24b-instruct,parasail/bf16,0,1.0,Parasail,The,7.54e-06,0.9046505248181417,0.4972229065324143,1
comprehension,rival_majority,neutral,1110,1,0,1,0,aQaPrP,A,mistral-small,mistralai/mistral-small-3.2-24b-instruct,parasail/bf16,0,1.0,Parasail,To,7.54e-06,0.9579122720843812,0.26745825578060367,1
comprehension,rival_majority,neutral,1112,-1,0,0,0,rQrQaPaQrP,B,mistral-small,mistralai/mistral-small-3.2-24b-instruct,parasail/bf16,0,1.0,Parasail,Al,7.98e-06,0.01243165085318582,0.9044462013173334,1
comprehension,rival_majority,neutral,1112,-1,0,1,0,rPaQaPrQrQ,B,mistral-small,mistralai/mistral-small-3.2-24b-instruct,parasail/bf16,0,1.0,Parasail,To,7.98e-06,0.05340331774742918,0.7754686025355966,0
comprehension,rival_majority,neutral,1112,1,0,0,0,rQrPrQaQaP,B,mistral-small,mistralai/mistral-small-3.2-24b-instruct,parasail/bf16,0,1.0,Parasail,Let,8.62e-06,0.10669061666878238,0.9683249786015534,1
comprehension,rival_majority,neutral,1112,1,0,1,0,aPrQrQaQrP,B,mistral-small,mistralai/mistral-small-3.2-24b-instruct,parasail/bf16,0,1.0,Parasail,Let,7.98e-06,0.020332353342658756,0.8677158881063497,1
comprehension,rival_majority,neutral,1113,-1,0,0,0,rPaPrQrQaQrQ,B,mistral-small,mistralai/mistral-small-3.2-24b-instruct,parasail/bf16,0,1.0,Parasail,B,9.16e-06,0.020332349780873466,0.5434525693020931,1
comprehension,rival_majority,neutral,1113,-1,0,1,0,rPrQaPrQaQrQ,B,mistral-small,mistralai/mistral-small-3.2-24b-instruct,parasail/bf16,0,1.0,Parasail,B,7.88e-06,0.01243164792609625,0.750798082255254,1
comprehension,rival_majority,neutral,1113,1,0,0,0,rPrQaQaPrQrQ,B,mistral-small,mistralai/mistral-small-3.2-24b-instruct,parasail/bf16,0,1.0,Parasail,Let,7.88e-06,0.053403335826022726,0.7578687817257161,1
comprehension,rival_majority,neutral,1113,1,0,1,0,rPaQrQrQrQaP,B,mistral-small,mistralai/mistral-small-3.2-24b-instruct,parasail/bf16,0,1.0,Parasail,To,7.88e-06,0.03732688948593844,0.4681024182456107,1
comprehension,rival_majority,neutral,1120,-1,0,0,0,aQaPrPrP,A,mistral-small,mistralai/mistral-small-3.2-24b-instruct,parasail/bf16,0,1.0,Parasail,A,8.08e-06,0.9820137897747135,0.1924550632280171,1
comprehension,rival_majority,neutral,1120,-1,0,1,0,aPrPaQrP,A,mistral-small,mistralai/mistral-small-3.2-24b-instruct,parasail/bf16,0,1.0,Parasail,A,8.08e-06,0.9820137918802722,0.197454162542817,1
comprehension,rival_majority,neutral,1120,1,0,0,0,rPrPaPaQ,A,mistral-small,mistralai/mistral-small-3.2-24b-instruct,parasail/bf16,0,1.0,Parasail,A,8.08e-06,0.9525741295151718,0.5140370459752461,1
comprehension,rival_majority,neutral,1120,1,0,1,0,aPrPaQrP,A,mistral-small,mistralai/mistral-small-3.2-24b-instruct,parasail/bf16,0,1.0,Parasail,A,7.44e-06,0.9875683465856102,0.1843806882456206,1
comprehension,rival_majority,neutral,1121,-1,0,0,0,rPrPaQrQaP,A,mistral-small,mistralai/mistral-small-3.2-24b-instruct,parasail/bf16,0,1.0,Parasail,A,7.98e-06,0.7057850278370112,0.9675292233750082,0
comprehension,rival_majority,neutral,1121,-1,0,1,0,rPrQaPrPaQ,A,mistral-small,mistralai/mistral-small-3.2-24b-instruct,parasail/bf16,0,1.0,Parasail,Let,8.62e-06,0.9770226247376173,0.8482265304056491,1
comprehension,rival_majority,neutral,1121,1,0,0,0,aQrQaPrPrP,A,mistral-small,mistralai/mistral-small-3.2-24b-instruct,parasail/bf16,0,1.0,Parasail,Let,7.98e-06,0.9875683498785867,0.5131419952062061,1
comprehension,rival_majority,neutral,1121,1,0,1,0,rPrQaPrPaQ,A,mistral-small,mistralai/mistral-small-3.2-24b-instruct,parasail/bf16,0,1.0,Parasail,Let,7.98e-06,0.9820137858267907,0.7817764221120149,1
comprehension,rival_majority,neutral,1130,-1,0,0,0,aQrPrPaPrP,A,mistral-small,mistralai/mistral-small-3.2-24b-instruct,parasail/bf16,0,1.0,Parasail,A,7.98e-06,0.9706877726405082,0.31020784481234964,1
comprehension,rival_majority,neutral,1130,-1,0,1,0,rPrPaQrPaP,A,mistral-small,mistralai/mistral-small-3.2-24b-instruct,parasail/bf16,0,1.0,Parasail,A,7.98e-06,0.9859363696508799,0.3780583911856735,1
comprehension,rival_majority,neutral,1130,1,0,0,0,rPaPaQrPrP,A,mistral-small,mistralai/mistral-small-3.2-24b-instruct,parasail/bf16,0,1.0,Parasail,Let,7.98e-06,0.9669140216112959,0.34528320645953514,1
comprehension,rival_majority,neutral,1130,1,0,1,0,rPrPaQaPrP,A,mistral-small,mistralai/mistral-small-3.2-24b-instruct,parasail/bf16,0,1.0,Parasail,A,7.98e-06,0.9820137884587393,0.21031509465670195,1
comprehension,rival_majority,neutral,1131,-1,0,0,0,aPrPrPrQrPaQ,A,mistral-small,mistralai/mistral-small-3.2-24b-instruct,parasail/bf16,0,1.0,Parasail,A,9.16e-06,0.9820137921434671,0.7664009575194072,1
comprehension,rival_majority,neutral,1131,-1,0,1,0,aPaQrQrPrPrP,A,mistral-small,mistralai/mistral-small-3.2-24b-instruct,parasail/bf16,0,1.0,Parasail,A,8.52e-06,0.9875683496956434,0.12572038031447397,1
comprehension,rival_majority,neutral,1131,1,0,0,0,rQrPrPaQrPaP,A,mistral-small,mistralai/mistral-small-3.2-24b-instruct,parasail/bf16,0,1.0,Parasail,A,7.88e-06,0.9706877692486436,0.8775053074788521,1
comprehension,rival_majority,neutral,1131,1,0,1,0,rPaQrQaPrPrP,A,mistral-small,mistralai/mistral-small-3.2-24b-instruct,parasail/bf16,0,1.0,Parasail,Let,7.88e-06,0.9902915235185259,0.3789849104359987,1
comprehension,rival_majority,neutral,1140,-1,0,0,0,rPrPrPaQaPrP,A,mistral-small,mistralai/mistral-small-3.2-24b-instruct,parasail/bf16,0,1.0,Parasail,A,7.88e-06,0.974042644685976,0.19339400927618078,1
comprehension,rival_majority,neutral,1140,-1,0,1,0,aQrPrPaPrPrP,A,mistral-small,mistralai/mistral-small-3.2-24b-instruct,parasail/bf16,0,1.0,Parasail,To,7.88e-06,0.9875683494212288,0.11395106757156015,1
comprehension,rival_majority,neutral,1140,1,0,0,0,rPaPrPrPrPaQ,A,mistral-small,mistralai/mistral-small-3.2-24b-instruct,parasail/bf16,0,1.0,Parasail,A,7.88e-06,0.9840936082881853,0.12031716855217522,1
comprehension,rival_majority,neutral,1140,1,0,1,0,rPaQrPrPrPaP,A,mistral-small,mistralai/mistral-small-3.2-24b-instruct,parasail/bf16,0,1.0,Parasail,A,7.88e-06,0.9840936061889035,0.16246401626595508,1
comprehension,rival_majority,neutral,1201,-1,0,0,0,aQaQaPrQ,B,mistral-small,mistralai/mistral-small-3.2-24b-instruct,parasail/bf16,0,1.0,Parasail,Based,8.08e-06,0.13296424019782926,0.7574128456286451,1
comprehension,rival_majority,neutral,1201,-1,0,1,0,aPrQaQaQ,B,mistral-small,mistralai/mistral-small-3.2-24b-instruct,parasail/bf16,0,1.0,Parasail,Based,7.44e-06,0.10669059394565121,0.9216891092709123,1
comprehension,rival_majority,neutral,1201,1,0,0,0,aQrQaPaQ,B,mistral-small,mistralai/mistral-small-3.2-24b-instruct,parasail/bf16,0,1.0,Parasail,B,7.44e-06,0.3486451353339458,0.9361125771774076,1
comprehension,rival_majority,neutral,1201,1,0,1,0,aQrQaPaQ,B,mistral-small,mistralai/mistral-small-3.2-24b-instruct,parasail/bf16,0,1.0,Parasail,B,7.44e-06,0.40733340004593027,0.957499577927042,1
comprehension,rival_majority,neutral,1202,-1,0,0,0,rQrQaQaPaQ,B,mistral-small,mistralai/mistral-small-3.2-24b-instruct,parasail/bf16,0,1.0,Parasail,Let,7.98e-06,0.10669059394565118,0.7920720294658385,1
comprehension,rival_majority,neutral,1202,-1,0,1,0,aPrQaQrQaQ,B,mistral-small,mistralai/mistral-small-3.2-24b-instruct,parasail/bf16,0,1.0,Parasail,Let,7.98e-06,0.04208771830345276,0.6789794879710866,1
comprehension,rival_majority,neutral,1202,1,0,0,0,rQaQaQrQaP,B,mistral-small,mistralai/mistral-small-3.2-24b-instruct,parasail/bf16,0,1.0,Parasail,B,8.62e-06,0.042087723109535534,0.6376603748650375,1
comprehension,rival_majority,neutral,1202,1,0,1,0,rQaQrQaPaQ,B,mistral-small,mistralai/mistral-small-3.2-24b-instruct,parasail/bf16,0,1.0,Parasail,B,7.98e-06,0.037326878776894744,0.8027931332293173,1
comprehension,rival_majority,neutral,1203,-1,0,0,0,rQrQrQaQaQaP,B,mistral-small,mistralai/mistral-small-3.2-24b-instruct,parasail/bf16,0,1.0,Parasail,B,7.88e-06,0.037326884131416216,0.2867652403648623,1
comprehension,rival_majority,neutral,1203,-1,0,1,0,aQrQaPrQaQrQ,B,mistral-small,mistralai/mistral-small-3.2-24b-instruct,parasail/bf16,0,1.0,Parasail,B,7.88e-06,0.03308598029553404,0.4573374604049748,1
comprehension,rival_majority,neutral,1203,1,0,0,0,rQrQaQaPrQaQ,B,mistral-small,mistralai/mistral-small-3.2-24b-instruct,parasail/bf16,0,1.0,Parasail,Let,9.16e-06,0.02595735719779685,0.5734065992892875,1
comprehension,rival_majority,neutral,1203,1,0,1,0,rQrQrQaQaQaP,B,mistral-small,mistralai/mistral-small-3.2-24b-instruct,parasail/bf16,0,1.0,Parasail,B,7.88e-06,0.025957357574551445,0.19513260914245956,1
comprehension,rival_majority,neutral,1210,-1,0,0,0,aPrPaQaQ,A,mistral-small,mistralai/mistral-small-3.2-24b-instruct,parasail/bf16,0,1.0,Parasail,Based,7.44e-06,0.9324533088603708,0.8391945368446228,1
comprehension,rival_majority,neutral,1210,-1,0,1,0,aQaQaPrP,A,mistral-small,mistralai/mistral-small-3.2-24b-instruct,parasail/bf16,0,1.0,Parasail,To,7.44e-06,0.9465966732132748,0.38942114162142194,1
comprehension,rival_majority,neutral,1210,1,0,0,0,rPaQaQaP,A,mistral-small,mistralai/mistral-small-3.2-24b-instruct,parasail/bf16,0,1.0,Parasail,Let,7.44e-06,0.8670357598021708,0.8850005540661956,1
comprehension,rival_majority,neutral,1210,1,0,1,0,aQaQrPaP,A,mistral-small,mistralai/mistral-small-3.2-24b-instruct,parasail/bf16,0,1.0,Parasail,Let,7.44e-06,0.9149009549929799,0.7399789607620121,1
comprehension,rival_majority,neutral,1212,-1,0,0,0,rQaPaQrQaQrP,B,mistral-small,mistralai/mistral-small-3.2-24b-instruct,parasail/bf16,0,1.0,Parasail,To,7.88e-06,0.022977369910025615,0.8994369961845614,1
comprehension,rival_majority,neutral,1212,-1,0,1,0,rPrQaQrQaQaP,B,mistral-small,mistralai/mistral-small-3.2-24b-instruct,parasail/bf16,0,1.0,Parasail,To,7.88e-06,0.04742586240661292,0.891028701895677,1
comprehension,rival_majority,neutral,1212,1,0,0,0,aQrPaPrQrQaQ,B,mistral-small,mistralai/mistral-small-3.2-24b-instruct,parasail/bf16,0,1.0,Parasail,To,7.88e-06,0.042087718303452745,0.8973802892548374,0
comprehension,rival_majority,neutral,1212,1,0,1,0,rPrQrQaQaQaP,B,mistral-small,mistralai/mistral-small-3.2-24b-instruct,parasail/bf16,0,1.0,Parasail,To,7.88e-06,0.06754669113962909,0.873220654465098,1
comprehension,rival_majority,neutral,1220,-1,0,0,0,rPrPaQaQaP,A,mistral-small,mistralai/mistral-small-3.2-24b-instruct,parasail/bf16,0,1.0,Parasail,A,8.62e-06,0.9525741268224333,0.615905072182638,1
comprehension,rival_majority,neutral,1220,-1,0,1,0,rPrPaQaQaP,A,mistral-small,mistralai/mistral-small-3.2-24b-instruct,parasail/bf16,0,1.0,Parasail,A,7.98e-06,0.9770226327661525,0.3997143365446798,1
comprehension,rival_majority,neutral,1220,1,0,0,0,rPaPaQrPaQ,A,mistral-small,mistralai/mistral-small-3.2-24b-instruct,parasail/bf16,0,1.0,Parasail,A,7.98e-06,0.9770226300899743,0.7161769170902096,1
comprehension,rival_majority,neutral,1220,1,0,1,0,aQrPrPaPaQ,A,mistral-small,mistralai/mistral-small-3.2-24b-instruct,parasail/bf16,0,1.0,Parasail,A,7.98e-06,0.9902915223724212,0.47092517400779843,1
comprehension,rival_majority,neutral,1221,-1,0,0,0,aQaQrPaPrPrQ,A,mistral-small,mistralai/mistral-small-3.2-24b-instruct,parasail/bf16,0,1.0,Parasail,To,9.16e-06,0.9046505248181417,0.7875710139883653,0
comprehension,rival_majority,neutral,1221,-1,0,1,0,aPaQrQrPrPaQ,A,mistral-small,mistralai/mistral-small-3.2-24b-instruct,parasail/bf16,0,1.0,Parasail,A,7.88e-06,0.9579122768904644,0.6788858930736008,0
comprehension,rival_majority,neutral,1221,1,0,0,0,rPaQrPaQaPrQ,A,mistral-small,mistralai/mistral-small-3.2-24b-instruct,parasail/bf16,0,1.0,Parasail,Let,7.88e-06,0.8807970779778825,0.8654101836468201,0
comprehension,rival_majority,neutral,1221,1,0,1,0,aQrPrPrQaPaQ,A,mistral-small,mistralai/mistral-small-3.2-24b-instruct,parasail/bf16,0,1.0,Parasail,Let,7.88e-06,0.9947798743064415,0.703859092473212,1
comprehension,rival_majority,neutral,1230,-1,0,0,0,aQaPrPrPaQrP,A,mistral-small,mistralai/mistral-small-3.2-24b-instruct,parasail/bf16,0,1.0,Parasail,A,9.16e-06,0.98201378740596,0.29089020380850283,1
comprehension,rival_majority,neutral,1230,-1,0,1,0,aPrPaQaQrPrP,A,mistral-small,mistralai/mistral-small-3.2-24b-instruct,parasail/bf16,0,1.0,Parasail,A,7.88e-06,0.979667650515942,0.13869868115207573,1
comprehension,rival_majority,neutral,1230,1,0,0,0,aQaQaPrPrPrP,A,mistral-small,mistralai/mistral-small-3.2-24b-instruct,parasail/bf16,0,1.0,Parasail,A,7.88e-06,0.9875683494212288,0.09922158133200398,1
comprehension,rival_majority,neutral,1230,1,0,1,0,rPrPaQrPaPaQ,A,mistral-small,mistralai/mistral-small-3.2-24b-instruct,parasail/bf16,0,1.0,Parasail,A,7.88e-06,0.9933071498682252,0.3926928038268529,1
comprehension,rival_majority,neutral,1301,-1,0,0,0,rQaPaQaQaQ,B,mistral-small,mistralai/mistral-small-3.2-24b-instruct,parasail/bf16,0,1.0,Parasail,Let,7.98e-06,0.1066905939456512,0.7838983763659224,1
comprehension,rival_majority,neutral,1301,-1,0,1,0,aQrQaQaQaP,B,mistral-small,mistralai/mistral-small-3.2-24b-instruct,parasail/bf16,0,1.0,Parasail,Let,7.98e-06,0.5926665999540699,0.838572551816022,0
comprehension,rival_majority,neutral,1301,1,0,0,0,aQaPrQaQaQ,B,mistral-small,mistralai/mistral-small-3.2-24b-instruct,parasail/bf16,0,1.0,Parasail,B,7.98e-06,0.20181322226037882,0.7853983290612025,1
comprehension,rival_majority,neutral,1301,1,0,1,0,aQaQaPrQaQ,B,mistral-small,mistralai/mistral-small-3.2-24b-instruct,parasail/bf16,0,1.0,Parasail,To,7.98e-06,0.22270013882530887,0.8424844846820176,1
comprehension,rival_majority,neutral,1302,-1,0,0,0,rQaQrQaPaQaQ,B,mistral-small,mistralai/mistral-small-3.2-24b-instruct,parasail/bf16,0,1.0,Parasail,Let,7.88e-06,0.04742586779208956,0.7300976695837275,1
comprehension,rival_majority,neutral,1302,-1,0,1,0,aPaQaQrQrQaQ,B,mistral-small,mistralai/mistral-small-3.2-24b-instruct,parasail/bf16,0,1.0,Parasail,Let,7.88e-06,0.060086653540254206,0.4444917672259271,1
comprehension,rival_majority,neutral,1302,1,0,0,0,aQrQaQaQrQaP,B,mistral-small,mistralai/mistral-small-3.2-24b-instruct,parasail/bf16,0,1.0,Parasail,B,7.88e-06,0.047425867792089564,0.5606471481331826,1
comprehension,rival_majority,neutral,1302,1,0,1,0,rQrQaQaQaPaQ,B,mistral-small,mistralai/mistral-small-3.2-24b-instruct,parasail/bf16,0,1.0,Parasail,To,7.88e-06,0.029312223967627553,0.531397814532426,1
comprehension,rival_majority,neutral,1310,-1,0,0,0,aPaQrPaQaQ,A,mistral-small,mistralai/mistral-small-3.2-24b-instruct,parasail/bf16,0,1.0,Parasail,To,7.98e-06,0.7772998611746912,0.8490329479847942,1
comprehension,rival_majority,neutral,1310,-1,0,1,0,aQaPaQaQrP,A,mistral-small,mistralai/mistral-small-3.2-24b-instruct,parasail/bf16,0,1.0,Parasail,A,8.62e-06,0.952574122783325,0.3762550956548357,1
comprehension,rival_majority,neutral,1310,1,0,0,0,aQaQaPrPaQ,A,mistral-small,mistralai/mistral-small-3.2-24b-instruct,parasail/bf16,0,1.0,Parasail,Let,7.98e-06,0.9241418199787564,0.8288280463526927,1
comprehension,rival_majority,neutral,1310,1,0,1,0,aQaPaQaQrP,A,mistral-small,mistralai/mistral-small-3.2-24b-instruct,parasail/bf16,0,1.0,Parasail,A,7.98e-06,0.9579122744874229,0.4710306491283395,1
comprehension,rival_majority,neutral,1320,-1,0,0,0,aQrPaPaQaQrP,A,mistral-small,mistralai/mistral-small-3.2-24b-instruct,parasail/bf16,0,1.0,Parasail,Let,7.88e-06,0.9875683491468141,0.6244103396776991,1
comprehension,rival_majority,neutral,1320,-1,0,1,0,rPaPrPaQaQaQ,A,mistral-small,mistralai/mistral-small-3.2-24b-instruct,parasail/bf16,0,1.0,Parasail,Let,7.88e-06,0.9840936106207203,0.28746562327655256,1
comprehension,rival_majority,neutral,1320,1,0,0,0,aQaQaQaPrPrP,A,mistral-small,mistralai/mistral-small-3.2-24b-instruct,parasail/bf16,0,1.0,Parasail,Given,7.88e-06,0.9859363698574972,0.1365936860022049,1
comprehension,rival_majority,neutral,1320,1,0,1,0,rPaQaQrPaPaQ,A,mistral-small,mistralai/mistral-small-3.2-24b-instruct,parasail/bf16,0,1.0,Parasail,To,7.88e-06,0.99142251306567,0.5007457837647722,1
comprehension,rival_majority,neutral,1401,-1,0,0,0,aQrQaPaQaQaQ,B,mistral-small,mistralai/mistral-small-3.2-24b-instruct,parasail/bf16,0,1.0,Parasail,B,7.88e-06,0.10669059394565118,0.6888302858519336,1
comprehension,rival_majority,neutral,1401,-1,0,1,0,aQaQaPaQrQaQ,B,mistral-small,mistralai/mistral-small-3.2-24b-instruct,parasail/bf16,0,1.0,Parasail,To,7.88e-06,0.22270013882530887,0.821328706348619,0
comprehension,rival_majority,neutral,1401,1,0,0,0,aPrQaQaQaQaQ,B,mistral-small,mistralai/mistral-small-3.2-24b-instruct,parasail/bf16,0,1.0,Parasail,Given,7.88e-06,0.11920291576401235,0.5428900703939161,1
comprehension,rival_majority,neutral,1401,1,0,1,0,aQaQaQrQaQaP,B,mistral-small,mistralai/mistral-small-3.2-24b-instruct,parasail/bf16,0,1.0,Parasail,Let,7.88e-06,0.13296425394084313,0.6943889119682056,0
comprehension,rival_majority,neutral,1410,-1,0,0,0,aQaQrPaQaPaQ,A,mistral-small,mistralai/mistral-small-3.2-24b-instruct,parasail/bf16,0,1.0,Parasail,A,7.88e-06,0.8807970529454587,0.8507833794087558,0
comprehension,rival_majority,neutral,1410,-1,0,1,0,aQaQaPaQrPaQ,A,mistral-small,mistralai/mistral-small-3.2-24b-instruct,parasail/bf16,0,1.0,Parasail,A,7.88e-06,0.9525741268224333,0.5831177047477358,1
comprehension,rival_majority,neutral,1410,1,0,0,0,aQaQaPrPaQaQ,A,mistral-small,mistralai/mistral-small-3.2-24b-instruct,parasail/bf16,0,1.0,Parasail,A,7.88e-06,0.9149009549929797,0.7837649946224456,1
comprehension,rival_majority,neutral,1410,1,0,1,0,rPaQaQaQaPaQ,A,mistral-small,mistralai/mistral-small-3.2-24b-instruct,parasail/bf16,0,1.0,Parasail,Let,7.88e-06,0.8807970779778824,0.618094723423621,0
comprehension,rival_majority,neutral,2001,-1,0,0,0,rQaPaP,B,mistral-small,mistralai/mistral-small-3.2-24b-instruct,parasail/bf16,0,1.0,Parasail,To,7.54e-06,0.3208213008246071,0.8889236704730095,1
comprehension,rival_majority,neutral,2001,-1,0,1,0,rQaPaP,B,mistral-small,mistralai/mistral-small-3.2-24b-instruct,parasail/bf16,0,1.0,Parasail,Let,7.54e-06,0.6224593031872286,0.673120261121437,0
comprehension,rival_majority,neutral,2001,1,0,0,0,aPrQaP,B,mistral-small,mistralai/mistral-small-3.2-24b-instruct,parasail/bf16,0,1.0,Parasail,Given,6.9e-06,0.3775406968127714,0.8504153650419385,1
comprehension,rival_majority,neutral,2001,1,0,1,0,aPrQaP,B,mistral-small,mistralai/mistral-small-3.2-24b-instruct,parasail/bf16,0,1.0,Parasail,A,6.9e-06,0.5,0.7493285490933954,0
comprehension,rival_majority,neutral,2002,-1,0,0,0,rQaPrQaP,B,mistral-small,mistralai/mistral-small-3.2-24b-instruct,parasail/bf16,0,1.0,Parasail,Let,7.44e-06,0.09534946489910949,0.7749457583228654,1
comprehension,rival_majority,neutral,2002,-1,0,1,0,aPrQrQaP,B,mistral-small,mistralai/mistral-small-3.2-24b-instruct,parasail/bf16,0,1.0,Parasail,B,7.44e-06,0.037326887344129464,0.44922367003400776,1
comprehension,rival_majority,neutral,2002,1,0,0,0,aPaPrQrQ,B,mistral-small,mistralai/mistral-small-3.2-24b-instruct,parasail/bf16,0,1.0,Parasail,The,7.44e-06,0.017986212067650338,0.1610238430815737,1
comprehension,rival_majority,neutral,2002,1,0,1,0,aPrQrQaP,B,mistral-small,mistralai/mistral-small-3.2-24b-instruct,parasail/bf16,0,1.0,Parasail,B,7.44e-06,0.03732688734412946,0.40500312938403904,1
comprehension,rival_majority,neutral,2003,-1,0,0,0,aPrQrQrQaP,B,mistral-small,mistralai/mistral-small-3.2-24b-instruct,parasail/bf16,0,1.0,Parasail,B,7.98e-06,0.05340332979982424,0.3302713984317539,1
comprehension,rival_majority,neutral,2003,-1,0,1,0,rQrQaPaPrQ,B,mistral-small,mistralai/mistral-small-3.2-24b-instruct,parasail/bf16,0,1.0,Parasail,B,7.98e-06,0.03732688948593844,0.4173873478495711,1
comprehension,rival_majority,neutral,2003,1,0,0,0,aPrQrQaPrQ,B,mistral-small,mistralai/mistral-small-3.2-24b-instruct,parasail/bf16,0,1.0,Parasail,B,7.98e-06,0.0373268852023206,0.25205865856250487,1
comprehension,rival_majority,neutral,2003,1,0,1,0,aPrQrQaPrQ,B,mistral-small,mistralai/mistral-small-3.2-24b-instruct,parasail/bf16,0,1.0,Parasail,B,7.98e-06,0.022977371248114786,0.2137355748378562,1
comprehension,rival_majority,neutral,2004,-1,0,0,0,aPrQaPrQrQrQ,B,mistral-small,mistralai/mistral-small-3.2-24b-instruct,parasail/bf16,0,1.0,Parasail,B,7.88e-06,0.02033235304584329,0.1420481390545314,1
comprehension,rival_majority,neutral,2004,-1,0,1,0,rQrQaPrQaPrQ,B,mistral-small,mistralai/mistral-small-3.2-24b-instruct,parasail/bf16,0,1.0,Parasail,B,7.88e-06,0.037326887344129464,0.3353988175313042,1
comprehension,rival_majority,neutral,2004,1,0,0,0,rQaPrQaPrQrQ,B,mistral-small,mistralai/mistral-small-3.2-24b-instruct,parasail/bf16,0,1.0,Parasail,B,7.88e-06,0.0229773645576697,0.26492089989295897,1
comprehension,rival_majority,neutral,2004,1,0,1,0,rQrQaPaPrQrQ,B,mistral-small,mistralai/mistral-small-3.2-24b-instruct,parasail/bf16,0,1.0,Parasail,B,7.88e-06,0.03308598172565655,0.1997341759020166,1
comprehension,rival_majority,neutral,2010,-1,0,0,0,aPaPrP,A,mistral-small,mistralai/mistral-small-3.2-24b-instruct,parasail/bf16,0,1.0,Parasail,A,6.9e-06,0.9525741241296943,0.2603291367382845,1
comprehension,rival_majority,neutral,2010,-1,0,1,0,rPaPaP,A,mistral-small,mistralai/mistral-small-3.2-24b-instruct,parasail/bf16,0,1.0,Parasail,Let,6.9e-06,0.9669140206578809,0.18383042738807565,1
comprehension,rival_majority,neutral,2010,1,0,0,0,rPaPaP,A,mistral-small,mistralai/mistral-small-3.2-24b-instruct,parasail/bf16,0,1.0,Parasail,A,6.9e-06,0.9046505248181418,0.5067175087615906,1
comprehension,rival_majority,neutral,2010,1,0,1,0,rPaPaP,A,mistral-small,mistralai/mistral-small-3.2-24b-instruct,parasail/bf16,0,1.0,Parasail,A,7.54e-06,0.9740426405416754,0.19739710477023698,1
comprehension,rival_majority,neutral,2012,-1,0,0,0,aPrPrQrQaP,B,mistral-small,mistralai/mistral-small-3.2-24b-instruct,parasail/bf16,0,1.0,Parasail,To,7.98e-06,0.06754669113962909,0.8860446969064049,0
comprehension,rival_majority,neutral,2012,-1,0,1,0,rPrQaPaPrQ,B,mistral-small,mistralai/mistral-small-3.2-24b-instruct,parasail/bf16,0,1.0,Parasail,Let,7.98e-06,0.16451646289656316,0.8300647032525782,0
comprehension,rival_majority,neutral,2012,1,0,0,0,rPrQaPrQaP,B,mistral-small,mistralai/mistral-small-3.2-24b-instruct,parasail/bf16,0,1.0,Parasail,Let,7.98e-06,0.16451646289656316,0.9298643406958562,0
comprehension,rival_majority,neutral,2012,1,0,1,0,aPrQrPaPrQ,B,mistral-small,mistralai/mistral-small-3.2-24b-instruct,parasail/bf16,0,1.0,Parasail,A,7.98e-06,0.7549149648117216,0.6472555972217254,0
comprehension,rival_majority,neutral,2013,-1,0,0,0,rPrQrQaPaPrQ,B,mistral-small,mistralai/mistral-small-3.2-24b-instruct,parasail/bf16,0,1.0,Parasail,B,7.88e-06,0.03308598601602442,0.7436540229173345,1
comprehension,rival_majority,neutral,2013,-1,0,1,0,aPrPrQrQaPrQ,B,mistral-small,mistralai/mistral-small-3.2-24b-instruct,parasail/bf16,0,1.0,Parasail,To,7.88e-06,0.009708475335369563,0.5906124390888383,1
comprehension,rival_majority,neutral,2013,1,0,0,0,rPaPrQaPrQrQ,B,mistral-small,mistralai/mistral-small-3.2-24b-instruct,parasail/bf16,0,1.0,Parasail,B,7.88e-06,0.029312227359491745,0.5743424525861907,1
comprehension,rival_majority,neutral,2013,1,0,1,0,rQrQaPaPrQrP,B,mistral-small,mistralai/mistral-small-3.2-24b-instruct,parasail/bf16,0,1.0,Parasail,Let,7.88e-06,0.40733340004593027,0.8099692598358164,0
comprehension,rival_majority,neutral,2020,-1,0,0,0,rPaPaPrP,A,mistral-small,mistralai/mistral-small-3.2-24b-instruct,parasail/bf16,0,1.0,Parasail,A,7.44e-06,0.9770226314280636,0.1318187212716888,1
comprehension,rival_majority,neutral,2020,-1,0,1,0,aPrPrPaP,A,mistral-small,mistralai/mistral-small-3.2-24b-instruct,parasail/bf16,0,1.0,Parasail,A,7.44e-06,0.9924227585640579,0.05593654587354224,1
comprehension,rival_majority,neutral,2020,1,0,0,0,rPrPaPaP,A,mistral-small,mistralai/mistral-small-3.2-24b-instruct,parasail/bf16,0,1.0,Parasail,A,7.44e-06,0.9770226300899744,0.1485079973965875,1
comprehension,rival_majority,neutral,2020,1,0,1,0,aPrPrPaP,A,mistral-small,mistralai/mistral-small-3.2-24b-instruct,parasail/bf16,0,1.0,Parasail,A,7.44e-06,0.9902915221217108,0.05413969795245088,1
comprehension,rival_majority,neutral,2021,-1,0,0,0,rPaPrPaPrQ,A,mistral-small,mistralai/mistral-small-3.2-24b-instruct,parasail/bf16,0,1.0,Parasail,To,7.98e-06,0.9740426397881662,0.6417904743271203,1
comprehension,rival_majority,neutral,2021,-1,0,1,0,rPaPrQaPrP,A,mistral-small,mistralai/mistral-small-3.2-24b-instruct,parasail/bf16,0,1.0,Parasail,A,7.98e-06,0.9940889314940008,0.4808212423793491,1
comprehension,rival_majority,neutral,2021,1,0,0,0,rPrQaPrPaP,A,mistral-small,mistralai/mistral-small-3.2-24b-instruct,parasail/bf16,0,1.0,Parasail,Let,7.98e-06,0.9399133565584851,0.7547342669632796,1
comprehension,rival_majority,neutral,2021,1,0,1,0,rPaPrPrQaP,A,mistral-small,mistralai/mistral-small-3.2-24b-instruct,parasail/bf16,0,1.0,Parasail,To,7.98e-06,0.9914225156000332,0.31638278572518774,1
comprehension,rival_majority,neutral,2030,-1,0,0,0,rPaPaPrPrP,A,mistral-small,mistralai/mistral-small-3.2-24b-instruct,parasail/bf16,0,1.0,Parasail,To,7.98e-06,0.97966764739938,0.11268158639788994,1
comprehension,rival_majority,neutral,2030,-1,0,1,0,rPrPaPaPrP,A,mistral-small,mistralai/mistral-small-3.2-24b-instruct,parasail/bf16,0,1.0,Parasail,A,8.62e-06,0.9890130548596553,0.05917820135688867,1
comprehension,rival_majority,neutral,2030,1,0,0,0,rPaPaPrPrP,A,mistral-small,mistralai/mistral-small-3.2-24b-instruct,parasail/bf16,0,1.0,Parasail,A,7.98e-06,0.982013792801454,0.09559673023570259,1
comprehension,rival_majority,neutral,2030,1,0,1,0,aPrPrPrPaP,A,mistral-small,mistralai/mistral-small-3.2-24b-instruct,parasail/bf16,0,1.0,Parasail,A,7.98e-06,0.9914225161069058,0.04755012382334067,1
comprehension,rival_majority,neutral,2031,-1,0,0,0,aPaPrPrPrPrQ,A,mistral-small,mistralai/mistral-small-3.2-24b-instruct,parasail/bf16,0,1.0,Parasail,A,9.16e-06,0.9890130596362788,0.23359308058130346,1
comprehension,rival_majority,neutral,2031,-1,0,1,0,rQaPrPrPaPrP,A,mistral-small,mistralai/mistral-small-3.2-24b-instruct,parasail/bf16,0,1.0,Parasail,A,9.16e-06,0.9875683476832692,0.2641401559323525,1
comprehension,rival_majority,neutral,2031,1,0,0,0,rPrPaPrQaPrP,A,mistral-small,mistralai/mistral-small-3.2-24b-instruct,parasail/bf16,0,1.0,Parasail,A,7.88e-06,0.98593637543616,0.5696041120663999,1
comprehension,rival_majority,neutral,2031,1,0,1,0,rPaPrPrPaPrQ,A,mistral-small,mistralai/mistral-small-3.2-24b-instruct,parasail/bf16,0,1.0,Parasail,A,7.88e-06,0.9924227585080309,0.19319175809277656,1
comprehension,rival_majority,neutral,2040,-1,0,0,0,rPaPrPaPrPrP,A,mistral-small,mistralai/mistral-small-3.2-24b-instruct,parasail/bf16,0,1.0,Parasail,A,7.88e-06,0.9859363733699887,0.08344122714402247,1
comprehension,rival_majority,neutral,2040,-1,0,1,0,aPaPrPrPrPrP,A,mistral-small,mistralai/mistral-small-3.2-24b-instruct,parasail/bf16,0,1.0,Parasail,A,9.16e-06,0.9988304898698462,0.022333537033066397,1
comprehension,rival_majority,neutral,2040,1,0,0,0,rPaPrPrPrPaP,A,mistral-small,mistralai/mistral-small-3.2-24b-instruct,parasail/bf16,0,1.0,Parasail,A,7.88e-06,0.9796676469541568,0.08902169187129494,1
comprehension,rival_majority,neutral,2040,1,0,1,0,aPrPrPaPrPrP,A,mistral-small,mistralai/mistral-small-3.2-24b-instruct,parasail/bf16,0,1.0,Parasail,A,7.88e-06,0.99477987527369,0.03689532706188747,1
comprehension,rival_majority,neutral,2101,-1,0,0,0,aPrQaPaQ,B,mistral-small,mistralai/mistral-small-3.2-24b-instruct,parasail/bf16,0,1.0,Parasail,To,7.44e-06,0.22270013882530884,0.9560043650627643,1
comprehension,rival_majority,neutral,2101,-1,0,1,0,aPrQaPaQ,B,mistral-small,mistralai/mistral-small-3.2-24b-instruct,parasail/bf16,0,1.0,Parasail,To,7.44e-06,0.5926665999540698,0.9316363656456937,0
comprehension,rival_majority,neutral,2101,1,0,0,0,aQrQaPaP,B,mistral-small,mistralai/mistral-small-3.2-24b-instruct,parasail/bf16,0,1.0,Parasail,To,7.44e-06,0.4378234991142019,0.9207762434544209,1
comprehension,rival_majority,neutral,2101,1,0,1,0,aPaQaPrQ,B,mistral-small,mistralai/mistral-small-3.2-24b-instruct,parasail/bf16,0,1.0,Parasail,The,7.44e-06,0.18242554158599963,0.694497796427022,1
comprehension,rival_majority,neutral,2102,-1,0,0,0,aPrQaQaPrQ,B,mistral-small,mistralai/mistral-small-3.2-24b-instruct,parasail/bf16,0,1.0,Parasail,Let,7.98e-06,0.02297736991002562,0.7493788654689901,1
comprehension,rival_majority,neutral,2102,-1,0,1,0,aPaQrQrQaP,B,mistral-small,mistralai/mistral-small-3.2-24b-instruct,parasail/bf16,0,1.0,Parasail,B,7.98e-06,0.05340332979982424,0.5024838545503085,1
comprehension,rival_majority,neutral,2102,1,0,0,0,rQrQaQaPaP,B,mistral-small,mistralai/mistral-small-3.2-24b-instruct,parasail/bf16,0,1.0,Parasail,B,7.98e-06,0.13296424019782926,0.6471930848938707,1
comprehension,rival_majority,neutral,2102,1,0,1,0,rQaPaPaQrQ,B,mistral-small,mistralai/mistral-small-3.2-24b-instruct,parasail/bf16,0,1.0,Parasail,Let,7.98e-06,0.03732688734412946,0.7219498974705562,1
comprehension,rival_majority,neutral,2103,-1,0,0,0,aPaQrQrQrQaP,B,mistral-small,mistralai/mistral-small-3.2-24b-instruct,parasail/bf16,0,1.0,Parasail,B,7.88e-06,0.05340332528017579,0.34538631968672384,1
comprehension,rival_majority,neutral,2103,-1,0,1,0,aPaPrQaQrQrQ,B,mistral-small,mistralai/mistral-small-3.2-24b-instruct,parasail/bf16,0,1.0,Parasail,B,9.16e-06,0.03308597552845946,0.30764280617969886,1
comprehension,rival_majority,neutral,2103,1,0,0,0,aPrQaQrQrQaP,B,mistral-small,mistralai/mistral-small-3.2-24b-instruct,parasail/bf16,0,1.0,Parasail,B,9.16e-06,0.02297737392429335,0.5179936635867393,1
comprehension,rival_majority,neutral,2103,1,0,1,0,rQrQaPaPrQaQ,B,mistral-small,mistralai/mistral-small-3.2-24b-instruct,parasail/bf16,0,1.0,Parasail,B,7.88e-06,0.02931223075135632,0.68617977814533,0
comprehension,rival_majority,neutral,2110,-1,0,0,0,aPaPrPaQ,A,mistral-small,mistralai/mistral-small-3.2-24b-instruct,parasail/bf16,0,1.0,Parasail,To,7.44e-06,0.8807970904940926,0.7946358429731416,1
comprehension,rival_majority,neutral,2110,-1,0,1,0,aPaQrPaP,A,mistral-small,mistralai/mistral-small-3.2-24b-instruct,parasail/bf16,0,1.0,Parasail,Let,7.44e-06,0.9149009457116781,0.5891121339319039,1
comprehension,rival_majority,neutral,2110,1,0,0,0,aPaQrPaP,A,mistral-small,mistralai/mistral-small-3.2-24b-instruct,parasail/bf16,0,1.0,Parasail,Let,7.44e-06,0.7549149868676284,0.8824372530711196,1
comprehension,rival_majority,neutral,2110,1,0,1,0,aPrPaQaP,A,mistral-small,mistralai/mistral-small-3.2-24b-instruct,parasail/bf16,0,1.0,Parasail,Let,7.44e-06,0.9465966641739773,0.5409873836696224,1
comprehension,rival_majority,neutral,2112,-1,0,0,0,aPaPrQrPrQaQ,B,mistral-small,mistralai/mistral-small-3.2-24b-instruct,parasail/bf16,0,1.0,Parasail,To,7.88e-06,0.18242552380635638,0.9290581253444393,0
comprehension,rival_majority,neutral,2112,-1,0,1,0,rQaPaQrQaPrP,B,mistral-small,mistralai/mistral-small-3.2-24b-instruct,parasail/bf16,0,1.0,Parasail,To,7.88e-06,0.22270018009670894,0.929899067413423,0
comprehension,rival_majority,neutral,2112,1,0,0,0,aPrQaPaQrQrP,B,mistral-small,mistralai/mistral-small-3.2-24b-instruct,parasail/bf16,0,1.0,Parasail,Let,7.88e-06,0.01590639544387138,0.8451223087198845,0
comprehension,rival_majority,neutral,2112,1,0,1,0,rQaPrPrQaPaQ,B,mistral-small,mistralai/mistral-small-3.2-24b-instruct,parasail/bf16,0,1.0,Parasail,Let,7.88e-06,0.9525741214369554,0.7722442063353424,0
comprehension,rival_majority,neutral,2120,-1,0,0,0,rPrPaPaPaQ,A,mistral-small,mistralai/mistral-small-3.2-24b-instruct,parasail/bf16,0,1.0,Parasail,Let,8.62e-06,0.962673113726775,0.39192438864000345,1
comprehension,rival_majority,neutral,2120,-1,0,1,0,rPaQaPaPrP,A,mistral-small,mistralai/mistral-small-3.2-24b-instruct,parasail/bf16,0,1.0,Parasail,A,7.98e-06,0.9890130559121317,0.20444937904132499,1
comprehension,rival_majority,neutral,2120,1,0,0,0,aQrPrPaPaP,A,mistral-small,mistralai/mistral-small-3.2-24b-instruct,parasail/bf16,0,1.0,Parasail,To,7.98e-06,0.9579122744874229,0.5272717674205112,1
comprehension,rival_majority,neutral,2120,1,0,1,0,aPrPaPaQrP,A,mistral-small,mistralai/mistral-small-3.2-24b-instruct,parasail/bf16,0,1.0,Parasail,Based,7.98e-06,0.9859363758493942,0.23486744494124445,1
comprehension,rival_majority,neutral,2121,-1,0,0,0,aPrPrPaQaPrQ,A,mistral-small,mistralai/mistral-small-3.2-24b-instruct,parasail/bf16,0,1.0,Parasail,To,7.88e-06,0.8519528019683105,0.887014257644204,0
comprehension,rival_majority,neutral,2121,-1,0,1,0,aPaQrQaPrPrP,A,mistral-small,mistralai/mistral-small-3.2-24b-instruct,parasail/bf16,0,1.0,Parasail,A,9.16e-06,0.9890130560740513,0.41903635524756633,1
comprehension,rival_majority,neutral,2121,1,0,0,0,aPrQaQaPrPrP,A,mistral-small,mistralai/mistral-small-3.2-24b-instruct,parasail/bf16,0,1.0,Parasail,Let,7.88e-06,0.9914225156000332,0.5619784088650416,0
comprehension,rival_majority,neutral,2121,1,0,1,0,aPrPrQaQaPrP,A,mistral-small,mistralai/mistral-small-3.2-24b-instruct,parasail/bf16,0,1.0,Parasail,A,9.16e-06,0.9978172832950226,0.41535582597596565,1
comprehension,rival_majority,neutral,2130,-1,0,0,0,aQaPrPaPrPrP,A,mistral-small,mistralai/mistral-small-3.2-24b-instruct,parasail/bf16,0,1.0,Parasail,A,7.88e-06,0.9796676514063881,0.24908837739738898,1
comprehension,rival_majority,neutral,2130,-1,0,1,0,aPrPaPrPaQrP,A,mistral-small,mistralai/mistral-small-3.2-24b-instruct,parasail/bf16,0,1.0,Parasail,A,9.16e-06,0.9902915235185259,0.20963995603173413,1
comprehension,rival_majority,neutral,2130,1,0,0,0,aPrPaPaQrPrP,A,mistral-small,mistralai/mistral-small-3.2-24b-instruct,parasail/bf16,0,1.0,Parasail,A,7.88e-06,0.977022633435197,0.2275095606877533,1
comprehension,rival_majority,neutral,2130,1,0,1,0,aQrPaPrPaPrP,A,mistral-small,mistralai/mistral-small-3.2-24b-instruct,parasail/bf16,0,1.0,Parasail,To,7.88e-06,0.9940889300054613,0.1200878614710299,1
comprehension,rival_majority,neutral,2201,-1,0,0,0,aQaPaQaPrQ,B,mistral-small,mistralai/mistral-small-3.2-24b-instruct,parasail/bf16,0,1.0,Parasail,B,7.98e-06,0.13296425394084313,0.6105654889054082,1
comprehension,rival_majority,neutral,2201,-1,0,1,0,aQaPrQaQaP,B,mistral-small,mistralai/mistral-small-3.2-24b-instruct,parasail/bf16,0,1.0,Parasail,To,8.62e-06,0.679178699175393,0.9015386787782687,0
comprehension,rival_majority,neutral,2201,1,0,0,0,aPaPaQaQrQ,B,mistral-small,mistralai/mistral-small-3.2-24b-instruct,parasail/bf16,0,1.0,Parasail,B,7.98e-06,0.10669060530721626,0.46330358448207776,1
comprehension,rival_majority,neutral,2201,1,0,1,0,rQaQaPaQaP,B,mistral-small,mistralai/mistral-small-3.2-24b-instruct,parasail/bf16,0,1.0,Parasail,A,8.62e-06,0.43782349911420193,0.8913086221066692,0
comprehension,rival_majority,neutral,2202,-1,0,0,0,rQaQaPrQaQaP,B,mistral-small,mistralai/mistral-small-3.2-24b-instruct,parasail/bf16,0,1.0,Parasail,To,7.88e-06,0.020332358091706755,0.8399560195101599,1
comprehension,rival_majority,neutral,2202,-1,0,1,0,aQrQaPaQaPrQ,B,mistral-small,mistralai/mistral-small-3.2-24b-instruct,parasail/bf16,0,1.0,Parasail,B,9.16e-06,0.020332348593611844,0.7951898675129492,0
comprehension,rival_majority,neutral,2202,1,0,0,0,rQaPaPaQrQaQ,B,mistral-small,mistralai/mistral-small-3.2-24b-instruct,parasail/bf16,0,1.0,Parasail,To,9.16e-06,0.033085978388704126,0.8561712231810732,1
comprehension,rival_majority,neutral,2202,1,0,1,0,rQaPaQrQaQaP,B,mistral-small,mistralai/mistral-small-3.2-24b-instruct,parasail/bf16,0,1.0,Parasail,Let,7.88e-06,0.020332353342658753,0.8210419234710649,0
comprehension,rival_majority,neutral,2210,-1,0,0,0,aPrPaQaPaQ,A,mistral-small,mistralai/mistral-small-3.2-24b-instruct,parasail/bf16,0,1.0,Parasail,To,7.98e-06,0.8670357598021707,0.9258372107445526,0
comprehension,rival_majority,neutral,2210,-1,0,1,0,aPaPrPaQaQ,A,mistral-small,mistralai/mistral-small-3.2-24b-instruct,parasail/bf16,0,1.0,Parasail,A,8.62e-06,0.9626731126558704,0.4528153315217257,1
comprehension,rival_majority,neutral,2210,1,0,0,0,aPaQaPaQrP,A,mistral-small,mistralai/mistral-small-3.2-24b-instruct,parasail/bf16,0,1.0,Parasail,Let,7.98e-06,0.9241418158002492,0.5789832087832281,1
comprehension,rival_majority,neutral,2210,1,0,1,0,rPaPaQaPaQ,A,mistral-small,mistralai/mistral-small-3.2-24b-instruct,parasail/bf16,0,1.0,Parasail,A,7.98e-06,0.9669140216112958,0.6545835518136709,1
comprehension,rival_majority,neutral,2220,-1,0,0,0,rPaPaQaQrPaP,A,mistral-small,mistralai/mistral-small-3.2-24b-instruct,parasail/bf16,0,1.0,Parasail,Let,7.88e-06,0.9770226327661524,0.6453738239728386,1
comprehension,rival_majority,neutral,2220,-1,0,1,0,aQaPaPaQrPrP,A,mistral-small,mistralai/mistral-small-3.2-24b-instruct,parasail/bf16,0,1.0,Parasail,A,7.88e-06,0.9706877662807619,0.21045422979904316,1
comprehension,rival_majority,neutral,2220,1,0,0,0,aQrPaPrPaQaP,A,mistral-small,mistralai/mistral-small-3.2-24b-instruct,parasail/bf16,0,1.0,Parasail,To,9.16e-06,0.9914225145862879,0.7210266397460119,1
comprehension,rival_majority,neutral,2220,1,0,1,0,rPaQaPaPrPaQ,A,mistral-small,mistralai/mistral-small-3.2-24b-instruct,parasail/bf16,0,1.0,Parasail,A,9.16e-06,0.9902915255242086,0.26329168699345795,1
comprehension,rival_majority,neutral,2301,-1,0,0,0,aQaQaQrQaPaP,B,mistral-small,mistralai/mistral-small-3.2-24b-instruct,parasail/bf16,0,1.0,Parasail,Let,7.88e-06,0.07585817166422973,0.6462432777199343,1
comprehension,rival_majority,neutral,2301,-1,0,1,0,aQaPaQaPaQrQ,B,mistral-small,mistralai/mistral-small-3.2-24b-instruct,parasail/bf16,0,1.0,Parasail,B,7.88e-06,0.24508501313237172,0.688056863662224,0
comprehension,rival_majority,neutral,2301,1,0,0,0,aQaQaPaPrQaQ,B,mistral-small,mistralai/mistral-small-3.2-24b-instruct,parasail/bf16,0,1.0,Parasail,To,7.88e-06,0.1824255415859996,0.8459078637154647,1
comprehension,rival_majority,neutral,2301,1,0,1,0,aQaPaQaPrQaQ,B,mistral-small,mistralai/mistral-small-3.2-24b-instruct,parasail/bf16,0,1.0,Parasail,B,7.88e-06,0.4687906266262437,0.879211569857132,0
comprehension,rival_majority,neutral,2310,-1,0,0,0,rPaQaQaPaQaP,A,mistral-small,mistralai/mistral-small-3.2-24b-instruct,parasail/bf16,0,1.0,Parasail,A,7.88e-06,0.9149009642742806,0.7700955371198221,0
comprehension,rival_majority,neutral,2310,-1,0,1,0,aQaPrPaQaQaP,A,mistral-small,mistralai/mistral-small-3.2-24b-instruct,parasail/bf16,0,1.0,Parasail,A,7.88e-06,0.9770226300899744,0.6194792831704037,1
comprehension,rival_majority,neutral,2310,1,0,0,0,aQaQaPaQrPaP,A,mistral-small,mistralai/mistral-small-3.2-24b-instruct,parasail/bf16,0,1.0,Parasail,To,7.88e-06,0.9579122720843811,0.7877289900460201,1
comprehension,rival_majority,neutral,2310,1,0,1,0,aQrPaPaQaQaP,A,mistral-small,mistralai/mistral-small-3.2-24b-instruct,parasail/bf16,0,1.0,Parasail,Let,7.88e-06,0.9820137900379083,0.7157826763871304,1
comprehension,rival_majority,neutral,3001,-1,0,0,0,aPaPrQaP,B,mistral-small,mistralai/mistral-small-3.2-24b-instruct,parasail/bf16,0,1.0,Parasail,B,7.44e-06,0.2942149721629888,0.8936389937795355,1
comprehension,rival_majority,neutral,3001,-1,0,1,0,aPaPrQaP,B,mistral-small,mistralai/mistral-small-3.2-24b-instruct,parasail/bf16,0,1.0,Parasail,To,7.44e-06,0.8519527869325345,0.6892003137922539,0
comprehension,rival_majority,neutral,3001,1,0,0,0,aPrQaPaP,B,mistral-small,mistralai/mistral-small-3.2-24b-instruct,parasail/bf16,0,1.0,Parasail,B,7.44e-06,0.2942149474088797,0.8200774710057386,1
comprehension,rival_majority,neutral,3001,1,0,1,0,rQaPaPaP,B,mistral-small,mistralai/mistral-small-3.2-24b-instruct,parasail/bf16,0,1.0,Parasail,The,7.44e-06,0.34864513533394575,0.48027220008456273,0
comprehension,rival_majority,neutral,3002,-1,0,0,0,rQaPaPrQaP,B,mistral-small,mistralai/mistral-small-3.2-24b-instruct,parasail/bf16,0,1.0,Parasail,B,7.98e-06,0.06754670615621877,0.7723946061342921,1
comprehension,rival_majority,neutral,3002,-1,0,1,0,aPaPrQrQaP,B,mistral-small,mistralai/mistral-small-3.2-24b-instruct,parasail/bf16,0,1.0,Parasail,B,7.98e-06,0.06008665354025421,0.4827340486469779,0
comprehension,rival_majority,neutral,3002,1,0,0,0,rQaPrQaPaP,B,mistral-small,mistralai/mistral-small-3.2-24b-instruct,parasail/bf16,0,1.0,Parasail,Let,7.98e-06,0.13296424019782926,0.7444141749998097,1
comprehension,rival_majority,neutral,3002,1,0,1,0,aPrQaPaPrQ,B,mistral-small,mistralai/mistral-small-3.2-24b-instruct,parasail/bf16,0,1.0,Parasail,To,7.98e-06,0.04208772551257712,0.5055547703378496,0
comprehension,rival_majority,neutral,3003,-1,0,0,0,aPrQrQaPaPrQ,B,mistral-small,mistralai/mistral-small-3.2-24b-instruct,parasail/bf16,0,1.0,Parasail,B,7.88e-06,0.022977369910025615,0.4018801793830301,1
comprehension,rival_majority,neutral,3003,-1,0,1,0,aPrQrQaPaPrQ,B,mistral-small,mistralai/mistral-small-3.2-24b-instruct,parasail/bf16,0,1.0,Parasail,Let,7.88e-06,0.015906390312293683,0.3039077795931511,1
comprehension,rival_majority,neutral,3003,1,0,0,0,aPrQaPrQaPrQ,B,mistral-small,mistralai/mistral-small-3.2-24b-instruct,parasail/bf16,0,1.0,Parasail,B,7.88e-06,0.02297736924098106,0.12188977912283705,1
comprehension,rival_majority,neutral,3003,1,0,1,0,aPrQaPrQrQaP,B,mistral-small,mistralai/mistral-small-3.2-24b-instruct,parasail/bf16,0,1.0,Parasail,B,7.88e-06,0.014063629935885707,0.3334495046159549,1
comprehension,rival_majority,neutral,3010,-1,0,0,0,aPaPrPaP,A,mistral-small,mistralai/mistral-small-3.2-24b-instruct,parasail/bf16,0,1.0,Parasail,A,7.44e-06,0.9465966671870766,0.3207329858356601,1
comprehension,rival_majority,neutral,3010,-1,0,1,0,rPaPaPaP,A,mistral-small,mistralai/mistral-small-3.2-24b-instruct,parasail/bf16,0,1.0,Parasail,A,7.44e-06,0.9859363734732974,0.09718116612254102,1
comprehension,rival_majority,neutral,3010,1,0,0,0,aPaPrPaP,A,mistral-small,mistralai/mistral-small-3.2-24b-instruct,parasail/bf16,0,1.0,Parasail,A,7.44e-06,0.9579122708828602,0.31423624494805624,1
comprehension,rival_majority,neutral,3010,1,0,1,0,aPaPaPrP,A,mistral-small,mistralai/mistral-small-3.2-24b-instruct,parasail/bf16,0,1.0,Parasail,A,7.44e-06,0.9902915241632096,0.0844615717558359,1
comprehension,rival_majority,neutral,3012,-1,0,0,0,rPaPrQaPaPrQ,B,mistral-small,mistralai/mistral-small-3.2-24b-instruct,parasail/bf16,0,1.0,Parasail,B,7.88e-06,0.0953494648991095,0.8584105080916297,0
comprehension,rival_majority,neutral,3012,-1,0,1,0,aPaPrQaPrPrQ,B,mistral-small,mistralai/mistral-small-3.2-24b-instruct,parasail/bf16,0,1.0,Parasail,A,7.88e-06,0.8354835371034369,0.7150857892373205,0
comprehension,rival_majority,neutral,3012,1,0,0,0,rQaPaPrQrPaP,B,mistral-small,mistralai/mistral-small-3.2-24b-instruct,parasail/bf16,0,1.0,Parasail,To,7.88e-06,0.37754066879814546,0.8105711580392427,0
comprehension,rival_majority,neutral,3012,1,0,1,0,aPaPrQrQrPaP,B,mistral-small,mistralai/mistral-small-3.2-24b-instruct,parasail/bf16,0,1.0,Parasail,Let,7.88e-06,0.5,0.6806086456173097,0
comprehension,rival_majority,neutral,3020,-1,0,0,0,aPaPrPrPaP,A,mistral-small,mistralai/mistral-small-3.2-24b-instruct,parasail/bf16,0,1.0,Parasail,A,7.98e-06,0.9796676463605257,0.09995494424837859,1
comprehension,rival_majority,neutral,3020,-1,0,1,0,aPaPaPrPrP,A,mistral-small,mistralai/mistral-small-3.2-24b-instruct,parasail/bf16,0,1.0,Parasail,A,7.98e-06,0.9940889316910132,0.04565582489536457,1
comprehension,rival_majority,neutral,3020,1,0,0,0,rPaPaPrPaP,A,mistral-small,mistralai/mistral-small-3.2-24b-instruct,parasail/bf16,0,1.0,Parasail,A,7.98e-06,0.9740426428022031,0.20605873370277883,1
comprehension,rival_majority,neutral,3020,1,0,1,0,rPaPrPaPaP,A,mistral-small,mistralai/mistral-small-3.2-24b-instruct,parasail/bf16,0,1.0,Parasail,A,7.98e-06,0.9840936061889035,0.10034337101115376,1
comprehension,rival_majority,neutral,3021,-1,0,0,0,rQaPrPrPaPaP,A,mistral-small,mistralai/mistral-small-3.2-24b-instruct,parasail/bf16,0,1.0,Parasail,Given,7.88e-06,0.9149009549929797,0.7918095684981536,1
comprehension,rival_majority,neutral,3021,-1,0,1,0,aPaPrQaPrPrP,A,mistral-small,mistralai/mistral-small-3.2-24b-instruct,parasail/bf16,0,1.0,Parasail,To,7.88e-06,0.9933071506607352,0.3696312657566686,1
comprehension,rival_majority,neutral,3021,1,0,0,0,aPaPrPrPrQaP,A,mistral-small,mistralai/mistral-small-3.2-24b-instruct,parasail/bf16,0,1.0,Parasail,A,7.88e-06,0.9796676502191265,0.5584961771407516,1
comprehension,rival_majority,neutral,3021,1,0,1,0,aPrPaPaPrPrQ,A,mistral-small,mistralai/mistral-small-3.2-24b-instruct,parasail/bf16,0,1.0,Parasail,A,7.88e-06,0.9940889306183894,0.15322754989564025,1
comprehension,rival_majority,neutral,3030,-1,0,0,0,aPrPrPaPaPrP,A,mistral-small,mistralai/mistral-small-3.2-24b-instruct,parasail/bf16,0,1.0,Parasail,Based,7.88e-06,0.9840936057223965,0.08496980113283525,1
comprehension,rival_majority,neutral,3030,-1,0,1,0,rPaPaPaPrPrP,A,mistral-small,mistralai/mistral-small-3.2-24b-instruct,parasail/bf16,0,1.0,Parasail,A,7.88e-06,0.9933071475649925,0.04250597755163121,1
comprehension,rival_majority,neutral,3030,1,0,0,0,aPaPaPrPrPrP,A,mistral-small,mistralai/mistral-small-3.2-24b-instruct,parasail/bf16,0,1.0,Parasail,A,7.88e-06,0.9940889325009535,0.05528289179859669,1
comprehension,rival_majority,neutral,3030,1,0,1,0,rPaPrPaPaPrP,A,mistral-small,mistralai/mistral-small-3.2-24b-instruct,parasail/bf16,0,1.0,Parasail,A,7.88e-06,0.9890130562764505,0.05872890402734643,1
comprehension,rival_majority,neutral,3101,-1,0,0,0,rQaPaPaPaQ,B,mistral-small,mistralai/mistral-small-3.2-24b-instruct,parasail/bf16,0,1.0,Parasail,To,7.98e-06,0.18242554158599963,0.830850487858362,0
comprehension,rival_majority,neutral,3101,-1,0,1,0,aQaPrQaPaP,B,mistral-small,mistralai/mistral-small-3.2-24b-instruct,parasail/bf16,0,1.0,Parasail,The,7.98e-06,0.9241418366927833,0.7980500729959512,1
comprehension,rival_majority,neutral,3101,1,0,0,0,aPrQaPaQaP,B,mistral-small,mistralai/mistral-small-3.2-24b-instruct,parasail/bf16,0,1.0,Parasail,To,7.98e-06,0.22270013882530884,0.9458351727879232,0
comprehension,rival_majority,neutral,3101,1,0,1,0,aPrQaPaQaP,B,mistral-small,mistralai/mistral-small-3.2-24b-instruct,parasail/bf16,0,1.0,Parasail,Let,7.98e-06,0.5621765008857981,0.9175676142811896,0
comprehension,rival_majority,neutral,3102,-1,0,0,0,aPrQaPaPrQaQ,B,mistral-small,mistralai/mistral-small-3.2-24b-instruct,parasail/bf16,0,1.0,Parasail,Let,7.88e-06,0.06008665017400762,0.8954497455065766,0
comprehension,rival_majority,neutral,3102,-1,0,1,0,aQrQrQaPaPaP,B,mistral-small,mistralai/mistral-small-3.2-24b-instruct,parasail/bf16,0,1.0,Parasail,B,7.88e-06,0.053403329799824234,0.5035622183433692,1
comprehension,rival_majority,neutral,3102,1,0,0,0,aPaPaPaQrQrQ,B,mistral-small,mistralai/mistral-small-3.2-24b-instruct,parasail/bf16,0,1.0,Parasail,Based,7.88e-06,0.025957356821042263,0.20417684188939178,1
comprehension,rival_majority,neutral,3102,1,0,1,0,aPaQrQrQaPaP,B,mistral-small,mistralai/mistral-small-3.2-24b-instruct,parasail/bf16,0,1.0,Parasail,Given,7.88e-06,0.03308597457504462,0.5057428729405626,1
comprehension,rival_majority,neutral,3110,-1,0,0,0,aPaPaPaQrP,A,mistral-small,mistralai/mistral-small-3.2-24b-instruct,parasail/bf16,0,1.0,Parasail,A,7.98e-06,0.9241418116217417,0.47932141246015514,1
comprehension,rival_majority,neutral,3110,-1,0,1,0,aPaQaPaPrP,A,mistral-small,mistralai/mistral-small-3.2-24b-instruct,parasail/bf16,0,1.0,Parasail,The,7.98e-06,0.9796676445796328,0.19332799621760122,1
comprehension,rival_majority,neutral,3110,1,0,0,0,aQaPrPaPaP,A,mistral-small,mistralai/mistral-small-3.2-24b-instruct,parasail/bf16,0,1.0,Parasail,Given,7.98e-06,0.9241418199787564,0.5534776531552836,1
comprehension,rival_majority,neutral,3110,1,0,1,0,rPaPaPaPaQ,A,mistral-small,mistralai/mistral-small-3.2-24b-instruct,parasail/bf16,0,1.0,Parasail,A,7.98e-06,0.9820137931962462,0.4251282109984621,1
comprehension,rival_majority,neutral,3120,-1,0,0,0,aPrPaPrPaPaQ,A,mistral-small,mistralai/mistral-small-3.2-24b-instruct,parasail/bf16,0,1.0,Parasail,Let,7.88e-06,0.9859363754361599,0.480105228043356,1
comprehension,rival_majority,neutral,3120,-1,0,1,0,aQrPaPaPaPrP,A,mistral-small,mistralai/mistral-small-3.2-24b-instruct,parasail/bf16,0,1.0,Parasail,A,7.88e-06,0.9875683495127003,0.218347129450832,1
comprehension,rival_majority,neutral,3120,1,0,0,0,aQaPrPaPaPrP,A,mistral-small,mistralai/mistral-small-3.2-24b-instruct,parasail/bf16,0,1.0,Parasail,A,7.88e-06,0.9820137889851291,0.2657300079247136,1
comprehension,rival_majority,neutral,3120,1,0,1,0,rPaPaPrPaPaQ,A,mistral-small,mistralai/mistral-small-3.2-24b-instruct,parasail/bf16,0,1.0,Parasail,The,7.88e-06,0.9890130586647622,0.2714471386771359,1
comprehension,rival_majority,neutral,3201,-1,0,0,0,rQaQaQaPaPaP,B,mistral-small,mistralai/mistral-small-3.2-24b-instruct,parasail/bf16,0,1.0,Parasail,B,7.88e-06,0.10669058258408719,0.6818699520290552,1
comprehension,rival_majority,neutral,3201,-1,0,1,0,aPaQaPaPaQrQ,B,mistral-small,mistralai/mistral-small-3.2-24b-instruct,parasail/bf16,0,1.0,Parasail,B,7.88e-06,0.3486451353339458,0.6268343294709873,0
comprehension,rival_majority,neutral,3201,1,0,0,0,aPaPaPaQaQrQ,B,mistral-small,mistralai/mistral-small-3.2-24b-instruct,parasail/bf16,0,1.0,Parasail,B,7.88e-06,0.07585817793199001,0.3671153173613255,1
comprehension,rival_majority,neutral,3201,1,0,1,0,aQaPaPrQaQaP,B,mistral-small,mistralai/mistral-small-3.2-24b-instruct,parasail/bf16,0,1.0,Parasail,A,7.88e-06,0.7057850278370112,0.9038925205826025,0
comprehension,rival_majority,neutral,3210,-1,0,0,0,rPaPaQaPaPaQ,A,mistral-small,mistralai/mistral-small-3.2-24b-instruct,parasail/bf16,0,1.0,Parasail,A,7.88e-06,0.8933093946927838,0.7595691827609751,0
comprehension,rival_majority,neutral,3210,-1,0,1,0,aQaQaPaPaPrP,A,mistral-small,mistralai/mistral-small-3.2-24b-instruct,parasail/bf16,0,1.0,Parasail,A,7.88e-06,0.9770226284173629,0.1601264026044884,1
comprehension,rival_majority,neutral,3210,1,0,0,0,rPaQaPaQaPaP,A,mistral-small,mistralai/mistral-small-3.2-24b-instruct,parasail/bf16,0,1.0,Parasail,Let,7.88e-06,0.9706877726405083,0.5912070106502243,1
comprehension,rival_majority,neutral,3210,1,0,1,0,aPaPaPrPaQaQ,A,mistral-small,mistralai/mistral-small-3.2-24b-instruct,parasail/bf16,0,1.0,Parasail,A,7.88e-06,0.9840936073551712,0.2858459831561291,1
comprehension,rival_majority,neutral,4001,-1,0,0,0,aPrQaPaPaP,B,mistral-small,mistralai/mistral-small-3.2-24b-instruct,parasail/bf16,0,1.0,Parasail,To,7.98e-06,0.320821300824607,0.8045499043025237,0
comprehension,rival_majority,neutral,4001,-1,0,1,0,aPrQaPaPaP,B,mistral-small,mistralai/mistral-small-3.2-24b-instruct,parasail/bf16,0,1.0,Parasail,To,7.98e-06,0.8933094060543487,0.6109738601477716,0
comprehension,rival_majority,neutral,4001,1,0,0,0,aPaPrQaPaP,B,mistral-small,mistralai/mistral-small-3.2-24b-instruct,parasail/bf16,0,1.0,Parasail,To,7.98e-06,0.18242550602671442,0.5960758846909042,0
comprehension,rival_majority,neutral,4001,1,0,1,0,aPaPaPrQaP,B,mistral-small,mistralai/mistral-small-3.2-24b-instruct,parasail/bf16,0,1.0,Parasail,To,7.98e-06,0.6513548782017745,0.39585326178591873,0
comprehension,rival_majority,neutral,4002,-1,0,0,0,aPaPrQaPrQaP,B,mistral-small,mistralai/mistral-small-3.2-24b-instruct,parasail/bf16,0,1.0,Parasail,Let,7.88e-06,0.037326887344129464,0.6876798669524516,0
comprehension,rival_majority,neutral,4002,-1,0,1,0,aPrQaPaPrQaP,B,mistral-small,mistralai/mistral-small-3.2-24b-instruct,parasail/bf16,0,1.0,Parasail,Let,8.52e-06,0.16451644651115205,0.7080559343684034,0
comprehension,rival_majority,neutral,4002,1,0,0,0,aPrQaPaPaPrQ,B,mistral-small,mistralai/mistral-small-3.2-24b-instruct,parasail/bf16,0,1.0,Parasail,Let,7.88e-06,0.0474258704848281,0.4326994810251148,1
comprehension,rival_majority,neutral,4002,1,0,1,0,aPaPaPrQaPrQ,B,mistral-small,mistralai/mistral-small-3.2-24b-instruct,parasail/bf16,0,1.0,Parasail,B,7.88e-06,0.042087732721702666,0.3998406975453349,1
comprehension,rival_majority,neutral,4010,-1,0,0,0,aPrPaPaPaP,A,mistral-small,mistralai/mistral-small-3.2-24b-instruct,parasail/bf16,0,1.0,Parasail,A,7.98e-06,0.9669140220880033,0.20412466194651113,1
comprehension,rival_majority,neutral,4010,-1,0,1,0,aPaPaPaPrP,A,mistral-small,mistralai/mistral-small-3.2-24b-instruct,parasail/bf16,0,1.0,Parasail,A,7.98e-06,0.9890130573694068,0.08669149494772477,1
comprehension,rival_majority,neutral,4010,1,0,0,0,aPaPaPaPrP,A,mistral-small,mistralai/mistral-small-3.2-24b-instruct,parasail/bf16,0,1.0,Parasail,A,7.98e-06,0.9740426405416754,0.21307808859859223,1
comprehension,rival_majority,neutral,4010,1,0,1,0,aPaPaPrPaP,A,mistral-small,mistralai/mistral-small-3.2-24b-instruct,parasail/bf16,0,1.0,Parasail,A,7.98e-06,0.9840936115537342,0.1200082042114935,1
comprehension,rival_majority,neutral,4020,-1,0,0,0,aPrPrPaPaPaP,A,mistral-small,mistralai/mistral-small-3.2-24b-instruct,parasail/bf16,0,1.0,Parasail,A,9.16e-06,0.9796676448764483,0.12261626400845493,1
comprehension,rival_majority,neutral,4020,-1,0,1,0,aPrPaPaPrPaP,A,mistral-small,mistralai/mistral-small-3.2-24b-instruct,parasail/bf16,0,1.0,Parasail,A,7.88e-06,0.9859363727501375,0.10370411116515932,1
comprehension,rival_majority,neutral,4020,1,0,0,0,rPaPaPrPaPaP,A,mistral-small,mistralai/mistral-small-3.2-24b-instruct,parasail/bf16,0,1.0,Parasail,A,7.88e-06,0.9859363725435203,0.14082900233161233,1
comprehension,rival_majority,neutral,4020,1,0,1,0,rPaPrPaPaPaP,A,mistral-small,mistralai/mistral-small-3.2-24b-instruct,parasail/bf16,0,1.0,Parasail,A,7.88e-06,0.9840936092211994,0.07252078854848476,1
comprehension,rival_majority,neutral,4101,-1,0,0,0,aPaPrQaPaQaP,B,mistral-small,mistralai/mistral-small-3.2-24b-instruct,parasail/bf16,0,1.0,Parasail,To,7.88e-06,0.29421497216298875,0.9053807468007407,0
comprehension,rival_majority,neutral,4101,-1,0,1,0,aQaPaPaPrQaP,B,mistral-small,mistralai/mistral-small-3.2-24b-instruct,parasail/bf16,0,1.0,Parasail,Let,7.88e-06,0.9706877624649134,0.5766909523692798,1
comprehension,rival_majority,neutral,4101,1,0,0,0,aPaPrQaQaPaP,B,mistral-small,mistralai/mistral-small-3.2-24b-instruct,parasail/bf16,0,1.0,Parasail,To,7.88e-06,0.18242550602671442,0.7999750897214642,1
comprehension,rival_majority,neutral,4101,1,0,1,0,aQaPaPaPrQaP,B,mistral-small,mistralai/mistral-small-3.2-24b-instruct,parasail/bf16,0,1.0,Parasail,Let,7.88e-06,0.8807970779778824,0.6382865675024502,0
comprehension,rival_majority,neutral,4110,-1,0,0,0,aPaPaPaQaPrP,A,mistral-small,mistralai/mistral-small-3.2-24b-instruct,parasail/bf16,0,1.0,Parasail,Let,7.88e-06,0.9465966702001758,0.40004721116317,1
comprehension,rival_majority,neutral,4110,-1,0,1,0,rPaQaPaPaPaP,A,mistral-small,mistralai/mistral-small-3.2-24b-instruct,parasail/bf16,0,1.0,Parasail,A,7.88e-06,0.9840936101542134,0.16383491032815567,1
comprehension,rival_majority,neutral,4110,1,0,0,0,rPaPaPaQaPaP,A,mistral-small,mistralai/mistral-small-3.2-24b-instruct,parasail/bf16,0,1.0,Parasail,To,7.88e-06,0.9579122720843811,0.4252590542508544,1
comprehension,rival_majority,neutral,4110,1,0,1,0,rPaPaPaQaPaP,A,mistral-small,mistralai/mistral-small-3.2-24b-instruct,parasail/bf16,0,1.0,Parasail,A,7.88e-06,0.9859363754361601,0.22136208818090686,1
comprehension,rival_majority,neutral,5001,-1,0,0,0,aPaPrQaPaPaP,B,mistral-small,mistralai/mistral-small-3.2-24b-instruct,parasail/bf16,0,1.0,Parasail,A,7.88e-06,0.320821300824607,0.5488664536769798,0
comprehension,rival_majority,neutral,5001,-1,0,1,0,aPrQaPaPaPaP,B,mistral-small,mistralai/mistral-small-3.2-24b-instruct,parasail/bf16,0,1.0,Parasail,Given,7.88e-06,0.8354835207180243,0.4579243409078116,0
comprehension,rival_majority,neutral,5001,1,0,0,0,rQaPaPaPaPaP,B,mistral-small,mistralai/mistral-small-3.2-24b-instruct,parasail/bf16,0,1.0,Parasail,Given,7.88e-06,0.08509904036636974,0.3430308649601105,0
comprehension,rival_majority,neutral,5001,1,0,1,0,aPaPaPaPaPrQ,B,mistral-small,mistralai/mistral-small-3.2-24b-instruct,parasail/bf16,0,1.0,Parasail,Given,7.88e-06,0.3486451217982255,0.24365253975837303,0
comprehension,rival_majority,neutral,5010,-1,0,0,0,aPaPaPrPaPaP,A,mistral-small,mistralai/mistral-small-3.2-24b-instruct,parasail/bf16,0,1.0,Parasail,A,7.88e-06,0.9740426416719394,0.19571616710010575,1
comprehension,rival_majority,neutral,5010,-1,0,1,0,aPaPrPaPaPaP,A,mistral-small,mistralai/mistral-small-3.2-24b-instruct,parasail/bf16,0,1.0,Parasail,A,7.88e-06,0.9890130574503665,0.06843114566631492,1
comprehension,rival_majority,neutral,5010,1,0,0,0,aPaPaPrPaPaP,A,mistral-small,mistralai/mistral-small-3.2-24b-instruct,parasail/bf16,0,1.0,Parasail,A,7.88e-06,0.9740426401649208,0.20051587585937936,1
comprehension,rival_majority,neutral,5010,1,0,1,0,aPaPaPaPaPrP,A,mistral-small,mistralai/mistral-small-3.2-24b-instruct,parasail/bf16,0,1.0,Parasail,A,7.88e-06,0.9947798734165728,0.08118039412226064,1
