arm,question,framing,counts,s0,mapping,order,perm,seq,correct,key,model,tag,rep,temperature,served,content,cost,pA,leak,censored
comprehension,ally_majority,neutral,0100,-1,0,0,0,aQ,B,nemo-12b,mistralai/mistral-nemo,io-net/fp16,0,1.0,Io Net,B,1.782e-06,0.07585818419975078,0.006064240200541748,0
comprehension,ally_majority,neutral,0100,-1,0,1,0,aQ,B,nemo-12b,mistralai/mistral-nemo,io-net/fp16,0,1.0,Io Net,B,1.91e-06,0.06754669724011829,0.005241365909762208,0
comprehension,ally_majority,neutral,0100,1,0,0,0,aQ,B,nemo-12b,mistralai/mistral-nemo,io-net/fp16,0,1.0,Io Net,B,1.782e-06,0.20181322226037882,0.005019378728113311,0
comprehension,ally_majority,neutral,0100,1,0,1,0,aQ,B,nemo-12b,mistralai/mistral-nemo,io-net/fp16,0,1.0,Io Net,A,1.91e-06,0.1645164710892692,0.006368671033090578,0
comprehension,ally_majority,neutral,0101,-1,0,0,0,aQrQ,B,nemo-12b,mistralai/mistral-nemo,io-net/fp16,0,1.0,Io Net,B,1.92e-06,0.2942149783515162,0.008795120107917942,0
comprehension,ally_majority,neutral,0101,-1,0,1,0,aQrQ,B,nemo-12b,mistralai/mistral-nemo,io-net/fp16,0,1.0,Io Net,B,1.92e-06,0.3208213138121609,0.01037885651332826,0
comprehension,ally_majority,neutral,0101,1,0,0,0,rQaQ,B,nemo-12b,mistralai/mistral-nemo,io-net/fp16,0,1.0,Io Net,B,1.92e-06,0.16451646289656316,0.0044502495947919,0
comprehension,ally_majority,neutral,0101,1,0,1,0,rQaQ,B,nemo-12b,mistralai/mistral-nemo,io-net/fp16,0,1.0,Io Net,A,2.048e-06,0.24508501313237172,0.006369688101588,0
comprehension,ally_majority,neutral,0102,-1,0,0,0,rQaQrQ,B,nemo-12b,mistralai/mistral-nemo,io-net/fp16,0,1.0,Io Net,A,2.058e-06,0.4378234991142019,0.00788348005419881,0
comprehension,ally_majority,neutral,0102,-1,0,1,0,rQaQrQ,B,nemo-12b,mistralai/mistral-nemo,io-net/fp16,0,1.0,Io Net,A,2.058e-06,0.6513548646660542,0.012420487804129632,0
comprehension,ally_majority,neutral,0102,1,0,0,0,rQaQrQ,B,nemo-12b,mistralai/mistral-nemo,io-net/fp16,0,1.0,Io Net,B,2.058e-06,0.1192029188930649,0.01163956647518638,0
comprehension,ally_majority,neutral,0102,1,0,1,0,aQrQrQ,B,nemo-12b,mistralai/mistral-nemo,io-net/fp16,0,1.0,Io Net,B,2.058e-06,0.20181321505933414,0.018851490033121587,0
comprehension,ally_majority,neutral,0103,-1,0,0,0,aQrQrQrQ,B,nemo-12b,mistralai/mistral-nemo,io-net/fp16,0,1.0,Io Net,B,2.068e-06,0.34864513533394575,0.012889054374712217,0
comprehension,ally_majority,neutral,0103,-1,0,1,0,rQrQrQaQ,B,nemo-12b,mistralai/mistral-nemo,io-net/fp16,0,1.0,Io Net,A,2.068e-06,0.34864513533394575,0.013470892471098894,0
comprehension,ally_majority,neutral,0103,1,0,0,0,rQaQrQrQ,B,nemo-12b,mistralai/mistral-nemo,io-net/fp16,0,1.0,Io Net,B,2.196e-06,0.182425528251267,0.008557942092347393,0
comprehension,ally_majority,neutral,0103,1,0,1,0,rQrQrQaQ,B,nemo-12b,mistralai/mistral-nemo,io-net/fp16,0,1.0,Io Net,A,2.196e-06,0.09534947132582737,0.012852217751280093,0
comprehension,ally_majority,neutral,0104,-1,0,0,0,rQrQrQrQaQ,B,nemo-12b,mistralai/mistral-nemo,io-net/fp16,0,1.0,Io Net,B,2.334e-06,0.2689414213699951,0.008852110429475979,0
comprehension,ally_majority,neutral,0104,-1,0,1,0,rQrQrQaQrQ,B,nemo-12b,mistralai/mistral-nemo,io-net/fp16,0,1.0,Io Net,B,2.206e-06,0.4378234991142019,0.009879750539915078,0
comprehension,ally_majority,neutral,0104,1,0,0,0,rQrQaQrQrQ,B,nemo-12b,mistralai/mistral-nemo,io-net/fp16,0,1.0,Io Net,B,2.334e-06,0.11920293453832885,0.009034529373099232,0
comprehension,ally_majority,neutral,0104,1,0,1,0,rQaQrQrQrQ,B,nemo-12b,mistralai/mistral-nemo,io-net/fp16,0,1.0,Io Net,B,2.206e-06,0.3486451217982255,0.014496763181856998,0
comprehension,ally_majority,neutral,0105,-1,0,0,0,rQrQrQrQaQrQ,B,nemo-12b,mistralai/mistral-nemo,io-net/fp16,0,1.0,Io Net,B,2.344e-06,0.32082130731838393,0.009297268119036861,0
comprehension,ally_majority,neutral,0105,-1,0,1,0,rQrQrQrQrQaQ,B,nemo-12b,mistralai/mistral-nemo,io-net/fp16,0,1.0,Io Net,B,2.344e-06,0.40733340004593027,0.006283367919431515,0
comprehension,ally_majority,neutral,0105,1,0,0,0,rQrQrQrQrQaQ,B,nemo-12b,mistralai/mistral-nemo,io-net/fp16,0,1.0,Io Net,B,2.344e-06,0.14804719615221756,0.011004403697063125,0
comprehension,ally_majority,neutral,0105,1,0,1,0,aQrQrQrQrQrQ,B,nemo-12b,mistralai/mistral-nemo,io-net/fp16,0,1.0,Io Net,B,2.472e-06,0.32082129433083023,0.017005180420414323,0
comprehension,ally_majority,neutral,0110,-1,0,0,0,rPaQ,B,nemo-12b,mistralai/mistral-nemo,io-net/fp16,0,1.0,Io Net,B,1.92e-06,0.10669060317692274,0.005552893277911308,0
comprehension,ally_majority,neutral,0110,-1,0,1,0,rPaQ,B,nemo-12b,mistralai/mistral-nemo,io-net/fp16,0,1.0,Io Net,B,1.92e-06,0.08509904036636974,0.007235832632537131,0
comprehension,ally_majority,neutral,0110,1,0,0,0,aQrP,B,nemo-12b,mistralai/mistral-nemo,io-net/fp16,0,1.0,Io Net,B,1.92e-06,0.09534946618445304,0.008271694269460617,0
comprehension,ally_majority,neutral,0110,1,0,1,0,rPaQ,B,nemo-12b,mistralai/mistral-nemo,io-net/fp16,0,1.0,Io Net,B,2.048e-06,0.04208772416086621,0.005887848782627048,0
comprehension,ally_majority,neutral,0111,-1,0,0,0,aQrQrP,B,nemo-12b,mistralai/mistral-nemo,io-net/fp16,0,1.0,Io Net,B,2.058e-06,0.2942149659744614,0.023103351694480856,0
comprehension,ally_majority,neutral,0111,-1,0,1,0,aQrQrP,B,nemo-12b,mistralai/mistral-nemo,io-net/fp16,0,1.0,Io Net,A,2.058e-06,0.32082128783705344,0.019637524140233786,0
comprehension,ally_majority,neutral,0111,1,0,0,0,rQaQrP,B,nemo-12b,mistralai/mistral-nemo,io-net/fp16,0,1.0,Io Net,B,2.058e-06,0.1329642264548166,0.018410523135876877,0
comprehension,ally_majority,neutral,0111,1,0,1,0,rPrQaQ,B,nemo-12b,mistralai/mistral-nemo,io-net/fp16,0,1.0,Io Net,B,2.058e-06,0.07585817375348311,0.01236505843201996,0
comprehension,ally_majority,neutral,0112,-1,0,0,0,rPrQrQaQ,B,nemo-12b,mistralai/mistral-nemo,io-net/fp16,0,1.0,Io Net,B,2.068e-06,0.13296424878721277,0.015082077395684346,0
comprehension,ally_majority,neutral,0112,-1,0,1,0,aQrQrPrQ,B,nemo-12b,mistralai/mistral-nemo,io-net/fp16,0,1.0,Io Net,A,2.196e-06,0.320821300824607,0.03623647064317115,0
comprehension,ally_majority,neutral,0112,1,0,0,0,rQaQrPrQ,B,nemo-12b,mistralai/mistral-nemo,io-net/fp16,0,1.0,Io Net,A,2.068e-06,0.18242551936144574,0.0222049457776069,0
comprehension,ally_majority,neutral,0112,1,0,1,0,rPaQrQrQ,B,nemo-12b,mistralai/mistral-nemo,io-net/fp16,0,1.0,Io Net,B,2.068e-06,0.10669058400428263,0.010710093121308883,0
comprehension,ally_majority,neutral,0113,-1,0,0,0,rQrQaQrQrP,B,nemo-12b,mistralai/mistral-nemo,io-net/fp16,0,1.0,Io Net,B,2.334e-06,0.3775406617944891,0.013188227607571879,0
comprehension,ally_majority,neutral,0113,-1,0,1,0,rPrQaQrQrQ,B,nemo-12b,mistralai/mistral-nemo,io-net/fp16,0,1.0,Io Net,B,2.334e-06,0.2689414096510109,0.008874634405609982,0
comprehension,ally_majority,neutral,0113,1,0,0,0,aQrQrQrPrQ,B,nemo-12b,mistralai/mistral-nemo,io-net/fp16,0,1.0,Io Net,B,2.206e-06,0.18242551936144574,0.011010234566066535,0
comprehension,ally_majority,neutral,0113,1,0,1,0,aQrPrQrQrQ,B,nemo-12b,mistralai/mistral-nemo,io-net/fp16,0,1.0,Io Net,B,2.206e-06,0.1824255326961778,0.012230727860069956,0
comprehension,ally_majority,neutral,0114,-1,0,0,0,rPrQrQrQrQaQ,B,nemo-12b,mistralai/mistral-nemo,io-net/fp16,0,1.0,Io Net,B,2.344e-06,0.20181322226037884,0.010715550953809161,0
comprehension,ally_majority,neutral,0114,-1,0,1,0,rQaQrPrQrQrQ,B,nemo-12b,mistralai/mistral-nemo,io-net/fp16,0,1.0,Io Net,The,2.472e-06,0.6224593312018546,0.018434980582704985,0
comprehension,ally_majority,neutral,0114,1,0,0,0,rQrPrQrQrQaQ,B,nemo-12b,mistralai/mistral-nemo,io-net/fp16,0,1.0,Io Net,B,2.216e-06,0.08509903862612588,0.010467560036942158,0
comprehension,ally_majority,neutral,0114,1,0,1,0,rQrQaQrPrQrQ,B,nemo-12b,mistralai/mistral-nemo,io-net/fp16,0,1.0,Io Net,B,2.216e-06,0.14804720179063335,0.010555975681834306,0
comprehension,ally_majority,neutral,0120,-1,0,0,0,rPaQrP,B,nemo-12b,mistralai/mistral-nemo,io-net/fp16,0,1.0,Io Net,B,2.058e-06,0.11920292828022307,0.009007306547263338,0
comprehension,ally_majority,neutral,0120,-1,0,1,0,aQrPrP,B,nemo-12b,mistralai/mistral-nemo,io-net/fp16,0,1.0,Io Net,B,2.058e-06,0.06754669395523943,0.016549279958888108,0
comprehension,ally_majority,neutral,0120,1,0,0,0,rPrPaQ,B,nemo-12b,mistralai/mistral-nemo,io-net/fp16,0,1.0,Io Net,B,2.058e-06,0.047425875533713246,0.019417755186103114,0
comprehension,ally_majority,neutral,0120,1,0,1,0,rPaQrP,B,nemo-12b,mistralai/mistral-nemo,io-net/fp16,0,1.0,Io Net,B,2.058e-06,0.06008665143635007,0.011902970475058061,0
comprehension,ally_majority,neutral,0121,-1,0,0,0,aQrPrQrP,B,nemo-12b,mistralai/mistral-nemo,io-net/fp16,0,1.0,Io Net,B,2.068e-06,0.2689414213699951,0.011768814492684965,0
comprehension,ally_majority,neutral,0121,-1,0,1,0,aQrQrPrP,B,nemo-12b,mistralai/mistral-nemo,io-net/fp16,0,1.0,Io Net,B,2.068e-06,0.29421497216298875,0.01940207127521021,0
comprehension,ally_majority,neutral,0121,1,0,0,0,aQrPrQrP,B,nemo-12b,mistralai/mistral-nemo,io-net/fp16,0,1.0,Io Net,B,2.196e-06,0.1824255304737224,0.01845314690993427,0
comprehension,ally_majority,neutral,0121,1,0,1,0,rPaQrPrQ,B,nemo-12b,mistralai/mistral-nemo,io-net/fp16,0,1.0,Io Net,B,2.196e-06,0.10669059536584677,0.015845287586263357,0
comprehension,ally_majority,neutral,0122,-1,0,0,0,rPrQaQrPrQ,B,nemo-12b,mistralai/mistral-nemo,io-net/fp16,0,1.0,Io Net,B,2.334e-06,0.18242552380635635,0.011152431941209962,0
comprehension,ally_majority,neutral,0122,-1,0,1,0,aQrPrQrPrQ,B,nemo-12b,mistralai/mistral-nemo,io-net/fp16,0,1.0,Io Net,B,2.334e-06,0.2942149597859341,0.014346013058803786,0
comprehension,ally_majority,neutral,0122,1,0,0,0,rPaQrPrQrQ,B,nemo-12b,mistralai/mistral-nemo,io-net/fp16,0,1.0,Io Net,B,2.206e-06,0.08509903746596331,0.016080217504264027,0
comprehension,ally_majority,neutral,0122,1,0,1,0,rQrPrPaQrQ,B,nemo-12b,mistralai/mistral-nemo,io-net/fp16,0,1.0,Io Net,B,2.206e-06,0.18242552380635635,0.013673843877039737,0
comprehension,ally_majority,neutral,0123,-1,0,0,0,rQrPaQrQrQrP,B,nemo-12b,mistralai/mistral-nemo,io-net/fp16,0,1.0,Io Net,B,2.472e-06,0.20181321986003056,0.019068336985113454,0
comprehension,ally_majority,neutral,0123,-1,0,1,0,rQrPaQrQrQrP,B,nemo-12b,mistralai/mistral-nemo,io-net/fp16,0,1.0,Io Net,B,2.472e-06,0.3486451353339458,0.012790086593582495,0
comprehension,ally_majority,neutral,0123,1,0,0,0,rQrQaQrQrPrP,B,nemo-12b,mistralai/mistral-nemo,io-net/fp16,0,1.0,Io Net,B,2.344e-06,0.14804720179063333,0.01669588928548771,0
comprehension,ally_majority,neutral,0123,1,0,1,0,rPrPrQrQaQrQ,B,nemo-12b,mistralai/mistral-nemo,io-net/fp16,0,1.0,Io Net,B,2.216e-06,0.08509904848750825,0.012348549550088905,0
comprehension,ally_majority,neutral,0130,-1,0,0,0,aQrPrPrP,B,nemo-12b,mistralai/mistral-nemo,io-net/fp16,0,1.0,Io Net,B,2.196e-06,0.18242553269617778,0.011618702716540308,0
comprehension,ally_majority,neutral,0130,-1,0,1,0,rPrPaQrP,B,nemo-12b,mistralai/mistral-nemo,io-net/fp16,0,1.0,Io Net,B,2.068e-06,0.047425871662901256,0.00840018450550628,0
comprehension,ally_majority,neutral,0130,1,0,0,0,rPrPrPaQ,B,nemo-12b,mistralai/mistral-nemo,io-net/fp16,0,1.0,Io Net,B,2.068e-06,0.047425871999493587,0.011431836054278,0
comprehension,ally_majority,neutral,0130,1,0,1,0,rPrPrPaQ,B,nemo-12b,mistralai/mistral-nemo,io-net/fp16,0,1.0,Io Net,B,2.068e-06,0.047425876711786524,0.013214521125189393,0
comprehension,ally_majority,neutral,0131,-1,0,0,0,aQrQrPrPrP,B,nemo-12b,mistralai/mistral-nemo,io-net/fp16,0,1.0,Io Net,A,2.206e-06,0.348645142101806,0.013262261071924297,0
comprehension,ally_majority,neutral,0131,-1,0,1,0,rPrQrPaQrP,B,nemo-12b,mistralai/mistral-nemo,io-net/fp16,0,1.0,Io Net,B,2.206e-06,0.16451647108926923,0.017010397125400867,0
comprehension,ally_majority,neutral,0131,1,0,0,0,rPrQrPaQrP,B,nemo-12b,mistralai/mistral-nemo,io-net/fp16,0,1.0,Io Net,A,2.206e-06,0.06754669301670264,0.016966773928329237,0
comprehension,ally_majority,neutral,0131,1,0,1,0,rPrPrQaQrP,B,nemo-12b,mistralai/mistral-nemo,io-net/fp16,0,1.0,Io Net,B,2.206e-06,0.09534945461636173,0.010526833206102926,0
comprehension,ally_majority,neutral,0132,-1,0,0,0,rPrQrQrPrPaQ,B,nemo-12b,mistralai/mistral-nemo,io-net/fp16,0,1.0,Io Net,B,2.216e-06,0.13296424191570594,0.011475135829772443,0
comprehension,ally_majority,neutral,0132,-1,0,1,0,aQrPrQrQrPrP,B,nemo-12b,mistralai/mistral-nemo,io-net/fp16,0,1.0,Io Net,B,2.472e-06,0.2450850241603249,0.009986518518281584,0
comprehension,ally_majority,neutral,0132,1,0,0,0,rPaQrPrQrQrP,B,nemo-12b,mistralai/mistral-nemo,io-net/fp16,0,1.0,Io Net,B,2.472e-06,0.09534945975773547,0.016292149141074908,0
comprehension,ally_majority,neutral,0132,1,0,1,0,rPrPrQrPrQaQ,B,nemo-12b,mistralai/mistral-nemo,io-net/fp16,0,1.0,Io Net,A,2.472e-06,0.11920291419948609,0.01498611339510103,0
comprehension,ally_majority,neutral,0140,-1,0,0,0,rPrPaQrPrP,B,nemo-12b,mistralai/mistral-nemo,io-net/fp16,0,1.0,Io Net,B,2.206e-06,0.09534947389651462,0.010009078082412692,0
comprehension,ally_majority,neutral,0140,-1,0,1,0,rPaQrPrPrP,B,nemo-12b,mistralai/mistral-nemo,io-net/fp16,0,1.0,Io Net,B,2.206e-06,0.20181321745968234,0.00929590700388494,0
comprehension,ally_majority,neutral,0140,1,0,0,0,rPaQrPrPrP,B,nemo-12b,mistralai/mistral-nemo,io-net/fp16,0,1.0,Io Net,B,2.334e-06,0.06754669020109236,0.013731286083530803,0
comprehension,ally_majority,neutral,0140,1,0,1,0,rPaQrPrPrP,B,nemo-12b,mistralai/mistral-nemo,io-net/fp16,0,1.0,Io Net,B,2.334e-06,0.1329642436335826,0.01221774137927667,0
comprehension,ally_majority,neutral,0141,-1,0,0,0,aQrQrPrPrPrP,B,nemo-12b,mistralai/mistral-nemo,io-net/fp16,0,1.0,Io Net,B,2.216e-06,0.4073334000459302,0.012683922421722338,0
comprehension,ally_majority,neutral,0141,-1,0,1,0,rPaQrPrPrQrP,B,nemo-12b,mistralai/mistral-nemo,io-net/fp16,0,1.0,Io Net,B,2.216e-06,0.20181323186177208,0.007516132225198868,0
comprehension,ally_majority,neutral,0141,1,0,0,0,rQrPrPaQrPrP,B,nemo-12b,mistralai/mistral-nemo,io-net/fp16,0,1.0,Io Net,B,2.216e-06,0.16451646494473965,0.02080555468914358,0
comprehension,ally_majority,neutral,0141,1,0,1,0,aQrPrQrPrPrP,B,nemo-12b,mistralai/mistral-nemo,io-net/fp16,0,1.0,Io Net,A,2.472e-06,0.26894141551050293,0.019498309565297522,0
comprehension,ally_majority,neutral,0150,-1,0,0,0,aQrPrPrPrPrP,B,nemo-12b,mistralai/mistral-nemo,io-net/fp16,0,1.0,Io Net,B,2.472e-06,0.3208213073183839,0.01110362706943635,0
comprehension,ally_majority,neutral,0150,-1,0,1,0,rPrPrPrPrPaQ,B,nemo-12b,mistralai/mistral-nemo,io-net/fp16,0,1.0,Io Net,B,2.216e-06,0.20181321265898594,0.00475170912870404,0
comprehension,ally_majority,neutral,0150,1,0,0,0,rPaQrPrPrPrP,B,nemo-12b,mistralai/mistral-nemo,io-net/fp16,0,1.0,Io Net,B,2.216e-06,0.07585818419975078,0.016023735007758333,0
comprehension,ally_majority,neutral,0150,1,0,1,0,rPrPrPrPaQrP,B,nemo-12b,mistralai/mistral-nemo,io-net/fp16,0,1.0,Io Net,B,2.216e-06,0.11920292202211755,0.012693063888229328,0
comprehension,ally_majority,neutral,0200,-1,0,0,0,aQaQ,B,nemo-12b,mistralai/mistral-nemo,io-net/fp16,0,1.0,Io Net,B,2.048e-06,0.02595735493726938,0.005000117816216232,0
comprehension,ally_majority,neutral,0200,-1,0,1,0,aQaQ,B,nemo-12b,mistralai/mistral-nemo,io-net/fp16,0,1.0,Io Net,Based,2.048e-06,0.004070137357253774,0.004451209152541491,0
comprehension,ally_majority,neutral,0200,1,0,0,0,aQaQ,B,nemo-12b,mistralai/mistral-nemo,io-net/fp16,0,1.0,Io Net,B,1.92e-06,0.060086652698692546,0.004205958047130864,0
comprehension,ally_majority,neutral,0200,1,0,1,0,aQaQ,B,nemo-12b,mistralai/mistral-nemo,io-net/fp16,0,1.0,Io Net,B,1.92e-06,0.015906391361934443,0.009087353738127524,0
comprehension,ally_majority,neutral,0201,-1,0,0,0,aQaQrQ,B,nemo-12b,mistralai/mistral-nemo,io-net/fp16,0,1.0,Io Net,B,2.058e-06,0.0758581847220642,0.009005457970853614,0
comprehension,ally_majority,neutral,0201,-1,0,1,0,aQrQaQ,B,nemo-12b,mistralai/mistral-nemo,io-net/fp16,0,1.0,Io Net,B,1.93e-06,0.012431652591145571,0.009687318793732191,0
comprehension,ally_majority,neutral,0201,1,0,0,0,aQaQrQ,B,nemo-12b,mistralai/mistral-nemo,io-net/fp16,0,1.0,Io Net,B,2.058e-06,0.04208773106961129,0.006513770939095553,0
comprehension,ally_majority,neutral,0201,1,0,1,0,rQaQaQ,B,nemo-12b,mistralai/mistral-nemo,io-net/fp16,0,1.0,Io Net,B,2.058e-06,0.029312232765276086,0.010055661467567312,0
comprehension,ally_majority,neutral,0202,-1,0,0,0,aQrQrQaQ,B,nemo-12b,mistralai/mistral-nemo,io-net/fp16,0,1.0,Io Net,B,2.196e-06,0.095349472611171,0.0070092800278616085,0
comprehension,ally_majority,neutral,0202,-1,0,1,0,aQaQrQrQ,B,nemo-12b,mistralai/mistral-nemo,io-net/fp16,0,1.0,Io Net,B,2.196e-06,0.01243164998420603,0.005015334663863835,0
comprehension,ally_majority,neutral,0202,1,0,0,0,aQrQaQrQ,B,nemo-12b,mistralai/mistral-nemo,io-net/fp16,0,1.0,Io Net,B,2.068e-06,0.0600866476493228,0.007244188316470224,0
comprehension,ally_majority,neutral,0202,1,0,1,0,rQaQaQrQ,B,nemo-12b,mistralai/mistral-nemo,io-net/fp16,0,1.0,Io Net,B,2.068e-06,0.09534947068315555,0.01012469375945313,0
comprehension,ally_majority,neutral,0203,-1,0,0,0,rQaQrQaQrQ,B,nemo-12b,mistralai/mistral-nemo,io-net/fp16,0,1.0,Io Net,A,2.334e-06,0.32082130082460697,0.00687736109039061,0
comprehension,ally_majority,neutral,0203,-1,0,1,0,rQrQrQaQaQ,B,nemo-12b,mistralai/mistral-nemo,io-net/fp16,0,1.0,Io Net,B,2.206e-06,0.2689414330889797,0.005493619266063399,0
comprehension,ally_majority,neutral,0203,1,0,0,0,rQrQrQaQaQ,B,nemo-12b,mistralai/mistral-nemo,io-net/fp16,0,1.0,Io Net,B,2.206e-06,0.08509904790742692,0.0044216785341403275,0
comprehension,ally_majority,neutral,0203,1,0,1,0,aQaQrQrQrQ,B,nemo-12b,mistralai/mistral-nemo,io-net/fp16,0,1.0,Io Net,B,2.206e-06,0.022977371331745357,0.0048067818807639995,0
comprehension,ally_majority,neutral,0204,-1,0,0,0,rQrQaQrQaQrQ,B,nemo-12b,mistralai/mistral-nemo,io-net/fp16,0,1.0,Io Net,B,2.216e-06,0.32082130731838393,0.008498938389692179,0
comprehension,ally_majority,neutral,0204,-1,0,1,0,rQrQaQaQrQrQ,B,nemo-12b,mistralai/mistral-nemo,io-net/fp16,0,1.0,Io Net,B,2.472e-06,0.2942149783515162,0.006803648321459188,0
comprehension,ally_majority,neutral,0204,1,0,0,0,rQrQaQrQaQrQ,B,nemo-12b,mistralai/mistral-nemo,io-net/fp16,0,1.0,Io Net,B,2.216e-06,0.1066905939456512,0.007150015577602309,0
comprehension,ally_majority,neutral,0204,1,0,1,0,rQaQaQrQrQrQ,B,nemo-12b,mistralai/mistral-nemo,io-net/fp16,0,1.0,Io Net,B,2.344e-06,0.10669060175672707,0.007459898369289286,0
comprehension,ally_majority,neutral,0210,-1,0,0,0,rPaQaQ,B,nemo-12b,mistralai/mistral-nemo,io-net/fp16,0,1.0,Io Net,B,2.058e-06,0.03732688453300536,0.0063239056039340324,0
comprehension,ally_majority,neutral,0210,-1,0,1,0,aQrPaQ,B,nemo-12b,mistralai/mistral-nemo,io-net/fp16,0,1.0,Io Net,B,2.058e-06,0.00218271637435202,0.008067997359122336,0
comprehension,ally_majority,neutral,0210,1,0,0,0,rPaQaQ,B,nemo-12b,mistralai/mistral-nemo,io-net/fp16,0,1.0,Io Net,B,2.058e-06,0.02033235278612976,0.005040039195816304,0
comprehension,ally_majority,neutral,0210,1,0,1,0,rPaQaQ,B,nemo-12b,mistralai/mistral-nemo,io-net/fp16,0,1.0,Io Net,B,2.058e-06,0.010986943541390072,0.006025860385253212,0
comprehension,ally_majority,neutral,0211,-1,0,0,0,aQaQrQrP,B,nemo-12b,mistralai/mistral-nemo,io-net/fp16,0,1.0,Io Net,B,2.068e-06,0.03308597600516689,0.005236553010855682,0
comprehension,ally_majority,neutral,0211,-1,0,1,0,rQrPaQaQ,B,nemo-12b,mistralai/mistral-nemo,io-net/fp16,0,1.0,Io Net,B,2.068e-06,0.004609572072543967,0.004996947725183887,0
comprehension,ally_majority,neutral,0211,1,0,0,0,aQrPaQrQ,B,nemo-12b,mistralai/mistral-nemo,io-net/fp16,0,1.0,Io Net,A,2.068e-06,0.060086644283076515,0.009919395337710357,0
comprehension,ally_majority,neutral,0211,1,0,1,0,rQaQaQrP,B,nemo-12b,mistralai/mistral-nemo,io-net/fp16,0,1.0,Io Net,B,2.196e-06,0.060086655223377576,0.009961120163339388,0
comprehension,ally_majority,neutral,0212,-1,0,0,0,aQaQrQrQrP,B,nemo-12b,mistralai/mistral-nemo,io-net/fp16,0,1.0,Io Net,B,2.334e-06,0.08509905370824052,0.00774474865004815,0
comprehension,ally_majority,neutral,0212,-1,0,1,0,aQrPaQrQrQ,B,nemo-12b,mistralai/mistral-nemo,io-net/fp16,0,1.0,Io Net,B,2.206e-06,0.007577239979238199,0.005688404212794929,0
comprehension,ally_majority,neutral,0212,1,0,0,0,aQrQrQrPaQ,B,nemo-12b,mistralai/mistral-nemo,io-net/fp16,0,1.0,Io Net,B,2.206e-06,0.042087723860486016,0.0068773597420837,0
comprehension,ally_majority,neutral,0212,1,0,1,0,aQrPaQrQrQ,B,nemo-12b,mistralai/mistral-nemo,io-net/fp16,0,1.0,Io Net,B,2.206e-06,0.04208772926732987,0.015583112945715905,0
comprehension,ally_majority,neutral,0213,-1,0,0,0,rQrQrQrPaQaQ,B,nemo-12b,mistralai/mistral-nemo,io-net/fp16,0,1.0,Io Net,B,2.216e-06,0.07585817845430341,0.004752366663635321,0
comprehension,ally_majority,neutral,0213,-1,0,1,0,aQrQrPaQrQrQ,B,nemo-12b,mistralai/mistral-nemo,io-net/fp16,0,1.0,Io Net,B,2.216e-06,0.09534946875514017,0.010779841795334089,0
comprehension,ally_majority,neutral,0213,1,0,0,0,aQaQrQrPrQrQ,B,nemo-12b,mistralai/mistral-nemo,io-net/fp16,0,1.0,Io Net,B,2.216e-06,0.07585818785594478,0.006501880401113436,0
comprehension,ally_majority,neutral,0213,1,0,1,0,aQaQrPrQrQrQ,B,nemo-12b,mistralai/mistral-nemo,io-net/fp16,0,1.0,Io Net,B,2.216e-06,0.02297737250257345,0.008191687823459803,0
comprehension,ally_majority,neutral,0220,-1,0,0,0,rPaQaQrP,B,nemo-12b,mistralai/mistral-nemo,io-net/fp16,0,1.0,Io Net,B,2.068e-06,0.029312230539364773,0.005792387788550291,0
comprehension,ally_majority,neutral,0220,-1,0,1,0,aQrPaQrP,B,nemo-12b,mistralai/mistral-nemo,io-net/fp16,0,1.0,Io Net,B,2.196e-06,0.0019267347833214063,0.006218367670821179,0
comprehension,ally_majority,neutral,0220,1,0,0,0,aQaQrPrP,B,nemo-12b,mistralai/mistral-nemo,io-net/fp16,0,1.0,Io Net,B,2.196e-06,0.05340333300124211,0.005561969244513576,0
comprehension,ally_majority,neutral,0220,1,0,1,0,aQrPaQrP,B,nemo-12b,mistralai/mistral-nemo,io-net/fp16,0,1.0,Io Net,B,2.196e-06,0.01798621042268252,0.009862058564277687,0
comprehension,ally_majority,neutral,0221,-1,0,0,0,aQaQrPrQrP,B,nemo-12b,mistralai/mistral-nemo,io-net/fp16,0,1.0,Io Net,B,2.334e-06,0.053403334884429166,0.004935883100343874,0
comprehension,ally_majority,neutral,0221,-1,0,1,0,rPrQrPaQaQ,B,nemo-12b,mistralai/mistral-nemo,io-net/fp16,0,1.0,Io Net,B,2.334e-06,0.00669285070139139,0.00406857444211195,0
comprehension,ally_majority,neutral,0221,1,0,0,0,aQaQrPrPrQ,B,nemo-12b,mistralai/mistral-nemo,io-net/fp16,0,1.0,Io Net,B,2.206e-06,0.06754669817865512,0.006367531418842054,0
comprehension,ally_majority,neutral,0221,1,0,1,0,rPrQaQrPaQ,B,nemo-12b,mistralai/mistral-nemo,io-net/fp16,0,1.0,Io Net,B,2.334e-06,0.017986210652978004,0.007951863112813262,0
comprehension,ally_majority,neutral,0222,-1,0,0,0,rPaQaQrPrQrQ,B,nemo-12b,mistralai/mistral-nemo,io-net/fp16,0,1.0,Io Net,B,2.344e-06,0.06754669677084987,0.00469405974811099,0
comprehension,ally_majority,neutral,0222,-1,0,1,0,rQrQrPrPaQaQ,B,nemo-12b,mistralai/mistral-nemo,io-net/fp16,0,1.0,Io Net,B,2.472e-06,0.04742587082142042,0.006171337970543811,0
comprehension,ally_majority,neutral,0222,1,0,0,0,rPrQaQrPrQaQ,B,nemo-12b,mistralai/mistral-nemo,io-net/fp16,0,1.0,Io Net,B,2.472e-06,0.029312232765276086,0.007398516285316514,0
comprehension,ally_majority,neutral,0222,1,0,1,0,aQrQrPrPaQrQ,B,nemo-12b,mistralai/mistral-nemo,io-net/fp16,0,1.0,Io Net,B,2.216e-06,0.0675466911396291,0.010221411897505472,0
comprehension,ally_majority,neutral,0230,-1,0,0,0,aQrPaQrPrP,B,nemo-12b,mistralai/mistral-nemo,io-net/fp16,0,1.0,Io Net,B,2.206e-06,0.033085977196935484,0.005861098715834068,0
comprehension,ally_majority,neutral,0230,-1,0,1,0,aQaQrPrPrP,B,nemo-12b,mistralai/mistral-nemo,io-net/fp16,0,1.0,Io Net,B,2.206e-06,0.0066928513329228955,0.0038720416245602296,0
comprehension,ally_majority,neutral,0230,1,0,0,0,rPrPrPaQaQ,B,nemo-12b,mistralai/mistral-nemo,io-net/fp16,0,1.0,Io Net,B,2.206e-06,0.037326883462101,0.003707786538983515,0
comprehension,ally_majority,neutral,0230,1,0,1,0,rPrPaQrPaQ,B,nemo-12b,mistralai/mistral-nemo,io-net/fp16,0,1.0,Io Net,B,2.334e-06,0.029312228207457856,0.0074776380929137964,0
comprehension,ally_majority,neutral,0231,-1,0,0,0,rPrPrPrQaQaQ,B,nemo-12b,mistralai/mistral-nemo,io-net/fp16,0,1.0,Io Net,B,2.216e-06,0.09534946746979661,0.004626112536414206,0
comprehension,ally_majority,neutral,0231,-1,0,1,0,rPaQrPrPaQrQ,B,nemo-12b,mistralai/mistral-nemo,io-net/fp16,0,1.0,Io Net,B,2.216e-06,0.06008665227791172,0.007792054221529843,0
comprehension,ally_majority,neutral,0231,1,0,0,0,rPaQaQrPrQrP,B,nemo-12b,mistralai/mistral-nemo,io-net/fp16,0,1.0,Io Net,B,2.216e-06,0.04742587519712089,0.006900722364140965,0
comprehension,ally_majority,neutral,0231,1,0,1,0,aQrPrPrQaQrP,B,nemo-12b,mistralai/mistral-nemo,io-net/fp16,0,1.0,Io Net,B,2.216e-06,0.037326883729827086,0.009243303947867432,0
comprehension,ally_majority,neutral,0240,-1,0,0,0,rPaQaQrPrPrP,B,nemo-12b,mistralai/mistral-nemo,io-net/fp16,0,1.0,Io Net,B,2.344e-06,0.05340333243628599,0.00558116303176448,0
comprehension,ally_majority,neutral,0240,-1,0,1,0,rPaQrPaQrPrP,B,nemo-12b,mistralai/mistral-nemo,io-net/fp16,0,1.0,Io Net,B,2.472e-06,0.09534947389651462,0.010460504781852675,0
comprehension,ally_majority,neutral,0240,1,0,0,0,rPrPrPaQaQrP,B,nemo-12b,mistralai/mistral-nemo,io-net/fp16,0,1.0,Io Net,B,2.472e-06,0.05340332622176919,0.004865495634887029,0
comprehension,ally_majority,neutral,0240,1,0,1,0,rPaQrPrPrPaQ,B,nemo-12b,mistralai/mistral-nemo,io-net/fp16,0,1.0,Io Net,B,2.344e-06,0.022977370913592483,0.008779771052661034,0
comprehension,ally_majority,neutral,0300,-1,0,0,0,aQaQaQ,B,nemo-12b,mistralai/mistral-nemo,io-net/fp16,0,1.0,Io Net,B,2.058e-06,0.004609571106798688,0.003956191229901207,0
comprehension,ally_majority,neutral,0300,-1,0,1,0,aQaQaQ,B,nemo-12b,mistralai/mistral-nemo,io-net/fp16,0,1.0,Io Net,B,2.058e-06,0.0031726835287673168,0.003851738733064769,0
comprehension,ally_majority,neutral,0300,1,0,0,0,aQaQaQ,B,nemo-12b,mistralai/mistral-nemo,io-net/fp16,0,1.0,Io Net,B,2.058e-06,0.010986941547756974,0.00404918394956888,0
comprehension,ally_majority,neutral,0300,1,0,1,0,aQaQaQ,B,nemo-12b,mistralai/mistral-nemo,io-net/fp16,0,1.0,Io Net,B,2.058e-06,0.005220124798853587,0.004643388585086505,0
comprehension,ally_majority,neutral,0301,-1,0,0,0,aQaQrQaQ,B,nemo-12b,mistralai/mistral-nemo,io-net/fp16,0,1.0,Io Net,B,2.196e-06,0.0259573576687401,0.0055326533572012115,0
comprehension,ally_majority,neutral,0301,-1,0,1,0,aQrQaQaQ,B,nemo-12b,mistralai/mistral-nemo,io-net/fp16,0,1.0,Io Net,B,2.196e-06,0.0040701372024712955,0.007355503415619968,0
comprehension,ally_majority,neutral,0301,1,0,0,0,aQaQaQrQ,B,nemo-12b,mistralai/mistral-nemo,io-net/fp16,0,1.0,Io Net,B,2.068e-06,0.010986941446557333,0.002947733226444149,0
comprehension,ally_majority,neutral,0301,1,0,1,0,rQaQaQaQ,B,nemo-12b,mistralai/mistral-nemo,io-net/fp16,0,1.0,Io Net,B,2.196e-06,0.01590639104121087,0.006282841489212654,0
comprehension,ally_majority,neutral,0302,-1,0,0,0,aQrQaQaQrQ,B,nemo-12b,mistralai/mistral-nemo,io-net/fp16,0,1.0,Io Net,B,2.206e-06,0.02931223000938591,0.003592839093338962,0
comprehension,ally_majority,neutral,0302,-1,0,1,0,aQrQrQaQaQ,B,nemo-12b,mistralai/mistral-nemo,io-net/fp16,0,1.0,Io Net,B,2.206e-06,0.11920291419948607,0.006106031217451013,0
comprehension,ally_majority,neutral,0302,1,0,0,0,aQaQrQrQaQ,B,nemo-12b,mistralai/mistral-nemo,io-net/fp16,0,1.0,Io Net,B,2.206e-06,0.0159063894375931,0.00507892963714851,0
comprehension,ally_majority,neutral,0302,1,0,1,0,aQaQaQrQrQ,B,nemo-12b,mistralai/mistral-nemo,io-net/fp16,0,1.0,Io Net,B,2.206e-06,0.004070136874030444,0.002636503751848651,0
comprehension,ally_majority,neutral,0303,-1,0,0,0,rQaQaQrQaQrQ,B,nemo-12b,mistralai/mistral-nemo,io-net/fp16,0,1.0,Io Net,B,2.472e-06,0.18242553047372242,0.0063320858912099265,0
comprehension,ally_majority,neutral,0303,-1,0,1,0,rQrQaQrQaQaQ,B,nemo-12b,mistralai/mistral-nemo,io-net/fp16,0,1.0,Io Net,B,2.216e-06,0.37754066879814546,0.005150125692805152,0
comprehension,ally_majority,neutral,0303,1,0,0,0,rQaQaQrQaQrQ,B,nemo-12b,mistralai/mistral-nemo,io-net/fp16,0,1.0,Io Net,B,2.344e-06,0.04742586930675497,0.0053210129971624776,0
comprehension,ally_majority,neutral,0303,1,0,1,0,rQaQrQrQaQaQ,B,nemo-12b,mistralai/mistral-nemo,io-net/fp16,0,1.0,Io Net,B,2.216e-06,0.1645164608483867,0.005713956858289904,0
comprehension,ally_majority,neutral,0310,-1,0,0,0,aQaQrPaQ,B,nemo-12b,mistralai/mistral-nemo,io-net/fp16,0,1.0,Io Net,B,2.068e-06,0.003593602464702927,0.0027608965219330095,0
comprehension,ally_majority,neutral,0310,-1,0,1,0,aQrPaQaQ,B,nemo-12b,mistralai/mistral-nemo,io-net/fp16,0,1.0,Io Net,B,2.196e-06,0.00048785715071130435,0.0024982474021980616,0
comprehension,ally_majority,neutral,0310,1,0,0,0,rPaQaQaQ,B,nemo-12b,mistralai/mistral-nemo,io-net/fp16,0,1.0,Io Net,B,2.068e-06,0.004070138002810033,0.004335055188215087,0
comprehension,ally_majority,neutral,0310,1,0,1,0,aQaQaQrP,B,nemo-12b,mistralai/mistral-nemo,io-net/fp16,0,1.0,Io Net,B,2.196e-06,0.0017007226739190503,0.0030412177390135575,0
comprehension,ally_majority,neutral,0311,-1,0,0,0,rQaQaQrPaQ,B,nemo-12b,mistralai/mistral-nemo,io-net/fp16,0,1.0,Io Net,A,2.206e-06,0.042087728516379284,0.0062014727672429215,0
comprehension,ally_majority,neutral,0311,-1,0,1,0,aQaQrPaQrQ,B,nemo-12b,mistralai/mistral-nemo,io-net/fp16,0,1.0,Io Net,B,2.334e-06,0.0021827167688711836,0.0028516181689897113,0
comprehension,ally_majority,neutral,0311,1,0,0,0,aQrPaQrQaQ,B,nemo-12b,mistralai/mistral-nemo,io-net/fp16,0,1.0,Io Net,B,2.334e-06,0.020332354938041943,0.006497722617697654,0
comprehension,ally_majority,neutral,0311,1,0,1,0,rPrQaQaQaQ,B,nemo-12b,mistralai/mistral-nemo,io-net/fp16,0,1.0,Io Net,B,2.206e-06,0.017986210652978004,0.004269007998905949,0
comprehension,ally_majority,neutral,0312,-1,0,0,0,rQrPrQaQaQaQ,B,nemo-12b,mistralai/mistral-nemo,io-net/fp16,0,1.0,Io Net,B,2.216e-06,0.033085976362697465,0.0045266977052229596,0
comprehension,ally_majority,neutral,0312,-1,0,1,0,aQrQrQaQaQrP,B,nemo-12b,mistralai/mistral-nemo,io-net/fp16,0,1.0,Io Net,B,2.216e-06,0.09534946682712482,0.007275051589813453,0
comprehension,ally_majority,neutral,0312,1,0,0,0,rQaQrQrPaQaQ,B,nemo-12b,mistralai/mistral-nemo,io-net/fp16,0,1.0,Io Net,B,2.216e-06,0.033085975885990035,0.006511943377760843,0
comprehension,ally_majority,neutral,0312,1,0,1,0,rQrPaQaQrQaQ,B,nemo-12b,mistralai/mistral-nemo,io-net/fp16,0,1.0,Io Net,B,2.472e-06,0.010986940485160798,0.009628274413913562,0
comprehension,ally_majority,neutral,0320,-1,0,0,0,rPrPaQaQaQ,B,nemo-12b,mistralai/mistral-nemo,io-net/fp16,0,1.0,Io Net,B,2.206e-06,0.015906388125542317,0.002099336238405969,0
comprehension,ally_majority,neutral,0320,-1,0,1,0,aQaQaQrPrP,B,nemo-12b,mistralai/mistral-nemo,io-net/fp16,0,1.0,Io Net,B,2.334e-06,0.0010322312429895176,0.0011668809532582314,0
comprehension,ally_majority,neutral,0320,1,0,0,0,rPrPaQaQaQ,B,nemo-12b,mistralai/mistral-nemo,io-net/fp16,0,1.0,Io Net,B,2.334e-06,0.015906393898566563,0.0039100375878539095,0
comprehension,ally_majority,neutral,0320,1,0,1,0,aQrPaQrPaQ,B,nemo-12b,mistralai/mistral-nemo,io-net/fp16,0,1.0,Io Net,B,2.206e-06,0.006692851413412209,0.005309762275581442,0
comprehension,ally_majority,neutral,0321,-1,0,0,0,aQaQrPaQrQrP,B,nemo-12b,mistralai/mistral-nemo,io-net/fp16,0,1.0,Io Net,A,2.472e-06,0.020332354381512912,0.0038314751874360953,0
comprehension,ally_majority,neutral,0321,-1,0,1,0,aQrPaQaQrQrP,B,nemo-12b,mistralai/mistral-nemo,io-net/fp16,0,1.0,Io Net,B,2.216e-06,0.0019267349060017754,0.003539820172352104,0
comprehension,ally_majority,neutral,0321,1,0,0,0,aQrPrQrPaQaQ,B,nemo-12b,mistralai/mistral-nemo,io-net/fp16,0,1.0,Io Net,B,2.472e-06,0.06008665480259673,0.006956211273139279,0
comprehension,ally_majority,neutral,0321,1,0,1,0,rQaQrPaQaQrP,B,nemo-12b,mistralai/mistral-nemo,io-net/fp16,0,1.0,Io Net,B,2.216e-06,0.017986206441861014,0.006269475539938063,0
comprehension,ally_majority,neutral,0330,-1,0,0,0,rPaQrPaQaQrP,B,nemo-12b,mistralai/mistral-nemo,io-net/fp16,0,1.0,Io Net,B,2.216e-06,0.06008665522337757,0.0028931755952339433,0
comprehension,ally_majority,neutral,0330,-1,0,1,0,rPrPaQaQrPaQ,B,nemo-12b,mistralai/mistral-nemo,io-net/fp16,0,1.0,Io Net,B,2.344e-06,0.004609572632334463,0.0040139882278202865,0
comprehension,ally_majority,neutral,0330,1,0,0,0,rPaQaQrPrPaQ,B,nemo-12b,mistralai/mistral-nemo,io-net/fp16,0,1.0,Io Net,B,2.216e-06,0.020332353936289696,0.003133894315360708,0
comprehension,ally_majority,neutral,0330,1,0,1,0,rPrPaQaQrPaQ,B,nemo-12b,mistralai/mistral-nemo,io-net/fp16,0,1.0,Io Net,B,2.216e-06,0.012431648406321837,0.004752330726129794,0
comprehension,ally_majority,neutral,0400,-1,0,0,0,aQaQaQaQ,B,nemo-12b,mistralai/mistral-nemo,io-net/fp16,0,1.0,Io Net,B,2.196e-06,0.004609571442245587,0.00264834150808535,0
comprehension,ally_majority,neutral,0400,-1,0,1,0,aQaQaQaQ,B,nemo-12b,mistralai/mistral-nemo,io-net/fp16,0,1.0,Io Net,B,2.068e-06,0.0009110510034540931,0.002825113298511317,0
comprehension,ally_majority,neutral,0400,1,0,0,0,aQaQaQaQ,B,nemo-12b,mistralai/mistral-nemo,io-net/fp16,0,1.0,Io Net,B,2.068e-06,0.010986942499033635,0.003535288968080419,0
comprehension,ally_majority,neutral,0400,1,0,1,0,aQaQaQaQ,B,nemo-12b,mistralai/mistral-nemo,io-net/fp16,0,1.0,Io Net,B,2.196e-06,0.007577241618030036,0.00353993885556525,0
comprehension,ally_majority,neutral,0401,-1,0,0,0,rQaQaQaQaQ,B,nemo-12b,mistralai/mistral-nemo,io-net/fp16,0,1.0,Io Net,B,2.334e-06,0.06754669207816587,0.003450952439097321,0
comprehension,ally_majority,neutral,0401,-1,0,1,0,aQaQaQrQaQ,B,nemo-12b,mistralai/mistral-nemo,io-net/fp16,0,1.0,Io Net,B,2.334e-06,0.0017007224434551422,0.0020070553132911506,0
comprehension,ally_majority,neutral,0401,1,0,0,0,aQrQaQaQaQ,B,nemo-12b,mistralai/mistral-nemo,io-net/fp16,0,1.0,Io Net,B,2.206e-06,0.020332354752532266,0.003984197426320613,0
comprehension,ally_majority,neutral,0401,1,0,1,0,aQrQaQaQaQ,B,nemo-12b,mistralai/mistral-nemo,io-net/fp16,0,1.0,Io Net,B,2.206e-06,0.015906389495906472,0.005250182480481258,0
comprehension,ally_majority,neutral,0402,-1,0,0,0,aQaQaQrQrQaQ,B,nemo-12b,mistralai/mistral-nemo,io-net/fp16,0,1.0,Io Net,B,2.216e-06,0.009708477448499847,0.0028443722948625627,0
comprehension,ally_majority,neutral,0402,-1,0,1,0,aQrQaQrQaQaQ,B,nemo-12b,mistralai/mistral-nemo,io-net/fp16,0,1.0,Io Net,B,2.216e-06,0.01590638996241344,0.0038694175897989735,0
comprehension,ally_majority,neutral,0402,1,0,0,0,rQaQaQaQaQrQ,B,nemo-12b,mistralai/mistral-nemo,io-net/fp16,0,1.0,Io Net,B,2.216e-06,0.0293122296913986,0.0038512622002923047,0
comprehension,ally_majority,neutral,0402,1,0,1,0,rQaQaQrQaQaQ,B,nemo-12b,mistralai/mistral-nemo,io-net/fp16,0,1.0,Io Net,B,2.472e-06,0.04208772701447818,0.0039042590498624685,0
comprehension,ally_majority,neutral,0410,-1,0,0,0,aQaQaQrPaQ,B,nemo-12b,mistralai/mistral-nemo,io-net/fp16,0,1.0,Io Net,B,2.334e-06,0.0021827164220188564,0.0026679085161196436,0
comprehension,ally_majority,neutral,0410,-1,0,1,0,rPaQaQaQaQ,B,nemo-12b,mistralai/mistral-nemo,io-net/fp16,0,1.0,Io Net,B,2.334e-06,0.005220125342930818,0.002528226439727721,0
comprehension,ally_majority,neutral,0410,1,0,0,0,aQaQaQaQrP,B,nemo-12b,mistralai/mistral-nemo,io-net/fp16,0,1.0,Io Net,B,2.206e-06,0.009708476248671579,0.0021902484285329926,0
comprehension,ally_majority,neutral,0410,1,0,1,0,aQaQaQaQrP,B,nemo-12b,mistralai/mistral-nemo,io-net/fp16,0,1.0,Io Net,B,2.206e-06,0.0024726231359607324,0.0022034625247588924,0
comprehension,ally_majority,neutral,0411,-1,0,0,0,rQaQaQaQrPaQ,B,nemo-12b,mistralai/mistral-nemo,io-net/fp16,0,1.0,Io Net,B,2.344e-06,0.03308597958047282,0.004196363375840284,0
comprehension,ally_majority,neutral,0411,-1,0,1,0,aQrPaQrQaQaQ,B,nemo-12b,mistralai/mistral-nemo,io-net/fp16,0,1.0,Io Net,B,2.216e-06,0.0015011825310482939,0.0037778887346043843,0
comprehension,ally_majority,neutral,0411,1,0,0,0,aQrQaQaQaQrP,B,nemo-12b,mistralai/mistral-nemo,io-net/fp16,0,1.0,Io Net,B,2.344e-06,0.042087727915618836,0.00416999369634985,0
comprehension,ally_majority,neutral,0411,1,0,1,0,aQaQrPaQaQrQ,B,nemo-12b,mistralai/mistral-nemo,io-net/fp16,0,1.0,Io Net,B,2.344e-06,0.010986944431947103,0.008213243365295164,0
comprehension,ally_majority,neutral,0420,-1,0,0,0,rPaQaQrPaQaQ,B,nemo-12b,mistralai/mistral-nemo,io-net/fp16,0,1.0,Io Net,B,2.472e-06,0.01798621167285805,0.003193058082642364,0
comprehension,ally_majority,neutral,0420,-1,0,1,0,rPaQaQrPaQaQ,B,nemo-12b,mistralai/mistral-nemo,io-net/fp16,0,1.0,Io Net,B,2.216e-06,0.004609572036221684,0.0031201281378241408,0
comprehension,ally_majority,neutral,0420,1,0,0,0,aQaQaQaQrPrP,B,nemo-12b,mistralai/mistral-nemo,io-net/fp16,0,1.0,Io Net,B,2.344e-06,0.010986943703309526,0.0020432571791280107,0
comprehension,ally_majority,neutral,0420,1,0,1,0,aQaQrPaQaQrP,B,nemo-12b,mistralai/mistral-nemo,io-net/fp16,0,1.0,Io Net,B,2.216e-06,0.009708475129428925,0.004918873568426352,0
comprehension,ally_majority,neutral,0500,-1,0,0,0,aQaQaQaQaQ,B,nemo-12b,mistralai/mistral-nemo,io-net/fp16,0,1.0,Io Net,B,2.206e-06,0.00359360258975703,0.0024888963196157965,0
comprehension,ally_majority,neutral,0500,-1,0,1,0,aQaQaQaQaQ,B,nemo-12b,mistralai/mistral-nemo,io-net/fp16,0,1.0,Io Net,B,2.206e-06,0.0010322310043430836,0.0025255067091753958,0
comprehension,ally_majority,neutral,0500,1,0,0,0,aQaQaQaQaQ,B,nemo-12b,mistralai/mistral-nemo,io-net/fp16,0,1.0,Io Net,B,2.206e-06,0.010986944654586371,0.0031695507848018556,0
comprehension,ally_majority,neutral,0500,1,0,1,0,aQaQaQaQaQ,B,nemo-12b,mistralai/mistral-nemo,io-net/fp16,0,1.0,Io Net,B,2.206e-06,0.010986940687560063,0.0048589668329505065,0
comprehension,ally_majority,neutral,0501,-1,0,0,0,aQaQaQrQaQaQ,B,nemo-12b,mistralai/mistral-nemo,io-net/fp16,0,1.0,Io Net,B,2.216e-06,0.006692850144157759,0.002746450960928737,0
comprehension,ally_majority,neutral,0501,-1,0,1,0,aQaQaQaQaQrQ,B,nemo-12b,mistralai/mistral-nemo,io-net/fp16,0,1.0,Io Net,B,2.344e-06,0.001501182579558822,0.002249509883651246,0
comprehension,ally_majority,neutral,0501,1,0,0,0,aQaQaQaQaQrQ,B,nemo-12b,mistralai/mistral-nemo,io-net/fp16,0,1.0,Io Net,B,2.344e-06,0.014063628722009822,0.0037429814759428748,0
comprehension,ally_majority,neutral,0501,1,0,1,0,aQaQrQaQaQaQ,B,nemo-12b,mistralai/mistral-nemo,io-net/fp16,0,1.0,Io Net,B,2.472e-06,0.015906393023865786,0.005289297703479079,0
comprehension,ally_majority,neutral,0510,-1,0,0,0,aQaQaQaQaQrP,B,nemo-12b,mistralai/mistral-nemo,io-net/fp16,0,1.0,Io Net,B,2.344e-06,0.006692850744731785,0.0023275127063968615,0
comprehension,ally_majority,neutral,0510,-1,0,1,0,aQaQaQaQaQrP,B,nemo-12b,mistralai/mistral-nemo,io-net/fp16,0,1.0,Io Net,B,2.344e-06,0.0010322312497119531,0.0017806247017885246,0
comprehension,ally_majority,neutral,0510,1,0,0,0,aQaQaQrPaQaQ,B,nemo-12b,mistralai/mistral-nemo,io-net/fp16,0,1.0,Io Net,B,2.216e-06,0.007577241281867579,0.002463575977570742,0
comprehension,ally_majority,neutral,0510,1,0,1,0,rPaQaQaQaQaQ,B,nemo-12b,mistralai/mistral-nemo,io-net/fp16,0,1.0,Io Net,B,2.344e-06,0.005911068577142692,0.0028758141321237884,0
comprehension,ally_majority,neutral,0600,-1,0,0,0,aQaQaQaQaQaQ,B,nemo-12b,mistralai/mistral-nemo,io-net/fp16,0,1.0,Io Net,B,2.344e-06,0.004070138678567862,0.0032155586125400815,0
comprehension,ally_majority,neutral,0600,-1,0,1,0,aQaQaQaQaQaQ,B,nemo-12b,mistralai/mistral-nemo,io-net/fp16,0,1.0,Io Net,B,2.344e-06,0.0007096705021328266,0.0017667829582577177,0
comprehension,ally_majority,neutral,0600,1,0,0,0,aQaQaQaQaQaQ,B,nemo-12b,mistralai/mistral-nemo,io-net/fp16,0,1.0,Io Net,B,2.344e-06,0.012431650830317928,0.003525002426389534,0
comprehension,ally_majority,neutral,0600,1,0,1,0,aQaQaQaQaQaQ,B,nemo-12b,mistralai/mistral-nemo,io-net/fp16,0,1.0,Io Net,B,2.216e-06,0.00857748414653042,0.0031496925213962967,0
comprehension,ally_majority,neutral,1000,-1,0,0,0,aP,A,nemo-12b,mistralai/mistral-nemo,io-net/fp16,0,1.0,Io Net,A,2.038e-06,0.8519528057272543,0.009513280045550382,0
comprehension,ally_majority,neutral,1000,-1,0,1,0,aP,A,nemo-12b,mistralai/mistral-nemo,io-net/fp16,0,1.0,Io Net,A,2.038e-06,0.8933094003735663,0.004679731608114246,0
comprehension,ally_majority,neutral,1000,1,0,0,0,aP,A,nemo-12b,mistralai/mistral-nemo,io-net/fp16,0,1.0,Io Net,A,1.782e-06,0.962673111584966,0.007921870882986161,0
comprehension,ally_majority,neutral,1000,1,0,1,0,aP,A,nemo-12b,mistralai/mistral-nemo,io-net/fp16,0,1.0,Io Net,A,2.294e-06,0.9579122677288676,0.0065924355575686586,0
comprehension,ally_majority,neutral,1001,-1,0,0,0,aPrQ,A,nemo-12b,mistralai/mistral-nemo,io-net/fp16,0,1.0,Io Net,A,1.92e-06,0.9324533149608595,0.010030158930449035,0
comprehension,ally_majority,neutral,1001,-1,0,1,0,rQaP,A,nemo-12b,mistralai/mistral-nemo,io-net/fp16,0,1.0,Io Net,B,1.92e-06,0.9399133468805266,0.0059366449923378,0
comprehension,ally_majority,neutral,1001,1,0,0,0,aPrQ,A,nemo-12b,mistralai/mistral-nemo,io-net/fp16,0,1.0,Io Net,A,1.92e-06,0.817574478416099,0.006398014407785951,0
comprehension,ally_majority,neutral,1001,1,0,1,0,aPrQ,A,nemo-12b,mistralai/mistral-nemo,io-net/fp16,0,1.0,Io Net,A,1.92e-06,0.9241418283357703,0.007270955978099791,0
comprehension,ally_majority,neutral,1002,-1,0,0,0,rQrQaP,A,nemo-12b,mistralai/mistral-nemo,io-net/fp16,0,1.0,Io Net,A,2.058e-06,0.9399133451974032,0.015439579544959017,0
comprehension,ally_majority,neutral,1002,-1,0,1,0,aPrQrQ,A,nemo-12b,mistralai/mistral-nemo,io-net/fp16,0,1.0,Io Net,B,2.058e-06,0.9579122710330504,0.01138071810437323,0
comprehension,ally_majority,neutral,1002,1,0,0,0,aPrQrQ,A,nemo-12b,mistralai/mistral-nemo,io-net/fp16,0,1.0,Io Net,A,2.058e-06,0.7772998611746911,0.014240616062774741,0
comprehension,ally_majority,neutral,1002,1,0,1,0,rQrQaP,A,nemo-12b,mistralai/mistral-nemo,io-net/fp16,0,1.0,Io Net,A,2.058e-06,0.9149009462917594,0.0281678237639552,0
comprehension,ally_majority,neutral,1003,-1,0,0,0,rQrQrQaP,A,nemo-12b,mistralai/mistral-nemo,io-net/fp16,0,1.0,Io Net,A,2.068e-06,0.9399133468805266,0.009309862967340626,0
comprehension,ally_majority,neutral,1003,-1,0,1,0,rQaPrQrQ,A,nemo-12b,mistralai/mistral-nemo,io-net/fp16,0,1.0,Io Net,A,2.196e-06,0.9241418272911436,0.015015705203632698,0
comprehension,ally_majority,neutral,1003,1,0,0,0,rQaPrQrQ,A,nemo-12b,mistralai/mistral-nemo,io-net/fp16,0,1.0,Io Net,A,2.068e-06,0.8354835330070839,0.011423395498185912,0
comprehension,ally_majority,neutral,1003,1,0,1,0,rQrQrQaP,A,nemo-12b,mistralai/mistral-nemo,io-net/fp16,0,1.0,Io Net,A,2.068e-06,0.8807970779778824,0.013533056926798709,0
comprehension,ally_majority,neutral,1004,-1,0,0,0,aPrQrQrQrQ,A,nemo-12b,mistralai/mistral-nemo,io-net/fp16,0,1.0,Io Net,B,2.206e-06,0.8807970764133561,0.01398782643427822,0
comprehension,ally_majority,neutral,1004,-1,0,1,0,rQaPrQrQrQ,A,nemo-12b,mistralai/mistral-nemo,io-net/fp16,0,1.0,Io Net,A,2.206e-06,0.9046505293168444,0.016961863536134755,0
comprehension,ally_majority,neutral,1004,1,0,0,0,rQrQaPrQrQ,A,nemo-12b,mistralai/mistral-nemo,io-net/fp16,0,1.0,Io Net,A,2.206e-06,0.7549149868676283,0.01641441736573082,0
comprehension,ally_majority,neutral,1004,1,0,1,0,rQrQrQrQaP,A,nemo-12b,mistralai/mistral-nemo,io-net/fp16,0,1.0,Io Net,A,2.206e-06,0.7772998663336158,0.012542851841509911,0
comprehension,ally_majority,neutral,1005,-1,0,0,0,aPrQrQrQrQrQ,A,nemo-12b,mistralai/mistral-nemo,io-net/fp16,0,1.0,Io Net,A,2.344e-06,0.8354835371034368,0.02152106363838821,0
comprehension,ally_majority,neutral,1005,-1,0,1,0,rQrQrQrQaPrQ,A,nemo-12b,mistralai/mistral-nemo,io-net/fp16,0,1.0,Io Net,A,2.216e-06,0.8175744695262777,0.019850064465999795,0
comprehension,ally_majority,neutral,1005,1,0,0,0,rQrQrQrQrQaP,A,nemo-12b,mistralai/mistral-nemo,io-net/fp16,0,1.0,Io Net,B,2.216e-06,0.5926665999540697,0.011639218960932285,0
comprehension,ally_majority,neutral,1005,1,0,1,0,rQrQrQrQaPrQ,A,nemo-12b,mistralai/mistral-nemo,io-net/fp16,0,1.0,Io Net,B,2.344e-06,0.6791787056691698,0.01946456362327109,0
comprehension,ally_majority,neutral,1010,-1,0,0,0,rPaP,A,nemo-12b,mistralai/mistral-nemo,io-net/fp16,0,1.0,Io Net,A,2.048e-06,0.9046505293168444,0.008642892506371389,0
comprehension,ally_majority,neutral,1010,-1,0,1,0,rPaP,A,nemo-12b,mistralai/mistral-nemo,io-net/fp16,0,1.0,Io Net,B,2.048e-06,0.8519527944504227,0.008413346849964448,0
comprehension,ally_majority,neutral,1010,1,0,0,0,aPrP,A,nemo-12b,mistralai/mistral-nemo,io-net/fp16,0,1.0,Io Net,B,1.92e-06,0.7981867705385762,0.013266107904090774,0
comprehension,ally_majority,neutral,1010,1,0,1,0,aPrP,A,nemo-12b,mistralai/mistral-nemo,io-net/fp16,0,1.0,Io Net,A,1.92e-06,0.7981867753392728,0.006535268463892879,0
comprehension,ally_majority,neutral,1011,-1,0,0,0,rQaPrP,A,nemo-12b,mistralai/mistral-nemo,io-net/fp16,0,1.0,Io Net,A,2.058e-06,0.9241418272911436,0.009140911621986672,0
comprehension,ally_majority,neutral,1011,-1,0,1,0,aPrPrQ,A,nemo-12b,mistralai/mistral-nemo,io-net/fp16,0,1.0,Io Net,A,2.058e-06,0.9046505312448598,0.02620566864052963,0
comprehension,ally_majority,neutral,1011,1,0,0,0,rPrQaP,A,nemo-12b,mistralai/mistral-nemo,io-net/fp16,0,1.0,Io Net,B,2.058e-06,0.5926665999540698,0.024497334944645344,0
comprehension,ally_majority,neutral,1011,1,0,1,0,rPrQaP,A,nemo-12b,mistralai/mistral-nemo,io-net/fp16,0,1.0,Io Net,B,2.058e-06,0.7772998508568416,0.023242768572649203,0
comprehension,ally_majority,neutral,1012,-1,0,0,0,aPrQrQrP,A,nemo-12b,mistralai/mistral-nemo,io-net/fp16,0,1.0,Io Net,A,2.068e-06,0.8807970670261976,0.022518410826329188,0
comprehension,ally_majority,neutral,1012,-1,0,1,0,rQaPrQrP,A,nemo-12b,mistralai/mistral-nemo,io-net/fp16,0,1.0,Io Net,A,2.068e-06,0.8933094145755219,0.020622581307400314,0
comprehension,ally_majority,neutral,1012,1,0,0,0,rQrQrPaP,A,nemo-12b,mistralai/mistral-nemo,io-net/fp16,0,1.0,Io Net,A,2.068e-06,0.851952809486198,0.015140144010859835,0
comprehension,ally_majority,neutral,1012,1,0,1,0,aPrQrQrP,A,nemo-12b,mistralai/mistral-nemo,io-net/fp16,0,1.0,Io Net,A,2.068e-06,0.7549149813536518,0.020876767166789795,0
comprehension,ally_majority,neutral,1013,-1,0,0,0,rPrQrQrQaP,A,nemo-12b,mistralai/mistral-nemo,io-net/fp16,0,1.0,Io Net,A,2.206e-06,0.8519528038477825,0.014610662603493058,0
comprehension,ally_majority,neutral,1013,-1,0,1,0,rPrQrQrQaP,A,nemo-12b,mistralai/mistral-nemo,io-net/fp16,0,1.0,Io Net,B,2.206e-06,0.8354835330070839,0.016443519560630948,0
comprehension,ally_majority,neutral,1013,1,0,0,0,aPrQrQrPrQ,A,nemo-12b,mistralai/mistral-nemo,io-net/fp16,0,1.0,Io Net,A,2.206e-06,0.7310585844894971,0.01862525837045642,0
comprehension,ally_majority,neutral,1013,1,0,1,0,rPrQaPrQrQ,A,nemo-12b,mistralai/mistral-nemo,io-net/fp16,0,1.0,Io Net,A,2.206e-06,0.6224593312018546,0.018534201462510558,0
comprehension,ally_majority,neutral,1014,-1,0,0,0,rQrPaPrQrQrQ,A,nemo-12b,mistralai/mistral-nemo,io-net/fp16,0,1.0,Io Net,A,2.472e-06,0.7772998714925403,0.020724131147736358,0
comprehension,ally_majority,neutral,1014,-1,0,1,0,rPrQrQaPrQrQ,A,nemo-12b,mistralai/mistral-nemo,io-net/fp16,0,1.0,Io Net,A,2.216e-06,0.8519527963298947,0.024087123987378667,0
comprehension,ally_majority,neutral,1014,1,0,0,0,aPrQrQrQrQrP,A,nemo-12b,mistralai/mistral-nemo,io-net/fp16,0,1.0,Io Net,B,2.216e-06,0.6224593312018546,0.013757504176269864,0
comprehension,ally_majority,neutral,1014,1,0,1,0,rPrQaPrQrQrQ,A,nemo-12b,mistralai/mistral-nemo,io-net/fp16,0,1.0,Io Net,A,2.344e-06,0.5621765008857981,0.02465006547316939,0
comprehension,ally_majority,neutral,1020,-1,0,0,0,aPrPrP,A,nemo-12b,mistralai/mistral-nemo,io-net/fp16,0,1.0,Io Net,B,2.058e-06,0.8175744761936437,0.01898395658087182,0
comprehension,ally_majority,neutral,1020,-1,0,1,0,rPaPrP,A,nemo-12b,mistralai/mistral-nemo,io-net/fp16,0,1.0,Io Net,A,2.058e-06,0.8519528019683105,0.012651838618233768,0
comprehension,ally_majority,neutral,1020,1,0,0,0,aPrPrP,A,nemo-12b,mistralai/mistral-nemo,io-net/fp16,0,1.0,Io Net,A,2.058e-06,0.7057850278370112,0.024310266043790885,0
comprehension,ally_majority,neutral,1020,1,0,1,0,rPrPaP,A,nemo-12b,mistralai/mistral-nemo,io-net/fp16,0,1.0,Io Net,B,2.058e-06,0.7549149868676284,0.02040694882256841,0
comprehension,ally_majority,neutral,1021,-1,0,0,0,rQrPaPrP,A,nemo-12b,mistralai/mistral-nemo,io-net/fp16,0,1.0,Io Net,A,2.068e-06,0.9149009567332237,0.02045094913627432,0
comprehension,ally_majority,neutral,1021,-1,0,1,0,aPrPrPrQ,A,nemo-12b,mistralai/mistral-nemo,io-net/fp16,0,1.0,Io Net,A,2.068e-06,0.8807970748488297,0.02112091440550401,0
comprehension,ally_majority,neutral,1021,1,0,0,0,rPaPrPrQ,A,nemo-12b,mistralai/mistral-nemo,io-net/fp16,0,1.0,Io Net,A,2.196e-06,0.3775406687981454,0.02635485245008007,0
comprehension,ally_majority,neutral,1021,1,0,1,0,rPrQaPrP,A,nemo-12b,mistralai/mistral-nemo,io-net/fp16,0,1.0,Io Net,A,2.196e-06,0.6513548511303338,0.041514308455885274,0
comprehension,ally_majority,neutral,1022,-1,0,0,0,aPrPrQrQrP,A,nemo-12b,mistralai/mistral-nemo,io-net/fp16,0,1.0,Io Net,A,2.206e-06,0.817574478416099,0.02390517011159049,0
comprehension,ally_majority,neutral,1022,-1,0,1,0,rQrPrQrPaP,A,nemo-12b,mistralai/mistral-nemo,io-net/fp16,0,1.0,Io Net,A,2.206e-06,0.8933093975331752,0.01331996503819717,0
comprehension,ally_majority,neutral,1022,1,0,0,0,rPrQaPrQrP,A,nemo-12b,mistralai/mistral-nemo,io-net/fp16,0,1.0,Io Net,A,2.206e-06,0.5,0.023177494969740753,0
comprehension,ally_majority,neutral,1022,1,0,1,0,rPrQaPrPrQ,A,nemo-12b,mistralai/mistral-nemo,io-net/fp16,0,1.0,Io Net,B,2.206e-06,0.6513548646660542,0.03355078538726852,0
comprehension,ally_majority,neutral,1023,-1,0,0,0,rQrQrQrPrPaP,A,nemo-12b,mistralai/mistral-nemo,io-net/fp16,0,1.0,Io Net,B,2.216e-06,0.8519528019683105,0.012534012814454931,0
comprehension,ally_majority,neutral,1023,-1,0,1,0,rQrQrQrPaPrP,A,nemo-12b,mistralai/mistral-nemo,io-net/fp16,0,1.0,Io Net,A,2.216e-06,0.867035771827307,0.014242780498477131,0
comprehension,ally_majority,neutral,1023,1,0,0,0,aPrQrQrPrQrP,A,nemo-12b,mistralai/mistral-nemo,io-net/fp16,0,1.0,Io Net,B,2.216e-06,0.6513548511303338,0.016154747095374566,0
comprehension,ally_majority,neutral,1023,1,0,1,0,rPaPrPrQrQrQ,A,nemo-12b,mistralai/mistral-nemo,io-net/fp16,0,1.0,Io Net,A,2.344e-06,0.5926665999540698,0.023502964722801944,0
comprehension,ally_majority,neutral,1030,-1,0,0,0,rPrPaPrP,A,nemo-12b,mistralai/mistral-nemo,io-net/fp16,0,1.0,Io Net,A,2.068e-06,0.8354835309589073,0.015534783720924011,0
comprehension,ally_majority,neutral,1030,-1,0,1,0,rPaPrPrP,A,nemo-12b,mistralai/mistral-nemo,io-net/fp16,0,1.0,Io Net,B,2.196e-06,0.7057850216484838,0.020818319932708496,0
comprehension,ally_majority,neutral,1030,1,0,0,0,aPrPrPrP,A,nemo-12b,mistralai/mistral-nemo,io-net/fp16,0,1.0,Io Net,A,2.196e-06,0.6791787056691698,0.013401451401595155,0
comprehension,ally_majority,neutral,1030,1,0,1,0,rPaPrPrP,A,nemo-12b,mistralai/mistral-nemo,io-net/fp16,0,1.0,Io Net,Based,2.068e-06,0.5926665999540698,0.02382029824682913,0
comprehension,ally_majority,neutral,1031,-1,0,0,0,rPrQrPrPaP,A,nemo-12b,mistralai/mistral-nemo,io-net/fp16,0,1.0,Io Net,A,2.334e-06,0.8670357529306639,0.0190065665725192,0
comprehension,ally_majority,neutral,1031,-1,0,1,0,rPrPrPrQaP,A,nemo-12b,mistralai/mistral-nemo,io-net/fp16,0,1.0,Io Net,A,2.206e-06,0.8670357666736772,0.017443557431227913,0
comprehension,ally_majority,neutral,1031,1,0,0,0,rQrPaPrPrP,A,nemo-12b,mistralai/mistral-nemo,io-net/fp16,0,1.0,Io Net,A,2.206e-06,0.5926665999540697,0.02575401567764024,0
comprehension,ally_majority,neutral,1031,1,0,1,0,rPaPrPrQrP,A,nemo-12b,mistralai/mistral-nemo,io-net/fp16,0,1.0,Io Net,B,2.206e-06,0.5621765008857981,0.019770573349715992,0
comprehension,ally_majority,neutral,1032,-1,0,0,0,rPrQrPrQaPrP,A,nemo-12b,mistralai/mistral-nemo,io-net/fp16,0,1.0,Io Net,B,2.344e-06,0.8354835309589073,0.025422501052842855,0
comprehension,ally_majority,neutral,1032,-1,0,1,0,aPrQrPrQrPrP,A,nemo-12b,mistralai/mistral-nemo,io-net/fp16,0,1.0,Io Net,A,2.216e-06,0.851952809486198,0.01616642817862135,0
comprehension,ally_majority,neutral,1032,1,0,0,0,rQaPrQrPrPrP,A,nemo-12b,mistralai/mistral-nemo,io-net/fp16,0,1.0,Io Net,A,2.216e-06,0.6513548646660543,0.01851092321563591,0
comprehension,ally_majority,neutral,1032,1,0,1,0,rPrQrPrPaPrQ,A,nemo-12b,mistralai/mistral-nemo,io-net/fp16,0,1.0,Io Net,A,2.216e-06,0.7057850402140659,0.02424997389258543,0
comprehension,ally_majority,neutral,1040,-1,0,0,0,rPrPaPrPrP,A,nemo-12b,mistralai/mistral-nemo,io-net/fp16,0,1.0,Io Net,A,2.206e-06,0.8175744828610095,0.021706736473573046,0
comprehension,ally_majority,neutral,1040,-1,0,1,0,rPrPrPaPrP,A,nemo-12b,mistralai/mistral-nemo,io-net/fp16,0,1.0,Io Net,A,2.334e-06,0.8519528019683105,0.013617809291024463,0
comprehension,ally_majority,neutral,1040,1,0,0,0,aPrPrPrPrP,A,nemo-12b,mistralai/mistral-nemo,io-net/fp16,0,1.0,Io Net,B,2.206e-06,0.5312093733737563,0.017539158231867247,0
comprehension,ally_majority,neutral,1040,1,0,1,0,rPrPaPrPrP,A,nemo-12b,mistralai/mistral-nemo,io-net/fp16,0,1.0,Io Net,A,2.206e-06,0.6224593312018546,0.02224448957076086,0
comprehension,ally_majority,neutral,1041,-1,0,0,0,aPrQrPrPrPrP,A,nemo-12b,mistralai/mistral-nemo,io-net/fp16,0,1.0,Io Net,B,2.472e-06,0.7772998663336158,0.01969759903161708,0
comprehension,ally_majority,neutral,1041,-1,0,1,0,rPrPaPrPrPrQ,A,nemo-12b,mistralai/mistral-nemo,io-net/fp16,0,1.0,Io Net,A,2.216e-06,0.7981867705385763,0.020291007204102013,0
comprehension,ally_majority,neutral,1041,1,0,0,0,aPrPrPrPrQrP,A,nemo-12b,mistralai/mistral-nemo,io-net/fp16,0,1.0,Io Net,A,2.344e-06,0.679178699175393,0.01975465888009864,0
comprehension,ally_majority,neutral,1041,1,0,1,0,rQrPrPrPrPaP,A,nemo-12b,mistralai/mistral-nemo,io-net/fp16,0,1.0,Io Net,B,2.472e-06,0.731058584489497,0.01766992958340008,0
comprehension,ally_majority,neutral,1050,-1,0,0,0,rPrPrPaPrPrP,A,nemo-12b,mistralai/mistral-nemo,io-net/fp16,0,1.0,Io Net,A,2.216e-06,0.8519527982093668,0.013210314973140791,0
comprehension,ally_majority,neutral,1050,-1,0,1,0,rPrPrPaPrPrP,A,nemo-12b,mistralai/mistral-nemo,io-net/fp16,0,1.0,Io Net,A,2.216e-06,0.8670357701094303,0.013634366454937458,0
comprehension,ally_majority,neutral,1050,1,0,0,0,aPrPrPrPrPrP,A,nemo-12b,mistralai/mistral-nemo,io-net/fp16,0,1.0,Io Net,B,2.216e-06,0.5312093733737563,0.017360946335286565,0
comprehension,ally_majority,neutral,1050,1,0,1,0,rPrPrPrPaPrP,A,nemo-12b,mistralai/mistral-nemo,io-net/fp16,0,1.0,Io Net,The,2.216e-06,0.6513548511303336,0.012759408765526559,0
comprehension,ally_majority,neutral,1200,-1,0,0,0,aPaQaQ,B,nemo-12b,mistralai/mistral-nemo,io-net/fp16,0,1.0,Io Net,B,2.058e-06,0.1480471961522176,0.011792705488962829,0
comprehension,ally_majority,neutral,1200,-1,0,1,0,aQaPaQ,B,nemo-12b,mistralai/mistral-nemo,io-net/fp16,0,1.0,Io Net,B,2.058e-06,0.05340333469611046,0.011340870445245788,0
comprehension,ally_majority,neutral,1200,1,0,0,0,aQaPaQ,B,nemo-12b,mistralai/mistral-nemo,io-net/fp16,0,1.0,Io Net,B,2.058e-06,0.10669058755477132,0.008042439551309455,0
comprehension,ally_majority,neutral,1200,1,0,1,0,aQaPaQ,B,nemo-12b,mistralai/mistral-nemo,io-net/fp16,0,1.0,Io Net,B,2.058e-06,0.05340333507274788,0.01675591744007554,0
comprehension,ally_majority,neutral,1201,-1,0,0,0,aQaQaPrQ,B,nemo-12b,mistralai/mistral-nemo,io-net/fp16,0,1.0,Io Net,B,2.196e-06,0.13296422989056964,0.007919521464037405,0
comprehension,ally_majority,neutral,1201,-1,0,1,0,aPrQaQaQ,B,nemo-12b,mistralai/mistral-nemo,io-net/fp16,0,1.0,Io Net,A,2.068e-06,0.6513548714339144,0.014081281441192639,0
comprehension,ally_majority,neutral,1201,1,0,0,0,aQrQaPaQ,B,nemo-12b,mistralai/mistral-nemo,io-net/fp16,0,1.0,Io Net,B,2.068e-06,0.037326891226158315,0.013364650505655384,0
comprehension,ally_majority,neutral,1201,1,0,1,0,aQrQaPaQ,B,nemo-12b,mistralai/mistral-nemo,io-net/fp16,0,1.0,Io Net,B,2.196e-06,0.06754669489377622,0.02015005154521543,0
comprehension,ally_majority,neutral,1202,-1,0,0,0,rQrQaQaPaQ,B,nemo-12b,mistralai/mistral-nemo,io-net/fp16,0,1.0,Io Net,A,2.206e-06,0.24508501864634827,0.0099286653405819,0
comprehension,ally_majority,neutral,1202,-1,0,1,0,aPrQaQrQaQ,B,nemo-12b,mistralai/mistral-nemo,io-net/fp16,0,1.0,Io Net,A,2.206e-06,0.7057850216484838,0.011702566785755597,0
comprehension,ally_majority,neutral,1202,1,0,0,0,rQaQaQrQaP,B,nemo-12b,mistralai/mistral-nemo,io-net/fp16,0,1.0,Io Net,A,2.206e-06,0.2689414272294874,0.0047040677118556085,0
comprehension,ally_majority,neutral,1202,1,0,1,0,rQaQrQaPaQ,B,nemo-12b,mistralai/mistral-nemo,io-net/fp16,0,1.0,Io Net,A,2.206e-06,0.13296424535145931,0.007500416420269329,0
comprehension,ally_majority,neutral,1203,-1,0,0,0,rQrQrQaQaQaP,B,nemo-12b,mistralai/mistral-nemo,io-net/fp16,0,1.0,Io Net,A,2.216e-06,0.4073334000459302,0.008289301116130687,0
comprehension,ally_majority,neutral,1203,-1,0,1,0,aQrQaPrQaQrQ,B,nemo-12b,mistralai/mistral-nemo,io-net/fp16,0,1.0,Io Net,B,2.472e-06,0.14804719803168945,0.011298644539419533,0
comprehension,ally_majority,neutral,1203,1,0,0,0,rQrQaQaPrQaQ,B,nemo-12b,mistralai/mistral-nemo,io-net/fp16,0,1.0,Io Net,B,2.216e-06,0.13296424706933604,0.007344004264622339,0
comprehension,ally_majority,neutral,1203,1,0,1,0,rQrQrQaQaQaP,B,nemo-12b,mistralai/mistral-nemo,io-net/fp16,0,1.0,Io Net,A,2.216e-06,0.18242552158390102,0.0103219616950877,0
comprehension,ally_majority,neutral,1210,-1,0,0,0,aPrPaQaQ,B,nemo-12b,mistralai/mistral-nemo,io-net/fp16,0,1.0,Io Net,A,2.068e-06,0.3775406687981454,0.01433665662583361,0
comprehension,ally_majority,neutral,1210,-1,0,1,0,aQaQaPrP,B,nemo-12b,mistralai/mistral-nemo,io-net/fp16,0,1.0,Io Net,B,2.068e-06,0.1329642281726931,0.006840343404443838,0
comprehension,ally_majority,neutral,1210,1,0,0,0,rPaQaQaP,B,nemo-12b,mistralai/mistral-nemo,io-net/fp16,0,1.0,Io Net,B,2.196e-06,0.08509905254807777,0.006370720261233642,0
comprehension,ally_majority,neutral,1210,1,0,1,0,aQaQrPaP,B,nemo-12b,mistralai/mistral-nemo,io-net/fp16,0,1.0,Io Net,B,2.068e-06,0.13296422989056964,0.014828765947125788,0
comprehension,ally_majority,neutral,1211,-1,0,0,0,rQaPrPaQaQ,B,nemo-12b,mistralai/mistral-nemo,io-net/fp16,0,1.0,Io Net,B,2.334e-06,0.3486451285660856,0.010382958986960067,0
comprehension,ally_majority,neutral,1211,-1,0,1,0,aPrQaQrPaQ,B,nemo-12b,mistralai/mistral-nemo,io-net/fp16,0,1.0,Io Net,A,2.206e-06,0.6224593312018546,0.019814572335847436,0
comprehension,ally_majority,neutral,1211,1,0,0,0,rPrQaPaQaQ,B,nemo-12b,mistralai/mistral-nemo,io-net/fp16,0,1.0,Io Net,B,2.334e-06,0.1192029173285386,0.007492506467599247,0
comprehension,ally_majority,neutral,1211,1,0,1,0,aQaQaPrQrP,B,nemo-12b,mistralai/mistral-nemo,io-net/fp16,0,1.0,Io Net,B,2.206e-06,0.0534033322479673,0.004925158037582311,0
comprehension,ally_majority,neutral,1212,-1,0,0,0,rQaPaQrQaQrP,B,nemo-12b,mistralai/mistral-nemo,io-net/fp16,0,1.0,Io Net,A,2.472e-06,0.40733340004593027,0.00841567144965083,0
comprehension,ally_majority,neutral,1212,-1,0,1,0,rPrQaQrQaQaP,B,nemo-12b,mistralai/mistral-nemo,io-net/fp16,0,1.0,Io Net,A,2.344e-06,0.2942149597859341,0.00698838810458613,0
comprehension,ally_majority,neutral,1212,1,0,0,0,aQrPaPrQrQaQ,B,nemo-12b,mistralai/mistral-nemo,io-net/fp16,0,1.0,Io Net,B,2.472e-06,0.08509904906758961,0.011915894970231489,0
comprehension,ally_majority,neutral,1212,1,0,1,0,rPrQrQaQaQaP,B,nemo-12b,mistralai/mistral-nemo,io-net/fp16,0,1.0,Io Net,B,2.472e-06,0.07585817688736328,0.010341986559743388,0
comprehension,ally_majority,neutral,1220,-1,0,0,0,rPrPaQaQaP,B,nemo-12b,mistralai/mistral-nemo,io-net/fp16,0,1.0,Io Net,A,2.206e-06,0.37754066879814546,0.006750526494829434,0
comprehension,ally_majority,neutral,1220,-1,0,1,0,rPrPaQaQaP,B,nemo-12b,mistralai/mistral-nemo,io-net/fp16,0,1.0,Io Net,B,2.334e-06,0.4378234991142019,0.005722889771210715,0
comprehension,ally_majority,neutral,1220,1,0,0,0,rPaPaQrPaQ,B,nemo-12b,mistralai/mistral-nemo,io-net/fp16,0,1.0,Io Net,B,2.206e-06,0.1329642453514593,0.010359045599630079,0
comprehension,ally_majority,neutral,1220,1,0,1,0,aQrPrPaPaQ,B,nemo-12b,mistralai/mistral-nemo,io-net/fp16,0,1.0,Io Net,A,2.334e-06,0.348645142101806,0.013143331689164817,0
comprehension,ally_majority,neutral,1221,-1,0,0,0,aQaQrPaPrPrQ,B,nemo-12b,mistralai/mistral-nemo,io-net/fp16,0,1.0,Io Net,B,2.472e-06,0.14804720367010532,0.0068219469137411615,0
comprehension,ally_majority,neutral,1221,-1,0,1,0,aPaQrQrPrPaQ,B,nemo-12b,mistralai/mistral-nemo,io-net/fp16,0,1.0,Io Net,A,2.216e-06,0.5,0.013773022972482563,0
comprehension,ally_majority,neutral,1221,1,0,0,0,rPaQrPaQaPrQ,B,nemo-12b,mistralai/mistral-nemo,io-net/fp16,0,1.0,Io Net,B,2.216e-06,0.1329642453514593,0.007131914587173327,0
comprehension,ally_majority,neutral,1221,1,0,1,0,aQrPrPrQaPaQ,B,nemo-12b,mistralai/mistral-nemo,io-net/fp16,0,1.0,Io Net,B,2.472e-06,0.22270012850745965,0.016871430297299095,0
comprehension,ally_majority,neutral,1230,-1,0,0,0,aQaPrPrPaQrP,B,nemo-12b,mistralai/mistral-nemo,io-net/fp16,0,1.0,Io Net,B,2.216e-06,0.2689414272294874,0.01360596536798575,0
comprehension,ally_majority,neutral,1230,-1,0,1,0,aPrPaQaQrPrP,B,nemo-12b,mistralai/mistral-nemo,io-net/fp16,0,1.0,Io Net,A,2.216e-06,0.6513548646660543,0.00971704082298025,0
comprehension,ally_majority,neutral,1230,1,0,0,0,aQaQaPrPrPrP,B,nemo-12b,mistralai/mistral-nemo,io-net/fp16,0,1.0,Io Net,B,2.216e-06,0.10669060175672705,0.008993795569218754,0
comprehension,ally_majority,neutral,1230,1,0,1,0,rPrPaQrPaPaQ,B,nemo-12b,mistralai/mistral-nemo,io-net/fp16,0,1.0,Io Net,B,2.216e-06,0.24508501313237174,0.013827243796867283,0
comprehension,ally_majority,neutral,1300,-1,0,0,0,aQaQaPaQ,B,nemo-12b,mistralai/mistral-nemo,io-net/fp16,0,1.0,Io Net,B,2.196e-06,0.01243164849779338,0.005208770720617539,0
comprehension,ally_majority,neutral,1300,-1,0,1,0,aQaQaQaP,B,nemo-12b,mistralai/mistral-nemo,io-net/fp16,0,1.0,Io Net,B,2.196e-06,0.008577485191955198,0.003926209246296941,0
comprehension,ally_majority,neutral,1300,1,0,0,0,aQaPaQaQ,B,nemo-12b,mistralai/mistral-nemo,io-net/fp16,0,1.0,Io Net,B,2.068e-06,0.025957357527457123,0.00445492139090975,0
comprehension,ally_majority,neutral,1300,1,0,1,0,aPaQaQaQ,B,nemo-12b,mistralai/mistral-nemo,io-net/fp16,0,1.0,Io Net,B,2.196e-06,0.0675466977093867,0.006364681706378605,0
comprehension,ally_majority,neutral,1301,-1,0,0,0,rQaPaQaQaQ,B,nemo-12b,mistralai/mistral-nemo,io-net/fp16,0,1.0,Io Net,B,2.206e-06,0.060086645966199635,0.0045070815845345,0
comprehension,ally_majority,neutral,1301,-1,0,1,0,aQrQaQaQaP,B,nemo-12b,mistralai/mistral-nemo,io-net/fp16,0,1.0,Io Net,B,2.206e-06,0.18242552825126704,0.007281861151907543,0
comprehension,ally_majority,neutral,1301,1,0,0,0,aQaPrQaQaQ,B,nemo-12b,mistralai/mistral-nemo,io-net/fp16,0,1.0,Io Net,B,2.206e-06,0.01243165302563555,0.00350664712989901,0
comprehension,ally_majority,neutral,1301,1,0,1,0,aQaQaPrQaQ,B,nemo-12b,mistralai/mistral-nemo,io-net/fp16,0,1.0,Io Net,B,2.334e-06,0.017986209205406428,0.005523512194430369,0
comprehension,ally_majority,neutral,1302,-1,0,0,0,rQaQrQaPaQaQ,B,nemo-12b,mistralai/mistral-nemo,io-net/fp16,0,1.0,Io Net,B,2.472e-06,0.1066906045971184,0.007458741592703544,0
comprehension,ally_majority,neutral,1302,-1,0,1,0,aPaQaQrQrQaQ,B,nemo-12b,mistralai/mistral-nemo,io-net/fp16,0,1.0,Io Net,A,2.216e-06,0.18242552602881168,0.006308607422179979,0
comprehension,ally_majority,neutral,1302,1,0,0,0,aQrQaQaQrQaP,B,nemo-12b,mistralai/mistral-nemo,io-net/fp16,0,1.0,Io Net,B,2.344e-06,0.16451645880021026,0.006491303530440473,0
comprehension,ally_majority,neutral,1302,1,0,1,0,rQrQaQaQaPaQ,B,nemo-12b,mistralai/mistral-nemo,io-net/fp16,0,1.0,Io Net,A,2.472e-06,0.06008664428307652,0.01058059667362976,0
comprehension,ally_majority,neutral,1310,-1,0,0,0,aPaQrPaQaQ,B,nemo-12b,mistralai/mistral-nemo,io-net/fp16,0,1.0,Io Net,B,2.334e-06,0.18242551713899047,0.011105360633464456,0
comprehension,ally_majority,neutral,1310,-1,0,1,0,aQaPaQaQrP,B,nemo-12b,mistralai/mistral-nemo,io-net/fp16,0,1.0,Io Net,B,2.206e-06,0.022977368446490672,0.005429302583421447,0
comprehension,ally_majority,neutral,1310,1,0,0,0,aQaQaPrPaQ,B,nemo-12b,mistralai/mistral-nemo,io-net/fp16,0,1.0,Io Net,B,2.334e-06,0.03732688828117088,0.008292203944572418,0
comprehension,ally_majority,neutral,1310,1,0,1,0,aQaPaQaQrP,B,nemo-12b,mistralai/mistral-nemo,io-net/fp16,0,1.0,Io Net,B,2.206e-06,0.009708475836790268,0.004572981550207023,0
comprehension,ally_majority,neutral,1311,-1,0,0,0,aPaQaQrPaQrQ,B,nemo-12b,mistralai/mistral-nemo,io-net/fp16,0,1.0,Io Net,B,2.472e-06,0.1329642436335826,0.010891425983832748,0
comprehension,ally_majority,neutral,1311,-1,0,1,0,aQrPrQaQaPaQ,B,nemo-12b,mistralai/mistral-nemo,io-net/fp16,0,1.0,Io Net,B,2.216e-06,0.012431647948964135,0.0063218854186022355,0
comprehension,ally_majority,neutral,1311,1,0,0,0,aQrQaPaQaQrP,B,nemo-12b,mistralai/mistral-nemo,io-net/fp16,0,1.0,Io Net,B,2.216e-06,0.0534033354493853,0.007114232146532173,0
comprehension,ally_majority,neutral,1311,1,0,1,0,aQrQaPaQrPaQ,B,nemo-12b,mistralai/mistral-nemo,io-net/fp16,0,1.0,Io Net,B,2.216e-06,0.0758581847220642,0.012842149239954637,0
comprehension,ally_majority,neutral,1320,-1,0,0,0,aQrPaPaQaQrP,B,nemo-12b,mistralai/mistral-nemo,io-net/fp16,0,1.0,Io Net,B,2.216e-06,0.11920292202211756,0.005998983496756538,0
comprehension,ally_majority,neutral,1320,-1,0,1,0,rPaPrPaQaQaQ,B,nemo-12b,mistralai/mistral-nemo,io-net/fp16,0,1.0,Io Net,A,2.472e-06,0.1066905889749668,0.005324649645722657,0
comprehension,ally_majority,neutral,1320,1,0,0,0,aQaQaQaPrPrP,B,nemo-12b,mistralai/mistral-nemo,io-net/fp16,0,1.0,Io Net,B,2.216e-06,0.04208772401067612,0.003734844800924786,0
comprehension,ally_majority,neutral,1320,1,0,1,0,rPaQaQrPaPaQ,B,nemo-12b,mistralai/mistral-nemo,io-net/fp16,0,1.0,Io Net,B,2.216e-06,0.06008665396103505,0.008686824421345052,0
comprehension,ally_majority,neutral,1400,-1,0,0,0,aQaPaQaQaQ,B,nemo-12b,mistralai/mistral-nemo,io-net/fp16,0,1.0,Io Net,B,2.334e-06,0.006692850980008223,0.002783190449448969,0
comprehension,ally_majority,neutral,1400,-1,0,1,0,aQaQaQaQaP,B,nemo-12b,mistralai/mistral-nemo,io-net/fp16,0,1.0,Io Net,B,2.206e-06,0.0059110692885769025,0.003622611216407612,0
comprehension,ally_majority,neutral,1400,1,0,0,0,aPaQaQaQaQ,B,nemo-12b,mistralai/mistral-nemo,io-net/fp16,0,1.0,Io Net,B,2.206e-06,0.06754669442450784,0.003969523733980629,0
comprehension,ally_majority,neutral,1400,1,0,1,0,aQaQaPaQaQ,B,nemo-12b,mistralai/mistral-nemo,io-net/fp16,0,1.0,Io Net,B,2.334e-06,0.02595735427794891,0.006775096411908876,0
comprehension,ally_majority,neutral,1401,-1,0,0,0,aQrQaPaQaQaQ,B,nemo-12b,mistralai/mistral-nemo,io-net/fp16,0,1.0,Io Net,B,2.216e-06,0.022977367568369753,0.007048688224205235,0
comprehension,ally_majority,neutral,1401,-1,0,1,0,aQaQaPaQrQaQ,B,nemo-12b,mistralai/mistral-nemo,io-net/fp16,0,1.0,Io Net,B,2.472e-06,0.014063624615494305,0.007405720518734782,0
comprehension,ally_majority,neutral,1401,1,0,0,0,aPrQaQaQaQaQ,B,nemo-12b,mistralai/mistral-nemo,io-net/fp16,0,1.0,Io Net,B,2.216e-06,0.07585817323116976,0.0032809904420697533,0
comprehension,ally_majority,neutral,1401,1,0,1,0,aQaQaQrQaQaP,B,nemo-12b,mistralai/mistral-nemo,io-net/fp16,0,1.0,Io Net,B,2.216e-06,0.017986212133449052,0.005011402668106513,0
comprehension,ally_majority,neutral,1410,-1,0,0,0,aQaQrPaQaPaQ,B,nemo-12b,mistralai/mistral-nemo,io-net/fp16,0,1.0,Io Net,B,2.344e-06,0.015906394160976806,0.0045353966888501684,0
comprehension,ally_majority,neutral,1410,-1,0,1,0,aQaQaPaQrPaQ,B,nemo-12b,mistralai/mistral-nemo,io-net/fp16,0,1.0,Io Net,B,2.216e-06,0.009708477403730131,0.005407712969734191,0
comprehension,ally_majority,neutral,1410,1,0,0,0,aQaQaPrPaQaQ,B,nemo-12b,mistralai/mistral-nemo,io-net/fp16,0,1.0,Io Net,B,2.216e-06,0.029312232659280305,0.005368546204595259,0
comprehension,ally_majority,neutral,1410,1,0,1,0,rPaQaQaQaPaQ,B,nemo-12b,mistralai/mistral-nemo,io-net/fp16,0,1.0,Io Net,B,2.216e-06,0.01798620624446493,0.0061931722346439955,0
comprehension,ally_majority,neutral,1500,-1,0,0,0,aQaQaQaPaQaQ,B,nemo-12b,mistralai/mistral-nemo,io-net/fp16,0,1.0,Io Net,B,2.472e-06,0.0075772425494802535,0.0017518981093747055,0
comprehension,ally_majority,neutral,1500,-1,0,1,0,aQaPaQaQaQaQ,B,nemo-12b,mistralai/mistral-nemo,io-net/fp16,0,1.0,Io Net,B,2.344e-06,0.004609572969918078,0.0037694457362613676,0
comprehension,ally_majority,neutral,1500,1,0,0,0,aQaQaQaQaQaP,B,nemo-12b,mistralai/mistral-nemo,io-net/fp16,0,1.0,Io Net,B,2.216e-06,0.04742587452393618,0.0052117902953217055,0
comprehension,ally_majority,neutral,1500,1,0,1,0,aQaPaQaQaQaQ,B,nemo-12b,mistralai/mistral-nemo,io-net/fp16,0,1.0,Io Net,B,2.344e-06,0.01590639142024782,0.005409191895875076,0
comprehension,ally_majority,neutral,2000,-1,0,0,0,aPaP,A,nemo-12b,mistralai/mistral-nemo,io-net/fp16,0,1.0,Io Net,A,1.92e-06,0.9859363718461873,0.004409216826190478,0
comprehension,ally_majority,neutral,2000,-1,0,1,0,aPaP,A,nemo-12b,mistralai/mistral-nemo,io-net/fp16,0,1.0,Io Net,A,2.048e-06,0.952574127663914,0.006866566508738452,0
comprehension,ally_majority,neutral,2000,1,0,0,0,aPaP,A,nemo-12b,mistralai/mistral-nemo,io-net/fp16,0,1.0,Io Net,A,2.048e-06,0.9933071503202036,0.004770547744068317,0
comprehension,ally_majority,neutral,2000,1,0,1,0,aPaP,A,nemo-12b,mistralai/mistral-nemo,io-net/fp16,0,1.0,Io Net,A,1.92e-06,0.9875683513192635,0.009690785025228604,0
comprehension,ally_majority,neutral,2001,-1,0,0,0,rQaPaP,A,nemo-12b,mistralai/mistral-nemo,io-net/fp16,0,1.0,Io Net,A,2.058e-06,0.9890130566002895,0.006326295206179512,0
comprehension,ally_majority,neutral,2001,-1,0,1,0,rQaPaP,A,nemo-12b,mistralai/mistral-nemo,io-net/fp16,0,1.0,Io Net,A,2.058e-06,0.9740426425196372,0.006788953441175343,0
comprehension,ally_majority,neutral,2001,1,0,0,0,aPrQaP,A,nemo-12b,mistralai/mistral-nemo,io-net/fp16,0,1.0,Io Net,A,2.058e-06,0.9890130582599638,0.008152937595375694,0
comprehension,ally_majority,neutral,2001,1,0,1,0,aPrQaP,A,nemo-12b,mistralai/mistral-nemo,io-net/fp16,0,1.0,Io Net,A,2.058e-06,0.9820137858267906,0.01579613992510015,0
comprehension,ally_majority,neutral,2002,-1,0,0,0,rQaPrQaP,A,nemo-12b,mistralai/mistral-nemo,io-net/fp16,0,1.0,Io Net,A,2.068e-06,0.9669140179168128,0.008008468118097335,0
comprehension,ally_majority,neutral,2002,-1,0,1,0,aPrQrQaP,A,nemo-12b,mistralai/mistral-nemo,io-net/fp16,0,1.0,Io Net,A,2.068e-06,0.9840936054308295,0.00965675716240396,0
comprehension,ally_majority,neutral,2002,1,0,0,0,aPaPrQrQ,A,nemo-12b,mistralai/mistral-nemo,io-net/fp16,0,1.0,Io Net,A,2.068e-06,0.9914225127330347,0.005041043676776132,0
comprehension,ally_majority,neutral,2002,1,0,1,0,aPrQrQaP,A,nemo-12b,mistralai/mistral-nemo,io-net/fp16,0,1.0,Io Net,A,2.068e-06,0.96267311131724,0.010109256441822805,0
comprehension,ally_majority,neutral,2003,-1,0,0,0,aPrQrQrQaP,A,nemo-12b,mistralai/mistral-nemo,io-net/fp16,0,1.0,Io Net,A,2.334e-06,0.9820137913867819,0.006355358217833985,0
comprehension,ally_majority,neutral,2003,-1,0,1,0,rQrQaPaPrQ,A,nemo-12b,mistralai/mistral-nemo,io-net/fp16,0,1.0,Io Net,A,2.206e-06,0.9399133531922388,0.0066072702403355485,0
comprehension,ally_majority,neutral,2003,1,0,0,0,aPrQrQaPrQ,A,nemo-12b,mistralai/mistral-nemo,io-net/fp16,0,1.0,Io Net,A,2.206e-06,0.9626731135929119,0.005316099868524819,0
comprehension,ally_majority,neutral,2003,1,0,1,0,aPrQrQaPrQ,A,nemo-12b,mistralai/mistral-nemo,io-net/fp16,0,1.0,Io Net,A,2.206e-06,0.904650530602188,0.006192368811579668,0
comprehension,ally_majority,neutral,2004,-1,0,0,0,aPrQaPrQrQrQ,A,nemo-12b,mistralai/mistral-nemo,io-net/fp16,0,1.0,Io Net,A,2.472e-06,0.9740426418603166,0.00743215581923589,0
comprehension,ally_majority,neutral,2004,-1,0,1,0,rQrQaPrQaPrQ,A,nemo-12b,mistralai/mistral-nemo,io-net/fp16,0,1.0,Io Net,A,2.216e-06,0.9399133489844308,0.007396661504702841,0
comprehension,ally_majority,neutral,2004,1,0,0,0,rQaPrQaPrQrQ,A,nemo-12b,mistralai/mistral-nemo,io-net/fp16,0,1.0,Io Net,A,2.344e-06,0.9324533149608595,0.01094787911479704,0
comprehension,ally_majority,neutral,2004,1,0,1,0,rQrQaPaPrQrQ,A,nemo-12b,mistralai/mistral-nemo,io-net/fp16,0,1.0,Io Net,A,2.216e-06,0.8933094096048377,0.008764713774793209,0
comprehension,ally_majority,neutral,2010,-1,0,0,0,aPaPrP,A,nemo-12b,mistralai/mistral-nemo,io-net/fp16,0,1.0,Io Net,A,2.186e-06,0.9859363697025343,0.012933085650376739,0
comprehension,ally_majority,neutral,2010,-1,0,1,0,rPaPaP,A,nemo-12b,mistralai/mistral-nemo,io-net/fp16,0,1.0,Io Net,B,2.058e-06,0.880797071719777,0.006539695884231464,0
comprehension,ally_majority,neutral,2010,1,0,0,0,rPaPaP,A,nemo-12b,mistralai/mistral-nemo,io-net/fp16,0,1.0,Io Net,A,2.058e-06,0.9241418126663686,0.007686692906614001,0
comprehension,ally_majority,neutral,2010,1,0,1,0,rPaPaP,A,nemo-12b,mistralai/mistral-nemo,io-net/fp16,0,1.0,Io Net,A,2.058e-06,0.9399133498259924,0.007187422463409386,0
comprehension,ally_majority,neutral,2011,-1,0,0,0,aPrPaPrQ,A,nemo-12b,mistralai/mistral-nemo,io-net/fp16,0,1.0,Io Net,A,2.068e-06,0.9875683491010784,0.009519532428908791,0
comprehension,ally_majority,neutral,2011,-1,0,1,0,aPaPrPrQ,A,nemo-12b,mistralai/mistral-nemo,io-net/fp16,0,1.0,Io Net,A,2.196e-06,0.9706877694606353,0.008215746068303435,0
comprehension,ally_majority,neutral,2011,1,0,0,0,aPaPrQrP,A,nemo-12b,mistralai/mistral-nemo,io-net/fp16,0,1.0,Io Net,A,2.196e-06,0.9914225163207427,0.00641411277038135,0
comprehension,ally_majority,neutral,2011,1,0,1,0,aPrPrQaP,A,nemo-12b,mistralai/mistral-nemo,io-net/fp16,0,1.0,Io Net,A,2.068e-06,0.9399133456181841,0.017352231459602546,0
comprehension,ally_majority,neutral,2012,-1,0,0,0,aPrPrQrQaP,A,nemo-12b,mistralai/mistral-nemo,io-net/fp16,0,1.0,Io Net,A,2.206e-06,0.9669140251866016,0.012062933551113805,0
comprehension,ally_majority,neutral,2012,-1,0,1,0,rPrQaPaPrQ,A,nemo-12b,mistralai/mistral-nemo,io-net/fp16,0,1.0,Io Net,B,2.206e-06,0.966914020538704,0.007450780592021679,0
comprehension,ally_majority,neutral,2012,1,0,0,0,rPrQaPrQaP,A,nemo-12b,mistralai/mistral-nemo,io-net/fp16,0,1.0,Io Net,A,2.206e-06,0.9241418163225626,0.011231453420154622,0
comprehension,ally_majority,neutral,2012,1,0,1,0,aPrQrPaPrQ,A,nemo-12b,mistralai/mistral-nemo,io-net/fp16,0,1.0,Io Net,A,2.206e-06,0.9465966732132748,0.009527123406798593,0
comprehension,ally_majority,neutral,2013,-1,0,0,0,rPrQrQaPaPrQ,A,nemo-12b,mistralai/mistral-nemo,io-net/fp16,0,1.0,Io Net,A,2.472e-06,0.9465966668104392,0.010370400547615545,0
comprehension,ally_majority,neutral,2013,-1,0,1,0,aPrPrQrQaPrQ,A,nemo-12b,mistralai/mistral-nemo,io-net/fp16,0,1.0,Io Net,A,2.216e-06,0.9626731083722525,0.012071448651737711,0
comprehension,ally_majority,neutral,2013,1,0,0,0,rPaPrQaPrQrQ,A,nemo-12b,mistralai/mistral-nemo,io-net/fp16,0,1.0,Io Net,A,2.216e-06,0.7772998611746911,0.010228498001503994,0
comprehension,ally_majority,neutral,2013,1,0,1,0,rQrQaPaPrQrP,A,nemo-12b,mistralai/mistral-nemo,io-net/fp16,0,1.0,Io Net,A,2.344e-06,0.8670357683915538,0.009029659538696833,0
comprehension,ally_majority,neutral,2020,-1,0,0,0,rPaPaPrP,A,nemo-12b,mistralai/mistral-nemo,io-net/fp16,0,1.0,Io Net,A,2.068e-06,0.939913343093499,0.006616437201920247,0
comprehension,ally_majority,neutral,2020,-1,0,1,0,aPrPrPaP,A,nemo-12b,mistralai/mistral-nemo,io-net/fp16,0,1.0,Io Net,A,2.196e-06,0.9706877671287282,0.0077404269221083045,0
comprehension,ally_majority,neutral,2020,1,0,0,0,rPrPaPaP,A,nemo-12b,mistralai/mistral-nemo,io-net/fp16,0,1.0,Io Net,A,2.196e-06,0.880797076413356,0.007543906435965392,0
comprehension,ally_majority,neutral,2020,1,0,1,0,aPrPrPaP,A,nemo-12b,mistralai/mistral-nemo,io-net/fp16,0,1.0,Io Net,A,2.196e-06,0.9626731143960903,0.011543066120671755,0
comprehension,ally_majority,neutral,2021,-1,0,0,0,rPaPrPaPrQ,A,nemo-12b,mistralai/mistral-nemo,io-net/fp16,0,1.0,Io Net,B,2.206e-06,0.9241418252018901,0.006919931017858691,0
comprehension,ally_majority,neutral,2021,-1,0,1,0,rPaPrQaPrP,A,nemo-12b,mistralai/mistral-nemo,io-net/fp16,0,1.0,Io Net,A,2.334e-06,0.9669140242331868,0.006914293656127633,0
comprehension,ally_majority,neutral,2021,1,0,0,0,rPrQaPrPaP,A,nemo-12b,mistralai/mistral-nemo,io-net/fp16,0,1.0,Io Net,A,2.334e-06,0.9525741291785796,0.009358605998215107,0
comprehension,ally_majority,neutral,2021,1,0,1,0,rPaPrPrQaP,A,nemo-12b,mistralai/mistral-nemo,io-net/fp16,0,1.0,Io Net,A,2.334e-06,0.9241418152779357,0.009921531491055943,0
comprehension,ally_majority,neutral,2022,-1,0,0,0,rQrQrPaPrPaP,A,nemo-12b,mistralai/mistral-nemo,io-net/fp16,0,1.0,Io Net,A,2.216e-06,0.9324533097989076,0.009431724822144827,0
comprehension,ally_majority,neutral,2022,-1,0,1,0,aPrQrPaPrQrP,A,nemo-12b,mistralai/mistral-nemo,io-net/fp16,0,1.0,Io Net,A,2.472e-06,0.9626731103801985,0.009078804910877106,0
comprehension,ally_majority,neutral,2022,1,0,0,0,rQrPaPrQaPrP,A,nemo-12b,mistralai/mistral-nemo,io-net/fp16,0,1.0,Io Net,A,2.472e-06,0.9626731097108832,0.010263400487836034,0
comprehension,ally_majority,neutral,2022,1,0,1,0,aPrPrPaPrQrQ,A,nemo-12b,mistralai/mistral-nemo,io-net/fp16,0,1.0,Io Net,A,2.216e-06,0.8519528019683105,0.013992954605748342,0
comprehension,ally_majority,neutral,2030,-1,0,0,0,rPaPaPrPrP,A,nemo-12b,mistralai/mistral-nemo,io-net/fp16,0,1.0,Io Net,A,2.206e-06,0.9399133527714579,0.005234296133264142,0
comprehension,ally_majority,neutral,2030,-1,0,1,0,rPrPaPaPrP,A,nemo-12b,mistralai/mistral-nemo,io-net/fp16,0,1.0,Io Net,A,2.206e-06,0.8807970779778824,0.007096817609959366,0
comprehension,ally_majority,neutral,2030,1,0,0,0,rPaPaPrPrP,A,nemo-12b,mistralai/mistral-nemo,io-net/fp16,0,1.0,Io Net,A,2.206e-06,0.8175744761936437,0.00813364647884382,0
comprehension,ally_majority,neutral,2030,1,0,1,0,aPrPrPrPaP,A,nemo-12b,mistralai/mistral-nemo,io-net/fp16,0,1.0,Io Net,A,2.334e-06,0.9626731090415678,0.006681273927356651,0
comprehension,ally_majority,neutral,2031,-1,0,0,0,aPaPrPrPrPrQ,A,nemo-12b,mistralai/mistral-nemo,io-net/fp16,0,1.0,Io Net,A,2.216e-06,0.9796676469912587,0.007814696041531014,0
comprehension,ally_majority,neutral,2031,-1,0,1,0,rQaPrPrPaPrP,A,nemo-12b,mistralai/mistral-nemo,io-net/fp16,0,1.0,Io Net,A,2.472e-06,0.952574129683468,0.005472324334168263,0
comprehension,ally_majority,neutral,2031,1,0,0,0,rPrPaPrQaPrP,A,nemo-12b,mistralai/mistral-nemo,io-net/fp16,0,1.0,Io Net,A,2.472e-06,0.904650538956921,0.007820398308569343,0
comprehension,ally_majority,neutral,2031,1,0,1,0,rPaPrPrPaPrQ,A,nemo-12b,mistralai/mistral-nemo,io-net/fp16,0,1.0,Io Net,A,2.216e-06,0.7310585727705127,0.013854513668564772,0
comprehension,ally_majority,neutral,2040,-1,0,0,0,rPaPrPaPrPrP,A,nemo-12b,mistralai/mistral-nemo,io-net/fp16,0,1.0,Io Net,A,2.216e-06,0.9046505338155469,0.00509089188783321,0
comprehension,ally_majority,neutral,2040,-1,0,1,0,aPaPrPrPrPrP,A,nemo-12b,mistralai/mistral-nemo,io-net/fp16,0,1.0,Io Net,A,2.472e-06,0.904650538956921,0.004869027003834445,0
comprehension,ally_majority,neutral,2040,1,0,0,0,rPaPrPrPrPaP,A,nemo-12b,mistralai/mistral-nemo,io-net/fp16,0,1.0,Io Net,A,2.472e-06,0.7057850278370112,0.0055920302805165245,0
comprehension,ally_majority,neutral,2040,1,0,1,0,aPrPrPaPrPrP,A,nemo-12b,mistralai/mistral-nemo,io-net/fp16,0,1.0,Io Net,A,2.472e-06,0.8670357683915538,0.01133505375587246,0
comprehension,ally_majority,neutral,2100,-1,0,0,0,aQaPaP,A,nemo-12b,mistralai/mistral-nemo,io-net/fp16,0,1.0,Io Net,A,2.058e-06,0.7057850340255386,0.010277950013157289,0
comprehension,ally_majority,neutral,2100,-1,0,1,0,aQaPaP,A,nemo-12b,mistralai/mistral-nemo,io-net/fp16,0,1.0,Io Net,A,2.058e-06,0.7310585727705127,0.009695510950791242,0
comprehension,ally_majority,neutral,2100,1,0,0,0,aPaQaP,A,nemo-12b,mistralai/mistral-nemo,io-net/fp16,0,1.0,Io Net,B,2.058e-06,0.7981867801399695,0.013050307895134367,0
comprehension,ally_majority,neutral,2100,1,0,1,0,aPaQaP,A,nemo-12b,mistralai/mistral-nemo,io-net/fp16,0,1.0,Io Net,A,2.058e-06,0.8519528019683106,0.019310117393914056,0
comprehension,ally_majority,neutral,2101,-1,0,0,0,aPrQaPaQ,A,nemo-12b,mistralai/mistral-nemo,io-net/fp16,0,1.0,Io Net,A,2.068e-06,0.8807970873650401,0.022120580198801268,0
comprehension,ally_majority,neutral,2101,-1,0,1,0,aPrQaPaQ,A,nemo-12b,mistralai/mistral-nemo,io-net/fp16,0,1.0,Io Net,A,2.196e-06,0.9399133494052115,0.013351421939098412,0
comprehension,ally_majority,neutral,2101,1,0,0,0,aQrQaPaP,A,nemo-12b,mistralai/mistral-nemo,io-net/fp16,0,1.0,Io Net,A,2.068e-06,0.651354857898194,0.017330261333056984,0
comprehension,ally_majority,neutral,2101,1,0,1,0,aPaQaPrQ,A,nemo-12b,mistralai/mistral-nemo,io-net/fp16,0,1.0,Io Net,B,2.196e-06,0.7057850154599562,0.014218013645916683,0
comprehension,ally_majority,neutral,2102,-1,0,0,0,aPrQaQaPrQ,A,nemo-12b,mistralai/mistral-nemo,io-net/fp16,0,1.0,Io Net,B,2.206e-06,0.7549149923816048,0.011389644173971786,0
comprehension,ally_majority,neutral,2102,-1,0,1,0,aPaQrQrQaP,A,nemo-12b,mistralai/mistral-nemo,io-net/fp16,0,1.0,Io Net,B,2.206e-06,0.9241418189341297,0.008134840025636567,0
comprehension,ally_majority,neutral,2102,1,0,0,0,rQrQaQaPaP,A,nemo-12b,mistralai/mistral-nemo,io-net/fp16,0,1.0,Io Net,B,2.334e-06,0.6224593312018545,0.011355759950642919,0
comprehension,ally_majority,neutral,2102,1,0,1,0,rQaPaPaQrQ,A,nemo-12b,mistralai/mistral-nemo,io-net/fp16,0,1.0,Io Net,A,2.334e-06,0.9241418199787564,0.00873837376874731,0
comprehension,ally_majority,neutral,2103,-1,0,0,0,aPaQrQrQrQaP,A,nemo-12b,mistralai/mistral-nemo,io-net/fp16,0,1.0,Io Net,A,2.216e-06,0.7549149813536518,0.008352595296280851,0
comprehension,ally_majority,neutral,2103,-1,0,1,0,aPaPrQaQrQrQ,A,nemo-12b,mistralai/mistral-nemo,io-net/fp16,0,1.0,Io Net,A,2.472e-06,0.9399133557169235,0.006347140522864045,0
comprehension,ally_majority,neutral,2103,1,0,0,0,aPrQaQrQrQaP,A,nemo-12b,mistralai/mistral-nemo,io-net/fp16,0,1.0,Io Net,A,2.216e-06,0.6791786861878392,0.005854463632850582,0
comprehension,ally_majority,neutral,2103,1,0,1,0,rQrQaPaPrQaQ,A,nemo-12b,mistralai/mistral-nemo,io-net/fp16,0,1.0,Io Net,B,2.472e-06,0.5926665999540697,0.006830207623544526,0
comprehension,ally_majority,neutral,2110,-1,0,0,0,aPaPrPaQ,A,nemo-12b,mistralai/mistral-nemo,io-net/fp16,0,1.0,Io Net,A,2.196e-06,0.9399133548753619,0.00919186085537832,0
comprehension,ally_majority,neutral,2110,-1,0,1,0,aPaQrPaP,A,nemo-12b,mistralai/mistral-nemo,io-net/fp16,0,1.0,Io Net,A,2.196e-06,0.9525741285053949,0.009003094376936159,0
comprehension,ally_majority,neutral,2110,1,0,0,0,aPaQrPaP,A,nemo-12b,mistralai/mistral-nemo,io-net/fp16,0,1.0,Io Net,B,2.068e-06,0.7310585727705126,0.009761500655525446,0
comprehension,ally_majority,neutral,2110,1,0,1,0,aPrPaQaP,A,nemo-12b,mistralai/mistral-nemo,io-net/fp16,0,1.0,Io Net,A,2.196e-06,0.9399133443558416,0.027264041262334518,0
comprehension,ally_majority,neutral,2111,-1,0,0,0,aPrPaPrQaQ,A,nemo-12b,mistralai/mistral-nemo,io-net/fp16,0,1.0,Io Net,A,2.334e-06,0.8519528000888387,0.011894154176499083,0
comprehension,ally_majority,neutral,2111,-1,0,1,0,aPaQrPrQaP,A,nemo-12b,mistralai/mistral-nemo,io-net/fp16,0,1.0,Io Net,A,2.334e-06,0.9241418252018903,0.011515835915132111,0
comprehension,ally_majority,neutral,2111,1,0,0,0,aPrPaQrQaP,A,nemo-12b,mistralai/mistral-nemo,io-net/fp16,0,1.0,Io Net,A,2.206e-06,0.7981867705385762,0.013860419989386585,0
comprehension,ally_majority,neutral,2111,1,0,1,0,aPaPrPrQaQ,A,nemo-12b,mistralai/mistral-nemo,io-net/fp16,0,1.0,Io Net,A,2.206e-06,0.7981867825403177,0.008367669935150673,0
comprehension,ally_majority,neutral,2112,-1,0,0,0,aPaPrQrPrQaQ,A,nemo-12b,mistralai/mistral-nemo,io-net/fp16,0,1.0,Io Net,A,2.472e-06,0.679178692681616,0.008093797477180253,0
comprehension,ally_majority,neutral,2112,-1,0,1,0,rQaPaQrQaPrP,A,nemo-12b,mistralai/mistral-nemo,io-net/fp16,0,1.0,Io Net,A,2.472e-06,0.7981867729389246,0.009985660721379325,0
comprehension,ally_majority,neutral,2112,1,0,0,0,aPrQaPaQrQrP,A,nemo-12b,mistralai/mistral-nemo,io-net/fp16,0,1.0,Io Net,A,2.216e-06,0.904650538956921,0.008645864926546495,0
comprehension,ally_majority,neutral,2112,1,0,1,0,rQaPrPrQaPaQ,A,nemo-12b,mistralai/mistral-nemo,io-net/fp16,0,1.0,Io Net,A,2.216e-06,0.8933094117351309,0.01014342243797653,0
comprehension,ally_majority,neutral,2120,-1,0,0,0,rPrPaPaPaQ,A,nemo-12b,mistralai/mistral-nemo,io-net/fp16,0,1.0,Io Net,A,2.206e-06,0.651354857898194,0.006018007824062976,0
comprehension,ally_majority,neutral,2120,-1,0,1,0,rPaQaPaPrP,A,nemo-12b,mistralai/mistral-nemo,io-net/fp16,0,1.0,Io Net,A,2.206e-06,0.7310585844894971,0.005499600519773329,0
comprehension,ally_majority,neutral,2120,1,0,0,0,aQrPrPaPaP,A,nemo-12b,mistralai/mistral-nemo,io-net/fp16,0,1.0,Io Net,A,2.206e-06,0.6224593241981982,0.009446326377197667,0
comprehension,ally_majority,neutral,2120,1,0,1,0,aPrPaPaQrP,A,nemo-12b,mistralai/mistral-nemo,io-net/fp16,0,1.0,Io Net,B,2.334e-06,0.7549149813536518,0.013056470439990864,0
comprehension,ally_majority,neutral,2121,-1,0,0,0,aPrPrPaQaPrQ,A,nemo-12b,mistralai/mistral-nemo,io-net/fp16,0,1.0,Io Net,A,2.216e-06,0.817574478416099,0.012767820677296565,0
comprehension,ally_majority,neutral,2121,-1,0,1,0,aPaQrQaPrPrP,A,nemo-12b,mistralai/mistral-nemo,io-net/fp16,0,1.0,Io Net,A,2.216e-06,0.7981867705385762,0.013832205906087414,0
comprehension,ally_majority,neutral,2121,1,0,0,0,aPrQaQaPrPrP,A,nemo-12b,mistralai/mistral-nemo,io-net/fp16,0,1.0,Io Net,A,2.472e-06,0.7310585903489891,0.01180847137104779,0
comprehension,ally_majority,neutral,2121,1,0,1,0,aPrPrQaQaPrP,A,nemo-12b,mistralai/mistral-nemo,io-net/fp16,0,1.0,Io Net,A,2.216e-06,0.6224593312018546,0.012104978464133387,0
comprehension,ally_majority,neutral,2130,-1,0,0,0,aQaPrPaPrPrP,A,nemo-12b,mistralai/mistral-nemo,io-net/fp16,0,1.0,Io Net,A,2.472e-06,0.7057850154599562,0.011191141513433589,0
comprehension,ally_majority,neutral,2130,-1,0,1,0,aPrPaPrPaQrP,A,nemo-12b,mistralai/mistral-nemo,io-net/fp16,0,1.0,Io Net,A,2.472e-06,0.9324533074525657,0.01213645607381797,0
comprehension,ally_majority,neutral,2130,1,0,0,0,aPrPaPaQrPrP,A,nemo-12b,mistralai/mistral-nemo,io-net/fp16,0,1.0,Io Net,B,2.216e-06,0.7772998611746912,0.01040629289680084,0
comprehension,ally_majority,neutral,2130,1,0,1,0,aQrPaPrPaPrP,A,nemo-12b,mistralai/mistral-nemo,io-net/fp16,0,1.0,Io Net,A,2.472e-06,0.5926665999540698,0.012666091127606638,0
comprehension,ally_majority,neutral,2300,-1,0,0,0,aQaPaQaPaQ,B,nemo-12b,mistralai/mistral-nemo,io-net/fp16,0,1.0,Io Net,B,2.206e-06,0.053403325091857114,0.007037812019133005,0
comprehension,ally_majority,neutral,2300,-1,0,1,0,aPaQaPaQaQ,B,nemo-12b,mistralai/mistral-nemo,io-net/fp16,0,1.0,Io Net,B,2.206e-06,0.34864514210180597,0.009607266599323094,0
comprehension,ally_majority,neutral,2300,1,0,0,0,aQaQaQaPaP,B,nemo-12b,mistralai/mistral-nemo,io-net/fp16,0,1.0,Io Net,B,2.334e-06,0.14804719803168948,0.005643643558571054,0
comprehension,ally_majority,neutral,2300,1,0,1,0,aQaQaPaPaQ,B,nemo-12b,mistralai/mistral-nemo,io-net/fp16,0,1.0,Io Net,B,2.334e-06,0.20181322466072713,0.014957650471242645,0
comprehension,ally_majority,neutral,2301,-1,0,0,0,aQaQaQrQaPaP,B,nemo-12b,mistralai/mistral-nemo,io-net/fp16,0,1.0,Io Net,B,2.216e-06,0.08509904790742691,0.0038998149237301494,0
comprehension,ally_majority,neutral,2301,-1,0,1,0,aQaPaQaPaQrQ,B,nemo-12b,mistralai/mistral-nemo,io-net/fp16,0,1.0,Io Net,A,2.472e-06,0.13296422989056966,0.006211011970669644,0
comprehension,ally_majority,neutral,2301,1,0,0,0,aQaQaPaPrQaQ,B,nemo-12b,mistralai/mistral-nemo,io-net/fp16,0,1.0,Io Net,B,2.344e-06,0.14804719051380197,0.009800962417552905,0
comprehension,ally_majority,neutral,2301,1,0,1,0,aQaPaQaPrQaQ,B,nemo-12b,mistralai/mistral-nemo,io-net/fp16,0,1.0,Io Net,B,2.472e-06,0.08509903746596331,0.009587871042221696,0
comprehension,ally_majority,neutral,2310,-1,0,0,0,rPaQaQaPaQaP,B,nemo-12b,mistralai/mistral-nemo,io-net/fp16,0,1.0,Io Net,B,2.472e-06,0.16451646494473965,0.007869328201902781,0
comprehension,ally_majority,neutral,2310,-1,0,1,0,aQaPrPaQaQaP,B,nemo-12b,mistralai/mistral-nemo,io-net/fp16,0,1.0,Io Net,B,2.472e-06,0.3775406687981454,0.008907406854269717,0
comprehension,ally_majority,neutral,2310,1,0,0,0,aQaQaPaQrPaP,B,nemo-12b,mistralai/mistral-nemo,io-net/fp16,0,1.0,Io Net,A,2.216e-06,0.07585818524437762,0.008275826172613132,0
comprehension,ally_majority,neutral,2310,1,0,1,0,aQrPaPaQaQaP,B,nemo-12b,mistralai/mistral-nemo,io-net/fp16,0,1.0,Io Net,A,2.216e-06,0.3486451285660856,0.016585026104648737,0
comprehension,ally_majority,neutral,2400,-1,0,0,0,aQaQaQaQaPaP,B,nemo-12b,mistralai/mistral-nemo,io-net/fp16,0,1.0,Io Net,B,2.472e-06,0.04208772626352764,0.0041462118850426055,0
comprehension,ally_majority,neutral,2400,-1,0,1,0,aQaPaPaQaQaQ,B,nemo-12b,mistralai/mistral-nemo,io-net/fp16,0,1.0,Io Net,B,2.216e-06,0.05340333356619822,0.004090919276617089,0
comprehension,ally_majority,neutral,2400,1,0,0,0,aPaQaQaQaQaP,B,nemo-12b,mistralai/mistral-nemo,io-net/fp16,0,1.0,Io Net,B,2.472e-06,0.2018132198600306,0.004669877716133253,0
comprehension,ally_majority,neutral,2400,1,0,1,0,aPaQaQaQaQaP,B,nemo-12b,mistralai/mistral-nemo,io-net/fp16,0,1.0,Io Net,B,2.344e-06,0.18242551713899044,0.007437052235658603,0
comprehension,ally_majority,neutral,3000,-1,0,0,0,aPaPaP,A,nemo-12b,mistralai/mistral-nemo,io-net/fp16,0,1.0,Io Net,A,2.058e-06,0.994088931515891,0.005439537157484296,0
comprehension,ally_majority,neutral,3000,-1,0,1,0,aPaPaP,A,nemo-12b,mistralai/mistral-nemo,io-net/fp16,0,1.0,Io Net,A,2.058e-06,0.9770226314280636,0.0034908285770778903,0
comprehension,ally_majority,neutral,3000,1,0,0,0,aPaPaP,A,nemo-12b,mistralai/mistral-nemo,io-net/fp16,0,1.0,Io Net,A,2.058e-06,0.9971990723825639,0.003875962248466789,0
comprehension,ally_majority,neutral,3000,1,0,1,0,aPaPaP,A,nemo-12b,mistralai/mistral-nemo,io-net/fp16,0,1.0,Io Net,A,2.058e-06,0.9964063970467524,0.003362384262600713,0
comprehension,ally_majority,neutral,3001,-1,0,0,0,aPaPrQaP,A,nemo-12b,mistralai/mistral-nemo,io-net/fp16,0,1.0,Io Net,A,2.196e-06,0.9971990736285676,0.005565520309605723,0
comprehension,ally_majority,neutral,3001,-1,0,1,0,aPaPrQaP,A,nemo-12b,mistralai/mistral-nemo,io-net/fp16,0,1.0,Io Net,A,2.196e-06,0.9875683516165461,0.0043108799242407205,0
comprehension,ally_majority,neutral,3001,1,0,0,0,aPrQaPaP,A,nemo-12b,mistralai/mistral-nemo,io-net/fp16,0,1.0,Io Net,A,2.196e-06,0.9986749777066418,0.004553499311444569,0
comprehension,ally_majority,neutral,3001,1,0,1,0,rQaPaPaP,A,nemo-12b,mistralai/mistral-nemo,io-net/fp16,0,1.0,Io Net,A,2.068e-06,0.9933071495896084,0.003962623448781322,0
comprehension,ally_majority,neutral,3002,-1,0,0,0,rQaPaPrQaP,A,nemo-12b,mistralai/mistral-nemo,io-net/fp16,0,1.0,Io Net,A,2.334e-06,0.9890130555275731,0.005239327635963529,0
comprehension,ally_majority,neutral,3002,-1,0,1,0,aPaPrQrQaP,A,nemo-12b,mistralai/mistral-nemo,io-net/fp16,0,1.0,Io Net,A,2.334e-06,0.9859363724143845,0.0046626526588791056,0
comprehension,ally_majority,neutral,3002,1,0,0,0,rQaPrQaPaP,A,nemo-12b,mistralai/mistral-nemo,io-net/fp16,0,1.0,Io Net,A,2.334e-06,0.9940889301477482,0.004048313610797151,0
comprehension,ally_majority,neutral,3002,1,0,1,0,aPrQaPaPrQ,A,nemo-12b,mistralai/mistral-nemo,io-net/fp16,0,1.0,Io Net,A,2.334e-06,0.9924227573944927,0.0032924852706131,0
comprehension,ally_majority,neutral,3003,-1,0,0,0,aPrQrQaPaPrQ,A,nemo-12b,mistralai/mistral-nemo,io-net/fp16,0,1.0,Io Net,A,2.472e-06,0.9669140236373025,0.006505799156796971,0
comprehension,ally_majority,neutral,3003,-1,0,1,0,aPrQrQaPaPrQ,A,nemo-12b,mistralai/mistral-nemo,io-net/fp16,0,1.0,Io Net,A,2.216e-06,0.9796676475848896,0.0062550154312555235,0
comprehension,ally_majority,neutral,3003,1,0,0,0,aPrQaPrQaPrQ,A,nemo-12b,mistralai/mistral-nemo,io-net/fp16,0,1.0,Io Net,A,2.216e-06,0.9933071476702479,0.002585559804489242,0
comprehension,ally_majority,neutral,3003,1,0,1,0,aPrQaPrQrQaP,A,nemo-12b,mistralai/mistral-nemo,io-net/fp16,0,1.0,Io Net,A,2.472e-06,0.9840936078508349,0.005231374884452487,0
comprehension,ally_majority,neutral,3010,-1,0,0,0,aPaPrPaP,A,nemo-12b,mistralai/mistral-nemo,io-net/fp16,0,1.0,Io Net,A,2.196e-06,0.9953904283718698,0.005164794504723094,0
comprehension,ally_majority,neutral,3010,-1,0,1,0,rPaPaPaP,A,nemo-12b,mistralai/mistral-nemo,io-net/fp16,0,1.0,Io Net,A,2.196e-06,0.9324533121452495,0.003814345443133818,0
comprehension,ally_majority,neutral,3010,1,0,0,0,aPaPrPaP,A,nemo-12b,mistralai/mistral-nemo,io-net/fp16,0,1.0,Io Net,A,2.068e-06,0.9940889317183762,0.0030279017581092546,0
comprehension,ally_majority,neutral,3010,1,0,1,0,aPaPaPrP,A,nemo-12b,mistralai/mistral-nemo,io-net/fp16,0,1.0,Io Net,A,2.196e-06,0.9875683509076416,0.0034231744660452087,0
comprehension,ally_majority,neutral,3011,-1,0,0,0,aPrPaPaPrQ,A,nemo-12b,mistralai/mistral-nemo,io-net/fp16,0,1.0,Io Net,A,2.206e-06,0.9947798747030134,0.005869628109004163,0
comprehension,ally_majority,neutral,3011,-1,0,1,0,aPaPaPrPrQ,A,nemo-12b,mistralai/mistral-nemo,io-net/fp16,0,1.0,Io Net,A,2.206e-06,0.9796676446538368,0.0035438622810700336,0
comprehension,ally_majority,neutral,3011,1,0,0,0,aPrPaPrQaP,A,nemo-12b,mistralai/mistral-nemo,io-net/fp16,0,1.0,Io Net,A,2.334e-06,0.9980732650913118,0.006064412006018056,0
comprehension,ally_majority,neutral,3011,1,0,1,0,aPaPrQaPrP,A,nemo-12b,mistralai/mistral-nemo,io-net/fp16,0,1.0,Io Net,A,2.206e-06,0.9840936083464986,0.004405645167062343,0
comprehension,ally_majority,neutral,3012,-1,0,0,0,rPaPrQaPaPrQ,A,nemo-12b,mistralai/mistral-nemo,io-net/fp16,0,1.0,Io Net,A,2.472e-06,0.9859363715879159,0.004993462006354898,0
comprehension,ally_majority,neutral,3012,-1,0,1,0,aPaPrQaPrPrQ,A,nemo-12b,mistralai/mistral-nemo,io-net/fp16,0,1.0,Io Net,A,2.216e-06,0.9706877659627745,0.004636276623583693,0
comprehension,ally_majority,neutral,3012,1,0,0,0,rQaPaPrQrPaP,A,nemo-12b,mistralai/mistral-nemo,io-net/fp16,0,1.0,Io Net,A,2.216e-06,0.9964063978604377,0.0036111500826556146,0
comprehension,ally_majority,neutral,3012,1,0,1,0,aPaPrQrQrPaP,A,nemo-12b,mistralai/mistral-nemo,io-net/fp16,0,1.0,Io Net,A,2.216e-06,0.966914019585289,0.007599172743191933,0
comprehension,ally_majority,neutral,3020,-1,0,0,0,aPaPrPrPaP,A,nemo-12b,mistralai/mistral-nemo,io-net/fp16,0,1.0,Io Net,A,2.206e-06,0.9975273769421412,0.0026453387622444847,0
comprehension,ally_majority,neutral,3020,-1,0,1,0,aPaPaPrPrP,A,nemo-12b,mistralai/mistral-nemo,io-net/fp16,0,1.0,Io Net,A,2.206e-06,0.9706877689306563,0.0037734058658445563,0
comprehension,ally_majority,neutral,3020,1,0,0,0,rPaPaPrPaP,A,nemo-12b,mistralai/mistral-nemo,io-net/fp16,0,1.0,Io Net,A,2.206e-06,0.9149009561531424,0.007014776972323333,0
comprehension,ally_majority,neutral,3020,1,0,1,0,rPaPrPaPaP,A,nemo-12b,mistralai/mistral-nemo,io-net/fp16,0,1.0,Io Net,A,2.206e-06,0.8519527944504227,0.0056806767553120585,0
comprehension,ally_majority,neutral,3021,-1,0,0,0,rQaPrPrPaPaP,A,nemo-12b,mistralai/mistral-nemo,io-net/fp16,0,1.0,Io Net,You,2.472e-06,0.9796676472880741,0.0058813253937385,0
comprehension,ally_majority,neutral,3021,-1,0,1,0,aPaPrQaPrPrP,A,nemo-12b,mistralai/mistral-nemo,io-net/fp16,0,1.0,Io Net,A,2.472e-06,0.962673116671762,0.004007506506077771,0
comprehension,ally_majority,neutral,3021,1,0,0,0,aPaPrPrPrQaP,A,nemo-12b,mistralai/mistral-nemo,io-net/fp16,0,1.0,Io Net,A,2.216e-06,0.9978172832220011,0.00238173999329638,0
comprehension,ally_majority,neutral,3021,1,0,1,0,aPrPaPaPrPrQ,A,nemo-12b,mistralai/mistral-nemo,io-net/fp16,0,1.0,Io Net,A,2.472e-06,0.9525741271590256,0.007104513941087923,0
comprehension,ally_majority,neutral,3030,-1,0,0,0,aPrPrPaPaPrP,A,nemo-12b,mistralai/mistral-nemo,io-net/fp16,0,1.0,Io Net,A,2.344e-06,0.957912271934191,0.004137944443611263,0
comprehension,ally_majority,neutral,3030,-1,0,1,0,rPaPaPaPrPrP,A,nemo-12b,mistralai/mistral-nemo,io-net/fp16,0,1.0,Io Net,A,2.472e-06,0.8807970670261976,0.004203453571257301,0
comprehension,ally_majority,neutral,3030,1,0,0,0,aPaPaPrPrPrP,A,nemo-12b,mistralai/mistral-nemo,io-net/fp16,0,1.0,Io Net,A,2.216e-06,0.9940889305636637,0.0018746011024012316,0
comprehension,ally_majority,neutral,3030,1,0,1,0,rPaPrPaPaPrP,A,nemo-12b,mistralai/mistral-nemo,io-net/fp16,0,1.0,Io Net,B,2.216e-06,0.7310585786300049,0.006154297155476385,0
comprehension,ally_majority,neutral,3100,-1,0,0,0,aPaQaPaP,A,nemo-12b,mistralai/mistral-nemo,io-net/fp16,0,1.0,Io Net,A,2.068e-06,0.966914024948248,0.008502202131387526,0
comprehension,ally_majority,neutral,3100,-1,0,1,0,aQaPaPaP,A,nemo-12b,mistralai/mistral-nemo,io-net/fp16,0,1.0,Io Net,A,2.196e-06,0.8175744695262775,0.004352401011286755,0
comprehension,ally_majority,neutral,3100,1,0,0,0,aPaPaPaQ,A,nemo-12b,mistralai/mistral-nemo,io-net/fp16,0,1.0,Io Net,A,2.068e-06,0.9740426457691455,0.0042494604340858645,0
comprehension,ally_majority,neutral,3100,1,0,1,0,aPaPaPaQ,A,nemo-12b,mistralai/mistral-nemo,io-net/fp16,0,1.0,Io Net,A,2.196e-06,0.984093606713724,0.00421013678021839,0
comprehension,ally_majority,neutral,3101,-1,0,0,0,rQaPaPaPaQ,A,nemo-12b,mistralai/mistral-nemo,io-net/fp16,0,1.0,Io Net,A,2.206e-06,0.9706877713685591,0.007377313812064735,0
comprehension,ally_majority,neutral,3101,-1,0,1,0,aQaPrQaPaP,A,nemo-12b,mistralai/mistral-nemo,io-net/fp16,0,1.0,Io Net,B,2.206e-06,0.8670357649558006,0.008650406078160311,0
comprehension,ally_majority,neutral,3101,1,0,0,0,aPrQaPaQaP,A,nemo-12b,mistralai/mistral-nemo,io-net/fp16,0,1.0,Io Net,A,2.334e-06,0.9796676459895064,0.008127421883679015,0
comprehension,ally_majority,neutral,3101,1,0,1,0,aPrQaPaQaP,A,nemo-12b,mistralai/mistral-nemo,io-net/fp16,0,1.0,Io Net,A,2.206e-06,0.962673116404036,0.010452454176260936,0
comprehension,ally_majority,neutral,3102,-1,0,0,0,aPrQaPaPrQaQ,A,nemo-12b,mistralai/mistral-nemo,io-net/fp16,0,1.0,Io Net,A,2.216e-06,0.9149009596336302,0.00701876103611114,0
comprehension,ally_majority,neutral,3102,-1,0,1,0,aQrQrQaPaPaP,A,nemo-12b,mistralai/mistral-nemo,io-net/fp16,0,1.0,Io Net,A,2.216e-06,0.8519527982093666,0.00568349627577866,0
comprehension,ally_majority,neutral,3102,1,0,0,0,aPaPaPaQrQrQ,A,nemo-12b,mistralai/mistral-nemo,io-net/fp16,0,1.0,Io Net,A,2.472e-06,0.9525741271590256,0.002581797630222718,0
comprehension,ally_majority,neutral,3102,1,0,1,0,aPaQrQrQaPaP,A,nemo-12b,mistralai/mistral-nemo,io-net/fp16,0,1.0,Io Net,B,2.472e-06,0.7310585727705126,0.01048426622873544,0
comprehension,ally_majority,neutral,3110,-1,0,0,0,aPaPaPaQrP,A,nemo-12b,mistralai/mistral-nemo,io-net/fp16,0,1.0,Io Net,A,2.206e-06,0.974042641766128,0.005491655951177878,0
comprehension,ally_majority,neutral,3110,-1,0,1,0,aPaQaPaPrP,A,nemo-12b,mistralai/mistral-nemo,io-net/fp16,0,1.0,Io Net,A,2.206e-06,0.9669140208962347,0.005054245672593376,0
comprehension,ally_majority,neutral,3110,1,0,0,0,aQaPrPaPaP,A,nemo-12b,mistralai/mistral-nemo,io-net/fp16,0,1.0,Io Net,B,2.206e-06,0.7772998663336158,0.005011890909803002,0
comprehension,ally_majority,neutral,3110,1,0,1,0,rPaPaPaPaQ,A,nemo-12b,mistralai/mistral-nemo,io-net/fp16,0,1.0,Io Net,A,2.206e-06,0.8519528076067262,0.006882961750443284,0
comprehension,ally_majority,neutral,3111,-1,0,0,0,aPaQrPrQaPaP,A,nemo-12b,mistralai/mistral-nemo,io-net/fp16,0,1.0,Io Net,A,2.216e-06,0.9149009491921662,0.011488720659594207,0
comprehension,ally_majority,neutral,3111,-1,0,1,0,aPaPaQaPrQrP,A,nemo-12b,mistralai/mistral-nemo,io-net/fp16,0,1.0,Io Net,A,2.472e-06,0.9465966692585822,0.0053779263534078844,0
comprehension,ally_majority,neutral,3111,1,0,0,0,aQaPaPrQaPrP,A,nemo-12b,mistralai/mistral-nemo,io-net/fp16,0,1.0,Io Net,A,2.472e-06,0.7981867705385762,0.008516782756420871,0
comprehension,ally_majority,neutral,3111,1,0,1,0,aPaPrQrPaPaQ,A,nemo-12b,mistralai/mistral-nemo,io-net/fp16,0,1.0,Io Net,A,2.216e-06,0.9626731168056251,0.007044054756614217,0
comprehension,ally_majority,neutral,3120,-1,0,0,0,aPrPaPrPaPaQ,A,nemo-12b,mistralai/mistral-nemo,io-net/fp16,0,1.0,Io Net,A,2.216e-06,0.9399133552961427,0.010026800837952515,0
comprehension,ally_majority,neutral,3120,-1,0,1,0,aQrPaPaPaPrP,A,nemo-12b,mistralai/mistral-nemo,io-net/fp16,0,1.0,Io Net,A,2.472e-06,0.7981867849406659,0.004141353751658333,0
comprehension,ally_majority,neutral,3120,1,0,0,0,aQaPrPaPaPrP,A,nemo-12b,mistralai/mistral-nemo,io-net/fp16,0,1.0,Io Net,A,2.216e-06,0.7057850402140659,0.007798224472542581,0
comprehension,ally_majority,neutral,3120,1,0,1,0,rPaPaPrPaPaQ,A,nemo-12b,mistralai/mistral-nemo,io-net/fp16,0,1.0,Io Net,A,2.472e-06,0.7772998560157665,0.006499047088471738,0
comprehension,ally_majority,neutral,3200,-1,0,0,0,aQaPaPaQaP,A,nemo-12b,mistralai/mistral-nemo,io-net/fp16,0,1.0,Io Net,A,2.334e-06,0.6791787056691697,0.011215689924693795,0
comprehension,ally_majority,neutral,3200,-1,0,1,0,aPaQaPaPaQ,A,nemo-12b,mistralai/mistral-nemo,io-net/fp16,0,1.0,Io Net,A,2.334e-06,0.9046505325302034,0.006547461625664663,0
comprehension,ally_majority,neutral,3200,1,0,0,0,aQaQaPaPaP,A,nemo-12b,mistralai/mistral-nemo,io-net/fp16,0,1.0,Io Net,A,2.206e-06,0.7549149978955811,0.011391507554852853,0
comprehension,ally_majority,neutral,3200,1,0,1,0,aPaQaPaQaP,A,nemo-12b,mistralai/mistral-nemo,io-net/fp16,0,1.0,Io Net,A,2.206e-06,0.8354835330070839,0.009509705390271461,0
comprehension,ally_majority,neutral,3201,-1,0,0,0,rQaQaQaPaPaP,A,nemo-12b,mistralai/mistral-nemo,io-net/fp16,0,1.0,Io Net,A,2.472e-06,0.9046505254608135,0.0062161163356509175,0
comprehension,ally_majority,neutral,3201,-1,0,1,0,aPaQaPaPaQrQ,A,nemo-12b,mistralai/mistral-nemo,io-net/fp16,0,1.0,Io Net,A,2.344e-06,0.9324533060447605,0.00839468780597065,0
comprehension,ally_majority,neutral,3201,1,0,0,0,aPaPaPaQaQrQ,A,nemo-12b,mistralai/mistral-nemo,io-net/fp16,0,1.0,Io Net,A,2.216e-06,0.9399133561377043,0.002897979357032482,0
comprehension,ally_majority,neutral,3201,1,0,1,0,aQaPaPrQaQaP,A,nemo-12b,mistralai/mistral-nemo,io-net/fp16,0,1.0,Io Net,B,2.216e-06,0.5312093733737563,0.010775345815703163,0
comprehension,ally_majority,neutral,3210,-1,0,0,0,rPaPaQaPaPaQ,A,nemo-12b,mistralai/mistral-nemo,io-net/fp16,0,1.0,Io Net,A,2.472e-06,0.7310585786300049,0.008598873985640854,0
comprehension,ally_majority,neutral,3210,-1,0,1,0,aQaQaPaPaPrP,A,nemo-12b,mistralai/mistral-nemo,io-net/fp16,0,1.0,Io Net,B,2.216e-06,0.5926665999540698,0.007068094013263415,0
comprehension,ally_majority,neutral,3210,1,0,0,0,rPaQaPaQaPaP,A,nemo-12b,mistralai/mistral-nemo,io-net/fp16,0,1.0,Io Net,B,2.216e-06,0.5,0.01152616420289837,0
comprehension,ally_majority,neutral,3210,1,0,1,0,aPaPaPrPaQaQ,A,nemo-12b,mistralai/mistral-nemo,io-net/fp16,0,1.0,Io Net,A,2.344e-06,0.9149009613738742,0.005491508033612369,0
comprehension,ally_majority,neutral,4000,-1,0,0,0,aPaPaPaP,A,nemo-12b,mistralai/mistral-nemo,io-net/fp16,0,1.0,Io Net,A,2.196e-06,0.9953904279915542,0.004737373464490356,0
comprehension,ally_majority,neutral,4000,-1,0,1,0,aPaPaPaP,A,nemo-12b,mistralai/mistral-nemo,io-net/fp16,0,1.0,Io Net,A,2.196e-06,0.9796676487721514,0.004817903092150008,0
comprehension,ally_majority,neutral,4000,1,0,0,0,aPaPaPaP,A,nemo-12b,mistralai/mistral-nemo,io-net/fp16,0,1.0,Io Net,A,2.068e-06,0.9980732651889188,0.002679855235793026,0
comprehension,ally_majority,neutral,4000,1,0,1,0,aPaPaPaP,A,nemo-12b,mistralai/mistral-nemo,io-net/fp16,0,1.0,Io Net,A,2.196e-06,0.997817283857897,0.002393341823773435,0
comprehension,ally_majority,neutral,4001,-1,0,0,0,aPrQaPaPaP,A,nemo-12b,mistralai/mistral-nemo,io-net/fp16,0,1.0,Io Net,A,2.206e-06,0.9978172836215912,0.005559878387042798,0
comprehension,ally_majority,neutral,4001,-1,0,1,0,aPrQaPaPaP,A,nemo-12b,mistralai/mistral-nemo,io-net/fp16,0,1.0,Io Net,A,2.206e-06,0.9940889311273384,0.003354067910975086,0
comprehension,ally_majority,neutral,4001,1,0,0,0,aPaPrQaPaP,A,nemo-12b,mistralai/mistral-nemo,io-net/fp16,0,1.0,Io Net,A,2.206e-06,0.9995121428319182,0.0018112137477748213,0
comprehension,ally_majority,neutral,4001,1,0,1,0,aPaPaPrQaP,A,nemo-12b,mistralai/mistral-nemo,io-net/fp16,0,1.0,Io Net,A,2.334e-06,0.9968273171781327,0.003849616778711799,0
comprehension,ally_majority,neutral,4002,-1,0,0,0,aPaPrQaPrQaP,A,nemo-12b,mistralai/mistral-nemo,io-net/fp16,0,1.0,Io Net,A,2.344e-06,0.9940889307004779,0.003153094026717094,0
comprehension,ally_majority,neutral,4002,-1,0,1,0,aPrQaPaPrQaP,A,nemo-12b,mistralai/mistral-nemo,io-net/fp16,0,1.0,Io Net,A,2.344e-06,0.9902915249422026,0.004553915232479722,0
comprehension,ally_majority,neutral,4002,1,0,0,0,aPrQaPaPaPrQ,A,nemo-12b,mistralai/mistral-nemo,io-net/fp16,0,1.0,Io Net,A,2.216e-06,0.9982992776652542,0.0021801968647217557,0
comprehension,ally_majority,neutral,4002,1,0,1,0,aPaPaPrQaPrQ,A,nemo-12b,mistralai/mistral-nemo,io-net/fp16,0,1.0,Io Net,A,2.216e-06,0.9940889302298368,0.0025930731123799374,0
comprehension,ally_majority,neutral,4010,-1,0,0,0,aPrPaPaPaP,A,nemo-12b,mistralai/mistral-nemo,io-net/fp16,0,1.0,Io Net,A,2.206e-06,0.9953904280727451,0.005134024250289549,0
comprehension,ally_majority,neutral,4010,-1,0,1,0,aPaPaPaPrP,A,nemo-12b,mistralai/mistral-nemo,io-net/fp16,0,1.0,Io Net,A,2.206e-06,0.9840936085797523,0.0029884842774061254,0
comprehension,ally_majority,neutral,4010,1,0,0,0,aPaPaPaPrP,A,nemo-12b,mistralai/mistral-nemo,io-net/fp16,0,1.0,Io Net,A,2.206e-06,0.9953904284167385,0.002900394559156129,0
comprehension,ally_majority,neutral,4010,1,0,1,0,aPaPaPrPaP,A,nemo-12b,mistralai/mistral-nemo,io-net/fp16,0,1.0,Io Net,A,2.206e-06,0.991422514237813,0.002992056516891606,0
comprehension,ally_majority,neutral,4011,-1,0,0,0,aPrPaPaPaPrQ,A,nemo-12b,mistralai/mistral-nemo,io-net/fp16,0,1.0,Io Net,A,2.344e-06,0.9940889311382837,0.005598459526720011,0
comprehension,ally_majority,neutral,4011,-1,0,1,0,aPaPaPrQrPaP,A,nemo-12b,mistralai/mistral-nemo,io-net/fp16,0,1.0,Io Net,A,2.472e-06,0.9859363718203603,0.004377410922960354,0
comprehension,ally_majority,neutral,4011,1,0,0,0,aPaPrPaPrQaP,A,nemo-12b,mistralai/mistral-nemo,io-net/fp16,0,1.0,Io Net,A,2.344e-06,0.9978172839349754,0.0024779768793890653,0
comprehension,ally_majority,neutral,4011,1,0,1,0,aPaPaPrQaPrP,A,nemo-12b,mistralai/mistral-nemo,io-net/fp16,0,1.0,Io Net,A,2.344e-06,0.9902915253361759,0.002631048042699329,0
comprehension,ally_majority,neutral,4020,-1,0,0,0,aPrPrPaPaPaP,A,nemo-12b,mistralai/mistral-nemo,io-net/fp16,0,1.0,Io Net,A,2.472e-06,0.9706877663867577,0.005367630019826635,0
comprehension,ally_majority,neutral,4020,-1,0,1,0,aPrPaPaPrPaP,A,nemo-12b,mistralai/mistral-nemo,io-net/fp16,0,1.0,Io Net,A,2.216e-06,0.9706877717925422,0.003821523780233725,0
comprehension,ally_majority,neutral,4020,1,0,0,0,rPaPaPrPaPaP,A,nemo-12b,mistralai/mistral-nemo,io-net/fp16,0,1.0,Io Net,B,2.344e-06,0.8807970826714614,0.006790643868456417,0
comprehension,ally_majority,neutral,4020,1,0,1,0,rPaPrPaPaPaP,A,nemo-12b,mistralai/mistral-nemo,io-net/fp16,0,1.0,Io Net,A,2.344e-06,0.8354835371034368,0.005178907863765209,0
comprehension,ally_majority,neutral,4100,-1,0,0,0,aPaPaPaPaQ,A,nemo-12b,mistralai/mistral-nemo,io-net/fp16,0,1.0,Io Net,A,2.206e-06,0.9579122690805789,0.005176709764287801,0
comprehension,ally_majority,neutral,4100,-1,0,1,0,aPaPaPaPaQ,A,nemo-12b,mistralai/mistral-nemo,io-net/fp16,0,1.0,Io Net,A,2.206e-06,0.9465966686936261,0.006030322143153959,0
comprehension,ally_majority,neutral,4100,1,0,0,0,aPaQaPaPaP,A,nemo-12b,mistralai/mistral-nemo,io-net/fp16,0,1.0,Io Net,A,2.206e-06,0.9770226310517259,0.004672610612060216,0
comprehension,ally_majority,neutral,4100,1,0,1,0,aPaPaQaPaP,A,nemo-12b,mistralai/mistral-nemo,io-net/fp16,0,1.0,Io Net,A,2.334e-06,0.9796676466202393,0.005266584627527396,0
comprehension,ally_majority,neutral,4101,-1,0,0,0,aPaPrQaPaQaP,A,nemo-12b,mistralai/mistral-nemo,io-net/fp16,0,1.0,Io Net,A,2.344e-06,0.9840936056057696,0.006231400932414685,0
comprehension,ally_majority,neutral,4101,-1,0,1,0,aQaPaPaPrQaP,A,nemo-12b,mistralai/mistral-nemo,io-net/fp16,0,1.0,Io Net,B,2.344e-06,0.9324533163686646,0.004903142267928734,0
comprehension,ally_majority,neutral,4101,1,0,0,0,aPaPrQaQaPaP,A,nemo-12b,mistralai/mistral-nemo,io-net/fp16,0,1.0,Io Net,A,2.216e-06,0.9947798750415504,0.0034437989890300095,0
comprehension,ally_majority,neutral,4101,1,0,1,0,aQaPaPaPrQaP,A,nemo-12b,mistralai/mistral-nemo,io-net/fp16,0,1.0,Io Net,A,2.344e-06,0.8933093954028816,0.008726087027982596,0
comprehension,ally_majority,neutral,4110,-1,0,0,0,aPaPaPaQaPrP,A,nemo-12b,mistralai/mistral-nemo,io-net/fp16,0,1.0,Io Net,A,2.344e-06,0.9796676466202393,0.004356886250717978,0
comprehension,ally_majority,neutral,4110,-1,0,1,0,rPaQaPaPaPaP,A,nemo-12b,mistralai/mistral-nemo,io-net/fp16,0,1.0,Io Net,A,2.216e-06,0.8933094096048377,0.004912412377679656,0
comprehension,ally_majority,neutral,4110,1,0,0,0,rPaPaPaQaPaP,A,nemo-12b,mistralai/mistral-nemo,io-net/fp16,0,1.0,Io Net,A,2.472e-06,0.962673109443157,0.005198339372886551,0
comprehension,ally_majority,neutral,4110,1,0,1,0,rPaPaPaQaPaP,A,nemo-12b,mistralai/mistral-nemo,io-net/fp16,0,1.0,Io Net,A,2.216e-06,0.9579122755387536,0.008096509829990828,0
comprehension,ally_majority,neutral,4200,-1,0,0,0,aQaPaPaPaQaP,A,nemo-12b,mistralai/mistral-nemo,io-net/fp16,0,1.0,Io Net,A,2.472e-06,0.9149009625340367,0.008913955409119767,0
comprehension,ally_majority,neutral,4200,-1,0,1,0,aQaPaPaPaQaP,A,nemo-12b,mistralai/mistral-nemo,io-net/fp16,0,1.0,Io Net,A,2.216e-06,0.8354835289107309,0.006529039505076051,0
comprehension,ally_majority,neutral,4200,1,0,0,0,aQaPaPaQaPaP,A,nemo-12b,mistralai/mistral-nemo,io-net/fp16,0,1.0,Io Net,A,2.216e-06,0.9149009625340366,0.010878438942978505,0
comprehension,ally_majority,neutral,4200,1,0,1,0,aQaPaPaPaPaQ,A,nemo-12b,mistralai/mistral-nemo,io-net/fp16,0,1.0,Io Net,A,2.216e-06,0.7981867873410141,0.010124724592917439,0
comprehension,ally_majority,neutral,5000,-1,0,0,0,aPaPaPaPaP,A,nemo-12b,mistralai/mistral-nemo,io-net/fp16,0,1.0,Io Net,A,2.206e-06,0.9914225152594783,0.0028074614278960647,0
comprehension,ally_majority,neutral,5000,-1,0,1,0,aPaPaPaPaP,A,nemo-12b,mistralai/mistral-nemo,io-net/fp16,0,1.0,Io Net,A,2.206e-06,0.9740426437440896,0.005324878372403405,0
comprehension,ally_majority,neutral,5000,1,0,0,0,aPaPaPaPaP,A,nemo-12b,mistralai/mistral-nemo,io-net/fp16,0,1.0,Io Net,A,2.206e-06,0.9978172833396469,0.0025462653585626707,0
comprehension,ally_majority,neutral,5000,1,0,1,0,aPaPaPaPaP,A,nemo-12b,mistralai/mistral-nemo,io-net/fp16,0,1.0,Io Net,A,2.206e-06,0.9953904277565276,0.0033996391923891032,0
comprehension,ally_majority,neutral,5001,-1,0,0,0,aPaPrQaPaPaP,A,nemo-12b,mistralai/mistral-nemo,io-net/fp16,0,1.0,Io Net,A,2.472e-06,0.9978172834887326,0.003058787108607106,0
comprehension,ally_majority,neutral,5001,-1,0,1,0,aPrQaPaPaPaP,A,nemo-12b,mistralai/mistral-nemo,io-net/fp16,0,1.0,Io Net,A,2.344e-06,0.9940889323531942,0.005316559638803971,0
comprehension,ally_majority,neutral,5001,1,0,0,0,rQaPaPaPaPaP,A,nemo-12b,mistralai/mistral-nemo,io-net/fp16,0,1.0,Io Net,A,2.472e-06,0.9980732652542886,0.0030811127094597067,0
comprehension,ally_majority,neutral,5001,1,0,1,0,aPaPaPaPaPrQ,A,nemo-12b,mistralai/mistral-nemo,io-net/fp16,0,1.0,Io Net,A,2.216e-06,0.9953904272779281,0.0033422398676756383,0
comprehension,ally_majority,neutral,5010,-1,0,0,0,aPaPaPrPaPaP,A,nemo-12b,mistralai/mistral-nemo,io-net/fp16,0,1.0,Io Net,A,2.472e-06,0.9971990736988015,0.0034735722323596964,0
comprehension,ally_majority,neutral,5010,-1,0,1,0,aPaPrPaPaPaP,A,nemo-12b,mistralai/mistral-nemo,io-net/fp16,0,1.0,Io Net,A,2.472e-06,0.9796676466202393,0.006021187860432736,0
comprehension,ally_majority,neutral,5010,1,0,0,0,aPaPaPrPaPaP,A,nemo-12b,mistralai/mistral-nemo,io-net/fp16,0,1.0,Io Net,A,2.216e-06,0.99752737679972,0.002883155732324864,0
comprehension,ally_majority,neutral,5010,1,0,1,0,aPaPaPaPaPrP,A,nemo-12b,mistralai/mistral-nemo,io-net/fp16,0,1.0,Io Net,A,2.216e-06,0.9914225134458244,0.003847520138918056,0
comprehension,ally_majority,neutral,5100,-1,0,0,0,aPaPaPaPaQaP,A,nemo-12b,mistralai/mistral-nemo,io-net/fp16,0,1.0,Io Net,A,2.344e-06,0.9820137917486748,0.00673478492046253,0
comprehension,ally_majority,neutral,5100,-1,0,1,0,aPaPaQaPaPaP,A,nemo-12b,mistralai/mistral-nemo,io-net/fp16,0,1.0,Io Net,A,2.216e-06,0.9820137861886836,0.007021120644360092,0
comprehension,ally_majority,neutral,5100,1,0,0,0,aQaPaPaPaPaP,A,nemo-12b,mistralai/mistral-nemo,io-net/fp16,0,1.0,Io Net,A,2.216e-06,0.9046505286741726,0.0054144402825543475,0
comprehension,ally_majority,neutral,5100,1,0,1,0,aPaQaPaPaPaP,A,nemo-12b,mistralai/mistral-nemo,io-net/fp16,0,1.0,Io Net,A,2.472e-06,0.9820137926040579,0.006571797049607718,0
comprehension,ally_majority,neutral,6000,-1,0,0,0,aPaPaPaPaPaP,A,nemo-12b,mistralai/mistral-nemo,io-net/fp16,0,1.0,Io Net,A,2.216e-06,0.9924227592713997,0.006081948158702154,0
comprehension,ally_majority,neutral,6000,-1,0,1,0,aPaPaPaPaPaP,A,nemo-12b,mistralai/mistral-nemo,io-net/fp16,0,1.0,Io Net,A,2.344e-06,0.979667648957661,0.003982115924472857,0
comprehension,ally_majority,neutral,6000,1,0,0,0,aPaPaPaPaPaP,A,nemo-12b,mistralai/mistral-nemo,io-net/fp16,0,1.0,Io Net,A,2.344e-06,0.9982992778210051,0.0026895546208025854,0
comprehension,ally_majority,neutral,6000,1,0,1,0,aPaPaPaPaPaP,A,nemo-12b,mistralai/mistral-nemo,io-net/fp16,0,1.0,Io Net,A,2.344e-06,0.9953904275086815,0.00386577071173738,0
comprehension,own,neutral,0001,-1,0,0,0,rQ,B,nemo-12b,mistralai/mistral-nemo,io-net/fp16,0,1.0,Io Net,B,1.841e-06,0.004070136851379351,0.001708209933808602,0
comprehension,own,neutral,0001,-1,0,1,0,rQ,B,nemo-12b,mistralai/mistral-nemo,io-net/fp16,0,1.0,Io Net,B,1.841e-06,0.006692851772518389,0.001220986734804863,0
comprehension,own,neutral,0001,1,0,0,0,rQ,A,nemo-12b,mistralai/mistral-nemo,io-net/fp16,0,1.0,Io Net,A,1.841e-06,0.9890130561145312,0.0012501712349853328,0
comprehension,own,neutral,0001,1,0,1,0,rQ,A,nemo-12b,mistralai/mistral-nemo,io-net/fp16,0,1.0,Io Net,A,1.841e-06,0.9953904275086815,0.0017645600442470818,0
comprehension,own,neutral,0002,-1,0,0,0,rQrQ,B,nemo-12b,mistralai/mistral-nemo,io-net/fp16,0,1.0,Io Net,B,1.979e-06,0.005554924786006124,0.002318091342916051,0
comprehension,own,neutral,0002,-1,0,1,0,rQrQ,B,nemo-12b,mistralai/mistral-nemo,io-net/fp16,0,1.0,Io Net,B,1.851e-06,0.004609571828971023,0.0015416257069413852,0
comprehension,own,neutral,0002,1,0,0,0,rQrQ,A,nemo-12b,mistralai/mistral-nemo,io-net/fp16,0,1.0,Io Net,A,1.979e-06,0.9859363717041381,0.0013229503262224204,0
comprehension,own,neutral,0002,1,0,1,0,rQrQ,A,nemo-12b,mistralai/mistral-nemo,io-net/fp16,0,1.0,Io Net,A,1.851e-06,0.9953904267437769,0.001293854949986321,0
comprehension,own,neutral,0003,-1,0,0,0,rQrQrQ,B,nemo-12b,mistralai/mistral-nemo,io-net/fp16,0,1.0,Io Net,B,1.989e-06,0.004609572585329152,0.0018535876380385563,0
comprehension,own,neutral,0003,-1,0,1,0,rQrQrQ,B,nemo-12b,mistralai/mistral-nemo,io-net/fp16,0,1.0,Io Net,B,1.989e-06,0.004609572809672688,0.0020268681749278095,0
comprehension,own,neutral,0003,1,0,0,0,rQrQrQ,A,nemo-12b,mistralai/mistral-nemo,io-net/fp16,0,1.0,Io Net,A,1.989e-06,0.970687768665667,0.0013775353037150384,0
comprehension,own,neutral,0003,1,0,1,0,rQrQrQ,A,nemo-12b,mistralai/mistral-nemo,io-net/fp16,0,1.0,Io Net,A,1.989e-06,0.9964063974219147,0.0019603055266416993,0
comprehension,own,neutral,0004,-1,0,0,0,rQrQrQrQ,B,nemo-12b,mistralai/mistral-nemo,io-net/fp16,0,1.0,Io Net,B,1.999e-06,0.009708475147336807,0.0024926935896639746,0
comprehension,own,neutral,0004,-1,0,1,0,rQrQrQrQ,B,nemo-12b,mistralai/mistral-nemo,io-net/fp16,0,1.0,Io Net,B,2.127e-06,0.009708477144065794,0.00176917503537255,0
comprehension,own,neutral,0004,1,0,0,0,rQrQrQrQ,A,nemo-12b,mistralai/mistral-nemo,io-net/fp16,0,1.0,Io Net,A,1.999e-06,0.9840936071219177,0.0017012801934356836,0
comprehension,own,neutral,0004,1,0,1,0,rQrQrQrQ,A,nemo-12b,mistralai/mistral-nemo,io-net/fp16,0,1.0,Io Net,A,2.127e-06,0.9947798737333469,0.0024285153257314097,0
comprehension,own,neutral,0005,-1,0,0,0,rQrQrQrQrQ,B,nemo-12b,mistralai/mistral-nemo,io-net/fp16,0,1.0,Io Net,B,2.137e-06,0.003593601814421662,0.0017601943649750984,0
comprehension,own,neutral,0005,-1,0,1,0,rQrQrQrQrQ,B,nemo-12b,mistralai/mistral-nemo,io-net/fp16,0,1.0,Io Net,B,2.137e-06,0.005911068952013786,0.001334653650305273,0
comprehension,own,neutral,0005,1,0,0,0,rQrQrQrQrQ,A,nemo-12b,mistralai/mistral-nemo,io-net/fp16,0,1.0,Io Net,A,2.137e-06,0.9820137920776683,0.0011588074602340466,0
comprehension,own,neutral,0005,1,0,1,0,rQrQrQrQrQ,A,nemo-12b,mistralai/mistral-nemo,io-net/fp16,0,1.0,Io Net,A,2.265e-06,0.9968273177981428,0.001860031526947403,0
comprehension,own,neutral,0006,-1,0,0,0,rQrQrQrQrQrQ,B,nemo-12b,mistralai/mistral-nemo,io-net/fp16,0,1.0,Io Net,B,2.275e-06,0.003824484522818247,0.0013088149318480902,0
comprehension,own,neutral,0006,-1,0,1,0,rQrQrQrQrQrQ,B,nemo-12b,mistralai/mistral-nemo,io-net/fp16,0,1.0,Io Net,B,2.275e-06,0.0035936032583797077,0.001548277947392207,0
comprehension,own,neutral,0006,1,0,0,0,rQrQrQrQrQrQ,A,nemo-12b,mistralai/mistral-nemo,io-net/fp16,0,1.0,Io Net,A,2.275e-06,0.9820137881626452,0.0009137082424905997,0
comprehension,own,neutral,0006,1,0,1,0,rQrQrQrQrQrQ,A,nemo-12b,mistralai/mistral-nemo,io-net/fp16,0,1.0,Io Net,A,2.275e-06,0.9968273168467733,0.0011904443730938329,0
comprehension,own,neutral,0010,-1,0,0,0,rP,B,nemo-12b,mistralai/mistral-nemo,io-net/fp16,0,1.0,Io Net,B,1.841e-06,0.0009110512831982233,0.0011112331982526813,0
comprehension,own,neutral,0010,-1,0,1,0,rP,B,nemo-12b,mistralai/mistral-nemo,io-net/fp16,0,1.0,Io Net,B,1.841e-06,0.0035936022179295104,0.000946494700090339,0
comprehension,own,neutral,0010,1,0,0,0,rP,A,nemo-12b,mistralai/mistral-nemo,io-net/fp16,0,1.0,Io Net,A,1.969e-06,0.9902915247899856,0.0013795374279242482,0
comprehension,own,neutral,0010,1,0,1,0,rP,A,nemo-12b,mistralai/mistral-nemo,io-net/fp16,0,1.0,Io Net,A,1.841e-06,0.9959298630504659,0.0018857746523287507,0
comprehension,own,neutral,0011,-1,0,0,0,rPrQ,B,nemo-12b,mistralai/mistral-nemo,io-net/fp16,0,1.0,Io Net,B,1.851e-06,0.002323162221508377,0.0017284864422810742,0
comprehension,own,neutral,0011,-1,0,1,0,rPrQ,B,nemo-12b,mistralai/mistral-nemo,io-net/fp16,0,1.0,Io Net,B,1.851e-06,0.006692851797284334,0.0011000143487566172,0
comprehension,own,neutral,0011,1,0,0,0,rQrP,A,nemo-12b,mistralai/mistral-nemo,io-net/fp16,0,1.0,Io Net,A,1.851e-06,0.9796676454329775,0.0013307472071277422,0
comprehension,own,neutral,0011,1,0,1,0,rQrP,A,nemo-12b,mistralai/mistral-nemo,io-net/fp16,0,1.0,Io Net,A,1.851e-06,0.9933071497505871,0.00238785441545259,0
comprehension,own,neutral,0012,-1,0,0,0,rPrQrQ,B,nemo-12b,mistralai/mistral-nemo,io-net/fp16,0,1.0,Io Net,B,1.989e-06,0.002800926375334361,0.001579154979031383,0
comprehension,own,neutral,0012,-1,0,1,0,rQrQrP,B,nemo-12b,mistralai/mistral-nemo,io-net/fp16,0,1.0,Io Net,B,1.989e-06,0.005220125089028104,0.0017811566779367682,0
comprehension,own,neutral,0012,1,0,0,0,rPrQrQ,A,nemo-12b,mistralai/mistral-nemo,io-net/fp16,0,1.0,Io Net,A,1.989e-06,0.9820137892483239,0.0020806259321705135,0
comprehension,own,neutral,0012,1,0,1,0,rQrQrP,A,nemo-12b,mistralai/mistral-nemo,io-net/fp16,0,1.0,Io Net,A,1.989e-06,0.9940889309686339,0.002813127289645512,0
comprehension,own,neutral,0013,-1,0,0,0,rPrQrQrQ,B,nemo-12b,mistralai/mistral-nemo,io-net/fp16,0,1.0,Io Net,B,1.999e-06,0.008577484819720602,0.0019236030323391828,0
comprehension,own,neutral,0013,-1,0,1,0,rPrQrQrQ,B,nemo-12b,mistralai/mistral-nemo,io-net/fp16,0,1.0,Io Net,B,2.127e-06,0.004609571288410063,0.0018052343517493963,0
comprehension,own,neutral,0013,1,0,0,0,rQrPrQrQ,A,nemo-12b,mistralai/mistral-nemo,io-net/fp16,0,1.0,Io Net,A,2.127e-06,0.9525741301883566,0.0020822224869342584,0
comprehension,own,neutral,0013,1,0,1,0,rPrQrQrQ,A,nemo-12b,mistralai/mistral-nemo,io-net/fp16,0,1.0,Io Net,A,2.127e-06,0.9890130557198524,0.0022274514991533854,0
comprehension,own,neutral,0014,-1,0,0,0,rQrQrQrPrQ,B,nemo-12b,mistralai/mistral-nemo,io-net/fp16,0,1.0,Io Net,B,2.265e-06,0.00407013781216329,0.0016465607433437945,0
comprehension,own,neutral,0014,-1,0,1,0,rQrPrQrQrQ,B,nemo-12b,mistralai/mistral-nemo,io-net/fp16,0,1.0,Io Net,B,2.265e-06,0.005220126155419589,0.0016837783428074182,0
comprehension,own,neutral,0014,1,0,0,0,rQrQrQrQrP,A,nemo-12b,mistralai/mistral-nemo,io-net/fp16,0,1.0,Io Net,A,2.265e-06,0.9840936119036143,0.0014976962645444451,0
comprehension,own,neutral,0014,1,0,1,0,rPrQrQrQrQ,A,nemo-12b,mistralai/mistral-nemo,io-net/fp16,0,1.0,Io Net,A,2.137e-06,0.9940889316855407,0.0019291436523691816,0
comprehension,own,neutral,0015,-1,0,0,0,rQrQrQrQrPrQ,B,nemo-12b,mistralai/mistral-nemo,io-net/fp16,0,1.0,Io Net,B,2.275e-06,0.0024726235850469048,0.0014435235182306272,0
comprehension,own,neutral,0015,-1,0,1,0,rQrPrQrQrQrQ,B,nemo-12b,mistralai/mistral-nemo,io-net/fp16,0,1.0,Io Net,B,2.275e-06,0.003172683341733332,0.0018594382363822382,0
comprehension,own,neutral,0015,1,0,0,0,rQrQrQrQrQrP,A,nemo-12b,mistralai/mistral-nemo,io-net/fp16,0,1.0,Io Net,A,2.275e-06,0.9740426444975988,0.0013410894941930651,0
comprehension,own,neutral,0015,1,0,1,0,rPrQrQrQrQrQ,A,nemo-12b,mistralai/mistral-nemo,io-net/fp16,0,1.0,Io Net,A,2.275e-06,0.9924227603499208,0.001780075843312589,0
comprehension,own,neutral,0020,-1,0,0,0,rPrP,B,nemo-12b,mistralai/mistral-nemo,io-net/fp16,0,1.0,Io Net,B,1.851e-06,0.0017007226509912503,0.0010930689966995866,0
comprehension,own,neutral,0020,-1,0,1,0,rPrP,B,nemo-12b,mistralai/mistral-nemo,io-net/fp16,0,1.0,Io Net,B,1.851e-06,0.003172682866048522,0.0010736611082557967,0
comprehension,own,neutral,0020,1,0,0,0,rPrP,A,nemo-12b,mistralai/mistral-nemo,io-net/fp16,0,1.0,Io Net,A,1.851e-06,0.9902915226231317,0.0020209677987780422,0
comprehension,own,neutral,0020,1,0,1,0,rPrP,A,nemo-12b,mistralai/mistral-nemo,io-net/fp16,0,1.0,Io Net,A,1.851e-06,0.9924227603989445,0.0023439562579010654,0
comprehension,own,neutral,0021,-1,0,0,0,rPrPrQ,B,nemo-12b,mistralai/mistral-nemo,io-net/fp16,0,1.0,Io Net,B,1.989e-06,0.003172682092876769,0.0018195406507550693,0
comprehension,own,neutral,0021,-1,0,1,0,rQrPrP,B,nemo-12b,mistralai/mistral-nemo,io-net/fp16,0,1.0,Io Net,B,1.989e-06,0.006692852230688371,0.0021574093331157007,0
comprehension,own,neutral,0021,1,0,0,0,rPrPrQ,A,nemo-12b,mistralai/mistral-nemo,io-net/fp16,0,1.0,Io Net,A,1.989e-06,0.9902915244765977,0.0019465382333546562,0
comprehension,own,neutral,0021,1,0,1,0,rPrQrP,A,nemo-12b,mistralai/mistral-nemo,io-net/fp16,0,1.0,Io Net,A,1.989e-06,0.9953904267352304,0.002461342024220589,0
comprehension,own,neutral,0022,-1,0,0,0,rPrQrPrQ,B,nemo-12b,mistralai/mistral-nemo,io-net/fp16,0,1.0,Io Net,B,2.127e-06,0.005911067613970361,0.0025941360876675645,0
comprehension,own,neutral,0022,-1,0,1,0,rQrPrPrQ,B,nemo-12b,mistralai/mistral-nemo,io-net/fp16,0,1.0,Io Net,B,2.127e-06,0.012431652533975839,0.0024825763379662247,0
comprehension,own,neutral,0022,1,0,0,0,rPrPrQrQ,A,nemo-12b,mistralai/mistral-nemo,io-net/fp16,0,1.0,Io Net,A,2.127e-06,0.9875683505188875,0.0022692158496860296,0
comprehension,own,neutral,0022,1,0,1,0,rPrPrQrQ,A,nemo-12b,mistralai/mistral-nemo,io-net/fp16,0,1.0,Io Net,A,2.127e-06,0.9947798743451316,0.003235299515081928,0
comprehension,own,neutral,0023,-1,0,0,0,rPrQrQrQrP,B,nemo-12b,mistralai/mistral-nemo,io-net/fp16,0,1.0,Io Net,B,2.137e-06,0.005220124760163652,0.0014083257066638266,0
comprehension,own,neutral,0023,-1,0,1,0,rQrQrPrQrP,B,nemo-12b,mistralai/mistral-nemo,io-net/fp16,0,1.0,Io Net,B,2.265e-06,0.004609572113139458,0.001905838886328226,0
comprehension,own,neutral,0023,1,0,0,0,rPrQrPrQrQ,A,nemo-12b,mistralai/mistral-nemo,io-net/fp16,0,1.0,Io Net,A,2.265e-06,0.9840936088421623,0.0014664638365746684,0
comprehension,own,neutral,0023,1,0,1,0,rQrQrQrPrP,A,nemo-12b,mistralai/mistral-nemo,io-net/fp16,0,1.0,Io Net,A,2.265e-06,0.9933071496639062,0.0020552986392625774,0
comprehension,own,neutral,0024,-1,0,0,0,rQrQrQrPrPrQ,B,nemo-12b,mistralai/mistral-nemo,io-net/fp16,0,1.0,Io Net,B,2.275e-06,0.0029810331561310587,0.0014262910787254945,0
comprehension,own,neutral,0024,-1,0,1,0,rQrQrPrQrQrP,B,nemo-12b,mistralai/mistral-nemo,io-net/fp16,0,1.0,Io Net,B,2.403e-06,0.002800926587337023,0.0016158883541416147,0
comprehension,own,neutral,0024,1,0,0,0,rQrPrQrQrQrP,A,nemo-12b,mistralai/mistral-nemo,io-net/fp16,0,1.0,Io Net,A,2.275e-06,0.9796676475477876,0.0012330170170833724,0
comprehension,own,neutral,0024,1,0,1,0,rQrQrPrPrQrQ,A,nemo-12b,mistralai/mistral-nemo,io-net/fp16,0,1.0,Io Net,A,2.275e-06,0.9933071482770135,0.0021525755434820245,0
comprehension,own,neutral,0030,-1,0,0,0,rPrPrP,B,nemo-12b,mistralai/mistral-nemo,io-net/fp16,0,1.0,Io Net,B,1.989e-06,0.0019267344345330986,0.0015890823455757541,0
comprehension,own,neutral,0030,-1,0,1,0,rPrPrP,B,nemo-12b,mistralai/mistral-nemo,io-net/fp16,0,1.0,Io Net,B,1.989e-06,0.002800926327211059,0.0012453470403388511,0
comprehension,own,neutral,0030,1,0,0,0,rPrPrP,A,nemo-12b,mistralai/mistral-nemo,io-net/fp16,0,1.0,Io Net,A,1.989e-06,0.9796676469170548,0.0019129003605990805,0
comprehension,own,neutral,0030,1,0,1,0,rPrPrP,A,nemo-12b,mistralai/mistral-nemo,io-net/fp16,0,1.0,Io Net,A,1.989e-06,0.9959298624747507,0.001980622979531127,0
comprehension,own,neutral,0031,-1,0,0,0,rQrPrPrP,B,nemo-12b,mistralai/mistral-nemo,io-net/fp16,0,1.0,Io Net,B,2.127e-06,0.009708477672348418,0.0018463373263030158,0
comprehension,own,neutral,0031,-1,0,1,0,rPrPrPrQ,B,nemo-12b,mistralai/mistral-nemo,io-net/fp16,0,1.0,Io Net,B,2.127e-06,0.005220125246205973,0.002107185148589319,0
comprehension,own,neutral,0031,1,0,0,0,rPrPrPrQ,A,nemo-12b,mistralai/mistral-nemo,io-net/fp16,0,1.0,Io Net,A,2.127e-06,0.9859363732666802,0.002476021117105912,0
comprehension,own,neutral,0031,1,0,1,0,rQrPrPrP,A,nemo-12b,mistralai/mistral-nemo,io-net/fp16,0,1.0,Io Net,A,2.127e-06,0.98593637543616,0.0031311066979977323,0
comprehension,own,neutral,0032,-1,0,0,0,rPrPrPrQrQ,B,nemo-12b,mistralai/mistral-nemo,io-net/fp16,0,1.0,Io Net,B,2.265e-06,0.007577242577493796,0.0018271072491654605,0
comprehension,own,neutral,0032,-1,0,1,0,rPrQrQrPrP,B,nemo-12b,mistralai/mistral-nemo,io-net/fp16,0,1.0,Io Net,B,2.265e-06,0.0031726831620629,0.0015552029796830347,0
comprehension,own,neutral,0032,1,0,0,0,rPrQrQrPrP,A,nemo-12b,mistralai/mistral-nemo,io-net/fp16,0,1.0,Io Net,A,2.265e-06,0.9840936102999968,0.001937161721224604,0
comprehension,own,neutral,0032,1,0,1,0,rQrQrPrPrP,A,nemo-12b,mistralai/mistral-nemo,io-net/fp16,0,1.0,Io Net,A,2.265e-06,0.9914225146496471,0.002095932906037769,0
comprehension,own,neutral,0033,-1,0,0,0,rPrPrPrQrQrQ,B,nemo-12b,mistralai/mistral-nemo,io-net/fp16,0,1.0,Io Net,B,2.275e-06,0.004070137455408521,0.0012988947421419539,0
comprehension,own,neutral,0033,-1,0,1,0,rPrQrQrQrPrP,B,nemo-12b,mistralai/mistral-nemo,io-net/fp16,0,1.0,Io Net,B,2.403e-06,0.003172682544998133,0.0011526268861515865,0
comprehension,own,neutral,0033,1,0,0,0,rQrPrPrPrQrQ,A,nemo-12b,mistralai/mistral-nemo,io-net/fp16,0,1.0,Io Net,A,2.275e-06,0.9914225149189232,0.001187113741314234,0
comprehension,own,neutral,0033,1,0,1,0,rPrQrPrQrQrP,A,nemo-12b,mistralai/mistral-nemo,io-net/fp16,0,1.0,Io Net,A,2.403e-06,0.9933071500353953,0.0013731069357647372,0
comprehension,own,neutral,0040,-1,0,0,0,rPrPrPrP,B,nemo-12b,mistralai/mistral-nemo,io-net/fp16,0,1.0,Io Net,B,2.127e-06,0.004609571636676603,0.0016815482535431636,0
comprehension,own,neutral,0040,-1,0,1,0,rPrPrPrP,B,nemo-12b,mistralai/mistral-nemo,io-net/fp16,0,1.0,Io Net,B,2.127e-06,0.0031726831178816475,0.0012737769337187732,0
comprehension,own,neutral,0040,1,0,0,0,rPrPrPrP,A,nemo-12b,mistralai/mistral-nemo,io-net/fp16,0,1.0,Io Net,B,2.127e-06,0.9706877720045337,0.0017145003409627345,0
comprehension,own,neutral,0040,1,0,1,0,rPrPrPrP,A,nemo-12b,mistralai/mistral-nemo,io-net/fp16,0,1.0,Io Net,A,2.127e-06,0.9933071481160349,0.002399990445570016,0
comprehension,own,neutral,0041,-1,0,0,0,rPrQrPrPrP,B,nemo-12b,mistralai/mistral-nemo,io-net/fp16,0,1.0,Io Net,B,2.137e-06,0.005911069354247757,0.0017075171671583345,0
comprehension,own,neutral,0041,-1,0,1,0,rPrQrPrPrP,B,nemo-12b,mistralai/mistral-nemo,io-net/fp16,0,1.0,Io Net,B,2.265e-06,0.0075772427035547376,0.0017243099226738057,0
comprehension,own,neutral,0041,1,0,0,0,rQrPrPrPrP,A,nemo-12b,mistralai/mistral-nemo,io-net/fp16,0,1.0,Io Net,A,2.265e-06,0.982013790366902,0.0012270088341351966,0
comprehension,own,neutral,0041,1,0,1,0,rPrPrPrPrQ,A,nemo-12b,mistralai/mistral-nemo,io-net/fp16,0,1.0,Io Net,A,2.137e-06,0.9968273175433643,0.0025500009267672807,0
comprehension,own,neutral,0042,-1,0,0,0,rQrPrPrPrPrQ,B,nemo-12b,mistralai/mistral-nemo,io-net/fp16,0,1.0,Io Net,B,2.403e-06,0.009708477090342138,0.0016872952630047067,0
comprehension,own,neutral,0042,-1,0,1,0,rPrPrQrPrPrQ,B,nemo-12b,mistralai/mistral-nemo,io-net/fp16,0,1.0,Io Net,B,2.403e-06,0.0021827159843967733,0.0013590467056842082,0
comprehension,own,neutral,0042,1,0,0,0,rQrPrPrPrPrQ,A,nemo-12b,mistralai/mistral-nemo,io-net/fp16,0,1.0,Io Net,A,2.275e-06,0.987568350415982,0.001103419283618937,0
comprehension,own,neutral,0042,1,0,1,0,rQrPrPrPrQrP,A,nemo-12b,mistralai/mistral-nemo,io-net/fp16,0,1.0,Io Net,A,2.275e-06,0.9902915228380264,0.002359234416108469,0
comprehension,own,neutral,0050,-1,0,0,0,rPrPrPrPrP,B,nemo-12b,mistralai/mistral-nemo,io-net/fp16,0,1.0,Io Net,B,2.137e-06,0.0028009268214504103,0.001171702845049083,0
comprehension,own,neutral,0050,-1,0,1,0,rPrPrPrPrP,B,nemo-12b,mistralai/mistral-nemo,io-net/fp16,0,1.0,Io Net,B,2.137e-06,0.0035936028598739073,0.001188171548137551,0
comprehension,own,neutral,0050,1,0,0,0,rPrPrPrPrP,A,nemo-12b,mistralai/mistral-nemo,io-net/fp16,0,1.0,Io Net,A,2.137e-06,0.9740426402120151,0.0016097937075250125,0
comprehension,own,neutral,0050,1,0,1,0,rPrPrPrPrP,A,nemo-12b,mistralai/mistral-nemo,io-net/fp16,0,1.0,Io Net,A,2.137e-06,0.9959298626502966,0.0016040777744005773,0
comprehension,own,neutral,0051,-1,0,0,0,rPrQrPrPrPrP,B,nemo-12b,mistralai/mistral-nemo,io-net/fp16,0,1.0,Io Net,B,2.275e-06,0.006692852156390534,0.001347243600286152,0
comprehension,own,neutral,0051,-1,0,1,0,rPrPrPrPrQrP,B,nemo-12b,mistralai/mistral-nemo,io-net/fp16,0,1.0,Io Net,B,2.275e-06,0.003172683337315206,0.0012314606626813163,0
comprehension,own,neutral,0051,1,0,0,0,rPrPrPrQrPrP,A,nemo-12b,mistralai/mistral-nemo,io-net/fp16,0,1.0,Io Net,A,2.403e-06,0.996827317116279,0.001016029661269513,0
comprehension,own,neutral,0051,1,0,1,0,rPrPrPrPrQrP,A,nemo-12b,mistralai/mistral-nemo,io-net/fp16,0,1.0,Io Net,A,2.275e-06,0.9968273169321904,0.0018293667236732804,0
comprehension,own,neutral,0060,-1,0,0,0,rPrPrPrPrPrP,B,nemo-12b,mistralai/mistral-nemo,io-net/fp16,0,1.0,Io Net,B,2.275e-06,0.004609571668725672,0.0011701623130567773,0
comprehension,own,neutral,0060,-1,0,1,0,rPrPrPrPrPrP,B,nemo-12b,mistralai/mistral-nemo,io-net/fp16,0,1.0,Io Net,B,2.275e-06,0.00460957214518853,0.0012136060165925944,0
comprehension,own,neutral,0060,1,0,0,0,rPrPrPrPrPrP,A,nemo-12b,mistralai/mistral-nemo,io-net/fp16,0,1.0,Io Net,A,2.275e-06,0.984093605576613,0.0013123882700113998,0
comprehension,own,neutral,0060,1,0,1,0,rPrPrPrPrPrP,A,nemo-12b,mistralai/mistral-nemo,io-net/fp16,0,1.0,Io Net,A,2.275e-06,0.9964063982089217,0.001672124396866015,0
comprehension,own,neutral,0100,-1,0,0,0,aQ,B,nemo-12b,mistralai/mistral-nemo,io-net/fp16,0,1.0,Io Net,B,1.841e-06,0.0013250221285262614,0.0011056157911137898,0
comprehension,own,neutral,0100,-1,0,1,0,aQ,B,nemo-12b,mistralai/mistral-nemo,io-net/fp16,0,1.0,Io Net,B,1.841e-06,0.0004583128183998915,0.0016400471069709655,0
comprehension,own,neutral,0100,1,0,0,0,aQ,A,nemo-12b,mistralai/mistral-nemo,io-net/fp16,0,1.0,Io Net,A,1.841e-06,0.9959298615385052,0.0013629527386580772,0
comprehension,own,neutral,0100,1,0,1,0,aQ,A,nemo-12b,mistralai/mistral-nemo,io-net/fp16,0,1.0,Io Net,A,1.841e-06,0.9975273773269081,0.0022180250139178467,0
comprehension,own,neutral,0101,-1,0,0,0,aQrQ,B,nemo-12b,mistralai/mistral-nemo,io-net/fp16,0,1.0,Io Net,B,1.851e-06,0.0033766125729194144,0.0016279625778103934,0
comprehension,own,neutral,0101,-1,0,1,0,aQrQ,B,nemo-12b,mistralai/mistral-nemo,io-net/fp16,0,1.0,Io Net,B,1.851e-06,0.0024726227408568523,0.0015883974798157618,0
comprehension,own,neutral,0101,1,0,0,0,rQaQ,A,nemo-12b,mistralai/mistral-nemo,io-net/fp16,0,1.0,Io Net,A,1.979e-06,0.989013057025328,0.001237706095936271,0
comprehension,own,neutral,0101,1,0,1,0,rQaQ,A,nemo-12b,mistralai/mistral-nemo,io-net/fp16,0,1.0,Io Net,A,1.979e-06,0.9968273172488227,0.0021471610253909466,0
comprehension,own,neutral,0102,-1,0,0,0,rQaQrQ,B,nemo-12b,mistralai/mistral-nemo,io-net/fp16,0,1.0,Io Net,B,1.989e-06,0.00857748552459038,0.0017913705564562843,0
comprehension,own,neutral,0102,-1,0,1,0,rQaQrQ,B,nemo-12b,mistralai/mistral-nemo,io-net/fp16,0,1.0,Io Net,B,1.989e-06,0.0046095715832614875,0.0017953026484469614,0
comprehension,own,neutral,0102,1,0,0,0,rQaQrQ,A,nemo-12b,mistralai/mistral-nemo,io-net/fp16,0,1.0,Io Net,A,1.989e-06,0.9875683487809279,0.0012835799737706995,0
comprehension,own,neutral,0102,1,0,1,0,aQrQrQ,A,nemo-12b,mistralai/mistral-nemo,io-net/fp16,0,1.0,Io Net,A,1.989e-06,0.998498817943587,0.002085485706706111,0
comprehension,own,neutral,0103,-1,0,0,0,aQrQrQrQ,B,nemo-12b,mistralai/mistral-nemo,io-net/fp16,0,1.0,Io Net,B,2.127e-06,0.005220125766102036,0.0013070897316656005,0
comprehension,own,neutral,0103,-1,0,1,0,rQrQrQaQ,B,nemo-12b,mistralai/mistral-nemo,io-net/fp16,0,1.0,Io Net,B,2.127e-06,0.01098694194243558,0.0019831367060303418,0
comprehension,own,neutral,0103,1,0,0,0,rQaQrQrQ,A,nemo-12b,mistralai/mistral-nemo,io-net/fp16,0,1.0,Io Net,A,1.999e-06,0.9890130592618401,0.001772185076757235,0
comprehension,own,neutral,0103,1,0,1,0,rQrQrQaQ,A,nemo-12b,mistralai/mistral-nemo,io-net/fp16,0,1.0,Io Net,A,1.999e-06,0.9971990736012543,0.002348694691961018,0
comprehension,own,neutral,0104,-1,0,0,0,rQrQrQrQaQ,B,nemo-12b,mistralai/mistral-nemo,io-net/fp16,0,1.0,Io Net,B,2.137e-06,0.007577241695067267,0.0017765373353989533,0
comprehension,own,neutral,0104,-1,0,1,0,rQrQrQaQrQ,B,nemo-12b,mistralai/mistral-nemo,io-net/fp16,0,1.0,Io Net,B,2.137e-06,0.0031726830265737284,0.001564206116601241,0
comprehension,own,neutral,0104,1,0,0,0,rQrQaQrQrQ,A,nemo-12b,mistralai/mistral-nemo,io-net/fp16,0,1.0,Io Net,A,2.265e-06,0.9914225127647142,0.0015183180778718663,0
comprehension,own,neutral,0104,1,0,1,0,rQaQrQrQrQ,A,nemo-12b,mistralai/mistral-nemo,io-net/fp16,0,1.0,Io Net,A,2.265e-06,0.9984988180950515,0.0013827938761553002,0
comprehension,own,neutral,0105,-1,0,0,0,rQrQrQrQaQrQ,B,nemo-12b,mistralai/mistral-nemo,io-net/fp16,0,1.0,Io Net,B,2.275e-06,0.0033766123080882257,0.0012245792349566686,0
comprehension,own,neutral,0105,-1,0,1,0,rQrQrQrQrQaQ,B,nemo-12b,mistralai/mistral-nemo,io-net/fp16,0,1.0,Io Net,B,2.275e-06,0.004070137536574947,0.0019211373934611142,0
comprehension,own,neutral,0105,1,0,0,0,rQrQrQrQrQaQ,A,nemo-12b,mistralai/mistral-nemo,io-net/fp16,0,1.0,Io Net,A,2.275e-06,0.9924227587181323,0.0009502984283359731,0
comprehension,own,neutral,0105,1,0,1,0,aQrQrQrQrQrQ,A,nemo-12b,mistralai/mistral-nemo,io-net/fp16,0,1.0,Io Net,A,2.403e-06,0.9984988176957995,0.0012892480608308636,0
comprehension,own,neutral,0110,-1,0,0,0,rPaQ,B,nemo-12b,mistralai/mistral-nemo,io-net/fp16,0,1.0,Io Net,B,1.851e-06,0.0010987308130433538,0.0016161391168384442,0
comprehension,own,neutral,0110,-1,0,1,0,rPaQ,B,nemo-12b,mistralai/mistral-nemo,io-net/fp16,0,1.0,Io Net,B,1.851e-06,0.0019267350613670724,0.0010098505468157937,0
comprehension,own,neutral,0110,1,0,0,0,aQrP,A,nemo-12b,mistralai/mistral-nemo,io-net/fp16,0,1.0,Io Net,A,1.979e-06,0.9840936105332502,0.0015263492562609463,0
comprehension,own,neutral,0110,1,0,1,0,rPaQ,A,nemo-12b,mistralai/mistral-nemo,io-net/fp16,0,1.0,Io Net,A,1.979e-06,0.9914225127647143,0.0021085239007747197,0
comprehension,own,neutral,0111,-1,0,0,0,aQrQrP,B,nemo-12b,mistralai/mistral-nemo,io-net/fp16,0,1.0,Io Net,B,1.989e-06,0.002182716266341002,0.0015201146315344527,0
comprehension,own,neutral,0111,-1,0,1,0,aQrQrP,B,nemo-12b,mistralai/mistral-nemo,io-net/fp16,0,1.0,Io Net,B,1.989e-06,0.001098731149841339,0.0016778558288891299,0
comprehension,own,neutral,0111,1,0,0,0,rQaQrP,A,nemo-12b,mistralai/mistral-nemo,io-net/fp16,0,1.0,Io Net,A,1.989e-06,0.9914225135408631,0.0017353117506499222,0
comprehension,own,neutral,0111,1,0,1,0,rPrQaQ,A,nemo-12b,mistralai/mistral-nemo,io-net/fp16,0,1.0,Io Net,A,1.989e-06,0.9902915229365197,0.001973347099493164,0
comprehension,own,neutral,0112,-1,0,0,0,rPrQrQaQ,B,nemo-12b,mistralai/mistral-nemo,io-net/fp16,0,1.0,Io Net,B,2.127e-06,0.0059110695950408965,0.0023428462200582034,0
comprehension,own,neutral,0112,-1,0,1,0,aQrQrPrQ,B,nemo-12b,mistralai/mistral-nemo,io-net/fp16,0,1.0,Io Net,B,2.127e-06,0.0019267348522731453,0.0019172635881035127,0
comprehension,own,neutral,0112,1,0,0,0,rQaQrPrQ,A,nemo-12b,mistralai/mistral-nemo,io-net/fp16,0,1.0,Io Net,A,2.127e-06,0.9820137929659507,0.002310702140853313,0
comprehension,own,neutral,0112,1,0,1,0,rPaQrQrQ,A,nemo-12b,mistralai/mistral-nemo,io-net/fp16,0,1.0,Io Net,A,2.127e-06,0.9940889300547144,0.002073611490137326,0
comprehension,own,neutral,0113,-1,0,0,0,rQrQaQrQrP,B,nemo-12b,mistralai/mistral-nemo,io-net/fp16,0,1.0,Io Net,B,2.265e-06,0.0035936021262231773,0.0016993514013518007,0
comprehension,own,neutral,0113,-1,0,1,0,rPrQaQrQrQ,B,nemo-12b,mistralai/mistral-nemo,io-net/fp16,0,1.0,Io Net,B,2.265e-06,0.004609573006240367,0.0016908894945459885,0
comprehension,own,neutral,0113,1,0,0,0,aQrQrQrPrQ,A,nemo-12b,mistralai/mistral-nemo,io-net/fp16,0,1.0,Io Net,A,2.137e-06,0.9953904282671762,0.0015063727066196922,0
comprehension,own,neutral,0113,1,0,1,0,aQrPrQrQrQ,A,nemo-12b,mistralai/mistral-nemo,io-net/fp16,0,1.0,Io Net,A,2.265e-06,0.9968273168011194,0.0021206559368202476,0
comprehension,own,neutral,0114,-1,0,0,0,rPrQrQrQrQaQ,B,nemo-12b,mistralai/mistral-nemo,io-net/fp16,0,1.0,Io Net,B,2.147e-06,0.004609572578919337,0.0011975070783224462,0
comprehension,own,neutral,0114,-1,0,1,0,rQaQrPrQrQrQ,B,nemo-12b,mistralai/mistral-nemo,io-net/fp16,0,1.0,Io Net,B,2.147e-06,0.001926734491843625,0.0016476680935035848,0
comprehension,own,neutral,0114,1,0,0,0,rQrPrQrQrQaQ,A,nemo-12b,mistralai/mistral-nemo,io-net/fp16,0,1.0,Io Net,A,2.403e-06,0.9924227596495825,0.0010473532434116407,0
comprehension,own,neutral,0114,1,0,1,0,rQrQaQrPrQrQ,A,nemo-12b,mistralai/mistral-nemo,io-net/fp16,0,1.0,Io Net,A,2.403e-06,0.9968273177156712,0.0019714236096702344,0
comprehension,own,neutral,0120,-1,0,0,0,rPaQrP,B,nemo-12b,mistralai/mistral-nemo,io-net/fp16,0,1.0,Io Net,B,1.989e-06,0.0012448433950104515,0.0013070639115450033,0
comprehension,own,neutral,0120,-1,0,1,0,aQrPrP,B,nemo-12b,mistralai/mistral-nemo,io-net/fp16,0,1.0,Io Net,B,1.989e-06,0.0031726834713316824,0.0016095737223346118,0
comprehension,own,neutral,0120,1,0,0,0,rPrPaQ,A,nemo-12b,mistralai/mistral-nemo,io-net/fp16,0,1.0,Io Net,A,1.989e-06,0.9940889307223683,0.0018017523240516945,0
comprehension,own,neutral,0120,1,0,1,0,rPaQrP,A,nemo-12b,mistralai/mistral-nemo,io-net/fp16,0,1.0,Io Net,A,1.989e-06,0.9959298621802863,0.0016046691389939366,0
comprehension,own,neutral,0121,-1,0,0,0,aQrPrQrP,B,nemo-12b,mistralai/mistral-nemo,io-net/fp16,0,1.0,Io Net,B,2.127e-06,0.007577240518498723,0.0017425864644872169,0
comprehension,own,neutral,0121,-1,0,1,0,aQrQrPrP,B,nemo-12b,mistralai/mistral-nemo,io-net/fp16,0,1.0,Io Net,B,2.127e-06,0.0011695103809187333,0.0015533442260302621,0
comprehension,own,neutral,0121,1,0,0,0,aQrPrQrP,A,nemo-12b,mistralai/mistral-nemo,io-net/fp16,0,1.0,Io Net,A,2.127e-06,0.9914225140714954,0.0015567303867423648,0
comprehension,own,neutral,0121,1,0,1,0,rPaQrPrQ,A,nemo-12b,mistralai/mistral-nemo,io-net/fp16,0,1.0,Io Net,A,2.127e-06,0.993307148246056,0.002569303316059003,0
comprehension,own,neutral,0122,-1,0,0,0,rPrQaQrPrQ,B,nemo-12b,mistralai/mistral-nemo,io-net/fp16,0,1.0,Io Net,B,2.265e-06,0.002472623539678861,0.001417792828111497,0
comprehension,own,neutral,0122,-1,0,1,0,aQrPrQrPrQ,B,nemo-12b,mistralai/mistral-nemo,io-net/fp16,0,1.0,Io Net,B,2.265e-06,0.003172682091404061,0.0017719420992148294,0
comprehension,own,neutral,0122,1,0,0,0,rPaQrPrQrQ,A,nemo-12b,mistralai/mistral-nemo,io-net/fp16,0,1.0,Io Net,A,2.265e-06,0.9914225161148258,0.0011407751119577782,0
comprehension,own,neutral,0122,1,0,1,0,rQrPrPaQrQ,A,nemo-12b,mistralai/mistral-nemo,io-net/fp16,0,1.0,Io Net,A,2.265e-06,0.9959298629919506,0.0018834093094062991,0
comprehension,own,neutral,0123,-1,0,0,0,rQrPaQrQrQrP,B,nemo-12b,mistralai/mistral-nemo,io-net/fp16,0,1.0,Io Net,B,2.403e-06,0.00407013845771962,0.0014281873350990848,0
comprehension,own,neutral,0123,-1,0,1,0,rQrPaQrQrQrP,B,nemo-12b,mistralai/mistral-nemo,io-net/fp16,0,1.0,Io Net,B,2.403e-06,0.002800926773327102,0.0014640778502112983,0
comprehension,own,neutral,0123,1,0,0,0,rQrQaQrQrPrP,A,nemo-12b,mistralai/mistral-nemo,io-net/fp16,0,1.0,Io Net,A,2.275e-06,0.995390428284269,0.0010229913901556769,0
comprehension,own,neutral,0123,1,0,1,0,rPrPrQrQaQrQ,A,nemo-12b,mistralai/mistral-nemo,io-net/fp16,0,1.0,Io Net,A,2.403e-06,0.9971990731759484,0.0013469588639282203,0
comprehension,own,neutral,0130,-1,0,0,0,aQrPrPrP,B,nemo-12b,mistralai/mistral-nemo,io-net/fp16,0,1.0,Io Net,B,2.127e-06,0.004609571470021446,0.0014182299001852527,0
comprehension,own,neutral,0130,-1,0,1,0,rPrPaQrP,B,nemo-12b,mistralai/mistral-nemo,io-net/fp16,0,1.0,Io Net,B,2.127e-06,0.00407013727419976,0.0015864444236527442,0
comprehension,own,neutral,0130,1,0,0,0,rPrPrPaQ,A,nemo-12b,mistralai/mistral-nemo,io-net/fp16,0,1.0,Io Net,A,2.127e-06,0.9924227590683017,0.0020605624082368117,0
comprehension,own,neutral,0130,1,0,1,0,rPrPrPaQ,A,nemo-12b,mistralai/mistral-nemo,io-net/fp16,0,1.0,Io Net,A,2.127e-06,0.997199073637672,0.0018937923844612537,0
comprehension,own,neutral,0131,-1,0,0,0,aQrQrPrPrP,B,nemo-12b,mistralai/mistral-nemo,io-net/fp16,0,1.0,Io Net,B,2.265e-06,0.0035936019528148445,0.0014093607697253097,0
comprehension,own,neutral,0131,-1,0,1,0,rPrQrPaQrP,B,nemo-12b,mistralai/mistral-nemo,io-net/fp16,0,1.0,Io Net,B,2.137e-06,0.0035936026948024803,0.001578591230562476,0
comprehension,own,neutral,0131,1,0,0,0,rPrQrPaQrP,A,nemo-12b,mistralai/mistral-nemo,io-net/fp16,0,1.0,Io Net,A,2.265e-06,0.9947798731529975,0.0010715428767574973,0
comprehension,own,neutral,0131,1,0,1,0,rPrPrQaQrP,A,nemo-12b,mistralai/mistral-nemo,io-net/fp16,0,1.0,Io Net,A,2.265e-06,0.9964063972284977,0.001993195968169153,0
comprehension,own,neutral,0132,-1,0,0,0,rPrQrQrPrPaQ,B,nemo-12b,mistralai/mistral-nemo,io-net/fp16,0,1.0,Io Net,B,2.403e-06,0.002800927436648462,0.0010857121283703863,0
comprehension,own,neutral,0132,-1,0,1,0,aQrPrQrQrPrP,B,nemo-12b,mistralai/mistral-nemo,io-net/fp16,0,1.0,Io Net,B,2.403e-06,0.002323162926287138,0.001623108851605548,0
comprehension,own,neutral,0132,1,0,0,0,rPaQrPrQrQrP,A,nemo-12b,mistralai/mistral-nemo,io-net/fp16,0,1.0,Io Net,A,2.275e-06,0.9902915230081513,0.0010277622299557036,0
comprehension,own,neutral,0132,1,0,1,0,rPrPrQrPrQaQ,A,nemo-12b,mistralai/mistral-nemo,io-net/fp16,0,1.0,Io Net,A,2.403e-06,0.9959298624388864,0.001979204094453066,0
comprehension,own,neutral,0140,-1,0,0,0,rPrPaQrPrP,B,nemo-12b,mistralai/mistral-nemo,io-net/fp16,0,1.0,Io Net,B,2.265e-06,0.0021827169220136034,0.0011656479920207907,0
comprehension,own,neutral,0140,-1,0,1,0,rPaQrPrPrP,B,nemo-12b,mistralai/mistral-nemo,io-net/fp16,0,1.0,Io Net,B,2.265e-06,0.004609571779829114,0.0012878204150427175,0
comprehension,own,neutral,0140,1,0,0,0,rPaQrPrPrP,A,nemo-12b,mistralai/mistral-nemo,io-net/fp16,0,1.0,Io Net,A,2.265e-06,0.9933071484318007,0.0009046728819367368,0
comprehension,own,neutral,0140,1,0,1,0,rPaQrPrPrP,A,nemo-12b,mistralai/mistral-nemo,io-net/fp16,0,1.0,Io Net,A,2.137e-06,0.9964063979171288,0.0017683608652758129,0
comprehension,own,neutral,0141,-1,0,0,0,aQrQrPrPrPrP,B,nemo-12b,mistralai/mistral-nemo,io-net/fp16,0,1.0,Io Net,B,2.275e-06,0.0031726823918364912,0.0009963441276398255,0
comprehension,own,neutral,0141,-1,0,1,0,rPaQrPrPrQrP,B,nemo-12b,mistralai/mistral-nemo,io-net/fp16,0,1.0,Io Net,B,2.275e-06,0.0031726823093648406,0.00163634368209431,0
comprehension,own,neutral,0141,1,0,0,0,rQrPrPaQrPrP,A,nemo-12b,mistralai/mistral-nemo,io-net/fp16,0,1.0,Io Net,A,2.275e-06,0.9968273165286683,0.0010567038319942144,0
comprehension,own,neutral,0141,1,0,1,0,aQrPrQrPrPrP,A,nemo-12b,mistralai/mistral-nemo,io-net/fp16,0,1.0,Io Net,A,2.403e-06,0.9940889303256069,0.001869405910378535,0
comprehension,own,neutral,0150,-1,0,0,0,aQrPrPrPrPrP,B,nemo-12b,mistralai/mistral-nemo,io-net/fp16,0,1.0,Io Net,B,2.403e-06,0.005220125415474453,0.001262733774357594,0
comprehension,own,neutral,0150,-1,0,1,0,rPrPrPrPrPaQ,B,nemo-12b,mistralai/mistral-nemo,io-net/fp16,0,1.0,Io Net,B,2.275e-06,0.004609572113139458,0.0011121508666237512,0
comprehension,own,neutral,0150,1,0,0,0,rPaQrPrPrPrP,A,nemo-12b,mistralai/mistral-nemo,io-net/fp16,0,1.0,Io Net,A,2.275e-06,0.987568346654214,0.0009498612886661151,0
comprehension,own,neutral,0150,1,0,1,0,rPrPrPrPaQrP,A,nemo-12b,mistralai/mistral-nemo,io-net/fp16,0,1.0,Io Net,A,2.275e-06,0.9978172831662208,0.0014165763534745562,0
comprehension,own,neutral,0200,-1,0,0,0,aQaQ,B,nemo-12b,mistralai/mistral-nemo,io-net/fp16,0,1.0,Io Net,B,1.979e-06,0.0028009263363154677,0.0011253297570373855,0
comprehension,own,neutral,0200,-1,0,1,0,aQaQ,B,nemo-12b,mistralai/mistral-nemo,io-net/fp16,0,1.0,Io Net,B,1.979e-06,0.0011695102500966495,0.0012746772258185324,0
comprehension,own,neutral,0200,1,0,0,0,aQaQ,A,nemo-12b,mistralai/mistral-nemo,io-net/fp16,0,1.0,Io Net,A,1.979e-06,0.9890130584117631,0.0011804287835772854,0
comprehension,own,neutral,0200,1,0,1,0,aQaQ,A,nemo-12b,mistralai/mistral-nemo,io-net/fp16,0,1.0,Io Net,A,1.851e-06,0.9971990725295352,0.0016785659057407484,0
comprehension,own,neutral,0201,-1,0,0,0,aQaQrQ,B,nemo-12b,mistralai/mistral-nemo,io-net/fp16,0,1.0,Io Net,B,1.989e-06,0.004609571767009486,0.0018443672856728321,0
comprehension,own,neutral,0201,-1,0,1,0,aQrQaQ,B,nemo-12b,mistralai/mistral-nemo,io-net/fp16,0,1.0,Io Net,B,1.989e-06,0.000588408754478854,0.0015330118637388868,0
comprehension,own,neutral,0201,1,0,0,0,aQaQrQ,A,nemo-12b,mistralai/mistral-nemo,io-net/fp16,0,1.0,Io Net,A,1.989e-06,0.9968273178894508,0.0013967957707470098,0
comprehension,own,neutral,0201,1,0,1,0,rQaQaQ,A,nemo-12b,mistralai/mistral-nemo,io-net/fp16,0,1.0,Io Net,A,1.989e-06,0.9980732648790837,0.002432694154009627,0
comprehension,own,neutral,0202,-1,0,0,0,aQrQrQaQ,B,nemo-12b,mistralai/mistral-nemo,io-net/fp16,0,1.0,Io Net,B,2.127e-06,0.005220126576172751,0.001990853676586468,0
comprehension,own,neutral,0202,-1,0,1,0,aQaQrQrQ,B,nemo-12b,mistralai/mistral-nemo,io-net/fp16,0,1.0,Io Net,B,2.127e-06,0.0009697518843220534,0.0017770767976701407,0
comprehension,own,neutral,0202,1,0,0,0,aQrQaQrQ,A,nemo-12b,mistralai/mistral-nemo,io-net/fp16,0,1.0,Io Net,A,2.127e-06,0.9940889301696385,0.002451819865409108,0
comprehension,own,neutral,0202,1,0,1,0,rQaQaQrQ,A,nemo-12b,mistralai/mistral-nemo,io-net/fp16,0,1.0,Io Net,A,2.127e-06,0.9971990724007727,0.0022416044493674355,0
comprehension,own,neutral,0203,-1,0,0,0,rQaQrQaQrQ,B,nemo-12b,mistralai/mistral-nemo,io-net/fp16,0,1.0,Io Net,B,2.265e-06,0.0046095717285506025,0.0019186055973767768,0
comprehension,own,neutral,0203,-1,0,1,0,rQrQrQaQaQ,B,nemo-12b,mistralai/mistral-nemo,io-net/fp16,0,1.0,Io Net,B,2.137e-06,0.00460957115166738,0.0017728378224837193,0
comprehension,own,neutral,0203,1,0,0,0,rQrQrQaQaQ,A,nemo-12b,mistralai/mistral-nemo,io-net/fp16,0,1.0,Io Net,A,2.265e-06,0.9959298629711871,0.0010706556660004677,0
comprehension,own,neutral,0203,1,0,1,0,aQaQrQrQrQ,A,nemo-12b,mistralai/mistral-nemo,io-net/fp16,0,1.0,Io Net,A,2.265e-06,0.9984988178182973,0.0016372245011937354,0
comprehension,own,neutral,0204,-1,0,0,0,rQrQaQrQaQrQ,B,nemo-12b,mistralai/mistral-nemo,io-net/fp16,0,1.0,Io Net,B,2.275e-06,0.003593602421350839,0.0015932737659553053,0
comprehension,own,neutral,0204,-1,0,1,0,rQrQaQaQrQrQ,B,nemo-12b,mistralai/mistral-nemo,io-net/fp16,0,1.0,Io Net,B,2.403e-06,0.002472623418505988,0.001723392547783198,0
comprehension,own,neutral,0204,1,0,0,0,rQrQaQrQaQrQ,A,nemo-12b,mistralai/mistral-nemo,io-net/fp16,0,1.0,Io Net,A,2.275e-06,0.9947798740041764,0.0011904544679093576,0
comprehension,own,neutral,0204,1,0,1,0,rQaQaQrQrQrQ,A,nemo-12b,mistralai/mistral-nemo,io-net/fp16,0,1.0,Io Net,A,2.275e-06,0.9971990730705973,0.0016950342080940552,0
comprehension,own,neutral,0210,-1,0,0,0,rPaQaQ,B,nemo-12b,mistralai/mistral-nemo,io-net/fp16,0,1.0,Io Net,B,1.989e-06,0.0013250226618422374,0.0017378809728573197,0
comprehension,own,neutral,0210,-1,0,1,0,aQrPaQ,B,nemo-12b,mistralai/mistral-nemo,io-net/fp16,0,1.0,Io Net,B,1.989e-06,0.0014103584756316838,0.0017918463948313201,0
comprehension,own,neutral,0210,1,0,0,0,rPaQaQ,A,nemo-12b,mistralai/mistral-nemo,io-net/fp16,0,1.0,Io Net,A,1.989e-06,0.9859363747130001,0.0023041917366948376,0
comprehension,own,neutral,0210,1,0,1,0,rPaQaQ,A,nemo-12b,mistralai/mistral-nemo,io-net/fp16,0,1.0,Io Net,A,1.989e-06,0.9947798740307757,0.002088289888793198,0
comprehension,own,neutral,0211,-1,0,0,0,aQaQrQrP,B,nemo-12b,mistralai/mistral-nemo,io-net/fp16,0,1.0,Io Net,B,2.127e-06,0.002182716107113501,0.0013767216921161118,0
comprehension,own,neutral,0211,-1,0,1,0,rQrPaQaQ,B,nemo-12b,mistralai/mistral-nemo,io-net/fp16,0,1.0,Io Net,B,2.127e-06,0.0035936017543957053,0.002147564746509234,0
comprehension,own,neutral,0211,1,0,0,0,aQrPaQrQ,A,nemo-12b,mistralai/mistral-nemo,io-net/fp16,0,1.0,Io Net,A,2.127e-06,0.9914225126142363,0.002400659322763482,0
comprehension,own,neutral,0211,1,0,1,0,rQaQaQrP,A,nemo-12b,mistralai/mistral-nemo,io-net/fp16,0,1.0,Io Net,A,2.127e-06,0.9933071500849272,0.00340195378767118,0
comprehension,own,neutral,0212,-1,0,0,0,aQaQrQrQrP,B,nemo-12b,mistralai/mistral-nemo,io-net/fp16,0,1.0,Io Net,B,2.265e-06,0.0018102108053300989,0.0014252111090391484,0
comprehension,own,neutral,0212,-1,0,1,0,aQrPaQrQrQ,B,nemo-12b,mistralai/mistral-nemo,io-net/fp16,0,1.0,Io Net,B,2.265e-06,0.0008559006974735755,0.0017434289807050085,0
comprehension,own,neutral,0212,1,0,0,0,aQrQrQrPaQ,A,nemo-12b,mistralai/mistral-nemo,io-net/fp16,0,1.0,Io Net,A,2.265e-06,0.9953904279509587,0.001834909158061772,0
comprehension,own,neutral,0212,1,0,1,0,aQrPaQrQrQ,A,nemo-12b,mistralai/mistral-nemo,io-net/fp16,0,1.0,Io Net,A,2.265e-06,0.9980732657629195,0.002692873695916074,0
comprehension,own,neutral,0213,-1,0,0,0,rQrQrQrPaQaQ,B,nemo-12b,mistralai/mistral-nemo,io-net/fp16,0,1.0,Io Net,B,2.275e-06,0.0020507435656482026,0.0011427493888535034,0
comprehension,own,neutral,0213,-1,0,1,0,aQrQrPaQrQrQ,B,nemo-12b,mistralai/mistral-nemo,io-net/fp16,0,1.0,Io Net,B,2.403e-06,0.0006263343055967459,0.0019552947286760602,0
comprehension,own,neutral,0213,1,0,0,0,aQaQrQrPrQrQ,A,nemo-12b,mistralai/mistral-nemo,io-net/fp16,0,1.0,Io Net,A,2.403e-06,0.9968273179012324,0.0013453642577377044,0
comprehension,own,neutral,0213,1,0,1,0,aQaQrPrQrQrQ,A,nemo-12b,mistralai/mistral-nemo,io-net/fp16,0,1.0,Io Net,A,2.403e-06,0.99682731668183,0.002626368253990263,0
comprehension,own,neutral,0220,-1,0,0,0,rPaQaQrP,B,nemo-12b,mistralai/mistral-nemo,io-net/fp16,0,1.0,Io Net,B,2.127e-06,0.0026316743757805296,0.0020859029451550937,0
comprehension,own,neutral,0220,-1,0,1,0,aQrPaQrP,B,nemo-12b,mistralai/mistral-nemo,io-net/fp16,0,1.0,Io Net,B,2.127e-06,0.0017007228083234024,0.00207674548400949,0
comprehension,own,neutral,0220,1,0,0,0,aQaQrPrP,A,nemo-12b,mistralai/mistral-nemo,io-net/fp16,0,1.0,Io Net,A,2.127e-06,0.9924227583119362,0.0023756280259495935,0
comprehension,own,neutral,0220,1,0,1,0,aQrPaQrP,A,nemo-12b,mistralai/mistral-nemo,io-net/fp16,0,1.0,Io Net,A,1.999e-06,0.9940889321507091,0.0033472420110214436,0
comprehension,own,neutral,0221,-1,0,0,0,aQaQrPrQrP,B,nemo-12b,mistralai/mistral-nemo,io-net/fp16,0,1.0,Io Net,B,2.265e-06,0.0028009265327105684,0.0011677896433422985,0
comprehension,own,neutral,0221,-1,0,1,0,rPrQrPaQaQ,B,nemo-12b,mistralai/mistral-nemo,io-net/fp16,0,1.0,Io Net,B,2.265e-06,0.004070137657380794,0.0016531874833928262,0
comprehension,own,neutral,0221,1,0,0,0,aQaQrPrPrQ,A,nemo-12b,mistralai/mistral-nemo,io-net/fp16,0,1.0,Io Net,A,2.137e-06,0.9964063971434609,0.0011133933389520685,0
comprehension,own,neutral,0221,1,0,1,0,rPrQaQrPaQ,A,nemo-12b,mistralai/mistral-nemo,io-net/fp16,0,1.0,Io Net,A,2.265e-06,0.994779873539897,0.0019775065368749945,0
comprehension,own,neutral,0222,-1,0,0,0,rPaQaQrPrQrQ,B,nemo-12b,mistralai/mistral-nemo,io-net/fp16,0,1.0,Io Net,B,2.275e-06,0.001700722737563463,0.0013983916917681416,0
comprehension,own,neutral,0222,-1,0,1,0,rQrQrPrPaQaQ,B,nemo-12b,mistralai/mistral-nemo,io-net/fp16,0,1.0,Io Net,B,2.403e-06,0.0014103581988743664,0.0015469653542814488,0
comprehension,own,neutral,0222,1,0,0,0,rPrQaQrPrQaQ,A,nemo-12b,mistralai/mistral-nemo,io-net/fp16,0,1.0,Io Net,A,2.403e-06,0.9924227573804859,0.0012700772843347013,0
comprehension,own,neutral,0222,1,0,1,0,aQrQrPrPaQrQ,A,nemo-12b,mistralai/mistral-nemo,io-net/fp16,0,1.0,Io Net,A,2.403e-06,0.995929861914136,0.003251535902381893,0
comprehension,own,neutral,0230,-1,0,0,0,aQrPaQrPrP,B,nemo-12b,mistralai/mistral-nemo,io-net/fp16,0,1.0,Io Net,B,2.265e-06,0.0029810328045916223,0.001426173321538049,0
comprehension,own,neutral,0230,-1,0,1,0,aQaQrPrPrP,B,nemo-12b,mistralai/mistral-nemo,io-net/fp16,0,1.0,Io Net,B,2.265e-06,0.0011695101554478327,0.0013074556855500186,0
comprehension,own,neutral,0230,1,0,0,0,rPrPrPaQaQ,A,nemo-12b,mistralai/mistral-nemo,io-net/fp16,0,1.0,Io Net,A,2.137e-06,0.9982992778526296,0.001027992110743163,0
comprehension,own,neutral,0230,1,0,1,0,rPrPaQrPaQ,A,nemo-12b,mistralai/mistral-nemo,io-net/fp16,0,1.0,Io Net,A,2.265e-06,0.9982992772082795,0.001610772880592841,0
comprehension,own,neutral,0231,-1,0,0,0,rPrPrPrQaQaQ,B,nemo-12b,mistralai/mistral-nemo,io-net/fp16,0,1.0,Io Net,B,2.275e-06,0.003593601807752111,0.0014174152342721902,0
comprehension,own,neutral,0231,-1,0,1,0,rPaQrPrPaQrQ,B,nemo-12b,mistralai/mistral-nemo,io-net/fp16,0,1.0,Io Net,B,2.403e-06,0.0021827165386504813,0.0018558419234775414,0
comprehension,own,neutral,0231,1,0,0,0,rPaQaQrPrQrP,A,nemo-12b,mistralai/mistral-nemo,io-net/fp16,0,1.0,Io Net,A,2.275e-06,0.9924227575695773,0.0015228993020879643,0
comprehension,own,neutral,0231,1,0,1,0,aQrPrPrQaQrP,A,nemo-12b,mistralai/mistral-nemo,io-net/fp16,0,1.0,Io Net,A,2.275e-06,0.9964063981955826,0.002040990806657871,0
comprehension,own,neutral,0240,-1,0,0,0,rPaQaQrPrPrP,B,nemo-12b,mistralai/mistral-nemo,io-net/fp16,0,1.0,Io Net,B,2.275e-06,0.001810211137269998,0.0015848942337621796,0
comprehension,own,neutral,0240,-1,0,1,0,rPaQrPaQrPrP,B,nemo-12b,mistralai/mistral-nemo,io-net/fp16,0,1.0,Io Net,B,2.403e-06,0.003172682565616047,0.0015697741342194371,0
comprehension,own,neutral,0240,1,0,0,0,rPrPrPaQaQrP,A,nemo-12b,mistralai/mistral-nemo,io-net/fp16,0,1.0,Io Net,A,2.275e-06,0.9984988178078273,0.0011863041876929853,0
comprehension,own,neutral,0240,1,0,1,0,rPaQrPrPrPaQ,A,nemo-12b,mistralai/mistral-nemo,io-net/fp16,0,1.0,Io Net,A,2.275e-06,0.9968273171781328,0.0014513016778299934,0
comprehension,own,neutral,0300,-1,0,0,0,aQaQaQ,B,nemo-12b,mistralai/mistral-nemo,io-net/fp16,0,1.0,Io Net,B,1.989e-06,0.0028009265730300943,0.0015901753246591044,0
comprehension,own,neutral,0300,-1,0,1,0,aQaQaQ,B,nemo-12b,mistralai/mistral-nemo,io-net/fp16,0,1.0,Io Net,B,1.989e-06,0.0007096702344801997,0.0018220963202034701,0
comprehension,own,neutral,0300,1,0,0,0,aQaQaQ,A,nemo-12b,mistralai/mistral-nemo,io-net/fp16,0,1.0,Io Net,A,1.989e-06,0.9840936097460197,0.00172396448920107,0
comprehension,own,neutral,0300,1,0,1,0,aQaQaQ,A,nemo-12b,mistralai/mistral-nemo,io-net/fp16,0,1.0,Io Net,A,1.989e-06,0.9982992772885267,0.0021537728788275897,0
comprehension,own,neutral,0301,-1,0,0,0,aQaQrQaQ,B,nemo-12b,mistralai/mistral-nemo,io-net/fp16,0,1.0,Io Net,B,2.127e-06,0.0026316737891035505,0.0016059158210198765,0
comprehension,own,neutral,0301,-1,0,1,0,aQrQaQaQ,B,nemo-12b,mistralai/mistral-nemo,io-net/fp16,0,1.0,Io Net,B,1.999e-06,0.000855900563672105,0.00151952508002684,0
comprehension,own,neutral,0301,1,0,0,0,aQaQaQrQ,A,nemo-12b,mistralai/mistral-nemo,io-net/fp16,0,1.0,Io Net,A,2.127e-06,0.9968273178143426,0.0016934299489448543,0
comprehension,own,neutral,0301,1,0,1,0,rQaQaQaQ,A,nemo-12b,mistralai/mistral-nemo,io-net/fp16,0,1.0,Io Net,A,2.127e-06,0.9975273769765979,0.0018717388071193349,0
comprehension,own,neutral,0302,-1,0,0,0,aQrQaQaQrQ,B,nemo-12b,mistralai/mistral-nemo,io-net/fp16,0,1.0,Io Net,B,2.265e-06,0.0019267345898983572,0.0012077504306275966,0
comprehension,own,neutral,0302,-1,0,1,0,aQrQrQaQaQ,B,nemo-12b,mistralai/mistral-nemo,io-net/fp16,0,1.0,Io Net,B,2.265e-06,0.0017007225355616404,0.001828162405281497,0
comprehension,own,neutral,0302,1,0,0,0,aQaQrQrQaQ,A,nemo-12b,mistralai/mistral-nemo,io-net/fp16,0,1.0,Io Net,A,2.265e-06,0.9959298613988234,0.0012015464898809678,0
comprehension,own,neutral,0302,1,0,1,0,aQaQaQrQrQ,A,nemo-12b,mistralai/mistral-nemo,io-net/fp16,0,1.0,Io Net,A,2.265e-06,0.9986749774771095,0.0019214986686562744,0
comprehension,own,neutral,0303,-1,0,0,0,rQaQaQrQaQrQ,B,nemo-12b,mistralai/mistral-nemo,io-net/fp16,0,1.0,Io Net,B,2.403e-06,0.005220125461418756,0.0015122585496281093,0
comprehension,own,neutral,0303,-1,0,1,0,rQrQaQrQaQaQ,B,nemo-12b,mistralai/mistral-nemo,io-net/fp16,0,1.0,Io Net,B,2.403e-06,0.004070136928770584,0.0022716806169782444,0
comprehension,own,neutral,0303,1,0,0,0,rQaQaQrQaQrQ,A,nemo-12b,mistralai/mistral-nemo,io-net/fp16,0,1.0,Io Net,A,2.403e-06,0.9959298625823433,0.0008873485303318024,0
comprehension,own,neutral,0303,1,0,1,0,rQaQrQrQaQaQ,A,nemo-12b,mistralai/mistral-nemo,io-net/fp16,0,1.0,Io Net,A,2.403e-06,0.9975273771167219,0.001455143765587568,0
comprehension,own,neutral,0310,-1,0,0,0,aQaQrPaQ,B,nemo-12b,mistralai/mistral-nemo,io-net/fp16,0,1.0,Io Net,B,2.127e-06,0.0035936024647029276,0.0018365317358903788,0
comprehension,own,neutral,0310,-1,0,1,0,aQrPaQaQ,B,nemo-12b,mistralai/mistral-nemo,io-net/fp16,0,1.0,Io Net,B,2.127e-06,0.0013250224930050362,0.0016620655462785683,0
comprehension,own,neutral,0310,1,0,0,0,rPaQaQaQ,A,nemo-12b,mistralai/mistral-nemo,io-net/fp16,0,1.0,Io Net,A,2.127e-06,0.9740426406358642,0.002097867388485577,0
comprehension,own,neutral,0310,1,0,1,0,aQaQaQrP,A,nemo-12b,mistralai/mistral-nemo,io-net/fp16,0,1.0,Io Net,A,2.127e-06,0.9978172830688586,0.003331333567967906,0
comprehension,own,neutral,0311,-1,0,0,0,rQaQaQrPaQ,B,nemo-12b,mistralai/mistral-nemo,io-net/fp16,0,1.0,Io Net,B,2.265e-06,0.0031726829175933126,0.0010698667284689822,0
comprehension,own,neutral,0311,-1,0,1,0,aQaQrPaQrQ,B,nemo-12b,mistralai/mistral-nemo,io-net/fp16,0,1.0,Io Net,B,2.265e-06,0.0006667022270272191,0.0015704680082114786,0
comprehension,own,neutral,0311,1,0,0,0,aQrPaQrQaQ,A,nemo-12b,mistralai/mistral-nemo,io-net/fp16,0,1.0,Io Net,A,2.137e-06,0.992422759859684,0.0018486803918210913,0
comprehension,own,neutral,0311,1,0,1,0,rPrQaQaQaQ,A,nemo-12b,mistralai/mistral-nemo,io-net/fp16,0,1.0,Io Net,A,2.265e-06,0.9940889322765782,0.0022806847955532195,0
comprehension,own,neutral,0312,-1,0,0,0,rQrPrQaQaQaQ,B,nemo-12b,mistralai/mistral-nemo,io-net/fp16,0,1.0,Io Net,B,2.403e-06,0.003593601746058767,0.0012769206304297231,0
comprehension,own,neutral,0312,-1,0,1,0,aQrQrQaQaQrP,B,nemo-12b,mistralai/mistral-nemo,io-net/fp16,0,1.0,Io Net,B,2.403e-06,0.00043055715938332016,0.001666225298148194,0
comprehension,own,neutral,0312,1,0,0,0,rQaQrQrPaQaQ,A,nemo-12b,mistralai/mistral-nemo,io-net/fp16,0,1.0,Io Net,A,2.403e-06,0.9959298613742847,0.0010172212536889626,0
comprehension,own,neutral,0312,1,0,1,0,rQrPaQaQrQaQ,A,nemo-12b,mistralai/mistral-nemo,io-net/fp16,0,1.0,Io Net,A,2.403e-06,0.9964063971467957,0.0030358173718714942,0
comprehension,own,neutral,0320,-1,0,0,0,rPrPaQaQaQ,B,nemo-12b,mistralai/mistral-nemo,io-net/fp16,0,1.0,Io Net,B,2.137e-06,0.0018102108288898361,0.0012318854225139564,0
comprehension,own,neutral,0320,-1,0,1,0,aQaQaQrPrP,B,nemo-12b,mistralai/mistral-nemo,io-net/fp16,0,1.0,Io Net,B,2.265e-06,0.0004583128387720211,0.0010948595640410952,0
comprehension,own,neutral,0320,1,0,0,0,rPrPaQaQaQ,A,nemo-12b,mistralai/mistral-nemo,io-net/fp16,0,1.0,Io Net,A,2.265e-06,0.9986749775094598,0.0012344840782011663,0
comprehension,own,neutral,0320,1,0,1,0,aQrPaQrPaQ,A,nemo-12b,mistralai/mistral-nemo,io-net/fp16,0,1.0,Io Net,A,2.137e-06,0.996406397952144,0.0036310792957285716,0
comprehension,own,neutral,0321,-1,0,0,0,aQaQrPaQrQrP,B,nemo-12b,mistralai/mistral-nemo,io-net/fp16,0,1.0,Io Net,B,2.275e-06,0.0012448431666132092,0.000876766851226618,0
comprehension,own,neutral,0321,-1,0,1,0,aQrPaQaQrQrP,B,nemo-12b,mistralai/mistral-nemo,io-net/fp16,0,1.0,Io Net,B,2.403e-06,0.0012448434387214622,0.001293288681163851,0
comprehension,own,neutral,0321,1,0,0,0,aQrPrQrPaQaQ,A,nemo-12b,mistralai/mistral-nemo,io-net/fp16,0,1.0,Io Net,A,2.403e-06,0.9968273168865365,0.001431395159240922,0
comprehension,own,neutral,0321,1,0,1,0,rQaQrPaQaQrP,A,nemo-12b,mistralai/mistral-nemo,io-net/fp16,0,1.0,Io Net,A,2.403e-06,0.9953904271753711,0.001753208262406914,0
comprehension,own,neutral,0330,-1,0,0,0,rPaQrPaQaQrP,B,nemo-12b,mistralai/mistral-nemo,io-net/fp16,0,1.0,Io Net,B,2.403e-06,0.0014103583582393555,0.0012532815959459542,0
comprehension,own,neutral,0330,-1,0,1,0,rPrPaQaQrPaQ,B,nemo-12b,mistralai/mistral-nemo,io-net/fp16,0,1.0,Io Net,B,2.275e-06,0.001410358531048736,0.0014248354724679668,0
comprehension,own,neutral,0330,1,0,0,0,rPaQaQrPrPaQ,A,nemo-12b,mistralai/mistral-nemo,io-net/fp16,0,1.0,Io Net,A,2.403e-06,0.9947798731844332,0.00118441979429877,0
comprehension,own,neutral,0330,1,0,1,0,rPrPaQaQrPaQ,A,nemo-12b,mistralai/mistral-nemo,io-net/fp16,0,1.0,Io Net,A,2.403e-06,0.9980732653053308,0.001749642999353072,0
comprehension,own,neutral,0400,-1,0,0,0,aQaQaQaQ,B,nemo-12b,mistralai/mistral-nemo,io-net/fp16,0,1.0,Io Net,B,2.127e-06,0.00460957157044186,0.002013751286902954,0
comprehension,own,neutral,0400,-1,0,1,0,aQaQaQaQ,B,nemo-12b,mistralai/mistral-nemo,io-net/fp16,0,1.0,Io Net,B,2.127e-06,0.0010987312765878003,0.0018045888147040223,0
comprehension,own,neutral,0400,1,0,0,0,aQaQaQaQ,A,nemo-12b,mistralai/mistral-nemo,io-net/fp16,0,1.0,Io Net,A,2.127e-06,0.9890130573795268,0.0020055649463427434,0
comprehension,own,neutral,0400,1,0,1,0,aQaQaQaQ,A,nemo-12b,mistralai/mistral-nemo,io-net/fp16,0,1.0,Io Net,A,2.127e-06,0.9984988175722547,0.0029128798472118234,0
comprehension,own,neutral,0401,-1,0,0,0,rQaQaQaQaQ,B,nemo-12b,mistralai/mistral-nemo,io-net/fp16,0,1.0,Io Net,B,2.265e-06,0.004609573100251,0.001319536717781622,0
comprehension,own,neutral,0401,-1,0,1,0,aQaQaQrQaQ,B,nemo-12b,mistralai/mistral-nemo,io-net/fp16,0,1.0,Io Net,B,2.265e-06,0.0005193049158550306,0.0011827446491641247,0
comprehension,own,neutral,0401,1,0,0,0,aQrQaQaQaQ,A,nemo-12b,mistralai/mistral-nemo,io-net/fp16,0,1.0,Io Net,A,2.265e-06,0.994088931649969,0.0012502608486769252,0
comprehension,own,neutral,0401,1,0,1,0,aQrQaQaQaQ,A,nemo-12b,mistralai/mistral-nemo,io-net/fp16,0,1.0,Io Net,A,2.265e-06,0.9980732655278569,0.0019375311544622617,0
comprehension,own,neutral,0402,-1,0,0,0,aQaQaQrQrQaQ,B,nemo-12b,mistralai/mistral-nemo,io-net/fp16,0,1.0,Io Net,B,2.275e-06,0.0019267346610887827,0.0013806552035392494,0
comprehension,own,neutral,0402,-1,0,1,0,aQrQaQrQaQaQ,B,nemo-12b,mistralai/mistral-nemo,io-net/fp16,0,1.0,Io Net,B,2.403e-06,0.00045831290666134973,0.0014240869901103181,0
comprehension,own,neutral,0402,1,0,0,0,rQaQaQaQaQrQ,A,nemo-12b,mistralai/mistral-nemo,io-net/fp16,0,1.0,Io Net,A,2.403e-06,0.9947798744176752,0.0008812285834410606,0
comprehension,own,neutral,0402,1,0,1,0,rQaQaQrQaQaQ,A,nemo-12b,mistralai/mistral-nemo,io-net/fp16,0,1.0,Io Net,A,2.403e-06,0.9975273767124296,0.0014134055531955948,0
comprehension,own,neutral,0410,-1,0,0,0,aQaQaQrPaQ,B,nemo-12b,mistralai/mistral-nemo,io-net/fp16,0,1.0,Io Net,B,2.265e-06,0.0013250225515434794,0.001647352160303761,0
comprehension,own,neutral,0410,-1,0,1,0,rPaQaQaQaQ,B,nemo-12b,mistralai/mistral-nemo,io-net/fp16,0,1.0,Io Net,B,2.265e-06,0.0009697520904921389,0.0013664253946408245,0
comprehension,own,neutral,0410,1,0,0,0,aQaQaQaQrP,A,nemo-12b,mistralai/mistral-nemo,io-net/fp16,0,1.0,Io Net,A,2.137e-06,0.9964063971701391,0.001064325174425299,0
comprehension,own,neutral,0410,1,0,1,0,aQaQaQaQrP,A,nemo-12b,mistralai/mistral-nemo,io-net/fp16,0,1.0,Io Net,A,2.137e-06,0.9978172831215965,0.0023456319194812302,0
comprehension,own,neutral,0411,-1,0,0,0,rQaQaQaQrPaQ,B,nemo-12b,mistralai/mistral-nemo,io-net/fp16,0,1.0,Io Net,B,2.275e-06,0.0026316735238767087,0.0013710843882250856,0
comprehension,own,neutral,0411,-1,0,1,0,aQrPaQrQaQaQ,B,nemo-12b,mistralai/mistral-nemo,io-net/fp16,0,1.0,Io Net,B,2.403e-06,0.0009110512681513777,0.0019039536045458716,0
comprehension,own,neutral,0411,1,0,0,0,aQrQaQaQaQrP,A,nemo-12b,mistralai/mistral-nemo,io-net/fp16,0,1.0,Io Net,A,2.275e-06,0.9975273767285094,0.0010295377623318292,0
comprehension,own,neutral,0411,1,0,1,0,aQaQrPaQaQrQ,A,nemo-12b,mistralai/mistral-nemo,io-net/fp16,0,1.0,Io Net,A,2.275e-06,0.9971990724098772,0.0025389120758411536,0
comprehension,own,neutral,0420,-1,0,0,0,rPaQaQrPaQaQ,B,nemo-12b,mistralai/mistral-nemo,io-net/fp16,0,1.0,Io Net,B,2.403e-06,0.002182716722218529,0.0011574597474376391,0
comprehension,own,neutral,0420,-1,0,1,0,rPaQaQrPaQaQ,B,nemo-12b,mistralai/mistral-nemo,io-net/fp16,0,1.0,Io Net,B,2.403e-06,0.000855900447591382,0.0018530888596723916,0
comprehension,own,neutral,0420,1,0,0,0,aQaQaQaQrPrP,A,nemo-12b,mistralai/mistral-nemo,io-net/fp16,0,1.0,Io Net,A,2.147e-06,0.9982992779356441,0.0007239877331334825,0
comprehension,own,neutral,0420,1,0,1,0,aQaQrPaQaQrP,A,nemo-12b,mistralai/mistral-nemo,io-net/fp16,0,1.0,Io Net,A,2.403e-06,0.9964063980271765,0.0015022142114108892,0
comprehension,own,neutral,0500,-1,0,0,0,aQaQaQaQaQ,B,nemo-12b,mistralai/mistral-nemo,io-net/fp16,0,1.0,Io Net,B,2.137e-06,0.0021827163591392005,0.0012068260419298982,0
comprehension,own,neutral,0500,-1,0,1,0,aQaQaQaQaQ,B,nemo-12b,mistralai/mistral-nemo,io-net/fp16,0,1.0,Io Net,B,2.137e-06,0.00048785712817506796,0.0011235896221133412,0
comprehension,own,neutral,0500,1,0,0,0,aQaQaQaQaQ,A,nemo-12b,mistralai/mistral-nemo,io-net/fp16,0,1.0,Io Net,A,2.265e-06,0.9924227598666874,0.0013864195366917317,0
comprehension,own,neutral,0500,1,0,1,0,aQaQaQaQaQ,A,nemo-12b,mistralai/mistral-nemo,io-net/fp16,0,1.0,Io Net,A,2.137e-06,0.9984988176305372,0.0022550794033975308,0
comprehension,own,neutral,0501,-1,0,0,0,aQaQaQrQaQaQ,B,nemo-12b,mistralai/mistral-nemo,io-net/fp16,0,1.0,Io Net,B,2.275e-06,0.0015978451225844342,0.0010265359492958037,0
comprehension,own,neutral,0501,-1,0,1,0,aQaQaQaQaQrQ,B,nemo-12b,mistralai/mistral-nemo,io-net/fp16,0,1.0,Io Net,B,2.275e-06,0.00040448149854811283,0.0009744532334455824,0
comprehension,own,neutral,0501,1,0,0,0,aQaQaQaQaQrQ,A,nemo-12b,mistralai/mistral-nemo,io-net/fp16,0,1.0,Io Net,A,2.275e-06,0.9953904269553008,0.0012004655960147987,0
comprehension,own,neutral,0501,1,0,1,0,aQaQrQaQaQaQ,A,nemo-12b,mistralai/mistral-nemo,io-net/fp16,0,1.0,Io Net,A,2.403e-06,0.9986749777691856,0.0017661163487155574,0
comprehension,own,neutral,0510,-1,0,0,0,aQaQaQaQaQrP,B,nemo-12b,mistralai/mistral-nemo,io-net/fp16,0,1.0,Io Net,B,2.275e-06,0.0012448430803491159,0.0011196418224576066,0
comprehension,own,neutral,0510,-1,0,1,0,aQaQaQaQaQrP,B,nemo-12b,mistralai/mistral-nemo,io-net/fp16,0,1.0,Io Net,B,2.147e-06,0.0006667024325681637,0.0013117502691005756,0
comprehension,own,neutral,0510,1,0,0,0,aQaQaQrPaQaQ,A,nemo-12b,mistralai/mistral-nemo,io-net/fp16,0,1.0,Io Net,A,2.403e-06,0.9978172839836563,0.0009261116004403505,0
comprehension,own,neutral,0510,1,0,1,0,rPaQaQaQaQaQ,A,nemo-12b,mistralai/mistral-nemo,io-net/fp16,0,1.0,Io Net,A,2.275e-06,0.9953904286581748,0.0014424860397052649,0
comprehension,own,neutral,0600,-1,0,0,0,aQaQaQaQaQaQ,B,nemo-12b,mistralai/mistral-nemo,io-net/fp16,0,1.0,Io Net,B,2.275e-06,0.0019267347336224265,0.0013330737828790573,0
comprehension,own,neutral,0600,-1,0,1,0,aQaQaQaQaQaQ,B,nemo-12b,mistralai/mistral-nemo,io-net/fp16,0,1.0,Io Net,B,2.275e-06,0.00033535018725047884,0.0014623224783396616,0
comprehension,own,neutral,0600,1,0,0,0,aQaQaQaQaQaQ,A,nemo-12b,mistralai/mistral-nemo,io-net/fp16,0,1.0,Io Net,A,2.147e-06,0.9953904269189785,0.0011376045436880108,0
comprehension,own,neutral,0600,1,0,1,0,aQaQaQaQaQaQ,A,nemo-12b,mistralai/mistral-nemo,io-net/fp16,0,1.0,Io Net,A,2.275e-06,0.9982992774462542,0.001858634399634325,0
comprehension,own,neutral,1000,-1,0,0,0,aP,B,nemo-12b,mistralai/mistral-nemo,io-net/fp16,0,1.0,Io Net,B,2.353e-06,0.0007096702805474861,0.00164984572504967,0
comprehension,own,neutral,1000,-1,0,1,0,aP,B,nemo-12b,mistralai/mistral-nemo,io-net/fp16,0,1.0,Io Net,B,1.969e-06,0.0013250221125052182,0.0012527726501999625,0
comprehension,own,neutral,1000,1,0,0,0,aP,A,nemo-12b,mistralai/mistral-nemo,io-net/fp16,0,1.0,Io Net,A,2.353e-06,0.9997040429914714,0.0011659005642152243,0
comprehension,own,neutral,1000,1,0,1,0,aP,A,nemo-12b,mistralai/mistral-nemo,io-net/fp16,0,1.0,Io Net,A,2.225e-06,0.9988304896092901,0.0019565248661080393,0
comprehension,own,neutral,1001,-1,0,0,0,aPrQ,B,nemo-12b,mistralai/mistral-nemo,io-net/fp16,0,1.0,Io Net,B,1.851e-06,0.00460957214946174,0.0022927015331484224,0
comprehension,own,neutral,1001,-1,0,1,0,rQaP,B,nemo-12b,mistralai/mistral-nemo,io-net/fp16,0,1.0,Io Net,B,1.979e-06,0.012431653117107123,0.0014937256122542486,0
comprehension,own,neutral,1001,1,0,0,0,aPrQ,A,nemo-12b,mistralai/mistral-nemo,io-net/fp16,0,1.0,Io Net,A,1.851e-06,0.9902915237065587,0.0013267915698930693,0
comprehension,own,neutral,1001,1,0,1,0,aPrQ,A,nemo-12b,mistralai/mistral-nemo,io-net/fp16,0,1.0,Io Net,A,1.851e-06,0.9964063970300785,0.0016096126735451596,0
comprehension,own,neutral,1002,-1,0,0,0,rQrQaP,B,nemo-12b,mistralai/mistral-nemo,io-net/fp16,0,1.0,Io Net,B,1.989e-06,0.005220126302925003,0.001730932831346843,0
comprehension,own,neutral,1002,-1,0,1,0,aPrQrQ,B,nemo-12b,mistralai/mistral-nemo,io-net/fp16,0,1.0,Io Net,B,1.989e-06,0.0040701368174027135,0.0025318567914131007,0
comprehension,own,neutral,1002,1,0,0,0,aPrQrQ,A,nemo-12b,mistralai/mistral-nemo,io-net/fp16,0,1.0,Io Net,A,1.989e-06,0.9890130592922001,0.001187016561601771,0
comprehension,own,neutral,1002,1,0,1,0,rQrQaP,A,nemo-12b,mistralai/mistral-nemo,io-net/fp16,0,1.0,Io Net,A,1.989e-06,0.9964063975002819,0.0020487976871803484,0
comprehension,own,neutral,1003,-1,0,0,0,rQrQrQaP,B,nemo-12b,mistralai/mistral-nemo,io-net/fp16,0,1.0,Io Net,B,2.127e-06,0.0031726825287983437,0.0012621619145523066,0
comprehension,own,neutral,1003,-1,0,1,0,rQaPrQrQ,B,nemo-12b,mistralai/mistral-nemo,io-net/fp16,0,1.0,Io Net,B,2.127e-06,0.003593601984495212,0.0021980635521465786,0
comprehension,own,neutral,1003,1,0,0,0,rQaPrQrQ,A,nemo-12b,mistralai/mistral-nemo,io-net/fp16,0,1.0,Io Net,A,2.127e-06,0.9740426454394852,0.0020755560571296336,0
comprehension,own,neutral,1003,1,0,1,0,rQrQrQaP,A,nemo-12b,mistralai/mistral-nemo,io-net/fp16,0,1.0,Io Net,A,2.127e-06,0.9902915228290724,0.0020828082662511446,0
comprehension,own,neutral,1004,-1,0,0,0,aPrQrQrQrQ,B,nemo-12b,mistralai/mistral-nemo,io-net/fp16,0,1.0,Io Net,B,2.137e-06,0.002182716228816049,0.0013943959017207463,0
comprehension,own,neutral,1004,-1,0,1,0,rQaPrQrQrQ,B,nemo-12b,mistralai/mistral-nemo,io-net/fp16,0,1.0,Io Net,B,2.137e-06,0.0035936022596142077,0.0015560940993556427,0
comprehension,own,neutral,1004,1,0,0,0,rQrQaPrQrQ,A,nemo-12b,mistralai/mistral-nemo,io-net/fp16,0,1.0,Io Net,A,2.265e-06,0.9859363755782092,0.0012950548666979984,0
comprehension,own,neutral,1004,1,0,1,0,rQrQrQrQaP,A,nemo-12b,mistralai/mistral-nemo,io-net/fp16,0,1.0,Io Net,A,2.137e-06,0.9914225130023108,0.00237254793829135,0
comprehension,own,neutral,1005,-1,0,0,0,aPrQrQrQrQrQ,B,nemo-12b,mistralai/mistral-nemo,io-net/fp16,0,1.0,Io Net,B,2.275e-06,0.0033766122845824997,0.0013531523787728705,0
comprehension,own,neutral,1005,-1,0,1,0,rQrQrQrQaPrQ,B,nemo-12b,mistralai/mistral-nemo,io-net/fp16,0,1.0,Io Net,B,2.275e-06,0.0015011822591799672,0.0015044474441839872,0
comprehension,own,neutral,1005,1,0,0,0,rQrQrQrQrQaP,A,nemo-12b,mistralai/mistral-nemo,io-net/fp16,0,1.0,Io Net,A,2.275e-06,0.9740426397881662,0.0009535706046316338,0
comprehension,own,neutral,1005,1,0,1,0,rQrQrQrQaPrQ,A,nemo-12b,mistralai/mistral-nemo,io-net/fp16,0,1.0,Io Net,A,2.275e-06,0.9947798731650882,0.0016477290360116977,0
comprehension,own,neutral,1010,-1,0,0,0,rPaP,B,nemo-12b,mistralai/mistral-nemo,io-net/fp16,0,1.0,Io Net,B,1.979e-06,0.0017007226090887198,0.0014226006506939948,0
comprehension,own,neutral,1010,-1,0,1,0,rPaP,B,nemo-12b,mistralai/mistral-nemo,io-net/fp16,0,1.0,Io Net,B,1.979e-06,0.0028009273937276637,0.0012976364930622486,0
comprehension,own,neutral,1010,1,0,0,0,aPrP,A,nemo-12b,mistralai/mistral-nemo,io-net/fp16,0,1.0,Io Net,A,1.851e-06,0.9980732654835307,0.001143415024246111,0
comprehension,own,neutral,1010,1,0,1,0,aPrP,A,nemo-12b,mistralai/mistral-nemo,io-net/fp16,0,1.0,Io Net,A,1.979e-06,0.9986749774660181,0.0012216580312158641,0
comprehension,own,neutral,1011,-1,0,0,0,rQaPrP,B,nemo-12b,mistralai/mistral-nemo,io-net/fp16,0,1.0,Io Net,B,1.989e-06,0.00407013781216329,0.0016465607433437945,0
comprehension,own,neutral,1011,-1,0,1,0,aPrPrQ,B,nemo-12b,mistralai/mistral-nemo,io-net/fp16,0,1.0,Io Net,B,1.989e-06,0.002182716868261627,0.0026257862399131637,0
comprehension,own,neutral,1011,1,0,0,0,rPrQaP,A,nemo-12b,mistralai/mistral-nemo,io-net/fp16,0,1.0,Io Net,A,1.989e-06,0.9820137904656,0.0019906196236491487,0
comprehension,own,neutral,1011,1,0,1,0,rPrQaP,A,nemo-12b,mistralai/mistral-nemo,io-net/fp16,0,1.0,Io Net,A,1.989e-06,0.9940889305007291,0.0015790071919539652,0
comprehension,own,neutral,1012,-1,0,0,0,aPrQrQrP,B,nemo-12b,mistralai/mistral-nemo,io-net/fp16,0,1.0,Io Net,B,2.127e-06,0.0046095724079909355,0.0023698250227397466,0
comprehension,own,neutral,1012,-1,0,1,0,rQaPrQrP,B,nemo-12b,mistralai/mistral-nemo,io-net/fp16,0,1.0,Io Net,B,2.127e-06,0.008577484811800717,0.0024279497474793965,0
comprehension,own,neutral,1012,1,0,0,0,rQrQrPaP,A,nemo-12b,mistralai/mistral-nemo,io-net/fp16,0,1.0,Io Net,A,2.127e-06,0.9820137939200319,0.00213413578890664,0
comprehension,own,neutral,1012,1,0,1,0,aPrQrQrP,A,nemo-12b,mistralai/mistral-nemo,io-net/fp16,0,1.0,Io Net,A,2.127e-06,0.9947798743475497,0.0019330929741530438,0
comprehension,own,neutral,1013,-1,0,0,0,rPrQrQrQaP,B,nemo-12b,mistralai/mistral-nemo,io-net/fp16,0,1.0,Io Net,B,2.265e-06,0.002800927489974304,0.001318147991320573,0
comprehension,own,neutral,1013,-1,0,1,0,rPrQrQrQaP,B,nemo-12b,mistralai/mistral-nemo,io-net/fp16,0,1.0,Io Net,B,2.137e-06,0.0019267343306577742,0.001467144740276205,0
comprehension,own,neutral,1013,1,0,0,0,aPrQrQrPrQ,A,nemo-12b,mistralai/mistral-nemo,io-net/fp16,0,1.0,Io Net,A,2.265e-06,0.9796676473993798,0.0016663170706073885,0
comprehension,own,neutral,1013,1,0,1,0,rPrQaPrQrQ,A,nemo-12b,mistralai/mistral-nemo,io-net/fp16,0,1.0,Io Net,A,2.265e-06,0.9953904286987704,0.002829488364421392,0
comprehension,own,neutral,1014,-1,0,0,0,rQrPaPrQrQrQ,B,nemo-12b,mistralai/mistral-nemo,io-net/fp16,0,1.0,Io Net,B,2.147e-06,0.0038244839994578074,0.0016257858568407002,0
comprehension,own,neutral,1014,-1,0,1,0,rPrQrQaPrQrQ,B,nemo-12b,mistralai/mistral-nemo,io-net/fp16,0,1.0,Io Net,B,2.403e-06,0.0009110513961555364,0.0013842438024638248,0
comprehension,own,neutral,1014,1,0,0,0,aPrQrQrQrQrP,A,nemo-12b,mistralai/mistral-nemo,io-net/fp16,0,1.0,Io Net,A,2.403e-06,0.990291524422874,0.0017009445124231467,0
comprehension,own,neutral,1014,1,0,1,0,rPrQaPrQrQrQ,A,nemo-12b,mistralai/mistral-nemo,io-net/fp16,0,1.0,Io Net,A,2.403e-06,0.995929861461114,0.001615319077325321,0
comprehension,own,neutral,1020,-1,0,0,0,aPrPrP,B,nemo-12b,mistralai/mistral-nemo,io-net/fp16,0,1.0,Io Net,B,1.989e-06,0.001700722447012904,0.002101277216604913,0
comprehension,own,neutral,1020,-1,0,1,0,rPaPrP,B,nemo-12b,mistralai/mistral-nemo,io-net/fp16,0,1.0,Io Net,B,1.989e-06,0.002472623350166787,0.0011538881760622122,0
comprehension,own,neutral,1020,1,0,0,0,aPrPrP,A,nemo-12b,mistralai/mistral-nemo,io-net/fp16,0,1.0,Io Net,A,1.989e-06,0.9978172831327525,0.0014451609568252766,0
comprehension,own,neutral,1020,1,0,1,0,rPrPaP,A,nemo-12b,mistralai/mistral-nemo,io-net/fp16,0,1.0,Io Net,A,1.989e-06,0.9959298623350689,0.001974946501415468,0
comprehension,own,neutral,1021,-1,0,0,0,rQrPaPrP,B,nemo-12b,mistralai/mistral-nemo,io-net/fp16,0,1.0,Io Net,B,2.127e-06,0.0052201249197596335,0.001562621974774081,0
comprehension,own,neutral,1021,-1,0,1,0,aPrPrPrQ,B,nemo-12b,mistralai/mistral-nemo,io-net/fp16,0,1.0,Io Net,B,2.127e-06,0.00359360217124265,0.002992842189627365,0
comprehension,own,neutral,1021,1,0,0,0,rPaPrPrQ,A,nemo-12b,mistralai/mistral-nemo,io-net/fp16,0,1.0,Io Net,A,2.127e-06,0.996827317519801,0.0017230360289069652,0
comprehension,own,neutral,1021,1,0,1,0,rPrQaPrP,A,nemo-12b,mistralai/mistral-nemo,io-net/fp16,0,1.0,Io Net,A,2.127e-06,0.9953904267459134,0.002708178523927688,0
comprehension,own,neutral,1022,-1,0,0,0,aPrPrQrQrP,B,nemo-12b,mistralai/mistral-nemo,io-net/fp16,0,1.0,Io Net,B,2.137e-06,0.0028009264780841153,0.0024795366041624467,0
comprehension,own,neutral,1022,-1,0,1,0,rQrPrQrPaP,B,nemo-12b,mistralai/mistral-nemo,io-net/fp16,0,1.0,Io Net,B,2.265e-06,0.005911068653758681,0.0018763727302287814,0
comprehension,own,neutral,1022,1,0,0,0,rPrQaPrQrP,A,nemo-12b,mistralai/mistral-nemo,io-net/fp16,0,1.0,Io Net,A,2.137e-06,0.9940889307962479,0.0012465951610030265,0
comprehension,own,neutral,1022,1,0,1,0,rPrQaPrPrQ,A,nemo-12b,mistralai/mistral-nemo,io-net/fp16,0,1.0,Io Net,A,2.137e-06,0.9953904268441973,0.002261044003675183,0
comprehension,own,neutral,1023,-1,0,0,0,rQrQrQrPrPaP,B,nemo-12b,mistralai/mistral-nemo,io-net/fp16,0,1.0,Io Net,B,2.275e-06,0.0023231628885118545,0.0013469377717649778,0
comprehension,own,neutral,1023,-1,0,1,0,rQrQrQrPaPrP,B,nemo-12b,mistralai/mistral-nemo,io-net/fp16,0,1.0,Io Net,B,2.403e-06,0.0014103586638529236,0.0013054067668351044,0
comprehension,own,neutral,1023,1,0,0,0,aPrQrQrPrQrP,A,nemo-12b,mistralai/mistral-nemo,io-net/fp16,0,1.0,Io Net,A,2.275e-06,0.9890130553555336,0.0009916078874693257,0
comprehension,own,neutral,1023,1,0,1,0,rPaPrPrQrQrQ,A,nemo-12b,mistralai/mistral-nemo,io-net/fp16,0,1.0,Io Net,A,2.275e-06,0.9975273764666382,0.0012944569354943064,0
comprehension,own,neutral,1030,-1,0,0,0,rPrPaPrP,B,nemo-12b,mistralai/mistral-nemo,io-net/fp16,0,1.0,Io Net,B,2.127e-06,0.0017007221189082504,0.0019621311250989093,0
comprehension,own,neutral,1030,-1,0,1,0,rPaPrPrP,B,nemo-12b,mistralai/mistral-nemo,io-net/fp16,0,1.0,Io Net,B,2.127e-06,0.0031726823211465052,0.00127685973376912,0
comprehension,own,neutral,1030,1,0,0,0,aPrPrPrP,A,nemo-12b,mistralai/mistral-nemo,io-net/fp16,0,1.0,Io Net,A,2.127e-06,0.992422758473014,0.0017155866066877294,0
comprehension,own,neutral,1030,1,0,1,0,rPaPrPrP,A,nemo-12b,mistralai/mistral-nemo,io-net/fp16,0,1.0,Io Net,A,2.127e-06,0.9959298621010075,0.002215302139914265,0
comprehension,own,neutral,1031,-1,0,0,0,rPrQrPrPaP,B,nemo-12b,mistralai/mistral-nemo,io-net/fp16,0,1.0,Io Net,B,2.265e-06,0.004070138429405744,0.0016200528802657876,0
comprehension,own,neutral,1031,-1,0,1,0,rPrPrPrQaP,B,nemo-12b,mistralai/mistral-nemo,io-net/fp16,0,1.0,Io Net,B,2.137e-06,0.0021827169179568506,0.001471371954330447,0
comprehension,own,neutral,1031,1,0,0,0,rQrPaPrPrP,A,nemo-12b,mistralai/mistral-nemo,io-net/fp16,0,1.0,Io Net,A,2.265e-06,0.994088932052203,0.0015349444158144357,0
comprehension,own,neutral,1031,1,0,1,0,rPaPrPrQrP,A,nemo-12b,mistralai/mistral-nemo,io-net/fp16,0,1.0,Io Net,A,2.137e-06,0.9971990731889546,0.001730693554061847,0
comprehension,own,neutral,1032,-1,0,0,0,rPrQrPrQaPrP,B,nemo-12b,mistralai/mistral-nemo,io-net/fp16,0,1.0,Io Net,B,2.403e-06,0.0020507439678115113,0.00140534777768353,0
comprehension,own,neutral,1032,-1,0,1,0,aPrQrPrQrPrP,B,nemo-12b,mistralai/mistral-nemo,io-net/fp16,0,1.0,Io Net,B,2.403e-06,0.0052201258072101,0.0015375585219049581,0
comprehension,own,neutral,1032,1,0,0,0,rQaPrQrPrPrP,A,nemo-12b,mistralai/mistral-nemo,io-net/fp16,0,1.0,Io Net,A,2.403e-06,0.990291523500618,0.0012820485294382754,0
comprehension,own,neutral,1032,1,0,1,0,rPrQrPrPaPrQ,A,nemo-12b,mistralai/mistral-nemo,io-net/fp16,0,1.0,Io Net,A,2.403e-06,0.9953904277800303,0.0013117266438746594,0
comprehension,own,neutral,1040,-1,0,0,0,rPrPaPrPrP,B,nemo-12b,mistralai/mistral-nemo,io-net/fp16,0,1.0,Io Net,B,2.265e-06,0.0031726835788394095,0.0014510637769313828,0
comprehension,own,neutral,1040,-1,0,1,0,rPrPrPaPrP,B,nemo-12b,mistralai/mistral-nemo,io-net/fp16,0,1.0,Io Net,B,2.137e-06,0.0014103581860858189,0.0011636226262364824,0
comprehension,own,neutral,1040,1,0,0,0,aPrPrPrPrP,A,nemo-12b,mistralai/mistral-nemo,io-net/fp16,0,1.0,Io Net,A,2.137e-06,0.9953904280278765,0.0011587972901286941,0
comprehension,own,neutral,1040,1,0,1,0,rPrPaPrPrP,A,nemo-12b,mistralai/mistral-nemo,io-net/fp16,0,1.0,Io Net,A,2.265e-06,0.9971990730432841,0.0016398230636579286,0
comprehension,own,neutral,1041,-1,0,0,0,aPrQrPrPrPrP,B,nemo-12b,mistralai/mistral-nemo,io-net/fp16,0,1.0,Io Net,B,2.147e-06,0.0031726825125985543,0.0013164461652940274,0
comprehension,own,neutral,1041,-1,0,1,0,rPrPaPrPrPrQ,B,nemo-12b,mistralai/mistral-nemo,io-net/fp16,0,1.0,Io Net,B,2.403e-06,0.0035936021879165287,0.002022062569041694,0
comprehension,own,neutral,1041,1,0,0,0,aPrPrPrPrQrP,A,nemo-12b,mistralai/mistral-nemo,io-net/fp16,0,1.0,Io Net,A,2.275e-06,0.9986749776431738,0.0011324608965190223,0
comprehension,own,neutral,1041,1,0,1,0,rQrPrPrPrPaP,A,nemo-12b,mistralai/mistral-nemo,io-net/fp16,0,1.0,Io Net,A,2.403e-06,0.989013056731849,0.0016148491533491838,0
comprehension,own,neutral,1050,-1,0,0,0,rPrPrPaPrPrP,B,nemo-12b,mistralai/mistral-nemo,io-net/fp16,0,1.0,Io Net,B,2.403e-06,0.0031726834462956367,0.001058601280534699,0
comprehension,own,neutral,1050,-1,0,1,0,rPrPrPaPrPrP,B,nemo-12b,mistralai/mistral-nemo,io-net/fp16,0,1.0,Io Net,B,2.275e-06,0.0010987309017147407,0.001205289768479445,0
comprehension,own,neutral,1050,1,0,0,0,aPrPrPrPrPrP,A,nemo-12b,mistralai/mistral-nemo,io-net/fp16,0,1.0,Io Net,A,2.275e-06,0.9914225145387687,0.0009747185194449951,0
comprehension,own,neutral,1050,1,0,1,0,rPrPrPrPaPrP,A,nemo-12b,mistralai/mistral-nemo,io-net/fp16,0,1.0,Io Net,A,2.275e-06,0.9964063975719797,0.0011885277885914209,0
comprehension,own,neutral,1100,-1,0,0,0,aPaQ,B,nemo-12b,mistralai/mistral-nemo,io-net/fp16,0,1.0,Io Net,B,1.851e-06,0.0014103585641678038,0.001696707976612477,0
comprehension,own,neutral,1100,-1,0,1,0,aPaQ,B,nemo-12b,mistralai/mistral-nemo,io-net/fp16,0,1.0,Io Net,B,1.851e-06,0.0031726827349774877,0.00214810755650674,0
comprehension,own,neutral,1100,1,0,0,0,aPaQ,A,nemo-12b,mistralai/mistral-nemo,io-net/fp16,0,1.0,Io Net,A,1.851e-06,0.9902915218441386,0.0019839290558649175,0
comprehension,own,neutral,1100,1,0,1,0,aQaP,A,nemo-12b,mistralai/mistral-nemo,io-net/fp16,0,1.0,Io Net,A,1.979e-06,0.9964063972284977,0.002421877816424123,0
comprehension,own,neutral,1101,-1,0,0,0,aPaQrQ,B,nemo-12b,mistralai/mistral-nemo,io-net/fp16,0,1.0,Io Net,B,1.989e-06,0.002800927142706036,0.0026343491052254198,0
comprehension,own,neutral,1101,-1,0,1,0,aQaPrQ,B,nemo-12b,mistralai/mistral-nemo,io-net/fp16,0,1.0,Io Net,B,1.989e-06,0.0021827167942258885,0.001676032662286997,0
comprehension,own,neutral,1101,1,0,0,0,rQaQaP,A,nemo-12b,mistralai/mistral-nemo,io-net/fp16,0,1.0,Io Net,A,1.989e-06,0.9924227578847297,0.0017832565307570629,0
comprehension,own,neutral,1101,1,0,1,0,rQaQaP,A,nemo-12b,mistralai/mistral-nemo,io-net/fp16,0,1.0,Io Net,A,1.989e-06,0.9975273769272099,0.0033171070007601148,0
comprehension,own,neutral,1102,-1,0,0,0,rQaQrQaP,B,nemo-12b,mistralai/mistral-nemo,io-net/fp16,0,1.0,Io Net,B,2.127e-06,0.007577241008735594,0.00204724853644489,0
comprehension,own,neutral,1102,-1,0,1,0,rQaQaPrQ,B,nemo-12b,mistralai/mistral-nemo,io-net/fp16,0,1.0,Io Net,B,2.127e-06,0.005220126622117065,0.0023886254089677816,0
comprehension,own,neutral,1102,1,0,0,0,aPrQaQrQ,A,nemo-12b,mistralai/mistral-nemo,io-net/fp16,0,1.0,Io Net,A,2.127e-06,0.9796676486979475,0.0021305249049056903,0
comprehension,own,neutral,1102,1,0,1,0,aQrQaPrQ,A,nemo-12b,mistralai/mistral-nemo,io-net/fp16,0,1.0,Io Net,A,2.127e-06,0.9924227588441933,0.004634495343081477,0
comprehension,own,neutral,1103,-1,0,0,0,aPaQrQrQrQ,B,nemo-12b,mistralai/mistral-nemo,io-net/fp16,0,1.0,Io Net,B,2.265e-06,0.00218271623794374,0.001711004428469387,0
comprehension,own,neutral,1103,-1,0,1,0,rQaPrQrQaQ,B,nemo-12b,mistralai/mistral-nemo,io-net/fp16,0,1.0,Io Net,B,2.137e-06,0.005220124588477073,0.001878633706833499,0
comprehension,own,neutral,1103,1,0,0,0,rQrQrQaPaQ,A,nemo-12b,mistralai/mistral-nemo,io-net/fp16,0,1.0,Io Net,A,2.265e-06,0.9796676458039968,0.0014550101329273944,0
comprehension,own,neutral,1103,1,0,1,0,rQaPrQrQaQ,A,nemo-12b,mistralai/mistral-nemo,io-net/fp16,0,1.0,Io Net,A,2.265e-06,0.9959298623954718,0.002520634512066266,0
comprehension,own,neutral,1104,-1,0,0,0,rQrQrQrQaQaP,B,nemo-12b,mistralai/mistral-nemo,io-net/fp16,0,1.0,Io Net,B,2.275e-06,0.002182716449909027,0.0014649680535004928,0
comprehension,own,neutral,1104,-1,0,1,0,rQaQrQrQaPrQ,B,nemo-12b,mistralai/mistral-nemo,io-net/fp16,0,1.0,Io Net,B,2.403e-06,0.00116951048889456,0.0012396395656761872,0
comprehension,own,neutral,1104,1,0,0,0,rQrQaQrQrQaP,A,nemo-12b,mistralai/mistral-nemo,io-net/fp16,0,1.0,Io Net,A,2.275e-06,0.9875683507933022,0.0012438908346132666,0
comprehension,own,neutral,1104,1,0,1,0,aQrQrQaPrQrQ,A,nemo-12b,mistralai/mistral-nemo,io-net/fp16,0,1.0,Io Net,A,2.403e-06,0.9971990726582975,0.0022362792475121565,0
comprehension,own,neutral,1110,-1,0,0,0,aQaPrP,B,nemo-12b,mistralai/mistral-nemo,io-net/fp16,0,1.0,Io Net,B,1.989e-06,0.002800926471580966,0.0021798267340080724,0
comprehension,own,neutral,1110,-1,0,1,0,rPaQaP,B,nemo-12b,mistralai/mistral-nemo,io-net/fp16,0,1.0,Io Net,B,1.989e-06,0.006692850719965846,0.0018435770045401867,0
comprehension,own,neutral,1110,1,0,0,0,aQaPrP,A,nemo-12b,mistralai/mistral-nemo,io-net/fp16,0,1.0,Io Net,A,1.989e-06,0.994088930911172,0.0018516968830292893,0
comprehension,own,neutral,1110,1,0,1,0,aQaPrP,A,nemo-12b,mistralai/mistral-nemo,io-net/fp16,0,1.0,Io Net,A,1.989e-06,0.9975273774302782,0.0028420108396068895,0
comprehension,own,neutral,1111,-1,0,0,0,rQrPaQaP,B,nemo-12b,mistralai/mistral-nemo,io-net/fp16,0,1.0,Io Net,B,2.127e-06,0.006692851778709875,0.0019627173103519135,0
comprehension,own,neutral,1111,-1,0,1,0,aQrQaPrP,B,nemo-12b,mistralai/mistral-nemo,io-net/fp16,0,1.0,Io Net,B,2.127e-06,0.0014103587838685703,0.0021818182234524253,0
comprehension,own,neutral,1111,1,0,0,0,rQaPaQrP,A,nemo-12b,mistralai/mistral-nemo,io-net/fp16,0,1.0,Io Net,A,2.127e-06,0.9740426411539017,0.003866153955525413,0
comprehension,own,neutral,1111,1,0,1,0,rPaPaQrQ,A,nemo-12b,mistralai/mistral-nemo,io-net/fp16,0,1.0,Io Net,A,2.127e-06,0.9953904282778592,0.0021503514586795128,0
comprehension,own,neutral,1112,-1,0,0,0,rQrQaPaQrP,B,nemo-12b,mistralai/mistral-nemo,io-net/fp16,0,1.0,Io Net,B,2.265e-06,0.002631673582544395,0.001624404070746266,0
comprehension,own,neutral,1112,-1,0,1,0,rPaQaPrQrQ,B,nemo-12b,mistralai/mistral-nemo,io-net/fp16,0,1.0,Io Net,B,2.265e-06,0.005220126208618262,0.0021625641445017774,0
comprehension,own,neutral,1112,1,0,0,0,rQrPrQaQaP,A,nemo-12b,mistralai/mistral-nemo,io-net/fp16,0,1.0,Io Net,A,2.265e-06,0.9902915240378546,0.0019527701343864477,0
comprehension,own,neutral,1112,1,0,1,0,aPrQrQaQrP,A,nemo-12b,mistralai/mistral-nemo,io-net/fp16,0,1.0,Io Net,A,2.265e-06,0.9947798740863926,0.0023908684949804594,0
comprehension,own,neutral,1113,-1,0,0,0,rPaPrQrQaQrQ,B,nemo-12b,mistralai/mistral-nemo,io-net/fp16,0,1.0,Io Net,B,2.403e-06,0.0023231627816617697,0.0018715207796545785,0
comprehension,own,neutral,1113,-1,0,1,0,rPrQaPrQaQrQ,B,nemo-12b,mistralai/mistral-nemo,io-net/fp16,0,1.0,Io Net,B,2.403e-06,0.003593602069531991,0.002740814790486601,0
comprehension,own,neutral,1113,1,0,0,0,rPrQaQaPrQrQ,A,nemo-12b,mistralai/mistral-nemo,io-net/fp16,0,1.0,Io Net,A,2.403e-06,0.9890130552037342,0.0014154959821586887,0
comprehension,own,neutral,1113,1,0,1,0,rPaQrQrQrQaP,A,nemo-12b,mistralai/mistral-nemo,io-net/fp16,0,1.0,Io Net,A,2.275e-06,0.9933071476145245,0.0020608386273949005,0
comprehension,own,neutral,1120,-1,0,0,0,aQaPrPrP,B,nemo-12b,mistralai/mistral-nemo,io-net/fp16,0,1.0,Io Net,B,2.127e-06,0.005220126290834396,0.0018661087132476606,0
comprehension,own,neutral,1120,-1,0,1,0,aPrPaQrP,B,nemo-12b,mistralai/mistral-nemo,io-net/fp16,0,1.0,Io Net,B,2.127e-06,0.0059110690642014884,0.004260441566012685,0
comprehension,own,neutral,1120,1,0,0,0,rPrPaPaQ,A,nemo-12b,mistralai/mistral-nemo,io-net/fp16,0,1.0,Io Net,A,2.127e-06,0.9940889315049459,0.0019553492512653457,0
comprehension,own,neutral,1120,1,0,1,0,aPrPaQrP,A,nemo-12b,mistralai/mistral-nemo,io-net/fp16,0,1.0,Io Net,A,1.999e-06,0.9982992774328138,0.0026374698830800057,0
comprehension,own,neutral,1121,-1,0,0,0,rPrPaQrQaP,B,nemo-12b,mistralai/mistral-nemo,io-net/fp16,0,1.0,Io Net,B,2.265e-06,0.002182715989467712,0.0016171101762275653,0
comprehension,own,neutral,1121,-1,0,1,0,rPrQaPrPaQ,B,nemo-12b,mistralai/mistral-nemo,io-net/fp16,0,1.0,Io Net,B,2.265e-06,0.0024726234644483086,0.001858114357398688,0
comprehension,own,neutral,1121,1,0,0,0,aQrQaPrPrP,A,nemo-12b,mistralai/mistral-nemo,io-net/fp16,0,1.0,Io Net,A,2.265e-06,0.9975273772212407,0.00158460413907747,0
comprehension,own,neutral,1121,1,0,1,0,rPrQaPrPaQ,A,nemo-12b,mistralai/mistral-nemo,io-net/fp16,0,1.0,Io Net,A,2.137e-06,0.9968273167377929,0.0022496163532422816,0
comprehension,own,neutral,1122,-1,0,0,0,rQrQaQrPaPrP,B,nemo-12b,mistralai/mistral-nemo,io-net/fp16,0,1.0,Io Net,B,2.403e-06,0.0035936027998479327,0.0009890539113259766,0
comprehension,own,neutral,1122,-1,0,1,0,rQrPrPrQaQaP,B,nemo-12b,mistralai/mistral-nemo,io-net/fp16,0,1.0,Io Net,B,2.403e-06,0.002800927007440505,0.0014722556421459254,0
comprehension,own,neutral,1122,1,0,0,0,rPaPrQrQaQrP,A,nemo-12b,mistralai/mistral-nemo,io-net/fp16,0,1.0,Io Net,A,2.403e-06,0.9940889306320708,0.0016761014687055441,0
comprehension,own,neutral,1122,1,0,1,0,rQaPrPrPrQaQ,A,nemo-12b,mistralai/mistral-nemo,io-net/fp16,0,1.0,Io Net,A,2.403e-06,0.9953904279680515,0.0022274970516091962,0
comprehension,own,neutral,1130,-1,0,0,0,aQrPrPaPrP,B,nemo-12b,mistralai/mistral-nemo,io-net/fp16,0,1.0,Io Net,B,2.265e-06,0.00359360300827146,0.00178670552425797,0
comprehension,own,neutral,1130,-1,0,1,0,rPrPaQrPaP,B,nemo-12b,mistralai/mistral-nemo,io-net/fp16,0,1.0,Io Net,B,2.137e-06,0.0015978451422703766,0.0015941933327356939,0
comprehension,own,neutral,1130,1,0,0,0,rPaPaQrPrP,A,nemo-12b,mistralai/mistral-nemo,io-net/fp16,0,1.0,Io Net,A,2.137e-06,0.9982992776782994,0.0012833838351896663,0
comprehension,own,neutral,1130,1,0,1,0,rPrPaQaPrP,A,nemo-12b,mistralai/mistral-nemo,io-net/fp16,0,1.0,Io Net,A,2.265e-06,0.9980732650089279,0.002020605415069219,0
comprehension,own,neutral,1131,-1,0,0,0,aPrPrPrQrPaQ,B,nemo-12b,mistralai/mistral-nemo,io-net/fp16,0,1.0,Io Net,B,2.403e-06,0.0015011824434501499,0.0017316532913840277,0
comprehension,own,neutral,1131,-1,0,1,0,aPaQrQrPrPrP,B,nemo-12b,mistralai/mistral-nemo,io-net/fp16,0,1.0,Io Net,B,2.403e-06,0.002800927274069683,0.0017203862640580159,0
comprehension,own,neutral,1131,1,0,0,0,rQrPrPaQrPaP,A,nemo-12b,mistralai/mistral-nemo,io-net/fp16,0,1.0,Io Net,A,2.403e-06,0.997199073470541,0.001077291124859965,0
comprehension,own,neutral,1131,1,0,1,0,rPaQrQaPrPrP,A,nemo-12b,mistralai/mistral-nemo,io-net/fp16,0,1.0,Io Net,A,2.403e-06,0.9914225132795068,0.002321613873295405,0
comprehension,own,neutral,1140,-1,0,0,0,rPrPrPaQaPrP,B,nemo-12b,mistralai/mistral-nemo,io-net/fp16,0,1.0,Io Net,B,2.147e-06,0.002472623659128903,0.0010187383512051396,0
comprehension,own,neutral,1140,-1,0,1,0,aQrPrPaPrPrP,B,nemo-12b,mistralai/mistral-nemo,io-net/fp16,0,1.0,Io Net,B,2.403e-06,0.001597845631447542,0.0016468660718358397,0
comprehension,own,neutral,1140,1,0,0,0,rPaPrPrPrPaQ,A,nemo-12b,mistralai/mistral-nemo,io-net/fp16,0,1.0,Io Net,A,2.275e-06,0.9980732650899685,0.001036447641878875,0
comprehension,own,neutral,1140,1,0,1,0,rPaQrPrPrPaP,A,nemo-12b,mistralai/mistral-nemo,io-net/fp16,0,1.0,Io Net,A,2.147e-06,0.9953904279530953,0.0024315868903894084,0
comprehension,own,neutral,1200,-1,0,0,0,aPaQaQ,B,nemo-12b,mistralai/mistral-nemo,io-net/fp16,0,1.0,Io Net,B,1.989e-06,0.0015978453606729196,0.0020407901014866114,0
comprehension,own,neutral,1200,-1,0,1,0,aQaPaQ,B,nemo-12b,mistralai/mistral-nemo,io-net/fp16,0,1.0,Io Net,B,1.989e-06,0.0013250222591593861,0.0017204411372481188,0
comprehension,own,neutral,1200,1,0,0,0,aQaPaQ,A,nemo-12b,mistralai/mistral-nemo,io-net/fp16,0,1.0,Io Net,A,1.989e-06,0.9940889313134059,0.002144297899173804,0
comprehension,own,neutral,1200,1,0,1,0,aQaPaQ,A,nemo-12b,mistralai/mistral-nemo,io-net/fp16,0,1.0,Io Net,A,1.989e-06,0.9978172833376185,0.003417227152345584,0
comprehension,own,neutral,1201,-1,0,0,0,aQaQaPrQ,B,nemo-12b,mistralai/mistral-nemo,io-net/fp16,0,1.0,Io Net,B,2.127e-06,0.003172683318169996,0.0016442780064497287,0
comprehension,own,neutral,1201,-1,0,1,0,aPrQaQaQ,B,nemo-12b,mistralai/mistral-nemo,io-net/fp16,0,1.0,Io Net,B,2.127e-06,0.008577484392046834,0.002728009508030871,0
comprehension,own,neutral,1201,1,0,0,0,aQrQaPaQ,A,nemo-12b,mistralai/mistral-nemo,io-net/fp16,0,1.0,Io Net,A,2.127e-06,0.9933071482398645,0.0026958090126657794,0
comprehension,own,neutral,1201,1,0,1,0,aQrQaPaQ,A,nemo-12b,mistralai/mistral-nemo,io-net/fp16,0,1.0,Io Net,A,2.127e-06,0.996406396641577,0.005015887724972809,0
comprehension,own,neutral,1202,-1,0,0,0,rQrQaQaPaQ,B,nemo-12b,mistralai/mistral-nemo,io-net/fp16,0,1.0,Io Net,B,2.265e-06,0.00522012530424088,0.0018425983719403405,0
comprehension,own,neutral,1202,-1,0,1,0,aPrQaQrQaQ,B,nemo-12b,mistralai/mistral-nemo,io-net/fp16,0,1.0,Io Net,B,2.265e-06,0.004609571807604975,0.0026374822904833284,0
comprehension,own,neutral,1202,1,0,0,0,rQaQaQrQaP,A,nemo-12b,mistralai/mistral-nemo,io-net/fp16,0,1.0,Io Net,A,2.265e-06,0.9947798748239195,0.0011221887476908984,0
comprehension,own,neutral,1202,1,0,1,0,rQaQrQaPaQ,A,nemo-12b,mistralai/mistral-nemo,io-net/fp16,0,1.0,Io Net,A,2.265e-06,0.9971990733944542,0.002425831557663153,0
comprehension,own,neutral,1203,-1,0,0,0,rQrQrQaQaQaP,B,nemo-12b,mistralai/mistral-nemo,io-net/fp16,0,1.0,Io Net,B,2.403e-06,0.0019267346198968381,0.0013511103306131922,0
comprehension,own,neutral,1203,-1,0,1,0,aQrQaPrQaQrQ,B,nemo-12b,mistralai/mistral-nemo,io-net/fp16,0,1.0,Io Net,B,2.403e-06,0.00045831300158910023,0.0013109617842061994,0
comprehension,own,neutral,1203,1,0,0,0,rQrQaQaPrQaQ,A,nemo-12b,mistralai/mistral-nemo,io-net/fp16,0,1.0,Io Net,A,2.275e-06,0.9968273168570824,0.001351407250727903,0
comprehension,own,neutral,1203,1,0,1,0,rQrQrQaQaQaP,A,nemo-12b,mistralai/mistral-nemo,io-net/fp16,0,1.0,Io Net,A,2.403e-06,0.9953904268484705,0.002646333464204934,0
comprehension,own,neutral,1210,-1,0,0,0,aPrPaQaQ,B,nemo-12b,mistralai/mistral-nemo,io-net/fp16,0,1.0,Io Net,B,2.127e-06,0.005220125838645678,0.0028887847375504982,0
comprehension,own,neutral,1210,-1,0,1,0,aQaQaPrP,B,nemo-12b,mistralai/mistral-nemo,io-net/fp16,0,1.0,Io Net,B,2.127e-06,0.0011695102781105248,0.0017527209656471587,0
comprehension,own,neutral,1210,1,0,0,0,rPaQaQaP,A,nemo-12b,mistralai/mistral-nemo,io-net/fp16,0,1.0,Io Net,A,2.127e-06,0.9706877708385803,0.0037683531114439985,0
comprehension,own,neutral,1210,1,0,1,0,aQaQrPaP,A,nemo-12b,mistralai/mistral-nemo,io-net/fp16,0,1.0,Io Net,A,2.127e-06,0.9953904274360369,0.0028720790447944716,0
comprehension,own,neutral,1211,-1,0,0,0,rQaPrPaQaQ,B,nemo-12b,mistralai/mistral-nemo,io-net/fp16,0,1.0,Io Net,B,2.265e-06,0.005220126479447884,0.0016919328604619865,0
comprehension,own,neutral,1211,-1,0,1,0,aPrQaQrPaQ,B,nemo-12b,mistralai/mistral-nemo,io-net/fp16,0,1.0,Io Net,B,2.265e-06,0.003593602874880401,0.002357687336103198,0
comprehension,own,neutral,1211,1,0,0,0,rPrQaPaQaQ,A,nemo-12b,mistralai/mistral-nemo,io-net/fp16,0,1.0,Io Net,A,2.265e-06,0.9933071482770135,0.001826115991337543,0
comprehension,own,neutral,1211,1,0,1,0,aQaQaPrQrP,A,nemo-12b,mistralai/mistral-nemo,io-net/fp16,0,1.0,Io Net,A,2.137e-06,0.9975273763759022,0.002083754136881515,0
comprehension,own,neutral,1212,-1,0,0,0,rQaPaQrQaQrP,B,nemo-12b,mistralai/mistral-nemo,io-net/fp16,0,1.0,Io Net,B,2.403e-06,0.00317268307959123,0.0011685125532787666,0
comprehension,own,neutral,1212,-1,0,1,0,rPrQaQrQaQaP,B,nemo-12b,mistralai/mistral-nemo,io-net/fp16,0,1.0,Io Net,B,2.275e-06,0.0024726226627549298,0.0015669421239801196,0
comprehension,own,neutral,1212,1,0,0,0,aQrPaPrQrQaQ,A,nemo-12b,mistralai/mistral-nemo,io-net/fp16,0,1.0,Io Net,A,2.403e-06,0.9959298624709755,0.001383199797084741,0
comprehension,own,neutral,1212,1,0,1,0,rPrQrQaQaQaP,A,nemo-12b,mistralai/mistral-nemo,io-net/fp16,0,1.0,Io Net,A,2.403e-06,0.9940889301422757,0.0020160173914856973,0
comprehension,own,neutral,1220,-1,0,0,0,rPrPaQaQaP,B,nemo-12b,mistralai/mistral-nemo,io-net/fp16,0,1.0,Io Net,B,2.265e-06,0.0024726232979073986,0.001502924395609062,0
comprehension,own,neutral,1220,-1,0,1,0,rPrPaQaQaP,B,nemo-12b,mistralai/mistral-nemo,io-net/fp16,0,1.0,Io Net,B,2.137e-06,0.002472623296758841,0.0016495582802787956,0
comprehension,own,neutral,1220,1,0,0,0,rPaPaQrPaQ,A,nemo-12b,mistralai/mistral-nemo,io-net/fp16,0,1.0,Io Net,A,2.265e-06,0.9978172833837641,0.0014440938267365204,0
comprehension,own,neutral,1220,1,0,1,0,aQrPrPaPaQ,A,nemo-12b,mistralai/mistral-nemo,io-net/fp16,0,1.0,Io Net,A,2.265e-06,0.9971990728169744,0.0033470046543142592,0
comprehension,own,neutral,1221,-1,0,0,0,aQaQrPaPrPrQ,B,nemo-12b,mistralai/mistral-nemo,io-net/fp16,0,1.0,Io Net,B,2.403e-06,0.003376612826781283,0.0016837352034988484,0
comprehension,own,neutral,1221,-1,0,1,0,aPaQrQrPrPaQ,B,nemo-12b,mistralai/mistral-nemo,io-net/fp16,0,1.0,Io Net,B,2.403e-06,0.003172682882248313,0.003322244503234817,0
comprehension,own,neutral,1221,1,0,0,0,rPaQrPaQaPrQ,A,nemo-12b,mistralai/mistral-nemo,io-net/fp16,0,1.0,Io Net,A,2.403e-06,0.9947798740259395,0.0015328293845318086,0
comprehension,own,neutral,1221,1,0,1,0,aQrPrPrQaPaQ,A,nemo-12b,mistralai/mistral-nemo,io-net/fp16,0,1.0,Io Net,A,2.403e-06,0.9959298616460979,0.0037875807539142856,0
comprehension,own,neutral,1230,-1,0,0,0,aQaPrPrPaQrP,B,nemo-12b,mistralai/mistral-nemo,io-net/fp16,0,1.0,Io Net,B,2.403e-06,0.0018102113665567825,0.001475992111616975,0
comprehension,own,neutral,1230,-1,0,1,0,aPrPaQaQrPrP,B,nemo-12b,mistralai/mistral-nemo,io-net/fp16,0,1.0,Io Net,B,2.403e-06,0.0028009268981875808,0.0024511465262024856,0
comprehension,own,neutral,1230,1,0,0,0,aQaQaPrPrPrP,A,nemo-12b,mistralai/mistral-nemo,io-net/fp16,0,1.0,Io Net,A,2.275e-06,0.9971990726752058,0.0008765461024037979,0
comprehension,own,neutral,1230,1,0,1,0,rPrPaQrPaPaQ,A,nemo-12b,mistralai/mistral-nemo,io-net/fp16,0,1.0,Io Net,A,2.275e-06,0.9959298617744541,0.0019522407289478847,0
comprehension,own,neutral,1300,-1,0,0,0,aQaQaPaQ,B,nemo-12b,mistralai/mistral-nemo,io-net/fp16,0,1.0,Io Net,B,1.999e-06,0.003172682701105199,0.002303675580644815,0
comprehension,own,neutral,1300,-1,0,1,0,aQaQaQaP,B,nemo-12b,mistralai/mistral-nemo,io-net/fp16,0,1.0,Io Net,B,1.999e-06,0.0007096704578817993,0.0016948429236983698,0
comprehension,own,neutral,1300,1,0,0,0,aQaPaQaQ,A,nemo-12b,mistralai/mistral-nemo,io-net/fp16,0,1.0,Io Net,A,2.127e-06,0.9924227602098532,0.0016382396911267232,0
comprehension,own,neutral,1300,1,0,1,0,aPaQaQaQ,A,nemo-12b,mistralai/mistral-nemo,io-net/fp16,0,1.0,Io Net,A,2.127e-06,0.9968273175507278,0.0027934869546038256,0
comprehension,own,neutral,1301,-1,0,0,0,rQaPaQaQaQ,B,nemo-12b,mistralai/mistral-nemo,io-net/fp16,0,1.0,Io Net,B,2.265e-06,0.005220124939104602,0.0013131222762585715,0
comprehension,own,neutral,1301,-1,0,1,0,aQrQaQaQaP,B,nemo-12b,mistralai/mistral-nemo,io-net/fp16,0,1.0,Io Net,B,2.265e-06,0.0008559005202662753,0.0016851478876803716,0
comprehension,own,neutral,1301,1,0,0,0,aQaPrQaQaQ,A,nemo-12b,mistralai/mistral-nemo,io-net/fp16,0,1.0,Io Net,A,2.265e-06,0.9953904268292411,0.0014747837186221465,0
comprehension,own,neutral,1301,1,0,1,0,aQaQaPrQaQ,A,nemo-12b,mistralai/mistral-nemo,io-net/fp16,0,1.0,Io Net,A,2.265e-06,0.9982992779253661,0.002308977083728602,0
comprehension,own,neutral,1302,-1,0,0,0,rQaQrQaPaQaQ,B,nemo-12b,mistralai/mistral-nemo,io-net/fp16,0,1.0,Io Net,B,2.403e-06,0.004609571557622232,0.0013953928933210236,0
comprehension,own,neutral,1302,-1,0,1,0,aPaQaQrQrQaQ,B,nemo-12b,mistralai/mistral-nemo,io-net/fp16,0,1.0,Io Net,B,2.403e-06,0.0011695104750236093,0.0016105545030260515,0
comprehension,own,neutral,1302,1,0,0,0,aQrQaQaQrQaP,A,nemo-12b,mistralai/mistral-nemo,io-net/fp16,0,1.0,Io Net,A,2.275e-06,0.9924227570793404,0.0014244040708964916,0
comprehension,own,neutral,1302,1,0,1,0,rQrQaQaQaPaQ,A,nemo-12b,mistralai/mistral-nemo,io-net/fp16,0,1.0,Io Net,A,2.403e-06,0.9964063975169558,0.0018355849070713429,0
comprehension,own,neutral,1310,-1,0,0,0,aPaQrPaQaQ,B,nemo-12b,mistralai/mistral-nemo,io-net/fp16,0,1.0,Io Net,B,2.265e-06,0.0020507436757189585,0.0017394189119863679,0
comprehension,own,neutral,1310,-1,0,1,0,aQaPaQaQrP,B,nemo-12b,mistralai/mistral-nemo,io-net/fp16,0,1.0,Io Net,B,2.265e-06,0.0005884089361703647,0.0011923700691446326,0
comprehension,own,neutral,1310,1,0,0,0,aQaQaPrPaQ,A,nemo-12b,mistralai/mistral-nemo,io-net/fp16,0,1.0,Io Net,A,2.265e-06,0.99719907344778,0.0017248891472811502,0
comprehension,own,neutral,1310,1,0,1,0,aQaPaQaQrP,A,nemo-12b,mistralai/mistral-nemo,io-net/fp16,0,1.0,Io Net,A,2.265e-06,0.9975273766871613,0.002006538875259953,0
comprehension,own,neutral,1311,-1,0,0,0,aPaQaQrPaQrQ,B,nemo-12b,mistralai/mistral-nemo,io-net/fp16,0,1.0,Io Net,B,2.403e-06,0.0018102112958775505,0.001628780239406491,0
comprehension,own,neutral,1311,-1,0,1,0,aQrPrQaQaPaQ,B,nemo-12b,mistralai/mistral-nemo,io-net/fp16,0,1.0,Io Net,B,2.403e-06,0.0015978453146152378,0.0019160771667153798,0
comprehension,own,neutral,1311,1,0,0,0,aQrQaPaQaQrP,A,nemo-12b,mistralai/mistral-nemo,io-net/fp16,0,1.0,Io Net,A,2.403e-06,0.996406397753725,0.0012970610335227375,0
comprehension,own,neutral,1311,1,0,1,0,aQrQaPaQrPaQ,A,nemo-12b,mistralai/mistral-nemo,io-net/fp16,0,1.0,Io Net,A,2.403e-06,0.9964063967749681,0.00282054581476604,0
comprehension,own,neutral,1320,-1,0,0,0,aQrPaPaQaQrP,B,nemo-12b,mistralai/mistral-nemo,io-net/fp16,0,1.0,Io Net,B,2.403e-06,0.002800926420856403,0.0012663349184235395,0
comprehension,own,neutral,1320,-1,0,1,0,rPaPrPaQaQaQ,B,nemo-12b,mistralai/mistral-nemo,io-net/fp16,0,1.0,Io Net,B,2.403e-06,0.0019267344399059604,0.0013067301135760712,0
comprehension,own,neutral,1320,1,0,0,0,aQaQaQaPrPrP,A,nemo-12b,mistralai/mistral-nemo,io-net/fp16,0,1.0,Io Net,A,2.275e-06,0.9988304898913326,0.0009073160781690932,0
comprehension,own,neutral,1320,1,0,1,0,rPaQaQrPaPaQ,A,nemo-12b,mistralai/mistral-nemo,io-net/fp16,0,1.0,Io Net,A,2.403e-06,0.9940889302571997,0.0019736441386686695,0
comprehension,own,neutral,1400,-1,0,0,0,aQaPaQaQaQ,B,nemo-12b,mistralai/mistral-nemo,io-net/fp16,0,1.0,Io Net,B,2.265e-06,0.0026316739663288743,0.0014179171559562942,0
comprehension,own,neutral,1400,-1,0,1,0,aQaQaQaQaP,B,nemo-12b,mistralai/mistral-nemo,io-net/fp16,0,1.0,Io Net,B,2.265e-06,0.0009110509837448507,0.0014756897463689134,0
comprehension,own,neutral,1400,1,0,0,0,aPaQaQaQaQ,A,nemo-12b,mistralai/mistral-nemo,io-net/fp16,0,1.0,Io Net,A,2.265e-06,0.9953904280492425,0.001034950986981053,0
comprehension,own,neutral,1400,1,0,1,0,aQaQaPaQaQ,A,nemo-12b,mistralai/mistral-nemo,io-net/fp16,0,1.0,Io Net,A,2.265e-06,0.9971990728768034,0.0035023751201209443,0
comprehension,own,neutral,1401,-1,0,0,0,aQrQaPaQaQaQ,B,nemo-12b,mistralai/mistral-nemo,io-net/fp16,0,1.0,Io Net,B,2.403e-06,0.0031726823771094106,0.0011373327117197851,0
comprehension,own,neutral,1401,-1,0,1,0,aQaQaPaQrQaQ,B,nemo-12b,mistralai/mistral-nemo,io-net/fp16,0,1.0,Io Net,B,2.275e-06,0.0005527786477287431,0.0016196755833051135,0
comprehension,own,neutral,1401,1,0,0,0,aPrQaQaQaQaQ,A,nemo-12b,mistralai/mistral-nemo,io-net/fp16,0,1.0,Io Net,A,2.403e-06,0.9875683483921738,0.0010478519654820873,0
comprehension,own,neutral,1401,1,0,1,0,aQaQaQrQaQaP,A,nemo-12b,mistralai/mistral-nemo,io-net/fp16,0,1.0,Io Net,A,2.275e-06,0.9982992778652795,0.0027489712229672144,0
comprehension,own,neutral,1410,-1,0,0,0,aQaQrPaQaPaQ,B,nemo-12b,mistralai/mistral-nemo,io-net/fp16,0,1.0,Io Net,B,2.147e-06,0.0012448432300086372,0.0010683198397340998,0
comprehension,own,neutral,1410,-1,0,1,0,aQaQaPaQrPaQ,B,nemo-12b,mistralai/mistral-nemo,io-net/fp16,0,1.0,Io Net,B,2.403e-06,0.0004305571670489062,0.0013505769124129152,0
comprehension,own,neutral,1410,1,0,0,0,aQaQaPrPaQaQ,A,nemo-12b,mistralai/mistral-nemo,io-net/fp16,0,1.0,Io Net,A,2.275e-06,0.9971990724911666,0.0009547414381338068,0
comprehension,own,neutral,1410,1,0,1,0,rPaQaQaQaPaQ,A,nemo-12b,mistralai/mistral-nemo,io-net/fp16,0,1.0,Io Net,A,2.403e-06,0.996827317756907,0.001880986089908656,0
comprehension,own,neutral,1500,-1,0,0,0,aQaQaQaPaQaQ,B,nemo-12b,mistralai/mistral-nemo,io-net/fp16,0,1.0,Io Net,B,2.403e-06,0.0019267347206380085,0.0014425873925150157,0
comprehension,own,neutral,1500,-1,0,1,0,aQaPaQaQaQaQ,B,nemo-12b,mistralai/mistral-nemo,io-net/fp16,0,1.0,Io Net,B,2.403e-06,0.00058840870970635,0.0014553275633911733,0
comprehension,own,neutral,1500,1,0,0,0,aQaQaQaQaQaP,A,nemo-12b,mistralai/mistral-nemo,io-net/fp16,0,1.0,Io Net,A,2.275e-06,0.9947798749786793,0.001400756986556632,0
comprehension,own,neutral,1500,1,0,1,0,aQaPaQaQaQaQ,A,nemo-12b,mistralai/mistral-nemo,io-net/fp16,0,1.0,Io Net,A,2.403e-06,0.9978172830830573,0.002262395294546228,0
comprehension,own,neutral,2000,-1,0,0,0,aPaP,B,nemo-12b,mistralai/mistral-nemo,io-net/fp16,0,1.0,Io Net,B,1.979e-06,0.0015978455582752458,0.0015497010431659852,0
comprehension,own,neutral,2000,-1,0,1,0,aPaP,B,nemo-12b,mistralai/mistral-nemo,io-net/fp16,0,1.0,Io Net,B,1.979e-06,0.0059110687632100934,0.0019344544987954793,0
comprehension,own,neutral,2000,1,0,0,0,aPaP,A,nemo-12b,mistralai/mistral-nemo,io-net/fp16,0,1.0,Io Net,A,1.979e-06,0.9994115910731401,0.0013904623527560625,0
comprehension,own,neutral,2000,1,0,1,0,aPaP,A,nemo-12b,mistralai/mistral-nemo,io-net/fp16,0,1.0,Io Net,A,1.979e-06,0.9982992779589671,0.001876419467649294,0
comprehension,own,neutral,2001,-1,0,0,0,rQaPaP,B,nemo-12b,mistralai/mistral-nemo,io-net/fp16,0,1.0,Io Net,B,2.117e-06,0.005911070186078641,0.00215692213095775,0
comprehension,own,neutral,2001,-1,0,1,0,rQaPaP,B,nemo-12b,mistralai/mistral-nemo,io-net/fp16,0,1.0,Io Net,B,1.989e-06,0.009708477341052532,0.001798230473326945,0
comprehension,own,neutral,2001,1,0,0,0,aPrQaP,A,nemo-12b,mistralai/mistral-nemo,io-net/fp16,0,1.0,Io Net,A,1.989e-06,0.9959298613346453,0.0012877623408369043,0
comprehension,own,neutral,2001,1,0,1,0,aPrQaP,A,nemo-12b,mistralai/mistral-nemo,io-net/fp16,0,1.0,Io Net,A,1.989e-06,0.9978172833862996,0.0018177993405366706,0
comprehension,own,neutral,2002,-1,0,0,0,rQaPrQaP,B,nemo-12b,mistralai/mistral-nemo,io-net/fp16,0,1.0,Io Net,B,2.127e-06,0.007577242479446399,0.0018784973301170238,0
comprehension,own,neutral,2002,-1,0,1,0,aPrQrQaP,B,nemo-12b,mistralai/mistral-nemo,io-net/fp16,0,1.0,Io Net,B,2.127e-06,0.006692852441198913,0.0026345624487857933,0
comprehension,own,neutral,2002,1,0,0,0,aPaPrQrQ,A,nemo-12b,mistralai/mistral-nemo,io-net/fp16,0,1.0,Io Net,A,2.127e-06,0.9947798736825663,0.0016276357045193826,0
comprehension,own,neutral,2002,1,0,1,0,aPrQrQaP,A,nemo-12b,mistralai/mistral-nemo,io-net/fp16,0,1.0,Io Net,A,2.127e-06,0.9953904283782796,0.002100844066003784,0
comprehension,own,neutral,2003,-1,0,0,0,aPrQrQrQaP,B,nemo-12b,mistralai/mistral-nemo,io-net/fp16,0,1.0,Io Net,B,2.265e-06,0.0018102113787573644,0.002130943439940136,0
comprehension,own,neutral,2003,-1,0,1,0,rQrQaPaPrQ,B,nemo-12b,mistralai/mistral-nemo,io-net/fp16,0,1.0,Io Net,B,2.137e-06,0.0021827162090393842,0.0018342731110334576,0
comprehension,own,neutral,2003,1,0,0,0,aPrQrQaPrQ,A,nemo-12b,mistralai/mistral-nemo,io-net/fp16,0,1.0,Io Net,A,2.265e-06,0.9940889306703788,0.0014875661778960374,0
comprehension,own,neutral,2003,1,0,1,0,aPrQrQaPrQ,A,nemo-12b,mistralai/mistral-nemo,io-net/fp16,0,1.0,Io Net,A,2.137e-06,0.9968273165669588,0.002454227811191758,0
comprehension,own,neutral,2004,-1,0,0,0,aPrQaPrQrQrQ,B,nemo-12b,mistralai/mistral-nemo,io-net/fp16,0,1.0,Io Net,B,2.403e-06,0.0040701381462669925,0.0015061974835445247,0
comprehension,own,neutral,2004,-1,0,1,0,rQrQaPrQaPrQ,B,nemo-12b,mistralai/mistral-nemo,io-net/fp16,0,1.0,Io Net,B,2.403e-06,0.0017007224240851067,0.0018466594586252771,0
comprehension,own,neutral,2004,1,0,0,0,rQaPrQaPrQrQ,A,nemo-12b,mistralai/mistral-nemo,io-net/fp16,0,1.0,Io Net,A,2.275e-06,0.9902915240736704,0.0009719184218123789,0
comprehension,own,neutral,2004,1,0,1,0,rQrQaPaPrQrQ,A,nemo-12b,mistralai/mistral-nemo,io-net/fp16,0,1.0,Io Net,A,2.275e-06,0.9947798742508248,0.0019964062058603765,0
comprehension,own,neutral,2010,-1,0,0,0,aPaPrP,B,nemo-12b,mistralai/mistral-nemo,io-net/fp16,0,1.0,Io Net,B,1.989e-06,0.0018102107767218466,0.002063994379020051,0
comprehension,own,neutral,2010,-1,0,1,0,rPaPaP,B,nemo-12b,mistralai/mistral-nemo,io-net/fp16,0,1.0,Io Net,B,1.989e-06,0.0013250223864034567,0.0011234335065558598,0
comprehension,own,neutral,2010,1,0,0,0,rPaPaP,A,nemo-12b,mistralai/mistral-nemo,io-net/fp16,0,1.0,Io Net,A,2.117e-06,0.9940889305390371,0.0016270840710258605,0
comprehension,own,neutral,2010,1,0,1,0,rPaPaP,A,nemo-12b,mistralai/mistral-nemo,io-net/fp16,0,1.0,Io Net,A,1.989e-06,0.996406397813751,0.002369864622641055,0
comprehension,own,neutral,2011,-1,0,0,0,aPrPaPrQ,B,nemo-12b,mistralai/mistral-nemo,io-net/fp16,0,1.0,Io Net,B,2.127e-06,0.005911067882126279,0.0038185752019260777,0
comprehension,own,neutral,2011,-1,0,1,0,aPaPrPrQ,B,nemo-12b,mistralai/mistral-nemo,io-net/fp16,0,1.0,Io Net,B,2.127e-06,0.004609571758463068,0.0020076055750939403,0
comprehension,own,neutral,2011,1,0,0,0,aPaPrQrP,A,nemo-12b,mistralai/mistral-nemo,io-net/fp16,0,1.0,Io Net,A,2.127e-06,0.9968273169910987,0.0017132060088336756,0
comprehension,own,neutral,2011,1,0,1,0,aPrPrQaP,A,nemo-12b,mistralai/mistral-nemo,io-net/fp16,0,1.0,Io Net,A,2.127e-06,0.9975273771190191,0.0023004153591189825,0
comprehension,own,neutral,2012,-1,0,0,0,aPrPrQrQaP,B,nemo-12b,mistralai/mistral-nemo,io-net/fp16,0,1.0,Io Net,B,2.265e-06,0.0023231629856482992,0.0018221089440876304,0
comprehension,own,neutral,2012,-1,0,1,0,rPrQaPaPrQ,B,nemo-12b,mistralai/mistral-nemo,io-net/fp16,0,1.0,Io Net,B,2.265e-06,0.002800927198633133,0.0016203908389001986,0
comprehension,own,neutral,2012,1,0,0,0,rPrQaPrQaP,A,nemo-12b,mistralai/mistral-nemo,io-net/fp16,0,1.0,Io Net,A,2.265e-06,0.993307149341949,0.0016203184703522623,0
comprehension,own,neutral,2012,1,0,1,0,aPrQrPaPrQ,A,nemo-12b,mistralai/mistral-nemo,io-net/fp16,0,1.0,Io Net,A,2.265e-06,0.9968273177083077,0.00226215670575413,0
comprehension,own,neutral,2013,-1,0,0,0,rPrQrQaPaPrQ,B,nemo-12b,mistralai/mistral-nemo,io-net/fp16,0,1.0,Io Net,B,2.403e-06,0.003172683243061864,0.0017466005457162925,0
comprehension,own,neutral,2013,-1,0,1,0,aPrPrQrQaPrQ,B,nemo-12b,mistralai/mistral-nemo,io-net/fp16,0,1.0,Io Net,B,2.403e-06,0.003172682338819001,0.0023459015033918673,0
comprehension,own,neutral,2013,1,0,0,0,rPaPrQaPrQrQ,A,nemo-12b,mistralai/mistral-nemo,io-net/fp16,0,1.0,Io Net,A,2.403e-06,0.9978172836023216,0.001201604784794085,0
comprehension,own,neutral,2013,1,0,1,0,rQrQaPaPrQrP,A,nemo-12b,mistralai/mistral-nemo,io-net/fp16,0,1.0,Io Net,A,2.275e-06,0.9947798742484066,0.0021743718625943298,0
comprehension,own,neutral,2020,-1,0,0,0,rPaPaPrP,B,nemo-12b,mistralai/mistral-nemo,io-net/fp16,0,1.0,Io Net,B,2.127e-06,0.0035936021862491402,0.0024878330127267034,0
comprehension,own,neutral,2020,-1,0,1,0,aPrPrPaP,B,nemo-12b,mistralai/mistral-nemo,io-net/fp16,0,1.0,Io Net,B,1.999e-06,0.005220125480763726,0.0020686868223603883,0
comprehension,own,neutral,2020,1,0,0,0,rPrPaPaP,A,nemo-12b,mistralai/mistral-nemo,io-net/fp16,0,1.0,Io Net,A,2.127e-06,0.989013058705242,0.0017774715462001538,0
comprehension,own,neutral,2020,1,0,1,0,aPrPrPaP,A,nemo-12b,mistralai/mistral-nemo,io-net/fp16,0,1.0,Io Net,A,2.127e-06,0.9980732656111362,0.0018242142242263393,0
comprehension,own,neutral,2021,-1,0,0,0,rPaPrPaPrQ,B,nemo-12b,mistralai/mistral-nemo,io-net/fp16,0,1.0,Io Net,B,2.265e-06,0.0029810322385301754,0.0021147455230761114,0
comprehension,own,neutral,2021,-1,0,1,0,rPaPrQaPrP,B,nemo-12b,mistralai/mistral-nemo,io-net/fp16,0,1.0,Io Net,B,2.265e-06,0.0028009274639616984,0.0016790396244962258,0
comprehension,own,neutral,2021,1,0,0,0,rPrQaPrPaP,A,nemo-12b,mistralai/mistral-nemo,io-net/fp16,0,1.0,Io Net,A,2.265e-06,0.9964063970217415,0.0014939233661492822,0
comprehension,own,neutral,2021,1,0,1,0,rPaPrPrQaP,A,nemo-12b,mistralai/mistral-nemo,io-net/fp16,0,1.0,Io Net,A,2.265e-06,0.9971990728143731,0.001512789828872017,0
comprehension,own,neutral,2022,-1,0,0,0,rQrQrPaPrPaP,B,nemo-12b,mistralai/mistral-nemo,io-net/fp16,0,1.0,Io Net,B,2.403e-06,0.0018102110888883864,0.0011844027708457494,0
comprehension,own,neutral,2022,-1,0,1,0,aPrQrPaPrQrP,B,nemo-12b,mistralai/mistral-nemo,io-net/fp16,0,1.0,Io Net,B,2.403e-06,0.0040701377819618275,0.0022009999230234722,0
comprehension,own,neutral,2022,1,0,0,0,rQrPaPrQaPrP,A,nemo-12b,mistralai/mistral-nemo,io-net/fp16,0,1.0,Io Net,A,2.403e-06,0.9940889311848005,0.001781206967319095,0
comprehension,own,neutral,2022,1,0,1,0,aPrPrPaPrQrQ,A,nemo-12b,mistralai/mistral-nemo,io-net/fp16,0,1.0,Io Net,A,2.275e-06,0.9986749773467846,0.0014555615356827945,0
comprehension,own,neutral,2030,-1,0,0,0,rPaPaPrPrP,B,nemo-12b,mistralai/mistral-nemo,io-net/fp16,0,1.0,Io Net,B,2.137e-06,0.001926734482888855,0.0011491131024937706,0
comprehension,own,neutral,2030,-1,0,1,0,rPrPaPaPrP,B,nemo-12b,mistralai/mistral-nemo,io-net/fp16,0,1.0,Io Net,B,2.265e-06,0.0019267349301796595,0.0016835984357603806,0
comprehension,own,neutral,2030,1,0,0,0,rPaPaPrPrP,A,nemo-12b,mistralai/mistral-nemo,io-net/fp16,0,1.0,Io Net,A,2.137e-06,0.9914225154812351,0.0011332281748077221,0
comprehension,own,neutral,2030,1,0,1,0,aPrPrPrPaP,A,nemo-12b,mistralai/mistral-nemo,io-net/fp16,0,1.0,Io Net,A,2.265e-06,0.9975273763931305,0.0019800078980445903,0
comprehension,own,neutral,2031,-1,0,0,0,aPaPrPrPrPrQ,B,nemo-12b,mistralai/mistral-nemo,io-net/fp16,0,1.0,Io Net,B,2.403e-06,0.0031726832666251993,0.0020716659685614536,0
comprehension,own,neutral,2031,-1,0,1,0,rQaPrPrPaPrP,B,nemo-12b,mistralai/mistral-nemo,io-net/fp16,0,1.0,Io Net,B,2.403e-06,0.0028009275888222084,0.0015343585399867354,0
comprehension,own,neutral,2031,1,0,0,0,rPrPaPrQaPrP,A,nemo-12b,mistralai/mistral-nemo,io-net/fp16,0,1.0,Io Net,A,2.403e-06,0.9990889489889165,0.0008941914588089388,0
comprehension,own,neutral,2031,1,0,1,0,rPaPrPrPaPrQ,A,nemo-12b,mistralai/mistral-nemo,io-net/fp16,0,1.0,Io Net,A,2.403e-06,0.9975273767882344,0.0016290535774197918,0
comprehension,own,neutral,2040,-1,0,0,0,rPaPrPaPrPrP,B,nemo-12b,mistralai/mistral-nemo,io-net/fp16,0,1.0,Io Net,B,2.275e-06,0.004609571937937864,0.0014407105749005833,0
comprehension,own,neutral,2040,-1,0,1,0,aPaPrPrPrPrP,B,nemo-12b,mistralai/mistral-nemo,io-net/fp16,0,1.0,Io Net,B,2.403e-06,0.0026316742963346813,0.0015032715543852326,0
comprehension,own,neutral,2040,1,0,0,0,rPaPrPrPrPaP,A,nemo-12b,mistralai/mistral-nemo,io-net/fp16,0,1.0,Io Net,A,2.403e-06,0.9840936090754159,0.0013455028429944574,0
comprehension,own,neutral,2040,1,0,1,0,aPrPrPaPrPrP,A,nemo-12b,mistralai/mistral-nemo,io-net/fp16,0,1.0,Io Net,A,2.147e-06,0.998498817741518,0.0016586978734618196,0
comprehension,own,neutral,2100,-1,0,0,0,aQaPaP,B,nemo-12b,mistralai/mistral-nemo,io-net/fp16,0,1.0,Io Net,B,1.989e-06,0.003824484519270041,0.002200838680171291,0
comprehension,own,neutral,2100,-1,0,1,0,aQaPaP,B,nemo-12b,mistralai/mistral-nemo,io-net/fp16,0,1.0,Io Net,B,1.989e-06,0.002472623185348722,0.001745670889078954,0
comprehension,own,neutral,2100,1,0,0,0,aPaQaP,A,nemo-12b,mistralai/mistral-nemo,io-net/fp16,0,1.0,Io Net,A,1.989e-06,0.9968273164874325,0.0018723425619167101,0
comprehension,own,neutral,2100,1,0,1,0,aPaQaP,A,nemo-12b,mistralai/mistral-nemo,io-net/fp16,0,1.0,Io Net,A,1.989e-06,0.997199073212366,0.002525784292815322,0
comprehension,own,neutral,2101,-1,0,0,0,aPrQaPaQ,B,nemo-12b,mistralai/mistral-nemo,io-net/fp16,0,1.0,Io Net,B,2.127e-06,0.005220125804791979,0.0025473397741693216,0
comprehension,own,neutral,2101,-1,0,1,0,aPrQaPaQ,B,nemo-12b,mistralai/mistral-nemo,io-net/fp16,0,1.0,Io Net,B,2.127e-06,0.009708477770841793,0.0031838409366199416,0
comprehension,own,neutral,2101,1,0,0,0,aQrQaPaP,A,nemo-12b,mistralai/mistral-nemo,io-net/fp16,0,1.0,Io Net,A,2.127e-06,0.9959298623784835,0.002920567703701182,0
comprehension,own,neutral,2101,1,0,1,0,aPaQaPrQ,A,nemo-12b,mistralai/mistral-nemo,io-net/fp16,0,1.0,Io Net,A,2.127e-06,0.9978172832787957,0.002229002176681737,0
comprehension,own,neutral,2102,-1,0,0,0,aPrQaQaPrQ,B,nemo-12b,mistralai/mistral-nemo,io-net/fp16,0,1.0,Io Net,B,2.265e-06,0.005220125988569206,0.0019241148059725433,0
comprehension,own,neutral,2102,-1,0,1,0,aPaQrQrQaP,B,nemo-12b,mistralai/mistral-nemo,io-net/fp16,0,1.0,Io Net,B,2.265e-06,0.003172683219498529,0.0022082105552577724,0
comprehension,own,neutral,2102,1,0,0,0,rQrQaQaPaP,A,nemo-12b,mistralai/mistral-nemo,io-net/fp16,0,1.0,Io Net,A,2.137e-06,0.9964063967649638,0.0015954041387161357,0
comprehension,own,neutral,2102,1,0,1,0,rQaPaPaQrQ,A,nemo-12b,mistralai/mistral-nemo,io-net/fp16,0,1.0,Io Net,A,2.265e-06,0.9959298621765112,0.002913485488736783,0
comprehension,own,neutral,2103,-1,0,0,0,aPaQrQrQrQaP,B,nemo-12b,mistralai/mistral-nemo,io-net/fp16,0,1.0,Io Net,B,2.275e-06,0.0011695101957007769,0.0016531613678404389,0
comprehension,own,neutral,2103,-1,0,1,0,aPaPrQaQrQrQ,B,nemo-12b,mistralai/mistral-nemo,io-net/fp16,0,1.0,Io Net,B,2.403e-06,0.002800927565410862,0.0020279495741527542,0
comprehension,own,neutral,2103,1,0,0,0,aPrQaQrQrQaP,A,nemo-12b,mistralai/mistral-nemo,io-net/fp16,0,1.0,Io Net,A,2.275e-06,0.9947798739533958,0.001389048821889876,0
comprehension,own,neutral,2103,1,0,1,0,rQrQaPaPrQaQ,A,nemo-12b,mistralai/mistral-nemo,io-net/fp16,0,1.0,Io Net,A,2.403e-06,0.994779875133439,0.0024016093712946884,0
comprehension,own,neutral,2110,-1,0,0,0,aPaPrPaQ,B,nemo-12b,mistralai/mistral-nemo,io-net/fp16,0,1.0,Io Net,B,1.999e-06,0.0035936034251185483,0.0026812723915724535,0
comprehension,own,neutral,2110,-1,0,1,0,aPaQrPaP,B,nemo-12b,mistralai/mistral-nemo,io-net/fp16,0,1.0,Io Net,A,2.127e-06,0.0031726834713316824,0.002193540337338651,0
comprehension,own,neutral,2110,1,0,0,0,aPaQrPaP,A,nemo-12b,mistralai/mistral-nemo,io-net/fp16,0,1.0,Io Net,A,2.127e-06,0.9964063967899746,0.0018638681848415898,0
comprehension,own,neutral,2110,1,0,1,0,aPrPaQaP,A,nemo-12b,mistralai/mistral-nemo,io-net/fp16,0,1.0,Io Net,A,2.127e-06,0.9989677688427215,0.00201374225355382,0
comprehension,own,neutral,2111,-1,0,0,0,aPrPaPrQaQ,B,nemo-12b,mistralai/mistral-nemo,io-net/fp16,0,1.0,Io Net,B,2.137e-06,0.0033766120981037475,0.0020633229462404534,0
comprehension,own,neutral,2111,-1,0,1,0,aPaQrPrQaP,B,nemo-12b,mistralai/mistral-nemo,io-net/fp16,0,1.0,Io Net,B,2.265e-06,0.002472622804027527,0.003128304376709967,0
comprehension,own,neutral,2111,1,0,0,0,aPrPaQrQaP,A,nemo-12b,mistralai/mistral-nemo,io-net/fp16,0,1.0,Io Net,A,2.265e-06,0.998299277545081,0.0015986733648854056,0
comprehension,own,neutral,2111,1,0,1,0,aPaPrPrQaQ,A,nemo-12b,mistralai/mistral-nemo,io-net/fp16,0,1.0,Io Net,A,2.265e-06,0.9980732653953263,0.001563937984301034,0
comprehension,own,neutral,2112,-1,0,0,0,aPaPrQrPrQaQ,B,nemo-12b,mistralai/mistral-nemo,io-net/fp16,0,1.0,Io Net,B,2.403e-06,0.004609572296887477,0.0019720305229756763,0
comprehension,own,neutral,2112,-1,0,1,0,rQaPaQrQaPrP,B,nemo-12b,mistralai/mistral-nemo,io-net/fp16,0,1.0,Io Net,B,2.403e-06,0.004070137183595383,0.0017554165404218836,0
comprehension,own,neutral,2112,1,0,0,0,aPrQaPaQrQrP,A,nemo-12b,mistralai/mistral-nemo,io-net/fp16,0,1.0,Io Net,A,2.275e-06,0.9959298613554088,0.0009929316337679902,0
comprehension,own,neutral,2112,1,0,1,0,rQaPrPrQaPaQ,A,nemo-12b,mistralai/mistral-nemo,io-net/fp16,0,1.0,Io Net,A,2.403e-06,0.9959298618291943,0.0027295552732349328,0
comprehension,own,neutral,2120,-1,0,0,0,rPrPaPaPaQ,B,nemo-12b,mistralai/mistral-nemo,io-net/fp16,0,1.0,Io Net,B,2.265e-06,0.0031726835729485744,0.0017495603627982748,0
comprehension,own,neutral,2120,-1,0,1,0,rPaQaPaPrP,B,nemo-12b,mistralai/mistral-nemo,io-net/fp16,0,1.0,Io Net,B,2.265e-06,0.002182716252649465,0.0014896367153065526,0
comprehension,own,neutral,2120,1,0,0,0,aQrPrPaPaP,A,nemo-12b,mistralai/mistral-nemo,io-net/fp16,0,1.0,Io Net,A,2.265e-06,0.9978172834664205,0.0014216767788944366,0
comprehension,own,neutral,2120,1,0,1,0,aPrPaPaQrP,A,nemo-12b,mistralai/mistral-nemo,io-net/fp16,0,1.0,Io Net,A,2.265e-06,0.9989677690679231,0.001967839282164368,0
comprehension,own,neutral,2121,-1,0,0,0,aPrPrPaQaPrQ,B,nemo-12b,mistralai/mistral-nemo,io-net/fp16,0,1.0,Io Net,B,2.403e-06,0.00232316258091314,0.0018638193839206618,0
comprehension,own,neutral,2121,-1,0,1,0,aPaQrQaPrPrP,B,nemo-12b,mistralai/mistral-nemo,io-net/fp16,0,1.0,Io Net,B,2.403e-06,0.003172683147335816,0.002256240908762641,0
comprehension,own,neutral,2121,1,0,0,0,aPrQaQaPrPrP,A,nemo-12b,mistralai/mistral-nemo,io-net/fp16,0,1.0,Io Net,A,2.403e-06,0.9933071484813325,0.0012852412032787822,0
comprehension,own,neutral,2121,1,0,1,0,aPrPrQaQaPrP,A,nemo-12b,mistralai/mistral-nemo,io-net/fp16,0,1.0,Io Net,A,2.403e-06,0.998073265667999,0.0022505603933319447,0
comprehension,own,neutral,2130,-1,0,0,0,aQaPrPaPrPrP,B,nemo-12b,mistralai/mistral-nemo,io-net/fp16,0,1.0,Io Net,B,2.403e-06,0.0031726822784379724,0.0014111336442866884,0
comprehension,own,neutral,2130,-1,0,1,0,aPrPaPrPaQrP,B,nemo-12b,mistralai/mistral-nemo,io-net/fp16,0,1.0,Io Net,B,2.403e-06,0.003172682505235014,0.002750708165983995,0
comprehension,own,neutral,2130,1,0,0,0,aPrPaPaQrPrP,A,nemo-12b,mistralai/mistral-nemo,io-net/fp16,0,1.0,Io Net,A,2.403e-06,0.9994806951187073,0.0010026306724732308,0
comprehension,own,neutral,2130,1,0,1,0,aQrPaPrPaPrP,A,nemo-12b,mistralai/mistral-nemo,io-net/fp16,0,1.0,Io Net,A,2.403e-06,0.9959298617669038,0.0025331549941624253,0
comprehension,own,neutral,2200,-1,0,0,0,aQaQaPaP,B,nemo-12b,mistralai/mistral-nemo,io-net/fp16,0,1.0,Io Net,B,2.127e-06,0.004609571145257566,0.0018651745733635483,0
comprehension,own,neutral,2200,-1,0,1,0,aPaQaPaQ,B,nemo-12b,mistralai/mistral-nemo,io-net/fp16,0,1.0,Io Net,B,2.127e-06,0.004070138533223291,0.002681613824868534,0
comprehension,own,neutral,2200,1,0,0,0,aPaPaQaQ,A,nemo-12b,mistralai/mistral-nemo,io-net/fp16,0,1.0,Io Net,A,2.127e-06,0.9947798742556611,0.002190547556266194,0
comprehension,own,neutral,2200,1,0,1,0,aQaQaPaP,A,nemo-12b,mistralai/mistral-nemo,io-net/fp16,0,1.0,Io Net,A,2.127e-06,0.9971990732500843,0.00433106413754808,0
comprehension,own,neutral,2201,-1,0,0,0,aQaPaQaPrQ,B,nemo-12b,mistralai/mistral-nemo,io-net/fp16,0,1.0,Io Net,B,2.265e-06,0.0020507431172647975,0.0018410075543480175,0
comprehension,own,neutral,2201,-1,0,1,0,aQaPrQaQaP,B,nemo-12b,mistralai/mistral-nemo,io-net/fp16,0,1.0,Io Net,B,2.265e-06,0.0011695103248909784,0.0013447443535707926,0
comprehension,own,neutral,2201,1,0,0,0,aPaPaQaQrQ,A,nemo-12b,mistralai/mistral-nemo,io-net/fp16,0,1.0,Io Net,A,2.265e-06,0.997817283976557,0.0014533455623504774,0
comprehension,own,neutral,2201,1,0,1,0,rQaQaPaQaP,A,nemo-12b,mistralai/mistral-nemo,io-net/fp16,0,1.0,Io Net,A,2.265e-06,0.99539042721383,0.0025753911720426594,0
comprehension,own,neutral,2202,-1,0,0,0,rQaQaPrQaQaP,B,nemo-12b,mistralai/mistral-nemo,io-net/fp16,0,1.0,Io Net,B,2.403e-06,0.004070137466734069,0.0014722257561063934,0
comprehension,own,neutral,2202,-1,0,1,0,aQrQaPaQaPrQ,B,nemo-12b,mistralai/mistral-nemo,io-net/fp16,0,1.0,Io Net,B,2.403e-06,0.0009110509799301588,0.001526630549881336,0
comprehension,own,neutral,2202,1,0,0,0,rQaPaPaQrQaQ,A,nemo-12b,mistralai/mistral-nemo,io-net/fp16,0,1.0,Io Net,A,2.403e-06,0.9975273773814646,0.0013912316055175854,0
comprehension,own,neutral,2202,1,0,1,0,rQaPaQrQaQaP,A,nemo-12b,mistralai/mistral-nemo,io-net/fp16,0,1.0,Io Net,A,2.403e-06,0.9953904283205913,0.002134164476143437,0
comprehension,own,neutral,2210,-1,0,0,0,aPrPaQaPaQ,B,nemo-12b,mistralai/mistral-nemo,io-net/fp16,0,1.0,Io Net,B,2.265e-06,0.0020507434832142644,0.001795016561707219,0
comprehension,own,neutral,2210,-1,0,1,0,aPaPrPaQaQ,B,nemo-12b,mistralai/mistral-nemo,io-net/fp16,0,1.0,Io Net,B,2.265e-06,0.0031726830133193534,0.0023932086152110843,0
comprehension,own,neutral,2210,1,0,0,0,aPaQaPaQrP,A,nemo-12b,mistralai/mistral-nemo,io-net/fp16,0,1.0,Io Net,A,2.265e-06,0.9980732656585966,0.0012109554380241587,0
comprehension,own,neutral,2210,1,0,1,0,rPaPaQaPaQ,A,nemo-12b,mistralai/mistral-nemo,io-net/fp16,0,1.0,Io Net,A,2.265e-06,0.9975273772499547,0.0016455291254725887,0
comprehension,own,neutral,2211,-1,0,0,0,rQrPaPaQaPaQ,B,nemo-12b,mistralai/mistral-nemo,io-net/fp16,0,1.0,Io Net,B,2.403e-06,0.004070137091103417,0.0014887981951390294,0
comprehension,own,neutral,2211,-1,0,1,0,rPrQaQaPaPaQ,B,nemo-12b,mistralai/mistral-nemo,io-net/fp16,0,1.0,Io Net,B,2.403e-06,0.0024726229958366747,0.0016789514831673236,0
comprehension,own,neutral,2211,1,0,0,0,rQaQrPaQaPaP,A,nemo-12b,mistralai/mistral-nemo,io-net/fp16,0,1.0,Io Net,A,2.403e-06,0.99752737728154,0.001255553221679946,0
comprehension,own,neutral,2211,1,0,1,0,rQaPaQaPrPaQ,A,nemo-12b,mistralai/mistral-nemo,io-net/fp16,0,1.0,Io Net,A,2.403e-06,0.9947798735664964,0.002889373822561387,0
comprehension,own,neutral,2220,-1,0,0,0,rPaPaQaQrPaP,B,nemo-12b,mistralai/mistral-nemo,io-net/fp16,0,1.0,Io Net,B,2.403e-06,0.0021827162090393847,0.0018637823503619977,0
comprehension,own,neutral,2220,-1,0,1,0,aQaPaPaQrPrP,B,nemo-12b,mistralai/mistral-nemo,io-net/fp16,0,1.0,Io Net,B,2.275e-06,0.0009110512802312395,0.0015859954435600843,0
comprehension,own,neutral,2220,1,0,0,0,aQrPaPrPaQaP,A,nemo-12b,mistralai/mistral-nemo,io-net/fp16,0,1.0,Io Net,A,2.403e-06,0.9964063969583807,0.0013963306183559917,0
comprehension,own,neutral,2220,1,0,1,0,rPaQaPaPrPaQ,A,nemo-12b,mistralai/mistral-nemo,io-net/fp16,0,1.0,Io Net,A,2.403e-06,0.9968273170161349,0.0012565903270485602,0
comprehension,own,neutral,2300,-1,0,0,0,aQaPaQaPaQ,B,nemo-12b,mistralai/mistral-nemo,io-net/fp16,0,1.0,Io Net,B,2.265e-06,0.0029810329360729026,0.0017537597085449663,0
comprehension,own,neutral,2300,-1,0,1,0,aPaQaPaQaQ,B,nemo-12b,mistralai/mistral-nemo,io-net/fp16,0,1.0,Io Net,B,2.137e-06,0.0028009270828770506,0.002660008845131512,0
comprehension,own,neutral,2300,1,0,0,0,aQaQaQaPaP,A,nemo-12b,mistralai/mistral-nemo,io-net/fp16,0,1.0,Io Net,A,2.265e-06,0.9953904283868261,0.0017757937106260523,0
comprehension,own,neutral,2300,1,0,1,0,aQaQaPaPaQ,A,nemo-12b,mistralai/mistral-nemo,io-net/fp16,0,1.0,Io Net,A,2.137e-06,0.9978172837098256,0.0032112709986954167,0
comprehension,own,neutral,2301,-1,0,0,0,aQaQaQrQaPaP,B,nemo-12b,mistralai/mistral-nemo,io-net/fp16,0,1.0,Io Net,B,2.403e-06,0.0017007226766861988,0.0009115912313135688,0
comprehension,own,neutral,2301,-1,0,1,0,aQaPaQaPaQrQ,B,nemo-12b,mistralai/mistral-nemo,io-net/fp16,0,1.0,Io Net,B,2.403e-06,0.0009110511965199192,0.0018895971474627293,0
comprehension,own,neutral,2301,1,0,0,0,aQaQaPaPrQaQ,A,nemo-12b,mistralai/mistral-nemo,io-net/fp16,0,1.0,Io Net,A,2.403e-06,0.9984988178430759,0.0012386692255011433,0
comprehension,own,neutral,2301,1,0,1,0,aQaPaQaPrQaQ,A,nemo-12b,mistralai/mistral-nemo,io-net/fp16,0,1.0,Io Net,A,2.403e-06,0.9978172836124635,0.002719727999104819,0
comprehension,own,neutral,2310,-1,0,0,0,rPaQaQaPaQaP,B,nemo-12b,mistralai/mistral-nemo,io-net/fp16,0,1.0,Io Net,B,2.147e-06,0.0019267342657356991,0.0011470953678036633,0
comprehension,own,neutral,2310,-1,0,1,0,aQaPrPaQaQaP,B,nemo-12b,mistralai/mistral-nemo,io-net/fp16,0,1.0,Io Net,B,2.403e-06,0.002182716668466557,0.0018996879291861557,0
comprehension,own,neutral,2310,1,0,0,0,aQaQaPaQrPaP,A,nemo-12b,mistralai/mistral-nemo,io-net/fp16,0,1.0,Io Net,A,2.403e-06,0.9940889303803325,0.0013842900932693357,0
comprehension,own,neutral,2310,1,0,1,0,aQrPaPaQaQaP,A,nemo-12b,mistralai/mistral-nemo,io-net/fp16,0,1.0,Io Net,A,2.403e-06,0.996406397058424,0.0028142857408317615,0
comprehension,own,neutral,2400,-1,0,0,0,aQaQaQaQaPaP,B,nemo-12b,mistralai/mistral-nemo,io-net/fp16,0,1.0,Io Net,B,2.275e-06,0.0024726233909405956,0.0010495923622466652,0
comprehension,own,neutral,2400,-1,0,1,0,aQaPaPaQaQaQ,B,nemo-12b,mistralai/mistral-nemo,io-net/fp16,0,1.0,Io Net,B,2.403e-06,0.0008559007416758515,0.0017234880909534622,0
comprehension,own,neutral,2400,1,0,0,0,aPaQaQaQaQaP,A,nemo-12b,mistralai/mistral-nemo,io-net/fp16,0,1.0,Io Net,A,2.275e-06,0.9959298625125024,0.0014712785792800097,0
comprehension,own,neutral,2400,1,0,1,0,aPaQaQaQaQaP,A,nemo-12b,mistralai/mistral-nemo,io-net/fp16,0,1.0,Io Net,A,2.403e-06,0.9968273167937558,0.0029111676988982523,0
comprehension,own,neutral,3000,-1,0,0,0,aPaPaP,B,nemo-12b,mistralai/mistral-nemo,io-net/fp16,0,1.0,Io Net,B,1.989e-06,0.0018102111688232236,0.001976649768794525,0
comprehension,own,neutral,3000,-1,0,1,0,aPaPaP,B,nemo-12b,mistralai/mistral-nemo,io-net/fp16,0,1.0,Io Net,B,1.989e-06,0.003593603029947507,0.002064648194259222,0
comprehension,own,neutral,3000,1,0,0,0,aPaPaP,A,nemo-12b,mistralai/mistral-nemo,io-net/fp16,0,1.0,Io Net,A,1.989e-06,0.999480695157741,0.0011959386584953645,0
comprehension,own,neutral,3000,1,0,1,0,aPaPaP,A,nemo-12b,mistralai/mistral-nemo,io-net/fp16,0,1.0,Io Net,A,1.989e-06,0.9991440995520104,0.0019392331966677466,0
comprehension,own,neutral,3001,-1,0,0,0,aPaPrQaP,B,nemo-12b,mistralai/mistral-nemo,io-net/fp16,0,1.0,Io Net,B,2.127e-06,0.0035936019828278244,0.003451455112712387,0
comprehension,own,neutral,3001,-1,0,1,0,aPaPrQaP,B,nemo-12b,mistralai/mistral-nemo,io-net/fp16,0,1.0,Io Net,B,2.127e-06,0.006692850125583305,0.001895366445957336,0
comprehension,own,neutral,3001,1,0,0,0,aPrQaPaP,A,nemo-12b,mistralai/mistral-nemo,io-net/fp16,0,1.0,Io Net,A,2.127e-06,0.9964063973402126,0.0018265906832069224,0
comprehension,own,neutral,3001,1,0,1,0,rQaPaPaP,A,nemo-12b,mistralai/mistral-nemo,io-net/fp16,0,1.0,Io Net,A,2.127e-06,0.9959298617744542,0.003390819381566667,0
comprehension,own,neutral,3002,-1,0,0,0,rQaPaPrQaP,B,nemo-12b,mistralai/mistral-nemo,io-net/fp16,0,1.0,Io Net,B,2.137e-06,0.0031726828837210213,0.001290371126721701,0
comprehension,own,neutral,3002,-1,0,1,0,aPaPrQrQaP,B,nemo-12b,mistralai/mistral-nemo,io-net/fp16,0,1.0,Io Net,B,2.137e-06,0.004609571826834418,0.0020942267524332037,0
comprehension,own,neutral,3002,1,0,0,0,rQaPrQaPaP,A,nemo-12b,mistralai/mistral-nemo,io-net/fp16,0,1.0,Io Net,A,2.265e-06,0.9971990726791076,0.0011266334799830318,0
comprehension,own,neutral,3002,1,0,1,0,aPrQaPaPrQ,A,nemo-12b,mistralai/mistral-nemo,io-net/fp16,0,1.0,Io Net,A,2.265e-06,0.998498817546429,0.0016926263205998627,0
comprehension,own,neutral,3003,-1,0,0,0,aPrQrQaPaPrQ,B,nemo-12b,mistralai/mistral-nemo,io-net/fp16,0,1.0,Io Net,B,2.147e-06,0.002050743527528462,0.0016955531001378032,0
comprehension,own,neutral,3003,-1,0,1,0,aPrQrQaPaPrQ,B,nemo-12b,mistralai/mistral-nemo,io-net/fp16,0,1.0,Io Net,B,2.275e-06,0.0029810327215508163,0.002035916522672432,0
comprehension,own,neutral,3003,1,0,0,0,aPrQaPrQaPrQ,A,nemo-12b,mistralai/mistral-nemo,io-net/fp16,0,1.0,Io Net,A,2.403e-06,0.9964063965865532,0.001230236335543958,0
comprehension,own,neutral,3003,1,0,1,0,aPrQaPrQrQaP,A,nemo-12b,mistralai/mistral-nemo,io-net/fp16,0,1.0,Io Net,A,2.403e-06,0.9978172838497835,0.0020141438309112065,0
comprehension,own,neutral,3010,-1,0,0,0,aPaPrPaP,B,nemo-12b,mistralai/mistral-nemo,io-net/fp16,0,1.0,Io Net,B,1.999e-06,0.002182716082265899,0.0019360659230430732,0
comprehension,own,neutral,3010,-1,0,1,0,rPaPaPaP,B,nemo-12b,mistralai/mistral-nemo,io-net/fp16,0,1.0,Io Net,B,2.127e-06,0.0024726226742405066,0.001595035675486245,0
comprehension,own,neutral,3010,1,0,0,0,aPaPrPaP,A,nemo-12b,mistralai/mistral-nemo,io-net/fp16,0,1.0,Io Net,A,2.127e-06,0.997199072452798,0.0013705499690414794,0
comprehension,own,neutral,3010,1,0,1,0,aPaPaPrP,A,nemo-12b,mistralai/mistral-nemo,io-net/fp16,0,1.0,Io Net,A,2.127e-06,0.9978172839420746,0.002080246310917458,0
comprehension,own,neutral,3011,-1,0,0,0,aPrPaPaPrQ,B,nemo-12b,mistralai/mistral-nemo,io-net/fp16,0,1.0,Io Net,B,2.265e-06,0.0026316736216561863,0.002020424412341404,0
comprehension,own,neutral,3011,-1,0,1,0,aPaPaPrPrQ,B,nemo-12b,mistralai/mistral-nemo,io-net/fp16,0,1.0,Io Net,B,2.265e-06,0.003593603001601907,0.002210716397444523,0
comprehension,own,neutral,3011,1,0,0,0,aPrPaPrQaP,A,nemo-12b,mistralai/mistral-nemo,io-net/fp16,0,1.0,Io Net,A,2.265e-06,0.999088948964333,0.0011276324219520071,0
comprehension,own,neutral,3011,1,0,1,0,aPaPrQaPrP,A,nemo-12b,mistralai/mistral-nemo,io-net/fp16,0,1.0,Io Net,A,2.265e-06,0.9989677688844967,0.0013253465086764558,0
comprehension,own,neutral,3012,-1,0,0,0,rPaPrQaPaPrQ,B,nemo-12b,mistralai/mistral-nemo,io-net/fp16,0,1.0,Io Net,B,2.403e-06,0.0020507430805745547,0.0015610863863714242,0
comprehension,own,neutral,3012,-1,0,1,0,aPaPrQaPrPrQ,B,nemo-12b,mistralai/mistral-nemo,io-net/fp16,0,1.0,Io Net,B,2.275e-06,0.0028009269228995515,0.002242315061298572,0
comprehension,own,neutral,3012,1,0,0,0,rQaPaPrQrPaP,A,nemo-12b,mistralai/mistral-nemo,io-net/fp16,0,1.0,Io Net,A,2.403e-06,0.9975273769450126,0.0012509267568396802,0
comprehension,own,neutral,3012,1,0,1,0,aPaPrQrQrPaP,A,nemo-12b,mistralai/mistral-nemo,io-net/fp16,0,1.0,Io Net,A,2.403e-06,0.9980732653818941,0.0017924426717194138,0
comprehension,own,neutral,3020,-1,0,0,0,aPaPrPrPaP,B,nemo-12b,mistralai/mistral-nemo,io-net/fp16,0,1.0,Io Net,B,2.265e-06,0.0018102107030976706,0.0016546363006725295,0
comprehension,own,neutral,3020,-1,0,1,0,aPaPaPrPrP,B,nemo-12b,mistralai/mistral-nemo,io-net/fp16,0,1.0,Io Net,B,2.265e-06,0.0019267349946540185,0.0013279708514783994,0
comprehension,own,neutral,3020,1,0,0,0,rPaPaPrPaP,A,nemo-12b,mistralai/mistral-nemo,io-net/fp16,0,1.0,Io Net,A,2.265e-06,0.9924227602028497,0.0014830343000137563,0
comprehension,own,neutral,3020,1,0,1,0,rPaPrPaPaP,A,nemo-12b,mistralai/mistral-nemo,io-net/fp16,0,1.0,Io Net,A,2.265e-06,0.9959298615687067,0.002060791903782085,0
comprehension,own,neutral,3021,-1,0,0,0,rQaPrPrPaPaP,B,nemo-12b,mistralai/mistral-nemo,io-net/fp16,0,1.0,Io Net,B,2.403e-06,0.006692849921264319,0.0015478441241078,0
comprehension,own,neutral,3021,-1,0,1,0,aPaPrQaPrPrP,B,nemo-12b,mistralai/mistral-nemo,io-net/fp16,0,1.0,Io Net,B,2.275e-06,0.0024726226099212783,0.001572157766185911,0
comprehension,own,neutral,3021,1,0,0,0,aPaPrPrPrQaP,A,nemo-12b,mistralai/mistral-nemo,io-net/fp16,0,1.0,Io Net,A,2.403e-06,0.9991440993351803,0.001364894512463674,0
comprehension,own,neutral,3021,1,0,1,0,aPrPaPaPrPrQ,A,nemo-12b,mistralai/mistral-nemo,io-net/fp16,0,1.0,Io Net,A,2.403e-06,0.9990889488596408,0.0014534828766042075,0
comprehension,own,neutral,3030,-1,0,0,0,aPrPrPaPaPrP,B,nemo-12b,mistralai/mistral-nemo,io-net/fp16,0,1.0,Io Net,B,2.275e-06,0.003172683572948575,0.0015529518051425883,0
comprehension,own,neutral,3030,-1,0,1,0,rPaPaPaPrPrP,B,nemo-12b,mistralai/mistral-nemo,io-net/fp16,0,1.0,Io Net,B,2.147e-06,0.0019267345178124577,0.0010648244596374035,0
comprehension,own,neutral,3030,1,0,0,0,aPaPaPrPrPrP,A,nemo-12b,mistralai/mistral-nemo,io-net/fp16,0,1.0,Io Net,A,2.275e-06,0.9984988176909135,0.0006642520461537891,0
comprehension,own,neutral,3030,1,0,1,0,rPaPrPaPaPrP,A,nemo-12b,mistralai/mistral-nemo,io-net/fp16,0,1.0,Io Net,A,2.275e-06,0.9964063970700957,0.0017243277469250408,0
comprehension,own,neutral,3100,-1,0,0,0,aPaQaPaP,B,nemo-12b,mistralai/mistral-nemo,io-net/fp16,0,1.0,Io Net,B,2.127e-06,0.0015978452180426838,0.002192490115135781,0
comprehension,own,neutral,3100,-1,0,1,0,aQaPaPaP,B,nemo-12b,mistralai/mistral-nemo,io-net/fp16,0,1.0,Io Net,B,2.127e-06,0.002472622686874641,0.0019834437005559202,0
comprehension,own,neutral,3100,1,0,0,0,aPaPaPaQ,A,nemo-12b,mistralai/mistral-nemo,io-net/fp16,0,1.0,Io Net,A,2.127e-06,0.9971990723708583,0.002144553657242107,0
comprehension,own,neutral,3100,1,0,1,0,aPaPaPaQ,A,nemo-12b,mistralai/mistral-nemo,io-net/fp16,0,1.0,Io Net,A,2.127e-06,0.9988304896870761,0.00219628540511676,0
comprehension,own,neutral,3101,-1,0,0,0,rQaPaPaPaQ,B,nemo-12b,mistralai/mistral-nemo,io-net/fp16,0,1.0,Io Net,B,2.265e-06,0.0066928495373923015,0.0016687087098133935,0
comprehension,own,neutral,3101,-1,0,1,0,aQaPrQaPaP,B,nemo-12b,mistralai/mistral-nemo,io-net/fp16,0,1.0,Io Net,B,2.265e-06,0.0017007221536952466,0.0016518155018165892,0
comprehension,own,neutral,3101,1,0,0,0,aPrQaPaQaP,A,nemo-12b,mistralai/mistral-nemo,io-net/fp16,0,1.0,Io Net,A,2.265e-06,0.9971990726817088,0.001389991693758468,0
comprehension,own,neutral,3101,1,0,1,0,aPrQaPaQaP,A,nemo-12b,mistralai/mistral-nemo,io-net/fp16,0,1.0,Io Net,A,2.265e-06,0.9980732649901228,0.0023912518898070783,0
comprehension,own,neutral,3102,-1,0,0,0,aPrQaPaPrQaQ,B,nemo-12b,mistralai/mistral-nemo,io-net/fp16,0,1.0,Io Net,B,2.275e-06,0.0024726236091666253,0.0012225757599169107,0
comprehension,own,neutral,3102,-1,0,1,0,aQrQrQaPaPaP,B,nemo-12b,mistralai/mistral-nemo,io-net/fp16,0,1.0,Io Net,B,2.403e-06,0.0010987310849348909,0.0011845005603111636,0
comprehension,own,neutral,3102,1,0,0,0,aPaPaPaQrQrQ,A,nemo-12b,mistralai/mistral-nemo,io-net/fp16,0,1.0,Io Net,A,2.275e-06,0.9994806950639634,0.0008474308742346872,0
comprehension,own,neutral,3102,1,0,1,0,aPaQrQrQaPaP,A,nemo-12b,mistralai/mistral-nemo,io-net/fp16,0,1.0,Io Net,A,2.403e-06,0.9971990735414253,0.0018100587632275665,0
comprehension,own,neutral,3110,-1,0,0,0,aPaPaPaQrP,B,nemo-12b,mistralai/mistral-nemo,io-net/fp16,0,1.0,Io Net,B,2.265e-06,0.001098730893537552,0.0017185613079550022,0
comprehension,own,neutral,3110,-1,0,1,0,aPaQaPaPrP,B,nemo-12b,mistralai/mistral-nemo,io-net/fp16,0,1.0,Io Net,B,2.137e-06,0.0015011819956876052,0.0022262848509564392,0
comprehension,own,neutral,3110,1,0,0,0,aQaPrPaPaP,A,nemo-12b,mistralai/mistral-nemo,io-net/fp16,0,1.0,Io Net,A,2.265e-06,0.9964063971267869,0.0010105105255012099,0
comprehension,own,neutral,3110,1,0,1,0,rPaPaPaPaQ,A,nemo-12b,mistralai/mistral-nemo,io-net/fp16,0,1.0,Io Net,A,2.265e-06,0.9982992773375449,0.0016335480530383104,0
comprehension,own,neutral,3111,-1,0,0,0,aPaQrPrQaPaP,B,nemo-12b,mistralai/mistral-nemo,io-net/fp16,0,1.0,Io Net,B,2.403e-06,0.0015011825317462872,0.0021295782418556675,0
comprehension,own,neutral,3111,-1,0,1,0,aPaPaQaPrQrP,B,nemo-12b,mistralai/mistral-nemo,io-net/fp16,0,1.0,Io Net,B,2.275e-06,0.0014103585995822536,0.0016500812011414068,0
comprehension,own,neutral,3111,1,0,0,0,aQaPaPrQaPrP,A,nemo-12b,mistralai/mistral-nemo,io-net/fp16,0,1.0,Io Net,A,2.403e-06,0.9984988175324692,0.0013350730204682686,0
comprehension,own,neutral,3111,1,0,1,0,aPaPrQrPaPaQ,A,nemo-12b,mistralai/mistral-nemo,io-net/fp16,0,1.0,Io Net,A,2.403e-06,0.9990889486831053,0.0015698487416897972,0
comprehension,own,neutral,3120,-1,0,0,0,aPrPaPrPaPaQ,B,nemo-12b,mistralai/mistral-nemo,io-net/fp16,0,1.0,Io Net,B,2.403e-06,0.002800926340217357,0.002443812752973562,0
comprehension,own,neutral,3120,-1,0,1,0,aQrPaPaPaPrP,B,nemo-12b,mistralai/mistral-nemo,io-net/fp16,0,1.0,Io Net,B,2.147e-06,0.00280092731959174,0.0014461791510029798,0
comprehension,own,neutral,3120,1,0,0,0,aQaPrPaPaPrP,A,nemo-12b,mistralai/mistral-nemo,io-net/fp16,0,1.0,Io Net,A,2.275e-06,0.9968273167775561,0.0010189944267565729,0
comprehension,own,neutral,3120,1,0,1,0,rPaPaPrPaPaQ,A,nemo-12b,mistralai/mistral-nemo,io-net/fp16,0,1.0,Io Net,A,2.147e-06,0.9982992774185827,0.0017525079493483603,0
comprehension,own,neutral,3200,-1,0,0,0,aQaPaPaQaP,B,nemo-12b,mistralai/mistral-nemo,io-net/fp16,0,1.0,Io Net,B,2.137e-06,0.002981032108432939,0.0019581420216758794,0
comprehension,own,neutral,3200,-1,0,1,0,aPaQaPaPaQ,B,nemo-12b,mistralai/mistral-nemo,io-net/fp16,0,1.0,Io Net,B,2.265e-06,0.004070137883891766,0.0019464460592703015,0
comprehension,own,neutral,3200,1,0,0,0,aQaQaPaPaP,A,nemo-12b,mistralai/mistral-nemo,io-net/fp16,0,1.0,Io Net,A,2.265e-06,0.9971990726504937,0.0015266555113779062,0
comprehension,own,neutral,3200,1,0,1,0,aPaQaPaQaP,A,nemo-12b,mistralai/mistral-nemo,io-net/fp16,0,1.0,Io Net,A,2.265e-06,0.9975273772809657,0.0028972254354387716,0
comprehension,own,neutral,3201,-1,0,0,0,rQaQaQaPaPaP,B,nemo-12b,mistralai/mistral-nemo,io-net/fp16,0,1.0,Io Net,B,2.403e-06,0.005911069792053471,0.0011995454233311165,0
comprehension,own,neutral,3201,-1,0,1,0,aPaQaPaPaQrQ,B,nemo-12b,mistralai/mistral-nemo,io-net/fp16,0,1.0,Io Net,B,2.275e-06,0.0015978453506442305,0.002324834235300388,0
comprehension,own,neutral,3201,1,0,0,0,aPaPaPaQaQrQ,A,nemo-12b,mistralai/mistral-nemo,io-net/fp16,0,1.0,Io Net,A,2.275e-06,0.9990889489361466,0.0012267286973466087,0
comprehension,own,neutral,3201,1,0,1,0,aQaPaPrQaQaP,A,nemo-12b,mistralai/mistral-nemo,io-net/fp16,0,1.0,Io Net,A,2.403e-06,0.9980732649766908,0.0021928735072289157,0
comprehension,own,neutral,3210,-1,0,0,0,rPaPaQaPaPaQ,B,nemo-12b,mistralai/mistral-nemo,io-net/fp16,0,1.0,Io Net,B,2.403e-06,0.0031726835700031574,0.0016524501207240139,0
comprehension,own,neutral,3210,-1,0,1,0,aQaQaPaPaPrP,B,nemo-12b,mistralai/mistral-nemo,io-net/fp16,0,1.0,Io Net,B,2.275e-06,0.0005527786036077413,0.0014291517843459944,0
comprehension,own,neutral,3210,1,0,0,0,rPaQaPaQaPaP,A,nemo-12b,mistralai/mistral-nemo,io-net/fp16,0,1.0,Io Net,A,2.403e-06,0.9924227576326078,0.0014848013908924963,0
comprehension,own,neutral,3210,1,0,1,0,aPaPaPrPaQaQ,A,nemo-12b,mistralai/mistral-nemo,io-net/fp16,0,1.0,Io Net,A,2.275e-06,0.9991440994126339,0.0013519470276487262,0
comprehension,own,neutral,3300,-1,0,0,0,aPaQaPaQaQaP,B,nemo-12b,mistralai/mistral-nemo,io-net/fp16,0,1.0,Io Net,B,2.403e-06,0.003172682107603848,0.0016248547615266284,0
comprehension,own,neutral,3300,-1,0,1,0,aQaQaPaPaQaP,B,nemo-12b,mistralai/mistral-nemo,io-net/fp16,0,1.0,Io Net,B,2.403e-06,0.0006667023202574813,0.001860979216995684,0
comprehension,own,neutral,3300,1,0,0,0,aPaQaPaQaPaQ,A,nemo-12b,mistralai/mistral-nemo,io-net/fp16,0,1.0,Io Net,A,2.403e-06,0.9975273769283586,0.0011847338373010639,0
comprehension,own,neutral,3300,1,0,1,0,aPaPaQaPaQaQ,A,nemo-12b,mistralai/mistral-nemo,io-net/fp16,0,1.0,Io Net,A,2.275e-06,0.9986749773390821,0.0015788807856709497,0
comprehension,own,neutral,4000,-1,0,0,0,aPaPaPaP,B,nemo-12b,mistralai/mistral-nemo,io-net/fp16,0,1.0,Io Net,B,2.127e-06,0.0028009274782686312,0.001985089290900688,0
comprehension,own,neutral,4000,-1,0,1,0,aPaPaPaP,B,nemo-12b,mistralai/mistral-nemo,io-net/fp16,0,1.0,Io Net,B,1.999e-06,0.007577241442945421,0.0017674602689305985,0
comprehension,own,neutral,4000,1,0,0,0,aPaPaPaP,A,nemo-12b,mistralai/mistral-nemo,io-net/fp16,0,1.0,Io Net,A,2.127e-06,0.9986749776135965,0.0018047884115772017,0
comprehension,own,neutral,4000,1,0,1,0,aPaPaPaP,A,nemo-12b,mistralai/mistral-nemo,io-net/fp16,0,1.0,Io Net,A,2.127e-06,0.9987551567601491,0.002318381576468658,0
comprehension,own,neutral,4001,-1,0,0,0,aPrQaPaPaP,B,nemo-12b,mistralai/mistral-nemo,io-net/fp16,0,1.0,Io Net,B,2.265e-06,0.005220126107057158,0.0016161699382403194,0
comprehension,own,neutral,4001,-1,0,1,0,aPrQaPaPaP,B,nemo-12b,mistralai/mistral-nemo,io-net/fp16,0,1.0,Io Net,B,2.265e-06,0.010986940130962098,0.00231794361963944,0
comprehension,own,neutral,4001,1,0,0,0,aPaPrQaPaP,A,nemo-12b,mistralai/mistral-nemo,io-net/fp16,0,1.0,Io Net,A,2.265e-06,0.9990889486305473,0.0007354506570529524,0
comprehension,own,neutral,4001,1,0,1,0,aPaPaPrQaP,A,nemo-12b,mistralai/mistral-nemo,io-net/fp16,0,1.0,Io Net,A,2.137e-06,0.9991959142142101,0.001353605966722049,0
comprehension,own,neutral,4002,-1,0,0,0,aPaPrQaPrQaP,B,nemo-12b,mistralai/mistral-nemo,io-net/fp16,0,1.0,Io Net,B,2.275e-06,0.0031726833328970805,0.001518596710605502,0
comprehension,own,neutral,4002,-1,0,1,0,aPrQaPaPrQaP,B,nemo-12b,mistralai/mistral-nemo,io-net/fp16,0,1.0,Io Net,B,2.275e-06,0.004609572113139458,0.0019239240010476832,0
comprehension,own,neutral,4002,1,0,0,0,aPrQaPaPaPrQ,A,nemo-12b,mistralai/mistral-nemo,io-net/fp16,0,1.0,Io Net,A,2.275e-06,0.997527377355622,0.001166939013205976,0
comprehension,own,neutral,4002,1,0,1,0,aPaPaPrQaPrQ,A,nemo-12b,mistralai/mistral-nemo,io-net/fp16,0,1.0,Io Net,A,2.275e-06,0.999195914105338,0.000916025161482353,0
comprehension,own,neutral,4010,-1,0,0,0,aPrPaPaPaP,B,nemo-12b,mistralai/mistral-nemo,io-net/fp16,0,1.0,Io Net,B,2.265e-06,0.0018102109197631116,0.001585250350012779,0
comprehension,own,neutral,4010,-1,0,1,0,aPaPaPaPrP,B,nemo-12b,mistralai/mistral-nemo,io-net/fp16,0,1.0,Io Net,B,2.137e-06,0.002182716824651534,0.0017936210296051192,0
comprehension,own,neutral,4010,1,0,0,0,aPaPaPaPrP,A,nemo-12b,mistralai/mistral-nemo,io-net/fp16,0,1.0,Io Net,A,2.265e-06,0.9989677689992582,0.0009965998040382914,0
comprehension,own,neutral,4010,1,0,1,0,aPaPaPrPaP,A,nemo-12b,mistralai/mistral-nemo,io-net/fp16,0,1.0,Io Net,A,2.137e-06,0.999088948952465,0.0013952898639757881,0
comprehension,own,neutral,4011,-1,0,0,0,aPrPaPaPaPrQ,B,nemo-12b,mistralai/mistral-nemo,io-net/fp16,0,1.0,Io Net,B,2.275e-06,0.0028009275133856495,0.0018823041428394083,0
comprehension,own,neutral,4011,-1,0,1,0,aPaPaPrQrPaP,B,nemo-12b,mistralai/mistral-nemo,io-net/fp16,0,1.0,Io Net,B,2.403e-06,0.002182716739459727,0.001493668419229377,0
comprehension,own,neutral,4011,1,0,0,0,aPaPrPaPrQaP,A,nemo-12b,mistralai/mistral-nemo,io-net/fp16,0,1.0,Io Net,A,2.147e-06,0.9996200154184771,0.0009586179653595201,0
comprehension,own,neutral,4011,1,0,1,0,aPaPaPrQaPrP,A,nemo-12b,mistralai/mistral-nemo,io-net/fp16,0,1.0,Io Net,A,2.403e-06,0.9988304899440966,0.001244984730065802,0
comprehension,own,neutral,4020,-1,0,0,0,aPrPrPaPaPaP,B,nemo-12b,mistralai/mistral-nemo,io-net/fp16,0,1.0,Io Net,B,2.403e-06,0.004070138185906416,0.001874655273455983,0
comprehension,own,neutral,4020,-1,0,1,0,aPrPaPaPrPaP,B,nemo-12b,mistralai/mistral-nemo,io-net/fp16,0,1.0,Io Net,B,2.403e-06,0.0031726831576447748,0.0017760855021012878,0
comprehension,own,neutral,4020,1,0,0,0,rPaPaPrPaPaP,A,nemo-12b,mistralai/mistral-nemo,io-net/fp16,0,1.0,Io Net,A,2.275e-06,0.9953904271732344,0.0013494781184377833,0
comprehension,own,neutral,4020,1,0,1,0,rPaPrPaPaPaP,A,nemo-12b,mistralai/mistral-nemo,io-net/fp16,0,1.0,Io Net,A,2.275e-06,0.9978172837579995,0.0017105302624685083,0
comprehension,own,neutral,4100,-1,0,0,0,aPaPaPaPaQ,B,nemo-12b,mistralai/mistral-nemo,io-net/fp16,0,1.0,Io Net,B,2.137e-06,0.002631674484560234,0.0017375666857487593,0
comprehension,own,neutral,4100,-1,0,1,0,aPaPaPaPaQ,B,nemo-12b,mistralai/mistral-nemo,io-net/fp16,0,1.0,Io Net,B,2.137e-06,0.005220126015168542,0.0025421481116379985,0
comprehension,own,neutral,4100,1,0,0,0,aPaQaPaPaP,A,nemo-12b,mistralai/mistral-nemo,io-net/fp16,0,1.0,Io Net,A,2.265e-06,0.9986749776554977,0.0012310402532575363,0
comprehension,own,neutral,4100,1,0,1,0,aPaPaQaPaP,A,nemo-12b,mistralai/mistral-nemo,io-net/fp16,0,1.0,Io Net,A,2.265e-06,0.9984988180259502,0.002198199314556082,0
comprehension,own,neutral,4101,-1,0,0,0,aPaPrQaPaQaP,B,nemo-12b,mistralai/mistral-nemo,io-net/fp16,0,1.0,Io Net,B,2.275e-06,0.003172683456604597,0.0016352765184087792,0
comprehension,own,neutral,4101,-1,0,1,0,aQaPaPaPrQaP,B,nemo-12b,mistralai/mistral-nemo,io-net/fp16,0,1.0,Io Net,B,2.275e-06,0.0015011822344012133,0.0017743543927767336,0
comprehension,own,neutral,4101,1,0,0,0,aPaPrQaQaPaP,A,nemo-12b,mistralai/mistral-nemo,io-net/fp16,0,1.0,Io Net,A,2.403e-06,0.9992903297232502,0.0010117289328417823,0
comprehension,own,neutral,4101,1,0,1,0,aQaPaPaPrQaP,A,nemo-12b,mistralai/mistral-nemo,io-net/fp16,0,1.0,Io Net,A,2.403e-06,0.9982992777668481,0.0020083595457397467,0
comprehension,own,neutral,4110,-1,0,0,0,aPaPaPaQaPrP,B,nemo-12b,mistralai/mistral-nemo,io-net/fp16,0,1.0,Io Net,B,2.403e-06,0.001169510124714167,0.0014574254996395641,0
comprehension,own,neutral,4110,-1,0,1,0,rPaQaPaPaPaP,B,nemo-12b,mistralai/mistral-nemo,io-net/fp16,0,1.0,Io Net,B,2.275e-06,0.00317268282481269,0.0017007714816258401,0
comprehension,own,neutral,4110,1,0,0,0,rPaPaPaQaPaP,A,nemo-12b,mistralai/mistral-nemo,io-net/fp16,0,1.0,Io Net,A,2.403e-06,0.9991959141154396,0.0009908046686032592,0
comprehension,own,neutral,4110,1,0,1,0,rPaPaPaQaPaP,A,nemo-12b,mistralai/mistral-nemo,io-net/fp16,0,1.0,Io Net,A,2.403e-06,0.9984988175062943,0.0012436557445946312,0
comprehension,own,neutral,4200,-1,0,0,0,aQaPaPaPaQaP,B,nemo-12b,mistralai/mistral-nemo,io-net/fp16,0,1.0,Io Net,B,2.147e-06,0.004070138010360398,0.0015333025547790147,0
comprehension,own,neutral,4200,-1,0,1,0,aQaPaPaPaQaP,B,nemo-12b,mistralai/mistral-nemo,io-net/fp16,0,1.0,Io Net,B,2.403e-06,0.0015011820651379053,0.0018085126128214446,0
comprehension,own,neutral,4200,1,0,0,0,aQaPaPaQaPaP,A,nemo-12b,mistralai/mistral-nemo,io-net/fp16,0,1.0,Io Net,A,2.403e-06,0.9980732655690489,0.0011190795048768606,0
comprehension,own,neutral,4200,1,0,1,0,aQaPaPaPaPaQ,A,nemo-12b,mistralai/mistral-nemo,io-net/fp16,0,1.0,Io Net,A,2.403e-06,0.9978172839725002,0.00280087758673446,0
comprehension,own,neutral,5000,-1,0,0,0,aPaPaPaPaP,B,nemo-12b,mistralai/mistral-nemo,io-net/fp16,0,1.0,Io Net,B,2.137e-06,0.0018102106652338097,0.0017284001590105458,0
comprehension,own,neutral,5000,-1,0,1,0,aPaPaPaPaP,B,nemo-12b,mistralai/mistral-nemo,io-net/fp16,0,1.0,Io Net,B,2.265e-06,0.005220125403383847,0.0016703054702271736,0
comprehension,own,neutral,5000,1,0,0,0,aPaPaPaPaP,A,nemo-12b,mistralai/mistral-nemo,io-net/fp16,0,1.0,Io Net,A,2.137e-06,0.9993736659681729,0.0009692487716540473,0
comprehension,own,neutral,5000,1,0,1,0,aPaPaPaPaP,A,nemo-12b,mistralai/mistral-nemo,io-net/fp16,0,1.0,Io Net,A,2.137e-06,0.9990889488693896,0.00140728514696448,0
comprehension,own,neutral,5001,-1,0,0,0,aPaPrQaPaPaP,B,nemo-12b,mistralai/mistral-nemo,io-net/fp16,0,1.0,Io Net,B,2.275e-06,0.0024726237142596937,0.0012750047952276855,0
comprehension,own,neutral,5001,-1,0,1,0,aPrQaPaPaPaP,B,nemo-12b,mistralai/mistral-nemo,io-net/fp16,0,1.0,Io Net,B,2.147e-06,0.01098694082923955,0.00233085170470837,0
comprehension,own,neutral,5001,1,0,0,0,rQaPaPaPaPaP,A,nemo-12b,mistralai/mistral-nemo,io-net/fp16,0,1.0,Io Net,A,2.403e-06,0.9989677688622887,0.0008685828004159045,0
comprehension,own,neutral,5001,1,0,1,0,aPaPaPaPaPrQ,A,nemo-12b,mistralai/mistral-nemo,io-net/fp16,0,1.0,Io Net,A,2.275e-06,0.999373665748035,0.0009729345194947965,0
comprehension,own,neutral,5010,-1,0,0,0,aPaPaPrPaPaP,B,nemo-12b,mistralai/mistral-nemo,io-net/fp16,0,1.0,Io Net,B,2.403e-06,0.0021827164240472326,0.0012330497924791795,0
comprehension,own,neutral,5010,-1,0,1,0,aPaPrPaPaPaP,B,nemo-12b,mistralai/mistral-nemo,io-net/fp16,0,1.0,Io Net,B,2.403e-06,0.005220125974060477,0.0015328293845318086,0
comprehension,own,neutral,5010,1,0,0,0,aPaPaPrPaPaP,A,nemo-12b,mistralai/mistral-nemo,io-net/fp16,0,1.0,Io Net,A,2.403e-06,0.9990889486648796,0.0009598129354848089,0
comprehension,own,neutral,5010,1,0,1,0,aPaPaPaPaPrP,A,nemo-12b,mistralai/mistral-nemo,io-net/fp16,0,1.0,Io Net,A,2.275e-06,0.9990302481043996,0.0013505104471806591,0
comprehension,own,neutral,5100,-1,0,0,0,aPaPaPaPaQaP,B,nemo-12b,mistralai/mistral-nemo,io-net/fp16,0,1.0,Io Net,B,2.275e-06,0.0028009263155053914,0.001529619671090665,0
comprehension,own,neutral,5100,-1,0,1,0,aPaPaQaPaPaP,B,nemo-12b,mistralai/mistral-nemo,io-net/fp16,0,1.0,Io Net,B,2.403e-06,0.0031726835523306542,0.0020317836946369683,0
comprehension,own,neutral,5100,1,0,0,0,aQaPaPaPaPaP,A,nemo-12b,mistralai/mistral-nemo,io-net/fp16,0,1.0,Io Net,A,2.403e-06,0.9989677687846206,0.001232102569280028,0
comprehension,own,neutral,5100,1,0,1,0,aPaQaPaPaPaP,A,nemo-12b,mistralai/mistral-nemo,io-net/fp16,0,1.0,Io Net,A,2.403e-06,0.9980732652663775,0.001578763529437201,0
comprehension,own,neutral,6000,-1,0,0,0,aPaPaPaPaPaP,B,nemo-12b,mistralai/mistral-nemo,io-net/fp16,0,1.0,Io Net,B,2.275e-06,0.00460957275198435,0.0016808377304841082,0
comprehension,own,neutral,6000,-1,0,1,0,aPaPaPaPaPaP,B,nemo-12b,mistralai/mistral-nemo,io-net/fp16,0,1.0,Io Net,B,2.275e-06,0.00591106957315061,0.0015456932189558126,0
comprehension,own,neutral,6000,1,0,0,0,aPaPaPaPaPaP,A,nemo-12b,mistralai/mistral-nemo,io-net/fp16,0,1.0,Io Net,A,2.147e-06,0.999447221303648,0.000835853154754465,0
comprehension,own,neutral,6000,1,0,1,0,aPaPaPaPaPaP,A,nemo-12b,mistralai/mistral-nemo,io-net/fp16,0,1.0,Io Net,A,2.275e-06,0.9992903294749161,0.0012726104739567423,0
comprehension,rival_majority,neutral,0001,-1,0,0,0,rQ,B,nemo-12b,mistralai/mistral-nemo,io-net/fp16,0,1.0,Io Net,A,1.91e-06,0.22270013882530884,0.0030353035942597417,0
comprehension,rival_majority,neutral,0001,-1,0,1,0,rQ,B,nemo-12b,mistralai/mistral-nemo,io-net/fp16,0,1.0,Io Net,B,1.782e-06,0.4073334000459302,0.002627847967798247,0
comprehension,rival_majority,neutral,0001,1,0,0,0,rQ,B,nemo-12b,mistralai/mistral-nemo,io-net/fp16,0,1.0,Io Net,B,1.91e-06,0.017986212034750978,0.0016056907909675067,0
comprehension,rival_majority,neutral,0001,1,0,1,0,rQ,B,nemo-12b,mistralai/mistral-nemo,io-net/fp16,0,1.0,Io Net,B,1.91e-06,0.029312233613242346,0.00221414917670415,0
comprehension,rival_majority,neutral,0002,-1,0,0,0,rQrQ,B,nemo-12b,mistralai/mistral-nemo,io-net/fp16,0,1.0,Io Net,B,1.92e-06,0.03732689082456911,0.004195759524530662,0
comprehension,rival_majority,neutral,0002,-1,0,1,0,rQrQ,B,nemo-12b,mistralai/mistral-nemo,io-net/fp16,0,1.0,Io Net,B,1.92e-06,0.020332351747275684,0.0037403775125818273,0
comprehension,rival_majority,neutral,0002,1,0,0,0,rQrQ,B,nemo-12b,mistralai/mistral-nemo,io-net/fp16,0,1.0,Io Net,B,1.92e-06,0.012431649469678556,0.0017071899086669173,0
comprehension,rival_majority,neutral,0002,1,0,1,0,rQrQ,B,nemo-12b,mistralai/mistral-nemo,io-net/fp16,0,1.0,Io Net,B,1.92e-06,0.004070137525249399,0.002077700373471769,0
comprehension,rival_majority,neutral,0003,-1,0,0,0,rQrQrQ,B,nemo-12b,mistralai/mistral-nemo,io-net/fp16,0,1.0,Io Net,B,2.058e-06,0.008577486847211354,0.0027962943197751278,0
comprehension,rival_majority,neutral,0003,-1,0,1,0,rQrQrQ,B,nemo-12b,mistralai/mistral-nemo,io-net/fp16,0,1.0,Io Net,B,2.058e-06,0.0035936022712859234,0.002713289645613237,0
comprehension,rival_majority,neutral,0003,1,0,0,0,rQrQrQ,B,nemo-12b,mistralai/mistral-nemo,io-net/fp16,0,1.0,Io Net,B,2.058e-06,0.004070136892906353,0.0019866545128204294,0
comprehension,rival_majority,neutral,0003,1,0,1,0,rQrQrQ,B,nemo-12b,mistralai/mistral-nemo,io-net/fp16,0,1.0,Io Net,B,2.058e-06,0.0019267349964449726,0.002109116773199138,0
comprehension,rival_majority,neutral,0004,-1,0,0,0,rQrQrQrQ,B,nemo-12b,mistralai/mistral-nemo,io-net/fp16,0,1.0,Io Net,B,2.196e-06,0.005911068910969503,0.002596257335659491,0
comprehension,rival_majority,neutral,0004,-1,0,1,0,rQrQrQrQ,B,nemo-12b,mistralai/mistral-nemo,io-net/fp16,0,1.0,Io Net,B,2.196e-06,0.0028009267460138727,0.0025062683364205363,0
comprehension,rival_majority,neutral,0004,1,0,0,0,rQrQrQrQ,B,nemo-12b,mistralai/mistral-nemo,io-net/fp16,0,1.0,Io Net,B,2.196e-06,0.009708476571013487,0.001567274433410204,0
comprehension,rival_majority,neutral,0004,1,0,1,0,rQrQrQrQ,B,nemo-12b,mistralai/mistral-nemo,io-net/fp16,0,1.0,Io Net,B,2.068e-06,0.001501181907042503,0.0017317725980936505,0
comprehension,rival_majority,neutral,0005,-1,0,0,0,rQrQrQrQrQ,B,nemo-12b,mistralai/mistral-nemo,io-net/fp16,0,1.0,Io Net,B,2.206e-06,0.005911068172172488,0.0029903265157215086,0
comprehension,rival_majority,neutral,0005,-1,0,1,0,rQrQrQrQrQ,B,nemo-12b,mistralai/mistral-nemo,io-net/fp16,0,1.0,Io Net,B,2.206e-06,0.007577240434458118,0.0026836718392243553,0
comprehension,rival_majority,neutral,0005,1,0,0,0,rQrQrQrQrQ,B,nemo-12b,mistralai/mistral-nemo,io-net/fp16,0,1.0,Io Net,B,2.206e-06,0.00522012485930661,0.0020362096402009033,0
comprehension,rival_majority,neutral,0005,1,0,1,0,rQrQrQrQrQ,B,nemo-12b,mistralai/mistral-nemo,io-net/fp16,0,1.0,Io Net,B,2.206e-06,0.0028009275797177954,0.00197751116057443,0
comprehension,rival_majority,neutral,0006,-1,0,0,0,rQrQrQrQrQrQ,B,nemo-12b,mistralai/mistral-nemo,io-net/fp16,0,1.0,Io Net,B,2.216e-06,0.01098694425990767,0.002448184853806379,0
comprehension,rival_majority,neutral,0006,-1,0,1,0,rQrQrQrQrQrQ,B,nemo-12b,mistralai/mistral-nemo,io-net/fp16,0,1.0,Io Net,B,2.344e-06,0.005911067756257172,0.002422929340185065,0
comprehension,rival_majority,neutral,0006,1,0,0,0,rQrQrQrQrQrQ,B,nemo-12b,mistralai/mistral-nemo,io-net/fp16,0,1.0,Io Net,B,2.344e-06,0.005220126677733864,0.0022302159707749958,0
comprehension,rival_majority,neutral,0006,1,0,1,0,rQrQrQrQrQrQ,B,nemo-12b,mistralai/mistral-nemo,io-net/fp16,0,1.0,Io Net,B,2.344e-06,0.0024726233553352974,0.001643869307945578,0
comprehension,rival_majority,neutral,0010,-1,0,0,0,rP,A,nemo-12b,mistralai/mistral-nemo,io-net/fp16,0,1.0,Io Net,A,1.782e-06,0.952574127663914,0.002742528908434551,0
comprehension,rival_majority,neutral,0010,-1,0,1,0,rP,A,nemo-12b,mistralai/mistral-nemo,io-net/fp16,0,1.0,Io Net,A,1.91e-06,0.9465966717067252,0.0018580172720853647,0
comprehension,rival_majority,neutral,0010,1,0,0,0,rP,A,nemo-12b,mistralai/mistral-nemo,io-net/fp16,0,1.0,Io Net,A,1.91e-06,0.7981867873410141,0.0044199284536631245,0
comprehension,rival_majority,neutral,0010,1,0,1,0,rP,A,nemo-12b,mistralai/mistral-nemo,io-net/fp16,0,1.0,Io Net,A,1.91e-06,0.8933094110250333,0.004769091400852535,0
comprehension,rival_majority,neutral,0012,-1,0,0,0,rPrQrQ,B,nemo-12b,mistralai/mistral-nemo,io-net/fp16,0,1.0,Io Net,A,2.058e-06,0.3486451353339457,0.008232855914518056,0
comprehension,rival_majority,neutral,0012,-1,0,1,0,rQrQrP,B,nemo-12b,mistralai/mistral-nemo,io-net/fp16,0,1.0,Io Net,B,2.058e-06,0.06754669207816587,0.004944072792280818,0
comprehension,rival_majority,neutral,0012,1,0,0,0,rPrQrQ,B,nemo-12b,mistralai/mistral-nemo,io-net/fp16,0,1.0,Io Net,B,2.058e-06,0.1645164608483867,0.006877103720565048,0
comprehension,rival_majority,neutral,0012,1,0,1,0,rQrQrP,B,nemo-12b,mistralai/mistral-nemo,io-net/fp16,0,1.0,Io Net,B,2.058e-06,0.029312233295254998,0.0034877052864720204,0
comprehension,rival_majority,neutral,0013,-1,0,0,0,rPrQrQrQ,B,nemo-12b,mistralai/mistral-nemo,io-net/fp16,0,1.0,Io Net,A,2.196e-06,0.06008665269869254,0.005121961475627601,0
comprehension,rival_majority,neutral,0013,-1,0,1,0,rPrQrQrQ,B,nemo-12b,mistralai/mistral-nemo,io-net/fp16,0,1.0,Io Net,B,2.068e-06,0.06754669864792356,0.0037515627140788377,0
comprehension,rival_majority,neutral,0013,1,0,0,0,rQrPrQrQ,B,nemo-12b,mistralai/mistral-nemo,io-net/fp16,0,1.0,Io Net,B,2.196e-06,0.03308597612434375,0.003358533497479055,0
comprehension,rival_majority,neutral,0013,1,0,1,0,rPrQrQrQ,B,nemo-12b,mistralai/mistral-nemo,io-net/fp16,0,1.0,Io Net,A,2.196e-06,0.03732688761185558,0.003629745368918136,0
comprehension,rival_majority,neutral,0014,-1,0,0,0,rQrQrQrPrQ,B,nemo-12b,mistralai/mistral-nemo,io-net/fp16,0,1.0,Io Net,B,2.334e-06,0.014063630013367147,0.0037378473654827715,0
comprehension,rival_majority,neutral,0014,-1,0,1,0,rQrPrQrQrQ,B,nemo-12b,mistralai/mistral-nemo,io-net/fp16,0,1.0,Io Net,B,2.206e-06,0.014063626397566933,0.0031098459650870103,0
comprehension,rival_majority,neutral,0014,1,0,0,0,rQrQrQrQrP,B,nemo-12b,mistralai/mistral-nemo,io-net/fp16,0,1.0,Io Net,B,2.206e-06,0.02931223212930141,0.003192301174934631,0
comprehension,rival_majority,neutral,0014,1,0,1,0,rPrQrQrQrQ,B,nemo-12b,mistralai/mistral-nemo,io-net/fp16,0,1.0,Io Net,B,2.206e-06,0.025957359505418838,0.004120030996599189,0
comprehension,rival_majority,neutral,0015,-1,0,0,0,rQrQrQrQrPrQ,B,nemo-12b,mistralai/mistral-nemo,io-net/fp16,0,1.0,Io Net,B,2.216e-06,0.015906392440731963,0.0028982158489274656,0
comprehension,rival_majority,neutral,0015,-1,0,1,0,rQrPrQrQrQrQ,B,nemo-12b,mistralai/mistral-nemo,io-net/fp16,0,1.0,Io Net,B,2.472e-06,0.01798620765913692,0.003406229093413704,0
comprehension,rival_majority,neutral,0015,1,0,0,0,rQrQrQrQrQrP,B,nemo-12b,mistralai/mistral-nemo,io-net/fp16,0,1.0,Io Net,B,2.344e-06,0.025957356114627416,0.0024714423412411923,0
comprehension,rival_majority,neutral,0015,1,0,1,0,rPrQrQrQrQrQ,B,nemo-12b,mistralai/mistral-nemo,io-net/fp16,0,1.0,Io Net,B,2.472e-06,0.05340333431947305,0.0034082876440083565,0
comprehension,rival_majority,neutral,0020,-1,0,0,0,rPrP,A,nemo-12b,mistralai/mistral-nemo,io-net/fp16,0,1.0,Io Net,A,1.92e-06,0.9890130587963218,0.003918069975198576,0
comprehension,rival_majority,neutral,0020,-1,0,1,0,rPrP,A,nemo-12b,mistralai/mistral-nemo,io-net/fp16,0,1.0,Io Net,A,1.92e-06,0.9669140232797719,0.0028501572678683793,0
comprehension,rival_majority,neutral,0020,1,0,0,0,rPrP,A,nemo-12b,mistralai/mistral-nemo,io-net/fp16,0,1.0,Io Net,A,2.048e-06,0.962673113726775,0.00322388616620857,0
comprehension,rival_majority,neutral,0020,1,0,1,0,rPrP,A,nemo-12b,mistralai/mistral-nemo,io-net/fp16,0,1.0,Io Net,A,1.92e-06,0.9669140222071801,0.004018942456684604,0
comprehension,rival_majority,neutral,0021,-1,0,0,0,rPrPrQ,A,nemo-12b,mistralai/mistral-nemo,io-net/fp16,0,1.0,Io Net,A,2.058e-06,0.9399133494052115,0.008466232147076869,0
comprehension,rival_majority,neutral,0021,-1,0,1,0,rQrPrP,A,nemo-12b,mistralai/mistral-nemo,io-net/fp16,0,1.0,Io Net,B,2.058e-06,0.7549149923816048,0.003923866884140953,0
comprehension,rival_majority,neutral,0021,1,0,0,0,rPrPrQ,A,nemo-12b,mistralai/mistral-nemo,io-net/fp16,0,1.0,Io Net,B,2.058e-06,0.7549149813536518,0.007791394893817805,0
comprehension,rival_majority,neutral,0021,1,0,1,0,rPrQrP,A,nemo-12b,mistralai/mistral-nemo,io-net/fp16,0,1.0,Io Net,A,2.058e-06,0.679178692681616,0.006092622858805963,0
comprehension,rival_majority,neutral,0023,-1,0,0,0,rPrQrQrQrP,B,nemo-12b,mistralai/mistral-nemo,io-net/fp16,0,1.0,Io Net,A,2.206e-06,0.2689414213699951,0.004282873329687353,0
comprehension,rival_majority,neutral,0023,-1,0,1,0,rQrQrPrQrP,B,nemo-12b,mistralai/mistral-nemo,io-net/fp16,0,1.0,Io Net,B,2.206e-06,0.16451645470385742,0.005681561014668324,0
comprehension,rival_majority,neutral,0023,1,0,0,0,rPrQrPrQrQ,B,nemo-12b,mistralai/mistral-nemo,io-net/fp16,0,1.0,Io Net,B,2.334e-06,0.16451645675203383,0.006571705589365373,0
comprehension,rival_majority,neutral,0023,1,0,1,0,rQrQrQrPrP,B,nemo-12b,mistralai/mistral-nemo,io-net/fp16,0,1.0,Io Net,B,2.206e-06,0.020332351264950595,0.003876209950221865,0
comprehension,rival_majority,neutral,0024,-1,0,0,0,rQrQrQrPrPrQ,B,nemo-12b,mistralai/mistral-nemo,io-net/fp16,0,1.0,Io Net,A,2.216e-06,0.04742586812868187,0.002868210047296871,0
comprehension,rival_majority,neutral,0024,-1,0,1,0,rQrQrPrQrQrP,B,nemo-12b,mistralai/mistral-nemo,io-net/fp16,0,1.0,Io Net,B,2.344e-06,0.06754668785475053,0.003863983622571898,0
comprehension,rival_majority,neutral,0024,1,0,0,0,rQrPrQrQrQrP,B,nemo-12b,mistralai/mistral-nemo,io-net/fp16,0,1.0,Io Net,B,2.216e-06,0.08509903862612588,0.003545072367262758,0
comprehension,rival_majority,neutral,0024,1,0,1,0,rQrQrPrPrQrQ,B,nemo-12b,mistralai/mistral-nemo,io-net/fp16,0,1.0,Io Net,B,2.216e-06,0.06754668456987209,0.004927355256901578,0
comprehension,rival_majority,neutral,0030,-1,0,0,0,rPrPrP,A,nemo-12b,mistralai/mistral-nemo,io-net/fp16,0,1.0,Io Net,A,2.058e-06,0.996827316590522,0.00241331221075515,0
comprehension,rival_majority,neutral,0030,-1,0,1,0,rPrPrP,A,nemo-12b,mistralai/mistral-nemo,io-net/fp16,0,1.0,Io Net,A,2.058e-06,0.9890130548292954,0.0025205667282989144,0
comprehension,rival_majority,neutral,0030,1,0,0,0,rPrPrP,A,nemo-12b,mistralai/mistral-nemo,io-net/fp16,0,1.0,Io Net,A,2.058e-06,0.989013055527573,0.0030121889989603665,0
comprehension,rival_majority,neutral,0030,1,0,1,0,rPrPrP,A,nemo-12b,mistralai/mistral-nemo,io-net/fp16,0,1.0,Io Net,A,2.058e-06,0.9914225158376297,0.0024026628880786036,0
comprehension,rival_majority,neutral,0031,-1,0,0,0,rQrPrPrP,A,nemo-12b,mistralai/mistral-nemo,io-net/fp16,0,1.0,Io Net,B,2.196e-06,0.8933094053442511,0.003940924720076858,0
comprehension,rival_majority,neutral,0031,-1,0,1,0,rPrPrPrQ,A,nemo-12b,mistralai/mistral-nemo,io-net/fp16,0,1.0,Io Net,A,2.196e-06,0.9706877659627745,0.004592135388791899,0
comprehension,rival_majority,neutral,0031,1,0,0,0,rPrPrPrQ,A,nemo-12b,mistralai/mistral-nemo,io-net/fp16,0,1.0,Io Net,A,2.068e-06,0.9796676447651426,0.0035635752446454665,0
comprehension,rival_majority,neutral,0031,1,0,1,0,rQrPrPrP,A,nemo-12b,mistralai/mistral-nemo,io-net/fp16,0,1.0,Io Net,B,2.068e-06,0.7772998663336158,0.0035082999714261542,0
comprehension,rival_majority,neutral,0032,-1,0,0,0,rPrPrPrQrQ,A,nemo-12b,mistralai/mistral-nemo,io-net/fp16,0,1.0,Io Net,A,2.334e-06,0.9626731123881443,0.003685568802442113,0
comprehension,rival_majority,neutral,0032,-1,0,1,0,rPrQrQrPrP,A,nemo-12b,mistralai/mistral-nemo,io-net/fp16,0,1.0,Io Net,B,2.206e-06,0.7057850216484838,0.005559095789957114,0
comprehension,rival_majority,neutral,0032,1,0,0,0,rPrQrQrPrP,A,nemo-12b,mistralai/mistral-nemo,io-net/fp16,0,1.0,Io Net,A,2.206e-06,0.5926665999540698,0.00747885986528346,0
comprehension,rival_majority,neutral,0032,1,0,1,0,rQrQrPrPrP,A,nemo-12b,mistralai/mistral-nemo,io-net/fp16,0,1.0,Io Net,A,2.334e-06,0.2689414213699951,0.0034848982747759383,0
comprehension,rival_majority,neutral,0040,-1,0,0,0,rPrPrPrP,A,nemo-12b,mistralai/mistral-nemo,io-net/fp16,0,1.0,Io Net,A,2.196e-06,0.9971990726973164,0.002309055628715431,0
comprehension,rival_majority,neutral,0040,-1,0,1,0,rPrPrPrP,A,nemo-12b,mistralai/mistral-nemo,io-net/fp16,0,1.0,Io Net,A,2.068e-06,0.9875683467571195,0.0016022862882869096,0
comprehension,rival_majority,neutral,0040,1,0,0,0,rPrPrPrP,A,nemo-12b,mistralai/mistral-nemo,io-net/fp16,0,1.0,Io Net,A,2.068e-06,0.9933071487475664,0.002590155287210262,0
comprehension,rival_majority,neutral,0040,1,0,1,0,rPrPrPrP,A,nemo-12b,mistralai/mistral-nemo,io-net/fp16,0,1.0,Io Net,A,2.068e-06,0.9924227576536179,0.0031317979274486964,0
comprehension,rival_majority,neutral,0041,-1,0,0,0,rPrQrPrPrP,A,nemo-12b,mistralai/mistral-nemo,io-net/fp16,0,1.0,Io Net,A,2.206e-06,0.9820137876362554,0.005377147219689571,0
comprehension,rival_majority,neutral,0041,-1,0,1,0,rPrQrPrPrP,A,nemo-12b,mistralai/mistral-nemo,io-net/fp16,0,1.0,Io Net,A,2.206e-06,0.9579122714836207,0.004351146230229468,0
comprehension,rival_majority,neutral,0041,1,0,0,0,rQrPrPrPrP,A,nemo-12b,mistralai/mistral-nemo,io-net/fp16,0,1.0,Io Net,A,2.334e-06,0.7772998560157665,0.002815315786059286,0
comprehension,rival_majority,neutral,0041,1,0,1,0,rPrPrPrPrQ,A,nemo-12b,mistralai/mistral-nemo,io-net/fp16,0,1.0,Io Net,A,2.334e-06,0.9324533093296393,0.00479624066495328,0
comprehension,rival_majority,neutral,0042,-1,0,0,0,rQrPrPrPrPrQ,A,nemo-12b,mistralai/mistral-nemo,io-net/fp16,0,1.0,Io Net,A,2.216e-06,0.7772998611746912,0.005025554225171369,0
comprehension,rival_majority,neutral,0042,-1,0,1,0,rPrPrQrPrPrQ,A,nemo-12b,mistralai/mistral-nemo,io-net/fp16,0,1.0,Io Net,A,2.472e-06,0.9241418173671895,0.00692784692089593,0
comprehension,rival_majority,neutral,0042,1,0,0,0,rQrPrPrPrPrQ,A,nemo-12b,mistralai/mistral-nemo,io-net/fp16,0,1.0,Io Net,A,2.344e-06,0.7057850340255386,0.003818928832009405,0
comprehension,rival_majority,neutral,0042,1,0,1,0,rQrPrPrPrQrP,A,nemo-12b,mistralai/mistral-nemo,io-net/fp16,0,1.0,Io Net,Based,2.216e-06,0.7549149923816048,0.005817891107188694,0
comprehension,rival_majority,neutral,0050,-1,0,0,0,rPrPrPrPrP,A,nemo-12b,mistralai/mistral-nemo,io-net/fp16,0,1.0,Io Net,A,2.206e-06,0.9964063976703554,0.002500715306637018,0
comprehension,rival_majority,neutral,0050,-1,0,1,0,rPrPrPrPrP,A,nemo-12b,mistralai/mistral-nemo,io-net/fp16,0,1.0,Io Net,A,2.206e-06,0.9914225159405883,0.0018644987436243817,0
comprehension,rival_majority,neutral,0050,1,0,0,0,rPrPrPrPrP,A,nemo-12b,mistralai/mistral-nemo,io-net/fp16,0,1.0,Io Net,A,2.334e-06,0.990291522560454,0.0022588826209753426,0
comprehension,rival_majority,neutral,0050,1,0,1,0,rPrPrPrPrP,A,nemo-12b,mistralai/mistral-nemo,io-net/fp16,0,1.0,Io Net,A,2.206e-06,0.992422759915711,0.0030492624305153183,0
comprehension,rival_majority,neutral,0051,-1,0,0,0,rPrQrPrPrPrP,A,nemo-12b,mistralai/mistral-nemo,io-net/fp16,0,1.0,Io Net,A,2.216e-06,0.9820137865176772,0.0036512562871911305,0
comprehension,rival_majority,neutral,0051,-1,0,1,0,rPrPrPrPrQrP,A,nemo-12b,mistralai/mistral-nemo,io-net/fp16,0,1.0,Io Net,A,2.344e-06,0.970687772322521,0.003036947347737351,0
comprehension,rival_majority,neutral,0051,1,0,0,0,rPrPrPrQrPrP,A,nemo-12b,mistralai/mistral-nemo,io-net/fp16,0,1.0,Io Net,A,2.472e-06,0.9890130551328944,0.0025747601124673242,0
comprehension,rival_majority,neutral,0051,1,0,1,0,rPrPrPrPrQrP,A,nemo-12b,mistralai/mistral-nemo,io-net/fp16,0,1.0,Io Net,A,2.216e-06,0.9706877718985379,0.0033699161675371306,0
comprehension,rival_majority,neutral,0060,-1,0,0,0,rPrPrPrPrPrP,A,nemo-12b,mistralai/mistral-nemo,io-net/fp16,0,1.0,Io Net,A,2.472e-06,0.9968273173872573,0.002330288804899919,0
comprehension,rival_majority,neutral,0060,-1,0,1,0,rPrPrPrPrPrP,A,nemo-12b,mistralai/mistral-nemo,io-net/fp16,0,1.0,Io Net,A,2.472e-06,0.9796676487721514,0.002290860140102123,0
comprehension,rival_majority,neutral,0060,1,0,0,0,rPrPrPrPrPrP,A,nemo-12b,mistralai/mistral-nemo,io-net/fp16,0,1.0,Io Net,A,2.216e-06,0.9859363728276188,0.0033100049371215436,0
comprehension,rival_majority,neutral,0060,1,0,1,0,rPrPrPrPrPrP,A,nemo-12b,mistralai/mistral-nemo,io-net/fp16,0,1.0,Io Net,A,2.344e-06,0.9859363718978417,0.003527240436001911,0
comprehension,rival_majority,neutral,0101,-1,0,0,0,aQrQ,B,nemo-12b,mistralai/mistral-nemo,io-net/fp16,0,1.0,Io Net,B,1.92e-06,0.37754067580180184,0.009788472386171532,0
comprehension,rival_majority,neutral,0101,-1,0,1,0,aQrQ,B,nemo-12b,mistralai/mistral-nemo,io-net/fp16,0,1.0,Io Net,A,1.92e-06,0.6513548646660543,0.007645562558689256,0
comprehension,rival_majority,neutral,0101,1,0,0,0,rQaQ,B,nemo-12b,mistralai/mistral-nemo,io-net/fp16,0,1.0,Io Net,B,1.92e-06,0.060086649332446,0.0031638141971583877,0
comprehension,rival_majority,neutral,0101,1,0,1,0,rQaQ,B,nemo-12b,mistralai/mistral-nemo,io-net/fp16,0,1.0,Io Net,B,1.92e-06,0.05340332979982423,0.004156618645164811,0
comprehension,rival_majority,neutral,0102,-1,0,0,0,rQaQrQ,B,nemo-12b,mistralai/mistral-nemo,io-net/fp16,0,1.0,Io Net,B,1.93e-06,0.06008665185713089,0.004178403486149951,0
comprehension,rival_majority,neutral,0102,-1,0,1,0,rQaQrQ,B,nemo-12b,mistralai/mistral-nemo,io-net/fp16,0,1.0,Io Net,B,2.058e-06,0.05340332923486816,0.005843999187121751,0
comprehension,rival_majority,neutral,0102,1,0,0,0,rQaQrQ,B,nemo-12b,mistralai/mistral-nemo,io-net/fp16,0,1.0,Io Net,B,2.058e-06,0.020332354381512912,0.003286251867631762,0
comprehension,rival_majority,neutral,0102,1,0,1,0,aQrQrQ,B,nemo-12b,mistralai/mistral-nemo,io-net/fp16,0,1.0,Io Net,B,1.93e-06,0.017986207363042774,0.004885876704802117,0
comprehension,rival_majority,neutral,0103,-1,0,0,0,aQrQrQrQ,B,nemo-12b,mistralai/mistral-nemo,io-net/fp16,0,1.0,Io Net,B,2.196e-06,0.015906391945068227,0.003208133382074929,0
comprehension,rival_majority,neutral,0103,-1,0,1,0,rQrQrQaQ,B,nemo-12b,mistralai/mistral-nemo,io-net/fp16,0,1.0,Io Net,B,2.196e-06,0.014063626604184063,0.003244852080552474,0
comprehension,rival_majority,neutral,0103,1,0,0,0,rQaQrQrQ,B,nemo-12b,mistralai/mistral-nemo,io-net/fp16,0,1.0,Io Net,B,2.068e-06,0.007577240189339697,0.002709794896214257,0
comprehension,rival_majority,neutral,0103,1,0,1,0,rQrQrQaQ,B,nemo-12b,mistralai/mistral-nemo,io-net/fp16,0,1.0,Io Net,B,2.196e-06,0.0028009267525170227,0.0022308358703618802,0
comprehension,rival_majority,neutral,0104,-1,0,0,0,rQrQrQrQaQ,B,nemo-12b,mistralai/mistral-nemo,io-net/fp16,0,1.0,Io Net,B,2.206e-06,0.020332351450460244,0.00325283871365456,0
comprehension,rival_majority,neutral,0104,-1,0,1,0,rQrQrQaQrQ,B,nemo-12b,mistralai/mistral-nemo,io-net/fp16,0,1.0,Io Net,B,2.206e-06,0.012431651241939953,0.0026070860774288773,0
comprehension,rival_majority,neutral,0104,1,0,0,0,rQrQaQrQrQ,B,nemo-12b,mistralai/mistral-nemo,io-net/fp16,0,1.0,Io Net,B,2.206e-06,0.005911067515464109,0.0034797691713975842,0
comprehension,rival_majority,neutral,0104,1,0,1,0,rQaQrQrQrQ,B,nemo-12b,mistralai/mistral-nemo,io-net/fp16,0,1.0,Io Net,B,2.206e-06,0.006692849809817602,0.002562354991856086,0
comprehension,rival_majority,neutral,0105,-1,0,0,0,rQrQrQrQaQrQ,B,nemo-12b,mistralai/mistral-nemo,io-net/fp16,0,1.0,Io Net,B,2.216e-06,0.008577483703016916,0.0038362638960327544,0
comprehension,rival_majority,neutral,0105,-1,0,1,0,rQrQrQrQrQaQ,B,nemo-12b,mistralai/mistral-nemo,io-net/fp16,0,1.0,Io Net,B,2.216e-06,0.009708478514019101,0.0020310779837178217,0
comprehension,rival_majority,neutral,0105,1,0,0,0,rQrQrQrQrQaQ,B,nemo-12b,mistralai/mistral-nemo,io-net/fp16,0,1.0,Io Net,B,2.216e-06,0.008577485698827863,0.0019698684844814407,0
comprehension,rival_majority,neutral,0105,1,0,1,0,aQrQrQrQrQrQ,B,nemo-12b,mistralai/mistral-nemo,io-net/fp16,0,1.0,Io Net,B,2.216e-06,0.012431653654502644,0.002036879497778532,0
comprehension,rival_majority,neutral,0110,-1,0,0,0,rPaQ,A,nemo-12b,mistralai/mistral-nemo,io-net/fp16,0,1.0,Io Net,A,1.92e-06,0.9740426406358641,0.007365229392032782,0
comprehension,rival_majority,neutral,0110,-1,0,1,0,rPaQ,A,nemo-12b,mistralai/mistral-nemo,io-net/fp16,0,1.0,Io Net,A,1.92e-06,0.974042641624845,0.0026349045751906663,0
comprehension,rival_majority,neutral,0110,1,0,0,0,aQrP,A,nemo-12b,mistralai/mistral-nemo,io-net/fp16,0,1.0,Io Net,B,1.92e-06,0.5312093733737563,0.008253440464379203,0
comprehension,rival_majority,neutral,0110,1,0,1,0,rPaQ,A,nemo-12b,mistralai/mistral-nemo,io-net/fp16,0,1.0,Io Net,A,1.92e-06,0.8175744806385543,0.009331612192818306,0
comprehension,rival_majority,neutral,0112,-1,0,0,0,rPrQrQaQ,B,nemo-12b,mistralai/mistral-nemo,io-net/fp16,0,1.0,Io Net,B,2.196e-06,0.3208212943308302,0.009227900316094773,0
comprehension,rival_majority,neutral,0112,-1,0,1,0,aQrQrPrQ,B,nemo-12b,mistralai/mistral-nemo,io-net/fp16,0,1.0,Io Net,B,2.068e-06,0.348645142101806,0.006793708358032391,0
comprehension,rival_majority,neutral,0112,1,0,0,0,rQaQrPrQ,B,nemo-12b,mistralai/mistral-nemo,io-net/fp16,0,1.0,Io Net,B,2.196e-06,0.06008665143635007,0.005435940387580773,0
comprehension,rival_majority,neutral,0112,1,0,1,0,rPaQrQrQ,B,nemo-12b,mistralai/mistral-nemo,io-net/fp16,0,1.0,Io Net,B,2.196e-06,0.08509905022775231,0.005862650401886049,0
comprehension,rival_majority,neutral,0113,-1,0,0,0,rQrQaQrQrP,B,nemo-12b,mistralai/mistral-nemo,io-net/fp16,0,1.0,Io Net,B,2.206e-06,0.09534946618445304,0.006500312463793123,0
comprehension,rival_majority,neutral,0113,-1,0,1,0,rPrQaQrQrQ,B,nemo-12b,mistralai/mistral-nemo,io-net/fp16,0,1.0,Io Net,A,2.206e-06,0.2018132150593341,0.0030526118355944654,0
comprehension,rival_majority,neutral,0113,1,0,0,0,aQrQrQrPrQ,B,nemo-12b,mistralai/mistral-nemo,io-net/fp16,0,1.0,Io Net,B,2.206e-06,0.029312231175339418,0.005515510935517276,0
comprehension,rival_majority,neutral,0113,1,0,1,0,aQrPrQrQrQ,B,nemo-12b,mistralai/mistral-nemo,io-net/fp16,0,1.0,Io Net,B,2.206e-06,0.0259573580454947,0.004586902692325312,0
comprehension,rival_majority,neutral,0114,-1,0,0,0,rPrQrQrQrQaQ,B,nemo-12b,mistralai/mistral-nemo,io-net/fp16,0,1.0,Io Net,B,2.344e-06,0.20181322946142374,0.0027351964250871275,0
comprehension,rival_majority,neutral,0114,-1,0,1,0,rQaQrPrQrQrQ,B,nemo-12b,mistralai/mistral-nemo,io-net/fp16,0,1.0,Io Net,B,2.472e-06,0.037326885737772805,0.0053993185951516365,0
comprehension,rival_majority,neutral,0114,1,0,0,0,rQrPrQrQrQaQ,B,nemo-12b,mistralai/mistral-nemo,io-net/fp16,0,1.0,Io Net,B,2.472e-06,0.047425871999493587,0.005471648284272379,0
comprehension,rival_majority,neutral,0114,1,0,1,0,rQrQaQrPrQrQ,B,nemo-12b,mistralai/mistral-nemo,io-net/fp16,0,1.0,Io Net,B,2.216e-06,0.009708475514448384,0.00575746072918315,0
comprehension,rival_majority,neutral,0120,-1,0,0,0,rPaQrP,A,nemo-12b,mistralai/mistral-nemo,io-net/fp16,0,1.0,Io Net,A,1.93e-06,0.9890130560740512,0.007377667807459005,0
comprehension,rival_majority,neutral,0120,-1,0,1,0,aQrPrP,A,nemo-12b,mistralai/mistral-nemo,io-net/fp16,0,1.0,Io Net,A,2.058e-06,0.9840936054016728,0.00205073001019173,0
comprehension,rival_majority,neutral,0120,1,0,0,0,rPrPaQ,A,nemo-12b,mistralai/mistral-nemo,io-net/fp16,0,1.0,Io Net,A,1.93e-06,0.9324533060447605,0.004885737738494447,0
comprehension,rival_majority,neutral,0120,1,0,1,0,rPaQrP,A,nemo-12b,mistralai/mistral-nemo,io-net/fp16,0,1.0,Io Net,A,1.93e-06,0.952574121941844,0.006424516993262387,0
comprehension,rival_majority,neutral,0121,-1,0,0,0,aQrPrQrP,A,nemo-12b,mistralai/mistral-nemo,io-net/fp16,0,1.0,Io Net,A,2.068e-06,0.7057850216484838,0.0075214740684777515,0
comprehension,rival_majority,neutral,0121,-1,0,1,0,aQrQrPrP,A,nemo-12b,mistralai/mistral-nemo,io-net/fp16,0,1.0,Io Net,A,2.196e-06,0.8670357718273068,0.007799580474811468,0
comprehension,rival_majority,neutral,0121,1,0,0,0,aQrPrQrP,A,nemo-12b,mistralai/mistral-nemo,io-net/fp16,0,1.0,Io Net,A,2.068e-06,0.34864513533394575,0.00815647777825268,0
comprehension,rival_majority,neutral,0121,1,0,1,0,rPaQrPrQ,A,nemo-12b,mistralai/mistral-nemo,io-net/fp16,0,1.0,Io Net,A,2.068e-06,0.8354835432479661,0.013741148092178357,0
comprehension,rival_majority,neutral,0123,-1,0,0,0,rQrPaQrQrQrP,B,nemo-12b,mistralai/mistral-nemo,io-net/fp16,0,1.0,Io Net,B,2.216e-06,0.09534946232842247,0.006062205335872539,0
comprehension,rival_majority,neutral,0123,-1,0,1,0,rQrPaQrQrQrP,B,nemo-12b,mistralai/mistral-nemo,io-net/fp16,0,1.0,Io Net,B,2.216e-06,0.14804719803168945,0.006307463436953209,0
comprehension,rival_majority,neutral,0123,1,0,0,0,rQrQaQrQrPrP,B,nemo-12b,mistralai/mistral-nemo,io-net/fp16,0,1.0,Io Net,B,2.216e-06,0.09534945782972028,0.00655162461209835,0
comprehension,rival_majority,neutral,0123,1,0,1,0,rPrPrQrQaQrQ,B,nemo-12b,mistralai/mistral-nemo,io-net/fp16,0,1.0,Io Net,A,2.472e-06,0.18242551936144574,0.006287248570687853,0
comprehension,rival_majority,neutral,0130,-1,0,0,0,aQrPrPrP,A,nemo-12b,mistralai/mistral-nemo,io-net/fp16,0,1.0,Io Net,A,2.068e-06,0.9968273174785652,0.0016716380010836063,0
comprehension,rival_majority,neutral,0130,-1,0,1,0,rPrPaQrP,A,nemo-12b,mistralai/mistral-nemo,io-net/fp16,0,1.0,Io Net,A,2.196e-06,0.9933071498620337,0.003629588951836059,0
comprehension,rival_majority,neutral,0130,1,0,0,0,rPrPrPaQ,A,nemo-12b,mistralai/mistral-nemo,io-net/fp16,0,1.0,Io Net,A,2.196e-06,0.9875683493411912,0.0028424305538019973,0
comprehension,rival_majority,neutral,0130,1,0,1,0,rPrPrPaQ,A,nemo-12b,mistralai/mistral-nemo,io-net/fp16,0,1.0,Io Net,A,2.196e-06,0.9740426456278625,0.004214804058160573,0
comprehension,rival_majority,neutral,0131,-1,0,0,0,aQrQrPrPrP,A,nemo-12b,mistralai/mistral-nemo,io-net/fp16,0,1.0,Io Net,A,2.206e-06,0.9324533069832973,0.004921074089873398,0
comprehension,rival_majority,neutral,0131,-1,0,1,0,rPrQrPaQrP,A,nemo-12b,mistralai/mistral-nemo,io-net/fp16,0,1.0,Io Net,A,2.206e-06,0.880797076413356,0.005269753139031899,0
comprehension,rival_majority,neutral,0131,1,0,0,0,rPrQrPaQrP,A,nemo-12b,mistralai/mistral-nemo,io-net/fp16,0,1.0,Io Net,A,2.334e-06,0.8354835350552603,0.009845325241889802,0
comprehension,rival_majority,neutral,0131,1,0,1,0,rPrPrQaQrP,A,nemo-12b,mistralai/mistral-nemo,io-net/fp16,0,1.0,Io Net,A,2.206e-06,0.7310585844894971,0.006042309713417848,0
comprehension,rival_majority,neutral,0132,-1,0,0,0,rPrQrQrPrPaQ,A,nemo-12b,mistralai/mistral-nemo,io-net/fp16,0,1.0,Io Net,B,2.216e-06,0.6513548714339144,0.005220317415441544,0
comprehension,rival_majority,neutral,0132,-1,0,1,0,aQrPrQrQrPrP,A,nemo-12b,mistralai/mistral-nemo,io-net/fp16,0,1.0,Io Net,A,2.216e-06,0.6224593312018546,0.004505173122052786,0
comprehension,rival_majority,neutral,0132,1,0,0,0,rPaQrPrQrQrP,A,nemo-12b,mistralai/mistral-nemo,io-net/fp16,0,1.0,Io Net,B,2.216e-06,0.4378234991142019,0.005260941772147976,0
comprehension,rival_majority,neutral,0132,1,0,1,0,rPrPrQrPrQaQ,A,nemo-12b,mistralai/mistral-nemo,io-net/fp16,0,1.0,Io Net,B,2.216e-06,0.5621765008857981,0.00805897647665832,0
comprehension,rival_majority,neutral,0140,-1,0,0,0,rPrPaQrPrP,A,nemo-12b,mistralai/mistral-nemo,io-net/fp16,0,1.0,Io Net,A,2.334e-06,0.9959298619386746,0.0029558577157565453,0
comprehension,rival_majority,neutral,0140,-1,0,1,0,rPaQrPrPrP,A,nemo-12b,mistralai/mistral-nemo,io-net/fp16,0,1.0,Io Net,A,2.206e-06,0.9947798751818014,0.003254151355495476,0
comprehension,rival_majority,neutral,0140,1,0,0,0,rPaQrPrPrP,A,nemo-12b,mistralai/mistral-nemo,io-net/fp16,0,1.0,Io Net,A,2.206e-06,0.9796676472880741,0.002791766444981275,0
comprehension,rival_majority,neutral,0140,1,0,1,0,rPaQrPrPrP,A,nemo-12b,mistralai/mistral-nemo,io-net/fp16,0,1.0,Io Net,B,2.334e-06,0.9820137882942427,0.003335644083864185,0
comprehension,rival_majority,neutral,0141,-1,0,0,0,aQrQrPrPrPrP,A,nemo-12b,mistralai/mistral-nemo,io-net/fp16,0,1.0,Io Net,A,2.216e-06,0.9525741295151718,0.0038740830721441105,0
comprehension,rival_majority,neutral,0141,-1,0,1,0,rPaQrPrPrQrP,A,nemo-12b,mistralai/mistral-nemo,io-net/fp16,0,1.0,Io Net,A,2.216e-06,0.9706877722165252,0.004642471700446814,0
comprehension,rival_majority,neutral,0141,1,0,0,0,rQrPrPaQrPrP,A,nemo-12b,mistralai/mistral-nemo,io-net/fp16,0,1.0,Io Net,A,2.344e-06,0.8175744761936438,0.006669469001793382,0
comprehension,rival_majority,neutral,0141,1,0,1,0,aQrPrQrPrPrP,A,nemo-12b,mistralai/mistral-nemo,io-net/fp16,0,1.0,Io Net,B,2.216e-06,0.651354857898194,0.007863226023614833,0
comprehension,rival_majority,neutral,0150,-1,0,0,0,aQrPrPrPrPrP,A,nemo-12b,mistralai/mistral-nemo,io-net/fp16,0,1.0,Io Net,A,2.216e-06,0.9940889304596848,0.0029510973716819367,0
comprehension,rival_majority,neutral,0150,-1,0,1,0,rPrPrPrPrPaQ,A,nemo-12b,mistralai/mistral-nemo,io-net/fp16,0,1.0,Io Net,A,2.216e-06,0.9933071497134381,0.003408186879457654,0
comprehension,rival_majority,neutral,0150,1,0,0,0,rPaQrPrPrPrP,A,nemo-12b,mistralai/mistral-nemo,io-net/fp16,0,1.0,Io Net,B,2.344e-06,0.970687768188686,0.002853808657559107,0
comprehension,rival_majority,neutral,0150,1,0,1,0,rPrPrPrPaQrP,A,nemo-12b,mistralai/mistral-nemo,io-net/fp16,0,1.0,Io Net,A,2.216e-06,0.9770226288355158,0.0026894779741562097,0
comprehension,rival_majority,neutral,0201,-1,0,0,0,aQaQrQ,B,nemo-12b,mistralai/mistral-nemo,io-net/fp16,0,1.0,Io Net,B,1.93e-06,0.4687906266262437,0.027349640952189058,0
comprehension,rival_majority,neutral,0201,-1,0,1,0,aQrQaQ,B,nemo-12b,mistralai/mistral-nemo,io-net/fp16,0,1.0,Io Net,A,2.058e-06,0.5,0.00979966775706842,0
comprehension,rival_majority,neutral,0201,1,0,0,0,aQaQrQ,B,nemo-12b,mistralai/mistral-nemo,io-net/fp16,0,1.0,Io Net,B,1.93e-06,0.09534945782972029,0.01195143682005917,0
comprehension,rival_majority,neutral,0201,1,0,1,0,rQaQaQ,B,nemo-12b,mistralai/mistral-nemo,io-net/fp16,0,1.0,Io Net,B,1.93e-06,0.02595735427794891,0.005657467049562603,0
comprehension,rival_majority,neutral,0202,-1,0,0,0,aQrQrQaQ,B,nemo-12b,mistralai/mistral-nemo,io-net/fp16,0,1.0,Io Net,B,2.068e-06,0.06754668550840878,0.003796259978082861,0
comprehension,rival_majority,neutral,0202,-1,0,1,0,aQaQrQrQ,B,nemo-12b,mistralai/mistral-nemo,io-net/fp16,0,1.0,Io Net,B,2.068e-06,0.08509904674726422,0.013051170559602254,0
comprehension,rival_majority,neutral,0202,1,0,0,0,aQrQaQrQ,B,nemo-12b,mistralai/mistral-nemo,io-net/fp16,0,1.0,Io Net,B,2.068e-06,0.04742586796038571,0.00917737399118812,0
comprehension,rival_majority,neutral,0202,1,0,1,0,rQaQaQrQ,B,nemo-12b,mistralai/mistral-nemo,io-net/fp16,0,1.0,Io Net,B,2.068e-06,0.01590639007904019,0.005193297280778109,0
comprehension,rival_majority,neutral,0203,-1,0,0,0,rQaQrQaQrQ,B,nemo-12b,mistralai/mistral-nemo,io-net/fp16,0,1.0,Io Net,B,2.206e-06,0.042087725812957326,0.004281527155603371,0
comprehension,rival_majority,neutral,0203,-1,0,1,0,rQrQrQaQaQ,B,nemo-12b,mistralai/mistral-nemo,io-net/fp16,0,1.0,Io Net,B,2.206e-06,0.00970847504884346,0.002618246784710454,0
comprehension,rival_majority,neutral,0203,1,0,0,0,rQrQrQaQaQ,B,nemo-12b,mistralai/mistral-nemo,io-net/fp16,0,1.0,Io Net,B,2.334e-06,0.012431652934163973,0.0032923173101790937,0
comprehension,rival_majority,neutral,0203,1,0,1,0,aQaQrQrQrQ,B,nemo-12b,mistralai/mistral-nemo,io-net/fp16,0,1.0,Io Net,B,2.206e-06,0.0229773702445479,0.00415449614405583,0
comprehension,rival_majority,neutral,0204,-1,0,0,0,rQrQaQrQaQrQ,B,nemo-12b,mistralai/mistral-nemo,io-net/fp16,0,1.0,Io Net,B,2.216e-06,0.033085981129772166,0.004443531555666569,0
comprehension,rival_majority,neutral,0204,-1,0,1,0,rQrQaQaQrQrQ,B,nemo-12b,mistralai/mistral-nemo,io-net/fp16,0,1.0,Io Net,A,2.216e-06,0.02931223191730985,0.006165461639709879,0
comprehension,rival_majority,neutral,0204,1,0,0,0,rQrQaQrQaQrQ,B,nemo-12b,mistralai/mistral-nemo,io-net/fp16,0,1.0,Io Net,B,2.216e-06,0.012431651470618862,0.004098877256125122,0
comprehension,rival_majority,neutral,0204,1,0,1,0,rQaQaQrQrQrQ,B,nemo-12b,mistralai/mistral-nemo,io-net/fp16,0,1.0,Io Net,B,2.216e-06,0.01590639124530769,0.003417202858806423,0
comprehension,rival_majority,neutral,0210,-1,0,0,0,rPaQaQ,A,nemo-12b,mistralai/mistral-nemo,io-net/fp16,0,1.0,Io Net,A,1.93e-06,0.9875683507475663,0.0069467651179340156,0
comprehension,rival_majority,neutral,0210,-1,0,1,0,aQrPaQ,A,nemo-12b,mistralai/mistral-nemo,io-net/fp16,0,1.0,Io Net,A,2.058e-06,0.9770226310099107,0.005952995397589932,0
comprehension,rival_majority,neutral,0210,1,0,0,0,rPaQaQ,A,nemo-12b,mistralai/mistral-nemo,io-net/fp16,0,1.0,Io Net,B,1.93e-06,0.7310585903489891,0.008820519609732291,0
comprehension,rival_majority,neutral,0210,1,0,1,0,rPaQaQ,A,nemo-12b,mistralai/mistral-nemo,io-net/fp16,0,1.0,Io Net,A,1.93e-06,0.7549149813536518,0.01029612916289413,0
comprehension,rival_majority,neutral,0212,-1,0,0,0,aQaQrQrQrP,B,nemo-12b,mistralai/mistral-nemo,io-net/fp16,0,1.0,Io Net,B,2.206e-06,0.6224593241981982,0.007208487367248884,0
comprehension,rival_majority,neutral,0212,-1,0,1,0,aQrPaQrQrQ,B,nemo-12b,mistralai/mistral-nemo,io-net/fp16,0,1.0,Io Net,B,2.206e-06,0.22270013366638422,0.004776062657380731,0
comprehension,rival_majority,neutral,0212,1,0,0,0,aQrQrQrPaQ,B,nemo-12b,mistralai/mistral-nemo,io-net/fp16,0,1.0,Io Net,B,2.334e-06,0.04742587098971659,0.006721617483250286,0
comprehension,rival_majority,neutral,0212,1,0,1,0,aQrPaQrQrQ,B,nemo-12b,mistralai/mistral-nemo,io-net/fp16,0,1.0,Io Net,B,2.334e-06,0.07585818524437762,0.0062095075678162415,0
comprehension,rival_majority,neutral,0213,-1,0,0,0,rQrQrQrPaQaQ,B,nemo-12b,mistralai/mistral-nemo,io-net/fp16,0,1.0,Io Net,B,2.216e-06,0.05340333413115433,0.0032438472264446627,0
comprehension,rival_majority,neutral,0213,-1,0,1,0,aQrQrPaQrQrQ,B,nemo-12b,mistralai/mistral-nemo,io-net/fp16,0,1.0,Io Net,A,2.472e-06,0.22270014914315836,0.005771852874226102,0
comprehension,rival_majority,neutral,0213,1,0,0,0,aQaQrQrPrQrQ,B,nemo-12b,mistralai/mistral-nemo,io-net/fp16,0,1.0,Io Net,B,2.216e-06,0.04208772746504851,0.00334910624188145,0
comprehension,rival_majority,neutral,0213,1,0,1,0,aQaQrPrQrQrQ,B,nemo-12b,mistralai/mistral-nemo,io-net/fp16,0,1.0,Io Net,B,2.472e-06,0.04208772401067612,0.0044585675225092825,0
comprehension,rival_majority,neutral,0220,-1,0,0,0,rPaQaQrP,A,nemo-12b,mistralai/mistral-nemo,io-net/fp16,0,1.0,Io Net,A,2.196e-06,0.9579122677288677,0.006218384024963851,0
comprehension,rival_majority,neutral,0220,-1,0,1,0,aQrPaQrP,A,nemo-12b,mistralai/mistral-nemo,io-net/fp16,0,1.0,Io Net,A,2.068e-06,0.9706877721105295,0.00539968616406283,0
comprehension,rival_majority,neutral,0220,1,0,0,0,aQaQrPrP,A,nemo-12b,mistralai/mistral-nemo,io-net/fp16,0,1.0,Io Net,A,2.068e-06,0.8807970858005139,0.006912325318105955,0
comprehension,rival_majority,neutral,0220,1,0,1,0,aQrPaQrP,A,nemo-12b,mistralai/mistral-nemo,io-net/fp16,0,1.0,Io Net,B,2.196e-06,0.7549149813536518,0.012754997836970178,0
comprehension,rival_majority,neutral,0221,-1,0,0,0,aQaQrPrQrP,A,nemo-12b,mistralai/mistral-nemo,io-net/fp16,0,1.0,Io Net,A,2.206e-06,0.7981867777396212,0.0062325028673848315,0
comprehension,rival_majority,neutral,0221,-1,0,1,0,rPrQrPaQaQ,A,nemo-12b,mistralai/mistral-nemo,io-net/fp16,0,1.0,Io Net,B,2.206e-06,0.7981867801399695,0.0059414951723064935,0
comprehension,rival_majority,neutral,0221,1,0,0,0,aQaQrPrPrQ,A,nemo-12b,mistralai/mistral-nemo,io-net/fp16,0,1.0,Io Net,A,2.206e-06,0.4687906266262437,0.004950824474792004,0
comprehension,rival_majority,neutral,0221,1,0,1,0,rPrQaQrPaQ,A,nemo-12b,mistralai/mistral-nemo,io-net/fp16,0,1.0,Io Net,A,2.206e-06,0.37754067580180184,0.011324546069949593,0
comprehension,rival_majority,neutral,0230,-1,0,0,0,aQrPaQrPrP,A,nemo-12b,mistralai/mistral-nemo,io-net/fp16,0,1.0,Io Net,A,2.206e-06,0.9770226294627451,0.0073771178573894085,0
comprehension,rival_majority,neutral,0230,-1,0,1,0,aQaQrPrPrP,A,nemo-12b,mistralai/mistral-nemo,io-net/fp16,0,1.0,Io Net,A,2.334e-06,0.9840936050809492,0.002173038474909201,0
comprehension,rival_majority,neutral,0230,1,0,0,0,rPrPrPaQaQ,A,nemo-12b,mistralai/mistral-nemo,io-net/fp16,0,1.0,Io Net,A,2.206e-06,0.9890130576628857,0.002522212012790721,0
comprehension,rival_majority,neutral,0230,1,0,1,0,rPrPaQrPaQ,A,nemo-12b,mistralai/mistral-nemo,io-net/fp16,0,1.0,Io Net,A,2.206e-06,0.9626731126558705,0.004228192443215581,0
comprehension,rival_majority,neutral,0231,-1,0,0,0,rPrPrPrQaQaQ,A,nemo-12b,mistralai/mistral-nemo,io-net/fp16,0,1.0,Io Net,A,2.216e-06,0.9626731087738416,0.004461405800853233,0
comprehension,rival_majority,neutral,0231,-1,0,1,0,rPaQrPrPaQrQ,A,nemo-12b,mistralai/mistral-nemo,io-net/fp16,0,1.0,Io Net,A,2.216e-06,0.9046505312448598,0.006142839958494795,0
comprehension,rival_majority,neutral,0231,1,0,0,0,rPaQaQrPrQrP,A,nemo-12b,mistralai/mistral-nemo,io-net/fp16,0,1.0,Io Net,A,2.216e-06,0.6224593312018545,0.005442894516765107,0
comprehension,rival_majority,neutral,0231,1,0,1,0,aQrPrPrQaQrP,A,nemo-12b,mistralai/mistral-nemo,io-net/fp16,0,1.0,Io Net,A,2.216e-06,0.6791786991753929,0.009729993585035512,0
comprehension,rival_majority,neutral,0240,-1,0,0,0,rPaQaQrPrPrP,A,nemo-12b,mistralai/mistral-nemo,io-net/fp16,0,1.0,Io Net,A,2.216e-06,0.9740426444975987,0.003885975173894718,0
comprehension,rival_majority,neutral,0240,-1,0,1,0,rPaQrPaQrPrP,A,nemo-12b,mistralai/mistral-nemo,io-net/fp16,0,1.0,Io Net,A,2.216e-06,0.9875683510677168,0.005053679831313345,0
comprehension,rival_majority,neutral,0240,1,0,0,0,rPrPrPaQaQrP,A,nemo-12b,mistralai/mistral-nemo,io-net/fp16,0,1.0,Io Net,A,2.216e-06,0.9820137918473728,0.003745500714974901,0
comprehension,rival_majority,neutral,0240,1,0,1,0,rPaQrPrPrPaQ,A,nemo-12b,mistralai/mistral-nemo,io-net/fp16,0,1.0,Io Net,A,2.216e-06,0.9626731157347207,0.005541547957808909,0
comprehension,rival_majority,neutral,0301,-1,0,0,0,aQaQrQaQ,B,nemo-12b,mistralai/mistral-nemo,io-net/fp16,0,1.0,Io Net,B,2.068e-06,0.6224593312018546,0.02594829904667889,0
comprehension,rival_majority,neutral,0301,-1,0,1,0,aQrQaQaQ,B,nemo-12b,mistralai/mistral-nemo,io-net/fp16,0,1.0,Io Net,A,2.068e-06,0.5,0.012129414436278851,0
comprehension,rival_majority,neutral,0301,1,0,0,0,aQaQaQrQ,B,nemo-12b,mistralai/mistral-nemo,io-net/fp16,0,1.0,Io Net,B,2.196e-06,0.1480471999111614,0.01260064985912368,0
comprehension,rival_majority,neutral,0301,1,0,1,0,rQaQaQaQ,B,nemo-12b,mistralai/mistral-nemo,io-net/fp16,0,1.0,Io Net,B,2.068e-06,0.06008665185713089,0.005793463881443528,0
comprehension,rival_majority,neutral,0302,-1,0,0,0,aQrQaQaQrQ,B,nemo-12b,mistralai/mistral-nemo,io-net/fp16,0,1.0,Io Net,B,2.206e-06,0.2227001285074597,0.00541921608396112,0
comprehension,rival_majority,neutral,0302,-1,0,1,0,aQrQrQaQaQ,B,nemo-12b,mistralai/mistral-nemo,io-net/fp16,0,1.0,Io Net,A,2.206e-06,0.10669060175672705,0.005486017096020923,0
comprehension,rival_majority,neutral,0302,1,0,0,0,aQaQrQrQaQ,B,nemo-12b,mistralai/mistral-nemo,io-net/fp16,0,1.0,Io Net,B,2.334e-06,0.03308598065306466,0.006675510602111023,0
comprehension,rival_majority,neutral,0302,1,0,1,0,aQaQaQrQrQ,B,nemo-12b,mistralai/mistral-nemo,io-net/fp16,0,1.0,Io Net,B,2.334e-06,0.07585818315512395,0.00707298123217881,0
comprehension,rival_majority,neutral,0303,-1,0,0,0,rQaQaQrQaQrQ,B,nemo-12b,mistralai/mistral-nemo,io-net/fp16,0,1.0,Io Net,B,2.216e-06,0.13296424878721277,0.01156592058408068,0
comprehension,rival_majority,neutral,0303,-1,0,1,0,rQrQaQrQaQaQ,B,nemo-12b,mistralai/mistral-nemo,io-net/fp16,0,1.0,Io Net,B,2.472e-06,0.025957358233872,0.0031645554031759504,0
comprehension,rival_majority,neutral,0303,1,0,0,0,rQaQaQrQaQrQ,B,nemo-12b,mistralai/mistral-nemo,io-net/fp16,0,1.0,Io Net,B,2.216e-06,0.037326883863690125,0.005796384275368549,0
comprehension,rival_majority,neutral,0303,1,0,1,0,rQaQrQrQaQaQ,B,nemo-12b,mistralai/mistral-nemo,io-net/fp16,0,1.0,Io Net,B,2.344e-06,0.022977367693815597,0.003831906037531696,0
comprehension,rival_majority,neutral,0310,-1,0,0,0,aQaQrPaQ,A,nemo-12b,mistralai/mistral-nemo,io-net/fp16,0,1.0,Io Net,Based,2.196e-06,0.9525741248028791,0.024103571905511066,0
comprehension,rival_majority,neutral,0310,-1,0,1,0,aQrPaQaQ,A,nemo-12b,mistralai/mistral-nemo,io-net/fp16,0,1.0,Io Net,A,2.068e-06,0.9770226278319488,0.007831234434457011,0
comprehension,rival_majority,neutral,0310,1,0,0,0,rPaQaQaQ,A,nemo-12b,mistralai/mistral-nemo,io-net/fp16,0,1.0,Io Net,B,2.068e-06,0.6224593241981982,0.00977442523942329,0
comprehension,rival_majority,neutral,0310,1,0,1,0,aQaQaQrP,A,nemo-12b,mistralai/mistral-nemo,io-net/fp16,0,1.0,Io Net,B,2.068e-06,0.6791787056691698,0.02104526296304421,0
comprehension,rival_majority,neutral,0312,-1,0,0,0,rQrPrQaQaQaQ,B,nemo-12b,mistralai/mistral-nemo,io-net/fp16,0,1.0,Io Net,B,2.216e-06,0.16451645675203383,0.006360529801263226,0
comprehension,rival_majority,neutral,0312,-1,0,1,0,aQrQrQaQaQrP,B,nemo-12b,mistralai/mistral-nemo,io-net/fp16,0,1.0,Io Net,B,2.216e-06,0.4687906266262437,0.005186492724651659,0
comprehension,rival_majority,neutral,0312,1,0,0,0,rQaQrQrPaQaQ,B,nemo-12b,mistralai/mistral-nemo,io-net/fp16,0,1.0,Io Net,B,2.216e-06,0.06754669817865513,0.006000741853988356,0
comprehension,rival_majority,neutral,0312,1,0,1,0,rQrPaQaQrQaQ,B,nemo-12b,mistralai/mistral-nemo,io-net/fp16,0,1.0,Io Net,B,2.216e-06,0.060086645124638065,0.006762599462453944,0
comprehension,rival_majority,neutral,0320,-1,0,0,0,rPrPaQaQaQ,A,nemo-12b,mistralai/mistral-nemo,io-net/fp16,0,1.0,Io Net,A,2.206e-06,0.9796676452474677,0.004093901910923542,0
comprehension,rival_majority,neutral,0320,-1,0,1,0,aQaQaQrPrP,A,nemo-12b,mistralai/mistral-nemo,io-net/fp16,0,1.0,Io Net,A,2.206e-06,0.9820137894786195,0.002490231646575424,0
comprehension,rival_majority,neutral,0320,1,0,0,0,rPrPaQaQaQ,A,nemo-12b,mistralai/mistral-nemo,io-net/fp16,0,1.0,Io Net,A,2.206e-06,0.9241418199787564,0.004968056389843906,0
comprehension,rival_majority,neutral,0320,1,0,1,0,aQrPaQrPaQ,A,nemo-12b,mistralai/mistral-nemo,io-net/fp16,0,1.0,Io Net,A,2.206e-06,0.7310585903489891,0.0066160830535345605,0
comprehension,rival_majority,neutral,0321,-1,0,0,0,aQaQrPaQrQrP,A,nemo-12b,mistralai/mistral-nemo,io-net/fp16,0,1.0,Io Net,A,2.216e-06,0.7310585669110203,0.00928107806692785,0
comprehension,rival_majority,neutral,0321,-1,0,1,0,aQrPaQaQrQrP,A,nemo-12b,mistralai/mistral-nemo,io-net/fp16,0,1.0,Io Net,A,2.216e-06,0.8519528019683106,0.008881873911779942,0
comprehension,rival_majority,neutral,0321,1,0,0,0,aQrPrQrPaQaQ,A,nemo-12b,mistralai/mistral-nemo,io-net/fp16,0,1.0,Io Net,B,2.216e-06,0.2689414096510108,0.016346340366441003,0
comprehension,rival_majority,neutral,0321,1,0,1,0,rQaQrPaQaQrP,A,nemo-12b,mistralai/mistral-nemo,io-net/fp16,0,1.0,Io Net,B,2.216e-06,0.24508502416032485,0.010008941837056029,0
comprehension,rival_majority,neutral,0330,-1,0,0,0,rPaQrPaQaQrP,A,nemo-12b,mistralai/mistral-nemo,io-net/fp16,0,1.0,Io Net,A,2.472e-06,0.9399133531922388,0.006813776116082512,0
comprehension,rival_majority,neutral,0330,-1,0,1,0,rPrPaQaQrPaQ,A,nemo-12b,mistralai/mistral-nemo,io-net/fp16,0,1.0,Io Net,A,2.216e-06,0.9796676480301127,0.004862545151951985,0
comprehension,rival_majority,neutral,0330,1,0,0,0,rPaQaQrPrPaQ,A,nemo-12b,mistralai/mistral-nemo,io-net/fp16,0,1.0,Io Net,A,2.216e-06,0.817574471748733,0.006368557085610821,0
comprehension,rival_majority,neutral,0330,1,0,1,0,rPrPaQaQrPaQ,A,nemo-12b,mistralai/mistral-nemo,io-net/fp16,0,1.0,Io Net,A,2.472e-06,0.924141814233309,0.005639277766323114,0
comprehension,rival_majority,neutral,0401,-1,0,0,0,rQaQaQaQaQ,B,nemo-12b,mistralai/mistral-nemo,io-net/fp16,0,1.0,Io Net,B,2.206e-06,0.5,0.008463959167915258,0
comprehension,rival_majority,neutral,0401,-1,0,1,0,aQaQaQrQaQ,B,nemo-12b,mistralai/mistral-nemo,io-net/fp16,0,1.0,Io Net,A,2.206e-06,0.5621765008857981,0.017267617093273124,0
comprehension,rival_majority,neutral,0401,1,0,0,0,aQrQaQaQaQ,B,nemo-12b,mistralai/mistral-nemo,io-net/fp16,0,1.0,Io Net,B,2.334e-06,0.14804719803168948,0.007027778487663006,0
comprehension,rival_majority,neutral,0401,1,0,1,0,aQrQaQaQaQ,B,nemo-12b,mistralai/mistral-nemo,io-net/fp16,0,1.0,Io Net,B,2.334e-06,0.22270013366638425,0.009313276048994346,0
comprehension,rival_majority,neutral,0402,-1,0,0,0,aQaQaQrQrQaQ,B,nemo-12b,mistralai/mistral-nemo,io-net/fp16,0,1.0,Io Net,B,2.344e-06,0.18242552380635635,0.006064780396501379,0
comprehension,rival_majority,neutral,0402,-1,0,1,0,aQrQaQrQaQaQ,B,nemo-12b,mistralai/mistral-nemo,io-net/fp16,0,1.0,Io Net,B,2.472e-06,0.10669060388702056,0.010352877390230608,0
comprehension,rival_majority,neutral,0402,1,0,0,0,rQaQaQaQaQrQ,B,nemo-12b,mistralai/mistral-nemo,io-net/fp16,0,1.0,Io Net,B,2.216e-06,0.05340332452690109,0.0039157396402234035,0
comprehension,rival_majority,neutral,0402,1,0,1,0,rQaQaQrQaQaQ,B,nemo-12b,mistralai/mistral-nemo,io-net/fp16,0,1.0,Io Net,B,2.216e-06,0.053403327916637336,0.005095641398380368,0
comprehension,rival_majority,neutral,0410,-1,0,0,0,aQaQaQrPaQ,A,nemo-12b,mistralai/mistral-nemo,io-net/fp16,0,1.0,Io Net,A,2.206e-06,0.9046505376715775,0.030190299445570806,0
comprehension,rival_majority,neutral,0410,-1,0,1,0,rPaQaQaQaQ,A,nemo-12b,mistralai/mistral-nemo,io-net/fp16,0,1.0,Io Net,A,2.206e-06,0.9399133439350608,0.007787858653102955,0
comprehension,rival_majority,neutral,0410,1,0,0,0,aQaQaQaQrP,A,nemo-12b,mistralai/mistral-nemo,io-net/fp16,0,1.0,Io Net,A,2.206e-06,0.4687906266262437,0.010037746349359833,0
comprehension,rival_majority,neutral,0410,1,0,1,0,aQaQaQaQrP,A,nemo-12b,mistralai/mistral-nemo,io-net/fp16,0,1.0,Io Net,A,2.206e-06,0.6513548511303338,0.01044860661913305,0
comprehension,rival_majority,neutral,0420,-1,0,0,0,rPaQaQrPaQaQ,A,nemo-12b,mistralai/mistral-nemo,io-net/fp16,0,1.0,Io Net,A,2.216e-06,0.9149009538328171,0.004962227408489325,0
comprehension,rival_majority,neutral,0420,-1,0,1,0,rPaQaQrPaQaQ,A,nemo-12b,mistralai/mistral-nemo,io-net/fp16,0,1.0,Io Net,A,2.472e-06,0.9579122749379931,0.004119828370898332,0
comprehension,rival_majority,neutral,0420,1,0,0,0,aQaQaQaQrPrP,A,nemo-12b,mistralai/mistral-nemo,io-net/fp16,0,1.0,Io Net,A,2.344e-06,0.8807970795424088,0.003451167263219271,0
comprehension,rival_majority,neutral,0420,1,0,1,0,aQaQrPaQaQrP,A,nemo-12b,mistralai/mistral-nemo,io-net/fp16,0,1.0,Io Net,A,2.472e-06,0.817574478416099,0.007707170436647398,0
comprehension,rival_majority,neutral,0501,-1,0,0,0,aQaQaQrQaQaQ,B,nemo-12b,mistralai/mistral-nemo,io-net/fp16,0,1.0,Io Net,A,2.344e-06,0.5,0.02510382762735791,0
comprehension,rival_majority,neutral,0501,-1,0,1,0,aQaQaQaQaQrQ,B,nemo-12b,mistralai/mistral-nemo,io-net/fp16,0,1.0,Io Net,B,2.216e-06,0.6513548782017745,0.007496694149308536,0
comprehension,rival_majority,neutral,0501,1,0,0,0,aQaQaQaQaQrQ,B,nemo-12b,mistralai/mistral-nemo,io-net/fp16,0,1.0,Io Net,B,2.216e-06,0.20181321505933414,0.009762639015771013,0
comprehension,rival_majority,neutral,0501,1,0,1,0,aQaQrQaQaQaQ,B,nemo-12b,mistralai/mistral-nemo,io-net/fp16,0,1.0,Io Net,A,2.216e-06,0.24508500761839525,0.016218564000728186,0
comprehension,rival_majority,neutral,0510,-1,0,0,0,aQaQaQaQaQrP,A,nemo-12b,mistralai/mistral-nemo,io-net/fp16,0,1.0,Io Net,A,2.216e-06,0.9149009625340366,0.011295053879150807,0
comprehension,rival_majority,neutral,0510,-1,0,1,0,aQaQaQaQaQrP,A,nemo-12b,mistralai/mistral-nemo,io-net/fp16,0,1.0,Io Net,A,2.344e-06,0.9465966709534505,0.013016219164492061,0
comprehension,rival_majority,neutral,0510,1,0,0,0,aQaQaQrPaQaQ,A,nemo-12b,mistralai/mistral-nemo,io-net/fp16,0,1.0,Io Net,B,2.472e-06,0.5312093733737562,0.018106316278653223,0
comprehension,rival_majority,neutral,0510,1,0,1,0,rPaQaQaQaQaQ,A,nemo-12b,mistralai/mistral-nemo,io-net/fp16,0,1.0,Io Net,B,2.216e-06,0.5312093733737563,0.006175227973689856,0
comprehension,rival_majority,neutral,1001,-1,0,0,0,aPrQ,B,nemo-12b,mistralai/mistral-nemo,io-net/fp16,0,1.0,Io Net,B,1.92e-06,0.37754066879814546,0.008812588995209203,0
comprehension,rival_majority,neutral,1001,-1,0,1,0,rQaP,B,nemo-12b,mistralai/mistral-nemo,io-net/fp16,0,1.0,Io Net,B,2.048e-06,0.14804720179063335,0.00616793607697641,0
comprehension,rival_majority,neutral,1001,1,0,0,0,aPrQ,B,nemo-12b,mistralai/mistral-nemo,io-net/fp16,0,1.0,Io Net,B,1.92e-06,0.017986208317123928,0.0028520132163410983,0
comprehension,rival_majority,neutral,1001,1,0,1,0,aPrQ,B,nemo-12b,mistralai/mistral-nemo,io-net/fp16,0,1.0,Io Net,B,1.92e-06,0.02931223011538168,0.004220521222476514,0
comprehension,rival_majority,neutral,1002,-1,0,0,0,rQrQaP,B,nemo-12b,mistralai/mistral-nemo,io-net/fp16,0,1.0,Io Net,B,1.93e-06,0.025957359317041524,0.00397778927606518,0
comprehension,rival_majority,neutral,1002,-1,0,1,0,aPrQrQ,B,nemo-12b,mistralai/mistral-nemo,io-net/fp16,0,1.0,Io Net,B,1.93e-06,0.053403329234868166,0.004839453000165084,0
comprehension,rival_majority,neutral,1002,1,0,0,0,aPrQrQ,B,nemo-12b,mistralai/mistral-nemo,io-net/fp16,0,1.0,Io Net,B,2.058e-06,0.008577485801786378,0.0026401953239177933,0
comprehension,rival_majority,neutral,1002,1,0,1,0,rQrQaP,B,nemo-12b,mistralai/mistral-nemo,io-net/fp16,0,1.0,Io Net,B,1.93e-06,0.0031726833873872958,0.003636020759587688,0
comprehension,rival_majority,neutral,1003,-1,0,0,0,rQrQrQaP,B,nemo-12b,mistralai/mistral-nemo,io-net/fp16,0,1.0,Io Net,B,2.068e-06,0.012431649675489544,0.002599826464451227,0
comprehension,rival_majority,neutral,1003,-1,0,1,0,rQaPrQrQ,B,nemo-12b,mistralai/mistral-nemo,io-net/fp16,0,1.0,Io Net,B,2.068e-06,0.006692852193539452,0.0050124443899427495,0
comprehension,rival_majority,neutral,1003,1,0,0,0,rQaPrQrQ,B,nemo-12b,mistralai/mistral-nemo,io-net/fp16,0,1.0,Io Net,B,2.068e-06,0.00460957117089682,0.0028332640664973097,0
comprehension,rival_majority,neutral,1003,1,0,1,0,rQrQrQaP,B,nemo-12b,mistralai/mistral-nemo,io-net/fp16,0,1.0,Io Net,B,2.196e-06,0.0015011824078524992,0.0021195035803360796,0
comprehension,rival_majority,neutral,1004,-1,0,0,0,aPrQrQrQrQ,B,nemo-12b,mistralai/mistral-nemo,io-net/fp16,0,1.0,Io Net,B,2.206e-06,0.012431653677370539,0.002695262464874393,0
comprehension,rival_majority,neutral,1004,-1,0,1,0,rQaPrQrQrQ,B,nemo-12b,mistralai/mistral-nemo,io-net/fp16,0,1.0,Io Net,B,2.206e-06,0.00359360258975703,0.0033599072810244213,0
comprehension,rival_majority,neutral,1004,1,0,0,0,rQrQaPrQrQ,B,nemo-12b,mistralai/mistral-nemo,io-net/fp16,0,1.0,Io Net,B,2.206e-06,0.00317268303393727,0.0046364499657675085,0
comprehension,rival_majority,neutral,1004,1,0,1,0,rQrQrQrQaP,B,nemo-12b,mistralai/mistral-nemo,io-net/fp16,0,1.0,Io Net,B,2.206e-06,0.0021827168185664047,0.0015479813712498958,0
comprehension,rival_majority,neutral,1005,-1,0,0,0,aPrQrQrQrQrQ,B,nemo-12b,mistralai/mistral-nemo,io-net/fp16,0,1.0,Io Net,B,2.216e-06,0.017986209468601255,0.0023213033056106447,0
comprehension,rival_majority,neutral,1005,-1,0,1,0,rQrQrQrQaPrQ,B,nemo-12b,mistralai/mistral-nemo,io-net/fp16,0,1.0,Io Net,B,2.344e-06,0.0019267346275083932,0.0033011226387946735,0
comprehension,rival_majority,neutral,1005,1,0,0,0,rQrQrQrQrQaP,B,nemo-12b,mistralai/mistral-nemo,io-net/fp16,0,1.0,Io Net,B,2.216e-06,0.009708475201060452,0.0019089075773379705,0
comprehension,rival_majority,neutral,1005,1,0,1,0,rQrQrQrQaPrQ,B,nemo-12b,mistralai/mistral-nemo,io-net/fp16,0,1.0,Io Net,B,2.216e-06,0.0011695102411213303,0.0023517953182961016,0
comprehension,rival_majority,neutral,1010,-1,0,0,0,rPaP,A,nemo-12b,mistralai/mistral-nemo,io-net/fp16,0,1.0,Io Net,A,1.92e-06,0.9669140219688265,0.004753381152405756,0
comprehension,rival_majority,neutral,1010,-1,0,1,0,rPaP,A,nemo-12b,mistralai/mistral-nemo,io-net/fp16,0,1.0,Io Net,A,1.92e-06,0.9241418158002492,0.0036458395346769673,0
comprehension,rival_majority,neutral,1010,1,0,0,0,aPrP,A,nemo-12b,mistralai/mistral-nemo,io-net/fp16,0,1.0,Io Net,A,1.92e-06,0.5926665999540698,0.01120766138849727,0
comprehension,rival_majority,neutral,1010,1,0,1,0,aPrP,A,nemo-12b,mistralai/mistral-nemo,io-net/fp16,0,1.0,Io Net,A,1.92e-06,0.6224593312018546,0.009905014040926974,0
comprehension,rival_majority,neutral,1012,-1,0,0,0,aPrQrQrP,B,nemo-12b,mistralai/mistral-nemo,io-net/fp16,0,1.0,Io Net,B,2.196e-06,0.24508500761839525,0.006730043625702731,0
comprehension,rival_majority,neutral,1012,-1,0,1,0,rQaPrQrP,B,nemo-12b,mistralai/mistral-nemo,io-net/fp16,0,1.0,Io Net,B,2.068e-06,0.1329642316084462,0.009860257863502087,0
comprehension,rival_majority,neutral,1012,1,0,0,0,rQrQrPaP,B,nemo-12b,mistralai/mistral-nemo,io-net/fp16,0,1.0,Io Net,B,2.068e-06,0.0675466911396291,0.004368348673949862,0
comprehension,rival_majority,neutral,1012,1,0,1,0,aPrQrQrP,B,nemo-12b,mistralai/mistral-nemo,io-net/fp16,0,1.0,Io Net,B,2.068e-06,0.03732688868276006,0.004694630507137809,0
comprehension,rival_majority,neutral,1013,-1,0,0,0,rPrQrQrQaP,B,nemo-12b,mistralai/mistral-nemo,io-net/fp16,0,1.0,Io Net,A,2.206e-06,0.1066905939456512,0.006654923449507022,0
comprehension,rival_majority,neutral,1013,-1,0,1,0,rPrQrQrQaP,B,nemo-12b,mistralai/mistral-nemo,io-net/fp16,0,1.0,Io Net,B,2.206e-06,0.1192029235866439,0.00422189346116586,0
comprehension,rival_majority,neutral,1013,1,0,0,0,aPrQrQrPrQ,B,nemo-12b,mistralai/mistral-nemo,io-net/fp16,0,1.0,Io Net,B,2.334e-06,0.03732688332823795,0.0051061169193601375,0
comprehension,rival_majority,neutral,1013,1,0,1,0,rPrQaPrQrQ,B,nemo-12b,mistralai/mistral-nemo,io-net/fp16,0,1.0,Io Net,B,2.206e-06,0.10669058400428263,0.010544973777318223,0
comprehension,rival_majority,neutral,1014,-1,0,0,0,rQrPaPrQrQrQ,B,nemo-12b,mistralai/mistral-nemo,io-net/fp16,0,1.0,Io Net,B,2.472e-06,0.042087725812957326,0.007576840983016808,0
comprehension,rival_majority,neutral,1014,-1,0,1,0,rPrQrQaPrQrQ,B,nemo-12b,mistralai/mistral-nemo,io-net/fp16,0,1.0,Io Net,B,2.216e-06,0.10669059607594455,0.007091328624574844,0
comprehension,rival_majority,neutral,1014,1,0,0,0,aPrQrQrQrQrP,B,nemo-12b,mistralai/mistral-nemo,io-net/fp16,0,1.0,Io Net,B,2.472e-06,0.037326887745718636,0.0027946372886884507,0
comprehension,rival_majority,neutral,1014,1,0,1,0,rPrQaPrQrQrQ,B,nemo-12b,mistralai/mistral-nemo,io-net/fp16,0,1.0,Io Net,B,2.216e-06,0.09534945718704857,0.005674150820202617,0
comprehension,rival_majority,neutral,1020,-1,0,0,0,aPrPrP,A,nemo-12b,mistralai/mistral-nemo,io-net/fp16,0,1.0,Io Net,A,1.93e-06,0.9740426406358642,0.005409418939801815,0
comprehension,rival_majority,neutral,1020,-1,0,1,0,rPaPrP,A,nemo-12b,mistralai/mistral-nemo,io-net/fp16,0,1.0,Io Net,A,2.058e-06,0.9465966756614176,0.003935447187228228,0
comprehension,rival_majority,neutral,1020,1,0,0,0,aPrPrP,A,nemo-12b,mistralai/mistral-nemo,io-net/fp16,0,1.0,Io Net,A,2.058e-06,0.9241418241572635,0.005725438910125738,0
comprehension,rival_majority,neutral,1020,1,0,1,0,rPrPaP,A,nemo-12b,mistralai/mistral-nemo,io-net/fp16,0,1.0,Io Net,A,2.058e-06,0.914900957313305,0.004642816484997536,0
comprehension,rival_majority,neutral,1021,-1,0,0,0,rQrPaPrP,A,nemo-12b,mistralai/mistral-nemo,io-net/fp16,0,1.0,Io Net,B,2.068e-06,0.7057850340255386,0.009308354294972121,0
comprehension,rival_majority,neutral,1021,-1,0,1,0,aPrPrPrQ,A,nemo-12b,mistralai/mistral-nemo,io-net/fp16,0,1.0,Io Net,A,2.068e-06,0.9149009578933863,0.005398834653743079,0
comprehension,rival_majority,neutral,1021,1,0,0,0,rPaPrPrQ,A,nemo-12b,mistralai/mistral-nemo,io-net/fp16,0,1.0,Io Net,B,2.068e-06,0.8807970670261975,0.0050532788590914035,0
comprehension,rival_majority,neutral,1021,1,0,1,0,rPrQaPrP,A,nemo-12b,mistralai/mistral-nemo,io-net/fp16,0,1.0,Io Net,A,2.068e-06,0.6224593312018545,0.011561219797699807,0
comprehension,rival_majority,neutral,1023,-1,0,0,0,rQrQrQrPrPaP,B,nemo-12b,mistralai/mistral-nemo,io-net/fp16,0,1.0,Io Net,B,2.344e-06,0.1480471999111614,0.004744387409523543,0
comprehension,rival_majority,neutral,1023,-1,0,1,0,rQrQrQrPaPrP,B,nemo-12b,mistralai/mistral-nemo,io-net/fp16,0,1.0,Io Net,B,2.216e-06,0.060086648490884395,0.004340493982583737,0
comprehension,rival_majority,neutral,1023,1,0,0,0,aPrQrQrPrQrP,B,nemo-12b,mistralai/mistral-nemo,io-net/fp16,0,1.0,Io Net,B,2.216e-06,0.13296424019782924,0.004809325406556875,0
comprehension,rival_majority,neutral,1023,1,0,1,0,rPaPrPrQrQrQ,B,nemo-12b,mistralai/mistral-nemo,io-net/fp16,0,1.0,Io Net,B,2.216e-06,0.29421495978593415,0.00548979941362937,0
comprehension,rival_majority,neutral,1030,-1,0,0,0,rPrPaPrP,A,nemo-12b,mistralai/mistral-nemo,io-net/fp16,0,1.0,Io Net,A,2.068e-06,0.9964063968449984,0.00395725539117881,0
comprehension,rival_majority,neutral,1030,-1,0,1,0,rPaPrPrP,A,nemo-12b,mistralai/mistral-nemo,io-net/fp16,0,1.0,Io Net,A,2.068e-06,0.952574131703022,0.0033808755935258797,0
comprehension,rival_majority,neutral,1030,1,0,0,0,aPrPrPrP,A,nemo-12b,mistralai/mistral-nemo,io-net/fp16,0,1.0,Io Net,A,2.068e-06,0.932453306514029,0.0035707142994599733,0
comprehension,rival_majority,neutral,1030,1,0,1,0,rPaPrPrP,A,nemo-12b,mistralai/mistral-nemo,io-net/fp16,0,1.0,Io Net,A,2.068e-06,0.962673111451103,0.004320810370150051,0
comprehension,rival_majority,neutral,1031,-1,0,0,0,rPrQrPrPaP,A,nemo-12b,mistralai/mistral-nemo,io-net/fp16,0,1.0,Io Net,A,2.206e-06,0.939913350667554,0.004955141976877929,0
comprehension,rival_majority,neutral,1031,-1,0,1,0,rPrPrPrQaP,A,nemo-12b,mistralai/mistral-nemo,io-net/fp16,0,1.0,Io Net,A,2.206e-06,0.9525741293468758,0.003187965075603323,0
comprehension,rival_majority,neutral,1031,1,0,0,0,rQrPaPrPrP,A,nemo-12b,mistralai/mistral-nemo,io-net/fp16,0,1.0,Io Net,A,2.206e-06,0.46879062662624377,0.007211978453333212,0
comprehension,rival_majority,neutral,1031,1,0,1,0,rPaPrPrQrP,A,nemo-12b,mistralai/mistral-nemo,io-net/fp16,0,1.0,Io Net,A,2.206e-06,0.9046505383142494,0.007123271969043901,0
comprehension,rival_majority,neutral,1032,-1,0,0,0,rPrQrPrQaPrP,A,nemo-12b,mistralai/mistral-nemo,io-net/fp16,0,1.0,Io Net,B,2.216e-06,0.754914997895581,0.010316591001427705,0
comprehension,rival_majority,neutral,1032,-1,0,1,0,aPrQrPrQrPrP,A,nemo-12b,mistralai/mistral-nemo,io-net/fp16,0,1.0,Io Net,A,2.216e-06,0.7981867825403177,0.006112584079932981,0
comprehension,rival_majority,neutral,1032,1,0,0,0,rQaPrQrPrPrP,A,nemo-12b,mistralai/mistral-nemo,io-net/fp16,0,1.0,Io Net,B,2.216e-06,0.5312093733737562,0.007028164580455798,0
comprehension,rival_majority,neutral,1032,1,0,1,0,rPrQrPrPaPrQ,A,nemo-12b,mistralai/mistral-nemo,io-net/fp16,0,1.0,Io Net,B,2.216e-06,0.4687906266262437,0.010825049856769797,0
comprehension,rival_majority,neutral,1040,-1,0,0,0,rPrPaPrPrP,A,nemo-12b,mistralai/mistral-nemo,io-net/fp16,0,1.0,Io Net,A,2.206e-06,0.9924227601958464,0.0056812693412576975,0
comprehension,rival_majority,neutral,1040,-1,0,1,0,rPrPrPaPrP,A,nemo-12b,mistralai/mistral-nemo,io-net/fp16,0,1.0,Io Net,A,2.334e-06,0.9706877724285167,0.001937476188183223,0
comprehension,rival_majority,neutral,1040,1,0,0,0,aPrPrPrPrP,A,nemo-12b,mistralai/mistral-nemo,io-net/fp16,0,1.0,Io Net,A,2.206e-06,0.9465966653038895,0.0038653437387878783,0
comprehension,rival_majority,neutral,1040,1,0,1,0,rPrPaPrPrP,A,nemo-12b,mistralai/mistral-nemo,io-net/fp16,0,1.0,Io Net,B,2.206e-06,0.970687768612669,0.003884331837003957,0
comprehension,rival_majority,neutral,1041,-1,0,0,0,aPrQrPrPrPrP,A,nemo-12b,mistralai/mistral-nemo,io-net/fp16,0,1.0,Io Net,A,2.472e-06,0.9399133552961427,0.003968143942599603,0
comprehension,rival_majority,neutral,1041,-1,0,1,0,rPrPaPrPrPrQ,A,nemo-12b,mistralai/mistral-nemo,io-net/fp16,0,1.0,Io Net,A,2.472e-06,0.9399133468805266,0.004475870199063189,0
comprehension,rival_majority,neutral,1041,1,0,0,0,aPrPrPrPrQrP,A,nemo-12b,mistralai/mistral-nemo,io-net/fp16,0,1.0,Io Net,A,2.216e-06,0.9525741301883566,0.0030113514726927207,0
comprehension,rival_majority,neutral,1041,1,0,1,0,rQrPrPrPrPaP,A,nemo-12b,mistralai/mistral-nemo,io-net/fp16,0,1.0,Io Net,A,2.216e-06,0.5,0.0036629560187435573,0
comprehension,rival_majority,neutral,1050,-1,0,0,0,rPrPrPaPrPrP,A,nemo-12b,mistralai/mistral-nemo,io-net/fp16,0,1.0,Io Net,A,2.216e-06,0.9933071497443955,0.003431942587041767,0
comprehension,rival_majority,neutral,1050,-1,0,1,0,rPrPrPaPrPrP,A,nemo-12b,mistralai/mistral-nemo,io-net/fp16,0,1.0,Io Net,A,2.344e-06,0.9669140233989488,0.0031748523409678084,0
comprehension,rival_majority,neutral,1050,1,0,0,0,aPrPrPrPrPrP,A,nemo-12b,mistralai/mistral-nemo,io-net/fp16,0,1.0,Io Net,A,2.344e-06,0.9465966732132748,0.0026413352168464035,0
comprehension,rival_majority,neutral,1050,1,0,1,0,rPrPrPrPaPrP,A,nemo-12b,mistralai/mistral-nemo,io-net/fp16,0,1.0,Io Net,A,2.216e-06,0.9770226306335731,0.0031142175984104348,0
comprehension,rival_majority,neutral,1101,-1,0,0,0,aPaQrQ,B,nemo-12b,mistralai/mistral-nemo,io-net/fp16,0,1.0,Io Net,B,2.058e-06,0.22270014398423357,0.017654889699849963,0
comprehension,rival_majority,neutral,1101,-1,0,1,0,aQaPrQ,B,nemo-12b,mistralai/mistral-nemo,io-net/fp16,0,1.0,Io Net,B,2.058e-06,0.6224593382055109,0.021451675466464648,0
comprehension,rival_majority,neutral,1101,1,0,0,0,rQaQaP,B,nemo-12b,mistralai/mistral-nemo,io-net/fp16,0,1.0,Io Net,B,2.058e-06,0.04208772356010582,0.006461481873742958,0
comprehension,rival_majority,neutral,1101,1,0,1,0,rQaQaP,B,nemo-12b,mistralai/mistral-nemo,io-net/fp16,0,1.0,Io Net,B,2.058e-06,0.06008664975322681,0.008655556640365658,0
comprehension,rival_majority,neutral,1102,-1,0,0,0,rQaQrQaP,B,nemo-12b,mistralai/mistral-nemo,io-net/fp16,0,1.0,Io Net,A,2.196e-06,0.08509904036636975,0.009511158715370116,0
comprehension,rival_majority,neutral,1102,-1,0,1,0,rQaQaPrQ,B,nemo-12b,mistralai/mistral-nemo,io-net/fp16,0,1.0,Io Net,B,2.068e-06,0.053403327916637336,0.009963212093794804,0
comprehension,rival_majority,neutral,1102,1,0,0,0,aPrQaQrQ,B,nemo-12b,mistralai/mistral-nemo,io-net/fp16,0,1.0,Io Net,A,2.196e-06,0.022977368864643504,0.003860219488399541,0
comprehension,rival_majority,neutral,1102,1,0,1,0,aQrQaPrQ,B,nemo-12b,mistralai/mistral-nemo,io-net/fp16,0,1.0,Io Net,B,2.068e-06,0.033085980772241536,0.010968882078179698,0
comprehension,rival_majority,neutral,1103,-1,0,0,0,aPaQrQrQrQ,B,nemo-12b,mistralai/mistral-nemo,io-net/fp16,0,1.0,Io Net,B,2.206e-06,0.025957355879155805,0.0041438726510050206,0
comprehension,rival_majority,neutral,1103,-1,0,1,0,rQaPrQrQaQ,B,nemo-12b,mistralai/mistral-nemo,io-net/fp16,0,1.0,Io Net,B,2.206e-06,0.033085978507880996,0.007174315434309575,0
comprehension,rival_majority,neutral,1103,1,0,0,0,rQrQrQaPaQ,B,nemo-12b,mistralai/mistral-nemo,io-net/fp16,0,1.0,Io Net,B,2.206e-06,0.009708475577125971,0.0032739222337663243,0
comprehension,rival_majority,neutral,1103,1,0,1,0,rQaPrQrQaQ,B,nemo-12b,mistralai/mistral-nemo,io-net/fp16,0,1.0,Io Net,B,2.334e-06,0.010986941557876937,0.004645488667340936,0
comprehension,rival_majority,neutral,1104,-1,0,0,0,rQrQrQrQaQaP,B,nemo-12b,mistralai/mistral-nemo,io-net/fp16,0,1.0,Io Net,B,2.344e-06,0.022977369408242198,0.00475141252513922,0
comprehension,rival_majority,neutral,1104,-1,0,1,0,rQaQrQrQaPrQ,B,nemo-12b,mistralai/mistral-nemo,io-net/fp16,0,1.0,Io Net,B,2.216e-06,0.005911069934340336,0.003915819640271878,0
comprehension,rival_majority,neutral,1104,1,0,0,0,rQrQaQrQrQaP,B,nemo-12b,mistralai/mistral-nemo,io-net/fp16,0,1.0,Io Net,B,2.216e-06,0.02297736878101294,0.003393897719909278,0
comprehension,rival_majority,neutral,1104,1,0,1,0,aQrQrQaPrQrQ,B,nemo-12b,mistralai/mistral-nemo,io-net/fp16,0,1.0,Io Net,B,2.216e-06,0.009708476374026765,0.006022056761038175,0
comprehension,rival_majority,neutral,1110,-1,0,0,0,aQaPrP,A,nemo-12b,mistralai/mistral-nemo,io-net/fp16,0,1.0,Io Net,A,2.058e-06,0.8933094074745443,0.039761510784359716,0
comprehension,rival_majority,neutral,1110,-1,0,1,0,rPaQaP,A,nemo-12b,mistralai/mistral-nemo,io-net/fp16,0,1.0,Io Net,A,2.058e-06,0.9626731087738416,0.004693037229432859,0
comprehension,rival_majority,neutral,1110,1,0,0,0,aQaPrP,A,nemo-12b,mistralai/mistral-nemo,io-net/fp16,0,1.0,Io Net,A,2.058e-06,0.5621765008857981,0.032965793975547664,0
comprehension,rival_majority,neutral,1110,1,0,1,0,aQaPrP,A,nemo-12b,mistralai/mistral-nemo,io-net/fp16,0,1.0,Io Net,A,2.186e-06,0.7549149978955811,0.027671713402262682,0
comprehension,rival_majority,neutral,1112,-1,0,0,0,rQrQaPaQrP,B,nemo-12b,mistralai/mistral-nemo,io-net/fp16,0,1.0,Io Net,B,2.206e-06,0.11920292045759122,0.009477309452384453,0
comprehension,rival_majority,neutral,1112,-1,0,1,0,rPaQaPrQrQ,B,nemo-12b,mistralai/mistral-nemo,io-net/fp16,0,1.0,Io Net,A,2.334e-06,0.7310585669110202,0.007827110335068721,0
comprehension,rival_majority,neutral,1112,1,0,0,0,rQrPrQaQaP,B,nemo-12b,mistralai/mistral-nemo,io-net/fp16,0,1.0,Io Net,B,2.206e-06,0.13296422989056966,0.006873269182375075,0
comprehension,rival_majority,neutral,1112,1,0,1,0,aPrQrQaQrP,B,nemo-12b,mistralai/mistral-nemo,io-net/fp16,0,1.0,Io Net,B,2.206e-06,0.07585818785594477,0.005975419355770284,0
comprehension,rival_majority,neutral,1113,-1,0,0,0,rPaPrQrQaQrQ,B,nemo-12b,mistralai/mistral-nemo,io-net/fp16,0,1.0,Io Net,B,2.472e-06,0.2689414096510108,0.01249996037703438,0
comprehension,rival_majority,neutral,1113,-1,0,1,0,rPrQaPrQaQrQ,B,nemo-12b,mistralai/mistral-nemo,io-net/fp16,0,1.0,Io Net,A,2.216e-06,0.34864513533394575,0.012464635061863016,0
comprehension,rival_majority,neutral,1113,1,0,0,0,rPrQaQaPrQrQ,B,nemo-12b,mistralai/mistral-nemo,io-net/fp16,0,1.0,Io Net,B,2.216e-06,0.1192029110704336,0.009199705716370854,0
comprehension,rival_majority,neutral,1113,1,0,1,0,rPaQrQrQrQaP,B,nemo-12b,mistralai/mistral-nemo,io-net/fp16,0,1.0,Io Net,B,2.472e-06,0.11920292045759123,0.007031702637535053,0
comprehension,rival_majority,neutral,1120,-1,0,0,0,aQaPrPrP,A,nemo-12b,mistralai/mistral-nemo,io-net/fp16,0,1.0,Io Net,A,2.068e-06,0.9525741311981335,0.008306499596130668,0
comprehension,rival_majority,neutral,1120,-1,0,1,0,aPrPaQrP,A,nemo-12b,mistralai/mistral-nemo,io-net/fp16,0,1.0,Io Net,A,2.196e-06,0.9399133557169235,0.020464009675065446,0
comprehension,rival_majority,neutral,1120,1,0,0,0,rPrPaPaQ,A,nemo-12b,mistralai/mistral-nemo,io-net/fp16,0,1.0,Io Net,A,2.068e-06,0.9626731097108832,0.006591021447514812,0
comprehension,rival_majority,neutral,1120,1,0,1,0,aPrPaQrP,A,nemo-12b,mistralai/mistral-nemo,io-net/fp16,0,1.0,Io Net,R,2.196e-06,0.817574471748733,0.017570838013042156,0
comprehension,rival_majority,neutral,1121,-1,0,0,0,rPrPaQrQaP,A,nemo-12b,mistralai/mistral-nemo,io-net/fp16,0,1.0,Io Net,A,2.206e-06,0.8175744695262775,0.0093217523518975,0
comprehension,rival_majority,neutral,1121,-1,0,1,0,rPrQaPrPaQ,A,nemo-12b,mistralai/mistral-nemo,io-net/fp16,0,1.0,Io Net,A,2.206e-06,0.7772998560157665,0.005512945768766486,0
comprehension,rival_majority,neutral,1121,1,0,0,0,aQrQaPrPrP,A,nemo-12b,mistralai/mistral-nemo,io-net/fp16,0,1.0,Io Net,B,2.206e-06,0.6224593312018546,0.009025842589678257,0
comprehension,rival_majority,neutral,1121,1,0,1,0,rPrQaPrPaQ,A,nemo-12b,mistralai/mistral-nemo,io-net/fp16,0,1.0,Io Net,A,2.206e-06,0.5621765008857981,0.00865412036788743,0
comprehension,rival_majority,neutral,1130,-1,0,0,0,aQrPrPaPrP,A,nemo-12b,mistralai/mistral-nemo,io-net/fp16,0,1.0,Io Net,A,2.334e-06,0.9669140213729421,0.005754002343412182,0
comprehension,rival_majority,neutral,1130,-1,0,1,0,rPrPaQrPaP,A,nemo-12b,mistralai/mistral-nemo,io-net/fp16,0,1.0,Io Net,A,2.206e-06,0.9669140211345884,0.003245741208944962,0
comprehension,rival_majority,neutral,1130,1,0,0,0,rPaPaQrPrP,A,nemo-12b,mistralai/mistral-nemo,io-net/fp16,0,1.0,Io Net,A,2.206e-06,0.9579122710330504,0.00962480675255515,0
comprehension,rival_majority,neutral,1130,1,0,1,0,rPrPaQaPrP,A,nemo-12b,mistralai/mistral-nemo,io-net/fp16,0,1.0,Io Net,A,2.206e-06,0.9525741242979905,0.004269305784450429,0
comprehension,rival_majority,neutral,1131,-1,0,0,0,aPrPrPrQrPaQ,A,nemo-12b,mistralai/mistral-nemo,io-net/fp16,0,1.0,Io Net,A,2.216e-06,0.8670357529306639,0.008901946772806008,0
comprehension,rival_majority,neutral,1131,-1,0,1,0,aPaQrQrPrPrP,A,nemo-12b,mistralai/mistral-nemo,io-net/fp16,0,1.0,Io Net,A,2.344e-06,0.9046505351008906,0.007846932132226953,0
comprehension,rival_majority,neutral,1131,1,0,0,0,rQrPrPaQrPaP,A,nemo-12b,mistralai/mistral-nemo,io-net/fp16,0,1.0,Io Net,B,2.472e-06,0.679178692681616,0.006262157560053272,0
comprehension,rival_majority,neutral,1131,1,0,1,0,rPaQrQaPrPrP,A,nemo-12b,mistralai/mistral-nemo,io-net/fp16,0,1.0,Io Net,A,2.472e-06,0.7549149813536518,0.008964516348613505,0
comprehension,rival_majority,neutral,1140,-1,0,0,0,rPrPrPaQaPrP,A,nemo-12b,mistralai/mistral-nemo,io-net/fp16,0,1.0,Io Net,A,2.472e-06,0.9902915257211954,0.0036762665104583033,0
comprehension,rival_majority,neutral,1140,-1,0,1,0,aQrPrPaPrPrP,A,nemo-12b,mistralai/mistral-nemo,io-net/fp16,0,1.0,Io Net,A,2.472e-06,0.9669140235181257,0.004742419365065094,0
comprehension,rival_majority,neutral,1140,1,0,0,0,rPaPrPrPrPaQ,A,nemo-12b,mistralai/mistral-nemo,io-net/fp16,0,1.0,Io Net,A,2.344e-06,0.92414182206801,0.004708935611993217,0
comprehension,rival_majority,neutral,1140,1,0,1,0,rPaQrPrPrPaP,A,nemo-12b,mistralai/mistral-nemo,io-net/fp16,0,1.0,Io Net,A,2.344e-06,0.9324533079218341,0.0068316581129679865,0
comprehension,rival_majority,neutral,1201,-1,0,0,0,aQaQaPrQ,B,nemo-12b,mistralai/mistral-nemo,io-net/fp16,0,1.0,Io Net,A,2.068e-06,0.32082129433083023,0.03159549291097763,0
comprehension,rival_majority,neutral,1201,-1,0,1,0,aPrQaQaQ,B,nemo-12b,mistralai/mistral-nemo,io-net/fp16,0,1.0,Io Net,B,2.068e-06,0.4073334000459302,0.011547490443779895,0
comprehension,rival_majority,neutral,1201,1,0,0,0,aQrQaPaQ,B,nemo-12b,mistralai/mistral-nemo,io-net/fp16,0,1.0,Io Net,B,2.068e-06,0.08509904326677628,0.01310407283719639,0
comprehension,rival_majority,neutral,1201,1,0,1,0,aQrQaPaQ,B,nemo-12b,mistralai/mistral-nemo,io-net/fp16,0,1.0,Io Net,B,2.068e-06,0.16451646494473965,0.020325447074181602,0
comprehension,rival_majority,neutral,1202,-1,0,0,0,rQrQaQaPaQ,B,nemo-12b,mistralai/mistral-nemo,io-net/fp16,0,1.0,Io Net,B,2.334e-06,0.06754669207816587,0.009127755083749411,0
comprehension,rival_majority,neutral,1202,-1,0,1,0,aPrQaQrQaQ,B,nemo-12b,mistralai/mistral-nemo,io-net/fp16,0,1.0,Io Net,B,2.206e-06,0.10669060388702056,0.005161616741517161,0
comprehension,rival_majority,neutral,1202,1,0,0,0,rQaQaQrQaP,B,nemo-12b,mistralai/mistral-nemo,io-net/fp16,0,1.0,Io Net,B,2.206e-06,0.02297737045362433,0.003562183519703943,0
comprehension,rival_majority,neutral,1202,1,0,1,0,rQaQrQaPaQ,B,nemo-12b,mistralai/mistral-nemo,io-net/fp16,0,1.0,Io Net,B,2.206e-06,0.01590639270314218,0.004217697519253161,0
comprehension,rival_majority,neutral,1203,-1,0,0,0,rQrQrQaQaQaP,B,nemo-12b,mistralai/mistral-nemo,io-net/fp16,0,1.0,Io Net,B,2.472e-06,0.029312230857352094,0.004192293961146953,0
comprehension,rival_majority,neutral,1203,-1,0,1,0,aQrQaPrQaQrQ,B,nemo-12b,mistralai/mistral-nemo,io-net/fp16,0,1.0,Io Net,B,2.216e-06,0.08509903920620716,0.013577089239645956,0
comprehension,rival_majority,neutral,1203,1,0,0,0,rQrQaQaPrQaQ,B,nemo-12b,mistralai/mistral-nemo,io-net/fp16,0,1.0,Io Net,B,2.344e-06,0.012431648406321837,0.006075503658639847,0
comprehension,rival_majority,neutral,1203,1,0,1,0,rQrQrQaQaQaP,B,nemo-12b,mistralai/mistral-nemo,io-net/fp16,0,1.0,Io Net,B,2.344e-06,0.003593602893221671,0.003680248359802296,0
comprehension,rival_majority,neutral,1210,-1,0,0,0,aPrPaQaQ,A,nemo-12b,mistralai/mistral-nemo,io-net/fp16,0,1.0,Io Net,A,2.196e-06,0.8807970873650401,0.024281537934882552,0
comprehension,rival_majority,neutral,1210,-1,0,1,0,aQaQaPrP,A,nemo-12b,mistralai/mistral-nemo,io-net/fp16,0,1.0,Io Net,A,2.196e-06,0.9241418152779358,0.018611938428773525,0
comprehension,rival_majority,neutral,1210,1,0,0,0,rPaQaQaP,A,nemo-12b,mistralai/mistral-nemo,io-net/fp16,0,1.0,Io Net,A,2.068e-06,0.679178686187839,0.015231379340287898,0
comprehension,rival_majority,neutral,1210,1,0,1,0,aQaQrPaP,A,nemo-12b,mistralai/mistral-nemo,io-net/fp16,0,1.0,Io Net,B,2.068e-06,0.5621765008857982,0.029223748503575064,0
comprehension,rival_majority,neutral,1212,-1,0,0,0,rQaPaQrQaQrP,B,nemo-12b,mistralai/mistral-nemo,io-net/fp16,0,1.0,Io Net,B,2.216e-06,0.10669058968506458,0.012792526677426697,0
comprehension,rival_majority,neutral,1212,-1,0,1,0,rPrQaQrQaQaP,B,nemo-12b,mistralai/mistral-nemo,io-net/fp16,0,1.0,Io Net,B,2.216e-06,0.43782349911420193,0.007017428626056477,0
comprehension,rival_majority,neutral,1212,1,0,0,0,aQrPaPrQrQaQ,B,nemo-12b,mistralai/mistral-nemo,io-net/fp16,0,1.0,Io Net,B,2.216e-06,0.08509904036636974,0.010342061322378582,0
comprehension,rival_majority,neutral,1212,1,0,1,0,rPrQrQaQaQaP,B,nemo-12b,mistralai/mistral-nemo,io-net/fp16,0,1.0,Io Net,B,2.216e-06,0.09534946811246837,0.008469363855650003,0
comprehension,rival_majority,neutral,1220,-1,0,0,0,rPrPaQaQaP,A,nemo-12b,mistralai/mistral-nemo,io-net/fp16,0,1.0,Io Net,A,2.334e-06,0.9669140185126972,0.007234526867868928,0
comprehension,rival_majority,neutral,1220,-1,0,1,0,rPrPaQaQaP,A,nemo-12b,mistralai/mistral-nemo,io-net/fp16,0,1.0,Io Net,A,2.334e-06,0.9525741259809523,0.004015694213283669,0
comprehension,rival_majority,neutral,1220,1,0,0,0,rPaPaQrPaQ,A,nemo-12b,mistralai/mistral-nemo,io-net/fp16,0,1.0,Io Net,A,2.334e-06,0.8354835391516133,0.014649814453149945,0
comprehension,rival_majority,neutral,1220,1,0,1,0,aQrPrPaPaQ,A,nemo-12b,mistralai/mistral-nemo,io-net/fp16,0,1.0,Io Net,A,2.206e-06,0.9046505376715775,0.007917630633757361,0
comprehension,rival_majority,neutral,1221,-1,0,0,0,aQaQrPaPrPrQ,A,nemo-12b,mistralai/mistral-nemo,io-net/fp16,0,1.0,Io Net,A,2.216e-06,0.8354835432479661,0.008911055530031325,0
comprehension,rival_majority,neutral,1221,-1,0,1,0,aPaQrQrPrPaQ,A,nemo-12b,mistralai/mistral-nemo,io-net/fp16,0,1.0,Io Net,B,2.216e-06,0.7549149868676283,0.012346275615069291,0
comprehension,rival_majority,neutral,1221,1,0,0,0,rPaQrPaQaPrQ,A,nemo-12b,mistralai/mistral-nemo,io-net/fp16,0,1.0,Io Net,B,2.472e-06,0.5312093733737563,0.013629422208536468,0
comprehension,rival_majority,neutral,1221,1,0,1,0,aQrPrPrQaPaQ,A,nemo-12b,mistralai/mistral-nemo,io-net/fp16,0,1.0,Io Net,A,2.216e-06,0.6513548646660542,0.012031082400234094,0
comprehension,rival_majority,neutral,1230,-1,0,0,0,aQaPrPrPaQrP,A,nemo-12b,mistralai/mistral-nemo,io-net/fp16,0,1.0,Io Net,A,2.216e-06,0.9149009596336303,0.010619502965277042,0
comprehension,rival_majority,neutral,1230,-1,0,1,0,aPrPaQaQrPrP,A,nemo-12b,mistralai/mistral-nemo,io-net/fp16,0,1.0,Io Net,A,2.216e-06,0.9324533036984186,0.008809074869779304,0
comprehension,rival_majority,neutral,1230,1,0,0,0,aQaQaPrPrPrP,A,nemo-12b,mistralai/mistral-nemo,io-net/fp16,0,1.0,Io Net,A,2.216e-06,0.9149009596336303,0.004030099479378393,0
comprehension,rival_majority,neutral,1230,1,0,1,0,rPrPaQrPaPaQ,A,nemo-12b,mistralai/mistral-nemo,io-net/fp16,0,1.0,Io Net,A,2.344e-06,0.9149009549929797,0.005814473020019709,0
comprehension,rival_majority,neutral,1301,-1,0,0,0,rQaPaQaQaQ,B,nemo-12b,mistralai/mistral-nemo,io-net/fp16,0,1.0,Io Net,B,2.206e-06,0.29421498454004374,0.00980584567016296,0
comprehension,rival_majority,neutral,1301,-1,0,1,0,aQrQaQaQaP,B,nemo-12b,mistralai/mistral-nemo,io-net/fp16,0,1.0,Io Net,A,2.206e-06,0.5621765008857981,0.012628246927395725,0
comprehension,rival_majority,neutral,1301,1,0,0,0,aQaPrQaQaQ,B,nemo-12b,mistralai/mistral-nemo,io-net/fp16,0,1.0,Io Net,B,2.206e-06,0.10669059252545564,0.019202861691811735,0
comprehension,rival_majority,neutral,1301,1,0,1,0,aQaQaPrQaQ,B,nemo-12b,mistralai/mistral-nemo,io-net/fp16,0,1.0,Io Net,A,2.206e-06,0.22270013882530884,0.029000687105181333,0
comprehension,rival_majority,neutral,1302,-1,0,0,0,rQaQrQaPaQaQ,B,nemo-12b,mistralai/mistral-nemo,io-net/fp16,0,1.0,Io Net,A,2.216e-06,0.13296424019782926,0.008521385643138757,0
comprehension,rival_majority,neutral,1302,-1,0,1,0,aPaQaQrQrQaQ,B,nemo-12b,mistralai/mistral-nemo,io-net/fp16,0,1.0,Io Net,B,2.472e-06,0.06008665606493927,0.007993646083471528,0
comprehension,rival_majority,neutral,1302,1,0,0,0,aQrQaQaQrQaP,B,nemo-12b,mistralai/mistral-nemo,io-net/fp16,0,1.0,Io Net,B,2.216e-06,0.08509904500702023,0.007052195692632268,0
comprehension,rival_majority,neutral,1302,1,0,1,0,rQrQaQaQaPaQ,B,nemo-12b,mistralai/mistral-nemo,io-net/fp16,0,1.0,Io Net,B,2.216e-06,0.010986943480670275,0.005056126177448883,0
comprehension,rival_majority,neutral,1310,-1,0,0,0,aPaQrPaQaQ,A,nemo-12b,mistralai/mistral-nemo,io-net/fp16,0,1.0,Io Net,A,2.206e-06,0.7981867777396212,0.04583105600931936,0
comprehension,rival_majority,neutral,1310,-1,0,1,0,aQaPaQaQrP,A,nemo-12b,mistralai/mistral-nemo,io-net/fp16,0,1.0,Io Net,A,2.206e-06,0.8933094131553265,0.02057752746586411,0
comprehension,rival_majority,neutral,1310,1,0,0,0,aQaQaPrPaQ,A,nemo-12b,mistralai/mistral-nemo,io-net/fp16,0,1.0,Io Net,A,2.206e-06,0.5926665999540698,0.04681261771163081,0
comprehension,rival_majority,neutral,1310,1,0,1,0,aQaPaQaQrP,A,nemo-12b,mistralai/mistral-nemo,io-net/fp16,0,1.0,Io Net,B,2.206e-06,0.7057850340255386,0.023947868598454047,0
comprehension,rival_majority,neutral,1320,-1,0,0,0,aQrPaPaQaQrP,A,nemo-12b,mistralai/mistral-nemo,io-net/fp16,0,1.0,Io Net,A,2.472e-06,0.9399133464597458,0.00536388734668751,0
comprehension,rival_majority,neutral,1320,-1,0,1,0,rPaPrPaQaQaQ,A,nemo-12b,mistralai/mistral-nemo,io-net/fp16,0,1.0,Io Net,A,2.216e-06,0.9525741232882134,0.0058989347801743156,0
comprehension,rival_majority,neutral,1320,1,0,0,0,aQaQaQaPrPrP,A,nemo-12b,mistralai/mistral-nemo,io-net/fp16,0,1.0,Io Net,A,2.344e-06,0.893309411735131,0.004121570183105952,0
comprehension,rival_majority,neutral,1320,1,0,1,0,rPaQaQrPaPaQ,A,nemo-12b,mistralai/mistral-nemo,io-net/fp16,0,1.0,Io Net,B,2.216e-06,0.7549149923816048,0.011149905081555667,0
comprehension,rival_majority,neutral,1401,-1,0,0,0,aQrQaPaQaQaQ,B,nemo-12b,mistralai/mistral-nemo,io-net/fp16,0,1.0,Io Net,B,2.472e-06,0.46879062662624377,0.023402112201363567,0
comprehension,rival_majority,neutral,1401,-1,0,1,0,aQaQaPaQrQaQ,B,nemo-12b,mistralai/mistral-nemo,io-net/fp16,0,1.0,Io Net,B,2.216e-06,0.46879062662624377,0.02153062347077228,0
comprehension,rival_majority,neutral,1401,1,0,0,0,aPrQaQaQaQaQ,B,nemo-12b,mistralai/mistral-nemo,io-net/fp16,0,1.0,Io Net,B,2.216e-06,0.05340332452690108,0.0042265589930797764,0
comprehension,rival_majority,neutral,1401,1,0,1,0,aQaQaQrQaQaP,B,nemo-12b,mistralai/mistral-nemo,io-net/fp16,0,1.0,Io Net,B,2.216e-06,0.2018132150593341,0.02215442260788869,0
comprehension,rival_majority,neutral,1410,-1,0,0,0,aQaQrPaQaPaQ,A,nemo-12b,mistralai/mistral-nemo,io-net/fp16,0,1.0,Io Net,A,2.216e-06,0.8807970826714614,0.023192728924575315,0
comprehension,rival_majority,neutral,1410,-1,0,1,0,aQaQaPaQrPaQ,A,nemo-12b,mistralai/mistral-nemo,io-net/fp16,0,1.0,Io Net,A,2.216e-06,0.9399133485636499,0.02009015809786984,0
comprehension,rival_majority,neutral,1410,1,0,0,0,aQaQaPrPaQaQ,A,nemo-12b,mistralai/mistral-nemo,io-net/fp16,0,1.0,Io Net,A,2.216e-06,0.6791786991753929,0.027794506252376616,0
comprehension,rival_majority,neutral,1410,1,0,1,0,rPaQaQaQaPaQ,A,nemo-12b,mistralai/mistral-nemo,io-net/fp16,0,1.0,Io Net,A,2.472e-06,0.4687906266262437,0.011316413513950851,0
comprehension,rival_majority,neutral,2001,-1,0,0,0,rQaPaP,B,nemo-12b,mistralai/mistral-nemo,io-net/fp16,0,1.0,Io Net,B,2.058e-06,0.14804720367010532,0.008157148030253913,0
comprehension,rival_majority,neutral,2001,-1,0,1,0,rQaPaP,B,nemo-12b,mistralai/mistral-nemo,io-net/fp16,0,1.0,Io Net,B,2.058e-06,0.10669058968506458,0.009825492299847194,0
comprehension,rival_majority,neutral,2001,1,0,0,0,aPrQaP,B,nemo-12b,mistralai/mistral-nemo,io-net/fp16,0,1.0,Io Net,B,1.93e-06,0.012431649961338144,0.0030520400407989534,0
comprehension,rival_majority,neutral,2001,1,0,1,0,aPrQaP,B,nemo-12b,mistralai/mistral-nemo,io-net/fp16,0,1.0,Io Net,B,1.93e-06,0.01798621318622854,0.006822200737518158,0
comprehension,rival_majority,neutral,2002,-1,0,0,0,rQaPrQaP,B,nemo-12b,mistralai/mistral-nemo,io-net/fp16,0,1.0,Io Net,B,2.068e-06,0.05340332377362639,0.008280371220573457,0
comprehension,rival_majority,neutral,2002,-1,0,1,0,aPrQrQaP,B,nemo-12b,mistralai/mistral-nemo,io-net/fp16,0,1.0,Io Net,B,2.196e-06,0.06754668644694546,0.004619630120760387,0
comprehension,rival_majority,neutral,2002,1,0,0,0,aPaPrQrQ,B,nemo-12b,mistralai/mistral-nemo,io-net/fp16,0,1.0,Io Net,B,2.196e-06,0.022977371206299498,0.0034821520962817765,0
comprehension,rival_majority,neutral,2002,1,0,1,0,aPrQrQaP,B,nemo-12b,mistralai/mistral-nemo,io-net/fp16,0,1.0,Io Net,B,2.196e-06,0.007577242892646152,0.00427346669641071,0
comprehension,rival_majority,neutral,2003,-1,0,0,0,aPrQrQrQaP,B,nemo-12b,mistralai/mistral-nemo,io-net/fp16,0,1.0,Io Net,B,2.206e-06,0.037326891226158315,0.004668595063120673,0
comprehension,rival_majority,neutral,2003,-1,0,1,0,rQrQaPaPrQ,B,nemo-12b,mistralai/mistral-nemo,io-net/fp16,0,1.0,Io Net,B,2.334e-06,0.010986942488913671,0.005990217244754348,0
comprehension,rival_majority,neutral,2003,1,0,0,0,aPrQrQaPrQ,B,nemo-12b,mistralai/mistral-nemo,io-net/fp16,0,1.0,Io Net,B,2.206e-06,0.01590639267398549,0.0038667374447132197,0
comprehension,rival_majority,neutral,2003,1,0,1,0,aPrQrQaPrQ,B,nemo-12b,mistralai/mistral-nemo,io-net/fp16,0,1.0,Io Net,B,2.206e-06,0.010986941051878746,0.002302803709635093,0
comprehension,rival_majority,neutral,2004,-1,0,0,0,aPrQaPrQrQrQ,B,nemo-12b,mistralai/mistral-nemo,io-net/fp16,0,1.0,Io Net,B,2.216e-06,0.03732688734412946,0.00328237493394945,0
comprehension,rival_majority,neutral,2004,-1,0,1,0,rQrQaPrQaPrQ,B,nemo-12b,mistralai/mistral-nemo,io-net/fp16,0,1.0,Io Net,B,2.472e-06,0.006692850280370421,0.00585916190521063,0
comprehension,rival_majority,neutral,2004,1,0,0,0,rQaPrQaPrQrQ,B,nemo-12b,mistralai/mistral-nemo,io-net/fp16,0,1.0,Io Net,B,2.216e-06,0.014063628928626988,0.002768662641694175,0
comprehension,rival_majority,neutral,2004,1,0,1,0,rQrQaPaPrQrQ,B,nemo-12b,mistralai/mistral-nemo,io-net/fp16,0,1.0,Io Net,B,2.216e-06,0.005220125814464464,0.002932996888491468,0
comprehension,rival_majority,neutral,2010,-1,0,0,0,aPaPrP,A,nemo-12b,mistralai/mistral-nemo,io-net/fp16,0,1.0,Io Net,Based,2.058e-06,0.8519528038477825,0.022405242474079906,0
comprehension,rival_majority,neutral,2010,-1,0,1,0,rPaPaP,A,nemo-12b,mistralai/mistral-nemo,io-net/fp16,0,1.0,Io Net,A,1.93e-06,0.904650536386234,0.0054546707296633384,0
comprehension,rival_majority,neutral,2010,1,0,0,0,rPaPaP,A,nemo-12b,mistralai/mistral-nemo,io-net/fp16,0,1.0,Io Net,A,2.058e-06,0.8354835411997897,0.012251231791969741,0
comprehension,rival_majority,neutral,2010,1,0,1,0,rPaPaP,A,nemo-12b,mistralai/mistral-nemo,io-net/fp16,0,1.0,Io Net,R,1.93e-06,0.7981867681382279,0.016416915861759335,0
comprehension,rival_majority,neutral,2012,-1,0,0,0,aPrPrQrQaP,B,nemo-12b,mistralai/mistral-nemo,io-net/fp16,0,1.0,Io Net,B,2.206e-06,0.5312093733737563,0.012479069132021958,0
comprehension,rival_majority,neutral,2012,-1,0,1,0,rPrQaPaPrQ,B,nemo-12b,mistralai/mistral-nemo,io-net/fp16,0,1.0,Io Net,A,2.206e-06,0.5312093733737563,0.008272533683132799,0
comprehension,rival_majority,neutral,2012,1,0,0,0,rPrQaPrQaP,B,nemo-12b,mistralai/mistral-nemo,io-net/fp16,0,1.0,Io Net,A,2.334e-06,0.34864513533394575,0.011014985793212695,0
comprehension,rival_majority,neutral,2012,1,0,1,0,aPrQrPaPrQ,B,nemo-12b,mistralai/mistral-nemo,io-net/fp16,0,1.0,Io Net,B,2.206e-06,0.13296423504419935,0.007929494144033322,0
comprehension,rival_majority,neutral,2013,-1,0,0,0,rPrQrQaPaPrQ,B,nemo-12b,mistralai/mistral-nemo,io-net/fp16,0,1.0,Io Net,B,2.216e-06,0.18242552602881168,0.009993360266651097,0
comprehension,rival_majority,neutral,2013,-1,0,1,0,aPrPrQrQaPrQ,B,nemo-12b,mistralai/mistral-nemo,io-net/fp16,0,1.0,Io Net,A,2.216e-06,0.37754066879814546,0.01387312677254815,0
comprehension,rival_majority,neutral,2013,1,0,0,0,rPaPrQaPrQrQ,B,nemo-12b,mistralai/mistral-nemo,io-net/fp16,0,1.0,Io Net,B,2.472e-06,0.2450850021044189,0.007821252437963944,0
comprehension,rival_majority,neutral,2013,1,0,1,0,rQrQaPaPrQrP,B,nemo-12b,mistralai/mistral-nemo,io-net/fp16,0,1.0,Io Net,B,2.216e-06,0.04208772491181671,0.00635088558213881,0
comprehension,rival_majority,neutral,2020,-1,0,0,0,rPaPaPrP,A,nemo-12b,mistralai/mistral-nemo,io-net/fp16,0,1.0,Io Net,A,2.196e-06,0.9820137928343533,0.007734992264092105,0
comprehension,rival_majority,neutral,2020,-1,0,1,0,aPrPrPaP,A,nemo-12b,mistralai/mistral-nemo,io-net/fp16,0,1.0,Io Net,A,2.196e-06,0.9046505376715775,0.005906738735212247,0
comprehension,rival_majority,neutral,2020,1,0,0,0,rPrPaPaP,A,nemo-12b,mistralai/mistral-nemo,io-net/fp16,0,1.0,Io Net,A,2.068e-06,0.9669140181551665,0.006339432008949819,0
comprehension,rival_majority,neutral,2020,1,0,1,0,aPrPrPaP,A,nemo-12b,mistralai/mistral-nemo,io-net/fp16,0,1.0,Io Net,A,2.068e-06,0.8519527982093666,0.008839954766860086,0
comprehension,rival_majority,neutral,2021,-1,0,0,0,rPaPrPaPrQ,A,nemo-12b,mistralai/mistral-nemo,io-net/fp16,0,1.0,Io Net,A,2.206e-06,0.9399133464597458,0.010000983007271744,0
comprehension,rival_majority,neutral,2021,-1,0,1,0,rPaPrQaPrP,A,nemo-12b,mistralai/mistral-nemo,io-net/fp16,0,1.0,Io Net,A,2.206e-06,0.9669140193469353,0.00691633447702053,0
comprehension,rival_majority,neutral,2021,1,0,0,0,rPrQaPrPaP,A,nemo-12b,mistralai/mistral-nemo,io-net/fp16,0,1.0,Io Net,A,2.206e-06,0.7981867705385762,0.010500101221304015,0
comprehension,rival_majority,neutral,2021,1,0,1,0,rPaPrPrQaP,A,nemo-12b,mistralai/mistral-nemo,io-net/fp16,0,1.0,Io Net,A,2.206e-06,0.7057850402140659,0.005444036186922241,0
comprehension,rival_majority,neutral,2030,-1,0,0,0,rPaPaPrPrP,A,nemo-12b,mistralai/mistral-nemo,io-net/fp16,0,1.0,Io Net,A,2.206e-06,0.9770226308426495,0.009875638540049744,0
comprehension,rival_majority,neutral,2030,-1,0,1,0,rPrPaPaPrP,A,nemo-12b,mistralai/mistral-nemo,io-net/fp16,0,1.0,Io Net,A,2.206e-06,0.9706877658567787,0.0027219345762415532,0
comprehension,rival_majority,neutral,2030,1,0,0,0,rPaPaPrPrP,A,nemo-12b,mistralai/mistral-nemo,io-net/fp16,0,1.0,Io Net,A,2.206e-06,0.9579122716338109,0.007898168415056944,0
comprehension,rival_majority,neutral,2030,1,0,1,0,aPrPrPrPaP,A,nemo-12b,mistralai/mistral-nemo,io-net/fp16,0,1.0,Io Net,A,2.206e-06,0.8933094124452287,0.005059705599469305,0
comprehension,rival_majority,neutral,2031,-1,0,0,0,aPaPrPrPrPrQ,A,nemo-12b,mistralai/mistral-nemo,io-net/fp16,0,1.0,Io Net,A,2.344e-06,0.9465966653038895,0.0043148241386592595,0
comprehension,rival_majority,neutral,2031,-1,0,1,0,rQaPrPrPaPrP,A,nemo-12b,mistralai/mistral-nemo,io-net/fp16,0,1.0,Io Net,A,2.216e-06,0.6513548714339145,0.005974837249556164,0
comprehension,rival_majority,neutral,2031,1,0,0,0,rPrPaPrQaPrP,A,nemo-12b,mistralai/mistral-nemo,io-net/fp16,0,1.0,Io Net,A,2.216e-06,0.9324533135530545,0.004051568090275834,0
comprehension,rival_majority,neutral,2031,1,0,1,0,rPaPrPrPaPrQ,A,nemo-12b,mistralai/mistral-nemo,io-net/fp16,0,1.0,Io Net,A,2.216e-06,0.7772998663336158,0.005021142589186817,0
comprehension,rival_majority,neutral,2040,-1,0,0,0,rPaPrPaPrPrP,A,nemo-12b,mistralai/mistral-nemo,io-net/fp16,0,1.0,Io Net,A,2.216e-06,0.9796676452474677,0.0035937224085518145,0
comprehension,rival_majority,neutral,2040,-1,0,1,0,aPaPrPrPrPrP,A,nemo-12b,mistralai/mistral-nemo,io-net/fp16,0,1.0,Io Net,A,2.216e-06,0.9465966720833627,0.003313358849954602,0
comprehension,rival_majority,neutral,2040,1,0,0,0,rPaPrPrPrPaP,A,nemo-12b,mistralai/mistral-nemo,io-net/fp16,0,1.0,Io Net,A,2.216e-06,0.8933093989533708,0.008850596407919686,0
comprehension,rival_majority,neutral,2040,1,0,1,0,aPrPrPaPrPrP,A,nemo-12b,mistralai/mistral-nemo,io-net/fp16,0,1.0,Io Net,B,2.472e-06,0.8354835330070838,0.006848608540493878,0
comprehension,rival_majority,neutral,2101,-1,0,0,0,aPrQaPaQ,B,nemo-12b,mistralai/mistral-nemo,io-net/fp16,0,1.0,Io Net,B,2.068e-06,0.2689414096510108,0.012433329074335142,0
comprehension,rival_majority,neutral,2101,-1,0,1,0,aPrQaPaQ,B,nemo-12b,mistralai/mistral-nemo,io-net/fp16,0,1.0,Io Net,A,2.068e-06,0.320821300824607,0.012418924664521658,0
comprehension,rival_majority,neutral,2101,1,0,0,0,aQrQaPaP,B,nemo-12b,mistralai/mistral-nemo,io-net/fp16,0,1.0,Io Net,B,2.196e-06,0.11920291107043363,0.024339913364100907,0
comprehension,rival_majority,neutral,2101,1,0,1,0,aPaQaPrQ,B,nemo-12b,mistralai/mistral-nemo,io-net/fp16,0,1.0,Io Net,B,2.068e-06,0.07585817532042317,0.043211859861023494,0
comprehension,rival_majority,neutral,2102,-1,0,0,0,aPrQaQaPrQ,B,nemo-12b,mistralai/mistral-nemo,io-net/fp16,0,1.0,Io Net,B,2.206e-06,0.03732689136002139,0.00548388354473095,0
comprehension,rival_majority,neutral,2102,-1,0,1,0,aPaQrQrQaP,B,nemo-12b,mistralai/mistral-nemo,io-net/fp16,0,1.0,Io Net,B,2.206e-06,0.06008665227791172,0.01254426233767958,0
comprehension,rival_majority,neutral,2102,1,0,0,0,rQrQaQaPaP,B,nemo-12b,mistralai/mistral-nemo,io-net/fp16,0,1.0,Io Net,B,2.334e-06,0.04208772701447818,0.005113761617936086,0
comprehension,rival_majority,neutral,2102,1,0,1,0,rQaPaPaQrQ,B,nemo-12b,mistralai/mistral-nemo,io-net/fp16,0,1.0,Io Net,B,2.206e-06,0.09534946297109421,0.006120268782150884,0
comprehension,rival_majority,neutral,2103,-1,0,0,0,aPaQrQrQrQaP,B,nemo-12b,mistralai/mistral-nemo,io-net/fp16,0,1.0,Io Net,B,2.472e-06,0.02931223000938591,0.004227402555392223,0
comprehension,rival_majority,neutral,2103,-1,0,1,0,aPaPrQaQrQrQ,B,nemo-12b,mistralai/mistral-nemo,io-net/fp16,0,1.0,Io Net,B,2.216e-06,0.06008665143635007,0.0056445863429117615,0
comprehension,rival_majority,neutral,2103,1,0,0,0,aPrQaQrQrQaP,B,nemo-12b,mistralai/mistral-nemo,io-net/fp16,0,1.0,Io Net,B,2.216e-06,0.015906388242169046,0.004056914082359642,0
comprehension,rival_majority,neutral,2103,1,0,1,0,rQrQaPaPrQaQ,B,nemo-12b,mistralai/mistral-nemo,io-net/fp16,0,1.0,Io Net,B,2.216e-06,0.017986210093688976,0.0065278906596675235,0
comprehension,rival_majority,neutral,2110,-1,0,0,0,aPaPrPaQ,A,nemo-12b,mistralai/mistral-nemo,io-net/fp16,0,1.0,Io Net,B,2.068e-06,0.9046505286741726,0.038243708733811554,0
comprehension,rival_majority,neutral,2110,-1,0,1,0,aPaQrPaP,A,nemo-12b,mistralai/mistral-nemo,io-net/fp16,0,1.0,Io Net,A,2.068e-06,0.8519528038477824,0.029965303899003815,0
comprehension,rival_majority,neutral,2110,1,0,0,0,aPaQrPaP,A,nemo-12b,mistralai/mistral-nemo,io-net/fp16,0,1.0,Io Net,B,2.196e-06,0.40733340004593027,0.027540918200590903,0
comprehension,rival_majority,neutral,2110,1,0,1,0,aPrPaQaP,A,nemo-12b,mistralai/mistral-nemo,io-net/fp16,0,1.0,Io Net,A,2.068e-06,0.5,0.02421808683255877,0
comprehension,rival_majority,neutral,2112,-1,0,0,0,aPaPrQrPrQaQ,B,nemo-12b,mistralai/mistral-nemo,io-net/fp16,0,1.0,Io Net,A,2.216e-06,0.46879062662624377,0.021424356256252497,0
comprehension,rival_majority,neutral,2112,-1,0,1,0,rQaPaQrQaPrP,B,nemo-12b,mistralai/mistral-nemo,io-net/fp16,0,1.0,Io Net,B,2.216e-06,0.32082129433083023,0.0098736292231566,0
comprehension,rival_majority,neutral,2112,1,0,0,0,aPrQaPaQrQrP,B,nemo-12b,mistralai/mistral-nemo,io-net/fp16,0,1.0,Io Net,B,2.344e-06,0.06754669254743426,0.009807434242435353,0
comprehension,rival_majority,neutral,2112,1,0,1,0,rQaPrPrQaPaQ,B,nemo-12b,mistralai/mistral-nemo,io-net/fp16,0,1.0,Io Net,A,2.216e-06,0.3486451353339457,0.009961848183347999,0
comprehension,rival_majority,neutral,2120,-1,0,0,0,rPrPaPaPaQ,A,nemo-12b,mistralai/mistral-nemo,io-net/fp16,0,1.0,Io Net,A,2.206e-06,0.9924227590332847,0.004893583261364718,0
comprehension,rival_majority,neutral,2120,-1,0,1,0,rPaQaPaPrP,A,nemo-12b,mistralai/mistral-nemo,io-net/fp16,0,1.0,Io Net,A,2.334e-06,0.9706877706265887,0.0038203758673104223,0
comprehension,rival_majority,neutral,2120,1,0,0,0,aQrPrPaPaP,A,nemo-12b,mistralai/mistral-nemo,io-net/fp16,0,1.0,Io Net,A,2.334e-06,0.8175744828610095,0.006870124542482731,0
comprehension,rival_majority,neutral,2120,1,0,1,0,aPrPaPaQrP,A,nemo-12b,mistralai/mistral-nemo,io-net/fp16,0,1.0,Io Net,A,2.206e-06,0.924141827813457,0.009287126085192068,0
comprehension,rival_majority,neutral,2121,-1,0,0,0,aPrPrPaQaPrQ,A,nemo-12b,mistralai/mistral-nemo,io-net/fp16,0,1.0,Io Net,A,2.216e-06,0.7549149813536518,0.008254354943232817,0
comprehension,rival_majority,neutral,2121,-1,0,1,0,aPaQrQaPrPrP,A,nemo-12b,mistralai/mistral-nemo,io-net/fp16,0,1.0,Io Net,B,2.472e-06,0.8519528000888387,0.009616392066501528,0
comprehension,rival_majority,neutral,2121,1,0,0,0,aPrQaQaPrPrP,A,nemo-12b,mistralai/mistral-nemo,io-net/fp16,0,1.0,Io Net,A,2.216e-06,0.34864513533394575,0.005174205322367564,0
comprehension,rival_majority,neutral,2121,1,0,1,0,aPrPrQaQaPrP,A,nemo-12b,mistralai/mistral-nemo,io-net/fp16,0,1.0,Io Net,A,2.216e-06,0.5,0.007476258590393636,0
comprehension,rival_majority,neutral,2130,-1,0,0,0,aQaPrPaPrPrP,A,nemo-12b,mistralai/mistral-nemo,io-net/fp16,0,1.0,Io Net,A,2.216e-06,0.9241418121440552,0.009380627036651878,0
comprehension,rival_majority,neutral,2130,-1,0,1,0,aPrPaPrPaQrP,A,nemo-12b,mistralai/mistral-nemo,io-net/fp16,0,1.0,Io Net,A,2.216e-06,0.9820137904327007,0.007118420354945702,0
comprehension,rival_majority,neutral,2130,1,0,0,0,aPrPaPaQrPrP,A,nemo-12b,mistralai/mistral-nemo,io-net/fp16,0,1.0,Io Net,A,2.216e-06,0.9669140198236428,0.0036782002767164063,0
comprehension,rival_majority,neutral,2130,1,0,1,0,aQrPaPrPaPrP,A,nemo-12b,mistralai/mistral-nemo,io-net/fp16,0,1.0,Io Net,A,2.216e-06,0.9241418158002492,0.008144813073234974,0
comprehension,rival_majority,neutral,2201,-1,0,0,0,aQaPaQaPrQ,B,nemo-12b,mistralai/mistral-nemo,io-net/fp16,0,1.0,Io Net,B,2.206e-06,0.26894142136999516,0.018300581620523393,0
comprehension,rival_majority,neutral,2201,-1,0,1,0,aQaPrQaQaP,B,nemo-12b,mistralai/mistral-nemo,io-net/fp16,0,1.0,Io Net,B,2.334e-06,0.40733340004593016,0.02631457427020556,0
comprehension,rival_majority,neutral,2201,1,0,0,0,aPaPaQaQrQ,B,nemo-12b,mistralai/mistral-nemo,io-net/fp16,0,1.0,Io Net,B,2.206e-06,0.0373268831943749,0.010597055920365861,0
comprehension,rival_majority,neutral,2201,1,0,1,0,rQaQaPaQaP,B,nemo-12b,mistralai/mistral-nemo,io-net/fp16,0,1.0,Io Net,B,2.206e-06,0.07585817584273653,0.0079391842358838,0
comprehension,rival_majority,neutral,2202,-1,0,0,0,rQaQaPrQaQaP,B,nemo-12b,mistralai/mistral-nemo,io-net/fp16,0,1.0,Io Net,B,2.472e-06,0.10669059536584677,0.01068496058727797,0
comprehension,rival_majority,neutral,2202,-1,0,1,0,aQrQaPaQaPrQ,B,nemo-12b,mistralai/mistral-nemo,io-net/fp16,0,1.0,Io Net,B,2.472e-06,0.16451646904109268,0.009821978565063949,0
comprehension,rival_majority,neutral,2202,1,0,0,0,rQaPaPaQrQaQ,B,nemo-12b,mistralai/mistral-nemo,io-net/fp16,0,1.0,Io Net,B,2.472e-06,0.06754669067036072,0.005574435745450024,0
comprehension,rival_majority,neutral,2202,1,0,1,0,rQaPaQrQaQaP,B,nemo-12b,mistralai/mistral-nemo,io-net/fp16,0,1.0,Io Net,B,2.216e-06,0.025957356350099027,0.006525316847529106,0
comprehension,rival_majority,neutral,2210,-1,0,0,0,aPrPaQaPaQ,A,nemo-12b,mistralai/mistral-nemo,io-net/fp16,0,1.0,Io Net,A,2.334e-06,0.8354835432479661,0.03043226112306177,0
comprehension,rival_majority,neutral,2210,-1,0,1,0,aPaPrPaQaQ,A,nemo-12b,mistralai/mistral-nemo,io-net/fp16,0,1.0,Io Net,A,2.334e-06,0.8519528019683106,0.022842991528011947,0
comprehension,rival_majority,neutral,2210,1,0,0,0,aPaQaPaQrP,A,nemo-12b,mistralai/mistral-nemo,io-net/fp16,0,1.0,Io Net,B,2.206e-06,0.5926665999540697,0.03151391621058536,0
comprehension,rival_majority,neutral,2210,1,0,1,0,rPaPaQaPaQ,A,nemo-12b,mistralai/mistral-nemo,io-net/fp16,0,1.0,Io Net,A,2.206e-06,0.6513548646660542,0.021842055125800564,0
comprehension,rival_majority,neutral,2220,-1,0,0,0,rPaPaQaQrPaP,A,nemo-12b,mistralai/mistral-nemo,io-net/fp16,0,1.0,Io Net,A,2.472e-06,0.9046505376715775,0.010247793804035371,0
comprehension,rival_majority,neutral,2220,-1,0,1,0,aQaPaPaQrPrP,A,nemo-12b,mistralai/mistral-nemo,io-net/fp16,0,1.0,Io Net,B,2.216e-06,0.9579122693809591,0.007817796191358937,0
comprehension,rival_majority,neutral,2220,1,0,0,0,aQrPaPrPaQaP,A,nemo-12b,mistralai/mistral-nemo,io-net/fp16,0,1.0,Io Net,B,2.472e-06,0.7981867849406659,0.011677136430649437,0
comprehension,rival_majority,neutral,2220,1,0,1,0,rPaQaPaPrPaQ,A,nemo-12b,mistralai/mistral-nemo,io-net/fp16,0,1.0,Io Net,A,2.216e-06,0.9399133561377042,0.007061619869227806,0
comprehension,rival_majority,neutral,2301,-1,0,0,0,aQaQaQrQaPaP,B,nemo-12b,mistralai/mistral-nemo,io-net/fp16,0,1.0,Io Net,B,2.472e-06,0.46879062662624366,0.023628580154746892,0
comprehension,rival_majority,neutral,2301,-1,0,1,0,aQaPaQaPaQrQ,B,nemo-12b,mistralai/mistral-nemo,io-net/fp16,0,1.0,Io Net,B,2.216e-06,0.3775406687981454,0.023145646605721493,0
comprehension,rival_majority,neutral,2301,1,0,0,0,aQaQaPaPrQaQ,B,nemo-12b,mistralai/mistral-nemo,io-net/fp16,0,1.0,Io Net,B,2.216e-06,0.09534946618445303,0.020391984188998236,0
comprehension,rival_majority,neutral,2301,1,0,1,0,aQaPaQaPrQaQ,B,nemo-12b,mistralai/mistral-nemo,io-net/fp16,0,1.0,Io Net,B,2.216e-06,0.18242551491653522,0.028273939043904295,0
comprehension,rival_majority,neutral,2310,-1,0,0,0,rPaQaQaPaQaP,A,nemo-12b,mistralai/mistral-nemo,io-net/fp16,0,1.0,Io Net,A,2.216e-06,0.8933094010836642,0.01069277722502572,0
comprehension,rival_majority,neutral,2310,-1,0,1,0,aQaPrPaQaQaP,A,nemo-12b,mistralai/mistral-nemo,io-net/fp16,0,1.0,Io Net,A,2.216e-06,0.8807970701552504,0.021066573210444403,0
comprehension,rival_majority,neutral,2310,1,0,0,0,aQaQaPaQrPaP,A,nemo-12b,mistralai/mistral-nemo,io-net/fp16,0,1.0,Io Net,A,2.472e-06,0.6513548646660543,0.028020856799879812,0
comprehension,rival_majority,neutral,2310,1,0,1,0,aQrPaPaQaQaP,A,nemo-12b,mistralai/mistral-nemo,io-net/fp16,0,1.0,Io Net,A,2.472e-06,0.6791787056691698,0.01455161106430769,0
comprehension,rival_majority,neutral,3001,-1,0,0,0,aPaPrQaP,B,nemo-12b,mistralai/mistral-nemo,io-net/fp16,0,1.0,Io Net,A,2.068e-06,0.2227001285074597,0.020225996858125206,0
comprehension,rival_majority,neutral,3001,-1,0,1,0,aPaPrQaP,B,nemo-12b,mistralai/mistral-nemo,io-net/fp16,0,1.0,Io Net,B,2.068e-06,0.3208213073183839,0.02189941080163338,0
comprehension,rival_majority,neutral,3001,1,0,0,0,aPrQaPaP,B,nemo-12b,mistralai/mistral-nemo,io-net/fp16,0,1.0,Io Net,B,2.068e-06,0.022977368571936524,0.005534822654249427,0
comprehension,rival_majority,neutral,3001,1,0,1,0,rQaPaPaP,B,nemo-12b,mistralai/mistral-nemo,io-net/fp16,0,1.0,Io Net,B,2.068e-06,0.04208772371029592,0.0054580374066491855,0
comprehension,rival_majority,neutral,3002,-1,0,0,0,rQaPaPrQaP,B,nemo-12b,mistralai/mistral-nemo,io-net/fp16,0,1.0,Io Net,B,2.206e-06,0.04742586829697803,0.006539196001831282,0
comprehension,rival_majority,neutral,3002,-1,0,1,0,aPaPrQrQaP,B,nemo-12b,mistralai/mistral-nemo,io-net/fp16,0,1.0,Io Net,B,2.334e-06,0.13296423676207597,0.006353689616586555,0
comprehension,rival_majority,neutral,3002,1,0,0,0,rQaPrQaPaP,B,nemo-12b,mistralai/mistral-nemo,io-net/fp16,0,1.0,Io Net,B,2.206e-06,0.033085978507880996,0.003770074407402957,0
comprehension,rival_majority,neutral,3002,1,0,1,0,aPrQaPaPrQ,B,nemo-12b,mistralai/mistral-nemo,io-net/fp16,0,1.0,Io Net,B,2.206e-06,0.0229773696591339,0.0031270647238363924,0
comprehension,rival_majority,neutral,3003,-1,0,0,0,aPrQrQaPaPrQ,B,nemo-12b,mistralai/mistral-nemo,io-net/fp16,0,1.0,Io Net,B,2.216e-06,0.07585818733363134,0.004594438469453621,0
comprehension,rival_majority,neutral,3003,-1,0,1,0,aPrQrQaPaPrQ,B,nemo-12b,mistralai/mistral-nemo,io-net/fp16,0,1.0,Io Net,B,2.216e-06,0.060086655644158424,0.00402626688953478,0
comprehension,rival_majority,neutral,3003,1,0,0,0,aPrQaPrQaPrQ,B,nemo-12b,mistralai/mistral-nemo,io-net/fp16,0,1.0,Io Net,B,2.216e-06,0.02931222735949175,0.0037179363254682407,0
comprehension,rival_majority,neutral,3003,1,0,1,0,aPrQaPrQrQaP,B,nemo-12b,mistralai/mistral-nemo,io-net/fp16,0,1.0,Io Net,B,2.216e-06,0.01406362817963978,0.004753816380918763,0
comprehension,rival_majority,neutral,3010,-1,0,0,0,aPaPrPaP,A,nemo-12b,mistralai/mistral-nemo,io-net/fp16,0,1.0,Io Net,A,2.196e-06,0.8519528038477824,0.023196334331456875,0
comprehension,rival_majority,neutral,3010,-1,0,1,0,rPaPaPaP,A,nemo-12b,mistralai/mistral-nemo,io-net/fp16,0,1.0,Io Net,A,2.068e-06,0.8354835371034368,0.00587776162179432,0
comprehension,rival_majority,neutral,3010,1,0,0,0,aPaPrPaP,A,nemo-12b,mistralai/mistral-nemo,io-net/fp16,0,1.0,Io Net,B,2.068e-06,0.4378234991142019,0.019398678312637307,0
comprehension,rival_majority,neutral,3010,1,0,1,0,aPaPaPrP,A,nemo-12b,mistralai/mistral-nemo,io-net/fp16,0,1.0,Io Net,B,2.068e-06,0.46879062662624377,0.014756119960820047,0
comprehension,rival_majority,neutral,3012,-1,0,0,0,rPaPrQaPaPrQ,B,nemo-12b,mistralai/mistral-nemo,io-net/fp16,0,1.0,Io Net,B,2.216e-06,0.6513548782017745,0.007384997925053927,0
comprehension,rival_majority,neutral,3012,-1,0,1,0,aPaPrQaPrPrQ,B,nemo-12b,mistralai/mistral-nemo,io-net/fp16,0,1.0,Io Net,B,2.216e-06,0.7057850278370111,0.013602827600135259,0
comprehension,rival_majority,neutral,3012,1,0,0,0,rQaPaPrQrPaP,B,nemo-12b,mistralai/mistral-nemo,io-net/fp16,0,1.0,Io Net,B,2.216e-06,0.18242553047372242,0.0041460956504676405,0
comprehension,rival_majority,neutral,3012,1,0,1,0,aPaPrQrQrPaP,B,nemo-12b,mistralai/mistral-nemo,io-net/fp16,0,1.0,Io Net,B,2.216e-06,0.05340333055309901,0.008709787124952961,0
comprehension,rival_majority,neutral,3020,-1,0,0,0,aPaPrPrPaP,A,nemo-12b,mistralai/mistral-nemo,io-net/fp16,0,1.0,Io Net,A,2.206e-06,0.9669140233989488,0.006104708735910652,0
comprehension,rival_majority,neutral,3020,-1,0,1,0,aPaPaPrPrP,A,nemo-12b,mistralai/mistral-nemo,io-net/fp16,0,1.0,Io Net,A,2.206e-06,0.8807970654616711,0.004650658685818057,0
comprehension,rival_majority,neutral,3020,1,0,0,0,rPaPaPrPaP,A,nemo-12b,mistralai/mistral-nemo,io-net/fp16,0,1.0,Io Net,A,2.334e-06,0.9241418163225626,0.00955887388971198,0
comprehension,rival_majority,neutral,3020,1,0,1,0,rPaPrPaPaP,A,nemo-12b,mistralai/mistral-nemo,io-net/fp16,0,1.0,Io Net,B,2.334e-06,0.880797071719777,0.0057866714846775,0
comprehension,rival_majority,neutral,3021,-1,0,0,0,rQaPrPrPaPaP,A,nemo-12b,mistralai/mistral-nemo,io-net/fp16,0,1.0,Io Net,A,2.216e-06,0.7057850340255386,0.008674665206082677,0
comprehension,rival_majority,neutral,3021,-1,0,1,0,aPaPrQaPrPrP,A,nemo-12b,mistralai/mistral-nemo,io-net/fp16,0,1.0,Io Net,A,2.216e-06,0.8354835432479661,0.007075598302750813,0
comprehension,rival_majority,neutral,3021,1,0,0,0,aPaPrPrPrQaP,A,nemo-12b,mistralai/mistral-nemo,io-net/fp16,0,1.0,Io Net,B,2.216e-06,0.5621765008857981,0.007234263819987319,0
comprehension,rival_majority,neutral,3021,1,0,1,0,aPrPaPaPrPrQ,A,nemo-12b,mistralai/mistral-nemo,io-net/fp16,0,1.0,Io Net,B,2.216e-06,0.5312093733737563,0.009092899134701071,0
comprehension,rival_majority,neutral,3030,-1,0,0,0,aPrPrPaPaPrP,A,nemo-12b,mistralai/mistral-nemo,io-net/fp16,0,1.0,Io Net,A,2.216e-06,0.9324533088603709,0.006259869239978413,0
comprehension,rival_majority,neutral,3030,-1,0,1,0,rPaPaPaPrPrP,A,nemo-12b,mistralai/mistral-nemo,io-net/fp16,0,1.0,Io Net,A,2.344e-06,0.9525741318713181,0.003403207383165484,0
comprehension,rival_majority,neutral,3030,1,0,0,0,aPaPaPrPrPrP,A,nemo-12b,mistralai/mistral-nemo,io-net/fp16,0,1.0,Io Net,A,2.216e-06,0.9241418189341296,0.0054677968097216895,0
comprehension,rival_majority,neutral,3030,1,0,1,0,rPaPrPaPaPrP,A,nemo-12b,mistralai/mistral-nemo,io-net/fp16,0,1.0,Io Net,B,2.216e-06,0.8933094074745443,0.006797709612313768,0
comprehension,rival_majority,neutral,3101,-1,0,0,0,rQaPaPaPaQ,B,nemo-12b,mistralai/mistral-nemo,io-net/fp16,0,1.0,Io Net,B,2.334e-06,0.32082130082460697,0.012635875080456493,0
comprehension,rival_majority,neutral,3101,-1,0,1,0,aQaPrQaPaP,B,nemo-12b,mistralai/mistral-nemo,io-net/fp16,0,1.0,Io Net,B,2.206e-06,0.46879062662624377,0.03743085582056893,0
comprehension,rival_majority,neutral,3101,1,0,0,0,aPrQaPaQaP,B,nemo-12b,mistralai/mistral-nemo,io-net/fp16,0,1.0,Io Net,B,2.206e-06,0.033085976958581766,0.007973310484677976,0
comprehension,rival_majority,neutral,3101,1,0,1,0,aPrQaPaQaP,B,nemo-12b,mistralai/mistral-nemo,io-net/fp16,0,1.0,Io Net,B,2.334e-06,0.06754669020109236,0.009655588569134843,0
comprehension,rival_majority,neutral,3102,-1,0,0,0,aPrQaPaPrQaQ,B,nemo-12b,mistralai/mistral-nemo,io-net/fp16,0,1.0,Io Net,B,2.216e-06,0.18242552602881168,0.007796026818799873,0
comprehension,rival_majority,neutral,3102,-1,0,1,0,aQrQrQaPaPaP,B,nemo-12b,mistralai/mistral-nemo,io-net/fp16,0,1.0,Io Net,B,2.472e-06,0.16451646904109266,0.0060848117209592045,0
comprehension,rival_majority,neutral,3102,1,0,0,0,aPaPaPaQrQrQ,B,nemo-12b,mistralai/mistral-nemo,io-net/fp16,0,1.0,Io Net,B,2.216e-06,0.02297737220986642,0.0025470845464475866,0
comprehension,rival_majority,neutral,3102,1,0,1,0,aPaQrQrQaPaP,B,nemo-12b,mistralai/mistral-nemo,io-net/fp16,0,1.0,Io Net,B,2.216e-06,0.07585817218654307,0.009598866777788095,0
comprehension,rival_majority,neutral,3110,-1,0,0,0,aPaPaPaQrP,A,nemo-12b,mistralai/mistral-nemo,io-net/fp16,0,1.0,Io Net,A,2.206e-06,0.9046505331728752,0.017738702700033707,0
comprehension,rival_majority,neutral,3110,-1,0,1,0,aPaQaPaPrP,A,nemo-12b,mistralai/mistral-nemo,io-net/fp16,0,1.0,Io Net,A,2.206e-06,0.8670357529306639,0.02648406024996927,0
comprehension,rival_majority,neutral,3110,1,0,0,0,aQaPrPaPaP,A,nemo-12b,mistralai/mistral-nemo,io-net/fp16,0,1.0,Io Net,A,2.334e-06,0.7057850340255386,0.03143053537634649,0
comprehension,rival_majority,neutral,3110,1,0,1,0,rPaPaPaPaQ,A,nemo-12b,mistralai/mistral-nemo,io-net/fp16,0,1.0,Io Net,A,2.334e-06,0.7549149923816048,0.01910388510376007,0
comprehension,rival_majority,neutral,3120,-1,0,0,0,aPrPaPrPaPaQ,A,nemo-12b,mistralai/mistral-nemo,io-net/fp16,0,1.0,Io Net,A,2.472e-06,0.9525741288419873,0.008008119032776276,0
comprehension,rival_majority,neutral,3120,-1,0,1,0,aQrPaPaPaPrP,A,nemo-12b,mistralai/mistral-nemo,io-net/fp16,0,1.0,Io Net,A,2.216e-06,0.9706877710505718,0.004101293487272322,0
comprehension,rival_majority,neutral,3120,1,0,0,0,aQaPrPaPaPrP,A,nemo-12b,mistralai/mistral-nemo,io-net/fp16,0,1.0,Io Net,A,2.344e-06,0.7981867801399695,0.009119932474968395,0
comprehension,rival_majority,neutral,3120,1,0,1,0,rPaPaPrPaPaQ,A,nemo-12b,mistralai/mistral-nemo,io-net/fp16,0,1.0,Io Net,A,2.472e-06,0.7981867825403176,0.013567483359898685,0
comprehension,rival_majority,neutral,3201,-1,0,0,0,rQaQaQaPaPaP,B,nemo-12b,mistralai/mistral-nemo,io-net/fp16,0,1.0,Io Net,B,2.216e-06,0.34864514210180597,0.009763925154774866,0
comprehension,rival_majority,neutral,3201,-1,0,1,0,aPaQaPaPaQrQ,B,nemo-12b,mistralai/mistral-nemo,io-net/fp16,0,1.0,Io Net,A,2.216e-06,0.3208213073183839,0.018148252523194186,0
comprehension,rival_majority,neutral,3201,1,0,0,0,aPaPaPaQaQrQ,B,nemo-12b,mistralai/mistral-nemo,io-net/fp16,0,1.0,Io Net,B,2.216e-06,0.047425876711786524,0.012133578897471353,0
comprehension,rival_majority,neutral,3201,1,0,1,0,aQaPaPrQaQaP,B,nemo-12b,mistralai/mistral-nemo,io-net/fp16,0,1.0,Io Net,B,2.472e-06,0.22270014398423355,0.03395817630610598,0
comprehension,rival_majority,neutral,3210,-1,0,0,0,rPaPaQaPaPaQ,A,nemo-12b,mistralai/mistral-nemo,io-net/fp16,0,1.0,Io Net,A,2.216e-06,0.9046505351008906,0.015438596567237298,0
comprehension,rival_majority,neutral,3210,-1,0,1,0,aQaQaPaPaPrP,A,nemo-12b,mistralai/mistral-nemo,io-net/fp16,0,1.0,Io Net,A,2.216e-06,0.9399133485636499,0.016482145436742708,0
comprehension,rival_majority,neutral,3210,1,0,0,0,rPaQaPaQaPaP,A,nemo-12b,mistralai/mistral-nemo,io-net/fp16,0,1.0,Io Net,B,2.472e-06,0.6791786926816161,0.020966176460773034,0
comprehension,rival_majority,neutral,3210,1,0,1,0,aPaPaPrPaQaQ,A,nemo-12b,mistralai/mistral-nemo,io-net/fp16,0,1.0,Io Net,A,2.216e-06,0.5,0.030105586201659706,0
comprehension,rival_majority,neutral,4001,-1,0,0,0,aPrQaPaPaP,B,nemo-12b,mistralai/mistral-nemo,io-net/fp16,0,1.0,Io Net,B,2.206e-06,0.4073334000459302,0.009388915961677347,0
comprehension,rival_majority,neutral,4001,-1,0,1,0,aPrQaPaPaP,B,nemo-12b,mistralai/mistral-nemo,io-net/fp16,0,1.0,Io Net,B,2.334e-06,0.32082128783705344,0.0036953718169856486,0
comprehension,rival_majority,neutral,4001,1,0,0,0,aPaPrQaPaP,B,nemo-12b,mistralai/mistral-nemo,io-net/fp16,0,1.0,Io Net,B,2.206e-06,0.05340332415026374,0.013567083252867373,0
comprehension,rival_majority,neutral,4001,1,0,1,0,aPaPaPrQaP,B,nemo-12b,mistralai/mistral-nemo,io-net/fp16,0,1.0,Io Net,B,2.206e-06,0.06008664554541886,0.015287071414103681,0
comprehension,rival_majority,neutral,4002,-1,0,0,0,aPaPrQaPrQaP,B,nemo-12b,mistralai/mistral-nemo,io-net/fp16,0,1.0,Io Net,B,2.216e-06,0.11920292045759123,0.007043302932211559,0
comprehension,rival_majority,neutral,4002,-1,0,1,0,aPrQaPaPrQaP,B,nemo-12b,mistralai/mistral-nemo,io-net/fp16,0,1.0,Io Net,B,2.216e-06,0.14804719427274568,0.005157381206649991,0
comprehension,rival_majority,neutral,4002,1,0,0,0,aPrQaPaPaPrQ,B,nemo-12b,mistralai/mistral-nemo,io-net/fp16,0,1.0,Io Net,B,2.216e-06,0.02595735658557064,0.0030791670384050507,0
comprehension,rival_majority,neutral,4002,1,0,1,0,aPaPaPrQaPrQ,B,nemo-12b,mistralai/mistral-nemo,io-net/fp16,0,1.0,Io Net,B,2.216e-06,0.020332353231352955,0.003635695410746931,0
comprehension,rival_majority,neutral,4010,-1,0,0,0,aPrPaPaPaP,A,nemo-12b,mistralai/mistral-nemo,io-net/fp16,0,1.0,Io Net,B,2.206e-06,0.8933094074745443,0.012935411360319726,0
comprehension,rival_majority,neutral,4010,-1,0,1,0,aPaPaPaPrP,A,nemo-12b,mistralai/mistral-nemo,io-net/fp16,0,1.0,Io Net,B,2.206e-06,0.7981867801399694,0.00669499436337101,0
comprehension,rival_majority,neutral,4010,1,0,0,0,aPaPaPaPrP,A,nemo-12b,mistralai/mistral-nemo,io-net/fp16,0,1.0,Io Net,A,2.206e-06,0.5926665999540698,0.015604664578798666,0
comprehension,rival_majority,neutral,4010,1,0,1,0,aPaPaPrPaP,A,nemo-12b,mistralai/mistral-nemo,io-net/fp16,0,1.0,Io Net,B,2.206e-06,0.46879062662624377,0.023904856957129406,0
comprehension,rival_majority,neutral,4020,-1,0,0,0,aPrPrPaPaPaP,A,nemo-12b,mistralai/mistral-nemo,io-net/fp16,0,1.0,Io Net,A,2.216e-06,0.952574123793102,0.0035421300530863245,0
comprehension,rival_majority,neutral,4020,-1,0,1,0,aPrPaPaPrPaP,A,nemo-12b,mistralai/mistral-nemo,io-net/fp16,0,1.0,Io Net,A,2.216e-06,0.867035752930664,0.006534270883034682,0
comprehension,rival_majority,neutral,4020,1,0,0,0,rPaPaPrPaPaP,A,nemo-12b,mistralai/mistral-nemo,io-net/fp16,0,1.0,Io Net,A,2.216e-06,0.9149009515124917,0.009381125535434395,0
comprehension,rival_majority,neutral,4020,1,0,1,0,rPaPrPaPaPaP,A,nemo-12b,mistralai/mistral-nemo,io-net/fp16,0,1.0,Io Net,A,2.216e-06,0.8807970889295664,0.00429562130810332,0
comprehension,rival_majority,neutral,4101,-1,0,0,0,aPaPrQaPaQaP,B,nemo-12b,mistralai/mistral-nemo,io-net/fp16,0,1.0,Io Net,B,2.216e-06,0.34864513533394575,0.01883496695655351,0
comprehension,rival_majority,neutral,4101,-1,0,1,0,aQaPaPaPrQaP,B,nemo-12b,mistralai/mistral-nemo,io-net/fp16,0,1.0,Io Net,A,2.216e-06,0.5926665999540698,0.016559246837901054,0
comprehension,rival_majority,neutral,4101,1,0,0,0,aPaPrQaQaPaP,B,nemo-12b,mistralai/mistral-nemo,io-net/fp16,0,1.0,Io Net,B,2.472e-06,0.06754669160889748,0.011624513867415032,0
comprehension,rival_majority,neutral,4101,1,0,1,0,aQaPaPaPrQaP,B,nemo-12b,mistralai/mistral-nemo,io-net/fp16,0,1.0,Io Net,A,2.216e-06,0.24508502416032488,0.029900058298671928,0
comprehension,rival_majority,neutral,4110,-1,0,0,0,aPaPaPaQaPrP,A,nemo-12b,mistralai/mistral-nemo,io-net/fp16,0,1.0,Io Net,A,2.216e-06,0.9399133460389649,0.019531667556276035,0
comprehension,rival_majority,neutral,4110,-1,0,1,0,rPaQaPaPaPaP,A,nemo-12b,mistralai/mistral-nemo,io-net/fp16,0,1.0,Io Net,A,2.216e-06,0.939913350667554,0.004716452749045731,0
comprehension,rival_majority,neutral,4110,1,0,0,0,rPaPaPaQaPaP,A,nemo-12b,mistralai/mistral-nemo,io-net/fp16,0,1.0,Io Net,A,2.216e-06,0.7549149923816048,0.010331832500011767,0
comprehension,rival_majority,neutral,4110,1,0,1,0,rPaPaPaQaPaP,A,nemo-12b,mistralai/mistral-nemo,io-net/fp16,0,1.0,Io Net,A,2.472e-06,0.679178686187839,0.016008452792438732,0
comprehension,rival_majority,neutral,5001,-1,0,0,0,aPaPrQaPaPaP,B,nemo-12b,mistralai/mistral-nemo,io-net/fp16,0,1.0,Io Net,B,2.216e-06,0.34864513533394575,0.020167918004910357,0
comprehension,rival_majority,neutral,5001,-1,0,1,0,aPrQaPaPaPaP,B,nemo-12b,mistralai/mistral-nemo,io-net/fp16,0,1.0,Io Net,A,2.344e-06,0.4378234991142019,0.005479108975332769,0
comprehension,rival_majority,neutral,5001,1,0,0,0,rQaPaPaPaPaP,B,nemo-12b,mistralai/mistral-nemo,io-net/fp16,0,1.0,Io Net,B,2.216e-06,0.11920292984474946,0.006728467923394987,0
comprehension,rival_majority,neutral,5001,1,0,1,0,aPaPaPaPaPrQ,B,nemo-12b,mistralai/mistral-nemo,io-net/fp16,0,1.0,Io Net,B,2.344e-06,0.05340332415026373,0.012427665083958983,0
comprehension,rival_majority,neutral,5010,-1,0,0,0,aPaPaPrPaPaP,A,nemo-12b,mistralai/mistral-nemo,io-net/fp16,0,1.0,Io Net,A,2.216e-06,0.8807970732843033,0.02373412268759277,0
comprehension,rival_majority,neutral,5010,-1,0,1,0,aPaPrPaPaPaP,A,nemo-12b,mistralai/mistral-nemo,io-net/fp16,0,1.0,Io Net,A,2.216e-06,0.7981867777396212,0.022700543883482055,0
comprehension,rival_majority,neutral,5010,1,0,0,0,aPaPaPrPaPaP,A,nemo-12b,mistralai/mistral-nemo,io-net/fp16,0,1.0,Io Net,A,2.216e-06,0.5621765008857981,0.01971010033970977,0
comprehension,rival_majority,neutral,5010,1,0,1,0,aPaPaPaPaPrP,A,nemo-12b,mistralai/mistral-nemo,io-net/fp16,0,1.0,Io Net,B,2.216e-06,0.5621765008857981,0.015843965796056292,0
