arm,question,framing,counts,s0,mapping,order,perm,seq,correct,key,model,tag,rep,temperature,served,content,cost,pA,leak,censored
comprehension,ally_majority,neutral,0100,-1,0,0,0,aQ,B,qwen-122b,qwen/qwen3.5-122b-a10b,alibaba,0,1.0,Alibaba,B,3.25e-05,0.0002959467367041292,5.2312307727953034e-05,0
comprehension,ally_majority,neutral,0100,-1,0,1,0,aQ,B,qwen-122b,qwen/qwen3.5-122b-a10b,alibaba,0,1.0,Alibaba,B,3.25e-05,9.609977842127487e-05,0.00010628216128028001,0
comprehension,ally_majority,neutral,0100,1,0,0,0,aQ,B,qwen-122b,qwen/qwen3.5-122b-a10b,alibaba,0,1.0,Alibaba,B,3.25e-05,0.001169397738407522,0.0001063923170218084,0
comprehension,ally_majority,neutral,0100,1,0,1,0,aQ,B,qwen-122b,qwen/qwen3.5-122b-a10b,alibaba,0,1.0,Alibaba,B,3.25e-05,0.000910982985420513,0.00018523404490899953,0
comprehension,ally_majority,neutral,0101,-1,0,0,0,aQrQ,B,qwen-122b,qwen/qwen3.5-122b-a10b,alibaba,0,1.0,Alibaba,B,3.432e-05,0.0015011143884550633,7.086173422232722e-05,0
comprehension,ally_majority,neutral,0101,-1,0,1,0,aQrQ,B,qwen-122b,qwen/qwen3.5-122b-a10b,alibaba,0,1.0,Alibaba,B,3.432e-05,0.00023048726606562388,0.0001094371938876737,0
comprehension,ally_majority,neutral,0101,1,0,0,0,rQaQ,B,qwen-122b,qwen/qwen3.5-122b-a10b,alibaba,0,1.0,Alibaba,B,3.432e-05,0.004609183173450785,0.00016816130370911342,0
comprehension,ally_majority,neutral,0101,1,0,1,0,rQaQ,B,qwen-122b,qwen/qwen3.5-122b-a10b,alibaba,0,1.0,Alibaba,B,3.432e-05,0.005910343319265037,0.0001885152758459574,0
comprehension,ally_majority,neutral,0102,-1,0,0,0,rQaQrQ,B,qwen-122b,qwen/qwen3.5-122b-a10b,alibaba,0,1.0,Alibaba,B,3.614e-05,0.0003799672690286599,7.23722854579778e-05,0
comprehension,ally_majority,neutral,0102,-1,0,1,0,rQaQrQ,B,qwen-122b,qwen/qwen3.5-122b-a10b,alibaba,0,1.0,Alibaba,B,3.614e-05,0.0002959436923953959,6.586663394125836e-05,0
comprehension,ally_majority,neutral,0102,1,0,0,0,rQaQrQ,B,qwen-122b,qwen/qwen3.5-122b-a10b,alibaba,0,1.0,Alibaba,B,3.614e-05,0.0007096103171945911,8.565010248995364e-05,0
comprehension,ally_majority,neutral,0102,1,0,1,0,aQrQrQ,B,qwen-122b,qwen/qwen3.5-122b-a10b,alibaba,0,1.0,Alibaba,B,3.614e-05,0.0010321317740508817,0.00010082590734328267,0
comprehension,ally_majority,neutral,0103,-1,0,0,0,aQrQrQrQ,B,qwen-122b,qwen/qwen3.5-122b-a10b,alibaba,0,1.0,Alibaba,B,3.796e-05,0.001169410985586277,8.148317520251247e-05,0
comprehension,ally_majority,neutral,0103,-1,0,1,0,rQrQrQaQ,B,qwen-122b,qwen/qwen3.5-122b-a10b,alibaba,0,1.0,Alibaba,B,3.796e-05,0.0003353137705544051,0.00011977836560739252,0
comprehension,ally_majority,neutral,0103,1,0,0,0,rQaQrQrQ,B,qwen-122b,qwen/qwen3.5-122b-a10b,alibaba,0,1.0,Alibaba,B,3.796e-05,0.004069410427407871,0.00013642011828296496,0
comprehension,ally_majority,neutral,0103,1,0,1,0,rQrQrQaQ,B,qwen-122b,qwen/qwen3.5-122b-a10b,alibaba,0,1.0,Alibaba,B,3.796e-05,0.0008040494939725772,8.391262225881935e-05,0
comprehension,ally_majority,neutral,0104,-1,0,0,0,rQrQrQrQaQ,B,qwen-122b,qwen/qwen3.5-122b-a10b,alibaba,0,1.0,Alibaba,B,3.978e-05,0.00015842813990541712,5.853732556704294e-05,0
comprehension,ally_majority,neutral,0104,-1,0,1,0,rQrQrQaQrQ,B,qwen-122b,qwen/qwen3.5-122b-a10b,alibaba,0,1.0,Alibaba,B,3.978e-05,0.00043052494381501974,0.00010314461736660174,0
comprehension,ally_majority,neutral,0104,1,0,0,0,rQrQaQrQrQ,B,qwen-122b,qwen/qwen3.5-122b-a10b,alibaba,0,1.0,Alibaba,B,3.978e-05,0.0075764208054842665,0.0001300595367211832,0
comprehension,ally_majority,neutral,0104,1,0,1,0,rQaQrQrQrQ,B,qwen-122b,qwen/qwen3.5-122b-a10b,alibaba,0,1.0,Alibaba,B,3.978e-05,0.005910138955727355,0.0001877929820399693,0
comprehension,ally_majority,neutral,0105,-1,0,0,0,rQrQrQrQaQrQ,B,qwen-122b,qwen/qwen3.5-122b-a10b,alibaba,0,1.0,Alibaba,B,4.16e-05,0.0011694421322971866,8.952001320505776e-05,0
comprehension,ally_majority,neutral,0105,-1,0,1,0,rQrQrQrQrQaQ,B,qwen-122b,qwen/qwen3.5-122b-a10b,alibaba,0,1.0,Alibaba,B,4.16e-05,0.00029593497175668085,9.647797392753343e-05,0
comprehension,ally_majority,neutral,0105,1,0,0,0,rQrQrQrQrQaQ,B,qwen-122b,qwen/qwen3.5-122b-a10b,alibaba,0,1.0,Alibaba,B,4.16e-05,0.0006263091994432427,9.083329783965421e-05,0
comprehension,ally_majority,neutral,0105,1,0,1,0,aQrQrQrQrQrQ,B,qwen-122b,qwen/qwen3.5-122b-a10b,alibaba,0,1.0,Alibaba,B,4.16e-05,0.020330043009293464,0.0003829231371413888,0
comprehension,ally_majority,neutral,0110,-1,0,0,0,rPaQ,B,qwen-122b,qwen/qwen3.5-122b-a10b,alibaba,0,1.0,Alibaba,B,3.432e-05,0.0004878205224736079,8.978446289054087e-05,0
comprehension,ally_majority,neutral,0110,-1,0,1,0,rPaQ,B,qwen-122b,qwen/qwen3.5-122b-a10b,alibaba,0,1.0,Alibaba,B,3.432e-05,0.0010321319210758828,0.0001762981671514785,0
comprehension,ally_majority,neutral,0110,1,0,0,0,aQrP,B,qwen-122b,qwen/qwen3.5-122b-a10b,alibaba,0,1.0,Alibaba,B,3.432e-05,0.0021824121097081734,0.00012877735914529342,0
comprehension,ally_majority,neutral,0110,1,0,1,0,rPaQ,B,qwen-122b,qwen/qwen3.5-122b-a10b,alibaba,0,1.0,Alibaba,B,3.432e-05,0.0015011140581273385,0.0001321474511752907,0
comprehension,ally_majority,neutral,0111,-1,0,0,0,aQrQrP,B,qwen-122b,qwen/qwen3.5-122b-a10b,alibaba,0,1.0,Alibaba,B,3.614e-05,0.0011694422991371082,7.154431517042426e-05,0
comprehension,ally_majority,neutral,0111,-1,0,1,0,aQrQrP,B,qwen-122b,qwen/qwen3.5-122b-a10b,alibaba,0,1.0,Alibaba,B,3.614e-05,0.0013248952093482045,0.0002150488818952745,0
comprehension,ally_majority,neutral,0111,1,0,0,0,rQaQrP,B,qwen-122b,qwen/qwen3.5-122b-a10b,alibaba,0,1.0,Alibaba,B,3.614e-05,0.03308226674735822,0.0001414092745335438,0
comprehension,ally_majority,neutral,0111,1,0,1,0,rPrQaQ,B,qwen-122b,qwen/qwen3.5-122b-a10b,alibaba,0,1.0,Alibaba,B,3.614e-05,0.0007095711711065412,0.00010677488058596918,0
comprehension,ally_majority,neutral,0112,-1,0,0,0,rPrQrQaQ,B,qwen-122b,qwen/qwen3.5-122b-a10b,alibaba,0,1.0,Alibaba,B,3.796e-05,0.00015842281321847834,8.690142701495152e-05,0
comprehension,ally_majority,neutral,0112,-1,0,1,0,aQrQrPrQ,B,qwen-122b,qwen/qwen3.5-122b-a10b,alibaba,0,1.0,Alibaba,B,3.796e-05,0.00048781031480579464,0.0001203543968106846,0
comprehension,ally_majority,neutral,0112,1,0,0,0,rQaQrPrQ,B,qwen-122b,qwen/qwen3.5-122b-a10b,alibaba,0,1.0,Alibaba,B,3.796e-05,0.0140619153089361,0.0001029012038299415,0
comprehension,ally_majority,neutral,0112,1,0,1,0,rPaQrQrQ,B,qwen-122b,qwen/qwen3.5-122b-a10b,alibaba,0,1.0,Alibaba,B,3.796e-05,0.0010321708606016056,5.954326168822188e-05,0
comprehension,ally_majority,neutral,0113,-1,0,0,0,rQrQaQrQrP,B,qwen-122b,qwen/qwen3.5-122b-a10b,alibaba,0,1.0,Alibaba,B,3.978e-05,0.003593439376296209,8.766269276594407e-05,0
comprehension,ally_majority,neutral,0113,-1,0,1,0,rPrQaQrQrQ,B,qwen-122b,qwen/qwen3.5-122b-a10b,alibaba,0,1.0,Alibaba,B,3.978e-05,0.0019265712035833975,0.00020193053966088836,0
comprehension,ally_majority,neutral,0113,1,0,0,0,aQrQrQrPrQ,B,qwen-122b,qwen/qwen3.5-122b-a10b,alibaba,0,1.0,Alibaba,B,3.978e-05,0.003593334675341209,0.00012956975537259385,0
comprehension,ally_majority,neutral,0113,1,0,1,0,aQrPrQrQrQ,B,qwen-122b,qwen/qwen3.5-122b-a10b,alibaba,0,1.0,Alibaba,B,3.978e-05,0.007575277158042857,0.00040960839548453976,0
comprehension,ally_majority,neutral,0114,-1,0,0,0,rPrQrQrQrQaQ,B,qwen-122b,qwen/qwen3.5-122b-a10b,alibaba,0,1.0,Alibaba,B,4.16e-05,0.00043053497992415836,6.637731066150288e-05,0
comprehension,ally_majority,neutral,0114,-1,0,1,0,rQaQrPrQrQrQ,B,qwen-122b,qwen/qwen3.5-122b-a10b,alibaba,0,1.0,Alibaba,B,4.16e-05,0.02032957048858002,0.0007947900285144582,0
comprehension,ally_majority,neutral,0114,1,0,0,0,rQrPrQrQrQaQ,B,qwen-122b,qwen/qwen3.5-122b-a10b,alibaba,0,1.0,Alibaba,B,4.16e-05,0.0035932986818397574,0.00014243939759683855,0
comprehension,ally_majority,neutral,0114,1,0,1,0,rQrQaQrPrQrQ,B,qwen-122b,qwen/qwen3.5-122b-a10b,alibaba,0,1.0,Alibaba,B,4.16e-05,0.029309820053413923,0.0002819472671907741,0
comprehension,ally_majority,neutral,0120,-1,0,0,0,rPaQrP,B,qwen-122b,qwen/qwen3.5-122b-a10b,alibaba,0,1.0,Alibaba,B,3.614e-05,0.00010889305827888981,4.645973139649762e-05,0
comprehension,ally_majority,neutral,0120,-1,0,1,0,aQrPrP,B,qwen-122b,qwen/qwen3.5-122b-a10b,alibaba,0,1.0,Alibaba,B,3.614e-05,0.0002034135548843645,9.295686526511471e-05,0
comprehension,ally_majority,neutral,0120,1,0,0,0,rPrPaQ,B,qwen-122b,qwen/qwen3.5-122b-a10b,alibaba,0,1.0,Alibaba,B,3.614e-05,7.484283758407434e-05,6.200793509247848e-05,0
comprehension,ally_majority,neutral,0120,1,0,1,0,rPaQrP,B,qwen-122b,qwen/qwen3.5-122b-a10b,alibaba,0,1.0,Alibaba,B,3.614e-05,0.0001795107282828395,9.729769445576686e-05,0
comprehension,ally_majority,neutral,0121,-1,0,0,0,aQrPrQrP,B,qwen-122b,qwen/qwen3.5-122b-a10b,alibaba,0,1.0,Alibaba,B,3.796e-05,0.0021825537050679028,7.874290323528488e-05,0
comprehension,ally_majority,neutral,0121,-1,0,1,0,aQrQrPrP,B,qwen-122b,qwen/qwen3.5-122b-a10b,alibaba,0,1.0,Alibaba,B,3.796e-05,0.00029592052978302135,9.917375977164244e-05,0
comprehension,ally_majority,neutral,0121,1,0,0,0,aQrPrQrP,B,qwen-122b,qwen/qwen3.5-122b-a10b,alibaba,0,1.0,Alibaba,B,3.796e-05,0.008576763126452386,0.00015901975460330675,0
comprehension,ally_majority,neutral,0121,1,0,1,0,rPaQrPrQ,B,qwen-122b,qwen/qwen3.5-122b-a10b,alibaba,0,1.0,Alibaba,B,3.796e-05,0.0024724961492542338,7.504565759153259e-05,0
comprehension,ally_majority,neutral,0122,-1,0,0,0,rPrQaQrPrQ,B,qwen-122b,qwen/qwen3.5-122b-a10b,alibaba,0,1.0,Alibaba,B,3.978e-05,0.0002959320234716556,8.65162247861706e-05,0
comprehension,ally_majority,neutral,0122,-1,0,1,0,aQrPrQrPrQ,B,qwen-122b,qwen/qwen3.5-122b-a10b,alibaba,0,1.0,Alibaba,B,3.978e-05,0.00150091293781769,0.0003442910040621916,0
comprehension,ally_majority,neutral,0122,1,0,0,0,rPaQrPrQrQ,B,qwen-122b,qwen/qwen3.5-122b-a10b,alibaba,0,1.0,Alibaba,B,3.978e-05,0.001169347205443415,7.462553899928448e-05,0
comprehension,ally_majority,neutral,0122,1,0,1,0,rQrPrPaQrQ,B,qwen-122b,qwen/qwen3.5-122b-a10b,alibaba,0,1.0,Alibaba,B,3.978e-05,0.009707553909743188,0.00021935691958030468,0
comprehension,ally_majority,neutral,0123,-1,0,0,0,rQrPaQrQrQrP,B,qwen-122b,qwen/qwen3.5-122b-a10b,alibaba,0,1.0,Alibaba,B,4.16e-05,0.0052194859381950506,0.00021307409433213298,0
comprehension,ally_majority,neutral,0123,-1,0,1,0,rQrPaQrQrQrP,B,qwen-122b,qwen/qwen3.5-122b-a10b,alibaba,0,1.0,Alibaba,B,4.16e-05,0.00970847690230935,0.0010506174151567738,0
comprehension,ally_majority,neutral,0123,1,0,0,0,rQrQaQrQrPrP,B,qwen-122b,qwen/qwen3.5-122b-a10b,alibaba,0,1.0,Alibaba,B,4.16e-05,0.022974922931969302,0.00015466425011512186,0
comprehension,ally_majority,neutral,0123,1,0,1,0,rPrPrQrQaQrQ,B,qwen-122b,qwen/qwen3.5-122b-a10b,alibaba,0,1.0,Alibaba,B,4.16e-05,0.003593160163564071,0.00016110722284390366,0
comprehension,ally_majority,neutral,0130,-1,0,0,0,aQrPrPrP,B,qwen-122b,qwen/qwen3.5-122b-a10b,alibaba,0,1.0,Alibaba,B,3.796e-05,0.0008040087286654291,6.897526852533975e-05,0
comprehension,ally_majority,neutral,0130,-1,0,1,0,rPrPaQrP,B,qwen-122b,qwen/qwen3.5-122b-a10b,alibaba,0,1.0,Alibaba,B,3.796e-05,0.0003799692500851016,7.66320356735406e-05,0
comprehension,ally_majority,neutral,0130,1,0,0,0,rPrPrPaQ,B,qwen-122b,qwen/qwen3.5-122b-a10b,alibaba,0,1.0,Alibaba,B,3.796e-05,0.0002034164802099369,7.396091953759676e-05,0
comprehension,ally_majority,neutral,0130,1,0,1,0,rPrPrPaQ,B,qwen-122b,qwen/qwen3.5-122b-a10b,alibaba,0,1.0,Alibaba,B,3.796e-05,0.0003799624606461028,6.734722267942583e-05,0
comprehension,ally_majority,neutral,0131,-1,0,0,0,aQrQrPrPrP,B,qwen-122b,qwen/qwen3.5-122b-a10b,alibaba,0,1.0,Alibaba,B,3.978e-05,0.004609335968453053,0.00014171033416998657,0
comprehension,ally_majority,neutral,0131,-1,0,1,0,rPrQrPaQrP,B,qwen-122b,qwen/qwen3.5-122b-a10b,alibaba,0,1.0,Alibaba,B,3.978e-05,0.0007096338677834264,0.00016412733828519155,0
comprehension,ally_majority,neutral,0131,1,0,0,0,rPrQrPaQrP,B,qwen-122b,qwen/qwen3.5-122b-a10b,alibaba,0,1.0,Alibaba,B,3.978e-05,0.0008039984194811664,9.334427743390439e-05,0
comprehension,ally_majority,neutral,0131,1,0,1,0,rPrPrQaQrP,B,qwen-122b,qwen/qwen3.5-122b-a10b,alibaba,0,1.0,Alibaba,B,3.978e-05,0.0010321779982759099,0.00010603207905190981,0
comprehension,ally_majority,neutral,0132,-1,0,0,0,rPrQrQrPrPaQ,B,qwen-122b,qwen/qwen3.5-122b-a10b,alibaba,0,1.0,Alibaba,B,4.16e-05,0.0003353349931149556,9.628618442725223e-05,0
comprehension,ally_majority,neutral,0132,-1,0,1,0,aQrPrQrQrPrP,B,qwen-122b,qwen/qwen3.5-122b-a10b,alibaba,0,1.0,Alibaba,B,4.16e-05,0.0013248593291504964,0.00022468132176045597,0
comprehension,ally_majority,neutral,0132,1,0,0,0,rPaQrPrQrQrP,B,qwen-122b,qwen/qwen3.5-122b-a10b,alibaba,0,1.0,Alibaba,B,4.16e-05,0.002471893496310668,0.000112603623834584,0
comprehension,ally_majority,neutral,0132,1,0,1,0,rPrPrQrPrQaQ,B,qwen-122b,qwen/qwen3.5-122b-a10b,alibaba,0,1.0,Alibaba,B,4.16e-05,0.0017006105436348832,9.886350519405784e-05,0
comprehension,ally_majority,neutral,0140,-1,0,0,0,rPrPaQrPrP,B,qwen-122b,qwen/qwen3.5-122b-a10b,alibaba,0,1.0,Alibaba,B,3.978e-05,0.0009109830463730032,0.0001266591189323929,0
comprehension,ally_majority,neutral,0140,-1,0,1,0,rPaQrPrPrP,B,qwen-122b,qwen/qwen3.5-122b-a10b,alibaba,0,1.0,Alibaba,B,3.978e-05,0.0009110097916662601,0.00010642869831600787,0
comprehension,ally_majority,neutral,0140,1,0,0,0,rPaQrPrPrP,B,qwen-122b,qwen/qwen3.5-122b-a10b,alibaba,0,1.0,Alibaba,B,3.978e-05,8.480057407957716e-05,7.117865839056936e-05,0
comprehension,ally_majority,neutral,0140,1,0,1,0,rPaQrPrPrP,B,qwen-122b,qwen/qwen3.5-122b-a10b,alibaba,0,1.0,Alibaba,B,3.978e-05,0.0006262466902808761,0.00011976570765426242,0
comprehension,ally_majority,neutral,0141,-1,0,0,0,aQrQrPrPrPrP,B,qwen-122b,qwen/qwen3.5-122b-a10b,alibaba,0,1.0,Alibaba,B,4.16e-05,0.003172473290177931,9.264772105632701e-05,0
comprehension,ally_majority,neutral,0141,-1,0,1,0,rPaQrPrPrQrP,B,qwen-122b,qwen/qwen3.5-122b-a10b,alibaba,0,1.0,Alibaba,B,4.16e-05,0.0017006237771592379,0.00015193797989099256,0
comprehension,ally_majority,neutral,0141,1,0,0,0,rQrPrPaQrPrP,B,qwen-122b,qwen/qwen3.5-122b-a10b,alibaba,0,1.0,Alibaba,B,4.16e-05,0.02297521413550906,0.0002448070425524751,0
comprehension,ally_majority,neutral,0141,1,0,1,0,aQrPrQrPrPrP,B,qwen-122b,qwen/qwen3.5-122b-a10b,alibaba,0,1.0,Alibaba,B,4.16e-05,0.015904332809815576,0.0008323339683748987,0
comprehension,ally_majority,neutral,0150,-1,0,0,0,aQrPrPrPrPrP,B,qwen-122b,qwen/qwen3.5-122b-a10b,alibaba,0,1.0,Alibaba,B,4.16e-05,0.0015011218834128039,6.15501526531892e-05,0
comprehension,ally_majority,neutral,0150,-1,0,1,0,rPrPrPrPrPaQ,B,qwen-122b,qwen/qwen3.5-122b-a10b,alibaba,0,1.0,Alibaba,B,4.16e-05,0.0003799649676739847,9.444709983819077e-05,0
comprehension,ally_majority,neutral,0150,1,0,0,0,rPaQrPrPrPrP,B,qwen-122b,qwen/qwen3.5-122b-a10b,alibaba,0,1.0,Alibaba,B,4.16e-05,0.0009108877472457319,0.00013838905153618075,0
comprehension,ally_majority,neutral,0150,1,0,1,0,rPrPrPrPaQrP,B,qwen-122b,qwen/qwen3.5-122b-a10b,alibaba,0,1.0,Alibaba,B,4.16e-05,0.0017005379076033551,0.00014769756862098582,0
comprehension,ally_majority,neutral,0200,-1,0,0,0,aQaQ,B,qwen-122b,qwen/qwen3.5-122b-a10b,alibaba,0,1.0,Alibaba,B,3.432e-05,5.829029876158832e-05,3.5745096575334756e-05,0
comprehension,ally_majority,neutral,0200,-1,0,1,0,aQaQ,B,qwen-122b,qwen/qwen3.5-122b-a10b,alibaba,0,1.0,Alibaba,B,3.432e-05,5.829028459499917e-05,7.173975091356866e-05,0
comprehension,ally_majority,neutral,0200,1,0,0,0,aQaQ,B,qwen-122b,qwen/qwen3.5-122b-a10b,alibaba,0,1.0,Alibaba,B,3.432e-05,2.7534945921121136e-05,4.172097880983383e-05,0
comprehension,ally_majority,neutral,0200,1,0,1,0,aQaQ,B,qwen-122b,qwen/qwen3.5-122b-a10b,alibaba,0,1.0,Alibaba,B,3.432e-05,4.006283269524354e-05,8.05753143677812e-05,0
comprehension,ally_majority,neutral,0201,-1,0,0,0,aQaQrQ,B,qwen-122b,qwen/qwen3.5-122b-a10b,alibaba,0,1.0,Alibaba,B,3.614e-05,0.00012339116170285847,3.966186518433723e-05,0
comprehension,ally_majority,neutral,0201,-1,0,1,0,aQrQaQ,B,qwen-122b,qwen/qwen3.5-122b-a10b,alibaba,0,1.0,Alibaba,B,3.614e-05,9.610009038593844e-05,5.517310412161969e-05,0
comprehension,ally_majority,neutral,0201,1,0,0,0,aQaQrQ,B,qwen-122b,qwen/qwen3.5-122b-a10b,alibaba,0,1.0,Alibaba,B,3.614e-05,7.484419268545734e-05,4.387506664860208e-05,0
comprehension,ally_majority,neutral,0201,1,0,1,0,rQaQaQ,B,qwen-122b,qwen/qwen3.5-122b-a10b,alibaba,0,1.0,Alibaba,B,3.614e-05,0.00012338532265473523,6.100277666298837e-05,0
comprehension,ally_majority,neutral,0202,-1,0,0,0,aQrQrQaQ,B,qwen-122b,qwen/qwen3.5-122b-a10b,alibaba,0,1.0,Alibaba,B,3.796e-05,0.00013981652090037813,5.122797872569862e-05,0
comprehension,ally_majority,neutral,0202,-1,0,1,0,aQaQrQrQ,B,qwen-122b,qwen/qwen3.5-122b-a10b,alibaba,0,1.0,Alibaba,B,3.796e-05,0.00017952458601312604,9.533716163734329e-05,0
comprehension,ally_majority,neutral,0202,1,0,0,0,aQrQaQrQ,B,qwen-122b,qwen/qwen3.5-122b-a10b,alibaba,0,1.0,Alibaba,B,3.796e-05,6.604947427420394e-05,5.372930163793921e-05,0
comprehension,ally_majority,neutral,0202,1,0,1,0,rQaQaQrQ,B,qwen-122b,qwen/qwen3.5-122b-a10b,alibaba,0,1.0,Alibaba,B,3.796e-05,8.480667737618193e-05,7.257641869440334e-05,0
comprehension,ally_majority,neutral,0203,-1,0,0,0,rQaQrQaQrQ,B,qwen-122b,qwen/qwen3.5-122b-a10b,alibaba,0,1.0,Alibaba,B,3.978e-05,9.609905075171028e-05,5.198436697095854e-05,0
comprehension,ally_majority,neutral,0203,-1,0,1,0,rQrQrQaQaQ,B,qwen-122b,qwen/qwen3.5-122b-a10b,alibaba,0,1.0,Alibaba,B,3.978e-05,0.0001584327951669079,0.000136550730460816,0
comprehension,ally_majority,neutral,0203,1,0,0,0,rQrQrQaQaQ,B,qwen-122b,qwen/qwen3.5-122b-a10b,alibaba,0,1.0,Alibaba,B,3.978e-05,9.609938129027757e-05,5.25628690745128e-05,0
comprehension,ally_majority,neutral,0203,1,0,1,0,aQaQrQrQrQ,B,qwen-122b,qwen/qwen3.5-122b-a10b,alibaba,0,1.0,Alibaba,B,3.978e-05,7.484235799844535e-05,8.706939601033081e-05,0
comprehension,ally_majority,neutral,0204,-1,0,0,0,rQrQaQrQaQrQ,B,qwen-122b,qwen/qwen3.5-122b-a10b,alibaba,0,1.0,Alibaba,B,4.16e-05,0.00026117996425562164,6.81996054711087e-05,0
comprehension,ally_majority,neutral,0204,-1,0,1,0,rQrQaQaQrQrQ,B,qwen-122b,qwen/qwen3.5-122b-a10b,alibaba,0,1.0,Alibaba,B,4.16e-05,0.0002611847341188425,7.12031857936779e-05,0
comprehension,ally_majority,neutral,0204,1,0,0,0,rQrQaQrQaQrQ,B,qwen-122b,qwen/qwen3.5-122b-a10b,alibaba,0,1.0,Alibaba,B,4.16e-05,0.00023049616415638373,6.412260499921718e-05,0
comprehension,ally_majority,neutral,0204,1,0,1,0,rQaQaQrQrQrQ,B,qwen-122b,qwen/qwen3.5-122b-a10b,alibaba,0,1.0,Alibaba,B,4.16e-05,8.480807247694234e-05,4.9927388365178516e-05,0
comprehension,ally_majority,neutral,0210,-1,0,0,0,rPaQaQ,B,qwen-122b,qwen/qwen3.5-122b-a10b,alibaba,0,1.0,Alibaba,B,3.614e-05,2.4299647251303802e-05,4.568858318276803e-05,0
comprehension,ally_majority,neutral,0210,-1,0,1,0,aQrPaQ,B,qwen-122b,qwen/qwen3.5-122b-a10b,alibaba,0,1.0,Alibaba,B,3.614e-05,0.0001088931098772093,6.12378941765579e-05,0
comprehension,ally_majority,neutral,0210,1,0,0,0,rPaQaQ,B,qwen-122b,qwen/qwen3.5-122b-a10b,alibaba,0,1.0,Alibaba,B,3.614e-05,2.14438553171344e-05,5.5371794365322025e-05,0
comprehension,ally_majority,neutral,0210,1,0,1,0,rPaQaQ,B,qwen-122b,qwen/qwen3.5-122b-a10b,alibaba,0,1.0,Alibaba,B,3.614e-05,5.8289834761124194e-05,6.0208651738724583e-05,0
comprehension,ally_majority,neutral,0211,-1,0,0,0,aQaQrQrP,B,qwen-122b,qwen/qwen3.5-122b-a10b,alibaba,0,1.0,Alibaba,B,3.796e-05,8.480923239530566e-05,3.308739634033664e-05,0
comprehension,ally_majority,neutral,0211,-1,0,1,0,rQrPaQaQ,B,qwen-122b,qwen/qwen3.5-122b-a10b,alibaba,0,1.0,Alibaba,B,3.796e-05,0.0001233906791846335,6.62675500316956e-05,0
comprehension,ally_majority,neutral,0211,1,0,0,0,aQrPaQrQ,B,qwen-122b,qwen/qwen3.5-122b-a10b,alibaba,0,1.0,Alibaba,B,3.796e-05,6.60494745240756e-05,2.798493007671876e-05,0
comprehension,ally_majority,neutral,0211,1,0,1,0,rQaQaQrP,B,qwen-122b,qwen/qwen3.5-122b-a10b,alibaba,0,1.0,Alibaba,B,3.796e-05,0.00010889304495113651,6.254892474288898e-05,0
comprehension,ally_majority,neutral,0212,-1,0,0,0,aQaQrQrQrP,B,qwen-122b,qwen/qwen3.5-122b-a10b,alibaba,0,1.0,Alibaba,B,3.978e-05,0.00015843067059180606,4.017954649448985e-05,0
comprehension,ally_majority,neutral,0212,-1,0,1,0,aQrPaQrQrQ,B,qwen-122b,qwen/qwen3.5-122b-a10b,alibaba,0,1.0,Alibaba,B,3.978e-05,0.00013981717873230216,6.451523312611673e-05,0
comprehension,ally_majority,neutral,0212,1,0,0,0,aQrQrQrPaQ,B,qwen-122b,qwen/qwen3.5-122b-a10b,alibaba,0,1.0,Alibaba,B,3.978e-05,5.1439214738543645e-05,3.3306860931725524e-05,0
comprehension,ally_majority,neutral,0212,1,0,1,0,aQrPaQrQrQ,B,qwen-122b,qwen/qwen3.5-122b-a10b,alibaba,0,1.0,Alibaba,B,3.978e-05,0.00010888768487079163,5.910094125338716e-05,0
comprehension,ally_majority,neutral,0213,-1,0,0,0,rQrQrQrPaQaQ,B,qwen-122b,qwen/qwen3.5-122b-a10b,alibaba,0,1.0,Alibaba,B,4.16e-05,9.610005627370097e-05,3.9560088848311636e-05,0
comprehension,ally_majority,neutral,0213,-1,0,1,0,aQrQrPaQrQrQ,B,qwen-122b,qwen/qwen3.5-122b-a10b,alibaba,0,1.0,Alibaba,B,4.16e-05,0.00023049750298018222,7.374506489499222e-05,0
comprehension,ally_majority,neutral,0213,1,0,0,0,aQaQrQrPrQrQ,B,qwen-122b,qwen/qwen3.5-122b-a10b,alibaba,0,1.0,Alibaba,B,4.16e-05,4.006188274222426e-05,3.7792500204636426e-05,0
comprehension,ally_majority,neutral,0213,1,0,1,0,aQaQrPrQrQrQ,B,qwen-122b,qwen/qwen3.5-122b-a10b,alibaba,0,1.0,Alibaba,B,4.16e-05,5.14401339293431e-05,5.594351894122607e-05,0
comprehension,ally_majority,neutral,0220,-1,0,0,0,rPaQaQrP,B,qwen-122b,qwen/qwen3.5-122b-a10b,alibaba,0,1.0,Alibaba,B,3.796e-05,1.670090666020111e-05,3.1605483535201984e-05,0
comprehension,ally_majority,neutral,0220,-1,0,1,0,aQrPaQrP,B,qwen-122b,qwen/qwen3.5-122b-a10b,alibaba,0,1.0,Alibaba,B,3.796e-05,5.829017573597907e-05,7.940837990960681e-05,0
comprehension,ally_majority,neutral,0220,1,0,0,0,aQaQrPrP,B,qwen-122b,qwen/qwen3.5-122b-a10b,alibaba,0,1.0,Alibaba,B,3.796e-05,3.53551389720908e-05,3.90549326684253e-05,0
comprehension,ally_majority,neutral,0220,1,0,1,0,aQrPaQrP,B,qwen-122b,qwen/qwen3.5-122b-a10b,alibaba,0,1.0,Alibaba,B,3.796e-05,5.828788104999763e-05,5.2440549966115135e-05,0
comprehension,ally_majority,neutral,0221,-1,0,0,0,aQaQrPrQrP,B,qwen-122b,qwen/qwen3.5-122b-a10b,alibaba,0,1.0,Alibaba,B,3.978e-05,7.484417497481104e-05,3.1241141490889746e-05,0
comprehension,ally_majority,neutral,0221,-1,0,1,0,rPrQrPaQaQ,B,qwen-122b,qwen/qwen3.5-122b-a10b,alibaba,0,1.0,Alibaba,B,3.978e-05,0.00012339154586011008,5.612584095937567e-05,0
comprehension,ally_majority,neutral,0221,1,0,0,0,aQaQrPrPrQ,B,qwen-122b,qwen/qwen3.5-122b-a10b,alibaba,0,1.0,Alibaba,B,3.978e-05,5.144015242513402e-05,4.199864659826247e-05,0
comprehension,ally_majority,neutral,0221,1,0,1,0,rPrQaQrPaQ,B,qwen-122b,qwen/qwen3.5-122b-a10b,alibaba,0,1.0,Alibaba,B,3.978e-05,0.00010889388406016595,4.450646354892118e-05,0
comprehension,ally_majority,neutral,0222,-1,0,0,0,rPaQaQrPrQrQ,B,qwen-122b,qwen/qwen3.5-122b-a10b,alibaba,0,1.0,Alibaba,B,4.16e-05,5.1439865715244087e-05,4.50079095783984e-05,0
comprehension,ally_majority,neutral,0222,-1,0,1,0,rQrQrPrPaQaQ,B,qwen-122b,qwen/qwen3.5-122b-a10b,alibaba,0,1.0,Alibaba,B,4.16e-05,0.00017952081297307446,7.718268679801632e-05,0
comprehension,ally_majority,neutral,0222,1,0,0,0,rPrQaQrPrQaQ,B,qwen-122b,qwen/qwen3.5-122b-a10b,alibaba,0,1.0,Alibaba,B,4.16e-05,6.604722366433912e-05,6.352255867558831e-05,0
comprehension,ally_majority,neutral,0222,1,0,1,0,aQrQrPrPaQrQ,B,qwen-122b,qwen/qwen3.5-122b-a10b,alibaba,0,1.0,Alibaba,B,4.16e-05,7.484185487215283e-05,4.315645406194335e-05,0
comprehension,ally_majority,neutral,0230,-1,0,0,0,aQrPaQrPrP,B,qwen-122b,qwen/qwen3.5-122b-a10b,alibaba,0,1.0,Alibaba,B,3.978e-05,8.480898022429937e-05,2.3438553441890164e-05,0
comprehension,ally_majority,neutral,0230,-1,0,1,0,aQaQrPrPrP,B,qwen-122b,qwen/qwen3.5-122b-a10b,alibaba,0,1.0,Alibaba,B,3.978e-05,0.00010889390955472299,6.667386339054282e-05,0
comprehension,ally_majority,neutral,0230,1,0,0,0,rPrPrPaQaQ,B,qwen-122b,qwen/qwen3.5-122b-a10b,alibaba,0,1.0,Alibaba,B,3.978e-05,3.1200815447153256e-05,5.6695015920205094e-05,0
comprehension,ally_majority,neutral,0230,1,0,1,0,rPrPaQrPaQ,B,qwen-122b,qwen/qwen3.5-122b-a10b,alibaba,0,1.0,Alibaba,B,3.978e-05,0.00012338643718955608,6.62206677686239e-05,0
comprehension,ally_majority,neutral,0231,-1,0,0,0,rPrPrPrQaQaQ,B,qwen-122b,qwen/qwen3.5-122b-a10b,alibaba,0,1.0,Alibaba,B,4.16e-05,6.604952940549777e-05,5.1703082098564224e-05,0
comprehension,ally_majority,neutral,0231,-1,0,1,0,rPaQrPrPaQrQ,B,qwen-122b,qwen/qwen3.5-122b-a10b,alibaba,0,1.0,Alibaba,B,4.16e-05,0.00013981643750502027,5.34924200932263e-05,0
comprehension,ally_majority,neutral,0231,1,0,0,0,rPaQaQrPrQrP,B,qwen-122b,qwen/qwen3.5-122b-a10b,alibaba,0,1.0,Alibaba,B,4.16e-05,4.0061342175623124e-05,5.2908663119577426e-05,0
comprehension,ally_majority,neutral,0231,1,0,1,0,aQrPrPrQaQrP,B,qwen-122b,qwen/qwen3.5-122b-a10b,alibaba,0,1.0,Alibaba,B,4.16e-05,4.539485878119517e-05,5.232857887071951e-05,0
comprehension,ally_majority,neutral,0240,-1,0,0,0,rPaQaQrPrPrP,B,qwen-122b,qwen/qwen3.5-122b-a10b,alibaba,0,1.0,Alibaba,B,4.16e-05,3.120106328062895e-05,3.316796211527695e-05,0
comprehension,ally_majority,neutral,0240,-1,0,1,0,rPaQrPaQrPrP,B,qwen-122b,qwen/qwen3.5-122b-a10b,alibaba,0,1.0,Alibaba,B,4.16e-05,0.00023050102669291807,7.854158791009702e-05,0
comprehension,ally_majority,neutral,0240,1,0,0,0,rPrPrPaQaQrP,B,qwen-122b,qwen/qwen3.5-122b-a10b,alibaba,0,1.0,Alibaba,B,4.16e-05,5.1439877911663254e-05,5.382764304973087e-05,0
comprehension,ally_majority,neutral,0240,1,0,1,0,rPaQrPrPrPaQ,B,qwen-122b,qwen/qwen3.5-122b-a10b,alibaba,0,1.0,Alibaba,B,4.16e-05,8.480609649964778e-05,6.858827991240712e-05,0
comprehension,ally_majority,neutral,0300,-1,0,0,0,aQaQaQ,B,qwen-122b,qwen/qwen3.5-122b-a10b,alibaba,0,1.0,Alibaba,B,3.614e-05,6.604980086098284e-05,6.534889579123959e-05,0
comprehension,ally_majority,neutral,0300,-1,0,1,0,aQaQaQ,B,qwen-122b,qwen/qwen3.5-122b-a10b,alibaba,0,1.0,Alibaba,B,3.614e-05,5.828943880822563e-05,0.00011444621874734384,0
comprehension,ally_majority,neutral,0300,1,0,0,0,aQaQaQ,B,qwen-122b,qwen/qwen3.5-122b-a10b,alibaba,0,1.0,Alibaba,B,3.614e-05,2.4299491069307243e-05,6.214852261821058e-05,0
comprehension,ally_majority,neutral,0300,1,0,1,0,aQaQaQ,B,qwen-122b,qwen/qwen3.5-122b-a10b,alibaba,0,1.0,Alibaba,B,3.614e-05,3.535527687010848e-05,7.728534346207461e-05,0
comprehension,ally_majority,neutral,0301,-1,0,0,0,aQaQrQaQ,B,qwen-122b,qwen/qwen3.5-122b-a10b,alibaba,0,1.0,Alibaba,B,3.796e-05,0.00013981776025012415,4.578720381032131e-05,0
comprehension,ally_majority,neutral,0301,-1,0,1,0,aQrQaQaQ,B,qwen-122b,qwen/qwen3.5-122b-a10b,alibaba,0,1.0,Alibaba,B,3.796e-05,0.0001233896138236005,0.0001043602562548207,0
comprehension,ally_majority,neutral,0301,1,0,0,0,aQaQaQrQ,B,qwen-122b,qwen/qwen3.5-122b-a10b,alibaba,0,1.0,Alibaba,B,3.796e-05,5.8289862691844275e-05,4.256891580167732e-05,0
comprehension,ally_majority,neutral,0301,1,0,1,0,rQaQaQaQ,B,qwen-122b,qwen/qwen3.5-122b-a10b,alibaba,0,1.0,Alibaba,B,3.796e-05,6.604951337238333e-05,7.720790076715112e-05,0
comprehension,ally_majority,neutral,0302,-1,0,0,0,aQrQaQaQrQ,B,qwen-122b,qwen/qwen3.5-122b-a10b,alibaba,0,1.0,Alibaba,B,3.978e-05,0.00012339018140585984,5.937278374457122e-05,0
comprehension,ally_majority,neutral,0302,-1,0,1,0,aQrQrQaQaQ,B,qwen-122b,qwen/qwen3.5-122b-a10b,alibaba,0,1.0,Alibaba,B,3.978e-05,0.0001088935096816197,9.160997779655844e-05,0
comprehension,ally_majority,neutral,0302,1,0,0,0,aQaQrQrQaQ,B,qwen-122b,qwen/qwen3.5-122b-a10b,alibaba,0,1.0,Alibaba,B,3.978e-05,8.480926269508532e-05,3.53519372404687e-05,0
comprehension,ally_majority,neutral,0302,1,0,1,0,aQaQaQrQrQ,B,qwen-122b,qwen/qwen3.5-122b-a10b,alibaba,0,1.0,Alibaba,B,3.978e-05,5.828984851317055e-05,7.665591478356326e-05,0
comprehension,ally_majority,neutral,0303,-1,0,0,0,rQaQaQrQaQrQ,B,qwen-122b,qwen/qwen3.5-122b-a10b,alibaba,0,1.0,Alibaba,B,4.16e-05,0.00010889431423380295,4.7503036565532675e-05,0
comprehension,ally_majority,neutral,0303,-1,0,1,0,rQrQaQrQaQaQ,B,qwen-122b,qwen/qwen3.5-122b-a10b,alibaba,0,1.0,Alibaba,B,4.16e-05,0.00023050182142273518,8.961788147110461e-05,0
comprehension,ally_majority,neutral,0303,1,0,0,0,rQaQaQrQaQrQ,B,qwen-122b,qwen/qwen3.5-122b-a10b,alibaba,0,1.0,Alibaba,B,4.16e-05,8.480719023629054e-05,6.241202556667158e-05,0
comprehension,ally_majority,neutral,0303,1,0,1,0,rQaQrQrQaQaQ,B,qwen-122b,qwen/qwen3.5-122b-a10b,alibaba,0,1.0,Alibaba,B,4.16e-05,0.0001233853072237398,8.281065422577338e-05,0
comprehension,ally_majority,neutral,0310,-1,0,0,0,aQaQrPaQ,B,qwen-122b,qwen/qwen3.5-122b-a10b,alibaba,0,1.0,Alibaba,B,3.796e-05,7.484442600005608e-05,3.8409555184304445e-05,0
comprehension,ally_majority,neutral,0310,-1,0,1,0,aQrPaQaQ,B,qwen-122b,qwen/qwen3.5-122b-a10b,alibaba,0,1.0,Alibaba,B,3.796e-05,0.0001398186750780825,5.4237110943100575e-05,0
comprehension,ally_majority,neutral,0310,1,0,0,0,rPaQaQaQ,B,qwen-122b,qwen/qwen3.5-122b-a10b,alibaba,0,1.0,Alibaba,B,3.796e-05,2.7534450717730222e-05,5.234600484160801e-05,0
comprehension,ally_majority,neutral,0310,1,0,1,0,aQaQaQrP,B,qwen-122b,qwen/qwen3.5-122b-a10b,alibaba,0,1.0,Alibaba,B,3.796e-05,7.484358888849232e-05,8.730321294825316e-05,0
comprehension,ally_majority,neutral,0311,-1,0,0,0,rQaQaQrPaQ,B,qwen-122b,qwen/qwen3.5-122b-a10b,alibaba,0,1.0,Alibaba,B,3.978e-05,5.143990245570242e-05,5.144388577349446e-05,0
comprehension,ally_majority,neutral,0311,-1,0,1,0,aQaQrPaQrQ,B,qwen-122b,qwen/qwen3.5-122b-a10b,alibaba,0,1.0,Alibaba,B,3.978e-05,0.00013981646976385877,8.423860348139023e-05,0
comprehension,ally_majority,neutral,0311,1,0,0,0,aQrPaQrQaQ,B,qwen-122b,qwen/qwen3.5-122b-a10b,alibaba,0,1.0,Alibaba,B,3.978e-05,3.119927224578994e-05,4.442742189836313e-05,0
comprehension,ally_majority,neutral,0311,1,0,1,0,rPrQaQaQaQ,B,qwen-122b,qwen/qwen3.5-122b-a10b,alibaba,0,1.0,Alibaba,B,3.978e-05,5.8289460131495e-05,6.903983463002472e-05,0
comprehension,ally_majority,neutral,0312,-1,0,0,0,rQrPrQaQaQaQ,B,qwen-122b,qwen/qwen3.5-122b-a10b,alibaba,0,1.0,Alibaba,B,4.16e-05,0.000108894834742895,4.56073405655788e-05,0
comprehension,ally_majority,neutral,0312,-1,0,1,0,aQrQrQaQaQrP,B,qwen-122b,qwen/qwen3.5-122b-a10b,alibaba,0,1.0,Alibaba,B,4.16e-05,0.0002304915085760767,0.00010877031306222307,0
comprehension,ally_majority,neutral,0312,1,0,0,0,rQaQrQrPaQaQ,B,qwen-122b,qwen/qwen3.5-122b-a10b,alibaba,0,1.0,Alibaba,B,4.16e-05,0.0001233853072237398,8.281065422577338e-05,0
comprehension,ally_majority,neutral,0312,1,0,1,0,rQrPaQaQrQaQ,B,qwen-122b,qwen/qwen3.5-122b-a10b,alibaba,0,1.0,Alibaba,B,4.16e-05,0.0001398157915479975,5.4594359419679606e-05,0
comprehension,ally_majority,neutral,0320,-1,0,0,0,rPrPaQaQaQ,B,qwen-122b,qwen/qwen3.5-122b-a10b,alibaba,0,1.0,Alibaba,B,3.978e-05,2.7534437523935838e-05,6.998556367832087e-05,0
comprehension,ally_majority,neutral,0320,-1,0,1,0,aQaQaQrPrP,B,qwen-122b,qwen/qwen3.5-122b-a10b,alibaba,0,1.0,Alibaba,B,3.978e-05,0.00010889304393713728,0.0001035442036603218,0
comprehension,ally_majority,neutral,0320,1,0,0,0,rPrPaQaQaQ,B,qwen-122b,qwen/qwen3.5-122b-a10b,alibaba,0,1.0,Alibaba,B,3.978e-05,2.7534095546818458e-05,7.759210754476609e-05,0
comprehension,ally_majority,neutral,0320,1,0,1,0,aQrPaQrPaQ,B,qwen-122b,qwen/qwen3.5-122b-a10b,alibaba,0,1.0,Alibaba,B,3.978e-05,5.8288273194397736e-05,7.156482516290641e-05,0
comprehension,ally_majority,neutral,0321,-1,0,0,0,aQaQrPaQrQrP,B,qwen-122b,qwen/qwen3.5-122b-a10b,alibaba,0,1.0,Alibaba,B,4.16e-05,6.60491692525996e-05,4.3389669486249005e-05,0
comprehension,ally_majority,neutral,0321,-1,0,1,0,aQrPaQaQrQrP,B,qwen-122b,qwen/qwen3.5-122b-a10b,alibaba,0,1.0,Alibaba,B,4.16e-05,8.480836401250412e-05,6.194737102171999e-05,0
comprehension,ally_majority,neutral,0321,1,0,0,0,aQrPrQrPaQaQ,B,qwen-122b,qwen/qwen3.5-122b-a10b,alibaba,0,1.0,Alibaba,B,4.16e-05,5.828784631771035e-05,5.184470592500823e-05,0
comprehension,ally_majority,neutral,0321,1,0,1,0,rQaQrPaQaQrP,B,qwen-122b,qwen/qwen3.5-122b-a10b,alibaba,0,1.0,Alibaba,B,4.16e-05,0.00043053993019795053,6.929193755567109e-05,0
comprehension,ally_majority,neutral,0330,-1,0,0,0,rPaQrPaQaQrP,B,qwen-122b,qwen/qwen3.5-122b-a10b,alibaba,0,1.0,Alibaba,B,4.16e-05,1.8924472296575608e-05,3.309452735111851e-05,0
comprehension,ally_majority,neutral,0330,-1,0,1,0,rPrPaQaQrPaQ,B,qwen-122b,qwen/qwen3.5-122b-a10b,alibaba,0,1.0,Alibaba,B,4.16e-05,0.00017951878962614115,0.00010691706067400553,0
comprehension,ally_majority,neutral,0330,1,0,0,0,rPaQaQrPrPaQ,B,qwen-122b,qwen/qwen3.5-122b-a10b,alibaba,0,1.0,Alibaba,B,4.16e-05,4.5395801985088936e-05,4.735717336923351e-05,0
comprehension,ally_majority,neutral,0330,1,0,1,0,rPrPaQaQrPaQ,B,qwen-122b,qwen/qwen3.5-122b-a10b,alibaba,0,1.0,Alibaba,B,4.16e-05,9.609679967998197e-05,9.436002454954462e-05,0
comprehension,ally_majority,neutral,0400,-1,0,0,0,aQaQaQaQ,B,qwen-122b,qwen/qwen3.5-122b-a10b,alibaba,0,1.0,Alibaba,B,3.796e-05,8.48092421562906e-05,5.990412369538678e-05,0
comprehension,ally_majority,neutral,0400,-1,0,1,0,aQaQaQaQ,B,qwen-122b,qwen/qwen3.5-122b-a10b,alibaba,0,1.0,Alibaba,B,3.796e-05,4.539744621711014e-05,8.262046475449036e-05,0
comprehension,ally_majority,neutral,0400,1,0,0,0,aQaQaQaQ,B,qwen-122b,qwen/qwen3.5-122b-a10b,alibaba,0,1.0,Alibaba,B,3.796e-05,3.1200095935901875e-05,7.750171704445918e-05,0
comprehension,ally_majority,neutral,0400,1,0,1,0,aQaQaQaQ,B,qwen-122b,qwen/qwen3.5-122b-a10b,alibaba,0,1.0,Alibaba,B,3.796e-05,4.006243696843681e-05,8.214157576225123e-05,0
comprehension,ally_majority,neutral,0401,-1,0,0,0,rQaQaQaQaQ,B,qwen-122b,qwen/qwen3.5-122b-a10b,alibaba,0,1.0,Alibaba,B,3.978e-05,6.604949777462593e-05,6.457487776678761e-05,0
comprehension,ally_majority,neutral,0401,-1,0,1,0,aQaQaQrQaQ,B,qwen-122b,qwen/qwen3.5-122b-a10b,alibaba,0,1.0,Alibaba,B,3.978e-05,0.0001795229986464217,6.742385054780975e-05,0
comprehension,ally_majority,neutral,0401,1,0,0,0,aQrQaQaQaQ,B,qwen-122b,qwen/qwen3.5-122b-a10b,alibaba,0,1.0,Alibaba,B,3.978e-05,8.480767299233657e-05,6.333597492724774e-05,0
comprehension,ally_majority,neutral,0401,1,0,1,0,aQrQaQaQaQ,B,qwen-122b,qwen/qwen3.5-122b-a10b,alibaba,0,1.0,Alibaba,B,3.978e-05,8.480761162876358e-05,0.00010361704589179066,0
comprehension,ally_majority,neutral,0402,-1,0,0,0,aQaQaQrQrQaQ,B,qwen-122b,qwen/qwen3.5-122b-a10b,alibaba,0,1.0,Alibaba,B,4.16e-05,0.0001088925457088955,4.1752832709240906e-05,0
comprehension,ally_majority,neutral,0402,-1,0,1,0,aQrQaQrQaQaQ,B,qwen-122b,qwen/qwen3.5-122b-a10b,alibaba,0,1.0,Alibaba,B,4.16e-05,0.00012339078121836533,9.760947553150157e-05,0
comprehension,ally_majority,neutral,0402,1,0,0,0,rQaQaQaQaQrQ,B,qwen-122b,qwen/qwen3.5-122b-a10b,alibaba,0,1.0,Alibaba,B,4.16e-05,4.006242756847163e-05,5.520591189323021e-05,0
comprehension,ally_majority,neutral,0402,1,0,1,0,rQaQaQrQaQaQ,B,qwen-122b,qwen/qwen3.5-122b-a10b,alibaba,0,1.0,Alibaba,B,4.16e-05,8.480761208286036e-05,7.882912953915966e-05,0
comprehension,ally_majority,neutral,0410,-1,0,0,0,aQaQaQrPaQ,B,qwen-122b,qwen/qwen3.5-122b-a10b,alibaba,0,1.0,Alibaba,B,3.978e-05,9.61003994374652e-05,3.8362658308588315e-05,0
comprehension,ally_majority,neutral,0410,-1,0,1,0,rPaQaQaQaQ,B,qwen-122b,qwen/qwen3.5-122b-a10b,alibaba,0,1.0,Alibaba,B,3.978e-05,0.00013981970370128928,7.399042048772397e-05,0
comprehension,ally_majority,neutral,0410,1,0,0,0,aQaQaQaQrP,B,qwen-122b,qwen/qwen3.5-122b-a10b,alibaba,0,1.0,Alibaba,B,3.978e-05,2.7534825242744987e-05,5.068926005979968e-05,0
comprehension,ally_majority,neutral,0410,1,0,1,0,aQaQaQaQrP,B,qwen-122b,qwen/qwen3.5-122b-a10b,alibaba,0,1.0,Alibaba,B,3.978e-05,5.143986538142376e-05,8.505313700490902e-05,0
comprehension,ally_majority,neutral,0411,-1,0,0,0,rQaQaQaQrPaQ,B,qwen-122b,qwen/qwen3.5-122b-a10b,alibaba,0,1.0,Alibaba,B,4.16e-05,6.604916135193288e-05,4.613095176642101e-05,0
comprehension,ally_majority,neutral,0411,-1,0,1,0,aQrPaQrQaQaQ,B,qwen-122b,qwen/qwen3.5-122b-a10b,alibaba,0,1.0,Alibaba,B,4.16e-05,0.00020342057450383887,6.35714944178245e-05,0
comprehension,ally_majority,neutral,0411,1,0,0,0,aQrQaQaQaQrP,B,qwen-122b,qwen/qwen3.5-122b-a10b,alibaba,0,1.0,Alibaba,B,4.16e-05,0.00017951610537563815,5.0960894154794545e-05,0
comprehension,ally_majority,neutral,0411,1,0,1,0,aQaQrPaQaQrQ,B,qwen-122b,qwen/qwen3.5-122b-a10b,alibaba,0,1.0,Alibaba,B,4.16e-05,6.605073571279892e-05,4.99395217599119e-05,0
comprehension,ally_majority,neutral,0420,-1,0,0,0,rPaQaQrPaQaQ,B,qwen-122b,qwen/qwen3.5-122b-a10b,alibaba,0,1.0,Alibaba,B,4.16e-05,4.539579648744917e-05,6.0586795137096416e-05,0
comprehension,ally_majority,neutral,0420,-1,0,1,0,rPaQaQrPaQaQ,B,qwen-122b,qwen/qwen3.5-122b-a10b,alibaba,0,1.0,Alibaba,B,4.16e-05,0.00013981869135041387,6.675050169446806e-05,0
comprehension,ally_majority,neutral,0420,1,0,0,0,aQaQaQaQrPrP,B,qwen-122b,qwen/qwen3.5-122b-a10b,alibaba,0,1.0,Alibaba,B,4.16e-05,3.1200668615668615e-05,3.959204783954284e-05,0
comprehension,ally_majority,neutral,0420,1,0,1,0,aQaQrPaQaQrP,B,qwen-122b,qwen/qwen3.5-122b-a10b,alibaba,0,1.0,Alibaba,B,4.16e-05,8.480718008214653e-05,6.515314155008944e-05,0
comprehension,ally_majority,neutral,0500,-1,0,0,0,aQaQaQaQaQ,B,qwen-122b,qwen/qwen3.5-122b-a10b,alibaba,0,1.0,Alibaba,B,3.978e-05,0.0001398194264420811,6.247148470539532e-05,0
comprehension,ally_majority,neutral,0500,-1,0,1,0,aQaQaQaQaQ,B,qwen-122b,qwen/qwen3.5-122b-a10b,alibaba,0,1.0,Alibaba,B,3.978e-05,0.00012339233415664224,0.00011972926466741196,0
comprehension,ally_majority,neutral,0500,1,0,0,0,aQaQaQaQaQ,B,qwen-122b,qwen/qwen3.5-122b-a10b,alibaba,0,1.0,Alibaba,B,3.978e-05,5.828891573835332e-05,6.732982396329135e-05,0
comprehension,ally_majority,neutral,0500,1,0,1,0,aQaQaQaQaQ,B,qwen-122b,qwen/qwen3.5-122b-a10b,alibaba,0,1.0,Alibaba,B,3.978e-05,7.484323631484149e-05,9.975736828760073e-05,0
comprehension,ally_majority,neutral,0501,-1,0,0,0,aQaQaQrQaQaQ,B,qwen-122b,qwen/qwen3.5-122b-a10b,alibaba,0,1.0,Alibaba,B,4.16e-05,0.00020342144208476782,5.543916470640564e-05,0
comprehension,ally_majority,neutral,0501,-1,0,1,0,aQaQaQaQaQrQ,B,qwen-122b,qwen/qwen3.5-122b-a10b,alibaba,0,1.0,Alibaba,B,4.16e-05,0.00013981818796163987,9.461920218289954e-05,0
comprehension,ally_majority,neutral,0501,1,0,0,0,aQaQaQaQaQrQ,B,qwen-122b,qwen/qwen3.5-122b-a10b,alibaba,0,1.0,Alibaba,B,4.16e-05,9.610006775490897e-05,3.777228073598149e-05,0
comprehension,ally_majority,neutral,0501,1,0,1,0,aQaQrQaQaQaQ,B,qwen-122b,qwen/qwen3.5-122b-a10b,alibaba,0,1.0,Alibaba,B,4.16e-05,9.609939239519601e-05,7.175071927134624e-05,0
comprehension,ally_majority,neutral,0510,-1,0,0,0,aQaQaQaQaQrP,B,qwen-122b,qwen/qwen3.5-122b-a10b,alibaba,0,1.0,Alibaba,B,4.16e-05,6.605006767072329e-05,3.982584985207094e-05,0
comprehension,ally_majority,neutral,0510,-1,0,1,0,aQaQaQaQaQrP,B,qwen-122b,qwen/qwen3.5-122b-a10b,alibaba,0,1.0,Alibaba,B,4.16e-05,0.0001795208131715711,7.336938230717571e-05,0
comprehension,ally_majority,neutral,0510,1,0,0,0,aQaQaQrPaQaQ,B,qwen-122b,qwen/qwen3.5-122b-a10b,alibaba,0,1.0,Alibaba,B,4.16e-05,6.604983259209868e-05,4.198870352745132e-05,0
comprehension,ally_majority,neutral,0510,1,0,1,0,rPaQaQaQaQaQ,B,qwen-122b,qwen/qwen3.5-122b-a10b,alibaba,0,1.0,Alibaba,B,4.16e-05,0.00010889310998177822,5.6470763465044094e-05,0
comprehension,ally_majority,neutral,0600,-1,0,0,0,aQaQaQaQaQaQ,B,qwen-122b,qwen/qwen3.5-122b-a10b,alibaba,0,1.0,Alibaba,B,4.16e-05,0.00013981769318845329,5.8658335640227044e-05,0
comprehension,ally_majority,neutral,0600,-1,0,1,0,aQaQaQaQaQaQ,B,qwen-122b,qwen/qwen3.5-122b-a10b,alibaba,0,1.0,Alibaba,B,4.16e-05,0.00015843325317567623,9.176299485103012e-05,0
comprehension,ally_majority,neutral,0600,1,0,0,0,aQaQaQaQaQaQ,B,qwen-122b,qwen/qwen3.5-122b-a10b,alibaba,0,1.0,Alibaba,B,4.16e-05,6.605053920200731e-05,5.2686273108837334e-05,0
comprehension,ally_majority,neutral,0600,1,0,1,0,aQaQaQaQaQaQ,B,qwen-122b,qwen/qwen3.5-122b-a10b,alibaba,0,1.0,Alibaba,B,4.16e-05,6.604831634938423e-05,0.0001286975439843685,0
comprehension,ally_majority,neutral,1000,-1,0,0,0,aP,A,qwen-122b,qwen/qwen3.5-122b-a10b,alibaba,0,1.0,Alibaba,A,3.25e-05,0.9991959671137223,0.0001986628813246664,0
comprehension,ally_majority,neutral,1000,-1,0,1,0,aP,A,qwen-122b,qwen/qwen3.5-122b-a10b,alibaba,0,1.0,Alibaba,A,3.25e-05,0.9991960263282735,0.00017127151395540088,0
comprehension,ally_majority,neutral,1000,1,0,0,0,aP,A,qwen-122b,qwen/qwen3.5-122b-a10b,alibaba,0,1.0,Alibaba,A,3.25e-05,0.9999646442136501,8.406558940063771e-05,0
comprehension,ally_majority,neutral,1000,1,0,1,0,aP,A,qwen-122b,qwen/qwen3.5-122b-a10b,alibaba,0,1.0,Alibaba,A,3.25e-05,0.9997388202236384,7.987710239949525e-05,0
comprehension,ally_majority,neutral,1001,-1,0,0,0,aPrQ,A,qwen-122b,qwen/qwen3.5-122b-a10b,alibaba,0,1.0,Alibaba,A,3.432e-05,0.998675187221479,0.00012804947584272165,0
comprehension,ally_majority,neutral,1001,-1,0,1,0,rQaP,A,qwen-122b,qwen/qwen3.5-122b-a10b,alibaba,0,1.0,Alibaba,A,3.432e-05,0.9996646966405119,0.00010875757509893328,0
comprehension,ally_majority,neutral,1001,1,0,0,0,aPrQ,A,qwen-122b,qwen/qwen3.5-122b-a10b,alibaba,0,1.0,Alibaba,A,3.432e-05,0.9997694996396409,0.00011379435965318098,0
comprehension,ally_majority,neutral,1001,1,0,1,0,aPrQ,A,qwen-122b,qwen/qwen3.5-122b-a10b,alibaba,0,1.0,Alibaba,A,3.432e-05,0.9992903897738513,9.601127467322493e-05,0
comprehension,ally_majority,neutral,1002,-1,0,0,0,rQrQaP,A,qwen-122b,qwen/qwen3.5-122b-a10b,alibaba,0,1.0,Alibaba,A,3.614e-05,0.9991959503505435,0.0001308310015788335,0
comprehension,ally_majority,neutral,1002,-1,0,1,0,aPrQrQ,A,qwen-122b,qwen/qwen3.5-122b-a10b,alibaba,0,1.0,Alibaba,A,3.614e-05,0.9986752469982696,0.00012202892319646626,0
comprehension,ally_majority,neutral,1002,1,0,0,0,aPrQrQ,A,qwen-122b,qwen/qwen3.5-122b-a10b,alibaba,0,1.0,Alibaba,A,3.614e-05,0.9999038996127472,8.11486551980721e-05,0
comprehension,ally_majority,neutral,1002,1,0,1,0,rQrQaP,A,qwen-122b,qwen/qwen3.5-122b-a10b,alibaba,0,1.0,Alibaba,A,3.614e-05,0.9997040509515389,7.824179212507473e-05,0
comprehension,ally_majority,neutral,1003,-1,0,0,0,rQrQrQaP,A,qwen-122b,qwen/qwen3.5-122b-a10b,alibaba,0,1.0,Alibaba,A,3.796e-05,0.9994472579408958,0.00012189302280275912,0
comprehension,ally_majority,neutral,1003,-1,0,1,0,rQaPrQrQ,A,qwen-122b,qwen/qwen3.5-122b-a10b,alibaba,0,1.0,Alibaba,A,3.796e-05,0.9996647099994576,0.00010896970826653645,0
comprehension,ally_majority,neutral,1003,1,0,0,0,rQaPrQrQ,A,qwen-122b,qwen/qwen3.5-122b-a10b,alibaba,0,1.0,Alibaba,A,3.796e-05,0.999876607761954,7.699289598426485e-05,0
comprehension,ally_majority,neutral,1003,1,0,1,0,rQrQrQaP,A,qwen-122b,qwen/qwen3.5-122b-a10b,alibaba,0,1.0,Alibaba,A,3.796e-05,0.9997695104344541,8.699102672553777e-05,0
comprehension,ally_majority,neutral,1004,-1,0,0,0,aPrQrQrQrQ,A,qwen-122b,qwen/qwen3.5-122b-a10b,alibaba,0,1.0,Alibaba,A,3.978e-05,0.9980734502301973,0.00012406061929655116,0
comprehension,ally_majority,neutral,1004,-1,0,1,0,rQaPrQrQrQ,A,qwen-122b,qwen/qwen3.5-122b-a10b,alibaba,0,1.0,Alibaba,A,3.978e-05,0.9988306994589932,0.00012054455036446103,0
comprehension,ally_majority,neutral,1004,1,0,0,0,rQrQaPrQrQ,A,qwen-122b,qwen/qwen3.5-122b-a10b,alibaba,0,1.0,Alibaba,A,3.978e-05,0.9998204839625537,0.00011447341694976023,0
comprehension,ally_majority,neutral,1004,1,0,1,0,rQrQrQrQaP,A,qwen-122b,qwen/qwen3.5-122b-a10b,alibaba,0,1.0,Alibaba,A,3.978e-05,0.9996646865047393,9.60717373571625e-05,0
comprehension,ally_majority,neutral,1005,-1,0,0,0,aPrQrQrQrQrQ,A,qwen-122b,qwen/qwen3.5-122b-a10b,alibaba,0,1.0,Alibaba,A,4.16e-05,0.9933080784669236,0.00022678467176942465,0
comprehension,ally_majority,neutral,1005,-1,0,1,0,rQrQrQrQaPrQ,A,qwen-122b,qwen/qwen3.5-122b-a10b,alibaba,0,1.0,Alibaba,A,4.16e-05,0.9992903977619951,0.0001824936974350427,0
comprehension,ally_majority,neutral,1005,1,0,0,0,rQrQrQrQrQaP,A,qwen-122b,qwen/qwen3.5-122b-a10b,alibaba,0,1.0,Alibaba,A,4.16e-05,0.9999038993291096,8.21926881676292e-05,0
comprehension,ally_majority,neutral,1005,1,0,1,0,rQrQrQrQaPrQ,A,qwen-122b,qwen/qwen3.5-122b-a10b,alibaba,0,1.0,Alibaba,A,4.16e-05,0.9991959911619691,0.00016923515394787984,0
comprehension,ally_majority,neutral,1010,-1,0,0,0,rPaP,A,qwen-122b,qwen/qwen3.5-122b-a10b,alibaba,0,1.0,Alibaba,A,3.432e-05,0.9924233205965252,0.00018134905130276838,0
comprehension,ally_majority,neutral,1010,-1,0,1,0,rPaP,A,qwen-122b,qwen/qwen3.5-122b-a10b,alibaba,0,1.0,Alibaba,A,3.432e-05,0.9859380858788233,0.00023154125501757827,0
comprehension,ally_majority,neutral,1010,1,0,0,0,aPrP,A,qwen-122b,qwen/qwen3.5-122b-a10b,alibaba,0,1.0,Alibaba,A,3.432e-05,0.9995121562957967,0.0001496949471107115,0
comprehension,ally_majority,neutral,1010,1,0,1,0,aPrP,A,qwen-122b,qwen/qwen3.5-122b-a10b,alibaba,0,1.0,Alibaba,A,3.432e-05,0.9994472814956327,0.0001169485030238852,0
comprehension,ally_majority,neutral,1011,-1,0,0,0,rQaPrP,A,qwen-122b,qwen/qwen3.5-122b-a10b,alibaba,0,1.0,Alibaba,A,3.614e-05,0.9947804386465526,0.0001369370459119246,0
comprehension,ally_majority,neutral,1011,-1,0,1,0,aPrPrQ,A,qwen-122b,qwen/qwen3.5-122b-a10b,alibaba,0,1.0,Alibaba,A,3.614e-05,0.9940902865741295,0.00020829276300684055,0
comprehension,ally_majority,neutral,1011,1,0,0,0,rPrQaP,A,qwen-122b,qwen/qwen3.5-122b-a10b,alibaba,0,1.0,Alibaba,A,3.614e-05,0.9984988538130295,0.0001654665246359631,0
comprehension,ally_majority,neutral,1011,1,0,1,0,rPrQaP,A,qwen-122b,qwen/qwen3.5-122b-a10b,alibaba,0,1.0,Alibaba,A,3.614e-05,0.999447281615228,8.8124852611224e-05,0
comprehension,ally_majority,neutral,1012,-1,0,0,0,aPrQrQrP,A,qwen-122b,qwen/qwen3.5-122b-a10b,alibaba,0,1.0,Alibaba,A,3.796e-05,0.9971992815884405,0.0001094901592337931,0
comprehension,ally_majority,neutral,1012,-1,0,1,0,rQaPrQrP,A,qwen-122b,qwen/qwen3.5-122b-a10b,alibaba,0,1.0,Alibaba,A,3.796e-05,0.9953908158930104,0.00010161561790372232,0
comprehension,ally_majority,neutral,1012,1,0,0,0,rQrQrPaP,A,qwen-122b,qwen/qwen3.5-122b-a10b,alibaba,0,1.0,Alibaba,A,3.796e-05,0.9998601817611283,6.828258192660998e-05,0
comprehension,ally_majority,neutral,1012,1,0,1,0,aPrQrQrP,A,qwen-122b,qwen/qwen3.5-122b-a10b,alibaba,0,1.0,Alibaba,A,3.796e-05,0.9988305670925041,9.450591978648433e-05,0
comprehension,ally_majority,neutral,1013,-1,0,0,0,rPrQrQrQaP,A,qwen-122b,qwen/qwen3.5-122b-a10b,alibaba,0,1.0,Alibaba,A,3.978e-05,0.9995694581062239,0.00011962427361992493,0
comprehension,ally_majority,neutral,1013,-1,0,1,0,rPrQrQrQaP,A,qwen-122b,qwen/qwen3.5-122b-a10b,alibaba,0,1.0,Alibaba,A,3.978e-05,0.9971994179383501,0.00014949159988532227,0
comprehension,ally_majority,neutral,1013,1,0,0,0,aPrQrQrPrQ,A,qwen-122b,qwen/qwen3.5-122b-a10b,alibaba,0,1.0,Alibaba,A,3.978e-05,0.9992903546473423,0.00019127386230450888,0
comprehension,ally_majority,neutral,1013,1,0,1,0,rPrQaPrQrQ,A,qwen-122b,qwen/qwen3.5-122b-a10b,alibaba,0,1.0,Alibaba,A,3.978e-05,0.9959302059680607,0.0001953853244769958,0
comprehension,ally_majority,neutral,1014,-1,0,0,0,rQrPaPrQrQrQ,A,qwen-122b,qwen/qwen3.5-122b-a10b,alibaba,0,1.0,Alibaba,A,4.16e-05,0.9924233593652158,0.0003225856050600431,0
comprehension,ally_majority,neutral,1014,-1,0,1,0,rPrQrQaPrQrQ,A,qwen-122b,qwen/qwen3.5-122b-a10b,alibaba,0,1.0,Alibaba,A,4.16e-05,0.9940893180053038,0.00015999007588232955,0
comprehension,ally_majority,neutral,1014,1,0,0,0,aPrQrQrQrQrP,A,qwen-122b,qwen/qwen3.5-122b-a10b,alibaba,0,1.0,Alibaba,A,4.16e-05,0.9995694679033412,0.00020271315325343976,0
comprehension,ally_majority,neutral,1014,1,0,1,0,rPrQaPrQrQrQ,A,qwen-122b,qwen/qwen3.5-122b-a10b,alibaba,0,1.0,Alibaba,A,4.16e-05,0.9964067873765163,0.00022766936415167518,0
comprehension,ally_majority,neutral,1020,-1,0,0,0,aPrPrP,A,qwen-122b,qwen/qwen3.5-122b-a10b,alibaba,0,1.0,Alibaba,A,3.614e-05,0.9875691603284926,0.00017912369669882168,0
comprehension,ally_majority,neutral,1020,-1,0,1,0,rPaPrP,A,qwen-122b,qwen/qwen3.5-122b-a10b,alibaba,0,1.0,Alibaba,A,3.614e-05,0.9978177858275129,0.00016395656874153113,0
comprehension,ally_majority,neutral,1020,1,0,0,0,aPrPrP,A,qwen-122b,qwen/qwen3.5-122b-a10b,alibaba,0,1.0,Alibaba,A,3.614e-05,0.999876610357427,0.000123664537685442,0
comprehension,ally_majority,neutral,1020,1,0,1,0,rPrPaP,A,qwen-122b,qwen/qwen3.5-122b-a10b,alibaba,0,1.0,Alibaba,A,3.614e-05,0.9995121546993753,9.241596109107851e-05,0
comprehension,ally_majority,neutral,1021,-1,0,0,0,rQrPaPrP,A,qwen-122b,qwen/qwen3.5-122b-a10b,alibaba,0,1.0,Alibaba,A,3.796e-05,0.9964067414239965,0.00010744056411939951,0
comprehension,ally_majority,neutral,1021,-1,0,1,0,aPrPrPrQ,A,qwen-122b,qwen/qwen3.5-122b-a10b,alibaba,0,1.0,Alibaba,A,3.796e-05,0.9975276140285967,0.00012393849852552997,0
comprehension,ally_majority,neutral,1021,1,0,0,0,rPaPrPrQ,A,qwen-122b,qwen/qwen3.5-122b-a10b,alibaba,0,1.0,Alibaba,A,3.796e-05,0.999373688068264,7.516995793026033e-05,0
comprehension,ally_majority,neutral,1021,1,0,1,0,rPrQaPrP,A,qwen-122b,qwen/qwen3.5-122b-a10b,alibaba,0,1.0,Alibaba,A,3.796e-05,0.9980733923721087,0.00013692432369386107,0
comprehension,ally_majority,neutral,1022,-1,0,0,0,aPrPrQrQrP,A,qwen-122b,qwen/qwen3.5-122b-a10b,alibaba,0,1.0,Alibaba,A,3.978e-05,0.9669197628334553,0.00034703646055973814,0
comprehension,ally_majority,neutral,1022,-1,0,1,0,rQrPrQrPaP,A,qwen-122b,qwen/qwen3.5-122b-a10b,alibaba,0,1.0,Alibaba,A,3.978e-05,0.9997695216602556,0.00013841568359222752,0
comprehension,ally_majority,neutral,1022,1,0,0,0,rPrQaPrQrP,A,qwen-122b,qwen/qwen3.5-122b-a10b,alibaba,0,1.0,Alibaba,A,3.978e-05,0.9988305500126636,0.00018777601146988013,0
comprehension,ally_majority,neutral,1022,1,0,1,0,rPrQaPrPrQ,A,qwen-122b,qwen/qwen3.5-122b-a10b,alibaba,0,1.0,Alibaba,A,3.978e-05,0.9964067877866049,0.00016557861590189415,0
comprehension,ally_majority,neutral,1023,-1,0,0,0,rQrQrQrPrPaP,A,qwen-122b,qwen/qwen3.5-122b-a10b,alibaba,0,1.0,Alibaba,A,4.16e-05,0.9978174681006686,0.00013884044891521738,0
comprehension,ally_majority,neutral,1023,-1,0,1,0,rQrQrQrPaPrP,A,qwen-122b,qwen/qwen3.5-122b-a10b,alibaba,0,1.0,Alibaba,A,4.16e-05,0.9991960265808484,0.00013186268298888925,0
comprehension,ally_majority,neutral,1023,1,0,0,0,aPrQrQrPrQrP,A,qwen-122b,qwen/qwen3.5-122b-a10b,alibaba,0,1.0,Alibaba,A,4.16e-05,0.999089026025227,0.00031454699788692583,0
comprehension,ally_majority,neutral,1023,1,0,1,0,rPaPrPrQrQrQ,A,qwen-122b,qwen/qwen3.5-122b-a10b,alibaba,0,1.0,Alibaba,A,4.16e-05,0.9978173955785921,0.00010150090051336226,0
comprehension,ally_majority,neutral,1030,-1,0,0,0,rPrPaPrP,A,qwen-122b,qwen/qwen3.5-122b-a10b,alibaba,0,1.0,Alibaba,A,3.796e-05,0.9924232543581906,0.00012763404157595856,0
comprehension,ally_majority,neutral,1030,-1,0,1,0,rPaPrPrP,A,qwen-122b,qwen/qwen3.5-122b-a10b,alibaba,0,1.0,Alibaba,A,3.796e-05,0.9940894961061426,0.00011412825374260745,0
comprehension,ally_majority,neutral,1030,1,0,0,0,aPrPrPrP,A,qwen-122b,qwen/qwen3.5-122b-a10b,alibaba,0,1.0,Alibaba,A,3.796e-05,0.9997965847966176,0.00013538843263963653,0
comprehension,ally_majority,neutral,1030,1,0,1,0,rPaPrPrP,A,qwen-122b,qwen/qwen3.5-122b-a10b,alibaba,0,1.0,Alibaba,A,3.796e-05,0.9997388214590888,5.6074954754561034e-05,0
comprehension,ally_majority,neutral,1031,-1,0,1,0,rPrPrPrQaP,A,qwen-122b,qwen/qwen3.5-122b-a10b,alibaba,0,1.0,Alibaba,A,3.978e-05,0.997817468125512,0.00014359676588572524,0
comprehension,ally_majority,neutral,1031,1,0,0,0,rQrPaPrPrP,A,qwen-122b,qwen/qwen3.5-122b-a10b,alibaba,0,1.0,Alibaba,A,3.978e-05,0.9993736909739351,0.00014014184142798966,0
comprehension,ally_majority,neutral,1031,1,0,1,0,rPaPrPrQrP,A,qwen-122b,qwen/qwen3.5-122b-a10b,alibaba,0,1.0,Alibaba,A,3.978e-05,0.9982994217341653,8.751365268576373e-05,0
comprehension,ally_majority,neutral,1032,-1,0,0,0,rPrQrPrQaPrP,A,qwen-122b,qwen/qwen3.5-122b-a10b,alibaba,0,1.0,Alibaba,A,4.16e-05,0.9890137320096437,0.0002505096841827776,0
comprehension,ally_majority,neutral,1032,-1,0,1,0,aPrQrPrQrPrP,A,qwen-122b,qwen/qwen3.5-122b-a10b,alibaba,0,1.0,Alibaba,A,4.16e-05,0.9984991634881527,0.00017658863605623186,0
comprehension,ally_majority,neutral,1032,1,0,0,0,rQaPrQrPrPrP,A,qwen-122b,qwen/qwen3.5-122b-a10b,alibaba,0,1.0,Alibaba,A,4.16e-05,0.9988305428322379,0.00011906310470223948,0
comprehension,ally_majority,neutral,1032,1,0,1,0,rPrQrPrPaPrQ,A,qwen-122b,qwen/qwen3.5-122b-a10b,alibaba,0,1.0,Alibaba,A,4.16e-05,0.9971992570985678,0.00028175569971738415,0
comprehension,ally_majority,neutral,1040,-1,0,0,0,rPrPaPrPrP,A,qwen-122b,qwen/qwen3.5-122b-a10b,alibaba,0,1.0,Alibaba,A,3.978e-05,0.9875693875920568,0.00022472826058495682,0
comprehension,ally_majority,neutral,1040,-1,0,1,0,rPrPrPaPrP,A,qwen-122b,qwen/qwen3.5-122b-a10b,alibaba,0,1.0,Alibaba,A,3.978e-05,0.9859380825858481,0.0001826713279482698,0
comprehension,ally_majority,neutral,1040,1,0,0,0,aPrPrPrPrP,A,qwen-122b,qwen/qwen3.5-122b-a10b,alibaba,0,1.0,Alibaba,A,3.978e-05,0.9996200288262294,0.0002819295560769984,0
comprehension,ally_majority,neutral,1040,1,0,1,0,rPrPaPrPrP,A,qwen-122b,qwen/qwen3.5-122b-a10b,alibaba,0,1.0,Alibaba,A,3.978e-05,0.9992903827059391,0.00010406334478068008,0
comprehension,ally_majority,neutral,1041,-1,0,0,0,aPrQrPrPrPrP,A,qwen-122b,qwen/qwen3.5-122b-a10b,alibaba,0,1.0,Alibaba,A,4.16e-05,0.9902923380873645,0.00020092248315547838,0
comprehension,ally_majority,neutral,1041,-1,0,1,0,rPrPaPrPrPrQ,A,qwen-122b,qwen/qwen3.5-122b-a10b,alibaba,0,1.0,Alibaba,A,4.16e-05,0.9740447844025634,0.00024313894369692307,0
comprehension,ally_majority,neutral,1041,1,0,0,0,aPrPrPrPrQrP,A,qwen-122b,qwen/qwen3.5-122b-a10b,alibaba,0,1.0,Alibaba,A,4.16e-05,0.9984988615149782,0.00016510423090659735,0
comprehension,ally_majority,neutral,1041,1,0,1,0,rQrPrPrPrPaP,A,qwen-122b,qwen/qwen3.5-122b-a10b,alibaba,0,1.0,Alibaba,A,4.16e-05,0.9996646649675593,0.00010021776824487212,0
comprehension,ally_majority,neutral,1050,-1,0,0,0,rPrPrPaPrPrP,A,qwen-122b,qwen/qwen3.5-122b-a10b,alibaba,0,1.0,Alibaba,A,4.16e-05,0.9964067407346636,0.00015054218851475593,0
comprehension,ally_majority,neutral,1050,-1,0,1,0,rPrPrPaPrPrP,A,qwen-122b,qwen/qwen3.5-122b-a10b,alibaba,0,1.0,Alibaba,A,4.16e-05,0.9840953159572874,0.00017430259085797484,0
comprehension,ally_majority,neutral,1050,1,0,0,0,aPrPrPrPrPrP,A,qwen-122b,qwen/qwen3.5-122b-a10b,alibaba,0,1.0,Alibaba,A,4.16e-05,0.9993737430149258,0.00035597018112447734,0
comprehension,ally_majority,neutral,1050,1,0,1,0,rPrPrPrPaPrP,A,qwen-122b,qwen/qwen3.5-122b-a10b,alibaba,0,1.0,Alibaba,A,4.16e-05,0.9986750651058898,0.0001324823464500882,0
comprehension,ally_majority,neutral,1200,-1,0,0,0,aPaQaQ,B,qwen-122b,qwen/qwen3.5-122b-a10b,alibaba,0,1.0,Alibaba,B,3.614e-05,4.006105039029233e-05,3.990373055207108e-05,0
comprehension,ally_majority,neutral,1200,-1,0,1,0,aQaPaQ,B,qwen-122b,qwen/qwen3.5-122b-a10b,alibaba,0,1.0,Alibaba,B,3.614e-05,0.0001795175611011574,8.577052607272595e-05,0
comprehension,ally_majority,neutral,1200,1,0,0,0,aQaPaQ,B,qwen-122b,qwen/qwen3.5-122b-a10b,alibaba,0,1.0,Alibaba,B,3.614e-05,0.000804025926814459,5.8418123047632164e-05,0
comprehension,ally_majority,neutral,1200,1,0,1,0,aQaPaQ,B,qwen-122b,qwen/qwen3.5-122b-a10b,alibaba,0,1.0,Alibaba,B,3.614e-05,0.00015842802660338267,5.8775822065593175e-05,0
comprehension,ally_majority,neutral,1201,-1,0,0,0,aQaQaPrQ,B,qwen-122b,qwen/qwen3.5-122b-a10b,alibaba,0,1.0,Alibaba,B,3.796e-05,0.00013981650474654127,3.490068252853806e-05,0
comprehension,ally_majority,neutral,1201,-1,0,1,0,aPrQaQaQ,B,qwen-122b,qwen/qwen3.5-122b-a10b,alibaba,0,1.0,Alibaba,B,3.796e-05,0.08509591704974723,0.00014916087793481747,0
comprehension,ally_majority,neutral,1201,1,0,0,0,aQrQaPaQ,B,qwen-122b,qwen/qwen3.5-122b-a10b,alibaba,0,1.0,Alibaba,B,3.796e-05,0.00023049747830680342,3.6446777632703764e-05,0
comprehension,ally_majority,neutral,1201,1,0,1,0,aQrQaPaQ,B,qwen-122b,qwen/qwen3.5-122b-a10b,alibaba,0,1.0,Alibaba,B,3.796e-05,0.00013981288683702863,4.907794757036399e-05,0
comprehension,ally_majority,neutral,1202,-1,0,0,0,rQrQaQaPaQ,B,qwen-122b,qwen/qwen3.5-122b-a10b,alibaba,0,1.0,Alibaba,B,3.978e-05,0.0004878286696578476,5.2128751573787824e-05,0
comprehension,ally_majority,neutral,1202,-1,0,1,0,aPrQaQrQaQ,B,qwen-122b,qwen/qwen3.5-122b-a10b,alibaba,0,1.0,Alibaba,B,3.978e-05,0.2450755007713071,0.00020992086875137872,0
comprehension,ally_majority,neutral,1202,1,0,0,0,rQaQaQrQaP,B,qwen-122b,qwen/qwen3.5-122b-a10b,alibaba,0,1.0,Alibaba,B,3.978e-05,0.0002304872174005687,3.9613032950969185e-05,0
comprehension,ally_majority,neutral,1202,1,0,1,0,rQaQrQaPaQ,B,qwen-122b,qwen/qwen3.5-122b-a10b,alibaba,0,1.0,Alibaba,B,3.978e-05,0.00015842694122310917,6.146144427954248e-05,0
comprehension,ally_majority,neutral,1203,-1,0,0,0,rQrQrQaQaQaP,B,qwen-122b,qwen/qwen3.5-122b-a10b,alibaba,0,1.0,Alibaba,B,4.16e-05,0.00043054375157419456,4.479047138050696e-05,0
comprehension,ally_majority,neutral,1203,-1,0,1,0,aQrQaPrQaQrQ,B,qwen-122b,qwen/qwen3.5-122b-a10b,alibaba,0,1.0,Alibaba,B,4.16e-05,0.0009110226724383725,4.809286287543735e-05,0
comprehension,ally_majority,neutral,1203,1,0,0,0,rQrQaQaPrQaQ,B,qwen-122b,qwen/qwen3.5-122b-a10b,alibaba,0,1.0,Alibaba,B,4.16e-05,0.00037996492552462357,7.860191512909509e-05,0
comprehension,ally_majority,neutral,1203,1,0,1,0,rQrQrQaQaQaP,B,qwen-122b,qwen/qwen3.5-122b-a10b,alibaba,0,1.0,Alibaba,B,4.16e-05,0.0007096290652455211,7.010950019381568e-05,0
comprehension,ally_majority,neutral,1210,-1,0,0,0,aPrPaQaQ,B,qwen-122b,qwen/qwen3.5-122b-a10b,alibaba,0,1.0,Alibaba,B,3.796e-05,0.0010321896635972808,7.156036591604575e-05,0
comprehension,ally_majority,neutral,1210,-1,0,1,0,aQaQaPrP,B,qwen-122b,qwen/qwen3.5-122b-a10b,alibaba,0,1.0,Alibaba,B,3.796e-05,0.0002034220520372077,5.1762103896457745e-05,0
comprehension,ally_majority,neutral,1210,1,0,0,0,rPaQaQaP,B,qwen-122b,qwen/qwen3.5-122b-a10b,alibaba,0,1.0,Alibaba,B,3.796e-05,0.00023049333035526917,4.896801084597335e-05,0
comprehension,ally_majority,neutral,1210,1,0,1,0,aQaQrPaP,B,qwen-122b,qwen/qwen3.5-122b-a10b,alibaba,0,1.0,Alibaba,B,3.796e-05,0.0004305376384258781,4.6804072508455086e-05,0
comprehension,ally_majority,neutral,1211,-1,0,0,0,rQaPrPaQaQ,B,qwen-122b,qwen/qwen3.5-122b-a10b,alibaba,0,1.0,Alibaba,B,3.978e-05,0.02297621631617646,0.00011368885932294681,0
comprehension,ally_majority,neutral,1211,-1,0,1,0,aPrQaQrPaQ,B,qwen-122b,qwen/qwen3.5-122b-a10b,alibaba,0,1.0,Alibaba,B,3.978e-05,0.10668721781832878,0.00019484953218562584,0
comprehension,ally_majority,neutral,1211,1,0,0,0,rPrQaPaQaQ,B,qwen-122b,qwen/qwen3.5-122b-a10b,alibaba,0,1.0,Alibaba,B,3.978e-05,0.00010888768489613911,5.814755561739382e-05,0
comprehension,ally_majority,neutral,1211,1,0,1,0,aQaQaPrQrP,B,qwen-122b,qwen/qwen3.5-122b-a10b,alibaba,0,1.0,Alibaba,B,3.978e-05,0.0008040447429868616,6.513057883483775e-05,0
comprehension,ally_majority,neutral,1212,-1,0,0,0,rQaPaQrQaQrP,B,qwen-122b,qwen/qwen3.5-122b-a10b,alibaba,0,1.0,Alibaba,B,4.16e-05,0.017985454356154108,0.00011383293141498108,0
comprehension,ally_majority,neutral,1212,-1,0,1,0,rPrQaQrQaQaP,B,qwen-122b,qwen/qwen3.5-122b-a10b,alibaba,0,1.0,Alibaba,B,4.16e-05,0.0010322061923822418,6.325542402019213e-05,0
comprehension,ally_majority,neutral,1212,1,0,0,0,aQrPaPrQrQaQ,B,qwen-122b,qwen/qwen3.5-122b-a10b,alibaba,0,1.0,Alibaba,B,4.16e-05,0.0007096173980270181,7.274137160651062e-05,0
comprehension,ally_majority,neutral,1212,1,0,1,0,rPrQrQaQaQaP,B,qwen-122b,qwen/qwen3.5-122b-a10b,alibaba,0,1.0,Alibaba,B,4.16e-05,0.0009109738080144883,6.74095028329047e-05,0
comprehension,ally_majority,neutral,1220,-1,0,0,0,rPrPaQaQaP,B,qwen-122b,qwen/qwen3.5-122b-a10b,alibaba,0,1.0,Alibaba,B,3.978e-05,0.00037996722129013546,8.512024627038706e-05,0
comprehension,ally_majority,neutral,1220,-1,0,1,0,rPrPaQaQaP,B,qwen-122b,qwen/qwen3.5-122b-a10b,alibaba,0,1.0,Alibaba,B,3.978e-05,0.00048784199966353097,6.371725967246888e-05,0
comprehension,ally_majority,neutral,1220,1,0,0,0,rPaPaQrPaQ,B,qwen-122b,qwen/qwen3.5-122b-a10b,alibaba,0,1.0,Alibaba,B,3.978e-05,0.01098666193373787,0.00011186956461373132,0
comprehension,ally_majority,neutral,1220,1,0,1,0,aQrPrPaPaQ,B,qwen-122b,qwen/qwen3.5-122b-a10b,alibaba,0,1.0,Alibaba,B,3.978e-05,0.029311339782133933,9.779699828382782e-05,0
comprehension,ally_majority,neutral,1221,-1,0,0,0,aQaQrPaPrPrQ,B,qwen-122b,qwen/qwen3.5-122b-a10b,alibaba,0,1.0,Alibaba,B,4.16e-05,0.004609429963535981,6.054434679103604e-05,0
comprehension,ally_majority,neutral,1221,-1,0,1,0,aPaQrQrPrPaQ,B,qwen-122b,qwen/qwen3.5-122b-a10b,alibaba,0,1.0,Alibaba,B,4.16e-05,0.01590611426298316,0.00012499394698528565,0
comprehension,ally_majority,neutral,1221,1,0,0,0,rPaQrPaQaPrQ,B,qwen-122b,qwen/qwen3.5-122b-a10b,alibaba,0,1.0,Alibaba,B,4.16e-05,0.0031723794881387815,8.83525625060555e-05,0
comprehension,ally_majority,neutral,1221,1,0,1,0,aQrPrPrQaPaQ,B,qwen-122b,qwen/qwen3.5-122b-a10b,alibaba,0,1.0,Alibaba,B,4.16e-05,0.007576990739490009,9.990386638525361e-05,0
comprehension,ally_majority,neutral,1230,-1,0,0,0,aQaPrPrPaQrP,B,qwen-122b,qwen/qwen3.5-122b-a10b,alibaba,0,1.0,Alibaba,B,4.16e-05,0.029311834246761776,6.674667339323648e-05,0
comprehension,ally_majority,neutral,1230,-1,0,1,0,aPrPaQaQrPrP,B,qwen-122b,qwen/qwen3.5-122b-a10b,alibaba,0,1.0,Alibaba,A,4.16e-05,0.7310633446576935,0.00025767850488384036,0
comprehension,ally_majority,neutral,1230,1,0,0,0,aQaQaPrPrPrP,B,qwen-122b,qwen/qwen3.5-122b-a10b,alibaba,0,1.0,Alibaba,B,4.16e-05,0.00070965090494019,5.081850364918594e-05,0
comprehension,ally_majority,neutral,1230,1,0,1,0,rPrPaQrPaPaQ,B,qwen-122b,qwen/qwen3.5-122b-a10b,alibaba,0,1.0,Alibaba,B,4.16e-05,0.06008465485460998,0.00018232816377194982,0
comprehension,ally_majority,neutral,1300,-1,0,0,0,aQaQaPaQ,B,qwen-122b,qwen/qwen3.5-122b-a10b,alibaba,0,1.0,Alibaba,B,3.796e-05,5.828691593923654e-05,5.114161189312405e-05,0
comprehension,ally_majority,neutral,1300,-1,0,1,0,aQaQaQaP,B,qwen-122b,qwen/qwen3.5-122b-a10b,alibaba,0,1.0,Alibaba,B,3.796e-05,0.00023049959959400157,8.951549330782349e-05,0
comprehension,ally_majority,neutral,1300,1,0,0,0,aQaPaQaQ,B,qwen-122b,qwen/qwen3.5-122b-a10b,alibaba,0,1.0,Alibaba,B,3.796e-05,5.143881504626926e-05,7.989344365633144e-05,0
comprehension,ally_majority,neutral,1300,1,0,1,0,aPaQaQaQ,B,qwen-122b,qwen/qwen3.5-122b-a10b,alibaba,0,1.0,Alibaba,B,3.796e-05,0.000139812835166158,9.257431356424206e-05,0
comprehension,ally_majority,neutral,1301,-1,0,0,0,rQaPaQaQaQ,B,qwen-122b,qwen/qwen3.5-122b-a10b,alibaba,0,1.0,Alibaba,B,3.978e-05,9.609859811733347e-05,6.253245927589912e-05,0
comprehension,ally_majority,neutral,1301,-1,0,1,0,aQrQaQaQaP,B,qwen-122b,qwen/qwen3.5-122b-a10b,alibaba,0,1.0,Alibaba,B,3.978e-05,0.00037997257647111115,5.487020599248549e-05,0
comprehension,ally_majority,neutral,1301,1,0,0,0,aQaPrQaQaQ,B,qwen-122b,qwen/qwen3.5-122b-a10b,alibaba,0,1.0,Alibaba,B,3.978e-05,0.0006262975701622604,6.416100603057195e-05,0
comprehension,ally_majority,neutral,1301,1,0,1,0,aQaQaPrQaQ,B,qwen-122b,qwen/qwen3.5-122b-a10b,alibaba,0,1.0,Alibaba,B,3.978e-05,0.0003353365891314262,5.145788935656537e-05,0
comprehension,ally_majority,neutral,1302,-1,0,0,0,rQaQrQaPaQaQ,B,qwen-122b,qwen/qwen3.5-122b-a10b,alibaba,0,1.0,Alibaba,B,4.16e-05,0.0005527563797846859,7.437286138511912e-05,0
comprehension,ally_majority,neutral,1302,-1,0,1,0,aPaQaQrQrQaQ,B,qwen-122b,qwen/qwen3.5-122b-a10b,alibaba,0,1.0,Alibaba,B,4.16e-05,0.00460942890164096,0.00013421655684309197,0
comprehension,ally_majority,neutral,1302,1,0,0,0,aQrQaQaQrQaP,B,qwen-122b,qwen/qwen3.5-122b-a10b,alibaba,0,1.0,Alibaba,B,4.16e-05,0.0005527421481383866,6.29317417422115e-05,0
comprehension,ally_majority,neutral,1302,1,0,1,0,rQrQaQaQaPaQ,B,qwen-122b,qwen/qwen3.5-122b-a10b,alibaba,0,1.0,Alibaba,B,4.16e-05,0.0002611785400905547,6.465436342761866e-05,0
comprehension,ally_majority,neutral,1310,-1,0,0,0,aPaQrPaQaQ,B,qwen-122b,qwen/qwen3.5-122b-a10b,alibaba,0,1.0,Alibaba,B,3.978e-05,0.0011694424323915047,7.547267060203922e-05,0
comprehension,ally_majority,neutral,1310,-1,0,1,0,aQaPaQaQrP,B,qwen-122b,qwen/qwen3.5-122b-a10b,alibaba,0,1.0,Alibaba,B,3.978e-05,0.00012339156082229226,4.5757209450325576e-05,0
comprehension,ally_majority,neutral,1310,1,0,0,0,aQaQaPrPaQ,B,qwen-122b,qwen/qwen3.5-122b-a10b,alibaba,0,1.0,Alibaba,B,3.978e-05,0.00029594666630607813,5.112082094838044e-05,0
comprehension,ally_majority,neutral,1310,1,0,1,0,aQaPaQaQrP,B,qwen-122b,qwen/qwen3.5-122b-a10b,alibaba,0,1.0,Alibaba,B,3.978e-05,5.8289460379153945e-05,3.948178353352372e-05,0
comprehension,ally_majority,neutral,1311,-1,0,0,0,aPaQaQrPaQrQ,B,qwen-122b,qwen/qwen3.5-122b-a10b,alibaba,0,1.0,Alibaba,B,4.16e-05,0.0002611811964677037,4.0494039411087535e-05,0
comprehension,ally_majority,neutral,1311,-1,0,1,0,aQrPrQaQaPaQ,B,qwen-122b,qwen/qwen3.5-122b-a10b,alibaba,0,1.0,Alibaba,B,4.16e-05,0.00037997410558341434,5.460294826631351e-05,0
comprehension,ally_majority,neutral,1311,1,0,0,0,aQrQaPaQaQrP,B,qwen-122b,qwen/qwen3.5-122b-a10b,alibaba,0,1.0,Alibaba,B,4.16e-05,0.0015010830048311817,7.761068613121314e-05,0
comprehension,ally_majority,neutral,1311,1,0,1,0,aQrQaPaQrPaQ,B,qwen-122b,qwen/qwen3.5-122b-a10b,alibaba,0,1.0,Alibaba,B,4.16e-05,0.0005527565210441795,4.79271524538305e-05,0
comprehension,ally_majority,neutral,1320,-1,0,0,0,aQrPaPaQaQrP,B,qwen-122b,qwen/qwen3.5-122b-a10b,alibaba,0,1.0,Alibaba,B,4.16e-05,0.005219890965937766,9.518518542428467e-05,0
comprehension,ally_majority,neutral,1320,-1,0,1,0,rPaPrPaQaQaQ,B,qwen-122b,qwen/qwen3.5-122b-a10b,alibaba,0,1.0,Alibaba,B,4.16e-05,0.0024725702509823494,8.737164451688706e-05,0
comprehension,ally_majority,neutral,1320,1,0,0,0,aQaQaQaPrPrP,B,qwen-122b,qwen/qwen3.5-122b-a10b,alibaba,0,1.0,Alibaba,B,4.16e-05,0.00015842994332255602,4.7032871458019265e-05,0
comprehension,ally_majority,neutral,1320,1,0,1,0,rPaQaQrPaPaQ,B,qwen-122b,qwen/qwen3.5-122b-a10b,alibaba,0,1.0,Alibaba,B,4.16e-05,0.0005527589773348672,8.765411080691177e-05,0
comprehension,ally_majority,neutral,1400,-1,0,0,0,aQaPaQaQaQ,B,qwen-122b,qwen/qwen3.5-122b-a10b,alibaba,0,1.0,Alibaba,B,3.978e-05,0.00017951743347771783,7.26628735941981e-05,0
comprehension,ally_majority,neutral,1400,-1,0,1,0,aQaQaQaQaP,B,qwen-122b,qwen/qwen3.5-122b-a10b,alibaba,0,1.0,Alibaba,B,3.978e-05,0.0003353305139884305,6.385803564701309e-05,0
comprehension,ally_majority,neutral,1400,1,0,0,0,aPaQaQaQaQ,B,qwen-122b,qwen/qwen3.5-122b-a10b,alibaba,0,1.0,Alibaba,B,3.978e-05,5.828634177268436e-05,6.608552599107753e-05,0
comprehension,ally_majority,neutral,1400,1,0,1,0,aQaQaPaQaQ,B,qwen-122b,qwen/qwen3.5-122b-a10b,alibaba,0,1.0,Alibaba,B,3.978e-05,0.00015842800739856219,6.628352600057674e-05,0
comprehension,ally_majority,neutral,1401,-1,0,0,0,aQrQaPaQaQaQ,B,qwen-122b,qwen/qwen3.5-122b-a10b,alibaba,0,1.0,Alibaba,B,4.16e-05,0.0002959520836399877,3.5094170907856714e-05,0
comprehension,ally_majority,neutral,1401,-1,0,1,0,aQaQaPaQrQaQ,B,qwen-122b,qwen/qwen3.5-122b-a10b,alibaba,0,1.0,Alibaba,B,4.16e-05,0.0004878398601757091,5.074930715665005e-05,0
comprehension,ally_majority,neutral,1401,1,0,0,0,aPrQaQaQaQaQ,B,qwen-122b,qwen/qwen3.5-122b-a10b,alibaba,0,1.0,Alibaba,B,4.16e-05,0.00017951618927267756,8.099016756879518e-05,0
comprehension,ally_majority,neutral,1401,1,0,1,0,aQaQaQrQaQaP,B,qwen-122b,qwen/qwen3.5-122b-a10b,alibaba,0,1.0,Alibaba,B,4.16e-05,0.0003353383292992245,4.0435235797775526e-05,0
comprehension,ally_majority,neutral,1410,-1,0,0,0,aQaQrPaQaPaQ,B,qwen-122b,qwen/qwen3.5-122b-a10b,alibaba,0,1.0,Alibaba,B,4.16e-05,0.0004305452794692561,4.214045400563471e-05,0
comprehension,ally_majority,neutral,1410,-1,0,1,0,aQaQaPaQrPaQ,B,qwen-122b,qwen/qwen3.5-122b-a10b,alibaba,0,1.0,Alibaba,B,4.16e-05,0.0003799740603999327,5.400723145110309e-05,0
comprehension,ally_majority,neutral,1410,1,0,0,0,aQaQaPrPaQaQ,B,qwen-122b,qwen/qwen3.5-122b-a10b,alibaba,0,1.0,Alibaba,B,4.16e-05,0.00020342062409855026,4.474283163413695e-05,0
comprehension,ally_majority,neutral,1410,1,0,1,0,rPaQaQaQaPaQ,B,qwen-122b,qwen/qwen3.5-122b-a10b,alibaba,0,1.0,Alibaba,B,4.16e-05,0.0003353304737564989,6.564529158947785e-05,0
comprehension,ally_majority,neutral,1500,-1,0,0,0,aQaQaQaPaQaQ,B,qwen-122b,qwen/qwen3.5-122b-a10b,alibaba,0,1.0,Alibaba,B,4.16e-05,0.00017951989960264878,4.634754727228518e-05,0
comprehension,ally_majority,neutral,1500,-1,0,1,0,aQaPaQaQaQaQ,B,qwen-122b,qwen/qwen3.5-122b-a10b,alibaba,0,1.0,Alibaba,B,4.16e-05,0.0007096481089062302,9.408222660511889e-05,0
comprehension,ally_majority,neutral,1500,1,0,0,0,aQaQaQaQaQaP,B,qwen-122b,qwen/qwen3.5-122b-a10b,alibaba,0,1.0,Alibaba,B,4.16e-05,0.00017951743523800451,3.929594614715537e-05,0
comprehension,ally_majority,neutral,1500,1,0,1,0,aQaPaQaQaQaQ,B,qwen-122b,qwen/qwen3.5-122b-a10b,alibaba,0,1.0,Alibaba,B,4.16e-05,0.00020341889273641612,6.484068177248226e-05,0
comprehension,ally_majority,neutral,2000,-1,0,0,0,aPaP,A,qwen-122b,qwen/qwen3.5-122b-a10b,alibaba,0,1.0,Alibaba,A,3.432e-05,0.9999151910113339,0.00012938784471151023,0
comprehension,ally_majority,neutral,2000,-1,0,1,0,aPaP,A,qwen-122b,qwen/qwen3.5-122b-a10b,alibaba,0,1.0,Alibaba,A,3.432e-05,0.9999039067792466,0.0001543837136278419,0
comprehension,ally_majority,neutral,2000,1,0,0,0,aPaP,A,qwen-122b,qwen/qwen3.5-122b-a10b,alibaba,0,1.0,Alibaba,A,3.432e-05,0.999915190336026,0.00010683558991269003,0
comprehension,ally_majority,neutral,2000,1,0,1,0,aPaP,A,qwen-122b,qwen/qwen3.5-122b-a10b,alibaba,0,1.0,Alibaba,A,3.432e-05,0.9998204792948628,9.279313581473449e-05,0
comprehension,ally_majority,neutral,2001,-1,0,0,0,rQaPaP,A,qwen-122b,qwen/qwen3.5-122b-a10b,alibaba,0,1.0,Alibaba,A,3.614e-05,0.9998766118202462,0.00011562484394174848,0
comprehension,ally_majority,neutral,2001,-1,0,1,0,rQaPaP,A,qwen-122b,qwen/qwen3.5-122b-a10b,alibaba,0,1.0,Alibaba,A,3.614e-05,0.9998766206263072,9.8614798172292e-05,0
comprehension,ally_majority,neutral,2001,1,0,0,0,aPrQaP,A,qwen-122b,qwen/qwen3.5-122b-a10b,alibaba,0,1.0,Alibaba,A,3.614e-05,0.9998766088548139,0.00010532677489975874,0
comprehension,ally_majority,neutral,2001,1,0,1,0,aPrQaP,A,qwen-122b,qwen/qwen3.5-122b-a10b,alibaba,0,1.0,Alibaba,A,3.614e-05,0.999738826920555,9.333523167954122e-05,0
comprehension,ally_majority,neutral,2002,-1,0,0,0,rQaPrQaP,A,qwen-122b,qwen/qwen3.5-122b-a10b,alibaba,0,1.0,Alibaba,A,3.796e-05,0.9998601860825082,0.00015848138963901406,0
comprehension,ally_majority,neutral,2002,-1,0,1,0,aPrQrQaP,A,qwen-122b,qwen/qwen3.5-122b-a10b,alibaba,0,1.0,Alibaba,A,3.796e-05,0.9998766249242373,0.00014578933877462818,0
comprehension,ally_majority,neutral,2002,1,0,0,0,aPaPrQrQ,A,qwen-122b,qwen/qwen3.5-122b-a10b,alibaba,0,1.0,Alibaba,A,3.796e-05,0.9999339495495617,0.0001333508836658961,0
comprehension,ally_majority,neutral,2002,1,0,1,0,aPrQrQaP,A,qwen-122b,qwen/qwen3.5-122b-a10b,alibaba,0,1.0,Alibaba,A,3.796e-05,0.9998415743083857,8.218255109846047e-05,0
comprehension,ally_majority,neutral,2003,-1,0,0,0,aPrQrQrQaP,A,qwen-122b,qwen/qwen3.5-122b-a10b,alibaba,0,1.0,Alibaba,A,3.978e-05,0.999941711354064,0.00011324169962890845,0
comprehension,ally_majority,neutral,2003,-1,0,1,0,rQrQaPaPrQ,A,qwen-122b,qwen/qwen3.5-122b-a10b,alibaba,0,1.0,Alibaba,A,3.978e-05,0.9998601931569301,0.00010025940912723771,0
comprehension,ally_majority,neutral,2003,1,0,0,0,aPrQrQaPrQ,A,qwen-122b,qwen/qwen3.5-122b-a10b,alibaba,0,1.0,Alibaba,A,3.978e-05,0.9999151919893129,0.00011595052909994596,0
comprehension,ally_majority,neutral,2003,1,0,1,0,aPrQrQaPrQ,A,qwen-122b,qwen/qwen3.5-122b-a10b,alibaba,0,1.0,Alibaba,A,3.978e-05,0.9997388380186453,8.326690529946156e-05,0
comprehension,ally_majority,neutral,2004,-1,0,0,0,aPrQaPrQrQrQ,A,qwen-122b,qwen/qwen3.5-122b-a10b,alibaba,0,1.0,Alibaba,A,4.16e-05,0.9999339489748391,7.816177115250296e-05,0
comprehension,ally_majority,neutral,2004,-1,0,1,0,rQrQaPrQaPrQ,A,qwen-122b,qwen/qwen3.5-122b-a10b,alibaba,0,1.0,Alibaba,A,4.16e-05,0.999925156781134,7.377727761853684e-05,0
comprehension,ally_majority,neutral,2004,1,0,0,0,rQaPrQaPrQrQ,A,qwen-122b,qwen/qwen3.5-122b-a10b,alibaba,0,1.0,Alibaba,A,4.16e-05,0.9999151907584928,0.00010090116926491232,0
comprehension,ally_majority,neutral,2004,1,0,1,0,rQrQaPaPrQrQ,A,qwen-122b,qwen/qwen3.5-122b-a10b,alibaba,0,1.0,Alibaba,A,4.16e-05,0.9997388347393691,9.105425986782428e-05,0
comprehension,ally_majority,neutral,2010,-1,0,0,0,aPaPrP,A,qwen-122b,qwen/qwen3.5-122b-a10b,alibaba,0,1.0,Alibaba,A,3.614e-05,0.9998766098359169,0.00014124017311562632,0
comprehension,ally_majority,neutral,2010,-1,0,1,0,rPaPaP,A,qwen-122b,qwen/qwen3.5-122b-a10b,alibaba,0,1.0,Alibaba,A,3.614e-05,0.9998204873079386,9.011811184612444e-05,0
comprehension,ally_majority,neutral,2010,1,0,0,0,rPaPaP,A,qwen-122b,qwen/qwen3.5-122b-a10b,alibaba,0,1.0,Alibaba,A,3.614e-05,0.9997965745890386,0.00011785952055101139,0
comprehension,ally_majority,neutral,2010,1,0,1,0,rPaPaP,A,qwen-122b,qwen/qwen3.5-122b-a10b,alibaba,0,1.0,Alibaba,A,3.614e-05,0.9996646748478238,0.00011843519776671366,0
comprehension,ally_majority,neutral,2011,-1,0,0,0,aPrPaPrQ,A,qwen-122b,qwen/qwen3.5-122b-a10b,alibaba,0,1.0,Alibaba,A,3.796e-05,0.9997965811862445,0.0001521809734728849,0
comprehension,ally_majority,neutral,2011,-1,0,1,0,aPaPrPrQ,A,qwen-122b,qwen/qwen3.5-122b-a10b,alibaba,0,1.0,Alibaba,A,3.796e-05,0.9998204839177741,8.230110172254571e-05,0
comprehension,ally_majority,neutral,2011,1,0,0,0,aPaPrQrP,A,qwen-122b,qwen/qwen3.5-122b-a10b,alibaba,0,1.0,Alibaba,A,3.796e-05,0.9998766080311955,0.0001520499198962052,0
comprehension,ally_majority,neutral,2011,1,0,1,0,aPrPrQaP,A,qwen-122b,qwen/qwen3.5-122b-a10b,alibaba,0,1.0,Alibaba,A,3.796e-05,0.9996200405424933,0.00010903080019953438,0
comprehension,ally_majority,neutral,2012,-1,0,0,0,aPrPrQrQaP,A,qwen-122b,qwen/qwen3.5-122b-a10b,alibaba,0,1.0,Alibaba,A,3.978e-05,0.9999151912548826,9.98166172562632e-05,0
comprehension,ally_majority,neutral,2012,-1,0,1,0,rPrQaPaPrQ,A,qwen-122b,qwen/qwen3.5-122b-a10b,alibaba,0,1.0,Alibaba,A,3.978e-05,0.9998204812751815,0.00011704533602117153,0
comprehension,ally_majority,neutral,2012,1,0,0,0,rPrQaPrQaP,A,qwen-122b,qwen/qwen3.5-122b-a10b,alibaba,0,1.0,Alibaba,A,3.978e-05,0.9998415687307728,0.00011070995236900895,0
comprehension,ally_majority,neutral,2012,1,0,1,0,aPrQrPaPrQ,A,qwen-122b,qwen/qwen3.5-122b-a10b,alibaba,0,1.0,Alibaba,A,3.978e-05,0.999738824832635,0.00010895740646685743,0
comprehension,ally_majority,neutral,2013,-1,0,0,0,rPrQrQaPaPrQ,A,qwen-122b,qwen/qwen3.5-122b-a10b,alibaba,0,1.0,Alibaba,A,4.16e-05,0.9998415687889797,0.00014180988235577683,0
comprehension,ally_majority,neutral,2013,-1,0,1,0,aPrPrQrQaPrQ,A,qwen-122b,qwen/qwen3.5-122b-a10b,alibaba,0,1.0,Alibaba,A,4.16e-05,0.9999251576150531,7.503267633531868e-05,0
comprehension,ally_majority,neutral,2013,1,0,0,0,rPaPrQaPrQrQ,A,qwen-122b,qwen/qwen3.5-122b-a10b,alibaba,0,1.0,Alibaba,A,4.16e-05,0.999738814517306,0.00010267675044478829,0
comprehension,ally_majority,neutral,2013,1,0,1,0,rQrQaPaPrQrP,A,qwen-122b,qwen/qwen3.5-122b-a10b,alibaba,0,1.0,Alibaba,A,4.16e-05,0.9998601860955878,7.733509145543555e-05,0
comprehension,ally_majority,neutral,2020,-1,0,0,0,rPaPaPrP,A,qwen-122b,qwen/qwen3.5-122b-a10b,alibaba,0,1.0,Alibaba,A,3.796e-05,0.9997388188811345,0.0001841855966581153,0
comprehension,ally_majority,neutral,2020,-1,0,1,0,aPrPrPaP,A,qwen-122b,qwen/qwen3.5-122b-a10b,alibaba,0,1.0,Alibaba,A,3.796e-05,0.9996646864382911,0.0001658789854325156,0
comprehension,ally_majority,neutral,2020,1,0,0,0,rPrPaPaP,A,qwen-122b,qwen/qwen3.5-122b-a10b,alibaba,0,1.0,Alibaba,A,3.796e-05,0.9997040514599096,0.00020811248443208065,0
comprehension,ally_majority,neutral,2020,1,0,1,0,aPrPrPaP,A,qwen-122b,qwen/qwen3.5-122b-a10b,alibaba,0,1.0,Alibaba,A,3.796e-05,0.9996646652065866,9.569071299617425e-05,0
comprehension,ally_majority,neutral,2021,-1,0,0,0,rPaPrPaPrQ,A,qwen-122b,qwen/qwen3.5-122b-a10b,alibaba,0,1.0,Alibaba,A,3.978e-05,0.9997040651399105,0.00013710388750693211,0
comprehension,ally_majority,neutral,2021,-1,0,1,0,rPaPrQaPrP,A,qwen-122b,qwen/qwen3.5-122b-a10b,alibaba,0,1.0,Alibaba,A,3.978e-05,0.9997965952123812,0.00010993500123518911,0
comprehension,ally_majority,neutral,2021,1,0,0,0,rPrQaPrPaP,A,qwen-122b,qwen/qwen3.5-122b-a10b,alibaba,0,1.0,Alibaba,A,3.978e-05,0.9997965779253759,7.952787119401661e-05,0
comprehension,ally_majority,neutral,2021,1,0,1,0,rPaPrPrQaP,A,qwen-122b,qwen/qwen3.5-122b-a10b,alibaba,0,1.0,Alibaba,A,3.978e-05,0.9997040582086737,0.00011379799063735655,0
comprehension,ally_majority,neutral,2022,-1,0,0,0,rQrQrPaPrPaP,A,qwen-122b,qwen/qwen3.5-122b-a10b,alibaba,0,1.0,Alibaba,A,4.16e-05,0.9998204763365226,9.973469193811553e-05,0
comprehension,ally_majority,neutral,2022,-1,0,1,0,aPrQrPaPrQrP,A,qwen-122b,qwen/qwen3.5-122b-a10b,alibaba,0,1.0,Alibaba,A,4.16e-05,0.9998766250252903,0.00010873535987321429,0
comprehension,ally_majority,neutral,2022,1,0,0,0,rQrPaPrQaPrP,A,qwen-122b,qwen/qwen3.5-122b-a10b,alibaba,0,1.0,Alibaba,A,4.16e-05,0.9998911080374321,0.00012698948913460292,0
comprehension,ally_majority,neutral,2022,1,0,1,0,aPrPrPaPrQrQ,A,qwen-122b,qwen/qwen3.5-122b-a10b,alibaba,0,1.0,Alibaba,A,4.16e-05,0.9997388317877041,7.374729815109402e-05,0
comprehension,ally_majority,neutral,2030,-1,0,0,0,rPaPaPrPrP,A,qwen-122b,qwen/qwen3.5-122b-a10b,alibaba,0,1.0,Alibaba,A,3.978e-05,0.9997040602056951,0.0001480534567674395,0
comprehension,ally_majority,neutral,2030,-1,0,1,0,rPrPaPaPrP,A,qwen-122b,qwen/qwen3.5-122b-a10b,alibaba,0,1.0,Alibaba,A,3.978e-05,0.999820485519789,0.00010770684918532845,0
comprehension,ally_majority,neutral,2030,1,0,0,0,rPaPaPrPrP,A,qwen-122b,qwen/qwen3.5-122b-a10b,alibaba,0,1.0,Alibaba,A,3.978e-05,0.9998204759123124,0.00014882160587848995,0
comprehension,ally_majority,neutral,2030,1,0,1,0,aPrPrPrPaP,A,qwen-122b,qwen/qwen3.5-122b-a10b,alibaba,0,1.0,Alibaba,A,3.978e-05,0.9997040582046528,8.329700537443031e-05,0
comprehension,ally_majority,neutral,2031,-1,0,0,0,aPaPrPrPrPrQ,A,qwen-122b,qwen/qwen3.5-122b-a10b,alibaba,0,1.0,Alibaba,A,4.16e-05,0.9999039006197052,0.00010309331519432643,0
comprehension,ally_majority,neutral,2031,-1,0,1,0,rQaPrPrPaPrP,A,qwen-122b,qwen/qwen3.5-122b-a10b,alibaba,0,1.0,Alibaba,A,4.16e-05,0.9998415756260093,7.481978754515583e-05,0
comprehension,ally_majority,neutral,2031,1,0,0,0,rPrPaPrQaPrP,A,qwen-122b,qwen/qwen3.5-122b-a10b,alibaba,0,1.0,Alibaba,A,4.16e-05,0.9995694534569455,0.00015521352302373052,0
comprehension,ally_majority,neutral,2031,1,0,1,0,rPaPrPrPaPrQ,A,qwen-122b,qwen/qwen3.5-122b-a10b,alibaba,0,1.0,Alibaba,A,4.16e-05,0.9996646617162905,7.939759635450212e-05,0
comprehension,ally_majority,neutral,2040,-1,0,0,0,rPaPrPaPrPrP,A,qwen-122b,qwen/qwen3.5-122b-a10b,alibaba,0,1.0,Alibaba,A,4.16e-05,0.9995694680496217,0.00017662912845604466,0
comprehension,ally_majority,neutral,2040,-1,0,1,0,aPaPrPrPrPrP,A,qwen-122b,qwen/qwen3.5-122b-a10b,alibaba,0,1.0,Alibaba,A,4.16e-05,0.9997965883308504,8.654797237341201e-05,0
comprehension,ally_majority,neutral,2040,1,0,0,0,rPaPrPrPrPaP,A,qwen-122b,qwen/qwen3.5-122b-a10b,alibaba,0,1.0,Alibaba,A,4.16e-05,0.999820477051611,0.0001911055717979272,0
comprehension,ally_majority,neutral,2040,1,0,1,0,aPrPrPaPrPrP,A,qwen-122b,qwen/qwen3.5-122b-a10b,alibaba,0,1.0,Alibaba,A,4.16e-05,0.9995121714018459,9.63247510892141e-05,0
comprehension,ally_majority,neutral,2100,-1,0,0,0,aQaPaP,A,qwen-122b,qwen/qwen3.5-122b-a10b,alibaba,0,1.0,Alibaba,A,3.614e-05,0.9996646693704081,9.090356818301087e-05,0
comprehension,ally_majority,neutral,2100,-1,0,1,0,aQaPaP,A,qwen-122b,qwen/qwen3.5-122b-a10b,alibaba,0,1.0,Alibaba,A,3.614e-05,0.9997965865176056,8.973976855363136e-05,0
comprehension,ally_majority,neutral,2100,1,0,0,0,aPaQaP,A,qwen-122b,qwen/qwen3.5-122b-a10b,alibaba,0,1.0,Alibaba,A,3.614e-05,0.9990889899925053,0.00010761915643095292,0
comprehension,ally_majority,neutral,2100,1,0,1,0,aPaQaP,A,qwen-122b,qwen/qwen3.5-122b-a10b,alibaba,0,1.0,Alibaba,A,3.614e-05,0.9991960015952938,0.00011144385913452342,0
comprehension,ally_majority,neutral,2101,-1,0,0,0,aPrQaPaQ,A,qwen-122b,qwen/qwen3.5-122b-a10b,alibaba,0,1.0,Alibaba,A,3.796e-05,0.9998415687305469,0.00010594352299180934,0
comprehension,ally_majority,neutral,2101,-1,0,1,0,aPrQaPaQ,A,qwen-122b,qwen/qwen3.5-122b-a10b,alibaba,0,1.0,Alibaba,A,3.796e-05,0.9995694960168233,0.00011119995595580494,0
comprehension,ally_majority,neutral,2101,1,0,0,0,aQrQaPaP,A,qwen-122b,qwen/qwen3.5-122b-a10b,alibaba,0,1.0,Alibaba,A,3.796e-05,0.9914226476841534,8.753209313172583e-05,0
comprehension,ally_majority,neutral,2101,1,0,1,0,aPaQaPrQ,A,qwen-122b,qwen/qwen3.5-122b-a10b,alibaba,0,1.0,Alibaba,A,3.796e-05,0.9986751048878378,0.00011104198842177876,0
comprehension,ally_majority,neutral,2102,-1,0,0,0,aPrQaQaPrQ,A,qwen-122b,qwen/qwen3.5-122b-a10b,alibaba,0,1.0,Alibaba,A,3.978e-05,0.9241448123458109,0.00015997000609976886,0
comprehension,ally_majority,neutral,2102,-1,0,1,0,aPaQrQrQaP,A,qwen-122b,qwen/qwen3.5-122b-a10b,alibaba,0,1.0,Alibaba,A,3.978e-05,0.997817395429575,0.00012302443088701813,0
comprehension,ally_majority,neutral,2102,1,0,0,0,rQrQaQaPaP,A,qwen-122b,qwen/qwen3.5-122b-a10b,alibaba,0,1.0,Alibaba,A,3.978e-05,0.7310518771773146,0.00017192338293520182,0
comprehension,ally_majority,neutral,2102,1,0,1,0,rQaPaPaQrQ,A,qwen-122b,qwen/qwen3.5-122b-a10b,alibaba,0,1.0,Alibaba,A,3.978e-05,0.9980733183967969,8.425018221596358e-05,0
comprehension,ally_majority,neutral,2103,-1,0,0,0,aPaQrQrQrQaP,A,qwen-122b,qwen/qwen3.5-122b-a10b,alibaba,0,1.0,Alibaba,A,4.16e-05,0.990291824154316,0.00010271958535672081,0
comprehension,ally_majority,neutral,2103,-1,0,1,0,aPaPrQaQrQrQ,A,qwen-122b,qwen/qwen3.5-122b-a10b,alibaba,0,1.0,Alibaba,A,4.16e-05,0.9990890259955945,8.860426793459773e-05,0
comprehension,ally_majority,neutral,2103,1,0,0,0,aPrQaQrQrQaP,A,qwen-122b,qwen/qwen3.5-122b-a10b,alibaba,0,1.0,Alibaba,A,4.16e-05,0.9399154728709846,0.00013157297804659157,0
comprehension,ally_majority,neutral,2103,1,0,1,0,rQrQaPaPrQaQ,A,qwen-122b,qwen/qwen3.5-122b-a10b,alibaba,0,1.0,Alibaba,B,4.16e-05,0.5926665999540698,0.000368646538645101,0
comprehension,ally_majority,neutral,2110,-1,0,0,0,aPaPrPaQ,A,qwen-122b,qwen/qwen3.5-122b-a10b,alibaba,0,1.0,Alibaba,A,3.796e-05,0.9998601842444412,0.00012394898773080264,0
comprehension,ally_majority,neutral,2110,-1,0,1,0,aPaQrPaP,A,qwen-122b,qwen/qwen3.5-122b-a10b,alibaba,0,1.0,Alibaba,A,3.796e-05,0.9986750547286584,8.596021908050672e-05,0
comprehension,ally_majority,neutral,2110,1,0,0,0,aPaQrPaP,A,qwen-122b,qwen/qwen3.5-122b-a10b,alibaba,0,1.0,Alibaba,A,3.796e-05,0.999569462378122,0.00011590140339121118,0
comprehension,ally_majority,neutral,2110,1,0,1,0,aPrPaQaP,A,qwen-122b,qwen/qwen3.5-122b-a10b,alibaba,0,1.0,Alibaba,A,3.796e-05,0.9984989167082843,0.00010593259740446096,0
comprehension,ally_majority,neutral,2111,-1,0,0,0,aPrPaPrQaQ,A,qwen-122b,qwen/qwen3.5-122b-a10b,alibaba,0,1.0,Alibaba,A,3.978e-05,0.9875687303181844,0.00011597301753862518,0
comprehension,ally_majority,neutral,2111,-1,0,1,0,aPaQrPrQaP,A,qwen-122b,qwen/qwen3.5-122b-a10b,alibaba,0,1.0,Alibaba,A,3.978e-05,0.99867501880714,7.397186309163585e-05,0
comprehension,ally_majority,neutral,2111,1,0,0,0,aPrPaQrQaP,A,qwen-122b,qwen/qwen3.5-122b-a10b,alibaba,0,1.0,Alibaba,A,3.978e-05,0.9996646632569495,9.101471700748094e-05,0
comprehension,ally_majority,neutral,2111,1,0,1,0,aPaPrPrQaQ,A,qwen-122b,qwen/qwen3.5-122b-a10b,alibaba,0,1.0,Alibaba,A,3.978e-05,0.9980733183967969,8.425018221596358e-05,0
comprehension,ally_majority,neutral,2112,-1,0,0,0,aPaPrQrPrQaQ,A,qwen-122b,qwen/qwen3.5-122b-a10b,alibaba,0,1.0,Alibaba,A,4.16e-05,0.9982993211619808,0.00011756174756952296,0
comprehension,ally_majority,neutral,2112,-1,0,1,0,rQaPaQrQaPrP,A,qwen-122b,qwen/qwen3.5-122b-a10b,alibaba,0,1.0,Alibaba,A,4.16e-05,0.946599107299068,0.0002224298110558645,0
comprehension,ally_majority,neutral,2112,1,0,0,0,aPrQaPaQrQrP,A,qwen-122b,qwen/qwen3.5-122b-a10b,alibaba,0,1.0,Alibaba,A,4.16e-05,0.9978173436549007,0.00010240212771293802,0
comprehension,ally_majority,neutral,2112,1,0,1,0,rQaPrPrQaPaQ,A,qwen-122b,qwen/qwen3.5-122b-a10b,alibaba,0,1.0,Alibaba,A,4.16e-05,0.9933073836896603,8.553032781979247e-05,0
comprehension,ally_majority,neutral,2120,-1,0,0,0,rPrPaPaPaQ,A,qwen-122b,qwen/qwen3.5-122b-a10b,alibaba,0,1.0,Alibaba,A,3.978e-05,0.9993737126792359,0.00012122344330484016,0
comprehension,ally_majority,neutral,2120,-1,0,1,0,rPaQaPaPrP,A,qwen-122b,qwen/qwen3.5-122b-a10b,alibaba,0,1.0,Alibaba,A,3.978e-05,0.998967810512392,0.0001157315838206845,0
comprehension,ally_majority,neutral,2120,1,0,0,0,aQrPrPaPaP,A,qwen-122b,qwen/qwen3.5-122b-a10b,alibaba,0,1.0,Alibaba,A,3.978e-05,0.979668103073871,9.032531562019885e-05,0
comprehension,ally_majority,neutral,2120,1,0,1,0,aPrPaPaQrP,A,qwen-122b,qwen/qwen3.5-122b-a10b,alibaba,0,1.0,Alibaba,A,3.978e-05,0.9980733530765822,9.199879487334275e-05,0
comprehension,ally_majority,neutral,2121,-1,0,0,0,aPrPrPaQaPrQ,A,qwen-122b,qwen/qwen3.5-122b-a10b,alibaba,0,1.0,Alibaba,A,4.16e-05,0.9940890227848567,9.359591598871644e-05,0
comprehension,ally_majority,neutral,2121,-1,0,1,0,aPaQrQaPrPrP,A,qwen-122b,qwen/qwen3.5-122b-a10b,alibaba,0,1.0,Alibaba,A,4.16e-05,0.9968274614265183,0.0001523188934252945,0
comprehension,ally_majority,neutral,2121,1,0,0,0,aPrQaQaPrPrP,A,qwen-122b,qwen/qwen3.5-122b-a10b,alibaba,0,1.0,Alibaba,A,4.16e-05,0.9840940125304695,0.00010319675923141022,0
comprehension,ally_majority,neutral,2121,1,0,1,0,aPrPrQaQaPrP,A,qwen-122b,qwen/qwen3.5-122b-a10b,alibaba,0,1.0,Alibaba,A,4.16e-05,0.9978173436021659,9.193688810357542e-05,0
comprehension,ally_majority,neutral,2130,-1,0,0,0,aQaPrPaPrPrP,A,qwen-122b,qwen/qwen3.5-122b-a10b,alibaba,0,1.0,Alibaba,A,4.16e-05,0.8519553448159775,0.0001544030300819621,0
comprehension,ally_majority,neutral,2130,-1,0,1,0,aPrPaPrPaQrP,A,qwen-122b,qwen/qwen3.5-122b-a10b,alibaba,0,1.0,Alibaba,A,4.16e-05,0.9959300710711974,0.00011124160649069164,0
comprehension,ally_majority,neutral,2130,1,0,0,0,aPrPaPaQrPrP,A,qwen-122b,qwen/qwen3.5-122b-a10b,alibaba,0,1.0,Alibaba,A,4.16e-05,0.999195946227494,9.876922552523202e-05,0
comprehension,ally_majority,neutral,2130,1,0,1,0,aQrPaPrPaPrP,A,qwen-122b,qwen/qwen3.5-122b-a10b,alibaba,0,1.0,Alibaba,B,4.16e-05,0.7310655418752943,0.0001985003775215044,0
comprehension,ally_majority,neutral,2300,-1,0,0,0,aQaPaQaPaQ,B,qwen-122b,qwen/qwen3.5-122b-a10b,alibaba,0,1.0,Alibaba,B,3.978e-05,0.005910975603477603,9.95215703889496e-05,0
comprehension,ally_majority,neutral,2300,-1,0,1,0,aPaQaPaQaQ,B,qwen-122b,qwen/qwen3.5-122b-a10b,alibaba,0,1.0,Alibaba,B,3.978e-05,0.042086112540450346,0.00019090849709191282,0
comprehension,ally_majority,neutral,2300,1,0,0,0,aQaQaQaPaP,B,qwen-122b,qwen/qwen3.5-122b-a10b,alibaba,0,1.0,Alibaba,B,3.978e-05,0.00048782481602904055,8.142050886195129e-05,0
comprehension,ally_majority,neutral,2300,1,0,1,0,aQaQaPaPaQ,B,qwen-122b,qwen/qwen3.5-122b-a10b,alibaba,0,1.0,Alibaba,B,3.978e-05,0.0009109742025932158,0.00010741662890001447,0
comprehension,ally_majority,neutral,2301,-1,0,0,0,aQaQaQrQaPaP,B,qwen-122b,qwen/qwen3.5-122b-a10b,alibaba,0,1.0,Alibaba,B,4.16e-05,0.001926702543432495,6.794019329625645e-05,0
comprehension,ally_majority,neutral,2301,-1,0,1,0,aQaPaQaPaQrQ,B,qwen-122b,qwen/qwen3.5-122b-a10b,alibaba,0,1.0,Alibaba,B,4.16e-05,0.001324962520705868,8.324366383583026e-05,0
comprehension,ally_majority,neutral,2301,1,0,0,0,aQaQaPaPrQaQ,B,qwen-122b,qwen/qwen3.5-122b-a10b,alibaba,0,1.0,Alibaba,B,4.16e-05,0.003172590296670238,8.804441367515903e-05,0
comprehension,ally_majority,neutral,2301,1,0,1,0,aQaPaQaPrQaQ,B,qwen-122b,qwen/qwen3.5-122b-a10b,alibaba,0,1.0,Alibaba,B,4.16e-05,0.0019266670664767741,6.526252637739649e-05,0
comprehension,ally_majority,neutral,2310,-1,0,0,0,rPaQaQaPaQaP,B,qwen-122b,qwen/qwen3.5-122b-a10b,alibaba,0,1.0,Alibaba,B,4.16e-05,0.008577185087701474,0.000149090459861001,0
comprehension,ally_majority,neutral,2310,-1,0,1,0,aQaPrPaQaQaP,B,qwen-122b,qwen/qwen3.5-122b-a10b,alibaba,0,1.0,Alibaba,B,4.16e-05,0.00192666658113,7.216269951915155e-05,0
comprehension,ally_majority,neutral,2310,1,0,0,0,aQaQaPaQrPaP,B,qwen-122b,qwen/qwen3.5-122b-a10b,alibaba,0,1.0,Alibaba,B,4.16e-05,0.002472535593462562,8.146147810383919e-05,0
comprehension,ally_majority,neutral,2310,1,0,1,0,aQrPaPaQaQaP,B,qwen-122b,qwen/qwen3.5-122b-a10b,alibaba,0,1.0,Alibaba,B,4.16e-05,0.015905588128864695,0.00012529448701503743,0
comprehension,ally_majority,neutral,2400,-1,0,0,0,aQaQaQaQaPaP,B,qwen-122b,qwen/qwen3.5-122b-a10b,alibaba,0,1.0,Alibaba,B,4.16e-05,0.0007096419189495169,6.819557946990962e-05,0
comprehension,ally_majority,neutral,2400,-1,0,1,0,aQaPaPaQaQaQ,B,qwen-122b,qwen/qwen3.5-122b-a10b,alibaba,0,1.0,Alibaba,B,4.16e-05,0.0024724790412377746,0.00010150256918894929,0
comprehension,ally_majority,neutral,2400,1,0,0,0,aPaQaQaQaQaP,B,qwen-122b,qwen/qwen3.5-122b-a10b,alibaba,0,1.0,Alibaba,B,4.16e-05,0.0004305040388508053,9.55952667164306e-05,0
comprehension,ally_majority,neutral,2400,1,0,1,0,aPaQaQaQaQaP,B,qwen-122b,qwen/qwen3.5-122b-a10b,alibaba,0,1.0,Alibaba,B,4.16e-05,0.001032143692746814,8.85327962425464e-05,0
comprehension,ally_majority,neutral,3000,-1,0,0,0,aPaPaP,A,qwen-122b,qwen/qwen3.5-122b-a10b,alibaba,0,1.0,Alibaba,A,3.614e-05,0.9999151912949354,7.741182053699097e-05,0
comprehension,ally_majority,neutral,3000,-1,0,1,0,aPaPaP,A,qwen-122b,qwen/qwen3.5-122b-a10b,alibaba,0,1.0,Alibaba,A,3.614e-05,0.9999251593866724,0.00016579104702787979,0
comprehension,ally_majority,neutral,3000,1,0,0,0,aPaPaP,A,qwen-122b,qwen/qwen3.5-122b-a10b,alibaba,0,1.0,Alibaba,A,3.614e-05,0.9999546029694771,0.00011160780246568726,0
comprehension,ally_majority,neutral,3000,1,0,1,0,aPaPaP,A,qwen-122b,qwen/qwen3.5-122b-a10b,alibaba,0,1.0,Alibaba,A,3.614e-05,0.9998415700966,9.732199107042707e-05,0
comprehension,ally_majority,neutral,3001,-1,0,0,0,aPaPrQaP,A,qwen-122b,qwen/qwen3.5-122b-a10b,alibaba,0,1.0,Alibaba,A,3.796e-05,0.9999339505184988,0.00010628660248054632,0
comprehension,ally_majority,neutral,3001,-1,0,1,0,aPaPrQaP,A,qwen-122b,qwen/qwen3.5-122b-a10b,alibaba,0,1.0,Alibaba,A,3.796e-05,0.9998601913348211,0.00011138384380103526,0
comprehension,ally_majority,neutral,3001,1,0,0,0,aPrQaPaP,A,qwen-122b,qwen/qwen3.5-122b-a10b,alibaba,0,1.0,Alibaba,A,3.796e-05,0.9998911054402515,7.359792671787992e-05,0
comprehension,ally_majority,neutral,3001,1,0,1,0,rQaPaPaP,A,qwen-122b,qwen/qwen3.5-122b-a10b,alibaba,0,1.0,Alibaba,A,3.796e-05,0.9998204813170268,0.00010155514328655395,0
comprehension,ally_majority,neutral,3002,-1,0,0,0,rQaPaPrQaP,A,qwen-122b,qwen/qwen3.5-122b-a10b,alibaba,0,1.0,Alibaba,A,3.978e-05,0.9998766135208609,0.00012758986116434958,0
comprehension,ally_majority,neutral,3002,-1,0,1,0,aPaPrQrQaP,A,qwen-122b,qwen/qwen3.5-122b-a10b,alibaba,0,1.0,Alibaba,A,3.978e-05,0.9999151952777946,8.766747323835952e-05,0
comprehension,ally_majority,neutral,3002,1,0,0,0,rQaPrQaPaP,A,qwen-122b,qwen/qwen3.5-122b-a10b,alibaba,0,1.0,Alibaba,A,3.978e-05,0.9999151919484858,9.545326778195867e-05,0
comprehension,ally_majority,neutral,3002,1,0,1,0,aPrQaPaPrQ,A,qwen-122b,qwen/qwen3.5-122b-a10b,alibaba,0,1.0,Alibaba,A,3.978e-05,0.9998204812737451,9.321398546224133e-05,0
comprehension,ally_majority,neutral,3003,-1,0,0,0,aPrQrQaPaPrQ,A,qwen-122b,qwen/qwen3.5-122b-a10b,alibaba,0,1.0,Alibaba,A,4.16e-05,0.9999151923186723,0.00015306993599171678,0
comprehension,ally_majority,neutral,3003,-1,0,1,0,aPrQrQaPaPrQ,A,qwen-122b,qwen/qwen3.5-122b-a10b,alibaba,0,1.0,Alibaba,A,4.16e-05,0.9999151982065895,8.650982472152487e-05,0
comprehension,ally_majority,neutral,3003,1,0,0,0,aPrQaPrQaPrQ,A,qwen-122b,qwen/qwen3.5-122b-a10b,alibaba,0,1.0,Alibaba,A,4.16e-05,0.9999251553518603,8.142931150792809e-05,0
comprehension,ally_majority,neutral,3003,1,0,1,0,aPrQaPrQrQaP,A,qwen-122b,qwen/qwen3.5-122b-a10b,alibaba,0,1.0,Alibaba,A,4.16e-05,0.9998415755885879,8.173117651013066e-05,0
comprehension,ally_majority,neutral,3010,-1,0,0,0,aPaPrPaP,A,qwen-122b,qwen/qwen3.5-122b-a10b,alibaba,0,1.0,Alibaba,A,3.796e-05,0.9999039014029243,0.00011115478679649467,0
comprehension,ally_majority,neutral,3010,-1,0,1,0,rPaPaPaP,A,qwen-122b,qwen/qwen3.5-122b-a10b,alibaba,0,1.0,Alibaba,A,3.796e-05,0.999860195168433,0.00011257314633475327,0
comprehension,ally_majority,neutral,3010,1,0,0,0,aPaPrPaP,A,qwen-122b,qwen/qwen3.5-122b-a10b,alibaba,0,1.0,Alibaba,A,3.796e-05,0.9999339488062944,0.00011694934372393856,0
comprehension,ally_majority,neutral,3010,1,0,1,0,aPaPaPrP,A,qwen-122b,qwen/qwen3.5-122b-a10b,alibaba,0,1.0,Alibaba,A,3.796e-05,0.9997695051510027,0.00011277194685611612,0
comprehension,ally_majority,neutral,3011,-1,0,0,0,aPrPaPaPrQ,A,qwen-122b,qwen/qwen3.5-122b-a10b,alibaba,0,1.0,Alibaba,A,3.978e-05,0.9999039010070712,8.09446450216794e-05,0
comprehension,ally_majority,neutral,3011,-1,0,1,0,aPaPaPrPrQ,A,qwen-122b,qwen/qwen3.5-122b-a10b,alibaba,0,1.0,Alibaba,A,3.978e-05,0.9998415755717855,0.00012093390927956943,0
comprehension,ally_majority,neutral,3011,1,0,0,0,aPrPaPrQaP,A,qwen-122b,qwen/qwen3.5-122b-a10b,alibaba,0,1.0,Alibaba,A,3.978e-05,0.9999151905342716,7.779785276809994e-05,0
comprehension,ally_majority,neutral,3011,1,0,1,0,aPaPrQaPrP,A,qwen-122b,qwen/qwen3.5-122b-a10b,alibaba,0,1.0,Alibaba,A,3.978e-05,0.9997965849134984,7.759953645976837e-05,0
comprehension,ally_majority,neutral,3012,-1,0,0,0,rPaPrQaPaPrQ,A,qwen-122b,qwen/qwen3.5-122b-a10b,alibaba,0,1.0,Alibaba,A,4.16e-05,0.9997040510991825,0.00013018958322469473,0
comprehension,ally_majority,neutral,3012,-1,0,1,0,aPaPrQaPrPrQ,A,qwen-122b,qwen/qwen3.5-122b-a10b,alibaba,0,1.0,Alibaba,A,4.16e-05,0.999891111257099,0.00010409988332600951,0
comprehension,ally_majority,neutral,3012,1,0,0,0,rQaPaPrQrPaP,A,qwen-122b,qwen/qwen3.5-122b-a10b,alibaba,0,1.0,Alibaba,A,4.16e-05,0.9999339505045539,0.0002094782597233171,0
comprehension,ally_majority,neutral,3012,1,0,1,0,aPaPrQrQrPaP,A,qwen-122b,qwen/qwen3.5-122b-a10b,alibaba,0,1.0,Alibaba,A,4.16e-05,0.9997965848886164,6.818580002236816e-05,0
comprehension,ally_majority,neutral,3020,-1,0,0,0,aPaPrPrPaP,A,qwen-122b,qwen/qwen3.5-122b-a10b,alibaba,0,1.0,Alibaba,A,3.978e-05,0.9998766110294137,9.342621959879734e-05,0
comprehension,ally_majority,neutral,3020,-1,0,1,0,aPaPaPrPrP,A,qwen-122b,qwen/qwen3.5-122b-a10b,alibaba,0,1.0,Alibaba,A,3.978e-05,0.9997965924874117,0.00010425881441439717,0
comprehension,ally_majority,neutral,3020,1,0,0,0,rPaPaPrPaP,A,qwen-122b,qwen/qwen3.5-122b-a10b,alibaba,0,1.0,Alibaba,A,3.978e-05,0.9999038996490172,0.00016373079034558076,0
comprehension,ally_majority,neutral,3020,1,0,1,0,rPaPrPaPaP,A,qwen-122b,qwen/qwen3.5-122b-a10b,alibaba,0,1.0,Alibaba,A,3.978e-05,0.9997965849427126,0.00014325219480285962,0
comprehension,ally_majority,neutral,3021,-1,0,0,0,rQaPrPrPaPaP,A,qwen-122b,qwen/qwen3.5-122b-a10b,alibaba,0,1.0,Alibaba,A,4.16e-05,0.9997965882859179,0.0001315866472553383,0
comprehension,ally_majority,neutral,3021,-1,0,1,0,aPaPrQaPrPrP,A,qwen-122b,qwen/qwen3.5-122b-a10b,alibaba,0,1.0,Alibaba,A,4.16e-05,0.9998766188374719,0.00011025111283687283,0
comprehension,ally_majority,neutral,3021,1,0,0,0,aPaPrPrPrQaP,A,qwen-122b,qwen/qwen3.5-122b-a10b,alibaba,0,1.0,Alibaba,A,4.16e-05,0.9998601813595762,9.404062982717667e-05,0
comprehension,ally_majority,neutral,3021,1,0,1,0,aPrPaPaPrPrQ,A,qwen-122b,qwen/qwen3.5-122b-a10b,alibaba,0,1.0,Alibaba,A,4.16e-05,0.9997040564159547,8.64797810188416e-05,0
comprehension,ally_majority,neutral,3030,-1,0,0,0,aPrPrPaPaPrP,A,qwen-122b,qwen/qwen3.5-122b-a10b,alibaba,0,1.0,Alibaba,A,4.16e-05,0.9998601851050137,9.109457431594995e-05,0
comprehension,ally_majority,neutral,3030,-1,0,1,0,rPaPaPaPrPrP,A,qwen-122b,qwen/qwen3.5-122b-a10b,alibaba,0,1.0,Alibaba,A,4.16e-05,0.9997040751827297,0.00012605703708701283,0
comprehension,ally_majority,neutral,3030,1,0,0,0,aPaPaPrPrPrP,A,qwen-122b,qwen/qwen3.5-122b-a10b,alibaba,0,1.0,Alibaba,A,4.16e-05,0.9999417098593146,0.00011027539312175726,0
comprehension,ally_majority,neutral,3030,1,0,1,0,rPaPrPaPaPrP,A,qwen-122b,qwen/qwen3.5-122b-a10b,alibaba,0,1.0,Alibaba,A,4.16e-05,0.9997965863731286,0.0001028465346252537,0
comprehension,ally_majority,neutral,3100,-1,0,0,0,aPaQaPaP,A,qwen-122b,qwen/qwen3.5-122b-a10b,alibaba,0,1.0,Alibaba,A,3.796e-05,0.9999151945223532,0.00011659964951489685,0
comprehension,ally_majority,neutral,3100,-1,0,1,0,aQaPaPaP,A,qwen-122b,qwen/qwen3.5-122b-a10b,alibaba,0,1.0,Alibaba,A,3.796e-05,0.999820491635749,0.0001308545137752943,0
comprehension,ally_majority,neutral,3100,1,0,0,0,aPaPaPaQ,A,qwen-122b,qwen/qwen3.5-122b-a10b,alibaba,0,1.0,Alibaba,A,3.796e-05,0.9990889738322959,0.0001148665588917078,0
comprehension,ally_majority,neutral,3100,1,0,1,0,aPaPaPaQ,A,qwen-122b,qwen/qwen3.5-122b-a10b,alibaba,0,1.0,Alibaba,A,3.796e-05,0.9997040678717165,9.35454872333304e-05,0
comprehension,ally_majority,neutral,3101,-1,0,0,0,rQaPaPaPaQ,A,qwen-122b,qwen/qwen3.5-122b-a10b,alibaba,0,1.0,Alibaba,A,3.978e-05,0.99986018977502,0.00016354129047120952,0
comprehension,ally_majority,neutral,3101,-1,0,1,0,aQaPrQaPaP,A,qwen-122b,qwen/qwen3.5-122b-a10b,alibaba,0,1.0,Alibaba,A,3.978e-05,0.9989678054917517,8.435915546945827e-05,0
comprehension,ally_majority,neutral,3101,1,0,0,0,aPrQaPaQaP,A,qwen-122b,qwen/qwen3.5-122b-a10b,alibaba,0,1.0,Alibaba,A,3.978e-05,0.999088990309414,9.868914362384242e-05,0
comprehension,ally_majority,neutral,3101,1,0,1,0,aPrQaPaQaP,A,qwen-122b,qwen/qwen3.5-122b-a10b,alibaba,0,1.0,Alibaba,A,3.978e-05,0.9995694624196619,7.623124658782927e-05,0
comprehension,ally_majority,neutral,3102,-1,0,0,0,aPrQaPaPrQaQ,A,qwen-122b,qwen/qwen3.5-122b-a10b,alibaba,0,1.0,Alibaba,A,4.16e-05,0.9992903518933639,9.789335896384123e-05,0
comprehension,ally_majority,neutral,3102,-1,0,1,0,aQrQrQaPaPaP,A,qwen-122b,qwen/qwen3.5-122b-a10b,alibaba,0,1.0,Alibaba,A,4.16e-05,0.9968274441471158,0.00011914612599799685,0
comprehension,ally_majority,neutral,3102,1,0,0,0,aPaPaPaQrQrQ,A,qwen-122b,qwen/qwen3.5-122b-a10b,alibaba,0,1.0,Alibaba,A,4.16e-05,0.9996646559424158,8.993889558558271e-05,0
comprehension,ally_majority,neutral,3102,1,0,1,0,aPaQrQrQaPaP,A,qwen-122b,qwen/qwen3.5-122b-a10b,alibaba,0,1.0,Alibaba,A,4.16e-05,0.9984989053574549,8.345571502751275e-05,0
comprehension,ally_majority,neutral,3110,-1,0,0,0,aPaPaPaQrP,A,qwen-122b,qwen/qwen3.5-122b-a10b,alibaba,0,1.0,Alibaba,A,3.978e-05,0.9998601835140071,9.579772895037815e-05,0
comprehension,ally_majority,neutral,3110,-1,0,1,0,aPaQaPaPrP,A,qwen-122b,qwen/qwen3.5-122b-a10b,alibaba,0,1.0,Alibaba,A,3.978e-05,0.9997388319135176,8.566237999122704e-05,0
comprehension,ally_majority,neutral,3110,1,0,0,0,aQaPrPaPaP,A,qwen-122b,qwen/qwen3.5-122b-a10b,alibaba,0,1.0,Alibaba,A,3.978e-05,0.9971991712428137,0.000103112737569105,0
comprehension,ally_majority,neutral,3110,1,0,1,0,rPaPaPaPaQ,A,qwen-122b,qwen/qwen3.5-122b-a10b,alibaba,0,1.0,Alibaba,A,3.978e-05,0.9982993894668928,0.00010219483981646605,0
comprehension,ally_majority,neutral,3111,-1,0,0,0,aPaQrPrQaPaP,A,qwen-122b,qwen/qwen3.5-122b-a10b,alibaba,0,1.0,Alibaba,A,4.16e-05,0.9940890423257388,8.552239885245474e-05,0
comprehension,ally_majority,neutral,3111,-1,0,1,0,aPaPaQaPrQrP,A,qwen-122b,qwen/qwen3.5-122b-a10b,alibaba,0,1.0,Alibaba,A,4.16e-05,0.999841581079851,0.00010047290636265918,0
comprehension,ally_majority,neutral,3111,1,0,0,0,aQaPaPrQaPrP,A,qwen-122b,qwen/qwen3.5-122b-a10b,alibaba,0,1.0,Alibaba,A,4.16e-05,0.9989677862241971,7.632333879104892e-05,0
comprehension,ally_majority,neutral,3111,1,0,1,0,aPaPrQrPaPaQ,A,qwen-122b,qwen/qwen3.5-122b-a10b,alibaba,0,1.0,Alibaba,A,4.16e-05,0.9997388178128573,5.286957924181059e-05,0
comprehension,ally_majority,neutral,3120,-1,0,0,0,aPrPaPrPaPaQ,A,qwen-122b,qwen/qwen3.5-122b-a10b,alibaba,0,1.0,Alibaba,A,4.16e-05,0.9992903518226989,0.00012087860570863943,0
comprehension,ally_majority,neutral,3120,-1,0,1,0,aQrPaPaPaPrP,A,qwen-122b,qwen/qwen3.5-122b-a10b,alibaba,0,1.0,Alibaba,A,4.16e-05,0.9993736980121449,0.00010983448148082814,0
comprehension,ally_majority,neutral,3120,1,0,0,0,aQaPrPaPaPrP,A,qwen-122b,qwen/qwen3.5-122b-a10b,alibaba,0,1.0,Alibaba,A,4.16e-05,0.9820142191803136,9.860731404110618e-05,0
comprehension,ally_majority,neutral,3120,1,0,1,0,rPaPaPrPaPaQ,A,qwen-122b,qwen/qwen3.5-122b-a10b,alibaba,0,1.0,Alibaba,A,4.16e-05,0.9968274438223491,8.825728177905365e-05,0
comprehension,ally_majority,neutral,3200,-1,0,0,0,aQaPaPaQaP,A,qwen-122b,qwen/qwen3.5-122b-a10b,alibaba,0,1.0,Alibaba,A,3.978e-05,0.9982993372769084,0.00010951754219761423,0
comprehension,ally_majority,neutral,3200,-1,0,1,0,aPaQaPaPaQ,A,qwen-122b,qwen/qwen3.5-122b-a10b,alibaba,0,1.0,Alibaba,A,3.978e-05,0.9991959743096942,0.00011629304457898737,0
comprehension,ally_majority,neutral,3200,1,0,0,0,aQaQaPaPaP,A,qwen-122b,qwen/qwen3.5-122b-a10b,alibaba,0,1.0,Alibaba,A,3.978e-05,0.9399133534026293,0.0002466955800261711,0
comprehension,ally_majority,neutral,3200,1,0,1,0,aPaQaPaQaP,A,qwen-122b,qwen/qwen3.5-122b-a10b,alibaba,0,1.0,Alibaba,A,3.978e-05,0.9964066647870063,0.00015260431356299868,0
comprehension,ally_majority,neutral,3201,-1,0,0,0,rQaQaQaPaPaP,A,qwen-122b,qwen/qwen3.5-122b-a10b,alibaba,0,1.0,Alibaba,A,4.16e-05,0.966915882734429,0.00019089904687889792,0
comprehension,ally_majority,neutral,3201,-1,0,1,0,aPaQaPaPaQrQ,A,qwen-122b,qwen/qwen3.5-122b-a10b,alibaba,0,1.0,Alibaba,A,4.16e-05,0.9992903826990718,9.310684778608973e-05,0
comprehension,ally_majority,neutral,3201,1,0,0,0,aPaPaPaQaQrQ,A,qwen-122b,qwen/qwen3.5-122b-a10b,alibaba,0,1.0,Alibaba,A,4.16e-05,0.9982993376348621,9.452664086343756e-05,0
comprehension,ally_majority,neutral,3201,1,0,1,0,aQaPaPrQaQaP,A,qwen-122b,qwen/qwen3.5-122b-a10b,alibaba,0,1.0,Alibaba,A,4.16e-05,0.7310625395361067,0.00021001942200560286,0
comprehension,ally_majority,neutral,3210,-1,0,0,0,rPaPaQaPaPaQ,A,qwen-122b,qwen/qwen3.5-122b-a10b,alibaba,0,1.0,Alibaba,A,4.16e-05,0.9992903504400488,0.0001895735009538386,0
comprehension,ally_majority,neutral,3210,-1,0,1,0,aQaQaPaPaPrP,A,qwen-122b,qwen/qwen3.5-122b-a10b,alibaba,0,1.0,Alibaba,A,4.16e-05,0.9796684962990039,0.00012986985617464974,0
comprehension,ally_majority,neutral,3210,1,0,0,0,rPaQaPaQaPaP,A,qwen-122b,qwen/qwen3.5-122b-a10b,alibaba,0,1.0,Alibaba,A,4.16e-05,0.9706882734064735,0.00013268562743143364,0
comprehension,ally_majority,neutral,3210,1,0,1,0,aPaPaPrPaQaQ,A,qwen-122b,qwen/qwen3.5-122b-a10b,alibaba,0,1.0,Alibaba,A,4.16e-05,0.9740432595539549,0.00010116243781096643,0
comprehension,ally_majority,neutral,4000,-1,0,0,0,aPaPaPaP,A,qwen-122b,qwen/qwen3.5-122b-a10b,alibaba,0,1.0,Alibaba,A,3.796e-05,0.9999151907680193,6.455222367333016e-05,0
comprehension,ally_majority,neutral,4000,-1,0,1,0,aPaPaPaP,A,qwen-122b,qwen/qwen3.5-122b-a10b,alibaba,0,1.0,Alibaba,A,3.796e-05,0.999903904745909,0.00010116374641386937,0
comprehension,ally_majority,neutral,4000,1,0,0,0,aPaPaPaP,A,qwen-122b,qwen/qwen3.5-122b-a10b,alibaba,0,1.0,Alibaba,A,3.796e-05,0.9999251552086089,0.00013197528976397293,0
comprehension,ally_majority,neutral,4000,1,0,1,0,aPaPaPaP,A,qwen-122b,qwen/qwen3.5-122b-a10b,alibaba,0,1.0,Alibaba,A,3.796e-05,0.99973882009947,8.321326661475073e-05,0
comprehension,ally_majority,neutral,4001,-1,0,0,0,aPrQaPaPaP,A,qwen-122b,qwen/qwen3.5-122b-a10b,alibaba,0,1.0,Alibaba,A,3.978e-05,0.9999039032238429,0.00011890815520244841,0
comprehension,ally_majority,neutral,4001,-1,0,1,0,aPrQaPaPaP,A,qwen-122b,qwen/qwen3.5-122b-a10b,alibaba,0,1.0,Alibaba,A,3.978e-05,0.9998766158350649,0.00010216115221821519,0
comprehension,ally_majority,neutral,4001,1,0,0,0,aPaPrQaPaP,A,qwen-122b,qwen/qwen3.5-122b-a10b,alibaba,0,1.0,Alibaba,A,3.978e-05,0.9998204752514205,0.00010482481854760583,0
comprehension,ally_majority,neutral,4001,1,0,1,0,aPaPaPrQaP,A,qwen-122b,qwen/qwen3.5-122b-a10b,alibaba,0,1.0,Alibaba,A,3.978e-05,0.9997695085708924,7.600363567712698e-05,0
comprehension,ally_majority,neutral,4002,-1,0,0,0,aPaPrQaPrQaP,A,qwen-122b,qwen/qwen3.5-122b-a10b,alibaba,0,1.0,Alibaba,A,4.16e-05,0.9999039010077618,0.00011240566796599983,0
comprehension,ally_majority,neutral,4002,-1,0,1,0,aPrQaPaPrQaP,A,qwen-122b,qwen/qwen3.5-122b-a10b,alibaba,0,1.0,Alibaba,A,4.16e-05,0.9999039057261403,8.238172763063812e-05,0
comprehension,ally_majority,neutral,4002,1,0,0,0,aPrQaPaPaPrQ,A,qwen-122b,qwen/qwen3.5-122b-a10b,alibaba,0,1.0,Alibaba,A,4.16e-05,0.999933949485367,0.00013146201590218495,0
comprehension,ally_majority,neutral,4002,1,0,1,0,aPaPaPrQaPrQ,A,qwen-122b,qwen/qwen3.5-122b-a10b,alibaba,0,1.0,Alibaba,A,4.16e-05,0.9997965848406639,7.605036486235076e-05,0
comprehension,ally_majority,neutral,4010,-1,0,0,0,aPrPaPaPaP,A,qwen-122b,qwen/qwen3.5-122b-a10b,alibaba,0,1.0,Alibaba,A,3.978e-05,0.9998204838138508,0.00013055858857128282,0
comprehension,ally_majority,neutral,4010,-1,0,1,0,aPaPaPaPrP,A,qwen-122b,qwen/qwen3.5-122b-a10b,alibaba,0,1.0,Alibaba,A,3.978e-05,0.9999151953183174,9.195762177301606e-05,0
comprehension,ally_majority,neutral,4010,1,0,0,0,aPaPaPaPrP,A,qwen-122b,qwen/qwen3.5-122b-a10b,alibaba,0,1.0,Alibaba,A,3.978e-05,0.999933949675091,0.00010284374853401585,0
comprehension,ally_majority,neutral,4010,1,0,1,0,aPaPaPrPaP,A,qwen-122b,qwen/qwen3.5-122b-a10b,alibaba,0,1.0,Alibaba,A,3.978e-05,0.9997040582066331,9.854771612405994e-05,0
comprehension,ally_majority,neutral,4011,-1,0,0,0,aPrPaPaPaPrQ,A,qwen-122b,qwen/qwen3.5-122b-a10b,alibaba,0,1.0,Alibaba,A,4.16e-05,0.9998911048845742,6.725716136201274e-05,0
comprehension,ally_majority,neutral,4011,-1,0,1,0,aPaPaPrQrPaP,A,qwen-122b,qwen/qwen3.5-122b-a10b,alibaba,0,1.0,Alibaba,A,4.16e-05,0.9998766126351142,8.708910426557428e-05,0
comprehension,ally_majority,neutral,4011,1,0,0,0,aPaPrPaPrQaP,A,qwen-122b,qwen/qwen3.5-122b-a10b,alibaba,0,1.0,Alibaba,A,4.16e-05,0.999820476421325,8.495856655904428e-05,0
comprehension,ally_majority,neutral,4011,1,0,1,0,aPaPaPrQaPrP,A,qwen-122b,qwen/qwen3.5-122b-a10b,alibaba,0,1.0,Alibaba,A,4.16e-05,0.9997040649218453,9.206954977113992e-05,0
comprehension,ally_majority,neutral,4020,-1,0,0,0,aPrPrPaPaPaP,A,qwen-122b,qwen/qwen3.5-122b-a10b,alibaba,0,1.0,Alibaba,A,4.16e-05,0.9998766098046825,8.714004953000123e-05,0
comprehension,ally_majority,neutral,4020,-1,0,1,0,aPrPaPaPrPaP,A,qwen-122b,qwen/qwen3.5-122b-a10b,alibaba,0,1.0,Alibaba,A,4.16e-05,0.9997965902373953,9.052617781277455e-05,0
comprehension,ally_majority,neutral,4020,1,0,0,0,rPaPaPrPaPaP,A,qwen-122b,qwen/qwen3.5-122b-a10b,alibaba,0,1.0,Alibaba,A,4.16e-05,0.9998766067000019,0.00013232342054626822,0
comprehension,ally_majority,neutral,4020,1,0,1,0,rPaPrPaPaPaP,A,qwen-122b,qwen/qwen3.5-122b-a10b,alibaba,0,1.0,Alibaba,A,4.16e-05,0.9997965848912502,0.0001053629242414839,0
comprehension,ally_majority,neutral,4100,-1,0,0,0,aPaPaPaPaQ,A,qwen-122b,qwen/qwen3.5-122b-a10b,alibaba,0,1.0,Alibaba,A,3.978e-05,0.999769505120482,7.762175784965691e-05,0
comprehension,ally_majority,neutral,4100,-1,0,1,0,aPaPaPaPaQ,A,qwen-122b,qwen/qwen3.5-122b-a10b,alibaba,0,1.0,Alibaba,A,3.978e-05,0.9998415742527137,0.00010160566045591777,0
comprehension,ally_majority,neutral,4100,1,0,0,0,aPaQaPaPaP,A,qwen-122b,qwen/qwen3.5-122b-a10b,alibaba,0,1.0,Alibaba,A,3.978e-05,0.9997965801523053,0.0001067249163016881,0
comprehension,ally_majority,neutral,4100,1,0,1,0,aPaPaQaPaP,A,qwen-122b,qwen/qwen3.5-122b-a10b,alibaba,0,1.0,Alibaba,A,3.978e-05,0.9996646718941534,9.482112782960354e-05,0
comprehension,ally_majority,neutral,4101,-1,0,0,0,aPaPrQaPaQaP,A,qwen-122b,qwen/qwen3.5-122b-a10b,alibaba,0,1.0,Alibaba,A,4.16e-05,0.9999251556013485,8.667852017063272e-05,0
comprehension,ally_majority,neutral,4101,-1,0,1,0,aQaPaPaPrQaP,A,qwen-122b,qwen/qwen3.5-122b-a10b,alibaba,0,1.0,Alibaba,A,4.16e-05,0.9998766173161752,8.443663322703837e-05,0
comprehension,ally_majority,neutral,4101,1,0,0,0,aPaPrQaQaPaP,A,qwen-122b,qwen/qwen3.5-122b-a10b,alibaba,0,1.0,Alibaba,A,4.16e-05,0.9989678053206671,0.00014555302470892206,0
comprehension,ally_majority,neutral,4101,1,0,1,0,aQaPaPaPrQaP,A,qwen-122b,qwen/qwen3.5-122b-a10b,alibaba,0,1.0,Alibaba,A,4.16e-05,0.9997695085981061,7.302476638955868e-05,0
comprehension,ally_majority,neutral,4110,-1,0,0,0,aPaPaPaQaPrP,A,qwen-122b,qwen/qwen3.5-122b-a10b,alibaba,0,1.0,Alibaba,A,4.16e-05,0.9998601870989403,0.00011020996066435894,0
comprehension,ally_majority,neutral,4110,-1,0,1,0,rPaQaPaPaPaP,A,qwen-122b,qwen/qwen3.5-122b-a10b,alibaba,0,1.0,Alibaba,A,4.16e-05,0.9997695105164828,8.282079420608162e-05,0
comprehension,ally_majority,neutral,4110,1,0,0,0,rPaPaPaQaPaP,A,qwen-122b,qwen/qwen3.5-122b-a10b,alibaba,0,1.0,Alibaba,A,4.16e-05,0.9993736831648159,6.487991894434174e-05,0
comprehension,ally_majority,neutral,4110,1,0,1,0,rPaPaPaQaPaP,A,qwen-122b,qwen/qwen3.5-122b-a10b,alibaba,0,1.0,Alibaba,A,4.16e-05,0.999512175127509,8.678100913902203e-05,0
comprehension,ally_majority,neutral,4200,-1,0,0,0,aQaPaPaPaQaP,A,qwen-122b,qwen/qwen3.5-122b-a10b,alibaba,0,1.0,Alibaba,A,4.16e-05,0.9996200349523103,0.00014471957614121126,0
comprehension,ally_majority,neutral,4200,-1,0,1,0,aQaPaPaPaQaP,A,qwen-122b,qwen/qwen3.5-122b-a10b,alibaba,0,1.0,Alibaba,A,4.16e-05,0.9995121959790533,9.839454236495456e-05,0
comprehension,ally_majority,neutral,4200,1,0,0,0,aQaPaPaQaPaP,A,qwen-122b,qwen/qwen3.5-122b-a10b,alibaba,0,1.0,Alibaba,A,4.16e-05,0.9996200328195233,6.164953495138396e-05,0
comprehension,ally_majority,neutral,4200,1,0,1,0,aQaPaPaPaPaQ,A,qwen-122b,qwen/qwen3.5-122b-a10b,alibaba,0,1.0,Alibaba,A,4.16e-05,0.9978174466954765,0.00010621339673304352,0
comprehension,ally_majority,neutral,5000,-1,0,0,0,aPaPaPaPaP,A,qwen-122b,qwen/qwen3.5-122b-a10b,alibaba,0,1.0,Alibaba,A,3.978e-05,0.9997965811348571,0.00011429166766065461,0
comprehension,ally_majority,neutral,5000,-1,0,1,0,aPaPaPaPaP,A,qwen-122b,qwen/qwen3.5-122b-a10b,alibaba,0,1.0,Alibaba,A,3.978e-05,0.9998766206558272,0.00010123629739722939,0
comprehension,ally_majority,neutral,5000,1,0,0,0,aPaPaPaPaP,A,qwen-122b,qwen/qwen3.5-122b-a10b,alibaba,0,1.0,Alibaba,A,3.978e-05,0.9999339490386518,0.00012201396094030495,0
comprehension,ally_majority,neutral,5000,1,0,1,0,aPaPaPaPaP,A,qwen-122b,qwen/qwen3.5-122b-a10b,alibaba,0,1.0,Alibaba,A,3.978e-05,0.9997040563101962,8.683711038138522e-05,0
comprehension,ally_majority,neutral,5001,-1,0,0,0,aPaPrQaPaPaP,A,qwen-122b,qwen/qwen3.5-122b-a10b,alibaba,0,1.0,Alibaba,A,4.16e-05,0.9998766109706339,9.485613767947924e-05,0
comprehension,ally_majority,neutral,5001,-1,0,1,0,aPrQaPaPaPaP,A,qwen-122b,qwen/qwen3.5-122b-a10b,alibaba,0,1.0,Alibaba,A,4.16e-05,0.9998911149917938,0.00010413330316026385,0
comprehension,ally_majority,neutral,5001,1,0,0,0,rQaPaPaPaPaP,A,qwen-122b,qwen/qwen3.5-122b-a10b,alibaba,0,1.0,Alibaba,A,4.16e-05,0.9997965774678316,0.00011229154037417047,0
comprehension,ally_majority,neutral,5001,1,0,1,0,aPaPaPaPaPrQ,A,qwen-122b,qwen/qwen3.5-122b-a10b,alibaba,0,1.0,Alibaba,A,4.16e-05,0.9997965802959803,8.027188560917687e-05,0
comprehension,ally_majority,neutral,5010,-1,0,0,0,aPaPaPrPaPaP,A,qwen-122b,qwen/qwen3.5-122b-a10b,alibaba,0,1.0,Alibaba,A,4.16e-05,0.9997695005103283,8.99922378808288e-05,0
comprehension,ally_majority,neutral,5010,-1,0,1,0,aPaPrPaPaPaP,A,qwen-122b,qwen/qwen3.5-122b-a10b,alibaba,0,1.0,Alibaba,A,4.16e-05,0.9998601884279898,9.307634801646112e-05,0
comprehension,ally_majority,neutral,5010,1,0,0,0,aPaPaPrPaPaP,A,qwen-122b,qwen/qwen3.5-122b-a10b,alibaba,0,1.0,Alibaba,A,4.16e-05,0.9999251551725783,0.00011052478664750427,0
comprehension,ally_majority,neutral,5010,1,0,1,0,aPaPaPaPaPrP,A,qwen-122b,qwen/qwen3.5-122b-a10b,alibaba,0,1.0,Alibaba,A,4.16e-05,0.9998415701152521,9.243635235233518e-05,0
comprehension,ally_majority,neutral,5100,-1,0,0,0,aPaPaPaPaQaP,A,qwen-122b,qwen/qwen3.5-122b-a10b,alibaba,0,1.0,Alibaba,A,4.16e-05,0.9997695084913368,0.00010781712021952828,0
comprehension,ally_majority,neutral,5100,-1,0,1,0,aPaPaQaPaPaP,A,qwen-122b,qwen/qwen3.5-122b-a10b,alibaba,0,1.0,Alibaba,A,4.16e-05,0.9998415860001336,0.0001104206903919751,0
comprehension,ally_majority,neutral,5100,1,0,0,0,aQaPaPaPaPaP,A,qwen-122b,qwen/qwen3.5-122b-a10b,alibaba,0,1.0,Alibaba,A,4.16e-05,0.9995121548182722,0.00010123129488303376,0
comprehension,ally_majority,neutral,5100,1,0,1,0,aPaQaPaPaPaP,A,qwen-122b,qwen/qwen3.5-122b-a10b,alibaba,0,1.0,Alibaba,A,4.16e-05,0.9995121842252784,9.531011376870201e-05,0
comprehension,ally_majority,neutral,6000,-1,0,0,0,aPaPaPaPaPaP,A,qwen-122b,qwen/qwen3.5-122b-a10b,alibaba,0,1.0,Alibaba,A,4.16e-05,0.9999151910007339,0.00010376661268361914,0
comprehension,ally_majority,neutral,6000,-1,0,1,0,aPaPaPaPaPaP,A,qwen-122b,qwen/qwen3.5-122b-a10b,alibaba,0,1.0,Alibaba,A,4.16e-05,0.9998415772249858,9.524258226848554e-05,0
comprehension,ally_majority,neutral,6000,1,0,0,0,aPaPaPaPaPaP,A,qwen-122b,qwen/qwen3.5-122b-a10b,alibaba,0,1.0,Alibaba,A,4.16e-05,0.9999038996024991,0.00013656237124086093,0
comprehension,ally_majority,neutral,6000,1,0,1,0,aPaPaPaPaPaP,A,qwen-122b,qwen/qwen3.5-122b-a10b,alibaba,0,1.0,Alibaba,A,4.16e-05,0.9998204770441776,6.813893259132104e-05,0
comprehension,own,neutral,0001,-1,0,0,0,rQ,B,qwen-122b,qwen/qwen3.5-122b-a10b,alibaba,0,1.0,Alibaba,B,3.172e-05,9.610037589042468e-05,7.626243325531412e-05,0
comprehension,own,neutral,0001,-1,0,1,0,rQ,B,qwen-122b,qwen/qwen3.5-122b-a10b,alibaba,0,1.0,Alibaba,B,3.172e-05,0.0002034166016378172,7.07433971006699e-05,0
comprehension,own,neutral,0001,1,0,0,0,rQ,A,qwen-122b,qwen/qwen3.5-122b-a10b,alibaba,0,1.0,Alibaba,A,3.172e-05,0.9999151908087699,8.505102833769135e-05,0
comprehension,own,neutral,0001,1,0,1,0,rQ,A,qwen-122b,qwen/qwen3.5-122b-a10b,alibaba,0,1.0,Alibaba,A,3.172e-05,0.9996646694125425,0.00010412806892054483,0
comprehension,own,neutral,0002,-1,0,0,0,rQrQ,B,qwen-122b,qwen/qwen3.5-122b-a10b,alibaba,0,1.0,Alibaba,B,3.354e-05,0.00012339076727431287,7.17494517350481e-05,0
comprehension,own,neutral,0002,-1,0,1,0,rQrQ,B,qwen-122b,qwen/qwen3.5-122b-a10b,alibaba,0,1.0,Alibaba,B,3.354e-05,0.00017952236143910897,7.436432296881179e-05,0
comprehension,own,neutral,0002,1,0,0,0,rQrQ,A,qwen-122b,qwen/qwen3.5-122b-a10b,alibaba,0,1.0,Alibaba,A,3.354e-05,0.9999339478322313,8.020153699656958e-05,0
comprehension,own,neutral,0002,1,0,1,0,rQrQ,A,qwen-122b,qwen/qwen3.5-122b-a10b,alibaba,0,1.0,Alibaba,A,3.354e-05,0.9995694624260401,0.00010244013443770991,0
comprehension,own,neutral,0003,-1,0,0,0,rQrQrQ,B,qwen-122b,qwen/qwen3.5-122b-a10b,alibaba,0,1.0,Alibaba,B,3.536e-05,0.0001398164199251973,8.006779109559492e-05,0
comprehension,own,neutral,0003,-1,0,1,0,rQrQrQ,B,qwen-122b,qwen/qwen3.5-122b-a10b,alibaba,0,1.0,Alibaba,B,3.536e-05,0.0001584313085604632,7.567553471743427e-05,0
comprehension,own,neutral,0003,1,0,0,0,rQrQrQ,A,qwen-122b,qwen/qwen3.5-122b-a10b,alibaba,0,1.0,Alibaba,A,3.536e-05,0.9999485582589215,8.527670893146186e-05,0
comprehension,own,neutral,0003,1,0,1,0,rQrQrQ,A,qwen-122b,qwen/qwen3.5-122b-a10b,alibaba,0,1.0,Alibaba,A,3.536e-05,0.999704062565399,9.049563233649182e-05,0
comprehension,own,neutral,0004,-1,0,0,0,rQrQrQrQ,B,qwen-122b,qwen/qwen3.5-122b-a10b,alibaba,0,1.0,Alibaba,B,3.718e-05,0.0001584298473792026,8.361819098823275e-05,0
comprehension,own,neutral,0004,-1,0,1,0,rQrQrQrQ,B,qwen-122b,qwen/qwen3.5-122b-a10b,alibaba,0,1.0,Alibaba,B,3.718e-05,0.00017952353666545782,6.946696843845857e-05,0
comprehension,own,neutral,0004,1,0,0,0,rQrQrQrQ,A,qwen-122b,qwen/qwen3.5-122b-a10b,alibaba,0,1.0,Alibaba,A,3.718e-05,0.9999546025537254,7.308572990465039e-05,0
comprehension,own,neutral,0004,1,0,1,0,rQrQrQrQ,A,qwen-122b,qwen/qwen3.5-122b-a10b,alibaba,0,1.0,Alibaba,A,3.718e-05,0.9995121712943578,0.00012372179427868376,0
comprehension,own,neutral,0005,-1,0,0,0,rQrQrQrQrQ,B,qwen-122b,qwen/qwen3.5-122b-a10b,alibaba,0,1.0,Alibaba,B,3.9e-05,0.00013981865790456012,7.032574512888523e-05,0
comprehension,own,neutral,0005,-1,0,1,0,rQrQrQrQrQ,B,qwen-122b,qwen/qwen3.5-122b-a10b,alibaba,0,1.0,Alibaba,B,3.9e-05,0.0001398190236965156,7.484895042064732e-05,0
comprehension,own,neutral,0005,1,0,0,0,rQrQrQrQrQ,A,qwen-122b,qwen/qwen3.5-122b-a10b,alibaba,0,1.0,Alibaba,A,3.9e-05,0.9999339484922659,7.211682485875825e-05,0
comprehension,own,neutral,0005,1,0,1,0,rQrQrQrQrQ,A,qwen-122b,qwen/qwen3.5-122b-a10b,alibaba,0,1.0,Alibaba,A,3.9e-05,0.9996200306225002,0.00011940167914130704,0
comprehension,own,neutral,0006,-1,0,0,0,rQrQrQrQrQrQ,B,qwen-122b,qwen/qwen3.5-122b-a10b,alibaba,0,1.0,Alibaba,B,4.082e-05,0.00017952234000109712,7.519851794679511e-05,0
comprehension,own,neutral,0006,-1,0,1,0,rQrQrQrQrQrQ,B,qwen-122b,qwen/qwen3.5-122b-a10b,alibaba,0,1.0,Alibaba,B,4.082e-05,0.00013981817187453934,7.829309313145405e-05,0
comprehension,own,neutral,0006,1,0,0,0,rQrQrQrQrQrQ,A,qwen-122b,qwen/qwen3.5-122b-a10b,alibaba,0,1.0,Alibaba,A,4.082e-05,0.9999485585515191,0.0001272680037193127,0
comprehension,own,neutral,0006,1,0,1,0,rQrQrQrQrQrQ,A,qwen-122b,qwen/qwen3.5-122b-a10b,alibaba,0,1.0,Alibaba,A,4.082e-05,0.9996200288302024,0.00010313959593064411,0
comprehension,own,neutral,0010,-1,0,0,0,rP,B,qwen-122b,qwen/qwen3.5-122b-a10b,alibaba,0,1.0,Alibaba,B,3.172e-05,5.8288252293506116e-05,7.692789479463169e-05,0
comprehension,own,neutral,0010,-1,0,1,0,rP,B,qwen-122b,qwen/qwen3.5-122b-a10b,alibaba,0,1.0,Alibaba,B,3.172e-05,0.0001584290781926591,7.208829588478682e-05,0
comprehension,own,neutral,0010,1,0,0,0,rP,A,qwen-122b,qwen/qwen3.5-122b-a10b,alibaba,0,1.0,Alibaba,A,3.172e-05,0.9999251537913957,9.369433344574068e-05,0
comprehension,own,neutral,0010,1,0,1,0,rP,A,qwen-122b,qwen/qwen3.5-122b-a10b,alibaba,0,1.0,Alibaba,A,3.172e-05,0.9991959464272323,0.00010948694986687645,0
comprehension,own,neutral,0011,-1,0,0,0,rPrQ,B,qwen-122b,qwen/qwen3.5-122b-a10b,alibaba,0,1.0,Alibaba,B,3.354e-05,5.82896530810737e-05,6.186007832031937e-05,0
comprehension,own,neutral,0011,-1,0,1,0,rPrQ,B,qwen-122b,qwen/qwen3.5-122b-a10b,alibaba,0,1.0,Alibaba,B,3.354e-05,0.0002959452723120172,5.690062704577503e-05,0
comprehension,own,neutral,0011,1,0,0,0,rQrP,A,qwen-122b,qwen/qwen3.5-122b-a10b,alibaba,0,1.0,Alibaba,A,3.354e-05,0.9997388137628368,7.505025674336014e-05,0
comprehension,own,neutral,0011,1,0,1,0,rQrP,A,qwen-122b,qwen/qwen3.5-122b-a10b,alibaba,0,1.0,Alibaba,A,3.354e-05,0.9992903660908419,9.886753446144655e-05,0
comprehension,own,neutral,0012,-1,0,0,0,rPrQrQ,B,qwen-122b,qwen/qwen3.5-122b-a10b,alibaba,0,1.0,Alibaba,B,3.536e-05,9.60989933175631e-05,6.092294959425537e-05,0
comprehension,own,neutral,0012,-1,0,1,0,rQrQrP,B,qwen-122b,qwen/qwen3.5-122b-a10b,alibaba,0,1.0,Alibaba,B,3.536e-05,0.0004305419055241199,7.101880375737224e-05,0
comprehension,own,neutral,0012,1,0,0,0,rPrQrQ,A,qwen-122b,qwen/qwen3.5-122b-a10b,alibaba,0,1.0,Alibaba,A,3.536e-05,0.9999339478321505,7.162034188523782e-05,0
comprehension,own,neutral,0012,1,0,1,0,rQrQrP,A,qwen-122b,qwen/qwen3.5-122b-a10b,alibaba,0,1.0,Alibaba,A,3.536e-05,0.9995121650521275,9.455917271052587e-05,0
comprehension,own,neutral,0013,-1,0,0,0,rPrQrQrQ,B,qwen-122b,qwen/qwen3.5-122b-a10b,alibaba,0,1.0,Alibaba,B,3.718e-05,8.480841461807821e-05,5.777595397571389e-05,0
comprehension,own,neutral,0013,-1,0,1,0,rPrQrQrQ,B,qwen-122b,qwen/qwen3.5-122b-a10b,alibaba,0,1.0,Alibaba,B,3.718e-05,0.00023049949203922867,5.9487210829600734e-05,0
comprehension,own,neutral,0013,1,0,0,0,rQrPrQrQ,A,qwen-122b,qwen/qwen3.5-122b-a10b,alibaba,0,1.0,Alibaba,A,3.718e-05,0.9999251544286063,6.61094164992439e-05,0
comprehension,own,neutral,0013,1,0,1,0,rPrQrQrQ,A,qwen-122b,qwen/qwen3.5-122b-a10b,alibaba,0,1.0,Alibaba,A,3.718e-05,0.9995121625065364,9.11945428859659e-05,0
comprehension,own,neutral,0014,-1,0,0,0,rQrQrQrPrQ,B,qwen-122b,qwen/qwen3.5-122b-a10b,alibaba,0,1.0,Alibaba,B,3.9e-05,0.00012339023993195047,7.033680723966818e-05,0
comprehension,own,neutral,0014,-1,0,1,0,rQrPrQrQrQ,B,qwen-122b,qwen/qwen3.5-122b-a10b,alibaba,0,1.0,Alibaba,B,3.9e-05,0.0002959478587683162,6.754691891153186e-05,0
comprehension,own,neutral,0014,1,0,0,0,rQrQrQrQrP,A,qwen-122b,qwen/qwen3.5-122b-a10b,alibaba,0,1.0,Alibaba,A,3.9e-05,0.999925154346214,9.105014363100584e-05,0
comprehension,own,neutral,0014,1,0,1,0,rPrQrQrQrQ,A,qwen-122b,qwen/qwen3.5-122b-a10b,alibaba,0,1.0,Alibaba,A,3.9e-05,0.9995121678897815,0.00010972160961344275,0
comprehension,own,neutral,0015,-1,0,0,0,rQrQrQrQrPrQ,B,qwen-122b,qwen/qwen3.5-122b-a10b,alibaba,0,1.0,Alibaba,B,4.082e-05,0.00012339120519417167,6.480855074142422e-05,0
comprehension,own,neutral,0015,-1,0,1,0,rQrPrQrQrQrQ,B,qwen-122b,qwen/qwen3.5-122b-a10b,alibaba,0,1.0,Alibaba,B,4.082e-05,0.0003353410281102336,6.850885900311354e-05,0
comprehension,own,neutral,0015,1,0,0,0,rQrQrQrQrQrP,A,qwen-122b,qwen/qwen3.5-122b-a10b,alibaba,0,1.0,Alibaba,A,4.082e-05,0.9999339485826623,8.409875435167587e-05,0
comprehension,own,neutral,0015,1,0,1,0,rPrQrQrQrQrQ,A,qwen-122b,qwen/qwen3.5-122b-a10b,alibaba,0,1.0,Alibaba,A,4.082e-05,0.9993736852558536,0.00010445328075095971,0
comprehension,own,neutral,0020,-1,0,0,0,rPrP,B,qwen-122b,qwen/qwen3.5-122b-a10b,alibaba,0,1.0,Alibaba,B,3.354e-05,6.605010686474557e-05,5.7584521058751115e-05,0
comprehension,own,neutral,0020,-1,0,1,0,rPrP,B,qwen-122b,qwen/qwen3.5-122b-a10b,alibaba,0,1.0,Alibaba,B,3.354e-05,0.00013981817200473334,7.447961835216343e-05,0
comprehension,own,neutral,0020,1,0,0,0,rPrP,A,qwen-122b,qwen/qwen3.5-122b-a10b,alibaba,0,1.0,Alibaba,A,3.354e-05,0.9999485577685562,0.00011292617483192222,0
comprehension,own,neutral,0020,1,0,1,0,rPrP,A,qwen-122b,qwen/qwen3.5-122b-a10b,alibaba,0,1.0,Alibaba,A,3.354e-05,0.9996646618786988,9.607795854997721e-05,0
comprehension,own,neutral,0021,-1,0,0,0,rPrPrQ,B,qwen-122b,qwen/qwen3.5-122b-a10b,alibaba,0,1.0,Alibaba,B,3.536e-05,5.8289231904330913e-05,6.226383840401972e-05,0
comprehension,own,neutral,0021,-1,0,1,0,rQrPrP,B,qwen-122b,qwen/qwen3.5-122b-a10b,alibaba,0,1.0,Alibaba,B,3.536e-05,0.00020341775931312248,6.022276098383017e-05,0
comprehension,own,neutral,0021,1,0,0,0,rPrPrQ,A,qwen-122b,qwen/qwen3.5-122b-a10b,alibaba,0,1.0,Alibaba,A,3.536e-05,0.999860177927803,8.234619682597413e-05,0
comprehension,own,neutral,0021,1,0,1,0,rPrQrP,A,qwen-122b,qwen/qwen3.5-122b-a10b,alibaba,0,1.0,Alibaba,A,3.536e-05,0.9993736910267367,9.571691955279277e-05,0
comprehension,own,neutral,0022,-1,0,0,0,rPrQrPrQ,B,qwen-122b,qwen/qwen3.5-122b-a10b,alibaba,0,1.0,Alibaba,B,3.718e-05,9.609906184955303e-05,7.117215504381935e-05,0
comprehension,own,neutral,0022,-1,0,1,0,rQrPrPrQ,B,qwen-122b,qwen/qwen3.5-122b-a10b,alibaba,0,1.0,Alibaba,B,3.718e-05,0.00023049954646380195,6.63986117711568e-05,0
comprehension,own,neutral,0022,1,0,0,0,rPrPrQrQ,A,qwen-122b,qwen/qwen3.5-122b-a10b,alibaba,0,1.0,Alibaba,A,3.718e-05,0.9999038986224862,8.573061743242483e-05,0
comprehension,own,neutral,0022,1,0,1,0,rPrPrQrQ,A,qwen-122b,qwen/qwen3.5-122b-a10b,alibaba,0,1.0,Alibaba,A,3.718e-05,0.9993736880012656,9.148803448988103e-05,0
comprehension,own,neutral,0023,-1,0,0,0,rPrQrQrQrP,B,qwen-122b,qwen/qwen3.5-122b-a10b,alibaba,0,1.0,Alibaba,B,3.9e-05,0.00010889393518079168,8.121323353138532e-05,0
comprehension,own,neutral,0023,-1,0,1,0,rQrQrPrQrP,B,qwen-122b,qwen/qwen3.5-122b-a10b,alibaba,0,1.0,Alibaba,B,3.9e-05,0.00026118221510756874,8.635292011538453e-05,0
comprehension,own,neutral,0023,1,0,0,0,rPrQrPrQrQ,A,qwen-122b,qwen/qwen3.5-122b-a10b,alibaba,0,1.0,Alibaba,A,3.9e-05,0.9998911044098673,8.878091449121847e-05,0
comprehension,own,neutral,0023,1,0,1,0,rQrQrQrPrP,A,qwen-122b,qwen/qwen3.5-122b-a10b,alibaba,0,1.0,Alibaba,A,3.9e-05,0.9995694623805768,0.00012543129484323328,0
comprehension,own,neutral,0024,-1,0,0,0,rQrQrQrPrPrQ,B,qwen-122b,qwen/qwen3.5-122b-a10b,alibaba,0,1.0,Alibaba,B,4.082e-05,9.610006728089488e-05,6.63760881234321e-05,0
comprehension,own,neutral,0024,-1,0,1,0,rQrQrPrQrQrP,B,qwen-122b,qwen/qwen3.5-122b-a10b,alibaba,0,1.0,Alibaba,B,4.082e-05,0.0004305349260095431,7.72185598305608e-05,0
comprehension,own,neutral,0024,1,0,0,0,rQrPrQrQrQrP,A,qwen-122b,qwen/qwen3.5-122b-a10b,alibaba,0,1.0,Alibaba,A,4.082e-05,0.9998911031317326,0.00011863481026770135,0
comprehension,own,neutral,0024,1,0,1,0,rQrQrPrPrQrQ,A,qwen-122b,qwen/qwen3.5-122b-a10b,alibaba,0,1.0,Alibaba,A,4.082e-05,0.9995121623902221,9.095615561165589e-05,0
comprehension,own,neutral,0030,-1,0,0,0,rPrPrP,B,qwen-122b,qwen/qwen3.5-122b-a10b,alibaba,0,1.0,Alibaba,B,3.536e-05,7.484501236379241e-05,6.245520940517668e-05,0
comprehension,own,neutral,0030,-1,0,1,0,rPrPrP,B,qwen-122b,qwen/qwen3.5-122b-a10b,alibaba,0,1.0,Alibaba,B,3.536e-05,0.0001584324022956283,7.208888761833787e-05,0
comprehension,own,neutral,0030,1,0,0,0,rPrPrP,A,qwen-122b,qwen/qwen3.5-122b-a10b,alibaba,0,1.0,Alibaba,A,3.536e-05,0.9999646437537919,9.897807722824322e-05,0
comprehension,own,neutral,0030,1,0,1,0,rPrPrP,A,qwen-122b,qwen/qwen3.5-122b-a10b,alibaba,0,1.0,Alibaba,A,3.536e-05,0.999664661756661,8.213801094012304e-05,0
comprehension,own,neutral,0031,-1,0,0,0,rQrPrPrP,B,qwen-122b,qwen/qwen3.5-122b-a10b,alibaba,0,1.0,Alibaba,B,3.718e-05,8.480897972082817e-05,6.253158338720421e-05,0
comprehension,own,neutral,0031,-1,0,1,0,rPrPrPrQ,B,qwen-122b,qwen/qwen3.5-122b-a10b,alibaba,0,1.0,Alibaba,B,3.718e-05,0.00020341881942583152,7.401639555948414e-05,0
comprehension,own,neutral,0031,1,0,0,0,rPrPrPrQ,A,qwen-122b,qwen/qwen3.5-122b-a10b,alibaba,0,1.0,Alibaba,A,3.718e-05,0.9998415638239445,9.972029648953716e-05,0
comprehension,own,neutral,0031,1,0,1,0,rQrPrPrP,A,qwen-122b,qwen/qwen3.5-122b-a10b,alibaba,0,1.0,Alibaba,A,3.718e-05,0.9994472409673891,0.0001154078479556021,0
comprehension,own,neutral,0032,-1,0,0,0,rPrPrPrQrQ,B,qwen-122b,qwen/qwen3.5-122b-a10b,alibaba,0,1.0,Alibaba,B,3.9e-05,0.0001233919122948187,8.007473102988882e-05,0
comprehension,own,neutral,0032,-1,0,1,0,rPrQrQrPrP,B,qwen-122b,qwen/qwen3.5-122b-a10b,alibaba,0,1.0,Alibaba,B,3.9e-05,0.00026117977481143306,9.512862140037548e-05,0
comprehension,own,neutral,0032,1,0,0,0,rPrQrQrPrP,A,qwen-122b,qwen/qwen3.5-122b-a10b,alibaba,0,1.0,Alibaba,A,3.9e-05,0.9998911041019833,6.299996920706841e-05,0
comprehension,own,neutral,0032,1,0,1,0,rQrQrPrPrP,A,qwen-122b,qwen/qwen3.5-122b-a10b,alibaba,0,1.0,Alibaba,A,3.9e-05,0.9996200288757514,0.00010445009653310032,0
comprehension,own,neutral,0033,-1,0,0,0,rPrPrPrQrQrQ,B,qwen-122b,qwen/qwen3.5-122b-a10b,alibaba,0,1.0,Alibaba,B,4.082e-05,0.0001233915750735301,6.399151685376747e-05,0
comprehension,own,neutral,0033,-1,0,1,0,rPrQrQrQrPrP,B,qwen-122b,qwen/qwen3.5-122b-a10b,alibaba,0,1.0,Alibaba,B,4.082e-05,0.00023049476904363412,8.477127958095299e-05,0
comprehension,own,neutral,0033,1,0,0,0,rQrPrPrPrQrQ,A,qwen-122b,qwen/qwen3.5-122b-a10b,alibaba,0,1.0,Alibaba,A,4.082e-05,0.9999038992956724,0.00012640503525836405,0
comprehension,own,neutral,0033,1,0,1,0,rPrQrPrQrQrP,A,qwen-122b,qwen/qwen3.5-122b-a10b,alibaba,0,1.0,Alibaba,A,4.082e-05,0.9994472497286453,0.00011433975077329063,0
comprehension,own,neutral,0040,-1,0,0,0,rPrPrPrP,B,qwen-122b,qwen/qwen3.5-122b-a10b,alibaba,0,1.0,Alibaba,B,3.718e-05,8.48087254130479e-05,6.906929686956165e-05,0
comprehension,own,neutral,0040,-1,0,1,0,rPrPrPrP,B,qwen-122b,qwen/qwen3.5-122b-a10b,alibaba,0,1.0,Alibaba,B,3.718e-05,0.00010889585710656426,6.453153890084717e-05,0
comprehension,own,neutral,0040,1,0,0,0,rPrPrPrP,A,qwen-122b,qwen/qwen3.5-122b-a10b,alibaba,0,1.0,Alibaba,A,3.718e-05,0.9999417087213716,0.00012025935748059976,0
comprehension,own,neutral,0040,1,0,1,0,rPrPrPrP,A,qwen-122b,qwen/qwen3.5-122b-a10b,alibaba,0,1.0,Alibaba,A,3.718e-05,0.9995694540701034,0.00011421742284890401,0
comprehension,own,neutral,0041,-1,0,0,0,rPrQrPrPrP,B,qwen-122b,qwen/qwen3.5-122b-a10b,alibaba,0,1.0,Alibaba,B,3.9e-05,0.00012339026955047157,6.294794453964858e-05,0
comprehension,own,neutral,0041,-1,0,1,0,rPrQrPrPrP,B,qwen-122b,qwen/qwen3.5-122b-a10b,alibaba,0,1.0,Alibaba,B,3.9e-05,0.0002611811317916078,6.694786981731315e-05,0
comprehension,own,neutral,0041,1,0,0,0,rQrPrPrPrP,A,qwen-122b,qwen/qwen3.5-122b-a10b,alibaba,0,1.0,Alibaba,A,3.9e-05,0.999915189756901,0.00010698835796418028,0
comprehension,own,neutral,0041,1,0,1,0,rPrPrPrPrQ,A,qwen-122b,qwen/qwen3.5-122b-a10b,alibaba,0,1.0,Alibaba,A,3.9e-05,0.9993736980881033,0.00011257391903524497,0
comprehension,own,neutral,0042,-1,0,0,0,rQrPrPrPrPrQ,B,qwen-122b,qwen/qwen3.5-122b-a10b,alibaba,0,1.0,Alibaba,B,4.082e-05,0.00017952304119366768,7.242887373914986e-05,0
comprehension,own,neutral,0042,-1,0,1,0,rPrPrQrPrPrQ,B,qwen-122b,qwen/qwen3.5-122b-a10b,alibaba,0,1.0,Alibaba,B,4.082e-05,0.00029592482290054727,8.888676014140451e-05,0
comprehension,own,neutral,0042,1,0,0,0,rQrPrPrPrPrQ,A,qwen-122b,qwen/qwen3.5-122b-a10b,alibaba,0,1.0,Alibaba,A,4.082e-05,0.9999038986572342,0.00010539432234175026,0
comprehension,own,neutral,0042,1,0,1,0,rQrPrPrPrQrP,A,qwen-122b,qwen/qwen3.5-122b-a10b,alibaba,0,1.0,Alibaba,A,4.082e-05,0.9995694651340064,0.00011236177964701953,0
comprehension,own,neutral,0050,-1,0,0,0,rPrPrPrPrP,B,qwen-122b,qwen/qwen3.5-122b-a10b,alibaba,0,1.0,Alibaba,B,3.9e-05,0.00013981862455229196,7.104082940145862e-05,0
comprehension,own,neutral,0050,-1,0,1,0,rPrPrPrPrP,B,qwen-122b,qwen/qwen3.5-122b-a10b,alibaba,0,1.0,Alibaba,B,3.9e-05,0.00020342260791447967,6.498437611490715e-05,0
comprehension,own,neutral,0050,1,0,0,0,rPrPrPrPrP,A,qwen-122b,qwen/qwen3.5-122b-a10b,alibaba,0,1.0,Alibaba,A,3.9e-05,0.9999599366664098,0.00010833413766026055,0
comprehension,own,neutral,0050,1,0,1,0,rPrPrPrPrP,A,qwen-122b,qwen/qwen3.5-122b-a10b,alibaba,0,1.0,Alibaba,A,3.9e-05,0.9995694564182355,0.00011305522652246212,0
comprehension,own,neutral,0051,-1,0,0,0,rPrQrPrPrPrP,B,qwen-122b,qwen/qwen3.5-122b-a10b,alibaba,0,1.0,Alibaba,B,4.082e-05,0.0001398182888539226,6.864003817574904e-05,0
comprehension,own,neutral,0051,-1,0,1,0,rPrPrPrPrQrP,B,qwen-122b,qwen/qwen3.5-122b-a10b,alibaba,0,1.0,Alibaba,B,4.082e-05,0.00029594659391905847,6.70877457141783e-05,0
comprehension,own,neutral,0051,1,0,0,0,rPrPrPrQrPrP,A,qwen-122b,qwen/qwen3.5-122b-a10b,alibaba,0,1.0,Alibaba,A,4.082e-05,0.9999038975637295,0.00011486452623426832,0
comprehension,own,neutral,0051,1,0,1,0,rPrPrPrPrQrP,A,qwen-122b,qwen/qwen3.5-122b-a10b,alibaba,0,1.0,Alibaba,A,4.082e-05,0.9995121571539922,0.000123620653543618,0
comprehension,own,neutral,0060,-1,0,0,0,rPrPrPrPrPrP,B,qwen-122b,qwen/qwen3.5-122b-a10b,alibaba,0,1.0,Alibaba,B,4.082e-05,6.605074360231012e-05,4.815170703620364e-05,0
comprehension,own,neutral,0060,-1,0,1,0,rPrPrPrPrPrP,B,qwen-122b,qwen/qwen3.5-122b-a10b,alibaba,0,1.0,Alibaba,B,4.082e-05,0.00015843234562309876,7.268481078237521e-05,0
comprehension,own,neutral,0060,1,0,0,0,rPrPrPrPrPrP,A,qwen-122b,qwen/qwen3.5-122b-a10b,alibaba,0,1.0,Alibaba,A,4.082e-05,0.9999546021211376,0.00012552472282829257,0
comprehension,own,neutral,0060,1,0,1,0,rPrPrPrPrPrP,A,qwen-122b,qwen/qwen3.5-122b-a10b,alibaba,0,1.0,Alibaba,A,4.082e-05,0.9996646649678618,0.00010212402212541146,0
comprehension,own,neutral,0100,-1,0,0,0,aQ,B,qwen-122b,qwen/qwen3.5-122b-a10b,alibaba,0,1.0,Alibaba,B,3.172e-05,6.605092563859196e-05,6.521185747720981e-05,0
comprehension,own,neutral,0100,-1,0,1,0,aQ,B,qwen-122b,qwen/qwen3.5-122b-a10b,alibaba,0,1.0,Alibaba,B,3.172e-05,9.610056079846042e-05,7.627919504638037e-05,0
comprehension,own,neutral,0100,1,0,0,0,aQ,A,qwen-122b,qwen/qwen3.5-122b-a10b,alibaba,0,1.0,Alibaba,A,3.172e-05,0.9998204747685445,8.93962471382385e-05,0
comprehension,own,neutral,0100,1,0,1,0,aQ,A,qwen-122b,qwen/qwen3.5-122b-a10b,alibaba,0,1.0,Alibaba,A,3.172e-05,0.9995121563933854,8.942063126951116e-05,0
comprehension,own,neutral,0101,-1,0,0,0,aQrQ,B,qwen-122b,qwen/qwen3.5-122b-a10b,alibaba,0,1.0,Alibaba,B,3.354e-05,0.00012339255696844462,6.241239415849531e-05,0
comprehension,own,neutral,0101,-1,0,1,0,aQrQ,B,qwen-122b,qwen/qwen3.5-122b-a10b,alibaba,0,1.0,Alibaba,B,3.354e-05,0.000203423802262582,7.848405026811278e-05,0
comprehension,own,neutral,0101,1,0,0,0,rQaQ,A,qwen-122b,qwen/qwen3.5-122b-a10b,alibaba,0,1.0,Alibaba,A,3.354e-05,0.9998766053831575,0.00010675872393404011,0
comprehension,own,neutral,0101,1,0,1,0,rQaQ,A,qwen-122b,qwen/qwen3.5-122b-a10b,alibaba,0,1.0,Alibaba,A,3.354e-05,0.999620028871058,8.014599664583953e-05,0
comprehension,own,neutral,0102,-1,0,0,0,rQaQrQ,B,qwen-122b,qwen/qwen3.5-122b-a10b,alibaba,0,1.0,Alibaba,B,3.536e-05,9.610036454338196e-05,7.042274077484478e-05,0
comprehension,own,neutral,0102,-1,0,1,0,rQaQrQ,B,qwen-122b,qwen/qwen3.5-122b-a10b,alibaba,0,1.0,Alibaba,B,3.536e-05,0.00020342270514666855,6.069425525645489e-05,0
comprehension,own,neutral,0102,1,0,0,0,rQaQrQ,A,qwen-122b,qwen/qwen3.5-122b-a10b,alibaba,0,1.0,Alibaba,A,3.536e-05,0.9998911031182819,9.873333058894506e-05,0
comprehension,own,neutral,0102,1,0,1,0,aQrQrQ,A,qwen-122b,qwen/qwen3.5-122b-a10b,alibaba,0,1.0,Alibaba,A,3.536e-05,0.999620037591516,0.00010201611706131325,0
comprehension,own,neutral,0103,-1,0,0,0,aQrQrQrQ,B,qwen-122b,qwen/qwen3.5-122b-a10b,alibaba,0,1.0,Alibaba,B,3.718e-05,0.00010889427460772162,7.956203147652108e-05,0
comprehension,own,neutral,0103,-1,0,1,0,rQrQrQaQ,B,qwen-122b,qwen/qwen3.5-122b-a10b,alibaba,0,1.0,Alibaba,B,3.718e-05,0.00015843323466112715,8.306382624023723e-05,0
comprehension,own,neutral,0103,1,0,0,0,rQaQrQrQ,A,qwen-122b,qwen/qwen3.5-122b-a10b,alibaba,0,1.0,Alibaba,A,3.718e-05,0.9999339485014297,8.34213001825402e-05,0
comprehension,own,neutral,0103,1,0,1,0,rQrQrQaQ,A,qwen-122b,qwen/qwen3.5-122b-a10b,alibaba,0,1.0,Alibaba,A,3.718e-05,0.999512157273031,0.00013243542021349673,0
comprehension,own,neutral,0104,-1,0,0,0,rQrQrQrQaQ,B,qwen-122b,qwen/qwen3.5-122b-a10b,alibaba,0,1.0,Alibaba,B,3.9e-05,0.0001398187234800859,0.00010130966805799169,0
comprehension,own,neutral,0104,-1,0,1,0,rQrQrQaQrQ,B,qwen-122b,qwen/qwen3.5-122b-a10b,alibaba,0,1.0,Alibaba,B,3.9e-05,0.00023050682098298676,7.697631872416455e-05,0
comprehension,own,neutral,0104,1,0,0,0,rQrQaQrQrQ,A,qwen-122b,qwen/qwen3.5-122b-a10b,alibaba,0,1.0,Alibaba,A,3.9e-05,0.9998911030668954,0.00012113725838278652,0
comprehension,own,neutral,0104,1,0,1,0,rQaQrQrQrQ,A,qwen-122b,qwen/qwen3.5-122b-a10b,alibaba,0,1.0,Alibaba,A,3.9e-05,0.9995121623929658,0.00010000957302060668,0
comprehension,own,neutral,0105,-1,0,0,0,rQrQrQrQaQrQ,B,qwen-122b,qwen/qwen3.5-122b-a10b,alibaba,0,1.0,Alibaba,B,4.082e-05,0.00012339222346970086,7.210675850444215e-05,0
comprehension,own,neutral,0105,-1,0,1,0,rQrQrQrQrQaQ,B,qwen-122b,qwen/qwen3.5-122b-a10b,alibaba,0,1.0,Alibaba,B,4.082e-05,0.00026118479407754626,9.527260437180995e-05,0
comprehension,own,neutral,0105,1,0,0,0,rQrQrQrQrQaQ,A,qwen-122b,qwen/qwen3.5-122b-a10b,alibaba,0,1.0,Alibaba,A,4.082e-05,0.9997965729350021,0.00011073243678067055,0
comprehension,own,neutral,0105,1,0,1,0,aQrQrQrQrQrQ,A,qwen-122b,qwen/qwen3.5-122b-a10b,alibaba,0,1.0,Alibaba,A,4.082e-05,0.9994472536468688,0.00011392689675171464,0
comprehension,own,neutral,0110,-1,0,0,0,rPaQ,B,qwen-122b,qwen/qwen3.5-122b-a10b,alibaba,0,1.0,Alibaba,B,3.354e-05,6.605034896161703e-05,6.601771640979415e-05,0
comprehension,own,neutral,0110,-1,0,1,0,rPaQ,B,qwen-122b,qwen/qwen3.5-122b-a10b,alibaba,0,1.0,Alibaba,B,3.354e-05,0.0002959488366007588,8.038677682598028e-05,0
comprehension,own,neutral,0110,1,0,0,0,aQrP,A,qwen-122b,qwen/qwen3.5-122b-a10b,alibaba,0,1.0,Alibaba,A,3.354e-05,0.9997040457626613,6.239716129835337e-05,0
comprehension,own,neutral,0110,1,0,1,0,rPaQ,A,qwen-122b,qwen/qwen3.5-122b-a10b,alibaba,0,1.0,Alibaba,A,3.354e-05,0.9992903448717682,7.727201352386462e-05,0
comprehension,own,neutral,0111,-1,0,0,0,aQrQrP,B,qwen-122b,qwen/qwen3.5-122b-a10b,alibaba,0,1.0,Alibaba,B,3.536e-05,5.8289862573102006e-05,5.782490192229872e-05,0
comprehension,own,neutral,0111,-1,0,1,0,aQrQrP,B,qwen-122b,qwen/qwen3.5-122b-a10b,alibaba,0,1.0,Alibaba,B,3.536e-05,0.00017952355708512763,8.865268151214689e-05,0
comprehension,own,neutral,0111,1,0,0,0,rQaQrP,A,qwen-122b,qwen/qwen3.5-122b-a10b,alibaba,0,1.0,Alibaba,A,3.536e-05,0.9998204739942328,8.131227003795223e-05,0
comprehension,own,neutral,0111,1,0,1,0,rPrQaQ,A,qwen-122b,qwen/qwen3.5-122b-a10b,alibaba,0,1.0,Alibaba,A,3.536e-05,0.9996200288294507,9.932726287825315e-05,0
comprehension,own,neutral,0112,-1,0,0,0,rPrQrQaQ,B,qwen-122b,qwen/qwen3.5-122b-a10b,alibaba,0,1.0,Alibaba,B,3.718e-05,9.609902741925864e-05,7.4628321077852e-05,0
comprehension,own,neutral,0112,-1,0,1,0,aQrQrPrQ,B,qwen-122b,qwen/qwen3.5-122b-a10b,alibaba,0,1.0,Alibaba,B,3.718e-05,0.0001233916184717731,9.009042405050405e-05,0
comprehension,own,neutral,0112,1,0,0,0,rQaQrPrQ,A,qwen-122b,qwen/qwen3.5-122b-a10b,alibaba,0,1.0,Alibaba,A,3.718e-05,0.9998204720379983,0.00010651162309510866,0
comprehension,own,neutral,0112,1,0,1,0,rPaQrQrQ,A,qwen-122b,qwen/qwen3.5-122b-a10b,alibaba,0,1.0,Alibaba,A,3.718e-05,0.9994472385958904,9.204400140541333e-05,0
comprehension,own,neutral,0113,-1,0,0,0,rQrQaQrQrP,B,qwen-122b,qwen/qwen3.5-122b-a10b,alibaba,0,1.0,Alibaba,B,3.9e-05,7.48448458133235e-05,7.071980261019739e-05,0
comprehension,own,neutral,0113,-1,0,1,0,rPrQaQrQrQ,B,qwen-122b,qwen/qwen3.5-122b-a10b,alibaba,0,1.0,Alibaba,B,3.9e-05,0.000179521616092486,6.35375090507484e-05,0
comprehension,own,neutral,0113,1,0,0,0,aQrQrQrPrQ,A,qwen-122b,qwen/qwen3.5-122b-a10b,alibaba,0,1.0,Alibaba,A,3.9e-05,0.9999038975750114,0.00010616502534712942,0
comprehension,own,neutral,0113,1,0,1,0,aQrPrQrQrQ,A,qwen-122b,qwen/qwen3.5-122b-a10b,alibaba,0,1.0,Alibaba,A,3.9e-05,0.9992903518024427,8.705522827833596e-05,0
comprehension,own,neutral,0114,-1,0,0,0,rPrQrQrQrQaQ,B,qwen-122b,qwen/qwen3.5-122b-a10b,alibaba,0,1.0,Alibaba,B,4.082e-05,0.00013981767585853153,7.856018417384814e-05,0
comprehension,own,neutral,0114,-1,0,1,0,rQaQrPrQrQrQ,B,qwen-122b,qwen/qwen3.5-122b-a10b,alibaba,0,1.0,Alibaba,B,4.082e-05,0.00026118317498478026,6.33268806053966e-05,0
comprehension,own,neutral,0114,1,0,0,0,rQrPrQrQrQaQ,A,qwen-122b,qwen/qwen3.5-122b-a10b,alibaba,0,1.0,Alibaba,A,4.082e-05,0.9998601779460679,0.00012894068657162813,0
comprehension,own,neutral,0114,1,0,1,0,rQrQaQrPrQrQ,A,qwen-122b,qwen/qwen3.5-122b-a10b,alibaba,0,1.0,Alibaba,A,4.082e-05,0.9995694581038193,0.00011009421052965662,0
comprehension,own,neutral,0120,-1,0,0,0,rPaQrP,B,qwen-122b,qwen/qwen3.5-122b-a10b,alibaba,0,1.0,Alibaba,B,3.536e-05,5.144109179152416e-05,5.7398036936273655e-05,0
comprehension,own,neutral,0120,-1,0,1,0,aQrPrP,B,qwen-122b,qwen/qwen3.5-122b-a10b,alibaba,0,1.0,Alibaba,B,3.536e-05,9.610037596173695e-05,7.244876163903236e-05,0
comprehension,own,neutral,0120,1,0,0,0,rPrPaQ,A,qwen-122b,qwen/qwen3.5-122b-a10b,alibaba,0,1.0,Alibaba,A,3.536e-05,0.9998911030923264,9.897165599257928e-05,0
comprehension,own,neutral,0120,1,0,1,0,rPaQrP,A,qwen-122b,qwen/qwen3.5-122b-a10b,alibaba,0,1.0,Alibaba,A,3.536e-05,0.9993736853209947,8.432401339217841e-05,0
comprehension,own,neutral,0121,-1,0,0,0,aQrPrQrP,B,qwen-122b,qwen/qwen3.5-122b-a10b,alibaba,0,1.0,Alibaba,B,3.718e-05,7.484461276580632e-05,5.616288783616419e-05,0
comprehension,own,neutral,0121,-1,0,1,0,aQrQrPrP,B,qwen-122b,qwen/qwen3.5-122b-a10b,alibaba,0,1.0,Alibaba,B,3.718e-05,0.0001398186405255761,9.11805992480641e-05,0
comprehension,own,neutral,0121,1,0,0,0,aQrPrQrP,A,qwen-122b,qwen/qwen3.5-122b-a10b,alibaba,0,1.0,Alibaba,A,3.718e-05,0.9998911040528361,9.396643946875598e-05,0
comprehension,own,neutral,0121,1,0,1,0,rPaQrPrQ,A,qwen-122b,qwen/qwen3.5-122b-a10b,alibaba,0,1.0,Alibaba,A,3.718e-05,0.9993736853911633,7.467600306184069e-05,0
comprehension,own,neutral,0122,-1,0,0,0,rPrQaQrPrQ,B,qwen-122b,qwen/qwen3.5-122b-a10b,alibaba,0,1.0,Alibaba,B,3.9e-05,7.484416573887902e-05,5.9726673130700014e-05,0
comprehension,own,neutral,0122,-1,0,1,0,aQrPrQrPrQ,B,qwen-122b,qwen/qwen3.5-122b-a10b,alibaba,0,1.0,Alibaba,B,3.9e-05,0.00015842695914152573,8.255386238820162e-05,0
comprehension,own,neutral,0122,1,0,0,0,rPaQrPrQrQ,A,qwen-122b,qwen/qwen3.5-122b-a10b,alibaba,0,1.0,Alibaba,A,3.9e-05,0.9999151889391362,7.467186543725108e-05,0
comprehension,own,neutral,0122,1,0,1,0,rQrPrPaQrQ,A,qwen-122b,qwen/qwen3.5-122b-a10b,alibaba,0,1.0,Alibaba,A,3.9e-05,0.999569465076635,8.817876548041382e-05,0
comprehension,own,neutral,0123,-1,0,0,0,rQrPaQrQrQrP,B,qwen-122b,qwen/qwen3.5-122b-a10b,alibaba,0,1.0,Alibaba,B,4.082e-05,0.0001584298286718229,7.968573493966069e-05,0
comprehension,own,neutral,0123,-1,0,1,0,rQrPaQrQrQrP,B,qwen-122b,qwen/qwen3.5-122b-a10b,alibaba,0,1.0,Alibaba,B,4.082e-05,0.0006263057114440886,8.526463981239907e-05,0
comprehension,own,neutral,0123,1,0,0,0,rQrQaQrQrPrP,A,qwen-122b,qwen/qwen3.5-122b-a10b,alibaba,0,1.0,Alibaba,A,4.082e-05,0.9999151897672952,0.00012307641126230366,0
comprehension,own,neutral,0123,1,0,1,0,rPrPrQrQaQrQ,A,qwen-122b,qwen/qwen3.5-122b-a10b,alibaba,0,1.0,Alibaba,A,4.082e-05,0.9994472347125121,8.667210555703738e-05,0
comprehension,own,neutral,0130,-1,0,0,0,aQrPrPrP,B,qwen-122b,qwen/qwen3.5-122b-a10b,alibaba,0,1.0,Alibaba,B,3.718e-05,5.144112250821405e-05,4.845889035354212e-05,0
comprehension,own,neutral,0130,-1,0,1,0,rPrPaQrP,B,qwen-122b,qwen/qwen3.5-122b-a10b,alibaba,0,1.0,Alibaba,B,3.718e-05,0.00017952362170302878,8.04302488646158e-05,0
comprehension,own,neutral,0130,1,0,0,0,rPrPrPaQ,A,qwen-122b,qwen/qwen3.5-122b-a10b,alibaba,0,1.0,Alibaba,A,3.718e-05,0.9998766054563903,9.567594350832443e-05,0
comprehension,own,neutral,0130,1,0,1,0,rPrPrPaQ,A,qwen-122b,qwen/qwen3.5-122b-a10b,alibaba,0,1.0,Alibaba,A,3.718e-05,0.9996200272945107,9.192349339356542e-05,0
comprehension,own,neutral,0131,-1,0,0,0,aQrQrPrPrP,B,qwen-122b,qwen/qwen3.5-122b-a10b,alibaba,0,1.0,Alibaba,B,3.9e-05,0.00012339191299140618,5.337927692383726e-05,0
comprehension,own,neutral,0131,-1,0,1,0,rPrQrPaQrP,B,qwen-122b,qwen/qwen3.5-122b-a10b,alibaba,0,1.0,Alibaba,B,3.9e-05,0.0002959490124091544,8.479515975590157e-05,0
comprehension,own,neutral,0131,1,0,0,0,rPrQrPaQrP,A,qwen-122b,qwen/qwen3.5-122b-a10b,alibaba,0,1.0,Alibaba,A,3.9e-05,0.999915188979854,9.421727571631478e-05,0
comprehension,own,neutral,0131,1,0,1,0,rPrPrQaQrP,A,qwen-122b,qwen/qwen3.5-122b-a10b,alibaba,0,1.0,Alibaba,A,3.9e-05,0.9993736943683541,9.610350066021039e-05,0
comprehension,own,neutral,0132,-1,0,0,0,rPrQrQrPrPaQ,B,qwen-122b,qwen/qwen3.5-122b-a10b,alibaba,0,1.0,Alibaba,B,4.082e-05,0.00013981397116105985,7.495166195603531e-05,0
comprehension,own,neutral,0132,-1,0,1,0,aQrPrQrQrPrP,B,qwen-122b,qwen/qwen3.5-122b-a10b,alibaba,0,1.0,Alibaba,B,4.082e-05,0.00015843121401228736,7.889320601661698e-05,0
comprehension,own,neutral,0132,1,0,0,0,rPaQrPrQrQrP,A,qwen-122b,qwen/qwen3.5-122b-a10b,alibaba,0,1.0,Alibaba,A,4.082e-05,0.9996646498223111,0.000106280002781823,0
comprehension,own,neutral,0132,1,0,1,0,rPrPrQrPrQaQ,A,qwen-122b,qwen/qwen3.5-122b-a10b,alibaba,0,1.0,Alibaba,A,4.082e-05,0.9994472465186927,0.0001144249167598665,0
comprehension,own,neutral,0140,-1,0,0,0,rPrPaQrPrP,B,qwen-122b,qwen/qwen3.5-122b-a10b,alibaba,0,1.0,Alibaba,B,3.9e-05,0.00010889310985502806,6.219130595241928e-05,0
comprehension,own,neutral,0140,-1,0,1,0,rPaQrPrPrP,B,qwen-122b,qwen/qwen3.5-122b-a10b,alibaba,0,1.0,Alibaba,B,3.9e-05,0.00017952234104061076,5.422483075856466e-05,0
comprehension,own,neutral,0140,1,0,0,0,rPaQrPrPrP,A,qwen-122b,qwen/qwen3.5-122b-a10b,alibaba,0,1.0,Alibaba,A,3.9e-05,0.9999151889593648,7.538697133171963e-05,0
comprehension,own,neutral,0140,1,0,1,0,rPaQrPrPrP,A,qwen-122b,qwen/qwen3.5-122b-a10b,alibaba,0,1.0,Alibaba,A,3.9e-05,0.9991959464214338,0.0001018655724770287,0
comprehension,own,neutral,0141,-1,0,0,0,aQrQrPrPrPrP,B,qwen-122b,qwen/qwen3.5-122b-a10b,alibaba,0,1.0,Alibaba,B,4.082e-05,0.00012339161935866078,5.767507999165922e-05,0
comprehension,own,neutral,0141,-1,0,1,0,rPaQrPrPrQrP,B,qwen-122b,qwen/qwen3.5-122b-a10b,alibaba,0,1.0,Alibaba,B,4.082e-05,0.0002611784117516551,0.00010230680866341046,0
comprehension,own,neutral,0141,1,0,0,0,rQrPrPaQrPrP,A,qwen-122b,qwen/qwen3.5-122b-a10b,alibaba,0,1.0,Alibaba,A,4.082e-05,0.9999038975864093,0.00010318571302913764,0
comprehension,own,neutral,0141,1,0,1,0,aQrPrQrPrPrP,A,qwen-122b,qwen/qwen3.5-122b-a10b,alibaba,0,1.0,Alibaba,A,4.082e-05,0.9992903547613053,0.00010434175908406891,0
comprehension,own,neutral,0150,-1,0,0,0,aQrPrPrPrPrP,B,qwen-122b,qwen/qwen3.5-122b-a10b,alibaba,0,1.0,Alibaba,B,4.082e-05,7.484497683065025e-05,4.8629780492803754e-05,0
comprehension,own,neutral,0150,-1,0,1,0,rPrPrPrPrPaQ,B,qwen-122b,qwen/qwen3.5-122b-a10b,alibaba,0,1.0,Alibaba,B,4.082e-05,0.00023049324492370812,8.578818150828393e-05,0
comprehension,own,neutral,0150,1,0,0,0,rPaQrPrPrPrP,A,qwen-122b,qwen/qwen3.5-122b-a10b,alibaba,0,1.0,Alibaba,A,4.082e-05,0.999876605382468,8.101752165857681e-05,0
comprehension,own,neutral,0150,1,0,1,0,rPrPrPrPaQrP,A,qwen-122b,qwen/qwen3.5-122b-a10b,alibaba,0,1.0,Alibaba,A,4.082e-05,0.9994472435750794,0.00012833164686725516,0
comprehension,own,neutral,0200,-1,0,0,0,aQaQ,B,qwen-122b,qwen/qwen3.5-122b-a10b,alibaba,0,1.0,Alibaba,B,3.354e-05,7.484534086531981e-05,6.016871018887926e-05,0
comprehension,own,neutral,0200,-1,0,1,0,aQaQ,B,qwen-122b,qwen/qwen3.5-122b-a10b,alibaba,0,1.0,Alibaba,B,3.354e-05,7.484465732120524e-05,6.057263288139492e-05,0
comprehension,own,neutral,0200,1,0,0,0,aQaQ,A,qwen-122b,qwen/qwen3.5-122b-a10b,alibaba,0,1.0,Alibaba,A,3.354e-05,0.9999038976204868,8.757381707468827e-05,0
comprehension,own,neutral,0200,1,0,1,0,aQaQ,A,qwen-122b,qwen/qwen3.5-122b-a10b,alibaba,0,1.0,Alibaba,A,3.354e-05,0.9995694624799635,0.00011280418984813243,0
comprehension,own,neutral,0201,-1,0,0,0,aQaQrQ,B,qwen-122b,qwen/qwen3.5-122b-a10b,alibaba,0,1.0,Alibaba,B,3.536e-05,7.484499444475379e-05,6.88910916337715e-05,0
comprehension,own,neutral,0201,-1,0,1,0,aQrQaQ,B,qwen-122b,qwen/qwen3.5-122b-a10b,alibaba,0,1.0,Alibaba,B,3.536e-05,6.605071987034791e-05,6.0189522014697516e-05,0
comprehension,own,neutral,0201,1,0,0,0,aQaQrQ,A,qwen-122b,qwen/qwen3.5-122b-a10b,alibaba,0,1.0,Alibaba,A,3.536e-05,0.9999038976200938,6.373785132712066e-05,0
comprehension,own,neutral,0201,1,0,1,0,rQaQaQ,A,qwen-122b,qwen/qwen3.5-122b-a10b,alibaba,0,1.0,Alibaba,A,3.536e-05,0.999664665204928,8.520618967802703e-05,0
comprehension,own,neutral,0202,-1,0,0,0,aQrQrQaQ,B,qwen-122b,qwen/qwen3.5-122b-a10b,alibaba,0,1.0,Alibaba,B,3.718e-05,0.00010889426180569625,7.181565948921609e-05,0
comprehension,own,neutral,0202,-1,0,1,0,aQaQrQrQ,B,qwen-122b,qwen/qwen3.5-122b-a10b,alibaba,0,1.0,Alibaba,B,3.718e-05,9.610006728089488e-05,6.63760881234321e-05,0
comprehension,own,neutral,0202,1,0,0,0,aQrQaQrQ,A,qwen-122b,qwen/qwen3.5-122b-a10b,alibaba,0,1.0,Alibaba,A,3.718e-05,0.9998204720173058,0.00011997679807519942,0
comprehension,own,neutral,0202,1,0,1,0,rQaQaQrQ,A,qwen-122b,qwen/qwen3.5-122b-a10b,alibaba,0,1.0,Alibaba,A,3.718e-05,0.9996200306186533,0.00010034041120424386,0
comprehension,own,neutral,0203,-1,0,0,0,rQaQrQaQrQ,B,qwen-122b,qwen/qwen3.5-122b-a10b,alibaba,0,1.0,Alibaba,B,3.9e-05,0.00012339114593108982,8.0539584574435e-05,0
comprehension,own,neutral,0203,-1,0,1,0,rQrQrQaQaQ,B,qwen-122b,qwen/qwen3.5-122b-a10b,alibaba,0,1.0,Alibaba,B,3.9e-05,0.000158434647289055,7.958253835738116e-05,0
comprehension,own,neutral,0203,1,0,0,0,rQrQrQaQaQ,A,qwen-122b,qwen/qwen3.5-122b-a10b,alibaba,0,1.0,Alibaba,A,3.9e-05,0.999860177928454,0.0001023668522991087,0
comprehension,own,neutral,0203,1,0,1,0,aQaQrQrQrQ,A,qwen-122b,qwen/qwen3.5-122b-a10b,alibaba,0,1.0,Alibaba,A,3.9e-05,0.9996200272945107,9.192349339356542e-05,0
comprehension,own,neutral,0204,-1,0,0,0,rQrQaQrQaQrQ,B,qwen-122b,qwen/qwen3.5-122b-a10b,alibaba,0,1.0,Alibaba,B,4.082e-05,0.00020342064468459109,0.00010301385900701732,0
comprehension,own,neutral,0204,-1,0,1,0,rQrQaQaQrQrQ,B,qwen-122b,qwen/qwen3.5-122b-a10b,alibaba,0,1.0,Alibaba,B,4.082e-05,0.00017951758243354976,8.6842939603482e-05,0
comprehension,own,neutral,0204,1,0,0,0,rQrQaQrQaQrQ,A,qwen-122b,qwen/qwen3.5-122b-a10b,alibaba,0,1.0,Alibaba,A,4.082e-05,0.9998204719531864,0.0001212874705472955,0
comprehension,own,neutral,0204,1,0,1,0,rQaQaQrQrQrQ,A,qwen-122b,qwen/qwen3.5-122b-a10b,alibaba,0,1.0,Alibaba,A,4.082e-05,0.9996200307100324,0.0001043910406254949,0
comprehension,own,neutral,0210,-1,0,0,0,rPaQaQ,B,qwen-122b,qwen/qwen3.5-122b-a10b,alibaba,0,1.0,Alibaba,B,3.536e-05,4.5396775978579296e-05,6.595045185919801e-05,0
comprehension,own,neutral,0210,-1,0,1,0,aQrPaQ,B,qwen-122b,qwen/qwen3.5-122b-a10b,alibaba,0,1.0,Alibaba,B,3.536e-05,9.610038780656863e-05,4.9685223016404656e-05,0
comprehension,own,neutral,0210,1,0,0,0,rPaQaQ,A,qwen-122b,qwen/qwen3.5-122b-a10b,alibaba,0,1.0,Alibaba,A,3.536e-05,0.9998911030400637,8.324055404756596e-05,0
comprehension,own,neutral,0210,1,0,1,0,rPaQaQ,A,qwen-122b,qwen/qwen3.5-122b-a10b,alibaba,0,1.0,Alibaba,A,3.536e-05,0.9995121555821804,9.871198869104068e-05,0
comprehension,own,neutral,0211,-1,0,0,0,aQaQrQrP,B,qwen-122b,qwen/qwen3.5-122b-a10b,alibaba,0,1.0,Alibaba,B,3.718e-05,6.60491296108871e-05,6.853728354461186e-05,0
comprehension,own,neutral,0211,-1,0,1,0,rQrPaQaQ,B,qwen-122b,qwen/qwen3.5-122b-a10b,alibaba,0,1.0,Alibaba,B,3.718e-05,0.00017952157283027142,7.28326322512185e-05,0
comprehension,own,neutral,0211,1,0,0,0,aQrPaQrQ,A,qwen-122b,qwen/qwen3.5-122b-a10b,alibaba,0,1.0,Alibaba,A,3.718e-05,0.999820473908075,6.939532010625534e-05,0
comprehension,own,neutral,0211,1,0,1,0,rQaQaQrP,A,qwen-122b,qwen/qwen3.5-122b-a10b,alibaba,0,1.0,Alibaba,A,3.718e-05,0.9996646670327198,8.7384734150875e-05,0
comprehension,own,neutral,0212,-1,0,0,0,aQaQrQrQrP,B,qwen-122b,qwen/qwen3.5-122b-a10b,alibaba,0,1.0,Alibaba,B,3.9e-05,7.484417443901585e-05,7.700787262532316e-05,0
comprehension,own,neutral,0212,-1,0,1,0,aQrPaQrQrQ,B,qwen-122b,qwen/qwen3.5-122b-a10b,alibaba,0,1.0,Alibaba,B,3.9e-05,0.0001233911905893471,6.0875738673527025e-05,0
comprehension,own,neutral,0212,1,0,0,0,aQrQrQrPaQ,A,qwen-122b,qwen/qwen3.5-122b-a10b,alibaba,0,1.0,Alibaba,A,3.9e-05,0.9999151889799576,0.0001008911225486333,0
comprehension,own,neutral,0212,1,0,1,0,aQrPaQrQrQ,A,qwen-122b,qwen/qwen3.5-122b-a10b,alibaba,0,1.0,Alibaba,A,3.9e-05,0.9991959424471598,0.00010585426898507039,0
comprehension,own,neutral,0213,-1,0,0,0,rQrQrQrPaQaQ,B,qwen-122b,qwen/qwen3.5-122b-a10b,alibaba,0,1.0,Alibaba,B,4.082e-05,0.00013981914000193364,8.521669169314627e-05,0
comprehension,own,neutral,0213,-1,0,1,0,aQrQrPaQrQrQ,B,qwen-122b,qwen/qwen3.5-122b-a10b,alibaba,0,1.0,Alibaba,B,4.082e-05,0.0002611831403702616,9.943103659337815e-05,0
comprehension,own,neutral,0213,1,0,0,0,aQaQrQrPrQrQ,A,qwen-122b,qwen/qwen3.5-122b-a10b,alibaba,0,1.0,Alibaba,A,4.082e-05,0.9998766054410072,6.909991779951912e-05,0
comprehension,own,neutral,0213,1,0,1,0,aQaQrPrQrQrQ,A,qwen-122b,qwen/qwen3.5-122b-a10b,alibaba,0,1.0,Alibaba,A,4.082e-05,0.9994472409581376,9.110839936076365e-05,0
comprehension,own,neutral,0220,-1,0,0,0,rPaQaQrP,B,qwen-122b,qwen/qwen3.5-122b-a10b,alibaba,0,1.0,Alibaba,B,3.718e-05,6.605075923909525e-05,5.98319071094533e-05,0
comprehension,own,neutral,0220,-1,0,1,0,aQrPaQrP,B,qwen-122b,qwen/qwen3.5-122b-a10b,alibaba,0,1.0,Alibaba,B,3.718e-05,0.00013981864118061912,7.211335477819159e-05,0
comprehension,own,neutral,0220,1,0,0,0,aQaQrPrP,A,qwen-122b,qwen/qwen3.5-122b-a10b,alibaba,0,1.0,Alibaba,A,3.718e-05,0.9998204738125119,7.660282165624055e-05,0
comprehension,own,neutral,0220,1,0,1,0,aQrPaQrP,A,qwen-122b,qwen/qwen3.5-122b-a10b,alibaba,0,1.0,Alibaba,A,3.718e-05,0.9991959426331499,9.84711515661594e-05,0
comprehension,own,neutral,0221,-1,0,0,0,aQaQrPrQrP,B,qwen-122b,qwen/qwen3.5-122b-a10b,alibaba,0,1.0,Alibaba,B,3.9e-05,7.484442577898452e-05,5.8432792486629026e-05,0
comprehension,own,neutral,0221,-1,0,1,0,rPrQrPaQaQ,B,qwen-122b,qwen/qwen3.5-122b-a10b,alibaba,0,1.0,Alibaba,B,3.9e-05,0.0002034177593723101,5.92694345942224e-05,0
comprehension,own,neutral,0221,1,0,0,0,aQaQrPrPrQ,A,qwen-122b,qwen/qwen3.5-122b-a10b,alibaba,0,1.0,Alibaba,A,3.9e-05,0.9998911039246553,6.272105379650047e-05,0
comprehension,own,neutral,0221,1,0,1,0,rPrQaQrPaQ,A,qwen-122b,qwen/qwen3.5-122b-a10b,alibaba,0,1.0,Alibaba,A,3.9e-05,0.9994472326115585,8.189023862910816e-05,0
comprehension,own,neutral,0222,-1,0,0,0,rPaQaQrPrQrQ,B,qwen-122b,qwen/qwen3.5-122b-a10b,alibaba,0,1.0,Alibaba,B,4.082e-05,6.604949781691177e-05,6.0761059736735845e-05,0
comprehension,own,neutral,0222,-1,0,1,0,rQrQrPrPaQaQ,B,qwen-122b,qwen/qwen3.5-122b-a10b,alibaba,0,1.0,Alibaba,B,4.082e-05,0.00023050102755808925,6.710208265725548e-05,0
comprehension,own,neutral,0222,1,0,0,0,rPrQaQrPrQaQ,A,qwen-122b,qwen/qwen3.5-122b-a10b,alibaba,0,1.0,Alibaba,A,4.082e-05,0.9998601789348636,8.754105220277333e-05,0
comprehension,own,neutral,0222,1,0,1,0,aQrQrPrPaQrQ,A,qwen-122b,qwen/qwen3.5-122b-a10b,alibaba,0,1.0,Alibaba,A,4.082e-05,0.999512171342432,9.215540212092251e-05,0
comprehension,own,neutral,0230,-1,0,0,0,aQrPaQrPrP,B,qwen-122b,qwen/qwen3.5-122b-a10b,alibaba,0,1.0,Alibaba,B,3.9e-05,7.484358033659509e-05,6.048805016289904e-05,0
comprehension,own,neutral,0230,-1,0,1,0,aQaQrPrPrP,B,qwen-122b,qwen/qwen3.5-122b-a10b,alibaba,0,1.0,Alibaba,B,3.9e-05,0.00010889483392216222,8.469790358600626e-05,0
comprehension,own,neutral,0230,1,0,0,0,rPrPrPaQaQ,A,qwen-122b,qwen/qwen3.5-122b-a10b,alibaba,0,1.0,Alibaba,A,3.9e-05,0.9999339478242617,6.983255393595527e-05,0
comprehension,own,neutral,0230,1,0,1,0,rPrPaQrPaQ,A,qwen-122b,qwen/qwen3.5-122b-a10b,alibaba,0,1.0,Alibaba,A,3.9e-05,0.999290350224369,0.00011597891094330666,0
comprehension,own,neutral,0231,-1,0,0,0,rPrPrPrQaQaQ,B,qwen-122b,qwen/qwen3.5-122b-a10b,alibaba,0,1.0,Alibaba,B,4.082e-05,8.48084246824335e-05,6.075547198336473e-05,0
comprehension,own,neutral,0231,-1,0,1,0,rPaQrPrPaQrQ,B,qwen-122b,qwen/qwen3.5-122b-a10b,alibaba,0,1.0,Alibaba,B,4.082e-05,0.00023049864450466992,5.581046842140225e-05,0
comprehension,own,neutral,0231,1,0,0,0,rPaQaQrPrQrP,A,qwen-122b,qwen/qwen3.5-122b-a10b,alibaba,0,1.0,Alibaba,A,4.082e-05,0.9998204736632647,8.220208768263152e-05,0
comprehension,own,neutral,0231,1,0,1,0,aQrPrPrQaQrP,A,qwen-122b,qwen/qwen3.5-122b-a10b,alibaba,0,1.0,Alibaba,A,4.082e-05,0.9992903518908567,9.36057682834338e-05,0
comprehension,own,neutral,0240,-1,0,0,0,rPaQaQrPrPrP,B,qwen-122b,qwen/qwen3.5-122b-a10b,alibaba,0,1.0,Alibaba,B,4.082e-05,8.480895958814586e-05,5.6572503791985085e-05,0
comprehension,own,neutral,0240,-1,0,1,0,rPaQrPaQrPrP,B,qwen-122b,qwen/qwen3.5-122b-a10b,alibaba,0,1.0,Alibaba,B,4.082e-05,0.00023049960027808148,8.09361235202255e-05,0
comprehension,own,neutral,0240,1,0,0,0,rPrPrPaQaQrP,A,qwen-122b,qwen/qwen3.5-122b-a10b,alibaba,0,1.0,Alibaba,A,4.082e-05,0.9999251537822268,7.283773868083176e-05,0
comprehension,own,neutral,0240,1,0,1,0,rPaQrPrPrPaQ,A,qwen-122b,qwen/qwen3.5-122b-a10b,alibaba,0,1.0,Alibaba,A,4.082e-05,0.9994472375556506,0.00010489188545929711,0
comprehension,own,neutral,0300,-1,0,0,0,aQaQaQ,B,qwen-122b,qwen/qwen3.5-122b-a10b,alibaba,0,1.0,Alibaba,B,3.536e-05,6.605119434483192e-05,5.974361536820183e-05,0
comprehension,own,neutral,0300,-1,0,1,0,aQaQaQ,B,qwen-122b,qwen/qwen3.5-122b-a10b,alibaba,0,1.0,Alibaba,B,3.536e-05,8.480945579084401e-05,6.623741916922388e-05,0
comprehension,own,neutral,0300,1,0,0,0,aQaQaQ,A,qwen-122b,qwen/qwen3.5-122b-a10b,alibaba,0,1.0,Alibaba,A,3.536e-05,0.9998601778782451,9.605084980181556e-05,0
comprehension,own,neutral,0300,1,0,1,0,aQaQaQ,A,qwen-122b,qwen/qwen3.5-122b-a10b,alibaba,0,1.0,Alibaba,A,3.536e-05,0.999512167943108,9.435507547090048e-05,0
comprehension,own,neutral,0301,-1,0,0,0,aQaQrQaQ,B,qwen-122b,qwen/qwen3.5-122b-a10b,alibaba,0,1.0,Alibaba,B,3.718e-05,8.480940511368875e-05,7.517598876027876e-05,0
comprehension,own,neutral,0301,-1,0,1,0,aQrQaQaQ,B,qwen-122b,qwen/qwen3.5-122b-a10b,alibaba,0,1.0,Alibaba,B,3.718e-05,0.0001233907080762892,8.462012511933903e-05,0
comprehension,own,neutral,0301,1,0,0,0,aQaQaQrQ,A,qwen-122b,qwen/qwen3.5-122b-a10b,alibaba,0,1.0,Alibaba,A,3.718e-05,0.9998415637865037,0.00010758519047870683,0
comprehension,own,neutral,0301,1,0,1,0,rQaQaQaQ,A,qwen-122b,qwen/qwen3.5-122b-a10b,alibaba,0,1.0,Alibaba,A,3.718e-05,0.9997040510228421,8.46760573096213e-05,0
comprehension,own,neutral,0302,-1,0,0,0,aQrQaQaQrQ,B,qwen-122b,qwen/qwen3.5-122b-a10b,alibaba,0,1.0,Alibaba,B,3.9e-05,0.0001398191236318568,7.651724602186771e-05,0
comprehension,own,neutral,0302,-1,0,1,0,aQrQrQaQaQ,B,qwen-122b,qwen/qwen3.5-122b-a10b,alibaba,0,1.0,Alibaba,B,3.9e-05,9.610033002684685e-05,7.864602485530003e-05,0
comprehension,own,neutral,0302,1,0,0,0,aQaQrQrQaQ,A,qwen-122b,qwen/qwen3.5-122b-a10b,alibaba,0,1.0,Alibaba,A,3.9e-05,0.9997965731030392,8.3206193915121e-05,0
comprehension,own,neutral,0302,1,0,1,0,aQaQaQrQrQ,A,qwen-122b,qwen/qwen3.5-122b-a10b,alibaba,0,1.0,Alibaba,A,3.9e-05,0.9994472408964533,0.00010218617674582304,0
comprehension,own,neutral,0303,-1,0,0,0,rQaQaQrQaQrQ,B,qwen-122b,qwen/qwen3.5-122b-a10b,alibaba,0,1.0,Alibaba,B,4.082e-05,0.0001398197533388529,8.483498786038268e-05,0
comprehension,own,neutral,0303,-1,0,1,0,rQrQaQrQaQaQ,B,qwen-122b,qwen/qwen3.5-122b-a10b,alibaba,0,1.0,Alibaba,B,4.082e-05,0.0001398139369709361,9.663977018714576e-05,0
comprehension,own,neutral,0303,1,0,0,0,rQaQaQrQaQrQ,A,qwen-122b,qwen/qwen3.5-122b-a10b,alibaba,0,1.0,Alibaba,A,4.082e-05,0.9999038975516522,8.16148647338637e-05,0
comprehension,own,neutral,0303,1,0,1,0,rQaQrQrQaQaQ,A,qwen-122b,qwen/qwen3.5-122b-a10b,alibaba,0,1.0,Alibaba,A,4.082e-05,0.9995121600995717,0.00011138522237525957,0
comprehension,own,neutral,0310,-1,0,0,0,aQaQrPaQ,B,qwen-122b,qwen/qwen3.5-122b-a10b,alibaba,0,1.0,Alibaba,B,3.718e-05,6.605074354945068e-05,5.387266079603936e-05,0
comprehension,own,neutral,0310,-1,0,1,0,aQrPaQaQ,B,qwen-122b,qwen/qwen3.5-122b-a10b,alibaba,0,1.0,Alibaba,B,3.718e-05,0.00012339158999801413,5.55299059136205e-05,0
comprehension,own,neutral,0310,1,0,0,0,rPaQaQaQ,A,qwen-122b,qwen/qwen3.5-122b-a10b,alibaba,0,1.0,Alibaba,A,3.718e-05,0.9999485577683032,7.955570396968567e-05,0
comprehension,own,neutral,0310,1,0,1,0,aQaQaQrP,A,qwen-122b,qwen/qwen3.5-122b-a10b,alibaba,0,1.0,Alibaba,A,3.718e-05,0.9991959504233521,0.0001011799855056908,0
comprehension,own,neutral,0311,-1,0,0,0,rQaQaQrPaQ,B,qwen-122b,qwen/qwen3.5-122b-a10b,alibaba,0,1.0,Alibaba,B,3.9e-05,5.829004293487041e-05,5.615084284393834e-05,0
comprehension,own,neutral,0311,-1,0,1,0,aQaQrPaQrQ,B,qwen-122b,qwen/qwen3.5-122b-a10b,alibaba,0,1.0,Alibaba,B,3.9e-05,0.00010889193807392155,7.431776597843776e-05,0
comprehension,own,neutral,0311,1,0,0,0,aQrPaQrQaQ,A,qwen-122b,qwen/qwen3.5-122b-a10b,alibaba,0,1.0,Alibaba,A,3.9e-05,0.9998204735558086,7.23109873787222e-05,0
comprehension,own,neutral,0311,1,0,1,0,rPrQaQaQaQ,A,qwen-122b,qwen/qwen3.5-122b-a10b,alibaba,0,1.0,Alibaba,A,3.9e-05,0.9994472397144721,0.0001081385753218786,0
comprehension,own,neutral,0312,-1,0,0,0,rQrPrQaQaQaQ,B,qwen-122b,qwen/qwen3.5-122b-a10b,alibaba,0,1.0,Alibaba,B,4.082e-05,0.00010889423599726099,6.490340724918386e-05,0
comprehension,own,neutral,0312,-1,0,1,0,aQrQrQaQaQrP,B,qwen-122b,qwen/qwen3.5-122b-a10b,alibaba,0,1.0,Alibaba,B,4.082e-05,0.00026118548390999187,9.02848353374619e-05,0
comprehension,own,neutral,0312,1,0,0,0,rQaQrQrPaQaQ,A,qwen-122b,qwen/qwen3.5-122b-a10b,alibaba,0,1.0,Alibaba,A,4.082e-05,0.9999151889397618,0.00011566858180368289,0
comprehension,own,neutral,0312,1,0,1,0,rQrPaQaQrQaQ,A,qwen-122b,qwen/qwen3.5-122b-a10b,alibaba,0,1.0,Alibaba,A,4.082e-05,0.9996200288727889,8.92005807407104e-05,0
comprehension,own,neutral,0320,-1,0,0,0,rPrPaQaQaQ,B,qwen-122b,qwen/qwen3.5-122b-a10b,alibaba,0,1.0,Alibaba,B,3.9e-05,5.828946019256161e-05,6.236560060346452e-05,0
comprehension,own,neutral,0320,-1,0,1,0,aQaQaQrPrP,B,qwen-122b,qwen/qwen3.5-122b-a10b,alibaba,0,1.0,Alibaba,B,3.9e-05,8.480924212914263e-05,6.18110361628732e-05,0
comprehension,own,neutral,0320,1,0,0,0,rPrPaQaQaQ,A,qwen-122b,qwen/qwen3.5-122b-a10b,alibaba,0,1.0,Alibaba,A,3.9e-05,0.9999417087139438,6.603239664061604e-05,0
comprehension,own,neutral,0320,1,0,1,0,aQrPaQrPaQ,A,qwen-122b,qwen/qwen3.5-122b-a10b,alibaba,0,1.0,Alibaba,A,3.9e-05,0.9992903619623945,8.656656052200397e-05,0
comprehension,own,neutral,0321,-1,0,0,0,aQaQrPaQrQrP,B,qwen-122b,qwen/qwen3.5-122b-a10b,alibaba,0,1.0,Alibaba,B,4.082e-05,5.828965313705193e-05,5.518570907592224e-05,0
comprehension,own,neutral,0321,-1,0,1,0,aQrPaQaQrQrP,B,qwen-122b,qwen/qwen3.5-122b-a10b,alibaba,0,1.0,Alibaba,B,4.082e-05,0.00017952165688915047,0.00010095498176176942,0
comprehension,own,neutral,0321,1,0,0,0,aQrPrQrPaQaQ,A,qwen-122b,qwen/qwen3.5-122b-a10b,alibaba,0,1.0,Alibaba,A,4.082e-05,0.99987660544179,9.960857831773609e-05,0
comprehension,own,neutral,0321,1,0,1,0,rQaQrPaQaQrP,A,qwen-122b,qwen/qwen3.5-122b-a10b,alibaba,0,1.0,Alibaba,A,4.082e-05,0.9995694547809867,8.300547540338369e-05,0
comprehension,own,neutral,0330,-1,0,0,0,rPaQrPaQaQrP,B,qwen-122b,qwen/qwen3.5-122b-a10b,alibaba,0,1.0,Alibaba,B,4.082e-05,5.829000819916695e-05,5.555496450915243e-05,0
comprehension,own,neutral,0330,-1,0,1,0,rPrPaQaQrPaQ,B,qwen-122b,qwen/qwen3.5-122b-a10b,alibaba,0,1.0,Alibaba,B,4.082e-05,0.00015843185264113958,5.2408312108620514e-05,0
comprehension,own,neutral,0330,1,0,0,0,rPaQaQrPrPaQ,A,qwen-122b,qwen/qwen3.5-122b-a10b,alibaba,0,1.0,Alibaba,A,4.082e-05,0.9998911031176607,6.917761208463302e-05,0
comprehension,own,neutral,0330,1,0,1,0,rPrPaQaQrPaQ,A,qwen-122b,qwen/qwen3.5-122b-a10b,alibaba,0,1.0,Alibaba,A,4.082e-05,0.9990889901036512,0.00011035787797694749,0
comprehension,own,neutral,0400,-1,0,0,0,aQaQaQaQ,B,qwen-122b,qwen/qwen3.5-122b-a10b,alibaba,0,1.0,Alibaba,B,3.718e-05,0.00010889514149926283,6.177490542125241e-05,0
comprehension,own,neutral,0400,-1,0,1,0,aQaQaQaQ,B,qwen-122b,qwen/qwen3.5-122b-a10b,alibaba,0,1.0,Alibaba,B,3.718e-05,0.00010889422236025673,9.338615064824474e-05,0
comprehension,own,neutral,0400,1,0,0,0,aQaQaQaQ,A,qwen-122b,qwen/qwen3.5-122b-a10b,alibaba,0,1.0,Alibaba,A,3.718e-05,0.9997965730560103,0.00010727694196454625,0
comprehension,own,neutral,0400,1,0,1,0,aQaQaQaQ,A,qwen-122b,qwen/qwen3.5-122b-a10b,alibaba,0,1.0,Alibaba,A,3.718e-05,0.9993736980888472,0.00011400308070541522,0
comprehension,own,neutral,0401,-1,0,0,0,rQaQaQaQaQ,B,qwen-122b,qwen/qwen3.5-122b-a10b,alibaba,0,1.0,Alibaba,B,3.9e-05,0.00013981777561902157,8.49952076698024e-05,0
comprehension,own,neutral,0401,-1,0,1,0,aQaQaQrQaQ,B,qwen-122b,qwen/qwen3.5-122b-a10b,alibaba,0,1.0,Alibaba,B,3.9e-05,5.829052786980852e-05,5.684071905853738e-05,0
comprehension,own,neutral,0401,1,0,0,0,aQrQaQaQaQ,A,qwen-122b,qwen/qwen3.5-122b-a10b,alibaba,0,1.0,Alibaba,A,3.9e-05,0.9998601778614593,9.235655164995478e-05,0
comprehension,own,neutral,0401,1,0,1,0,aQrQaQaQaQ,A,qwen-122b,qwen/qwen3.5-122b-a10b,alibaba,0,1.0,Alibaba,A,3.9e-05,0.9993736880900504,0.0001209070555228995,0
comprehension,own,neutral,0402,-1,0,0,0,aQaQaQrQrQaQ,B,qwen-122b,qwen/qwen3.5-122b-a10b,alibaba,0,1.0,Alibaba,B,4.082e-05,0.0001088955310013414,5.390811679784058e-05,0
comprehension,own,neutral,0402,-1,0,1,0,aQrQaQrQaQaQ,B,qwen-122b,qwen/qwen3.5-122b-a10b,alibaba,0,1.0,Alibaba,B,4.082e-05,0.0001233901805566931,8.892761392853554e-05,0
comprehension,own,neutral,0402,1,0,0,0,rQaQaQaQaQrQ,A,qwen-122b,qwen/qwen3.5-122b-a10b,alibaba,0,1.0,Alibaba,A,4.082e-05,0.9999151889702665,0.00012579809788084445,0
comprehension,own,neutral,0402,1,0,1,0,rQaQaQrQaQaQ,A,qwen-122b,qwen/qwen3.5-122b-a10b,alibaba,0,1.0,Alibaba,A,4.082e-05,0.9995694650286675,0.0001016403421046556,0
comprehension,own,neutral,0410,-1,0,0,0,aQaQaQrPaQ,B,qwen-122b,qwen/qwen3.5-122b-a10b,alibaba,0,1.0,Alibaba,B,3.9e-05,5.8290189853740475e-05,5.29494481175119e-05,0
comprehension,own,neutral,0410,-1,0,1,0,rPaQaQaQaQ,B,qwen-122b,qwen/qwen3.5-122b-a10b,alibaba,0,1.0,Alibaba,B,3.9e-05,0.0001584313277199717,6.912122164137724e-05,0
comprehension,own,neutral,0410,1,0,0,0,aQaQaQaQrP,A,qwen-122b,qwen/qwen3.5-122b-a10b,alibaba,0,1.0,Alibaba,A,3.9e-05,0.9997694952249221,7.763729005561508e-05,0
comprehension,own,neutral,0410,1,0,1,0,aQaQaQaQrP,A,qwen-122b,qwen/qwen3.5-122b-a10b,alibaba,0,1.0,Alibaba,A,3.9e-05,0.9990889899911082,0.00010619033130033052,0
comprehension,own,neutral,0411,-1,0,0,0,rQaQaQaQrPaQ,B,qwen-122b,qwen/qwen3.5-122b-a10b,alibaba,0,1.0,Alibaba,B,4.082e-05,0.00010889462473822226,6.942666611542414e-05,0
comprehension,own,neutral,0411,-1,0,1,0,aQrPaQrQaQaQ,B,qwen-122b,qwen/qwen3.5-122b-a10b,alibaba,0,1.0,Alibaba,B,4.082e-05,0.0002034226551662279,8.524229863893229e-05,0
comprehension,own,neutral,0411,1,0,0,0,aQrQaQaQaQrP,A,qwen-122b,qwen/qwen3.5-122b-a10b,alibaba,0,1.0,Alibaba,A,4.082e-05,0.9998766061747911,7.745775563372566e-05,0
comprehension,own,neutral,0411,1,0,1,0,aQaQrPaQaQrQ,A,qwen-122b,qwen/qwen3.5-122b-a10b,alibaba,0,1.0,Alibaba,A,4.082e-05,0.9991959425288685,8.715780403846952e-05,0
comprehension,own,neutral,0420,-1,0,0,0,rPaQaQrPaQaQ,B,qwen-122b,qwen/qwen3.5-122b-a10b,alibaba,0,1.0,Alibaba,B,4.082e-05,7.484465726457576e-05,6.53399476853167e-05,0
comprehension,own,neutral,0420,-1,0,1,0,rPaQaQrPaQaQ,B,qwen-122b,qwen/qwen3.5-122b-a10b,alibaba,0,1.0,Alibaba,B,4.082e-05,0.00023049755736356437,8.065619063546414e-05,0
comprehension,own,neutral,0420,1,0,0,0,aQaQaQaQrPrP,A,qwen-122b,qwen/qwen3.5-122b-a10b,alibaba,0,1.0,Alibaba,A,4.082e-05,0.9997388116008554,7.951272764956068e-05,0
comprehension,own,neutral,0420,1,0,1,0,aQaQrPaQaQrP,A,qwen-122b,qwen/qwen3.5-122b-a10b,alibaba,0,1.0,Alibaba,A,4.082e-05,0.9992903579333114,0.00010416345450194324,0
comprehension,own,neutral,0500,-1,0,0,0,aQaQaQaQaQ,B,qwen-122b,qwen/qwen3.5-122b-a10b,alibaba,0,1.0,Alibaba,B,3.9e-05,0.00010889688220773641,7.58516406222931e-05,0
comprehension,own,neutral,0500,-1,0,1,0,aQaQaQaQaQ,B,qwen-122b,qwen/qwen3.5-122b-a10b,alibaba,0,1.0,Alibaba,B,3.9e-05,0.00010889480809919301,7.87392078633875e-05,0
comprehension,own,neutral,0500,1,0,0,0,aQaQaQaQaQ,A,qwen-122b,qwen/qwen3.5-122b-a10b,alibaba,0,1.0,Alibaba,A,3.9e-05,0.9997965765990169,8.70011328816701e-05,0
comprehension,own,neutral,0500,1,0,1,0,aQaQaQaQaQ,A,qwen-122b,qwen/qwen3.5-122b-a10b,alibaba,0,1.0,Alibaba,A,3.9e-05,0.9992903581037108,0.0001063072944802383,0
comprehension,own,neutral,0501,-1,0,0,0,aQaQaQrQaQaQ,B,qwen-122b,qwen/qwen3.5-122b-a10b,alibaba,0,1.0,Alibaba,B,4.082e-05,0.00010889488621139679,6.801322087957029e-05,0
comprehension,own,neutral,0501,-1,0,1,0,aQaQaQaQaQrQ,B,qwen-122b,qwen/qwen3.5-122b-a10b,alibaba,0,1.0,Alibaba,B,4.082e-05,9.60997447119579e-05,7.446301048075199e-05,0
comprehension,own,neutral,0501,1,0,0,0,aQaQaQaQaQrQ,A,qwen-122b,qwen/qwen3.5-122b-a10b,alibaba,0,1.0,Alibaba,A,4.082e-05,0.999769493264197,0.00011379657112458005,0
comprehension,own,neutral,0501,1,0,1,0,aQaQrQaQaQaQ,A,qwen-122b,qwen/qwen3.5-122b-a10b,alibaba,0,1.0,Alibaba,A,4.082e-05,0.9994472463218264,0.00011621137799417943,0
comprehension,own,neutral,0510,-1,0,0,0,aQaQaQaQaQrP,B,qwen-122b,qwen/qwen3.5-122b-a10b,alibaba,0,1.0,Alibaba,B,4.082e-05,7.484501247051818e-05,5.292044227012127e-05,0
comprehension,own,neutral,0510,-1,0,1,0,aQaQaQaQaQrP,B,qwen-122b,qwen/qwen3.5-122b-a10b,alibaba,0,1.0,Alibaba,B,4.082e-05,0.00013981862482895607,6.246031208223535e-05,0
comprehension,own,neutral,0510,1,0,0,0,aQaQaQrPaQaQ,A,qwen-122b,qwen/qwen3.5-122b-a10b,alibaba,0,1.0,Alibaba,A,4.082e-05,0.9998204747472718,8.18859909537151e-05,0
comprehension,own,neutral,0510,1,0,1,0,rPaQaQaQaQaQ,A,qwen-122b,qwen/qwen3.5-122b-a10b,alibaba,0,1.0,Alibaba,A,4.082e-05,0.9993736800026458,8.804678111122316e-05,0
comprehension,own,neutral,0600,-1,0,0,0,aQaQaQaQaQaQ,B,qwen-122b,qwen/qwen3.5-122b-a10b,alibaba,0,1.0,Alibaba,B,4.082e-05,0.00012339198568069176,8.543739671806883e-05,0
comprehension,own,neutral,0600,-1,0,1,0,aQaQaQaQaQaQ,B,qwen-122b,qwen/qwen3.5-122b-a10b,alibaba,0,1.0,Alibaba,B,4.082e-05,8.48097299526474e-05,8.472748689491993e-05,0
comprehension,own,neutral,0600,1,0,0,0,aQaQaQaQaQaQ,A,qwen-122b,qwen/qwen3.5-122b-a10b,alibaba,0,1.0,Alibaba,A,4.082e-05,0.9996646497419939,0.00010365875740016376,0
comprehension,own,neutral,0600,1,0,1,0,aQaQaQaQaQaQ,A,qwen-122b,qwen/qwen3.5-122b-a10b,alibaba,0,1.0,Alibaba,A,4.082e-05,0.9994472407661161,0.00010575945904887007,0
comprehension,own,neutral,1000,-1,0,0,0,aP,B,qwen-122b,qwen/qwen3.5-122b-a10b,alibaba,0,1.0,Alibaba,B,3.172e-05,8.480941530662231e-05,6.957453464906393e-05,0
comprehension,own,neutral,1000,-1,0,1,0,aP,B,qwen-122b,qwen/qwen3.5-122b-a10b,alibaba,0,1.0,Alibaba,B,3.172e-05,0.00020341520652515774,9.44005969483186e-05,0
comprehension,own,neutral,1000,1,0,0,0,aP,A,qwen-122b,qwen/qwen3.5-122b-a10b,alibaba,0,1.0,Alibaba,A,3.172e-05,0.9999646437370228,0.00011661660168739015,0
comprehension,own,neutral,1000,1,0,1,0,aP,A,qwen-122b,qwen/qwen3.5-122b-a10b,alibaba,0,1.0,Alibaba,A,3.172e-05,0.9997388178785219,8.885524037955989e-05,0
comprehension,own,neutral,1001,-1,0,0,0,aPrQ,B,qwen-122b,qwen/qwen3.5-122b-a10b,alibaba,0,1.0,Alibaba,B,3.354e-05,8.480982106108195e-05,5.9100717171967077e-05,0
comprehension,own,neutral,1001,-1,0,1,0,rQaP,B,qwen-122b,qwen/qwen3.5-122b-a10b,alibaba,0,1.0,Alibaba,B,3.354e-05,0.0004305398252848271,7.90611151174625e-05,0
comprehension,own,neutral,1001,1,0,0,0,aPrQ,A,qwen-122b,qwen/qwen3.5-122b-a10b,alibaba,0,1.0,Alibaba,A,3.354e-05,0.9999546021262408,7.964065460096695e-05,0
comprehension,own,neutral,1001,1,0,1,0,aPrQ,A,qwen-122b,qwen/qwen3.5-122b-a10b,alibaba,0,1.0,Alibaba,A,3.354e-05,0.9996200327764991,7.368288098066281e-05,0
comprehension,own,neutral,1002,-1,0,0,0,rQrQaP,B,qwen-122b,qwen/qwen3.5-122b-a10b,alibaba,0,1.0,Alibaba,B,3.536e-05,7.484392665681888e-05,8.514065846731977e-05,0
comprehension,own,neutral,1002,-1,0,1,0,aPrQrQ,B,qwen-122b,qwen/qwen3.5-122b-a10b,alibaba,0,1.0,Alibaba,B,3.536e-05,0.00026118212386422513,6.40707393271267e-05,0
comprehension,own,neutral,1002,1,0,0,0,aPrQrQ,A,qwen-122b,qwen/qwen3.5-122b-a10b,alibaba,0,1.0,Alibaba,A,3.536e-05,0.9999546026025399,0.00010157187712879079,0
comprehension,own,neutral,1002,1,0,1,0,rQrQaP,A,qwen-122b,qwen/qwen3.5-122b-a10b,alibaba,0,1.0,Alibaba,A,3.536e-05,0.9995694651299234,9.61604888854892e-05,0
comprehension,own,neutral,1003,-1,0,0,0,rQrQrQaP,B,qwen-122b,qwen/qwen3.5-122b-a10b,alibaba,0,1.0,Alibaba,B,3.718e-05,9.610061813101483e-05,7.30613270759628e-05,0
comprehension,own,neutral,1003,-1,0,1,0,rQaPrQrQ,B,qwen-122b,qwen/qwen3.5-122b-a10b,alibaba,0,1.0,Alibaba,B,3.718e-05,0.0002034213696424353,5.03149445767459e-05,0
comprehension,own,neutral,1003,1,0,0,0,rQaPrQrQ,A,qwen-122b,qwen/qwen3.5-122b-a10b,alibaba,0,1.0,Alibaba,A,3.718e-05,0.9999417087350089,9.332540121644758e-05,0
comprehension,own,neutral,1003,1,0,1,0,rQrQrQaP,A,qwen-122b,qwen/qwen3.5-122b-a10b,alibaba,0,1.0,Alibaba,A,3.718e-05,0.9996646669943116,9.703512483601005e-05,0
comprehension,own,neutral,1004,-1,0,0,0,aPrQrQrQrQ,B,qwen-122b,qwen/qwen3.5-122b-a10b,alibaba,0,1.0,Alibaba,B,3.9e-05,0.000158432402410882,6.922879423709727e-05,0
comprehension,own,neutral,1004,-1,0,1,0,rQaPrQrQrQ,B,qwen-122b,qwen/qwen3.5-122b-a10b,alibaba,0,1.0,Alibaba,B,3.9e-05,0.00015843319758593354,6.566497100291002e-05,0
comprehension,own,neutral,1004,1,0,0,0,rQrQaPrQrQ,A,qwen-122b,qwen/qwen3.5-122b-a10b,alibaba,0,1.0,Alibaba,A,3.9e-05,0.9999417091459742,6.434294721392995e-05,0
comprehension,own,neutral,1004,1,0,1,0,rQrQrQrQaP,A,qwen-122b,qwen/qwen3.5-122b-a10b,alibaba,0,1.0,Alibaba,A,3.9e-05,0.9995694580468751,8.686373894309889e-05,0
comprehension,own,neutral,1005,-1,0,0,0,aPrQrQrQrQrQ,B,qwen-122b,qwen/qwen3.5-122b-a10b,alibaba,0,1.0,Alibaba,B,4.082e-05,0.00017952299888148934,6.265709841901668e-05,0
comprehension,own,neutral,1005,-1,0,1,0,rQrQrQrQaPrQ,B,qwen-122b,qwen/qwen3.5-122b-a10b,alibaba,0,1.0,Alibaba,B,4.082e-05,0.00023050105488140482,6.912783209134243e-05,0
comprehension,own,neutral,1005,1,0,0,0,rQrQrQrQrQaP,A,qwen-122b,qwen/qwen3.5-122b-a10b,alibaba,0,1.0,Alibaba,A,4.082e-05,0.9999417092286341,0.0001191866398681015,0
comprehension,own,neutral,1005,1,0,1,0,rQrQrQrQaPrQ,A,qwen-122b,qwen/qwen3.5-122b-a10b,alibaba,0,1.0,Alibaba,A,4.082e-05,0.9997388214926306,8.07403746356832e-05,0
comprehension,own,neutral,1010,-1,0,0,0,rPaP,B,qwen-122b,qwen/qwen3.5-122b-a10b,alibaba,0,1.0,Alibaba,B,3.354e-05,8.480838393883094e-05,8.030083463361759e-05,0
comprehension,own,neutral,1010,-1,0,1,0,rPaP,B,qwen-122b,qwen/qwen3.5-122b-a10b,alibaba,0,1.0,Alibaba,B,3.354e-05,0.00015843277889761241,7.92337672721466e-05,0
comprehension,own,neutral,1010,1,0,0,0,aPrP,A,qwen-122b,qwen/qwen3.5-122b-a10b,alibaba,0,1.0,Alibaba,A,3.354e-05,0.9999485582946551,7.695334800202598e-05,0
comprehension,own,neutral,1010,1,0,1,0,aPrP,A,qwen-122b,qwen/qwen3.5-122b-a10b,alibaba,0,1.0,Alibaba,A,3.354e-05,0.9996200237180453,6.795919109674718e-05,0
comprehension,own,neutral,1011,-1,0,0,0,rQaPrP,B,qwen-122b,qwen/qwen3.5-122b-a10b,alibaba,0,1.0,Alibaba,B,3.536e-05,0.00010889428796746094,6.251978997040553e-05,0
comprehension,own,neutral,1011,-1,0,1,0,aPrPrQ,B,qwen-122b,qwen/qwen3.5-122b-a10b,alibaba,0,1.0,Alibaba,B,3.536e-05,0.0003353280286227254,7.837979494673686e-05,0
comprehension,own,neutral,1011,1,0,0,0,rPrQaP,A,qwen-122b,qwen/qwen3.5-122b-a10b,alibaba,0,1.0,Alibaba,A,3.536e-05,0.999915189638303,5.11707058271143e-05,0
comprehension,own,neutral,1011,1,0,1,0,rPrQaP,A,qwen-122b,qwen/qwen3.5-122b-a10b,alibaba,0,1.0,Alibaba,A,3.536e-05,0.9995694580979254,8.579158524463974e-05,0
comprehension,own,neutral,1012,-1,0,0,0,aPrQrQrP,B,qwen-122b,qwen/qwen3.5-122b-a10b,alibaba,0,1.0,Alibaba,B,3.718e-05,7.484357145255467e-05,5.750850156982512e-05,0
comprehension,own,neutral,1012,-1,0,1,0,rQaPrQrP,B,qwen-122b,qwen/qwen3.5-122b-a10b,alibaba,0,1.0,Alibaba,B,3.718e-05,0.0003353418317473543,8.044118774674924e-05,0
comprehension,own,neutral,1012,1,0,0,0,rQrQrPaP,A,qwen-122b,qwen/qwen3.5-122b-a10b,alibaba,0,1.0,Alibaba,A,3.718e-05,0.9999038984679939,7.398770997733141e-05,0
comprehension,own,neutral,1012,1,0,1,0,aPrQrQrP,A,qwen-122b,qwen/qwen3.5-122b-a10b,alibaba,0,1.0,Alibaba,A,3.718e-05,0.9996646651251938,8.639753681265357e-05,0
comprehension,own,neutral,1013,-1,0,0,0,rPrQrQrQaP,B,qwen-122b,qwen/qwen3.5-122b-a10b,alibaba,0,1.0,Alibaba,B,3.9e-05,6.605035694906292e-05,5.4695237688418e-05,0
comprehension,own,neutral,1013,-1,0,1,0,rPrQrQrQaP,B,qwen-122b,qwen/qwen3.5-122b-a10b,alibaba,0,1.0,Alibaba,B,3.9e-05,0.00026118398983830324,5.404950870313563e-05,0
comprehension,own,neutral,1013,1,0,0,0,aPrQrQrPrQ,A,qwen-122b,qwen/qwen3.5-122b-a10b,alibaba,0,1.0,Alibaba,A,3.9e-05,0.9999417094402439,7.64599225704492e-05,0
comprehension,own,neutral,1013,1,0,1,0,rPrQaPrQrQ,A,qwen-122b,qwen/qwen3.5-122b-a10b,alibaba,0,1.0,Alibaba,A,3.9e-05,0.9996200288707044,7.823972992344023e-05,0
comprehension,own,neutral,1014,-1,0,0,0,rQrPaPrQrQrQ,B,qwen-122b,qwen/qwen3.5-122b-a10b,alibaba,0,1.0,Alibaba,B,4.082e-05,0.0001233906790787112,7.00811288611991e-05,0
comprehension,own,neutral,1014,-1,0,1,0,rPrQrQaPrQrQ,B,qwen-122b,qwen/qwen3.5-122b-a10b,alibaba,0,1.0,Alibaba,B,4.082e-05,0.00029594789619772114,4.8601005875004155e-05,0
comprehension,own,neutral,1014,1,0,0,0,aPrQrQrQrQrP,A,qwen-122b,qwen/qwen3.5-122b-a10b,alibaba,0,1.0,Alibaba,A,4.082e-05,0.999933948452878,6.98522841926527e-05,0
comprehension,own,neutral,1014,1,0,1,0,rPrQaPrQrQrQ,A,qwen-122b,qwen/qwen3.5-122b-a10b,alibaba,0,1.0,Alibaba,A,4.082e-05,0.9995121546379571,8.109874810020921e-05,0
comprehension,own,neutral,1020,-1,0,0,0,aPrPrP,B,qwen-122b,qwen/qwen3.5-122b-a10b,alibaba,0,1.0,Alibaba,B,3.536e-05,8.480946589863683e-05,6.635659364095936e-05,0
comprehension,own,neutral,1020,-1,0,1,0,rPaPrP,B,qwen-122b,qwen/qwen3.5-122b-a10b,alibaba,0,1.0,Alibaba,B,3.536e-05,0.00020342349910495888,8.366907289170111e-05,0
comprehension,own,neutral,1020,1,0,0,0,aPrPrP,A,qwen-122b,qwen/qwen3.5-122b-a10b,alibaba,0,1.0,Alibaba,A,3.536e-05,0.9999646437495259,8.765570231369304e-05,0
comprehension,own,neutral,1020,1,0,1,0,rPrPaP,A,qwen-122b,qwen/qwen3.5-122b-a10b,alibaba,0,1.0,Alibaba,A,3.536e-05,0.9995121581881078,0.00010910480252309638,0
comprehension,own,neutral,1021,-1,0,0,0,rQrPaPrP,B,qwen-122b,qwen/qwen3.5-122b-a10b,alibaba,0,1.0,Alibaba,B,3.718e-05,0.00012339123480058892,5.7419547225712186e-05,0
comprehension,own,neutral,1021,-1,0,1,0,aPrPrPrQ,B,qwen-122b,qwen/qwen3.5-122b-a10b,alibaba,0,1.0,Alibaba,B,3.718e-05,0.00026118221307098836,0.00010637035411464879,0
comprehension,own,neutral,1021,1,0,0,0,rPaPrPrQ,A,qwen-122b,qwen/qwen3.5-122b-a10b,alibaba,0,1.0,Alibaba,A,3.718e-05,0.999876606241119,5.9755302567532294e-05,0
comprehension,own,neutral,1021,1,0,1,0,rPrQaPrP,A,qwen-122b,qwen/qwen3.5-122b-a10b,alibaba,0,1.0,Alibaba,A,3.718e-05,0.9995694546756977,7.132999534649974e-05,0
comprehension,own,neutral,1022,-1,0,0,0,aPrPrQrQrP,B,qwen-122b,qwen/qwen3.5-122b-a10b,alibaba,0,1.0,Alibaba,B,3.9e-05,9.609901602219615e-05,7.16489189848124e-05,0
comprehension,own,neutral,1022,-1,0,1,0,rQrPrQrPaP,B,qwen-122b,qwen/qwen3.5-122b-a10b,alibaba,0,1.0,Alibaba,B,3.9e-05,0.0002611832048497804,7.679172266283896e-05,0
comprehension,own,neutral,1022,1,0,0,0,rPrQaPrQrP,A,qwen-122b,qwen/qwen3.5-122b-a10b,alibaba,0,1.0,Alibaba,A,3.9e-05,0.9997965747518596,7.986958180283794e-05,0
comprehension,own,neutral,1022,1,0,1,0,rPrQaPrPrQ,A,qwen-122b,qwen/qwen3.5-122b-a10b,alibaba,0,1.0,Alibaba,A,3.9e-05,0.99956946242382,9.33862713897369e-05,0
comprehension,own,neutral,1023,-1,0,0,0,rQrQrQrPrPaP,B,qwen-122b,qwen/qwen3.5-122b-a10b,alibaba,0,1.0,Alibaba,B,4.082e-05,0.00010889304475467416,7.112961584776478e-05,0
comprehension,own,neutral,1023,-1,0,1,0,rQrQrQrPaPrP,B,qwen-122b,qwen/qwen3.5-122b-a10b,alibaba,0,1.0,Alibaba,B,4.082e-05,0.000430546718477659,6.693906078969469e-05,0
comprehension,own,neutral,1023,1,0,0,0,aPrQrQrPrQrP,A,qwen-122b,qwen/qwen3.5-122b-a10b,alibaba,0,1.0,Alibaba,A,4.082e-05,0.9999151889801761,0.00011423855163900538,0
comprehension,own,neutral,1023,1,0,1,0,rPaPrPrQrQrQ,A,qwen-122b,qwen/qwen3.5-122b-a10b,alibaba,0,1.0,Alibaba,A,4.082e-05,0.9995121602079756,8.541635898307525e-05,0
comprehension,own,neutral,1030,-1,0,0,0,rPrPaPrP,B,qwen-122b,qwen/qwen3.5-122b-a10b,alibaba,0,1.0,Alibaba,B,3.718e-05,9.6100318681208e-05,7.280636084450176e-05,0
comprehension,own,neutral,1030,-1,0,1,0,rPaPrPrP,B,qwen-122b,qwen/qwen3.5-122b-a10b,alibaba,0,1.0,Alibaba,B,3.718e-05,0.00020342417789387217,6.888720938669213e-05,0
comprehension,own,neutral,1030,1,0,0,0,aPrPrPrP,A,qwen-122b,qwen/qwen3.5-122b-a10b,alibaba,0,1.0,Alibaba,A,3.718e-05,0.9999687980739483,8.751915912259435e-05,0
comprehension,own,neutral,1030,1,0,1,0,rPaPrPrP,A,qwen-122b,qwen/qwen3.5-122b-a10b,alibaba,0,1.0,Alibaba,A,3.718e-05,0.9995694623688632,7.825642773265671e-05,0
comprehension,own,neutral,1031,-1,0,0,0,rPrQrPrPaP,B,qwen-122b,qwen/qwen3.5-122b-a10b,alibaba,0,1.0,Alibaba,B,3.9e-05,0.00012339016576359986,9.166850061170795e-05,0
comprehension,own,neutral,1031,-1,0,1,0,rPrPrPrQaP,B,qwen-122b,qwen/qwen3.5-122b-a10b,alibaba,0,1.0,Alibaba,B,3.9e-05,0.00020342197848756866,6.570483784451575e-05,0
comprehension,own,neutral,1031,1,0,0,0,rQrPaPrPrP,A,qwen-122b,qwen/qwen3.5-122b-a10b,alibaba,0,1.0,Alibaba,A,3.9e-05,0.9999038983814762,6.821267350076128e-05,0
comprehension,own,neutral,1031,1,0,1,0,rPaPrPrQrP,A,qwen-122b,qwen/qwen3.5-122b-a10b,alibaba,0,1.0,Alibaba,A,3.9e-05,0.9995694649710812,7.602716599727977e-05,0
comprehension,own,neutral,1032,-1,0,0,0,rPrQrPrQaPrP,B,qwen-122b,qwen/qwen3.5-122b-a10b,alibaba,0,1.0,Alibaba,B,4.082e-05,0.00012339026933862857,7.057511298202979e-05,0
comprehension,own,neutral,1032,-1,0,1,0,aPrQrPrQrPrP,B,qwen-122b,qwen/qwen3.5-122b-a10b,alibaba,0,1.0,Alibaba,B,4.082e-05,0.0003353349959538985,7.817641828267163e-05,0
comprehension,own,neutral,1032,1,0,0,0,rQaPrQrPrPrP,A,qwen-122b,qwen/qwen3.5-122b-a10b,alibaba,0,1.0,Alibaba,A,4.082e-05,0.999948558157292,9.869518828731189e-05,0
comprehension,own,neutral,1032,1,0,1,0,rPrQrPrPaPrQ,A,qwen-122b,qwen/qwen3.5-122b-a10b,alibaba,0,1.0,Alibaba,A,4.082e-05,0.9996200259895921,8.009995840606022e-05,0
comprehension,own,neutral,1040,-1,0,0,0,rPrPaPrPrP,B,qwen-122b,qwen/qwen3.5-122b-a10b,alibaba,0,1.0,Alibaba,B,3.9e-05,0.00010889390906672836,8.764859841092765e-05,0
comprehension,own,neutral,1040,-1,0,1,0,rPrPrPaPrP,B,qwen-122b,qwen/qwen3.5-122b-a10b,alibaba,0,1.0,Alibaba,B,3.9e-05,0.0002305004444881331,9.31806424240289e-05,0
comprehension,own,neutral,1040,1,0,0,0,aPrPrPrPrP,A,qwen-122b,qwen/qwen3.5-122b-a10b,alibaba,0,1.0,Alibaba,A,3.9e-05,0.9999599366711727,0.00010630812316343266,0
comprehension,own,neutral,1040,1,0,1,0,rPrPaPrPrP,A,qwen-122b,qwen/qwen3.5-122b-a10b,alibaba,0,1.0,Alibaba,A,3.9e-05,0.9996200259020269,9.606462892238198e-05,0
comprehension,own,neutral,1041,-1,0,0,0,aPrQrPrPrPrP,B,qwen-122b,qwen/qwen3.5-122b-a10b,alibaba,0,1.0,Alibaba,B,4.082e-05,0.00020341773409327497,7.535654349599685e-05,0
comprehension,own,neutral,1041,-1,0,1,0,rPrPaPrPrPrQ,B,qwen-122b,qwen/qwen3.5-122b-a10b,alibaba,0,1.0,Alibaba,B,4.082e-05,0.0002959451299502269,6.786299389749395e-05,0
comprehension,own,neutral,1041,1,0,0,0,aPrPrPrPrQrP,A,qwen-122b,qwen/qwen3.5-122b-a10b,alibaba,0,1.0,Alibaba,A,4.082e-05,0.9998911031306377,6.905845311394243e-05,0
comprehension,own,neutral,1041,1,0,1,0,rQrPrPrPrPaP,A,qwen-122b,qwen/qwen3.5-122b-a10b,alibaba,0,1.0,Alibaba,A,4.082e-05,0.9995121601574005,0.00011031312623871746,0
comprehension,own,neutral,1050,-1,0,0,0,rPrPrPaPrPrP,B,qwen-122b,qwen/qwen3.5-122b-a10b,alibaba,0,1.0,Alibaba,B,4.082e-05,0.00023050291681253723,6.480807802133892e-05,0
comprehension,own,neutral,1050,-1,0,1,0,rPrPrPaPrPrP,B,qwen-122b,qwen/qwen3.5-122b-a10b,alibaba,0,1.0,Alibaba,B,4.082e-05,0.0003799740545080472,8.641437669421048e-05,0
comprehension,own,neutral,1050,1,0,0,0,aPrPrPrPrPrP,A,qwen-122b,qwen/qwen3.5-122b-a10b,alibaba,0,1.0,Alibaba,A,4.082e-05,0.999964644020027,9.049510360736897e-05,0
comprehension,own,neutral,1050,1,0,1,0,rPrPrPrPaPrP,A,qwen-122b,qwen/qwen3.5-122b-a10b,alibaba,0,1.0,Alibaba,A,4.082e-05,0.9996200273412588,9.942913959718971e-05,0
comprehension,own,neutral,1100,-1,0,0,0,aPaQ,B,qwen-122b,qwen/qwen3.5-122b-a10b,alibaba,0,1.0,Alibaba,B,3.354e-05,8.480874556782073e-05,7.312135576265089e-05,0
comprehension,own,neutral,1100,-1,0,1,0,aPaQ,B,qwen-122b,qwen/qwen3.5-122b-a10b,alibaba,0,1.0,Alibaba,B,3.354e-05,0.0004305419013982636,8.865078791442382e-05,0
comprehension,own,neutral,1100,1,0,0,0,aPaQ,A,qwen-122b,qwen/qwen3.5-122b-a10b,alibaba,0,1.0,Alibaba,A,3.354e-05,0.999769495161046,5.598134181168641e-05,0
comprehension,own,neutral,1100,1,0,1,0,aQaP,A,qwen-122b,qwen/qwen3.5-122b-a10b,alibaba,0,1.0,Alibaba,A,3.354e-05,0.999290361794611,8.871015677424526e-05,0
comprehension,own,neutral,1101,-1,0,0,0,aPaQrQ,B,qwen-122b,qwen/qwen3.5-122b-a10b,alibaba,0,1.0,Alibaba,B,3.536e-05,9.60990389267832e-05,7.188724546780545e-05,0
comprehension,own,neutral,1101,-1,0,1,0,aQaPrQ,B,qwen-122b,qwen/qwen3.5-122b-a10b,alibaba,0,1.0,Alibaba,B,3.536e-05,0.00015843232635269144,8.209919351043204e-05,0
comprehension,own,neutral,1101,1,0,0,0,rQaQaP,A,qwen-122b,qwen/qwen3.5-122b-a10b,alibaba,0,1.0,Alibaba,A,3.536e-05,0.9998601797963361,7.279789642752484e-05,0
comprehension,own,neutral,1101,1,0,1,0,rQaQaP,A,qwen-122b,qwen/qwen3.5-122b-a10b,alibaba,0,1.0,Alibaba,A,3.536e-05,0.9995694651315766,0.00010283170542021785,0
comprehension,own,neutral,1102,-1,0,0,0,rQaQrQaP,B,qwen-122b,qwen/qwen3.5-122b-a10b,alibaba,0,1.0,Alibaba,B,3.718e-05,9.610006699564745e-05,8.163077996914403e-05,0
comprehension,own,neutral,1102,-1,0,1,0,rQaQaPrQ,B,qwen-122b,qwen/qwen3.5-122b-a10b,alibaba,0,1.0,Alibaba,B,3.718e-05,0.00026118317436924215,6.999979922195365e-05,0
comprehension,own,neutral,1102,1,0,0,0,aPrQaQrQ,A,qwen-122b,qwen/qwen3.5-122b-a10b,alibaba,0,1.0,Alibaba,A,3.718e-05,0.9999251548679113,9.456990213266e-05,0
comprehension,own,neutral,1102,1,0,1,0,aQrQaPrQ,A,qwen-122b,qwen/qwen3.5-122b-a10b,alibaba,0,1.0,Alibaba,A,3.718e-05,0.9995121679406226,8.625467034801529e-05,0
comprehension,own,neutral,1103,-1,0,0,0,aPaQrQrQrQ,B,qwen-122b,qwen/qwen3.5-122b-a10b,alibaba,0,1.0,Alibaba,B,3.9e-05,0.00012339114614473128,7.291250670016236e-05,0
comprehension,own,neutral,1103,-1,0,1,0,rQaPrQrQaQ,B,qwen-122b,qwen/qwen3.5-122b-a10b,alibaba,0,1.0,Alibaba,B,3.9e-05,0.00020342260791447967,6.498437611490715e-05,0
comprehension,own,neutral,1103,1,0,0,0,rQrQrQaPaQ,A,qwen-122b,qwen/qwen3.5-122b-a10b,alibaba,0,1.0,Alibaba,A,3.9e-05,0.999925153782314,8.046538443025882e-05,0
comprehension,own,neutral,1103,1,0,1,0,rQaPrQrQaQ,A,qwen-122b,qwen/qwen3.5-122b-a10b,alibaba,0,1.0,Alibaba,A,3.9e-05,0.9993736853315507,0.00010671636644655558,0
comprehension,own,neutral,1104,-1,0,0,0,rQrQrQrQaQaP,B,qwen-122b,qwen/qwen3.5-122b-a10b,alibaba,0,1.0,Alibaba,B,4.082e-05,0.000179523104217937,9.47125856038955e-05,0
comprehension,own,neutral,1104,-1,0,1,0,rQaQrQrQaPrQ,B,qwen-122b,qwen/qwen3.5-122b-a10b,alibaba,0,1.0,Alibaba,B,4.082e-05,0.00023050184991320541,7.639114093527244e-05,0
comprehension,own,neutral,1104,1,0,0,0,rQrQaQrQrQaP,A,qwen-122b,qwen/qwen3.5-122b-a10b,alibaba,0,1.0,Alibaba,A,4.082e-05,0.9998911041678397,0.0001062605621043387,0
comprehension,own,neutral,1104,1,0,1,0,aQrQrQaPrQrQ,A,qwen-122b,qwen/qwen3.5-122b-a10b,alibaba,0,1.0,Alibaba,A,4.082e-05,0.9996646651642463,8.055952002520433e-05,0
comprehension,own,neutral,1110,-1,0,0,0,aQaPrP,B,qwen-122b,qwen/qwen3.5-122b-a10b,alibaba,0,1.0,Alibaba,B,3.536e-05,6.605035695867362e-05,5.374176057648672e-05,0
comprehension,own,neutral,1110,-1,0,1,0,rPaQaP,B,qwen-122b,qwen/qwen3.5-122b-a10b,alibaba,0,1.0,Alibaba,B,3.536e-05,0.00023049630078064262,7.32977830369963e-05,0
comprehension,own,neutral,1110,1,0,0,0,aQaPrP,A,qwen-122b,qwen/qwen3.5-122b-a10b,alibaba,0,1.0,Alibaba,A,3.536e-05,0.9998601793074853,4.86390838723102e-05,0
comprehension,own,neutral,1110,1,0,1,0,aQaPrP,A,qwen-122b,qwen/qwen3.5-122b-a10b,alibaba,0,1.0,Alibaba,A,3.536e-05,0.9991959464092288,8.566980725629287e-05,0
comprehension,own,neutral,1111,-1,0,0,0,rQrPaQaP,B,qwen-122b,qwen/qwen3.5-122b-a10b,alibaba,0,1.0,Alibaba,B,3.718e-05,0.00020341874640529564,7.842546451652943e-05,0
comprehension,own,neutral,1111,-1,0,1,0,aQrQaPrP,B,qwen-122b,qwen/qwen3.5-122b-a10b,alibaba,0,1.0,Alibaba,B,3.718e-05,0.00017952238238609668,8.306338879338071e-05,0
comprehension,own,neutral,1111,1,0,0,0,rQaPaQrP,A,qwen-122b,qwen/qwen3.5-122b-a10b,alibaba,0,1.0,Alibaba,A,3.718e-05,0.9998601794519986,7.144601048333023e-05,0
comprehension,own,neutral,1111,1,0,1,0,rPaPaQrQ,A,qwen-122b,qwen/qwen3.5-122b-a10b,alibaba,0,1.0,Alibaba,A,3.718e-05,0.9994472385955366,9.109105426637781e-05,0
comprehension,own,neutral,1112,-1,0,0,0,rQrQaPaQrP,B,qwen-122b,qwen/qwen3.5-122b-a10b,alibaba,0,1.0,Alibaba,B,3.9e-05,9.609677721548123e-05,7.505440415933595e-05,0
comprehension,own,neutral,1112,-1,0,1,0,rPaQaPrQrQ,B,qwen-122b,qwen/qwen3.5-122b-a10b,alibaba,0,1.0,Alibaba,B,3.9e-05,0.00020342136863620976,6.747512505422826e-05,0
comprehension,own,neutral,1112,1,0,0,0,rQrPrQaQaP,A,qwen-122b,qwen/qwen3.5-122b-a10b,alibaba,0,1.0,Alibaba,A,3.9e-05,0.9998911039247884,6.939511088799495e-05,0
comprehension,own,neutral,1112,1,0,1,0,aPrQrQaQrP,A,qwen-122b,qwen/qwen3.5-122b-a10b,alibaba,0,1.0,Alibaba,A,3.9e-05,0.9995121580621156,7.646433199214302e-05,0
comprehension,own,neutral,1113,-1,0,0,0,rPaPrQrQaQrQ,B,qwen-122b,qwen/qwen3.5-122b-a10b,alibaba,0,1.0,Alibaba,B,4.082e-05,0.00012339016608315937,8.118157937198056e-05,0
comprehension,own,neutral,1113,-1,0,1,0,rPrQaPrQaQrQ,B,qwen-122b,qwen/qwen3.5-122b-a10b,alibaba,0,1.0,Alibaba,B,4.082e-05,0.0003353329291354857,7.582783358117684e-05,0
comprehension,own,neutral,1113,1,0,0,0,rPrQaQaPrQrQ,A,qwen-122b,qwen/qwen3.5-122b-a10b,alibaba,0,1.0,Alibaba,A,4.082e-05,0.9998766053678122,8.304347671391895e-05,0
comprehension,own,neutral,1113,1,0,1,0,rPaQrQrQrQaP,A,qwen-122b,qwen/qwen3.5-122b-a10b,alibaba,0,1.0,Alibaba,A,4.082e-05,0.9992903661787983,0.00010446506509606752,0
comprehension,own,neutral,1120,-1,0,0,0,aQaPrPrP,B,qwen-122b,qwen/qwen3.5-122b-a10b,alibaba,0,1.0,Alibaba,B,3.718e-05,5.828999436307537e-05,4.768860960868704e-05,0
comprehension,own,neutral,1120,-1,0,1,0,aPrPaQrP,B,qwen-122b,qwen/qwen3.5-122b-a10b,alibaba,0,1.0,Alibaba,B,3.718e-05,0.00023049864182202588,9.012860101031972e-05,0
comprehension,own,neutral,1120,1,0,0,0,rPrPaPaQ,A,qwen-122b,qwen/qwen3.5-122b-a10b,alibaba,0,1.0,Alibaba,A,3.718e-05,0.9998766054565483,0.00010139614529464195,0
comprehension,own,neutral,1120,1,0,1,0,aPrPaQrP,A,qwen-122b,qwen/qwen3.5-122b-a10b,alibaba,0,1.0,Alibaba,A,3.718e-05,0.9994472435554861,7.73507609704994e-05,0
comprehension,own,neutral,1121,-1,0,0,0,rPrPaQrQaP,B,qwen-122b,qwen/qwen3.5-122b-a10b,alibaba,0,1.0,Alibaba,B,3.9e-05,6.605006744679597e-05,6.270946992859017e-05,0
comprehension,own,neutral,1121,-1,0,1,0,rPrQaPrPaQ,B,qwen-122b,qwen/qwen3.5-122b-a10b,alibaba,0,1.0,Alibaba,B,3.9e-05,0.00033533495513556164,8.377628662092906e-05,0
comprehension,own,neutral,1121,1,0,0,0,aQrQaPrPrP,A,qwen-122b,qwen/qwen3.5-122b-a10b,alibaba,0,1.0,Alibaba,A,3.9e-05,0.9999038984335548,6.957801643214665e-05,0
comprehension,own,neutral,1121,1,0,1,0,rPrQaPrPaQ,A,qwen-122b,qwen/qwen3.5-122b-a10b,alibaba,0,1.0,Alibaba,A,3.9e-05,0.9993736878528309,9.315538997484748e-05,0
comprehension,own,neutral,1122,-1,0,0,0,rQrQaQrPaPrP,B,qwen-122b,qwen/qwen3.5-122b-a10b,alibaba,0,1.0,Alibaba,B,4.082e-05,0.00013981865777843385,7.413926484400868e-05,0
comprehension,own,neutral,1122,-1,0,1,0,rQrPrPrQaQaP,B,qwen-122b,qwen/qwen3.5-122b-a10b,alibaba,0,1.0,Alibaba,B,4.082e-05,0.000552759030543546,0.00012064869810501921,0
comprehension,own,neutral,1122,1,0,0,0,rPaPrQrQaQrP,A,qwen-122b,qwen/qwen3.5-122b-a10b,alibaba,0,1.0,Alibaba,A,4.082e-05,0.9998766064333215,7.250193703424115e-05,0
comprehension,own,neutral,1122,1,0,1,0,rQaPrPrPrQaQ,A,qwen-122b,qwen/qwen3.5-122b-a10b,alibaba,0,1.0,Alibaba,A,4.082e-05,0.9995694601287088,0.00010110049605530384,0
comprehension,own,neutral,1130,-1,0,0,0,aQrPrPaPrP,B,qwen-122b,qwen/qwen3.5-122b-a10b,alibaba,0,1.0,Alibaba,B,3.9e-05,6.60500754812708e-05,4.66195283271853e-05,0
comprehension,own,neutral,1130,-1,0,1,0,rPrPaQrPaP,B,qwen-122b,qwen/qwen3.5-122b-a10b,alibaba,0,1.0,Alibaba,B,3.9e-05,0.0002959437246920897,8.981575868260983e-05,0
comprehension,own,neutral,1130,1,0,0,0,rPaPaQrPrP,A,qwen-122b,qwen/qwen3.5-122b-a10b,alibaba,0,1.0,Alibaba,A,3.9e-05,0.9999038975745108,7.851623260079907e-05,0
comprehension,own,neutral,1130,1,0,1,0,rPrPaQaPrP,A,qwen-122b,qwen/qwen3.5-122b-a10b,alibaba,0,1.0,Alibaba,A,3.9e-05,0.9994472340318155,9.076420347633259e-05,0
comprehension,own,neutral,1131,-1,0,0,0,aPrPrPrQrPaQ,B,qwen-122b,qwen/qwen3.5-122b-a10b,alibaba,0,1.0,Alibaba,B,4.082e-05,0.00015842907793911168,7.780831266124277e-05,0
comprehension,own,neutral,1131,-1,0,1,0,aPaQrQrPrPrP,B,qwen-122b,qwen/qwen3.5-122b-a10b,alibaba,0,1.0,Alibaba,B,4.082e-05,0.00029594183274068726,6.6258495905136e-05,0
comprehension,own,neutral,1131,1,0,0,0,rQrPrPaQrPaP,A,qwen-122b,qwen/qwen3.5-122b-a10b,alibaba,0,1.0,Alibaba,A,4.082e-05,0.9998415637121292,0.00013380066122301924,0
comprehension,own,neutral,1131,1,0,1,0,rPaQrQaPrPrP,A,qwen-122b,qwen/qwen3.5-122b-a10b,alibaba,0,1.0,Alibaba,A,4.082e-05,0.9994472408964533,0.00010218617674582304,0
comprehension,own,neutral,1140,-1,0,0,0,rPrPrPaQaPrP,B,qwen-122b,qwen/qwen3.5-122b-a10b,alibaba,0,1.0,Alibaba,B,4.082e-05,0.00010889458598968269,6.048834266259018e-05,0
comprehension,own,neutral,1140,-1,0,1,0,aQrPrPaPrPrP,B,qwen-122b,qwen/qwen3.5-122b-a10b,alibaba,0,1.0,Alibaba,B,4.082e-05,0.0001795229766336455,7.969809554142504e-05,0
comprehension,own,neutral,1140,1,0,0,0,rPaPrPrPrPaQ,A,qwen-122b,qwen/qwen3.5-122b-a10b,alibaba,0,1.0,Alibaba,A,4.082e-05,0.9999151889496046,9.93418175936806e-05,0
comprehension,own,neutral,1140,1,0,1,0,rPaQrPrPrPaP,A,qwen-122b,qwen/qwen3.5-122b-a10b,alibaba,0,1.0,Alibaba,A,4.082e-05,0.9994472434321051,9.950652126760587e-05,0
comprehension,own,neutral,1200,-1,0,0,0,aPaQaQ,B,qwen-122b,qwen/qwen3.5-122b-a10b,alibaba,0,1.0,Alibaba,B,3.536e-05,6.604979296881095e-05,6.713663778112888e-05,0
comprehension,own,neutral,1200,-1,0,1,0,aQaPaQ,B,qwen-122b,qwen/qwen3.5-122b-a10b,alibaba,0,1.0,Alibaba,B,3.536e-05,0.00015842984720863265,8.743148546663804e-05,0
comprehension,own,neutral,1200,1,0,0,0,aQaPaQ,A,qwen-122b,qwen/qwen3.5-122b-a10b,alibaba,0,1.0,Alibaba,A,3.536e-05,0.9998601791438411,5.934563507587395e-05,0
comprehension,own,neutral,1200,1,0,1,0,aQaPaQ,A,qwen-122b,qwen/qwen3.5-122b-a10b,alibaba,0,1.0,Alibaba,A,3.536e-05,0.9992903659163976,9.005428392439626e-05,0
comprehension,own,neutral,1201,-1,0,0,0,aQaQaPrQ,B,qwen-122b,qwen/qwen3.5-122b-a10b,alibaba,0,1.0,Alibaba,B,3.718e-05,9.610034199472146e-05,4.920853822998339e-05,0
comprehension,own,neutral,1201,-1,0,1,0,aPrQaQaQ,B,qwen-122b,qwen/qwen3.5-122b-a10b,alibaba,0,1.0,Alibaba,B,3.718e-05,0.00026117990221700423,6.605486872046651e-05,0
comprehension,own,neutral,1201,1,0,0,0,aQrQaPaQ,A,qwen-122b,qwen/qwen3.5-122b-a10b,alibaba,0,1.0,Alibaba,A,3.718e-05,0.9997694966034042,6.593579064503906e-05,0
comprehension,own,neutral,1201,1,0,1,0,aQrQaPaQ,A,qwen-122b,qwen/qwen3.5-122b-a10b,alibaba,0,1.0,Alibaba,A,3.718e-05,0.9994472409526296,7.633764871839888e-05,0
comprehension,own,neutral,1202,-1,0,0,0,rQrQaQaPaQ,B,qwen-122b,qwen/qwen3.5-122b-a10b,alibaba,0,1.0,Alibaba,B,3.9e-05,9.610005597866568e-05,5.7675949974966834e-05,0
comprehension,own,neutral,1202,-1,0,1,0,aPrQaQrQaQ,B,qwen-122b,qwen/qwen3.5-122b-a10b,alibaba,0,1.0,Alibaba,B,3.9e-05,0.0002304984769065453,9.132036857661952e-05,0
comprehension,own,neutral,1202,1,0,0,0,rQaQaQrQaP,A,qwen-122b,qwen/qwen3.5-122b-a10b,alibaba,0,1.0,Alibaba,A,3.9e-05,0.9998911041161943,0.0001172240178782878,0
comprehension,own,neutral,1202,1,0,1,0,rQaQrQaPaQ,A,qwen-122b,qwen/qwen3.5-122b-a10b,alibaba,0,1.0,Alibaba,A,3.9e-05,0.9995121651109216,9.682262156127645e-05,0
comprehension,own,neutral,1203,-1,0,0,0,rQrQrQaQaQaP,B,qwen-122b,qwen/qwen3.5-122b-a10b,alibaba,0,1.0,Alibaba,B,4.082e-05,0.00012339114595801942,7.958620484016521e-05,0
comprehension,own,neutral,1203,-1,0,1,0,aQrQaPrQaQrQ,B,qwen-122b,qwen/qwen3.5-122b-a10b,alibaba,0,1.0,Alibaba,B,4.082e-05,0.0001795224033174158,9.176229165352989e-05,0
comprehension,own,neutral,1203,1,0,0,0,rQrQaQaPrQaQ,A,qwen-122b,qwen/qwen3.5-122b-a10b,alibaba,0,1.0,Alibaba,A,4.082e-05,0.9999151889902669,0.00011316601836689541,0
comprehension,own,neutral,1203,1,0,1,0,rQrQrQaQaQaP,A,qwen-122b,qwen/qwen3.5-122b-a10b,alibaba,0,1.0,Alibaba,A,4.082e-05,0.9995121581859581,0.0001019574061175084,0
comprehension,own,neutral,1210,-1,0,0,0,aPrPaQaQ,B,qwen-122b,qwen/qwen3.5-122b-a10b,alibaba,0,1.0,Alibaba,B,3.718e-05,0.00010889387070844157,6.25027003677836e-05,0
comprehension,own,neutral,1210,-1,0,1,0,aQaQaPrP,B,qwen-122b,qwen/qwen3.5-122b-a10b,alibaba,0,1.0,Alibaba,B,3.718e-05,0.00012339157484552465,7.257215193956501e-05,0
comprehension,own,neutral,1210,1,0,0,0,rPaQaQaP,A,qwen-122b,qwen/qwen3.5-122b-a10b,alibaba,0,1.0,Alibaba,A,3.718e-05,0.9998766065294618,6.790842780065958e-05,0
comprehension,own,neutral,1210,1,0,1,0,aQaQrPaP,A,qwen-122b,qwen/qwen3.5-122b-a10b,alibaba,0,1.0,Alibaba,A,3.718e-05,0.9993736941444337,9.598420059090567e-05,0
comprehension,own,neutral,1211,-1,0,0,0,rQaPrPaQaQ,B,qwen-122b,qwen/qwen3.5-122b-a10b,alibaba,0,1.0,Alibaba,B,3.9e-05,0.00015843064989500648,8.486880869695845e-05,0
comprehension,own,neutral,1211,-1,0,1,0,aPrQaQrPaQ,B,qwen-122b,qwen/qwen3.5-122b-a10b,alibaba,0,1.0,Alibaba,B,3.9e-05,0.00023049476797731822,9.716329211928443e-05,0
comprehension,own,neutral,1211,1,0,0,0,rPrQaPaQaQ,A,qwen-122b,qwen/qwen3.5-122b-a10b,alibaba,0,1.0,Alibaba,A,3.9e-05,0.9998911041042073,6.870121572708732e-05,0
comprehension,own,neutral,1211,1,0,1,0,aQaQaPrQrP,A,qwen-122b,qwen/qwen3.5-122b-a10b,alibaba,0,1.0,Alibaba,A,3.9e-05,0.9995121678844177,9.256820238927506e-05,0
comprehension,own,neutral,1212,-1,0,0,0,rQaPaQrQaQrP,B,qwen-122b,qwen/qwen3.5-122b-a10b,alibaba,0,1.0,Alibaba,B,4.082e-05,0.00020342054882752688,8.633174916905517e-05,0
comprehension,own,neutral,1212,-1,0,1,0,rPrQaQrQaQaP,B,qwen-122b,qwen/qwen3.5-122b-a10b,alibaba,0,1.0,Alibaba,B,4.082e-05,0.00026118227695730566,9.040406613447516e-05,0
comprehension,own,neutral,1212,1,0,0,0,aQrPaPrQrQaQ,A,qwen-122b,qwen/qwen3.5-122b-a10b,alibaba,0,1.0,Alibaba,A,4.082e-05,0.9998415653525634,7.576906849471253e-05,0
comprehension,own,neutral,1212,1,0,1,0,rPrQrQaQaQaP,A,qwen-122b,qwen/qwen3.5-122b-a10b,alibaba,0,1.0,Alibaba,A,4.082e-05,0.9995121602116936,9.780536881009397e-05,0
comprehension,own,neutral,1220,-1,0,0,0,rPrPaQaQaP,B,qwen-122b,qwen/qwen3.5-122b-a10b,alibaba,0,1.0,Alibaba,B,3.9e-05,5.8289197024562013e-05,7.692321572438932e-05,0
comprehension,own,neutral,1220,-1,0,1,0,rPrPaQaQaP,B,qwen-122b,qwen/qwen3.5-122b-a10b,alibaba,0,1.0,Alibaba,B,3.9e-05,0.000179524092415157,6.302633986599027e-05,0
comprehension,own,neutral,1220,1,0,0,0,rPaPaQrPaQ,A,qwen-122b,qwen/qwen3.5-122b-a10b,alibaba,0,1.0,Alibaba,A,3.9e-05,0.9998204720362533,7.028492067088577e-05,0
comprehension,own,neutral,1220,1,0,1,0,aQrPrPaPaQ,A,qwen-122b,qwen/qwen3.5-122b-a10b,alibaba,0,1.0,Alibaba,A,3.9e-05,0.9992903580973956,9.582683543189361e-05,0
comprehension,own,neutral,1221,-1,0,0,0,aQaQrPaPrPrQ,B,qwen-122b,qwen/qwen3.5-122b-a10b,alibaba,0,1.0,Alibaba,B,4.082e-05,7.484392689095524e-05,6.797896309918006e-05,0
comprehension,own,neutral,1221,-1,0,1,0,aPaQrQrPrPaQ,B,qwen-122b,qwen/qwen3.5-122b-a10b,alibaba,0,1.0,Alibaba,B,4.082e-05,0.00020341891605659792,7.925939874731114e-05,0
comprehension,own,neutral,1221,1,0,0,0,rPaQrPaQaPrQ,A,qwen-122b,qwen/qwen3.5-122b-a10b,alibaba,0,1.0,Alibaba,A,4.082e-05,0.9998766054564172,9.662930789566397e-05,0
comprehension,own,neutral,1221,1,0,1,0,aQrPrPrQaPaQ,A,qwen-122b,qwen/qwen3.5-122b-a10b,alibaba,0,1.0,Alibaba,A,4.082e-05,0.9986750306040563,0.0001017823811213707,0
comprehension,own,neutral,1230,-1,0,0,0,aQaPrPrPaQrP,B,qwen-122b,qwen/qwen3.5-122b-a10b,alibaba,0,1.0,Alibaba,B,4.082e-05,0.00010889431415775129,5.131684698289618e-05,0
comprehension,own,neutral,1230,-1,0,1,0,aPrPaQaQrPrP,B,qwen-122b,qwen/qwen3.5-122b-a10b,alibaba,0,1.0,Alibaba,B,4.082e-05,0.00037995941898484804,7.603070608519502e-05,0
comprehension,own,neutral,1230,1,0,0,0,aQaQaPrPrPrP,A,qwen-122b,qwen/qwen3.5-122b-a10b,alibaba,0,1.0,Alibaba,A,4.082e-05,0.9998911040522783,6.822444232568354e-05,0
comprehension,own,neutral,1230,1,0,1,0,rPrPaQrPaPaQ,A,qwen-122b,qwen/qwen3.5-122b-a10b,alibaba,0,1.0,Alibaba,A,4.082e-05,0.9993736943734179,0.0001065847703872148,0
comprehension,own,neutral,1300,-1,0,0,0,aQaQaPaQ,B,qwen-122b,qwen/qwen3.5-122b-a10b,alibaba,0,1.0,Alibaba,B,3.718e-05,6.605051549325223e-05,6.186354185244713e-05,0
comprehension,own,neutral,1300,-1,0,1,0,aQaQaQaP,B,qwen-122b,qwen/qwen3.5-122b-a10b,alibaba,0,1.0,Alibaba,B,3.718e-05,0.00020342692022957411,9.953154941200193e-05,0
comprehension,own,neutral,1300,1,0,0,0,aQaPaQaQ,A,qwen-122b,qwen/qwen3.5-122b-a10b,alibaba,0,1.0,Alibaba,A,3.718e-05,0.9998766067064314,9.317508221425312e-05,0
comprehension,own,neutral,1300,1,0,1,0,aPaQaQaQ,A,qwen-122b,qwen/qwen3.5-122b-a10b,alibaba,0,1.0,Alibaba,A,3.718e-05,0.9993736793588511,8.52602255454304e-05,0
comprehension,own,neutral,1301,-1,0,0,0,rQaPaQaQaQ,B,qwen-122b,qwen/qwen3.5-122b-a10b,alibaba,0,1.0,Alibaba,B,3.9e-05,0.0001233907231100783,7.329876622175213e-05,0
comprehension,own,neutral,1301,-1,0,1,0,aQrQaQaQaP,B,qwen-122b,qwen/qwen3.5-122b-a10b,alibaba,0,1.0,Alibaba,B,3.9e-05,0.00020342136744057709,8.654126540363904e-05,0
comprehension,own,neutral,1301,1,0,0,0,aQaPrQaQaQ,A,qwen-122b,qwen/qwen3.5-122b-a10b,alibaba,0,1.0,Alibaba,A,3.9e-05,0.9998601779445256,8.413379662846964e-05,0
comprehension,own,neutral,1301,1,0,1,0,aQaQaPrQaQ,A,qwen-122b,qwen/qwen3.5-122b-a10b,alibaba,0,1.0,Alibaba,A,3.9e-05,0.9997388159491394,6.763375963560544e-05,0
comprehension,own,neutral,1302,-1,0,0,0,rQaQrQaPaQaQ,B,qwen-122b,qwen/qwen3.5-122b-a10b,alibaba,0,1.0,Alibaba,B,4.082e-05,0.0001795215944613774,6.81850814515661e-05,0
comprehension,own,neutral,1302,-1,0,1,0,aPaQaQrQrQaQ,B,qwen-122b,qwen/qwen3.5-122b-a10b,alibaba,0,1.0,Alibaba,B,4.082e-05,0.00029594190122502514,8.270114600128498e-05,0
comprehension,own,neutral,1302,1,0,0,0,aQrQaQaQrQaP,A,qwen-122b,qwen/qwen3.5-122b-a10b,alibaba,0,1.0,Alibaba,A,4.082e-05,0.9998415657592351,7.892405637826899e-05,0
comprehension,own,neutral,1302,1,0,1,0,rQrQaQaQaPaQ,A,qwen-122b,qwen/qwen3.5-122b-a10b,alibaba,0,1.0,Alibaba,A,4.082e-05,0.999447243498099,9.986393238526107e-05,0
comprehension,own,neutral,1310,-1,0,0,0,aPaQrPaQaQ,B,qwen-122b,qwen/qwen3.5-122b-a10b,alibaba,0,1.0,Alibaba,B,3.9e-05,9.60985750843223e-05,6.896807525880178e-05,0
comprehension,own,neutral,1310,-1,0,1,0,aQaPaQaQrP,B,qwen-122b,qwen/qwen3.5-122b-a10b,alibaba,0,1.0,Alibaba,B,3.9e-05,0.0001398181716426312,8.496660990275906e-05,0
comprehension,own,neutral,1310,1,0,0,0,aQaQaPrPaQ,A,qwen-122b,qwen/qwen3.5-122b-a10b,alibaba,0,1.0,Alibaba,A,3.9e-05,0.999915188989624,7.02621902871301e-05,0
comprehension,own,neutral,1310,1,0,1,0,aQaPaQaQrP,A,qwen-122b,qwen/qwen3.5-122b-a10b,alibaba,0,1.0,Alibaba,A,3.9e-05,0.9992903516362842,9.205729385896092e-05,0
comprehension,own,neutral,1311,-1,0,0,0,aPaQaQrPaQrQ,B,qwen-122b,qwen/qwen3.5-122b-a10b,alibaba,0,1.0,Alibaba,B,4.082e-05,9.609975634270563e-05,6.504795198047919e-05,0
comprehension,own,neutral,1311,-1,0,1,0,aQrPrQaQaPaQ,B,qwen-122b,qwen/qwen3.5-122b-a10b,alibaba,0,1.0,Alibaba,B,4.082e-05,0.00020341183777108638,0.00010072705150032668,0
comprehension,own,neutral,1311,1,0,0,0,aQrQaPaQaQrP,A,qwen-122b,qwen/qwen3.5-122b-a10b,alibaba,0,1.0,Alibaba,A,4.082e-05,0.999820474252662,9.417674711048775e-05,0
comprehension,own,neutral,1311,1,0,1,0,aQrQaPaQrPaQ,A,qwen-122b,qwen/qwen3.5-122b-a10b,alibaba,0,1.0,Alibaba,A,4.082e-05,0.9991959554665711,8.918678769957093e-05,0
comprehension,own,neutral,1320,-1,0,0,0,aQrPaPaQaQrP,B,qwen-122b,qwen/qwen3.5-122b-a10b,alibaba,0,1.0,Alibaba,B,4.082e-05,5.14401523068735e-05,5.820799880140726e-05,0
comprehension,own,neutral,1320,-1,0,1,0,rPaPrPaQaQaQ,B,qwen-122b,qwen/qwen3.5-122b-a10b,alibaba,0,1.0,Alibaba,B,4.082e-05,0.0002034197776920211,6.537635026249156e-05,0
comprehension,own,neutral,1320,1,0,0,0,aQaQaQaPrPrP,A,qwen-122b,qwen/qwen3.5-122b-a10b,alibaba,0,1.0,Alibaba,A,4.082e-05,0.9999038987831366,7.16622806320694e-05,0
comprehension,own,neutral,1320,1,0,1,0,rPaQaQrPaPaQ,A,qwen-122b,qwen/qwen3.5-122b-a10b,alibaba,0,1.0,Alibaba,A,4.082e-05,0.9992903491999532,8.643103668503184e-05,0
comprehension,own,neutral,1400,-1,0,0,0,aQaPaQaQaQ,B,qwen-122b,qwen/qwen3.5-122b-a10b,alibaba,0,1.0,Alibaba,B,3.9e-05,8.480837409042719e-05,6.397342379016457e-05,0
comprehension,own,neutral,1400,-1,0,1,0,aQaQaQaQaP,B,qwen-122b,qwen/qwen3.5-122b-a10b,alibaba,0,1.0,Alibaba,B,3.9e-05,0.0001795216363967915,8.462988357538226e-05,0
comprehension,own,neutral,1400,1,0,0,0,aPaQaQaQaQ,A,qwen-122b,qwen/qwen3.5-122b-a10b,alibaba,0,1.0,Alibaba,A,3.9e-05,0.9998911031054348,0.00010457275691180202,0
comprehension,own,neutral,1400,1,0,1,0,aQaQaPaQaQ,A,qwen-122b,qwen/qwen3.5-122b-a10b,alibaba,0,1.0,Alibaba,A,3.9e-05,0.9992903660917261,0.00010029665766408686,0
comprehension,own,neutral,1401,-1,0,0,0,aQrQaPaQaQaQ,B,qwen-122b,qwen/qwen3.5-122b-a10b,alibaba,0,1.0,Alibaba,B,4.082e-05,0.00012339019562985164,7.665302260251305e-05,0
comprehension,own,neutral,1401,-1,0,1,0,aQaQaPaQrQaQ,B,qwen-122b,qwen/qwen3.5-122b-a10b,alibaba,0,1.0,Alibaba,B,4.082e-05,0.0001584319086056564,6.992661843541192e-05,0
comprehension,own,neutral,1401,1,0,0,0,aPrQaQaQaQaQ,A,qwen-122b,qwen/qwen3.5-122b-a10b,alibaba,0,1.0,Alibaba,A,4.082e-05,0.999891103131346,0.00010242768876119117,0
comprehension,own,neutral,1401,1,0,1,0,aQaQaQrQaQaP,A,qwen-122b,qwen/qwen3.5-122b-a10b,alibaba,0,1.0,Alibaba,A,4.082e-05,0.9994472534365635,8.140878240874819e-05,0
comprehension,own,neutral,1410,-1,0,0,0,aQaQrPaQaPaQ,B,qwen-122b,qwen/qwen3.5-122b-a10b,alibaba,0,1.0,Alibaba,B,4.082e-05,4.5397025553641586e-05,4.2839102936786944e-05,0
comprehension,own,neutral,1410,-1,0,1,0,aQaQaPaQrPaQ,B,qwen-122b,qwen/qwen3.5-122b-a10b,alibaba,0,1.0,Alibaba,B,4.082e-05,0.0001795241781166555,6.064284579432311e-05,0
comprehension,own,neutral,1410,1,0,0,0,aQaQaPrPaQaQ,A,qwen-122b,qwen/qwen3.5-122b-a10b,alibaba,0,1.0,Alibaba,A,4.082e-05,0.9998766062772176,5.564829336125352e-05,0
comprehension,own,neutral,1410,1,0,1,0,rPaQaQaQaPaQ,A,qwen-122b,qwen/qwen3.5-122b-a10b,alibaba,0,1.0,Alibaba,A,4.082e-05,0.9991959392960927,0.00010357457420428747,0
comprehension,own,neutral,1500,-1,0,0,0,aQaQaQaPaQaQ,B,qwen-122b,qwen/qwen3.5-122b-a10b,alibaba,0,1.0,Alibaba,B,4.082e-05,8.480836392489146e-05,6.766801308832893e-05,0
comprehension,own,neutral,1500,-1,0,1,0,aQaPaQaQaQaQ,B,qwen-122b,qwen/qwen3.5-122b-a10b,alibaba,0,1.0,Alibaba,B,4.082e-05,0.00012339157438771842,8.877959747244368e-05,0
comprehension,own,neutral,1500,1,0,0,0,aQaQaQaQaQaP,A,qwen-122b,qwen/qwen3.5-122b-a10b,alibaba,0,1.0,Alibaba,A,4.082e-05,0.9997040454633646,7.771249651116716e-05,0
comprehension,own,neutral,1500,1,0,1,0,aQaPaQaQaQaQ,A,qwen-122b,qwen/qwen3.5-122b-a10b,alibaba,0,1.0,Alibaba,A,4.082e-05,0.9989678220141126,0.00011603254658616702,0
comprehension,own,neutral,2000,-1,0,0,0,aPaP,B,qwen-122b,qwen/qwen3.5-122b-a10b,alibaba,0,1.0,Alibaba,B,3.354e-05,6.60507118722376e-05,7.246538340444086e-05,0
comprehension,own,neutral,2000,-1,0,1,0,aPaP,B,qwen-122b,qwen/qwen3.5-122b-a10b,alibaba,0,1.0,Alibaba,B,3.354e-05,0.00015843179509998336,7.493186962614917e-05,0
comprehension,own,neutral,2000,1,0,0,0,aPaP,A,qwen-122b,qwen/qwen3.5-122b-a10b,alibaba,0,1.0,Alibaba,A,3.354e-05,0.9999417091807339,6.660750902412115e-05,0
comprehension,own,neutral,2000,1,0,1,0,aPaP,A,qwen-122b,qwen/qwen3.5-122b-a10b,alibaba,0,1.0,Alibaba,A,3.354e-05,0.9996646618366894,8.285297604530958e-05,0
comprehension,own,neutral,2001,-1,0,0,0,rQaPaP,B,qwen-122b,qwen/qwen3.5-122b-a10b,alibaba,0,1.0,Alibaba,B,3.536e-05,6.605072777907907e-05,5.649477755420573e-05,0
comprehension,own,neutral,2001,-1,0,1,0,rQaPaP,B,qwen-122b,qwen/qwen3.5-122b-a10b,alibaba,0,1.0,Alibaba,B,3.536e-05,0.00023049850596626738,7.142090066902806e-05,0
comprehension,own,neutral,2001,1,0,0,0,aPrQaP,A,qwen-122b,qwen/qwen3.5-122b-a10b,alibaba,0,1.0,Alibaba,A,3.536e-05,0.9999417087348359,7.234927242453403e-05,0
comprehension,own,neutral,2001,1,0,1,0,aPrQaP,A,qwen-122b,qwen/qwen3.5-122b-a10b,alibaba,0,1.0,Alibaba,A,3.536e-05,0.9996646650436938,7.615099301480182e-05,0
comprehension,own,neutral,2002,-1,0,0,0,rQaPrQaP,B,qwen-122b,qwen/qwen3.5-122b-a10b,alibaba,0,1.0,Alibaba,B,3.718e-05,0.00010889349733924485,6.479585050678249e-05,0
comprehension,own,neutral,2002,-1,0,1,0,aPrQrQaP,B,qwen-122b,qwen/qwen3.5-122b-a10b,alibaba,0,1.0,Alibaba,B,3.718e-05,0.0002611811918778357,8.911070535766452e-05,0
comprehension,own,neutral,2002,1,0,0,0,aPaPrQrQ,A,qwen-122b,qwen/qwen3.5-122b-a10b,alibaba,0,1.0,Alibaba,A,3.718e-05,0.999903897586145,8.88847218616845e-05,0
comprehension,own,neutral,2002,1,0,1,0,aPrQrQaP,A,qwen-122b,qwen/qwen3.5-122b-a10b,alibaba,0,1.0,Alibaba,A,3.718e-05,0.9997388202229848,7.32043951332814e-05,0
comprehension,own,neutral,2003,-1,0,0,0,aPrQrQrQaP,B,qwen-122b,qwen/qwen3.5-122b-a10b,alibaba,0,1.0,Alibaba,B,3.9e-05,7.48435891563857e-05,6.823478904482982e-05,0
comprehension,own,neutral,2003,-1,0,1,0,rQrQaPaPrQ,B,qwen-122b,qwen/qwen3.5-122b-a10b,alibaba,0,1.0,Alibaba,B,3.9e-05,0.0001795230192644659,8.27963339287141e-05,0
comprehension,own,neutral,2003,1,0,0,0,aPrQrQaPrQ,A,qwen-122b,qwen/qwen3.5-122b-a10b,alibaba,0,1.0,Alibaba,A,3.9e-05,0.999915190229635,6.994634685555578e-05,0
comprehension,own,neutral,2003,1,0,1,0,aPrQrQaPrQ,A,qwen-122b,qwen/qwen3.5-122b-a10b,alibaba,0,1.0,Alibaba,A,3.9e-05,0.9996200327319744,7.761446117046222e-05,0
comprehension,own,neutral,2004,-1,0,0,0,aPrQaPrQrQrQ,B,qwen-122b,qwen/qwen3.5-122b-a10b,alibaba,0,1.0,Alibaba,B,4.082e-05,0.0001584318142504007,6.837749392596404e-05,0
comprehension,own,neutral,2004,-1,0,1,0,rQrQaPrQaPrQ,B,qwen-122b,qwen/qwen3.5-122b-a10b,alibaba,0,1.0,Alibaba,B,4.082e-05,0.0002959497928292184,9.219988101272225e-05,0
comprehension,own,neutral,2004,1,0,0,0,rQaPrQaPrQrQ,A,qwen-122b,qwen/qwen3.5-122b-a10b,alibaba,0,1.0,Alibaba,A,4.082e-05,0.9999339478400942,7.91289067833009e-05,0
comprehension,own,neutral,2004,1,0,1,0,rQrQaPaPrQrQ,A,qwen-122b,qwen/qwen3.5-122b-a10b,alibaba,0,1.0,Alibaba,A,4.082e-05,0.9995694623763277,0.00010875381629874117,0
comprehension,own,neutral,2010,-1,0,0,0,aPaPrP,B,qwen-122b,qwen/qwen3.5-122b-a10b,alibaba,0,1.0,Alibaba,B,3.536e-05,9.610079776901025e-05,5.681183849937099e-05,0
comprehension,own,neutral,2010,-1,0,1,0,rPaPaP,B,qwen-122b,qwen/qwen3.5-122b-a10b,alibaba,0,1.0,Alibaba,B,3.536e-05,8.480841454650727e-05,6.25431948321209e-05,0
comprehension,own,neutral,2010,1,0,0,0,rPaPaP,A,qwen-122b,qwen/qwen3.5-122b-a10b,alibaba,0,1.0,Alibaba,A,3.536e-05,0.9999687980962987,9.633877393014679e-05,0
comprehension,own,neutral,2010,1,0,1,0,rPaPaP,A,qwen-122b,qwen/qwen3.5-122b-a10b,alibaba,0,1.0,Alibaba,A,3.536e-05,0.9995694580491548,9.639431432024965e-05,0
comprehension,own,neutral,2011,-1,0,0,0,aPrPaPrQ,B,qwen-122b,qwen/qwen3.5-122b-a10b,alibaba,0,1.0,Alibaba,B,3.718e-05,0.00012338965896546472,7.135040363137612e-05,0
comprehension,own,neutral,2011,-1,0,1,0,aPaPrPrQ,B,qwen-122b,qwen/qwen3.5-122b-a10b,alibaba,0,1.0,Alibaba,B,3.718e-05,0.0002304974755906529,7.267264120958128e-05,0
comprehension,own,neutral,2011,1,0,0,0,aPaPrQrP,A,qwen-122b,qwen/qwen3.5-122b-a10b,alibaba,0,1.0,Alibaba,A,3.718e-05,0.9999339485919057,9.063396032674446e-05,0
comprehension,own,neutral,2011,1,0,1,0,aPrPrQaP,A,qwen-122b,qwen/qwen3.5-122b-a10b,alibaba,0,1.0,Alibaba,A,3.718e-05,0.9995121623257599,6.963233472287217e-05,0
comprehension,own,neutral,2012,-1,0,0,0,aPrPrQrQaP,B,qwen-122b,qwen/qwen3.5-122b-a10b,alibaba,0,1.0,Alibaba,B,3.9e-05,9.609898168560043e-05,7.033803333145183e-05,0
comprehension,own,neutral,2012,-1,0,1,0,rPrQaPaPrQ,B,qwen-122b,qwen/qwen3.5-122b-a10b,alibaba,0,1.0,Alibaba,B,3.9e-05,0.0001584299054191159,5.060814997059904e-05,0
comprehension,own,neutral,2012,1,0,0,0,rPrQaPrQaP,A,qwen-122b,qwen/qwen3.5-122b-a10b,alibaba,0,1.0,Alibaba,A,3.9e-05,0.9999251542152077,5.847065785875586e-05,0
comprehension,own,neutral,2012,1,0,1,0,aPrQrPaPrQ,A,qwen-122b,qwen/qwen3.5-122b-a10b,alibaba,0,1.0,Alibaba,A,3.9e-05,0.9995121600878502,7.231219173152708e-05,0
comprehension,own,neutral,2013,-1,0,0,0,rPrQrQaPaPrQ,B,qwen-122b,qwen/qwen3.5-122b-a10b,alibaba,0,1.0,Alibaba,B,4.082e-05,0.00015843068822292742,7.176031729094756e-05,0
comprehension,own,neutral,2013,-1,0,1,0,aPrPrQrQaPrQ,B,qwen-122b,qwen/qwen3.5-122b-a10b,alibaba,0,1.0,Alibaba,B,4.082e-05,0.00023049476999594142,7.333222371186388e-05,0
comprehension,own,neutral,2013,1,0,0,0,rPaPrQaPrQrQ,A,qwen-122b,qwen/qwen3.5-122b-a10b,alibaba,0,1.0,Alibaba,A,4.082e-05,0.9998766054718039,0.00012034389828530296,0
comprehension,own,neutral,2013,1,0,1,0,rQrQaPaPrQrP,A,qwen-122b,qwen/qwen3.5-122b-a10b,alibaba,0,1.0,Alibaba,A,4.082e-05,0.9995121600364033,9.482711487145482e-05,0
comprehension,own,neutral,2020,-1,0,0,0,rPaPaPrP,B,qwen-122b,qwen/qwen3.5-122b-a10b,alibaba,0,1.0,Alibaba,B,3.718e-05,0.00010889422304155238,6.383082681404861e-05,0
comprehension,own,neutral,2020,-1,0,1,0,aPrPrPaP,B,qwen-122b,qwen/qwen3.5-122b-a10b,alibaba,0,1.0,Alibaba,B,3.718e-05,0.00013981867360728678,9.80922697136899e-05,0
comprehension,own,neutral,2020,1,0,0,0,rPrPaPaP,A,qwen-122b,qwen/qwen3.5-122b-a10b,alibaba,0,1.0,Alibaba,A,3.718e-05,0.9999546021426472,0.00010693326853318356,0
comprehension,own,neutral,2020,1,0,1,0,aPrPrPaP,A,qwen-122b,qwen/qwen3.5-122b-a10b,alibaba,0,1.0,Alibaba,A,3.718e-05,0.999512167951537,0.00012103780403139989,0
comprehension,own,neutral,2021,-1,0,0,0,rPaPrPaPrQ,B,qwen-122b,qwen/qwen3.5-122b-a10b,alibaba,0,1.0,Alibaba,B,3.9e-05,0.00012339156039500648,6.291895171406381e-05,0
comprehension,own,neutral,2021,-1,0,1,0,rPaPrQaPrP,B,qwen-122b,qwen/qwen3.5-122b-a10b,alibaba,0,1.0,Alibaba,B,3.9e-05,0.000430543638601536,9.030136893861673e-05,0
comprehension,own,neutral,2021,1,0,0,0,rPrQaPrPaP,A,qwen-122b,qwen/qwen3.5-122b-a10b,alibaba,0,1.0,Alibaba,A,3.9e-05,0.9999151889696335,8.67090692032361e-05,0
comprehension,own,neutral,2021,1,0,1,0,rPaPrPrQaP,A,qwen-122b,qwen/qwen3.5-122b-a10b,alibaba,0,1.0,Alibaba,A,3.9e-05,0.9994472386566093,7.810706285059604e-05,0
comprehension,own,neutral,2022,-1,0,0,0,rQrQrPaPrPaP,B,qwen-122b,qwen/qwen3.5-122b-a10b,alibaba,0,1.0,Alibaba,B,4.082e-05,0.00012339153075969022,7.126128784729069e-05,0
comprehension,own,neutral,2022,-1,0,1,0,aPrQrPaPrQrP,B,qwen-122b,qwen/qwen3.5-122b-a10b,alibaba,0,1.0,Alibaba,B,4.082e-05,0.00023050168456390107,8.330263849953834e-05,0
comprehension,own,neutral,2022,1,0,0,0,rQrPaPrQaPrP,A,qwen-122b,qwen/qwen3.5-122b-a10b,alibaba,0,1.0,Alibaba,A,4.082e-05,0.9998415638436768,0.00011962072974437552,0
comprehension,own,neutral,2022,1,0,1,0,aPrPrPaPrQrQ,A,qwen-122b,qwen/qwen3.5-122b-a10b,alibaba,0,1.0,Alibaba,A,4.082e-05,0.9992903545966847,0.00011172549474513301,0
comprehension,own,neutral,2030,-1,0,0,0,rPaPaPrPrP,B,qwen-122b,qwen/qwen3.5-122b-a10b,alibaba,0,1.0,Alibaba,B,3.9e-05,0.00013981949275474297,7.34354305786944e-05,0
comprehension,own,neutral,2030,-1,0,1,0,rPrPaPaPrP,B,qwen-122b,qwen/qwen3.5-122b-a10b,alibaba,0,1.0,Alibaba,B,3.9e-05,0.00020342069436810354,8.513996891101883e-05,0
comprehension,own,neutral,2030,1,0,0,0,rPaPaPrPrP,A,qwen-122b,qwen/qwen3.5-122b-a10b,alibaba,0,1.0,Alibaba,A,3.9e-05,0.9999646440697946,7.669087801094326e-05,0
comprehension,own,neutral,2030,1,0,1,0,aPrPrPrPaP,A,qwen-122b,qwen/qwen3.5-122b-a10b,alibaba,0,1.0,Alibaba,A,3.9e-05,0.9995121601525674,9.458901811136913e-05,0
comprehension,own,neutral,2031,-1,0,0,0,aPaPrPrPrPrQ,B,qwen-122b,qwen/qwen3.5-122b-a10b,alibaba,0,1.0,Alibaba,B,4.082e-05,0.00015843232701194217,6.589209056273582e-05,0
comprehension,own,neutral,2031,-1,0,1,0,rQaPrPrPaPrP,B,qwen-122b,qwen/qwen3.5-122b-a10b,alibaba,0,1.0,Alibaba,B,4.082e-05,0.00033533979579558365,8.676713362398836e-05,0
comprehension,own,neutral,2031,1,0,0,0,rPrPaPrQaPrP,A,qwen-122b,qwen/qwen3.5-122b-a10b,alibaba,0,1.0,Alibaba,A,4.082e-05,0.999860177928045,8.99732027242398e-05,0
comprehension,own,neutral,2031,1,0,1,0,rPaPrPrPaPrQ,A,qwen-122b,qwen/qwen3.5-122b-a10b,alibaba,0,1.0,Alibaba,A,4.082e-05,0.9995121600975281,0.00010471441177730393,0
comprehension,own,neutral,2040,-1,0,0,0,rPaPrPaPrPrP,B,qwen-122b,qwen/qwen3.5-122b-a10b,alibaba,0,1.0,Alibaba,B,4.082e-05,0.00023050028048218578,8.293328026220959e-05,0
comprehension,own,neutral,2040,-1,0,1,0,aPaPrPrPrPrP,B,qwen-122b,qwen/qwen3.5-122b-a10b,alibaba,0,1.0,Alibaba,B,4.082e-05,0.00033533951691771434,8.116760419485392e-05,0
comprehension,own,neutral,2040,1,0,0,0,rPaPrPrPrPaP,A,qwen-122b,qwen/qwen3.5-122b-a10b,alibaba,0,1.0,Alibaba,A,4.082e-05,0.999964643753744,8.848999621045091e-05,0
comprehension,own,neutral,2040,1,0,1,0,aPrPrPaPrPrP,A,qwen-122b,qwen/qwen3.5-122b-a10b,alibaba,0,1.0,Alibaba,A,4.082e-05,0.9995694546765744,7.51423770524111e-05,0
comprehension,own,neutral,2100,-1,0,0,0,aQaPaP,B,qwen-122b,qwen/qwen3.5-122b-a10b,alibaba,0,1.0,Alibaba,B,3.536e-05,5.1440963276774924e-05,5.966798283352226e-05,0
comprehension,own,neutral,2100,-1,0,1,0,aQaPaP,B,qwen-122b,qwen/qwen3.5-122b-a10b,alibaba,0,1.0,Alibaba,B,3.536e-05,0.0001233902397111311,7.796384658009803e-05,0
comprehension,own,neutral,2100,1,0,0,0,aPaQaP,A,qwen-122b,qwen/qwen3.5-122b-a10b,alibaba,0,1.0,Alibaba,A,3.536e-05,0.9997694932901198,9.365903914364168e-05,0
comprehension,own,neutral,2100,1,0,1,0,aPaQaP,A,qwen-122b,qwen/qwen3.5-122b-a10b,alibaba,0,1.0,Alibaba,A,3.536e-05,0.9992903709585284,0.00010917314326342939,0
comprehension,own,neutral,2101,-1,0,0,0,aPrQaPaQ,B,qwen-122b,qwen/qwen3.5-122b-a10b,alibaba,0,1.0,Alibaba,B,3.718e-05,0.0001088939226577017,6.107250321241153e-05,0
comprehension,own,neutral,2101,-1,0,1,0,aPrQaPaQ,B,qwen-122b,qwen/qwen3.5-122b-a10b,alibaba,0,1.0,Alibaba,B,3.718e-05,0.00023049145471191172,9.709373063426785e-05,0
comprehension,own,neutral,2101,1,0,0,0,aQrQaPaP,A,qwen-122b,qwen/qwen3.5-122b-a10b,alibaba,0,1.0,Alibaba,A,3.718e-05,0.9998766054707948,8.411615537476768e-05,0
comprehension,own,neutral,2101,1,0,1,0,aPaQaPrQ,A,qwen-122b,qwen/qwen3.5-122b-a10b,alibaba,0,1.0,Alibaba,A,3.718e-05,0.9996646617936363,6.200203897106706e-05,0
comprehension,own,neutral,2102,-1,0,0,0,aPrQaQaPrQ,B,qwen-122b,qwen/qwen3.5-122b-a10b,alibaba,0,1.0,Alibaba,B,3.9e-05,0.00010889351025199927,6.777525744572355e-05,0
comprehension,own,neutral,2102,-1,0,1,0,aPaQrQrQaP,B,qwen-122b,qwen/qwen3.5-122b-a10b,alibaba,0,1.0,Alibaba,B,3.9e-05,0.0002611785082280936,7.216124944386948e-05,0
comprehension,own,neutral,2102,1,0,0,0,rQrQaQaPaP,A,qwen-122b,qwen/qwen3.5-122b-a10b,alibaba,0,1.0,Alibaba,A,3.9e-05,0.999860179696277,7.06526539252126e-05,0
comprehension,own,neutral,2102,1,0,1,0,rQaPaPaQrQ,A,qwen-122b,qwen/qwen3.5-122b-a10b,alibaba,0,1.0,Alibaba,A,3.9e-05,0.9994472376203645,0.00010191409686914838,0
comprehension,own,neutral,2103,-1,0,0,0,aPaQrQrQrQaP,B,qwen-122b,qwen/qwen3.5-122b-a10b,alibaba,0,1.0,Alibaba,B,4.082e-05,0.0001233902543588156,7.99897454303311e-05,0
comprehension,own,neutral,2103,-1,0,1,0,aPaPrQaQrQrQ,B,qwen-122b,qwen/qwen3.5-122b-a10b,alibaba,0,1.0,Alibaba,B,4.082e-05,0.00023049624460051225,8.831162328581943e-05,0
comprehension,own,neutral,2103,1,0,0,0,aPrQaQrQrQaP,A,qwen-122b,qwen/qwen3.5-122b-a10b,alibaba,0,1.0,Alibaba,A,4.082e-05,0.999841565153153,6.176987023127808e-05,0
comprehension,own,neutral,2103,1,0,1,0,rQrQaPaPrQaQ,A,qwen-122b,qwen/qwen3.5-122b-a10b,alibaba,0,1.0,Alibaba,A,4.082e-05,0.9995121650537062,9.980063578229783e-05,0
comprehension,own,neutral,2110,-1,0,0,0,aPaPrPaQ,B,qwen-122b,qwen/qwen3.5-122b-a10b,alibaba,0,1.0,Alibaba,B,3.718e-05,8.480873570453113e-05,5.679365266819669e-05,0
comprehension,own,neutral,2110,-1,0,1,0,aPaQrPaP,B,qwen-122b,qwen/qwen3.5-122b-a10b,alibaba,0,1.0,Alibaba,B,3.718e-05,0.00033532787082895556,6.551238914320745e-05,0
comprehension,own,neutral,2110,1,0,0,0,aPaQrPaP,A,qwen-122b,qwen/qwen3.5-122b-a10b,alibaba,0,1.0,Alibaba,A,3.718e-05,0.9998601796029801,7.799509105726275e-05,0
comprehension,own,neutral,2110,1,0,1,0,aPrPaQaP,A,qwen-122b,qwen/qwen3.5-122b-a10b,alibaba,0,1.0,Alibaba,A,3.718e-05,0.9994472534429791,9.808497953547987e-05,0
comprehension,own,neutral,2111,-1,0,0,0,aPrPaPrQaQ,B,qwen-122b,qwen/qwen3.5-122b-a10b,alibaba,0,1.0,Alibaba,B,3.9e-05,0.00010889351046272277,5.8241050186036425e-05,0
comprehension,own,neutral,2111,-1,0,1,0,aPaQrPrQaP,B,qwen-122b,qwen/qwen3.5-122b-a10b,alibaba,0,1.0,Alibaba,B,3.9e-05,0.00033533495528189884,8.282312810015124e-05,0
comprehension,own,neutral,2111,1,0,0,0,aPrPaQrQaP,A,qwen-122b,qwen/qwen3.5-122b-a10b,alibaba,0,1.0,Alibaba,A,3.9e-05,0.9998911039117757,6.093209121956049e-05,0
comprehension,own,neutral,2111,1,0,1,0,aPaPrPrQaQ,A,qwen-122b,qwen/qwen3.5-122b-a10b,alibaba,0,1.0,Alibaba,A,3.9e-05,0.9993736908069323,0.00010417325789925018,0
comprehension,own,neutral,2112,-1,0,0,0,aPaPrQrPrQaQ,B,qwen-122b,qwen/qwen3.5-122b-a10b,alibaba,0,1.0,Alibaba,B,4.082e-05,8.480762230251024e-05,7.2274408495554e-05,0
comprehension,own,neutral,2112,-1,0,1,0,rQaPaQrQaPrP,B,qwen-122b,qwen/qwen3.5-122b-a10b,alibaba,0,1.0,Alibaba,B,4.082e-05,0.0003353395191713705,6.591665732291752e-05,0
comprehension,own,neutral,2112,1,0,0,0,aPrQaPaQrQrP,A,qwen-122b,qwen/qwen3.5-122b-a10b,alibaba,0,1.0,Alibaba,A,4.082e-05,0.9998601792939277,6.971563575240534e-05,0
comprehension,own,neutral,2112,1,0,1,0,rQaPrPrQaPaQ,A,qwen-122b,qwen/qwen3.5-122b-a10b,alibaba,0,1.0,Alibaba,A,4.082e-05,0.9991959552741279,8.799572588624304e-05,0
comprehension,own,neutral,2120,-1,0,0,0,rPrPaPaPaQ,B,qwen-122b,qwen/qwen3.5-122b-a10b,alibaba,0,1.0,Alibaba,B,3.9e-05,0.00010889308354807319,7.720746317696481e-05,0
comprehension,own,neutral,2120,-1,0,1,0,rPaQaPaPrP,B,qwen-122b,qwen/qwen3.5-122b-a10b,alibaba,0,1.0,Alibaba,B,3.9e-05,0.00026118221712135155,6.538138658662707e-05,0
comprehension,own,neutral,2120,1,0,0,0,aQrPrPaPaP,A,qwen-122b,qwen/qwen3.5-122b-a10b,alibaba,0,1.0,Alibaba,A,3.9e-05,0.9998204738340867,8.02970530633043e-05,0
comprehension,own,neutral,2120,1,0,1,0,aPrPaPaQrP,A,qwen-122b,qwen/qwen3.5-122b-a10b,alibaba,0,1.0,Alibaba,A,3.9e-05,0.9994472499135307,8.158355048447634e-05,0
comprehension,own,neutral,2121,-1,0,0,0,aPrPrPaQaPrQ,B,qwen-122b,qwen/qwen3.5-122b-a10b,alibaba,0,1.0,Alibaba,B,4.082e-05,9.610011317637664e-05,6.208557214948396e-05,0
comprehension,own,neutral,2121,-1,0,1,0,aPaQrQaPrPrP,B,qwen-122b,qwen/qwen3.5-122b-a10b,alibaba,0,1.0,Alibaba,B,4.082e-05,0.0003353350354552048,8.115500046723678e-05,0
comprehension,own,neutral,2121,1,0,0,0,aPrQaQaPrPrP,A,qwen-122b,qwen/qwen3.5-122b-a10b,alibaba,0,1.0,Alibaba,A,4.082e-05,0.9999038985236528,8.771254710451308e-05,0
comprehension,own,neutral,2121,1,0,1,0,aPrPrQaQaPrP,A,qwen-122b,qwen/qwen3.5-122b-a10b,alibaba,0,1.0,Alibaba,A,4.082e-05,0.9994472579303667,9.56888790076951e-05,0
comprehension,own,neutral,2130,-1,0,0,0,aQaPrPaPrPrP,B,qwen-122b,qwen/qwen3.5-122b-a10b,alibaba,0,1.0,Alibaba,B,4.082e-05,8.480869523457578e-05,5.917734639260264e-05,0
comprehension,own,neutral,2130,-1,0,1,0,aPrPaPrPaQrP,B,qwen-122b,qwen/qwen3.5-122b-a10b,alibaba,0,1.0,Alibaba,B,4.082e-05,0.00029594993488551665,8.409752766869172e-05,0
comprehension,own,neutral,2130,1,0,0,0,aPrPaPaQrPrP,A,qwen-122b,qwen/qwen3.5-122b-a10b,alibaba,0,1.0,Alibaba,A,4.082e-05,0.9998415637872505,0.00012474462054490288,0
comprehension,own,neutral,2130,1,0,1,0,aQrPaPrPaPrP,A,qwen-122b,qwen/qwen3.5-122b-a10b,alibaba,0,1.0,Alibaba,A,4.082e-05,0.9994472435592268,8.735675001459592e-05,0
comprehension,own,neutral,2200,-1,0,0,0,aQaQaPaP,B,qwen-122b,qwen/qwen3.5-122b-a10b,alibaba,0,1.0,Alibaba,B,3.718e-05,7.48435535407294e-05,6.29908936099488e-05,0
comprehension,own,neutral,2200,-1,0,1,0,aPaQaPaQ,B,qwen-122b,qwen/qwen3.5-122b-a10b,alibaba,0,1.0,Alibaba,B,3.718e-05,0.0002034205498574204,7.012561655250771e-05,0
comprehension,own,neutral,2200,1,0,0,0,aPaPaQaQ,A,qwen-122b,qwen/qwen3.5-122b-a10b,alibaba,0,1.0,Alibaba,A,3.718e-05,0.999820474295153,8.821855946870806e-05,0
comprehension,own,neutral,2200,1,0,1,0,aQaQaPaP,A,qwen-122b,qwen/qwen3.5-122b-a10b,alibaba,0,1.0,Alibaba,A,3.718e-05,0.9996200288739763,9.539576688448128e-05,0
comprehension,own,neutral,2201,-1,0,0,0,aQaPaQaPrQ,B,qwen-122b,qwen/qwen3.5-122b-a10b,alibaba,0,1.0,Alibaba,B,3.9e-05,8.480802181501994e-05,5.7912654981673306e-05,0
comprehension,own,neutral,2201,-1,0,1,0,aQaPrQaQaP,B,qwen-122b,qwen/qwen3.5-122b-a10b,alibaba,0,1.0,Alibaba,B,3.9e-05,0.00020341879345994613,9.963573006410709e-05,0
comprehension,own,neutral,2201,1,0,0,0,aPaPaQaQrQ,A,qwen-122b,qwen/qwen3.5-122b-a10b,alibaba,0,1.0,Alibaba,A,3.9e-05,0.999903898511605,5.255442939497719e-05,0
comprehension,own,neutral,2201,1,0,1,0,rQaQaPaQaP,A,qwen-122b,qwen/qwen3.5-122b-a10b,alibaba,0,1.0,Alibaba,A,3.9e-05,0.9993736853216412,8.575337112556555e-05,0
comprehension,own,neutral,2202,-1,0,0,0,rQaQaPrQaQaP,B,qwen-122b,qwen/qwen3.5-122b-a10b,alibaba,0,1.0,Alibaba,B,4.082e-05,0.00020342066975718415,9.074053691560113e-05,0
comprehension,own,neutral,2202,-1,0,1,0,aQrQaPaQaPrQ,B,qwen-122b,qwen/qwen3.5-122b-a10b,alibaba,0,1.0,Alibaba,B,4.082e-05,0.0002611832349503602,8.739651647016178e-05,0
comprehension,own,neutral,2202,1,0,0,0,rQaPaPaQrQaQ,A,qwen-122b,qwen/qwen3.5-122b-a10b,alibaba,0,1.0,Alibaba,A,4.082e-05,0.9999151889297869,0.00012341466340008944,0
comprehension,own,neutral,2202,1,0,1,0,rQaPaQrQaQaP,A,qwen-122b,qwen/qwen3.5-122b-a10b,alibaba,0,1.0,Alibaba,A,4.082e-05,0.9994472497967444,0.00011993794062777291,0
comprehension,own,neutral,2210,-1,0,0,0,aPrPaQaPaQ,B,qwen-122b,qwen/qwen3.5-122b-a10b,alibaba,0,1.0,Alibaba,B,3.9e-05,6.604980885502761e-05,5.402651039865258e-05,0
comprehension,own,neutral,2210,-1,0,1,0,aPaPrPaQaQ,B,qwen-122b,qwen/qwen3.5-122b-a10b,alibaba,0,1.0,Alibaba,B,3.9e-05,0.00029594778946322615,5.6822988243165895e-05,0
comprehension,own,neutral,2210,1,0,0,0,aPaQaPaQrP,A,qwen-122b,qwen/qwen3.5-122b-a10b,alibaba,0,1.0,Alibaba,A,3.9e-05,0.9998415647452668,5.4808003238278455e-05,0
comprehension,own,neutral,2210,1,0,1,0,rPaPaQaPaQ,A,qwen-122b,qwen/qwen3.5-122b-a10b,alibaba,0,1.0,Alibaba,A,3.9e-05,0.9995121624438997,7.606541567176231e-05,0
comprehension,own,neutral,2211,-1,0,0,0,rQrPaPaQaPaQ,B,qwen-122b,qwen/qwen3.5-122b-a10b,alibaba,0,1.0,Alibaba,B,4.082e-05,0.00026118215240673843,9.088082491792715e-05,0
comprehension,own,neutral,2211,-1,0,1,0,rPrQaQaPaPaQ,B,qwen-122b,qwen/qwen3.5-122b-a10b,alibaba,0,1.0,Alibaba,B,4.082e-05,0.0002304963275394776,8.199626866733922e-05,0
comprehension,own,neutral,2211,1,0,0,0,rQaQrPaQaPaP,A,qwen-122b,qwen/qwen3.5-122b-a10b,alibaba,0,1.0,Alibaba,A,4.082e-05,0.999841565514847,0.0001252845351775444,0
comprehension,own,neutral,2211,1,0,1,0,rQaPaQaPrPaQ,A,qwen-122b,qwen/qwen3.5-122b-a10b,alibaba,0,1.0,Alibaba,A,4.082e-05,0.9995121623880558,8.38086633997384e-05,0
comprehension,own,neutral,2220,-1,0,0,0,rPaPaQaQrPaP,B,qwen-122b,qwen/qwen3.5-122b-a10b,alibaba,0,1.0,Alibaba,B,4.082e-05,9.610037599529568e-05,7.054189855260073e-05,0
comprehension,own,neutral,2220,-1,0,1,0,aQaPaPaQrPrP,B,qwen-122b,qwen/qwen3.5-122b-a10b,alibaba,0,1.0,Alibaba,B,4.082e-05,0.0002611822463174047,8.551881196927624e-05,0
comprehension,own,neutral,2220,1,0,0,0,aQrPaPrPaQaP,A,qwen-122b,qwen/qwen3.5-122b-a10b,alibaba,0,1.0,Alibaba,A,4.082e-05,0.9997965753674404,0.00011212635150634941,0
comprehension,own,neutral,2220,1,0,1,0,rPaQaPaPrPaQ,A,qwen-122b,qwen/qwen3.5-122b-a10b,alibaba,0,1.0,Alibaba,A,4.082e-05,0.9991959391946629,9.607207563792669e-05,0
comprehension,own,neutral,2300,-1,0,0,0,aQaPaQaPaQ,B,qwen-122b,qwen/qwen3.5-122b-a10b,alibaba,0,1.0,Alibaba,B,3.9e-05,5.144136042258035e-05,4.6408240674256085e-05,0
comprehension,own,neutral,2300,-1,0,1,0,aPaQaPaQaQ,B,qwen-122b,qwen/qwen3.5-122b-a10b,alibaba,0,1.0,Alibaba,B,3.9e-05,0.00026117841344622364,8.610236012651651e-05,0
comprehension,own,neutral,2300,1,0,0,0,aQaQaQaPaP,A,qwen-122b,qwen/qwen3.5-122b-a10b,alibaba,0,1.0,Alibaba,A,3.9e-05,0.9998204740108251,5.356516372294592e-05,0
comprehension,own,neutral,2300,1,0,1,0,aQaQaPaPaQ,A,qwen-122b,qwen/qwen3.5-122b-a10b,alibaba,0,1.0,Alibaba,A,3.9e-05,0.9995121679394589,8.244267987305776e-05,0
comprehension,own,neutral,2301,-1,0,0,0,aQaQaQrQaPaP,B,qwen-122b,qwen/qwen3.5-122b-a10b,alibaba,0,1.0,Alibaba,B,4.082e-05,0.0001584328738994416,6.45756670282216e-05,0
comprehension,own,neutral,2301,-1,0,1,0,aQaPaQaPaQrQ,B,qwen-122b,qwen/qwen3.5-122b-a10b,alibaba,0,1.0,Alibaba,B,4.082e-05,0.00017951450202846085,0.0001011533492043526,0
comprehension,own,neutral,2301,1,0,0,0,aQaQaPaPrQaQ,A,qwen-122b,qwen/qwen3.5-122b-a10b,alibaba,0,1.0,Alibaba,A,4.082e-05,0.9998601778943047,7.686416569349571e-05,0
comprehension,own,neutral,2301,1,0,1,0,aQaPaQaPrQaQ,A,qwen-122b,qwen/qwen3.5-122b-a10b,alibaba,0,1.0,Alibaba,A,4.082e-05,0.9991959552694715,8.180315989656916e-05,0
comprehension,own,neutral,2310,-1,0,0,0,rPaQaQaPaQaP,B,qwen-122b,qwen/qwen3.5-122b-a10b,alibaba,0,1.0,Alibaba,B,4.082e-05,5.8289667077301116e-05,4.9703105476139875e-05,0
comprehension,own,neutral,2310,-1,0,1,0,aQaPrPaQaQaP,B,qwen-122b,qwen/qwen3.5-122b-a10b,alibaba,0,1.0,Alibaba,B,4.082e-05,0.000203420669248156,9.836670795426716e-05,0
comprehension,own,neutral,2310,1,0,0,0,aQaQaPaQrPaP,A,qwen-122b,qwen/qwen3.5-122b-a10b,alibaba,0,1.0,Alibaba,A,4.082e-05,0.9998204733663981,5.429369733212812e-05,0
comprehension,own,neutral,2310,1,0,1,0,aQrPaPaQaQaP,A,qwen-122b,qwen/qwen3.5-122b-a10b,alibaba,0,1.0,Alibaba,A,4.082e-05,0.9990890168375082,0.0001191581118712093,0
comprehension,own,neutral,2400,-1,0,0,0,aQaQaQaQaPaP,B,qwen-122b,qwen/qwen3.5-122b-a10b,alibaba,0,1.0,Alibaba,B,4.082e-05,8.48076123518636e-05,6.262098448517328e-05,0
comprehension,own,neutral,2400,-1,0,1,0,aQaPaPaQaQaQ,B,qwen-122b,qwen/qwen3.5-122b-a10b,alibaba,0,1.0,Alibaba,B,4.082e-05,0.000139819719312708,0.00010461691722640776,0
comprehension,own,neutral,2400,1,0,0,0,aPaQaQaQaQaP,A,qwen-122b,qwen/qwen3.5-122b-a10b,alibaba,0,1.0,Alibaba,A,4.082e-05,0.9997694947978162,9.284034853085989e-05,0
comprehension,own,neutral,2400,1,0,1,0,aPaQaQaQaQaP,A,qwen-122b,qwen/qwen3.5-122b-a10b,alibaba,0,1.0,Alibaba,A,4.082e-05,0.9989678103826354,0.00011013587996768002,0
comprehension,own,neutral,3000,-1,0,0,0,aPaPaP,B,qwen-122b,qwen/qwen3.5-122b-a10b,alibaba,0,1.0,Alibaba,B,3.536e-05,7.484481012242976e-05,7.119657789445011e-05,0
comprehension,own,neutral,3000,-1,0,1,0,aPaPaP,B,qwen-122b,qwen/qwen3.5-122b-a10b,alibaba,0,1.0,Alibaba,B,3.536e-05,0.0001584312140537781,7.79398683482535e-05,0
comprehension,own,neutral,3000,1,0,0,0,aPaPaP,A,qwen-122b,qwen/qwen3.5-122b-a10b,alibaba,0,1.0,Alibaba,A,3.536e-05,0.9999251537469963,0.00010954471971283117,0
comprehension,own,neutral,3000,1,0,1,0,aPaPaP,A,qwen-122b,qwen/qwen3.5-122b-a10b,alibaba,0,1.0,Alibaba,A,3.536e-05,0.9996646603243214,8.831615161844389e-05,0
comprehension,own,neutral,3001,-1,0,0,0,aPaPrQaP,B,qwen-122b,qwen/qwen3.5-122b-a10b,alibaba,0,1.0,Alibaba,B,3.718e-05,9.609905020779437e-05,8.058704043623077e-05,0
comprehension,own,neutral,3001,-1,0,1,0,aPaPrQaP,B,qwen-122b,qwen/qwen3.5-122b-a10b,alibaba,0,1.0,Alibaba,B,3.718e-05,0.00023049479650630054,8.489041605941328e-05,0
comprehension,own,neutral,3001,1,0,0,0,aPrQaPaP,A,qwen-122b,qwen/qwen3.5-122b-a10b,alibaba,0,1.0,Alibaba,A,3.718e-05,0.9998601791924648,0.00010095621132456147,0
comprehension,own,neutral,3001,1,0,1,0,rQaPaPaP,A,qwen-122b,qwen/qwen3.5-122b-a10b,alibaba,0,1.0,Alibaba,A,3.718e-05,0.99970406019656,8.228837228269883e-05,0
comprehension,own,neutral,3002,-1,0,0,0,rQaPaPrQaP,B,qwen-122b,qwen/qwen3.5-122b-a10b,alibaba,0,1.0,Alibaba,B,3.9e-05,0.0001584328356903233,7.577780348155816e-05,0
comprehension,own,neutral,3002,-1,0,1,0,aPaPrQrQaP,B,qwen-122b,qwen/qwen3.5-122b-a10b,alibaba,0,1.0,Alibaba,B,3.9e-05,0.00023049624554612492,7.6872578849696e-05,0
comprehension,own,neutral,3002,1,0,0,0,rQaPrQaPaP,A,qwen-122b,qwen/qwen3.5-122b-a10b,alibaba,0,1.0,Alibaba,A,3.9e-05,0.9999546025636997,7.858764666959629e-05,0
comprehension,own,neutral,3002,1,0,1,0,aPrQaPaPrQ,A,qwen-122b,qwen/qwen3.5-122b-a10b,alibaba,0,1.0,Alibaba,A,3.9e-05,0.999738817938449,6.47857859374135e-05,0
comprehension,own,neutral,3003,-1,0,0,0,aPrQrQaPaPrQ,B,qwen-122b,qwen/qwen3.5-122b-a10b,alibaba,0,1.0,Alibaba,B,4.082e-05,0.00012339022536146467,6.545068282137745e-05,0
comprehension,own,neutral,3003,-1,0,1,0,aPrQrQaPaPrQ,B,qwen-122b,qwen/qwen3.5-122b-a10b,alibaba,0,1.0,Alibaba,B,4.082e-05,0.00033533503764050814,6.685746068280096e-05,0
comprehension,own,neutral,3003,1,0,0,0,aPrQaPrQaPrQ,A,qwen-122b,qwen/qwen3.5-122b-a10b,alibaba,0,1.0,Alibaba,A,4.082e-05,0.9999151889799723,0.00010184452560261216,0
comprehension,own,neutral,3003,1,0,1,0,aPrQaPrQrQaP,A,qwen-122b,qwen/qwen3.5-122b-a10b,alibaba,0,1.0,Alibaba,A,4.082e-05,0.9996200258988102,7.890845805632246e-05,0
comprehension,own,neutral,3010,-1,0,0,0,aPaPrPaP,B,qwen-122b,qwen/qwen3.5-122b-a10b,alibaba,0,1.0,Alibaba,B,3.718e-05,0.0001233922823873101,6.876977854575195e-05,0
comprehension,own,neutral,3010,-1,0,1,0,rPaPaPaP,B,qwen-122b,qwen/qwen3.5-122b-a10b,alibaba,0,1.0,Alibaba,B,3.718e-05,0.00023050041764115497,8.543546708894567e-05,0
comprehension,own,neutral,3010,1,0,0,0,aPaPrPaP,A,qwen-122b,qwen/qwen3.5-122b-a10b,alibaba,0,1.0,Alibaba,A,3.718e-05,0.9999546021154869,9.1320627774466e-05,0
comprehension,own,neutral,3010,1,0,1,0,aPaPaPrP,A,qwen-122b,qwen/qwen3.5-122b-a10b,alibaba,0,1.0,Alibaba,A,3.718e-05,0.9996646580488463,8.365802041317854e-05,0
comprehension,own,neutral,3011,-1,0,0,0,aPrPaPaPrQ,B,qwen-122b,qwen/qwen3.5-122b-a10b,alibaba,0,1.0,Alibaba,B,3.9e-05,0.0001795207057170084,8.230686630339434e-05,0
comprehension,own,neutral,3011,-1,0,1,0,aPaPaPrPrQ,B,qwen-122b,qwen/qwen3.5-122b-a10b,alibaba,0,1.0,Alibaba,B,3.9e-05,0.00037997261774716214,7.691189184377833e-05,0
comprehension,own,neutral,3011,1,0,0,0,aPrPaPrQaP,A,qwen-122b,qwen/qwen3.5-122b-a10b,alibaba,0,1.0,Alibaba,A,3.9e-05,0.9998911031182376,9.682657582594668e-05,0
comprehension,own,neutral,3011,1,0,1,0,aPaPrQaPrP,A,qwen-122b,qwen/qwen3.5-122b-a10b,alibaba,0,1.0,Alibaba,A,3.9e-05,0.9996200289629235,8.705620703031104e-05,0
comprehension,own,neutral,3012,-1,0,0,0,rPaPrQaPaPrQ,B,qwen-122b,qwen/qwen3.5-122b-a10b,alibaba,0,1.0,Alibaba,B,4.082e-05,0.00017952079132649363,8.183010905982169e-05,0
comprehension,own,neutral,3012,-1,0,1,0,aPaPrQaPrPrQ,B,qwen-122b,qwen/qwen3.5-122b-a10b,alibaba,0,1.0,Alibaba,B,4.082e-05,0.0002959437989546954,5.9551375838018394e-05,0
comprehension,own,neutral,3012,1,0,0,0,rQaPaPrQrPaP,A,qwen-122b,qwen/qwen3.5-122b-a10b,alibaba,0,1.0,Alibaba,A,4.082e-05,0.9999339478795597,8.902100124147253e-05,0
comprehension,own,neutral,3012,1,0,1,0,aPaPrQrQrPaP,A,qwen-122b,qwen/qwen3.5-122b-a10b,alibaba,0,1.0,Alibaba,A,4.082e-05,0.9995121649996307,0.00011278470690065818,0
comprehension,own,neutral,3020,-1,0,0,0,aPaPrPrPaP,B,qwen-122b,qwen/qwen3.5-122b-a10b,alibaba,0,1.0,Alibaba,B,3.9e-05,0.00015843435858639863,6.536358194908498e-05,0
comprehension,own,neutral,3020,-1,0,1,0,aPaPaPrPrP,B,qwen-122b,qwen/qwen3.5-122b-a10b,alibaba,0,1.0,Alibaba,B,3.9e-05,0.00043054358306069063,0.00010781360723022271,0
comprehension,own,neutral,3020,1,0,0,0,rPaPaPrPaP,A,qwen-122b,qwen/qwen3.5-122b-a10b,alibaba,0,1.0,Alibaba,A,3.9e-05,0.999959936289007,9.009950220591596e-05,0
comprehension,own,neutral,3020,1,0,1,0,rPaPrPaPaP,A,qwen-122b,qwen/qwen3.5-122b-a10b,alibaba,0,1.0,Alibaba,A,3.9e-05,0.9996646631796435,0.00010745608083996924,0
comprehension,own,neutral,3021,-1,0,0,0,rQaPrPrPaPaP,B,qwen-122b,qwen/qwen3.5-122b-a10b,alibaba,0,1.0,Alibaba,B,4.082e-05,0.00012339157441644354,8.782624014391782e-05,0
comprehension,own,neutral,3021,-1,0,1,0,aPaPrQaPrPrP,B,qwen-122b,qwen/qwen3.5-122b-a10b,alibaba,0,1.0,Alibaba,B,4.082e-05,0.00029594354891580523,8.540749576879669e-05,0
comprehension,own,neutral,3021,1,0,0,0,aPaPrPrPrQaP,A,qwen-122b,qwen/qwen3.5-122b-a10b,alibaba,0,1.0,Alibaba,A,4.082e-05,0.9998601778618398,0.00010379680048740352,0
comprehension,own,neutral,3021,1,0,1,0,aPrPaPaPrPrQ,A,qwen-122b,qwen/qwen3.5-122b-a10b,alibaba,0,1.0,Alibaba,A,4.082e-05,0.9993736879312431,0.00010113564948726706,0
comprehension,own,neutral,3030,-1,0,0,0,aPrPrPaPaPrP,B,qwen-122b,qwen/qwen3.5-122b-a10b,alibaba,0,1.0,Alibaba,B,4.082e-05,0.0002611859105271303,7.570696825798251e-05,0
comprehension,own,neutral,3030,-1,0,1,0,rPaPaPaPrPrP,B,qwen-122b,qwen/qwen3.5-122b-a10b,alibaba,0,1.0,Alibaba,B,4.082e-05,0.00023049856125553417,6.689271045701162e-05,0
comprehension,own,neutral,3030,1,0,0,0,aPaPaPrPrPrP,A,qwen-122b,qwen/qwen3.5-122b-a10b,alibaba,0,1.0,Alibaba,A,4.082e-05,0.999941708741999,9.797341283338994e-05,0
comprehension,own,neutral,3030,1,0,1,0,rPaPrPaPaPrP,A,qwen-122b,qwen/qwen3.5-122b-a10b,alibaba,0,1.0,Alibaba,A,4.082e-05,0.9996200273879956,0.00010693475920273528,0
comprehension,own,neutral,3100,-1,0,0,0,aPaQaPaP,B,qwen-122b,qwen/qwen3.5-122b-a10b,alibaba,0,1.0,Alibaba,B,3.718e-05,8.480762215690307e-05,8.085510340249957e-05,0
comprehension,own,neutral,3100,-1,0,1,0,aQaPaPaP,B,qwen-122b,qwen/qwen3.5-122b-a10b,alibaba,0,1.0,Alibaba,B,3.718e-05,0.00010889199014174188,6.812064750683078e-05,0
comprehension,own,neutral,3100,1,0,0,0,aPaPaPaQ,A,qwen-122b,qwen/qwen3.5-122b-a10b,alibaba,0,1.0,Alibaba,A,3.718e-05,0.9997040454257957,5.686000609724732e-05,0
comprehension,own,neutral,3100,1,0,1,0,aPaPaPaQ,A,qwen-122b,qwen/qwen3.5-122b-a10b,alibaba,0,1.0,Alibaba,A,3.718e-05,0.9993736943630944,8.514563707035308e-05,0
comprehension,own,neutral,3101,-1,0,0,0,rQaPaPaPaQ,B,qwen-122b,qwen/qwen3.5-122b-a10b,alibaba,0,1.0,Alibaba,B,3.9e-05,0.00012339078223988796,6.233462581550775e-05,0
comprehension,own,neutral,3101,-1,0,1,0,aQaPrQaPaP,B,qwen-122b,qwen/qwen3.5-122b-a10b,alibaba,0,1.0,Alibaba,B,3.9e-05,0.00012339123418120772,8.030113542301098e-05,0
comprehension,own,neutral,3101,1,0,0,0,aPrQaPaQaP,A,qwen-122b,qwen/qwen3.5-122b-a10b,alibaba,0,1.0,Alibaba,A,3.9e-05,0.999796575223775,7.754991501074355e-05,0
comprehension,own,neutral,3101,1,0,1,0,aPrQaPaQaP,A,qwen-122b,qwen/qwen3.5-122b-a10b,alibaba,0,1.0,Alibaba,A,3.9e-05,0.9995694580452041,7.971565822566126e-05,0
comprehension,own,neutral,3102,-1,0,0,0,aPrQaPaPrQaQ,B,qwen-122b,qwen/qwen3.5-122b-a10b,alibaba,0,1.0,Alibaba,B,4.082e-05,0.0001398191071885468,6.972441837782561e-05,0
comprehension,own,neutral,3102,-1,0,1,0,aQrQrQaPaPaP,B,qwen-122b,qwen/qwen3.5-122b-a10b,alibaba,0,1.0,Alibaba,B,4.082e-05,0.00029594676928562034,7.530911619380021e-05,0
comprehension,own,neutral,3102,1,0,0,0,aPaPaPaQrQrQ,A,qwen-122b,qwen/qwen3.5-122b-a10b,alibaba,0,1.0,Alibaba,A,4.082e-05,0.99989110306594,7.91885644406391e-05,0
comprehension,own,neutral,3102,1,0,1,0,aPaQrQrQaPaP,A,qwen-122b,qwen/qwen3.5-122b-a10b,alibaba,0,1.0,Alibaba,A,4.082e-05,0.9994472577998513,9.87857242894973e-05,0
comprehension,own,neutral,3110,-1,0,0,0,aPaPaPaQrP,B,qwen-122b,qwen/qwen3.5-122b-a10b,alibaba,0,1.0,Alibaba,B,3.9e-05,8.480900998587878e-05,6.670287243071282e-05,0
comprehension,own,neutral,3110,-1,0,1,0,aPaQaPaPrP,B,qwen-122b,qwen/qwen3.5-122b-a10b,alibaba,0,1.0,Alibaba,B,3.9e-05,0.00020342136925770201,5.698841541745825e-05,0
comprehension,own,neutral,3110,1,0,0,0,aQaPrPaPaP,A,qwen-122b,qwen/qwen3.5-122b-a10b,alibaba,0,1.0,Alibaba,A,3.9e-05,0.9998415650347591,6.156348045605728e-05,0
comprehension,own,neutral,3110,1,0,1,0,rPaPaPaPaQ,A,qwen-122b,qwen/qwen3.5-122b-a10b,alibaba,0,1.0,Alibaba,A,3.9e-05,0.9994472434955376,9.319348998769732e-05,0
comprehension,own,neutral,3111,-1,0,0,0,aPaQrPrQaPaP,B,qwen-122b,qwen/qwen3.5-122b-a10b,alibaba,0,1.0,Alibaba,B,4.082e-05,0.00010889258402187318,6.975966823874469e-05,0
comprehension,own,neutral,3111,-1,0,1,0,aPaPaQaPrQrP,B,qwen-122b,qwen/qwen3.5-122b-a10b,alibaba,0,1.0,Alibaba,B,4.082e-05,0.0003353396377371203,7.485266637818899e-05,0
comprehension,own,neutral,3111,1,0,0,0,aQaPaPrQaPrP,A,qwen-122b,qwen/qwen3.5-122b-a10b,alibaba,0,1.0,Alibaba,A,4.082e-05,0.9998415637670757,9.435770989237911e-05,0
comprehension,own,neutral,3111,1,0,1,0,aPaPrQrPaPaQ,A,qwen-122b,qwen/qwen3.5-122b-a10b,alibaba,0,1.0,Alibaba,A,4.082e-05,0.9994472365633921,7.664879700634711e-05,0
comprehension,own,neutral,3120,-1,0,0,0,aPrPaPrPaPaQ,B,qwen-122b,qwen/qwen3.5-122b-a10b,alibaba,0,1.0,Alibaba,B,4.082e-05,0.00013981869165148966,5.721650284784552e-05,0
comprehension,own,neutral,3120,-1,0,1,0,aQrPaPaPaPrP,B,qwen-122b,qwen/qwen3.5-122b-a10b,alibaba,0,1.0,Alibaba,B,4.082e-05,0.00020342143913711788,0.00010215103488520061,0
comprehension,own,neutral,3120,1,0,0,0,aQaPrPaPaPrP,A,qwen-122b,qwen/qwen3.5-122b-a10b,alibaba,0,1.0,Alibaba,A,4.082e-05,0.9998415659028765,7.611029438771858e-05,0
comprehension,own,neutral,3120,1,0,1,0,rPaPaPrPaPaQ,A,qwen-122b,qwen/qwen3.5-122b-a10b,alibaba,0,1.0,Alibaba,A,4.082e-05,0.9991959361623669,0.0001117625940067991,0
comprehension,own,neutral,3200,-1,0,0,0,aQaPaPaQaP,B,qwen-122b,qwen/qwen3.5-122b-a10b,alibaba,0,1.0,Alibaba,B,3.9e-05,0.00010889396158797518,6.142998764369079e-05,0
comprehension,own,neutral,3200,-1,0,1,0,aPaQaPaPaQ,B,qwen-122b,qwen/qwen3.5-122b-a10b,alibaba,0,1.0,Alibaba,B,3.9e-05,0.00023050386739783218,6.893175585831468e-05,0
comprehension,own,neutral,3200,1,0,0,0,aQaQaPaPaP,A,qwen-122b,qwen/qwen3.5-122b-a10b,alibaba,0,1.0,Alibaba,A,3.9e-05,0.9998601800377415,4.723103065579611e-05,0
comprehension,own,neutral,3200,1,0,1,0,aPaQaPaQaP,A,qwen-122b,qwen/qwen3.5-122b-a10b,alibaba,0,1.0,Alibaba,A,3.9e-05,0.9991959376673522,8.652835009682327e-05,0
comprehension,own,neutral,3201,-1,0,0,0,rQaQaQaPaPaP,B,qwen-122b,qwen/qwen3.5-122b-a10b,alibaba,0,1.0,Alibaba,B,4.082e-05,0.0001584306311828339,8.093632791528194e-05,0
comprehension,own,neutral,3201,-1,0,1,0,aPaQaPaPaQrQ,B,qwen-122b,qwen/qwen3.5-122b-a10b,alibaba,0,1.0,Alibaba,B,4.082e-05,0.00033533682456126447,8.076825091030138e-05,0
comprehension,own,neutral,3201,1,0,0,0,aPaPaPaQaQrQ,A,qwen-122b,qwen/qwen3.5-122b-a10b,alibaba,0,1.0,Alibaba,A,4.082e-05,0.999915188959339,7.348007021114208e-05,0
comprehension,own,neutral,3201,1,0,1,0,aQaPaPrQaQaP,A,qwen-122b,qwen/qwen3.5-122b-a10b,alibaba,0,1.0,Alibaba,A,4.082e-05,0.9994472577355756,0.0001027163106218004,0
comprehension,own,neutral,3210,-1,0,0,0,rPaPaQaPaPaQ,B,qwen-122b,qwen/qwen3.5-122b-a10b,alibaba,0,1.0,Alibaba,B,4.082e-05,7.484360698218867e-05,6.94265553770057e-05,0
comprehension,own,neutral,3210,-1,0,1,0,aQaQaPaPaPrP,B,qwen-122b,qwen/qwen3.5-122b-a10b,alibaba,0,1.0,Alibaba,B,4.082e-05,0.00017952362179705645,7.852357554249956e-05,0
comprehension,own,neutral,3210,1,0,0,0,rPaQaPaQaPaP,A,qwen-122b,qwen/qwen3.5-122b-a10b,alibaba,0,1.0,Alibaba,A,4.082e-05,0.999820473972888,8.238475218643297e-05,0
comprehension,own,neutral,3210,1,0,1,0,aPaPaPrPaQaQ,A,qwen-122b,qwen/qwen3.5-122b-a10b,alibaba,0,1.0,Alibaba,A,4.082e-05,0.9991959390022196,9.488101722340109e-05,0
comprehension,own,neutral,3300,-1,0,0,0,aPaQaPaQaQaP,B,qwen-122b,qwen/qwen3.5-122b-a10b,alibaba,0,1.0,Alibaba,B,4.082e-05,5.828943228173443e-05,7.523732380654291e-05,0
comprehension,own,neutral,3300,-1,0,1,0,aQaQaPaPaQaP,B,qwen-122b,qwen/qwen3.5-122b-a10b,alibaba,0,1.0,Alibaba,B,4.082e-05,0.00017952299782629687,8.363052143445238e-05,0
comprehension,own,neutral,3300,1,0,0,0,aPaQaPaQaPaQ,A,qwen-122b,qwen/qwen3.5-122b-a10b,alibaba,0,1.0,Alibaba,A,4.082e-05,0.9997965731046671,0.00010989849539450145,0
comprehension,own,neutral,3300,1,0,1,0,aPaPaQaPaQaQ,A,qwen-122b,qwen/qwen3.5-122b-a10b,alibaba,0,1.0,Alibaba,A,4.082e-05,0.9992903468980168,7.680097352009323e-05,0
comprehension,own,neutral,4000,-1,0,0,0,aPaPaPaP,B,qwen-122b,qwen/qwen3.5-122b-a10b,alibaba,0,1.0,Alibaba,B,3.718e-05,0.00010889568419322952,6.771182093234795e-05,0
comprehension,own,neutral,4000,-1,0,1,0,aPaPaPaP,B,qwen-122b,qwen/qwen3.5-122b-a10b,alibaba,0,1.0,Alibaba,B,3.718e-05,0.0002959453737837959,9.252678818616467e-05,0
comprehension,own,neutral,4000,1,0,0,0,aPaPaPaP,A,qwen-122b,qwen/qwen3.5-122b-a10b,alibaba,0,1.0,Alibaba,A,3.718e-05,0.9999339478720197,0.00011869597496438437,0
comprehension,own,neutral,4000,1,0,1,0,aPaPaPaP,A,qwen-122b,qwen/qwen3.5-122b-a10b,alibaba,0,1.0,Alibaba,A,3.718e-05,0.9997965801257177,7.157280383945206e-05,0
comprehension,own,neutral,4001,-1,0,0,0,aPrQaPaPaP,B,qwen-122b,qwen/qwen3.5-122b-a10b,alibaba,0,1.0,Alibaba,B,3.9e-05,9.60974356473924e-05,6.855516547743523e-05,0
comprehension,own,neutral,4001,-1,0,1,0,aPrQaPaPaP,B,qwen-122b,qwen/qwen3.5-122b-a10b,alibaba,0,1.0,Alibaba,B,3.9e-05,0.000335330470761542,8.47084133446252e-05,0
comprehension,own,neutral,4001,1,0,0,0,aPaPrQaPaP,A,qwen-122b,qwen/qwen3.5-122b-a10b,alibaba,0,1.0,Alibaba,A,3.9e-05,0.9999251538000059,6.687856687262506e-05,0
comprehension,own,neutral,4001,1,0,1,0,aPaPaPrQaP,A,qwen-122b,qwen/qwen3.5-122b-a10b,alibaba,0,1.0,Alibaba,A,3.9e-05,0.9996646695331602,0.00010853627359272894,0
comprehension,own,neutral,4002,-1,0,0,0,aPaPrQaPrQaP,B,qwen-122b,qwen/qwen3.5-122b-a10b,alibaba,0,1.0,Alibaba,B,4.082e-05,0.00013981818895030088,6.601834111041871e-05,0
comprehension,own,neutral,4002,-1,0,1,0,aPrQaPaPrQaP,B,qwen-122b,qwen/qwen3.5-122b-a10b,alibaba,0,1.0,Alibaba,B,4.082e-05,0.0003353395161957639,8.593342466278742e-05,0
comprehension,own,neutral,4002,1,0,0,0,aPrQaPaPaPrQ,A,qwen-122b,qwen/qwen3.5-122b-a10b,alibaba,0,1.0,Alibaba,A,4.082e-05,0.9999038995456814,0.00010759323807538833,0
comprehension,own,neutral,4002,1,0,1,0,aPaPaPrQaPrQ,A,qwen-122b,qwen/qwen3.5-122b-a10b,alibaba,0,1.0,Alibaba,A,4.082e-05,0.9996200273395066,9.037470434327993e-05,0
comprehension,own,neutral,4010,-1,0,0,0,aPrPaPaPaP,B,qwen-122b,qwen/qwen3.5-122b-a10b,alibaba,0,1.0,Alibaba,B,3.9e-05,0.00013981828846740876,8.008051479102551e-05,0
comprehension,own,neutral,4010,-1,0,1,0,aPaPaPaPrP,B,qwen-122b,qwen/qwen3.5-122b-a10b,alibaba,0,1.0,Alibaba,B,3.9e-05,0.00037997400942904656,8.534215740974016e-05,0
comprehension,own,neutral,4010,1,0,0,0,aPaPaPaPrP,A,qwen-122b,qwen/qwen3.5-122b-a10b,alibaba,0,1.0,Alibaba,A,3.9e-05,0.9999485577805337,7.454996661178384e-05,0
comprehension,own,neutral,4010,1,0,1,0,aPaPaPrPaP,A,qwen-122b,qwen/qwen3.5-122b-a10b,alibaba,0,1.0,Alibaba,A,3.9e-05,0.9996646578903563,9.27129123741638e-05,0
comprehension,own,neutral,4011,-1,0,0,0,aPrPaPaPaPrQ,B,qwen-122b,qwen/qwen3.5-122b-a10b,alibaba,0,1.0,Alibaba,B,4.082e-05,0.00017952155182600506,6.508677055250267e-05,0
comprehension,own,neutral,4011,-1,0,1,0,aPaPaPrQrPaP,B,qwen-122b,qwen/qwen3.5-122b-a10b,alibaba,0,1.0,Alibaba,B,4.082e-05,0.0002959520460545189,5.690067859331904e-05,0
comprehension,own,neutral,4011,1,0,0,0,aPaPrPaPrQaP,A,qwen-122b,qwen/qwen3.5-122b-a10b,alibaba,0,1.0,Alibaba,A,4.082e-05,0.9999151889598659,0.00010875659214290121,0
comprehension,own,neutral,4011,1,0,1,0,aPaPaPrQaPrP,A,qwen-122b,qwen/qwen3.5-122b-a10b,alibaba,0,1.0,Alibaba,A,4.082e-05,0.9993736979343286,0.00010328370668764028,0
comprehension,own,neutral,4020,-1,0,0,0,aPrPrPaPaPaP,B,qwen-122b,qwen/qwen3.5-122b-a10b,alibaba,0,1.0,Alibaba,B,4.082e-05,0.00017952368611200272,7.602099931480755e-05,0
comprehension,own,neutral,4020,-1,0,1,0,aPrPaPaPrPaP,B,qwen-122b,qwen/qwen3.5-122b-a10b,alibaba,0,1.0,Alibaba,B,4.082e-05,0.0003353437132908675,8.795871016553658e-05,0
comprehension,own,neutral,4020,1,0,0,0,rPaPaPrPaPaP,A,qwen-122b,qwen/qwen3.5-122b-a10b,alibaba,0,1.0,Alibaba,A,4.082e-05,0.9999417087351878,0.00011239385569296851,0
comprehension,own,neutral,4020,1,0,1,0,rPaPrPaPaPaP,A,qwen-122b,qwen/qwen3.5-122b-a10b,alibaba,0,1.0,Alibaba,A,4.082e-05,0.9996646669958822,0.00010656621372551618,0
comprehension,own,neutral,4100,-1,0,0,0,aPaPaPaPaQ,B,qwen-122b,qwen/qwen3.5-122b-a10b,alibaba,0,1.0,Alibaba,B,3.9e-05,9.610012438492829e-05,7.555271982584433e-05,0
comprehension,own,neutral,4100,-1,0,1,0,aPaPaPaPaQ,B,qwen-122b,qwen/qwen3.5-122b-a10b,alibaba,0,1.0,Alibaba,B,3.9e-05,0.00033533812437425175,7.606168515983391e-05,0
comprehension,own,neutral,4100,1,0,0,0,aPaQaPaPaP,A,qwen-122b,qwen/qwen3.5-122b-a10b,alibaba,0,1.0,Alibaba,A,3.9e-05,0.999860179134994,6.703781718828085e-05,0
comprehension,own,neutral,4100,1,0,1,0,aPaPaQaPaP,A,qwen-122b,qwen/qwen3.5-122b-a10b,alibaba,0,1.0,Alibaba,A,3.9e-05,0.999373694364916,8.895709408640628e-05,0
comprehension,own,neutral,4101,-1,0,0,0,aPaPrQaPaQaP,B,qwen-122b,qwen/qwen3.5-122b-a10b,alibaba,0,1.0,Alibaba,B,4.082e-05,0.00012339121963742024,7.446167415170457e-05,0
comprehension,own,neutral,4101,-1,0,1,0,aQaPaPaPrQaP,B,qwen-122b,qwen/qwen3.5-122b-a10b,alibaba,0,1.0,Alibaba,B,4.082e-05,0.0002611821839889267,8.623378505656643e-05,0
comprehension,own,neutral,4101,1,0,0,0,aPaPrQaQaPaP,A,qwen-122b,qwen/qwen3.5-122b-a10b,alibaba,0,1.0,Alibaba,A,4.082e-05,0.9999151899026192,7.380193618014196e-05,0
comprehension,own,neutral,4101,1,0,1,0,aQaPaPaPrQaP,A,qwen-122b,qwen/qwen3.5-122b-a10b,alibaba,0,1.0,Alibaba,A,4.082e-05,0.9995694601238745,8.108638752352874e-05,0
comprehension,own,neutral,4110,-1,0,0,0,aPaPaPaQaPrP,B,qwen-122b,qwen/qwen3.5-122b-a10b,alibaba,0,1.0,Alibaba,B,4.082e-05,8.480873559223796e-05,6.44212608059691e-05,0
comprehension,own,neutral,4110,-1,0,1,0,rPaQaPaPaPaP,B,qwen-122b,qwen/qwen3.5-122b-a10b,alibaba,0,1.0,Alibaba,B,4.082e-05,0.0002959488377201184,7.08545368247604e-05,0
comprehension,own,neutral,4110,1,0,0,0,rPaPaPaQaPaP,A,qwen-122b,qwen/qwen3.5-122b-a10b,alibaba,0,1.0,Alibaba,A,4.082e-05,0.9998415654559093,7.130240617737001e-05,0
comprehension,own,neutral,4110,1,0,1,0,rPaPaPaQaPaP,A,qwen-122b,qwen/qwen3.5-122b-a10b,alibaba,0,1.0,Alibaba,A,4.082e-05,0.9994472464485823,0.00010358568222246082,0
comprehension,own,neutral,4200,-1,0,0,0,aQaPaPaPaQaP,B,qwen-122b,qwen/qwen3.5-122b-a10b,alibaba,0,1.0,Alibaba,B,4.082e-05,0.00015843127112197893,6.781039710701542e-05,0
comprehension,own,neutral,4200,-1,0,1,0,aQaPaPaPaQaP,B,qwen-122b,qwen/qwen3.5-122b-a10b,alibaba,0,1.0,Alibaba,B,4.082e-05,0.00026118405023742357,7.430662040985858e-05,0
comprehension,own,neutral,4200,1,0,0,0,aQaPaPaQaPaP,A,qwen-122b,qwen/qwen3.5-122b-a10b,alibaba,0,1.0,Alibaba,A,4.082e-05,0.9998415651176399,0.00011730215738828606,0
comprehension,own,neutral,4200,1,0,1,0,aQaPaPaPaPaQ,A,qwen-122b,qwen/qwen3.5-122b-a10b,alibaba,0,1.0,Alibaba,A,4.082e-05,0.9989678102833675,0.00012930324355552502,0
comprehension,own,neutral,5000,-1,0,0,0,aPaPaPaPaP,B,qwen-122b,qwen/qwen3.5-122b-a10b,alibaba,0,1.0,Alibaba,B,3.9e-05,0.00013981907352075864,7.997327332609494e-05,0
comprehension,own,neutral,5000,-1,0,1,0,aPaPaPaPaP,B,qwen-122b,qwen/qwen3.5-122b-a10b,alibaba,0,1.0,Alibaba,B,3.9e-05,0.0002611852668341117,8.182505082410252e-05,0
comprehension,own,neutral,5000,1,0,0,0,aPaPaPaPaP,A,qwen-122b,qwen/qwen3.5-122b-a10b,alibaba,0,1.0,Alibaba,A,3.9e-05,0.9999251537649857,0.00011979361128156127,0
comprehension,own,neutral,5000,1,0,1,0,aPaPaPaPaP,A,qwen-122b,qwen/qwen3.5-122b-a10b,alibaba,0,1.0,Alibaba,A,3.9e-05,0.9997694996367636,7.852428414415269e-05,0
comprehension,own,neutral,5001,-1,0,0,0,aPaPrQaPaPaP,B,qwen-122b,qwen/qwen3.5-122b-a10b,alibaba,0,1.0,Alibaba,B,4.082e-05,0.00010889305773069623,7.124877035913357e-05,0
comprehension,own,neutral,5001,-1,0,1,0,aPrQaPaPaPaP,B,qwen-122b,qwen/qwen3.5-122b-a10b,alibaba,0,1.0,Alibaba,B,4.082e-05,0.0005527534848884833,0.00010537248453523773,0
comprehension,own,neutral,5001,1,0,0,0,rQaPaPaPaPaP,A,qwen-122b,qwen/qwen3.5-122b-a10b,alibaba,0,1.0,Alibaba,A,4.082e-05,0.999941709304472,6.543848667638937e-05,0
comprehension,own,neutral,5001,1,0,1,0,aPaPaPaPaPrQ,A,qwen-122b,qwen/qwen3.5-122b-a10b,alibaba,0,1.0,Alibaba,A,4.082e-05,0.9996646670732742,9.107816398553687e-05,0
comprehension,own,neutral,5010,-1,0,0,0,aPaPaPrPaPaP,B,qwen-122b,qwen/qwen3.5-122b-a10b,alibaba,0,1.0,Alibaba,B,4.082e-05,0.00015843393578485844,8.176723509489836e-05,0
comprehension,own,neutral,5010,-1,0,1,0,aPaPrPaPaPaP,B,qwen-122b,qwen/qwen3.5-122b-a10b,alibaba,0,1.0,Alibaba,B,4.082e-05,0.0004305436906605261,8.708470869400742e-05,0
comprehension,own,neutral,5010,1,0,0,0,aPaPaPrPaPaP,A,qwen-122b,qwen/qwen3.5-122b-a10b,alibaba,0,1.0,Alibaba,A,4.082e-05,0.9999038975520507,0.00010354319682137252,0
comprehension,own,neutral,5010,1,0,1,0,aPaPaPaPaPrP,A,qwen-122b,qwen/qwen3.5-122b-a10b,alibaba,0,1.0,Alibaba,A,4.082e-05,0.9997040522495074,8.816028798073274e-05,0
comprehension,own,neutral,5100,-1,0,0,0,aPaPaPaPaQaP,B,qwen-122b,qwen/qwen3.5-122b-a10b,alibaba,0,1.0,Alibaba,B,4.082e-05,7.484441681306904e-05,6.212747298284249e-05,0
comprehension,own,neutral,5100,-1,0,1,0,aPaPaQaPaPaP,B,qwen-122b,qwen/qwen3.5-122b-a10b,alibaba,0,1.0,Alibaba,B,4.082e-05,0.0005527642171417981,0.00010380760967176883,0
comprehension,own,neutral,5100,1,0,0,0,aQaPaPaPaPaP,A,qwen-122b,qwen/qwen3.5-122b-a10b,alibaba,0,1.0,Alibaba,A,4.082e-05,0.999796575578999,7.389662324015965e-05,0
comprehension,own,neutral,5100,1,0,1,0,aPaQaPaPaPaP,A,qwen-122b,qwen/qwen3.5-122b-a10b,alibaba,0,1.0,Alibaba,A,4.082e-05,0.9993736980175941,0.00012079177173653902,0
comprehension,own,neutral,6000,-1,0,0,0,aPaPaPaPaPaP,B,qwen-122b,qwen/qwen3.5-122b-a10b,alibaba,0,1.0,Alibaba,B,4.082e-05,0.00020342500593899745,8.058625567519684e-05,0
comprehension,own,neutral,6000,-1,0,1,0,aPaPaPaPaPaP,B,qwen-122b,qwen/qwen3.5-122b-a10b,alibaba,0,1.0,Alibaba,B,4.082e-05,0.000552756435188758,0.00010212719936886216,0
comprehension,own,neutral,6000,1,0,0,0,aPaPaPaPaPaP,A,qwen-122b,qwen/qwen3.5-122b-a10b,alibaba,0,1.0,Alibaba,A,4.082e-05,0.9999485577623096,9.874399070318648e-05,0
comprehension,own,neutral,6000,1,0,1,0,aPaPaPaPaPaP,A,qwen-122b,qwen/qwen3.5-122b-a10b,alibaba,0,1.0,Alibaba,A,4.082e-05,0.9996200289647583,9.658724572819417e-05,0
comprehension,rival_majority,neutral,0001,-1,0,0,0,rQ,B,qwen-122b,qwen/qwen3.5-122b-a10b,alibaba,0,1.0,Alibaba,B,3.25e-05,0.003593440873630291,0.0001033366702382077,0
comprehension,rival_majority,neutral,0001,-1,0,1,0,rQ,B,qwen-122b,qwen/qwen3.5-122b-a10b,alibaba,0,1.0,Alibaba,B,3.25e-05,0.0010320677871628995,0.000272447273445775,0
comprehension,rival_majority,neutral,0001,1,0,0,0,rQ,B,qwen-122b,qwen/qwen3.5-122b-a10b,alibaba,0,1.0,Alibaba,B,3.25e-05,0.0031719542419117288,0.00017601481106632733,0
comprehension,rival_majority,neutral,0001,1,0,1,0,rQ,B,qwen-122b,qwen/qwen3.5-122b-a10b,alibaba,0,1.0,Alibaba,B,3.25e-05,0.005219302551567345,0.00031095039469020147,0
comprehension,rival_majority,neutral,0002,-1,0,0,0,rQrQ,B,qwen-122b,qwen/qwen3.5-122b-a10b,alibaba,0,1.0,Alibaba,B,3.432e-05,0.0001795240929897738,5.0632478906686984e-05,0
comprehension,rival_majority,neutral,0002,-1,0,1,0,rQrQ,B,qwen-122b,qwen/qwen3.5-122b-a10b,alibaba,0,1.0,Alibaba,B,3.432e-05,9.609898096271015e-05,0.00010465978298912493,0
comprehension,rival_majority,neutral,0002,1,0,0,0,rQrQ,B,qwen-122b,qwen/qwen3.5-122b-a10b,alibaba,0,1.0,Alibaba,B,3.432e-05,7.484323684844526e-05,6.352783200225254e-05,0
comprehension,rival_majority,neutral,0002,1,0,1,0,rQrQ,B,qwen-122b,qwen/qwen3.5-122b-a10b,alibaba,0,1.0,Alibaba,B,3.432e-05,7.484188858596987e-05,0.00015612923254426647,0
comprehension,rival_majority,neutral,0003,-1,0,0,0,rQrQrQ,B,qwen-122b,qwen/qwen3.5-122b-a10b,alibaba,0,1.0,Alibaba,B,3.614e-05,0.00023049627150017663,9.510342384277948e-05,0
comprehension,rival_majority,neutral,0003,-1,0,1,0,rQrQrQ,B,qwen-122b,qwen/qwen3.5-122b-a10b,alibaba,0,1.0,Alibaba,B,3.614e-05,8.48080199221087e-05,0.00015610828045276026,0
comprehension,rival_majority,neutral,0003,1,0,0,0,rQrQrQ,B,qwen-122b,qwen/qwen3.5-122b-a10b,alibaba,0,1.0,Alibaba,B,3.614e-05,5.828784599119162e-05,8.235463487005212e-05,0
comprehension,rival_majority,neutral,0003,1,0,1,0,rQrQrQ,B,qwen-122b,qwen/qwen3.5-122b-a10b,alibaba,0,1.0,Alibaba,B,3.614e-05,4.5395790952159456e-05,7.762982095793625e-05,0
comprehension,rival_majority,neutral,0004,-1,0,0,0,rQrQrQrQ,B,qwen-122b,qwen/qwen3.5-122b-a10b,alibaba,0,1.0,Alibaba,B,3.796e-05,0.0001233915899262014,5.83901839413814e-05,0
comprehension,rival_majority,neutral,0004,-1,0,1,0,rQrQrQrQ,B,qwen-122b,qwen/qwen3.5-122b-a10b,alibaba,0,1.0,Alibaba,B,3.796e-05,7.48451588867524e-05,9.206715965770496e-05,0
comprehension,rival_majority,neutral,0004,1,0,0,0,rQrQrQrQ,B,qwen-122b,qwen/qwen3.5-122b-a10b,alibaba,0,1.0,Alibaba,B,3.796e-05,6.604873020618302e-05,7.774829550732942e-05,0
comprehension,rival_majority,neutral,0004,1,0,1,0,rQrQrQrQ,B,qwen-122b,qwen/qwen3.5-122b-a10b,alibaba,0,1.0,Alibaba,B,3.796e-05,5.828946003141361e-05,7.95277559975105e-05,0
comprehension,rival_majority,neutral,0005,-1,0,0,0,rQrQrQrQrQ,B,qwen-122b,qwen/qwen3.5-122b-a10b,alibaba,0,1.0,Alibaba,B,3.978e-05,0.00020342132033147105,6.437684487003992e-05,0
comprehension,rival_majority,neutral,0005,-1,0,1,0,rQrQrQrQrQ,B,qwen-122b,qwen/qwen3.5-122b-a10b,alibaba,0,1.0,Alibaba,B,3.978e-05,9.609977784379228e-05,0.00013106874239987576,0
comprehension,rival_majority,neutral,0005,1,0,0,0,rQrQrQrQrQ,B,qwen-122b,qwen/qwen3.5-122b-a10b,alibaba,0,1.0,Alibaba,B,3.978e-05,6.604951357035847e-05,6.0045938302111246e-05,0
comprehension,rival_majority,neutral,0005,1,0,1,0,rQrQrQrQrQ,B,qwen-122b,qwen/qwen3.5-122b-a10b,alibaba,0,1.0,Alibaba,B,3.978e-05,6.604873765314759e-05,0.00010837577265221388,0
comprehension,rival_majority,neutral,0006,-1,0,0,0,rQrQrQrQrQrQ,B,qwen-122b,qwen/qwen3.5-122b-a10b,alibaba,0,1.0,Alibaba,B,4.16e-05,0.0002959489430432669,7.502481278676143e-05,0
comprehension,rival_majority,neutral,0006,-1,0,1,0,rQrQrQrQrQrQ,B,qwen-122b,qwen/qwen3.5-122b-a10b,alibaba,0,1.0,Alibaba,B,4.16e-05,0.00012339072228603846,0.00010094623417289394,0
comprehension,rival_majority,neutral,0006,1,0,0,0,rQrQrQrQrQrQ,B,qwen-122b,qwen/qwen3.5-122b-a10b,alibaba,0,1.0,Alibaba,B,4.16e-05,0.0001233864513318971,8.350013009106316e-05,0
comprehension,rival_majority,neutral,0006,1,0,1,0,rQrQrQrQrQrQ,B,qwen-122b,qwen/qwen3.5-122b-a10b,alibaba,0,1.0,Alibaba,B,4.16e-05,9.609806095142559e-05,0.00013132263480564177,0
comprehension,rival_majority,neutral,0010,-1,0,0,0,rP,A,qwen-122b,qwen/qwen3.5-122b-a10b,alibaba,0,1.0,Alibaba,A,3.25e-05,0.9933080790058764,0.00028820030919619703,0
comprehension,rival_majority,neutral,0010,-1,0,1,0,rP,A,qwen-122b,qwen/qwen3.5-122b-a10b,alibaba,0,1.0,Alibaba,A,3.25e-05,0.9953910697181977,0.0002548951716619787,0
comprehension,rival_majority,neutral,0010,1,0,0,0,rP,A,qwen-122b,qwen/qwen3.5-122b-a10b,alibaba,0,1.0,Alibaba,A,3.25e-05,0.9978173829198749,0.0003470946965605853,0
comprehension,rival_majority,neutral,0010,1,0,1,0,rP,A,qwen-122b,qwen/qwen3.5-122b-a10b,alibaba,0,1.0,Alibaba,A,3.25e-05,0.9940894291130928,0.00016550990066565262,0
comprehension,rival_majority,neutral,0012,-1,0,0,0,rPrQrQ,B,qwen-122b,qwen/qwen3.5-122b-a10b,alibaba,0,1.0,Alibaba,B,3.614e-05,4.5395796592474365e-05,4.4377496046466014e-05,0
comprehension,rival_majority,neutral,0012,-1,0,1,0,rQrQrP,B,qwen-122b,qwen/qwen3.5-122b-a10b,alibaba,0,1.0,Alibaba,B,3.614e-05,0.0003799594217702904,6.173390709796056e-05,0
comprehension,rival_majority,neutral,0012,1,0,0,0,rPrQrQ,B,qwen-122b,qwen/qwen3.5-122b-a10b,alibaba,0,1.0,Alibaba,B,3.614e-05,3.1200505865025e-05,4.4865973994889785e-05,0
comprehension,rival_majority,neutral,0012,1,0,1,0,rQrQrP,B,qwen-122b,qwen/qwen3.5-122b-a10b,alibaba,0,1.0,Alibaba,B,3.614e-05,0.0001233874396288189,4.7643199400759784e-05,0
comprehension,rival_majority,neutral,0013,-1,0,0,0,rPrQrQrQ,B,qwen-122b,qwen/qwen3.5-122b-a10b,alibaba,0,1.0,Alibaba,B,3.796e-05,5.143662910477053e-05,7.459029504941483e-05,0
comprehension,rival_majority,neutral,0013,-1,0,1,0,rPrQrQrQ,B,qwen-122b,qwen/qwen3.5-122b-a10b,alibaba,0,1.0,Alibaba,B,3.796e-05,0.00017951449815282365,0.00015739127336156233,0
comprehension,rival_majority,neutral,0013,1,0,0,0,rQrPrQrQ,B,qwen-122b,qwen/qwen3.5-122b-a10b,alibaba,0,1.0,Alibaba,B,3.796e-05,0.00017951079092763195,0.00011957876249046873,0
comprehension,rival_majority,neutral,0013,1,0,1,0,rPrQrQrQ,B,qwen-122b,qwen/qwen3.5-122b-a10b,alibaba,0,1.0,Alibaba,B,3.796e-05,0.00013981283451116951,0.00010782688940380591,0
comprehension,rival_majority,neutral,0014,-1,0,0,0,rQrQrQrPrQ,B,qwen-122b,qwen/qwen3.5-122b-a10b,alibaba,0,1.0,Alibaba,B,3.978e-05,0.00010889253236067101,5.879553192900122e-05,0
comprehension,rival_majority,neutral,0014,-1,0,1,0,rQrPrQrQrQ,B,qwen-122b,qwen/qwen3.5-122b-a10b,alibaba,0,1.0,Alibaba,B,3.978e-05,0.0001398171950347933,7.512150866262335e-05,0
comprehension,rival_majority,neutral,0014,1,0,0,0,rQrQrQrQrP,B,qwen-122b,qwen/qwen3.5-122b-a10b,alibaba,0,1.0,Alibaba,B,3.978e-05,7.484237609917597e-05,7.014644008818127e-05,0
comprehension,rival_majority,neutral,0014,1,0,1,0,rPrQrQrQrQ,B,qwen-122b,qwen/qwen3.5-122b-a10b,alibaba,0,1.0,Alibaba,B,3.978e-05,0.00015842284935305278,0.00011669038755579564,0
comprehension,rival_majority,neutral,0015,-1,0,0,0,rQrQrQrQrPrQ,B,qwen-122b,qwen/qwen3.5-122b-a10b,alibaba,0,1.0,Alibaba,B,4.16e-05,0.00010889304512066471,5.4921535064811344e-05,0
comprehension,rival_majority,neutral,0015,-1,0,1,0,rQrPrQrQrQrQ,B,qwen-122b,qwen/qwen3.5-122b-a10b,alibaba,0,1.0,Alibaba,B,4.16e-05,0.000552750139152469,0.0001155309536822191,0
comprehension,rival_majority,neutral,0015,1,0,0,0,rQrQrQrQrQrP,B,qwen-122b,qwen/qwen3.5-122b-a10b,alibaba,0,1.0,Alibaba,B,4.16e-05,6.604652602613935e-05,6.249659268053875e-05,0
comprehension,rival_majority,neutral,0015,1,0,1,0,rPrQrQrQrQrQ,B,qwen-122b,qwen/qwen3.5-122b-a10b,alibaba,0,1.0,Alibaba,B,4.16e-05,0.00029594375604166976,0.00011948248844384501,0
comprehension,rival_majority,neutral,0020,-1,0,0,0,rPrP,A,qwen-122b,qwen/qwen3.5-122b-a10b,alibaba,0,1.0,Alibaba,A,3.432e-05,0.9998601818127258,0.00011273221839530446,0
comprehension,rival_majority,neutral,0020,-1,0,1,0,rPrP,A,qwen-122b,qwen/qwen3.5-122b-a10b,alibaba,0,1.0,Alibaba,A,3.432e-05,0.9998204825687214,0.00010984052929683465,0
comprehension,rival_majority,neutral,0020,1,0,0,0,rPrP,A,qwen-122b,qwen/qwen3.5-122b-a10b,alibaba,0,1.0,Alibaba,A,3.432e-05,0.9997965786607514,0.00014266302811561236,0
comprehension,rival_majority,neutral,0020,1,0,1,0,rPrP,A,qwen-122b,qwen/qwen3.5-122b-a10b,alibaba,0,1.0,Alibaba,A,3.432e-05,0.9992903660220196,0.00012423405671107418,0
comprehension,rival_majority,neutral,0021,-1,0,0,0,rPrPrQ,A,qwen-122b,qwen/qwen3.5-122b-a10b,alibaba,0,1.0,Alibaba,A,3.614e-05,0.9998601931564257,8.977359604431614e-05,0
comprehension,rival_majority,neutral,0021,-1,0,1,0,rQrPrP,A,qwen-122b,qwen/qwen3.5-122b-a10b,alibaba,0,1.0,Alibaba,A,3.614e-05,0.9997040651709741,0.00010839221506295574,0
comprehension,rival_majority,neutral,0021,1,0,0,0,rPrPrQ,A,qwen-122b,qwen/qwen3.5-122b-a10b,alibaba,0,1.0,Alibaba,A,3.614e-05,0.9994472626773022,0.0001362103945789432,0
comprehension,rival_majority,neutral,0021,1,0,1,0,rPrQrP,A,qwen-122b,qwen/qwen3.5-122b-a10b,alibaba,0,1.0,Alibaba,A,3.614e-05,0.9968275017366146,0.0001310328163709627,0
comprehension,rival_majority,neutral,0023,-1,0,0,0,rPrQrQrQrP,B,qwen-122b,qwen/qwen3.5-122b-a10b,alibaba,0,1.0,Alibaba,B,3.978e-05,0.0002959320609228803,7.043157719466286e-05,0
comprehension,rival_majority,neutral,0023,-1,0,1,0,rQrQrPrQrP,B,qwen-122b,qwen/qwen3.5-122b-a10b,alibaba,0,1.0,Alibaba,B,3.978e-05,0.00029594659007024283,9.854338781822847e-05,0
comprehension,rival_majority,neutral,0023,1,0,0,0,rPrQrPrQrQ,B,qwen-122b,qwen/qwen3.5-122b-a10b,alibaba,0,1.0,Alibaba,B,3.978e-05,0.008576991705242062,0.00013131492471729622,0
comprehension,rival_majority,neutral,0023,1,0,1,0,rQrQrQrPrP,B,qwen-122b,qwen/qwen3.5-122b-a10b,alibaba,0,1.0,Alibaba,B,3.978e-05,0.0002305003356314696,8.031173035394357e-05,0
comprehension,rival_majority,neutral,0024,-1,0,0,0,rQrQrQrPrPrQ,B,qwen-122b,qwen/qwen3.5-122b-a10b,alibaba,0,1.0,Alibaba,B,4.16e-05,0.00043054195524670893,7.780950698776934e-05,0
comprehension,rival_majority,neutral,0024,-1,0,1,0,rQrQrPrQrQrP,B,qwen-122b,qwen/qwen3.5-122b-a10b,alibaba,0,1.0,Alibaba,B,4.16e-05,0.0004305418029979127,7.078068767851775e-05,0
comprehension,rival_majority,neutral,0024,1,0,0,0,rQrPrQrQrQrP,B,qwen-122b,qwen/qwen3.5-122b-a10b,alibaba,0,1.0,Alibaba,B,4.16e-05,0.0005527463681947684,7.533399167225507e-05,0
comprehension,rival_majority,neutral,0024,1,0,1,0,rQrQrPrPrQrQ,B,qwen-122b,qwen/qwen3.5-122b-a10b,alibaba,0,1.0,Alibaba,B,4.16e-05,0.0004878398519735537,7.934086357275216e-05,0
comprehension,rival_majority,neutral,0030,-1,0,0,0,rPrPrP,A,qwen-122b,qwen/qwen3.5-122b-a10b,alibaba,0,1.0,Alibaba,A,3.614e-05,0.9999251561272522,0.00011016713376793438,0
comprehension,rival_majority,neutral,0030,-1,0,1,0,rPrPrP,A,qwen-122b,qwen/qwen3.5-122b-a10b,alibaba,0,1.0,Alibaba,A,3.614e-05,0.999841573043039,0.00012545098162304203,0
comprehension,rival_majority,neutral,0030,1,0,0,0,rPrPrP,A,qwen-122b,qwen/qwen3.5-122b-a10b,alibaba,0,1.0,Alibaba,A,3.614e-05,0.9999251552175772,0.00013471612340083174,0
comprehension,rival_majority,neutral,0030,1,0,1,0,rPrPrP,A,qwen-122b,qwen/qwen3.5-122b-a10b,alibaba,0,1.0,Alibaba,A,3.614e-05,0.9997040563131754,0.00010971297913791006,0
comprehension,rival_majority,neutral,0031,-1,0,0,0,rQrPrPrP,A,qwen-122b,qwen/qwen3.5-122b-a10b,alibaba,0,1.0,Alibaba,A,3.796e-05,0.9998766249406027,0.00017616937857679039,0
comprehension,rival_majority,neutral,0031,-1,0,1,0,rPrPrPrQ,A,qwen-122b,qwen/qwen3.5-122b-a10b,alibaba,0,1.0,Alibaba,A,3.796e-05,0.9997695184562643,0.00015040799226084185,0
comprehension,rival_majority,neutral,0031,1,0,0,0,rPrPrPrQ,A,qwen-122b,qwen/qwen3.5-122b-a10b,alibaba,0,1.0,Alibaba,A,3.796e-05,0.9997694989215645,0.00011786285190436274,0
comprehension,rival_majority,neutral,0031,1,0,1,0,rQrPrPrP,A,qwen-122b,qwen/qwen3.5-122b-a10b,alibaba,0,1.0,Alibaba,A,3.796e-05,0.9997965924905188,0.00014047873076971558,0
comprehension,rival_majority,neutral,0032,-1,0,0,0,rPrPrPrQrQ,A,qwen-122b,qwen/qwen3.5-122b-a10b,alibaba,0,1.0,Alibaba,A,3.978e-05,0.9996200326552667,0.00014551964055002875,0
comprehension,rival_majority,neutral,0032,-1,0,1,0,rPrQrQrPrP,A,qwen-122b,qwen/qwen3.5-122b-a10b,alibaba,0,1.0,Alibaba,A,3.978e-05,0.9840943154202261,0.00021860358506259683,0
comprehension,rival_majority,neutral,0032,1,0,0,0,rPrQrQrPrP,A,qwen-122b,qwen/qwen3.5-122b-a10b,alibaba,0,1.0,Alibaba,A,3.978e-05,0.835489050070252,0.0002736200784874965,0
comprehension,rival_majority,neutral,0032,1,0,1,0,rQrQrPrPrP,A,qwen-122b,qwen/qwen3.5-122b-a10b,alibaba,0,1.0,Alibaba,A,3.978e-05,0.9933076469676919,0.0001658669997976342,0
comprehension,rival_majority,neutral,0040,-1,0,0,0,rPrPrPrP,A,qwen-122b,qwen/qwen3.5-122b-a10b,alibaba,0,1.0,Alibaba,A,3.796e-05,0.9999151932929243,0.00010534863201895895,0
comprehension,rival_majority,neutral,0040,-1,0,1,0,rPrPrPrP,A,qwen-122b,qwen/qwen3.5-122b-a10b,alibaba,0,1.0,Alibaba,A,3.796e-05,0.9997965902661995,0.00014569116439827127,0
comprehension,rival_majority,neutral,0040,1,0,0,0,rPrPrPrP,A,qwen-122b,qwen/qwen3.5-122b-a10b,alibaba,0,1.0,Alibaba,A,3.796e-05,0.9998204769622644,0.0001343920332381156,0
comprehension,rival_majority,neutral,0040,1,0,1,0,rPrPrPrP,A,qwen-122b,qwen/qwen3.5-122b-a10b,alibaba,0,1.0,Alibaba,A,3.796e-05,0.9997040580667714,0.00010760244995689324,0
comprehension,rival_majority,neutral,0041,-1,0,0,0,rPrQrPrPrP,A,qwen-122b,qwen/qwen3.5-122b-a10b,alibaba,0,1.0,Alibaba,A,3.978e-05,0.9999339550193573,0.00014113305648647565,0
comprehension,rival_majority,neutral,0041,-1,0,1,0,rPrQrPrPrP,A,qwen-122b,qwen/qwen3.5-122b-a10b,alibaba,0,1.0,Alibaba,A,3.978e-05,0.9998204941333273,0.00014554917921146994,0
comprehension,rival_majority,neutral,0041,1,0,0,0,rQrPrPrPrP,A,qwen-122b,qwen/qwen3.5-122b-a10b,alibaba,0,1.0,Alibaba,A,3.978e-05,0.9997695025031965,0.0001442824765164445,0
comprehension,rival_majority,neutral,0041,1,0,1,0,rPrPrPrPrQ,A,qwen-122b,qwen/qwen3.5-122b-a10b,alibaba,0,1.0,Alibaba,A,3.978e-05,0.9992903897272966,0.00015424372664973776,0
comprehension,rival_majority,neutral,0042,-1,0,0,0,rQrPrPrPrPrQ,A,qwen-122b,qwen/qwen3.5-122b-a10b,alibaba,0,1.0,Alibaba,A,4.16e-05,0.9997040649218453,9.206954977113992e-05,0
comprehension,rival_majority,neutral,0042,-1,0,1,0,rPrPrQrPrPrQ,A,qwen-122b,qwen/qwen3.5-122b-a10b,alibaba,0,1.0,Alibaba,A,4.16e-05,0.9997040712225138,0.0001489730462704521,0
comprehension,rival_majority,neutral,0042,1,0,0,0,rQrPrPrPrPrQ,A,qwen-122b,qwen/qwen3.5-122b-a10b,alibaba,0,1.0,Alibaba,A,4.16e-05,0.999620043880129,8.73740962990585e-05,0
comprehension,rival_majority,neutral,0042,1,0,1,0,rQrPrPrPrQrP,A,qwen-122b,qwen/qwen3.5-122b-a10b,alibaba,0,1.0,Alibaba,A,4.16e-05,0.9993737188379317,0.00010328551846183233,0
comprehension,rival_majority,neutral,0050,-1,0,0,0,rPrPrPrPrP,A,qwen-122b,qwen/qwen3.5-122b-a10b,alibaba,0,1.0,Alibaba,A,3.978e-05,0.9999151919281857,9.092468304507678e-05,0
comprehension,rival_majority,neutral,0050,-1,0,1,0,rPrPrPrPrP,A,qwen-122b,qwen/qwen3.5-122b-a10b,alibaba,0,1.0,Alibaba,A,3.978e-05,0.9997965883103077,0.00013337385557317275,0
comprehension,rival_majority,neutral,0050,1,0,0,0,rPrPrPrPrP,A,qwen-122b,qwen/qwen3.5-122b-a10b,alibaba,0,1.0,Alibaba,A,3.978e-05,0.9998911054585625,0.0002431569414917233,0
comprehension,rival_majority,neutral,0050,1,0,1,0,rPrPrPrPrP,A,qwen-122b,qwen/qwen3.5-122b-a10b,alibaba,0,1.0,Alibaba,A,3.978e-05,0.9995121649399001,0.00010766250296708417,0
comprehension,rival_majority,neutral,0051,-1,0,0,0,rPrQrPrPrPrP,A,qwen-122b,qwen/qwen3.5-122b-a10b,alibaba,0,1.0,Alibaba,A,4.16e-05,0.9999599406678787,0.0001858225920929854,0
comprehension,rival_majority,neutral,0051,-1,0,1,0,rPrPrPrPrQrP,A,qwen-122b,qwen/qwen3.5-122b-a10b,alibaba,0,1.0,Alibaba,A,4.16e-05,0.9998766135632736,8.052097952876701e-05,0
comprehension,rival_majority,neutral,0051,1,0,0,0,rPrPrPrQrPrP,A,qwen-122b,qwen/qwen3.5-122b-a10b,alibaba,0,1.0,Alibaba,A,4.16e-05,0.9997695004559506,9.690322432364326e-05,0
comprehension,rival_majority,neutral,0051,1,0,1,0,rPrPrPrPrQrP,A,qwen-122b,qwen/qwen3.5-122b-a10b,alibaba,0,1.0,Alibaba,A,4.16e-05,0.9995694650248852,8.63917719083524e-05,0
comprehension,rival_majority,neutral,0060,-1,0,0,0,rPrPrPrPrPrP,A,qwen-122b,qwen/qwen3.5-122b-a10b,alibaba,0,1.0,Alibaba,A,4.16e-05,0.999925155853027,0.00012336629286072525,0
comprehension,rival_majority,neutral,0060,-1,0,1,0,rPrPrPrPrPrP,A,qwen-122b,qwen/qwen3.5-122b-a10b,alibaba,0,1.0,Alibaba,A,4.16e-05,0.9997965811576092,9.32011731053044e-05,0
comprehension,rival_majority,neutral,0060,1,0,0,0,rPrPrPrPrPrP,A,qwen-122b,qwen/qwen3.5-122b-a10b,alibaba,0,1.0,Alibaba,A,4.16e-05,0.9999039006090701,0.00013753211443517206,0
comprehension,rival_majority,neutral,0060,1,0,1,0,rPrPrPrPrPrP,A,qwen-122b,qwen/qwen3.5-122b-a10b,alibaba,0,1.0,Alibaba,A,4.16e-05,0.9995121625162994,0.0001226424197405218,0
comprehension,rival_majority,neutral,0101,-1,0,0,0,aQrQ,B,qwen-122b,qwen/qwen3.5-122b-a10b,alibaba,0,1.0,Alibaba,B,3.432e-05,0.015905065384855335,0.000304105814624811,0
comprehension,rival_majority,neutral,0101,-1,0,1,0,aQrQ,B,qwen-122b,qwen/qwen3.5-122b-a10b,alibaba,0,1.0,Alibaba,B,3.432e-05,0.009707550400025591,0.0002671443003446905,0
comprehension,rival_majority,neutral,0101,1,0,0,0,rQaQ,B,qwen-122b,qwen/qwen3.5-122b-a10b,alibaba,0,1.0,Alibaba,B,3.432e-05,0.010985218644976157,0.00026465975181733103,0
comprehension,rival_majority,neutral,0101,1,0,1,0,rQaQ,B,qwen-122b,qwen/qwen3.5-122b-a10b,alibaba,0,1.0,Alibaba,B,3.432e-05,0.02032973768842861,0.0003405020271043391,0
comprehension,rival_majority,neutral,0102,-1,0,0,0,rQaQrQ,B,qwen-122b,qwen/qwen3.5-122b-a10b,alibaba,0,1.0,Alibaba,B,3.614e-05,0.0008040665652538904,7.128956822233246e-05,0
comprehension,rival_majority,neutral,0102,-1,0,1,0,rQaQrQ,B,qwen-122b,qwen/qwen3.5-122b-a10b,alibaba,0,1.0,Alibaba,B,3.614e-05,9.609906171811849e-05,7.784601025850879e-05,0
comprehension,rival_majority,neutral,0102,1,0,0,0,rQaQrQ,B,qwen-122b,qwen/qwen3.5-122b-a10b,alibaba,0,1.0,Alibaba,B,3.614e-05,0.00017951606192803972,6.31159407077364e-05,0
comprehension,rival_majority,neutral,0102,1,0,1,0,aQrQrQ,B,qwen-122b,qwen/qwen3.5-122b-a10b,alibaba,0,1.0,Alibaba,B,3.614e-05,4.539581271813789e-05,6.094431060787997e-05,0
comprehension,rival_majority,neutral,0103,-1,0,0,0,aQrQrQrQ,B,qwen-122b,qwen/qwen3.5-122b-a10b,alibaba,0,1.0,Alibaba,B,3.796e-05,9.609681161062377e-05,7.350509246684123e-05,0
comprehension,rival_majority,neutral,0103,-1,0,1,0,rQrQrQaQ,B,qwen-122b,qwen/qwen3.5-122b-a10b,alibaba,0,1.0,Alibaba,B,3.796e-05,8.480947527342757e-05,0.00011128583491260002,0
comprehension,rival_majority,neutral,0103,1,0,0,0,rQaQrQrQ,B,qwen-122b,qwen/qwen3.5-122b-a10b,alibaba,0,1.0,Alibaba,B,3.796e-05,8.480182388010372e-05,8.019393548330811e-05,0
comprehension,rival_majority,neutral,0103,1,0,1,0,rQrQrQaQ,B,qwen-122b,qwen/qwen3.5-122b-a10b,alibaba,0,1.0,Alibaba,B,3.796e-05,9.609981347992787e-05,7.231773424731802e-05,0
comprehension,rival_majority,neutral,0104,-1,0,0,0,rQrQrQrQaQ,B,qwen-122b,qwen/qwen3.5-122b-a10b,alibaba,0,1.0,Alibaba,B,3.978e-05,0.0002305011663812226,4.6724674202858196e-05,0
comprehension,rival_majority,neutral,0104,-1,0,1,0,rQrQrQaQrQ,B,qwen-122b,qwen/qwen3.5-122b-a10b,alibaba,0,1.0,Alibaba,B,3.978e-05,0.00010889393376117007,0.00013460019706657,0
comprehension,rival_majority,neutral,0104,1,0,0,0,rQrQaQrQrQ,B,qwen-122b,qwen/qwen3.5-122b-a10b,alibaba,0,1.0,Alibaba,B,3.978e-05,0.00012338739393566878,9.781396643659956e-05,0
comprehension,rival_majority,neutral,0104,1,0,1,0,rQaQrQrQrQ,B,qwen-122b,qwen/qwen3.5-122b-a10b,alibaba,0,1.0,Alibaba,B,3.978e-05,6.60482771363439e-05,0.00011952191154196434,0
comprehension,rival_majority,neutral,0105,-1,0,0,0,rQrQrQrQaQrQ,B,qwen-122b,qwen/qwen3.5-122b-a10b,alibaba,0,1.0,Alibaba,B,4.16e-05,0.00023050047514452883,5.1354994657470954e-05,0
comprehension,rival_majority,neutral,0105,-1,0,1,0,rQrQrQrQrQaQ,B,qwen-122b,qwen/qwen3.5-122b-a10b,alibaba,0,1.0,Alibaba,B,4.16e-05,0.00010889489902307093,7.575971024964545e-05,0
comprehension,rival_majority,neutral,0105,1,0,0,0,rQrQrQrQrQaQ,B,qwen-122b,qwen/qwen3.5-122b-a10b,alibaba,0,1.0,Alibaba,B,4.16e-05,5.82882524334447e-05,6.35797929890991e-05,0
comprehension,rival_majority,neutral,0105,1,0,1,0,aQrQrQrQrQrQ,B,qwen-122b,qwen/qwen3.5-122b-a10b,alibaba,0,1.0,Alibaba,B,4.16e-05,9.609748093075828e-05,9.286628440652311e-05,0
comprehension,rival_majority,neutral,0110,-1,0,0,0,rPaQ,A,qwen-122b,qwen/qwen3.5-122b-a10b,alibaba,0,1.0,Alibaba,A,3.432e-05,0.9706935591426821,0.0003232768324331198,0
comprehension,rival_majority,neutral,0110,-1,0,1,0,rPaQ,A,qwen-122b,qwen/qwen3.5-122b-a10b,alibaba,0,1.0,Alibaba,A,3.432e-05,0.9902934792071054,0.0002430982958731339,0
comprehension,rival_majority,neutral,0110,1,0,0,0,aQrP,A,qwen-122b,qwen/qwen3.5-122b-a10b,alibaba,0,1.0,Alibaba,A,3.432e-05,0.9669167373370354,0.000298555559770014,0
comprehension,rival_majority,neutral,0110,1,0,1,0,rPaQ,A,qwen-122b,qwen/qwen3.5-122b-a10b,alibaba,0,1.0,Alibaba,A,3.432e-05,0.9669184963894826,0.00032715230477176754,0
comprehension,rival_majority,neutral,0112,-1,0,0,0,rPrQrQaQ,B,qwen-122b,qwen/qwen3.5-122b-a10b,alibaba,0,1.0,Alibaba,B,3.796e-05,0.0004878398042080629,4.300555019587371e-05,0
comprehension,rival_majority,neutral,0112,-1,0,1,0,aQrQrPrQ,B,qwen-122b,qwen/qwen3.5-122b-a10b,alibaba,0,1.0,Alibaba,B,3.796e-05,0.00043051023367982245,8.566707973090004e-05,0
comprehension,rival_majority,neutral,0112,1,0,0,0,rQaQrPrQ,B,qwen-122b,qwen/qwen3.5-122b-a10b,alibaba,0,1.0,Alibaba,B,3.796e-05,0.00026117696205110106,5.575186313833136e-05,0
comprehension,rival_majority,neutral,0112,1,0,1,0,rPaQrQrQ,B,qwen-122b,qwen/qwen3.5-122b-a10b,alibaba,0,1.0,Alibaba,B,3.796e-05,0.0001584257481022593,8.539986272748656e-05,0
comprehension,rival_majority,neutral,0113,-1,0,0,0,rQrQaQrQrP,B,qwen-122b,qwen/qwen3.5-122b-a10b,alibaba,0,1.0,Alibaba,B,3.978e-05,0.00026117317678363007,5.556376938220531e-05,0
comprehension,rival_majority,neutral,0113,-1,0,1,0,rPrQaQrQrQ,B,qwen-122b,qwen/qwen3.5-122b-a10b,alibaba,0,1.0,Alibaba,B,3.978e-05,0.001501135485352388,8.634508682092701e-05,0
comprehension,rival_majority,neutral,0113,1,0,0,0,aQrQrQrPrQ,B,qwen-122b,qwen/qwen3.5-122b-a10b,alibaba,0,1.0,Alibaba,B,3.978e-05,0.0004304798630621394,9.951785096895538e-05,0
comprehension,rival_majority,neutral,0113,1,0,1,0,aQrPrQrQrQ,B,qwen-122b,qwen/qwen3.5-122b-a10b,alibaba,0,1.0,Alibaba,B,3.978e-05,0.00020340981143072257,8.599824331312345e-05,0
comprehension,rival_majority,neutral,0114,-1,0,0,0,rPrQrQrQrQaQ,B,qwen-122b,qwen/qwen3.5-122b-a10b,alibaba,0,1.0,Alibaba,B,4.16e-05,0.0001584257110812719,6.990859632405311e-05,0
comprehension,rival_majority,neutral,0114,-1,0,1,0,rQaQrPrQrQrQ,B,qwen-122b,qwen/qwen3.5-122b-a10b,alibaba,0,1.0,Alibaba,B,4.16e-05,0.0002611854241713604,6.335530223988695e-05,0
comprehension,rival_majority,neutral,0114,1,0,0,0,rQrPrQrQrQaQ,B,qwen-122b,qwen/qwen3.5-122b-a10b,alibaba,0,1.0,Alibaba,B,4.16e-05,4.539152542257676e-05,5.900384225698829e-05,0
comprehension,rival_majority,neutral,0114,1,0,1,0,rQrQaQrPrQrQ,B,qwen-122b,qwen/qwen3.5-122b-a10b,alibaba,0,1.0,Alibaba,B,4.16e-05,0.0001398128023923285,7.898962636276874e-05,0
comprehension,rival_majority,neutral,0120,-1,0,0,0,rPaQrP,A,qwen-122b,qwen/qwen3.5-122b-a10b,alibaba,0,1.0,Alibaba,A,3.614e-05,0.999925155826112,0.0001141902535048411,0
comprehension,rival_majority,neutral,0120,-1,0,1,0,aQrPrP,A,qwen-122b,qwen/qwen3.5-122b-a10b,alibaba,0,1.0,Alibaba,A,3.614e-05,0.9998766206546892,7.359138262021632e-05,0
comprehension,rival_majority,neutral,0120,1,0,0,0,rPrPaQ,A,qwen-122b,qwen/qwen3.5-122b-a10b,alibaba,0,1.0,Alibaba,A,3.614e-05,0.9999339489591675,8.507419103767925e-05,0
comprehension,rival_majority,neutral,0120,1,0,1,0,rPaQrP,A,qwen-122b,qwen/qwen3.5-122b-a10b,alibaba,0,1.0,Alibaba,A,3.614e-05,0.9997388189923931,6.361159090951591e-05,0
comprehension,rival_majority,neutral,0121,-1,0,0,0,aQrPrQrP,A,qwen-122b,qwen/qwen3.5-122b-a10b,alibaba,0,1.0,Alibaba,A,3.796e-05,0.9988305769655517,0.00018332572988924932,0
comprehension,rival_majority,neutral,0121,-1,0,1,0,aQrQrPrP,A,qwen-122b,qwen/qwen3.5-122b-a10b,alibaba,0,1.0,Alibaba,A,3.796e-05,0.9982994410802944,0.00013049213241247298,0
comprehension,rival_majority,neutral,0121,1,0,0,0,aQrPrQrP,A,qwen-122b,qwen/qwen3.5-122b-a10b,alibaba,0,1.0,Alibaba,A,3.796e-05,0.9986750309116664,9.773592350195855e-05,0
comprehension,rival_majority,neutral,0121,1,0,1,0,rPaQrPrQ,A,qwen-122b,qwen/qwen3.5-122b-a10b,alibaba,0,1.0,Alibaba,A,3.796e-05,0.9980733926613703,9.529418480468338e-05,0
comprehension,rival_majority,neutral,0123,-1,0,0,0,rQrPaQrQrQrP,B,qwen-122b,qwen/qwen3.5-122b-a10b,alibaba,0,1.0,Alibaba,B,4.16e-05,0.0019266816658829729,0.0001262399650403534,0
comprehension,rival_majority,neutral,0123,-1,0,1,0,rQrPaQrQrQrP,B,qwen-122b,qwen/qwen3.5-122b-a10b,alibaba,0,1.0,Alibaba,B,4.16e-05,0.0015011290450684866,9.635900258375685e-05,0
comprehension,rival_majority,neutral,0123,1,0,0,0,rQrQaQrQrPrP,B,qwen-122b,qwen/qwen3.5-122b-a10b,alibaba,0,1.0,Alibaba,B,4.16e-05,0.0015010699726523756,0.00015093640859398239,0
comprehension,rival_majority,neutral,0123,1,0,1,0,rPrPrQrQaQrQ,B,qwen-122b,qwen/qwen3.5-122b-a10b,alibaba,0,1.0,Alibaba,B,4.16e-05,0.0031725557070373606,0.00016820733190336945,0
comprehension,rival_majority,neutral,0130,-1,0,0,0,aQrPrPrP,A,qwen-122b,qwen/qwen3.5-122b-a10b,alibaba,0,1.0,Alibaba,A,3.796e-05,0.9999151961347489,0.00015194128593481847,0
comprehension,rival_majority,neutral,0130,-1,0,1,0,rPrPaQrP,A,qwen-122b,qwen/qwen3.5-122b-a10b,alibaba,0,1.0,Alibaba,A,3.796e-05,0.9997965903618806,0.00013091770714855126,0
comprehension,rival_majority,neutral,0130,1,0,0,0,rPrPrPaQ,A,qwen-122b,qwen/qwen3.5-122b-a10b,alibaba,0,1.0,Alibaba,A,3.796e-05,0.999948558896334,0.00010626226292675435,0
comprehension,rival_majority,neutral,0130,1,0,1,0,rPrPrPaQ,A,qwen-122b,qwen/qwen3.5-122b-a10b,alibaba,0,1.0,Alibaba,A,3.796e-05,0.999704053479837,9.353928116624454e-05,0
comprehension,rival_majority,neutral,0131,-1,0,0,0,aQrQrPrPrP,A,qwen-122b,qwen/qwen3.5-122b-a10b,alibaba,0,1.0,Alibaba,A,3.978e-05,0.9997388380343123,0.00020049222195422738,0
comprehension,rival_majority,neutral,0131,-1,0,1,0,rPrQrPaQrP,A,qwen-122b,qwen/qwen3.5-122b-a10b,alibaba,0,1.0,Alibaba,A,3.978e-05,0.999796595262773,0.0001316191495197421,0
comprehension,rival_majority,neutral,0131,1,0,0,0,rPrQrPaQrP,A,qwen-122b,qwen/qwen3.5-122b-a10b,alibaba,0,1.0,Alibaba,A,3.978e-05,0.9999039005405586,0.00014587325081426116,0
comprehension,rival_majority,neutral,0131,1,0,1,0,rPrPrQaQrP,A,qwen-122b,qwen/qwen3.5-122b-a10b,alibaba,0,1.0,Alibaba,A,3.978e-05,0.9996646694966549,0.00012866990970951332,0
comprehension,rival_majority,neutral,0132,-1,0,0,0,rPrQrQrPrPaQ,A,qwen-122b,qwen/qwen3.5-122b-a10b,alibaba,0,1.0,Alibaba,A,4.16e-05,0.562159194053578,0.00030122322516185074,0
comprehension,rival_majority,neutral,0132,-1,0,1,0,aQrPrQrQrPrP,A,qwen-122b,qwen/qwen3.5-122b-a10b,alibaba,0,1.0,Alibaba,A,4.16e-05,0.6224681760344436,0.00034701660984409743,0
comprehension,rival_majority,neutral,0132,1,0,0,0,rPaQrPrQrQrP,A,qwen-122b,qwen/qwen3.5-122b-a10b,alibaba,0,1.0,Alibaba,A,4.16e-05,0.49998933790750444,0.000253601556336025,0
comprehension,rival_majority,neutral,0132,1,0,1,0,rPrPrQrPrQaQ,A,qwen-122b,qwen/qwen3.5-122b-a10b,alibaba,0,1.0,Alibaba,A,4.16e-05,0.9988305578860918,0.0001014240810084169,0
comprehension,rival_majority,neutral,0140,-1,0,0,0,rPrPaQrPrP,A,qwen-122b,qwen/qwen3.5-122b-a10b,alibaba,0,1.0,Alibaba,A,3.978e-05,0.999915192317041,7.203597600966021e-05,0
comprehension,rival_majority,neutral,0140,-1,0,1,0,rPaQrPrPrP,A,qwen-122b,qwen/qwen3.5-122b-a10b,alibaba,0,1.0,Alibaba,A,3.978e-05,0.9998766172726593,0.00010004667236642215,0
comprehension,rival_majority,neutral,0140,1,0,0,0,rPaQrPrPrP,A,qwen-122b,qwen/qwen3.5-122b-a10b,alibaba,0,1.0,Alibaba,A,3.978e-05,0.999915190575226,0.00010878331542051217,0
comprehension,rival_majority,neutral,0140,1,0,1,0,rPaQrPrPrP,A,qwen-122b,qwen/qwen3.5-122b-a10b,alibaba,0,1.0,Alibaba,A,3.978e-05,0.9997695037822991,8.151977659574358e-05,0
comprehension,rival_majority,neutral,0141,-1,0,0,0,aQrQrPrPrPrP,A,qwen-122b,qwen/qwen3.5-122b-a10b,alibaba,0,1.0,Alibaba,A,4.16e-05,0.9998766135496123,0.00011019277275318333,0
comprehension,rival_majority,neutral,0141,-1,0,1,0,rPaQrPrPrQrP,A,qwen-122b,qwen/qwen3.5-122b-a10b,alibaba,0,1.0,Alibaba,A,4.16e-05,0.9998766117303182,6.390622116909749e-05,0
comprehension,rival_majority,neutral,0141,1,0,0,0,rQrPrPaQrPrP,A,qwen-122b,qwen/qwen3.5-122b-a10b,alibaba,0,1.0,Alibaba,A,4.16e-05,0.9995694501149401,7.953811328028921e-05,0
comprehension,rival_majority,neutral,0141,1,0,1,0,aQrPrQrPrPrP,A,qwen-122b,qwen/qwen3.5-122b-a10b,alibaba,0,1.0,Alibaba,A,4.16e-05,0.999664682090528,7.967361894976334e-05,0
comprehension,rival_majority,neutral,0150,-1,0,0,0,aQrPrPrPrPrP,A,qwen-122b,qwen/qwen3.5-122b-a10b,alibaba,0,1.0,Alibaba,A,4.16e-05,0.999915193343434,0.00010379953277378292,0
comprehension,rival_majority,neutral,0150,-1,0,1,0,rPrPrPrPrPaQ,A,qwen-122b,qwen/qwen3.5-122b-a10b,alibaba,0,1.0,Alibaba,A,4.16e-05,0.9997695184531327,0.00012181524198243523,0
comprehension,rival_majority,neutral,0150,1,0,0,0,rPaQrPrPrPrP,A,qwen-122b,qwen/qwen3.5-122b-a10b,alibaba,0,1.0,Alibaba,A,4.16e-05,0.9999151912550578,0.00010935029711092335,0
comprehension,rival_majority,neutral,0150,1,0,1,0,rPrPrPrPaQrP,A,qwen-122b,qwen/qwen3.5-122b-a10b,alibaba,0,1.0,Alibaba,A,4.16e-05,0.9997695015216448,7.32083314190486e-05,0
comprehension,rival_majority,neutral,0201,-1,0,0,0,aQaQrQ,B,qwen-122b,qwen/qwen3.5-122b-a10b,alibaba,0,1.0,Alibaba,B,3.614e-05,0.015904201561652866,0.00023884360598858123,0
comprehension,rival_majority,neutral,0201,-1,0,1,0,aQrQaQ,B,qwen-122b,qwen/qwen3.5-122b-a10b,alibaba,0,1.0,Alibaba,B,3.614e-05,0.004069570336678551,0.00026056715230926564,0
comprehension,rival_majority,neutral,0201,1,0,0,0,aQaQrQ,B,qwen-122b,qwen/qwen3.5-122b-a10b,alibaba,0,1.0,Alibaba,B,3.614e-05,0.006690621969035934,0.00020804702583987478,0
comprehension,rival_majority,neutral,0201,1,0,1,0,rQaQaQ,B,qwen-122b,qwen/qwen3.5-122b-a10b,alibaba,0,1.0,Alibaba,B,3.614e-05,0.009706748433848113,0.00029991356581593465,0
comprehension,rival_majority,neutral,0202,-1,0,0,0,aQrQrQaQ,B,qwen-122b,qwen/qwen3.5-122b-a10b,alibaba,0,1.0,Alibaba,B,3.796e-05,0.0001233890002939968,8.413106616889099e-05,0
comprehension,rival_majority,neutral,0202,-1,0,1,0,aQaQrQrQ,B,qwen-122b,qwen/qwen3.5-122b-a10b,alibaba,0,1.0,Alibaba,B,3.796e-05,0.00012339026826325603,0.00010584923559031623,0
comprehension,rival_majority,neutral,0202,1,0,0,0,aQrQaQrQ,B,qwen-122b,qwen/qwen3.5-122b-a10b,alibaba,0,1.0,Alibaba,B,3.796e-05,0.0002611731127041997,7.343707618856499e-05,0
comprehension,rival_majority,neutral,0202,1,0,1,0,rQaQaQrQ,B,qwen-122b,qwen/qwen3.5-122b-a10b,alibaba,0,1.0,Alibaba,B,3.796e-05,0.00013981709434344533,9.442686804383982e-05,0
comprehension,rival_majority,neutral,0203,-1,0,0,0,rQaQrQaQrQ,B,qwen-122b,qwen/qwen3.5-122b-a10b,alibaba,0,1.0,Alibaba,B,3.978e-05,0.00020342057427300065,6.738480719525874e-05,0
comprehension,rival_majority,neutral,0203,-1,0,1,0,rQrQrQaQaQ,B,qwen-122b,qwen/qwen3.5-122b-a10b,alibaba,0,1.0,Alibaba,B,3.978e-05,0.0001398157224418078,0.00011894436271431275,0
comprehension,rival_majority,neutral,0203,1,0,0,0,rQrQrQaQaQ,B,qwen-122b,qwen/qwen3.5-122b-a10b,alibaba,0,1.0,Alibaba,B,3.978e-05,0.00013981017890471277,8.31130122045387e-05,0
comprehension,rival_majority,neutral,0203,1,0,1,0,aQaQrQrQrQ,B,qwen-122b,qwen/qwen3.5-122b-a10b,alibaba,0,1.0,Alibaba,B,3.978e-05,5.144014587290327e-05,9.336620694655462e-05,0
comprehension,rival_majority,neutral,0204,-1,0,0,0,rQrQaQrQaQrQ,B,qwen-122b,qwen/qwen3.5-122b-a10b,alibaba,0,1.0,Alibaba,B,4.16e-05,0.00023049946436754046,6.222801599009564e-05,0
comprehension,rival_majority,neutral,0204,-1,0,1,0,rQrQaQaQrQrQ,B,qwen-122b,qwen/qwen3.5-122b-a10b,alibaba,0,1.0,Alibaba,B,4.16e-05,0.00020342136455211795,0.00012848422604250231,0
comprehension,rival_majority,neutral,0204,1,0,0,0,rQrQaQrQaQrQ,B,qwen-122b,qwen/qwen3.5-122b-a10b,alibaba,0,1.0,Alibaba,B,4.16e-05,0.00010889257113627693,6.582690450818163e-05,0
comprehension,rival_majority,neutral,0204,1,0,1,0,rQaQaQrQrQrQ,B,qwen-122b,qwen/qwen3.5-122b-a10b,alibaba,0,1.0,Alibaba,B,4.16e-05,6.604830773873532e-05,0.00016956907441945113,0
comprehension,rival_majority,neutral,0210,-1,0,0,0,rPaQaQ,A,qwen-122b,qwen/qwen3.5-122b-a10b,alibaba,0,1.0,Alibaba,A,3.614e-05,0.9947804395483166,0.00025404332284187977,0
comprehension,rival_majority,neutral,0210,-1,0,1,0,aQrPaQ,A,qwen-122b,qwen/qwen3.5-122b-a10b,alibaba,0,1.0,Alibaba,A,3.614e-05,0.9988307949839083,0.00018904024814694062,0
comprehension,rival_majority,neutral,0210,1,0,0,0,rPaQaQ,A,qwen-122b,qwen/qwen3.5-122b-a10b,alibaba,0,1.0,Alibaba,A,3.614e-05,0.9978174687269118,0.0002076829727011651,0
comprehension,rival_majority,neutral,0210,1,0,1,0,rPaQaQ,A,qwen-122b,qwen/qwen3.5-122b-a10b,alibaba,0,1.0,Alibaba,A,3.614e-05,0.9914231506603642,0.00016287214963899878,0
comprehension,rival_majority,neutral,0212,-1,0,0,0,aQaQrQrQrP,B,qwen-122b,qwen/qwen3.5-122b-a10b,alibaba,0,1.0,Alibaba,B,3.978e-05,0.0019265904865661738,7.176714488787983e-05,0
comprehension,rival_majority,neutral,0212,-1,0,1,0,aQrPaQrQrQ,B,qwen-122b,qwen/qwen3.5-122b-a10b,alibaba,0,1.0,Alibaba,B,3.978e-05,0.001032184173839081,5.718281565059158e-05,0
comprehension,rival_majority,neutral,0212,1,0,0,0,aQrQrQrPaQ,B,qwen-122b,qwen/qwen3.5-122b-a10b,alibaba,0,1.0,Alibaba,B,3.978e-05,0.0003353135399171838,6.950423430684971e-05,0
comprehension,rival_majority,neutral,0212,1,0,1,0,aQrPaQrQrQ,B,qwen-122b,qwen/qwen3.5-122b-a10b,alibaba,0,1.0,Alibaba,B,3.978e-05,0.0010320459155540676,0.00016735479676432963,0
comprehension,rival_majority,neutral,0213,-1,0,0,0,rQrQrQrPaQaQ,B,qwen-122b,qwen/qwen3.5-122b-a10b,alibaba,0,1.0,Alibaba,B,4.16e-05,0.00037997261774716214,7.691189184377833e-05,0
comprehension,rival_majority,neutral,0213,-1,0,1,0,aQrQrPaQrQrQ,B,qwen-122b,qwen/qwen3.5-122b-a10b,alibaba,0,1.0,Alibaba,B,4.16e-05,0.00037995232605953817,0.00011839398298119086,0
comprehension,rival_majority,neutral,0213,1,0,0,0,aQaQrQrPrQrQ,B,qwen-122b,qwen/qwen3.5-122b-a10b,alibaba,0,1.0,Alibaba,B,4.16e-05,0.00023049154130231852,4.788191093407779e-05,0
comprehension,rival_majority,neutral,0213,1,0,1,0,aQaQrPrQrQrQ,B,qwen-122b,qwen/qwen3.5-122b-a10b,alibaba,0,1.0,Alibaba,B,4.16e-05,0.00015842898429254936,6.005230426719965e-05,0
comprehension,rival_majority,neutral,0220,-1,0,0,0,rPaQaQrP,A,qwen-122b,qwen/qwen3.5-122b-a10b,alibaba,0,1.0,Alibaba,A,3.796e-05,0.9999151932828776,0.00010832780219638292,0
comprehension,rival_majority,neutral,0220,-1,0,1,0,aQrPaQrP,A,qwen-122b,qwen/qwen3.5-122b-a10b,alibaba,0,1.0,Alibaba,A,3.796e-05,0.9998416002819567,0.00016139843928230307,0
comprehension,rival_majority,neutral,0220,1,0,0,0,aQaQrPrP,A,qwen-122b,qwen/qwen3.5-122b-a10b,alibaba,0,1.0,Alibaba,A,3.796e-05,0.999820476378156,7.757023751821579e-05,0
comprehension,rival_majority,neutral,0220,1,0,1,0,aQrPaQrP,A,qwen-122b,qwen/qwen3.5-122b-a10b,alibaba,0,1.0,Alibaba,A,3.796e-05,0.9997695128405388,7.46456033370893e-05,0
comprehension,rival_majority,neutral,0221,-1,0,0,0,aQaQrPrQrP,A,qwen-122b,qwen/qwen3.5-122b-a10b,alibaba,0,1.0,Alibaba,A,3.978e-05,0.9992903976436062,0.00013307726992089217,0
comprehension,rival_majority,neutral,0221,-1,0,1,0,rPrQrPaQaQ,A,qwen-122b,qwen/qwen3.5-122b-a10b,alibaba,0,1.0,Alibaba,A,3.978e-05,0.9988305578979215,0.00010904255803863283,0
comprehension,rival_majority,neutral,0221,1,0,0,0,aQaQrPrPrQ,A,qwen-122b,qwen/qwen3.5-122b-a10b,alibaba,0,1.0,Alibaba,A,3.978e-05,0.9986750094404032,4.003511275365245e-05,0
comprehension,rival_majority,neutral,0221,1,0,1,0,rPrQaQrPaQ,A,qwen-122b,qwen/qwen3.5-122b-a10b,alibaba,0,1.0,Alibaba,A,3.978e-05,0.9975274636364005,9.893751585310926e-05,0
comprehension,rival_majority,neutral,0230,-1,0,0,0,aQrPaQrPrP,A,qwen-122b,qwen/qwen3.5-122b-a10b,alibaba,0,1.0,Alibaba,A,3.978e-05,0.9998766135956584,0.00015845049403440803,0
comprehension,rival_majority,neutral,0230,-1,0,1,0,aQaQrPrPrP,A,qwen-122b,qwen/qwen3.5-122b-a10b,alibaba,0,1.0,Alibaba,A,3.978e-05,0.9999039109821084,0.0001583285160150922,0
comprehension,rival_majority,neutral,0230,1,0,0,0,rPrPrPaQaQ,A,qwen-122b,qwen/qwen3.5-122b-a10b,alibaba,0,1.0,Alibaba,A,3.978e-05,0.9999485590310659,0.00011603978961430205,0
comprehension,rival_majority,neutral,0230,1,0,1,0,rPrPaQrPaQ,A,qwen-122b,qwen/qwen3.5-122b-a10b,alibaba,0,1.0,Alibaba,A,3.978e-05,0.9997388214934133,8.836612755456244e-05,0
comprehension,rival_majority,neutral,0231,-1,0,0,0,rPrPrPrQaQaQ,A,qwen-122b,qwen/qwen3.5-122b-a10b,alibaba,0,1.0,Alibaba,A,4.16e-05,0.999876610374974,0.00019503652923593299,0
comprehension,rival_majority,neutral,0231,-1,0,1,0,rPaQrPrPaQrQ,A,qwen-122b,qwen/qwen3.5-122b-a10b,alibaba,0,1.0,Alibaba,A,4.16e-05,0.9996646617985142,9.440988451984734e-05,0
comprehension,rival_majority,neutral,0231,1,0,0,0,rPaQaQrPrQrP,A,qwen-122b,qwen/qwen3.5-122b-a10b,alibaba,0,1.0,Alibaba,A,4.16e-05,0.9998766093062968,7.30604601385195e-05,0
comprehension,rival_majority,neutral,0231,1,0,1,0,aQrPrPrQaQrP,A,qwen-122b,qwen/qwen3.5-122b-a10b,alibaba,0,1.0,Alibaba,A,4.16e-05,0.9990889739038175,7.569113827701236e-05,0
comprehension,rival_majority,neutral,0240,-1,0,0,0,rPaQaQrPrPrP,A,qwen-122b,qwen/qwen3.5-122b-a10b,alibaba,0,1.0,Alibaba,A,4.16e-05,0.9999339512703781,0.00011874341658560246,0
comprehension,rival_majority,neutral,0240,-1,0,1,0,rPaQrPaQrPrP,A,qwen-122b,qwen/qwen3.5-122b-a10b,alibaba,0,1.0,Alibaba,A,4.16e-05,0.999841577186339,7.832186028601385e-05,0
comprehension,rival_majority,neutral,0240,1,0,0,0,rPrPrPaQaQrP,A,qwen-122b,qwen/qwen3.5-122b-a10b,alibaba,0,1.0,Alibaba,A,4.16e-05,0.9998911057130482,0.00010542220480565472,0
comprehension,rival_majority,neutral,0240,1,0,1,0,rPaQrPrPrPaQ,A,qwen-122b,qwen/qwen3.5-122b-a10b,alibaba,0,1.0,Alibaba,A,4.16e-05,0.9998601871136146,6.147179871691735e-05,0
comprehension,rival_majority,neutral,0301,-1,0,0,0,aQaQrQaQ,B,qwen-122b,qwen/qwen3.5-122b-a10b,alibaba,0,1.0,Alibaba,B,3.796e-05,0.08509903862612588,0.0021117126044630785,0
comprehension,rival_majority,neutral,0301,-1,0,1,0,aQrQaQaQ,B,qwen-122b,qwen/qwen3.5-122b-a10b,alibaba,0,1.0,Alibaba,B,3.796e-05,0.01798159476892891,0.0004756044458812392,0
comprehension,rival_majority,neutral,0301,1,0,0,0,aQaQaQrQ,B,qwen-122b,qwen/qwen3.5-122b-a10b,alibaba,0,1.0,Alibaba,B,3.796e-05,0.009706749857018521,0.0002390414342609004,0
comprehension,rival_majority,neutral,0301,1,0,1,0,rQaQaQaQ,B,qwen-122b,qwen/qwen3.5-122b-a10b,alibaba,0,1.0,Alibaba,B,3.796e-05,0.06007516713321332,0.001465307374528324,0
comprehension,rival_majority,neutral,0302,-1,0,0,0,aQrQaQaQrQ,B,qwen-122b,qwen/qwen3.5-122b-a10b,alibaba,0,1.0,Alibaba,B,3.978e-05,0.00026117680489123977,7.136159709397738e-05,0
comprehension,rival_majority,neutral,0302,-1,0,1,0,aQrQrQaQaQ,B,qwen-122b,qwen/qwen3.5-122b-a10b,alibaba,0,1.0,Alibaba,B,3.978e-05,7.484184523932528e-05,9.070827779911195e-05,0
comprehension,rival_majority,neutral,0302,1,0,0,0,aQaQrQrQaQ,B,qwen-122b,qwen/qwen3.5-122b-a10b,alibaba,0,1.0,Alibaba,B,3.978e-05,0.00020340973966544767,7.324868110791805e-05,0
comprehension,rival_majority,neutral,0302,1,0,1,0,aQaQaQrQrQ,B,qwen-122b,qwen/qwen3.5-122b-a10b,alibaba,0,1.0,Alibaba,B,3.978e-05,0.0001088896756129483,7.452124894824497e-05,0
comprehension,rival_majority,neutral,0303,-1,0,0,0,rQaQaQrQaQrQ,B,qwen-122b,qwen/qwen3.5-122b-a10b,alibaba,0,1.0,Alibaba,B,4.16e-05,0.00020342253592113812,5.223344707305788e-05,0
comprehension,rival_majority,neutral,0303,-1,0,1,0,rQrQaQrQaQaQ,B,qwen-122b,qwen/qwen3.5-122b-a10b,alibaba,0,1.0,Alibaba,B,4.16e-05,0.00020341886386437746,0.00013144941201836957,0
comprehension,rival_majority,neutral,0303,1,0,0,0,rQaQaQrQaQrQ,B,qwen-122b,qwen/qwen3.5-122b-a10b,alibaba,0,1.0,Alibaba,B,4.16e-05,0.0004305286375178078,6.595089088556882e-05,0
comprehension,rival_majority,neutral,0303,1,0,1,0,rQaQrQrQaQaQ,B,qwen-122b,qwen/qwen3.5-122b-a10b,alibaba,0,1.0,Alibaba,B,4.16e-05,7.484388204566104e-05,8.549824627934743e-05,0
comprehension,rival_majority,neutral,0310,-1,0,0,0,aQaQrPaQ,A,qwen-122b,qwen/qwen3.5-122b-a10b,alibaba,0,1.0,Alibaba,A,3.796e-05,0.9964067867860172,0.0003060140842050317,0
comprehension,rival_majority,neutral,0310,-1,0,1,0,aQrPaQaQ,A,qwen-122b,qwen/qwen3.5-122b-a10b,alibaba,0,1.0,Alibaba,A,3.796e-05,0.998499320626624,0.000245913477148998,0
comprehension,rival_majority,neutral,0310,1,0,0,0,rPaQaQaQ,A,qwen-122b,qwen/qwen3.5-122b-a10b,alibaba,0,1.0,Alibaba,A,3.796e-05,0.9947803139993795,0.00021897706738124682,0
comprehension,rival_majority,neutral,0310,1,0,1,0,aQaQaQrP,A,qwen-122b,qwen/qwen3.5-122b-a10b,alibaba,0,1.0,Alibaba,A,3.796e-05,0.99330764700174,0.00023451271801033877,0
comprehension,rival_majority,neutral,0312,-1,0,0,0,rQrPrQaQaQaQ,B,qwen-122b,qwen/qwen3.5-122b-a10b,alibaba,0,1.0,Alibaba,B,4.16e-05,0.0013249449766811118,7.524827062077577e-05,0
comprehension,rival_majority,neutral,0312,-1,0,1,0,aQrQrQaQaQrP,B,qwen-122b,qwen/qwen3.5-122b-a10b,alibaba,0,1.0,Alibaba,B,4.16e-05,0.00026116195202643397,6.789697879794332e-05,0
comprehension,rival_majority,neutral,0312,1,0,0,0,rQaQrQrPaQaQ,B,qwen-122b,qwen/qwen3.5-122b-a10b,alibaba,0,1.0,Alibaba,B,4.16e-05,0.0007095933029383789,8.980594191532187e-05,0
comprehension,rival_majority,neutral,0312,1,0,1,0,rQrPaQaQrQaQ,B,qwen-122b,qwen/qwen3.5-122b-a10b,alibaba,0,1.0,Alibaba,B,4.16e-05,0.000804017974678457,0.00010240673800931965,0
comprehension,rival_majority,neutral,0320,-1,0,0,0,rPrPaQaQaQ,A,qwen-122b,qwen/qwen3.5-122b-a10b,alibaba,0,1.0,Alibaba,A,3.978e-05,0.9998415701946778,0.00016726557503742682,0
comprehension,rival_majority,neutral,0320,-1,0,1,0,aQaQaQrPrP,A,qwen-122b,qwen/qwen3.5-122b-a10b,alibaba,0,1.0,Alibaba,A,3.978e-05,0.9998602001235162,0.00018107010061596757,0
comprehension,rival_majority,neutral,0320,1,0,0,0,rPrPaQaQaQ,A,qwen-122b,qwen/qwen3.5-122b-a10b,alibaba,0,1.0,Alibaba,A,3.978e-05,0.9999546029802168,0.00010088195485244024,0
comprehension,rival_majority,neutral,0320,1,0,1,0,aQrPaQrPaQ,A,qwen-122b,qwen/qwen3.5-122b-a10b,alibaba,0,1.0,Alibaba,A,3.978e-05,0.9998415755692918,7.327056363488942e-05,0
comprehension,rival_majority,neutral,0321,-1,0,0,0,aQaQrPaQrQrP,A,qwen-122b,qwen/qwen3.5-122b-a10b,alibaba,0,1.0,Alibaba,A,4.16e-05,0.9940892326504531,0.00013008923203384863,0
comprehension,rival_majority,neutral,0321,-1,0,1,0,aQrPaQaQrQrP,A,qwen-122b,qwen/qwen3.5-122b-a10b,alibaba,0,1.0,Alibaba,A,4.16e-05,0.8670393500514035,0.00014999711146809758,0
comprehension,rival_majority,neutral,0321,1,0,0,0,aQrPrQrPaQaQ,A,qwen-122b,qwen/qwen3.5-122b-a10b,alibaba,0,1.0,Alibaba,A,4.16e-05,0.9959300465039451,0.00011346292671393643,0
comprehension,rival_majority,neutral,0321,1,0,1,0,rQaQrPaQaQrP,A,qwen-122b,qwen/qwen3.5-122b-a10b,alibaba,0,1.0,Alibaba,B,4.16e-05,0.4687823552977088,0.00022088971123013224,0
comprehension,rival_majority,neutral,0330,-1,0,0,0,rPaQrPaQaQrP,A,qwen-122b,qwen/qwen3.5-122b-a10b,alibaba,0,1.0,Alibaba,A,4.16e-05,0.9999251561094601,0.00011326553451575668,0
comprehension,rival_majority,neutral,0330,-1,0,1,0,rPrPaQaQrPaQ,A,qwen-122b,qwen/qwen3.5-122b-a10b,alibaba,0,1.0,Alibaba,A,4.16e-05,0.9998415730415545,9.685330058211117e-05,0
comprehension,rival_majority,neutral,0330,1,0,0,0,rPaQaQrPrPaQ,A,qwen-122b,qwen/qwen3.5-122b-a10b,alibaba,0,1.0,Alibaba,A,4.16e-05,0.9999485593797257,8.446953778401038e-05,0
comprehension,rival_majority,neutral,0330,1,0,1,0,rPrPaQaQrPaQ,A,qwen-122b,qwen/qwen3.5-122b-a10b,alibaba,0,1.0,Alibaba,A,4.16e-05,0.9997388231361644,0.00010305577312374147,0
comprehension,rival_majority,neutral,0401,-1,0,0,0,rQaQaQaQaQ,B,qwen-122b,qwen/qwen3.5-122b-a10b,alibaba,0,1.0,Alibaba,B,3.978e-05,0.02032478672959187,0.00033869657672780384,0
comprehension,rival_majority,neutral,0401,-1,0,1,0,aQaQaQrQaQ,B,qwen-122b,qwen/qwen3.5-122b-a10b,alibaba,0,1.0,Alibaba,B,3.978e-05,0.06752557407675375,0.0005958334602602644,0
comprehension,rival_majority,neutral,0401,1,0,0,0,aQrQaQaQaQ,B,qwen-122b,qwen/qwen3.5-122b-a10b,alibaba,0,1.0,Alibaba,B,3.978e-05,0.025950751113119813,0.0005251959275925921,0
comprehension,rival_majority,neutral,0401,1,0,1,0,aQrQaQaQaQ,B,qwen-122b,qwen/qwen3.5-122b-a10b,alibaba,0,1.0,Alibaba,B,3.978e-05,0.03308023835926888,0.0007852760233764133,0
comprehension,rival_majority,neutral,0402,-1,0,0,0,aQaQaQrQrQaQ,B,qwen-122b,qwen/qwen3.5-122b-a10b,alibaba,0,1.0,Alibaba,B,4.16e-05,0.0005527613532947251,5.0470202017316446e-05,0
comprehension,rival_majority,neutral,0402,-1,0,1,0,aQrQaQrQaQaQ,B,qwen-122b,qwen/qwen3.5-122b-a10b,alibaba,0,1.0,Alibaba,B,4.16e-05,0.00026116813909333233,0.0001640553298267733,0
comprehension,rival_majority,neutral,0402,1,0,0,0,rQaQaQaQaQrQ,B,qwen-122b,qwen/qwen3.5-122b-a10b,alibaba,0,1.0,Alibaba,B,4.16e-05,0.000910982999014319,6.462423572151099e-05,0
comprehension,rival_majority,neutral,0402,1,0,1,0,rQaQaQrQaQaQ,B,qwen-122b,qwen/qwen3.5-122b-a10b,alibaba,0,1.0,Alibaba,B,4.16e-05,0.0002959158439696021,9.382986557815443e-05,0
comprehension,rival_majority,neutral,0410,-1,0,0,0,aQaQaQrPaQ,A,qwen-122b,qwen/qwen3.5-122b-a10b,alibaba,0,1.0,Alibaba,A,3.978e-05,0.9964073320802613,0.0002982530174636226,0
comprehension,rival_majority,neutral,0410,-1,0,1,0,rPaQaQaQaQ,A,qwen-122b,qwen/qwen3.5-122b-a10b,alibaba,0,1.0,Alibaba,A,3.978e-05,0.9933079689060443,0.0003852056302581907,0
comprehension,rival_majority,neutral,0410,1,0,0,0,aQaQaQaQrP,A,qwen-122b,qwen/qwen3.5-122b-a10b,alibaba,0,1.0,Alibaba,A,3.978e-05,0.9914230771434795,0.0001480809412479321,0
comprehension,rival_majority,neutral,0410,1,0,1,0,aQaQaQaQrP,A,qwen-122b,qwen/qwen3.5-122b-a10b,alibaba,0,1.0,Alibaba,A,3.978e-05,0.9947804405854659,0.0002471706210588646,0
comprehension,rival_majority,neutral,0420,-1,0,0,0,rPaQaQrPaQaQ,A,qwen-122b,qwen/qwen3.5-122b-a10b,alibaba,0,1.0,Alibaba,A,4.16e-05,0.9999039019160703,0.00012870106507349493,0
comprehension,rival_majority,neutral,0420,-1,0,1,0,rPaQaQrPaQaQ,A,qwen-122b,qwen/qwen3.5-122b-a10b,alibaba,0,1.0,Alibaba,A,4.16e-05,0.9998204893360646,9.98000104064694e-05,0
comprehension,rival_majority,neutral,0420,1,0,0,0,aQaQaQaQrPrP,A,qwen-122b,qwen/qwen3.5-122b-a10b,alibaba,0,1.0,Alibaba,A,4.16e-05,0.999704052180788,0.00010269621713938622,0
comprehension,rival_majority,neutral,0420,1,0,1,0,aQaQrPaQaQrP,A,qwen-122b,qwen/qwen3.5-122b-a10b,alibaba,0,1.0,Alibaba,A,4.16e-05,0.999769501328461,6.164945772804215e-05,0
comprehension,rival_majority,neutral,0501,-1,0,0,0,aQaQaQrQaQaQ,B,qwen-122b,qwen/qwen3.5-122b-a10b,alibaba,0,1.0,Alibaba,B,4.16e-05,0.1066906024668249,0.004175836659175425,0
comprehension,rival_majority,neutral,0501,-1,0,1,0,aQaQaQaQaQrQ,B,qwen-122b,qwen/qwen3.5-122b-a10b,alibaba,0,1.0,Alibaba,B,4.16e-05,0.017982620924713,0.0004144414398837837,0
comprehension,rival_majority,neutral,0501,1,0,0,0,aQaQaQaQaQrQ,B,qwen-122b,qwen/qwen3.5-122b-a10b,alibaba,0,1.0,Alibaba,B,4.16e-05,0.004607829408003988,0.00020294201985870952,0
comprehension,rival_majority,neutral,0501,1,0,1,0,aQaQrQaQaQaQ,B,qwen-122b,qwen/qwen3.5-122b-a10b,alibaba,0,1.0,Alibaba,B,4.16e-05,0.10667726407843553,0.0026828946519688035,0
comprehension,rival_majority,neutral,0510,-1,0,0,0,aQaQaQaQaQrP,A,qwen-122b,qwen/qwen3.5-122b-a10b,alibaba,0,1.0,Alibaba,A,4.16e-05,0.9968278842315941,0.00036373843931066093,0
comprehension,rival_majority,neutral,0510,-1,0,1,0,aQaQaQaQaQrP,A,qwen-122b,qwen/qwen3.5-122b-a10b,alibaba,0,1.0,Alibaba,A,4.16e-05,0.9991962193124436,0.00024018107664286134,0
comprehension,rival_majority,neutral,0510,1,0,0,0,aQaQaQrPaQaQ,A,qwen-122b,qwen/qwen3.5-122b-a10b,alibaba,0,1.0,Alibaba,A,4.16e-05,0.9525741246345829,0.00153187373878063,0
comprehension,rival_majority,neutral,0510,1,0,1,0,rPaQaQaQaQaQ,A,qwen-122b,qwen/qwen3.5-122b-a10b,alibaba,0,1.0,Alibaba,A,4.16e-05,0.9890137726991279,0.0002449000510213496,0
comprehension,rival_majority,neutral,1001,-1,0,0,0,aPrQ,B,qwen-122b,qwen/qwen3.5-122b-a10b,alibaba,0,1.0,Alibaba,B,3.432e-05,0.009708116722297832,0.00016337863592486013,0
comprehension,rival_majority,neutral,1001,-1,0,1,0,rQaP,B,qwen-122b,qwen/qwen3.5-122b-a10b,alibaba,0,1.0,Alibaba,B,3.432e-05,0.0035926672589049287,0.00022751577910540277,0
comprehension,rival_majority,neutral,1001,1,0,0,0,aPrQ,B,qwen-122b,qwen/qwen3.5-122b-a10b,alibaba,0,1.0,Alibaba,B,3.432e-05,0.004609072516032222,0.0002709690892214178,0
comprehension,rival_majority,neutral,1001,1,0,1,0,aPrQ,B,qwen-122b,qwen/qwen3.5-122b-a10b,alibaba,0,1.0,Alibaba,B,3.432e-05,0.012429449268749839,0.0003619022736436328,0
comprehension,rival_majority,neutral,1002,-1,0,0,0,rQrQaP,B,qwen-122b,qwen/qwen3.5-122b-a10b,alibaba,0,1.0,Alibaba,B,3.614e-05,0.0001398165373756256,5.7067543169808665e-05,0
comprehension,rival_majority,neutral,1002,-1,0,1,0,aPrQrQ,B,qwen-122b,qwen/qwen3.5-122b-a10b,alibaba,0,1.0,Alibaba,B,3.614e-05,7.484283735321148e-05,7.821617736303299e-05,0
comprehension,rival_majority,neutral,1002,1,0,0,0,aPrQrQ,B,qwen-122b,qwen/qwen3.5-122b-a10b,alibaba,0,1.0,Alibaba,B,3.614e-05,3.119926100628307e-05,6.027880629155824e-05,0
comprehension,rival_majority,neutral,1002,1,0,1,0,rQrQaP,B,qwen-122b,qwen/qwen3.5-122b-a10b,alibaba,0,1.0,Alibaba,B,3.614e-05,5.828787400736384e-05,6.185593000995748e-05,0
comprehension,rival_majority,neutral,1003,-1,0,0,0,rQrQrQaP,B,qwen-122b,qwen/qwen3.5-122b-a10b,alibaba,0,1.0,Alibaba,B,3.796e-05,9.609855243443105e-05,5.5381785230013136e-05,0
comprehension,rival_majority,neutral,1003,-1,0,1,0,rQaPrQrQ,B,qwen-122b,qwen/qwen3.5-122b-a10b,alibaba,0,1.0,Alibaba,B,3.796e-05,8.480925225045843e-05,6.097675519634027e-05,0
comprehension,rival_majority,neutral,1003,1,0,0,0,rQaPrQrQ,B,qwen-122b,qwen/qwen3.5-122b-a10b,alibaba,0,1.0,Alibaba,B,3.796e-05,4.5394475803906514e-05,4.293873777927448e-05,0
comprehension,rival_majority,neutral,1003,1,0,1,0,rQrQrQaP,B,qwen-122b,qwen/qwen3.5-122b-a10b,alibaba,0,1.0,Alibaba,B,3.796e-05,5.1440975615179656e-05,4.846435240946079e-05,0
comprehension,rival_majority,neutral,1004,-1,0,0,0,aPrQrQrQrQ,B,qwen-122b,qwen/qwen3.5-122b-a10b,alibaba,0,1.0,Alibaba,B,3.978e-05,7.484125592671677e-05,5.5180177573888045e-05,0
comprehension,rival_majority,neutral,1004,-1,0,1,0,rQaPrQrQrQ,B,qwen-122b,qwen/qwen3.5-122b-a10b,alibaba,0,1.0,Alibaba,B,3.978e-05,0.00012338968848317223,6.777517856881854e-05,0
comprehension,rival_majority,neutral,1004,1,0,0,0,rQrQaPrQrQ,B,qwen-122b,qwen/qwen3.5-122b-a10b,alibaba,0,1.0,Alibaba,B,3.978e-05,5.143838741292575e-05,4.964742209312423e-05,0
comprehension,rival_majority,neutral,1004,1,0,1,0,rQrQrQrQaP,B,qwen-122b,qwen/qwen3.5-122b-a10b,alibaba,0,1.0,Alibaba,B,3.978e-05,6.60483091475758e-05,8.472417987948067e-05,0
comprehension,rival_majority,neutral,1005,-1,0,0,0,aPrQrQrQrQrQ,B,qwen-122b,qwen/qwen3.5-122b-a10b,alibaba,0,1.0,Alibaba,B,4.16e-05,0.00013981719551894517,6.082082876590622e-05,0
comprehension,rival_majority,neutral,1005,-1,0,1,0,rQrQrQrQaPrQ,B,qwen-122b,qwen/qwen3.5-122b-a10b,alibaba,0,1.0,Alibaba,B,4.16e-05,0.00012339249824447056,5.812204356148154e-05,0
comprehension,rival_majority,neutral,1005,1,0,0,0,rQrQrQrQrQaP,B,qwen-122b,qwen/qwen3.5-122b-a10b,alibaba,0,1.0,Alibaba,B,4.16e-05,5.144039460606954e-05,4.1938280036291076e-05,0
comprehension,rival_majority,neutral,1005,1,0,1,0,rQrQrQrQaPrQ,B,qwen-122b,qwen/qwen3.5-122b-a10b,alibaba,0,1.0,Alibaba,B,4.16e-05,0.0001398186747505609,6.47245621101522e-05,0
comprehension,rival_majority,neutral,1010,-1,0,0,0,rPaP,A,qwen-122b,qwen/qwen3.5-122b-a10b,alibaba,0,1.0,Alibaba,A,3.432e-05,0.9669172934932765,0.00029581212628049247,0
comprehension,rival_majority,neutral,1010,-1,0,1,0,rPaP,A,qwen-122b,qwen/qwen3.5-122b-a10b,alibaba,0,1.0,Alibaba,A,3.432e-05,0.9820162613906601,0.0004122210101667502,0
comprehension,rival_majority,neutral,1010,1,0,0,0,aPrP,A,qwen-122b,qwen/qwen3.5-122b-a10b,alibaba,0,1.0,Alibaba,A,3.432e-05,0.9579161494518617,0.00033524814614466214,0
comprehension,rival_majority,neutral,1010,1,0,1,0,aPrP,A,qwen-122b,qwen/qwen3.5-122b-a10b,alibaba,0,1.0,Alibaba,A,3.432e-05,0.9626788041321199,0.00036980004274948797,0
comprehension,rival_majority,neutral,1012,-1,0,0,0,aPrQrQrP,B,qwen-122b,qwen/qwen3.5-122b-a10b,alibaba,0,1.0,Alibaba,B,3.796e-05,0.0007096235479685952,8.474480864351097e-05,0
comprehension,rival_majority,neutral,1012,-1,0,1,0,rQaPrQrP,B,qwen-122b,qwen/qwen3.5-122b-a10b,alibaba,0,1.0,Alibaba,B,3.796e-05,0.00029593487154039566,5.418084748476382e-05,0
comprehension,rival_majority,neutral,1012,1,0,0,0,rQrQrPaP,B,qwen-122b,qwen/qwen3.5-122b-a10b,alibaba,0,1.0,Alibaba,B,3.796e-05,0.0003353137734027426,0.00010452978147146297,0
comprehension,rival_majority,neutral,1012,1,0,1,0,aPrQrQrP,B,qwen-122b,qwen/qwen3.5-122b-a10b,alibaba,0,1.0,Alibaba,B,3.796e-05,0.00010888763211319477,8.8178189648902e-05,0
comprehension,rival_majority,neutral,1013,-1,0,0,0,rPrQrQrQaP,B,qwen-122b,qwen/qwen3.5-122b-a10b,alibaba,0,1.0,Alibaba,B,3.978e-05,8.480545862755157e-05,5.725273178036616e-05,0
comprehension,rival_majority,neutral,1013,-1,0,1,0,rPrQrQrQaP,B,qwen-122b,qwen/qwen3.5-122b-a10b,alibaba,0,1.0,Alibaba,B,3.978e-05,0.00013981709513680285,7.249986327440006e-05,0
comprehension,rival_majority,neutral,1013,1,0,0,0,aPrQrQrPrQ,B,qwen-122b,qwen/qwen3.5-122b-a10b,alibaba,0,1.0,Alibaba,B,3.978e-05,0.00013980679502395153,5.795742606329313e-05,0
comprehension,rival_majority,neutral,1013,1,0,1,0,rPrQaPrQrQ,B,qwen-122b,qwen/qwen3.5-122b-a10b,alibaba,0,1.0,Alibaba,B,3.978e-05,0.0002304948750381437,0.00012814186259602067,0
comprehension,rival_majority,neutral,1014,-1,0,0,0,rQrPaPrQrQrQ,B,qwen-122b,qwen/qwen3.5-122b-a10b,alibaba,0,1.0,Alibaba,B,4.16e-05,0.00020341874831115674,4.791918282009977e-05,0
comprehension,rival_majority,neutral,1014,-1,0,1,0,rPrQrQaPrQrQ,B,qwen-122b,qwen/qwen3.5-122b-a10b,alibaba,0,1.0,Alibaba,B,4.16e-05,0.000552763440048592,6.71189635386149e-05,0
comprehension,rival_majority,neutral,1014,1,0,0,0,aPrQrQrQrQrP,B,qwen-122b,qwen/qwen3.5-122b-a10b,alibaba,0,1.0,Alibaba,B,4.16e-05,6.604722370277837e-05,6.066229533274736e-05,0
comprehension,rival_majority,neutral,1014,1,0,1,0,rPrQaPrQrQrQ,B,qwen-122b,qwen/qwen3.5-122b-a10b,alibaba,0,1.0,Alibaba,B,4.16e-05,0.00020341881936072442,7.496967879339067e-05,0
comprehension,rival_majority,neutral,1020,-1,0,0,0,aPrPrP,A,qwen-122b,qwen/qwen3.5-122b-a10b,alibaba,0,1.0,Alibaba,A,3.614e-05,0.9998204777058315,0.00012929711873919548,0
comprehension,rival_majority,neutral,1020,-1,0,1,0,rPaPrP,A,qwen-122b,qwen/qwen3.5-122b-a10b,alibaba,0,1.0,Alibaba,A,3.614e-05,0.9995121712771731,6.892602654800086e-05,0
comprehension,rival_majority,neutral,1020,1,0,0,0,aPrPrP,A,qwen-122b,qwen/qwen3.5-122b-a10b,alibaba,0,1.0,Alibaba,A,3.614e-05,0.9998204801357032,0.00025306725254528237,0
comprehension,rival_majority,neutral,1020,1,0,1,0,rPrPaP,A,qwen-122b,qwen/qwen3.5-122b-a10b,alibaba,0,1.0,Alibaba,A,3.614e-05,0.9989678055361473,0.0001210288396582145,0
comprehension,rival_majority,neutral,1021,-1,0,0,0,rQrPaPrP,A,qwen-122b,qwen/qwen3.5-122b-a10b,alibaba,0,1.0,Alibaba,A,3.796e-05,0.9991959912233516,0.0002382861236175242,0
comprehension,rival_majority,neutral,1021,-1,0,1,0,aPrPrPrQ,A,qwen-122b,qwen/qwen3.5-122b-a10b,alibaba,0,1.0,Alibaba,A,3.796e-05,0.9993737429562445,0.00014297082414364511,0
comprehension,rival_majority,neutral,1021,1,0,0,0,rPaPrPrQ,A,qwen-122b,qwen/qwen3.5-122b-a10b,alibaba,0,1.0,Alibaba,A,3.796e-05,0.9980734748186364,0.00010748481984697018,0
comprehension,rival_majority,neutral,1021,1,0,1,0,rPrQaPrP,A,qwen-122b,qwen/qwen3.5-122b-a10b,alibaba,0,1.0,Alibaba,A,3.796e-05,0.9959300472684383,0.00015761495899880781,0
comprehension,rival_majority,neutral,1023,-1,0,0,0,rQrQrQrPrPaP,B,qwen-122b,qwen/qwen3.5-122b-a10b,alibaba,0,1.0,Alibaba,B,4.16e-05,0.0006263188532393372,8.383622995233875e-05,0
comprehension,rival_majority,neutral,1023,-1,0,1,0,rQrQrQrPaPrP,B,qwen-122b,qwen/qwen3.5-122b-a10b,alibaba,0,1.0,Alibaba,B,4.16e-05,0.0035933936192634377,0.00010782891191407629,0
comprehension,rival_majority,neutral,1023,1,0,0,0,aPrQrQrPrQrP,B,qwen-122b,qwen/qwen3.5-122b-a10b,alibaba,0,1.0,Alibaba,B,4.16e-05,0.0019264298373456246,0.00013142350874306707,0
comprehension,rival_majority,neutral,1023,1,0,1,0,rPaPrPrQrQrQ,B,qwen-122b,qwen/qwen3.5-122b-a10b,alibaba,0,1.0,Alibaba,B,4.16e-05,0.004069794467899296,0.00017070143219488632,0
comprehension,rival_majority,neutral,1030,-1,0,0,0,rPrPaPrP,A,qwen-122b,qwen/qwen3.5-122b-a10b,alibaba,0,1.0,Alibaba,A,3.796e-05,0.999796579379228,9.812842691880568e-05,0
comprehension,rival_majority,neutral,1030,-1,0,1,0,rPaPrPrP,A,qwen-122b,qwen/qwen3.5-122b-a10b,alibaba,0,1.0,Alibaba,A,3.796e-05,0.9996646783880933,0.00010787861591315343,0
comprehension,rival_majority,neutral,1030,1,0,0,0,aPrPrPrP,A,qwen-122b,qwen/qwen3.5-122b-a10b,alibaba,0,1.0,Alibaba,A,3.796e-05,0.9998911044579868,0.00013697097752129775,0
comprehension,rival_majority,neutral,1030,1,0,1,0,rPaPrPrP,A,qwen-122b,qwen/qwen3.5-122b-a10b,alibaba,0,1.0,Alibaba,A,3.796e-05,0.999569464974563,9.03230046211463e-05,0
comprehension,rival_majority,neutral,1031,-1,0,0,0,rPrQrPrPaP,A,qwen-122b,qwen/qwen3.5-122b-a10b,alibaba,0,1.0,Alibaba,A,3.978e-05,0.9999417110851547,0.00014264686502236655,0
comprehension,rival_majority,neutral,1031,-1,0,1,0,rPrPrPrQaP,A,qwen-122b,qwen/qwen3.5-122b-a10b,alibaba,0,1.0,Alibaba,A,3.978e-05,0.9998204813161911,8.725603412132086e-05,0
comprehension,rival_majority,neutral,1031,1,0,0,0,rQrPaPrPrP,A,qwen-122b,qwen/qwen3.5-122b-a10b,alibaba,0,1.0,Alibaba,A,3.978e-05,0.9984988948741992,0.00014622216994982732,0
comprehension,rival_majority,neutral,1031,1,0,1,0,rPaPrPrQrP,A,qwen-122b,qwen/qwen3.5-122b-a10b,alibaba,0,1.0,Alibaba,A,3.978e-05,0.9993736831650427,6.535636293584016e-05,0
comprehension,rival_majority,neutral,1032,-1,0,0,0,rPrQrPrQaPrP,A,qwen-122b,qwen/qwen3.5-122b-a10b,alibaba,0,1.0,Alibaba,A,4.16e-05,0.9975275206722304,0.0001473891137447102,0
comprehension,rival_majority,neutral,1032,-1,0,1,0,aPrQrPrQrPrP,A,qwen-122b,qwen/qwen3.5-122b-a10b,alibaba,0,1.0,Alibaba,A,4.16e-05,0.9953908688275203,0.00018977709862195383,0
comprehension,rival_majority,neutral,1032,1,0,0,0,rQaPrQrPrPrP,A,qwen-122b,qwen/qwen3.5-122b-a10b,alibaba,0,1.0,Alibaba,A,4.16e-05,0.8933094060543487,0.00013518965906517133,0
comprehension,rival_majority,neutral,1032,1,0,1,0,rPrQrPrPaPrQ,A,qwen-122b,qwen/qwen3.5-122b-a10b,alibaba,0,1.0,Alibaba,A,4.16e-05,0.9968274433460265,0.00011463078822106535,0
comprehension,rival_majority,neutral,1040,-1,0,0,0,rPrPaPrPrP,A,qwen-122b,qwen/qwen3.5-122b-a10b,alibaba,0,1.0,Alibaba,A,3.978e-05,0.9997695014435062,0.00012408704919747687,0
comprehension,rival_majority,neutral,1040,-1,0,1,0,rPrPrPaPrP,A,qwen-122b,qwen/qwen3.5-122b-a10b,alibaba,0,1.0,Alibaba,A,3.978e-05,0.9995694580466499,8.591067059155659e-05,0
comprehension,rival_majority,neutral,1040,1,0,0,0,aPrPrPrPrP,A,qwen-122b,qwen/qwen3.5-122b-a10b,alibaba,0,1.0,Alibaba,A,3.978e-05,0.9998204784412735,0.00027489788494709897,0
comprehension,rival_majority,neutral,1040,1,0,1,0,rPrPaPrPrP,A,qwen-122b,qwen/qwen3.5-122b-a10b,alibaba,0,1.0,Alibaba,A,3.978e-05,0.9991959555583371,8.382791233584226e-05,0
comprehension,rival_majority,neutral,1041,-1,0,0,0,aPrQrPrPrPrP,A,qwen-122b,qwen/qwen3.5-122b-a10b,alibaba,0,1.0,Alibaba,A,4.16e-05,0.9997040650154494,0.00023764141811613142,0
comprehension,rival_majority,neutral,1041,-1,0,1,0,rPrPaPrPrPrQ,A,qwen-122b,qwen/qwen3.5-122b-a10b,alibaba,0,1.0,Alibaba,A,4.16e-05,0.9997965822423086,8.500852077913954e-05,0
comprehension,rival_majority,neutral,1041,1,0,0,0,aPrPrPrPrQrP,A,qwen-122b,qwen/qwen3.5-122b-a10b,alibaba,0,1.0,Alibaba,A,4.16e-05,0.9998415700785012,0.00011364697119409139,0
comprehension,rival_majority,neutral,1041,1,0,1,0,rQrPrPrPrPaP,A,qwen-122b,qwen/qwen3.5-122b-a10b,alibaba,0,1.0,Alibaba,A,4.16e-05,0.99966466719084,7.642368205566254e-05,0
comprehension,rival_majority,neutral,1050,-1,0,0,0,rPrPrPaPrPrP,A,qwen-122b,qwen/qwen3.5-122b-a10b,alibaba,0,1.0,Alibaba,A,4.16e-05,0.9996646570130384,9.532885043377737e-05,0
comprehension,rival_majority,neutral,1050,-1,0,1,0,rPrPrPaPrPrP,A,qwen-122b,qwen/qwen3.5-122b-a10b,alibaba,0,1.0,Alibaba,A,4.16e-05,0.9996646694906942,9.340565154713397e-05,0
comprehension,rival_majority,neutral,1050,1,0,0,0,aPrPrPrPrPrP,A,qwen-122b,qwen/qwen3.5-122b-a10b,alibaba,0,1.0,Alibaba,A,4.16e-05,0.9998601851099731,0.00019690171432803032,0
comprehension,rival_majority,neutral,1050,1,0,1,0,rPrPrPrPaPrP,A,qwen-122b,qwen/qwen3.5-122b-a10b,alibaba,0,1.0,Alibaba,A,4.16e-05,0.9992903580132069,9.642225086906747e-05,0
comprehension,rival_majority,neutral,1101,-1,0,0,0,aPaQrQ,B,qwen-122b,qwen/qwen3.5-122b-a10b,alibaba,0,1.0,Alibaba,B,3.614e-05,0.007576422331891915,0.00035813347985858,0
comprehension,rival_majority,neutral,1101,-1,0,1,0,aQaPrQ,B,qwen-122b,qwen/qwen3.5-122b-a10b,alibaba,0,1.0,Alibaba,B,3.614e-05,0.020328775022526602,0.0006067809756461484,0
comprehension,rival_majority,neutral,1101,1,0,0,0,rQaQaP,B,qwen-122b,qwen/qwen3.5-122b-a10b,alibaba,0,1.0,Alibaba,B,3.614e-05,0.02595221564823037,0.00043194728740536537,0
comprehension,rival_majority,neutral,1101,1,0,1,0,rQaQaP,B,qwen-122b,qwen/qwen3.5-122b-a10b,alibaba,0,1.0,Alibaba,B,3.614e-05,0.022974768126904188,0.0008142248737185165,0
comprehension,rival_majority,neutral,1102,-1,0,0,0,rQaQrQaP,B,qwen-122b,qwen/qwen3.5-122b-a10b,alibaba,0,1.0,Alibaba,B,3.796e-05,0.00013981647110238306,4.5150058922471814e-05,0
comprehension,rival_majority,neutral,1102,-1,0,1,0,rQaQaPrQ,B,qwen-122b,qwen/qwen3.5-122b-a10b,alibaba,0,1.0,Alibaba,B,3.796e-05,0.0001398156914567288,5.7693002880054856e-05,0
comprehension,rival_majority,neutral,1102,1,0,0,0,aPrQaQrQ,B,qwen-122b,qwen/qwen3.5-122b-a10b,alibaba,0,1.0,Alibaba,B,3.796e-05,8.480613714110083e-05,5.6670488098320426e-05,0
comprehension,rival_majority,neutral,1102,1,0,1,0,aQrQaPrQ,B,qwen-122b,qwen/qwen3.5-122b-a10b,alibaba,0,1.0,Alibaba,B,3.796e-05,4.006210113026672e-05,5.945516292860109e-05,0
comprehension,rival_majority,neutral,1103,-1,0,0,0,aPaQrQrQrQ,B,qwen-122b,qwen/qwen3.5-122b-a10b,alibaba,0,1.0,Alibaba,B,3.978e-05,8.480544855526174e-05,5.5226727731283454e-05,0
comprehension,rival_majority,neutral,1103,-1,0,1,0,rQaPrQrQaQ,B,qwen-122b,qwen/qwen3.5-122b-a10b,alibaba,0,1.0,Alibaba,B,3.978e-05,8.480960406231495e-05,5.940306753660085e-05,0
comprehension,rival_majority,neutral,1103,1,0,0,0,rQrQrQaPaQ,B,qwen-122b,qwen/qwen3.5-122b-a10b,alibaba,0,1.0,Alibaba,B,3.978e-05,5.1438839759940084e-05,6.034810143062952e-05,0
comprehension,rival_majority,neutral,1103,1,0,1,0,rQaPrQrQaQ,B,qwen-122b,qwen/qwen3.5-122b-a10b,alibaba,0,1.0,Alibaba,B,3.978e-05,5.828965997740874e-05,6.770005734790807e-05,0
comprehension,rival_majority,neutral,1104,-1,0,0,0,rQrQrQrQaQaP,B,qwen-122b,qwen/qwen3.5-122b-a10b,alibaba,0,1.0,Alibaba,B,4.16e-05,0.00023049632892101148,6.483738455076438e-05,0
comprehension,rival_majority,neutral,1104,-1,0,1,0,rQaQrQrQaPrQ,B,qwen-122b,qwen/qwen3.5-122b-a10b,alibaba,0,1.0,Alibaba,B,4.16e-05,0.00013981865790456012,7.032574512888523e-05,0
comprehension,rival_majority,neutral,1104,1,0,0,0,rQrQaQrQrQaP,B,qwen-122b,qwen/qwen3.5-122b-a10b,alibaba,0,1.0,Alibaba,B,4.16e-05,0.00013981159009726472,5.7922420468980995e-05,0
comprehension,rival_majority,neutral,1104,1,0,1,0,aQrQrQaPrQrQ,B,qwen-122b,qwen/qwen3.5-122b-a10b,alibaba,0,1.0,Alibaba,B,4.16e-05,7.484356229408804e-05,7.550474851092392e-05,0
comprehension,rival_majority,neutral,1110,-1,0,0,0,aQaPrP,A,qwen-122b,qwen/qwen3.5-122b-a10b,alibaba,0,1.0,Alibaba,A,3.614e-05,0.9940896562125993,0.00021386175095814731,0
comprehension,rival_majority,neutral,1110,-1,0,1,0,rPaQaP,A,qwen-122b,qwen/qwen3.5-122b-a10b,alibaba,0,1.0,Alibaba,A,3.614e-05,0.9940896572035829,0.0002594596549629841,0
comprehension,rival_majority,neutral,1110,1,0,0,0,aQaPrP,A,qwen-122b,qwen/qwen3.5-122b-a10b,alibaba,0,1.0,Alibaba,A,3.614e-05,0.9875689425607119,0.0002328704417456813,0
comprehension,rival_majority,neutral,1110,1,0,1,0,aQaPrP,A,qwen-122b,qwen/qwen3.5-122b-a10b,alibaba,0,1.0,Alibaba,A,3.614e-05,0.9975275863821305,0.00016563207625410392,0
comprehension,rival_majority,neutral,1112,-1,0,0,0,rQrQaPaQrP,B,qwen-122b,qwen/qwen3.5-122b-a10b,alibaba,0,1.0,Alibaba,B,3.978e-05,0.0003353348784353446,6.256827641148988e-05,0
comprehension,rival_majority,neutral,1112,-1,0,1,0,rPaQaPrQrQ,B,qwen-122b,qwen/qwen3.5-122b-a10b,alibaba,0,1.0,Alibaba,B,3.978e-05,0.0006263091304899929,7.880329474818648e-05,0
comprehension,rival_majority,neutral,1112,1,0,0,0,rQrPrQaQaP,B,qwen-122b,qwen/qwen3.5-122b-a10b,alibaba,0,1.0,Alibaba,B,3.978e-05,0.0028007430015674828,7.488102306241196e-05,0
comprehension,rival_majority,neutral,1112,1,0,1,0,aPrQrQaQrP,B,qwen-122b,qwen/qwen3.5-122b-a10b,alibaba,0,1.0,Alibaba,B,3.978e-05,9.609193599923897e-05,7.617291417960637e-05,0
comprehension,rival_majority,neutral,1113,-1,0,0,0,rPaPrQrQaQrQ,B,qwen-122b,qwen/qwen3.5-122b-a10b,alibaba,0,1.0,Alibaba,B,4.16e-05,0.0003353347955109373,8.234671547924233e-05,0
comprehension,rival_majority,neutral,1113,-1,0,1,0,rPrQaPrQaQrQ,B,qwen-122b,qwen/qwen3.5-122b-a10b,alibaba,0,1.0,Alibaba,B,4.16e-05,0.0004878465827981163,7.406488791927845e-05,0
comprehension,rival_majority,neutral,1113,1,0,0,0,rPrQaQaPrQrQ,B,qwen-122b,qwen/qwen3.5-122b-a10b,alibaba,0,1.0,Alibaba,B,4.16e-05,0.00037996505685149493,0.0001013568427773448,0
comprehension,rival_majority,neutral,1113,1,0,1,0,rPaQrQrQrQaP,B,qwen-122b,qwen/qwen3.5-122b-a10b,alibaba,0,1.0,Alibaba,B,4.16e-05,0.00017951454575735424,8.613956155678615e-05,0
comprehension,rival_majority,neutral,1120,-1,0,0,0,aQaPrPrP,A,qwen-122b,qwen/qwen3.5-122b-a10b,alibaba,0,1.0,Alibaba,A,3.796e-05,0.9998204812169711,0.000202233006850507,0
comprehension,rival_majority,neutral,1120,-1,0,1,0,aPrPaQrP,A,qwen-122b,qwen/qwen3.5-122b-a10b,alibaba,0,1.0,Alibaba,A,3.796e-05,0.9998601952016953,0.00011138168606100702,0
comprehension,rival_majority,neutral,1120,1,0,0,0,rPrPaPaQ,A,qwen-122b,qwen/qwen3.5-122b-a10b,alibaba,0,1.0,Alibaba,A,3.796e-05,0.9998415680953037,0.0001528623688414122,0
comprehension,rival_majority,neutral,1120,1,0,1,0,aPrPaQrP,A,qwen-122b,qwen/qwen3.5-122b-a10b,alibaba,0,1.0,Alibaba,A,3.796e-05,0.9996646822148434,0.00010504974227954319,0
comprehension,rival_majority,neutral,1121,-1,0,0,0,rPrPaQrQaP,A,qwen-122b,qwen/qwen3.5-122b-a10b,alibaba,0,1.0,Alibaba,A,3.978e-05,0.9998204792120009,0.00013807217408450513,0
comprehension,rival_majority,neutral,1121,-1,0,1,0,rPrQaPrPaQ,A,qwen-122b,qwen/qwen3.5-122b-a10b,alibaba,0,1.0,Alibaba,A,3.978e-05,0.997199235850457,0.00010627085379117957,0
comprehension,rival_majority,neutral,1121,1,0,0,0,aQrQaPrPrP,A,qwen-122b,qwen/qwen3.5-122b-a10b,alibaba,0,1.0,Alibaba,A,3.978e-05,0.9995121624506167,9.846103878259437e-05,0
comprehension,rival_majority,neutral,1121,1,0,1,0,rPrQaPrPaQ,A,qwen-122b,qwen/qwen3.5-122b-a10b,alibaba,0,1.0,Alibaba,A,3.978e-05,0.9914227474327008,8.9730814724567e-05,0
comprehension,rival_majority,neutral,1130,-1,0,0,0,aQrPrPaPrP,A,qwen-122b,qwen/qwen3.5-122b-a10b,alibaba,0,1.0,Alibaba,A,3.978e-05,0.9998911112073187,0.0001655839140862602,0
comprehension,rival_majority,neutral,1130,-1,0,1,0,rPrPaQrPaP,A,qwen-122b,qwen/qwen3.5-122b-a10b,alibaba,0,1.0,Alibaba,A,3.978e-05,0.9998601851048998,8.823462257759028e-05,0
comprehension,rival_majority,neutral,1130,1,0,0,0,rPaPaQrPrP,A,qwen-122b,qwen/qwen3.5-122b-a10b,alibaba,0,1.0,Alibaba,A,3.978e-05,0.9999151913257334,0.00010470274454821486,0
comprehension,rival_majority,neutral,1130,1,0,1,0,rPrPaQaPrP,A,qwen-122b,qwen/qwen3.5-122b-a10b,alibaba,0,1.0,Alibaba,A,3.978e-05,0.9997040533739558,9.294343364973196e-05,0
comprehension,rival_majority,neutral,1131,-1,0,0,0,aPrPrPrQrPaQ,A,qwen-122b,qwen/qwen3.5-122b-a10b,alibaba,0,1.0,Alibaba,A,4.16e-05,0.9999339508795737,0.00015707994825509705,0
comprehension,rival_majority,neutral,1131,-1,0,1,0,aPaQrQrPrPrP,A,qwen-122b,qwen/qwen3.5-122b-a10b,alibaba,0,1.0,Alibaba,A,4.16e-05,0.9999151981763,8.782056510037014e-05,0
comprehension,rival_majority,neutral,1131,1,0,0,0,rQrPrPaQrPaP,A,qwen-122b,qwen/qwen3.5-122b-a10b,alibaba,0,1.0,Alibaba,A,4.16e-05,0.9993736811677751,0.00012814383660623085,0
comprehension,rival_majority,neutral,1131,1,0,1,0,rPaQrQaPrPrP,A,qwen-122b,qwen/qwen3.5-122b-a10b,alibaba,0,1.0,Alibaba,A,4.16e-05,0.999620025938771,4.9241287817947317e-05,0
comprehension,rival_majority,neutral,1140,-1,0,0,0,rPrPrPaQaPrP,A,qwen-122b,qwen/qwen3.5-122b-a10b,alibaba,0,1.0,Alibaba,A,4.16e-05,0.9998766054718613,0.0001222505500146598,0
comprehension,rival_majority,neutral,1140,-1,0,1,0,aQrPrPaPrPrP,A,qwen-122b,qwen/qwen3.5-122b-a10b,alibaba,0,1.0,Alibaba,A,4.16e-05,0.9999039094694183,9.110970175566871e-05,0
comprehension,rival_majority,neutral,1140,1,0,0,0,rPaPrPrPrPaQ,A,qwen-122b,qwen/qwen3.5-122b-a10b,alibaba,0,1.0,Alibaba,A,4.16e-05,0.9999039002677116,0.00012010565913178807,0
comprehension,rival_majority,neutral,1140,1,0,1,0,rPaQrPrPrPaP,A,qwen-122b,qwen/qwen3.5-122b-a10b,alibaba,0,1.0,Alibaba,A,4.16e-05,0.999841571879682,7.462508150849265e-05,0
comprehension,rival_majority,neutral,1201,-1,0,0,0,aQaQaPrQ,B,qwen-122b,qwen/qwen3.5-122b-a10b,alibaba,0,1.0,Alibaba,B,3.796e-05,0.020330952172019908,0.00030226176566217067,0
comprehension,rival_majority,neutral,1201,-1,0,1,0,aPrQaQaQ,B,qwen-122b,qwen/qwen3.5-122b-a10b,alibaba,0,1.0,Alibaba,B,3.796e-05,0.05340333092973638,0.0022853791995024464,0
comprehension,rival_majority,neutral,1201,1,0,0,0,aQrQaPaQ,B,qwen-122b,qwen/qwen3.5-122b-a10b,alibaba,0,1.0,Alibaba,B,3.796e-05,0.02930566907424865,0.00040682201129693674,0
comprehension,rival_majority,neutral,1201,1,0,1,0,aQrQaPaQ,B,qwen-122b,qwen/qwen3.5-122b-a10b,alibaba,0,1.0,Alibaba,B,3.796e-05,0.07584392507936757,0.0010237748064259033,0
comprehension,rival_majority,neutral,1202,-1,0,0,0,rQrQaQaPaQ,B,qwen-122b,qwen/qwen3.5-122b-a10b,alibaba,0,1.0,Alibaba,B,3.978e-05,0.0002611768060234713,5.9922591341909914e-05,0
comprehension,rival_majority,neutral,1202,-1,0,1,0,aPrQaQrQaQ,B,qwen-122b,qwen/qwen3.5-122b-a10b,alibaba,0,1.0,Alibaba,B,3.978e-05,0.00010889388368466353,6.262185683891808e-05,0
comprehension,rival_majority,neutral,1202,1,0,0,0,rQaQaQrQaP,B,qwen-122b,qwen/qwen3.5-122b-a10b,alibaba,0,1.0,Alibaba,B,3.978e-05,0.0004877578285029614,0.00011241277680695827,0
comprehension,rival_majority,neutral,1202,1,0,1,0,rQaQrQaPaQ,B,qwen-122b,qwen/qwen3.5-122b-a10b,alibaba,0,1.0,Alibaba,B,3.978e-05,0.00013981395442807702,7.673919466077983e-05,0
comprehension,rival_majority,neutral,1203,-1,0,0,0,rQrQrQaQaQaP,B,qwen-122b,qwen/qwen3.5-122b-a10b,alibaba,0,1.0,Alibaba,B,4.16e-05,0.0001233916340371914,5.874765075608579e-05,0
comprehension,rival_majority,neutral,1203,-1,0,1,0,aQrQaPrQaQrQ,B,qwen-122b,qwen/qwen3.5-122b-a10b,alibaba,0,1.0,Alibaba,B,4.16e-05,0.00013981709507170686,7.440660626090168e-05,0
comprehension,rival_majority,neutral,1203,1,0,0,0,rQrQaQaPrQaQ,B,qwen-122b,qwen/qwen3.5-122b-a10b,alibaba,0,1.0,Alibaba,B,4.16e-05,0.00010888971522461153,4.818376194826168e-05,0
comprehension,rival_majority,neutral,1203,1,0,1,0,rQrQrQaQaQaP,B,qwen-122b,qwen/qwen3.5-122b-a10b,alibaba,0,1.0,Alibaba,B,4.16e-05,8.480611674571994e-05,6.691977799422322e-05,0
comprehension,rival_majority,neutral,1210,-1,0,0,0,aPrPaQaQ,A,qwen-122b,qwen/qwen3.5-122b-a10b,alibaba,0,1.0,Alibaba,A,3.796e-05,0.9706935553826977,0.000315063103476388,0
comprehension,rival_majority,neutral,1210,-1,0,1,0,aQaQaPrP,A,qwen-122b,qwen/qwen3.5-122b-a10b,alibaba,0,1.0,Alibaba,A,3.796e-05,0.9991960582754346,0.00018160022737086516,0
comprehension,rival_majority,neutral,1210,1,0,0,0,rPaQaQaP,A,qwen-122b,qwen/qwen3.5-122b-a10b,alibaba,0,1.0,Alibaba,A,3.796e-05,0.9890145753447176,0.0002323994294244295,0
comprehension,rival_majority,neutral,1210,1,0,1,0,aQaQrPaP,A,qwen-122b,qwen/qwen3.5-122b-a10b,alibaba,0,1.0,Alibaba,A,3.796e-05,0.9820157100340866,0.00033847950994323264,0
comprehension,rival_majority,neutral,1212,-1,0,0,0,rQaPaQrQaQrP,B,qwen-122b,qwen/qwen3.5-122b-a10b,alibaba,0,1.0,Alibaba,B,4.16e-05,0.0004878398045687974,4.1575838640173224e-05,0
comprehension,rival_majority,neutral,1212,-1,0,1,0,rPrQaQrQaQaP,B,qwen-122b,qwen/qwen3.5-122b-a10b,alibaba,0,1.0,Alibaba,A,4.16e-05,0.13295899445880927,0.00016901427712268102,0
comprehension,rival_majority,neutral,1212,1,0,0,0,aQrPaPrQrQaQ,B,qwen-122b,qwen/qwen3.5-122b-a10b,alibaba,0,1.0,Alibaba,B,4.16e-05,0.0028007635605038434,9.700157619751959e-05,0
comprehension,rival_majority,neutral,1212,1,0,1,0,rPrQrQaQaQaP,B,qwen-122b,qwen/qwen3.5-122b-a10b,alibaba,0,1.0,Alibaba,B,4.16e-05,0.0006262350360385305,0.00023131282726118751,0
comprehension,rival_majority,neutral,1220,-1,0,0,0,rPrPaQaQaP,A,qwen-122b,qwen/qwen3.5-122b-a10b,alibaba,0,1.0,Alibaba,A,3.978e-05,0.9998911074958425,0.00014149791414831095,0
comprehension,rival_majority,neutral,1220,-1,0,1,0,rPrPaQaQaP,A,qwen-122b,qwen/qwen3.5-122b-a10b,alibaba,0,1.0,Alibaba,A,3.978e-05,0.9997040625339646,0.00011825550937792401,0
comprehension,rival_majority,neutral,1220,1,0,0,0,rPaPaQrPaQ,A,qwen-122b,qwen/qwen3.5-122b-a10b,alibaba,0,1.0,Alibaba,A,3.978e-05,0.9998911060652913,0.00010028065351258325,0
comprehension,rival_majority,neutral,1220,1,0,1,0,aQrPrPaPaQ,A,qwen-122b,qwen/qwen3.5-122b-a10b,alibaba,0,1.0,Alibaba,A,3.978e-05,0.9998415742696913,6.240106331360462e-05,0
comprehension,rival_majority,neutral,1221,-1,0,0,0,aQaQrPaPrPrQ,A,qwen-122b,qwen/qwen3.5-122b-a10b,alibaba,0,1.0,Alibaba,A,4.16e-05,0.9994472534458241,0.0001052316633902542,0
comprehension,rival_majority,neutral,1221,-1,0,1,0,aPaQrQrPrPaQ,A,qwen-122b,qwen/qwen3.5-122b-a10b,alibaba,0,1.0,Alibaba,A,4.16e-05,0.9986750546671267,0.0001346386803911556,0
comprehension,rival_majority,neutral,1221,1,0,0,0,rPaQrPaQaPrQ,A,qwen-122b,qwen/qwen3.5-122b-a10b,alibaba,0,1.0,Alibaba,A,4.16e-05,0.9995694563562884,6.838046790461424e-05,0
comprehension,rival_majority,neutral,1221,1,0,1,0,aQrPrPrQaPaQ,A,qwen-122b,qwen/qwen3.5-122b-a10b,alibaba,0,1.0,Alibaba,A,4.16e-05,0.9988305430258697,6.358948699364568e-05,0
comprehension,rival_majority,neutral,1230,-1,0,0,0,aQaPrPrPaQrP,A,qwen-122b,qwen/qwen3.5-122b-a10b,alibaba,0,1.0,Alibaba,A,4.16e-05,0.9998204825061606,0.0001349814773031491,0
comprehension,rival_majority,neutral,1230,-1,0,1,0,aPrPaQaQrPrP,A,qwen-122b,qwen/qwen3.5-122b-a10b,alibaba,0,1.0,Alibaba,A,4.16e-05,0.9998911149784585,9.376638293247822e-05,0
comprehension,rival_majority,neutral,1230,1,0,0,0,aQaQaPrPrPrP,A,qwen-122b,qwen/qwen3.5-122b-a10b,alibaba,0,1.0,Alibaba,A,4.16e-05,0.9999417101444132,6.247313967428232e-05,0
comprehension,rival_majority,neutral,1230,1,0,1,0,rPrPaQrPaPaQ,A,qwen-122b,qwen/qwen3.5-122b-a10b,alibaba,0,1.0,Alibaba,A,4.16e-05,0.9998204825451377,7.278198767930147e-05,0
comprehension,rival_majority,neutral,1301,-1,0,0,0,rQaPaQaQaQ,B,qwen-122b,qwen/qwen3.5-122b-a10b,alibaba,0,1.0,Alibaba,B,3.978e-05,0.005218589932594747,0.00024785634175206184,0
comprehension,rival_majority,neutral,1301,-1,0,1,0,aQrQaQaQaP,B,qwen-122b,qwen/qwen3.5-122b-a10b,alibaba,0,1.0,Alibaba,B,3.978e-05,0.18239323463269713,0.0019088690276370945,0
comprehension,rival_majority,neutral,1301,1,0,0,0,aQaPrQaQaQ,B,qwen-122b,qwen/qwen3.5-122b-a10b,alibaba,0,1.0,Alibaba,B,3.978e-05,0.04742587082142043,0.003935599428072756,0
comprehension,rival_majority,neutral,1301,1,0,1,0,aQaQaPrQaQ,B,qwen-122b,qwen/qwen3.5-122b-a10b,alibaba,0,1.0,Alibaba,B,3.978e-05,0.0373221640324026,0.002237946113931577,0
comprehension,rival_majority,neutral,1302,-1,0,0,0,rQaQrQaPaQaQ,B,qwen-122b,qwen/qwen3.5-122b-a10b,alibaba,0,1.0,Alibaba,B,4.16e-05,0.0007095712677135316,8.879297549380105e-05,0
comprehension,rival_majority,neutral,1302,-1,0,1,0,aPaQaQrQrQaQ,B,qwen-122b,qwen/qwen3.5-122b-a10b,alibaba,0,1.0,Alibaba,B,4.16e-05,0.00013981388842780956,5.910219705473896e-05,0
comprehension,rival_majority,neutral,1302,1,0,0,0,aQrQaQaQrQaP,B,qwen-122b,qwen/qwen3.5-122b-a10b,alibaba,0,1.0,Alibaba,B,4.16e-05,0.0003799163412755172,5.6587987714906696e-05,0
comprehension,rival_majority,neutral,1302,1,0,1,0,rQrQaQaQaPaQ,B,qwen-122b,qwen/qwen3.5-122b-a10b,alibaba,0,1.0,Alibaba,B,4.16e-05,0.00015842701625735638,7.242474818158762e-05,0
comprehension,rival_majority,neutral,1310,-1,0,0,0,aPaQrPaQaQ,A,qwen-122b,qwen/qwen3.5-122b-a10b,alibaba,0,1.0,Alibaba,A,3.978e-05,0.9465966664338017,0.002947449075057222,0
comprehension,rival_majority,neutral,1310,-1,0,1,0,aQaPaQaQrP,A,qwen-122b,qwen/qwen3.5-122b-a10b,alibaba,0,1.0,Alibaba,A,3.978e-05,0.9997041305715632,0.00016678973711531782,0
comprehension,rival_majority,neutral,1310,1,0,0,0,aQaQaPrPaQ,A,qwen-122b,qwen/qwen3.5-122b-a10b,alibaba,0,1.0,Alibaba,A,3.978e-05,0.9914225135012636,0.0004402066123497788,0
comprehension,rival_majority,neutral,1310,1,0,1,0,aQaPaQaQrP,A,qwen-122b,qwen/qwen3.5-122b-a10b,alibaba,0,1.0,Alibaba,A,3.978e-05,0.9995121842796907,8.375551371757616e-05,0
comprehension,rival_majority,neutral,1320,-1,0,0,0,aQrPaPaQaQrP,A,qwen-122b,qwen/qwen3.5-122b-a10b,alibaba,0,1.0,Alibaba,A,4.16e-05,0.9997965882838346,0.0001058507381078792,0
comprehension,rival_majority,neutral,1320,-1,0,1,0,rPaPrPaQaQaQ,A,qwen-122b,qwen/qwen3.5-122b-a10b,alibaba,0,1.0,Alibaba,A,4.16e-05,0.9996200519713446,0.00014427344083589057,0
comprehension,rival_majority,neutral,1320,1,0,0,0,aQaQaQaPrPrP,A,qwen-122b,qwen/qwen3.5-122b-a10b,alibaba,0,1.0,Alibaba,A,4.16e-05,0.9998911074936355,6.0464048802280816e-05,0
comprehension,rival_majority,neutral,1320,1,0,1,0,rPaQaQrPaPaQ,A,qwen-122b,qwen/qwen3.5-122b-a10b,alibaba,0,1.0,Alibaba,A,4.16e-05,0.999569464968691,6.601984806213582e-05,0
comprehension,rival_majority,neutral,1401,-1,0,0,0,aQrQaPaQaQaQ,B,qwen-122b,qwen/qwen3.5-122b-a10b,alibaba,0,1.0,Alibaba,B,4.16e-05,0.022970726764925925,0.0008750033079200081,0
comprehension,rival_majority,neutral,1401,-1,0,1,0,aQaQaPaQrQaQ,B,qwen-122b,qwen/qwen3.5-122b-a10b,alibaba,0,1.0,Alibaba,B,4.16e-05,0.14804719427274565,0.012307477873216288,0
comprehension,rival_majority,neutral,1401,1,0,0,0,aPrQaQaQaQaQ,B,qwen-122b,qwen/qwen3.5-122b-a10b,alibaba,0,1.0,Alibaba,B,4.16e-05,0.005218383847235585,0.0004000041766435425,0
comprehension,rival_majority,neutral,1401,1,0,1,0,aQaQaQrQaQaP,B,qwen-122b,qwen/qwen3.5-122b-a10b,alibaba,0,1.0,Alibaba,B,4.16e-05,0.0850894452919033,0.00145107583559001,0
comprehension,rival_majority,neutral,1410,-1,0,0,0,aQaQrPaQaPaQ,A,qwen-122b,qwen/qwen3.5-122b-a10b,alibaba,0,1.0,Alibaba,A,4.16e-05,0.9902924485346583,0.00027964838792752036,0
comprehension,rival_majority,neutral,1410,-1,0,1,0,aQaQaPaQrPaQ,A,qwen-122b,qwen/qwen3.5-122b-a10b,alibaba,0,1.0,Alibaba,A,4.16e-05,0.9988306994878486,0.0002153945326740629,0
comprehension,rival_majority,neutral,1410,1,0,0,0,aQaQaPrPaQaQ,A,qwen-122b,qwen/qwen3.5-122b-a10b,alibaba,0,1.0,Alibaba,A,4.16e-05,0.9740426411539017,0.002605911823946351,0
comprehension,rival_majority,neutral,1410,1,0,1,0,rPaQaQaQaPaQ,A,qwen-122b,qwen/qwen3.5-122b-a10b,alibaba,0,1.0,Alibaba,A,4.16e-05,0.9914229785403502,0.00029877997606111463,0
comprehension,rival_majority,neutral,2001,-1,0,0,0,rQaPaP,B,qwen-122b,qwen/qwen3.5-122b-a10b,alibaba,0,1.0,Alibaba,B,3.614e-05,0.012430472775695992,0.0001643927775283327,0
comprehension,rival_majority,neutral,2001,-1,0,1,0,rQaPaP,B,qwen-122b,qwen/qwen3.5-122b-a10b,alibaba,0,1.0,Alibaba,B,3.614e-05,0.0015009447907486258,0.00015908928590169236,0
comprehension,rival_majority,neutral,2001,1,0,0,0,aPrQaP,B,qwen-122b,qwen/qwen3.5-122b-a10b,alibaba,0,1.0,Alibaba,B,3.614e-05,0.0008040088020844092,9.719763191051722e-05,0
comprehension,rival_majority,neutral,2001,1,0,1,0,aPrQaP,B,qwen-122b,qwen/qwen3.5-122b-a10b,alibaba,0,1.0,Alibaba,B,3.614e-05,0.001169324988281202,0.00017148523903443014,0
comprehension,rival_majority,neutral,2002,-1,0,0,0,rQaPrQaP,B,qwen-122b,qwen/qwen3.5-122b-a10b,alibaba,0,1.0,Alibaba,B,3.796e-05,9.609980248118822e-05,4.64556124488702e-05,0
comprehension,rival_majority,neutral,2002,-1,0,1,0,aPrQrQaP,B,qwen-122b,qwen/qwen3.5-122b-a10b,alibaba,0,1.0,Alibaba,B,3.796e-05,5.144013381557373e-05,7.024551956358316e-05,0
comprehension,rival_majority,neutral,2002,1,0,0,0,aPaPrQrQ,B,qwen-122b,qwen/qwen3.5-122b-a10b,alibaba,0,1.0,Alibaba,B,3.796e-05,6.604577210566166e-05,7.015451524594596e-05,0
comprehension,rival_majority,neutral,2002,1,0,1,0,aPrQrQaP,B,qwen-122b,qwen/qwen3.5-122b-a10b,alibaba,0,1.0,Alibaba,B,3.796e-05,5.1435858416010805e-05,9.203038925675866e-05,0
comprehension,rival_majority,neutral,2003,-1,0,0,0,aPrQrQrQaP,B,qwen-122b,qwen/qwen3.5-122b-a10b,alibaba,0,1.0,Alibaba,B,3.978e-05,4.006188749308205e-05,4.2679263129508094e-05,0
comprehension,rival_majority,neutral,2003,-1,0,1,0,rQrQaPaPrQ,B,qwen-122b,qwen/qwen3.5-122b-a10b,alibaba,0,1.0,Alibaba,B,3.978e-05,8.48086950914329e-05,6.871179200906852e-05,0
comprehension,rival_majority,neutral,2003,1,0,0,0,aPrQrQaPrQ,B,qwen-122b,qwen/qwen3.5-122b-a10b,alibaba,0,1.0,Alibaba,B,3.978e-05,4.006031291117636e-05,6.345513267658198e-05,0
comprehension,rival_majority,neutral,2003,1,0,1,0,aPrQrQaPrQ,B,qwen-122b,qwen/qwen3.5-122b-a10b,alibaba,0,1.0,Alibaba,B,3.978e-05,8.48054173488155e-05,0.00010063157930384481,0
comprehension,rival_majority,neutral,2004,-1,0,0,0,aPrQaPrQrQrQ,B,qwen-122b,qwen/qwen3.5-122b-a10b,alibaba,0,1.0,Alibaba,B,4.16e-05,0.00010889054738477444,5.2011072944502246e-05,0
comprehension,rival_majority,neutral,2004,-1,0,1,0,rQrQaPrQaPrQ,B,qwen-122b,qwen/qwen3.5-122b-a10b,alibaba,0,1.0,Alibaba,B,4.16e-05,9.610006692153906e-05,8.544438747004612e-05,0
comprehension,rival_majority,neutral,2004,1,0,0,0,rQaPrQaPrQrQ,B,qwen-122b,qwen/qwen3.5-122b-a10b,alibaba,0,1.0,Alibaba,B,4.16e-05,7.484321013994765e-05,5.935653178268385e-05,0
comprehension,rival_majority,neutral,2004,1,0,1,0,rQrQaPaPrQrQ,B,qwen-122b,qwen/qwen3.5-122b-a10b,alibaba,0,1.0,Alibaba,B,4.16e-05,7.48432277978724e-05,7.294300560323208e-05,0
comprehension,rival_majority,neutral,2010,-1,0,0,0,aPaPrP,A,qwen-122b,qwen/qwen3.5-122b-a10b,alibaba,0,1.0,Alibaba,A,3.614e-05,0.9820190178005768,0.0003805429475708527,0
comprehension,rival_majority,neutral,2010,-1,0,1,0,rPaPaP,A,qwen-122b,qwen/qwen3.5-122b-a10b,alibaba,0,1.0,Alibaba,A,3.614e-05,0.994781231289779,0.00034073722417812466,0
comprehension,rival_majority,neutral,2010,1,0,0,0,rPaPaP,A,qwen-122b,qwen/qwen3.5-122b-a10b,alibaba,0,1.0,Alibaba,A,3.614e-05,0.9984990026203642,0.0002985212890496485,0
comprehension,rival_majority,neutral,2010,1,0,1,0,rPaPaP,A,qwen-122b,qwen/qwen3.5-122b-a10b,alibaba,0,1.0,Alibaba,A,3.614e-05,0.9859383121889677,0.0002488217387988309,0
comprehension,rival_majority,neutral,2012,-1,0,0,0,aPrPrQrQaP,B,qwen-122b,qwen/qwen3.5-122b-a10b,alibaba,0,1.0,Alibaba,B,3.978e-05,0.01798545679050224,0.0001063397128052701,0
comprehension,rival_majority,neutral,2012,-1,0,1,0,rPrQaPaPrQ,B,qwen-122b,qwen/qwen3.5-122b-a10b,alibaba,0,1.0,Alibaba,B,3.978e-05,0.06754382568468625,0.0002015349926094423,0
comprehension,rival_majority,neutral,2012,1,0,0,0,rPrQaPrQaP,B,qwen-122b,qwen/qwen3.5-122b-a10b,alibaba,0,1.0,Alibaba,B,3.978e-05,0.001032178129109851,9.948378699919935e-05,0
comprehension,rival_majority,neutral,2012,1,0,1,0,aPrQrPaPrQ,B,qwen-122b,qwen/qwen3.5-122b-a10b,alibaba,0,1.0,Alibaba,B,3.978e-05,0.0013248592547633882,0.00011211056501880812,0
comprehension,rival_majority,neutral,2013,-1,0,0,0,rPrQrQaPaPrQ,B,qwen-122b,qwen/qwen3.5-122b-a10b,alibaba,0,1.0,Alibaba,B,4.16e-05,0.0007096419000317314,0.00010011432450696134,0
comprehension,rival_majority,neutral,2013,-1,0,1,0,aPrPrQrQaPrQ,B,qwen-122b,qwen/qwen3.5-122b-a10b,alibaba,0,1.0,Alibaba,B,4.16e-05,0.002182716007215999,0.00013974544859851612,0
comprehension,rival_majority,neutral,2013,1,0,0,0,rPaPrQaPrQrQ,B,qwen-122b,qwen/qwen3.5-122b-a10b,alibaba,0,1.0,Alibaba,B,4.16e-05,0.0009109637831228805,0.00012887806877115437,0
comprehension,rival_majority,neutral,2013,1,0,1,0,rQrQaPaPrQrP,B,qwen-122b,qwen/qwen3.5-122b-a10b,alibaba,0,1.0,Alibaba,B,4.16e-05,0.00023049951936217363,6.151297487244634e-05,0
comprehension,rival_majority,neutral,2020,-1,0,0,0,rPaPaPrP,A,qwen-122b,qwen/qwen3.5-122b-a10b,alibaba,0,1.0,Alibaba,A,3.796e-05,0.9994472626977964,0.00018337265838450144,0
comprehension,rival_majority,neutral,2020,-1,0,1,0,aPrPrPaP,A,qwen-122b,qwen/qwen3.5-122b-a10b,alibaba,0,1.0,Alibaba,A,3.796e-05,0.9998205085283038,0.0001569047456462675,0
comprehension,rival_majority,neutral,2020,1,0,0,0,rPrPaPaP,A,qwen-122b,qwen/qwen3.5-122b-a10b,alibaba,0,1.0,Alibaba,A,3.796e-05,0.9992903490937071,0.00018765635601645072,0
comprehension,rival_majority,neutral,2020,1,0,1,0,aPrPrPaP,A,qwen-122b,qwen/qwen3.5-122b-a10b,alibaba,0,1.0,Alibaba,A,3.796e-05,0.9995122030613327,0.00012106654898722365,0
comprehension,rival_majority,neutral,2021,-1,0,0,0,rPaPrPaPrQ,A,qwen-122b,qwen/qwen3.5-122b-a10b,alibaba,0,1.0,Alibaba,A,3.978e-05,0.9996200349914403,0.00011601010672937251,0
comprehension,rival_majority,neutral,2021,-1,0,1,0,rPaPrQaPrP,A,qwen-122b,qwen/qwen3.5-122b-a10b,alibaba,0,1.0,Alibaba,A,3.978e-05,0.9994472682996309,9.075776072815236e-05,0
comprehension,rival_majority,neutral,2021,1,0,0,0,rPrQaPrPaP,A,qwen-122b,qwen/qwen3.5-122b-a10b,alibaba,0,1.0,Alibaba,A,3.978e-05,0.999290357947689,0.00012750551095398386,0
comprehension,rival_majority,neutral,2021,1,0,1,0,rPaPrPrQaP,A,qwen-122b,qwen/qwen3.5-122b-a10b,alibaba,0,1.0,Alibaba,A,3.978e-05,0.9953906630680367,9.805558417545594e-05,0
comprehension,rival_majority,neutral,2030,-1,0,0,0,rPaPaPrPrP,A,qwen-122b,qwen/qwen3.5-122b-a10b,alibaba,0,1.0,Alibaba,A,3.978e-05,0.9998415719977783,0.00016637500747371714,0
comprehension,rival_majority,neutral,2030,-1,0,1,0,rPrPaPaPrP,A,qwen-122b,qwen/qwen3.5-122b-a10b,alibaba,0,1.0,Alibaba,A,3.978e-05,0.9996200376836908,0.00010987892643872223,0
comprehension,rival_majority,neutral,2030,1,0,0,0,rPaPaPrPrP,A,qwen-122b,qwen/qwen3.5-122b-a10b,alibaba,0,1.0,Alibaba,A,3.978e-05,0.9998415681569917,0.00023638008521791208,0
comprehension,rival_majority,neutral,2030,1,0,1,0,aPrPrPrPaP,A,qwen-122b,qwen/qwen3.5-122b-a10b,alibaba,0,1.0,Alibaba,A,3.978e-05,0.9996200623469296,0.00015368022198243,0
comprehension,rival_majority,neutral,2031,-1,0,0,0,aPaPrPrPrPrQ,A,qwen-122b,qwen/qwen3.5-122b-a10b,alibaba,0,1.0,Alibaba,A,4.16e-05,0.9998911065034909,9.911768862107433e-05,0
comprehension,rival_majority,neutral,2031,-1,0,1,0,rQaPrPrPaPrP,A,qwen-122b,qwen/qwen3.5-122b-a10b,alibaba,0,1.0,Alibaba,A,4.16e-05,0.9997695104740937,0.00020410393932162815,0
comprehension,rival_majority,neutral,2031,1,0,0,0,rPrPaPrQaPrP,A,qwen-122b,qwen/qwen3.5-122b-a10b,alibaba,0,1.0,Alibaba,A,4.16e-05,0.9998415709438522,0.00013679224482333004,0
comprehension,rival_majority,neutral,2031,1,0,1,0,rPaPrPrPaPrQ,A,qwen-122b,qwen/qwen3.5-122b-a10b,alibaba,0,1.0,Alibaba,A,4.16e-05,0.998675024588043,5.2920881106987205e-05,0
comprehension,rival_majority,neutral,2040,-1,0,0,0,rPaPrPaPrPrP,A,qwen-122b,qwen/qwen3.5-122b-a10b,alibaba,0,1.0,Alibaba,A,4.16e-05,0.9998601828560777,0.00010527079981498101,0
comprehension,rival_majority,neutral,2040,-1,0,1,0,aPaPrPrPrPrP,A,qwen-122b,qwen/qwen3.5-122b-a10b,alibaba,0,1.0,Alibaba,A,4.16e-05,0.9999151982073051,0.00011510873240973534,0
comprehension,rival_majority,neutral,2040,1,0,0,0,rPaPrPrPrPaP,A,qwen-122b,qwen/qwen3.5-122b-a10b,alibaba,0,1.0,Alibaba,A,4.16e-05,0.9998415680941144,0.0001299849285093093,0
comprehension,rival_majority,neutral,2040,1,0,1,0,aPrPrPaPrPrP,A,qwen-122b,qwen/qwen3.5-122b-a10b,alibaba,0,1.0,Alibaba,A,4.16e-05,0.9993737073257307,0.00013358453085480484,0
comprehension,rival_majority,neutral,2101,-1,0,0,0,aPrQaPaQ,B,qwen-122b,qwen/qwen3.5-122b-a10b,alibaba,0,1.0,Alibaba,B,3.796e-05,0.03732688640708807,0.001351114618004634,0
comprehension,rival_majority,neutral,2101,-1,0,1,0,aPrQaPaQ,B,qwen-122b,qwen/qwen3.5-122b-a10b,alibaba,0,1.0,Alibaba,B,3.796e-05,0.03732688868276006,0.00151806715491265,0
comprehension,rival_majority,neutral,2101,1,0,0,0,aQrQaPaP,B,qwen-122b,qwen/qwen3.5-122b-a10b,alibaba,0,1.0,Alibaba,B,3.796e-05,0.037320439829360334,0.001452908975414835,0
comprehension,rival_majority,neutral,2101,1,0,1,0,aPaQaPrQ,B,qwen-122b,qwen/qwen3.5-122b-a10b,alibaba,0,1.0,Alibaba,B,3.796e-05,0.0011693253969368292,0.0001766021997658962,0
comprehension,rival_majority,neutral,2102,-1,0,0,0,aPrQaQaPrQ,B,qwen-122b,qwen/qwen3.5-122b-a10b,alibaba,0,1.0,Alibaba,B,3.978e-05,0.0001584111474386723,6.190097164249231e-05,0
comprehension,rival_majority,neutral,2102,-1,0,1,0,aPaQrQrQaP,B,qwen-122b,qwen/qwen3.5-122b-a10b,alibaba,0,1.0,Alibaba,B,3.978e-05,0.0001088925449547404,7.512255793662437e-05,0
comprehension,rival_majority,neutral,2102,1,0,0,0,rQrQaQaPaP,B,qwen-122b,qwen/qwen3.5-122b-a10b,alibaba,0,1.0,Alibaba,B,3.978e-05,0.00015842285253827974,5.5680595792306775e-05,0
comprehension,rival_majority,neutral,2102,1,0,1,0,rQaPaPaQrQ,B,qwen-122b,qwen/qwen3.5-122b-a10b,alibaba,0,1.0,Alibaba,B,3.978e-05,2.7534939336206845e-05,4.9110890149806075e-05,0
comprehension,rival_majority,neutral,2103,-1,0,0,0,aPaQrQrQrQaP,B,qwen-122b,qwen/qwen3.5-122b-a10b,alibaba,0,1.0,Alibaba,B,4.16e-05,0.00012338642281025443,5.561435767675871e-05,0
comprehension,rival_majority,neutral,2103,-1,0,1,0,aPaPrQaQrQrQ,B,qwen-122b,qwen/qwen3.5-122b-a10b,alibaba,0,1.0,Alibaba,B,4.16e-05,0.00013981820548697975,6.995104371698702e-05,0
comprehension,rival_majority,neutral,2103,1,0,0,0,aPrQaQrQrQaP,B,qwen-122b,qwen/qwen3.5-122b-a10b,alibaba,0,1.0,Alibaba,B,4.16e-05,7.483901523468109e-05,6.43405660140095e-05,0
comprehension,rival_majority,neutral,2103,1,0,1,0,rQrQaPaPrQaQ,B,qwen-122b,qwen/qwen3.5-122b-a10b,alibaba,0,1.0,Alibaba,B,4.16e-05,8.480802178663863e-05,5.981955670231187e-05,0
comprehension,rival_majority,neutral,2110,-1,0,0,0,aPaPrPaQ,A,qwen-122b,qwen/qwen3.5-122b-a10b,alibaba,0,1.0,Alibaba,A,3.796e-05,0.9626775489637422,0.0002971205502950783,0
comprehension,rival_majority,neutral,2110,-1,0,1,0,aPaQrPaP,A,qwen-122b,qwen/qwen3.5-122b-a10b,alibaba,0,1.0,Alibaba,A,3.796e-05,0.9770261856477066,0.0005709380856145224,0
comprehension,rival_majority,neutral,2110,1,0,0,0,aPaQrPaP,A,qwen-122b,qwen/qwen3.5-122b-a10b,alibaba,0,1.0,Alibaba,A,3.796e-05,0.9770226290445923,0.0015082052868209198,0
comprehension,rival_majority,neutral,2110,1,0,1,0,aPrPaQaP,A,qwen-122b,qwen/qwen3.5-122b-a10b,alibaba,0,1.0,Alibaba,A,3.796e-05,0.9669162697913867,0.00042946528599547423,0
comprehension,rival_majority,neutral,2112,-1,0,0,0,aPaPrQrPrQaQ,B,qwen-122b,qwen/qwen3.5-122b-a10b,alibaba,0,1.0,Alibaba,B,4.16e-05,0.18242086568191096,0.0001676853103272924,0
comprehension,rival_majority,neutral,2112,-1,0,1,0,rQaPaQrQaPrP,B,qwen-122b,qwen/qwen3.5-122b-a10b,alibaba,0,1.0,Alibaba,B,4.16e-05,0.001032162908170717,0.00011143887148523657,0
comprehension,rival_majority,neutral,2112,1,0,0,0,aPrQaPaQrQrP,B,qwen-122b,qwen/qwen3.5-122b-a10b,alibaba,0,1.0,Alibaba,B,4.16e-05,0.0007095712584756406,0.00010260691198638039,0
comprehension,rival_majority,neutral,2112,1,0,1,0,rQaPrPrQaPaQ,B,qwen-122b,qwen/qwen3.5-122b-a10b,alibaba,0,1.0,Alibaba,B,4.16e-05,0.009707758029688717,0.00012452849557087475,0
comprehension,rival_majority,neutral,2120,-1,0,0,0,rPrPaPaPaQ,A,qwen-122b,qwen/qwen3.5-122b-a10b,alibaba,0,1.0,Alibaba,A,3.978e-05,0.9996646782038789,0.00018947816471523942,0
comprehension,rival_majority,neutral,2120,-1,0,1,0,rPaQaPaPrP,A,qwen-122b,qwen/qwen3.5-122b-a10b,alibaba,0,1.0,Alibaba,A,3.978e-05,0.9997966014311891,9.938924095161881e-05,0
comprehension,rival_majority,neutral,2120,1,0,0,0,aQrPrPaPaP,A,qwen-122b,qwen/qwen3.5-122b-a10b,alibaba,0,1.0,Alibaba,A,3.978e-05,0.9998204784503836,0.0001060789493491303,0
comprehension,rival_majority,neutral,2120,1,0,1,0,aPrPaPaQrP,A,qwen-122b,qwen/qwen3.5-122b-a10b,alibaba,0,1.0,Alibaba,A,3.978e-05,0.999738834770818,9.379461179765303e-05,0
comprehension,rival_majority,neutral,2121,-1,0,0,0,aPrPrPaQaPrQ,A,qwen-122b,qwen/qwen3.5-122b-a10b,alibaba,0,1.0,Alibaba,A,4.16e-05,0.9997040602584912,0.00025466510706140933,0
comprehension,rival_majority,neutral,2121,-1,0,1,0,aPaQrQaPrPrP,A,qwen-122b,qwen/qwen3.5-122b-a10b,alibaba,0,1.0,Alibaba,A,4.16e-05,0.9995121649925639,8.991332751406747e-05,0
comprehension,rival_majority,neutral,2121,1,0,0,0,aPrQaQaPrPrP,A,qwen-122b,qwen/qwen3.5-122b-a10b,alibaba,0,1.0,Alibaba,A,4.16e-05,0.9980733182507917,0.00010530480215570305,0
comprehension,rival_majority,neutral,2121,1,0,1,0,aPrPrQaQaPrP,A,qwen-122b,qwen/qwen3.5-122b-a10b,alibaba,0,1.0,Alibaba,A,4.16e-05,0.9964066649778938,0.00013538753272050643,0
comprehension,rival_majority,neutral,2130,-1,0,0,0,aQaPrPaPrPrP,A,qwen-122b,qwen/qwen3.5-122b-a10b,alibaba,0,1.0,Alibaba,A,4.16e-05,0.9998766103284694,0.00013629534586105012,0
comprehension,rival_majority,neutral,2130,-1,0,1,0,aPrPaPrPaQrP,A,qwen-122b,qwen/qwen3.5-122b-a10b,alibaba,0,1.0,Alibaba,A,4.16e-05,0.9998415888742785,0.00010658280630584555,0
comprehension,rival_majority,neutral,2130,1,0,0,0,aPrPaPaQrPrP,A,qwen-122b,qwen/qwen3.5-122b-a10b,alibaba,0,1.0,Alibaba,A,4.16e-05,0.9999039009386216,9.405354483262998e-05,0
comprehension,rival_majority,neutral,2130,1,0,1,0,aQrPaPrPaPrP,A,qwen-122b,qwen/qwen3.5-122b-a10b,alibaba,0,1.0,Alibaba,A,4.16e-05,0.9998204854112972,8.35179918418182e-05,0
comprehension,rival_majority,neutral,2201,-1,0,0,0,aQaPaQaPrQ,B,qwen-122b,qwen/qwen3.5-122b-a10b,alibaba,0,1.0,Alibaba,B,3.978e-05,0.0024723188675512876,0.00019549065873758487,0
comprehension,rival_majority,neutral,2201,-1,0,1,0,aQaPrQaQaP,B,qwen-122b,qwen/qwen3.5-122b-a10b,alibaba,0,1.0,Alibaba,B,3.978e-05,0.2450850076183953,0.01675003198310565,0
comprehension,rival_majority,neutral,2201,1,0,0,0,aPaPaQaQrQ,B,qwen-122b,qwen/qwen3.5-122b-a10b,alibaba,0,1.0,Alibaba,B,3.978e-05,0.0009108877851671255,0.00010410256499282511,0
comprehension,rival_majority,neutral,2201,1,0,1,0,rQaQaPaQaP,B,qwen-122b,qwen/qwen3.5-122b-a10b,alibaba,0,1.0,Alibaba,B,3.978e-05,0.042080489494423313,0.0037697545043612335,0
comprehension,rival_majority,neutral,2202,-1,0,0,0,rQaQaPrQaQaP,B,qwen-122b,qwen/qwen3.5-122b-a10b,alibaba,0,1.0,Alibaba,B,4.16e-05,0.0002959478612567214,4.562205856761814e-05,0
comprehension,rival_majority,neutral,2202,-1,0,1,0,aQrQaPaQaPrQ,B,qwen-122b,qwen/qwen3.5-122b-a10b,alibaba,0,1.0,Alibaba,B,4.16e-05,0.00013980866659863382,8.087935324663231e-05,0
comprehension,rival_majority,neutral,2202,1,0,0,0,rQaPaPaQrQaQ,B,qwen-122b,qwen/qwen3.5-122b-a10b,alibaba,0,1.0,Alibaba,B,4.16e-05,0.00015841413443313818,7.121939173171388e-05,0
comprehension,rival_majority,neutral,2202,1,0,1,0,rQaPaQrQaQaP,B,qwen-122b,qwen/qwen3.5-122b-a10b,alibaba,0,1.0,Alibaba,B,4.16e-05,7.484323701941628e-05,5.017943490903676e-05,0
comprehension,rival_majority,neutral,2210,-1,0,0,0,aPrPaQaPaQ,A,qwen-122b,qwen/qwen3.5-122b-a10b,alibaba,0,1.0,Alibaba,A,3.978e-05,0.9241477681959772,0.0010405305983075125,0
comprehension,rival_majority,neutral,2210,-1,0,1,0,aPaPrPaQaQ,A,qwen-122b,qwen/qwen3.5-122b-a10b,alibaba,0,1.0,Alibaba,A,3.978e-05,0.9840951095570877,0.00039368799475887964,0
comprehension,rival_majority,neutral,2210,1,0,0,0,aPaQaPaQrP,A,qwen-122b,qwen/qwen3.5-122b-a10b,alibaba,0,1.0,Alibaba,A,3.978e-05,0.9988305576079602,0.00010166188944769092,0
comprehension,rival_majority,neutral,2210,1,0,1,0,rPaPaQaPaQ,A,qwen-122b,qwen/qwen3.5-122b-a10b,alibaba,0,1.0,Alibaba,A,3.978e-05,0.991423332965789,0.00020216754559628305,0
comprehension,rival_majority,neutral,2220,-1,0,0,0,rPaPaQaQrPaP,A,qwen-122b,qwen/qwen3.5-122b-a10b,alibaba,0,1.0,Alibaba,A,4.16e-05,0.9998204892115377,0.00015293908407840596,0
comprehension,rival_majority,neutral,2220,-1,0,1,0,aQaPaPaQrPrP,A,qwen-122b,qwen/qwen3.5-122b-a10b,alibaba,0,1.0,Alibaba,A,4.16e-05,0.9998766250118757,0.00013459015083342355,0
comprehension,rival_majority,neutral,2220,1,0,0,0,aQrPaPrPaQaP,A,qwen-122b,qwen/qwen3.5-122b-a10b,alibaba,0,1.0,Alibaba,A,4.16e-05,0.9997388214348785,0.00012291887039626924,0
comprehension,rival_majority,neutral,2220,1,0,1,0,rPaQaPaPrPaQ,A,qwen-122b,qwen/qwen3.5-122b-a10b,alibaba,0,1.0,Alibaba,A,4.16e-05,0.9997388269490196,6.843272655518667e-05,0
comprehension,rival_majority,neutral,2301,-1,0,0,0,aQaQaQrQaPaP,B,qwen-122b,qwen/qwen3.5-122b-a10b,alibaba,0,1.0,Alibaba,B,4.16e-05,0.10669058471438037,0.007250054604529321,0
comprehension,rival_majority,neutral,2301,-1,0,1,0,aQaPaQaPaQrQ,B,qwen-122b,qwen/qwen3.5-122b-a10b,alibaba,0,1.0,Alibaba,B,4.16e-05,0.0011691645289199034,0.00023308053345849622,0
comprehension,rival_majority,neutral,2301,1,0,0,0,aQaQaPaPrQaQ,B,qwen-122b,qwen/qwen3.5-122b-a10b,alibaba,0,1.0,Alibaba,B,4.16e-05,0.025953349462540437,0.0007977517309853965,0
comprehension,rival_majority,neutral,2301,1,0,1,0,aQaPaQaPrQaQ,B,qwen-122b,qwen/qwen3.5-122b-a10b,alibaba,0,1.0,Alibaba,B,4.16e-05,0.025949873577509726,0.0017478849871922497,0
comprehension,rival_majority,neutral,2310,-1,0,0,0,rPaQaQaPaQaP,A,qwen-122b,qwen/qwen3.5-122b-a10b,alibaba,0,1.0,Alibaba,A,4.16e-05,0.9940896573430992,0.0002632497559596327,0
comprehension,rival_majority,neutral,2310,-1,0,1,0,aQaPrPaQaQaP,A,qwen-122b,qwen/qwen3.5-122b-a10b,alibaba,0,1.0,Alibaba,A,4.16e-05,0.9953916273092249,0.0013832492274814569,0
comprehension,rival_majority,neutral,2310,1,0,0,0,aQaQaPaQrPaP,A,qwen-122b,qwen/qwen3.5-122b-a10b,alibaba,0,1.0,Alibaba,A,4.16e-05,0.9820137913867819,0.0015017118632707008,0
comprehension,rival_majority,neutral,2310,1,0,1,0,aQrPaPaQaQaP,A,qwen-122b,qwen/qwen3.5-122b-a10b,alibaba,0,1.0,Alibaba,A,4.16e-05,0.9796695631454111,0.001125811881387745,0
comprehension,rival_majority,neutral,3001,-1,0,0,0,aPaPrQaP,B,qwen-122b,qwen/qwen3.5-122b-a10b,alibaba,0,1.0,Alibaba,B,3.796e-05,0.017985458008035606,0.00030806771802094346,0
comprehension,rival_majority,neutral,3001,-1,0,1,0,aPaPrQaP,B,qwen-122b,qwen/qwen3.5-122b-a10b,alibaba,0,1.0,Alibaba,B,3.796e-05,0.04208772671409796,0.0017602835623573565,0
comprehension,rival_majority,neutral,3001,1,0,0,0,aPrQaPaP,B,qwen-122b,qwen/qwen3.5-122b-a10b,alibaba,0,1.0,Alibaba,B,3.796e-05,0.00218227293775725,0.00018277590584991898,0
comprehension,rival_majority,neutral,3001,1,0,1,0,rQaPaPaP,B,qwen-122b,qwen/qwen3.5-122b-a10b,alibaba,0,1.0,Alibaba,B,3.796e-05,0.009706750206098087,0.0003744575979532927,0
comprehension,rival_majority,neutral,3002,-1,0,0,0,rQaPaPrQaP,B,qwen-122b,qwen/qwen3.5-122b-a10b,alibaba,0,1.0,Alibaba,B,3.978e-05,0.00012338642333803402,3.749966652333292e-05,0
comprehension,rival_majority,neutral,3002,-1,0,1,0,aPaPrQrQaP,B,qwen-122b,qwen/qwen3.5-122b-a10b,alibaba,0,1.0,Alibaba,B,3.978e-05,0.00012338413596210356,9.048336634465137e-05,0
comprehension,rival_majority,neutral,3002,1,0,0,0,rQaPrQaPaP,B,qwen-122b,qwen/qwen3.5-122b-a10b,alibaba,0,1.0,Alibaba,B,3.978e-05,0.00013981395550211233,4.7184804106037426e-05,0
comprehension,rival_majority,neutral,3002,1,0,1,0,aPrQaPaPrQ,B,qwen-122b,qwen/qwen3.5-122b-a10b,alibaba,0,1.0,Alibaba,B,3.978e-05,9.609194646213409e-05,0.00011061085725194708,0
comprehension,rival_majority,neutral,3003,-1,0,0,0,aPrQrQaPaPrQ,B,qwen-122b,qwen/qwen3.5-122b-a10b,alibaba,0,1.0,Alibaba,B,4.16e-05,9.609856395582701e-05,5.168717721881766e-05,0
comprehension,rival_majority,neutral,3003,-1,0,1,0,aPrQrQaPaPrQ,B,qwen-122b,qwen/qwen3.5-122b-a10b,alibaba,0,1.0,Alibaba,B,4.16e-05,0.00013981828875831128,7.150017687518329e-05,0
comprehension,rival_majority,neutral,3003,1,0,0,0,aPrQaPrQaPrQ,B,qwen-122b,qwen/qwen3.5-122b-a10b,alibaba,0,1.0,Alibaba,B,4.16e-05,8.480469225440595e-05,6.919593329668405e-05,0
comprehension,rival_majority,neutral,3003,1,0,1,0,aPrQaPrQrQaP,B,qwen-122b,qwen/qwen3.5-122b-a10b,alibaba,0,1.0,Alibaba,B,4.16e-05,3.119983884342961e-05,8.261259632269535e-05,0
comprehension,rival_majority,neutral,3010,-1,0,0,0,aPaPrPaP,A,qwen-122b,qwen/qwen3.5-122b-a10b,alibaba,0,1.0,Alibaba,A,3.796e-05,0.9241510361546521,0.0006444440966478088,0
comprehension,rival_majority,neutral,3010,-1,0,1,0,rPaPaPaP,A,qwen-122b,qwen/qwen3.5-122b-a10b,alibaba,0,1.0,Alibaba,A,3.796e-05,0.974047183013548,0.0004725042041985178,0
comprehension,rival_majority,neutral,3010,1,0,0,0,aPaPrPaP,A,qwen-122b,qwen/qwen3.5-122b-a10b,alibaba,0,1.0,Alibaba,A,3.796e-05,0.8670357718273068,0.002476257125851533,0
comprehension,rival_majority,neutral,3010,1,0,1,0,aPaPaPrP,A,qwen-122b,qwen/qwen3.5-122b-a10b,alibaba,0,1.0,Alibaba,A,3.796e-05,0.9525859216255849,0.0003674844611108452,0
comprehension,rival_majority,neutral,3012,-1,0,0,0,rPaPrQaPaPrQ,B,qwen-122b,qwen/qwen3.5-122b-a10b,alibaba,0,1.0,Alibaba,B,4.16e-05,0.6513624141909238,0.00024725867970304405,0
comprehension,rival_majority,neutral,3012,-1,0,1,0,aPaPrQaPrPrQ,B,qwen-122b,qwen/qwen3.5-122b-a10b,alibaba,0,1.0,Alibaba,A,4.16e-05,0.7057938714219383,0.00028068055236724065,0
comprehension,rival_majority,neutral,3012,1,0,0,0,rQaPaPrQrPaP,B,qwen-122b,qwen/qwen3.5-122b-a10b,alibaba,0,1.0,Alibaba,B,4.16e-05,0.001700635471347345,7.442296449944319e-05,0
comprehension,rival_majority,neutral,3012,1,0,1,0,aPaPrQrQrPaP,B,qwen-122b,qwen/qwen3.5-122b-a10b,alibaba,0,1.0,Alibaba,B,4.16e-05,0.00017952155143945557,7.271348634518837e-05,0
comprehension,rival_majority,neutral,3020,-1,0,0,0,aPaPrPrPaP,A,qwen-122b,qwen/qwen3.5-122b-a10b,alibaba,0,1.0,Alibaba,A,3.978e-05,0.9995121678515817,0.00016987298661598092,0
comprehension,rival_majority,neutral,3020,-1,0,1,0,aPaPaPrPrP,A,qwen-122b,qwen/qwen3.5-122b-a10b,alibaba,0,1.0,Alibaba,A,3.978e-05,0.9997040896335391,0.00010869643024148245,0
comprehension,rival_majority,neutral,3020,1,0,0,0,rPaPaPrPaP,A,qwen-122b,qwen/qwen3.5-122b-a10b,alibaba,0,1.0,Alibaba,A,3.978e-05,0.9995694521105499,9.82664323126282e-05,0
comprehension,rival_majority,neutral,3020,1,0,1,0,rPaPrPaPaP,A,qwen-122b,qwen/qwen3.5-122b-a10b,alibaba,0,1.0,Alibaba,A,3.978e-05,0.9989678291154839,0.00014014386228124284,0
comprehension,rival_majority,neutral,3021,-1,0,0,0,rQaPrPrPaPaP,A,qwen-122b,qwen/qwen3.5-122b-a10b,alibaba,0,1.0,Alibaba,A,4.16e-05,0.9992903709411932,0.00021122437237569276,0
comprehension,rival_majority,neutral,3021,-1,0,1,0,aPaPrQaPrPrP,A,qwen-122b,qwen/qwen3.5-122b-a10b,alibaba,0,1.0,Alibaba,A,4.16e-05,0.9994472579397061,0.00011903449659474033,0
comprehension,rival_majority,neutral,3021,1,0,0,0,aPaPrPrPrQaP,A,qwen-122b,qwen/qwen3.5-122b-a10b,alibaba,0,1.0,Alibaba,A,4.16e-05,0.9984988949848197,0.00018905663950218596,0
comprehension,rival_majority,neutral,3021,1,0,1,0,aPrPaPaPrPrQ,A,qwen-122b,qwen/qwen3.5-122b-a10b,alibaba,0,1.0,Alibaba,A,4.16e-05,0.9875687858035024,8.433309178027502e-05,0
comprehension,rival_majority,neutral,3030,-1,0,0,0,aPrPrPaPaPrP,A,qwen-122b,qwen/qwen3.5-122b-a10b,alibaba,0,1.0,Alibaba,A,4.16e-05,0.9996200326564245,0.00015076102556461083,0
comprehension,rival_majority,neutral,3030,-1,0,1,0,rPaPaPaPrPrP,A,qwen-122b,qwen/qwen3.5-122b-a10b,alibaba,0,1.0,Alibaba,A,4.16e-05,0.9996646783090579,0.00011288213531790626,0
comprehension,rival_majority,neutral,3030,1,0,0,0,aPaPaPrPrPrP,A,qwen-122b,qwen/qwen3.5-122b-a10b,alibaba,0,1.0,Alibaba,A,4.16e-05,0.9999151907490785,0.00013724746962344764,0
comprehension,rival_majority,neutral,3030,1,0,1,0,rPaPrPaPaPrP,A,qwen-122b,qwen/qwen3.5-122b-a10b,alibaba,0,1.0,Alibaba,A,4.16e-05,0.9989678221327981,0.0001125800956680279,0
comprehension,rival_majority,neutral,3101,-1,0,0,0,rQaPaPaPaQ,B,qwen-122b,qwen/qwen3.5-122b-a10b,alibaba,0,1.0,Alibaba,B,3.978e-05,0.014061428933585994,0.0003395804431920446,0
comprehension,rival_majority,neutral,3101,-1,0,1,0,aQaPrQaPaP,B,qwen-122b,qwen/qwen3.5-122b-a10b,alibaba,0,1.0,Alibaba,B,3.978e-05,0.18242551713899047,0.023936562907829306,0
comprehension,rival_majority,neutral,3101,1,0,0,0,aPrQaPaQaP,B,qwen-122b,qwen/qwen3.5-122b-a10b,alibaba,0,1.0,Alibaba,B,3.978e-05,0.003592959023864326,0.00023576572397632223,0
comprehension,rival_majority,neutral,3101,1,0,1,0,aPrQaPaQaP,B,qwen-122b,qwen/qwen3.5-122b-a10b,alibaba,0,1.0,Alibaba,B,3.978e-05,0.008575754377204882,0.00038370671455467686,0
comprehension,rival_majority,neutral,3102,-1,0,0,0,aPrQaPaPrQaQ,B,qwen-122b,qwen/qwen3.5-122b-a10b,alibaba,0,1.0,Alibaba,B,4.16e-05,0.0001795145250002313,7.553437223228876e-05,0
comprehension,rival_majority,neutral,3102,-1,0,1,0,aQrQrQaPaPaP,B,qwen-122b,qwen/qwen3.5-122b-a10b,alibaba,0,1.0,Alibaba,B,4.16e-05,7.48432459741595e-05,4.7438192412596614e-05,0
comprehension,rival_majority,neutral,3102,1,0,0,0,aPaPaPaQrQrQ,B,qwen-122b,qwen/qwen3.5-122b-a10b,alibaba,0,1.0,Alibaba,B,4.16e-05,7.48406065480931e-05,5.60400885285528e-05,0
comprehension,rival_majority,neutral,3102,1,0,1,0,aPaQrQrQaPaP,B,qwen-122b,qwen/qwen3.5-122b-a10b,alibaba,0,1.0,Alibaba,B,4.16e-05,6.604399991889582e-05,0.0001053071958568852,0
comprehension,rival_majority,neutral,3110,-1,0,0,0,aPaPaPaQrP,A,qwen-122b,qwen/qwen3.5-122b-a10b,alibaba,0,1.0,Alibaba,A,3.978e-05,0.9980733778064115,0.00012016803644316937,0
comprehension,rival_majority,neutral,3110,-1,0,1,0,aPaQaPaPrP,A,qwen-122b,qwen/qwen3.5-122b-a10b,alibaba,0,1.0,Alibaba,A,3.978e-05,0.999447333714607,0.00015025533092869804,0
comprehension,rival_majority,neutral,3110,1,0,0,0,aQaPrPaPaP,A,qwen-122b,qwen/qwen3.5-122b-a10b,alibaba,0,1.0,Alibaba,A,3.978e-05,0.9579122689303887,0.004388949521520795,0
comprehension,rival_majority,neutral,3110,1,0,1,0,rPaPaPaPaQ,A,qwen-122b,qwen/qwen3.5-122b-a10b,alibaba,0,1.0,Alibaba,A,3.978e-05,0.994089571228167,0.00017674941630187787,0
comprehension,rival_majority,neutral,3120,-1,0,0,0,aPrPaPrPaPaQ,A,qwen-122b,qwen/qwen3.5-122b-a10b,alibaba,0,1.0,Alibaba,A,4.16e-05,0.9996646615683504,0.00015230956316937484,0
comprehension,rival_majority,neutral,3120,-1,0,1,0,aQrPaPaPaPrP,A,qwen-122b,qwen/qwen3.5-122b-a10b,alibaba,0,1.0,Alibaba,A,4.16e-05,0.999841579032536,8.383387747871291e-05,0
comprehension,rival_majority,neutral,3120,1,0,0,0,aQaPrPaPaPrP,A,qwen-122b,qwen/qwen3.5-122b-a10b,alibaba,0,1.0,Alibaba,A,4.16e-05,0.9997694982304006,4.743427379075269e-05,0
comprehension,rival_majority,neutral,3120,1,0,1,0,rPaPaPrPaPaQ,A,qwen-122b,qwen/qwen3.5-122b-a10b,alibaba,0,1.0,Alibaba,A,4.16e-05,0.9982993763933958,7.841323707248149e-05,0
comprehension,rival_majority,neutral,3201,-1,0,0,0,rQaQaQaPaPaP,B,qwen-122b,qwen/qwen3.5-122b-a10b,alibaba,0,1.0,Alibaba,B,4.16e-05,0.014062821961509741,0.0004085762847466645,0
comprehension,rival_majority,neutral,3201,-1,0,1,0,aPaQaPaPaQrQ,B,qwen-122b,qwen/qwen3.5-122b-a10b,alibaba,0,1.0,Alibaba,B,4.16e-05,0.0028004255598231983,0.00039394911188828097,0
comprehension,rival_majority,neutral,3201,1,0,0,0,aPaPaPaQaQrQ,B,qwen-122b,qwen/qwen3.5-122b-a10b,alibaba,0,1.0,Alibaba,B,4.16e-05,0.0010319256400555482,0.00011614111591828902,0
comprehension,rival_majority,neutral,3201,1,0,1,0,aQaPaPrQaQaP,B,qwen-122b,qwen/qwen3.5-122b-a10b,alibaba,0,1.0,Alibaba,B,4.16e-05,0.11918823509282793,0.0016557621825292745,0
comprehension,rival_majority,neutral,3210,-1,0,0,0,rPaPaQaPaPaQ,A,qwen-122b,qwen/qwen3.5-122b-a10b,alibaba,0,1.0,Alibaba,A,4.16e-05,0.9875698653461513,0.00025828815276245434,0
comprehension,rival_majority,neutral,3210,-1,0,1,0,aQaQaPaPaPrP,A,qwen-122b,qwen/qwen3.5-122b-a10b,alibaba,0,1.0,Alibaba,A,4.16e-05,0.9994473655521848,0.00019897261243313497,0
comprehension,rival_majority,neutral,3210,1,0,0,0,rPaQaPaQaPaP,A,qwen-122b,qwen/qwen3.5-122b-a10b,alibaba,0,1.0,Alibaba,A,4.16e-05,0.9933079690886484,0.00020594057405752455,0
comprehension,rival_majority,neutral,3210,1,0,1,0,aPaPaPrPaQaQ,A,qwen-122b,qwen/qwen3.5-122b-a10b,alibaba,0,1.0,Alibaba,A,4.16e-05,0.9579154831674871,0.001458717962435338,0
comprehension,rival_majority,neutral,4001,-1,0,0,0,aPrQaPaPaP,B,qwen-122b,qwen/qwen3.5-122b-a10b,alibaba,0,1.0,Alibaba,B,3.978e-05,0.0474212532720507,0.0013745571394832012,0
comprehension,rival_majority,neutral,4001,-1,0,1,0,aPrQaPaPaP,B,qwen-122b,qwen/qwen3.5-122b-a10b,alibaba,0,1.0,Alibaba,B,3.978e-05,0.029312230433369002,0.001476307136144106,0
comprehension,rival_majority,neutral,4001,1,0,0,0,aPaPrQaPaP,B,qwen-122b,qwen/qwen3.5-122b-a10b,alibaba,0,1.0,Alibaba,B,3.978e-05,0.0007095580530649152,9.11499980784658e-05,0
comprehension,rival_majority,neutral,4001,1,0,1,0,aPaPaPrQaP,B,qwen-122b,qwen/qwen3.5-122b-a10b,alibaba,0,1.0,Alibaba,B,3.978e-05,0.0019263893018704444,0.0002605599169294148,0
comprehension,rival_majority,neutral,4002,-1,0,0,0,aPaPrQaPrQaP,B,qwen-122b,qwen/qwen3.5-122b-a10b,alibaba,0,1.0,Alibaba,B,4.16e-05,0.0003799693448171722,5.399464576716362e-05,0
comprehension,rival_majority,neutral,4002,-1,0,1,0,aPrQaPaPrQaP,B,qwen-122b,qwen/qwen3.5-122b-a10b,alibaba,0,1.0,Alibaba,B,4.16e-05,0.00015842582424631206,7.253006780272298e-05,0
comprehension,rival_majority,neutral,4002,1,0,0,0,aPrQaPaPaPrQ,B,qwen-122b,qwen/qwen3.5-122b-a10b,alibaba,0,1.0,Alibaba,B,4.16e-05,8.480387753526012e-05,5.863588231869166e-05,0
comprehension,rival_majority,neutral,4002,1,0,1,0,aPaPaPrQaPrQ,B,qwen-122b,qwen/qwen3.5-122b-a10b,alibaba,0,1.0,Alibaba,B,4.16e-05,0.0001795127774855925,9.250111020653318e-05,0
comprehension,rival_majority,neutral,4010,-1,0,0,0,aPrPaPaPaP,A,qwen-122b,qwen/qwen3.5-122b-a10b,alibaba,0,1.0,Alibaba,A,3.978e-05,0.9706961880248498,0.00029866551483063303,0
comprehension,rival_majority,neutral,4010,-1,0,1,0,aPaPaPaPrP,A,qwen-122b,qwen/qwen3.5-122b-a10b,alibaba,0,1.0,Alibaba,A,3.978e-05,0.9933091157962918,0.00020718647910075542,0
comprehension,rival_majority,neutral,4010,1,0,0,0,aPaPaPaPrP,A,qwen-122b,qwen/qwen3.5-122b-a10b,alibaba,0,1.0,Alibaba,A,3.978e-05,0.9840953124576094,0.00018977860283566142,0
comprehension,rival_majority,neutral,4010,1,0,1,0,aPaPaPrPaP,A,qwen-122b,qwen/qwen3.5-122b-a10b,alibaba,0,1.0,Alibaba,A,3.978e-05,0.9046670280264321,0.0005386005772464453,0
comprehension,rival_majority,neutral,4020,-1,0,0,0,aPrPrPaPaPaP,A,qwen-122b,qwen/qwen3.5-122b-a10b,alibaba,0,1.0,Alibaba,A,4.16e-05,0.9992903976606836,0.00015832189444777562,0
comprehension,rival_majority,neutral,4020,-1,0,1,0,aPrPaPaPrPaP,A,qwen-122b,qwen/qwen3.5-122b-a10b,alibaba,0,1.0,Alibaba,A,4.16e-05,0.9995122304131614,0.00016512231356565995,0
comprehension,rival_majority,neutral,4020,1,0,0,0,rPaPaPrPaPaP,A,qwen-122b,qwen/qwen3.5-122b-a10b,alibaba,0,1.0,Alibaba,A,4.16e-05,0.9997040510013073,0.00018582461766945943,0
comprehension,rival_majority,neutral,4020,1,0,1,0,rPaPrPaPaPaP,A,qwen-122b,qwen/qwen3.5-122b-a10b,alibaba,0,1.0,Alibaba,A,4.16e-05,0.9978174106344846,0.00012178019893267474,0
comprehension,rival_majority,neutral,4101,-1,0,0,0,aPaPrQaPaQaP,B,qwen-122b,qwen/qwen3.5-122b-a10b,alibaba,0,1.0,Alibaba,B,4.16e-05,0.042087728516379284,0.0015456282301146151,0
comprehension,rival_majority,neutral,4101,-1,0,1,0,aQaPaPaPrQaP,B,qwen-122b,qwen/qwen3.5-122b-a10b,alibaba,0,1.0,Alibaba,B,4.16e-05,0.042087726413717746,0.001366072450404765,0
comprehension,rival_majority,neutral,4101,1,0,0,0,aPaPrQaQaPaP,B,qwen-122b,qwen/qwen3.5-122b-a10b,alibaba,0,1.0,Alibaba,B,4.16e-05,0.0017004173649482644,0.00014166076819954743,0
comprehension,rival_majority,neutral,4101,1,0,1,0,aQaPaPaPrQaP,B,qwen-122b,qwen/qwen3.5-122b-a10b,alibaba,0,1.0,Alibaba,B,4.16e-05,0.060086645966199635,0.002952452413197637,0
comprehension,rival_majority,neutral,4110,-1,0,0,0,aPaPaPaQaPrP,A,qwen-122b,qwen/qwen3.5-122b-a10b,alibaba,0,1.0,Alibaba,A,4.16e-05,0.998073534261141,0.00017866253368079683,0
comprehension,rival_majority,neutral,4110,-1,0,1,0,rPaQaPaPaPaP,A,qwen-122b,qwen/qwen3.5-122b-a10b,alibaba,0,1.0,Alibaba,A,4.16e-05,0.9959306874683889,0.0002749362979304962,0
comprehension,rival_majority,neutral,4110,1,0,0,0,rPaPaPaQaPaP,A,qwen-122b,qwen/qwen3.5-122b-a10b,alibaba,0,1.0,Alibaba,A,4.16e-05,0.996827759514493,0.00034774693968877245,0
comprehension,rival_majority,neutral,4110,1,0,1,0,rPaPaPaQaPaP,A,qwen-122b,qwen/qwen3.5-122b-a10b,alibaba,0,1.0,Alibaba,A,4.16e-05,0.9933080781662768,0.0001529338630337721,0
comprehension,rival_majority,neutral,5001,-1,0,0,0,aPaPrQaPaPaP,B,qwen-122b,qwen/qwen3.5-122b-a10b,alibaba,0,1.0,Alibaba,B,4.16e-05,0.022977370662700766,0.001062922988170123,0
comprehension,rival_majority,neutral,5001,-1,0,1,0,aPrQaPaPaPaP,B,qwen-122b,qwen/qwen3.5-122b-a10b,alibaba,0,1.0,Alibaba,B,4.16e-05,0.022977369491872766,0.0009144841652051205,0
comprehension,rival_majority,neutral,5001,1,0,0,0,rQaPaPaPaPaP,B,qwen-122b,qwen/qwen3.5-122b-a10b,alibaba,0,1.0,Alibaba,B,4.16e-05,0.0066919208522021965,0.00020761360458787514,0
comprehension,rival_majority,neutral,5001,1,0,1,0,aPaPaPaPaPrQ,B,qwen-122b,qwen/qwen3.5-122b-a10b,alibaba,0,1.0,Alibaba,B,4.16e-05,0.0011693662813144839,0.0001595932701800029,0
comprehension,rival_majority,neutral,5010,-1,0,0,0,aPaPaPrPaPaP,A,qwen-122b,qwen/qwen3.5-122b-a10b,alibaba,0,1.0,Alibaba,A,4.16e-05,0.9525741313664297,0.0007877762125264934,0
comprehension,rival_majority,neutral,5010,-1,0,1,0,aPaPrPaPaPaP,A,qwen-122b,qwen/qwen3.5-122b-a10b,alibaba,0,1.0,Alibaba,A,4.16e-05,0.9466069498752416,0.0005887233348721918,0
comprehension,rival_majority,neutral,5010,1,0,0,0,aPaPaPrPaPaP,A,qwen-122b,qwen/qwen3.5-122b-a10b,alibaba,0,1.0,Alibaba,A,4.16e-05,0.8354835309589074,0.005333932572942013,0
comprehension,rival_majority,neutral,5010,1,0,1,0,aPaPaPaPaPrP,A,qwen-122b,qwen/qwen3.5-122b-a10b,alibaba,0,1.0,Alibaba,A,4.16e-05,0.9770250734715158,0.00028782888919474947,0
