arm,framing,counts,s0,mapping,order,perm,seq,key,model,tag,rep,temperature,served,content,cost,pA,leak,censored
neutral_noown,neutral,0001,0,0,0,0,rQ,llama-8b,meta-llama/llama-3.1-8b-instruct,coreweave/bf16,100,1.0,CoreWeave,B,2.728e-05,0.29421497216298875,0.258658131353361,0
neutral_noown,neutral,0001,0,0,0,0,rQ,llama-8b,meta-llama/llama-3.1-8b-instruct,coreweave/bf16,101,1.0,CoreWeave,A,2.728e-05,0.2942149597859341,0.2586743609589842,0
neutral_noown,neutral,0001,0,0,1,0,rQ,llama-8b,meta-llama/llama-3.1-8b-instruct,coreweave/bf16,100,1.0,CoreWeave,B,2.728e-05,0.5926665999540698,0.19820366918231752,0
neutral_noown,neutral,0001,0,0,1,0,rQ,llama-8b,meta-llama/llama-3.1-8b-instruct,coreweave/bf16,101,1.0,CoreWeave,B,2.728e-05,0.5926665999540698,0.21225498232401102,0
neutral_noown,neutral,0010,0,0,0,0,rP,llama-8b,meta-llama/llama-3.1-8b-instruct,coreweave/bf16,100,1.0,CoreWeave,B,2.728e-05,0.07585817479810981,0.15237734524353552,0
neutral_noown,neutral,0010,0,0,0,0,rP,llama-8b,meta-llama/llama-3.1-8b-instruct,coreweave/bf16,101,1.0,CoreWeave,B,2.728e-05,0.07585817479810981,0.15237734524353552,0
neutral_noown,neutral,0010,0,0,1,0,rP,llama-8b,meta-llama/llama-3.1-8b-instruct,coreweave/bf16,100,1.0,CoreWeave,B,2.728e-05,0.4378235137849365,0.16623225278417086,0
neutral_noown,neutral,0010,0,0,1,0,rP,llama-8b,meta-llama/llama-3.1-8b-instruct,coreweave/bf16,101,1.0,CoreWeave,A,2.728e-05,0.4378235137849365,0.1844559895198008,0
neutral_noown,neutral,0011,0,0,0,0,rQrP,llama-8b,meta-llama/llama-3.1-8b-instruct,coreweave/bf16,100,1.0,CoreWeave,Since,2.86e-05,0.4687906266262437,0.6713304531150829,0
neutral_noown,neutral,0011,0,0,0,0,rQrP,llama-8b,meta-llama/llama-3.1-8b-instruct,coreweave/bf16,101,1.0,CoreWeave,Since,2.86e-05,0.4687906266262437,0.6713304531150829,0
neutral_noown,neutral,0011,0,0,1,0,rPrQ,llama-8b,meta-llama/llama-3.1-8b-instruct,coreweave/bf16,100,1.0,CoreWeave,B,2.86e-05,0.5926665999540698,0.5005048953122342,0
neutral_noown,neutral,0011,0,0,1,0,rPrQ,llama-8b,meta-llama/llama-3.1-8b-instruct,coreweave/bf16,101,1.0,CoreWeave,B,2.86e-05,0.5926665999540698,0.5005048953122342,0
neutral_noown,neutral,0020,0,0,0,0,rPrP,llama-8b,meta-llama/llama-3.1-8b-instruct,coreweave/bf16,100,1.0,CoreWeave,B,2.86e-05,0.08509904036636975,0.32916402933210465,0
neutral_noown,neutral,0020,0,0,0,0,rPrP,llama-8b,meta-llama/llama-3.1-8b-instruct,coreweave/bf16,101,1.0,CoreWeave,B,2.86e-05,0.07585818211049715,0.33363806792895623,0
neutral_noown,neutral,0020,0,0,1,0,rPrP,llama-8b,meta-llama/llama-3.1-8b-instruct,coreweave/bf16,100,1.0,CoreWeave,I,2.86e-05,0.5,0.32641567061671367,0
neutral_noown,neutral,0020,0,0,1,0,rPrP,llama-8b,meta-llama/llama-3.1-8b-instruct,coreweave/bf16,101,1.0,CoreWeave,I,2.86e-05,0.5,0.32641567061671367,0
neutral_noown,neutral,0100,0,0,0,0,aQ,llama-8b,meta-llama/llama-3.1-8b-instruct,coreweave/bf16,100,1.0,CoreWeave,B,2.728e-05,0.2942149845400438,0.21216129106573534,0
neutral_noown,neutral,0100,0,0,0,0,aQ,llama-8b,meta-llama/llama-3.1-8b-instruct,coreweave/bf16,101,1.0,CoreWeave,B,2.728e-05,0.2689414213699951,0.20600009904069527,0
neutral_noown,neutral,0100,0,0,1,0,aQ,llama-8b,meta-llama/llama-3.1-8b-instruct,coreweave/bf16,100,1.0,CoreWeave,B,2.728e-05,0.6513548646660543,0.16276378191360558,0
neutral_noown,neutral,0100,0,0,1,0,aQ,llama-8b,meta-llama/llama-3.1-8b-instruct,coreweave/bf16,101,1.0,CoreWeave,B,2.728e-05,0.6513548646660543,0.16276378191360558,0
neutral_noown,neutral,0120,0,0,0,0,rPaQrP,llama-8b,meta-llama/llama-3.1-8b-instruct,coreweave/bf16,100,1.0,CoreWeave,Since,2.992e-05,0.18242550602671442,0.5208862383578566,0
neutral_noown,neutral,0120,0,0,0,0,rPaQrP,llama-8b,meta-llama/llama-3.1-8b-instruct,coreweave/bf16,101,1.0,CoreWeave,B,2.992e-05,0.18242550602671442,0.5208862383578566,0
neutral_noown,neutral,0120,0,0,1,0,rPrPaQ,llama-8b,meta-llama/llama-3.1-8b-instruct,coreweave/bf16,100,1.0,CoreWeave,To,2.992e-05,0.5312093733737563,0.5723634655203484,0
neutral_noown,neutral,0120,0,0,1,0,rPrPaQ,llama-8b,meta-llama/llama-3.1-8b-instruct,coreweave/bf16,101,1.0,CoreWeave,A,2.992e-05,0.5312093733737563,0.5723634655203484,0
neutral_noown,neutral,0200,0,0,0,0,aQaQ,llama-8b,meta-llama/llama-3.1-8b-instruct,coreweave/bf16,100,1.0,CoreWeave,I,2.86e-05,0.2942149721629888,0.3741404167914699,0
neutral_noown,neutral,0200,0,0,0,0,aQaQ,llama-8b,meta-llama/llama-3.1-8b-instruct,coreweave/bf16,101,1.0,CoreWeave,B,2.86e-05,0.2942149721629888,0.3741404167914699,0
neutral_noown,neutral,0200,0,0,1,0,aQaQ,llama-8b,meta-llama/llama-3.1-8b-instruct,coreweave/bf16,100,1.0,CoreWeave,A,2.86e-05,0.4687906266262437,0.3176013037451891,0
neutral_noown,neutral,0200,0,0,1,0,aQaQ,llama-8b,meta-llama/llama-3.1-8b-instruct,coreweave/bf16,101,1.0,CoreWeave,B,2.86e-05,0.4687906266262437,0.3246206134506423,0
neutral_noown,neutral,0201,0,0,0,0,aQaQrQ,llama-8b,meta-llama/llama-3.1-8b-instruct,coreweave/bf16,100,1.0,CoreWeave,Given,2.992e-05,0.2450850351882784,0.5909788559187075,0
neutral_noown,neutral,0201,0,0,0,0,aQaQrQ,llama-8b,meta-llama/llama-3.1-8b-instruct,coreweave/bf16,101,1.0,CoreWeave,A,2.992e-05,0.2450850351882784,0.5909788559187075,0
neutral_noown,neutral,0201,0,0,1,0,aQrQaQ,llama-8b,meta-llama/llama-3.1-8b-instruct,coreweave/bf16,100,1.0,CoreWeave,A,2.992e-05,0.679178699175393,0.48812629326088575,0
neutral_noown,neutral,0201,0,0,1,0,aQrQaQ,llama-8b,meta-llama/llama-3.1-8b-instruct,coreweave/bf16,101,1.0,CoreWeave,To,2.992e-05,0.7057850278370114,0.46093684513772065,0
neutral_noown,neutral,0202,0,0,0,0,rQrQaQaQ,llama-8b,meta-llama/llama-3.1-8b-instruct,coreweave/bf16,100,1.0,CoreWeave,A,3.124e-05,0.34864513533394575,0.8298541615091344,0
neutral_noown,neutral,0202,0,0,0,0,rQrQaQaQ,llama-8b,meta-llama/llama-3.1-8b-instruct,coreweave/bf16,101,1.0,CoreWeave,Since,3.124e-05,0.3775406687981454,0.8360645647030857,0
neutral_noown,neutral,0202,0,0,1,0,aQaQrQrQ,llama-8b,meta-llama/llama-3.1-8b-instruct,coreweave/bf16,100,1.0,CoreWeave,Given,3.124e-05,0.7549149648117216,0.7153852576819754,0
neutral_noown,neutral,0202,0,0,1,0,aQaQrQrQ,llama-8b,meta-llama/llama-3.1-8b-instruct,coreweave/bf16,101,1.0,CoreWeave,Considering,3.124e-05,0.835483553488848,0.7857184087650507,1
neutral_noown,neutral,0212,0,0,0,0,rQrPaQrQaQ,llama-8b,meta-llama/llama-3.1-8b-instruct,coreweave/bf16,100,1.0,CoreWeave,To,3.256e-05,0.5,1.0,1
neutral_noown,neutral,0212,0,0,0,0,rQrPaQrQaQ,llama-8b,meta-llama/llama-3.1-8b-instruct,coreweave/bf16,101,1.0,CoreWeave,To,3.256e-05,0.5,1.0,1
neutral_noown,neutral,0212,0,0,1,0,rQaQrQrPaQ,llama-8b,meta-llama/llama-3.1-8b-instruct,coreweave/bf16,100,1.0,CoreWeave,To,3.256e-05,0.5,1.0,1
neutral_noown,neutral,0212,0,0,1,0,rQaQrQrPaQ,llama-8b,meta-llama/llama-3.1-8b-instruct,coreweave/bf16,101,1.0,CoreWeave,To,3.256e-05,0.5,1.0,1
neutral_noown,neutral,0220,0,0,0,0,aQrPaQrP,llama-8b,meta-llama/llama-3.1-8b-instruct,coreweave/bf16,100,1.0,CoreWeave,Given,3.124e-05,0.22270013882530887,0.8399159491634305,1
neutral_noown,neutral,0220,0,0,0,0,aQrPaQrP,llama-8b,meta-llama/llama-3.1-8b-instruct,coreweave/bf16,101,1.0,CoreWeave,Since,3.124e-05,0.22270013882530887,0.8399159491634305,1
neutral_noown,neutral,0220,0,0,1,0,aQrPaQrP,llama-8b,meta-llama/llama-3.1-8b-instruct,coreweave/bf16,100,1.0,CoreWeave,To,3.124e-05,0.562176530227267,0.7510257554266592,0
neutral_noown,neutral,0220,0,0,1,0,aQrPaQrP,llama-8b,meta-llama/llama-3.1-8b-instruct,coreweave/bf16,101,1.0,CoreWeave,To,3.124e-05,0.5312093733737563,0.7444520950938649,0
neutral_noown,neutral,0231,0,0,0,0,aQrPaQrPrQrP,llama-8b,meta-llama/llama-3.1-8b-instruct,coreweave/bf16,100,1.0,CoreWeave,To,3.388e-05,0.5,1.0,1
neutral_noown,neutral,0231,0,0,0,0,aQrPaQrPrQrP,llama-8b,meta-llama/llama-3.1-8b-instruct,coreweave/bf16,101,1.0,CoreWeave,To,3.388e-05,0.5,1.0,1
neutral_noown,neutral,0231,0,0,1,0,rPrPaQrPrQaQ,llama-8b,meta-llama/llama-3.1-8b-instruct,coreweave/bf16,100,1.0,CoreWeave,To,3.388e-05,0.5,1.0,1
neutral_noown,neutral,0231,0,0,1,0,rPrPaQrPrQaQ,llama-8b,meta-llama/llama-3.1-8b-instruct,coreweave/bf16,101,1.0,CoreWeave,To,3.388e-05,0.5,1.0,1
neutral_noown,neutral,0501,0,0,0,0,aQaQaQrQaQaQ,llama-8b,meta-llama/llama-3.1-8b-instruct,coreweave/bf16,100,1.0,CoreWeave,To,3.388e-05,0.5,1.0,1
neutral_noown,neutral,0501,0,0,0,0,aQaQaQrQaQaQ,llama-8b,meta-llama/llama-3.1-8b-instruct,coreweave/bf16,101,1.0,CoreWeave,To,3.388e-05,0.5,1.0,1
neutral_noown,neutral,0501,0,0,1,0,aQaQaQaQaQrQ,llama-8b,meta-llama/llama-3.1-8b-instruct,coreweave/bf16,100,1.0,CoreWeave,A,3.388e-05,0.6224593312018545,0.7452085850861303,0
neutral_noown,neutral,0501,0,0,1,0,aQaQaQaQaQrQ,llama-8b,meta-llama/llama-3.1-8b-instruct,coreweave/bf16,101,1.0,CoreWeave,To,3.388e-05,0.7057850525911202,0.8575626317139087,1
neutral_noown,neutral,1000,0,0,0,0,aP,llama-8b,meta-llama/llama-3.1-8b-instruct,coreweave/bf16,100,1.0,CoreWeave,B,2.728e-05,0.3486451353339458,0.15862449534648615,0
neutral_noown,neutral,1000,0,0,0,0,aP,llama-8b,meta-llama/llama-3.1-8b-instruct,coreweave/bf16,101,1.0,CoreWeave,B,2.728e-05,0.37754066879814546,0.15263432827801315,0
neutral_noown,neutral,1000,0,0,1,0,aP,llama-8b,meta-llama/llama-3.1-8b-instruct,coreweave/bf16,100,1.0,CoreWeave,B,2.728e-05,0.6224593312018546,0.1553357701878505,0
neutral_noown,neutral,1000,0,0,1,0,aP,llama-8b,meta-llama/llama-3.1-8b-instruct,coreweave/bf16,101,1.0,CoreWeave,A,2.728e-05,0.6224593312018546,0.1553357701878505,0
neutral_noown,neutral,1010,0,0,0,0,rPaP,llama-8b,meta-llama/llama-3.1-8b-instruct,coreweave/bf16,100,1.0,CoreWeave,B,2.86e-05,0.2227001491431584,0.31756578697412274,0
neutral_noown,neutral,1010,0,0,0,0,rPaP,llama-8b,meta-llama/llama-3.1-8b-instruct,coreweave/bf16,101,1.0,CoreWeave,I,2.86e-05,0.2227001491431584,0.31756578697412274,0
neutral_noown,neutral,1010,0,0,1,0,rPaP,llama-8b,meta-llama/llama-3.1-8b-instruct,coreweave/bf16,100,1.0,CoreWeave,B,2.86e-05,0.6224593312018546,0.256468157627523,0
neutral_noown,neutral,1010,0,0,1,0,rPaP,llama-8b,meta-llama/llama-3.1-8b-instruct,coreweave/bf16,101,1.0,CoreWeave,A,2.86e-05,0.6513548646660542,0.258405518374626,0
neutral_noown,neutral,1011,0,0,0,0,rQrPaP,llama-8b,meta-llama/llama-3.1-8b-instruct,coreweave/bf16,100,1.0,CoreWeave,B,2.992e-05,0.37754066879814546,0.7835685866201807,0
neutral_noown,neutral,1011,0,0,0,0,rQrPaP,llama-8b,meta-llama/llama-3.1-8b-instruct,coreweave/bf16,101,1.0,CoreWeave,To,2.992e-05,0.37754066879814546,0.7644554338362001,0
neutral_noown,neutral,1011,0,0,1,0,rPrQaP,llama-8b,meta-llama/llama-3.1-8b-instruct,coreweave/bf16,100,1.0,CoreWeave,To,2.992e-05,0.5926665999540698,0.6023032491357202,0
neutral_noown,neutral,1011,0,0,1,0,rPrQaP,llama-8b,meta-llama/llama-3.1-8b-instruct,coreweave/bf16,101,1.0,CoreWeave,I,2.992e-05,0.5926665999540697,0.5770125782729062,0
neutral_noown,neutral,1113,0,0,0,0,rQaQrPrQrQaP,llama-8b,meta-llama/llama-3.1-8b-instruct,coreweave/bf16,100,1.0,CoreWeave,To,3.388e-05,0.5,1.0,1
neutral_noown,neutral,1113,0,0,0,0,rQaQrPrQrQaP,llama-8b,meta-llama/llama-3.1-8b-instruct,coreweave/bf16,101,1.0,CoreWeave,To,3.388e-05,0.5,1.0,1
neutral_noown,neutral,1113,0,0,1,0,aQrQrPrQaPrQ,llama-8b,meta-llama/llama-3.1-8b-instruct,coreweave/bf16,100,1.0,CoreWeave,Since,3.388e-05,0.5,1.0,1
neutral_noown,neutral,1113,0,0,1,0,aQrQrPrQaPrQ,llama-8b,meta-llama/llama-3.1-8b-instruct,coreweave/bf16,101,1.0,CoreWeave,To,3.388e-05,0.5,1.0,1
neutral_noown,neutral,1200,0,0,0,0,aPaQaQ,llama-8b,meta-llama/llama-3.1-8b-instruct,coreweave/bf16,100,1.0,CoreWeave,B,2.992e-05,0.5621765008857981,0.6596405670468959,0
neutral_noown,neutral,1200,0,0,0,0,aPaQaQ,llama-8b,meta-llama/llama-3.1-8b-instruct,coreweave/bf16,101,1.0,CoreWeave,Considering,2.992e-05,0.5312093733737563,0.6454569547451007,0
neutral_noown,neutral,1200,0,0,1,0,aQaPaQ,llama-8b,meta-llama/llama-3.1-8b-instruct,coreweave/bf16,100,1.0,CoreWeave,To,2.992e-05,0.5926665999540698,0.7592161277049919,0
neutral_noown,neutral,1200,0,0,1,0,aQaPaQ,llama-8b,meta-llama/llama-3.1-8b-instruct,coreweave/bf16,101,1.0,CoreWeave,B,2.992e-05,0.5926665999540698,0.7592161277049919,0
neutral_noown,neutral,1211,0,0,0,0,rQaQrPaQaP,llama-8b,meta-llama/llama-3.1-8b-instruct,coreweave/bf16,100,1.0,CoreWeave,To,3.256e-05,0.5,1.0,1
neutral_noown,neutral,1211,0,0,0,0,rQaQrPaQaP,llama-8b,meta-llama/llama-3.1-8b-instruct,coreweave/bf16,101,1.0,CoreWeave,To,3.256e-05,0.5,1.0,1
neutral_noown,neutral,1211,0,0,1,0,aQaPrPrQaQ,llama-8b,meta-llama/llama-3.1-8b-instruct,coreweave/bf16,100,1.0,CoreWeave,To,3.256e-05,0.5,1.0,1
neutral_noown,neutral,1211,0,0,1,0,aQaPrPrQaQ,llama-8b,meta-llama/llama-3.1-8b-instruct,coreweave/bf16,101,1.0,CoreWeave,To,3.256e-05,0.5,1.0,1
neutral_noown,neutral,1220,0,0,0,0,aQaPrPrPaQ,llama-8b,meta-llama/llama-3.1-8b-instruct,coreweave/bf16,100,1.0,CoreWeave,Given,3.256e-05,0.5,0.9780554669048916,1
neutral_noown,neutral,1220,0,0,0,0,aQaPrPrPaQ,llama-8b,meta-llama/llama-3.1-8b-instruct,coreweave/bf16,101,1.0,CoreWeave,Based,3.256e-05,0.5,1.0,1
neutral_noown,neutral,1220,0,0,1,0,aQaPrPaQrP,llama-8b,meta-llama/llama-3.1-8b-instruct,coreweave/bf16,100,1.0,CoreWeave,Since,3.256e-05,0.5,0.9656654618717468,1
neutral_noown,neutral,1220,0,0,1,0,aQaPrPaQrP,llama-8b,meta-llama/llama-3.1-8b-instruct,coreweave/bf16,101,1.0,CoreWeave,To,3.256e-05,0.5,0.9691092796298921,1
neutral_noown,neutral,2102,0,0,0,0,aQaPrQrQaP,llama-8b,meta-llama/llama-3.1-8b-instruct,coreweave/bf16,100,1.0,CoreWeave,To,3.256e-05,0.5,0.9699860148150954,1
neutral_noown,neutral,2102,0,0,0,0,aQaPrQrQaP,llama-8b,meta-llama/llama-3.1-8b-instruct,coreweave/bf16,101,1.0,CoreWeave,Since,3.256e-05,0.5,0.9699860148150954,1
neutral_noown,neutral,2102,0,0,1,0,aPrQaPaQrQ,llama-8b,meta-llama/llama-3.1-8b-instruct,coreweave/bf16,100,1.0,CoreWeave,To,3.256e-05,0.5312093733737563,0.8832009941537832,1
neutral_noown,neutral,2102,0,0,1,0,aPrQaPaQrQ,llama-8b,meta-llama/llama-3.1-8b-instruct,coreweave/bf16,101,1.0,CoreWeave,To,3.256e-05,0.5,0.8953163999486835,1
neutral_noown,neutral,2220,0,0,0,0,aPrPaPrPaQaQ,llama-8b,meta-llama/llama-3.1-8b-instruct,coreweave/bf16,100,1.0,CoreWeave,A,3.388e-05,0.5312093733737562,0.9580005410601854,1
neutral_noown,neutral,2220,0,0,0,0,aPrPaPrPaQaQ,llama-8b,meta-llama/llama-3.1-8b-instruct,coreweave/bf16,101,1.0,CoreWeave,Given,3.388e-05,0.5,0.9602193541888083,1
neutral_noown,neutral,2220,0,0,1,0,rPaPaQaQrPaP,llama-8b,meta-llama/llama-3.1-8b-instruct,coreweave/bf16,100,1.0,CoreWeave,To,3.388e-05,0.5,1.0,1
neutral_noown,neutral,2220,0,0,1,0,rPaPaQaQrPaP,llama-8b,meta-llama/llama-3.1-8b-instruct,coreweave/bf16,101,1.0,CoreWeave,To,3.388e-05,0.5,1.0,1
neutral_noown,neutral,3001,0,0,0,0,rQaPaPaP,llama-8b,meta-llama/llama-3.1-8b-instruct,coreweave/bf16,100,1.0,CoreWeave,Given,3.124e-05,0.5,0.7226150405652167,0
neutral_noown,neutral,3001,0,0,0,0,rQaPaPaP,llama-8b,meta-llama/llama-3.1-8b-instruct,coreweave/bf16,101,1.0,CoreWeave,To,3.124e-05,0.46879062662624377,0.7316434008388518,0
neutral_noown,neutral,3001,0,0,1,0,aPrQaPaP,llama-8b,meta-llama/llama-3.1-8b-instruct,coreweave/bf16,100,1.0,CoreWeave,A,3.124e-05,0.8175744761936437,0.5857544118215777,0
neutral_noown,neutral,3001,0,0,1,0,aPrQaPaP,llama-8b,meta-llama/llama-3.1-8b-instruct,coreweave/bf16,101,1.0,CoreWeave,Considering,3.124e-05,0.8175744584140004,0.6594081213949811,1
neutral_noown,neutral,3010,0,0,0,0,aPrPaPaP,llama-8b,meta-llama/llama-3.1-8b-instruct,coreweave/bf16,100,1.0,CoreWeave,B,3.124e-05,0.34864513533394575,0.6137749160920928,0
neutral_noown,neutral,3010,0,0,0,0,aPrPaPaP,llama-8b,meta-llama/llama-3.1-8b-instruct,coreweave/bf16,101,1.0,CoreWeave,B,3.124e-05,0.34864513533394575,0.611313548434335,0
neutral_noown,neutral,3010,0,0,1,0,aPrPaPaP,llama-8b,meta-llama/llama-3.1-8b-instruct,coreweave/bf16,100,1.0,CoreWeave,To,3.124e-05,0.8670357460591569,0.5153741250976809,0
neutral_noown,neutral,3010,0,0,1,0,aPrPaPaP,llama-8b,meta-llama/llama-3.1-8b-instruct,coreweave/bf16,101,1.0,CoreWeave,A,3.124e-05,0.8519527869325345,0.5100826284253115,0
neutral_noown,neutral,4011,0,0,0,0,rPaPaPaPaPrQ,llama-8b,meta-llama/llama-3.1-8b-instruct,coreweave/bf16,100,1.0,CoreWeave,Since,3.388e-05,0.5,0.8945589524653816,0
neutral_noown,neutral,4011,0,0,0,0,rPaPaPaPaPrQ,llama-8b,meta-llama/llama-3.1-8b-instruct,coreweave/bf16,101,1.0,CoreWeave,To,3.388e-05,0.5,0.8945589524653816,0
neutral_noown,neutral,4011,0,0,1,0,aPaPaPrPrQaP,llama-8b,meta-llama/llama-3.1-8b-instruct,coreweave/bf16,100,1.0,CoreWeave,Since,3.388e-05,0.5,1.0,1
neutral_noown,neutral,4011,0,0,1,0,aPaPaPrPrQaP,llama-8b,meta-llama/llama-3.1-8b-instruct,coreweave/bf16,101,1.0,CoreWeave,Since,3.388e-05,0.5,1.0,1
neutral_own,neutral,0001,-1,0,0,0,rQ,llama-8b,meta-llama/llama-3.1-8b-instruct,coreweave/bf16,100,1.0,CoreWeave,A,2.86e-05,0.8175744806385543,0.14298476916833566,0
neutral_own,neutral,0001,-1,0,0,0,rQ,llama-8b,meta-llama/llama-3.1-8b-instruct,coreweave/bf16,101,1.0,CoreWeave,A,2.86e-05,0.8175744806385543,0.14298476916833566,0
neutral_own,neutral,0001,-1,0,1,0,rQ,llama-8b,meta-llama/llama-3.1-8b-instruct,coreweave/bf16,100,1.0,CoreWeave,A,2.86e-05,0.9770226319298468,0.06976373356884624,0
neutral_own,neutral,0001,-1,0,1,0,rQ,llama-8b,meta-llama/llama-3.1-8b-instruct,coreweave/bf16,101,1.0,CoreWeave,A,2.86e-05,0.9770226319298468,0.06976373356884624,0
neutral_own,neutral,0001,1,0,0,0,rQ,llama-8b,meta-llama/llama-3.1-8b-instruct,coreweave/bf16,100,1.0,CoreWeave,B,2.86e-05,0.10669059678604235,0.1705583061270447,0
neutral_own,neutral,0001,1,0,0,0,rQ,llama-8b,meta-llama/llama-3.1-8b-instruct,coreweave/bf16,101,1.0,CoreWeave,B,2.86e-05,0.10669059678604235,0.1705583061270447,0
neutral_own,neutral,0001,1,0,1,0,rQ,llama-8b,meta-llama/llama-3.1-8b-instruct,coreweave/bf16,100,1.0,CoreWeave,B,2.86e-05,0.14804719051380197,0.1306549121117505,0
neutral_own,neutral,0001,1,0,1,0,rQ,llama-8b,meta-llama/llama-3.1-8b-instruct,coreweave/bf16,101,1.0,CoreWeave,B,2.86e-05,0.1480472055495773,0.1311454653512526,0
neutral_own,neutral,0010,-1,0,0,0,rP,llama-8b,meta-llama/llama-3.1-8b-instruct,coreweave/bf16,100,1.0,CoreWeave,B,2.86e-05,0.6513548646660543,0.1503663701613992,0
neutral_own,neutral,0010,-1,0,0,0,rP,llama-8b,meta-llama/llama-3.1-8b-instruct,coreweave/bf16,101,1.0,CoreWeave,A,2.86e-05,0.6513548646660543,0.1503663701613992,0
neutral_own,neutral,0010,-1,0,1,0,rP,llama-8b,meta-llama/llama-3.1-8b-instruct,coreweave/bf16,100,1.0,CoreWeave,A,2.86e-05,0.9840936117869876,0.08841543068091912,0
neutral_own,neutral,0010,-1,0,1,0,rP,llama-8b,meta-llama/llama-3.1-8b-instruct,coreweave/bf16,101,1.0,CoreWeave,A,2.86e-05,0.9840936117869876,0.08841543068091912,0
neutral_own,neutral,0010,1,0,0,0,rP,llama-8b,meta-llama/llama-3.1-8b-instruct,coreweave/bf16,100,1.0,CoreWeave,B,2.86e-05,0.020332355123551627,0.059091259842455224,0
neutral_own,neutral,0010,1,0,0,0,rP,llama-8b,meta-llama/llama-3.1-8b-instruct,coreweave/bf16,101,1.0,CoreWeave,B,2.86e-05,0.020332355271959375,0.06601318407073875,0
neutral_own,neutral,0010,1,0,1,0,rP,llama-8b,meta-llama/llama-3.1-8b-instruct,coreweave/bf16,100,1.0,CoreWeave,B,2.86e-05,0.18242552825126704,0.07814252688326129,0
neutral_own,neutral,0010,1,0,1,0,rP,llama-8b,meta-llama/llama-3.1-8b-instruct,coreweave/bf16,101,1.0,CoreWeave,B,2.86e-05,0.18242552825126704,0.07814252688326129,0
neutral_own,neutral,0011,-1,0,0,0,rPrQ,llama-8b,meta-llama/llama-3.1-8b-instruct,coreweave/bf16,100,1.0,CoreWeave,A,2.992e-05,0.8519528019683106,0.3187361222744708,0
neutral_own,neutral,0011,-1,0,0,0,rPrQ,llama-8b,meta-llama/llama-3.1-8b-instruct,coreweave/bf16,101,1.0,CoreWeave,I,2.992e-05,0.8519527944504227,0.3639552625821283,0
neutral_own,neutral,0011,-1,0,1,0,rPrQ,llama-8b,meta-llama/llama-3.1-8b-instruct,coreweave/bf16,100,1.0,CoreWeave,A,2.992e-05,0.962673111584966,0.28685441122418964,0
neutral_own,neutral,0011,-1,0,1,0,rPrQ,llama-8b,meta-llama/llama-3.1-8b-instruct,coreweave/bf16,101,1.0,CoreWeave,A,2.992e-05,0.9579122684798184,0.2607642258993276,0
neutral_own,neutral,0011,1,0,0,0,rQrP,llama-8b,meta-llama/llama-3.1-8b-instruct,coreweave/bf16,100,1.0,CoreWeave,A,2.992e-05,0.22270013882530884,0.3209772589031912,0
neutral_own,neutral,0011,1,0,0,0,rQrP,llama-8b,meta-llama/llama-3.1-8b-instruct,coreweave/bf16,101,1.0,CoreWeave,A,2.992e-05,0.22270013882530887,0.31123788040776323,0
neutral_own,neutral,0011,1,0,1,0,rQrP,llama-8b,meta-llama/llama-3.1-8b-instruct,coreweave/bf16,100,1.0,CoreWeave,B,2.992e-05,0.24508502416032485,0.27328266937086754,0
neutral_own,neutral,0011,1,0,1,0,rQrP,llama-8b,meta-llama/llama-3.1-8b-instruct,coreweave/bf16,101,1.0,CoreWeave,I,2.992e-05,0.24508502416032485,0.27328266937086754,0
neutral_own,neutral,0020,-1,0,0,0,rPrP,llama-8b,meta-llama/llama-3.1-8b-instruct,coreweave/bf16,100,1.0,CoreWeave,A,2.992e-05,0.7057850278370112,0.2718926311673495,0
neutral_own,neutral,0020,-1,0,0,0,rPrP,llama-8b,meta-llama/llama-3.1-8b-instruct,coreweave/bf16,101,1.0,CoreWeave,A,2.992e-05,0.7057850154599562,0.2830268341811141,0
neutral_own,neutral,0020,-1,0,1,0,rPrP,llama-8b,meta-llama/llama-3.1-8b-instruct,coreweave/bf16,100,1.0,CoreWeave,A,2.992e-05,0.9626731126558705,0.21430068977765107,0
neutral_own,neutral,0020,-1,0,1,0,rPrP,llama-8b,meta-llama/llama-3.1-8b-instruct,coreweave/bf16,101,1.0,CoreWeave,A,2.992e-05,0.9626731083722524,0.23765637311856175,0
neutral_own,neutral,0020,1,0,0,0,rPrP,llama-8b,meta-llama/llama-3.1-8b-instruct,coreweave/bf16,100,1.0,CoreWeave,B,2.992e-05,0.020332351858581475,0.0831443880409346,0
neutral_own,neutral,0020,1,0,0,0,rPrP,llama-8b,meta-llama/llama-3.1-8b-instruct,coreweave/bf16,101,1.0,CoreWeave,B,2.992e-05,0.022977369408242194,0.08282379406728213,0
neutral_own,neutral,0020,1,0,1,0,rPrP,llama-8b,meta-llama/llama-3.1-8b-instruct,coreweave/bf16,100,1.0,CoreWeave,A,2.992e-05,0.18242552380635635,0.10361220111370928,0
neutral_own,neutral,0020,1,0,1,0,rPrP,llama-8b,meta-llama/llama-3.1-8b-instruct,coreweave/bf16,101,1.0,CoreWeave,B,2.992e-05,0.18242552380635635,0.10361220111370928,0
neutral_own,neutral,0100,-1,0,0,0,aQ,llama-8b,meta-llama/llama-3.1-8b-instruct,coreweave/bf16,100,1.0,CoreWeave,B,2.86e-05,0.8670357598021707,0.13833107666590488,0
neutral_own,neutral,0100,-1,0,0,0,aQ,llama-8b,meta-llama/llama-3.1-8b-instruct,coreweave/bf16,101,1.0,CoreWeave,A,2.86e-05,0.8519528132451417,0.14166143863943234,0
neutral_own,neutral,0100,-1,0,1,0,aQ,llama-8b,meta-llama/llama-3.1-8b-instruct,coreweave/bf16,100,1.0,CoreWeave,A,2.86e-05,0.9626731153331315,0.08352311487994796,0
neutral_own,neutral,0100,-1,0,1,0,aQ,llama-8b,meta-llama/llama-3.1-8b-instruct,coreweave/bf16,101,1.0,CoreWeave,I,2.86e-05,0.9626731153331315,0.08352311487994796,0
neutral_own,neutral,0100,1,0,0,0,aQ,llama-8b,meta-llama/llama-3.1-8b-instruct,coreweave/bf16,100,1.0,CoreWeave,B,2.86e-05,0.1066906024668249,0.12854556233470582,0
neutral_own,neutral,0100,1,0,0,0,aQ,llama-8b,meta-llama/llama-3.1-8b-instruct,coreweave/bf16,101,1.0,CoreWeave,B,2.86e-05,0.10669059678604235,0.12683492327178147,0
neutral_own,neutral,0100,1,0,1,0,aQ,llama-8b,meta-llama/llama-3.1-8b-instruct,coreweave/bf16,100,1.0,CoreWeave,B,2.86e-05,0.16451646289656316,0.08733990989098539,0
neutral_own,neutral,0100,1,0,1,0,aQ,llama-8b,meta-llama/llama-3.1-8b-instruct,coreweave/bf16,101,1.0,CoreWeave,B,2.86e-05,0.16451646699291614,0.10786505901999754,0
neutral_own,neutral,0120,-1,0,0,0,rPaQrP,llama-8b,meta-llama/llama-3.1-8b-instruct,coreweave/bf16,100,1.0,CoreWeave,B,3.124e-05,0.7057850278370112,0.419328750858013,0
neutral_own,neutral,0120,-1,0,0,0,rPaQrP,llama-8b,meta-llama/llama-3.1-8b-instruct,coreweave/bf16,101,1.0,CoreWeave,Since,3.124e-05,0.7057850278370112,0.40103316083727314,0
neutral_own,neutral,0120,-1,0,1,0,aQrPrP,llama-8b,meta-llama/llama-3.1-8b-instruct,coreweave/bf16,100,1.0,CoreWeave,A,3.124e-05,0.9626731083722524,0.31294359659136833,0
neutral_own,neutral,0120,-1,0,1,0,aQrPrP,llama-8b,meta-llama/llama-3.1-8b-instruct,coreweave/bf16,101,1.0,CoreWeave,A,3.124e-05,0.9626731105140616,0.29637793152757946,0
neutral_own,neutral,0120,-1,0,1,1,rPrPaQ,llama-8b,meta-llama/llama-3.1-8b-instruct,coreweave/bf16,100,1.0,CoreWeave,A,3.124e-05,0.9399133531922388,0.3637124831621794,1
neutral_own,neutral,0120,-1,0,1,1,rPrPaQ,llama-8b,meta-llama/llama-3.1-8b-instruct,coreweave/bf16,101,1.0,CoreWeave,A,3.124e-05,0.9399133531922388,0.3637124831621794,1
neutral_own,neutral,0120,-1,0,1,2,rPaQrP,llama-8b,meta-llama/llama-3.1-8b-instruct,coreweave/bf16,100,1.0,CoreWeave,I,3.124e-05,0.9046505248181417,0.4304564438227623,0
neutral_own,neutral,0120,-1,0,1,2,rPaQrP,llama-8b,meta-llama/llama-3.1-8b-instruct,coreweave/bf16,101,1.0,CoreWeave,A,3.124e-05,0.9046505402422645,0.4117028269765657,0
neutral_own,neutral,0120,1,0,0,0,rPrPaQ,llama-8b,meta-llama/llama-3.1-8b-instruct,coreweave/bf16,100,1.0,CoreWeave,I,3.124e-05,0.029312231175339414,0.1860173374215549,0
neutral_own,neutral,0120,1,0,0,0,rPrPaQ,llama-8b,meta-llama/llama-3.1-8b-instruct,coreweave/bf16,101,1.0,CoreWeave,B,3.124e-05,0.029312231175339414,0.1860173374215549,0
neutral_own,neutral,0120,1,0,0,1,rPrPaQ,llama-8b,meta-llama/llama-3.1-8b-instruct,coreweave/bf16,100,1.0,CoreWeave,I,3.124e-05,0.029312231175339414,0.1860173374215549,0
neutral_own,neutral,0120,1,0,0,1,rPrPaQ,llama-8b,meta-llama/llama-3.1-8b-instruct,coreweave/bf16,101,1.0,CoreWeave,B,3.124e-05,0.029312231175339414,0.1860173374215549,0
neutral_own,neutral,0120,1,0,0,2,rPrPaQ,llama-8b,meta-llama/llama-3.1-8b-instruct,coreweave/bf16,100,1.0,CoreWeave,I,3.124e-05,0.029312231175339414,0.1860173374215549,0
neutral_own,neutral,0120,1,0,0,2,rPrPaQ,llama-8b,meta-llama/llama-3.1-8b-instruct,coreweave/bf16,101,1.0,CoreWeave,B,3.124e-05,0.029312231175339414,0.1860173374215549,0
neutral_own,neutral,0120,1,0,1,0,rPaQrP,llama-8b,meta-llama/llama-3.1-8b-instruct,coreweave/bf16,100,1.0,CoreWeave,B,3.124e-05,0.3486451353339458,0.335728956921375,0
neutral_own,neutral,0120,1,0,1,0,rPaQrP,llama-8b,meta-llama/llama-3.1-8b-instruct,coreweave/bf16,101,1.0,CoreWeave,To,3.124e-05,0.3486451488696663,0.3352330853541466,0
neutral_own,neutral,0200,-1,0,0,0,aQaQ,llama-8b,meta-llama/llama-3.1-8b-instruct,coreweave/bf16,100,1.0,CoreWeave,A,2.992e-05,0.8670357666736772,0.20887363147270535,0
neutral_own,neutral,0200,-1,0,0,0,aQaQ,llama-8b,meta-llama/llama-3.1-8b-instruct,coreweave/bf16,101,1.0,CoreWeave,I,2.992e-05,0.8670357666736772,0.20887363147270535,0
neutral_own,neutral,0200,-1,0,1,0,aQaQ,llama-8b,meta-llama/llama-3.1-8b-instruct,coreweave/bf16,100,1.0,CoreWeave,A,2.992e-05,0.9399133473013075,0.1416983523991708,0
neutral_own,neutral,0200,-1,0,1,0,aQaQ,llama-8b,meta-llama/llama-3.1-8b-instruct,coreweave/bf16,101,1.0,CoreWeave,A,2.992e-05,0.9399133473013075,0.1416983523991708,0
neutral_own,neutral,0200,1,0,0,0,aQaQ,llama-8b,meta-llama/llama-3.1-8b-instruct,coreweave/bf16,100,1.0,CoreWeave,B,2.992e-05,0.2018132174596823,0.17267178516981285,0
neutral_own,neutral,0200,1,0,0,0,aQaQ,llama-8b,meta-llama/llama-3.1-8b-instruct,coreweave/bf16,101,1.0,CoreWeave,B,2.992e-05,0.20181322226037884,0.15593715033128308,0
neutral_own,neutral,0200,1,0,1,0,aQaQ,llama-8b,meta-llama/llama-3.1-8b-instruct,coreweave/bf16,100,1.0,CoreWeave,B,2.992e-05,0.2450850021044189,0.1601242715728728,0
neutral_own,neutral,0200,1,0,1,0,aQaQ,llama-8b,meta-llama/llama-3.1-8b-instruct,coreweave/bf16,101,1.0,CoreWeave,B,2.992e-05,0.22270014398423357,0.15520132273773468,0
neutral_own,neutral,0201,-1,0,0,0,aQaQrQ,llama-8b,meta-llama/llama-3.1-8b-instruct,coreweave/bf16,100,1.0,CoreWeave,A,3.124e-05,0.7981867969424067,0.40836322508497636,0
neutral_own,neutral,0201,-1,0,0,0,aQaQrQ,llama-8b,meta-llama/llama-3.1-8b-instruct,coreweave/bf16,101,1.0,CoreWeave,Since,3.124e-05,0.7981867969424067,0.4161912780009813,0
neutral_own,neutral,0201,-1,0,1,0,aQrQaQ,llama-8b,meta-llama/llama-3.1-8b-instruct,coreweave/bf16,100,1.0,CoreWeave,A,3.124e-05,0.9740426435557124,0.25335218491462597,0
neutral_own,neutral,0201,-1,0,1,0,aQrQaQ,llama-8b,meta-llama/llama-3.1-8b-instruct,coreweave/bf16,101,1.0,CoreWeave,A,3.124e-05,0.9706877684006775,0.2980652075395894,1
neutral_own,neutral,0201,-1,0,1,1,aQaQrQ,llama-8b,meta-llama/llama-3.1-8b-instruct,coreweave/bf16,100,1.0,CoreWeave,A,3.124e-05,0.9740426450627306,0.2575062656095962,1
neutral_own,neutral,0201,-1,0,1,1,aQaQrQ,llama-8b,meta-llama/llama-3.1-8b-instruct,coreweave/bf16,101,1.0,CoreWeave,A,3.124e-05,0.9740426420486941,0.2557574219639611,1
neutral_own,neutral,0201,-1,0,1,2,aQaQrQ,llama-8b,meta-llama/llama-3.1-8b-instruct,coreweave/bf16,100,1.0,CoreWeave,A,3.124e-05,0.9740426450627306,0.2575062656095962,1
neutral_own,neutral,0201,-1,0,1,2,aQaQrQ,llama-8b,meta-llama/llama-3.1-8b-instruct,coreweave/bf16,101,1.0,CoreWeave,A,3.124e-05,0.9740426420486941,0.2557574219639611,1
neutral_own,neutral,0201,1,0,0,0,aQaQrQ,llama-8b,meta-llama/llama-3.1-8b-instruct,coreweave/bf16,100,1.0,CoreWeave,B,3.124e-05,0.18242552380635635,0.3176218270716181,0
neutral_own,neutral,0201,1,0,0,0,aQaQrQ,llama-8b,meta-llama/llama-3.1-8b-instruct,coreweave/bf16,101,1.0,CoreWeave,I,3.124e-05,0.18242554158599963,0.31462032136888973,0
neutral_own,neutral,0201,1,0,1,0,rQaQaQ,llama-8b,meta-llama/llama-3.1-8b-instruct,coreweave/bf16,100,1.0,CoreWeave,B,3.124e-05,0.11920291576401235,0.3274053495752207,0
neutral_own,neutral,0201,1,0,1,0,rQaQaQ,llama-8b,meta-llama/llama-3.1-8b-instruct,coreweave/bf16,101,1.0,CoreWeave,B,3.124e-05,0.11920292828022305,0.33684827928100314,0
neutral_own,neutral,0201,1,0,1,1,aQaQrQ,llama-8b,meta-llama/llama-3.1-8b-instruct,coreweave/bf16,100,1.0,CoreWeave,B,3.124e-05,0.2018132126589859,0.28777359237585787,0
neutral_own,neutral,0201,1,0,1,1,aQaQrQ,llama-8b,meta-llama/llama-3.1-8b-instruct,coreweave/bf16,101,1.0,CoreWeave,Since,3.124e-05,0.2018132126589859,0.28777359237585787,0
neutral_own,neutral,0201,1,0,1,2,rQaQaQ,llama-8b,meta-llama/llama-3.1-8b-instruct,coreweave/bf16,100,1.0,CoreWeave,B,3.124e-05,0.11920291576401235,0.3274053495752207,0
neutral_own,neutral,0201,1,0,1,2,rQaQaQ,llama-8b,meta-llama/llama-3.1-8b-instruct,coreweave/bf16,101,1.0,CoreWeave,B,3.124e-05,0.11920292828022305,0.33684827928100314,0
neutral_own,neutral,0202,-1,0,0,0,aQrQrQaQ,llama-8b,meta-llama/llama-3.1-8b-instruct,coreweave/bf16,100,1.0,CoreWeave,A,3.256e-05,0.8175744761936438,0.706652297536527,0
neutral_own,neutral,0202,-1,0,0,0,aQrQrQaQ,llama-8b,meta-llama/llama-3.1-8b-instruct,coreweave/bf16,101,1.0,CoreWeave,To,3.256e-05,0.8175744761936438,0.706652297536527,0
neutral_own,neutral,0202,-1,0,0,1,rQaQaQrQ,llama-8b,meta-llama/llama-3.1-8b-instruct,coreweave/bf16,100,1.0,CoreWeave,A,3.256e-05,0.6513548646660543,0.4949072524143312,0
neutral_own,neutral,0202,-1,0,0,1,rQaQaQrQ,llama-8b,meta-llama/llama-3.1-8b-instruct,coreweave/bf16,101,1.0,CoreWeave,A,3.256e-05,0.6513548646660543,0.5021227753665141,0
neutral_own,neutral,0202,-1,0,0,2,aQaQrQrQ,llama-8b,meta-llama/llama-3.1-8b-instruct,coreweave/bf16,100,1.0,CoreWeave,A,3.256e-05,0.8354835207180243,0.47876028236881957,0
neutral_own,neutral,0202,-1,0,0,2,aQaQrQrQ,llama-8b,meta-llama/llama-3.1-8b-instruct,coreweave/bf16,101,1.0,CoreWeave,A,3.256e-05,0.8354835207180243,0.46457555191640976,0
neutral_own,neutral,0202,-1,0,1,0,aQaQrQrQ,llama-8b,meta-llama/llama-3.1-8b-instruct,coreweave/bf16,100,1.0,CoreWeave,A,3.256e-05,0.966914018751051,0.2712542838466472,1
neutral_own,neutral,0202,-1,0,1,0,aQaQrQrQ,llama-8b,meta-llama/llama-3.1-8b-instruct,coreweave/bf16,101,1.0,CoreWeave,A,3.256e-05,0.966914018751051,0.2712542838466472,1
neutral_own,neutral,0202,1,0,0,0,aQrQaQrQ,llama-8b,meta-llama/llama-3.1-8b-instruct,coreweave/bf16,100,1.0,CoreWeave,B,3.256e-05,0.24508501313237174,0.421808332112514,0
neutral_own,neutral,0202,1,0,0,0,aQrQaQrQ,llama-8b,meta-llama/llama-3.1-8b-instruct,coreweave/bf16,101,1.0,CoreWeave,B,3.256e-05,0.24508501313237174,0.421808332112514,0
neutral_own,neutral,0202,1,0,1,0,rQaQaQrQ,llama-8b,meta-llama/llama-3.1-8b-instruct,coreweave/bf16,100,1.0,CoreWeave,To,3.256e-05,0.1480472055495773,0.40977535392033904,0
neutral_own,neutral,0202,1,0,1,0,rQaQaQrQ,llama-8b,meta-llama/llama-3.1-8b-instruct,coreweave/bf16,101,1.0,CoreWeave,A,3.256e-05,0.13296424019782926,0.38350931235320374,0
neutral_own,neutral,0202,1,0,1,1,rQrQaQaQ,llama-8b,meta-llama/llama-3.1-8b-instruct,coreweave/bf16,100,1.0,CoreWeave,A,3.256e-05,0.16451647108926923,0.46377069356311845,0
neutral_own,neutral,0202,1,0,1,1,rQrQaQaQ,llama-8b,meta-llama/llama-3.1-8b-instruct,coreweave/bf16,101,1.0,CoreWeave,Since,3.256e-05,0.14804720554957732,0.4744280642900255,0
neutral_own,neutral,0202,1,0,1,2,rQaQrQaQ,llama-8b,meta-llama/llama-3.1-8b-instruct,coreweave/bf16,100,1.0,CoreWeave,B,3.256e-05,0.1480472055495773,0.4526072644020569,0
neutral_own,neutral,0202,1,0,1,2,rQaQrQaQ,llama-8b,meta-llama/llama-3.1-8b-instruct,coreweave/bf16,101,1.0,CoreWeave,Since,3.256e-05,0.14804718299591477,0.45223967594027886,0
neutral_own,neutral,0212,-1,0,0,0,aQaQrQrQrP,llama-8b,meta-llama/llama-3.1-8b-instruct,coreweave/bf16,100,1.0,CoreWeave,A,3.388e-05,0.679178699175393,0.8897299079324128,1
neutral_own,neutral,0212,-1,0,0,0,aQaQrQrQrP,llama-8b,meta-llama/llama-3.1-8b-instruct,coreweave/bf16,101,1.0,CoreWeave,Since,3.388e-05,0.679178699175393,0.8945654882292153,1
neutral_own,neutral,0212,-1,0,1,0,aQrPaQrQrQ,llama-8b,meta-llama/llama-3.1-8b-instruct,coreweave/bf16,100,1.0,CoreWeave,A,3.388e-05,0.8519528019683106,0.5384498256175856,1
neutral_own,neutral,0212,-1,0,1,0,aQrPaQrQrQ,llama-8b,meta-llama/llama-3.1-8b-instruct,coreweave/bf16,101,1.0,CoreWeave,Since,3.388e-05,0.8519527944504227,0.5330181531068464,1
neutral_own,neutral,0212,-1,0,1,1,rPrQaQrQaQ,llama-8b,meta-llama/llama-3.1-8b-instruct,coreweave/bf16,100,1.0,CoreWeave,To,3.388e-05,0.7549149868676284,0.9043658161122088,1
neutral_own,neutral,0212,-1,0,1,1,rPrQaQrQaQ,llama-8b,meta-llama/llama-3.1-8b-instruct,coreweave/bf16,101,1.0,CoreWeave,To,3.388e-05,0.7310585786300048,0.9147036545307904,1
neutral_own,neutral,0212,-1,0,1,2,rQrPaQaQrQ,llama-8b,meta-llama/llama-3.1-8b-instruct,coreweave/bf16,100,1.0,CoreWeave,Since,3.388e-05,0.7981867777396212,0.8526097811752303,1
neutral_own,neutral,0212,-1,0,1,2,rQrPaQaQrQ,llama-8b,meta-llama/llama-3.1-8b-instruct,coreweave/bf16,101,1.0,CoreWeave,A,3.388e-05,0.7981867777396212,0.852932404510164,1
neutral_own,neutral,0212,1,0,0,0,aQrQrQrPaQ,llama-8b,meta-llama/llama-3.1-8b-instruct,coreweave/bf16,100,1.0,CoreWeave,B,3.388e-05,0.34864513533394575,0.8684838648228321,0
neutral_own,neutral,0212,1,0,0,0,aQrQrQrPaQ,llama-8b,meta-llama/llama-3.1-8b-instruct,coreweave/bf16,101,1.0,CoreWeave,Given,3.388e-05,0.34864513533394575,0.8684838648228321,0
neutral_own,neutral,0212,1,0,0,1,rPrQrQaQaQ,llama-8b,meta-llama/llama-3.1-8b-instruct,coreweave/bf16,100,1.0,CoreWeave,B,3.388e-05,0.29421494740887977,0.8405295073282911,1
neutral_own,neutral,0212,1,0,0,1,rPrQrQaQaQ,llama-8b,meta-llama/llama-3.1-8b-instruct,coreweave/bf16,101,1.0,CoreWeave,To,3.388e-05,0.320821326799715,0.8637370698939907,1
neutral_own,neutral,0212,1,0,0,2,rQaQrQaQrP,llama-8b,meta-llama/llama-3.1-8b-instruct,coreweave/bf16,100,1.0,CoreWeave,To,3.388e-05,0.2689414213699951,0.8507222395958267,1
neutral_own,neutral,0212,1,0,0,2,rQaQrQaQrP,llama-8b,meta-llama/llama-3.1-8b-instruct,coreweave/bf16,101,1.0,CoreWeave,Since,3.388e-05,0.26894142136999516,0.8270638768506019,1
neutral_own,neutral,0212,1,0,1,0,aQrPaQrQrQ,llama-8b,meta-llama/llama-3.1-8b-instruct,coreweave/bf16,100,1.0,CoreWeave,B,3.388e-05,0.22270013882530887,0.6762302746729681,1
neutral_own,neutral,0212,1,0,1,0,aQrPaQrQrQ,llama-8b,meta-llama/llama-3.1-8b-instruct,coreweave/bf16,101,1.0,CoreWeave,Since,3.388e-05,0.24508501313237172,0.7037583212913421,1
neutral_own,neutral,0220,-1,0,0,0,rPaQaQrP,llama-8b,meta-llama/llama-3.1-8b-instruct,coreweave/bf16,100,1.0,CoreWeave,Since,3.256e-05,0.7057850278370111,0.6143831501096301,0
neutral_own,neutral,0220,-1,0,0,0,rPaQaQrP,llama-8b,meta-llama/llama-3.1-8b-instruct,coreweave/bf16,101,1.0,CoreWeave,Since,3.256e-05,0.7057850278370111,0.6143831501096301,0
neutral_own,neutral,0220,-1,0,1,0,aQrPaQrP,llama-8b,meta-llama/llama-3.1-8b-instruct,coreweave/bf16,100,1.0,CoreWeave,A,3.256e-05,0.9046505248181418,0.5459028372341018,1
neutral_own,neutral,0220,-1,0,1,0,aQrPaQrP,llama-8b,meta-llama/llama-3.1-8b-instruct,coreweave/bf16,101,1.0,CoreWeave,I,3.256e-05,0.9046505248181417,0.5329434677429006,1
neutral_own,neutral,0220,-1,0,1,1,aQrPrPaQ,llama-8b,meta-llama/llama-3.1-8b-instruct,coreweave/bf16,100,1.0,CoreWeave,A,3.256e-05,0.7981867777396212,0.7516478005105129,1
neutral_own,neutral,0220,-1,0,1,1,aQrPrPaQ,llama-8b,meta-llama/llama-3.1-8b-instruct,coreweave/bf16,101,1.0,CoreWeave,Since,3.256e-05,0.7981867777396211,0.7439431295748284,1
neutral_own,neutral,0220,-1,0,1,2,rPrPaQaQ,llama-8b,meta-llama/llama-3.1-8b-instruct,coreweave/bf16,100,1.0,CoreWeave,A,3.256e-05,0.8354835371034369,0.6379837122454068,1
neutral_own,neutral,0220,-1,0,1,2,rPrPaQaQ,llama-8b,meta-llama/llama-3.1-8b-instruct,coreweave/bf16,101,1.0,CoreWeave,To,3.256e-05,0.8175744761936438,0.6660645205142052,1
neutral_own,neutral,0220,1,0,0,0,aQaQrPrP,llama-8b,meta-llama/llama-3.1-8b-instruct,coreweave/bf16,100,1.0,CoreWeave,To,3.256e-05,0.11920293453832884,0.4705389494934149,0
neutral_own,neutral,0220,1,0,0,0,aQaQrPrP,llama-8b,meta-llama/llama-3.1-8b-instruct,coreweave/bf16,101,1.0,CoreWeave,B,3.256e-05,0.11920293453832886,0.45217659393655996,0
neutral_own,neutral,0220,1,0,0,1,aQrPrPaQ,llama-8b,meta-llama/llama-3.1-8b-instruct,coreweave/bf16,100,1.0,CoreWeave,A,3.256e-05,0.29421497216298875,0.7395066661924282,0
neutral_own,neutral,0220,1,0,0,1,aQrPrPaQ,llama-8b,meta-llama/llama-3.1-8b-instruct,coreweave/bf16,101,1.0,CoreWeave,A,3.256e-05,0.29421497216298875,0.7395066661924282,0
neutral_own,neutral,0220,1,0,0,2,aQaQrPrP,llama-8b,meta-llama/llama-3.1-8b-instruct,coreweave/bf16,100,1.0,CoreWeave,To,3.256e-05,0.11920293453832884,0.4705389494934149,0
neutral_own,neutral,0220,1,0,0,2,aQaQrPrP,llama-8b,meta-llama/llama-3.1-8b-instruct,coreweave/bf16,101,1.0,CoreWeave,B,3.256e-05,0.11920293453832886,0.45217659393655996,0
neutral_own,neutral,0220,1,0,1,0,aQrPaQrP,llama-8b,meta-llama/llama-3.1-8b-instruct,coreweave/bf16,100,1.0,CoreWeave,B,3.256e-05,0.320821300824607,0.45067873938672626,0
neutral_own,neutral,0220,1,0,1,0,aQrPaQrP,llama-8b,meta-llama/llama-3.1-8b-instruct,coreweave/bf16,101,1.0,CoreWeave,B,3.256e-05,0.320821300824607,0.41679810965928565,0
neutral_own,neutral,0231,-1,0,0,0,rPrPrPrQaQaQ,llama-8b,meta-llama/llama-3.1-8b-instruct,coreweave/bf16,100,1.0,CoreWeave,Since,3.52e-05,0.6224593312018546,0.9478804442178135,1
neutral_own,neutral,0231,-1,0,0,0,rPrPrPrQaQaQ,llama-8b,meta-llama/llama-3.1-8b-instruct,coreweave/bf16,101,1.0,CoreWeave,I,3.52e-05,0.6224593312018546,0.9478804442178135,1
neutral_own,neutral,0231,-1,0,0,1,rQrPaQrPaQrP,llama-8b,meta-llama/llama-3.1-8b-instruct,coreweave/bf16,100,1.0,CoreWeave,To,3.52e-05,0.5621765595687355,0.9792580042633157,1
neutral_own,neutral,0231,-1,0,0,1,rQrPaQrPaQrP,llama-8b,meta-llama/llama-3.1-8b-instruct,coreweave/bf16,101,1.0,CoreWeave,Given,3.52e-05,0.5312093733737563,0.9836006517719499,1
neutral_own,neutral,0231,-1,0,0,2,aQrPaQrQrPrP,llama-8b,meta-llama/llama-3.1-8b-instruct,coreweave/bf16,100,1.0,CoreWeave,To,3.52e-05,0.5926665999540697,0.9583838187242579,1
neutral_own,neutral,0231,-1,0,0,2,aQrPaQrQrPrP,llama-8b,meta-llama/llama-3.1-8b-instruct,coreweave/bf16,101,1.0,CoreWeave,To,3.52e-05,0.5926665999540697,0.9583838187242579,1
neutral_own,neutral,0231,-1,0,1,0,rPaQrPrPaQrQ,llama-8b,meta-llama/llama-3.1-8b-instruct,coreweave/bf16,100,1.0,CoreWeave,To,3.52e-05,0.6224593312018546,0.959555754429811,1
neutral_own,neutral,0231,-1,0,1,0,rPaQrPrPaQrQ,llama-8b,meta-llama/llama-3.1-8b-instruct,coreweave/bf16,101,1.0,CoreWeave,To,3.52e-05,0.6224593312018546,0.9591338530017444,1
neutral_own,neutral,0231,1,0,0,0,rPaQaQrPrQrP,llama-8b,meta-llama/llama-3.1-8b-instruct,coreweave/bf16,100,1.0,CoreWeave,To,3.52e-05,0.34864513533394575,0.958629653216697,1
neutral_own,neutral,0231,1,0,0,0,rPaQaQrPrQrP,llama-8b,meta-llama/llama-3.1-8b-instruct,coreweave/bf16,101,1.0,CoreWeave,To,3.52e-05,0.34864513533394575,0.958629653216697,1
neutral_own,neutral,0231,1,0,1,0,aQrPrPrQaQrP,llama-8b,meta-llama/llama-3.1-8b-instruct,coreweave/bf16,100,1.0,CoreWeave,To,3.52e-05,0.5,1.0,1
neutral_own,neutral,0231,1,0,1,0,aQrPrPrQaQrP,llama-8b,meta-llama/llama-3.1-8b-instruct,coreweave/bf16,101,1.0,CoreWeave,Since,3.52e-05,0.5,1.0,1
neutral_own,neutral,0231,1,0,1,1,aQrQrPrPaQrP,llama-8b,meta-llama/llama-3.1-8b-instruct,coreweave/bf16,100,1.0,CoreWeave,To,3.52e-05,0.5,1.0,1
neutral_own,neutral,0231,1,0,1,1,aQrQrPrPaQrP,llama-8b,meta-llama/llama-3.1-8b-instruct,coreweave/bf16,101,1.0,CoreWeave,To,3.52e-05,0.5,1.0,1
neutral_own,neutral,0231,1,0,1,2,aQrQrPrPaQrP,llama-8b,meta-llama/llama-3.1-8b-instruct,coreweave/bf16,100,1.0,CoreWeave,To,3.52e-05,0.5,1.0,1
neutral_own,neutral,0231,1,0,1,2,aQrQrPrPaQrP,llama-8b,meta-llama/llama-3.1-8b-instruct,coreweave/bf16,101,1.0,CoreWeave,To,3.52e-05,0.5,1.0,1
neutral_own,neutral,0501,-1,0,0,0,aQaQaQrQaQaQ,llama-8b,meta-llama/llama-3.1-8b-instruct,coreweave/bf16,100,1.0,CoreWeave,To,3.52e-05,0.6791786991753929,0.8711642984119463,0
neutral_own,neutral,0501,-1,0,0,0,aQaQaQrQaQaQ,llama-8b,meta-llama/llama-3.1-8b-instruct,coreweave/bf16,101,1.0,CoreWeave,To,3.52e-05,0.6791786991753929,0.8711642984119463,0
neutral_own,neutral,0501,-1,0,0,1,aQaQaQaQrQaQ,llama-8b,meta-llama/llama-3.1-8b-instruct,coreweave/bf16,100,1.0,CoreWeave,Since,3.52e-05,0.6791786991753929,0.8477683959699073,0
neutral_own,neutral,0501,-1,0,0,1,aQaQaQaQrQaQ,llama-8b,meta-llama/llama-3.1-8b-instruct,coreweave/bf16,101,1.0,CoreWeave,To,3.52e-05,0.679178699175393,0.8138659372229563,0
neutral_own,neutral,0501,-1,0,0,2,rQaQaQaQaQaQ,llama-8b,meta-llama/llama-3.1-8b-instruct,coreweave/bf16,100,1.0,CoreWeave,A,3.52e-05,0.5621765008857981,0.5606552124849477,0
neutral_own,neutral,0501,-1,0,0,2,rQaQaQaQaQaQ,llama-8b,meta-llama/llama-3.1-8b-instruct,coreweave/bf16,101,1.0,CoreWeave,Since,3.52e-05,0.5621765008857981,0.5606552124849477,0
neutral_own,neutral,0501,-1,0,1,0,aQaQaQaQaQrQ,llama-8b,meta-llama/llama-3.1-8b-instruct,coreweave/bf16,100,1.0,CoreWeave,Since,3.52e-05,0.9399133531922388,0.53210457435789,1
neutral_own,neutral,0501,-1,0,1,0,aQaQaQaQaQrQ,llama-8b,meta-llama/llama-3.1-8b-instruct,coreweave/bf16,101,1.0,CoreWeave,A,3.52e-05,0.9399133498259924,0.5359772922271979,1
neutral_own,neutral,0501,1,0,0,0,aQaQaQaQaQrQ,llama-8b,meta-llama/llama-3.1-8b-instruct,coreweave/bf16,100,1.0,CoreWeave,Given,3.52e-05,0.2689414213699951,0.6607903756358318,0
neutral_own,neutral,0501,1,0,0,0,aQaQaQaQaQrQ,llama-8b,meta-llama/llama-3.1-8b-instruct,coreweave/bf16,101,1.0,CoreWeave,Given,3.52e-05,0.24508503518827837,0.6533494429173617,0
neutral_own,neutral,0501,1,0,0,1,aQaQaQaQaQrQ,llama-8b,meta-llama/llama-3.1-8b-instruct,coreweave/bf16,100,1.0,CoreWeave,Given,3.52e-05,0.2689414213699951,0.6607903756358318,0
neutral_own,neutral,0501,1,0,0,1,aQaQaQaQaQrQ,llama-8b,meta-llama/llama-3.1-8b-instruct,coreweave/bf16,101,1.0,CoreWeave,Given,3.52e-05,0.24508503518827837,0.6533494429173617,0
neutral_own,neutral,0501,1,0,0,2,aQaQaQaQrQaQ,llama-8b,meta-llama/llama-3.1-8b-instruct,coreweave/bf16,100,1.0,CoreWeave,Given,3.52e-05,0.32082130082460697,0.8004515557864116,0
neutral_own,neutral,0501,1,0,0,2,aQaQaQaQrQaQ,llama-8b,meta-llama/llama-3.1-8b-instruct,coreweave/bf16,101,1.0,CoreWeave,Since,3.52e-05,0.320821300824607,0.7779202825324452,0
neutral_own,neutral,0501,1,0,1,0,aQaQrQaQaQaQ,llama-8b,meta-llama/llama-3.1-8b-instruct,coreweave/bf16,100,1.0,CoreWeave,To,3.52e-05,0.3208213008246071,0.6989933406433353,0
neutral_own,neutral,0501,1,0,1,0,aQaQrQaQaQaQ,llama-8b,meta-llama/llama-3.1-8b-instruct,coreweave/bf16,101,1.0,CoreWeave,Given,3.52e-05,0.3208213008246071,0.6989933406433353,0
neutral_own,neutral,1000,-1,0,0,0,aP,llama-8b,meta-llama/llama-3.1-8b-instruct,coreweave/bf16,100,1.0,CoreWeave,A,2.86e-05,0.7772998663336158,0.13185618559381404,0
neutral_own,neutral,1000,-1,0,0,0,aP,llama-8b,meta-llama/llama-3.1-8b-instruct,coreweave/bf16,101,1.0,CoreWeave,B,2.86e-05,0.7549149868676283,0.12958337448080093,0
neutral_own,neutral,1000,-1,0,1,0,aP,llama-8b,meta-llama/llama-3.1-8b-instruct,coreweave/bf16,100,1.0,CoreWeave,A,2.86e-05,0.984093606422157,0.06628047888540003,0
neutral_own,neutral,1000,-1,0,1,0,aP,llama-8b,meta-llama/llama-3.1-8b-instruct,coreweave/bf16,101,1.0,CoreWeave,A,2.86e-05,0.9840936099209597,0.07324608749745401,0
neutral_own,neutral,1000,1,0,0,0,aP,llama-8b,meta-llama/llama-3.1-8b-instruct,coreweave/bf16,100,1.0,CoreWeave,B,2.86e-05,0.08509903572571949,0.09759790843363014,0
neutral_own,neutral,1000,1,0,0,0,aP,llama-8b,meta-llama/llama-3.1-8b-instruct,coreweave/bf16,101,1.0,CoreWeave,B,2.86e-05,0.0850990438468576,0.09755517880423314,0
neutral_own,neutral,1000,1,0,1,0,aP,llama-8b,meta-llama/llama-3.1-8b-instruct,coreweave/bf16,100,1.0,CoreWeave,B,2.86e-05,0.2689414330889797,0.0889092861501275,0
neutral_own,neutral,1000,1,0,1,0,aP,llama-8b,meta-llama/llama-3.1-8b-instruct,coreweave/bf16,101,1.0,CoreWeave,A,2.86e-05,0.2942149659744614,0.08955072619142168,0
neutral_own,neutral,1010,-1,0,0,0,rPaP,llama-8b,meta-llama/llama-3.1-8b-instruct,coreweave/bf16,100,1.0,CoreWeave,A,2.992e-05,0.7310585786300049,0.3256039752356054,0
neutral_own,neutral,1010,-1,0,0,0,rPaP,llama-8b,meta-llama/llama-3.1-8b-instruct,coreweave/bf16,101,1.0,CoreWeave,A,2.992e-05,0.7310585786300049,0.3256039752356054,0
neutral_own,neutral,1010,-1,0,1,0,rPaP,llama-8b,meta-llama/llama-3.1-8b-instruct,coreweave/bf16,100,1.0,CoreWeave,I,2.992e-05,0.9740426428022032,0.2264187656628703,0
neutral_own,neutral,1010,-1,0,1,0,rPaP,llama-8b,meta-llama/llama-3.1-8b-instruct,coreweave/bf16,101,1.0,CoreWeave,A,2.992e-05,0.9740426428022032,0.2264187656628703,0
neutral_own,neutral,1010,1,0,0,0,aPrP,llama-8b,meta-llama/llama-3.1-8b-instruct,coreweave/bf16,100,1.0,CoreWeave,B,2.992e-05,0.0293122277834748,0.12628580415262114,0
neutral_own,neutral,1010,1,0,0,0,aPrP,llama-8b,meta-llama/llama-3.1-8b-instruct,coreweave/bf16,101,1.0,CoreWeave,B,2.992e-05,0.0330859760051669,0.11964669205647227,0
neutral_own,neutral,1010,1,0,1,0,aPrP,llama-8b,meta-llama/llama-3.1-8b-instruct,coreweave/bf16,100,1.0,CoreWeave,B,2.992e-05,0.18242551936144574,0.1423154347332133,0
neutral_own,neutral,1010,1,0,1,0,aPrP,llama-8b,meta-llama/llama-3.1-8b-instruct,coreweave/bf16,101,1.0,CoreWeave,A,2.992e-05,0.18242551936144574,0.1423154347332133,0
neutral_own,neutral,1011,-1,0,0,0,rQaPrP,llama-8b,meta-llama/llama-3.1-8b-instruct,coreweave/bf16,100,1.0,CoreWeave,Since,3.124e-05,0.7549149868676284,0.5954042668653029,0
neutral_own,neutral,1011,-1,0,0,0,rQaPrP,llama-8b,meta-llama/llama-3.1-8b-instruct,coreweave/bf16,101,1.0,CoreWeave,A,3.124e-05,0.7772998611746912,0.6033111063727865,0
neutral_own,neutral,1011,-1,0,0,1,rPrQaP,llama-8b,meta-llama/llama-3.1-8b-instruct,coreweave/bf16,100,1.0,CoreWeave,A,3.124e-05,0.893309411735131,0.4457255089990119,0
neutral_own,neutral,1011,-1,0,0,1,rPrQaP,llama-8b,meta-llama/llama-3.1-8b-instruct,coreweave/bf16,101,1.0,CoreWeave,A,3.124e-05,0.8933094060543488,0.47671687549177477,0
neutral_own,neutral,1011,-1,0,0,2,rQaPrP,llama-8b,meta-llama/llama-3.1-8b-instruct,coreweave/bf16,100,1.0,CoreWeave,Since,3.124e-05,0.7549149868676284,0.5954042668653029,0
neutral_own,neutral,1011,-1,0,0,2,rQaPrP,llama-8b,meta-llama/llama-3.1-8b-instruct,coreweave/bf16,101,1.0,CoreWeave,A,3.124e-05,0.7772998611746912,0.6033111063727865,0
neutral_own,neutral,1011,-1,0,1,0,aPrPrQ,llama-8b,meta-llama/llama-3.1-8b-instruct,coreweave/bf16,100,1.0,CoreWeave,A,3.124e-05,0.9046505402422645,0.4297652715479632,1
neutral_own,neutral,1011,-1,0,1,0,aPrPrQ,llama-8b,meta-llama/llama-3.1-8b-instruct,coreweave/bf16,101,1.0,CoreWeave,Since,3.124e-05,0.9046505453836382,0.4365995821126766,1
neutral_own,neutral,1011,1,0,0,0,rPrQaP,llama-8b,meta-llama/llama-3.1-8b-instruct,coreweave/bf16,100,1.0,CoreWeave,A,3.124e-05,0.09534945975773548,0.340555534895406,0
neutral_own,neutral,1011,1,0,0,0,rPrQaP,llama-8b,meta-llama/llama-3.1-8b-instruct,coreweave/bf16,101,1.0,CoreWeave,B,3.124e-05,0.09534945975773548,0.340555534895406,0
neutral_own,neutral,1011,1,0,1,0,rPrQaP,llama-8b,meta-llama/llama-3.1-8b-instruct,coreweave/bf16,100,1.0,CoreWeave,To,3.124e-05,0.2689414096510108,0.3352725290896179,0
neutral_own,neutral,1011,1,0,1,0,rPrQaP,llama-8b,meta-llama/llama-3.1-8b-instruct,coreweave/bf16,101,1.0,CoreWeave,B,3.124e-05,0.2942149597859341,0.3338351583473762,0
neutral_own,neutral,1011,1,0,1,1,rPrQaP,llama-8b,meta-llama/llama-3.1-8b-instruct,coreweave/bf16,100,1.0,CoreWeave,To,3.124e-05,0.2689414096510108,0.3352725290896179,0
neutral_own,neutral,1011,1,0,1,1,rPrQaP,llama-8b,meta-llama/llama-3.1-8b-instruct,coreweave/bf16,101,1.0,CoreWeave,B,3.124e-05,0.2942149597859341,0.3338351583473762,0
neutral_own,neutral,1011,1,0,1,2,rPaPrQ,llama-8b,meta-llama/llama-3.1-8b-instruct,coreweave/bf16,100,1.0,CoreWeave,I,3.124e-05,0.320821300824607,0.38723416423789087,0
neutral_own,neutral,1011,1,0,1,2,rPaPrQ,llama-8b,meta-llama/llama-3.1-8b-instruct,coreweave/bf16,101,1.0,CoreWeave,I,3.124e-05,0.320821300824607,0.38723416423789087,0
neutral_own,neutral,1113,-1,0,0,0,rPaPrQrQaQrQ,llama-8b,meta-llama/llama-3.1-8b-instruct,coreweave/bf16,100,1.0,CoreWeave,To,3.52e-05,0.5,0.9712348353081437,1
neutral_own,neutral,1113,-1,0,0,0,rPaPrQrQaQrQ,llama-8b,meta-llama/llama-3.1-8b-instruct,coreweave/bf16,101,1.0,CoreWeave,To,3.52e-05,0.5,0.9764566607858408,1
neutral_own,neutral,1113,-1,0,1,0,rPrQaPrQaQrQ,llama-8b,meta-llama/llama-3.1-8b-instruct,coreweave/bf16,100,1.0,CoreWeave,To,3.52e-05,0.5621765008857981,0.9565538315669092,1
neutral_own,neutral,1113,-1,0,1,0,rPrQaPrQaQrQ,llama-8b,meta-llama/llama-3.1-8b-instruct,coreweave/bf16,101,1.0,CoreWeave,To,3.52e-05,0.5312093733737563,0.9623336577331175,1
neutral_own,neutral,1113,-1,0,1,1,rQrPaPrQaQrQ,llama-8b,meta-llama/llama-3.1-8b-instruct,coreweave/bf16,100,1.0,CoreWeave,Given,3.52e-05,0.5312093733737563,0.9665163732480283,1
neutral_own,neutral,1113,-1,0,1,1,rQrPaPrQaQrQ,llama-8b,meta-llama/llama-3.1-8b-instruct,coreweave/bf16,101,1.0,CoreWeave,To,3.52e-05,0.5312093733737562,0.9636406149013876,1
neutral_own,neutral,1113,-1,0,1,2,rQaPrQaQrQrP,llama-8b,meta-llama/llama-3.1-8b-instruct,coreweave/bf16,100,1.0,CoreWeave,To,3.52e-05,0.679178699175393,0.9197763420726123,1
neutral_own,neutral,1113,-1,0,1,2,rQaPrQaQrQrP,llama-8b,meta-llama/llama-3.1-8b-instruct,coreweave/bf16,101,1.0,CoreWeave,To,3.52e-05,0.7057850278370111,0.9205070996011221,1
neutral_own,neutral,1113,1,0,0,0,rPrQaQaPrQrQ,llama-8b,meta-llama/llama-3.1-8b-instruct,coreweave/bf16,100,1.0,CoreWeave,A,3.52e-05,0.5,0.9840268191206966,1
neutral_own,neutral,1113,1,0,0,0,rPrQaQaPrQrQ,llama-8b,meta-llama/llama-3.1-8b-instruct,coreweave/bf16,101,1.0,CoreWeave,To,3.52e-05,0.5,0.9854386416233407,1
neutral_own,neutral,1113,1,0,1,0,rPaQrQrQrQaP,llama-8b,meta-llama/llama-3.1-8b-instruct,coreweave/bf16,100,1.0,CoreWeave,Given,3.52e-05,0.5,0.946576338585679,1
neutral_own,neutral,1113,1,0,1,0,rPaQrQrQrQaP,llama-8b,meta-llama/llama-3.1-8b-instruct,coreweave/bf16,101,1.0,CoreWeave,I,3.52e-05,0.5,1.0,1
neutral_own,neutral,1113,1,0,1,1,rQrPrQrQaPaQ,llama-8b,meta-llama/llama-3.1-8b-instruct,coreweave/bf16,100,1.0,CoreWeave,To,3.52e-05,0.5,0.9646524753341853,1
neutral_own,neutral,1113,1,0,1,1,rQrPrQrQaPaQ,llama-8b,meta-llama/llama-3.1-8b-instruct,coreweave/bf16,101,1.0,CoreWeave,I,3.52e-05,0.5,1.0,1
neutral_own,neutral,1113,1,0,1,2,rQaPaQrQrQrP,llama-8b,meta-llama/llama-3.1-8b-instruct,coreweave/bf16,100,1.0,CoreWeave,Since,3.52e-05,0.5,0.9604548643928417,1
neutral_own,neutral,1113,1,0,1,2,rQaPaQrQrQrP,llama-8b,meta-llama/llama-3.1-8b-instruct,coreweave/bf16,101,1.0,CoreWeave,Since,3.52e-05,0.5,0.9609843633043255,1
neutral_own,neutral,1200,-1,0,0,0,aPaQaQ,llama-8b,meta-llama/llama-3.1-8b-instruct,coreweave/bf16,100,1.0,CoreWeave,To,3.124e-05,0.8519527944504227,0.5432095710958624,0
neutral_own,neutral,1200,-1,0,0,0,aPaQaQ,llama-8b,meta-llama/llama-3.1-8b-instruct,coreweave/bf16,101,1.0,CoreWeave,A,3.124e-05,0.8519527944504227,0.5432095710958624,0
neutral_own,neutral,1200,-1,0,1,0,aQaPaQ,llama-8b,meta-llama/llama-3.1-8b-instruct,coreweave/bf16,100,1.0,CoreWeave,A,3.124e-05,0.8670357460591569,0.6170118569442485,1
neutral_own,neutral,1200,-1,0,1,0,aQaPaQ,llama-8b,meta-llama/llama-3.1-8b-instruct,coreweave/bf16,101,1.0,CoreWeave,I,3.124e-05,0.8670357460591569,0.6170118569442485,1
neutral_own,neutral,1200,-1,0,1,1,aQaQaP,llama-8b,meta-llama/llama-3.1-8b-instruct,coreweave/bf16,100,1.0,CoreWeave,A,3.124e-05,0.9324533013520764,0.44350222943582274,1
neutral_own,neutral,1200,-1,0,1,1,aQaQaP,llama-8b,meta-llama/llama-3.1-8b-instruct,coreweave/bf16,101,1.0,CoreWeave,A,3.124e-05,0.9324533051062237,0.44542920499432104,1
neutral_own,neutral,1200,-1,0,1,2,aPaQaQ,llama-8b,meta-llama/llama-3.1-8b-instruct,coreweave/bf16,100,1.0,CoreWeave,Since,3.124e-05,0.9046505453836382,0.4868265174266385,1
neutral_own,neutral,1200,-1,0,1,2,aPaQaQ,llama-8b,meta-llama/llama-3.1-8b-instruct,coreweave/bf16,101,1.0,CoreWeave,A,3.124e-05,0.9046505351008904,0.48812685567451763,1
neutral_own,neutral,1200,1,0,0,0,aQaPaQ,llama-8b,meta-llama/llama-3.1-8b-instruct,coreweave/bf16,100,1.0,CoreWeave,A,3.124e-05,0.4687906266262437,0.5888577753980773,0
neutral_own,neutral,1200,1,0,0,0,aQaPaQ,llama-8b,meta-llama/llama-3.1-8b-instruct,coreweave/bf16,101,1.0,CoreWeave,A,3.124e-05,0.5,0.6043097411887595,0
neutral_own,neutral,1200,1,0,0,1,aPaQaQ,llama-8b,meta-llama/llama-3.1-8b-instruct,coreweave/bf16,100,1.0,CoreWeave,Since,3.124e-05,0.29421497216298875,0.4453840169897369,0
neutral_own,neutral,1200,1,0,0,1,aPaQaQ,llama-8b,meta-llama/llama-3.1-8b-instruct,coreweave/bf16,101,1.0,CoreWeave,A,3.124e-05,0.29421497216298875,0.4453840169897369,0
neutral_own,neutral,1200,1,0,0,2,aQaPaQ,llama-8b,meta-llama/llama-3.1-8b-instruct,coreweave/bf16,100,1.0,CoreWeave,A,3.124e-05,0.4687906266262437,0.5888577753980773,0
neutral_own,neutral,1200,1,0,0,2,aQaPaQ,llama-8b,meta-llama/llama-3.1-8b-instruct,coreweave/bf16,101,1.0,CoreWeave,A,3.124e-05,0.5,0.6043097411887595,0
neutral_own,neutral,1200,1,0,1,0,aQaPaQ,llama-8b,meta-llama/llama-3.1-8b-instruct,coreweave/bf16,100,1.0,CoreWeave,Given,3.124e-05,0.4073334000459302,0.5439852122526827,0
neutral_own,neutral,1200,1,0,1,0,aQaPaQ,llama-8b,meta-llama/llama-3.1-8b-instruct,coreweave/bf16,101,1.0,CoreWeave,A,3.124e-05,0.4073334000459302,0.5439852122526827,0
neutral_own,neutral,1211,-1,0,0,0,rQaPrPaQaQ,llama-8b,meta-llama/llama-3.1-8b-instruct,coreweave/bf16,100,1.0,CoreWeave,To,3.388e-05,0.5312093733737563,0.9635258418888987,1
neutral_own,neutral,1211,-1,0,0,0,rQaPrPaQaQ,llama-8b,meta-llama/llama-3.1-8b-instruct,coreweave/bf16,101,1.0,CoreWeave,To,3.388e-05,0.5312093733737563,0.9635258418888987,1
neutral_own,neutral,1211,-1,0,0,1,rPaQaQaPrQ,llama-8b,meta-llama/llama-3.1-8b-instruct,coreweave/bf16,100,1.0,CoreWeave,Given,3.388e-05,0.679178699175393,0.922575306109722,1
neutral_own,neutral,1211,-1,0,0,1,rPaQaQaPrQ,llama-8b,meta-llama/llama-3.1-8b-instruct,coreweave/bf16,101,1.0,CoreWeave,A,3.388e-05,0.679178699175393,0.926954587804657,1
neutral_own,neutral,1211,-1,0,0,2,aPaQaQrQrP,llama-8b,meta-llama/llama-3.1-8b-instruct,coreweave/bf16,100,1.0,CoreWeave,Since,3.388e-05,0.5,0.9580308708611266,1
neutral_own,neutral,1211,-1,0,0,2,aPaQaQrQrP,llama-8b,meta-llama/llama-3.1-8b-instruct,coreweave/bf16,101,1.0,CoreWeave,To,3.388e-05,0.5,0.9580308708611266,1
neutral_own,neutral,1211,-1,0,1,0,aPrQaQrPaQ,llama-8b,meta-llama/llama-3.1-8b-instruct,coreweave/bf16,100,1.0,CoreWeave,To,3.388e-05,0.679178699175393,0.9032903344307622,1
neutral_own,neutral,1211,-1,0,1,0,aPrQaQrPaQ,llama-8b,meta-llama/llama-3.1-8b-instruct,coreweave/bf16,101,1.0,CoreWeave,To,3.388e-05,0.679178699175393,0.9032903344307622,1
neutral_own,neutral,1211,1,0,0,0,rPrQaPaQaQ,llama-8b,meta-llama/llama-3.1-8b-instruct,coreweave/bf16,100,1.0,CoreWeave,To,3.388e-05,0.5,0.9526673859373603,1
neutral_own,neutral,1211,1,0,0,0,rPrQaPaQaQ,llama-8b,meta-llama/llama-3.1-8b-instruct,coreweave/bf16,101,1.0,CoreWeave,To,3.388e-05,0.5,0.952707859112416,1
neutral_own,neutral,1211,1,0,1,0,aQaQaPrQrP,llama-8b,meta-llama/llama-3.1-8b-instruct,coreweave/bf16,100,1.0,CoreWeave,Given,3.388e-05,0.5312093733737562,0.8257874686210481,0
neutral_own,neutral,1211,1,0,1,0,aQaQaPrQrP,llama-8b,meta-llama/llama-3.1-8b-instruct,coreweave/bf16,101,1.0,CoreWeave,Since,3.388e-05,0.5621765008857982,0.8173850270466523,0
neutral_own,neutral,1211,1,0,1,1,rQaQaPrPaQ,llama-8b,meta-llama/llama-3.1-8b-instruct,coreweave/bf16,100,1.0,CoreWeave,Considering,3.388e-05,0.5,1.0,1
neutral_own,neutral,1211,1,0,1,1,rQaQaPrPaQ,llama-8b,meta-llama/llama-3.1-8b-instruct,coreweave/bf16,101,1.0,CoreWeave,I,3.388e-05,0.5,1.0,1
neutral_own,neutral,1211,1,0,1,2,aQrQaQaPrP,llama-8b,meta-llama/llama-3.1-8b-instruct,coreweave/bf16,100,1.0,CoreWeave,Given,3.388e-05,0.37754066879814546,0.8260544066912883,0
neutral_own,neutral,1211,1,0,1,2,aQrQaQaPrP,llama-8b,meta-llama/llama-3.1-8b-instruct,coreweave/bf16,101,1.0,CoreWeave,To,3.388e-05,0.37754066879814546,0.832264751544322,0
neutral_own,neutral,1220,-1,0,0,0,rPrPaQaQaP,llama-8b,meta-llama/llama-3.1-8b-instruct,coreweave/bf16,100,1.0,CoreWeave,Given,3.388e-05,0.6513548646660543,0.9417759757713892,1
neutral_own,neutral,1220,-1,0,0,0,rPrPaQaQaP,llama-8b,meta-llama/llama-3.1-8b-instruct,coreweave/bf16,101,1.0,CoreWeave,A,3.388e-05,0.679178699175393,0.9346959273429172,1
neutral_own,neutral,1220,-1,0,1,0,rPrPaQaQaP,llama-8b,meta-llama/llama-3.1-8b-instruct,coreweave/bf16,100,1.0,CoreWeave,To,3.388e-05,0.6513548646660543,0.9044337160748331,1
neutral_own,neutral,1220,-1,0,1,0,rPrPaQaQaP,llama-8b,meta-llama/llama-3.1-8b-instruct,coreweave/bf16,101,1.0,CoreWeave,A,3.388e-05,0.679178699175393,0.9038394948609857,1
neutral_own,neutral,1220,-1,0,1,1,aPrPrPaQaQ,llama-8b,meta-llama/llama-3.1-8b-instruct,coreweave/bf16,100,1.0,CoreWeave,Since,3.388e-05,0.7057850278370112,0.8738292514929755,1
neutral_own,neutral,1220,-1,0,1,1,aPrPrPaQaQ,llama-8b,meta-llama/llama-3.1-8b-instruct,coreweave/bf16,101,1.0,CoreWeave,To,3.388e-05,0.7549149868676283,0.8446255111423748,1
neutral_own,neutral,1220,-1,0,1,2,rPaPaQaQrP,llama-8b,meta-llama/llama-3.1-8b-instruct,coreweave/bf16,100,1.0,CoreWeave,Since,3.388e-05,0.7310585786300049,0.8721978555438578,1
neutral_own,neutral,1220,-1,0,1,2,rPaPaQaQrP,llama-8b,meta-llama/llama-3.1-8b-instruct,coreweave/bf16,101,1.0,CoreWeave,Since,3.388e-05,0.7057850278370112,0.8807545348985644,1
neutral_own,neutral,1220,1,0,0,0,rPaPaQrPaQ,llama-8b,meta-llama/llama-3.1-8b-instruct,coreweave/bf16,100,1.0,CoreWeave,To,3.388e-05,0.34864513533394575,0.9545942637470888,1
neutral_own,neutral,1220,1,0,0,0,rPaPaQrPaQ,llama-8b,meta-llama/llama-3.1-8b-instruct,coreweave/bf16,101,1.0,CoreWeave,To,3.388e-05,0.34864513533394575,0.9545942637470888,1
neutral_own,neutral,1220,1,0,1,0,aQrPrPaPaQ,llama-8b,meta-llama/llama-3.1-8b-instruct,coreweave/bf16,100,1.0,CoreWeave,To,3.388e-05,0.5,0.9526151641430542,1
neutral_own,neutral,1220,1,0,1,0,aQrPrPaPaQ,llama-8b,meta-llama/llama-3.1-8b-instruct,coreweave/bf16,101,1.0,CoreWeave,To,3.388e-05,0.5,0.9526151641430542,1
neutral_own,neutral,1220,1,0,1,1,aPrPrPaQaQ,llama-8b,meta-llama/llama-3.1-8b-instruct,coreweave/bf16,100,1.0,CoreWeave,To,3.388e-05,0.5621765008857981,0.8881898853816518,0
neutral_own,neutral,1220,1,0,1,1,aPrPrPaQaQ,llama-8b,meta-llama/llama-3.1-8b-instruct,coreweave/bf16,101,1.0,CoreWeave,Since,3.388e-05,0.5621765008857981,0.8788373245270197,0
neutral_own,neutral,1220,1,0,1,2,rPrPaPaQaQ,llama-8b,meta-llama/llama-3.1-8b-instruct,coreweave/bf16,100,1.0,CoreWeave,To,3.388e-05,0.3486451353339458,0.8510316644585934,0
neutral_own,neutral,1220,1,0,1,2,rPrPaPaQaQ,llama-8b,meta-llama/llama-3.1-8b-instruct,coreweave/bf16,101,1.0,CoreWeave,Since,3.388e-05,0.3486451353339458,0.8510316644585934,0
neutral_own,neutral,2102,-1,0,0,0,aPrQaQaPrQ,llama-8b,meta-llama/llama-3.1-8b-instruct,coreweave/bf16,100,1.0,CoreWeave,To,3.388e-05,0.6513548646660543,0.9248187154649293,1
neutral_own,neutral,2102,-1,0,0,0,aPrQaQaPrQ,llama-8b,meta-llama/llama-3.1-8b-instruct,coreweave/bf16,101,1.0,CoreWeave,Since,3.388e-05,0.6513548646660542,0.9260924238687269,1
neutral_own,neutral,2102,-1,0,1,0,aPaQrQrQaP,llama-8b,meta-llama/llama-3.1-8b-instruct,coreweave/bf16,100,1.0,CoreWeave,To,3.388e-05,0.6224593312018546,0.8975802094298969,1
neutral_own,neutral,2102,-1,0,1,0,aPaQrQrQaP,llama-8b,meta-llama/llama-3.1-8b-instruct,coreweave/bf16,101,1.0,CoreWeave,To,3.388e-05,0.6224593312018546,0.897543941120154,1
neutral_own,neutral,2102,-1,0,1,1,rQaPaPaQrQ,llama-8b,meta-llama/llama-3.1-8b-instruct,coreweave/bf16,100,1.0,CoreWeave,Considering,3.388e-05,0.7549150089235337,0.8523503739153608,1
neutral_own,neutral,2102,-1,0,1,1,rQaPaPaQrQ,llama-8b,meta-llama/llama-3.1-8b-instruct,coreweave/bf16,101,1.0,CoreWeave,Since,3.388e-05,0.679178673200285,0.8619280824574374,1
neutral_own,neutral,2102,-1,0,1,2,aPaQrQrQaP,llama-8b,meta-llama/llama-3.1-8b-instruct,coreweave/bf16,100,1.0,CoreWeave,To,3.388e-05,0.6224593312018546,0.8975802094298969,1
neutral_own,neutral,2102,-1,0,1,2,aPaQrQrQaP,llama-8b,meta-llama/llama-3.1-8b-instruct,coreweave/bf16,101,1.0,CoreWeave,To,3.388e-05,0.6224593312018546,0.897543941120154,1
neutral_own,neutral,2102,1,0,0,0,rQrQaQaPaP,llama-8b,meta-llama/llama-3.1-8b-instruct,coreweave/bf16,100,1.0,CoreWeave,To,3.388e-05,0.43782349911420193,0.9341598224759012,1
neutral_own,neutral,2102,1,0,0,0,rQrQaQaPaP,llama-8b,meta-llama/llama-3.1-8b-instruct,coreweave/bf16,101,1.0,CoreWeave,I,3.388e-05,0.40733340004593027,0.9273390792363665,1
neutral_own,neutral,2102,1,0,0,1,aPrQaPrQaQ,llama-8b,meta-llama/llama-3.1-8b-instruct,coreweave/bf16,100,1.0,CoreWeave,Since,3.388e-05,0.43782349911420193,0.8314731825521863,0
neutral_own,neutral,2102,1,0,0,1,aPrQaPrQaQ,llama-8b,meta-llama/llama-3.1-8b-instruct,coreweave/bf16,101,1.0,CoreWeave,Since,3.388e-05,0.43782349911420193,0.8314731825521863,0
neutral_own,neutral,2102,1,0,0,2,rQaPrQaQaP,llama-8b,meta-llama/llama-3.1-8b-instruct,coreweave/bf16,100,1.0,CoreWeave,To,3.388e-05,0.5621765008857982,0.9524349900508264,1
neutral_own,neutral,2102,1,0,0,2,rQaPrQaQaP,llama-8b,meta-llama/llama-3.1-8b-instruct,coreweave/bf16,101,1.0,CoreWeave,To,3.388e-05,0.5926665999540698,0.9173196880717773,0
neutral_own,neutral,2102,1,0,1,0,rQaPaPaQrQ,llama-8b,meta-llama/llama-3.1-8b-instruct,coreweave/bf16,100,1.0,CoreWeave,To,3.388e-05,0.3775406687981454,0.809391900427255,0
neutral_own,neutral,2102,1,0,1,0,rQaPaPaQrQ,llama-8b,meta-llama/llama-3.1-8b-instruct,coreweave/bf16,101,1.0,CoreWeave,B,3.388e-05,0.3775406687981454,0.809391900427255,0
neutral_own,neutral,2220,-1,0,0,0,rPaPaQaQrPaP,llama-8b,meta-llama/llama-3.1-8b-instruct,coreweave/bf16,100,1.0,CoreWeave,Since,3.52e-05,0.6224593312018545,0.9619489093317792,1
neutral_own,neutral,2220,-1,0,0,0,rPaPaQaQrPaP,llama-8b,meta-llama/llama-3.1-8b-instruct,coreweave/bf16,101,1.0,CoreWeave,Since,3.52e-05,0.6224593312018546,0.9607652450793789,1
neutral_own,neutral,2220,-1,0,0,1,rPaQaPaQrPaP,llama-8b,meta-llama/llama-3.1-8b-instruct,coreweave/bf16,100,1.0,CoreWeave,To,3.52e-05,0.5926665999540698,0.9534867563849464,1
neutral_own,neutral,2220,-1,0,0,1,rPaQaPaQrPaP,llama-8b,meta-llama/llama-3.1-8b-instruct,coreweave/bf16,101,1.0,CoreWeave,To,3.52e-05,0.5926665999540698,0.9534867563849464,1
neutral_own,neutral,2220,-1,0,0,2,aPaQrPrPaQaP,llama-8b,meta-llama/llama-3.1-8b-instruct,coreweave/bf16,100,1.0,CoreWeave,To,3.52e-05,0.5,0.9884086502033057,1
neutral_own,neutral,2220,-1,0,0,2,aPaQrPrPaQaP,llama-8b,meta-llama/llama-3.1-8b-instruct,coreweave/bf16,101,1.0,CoreWeave,To,3.52e-05,0.5,0.9884086502033057,1
neutral_own,neutral,2220,-1,0,1,0,aQaPaPaQrPrP,llama-8b,meta-llama/llama-3.1-8b-instruct,coreweave/bf16,100,1.0,CoreWeave,Since,3.52e-05,0.6791786991753931,0.9376227993591394,1
neutral_own,neutral,2220,-1,0,1,0,aQaPaPaQrPrP,llama-8b,meta-llama/llama-3.1-8b-instruct,coreweave/bf16,101,1.0,CoreWeave,To,3.52e-05,0.679178699175393,0.9402000400650353,1
neutral_own,neutral,2220,1,0,0,0,aQrPaPrPaQaP,llama-8b,meta-llama/llama-3.1-8b-instruct,coreweave/bf16,100,1.0,CoreWeave,To,3.52e-05,0.5,1.0,1
neutral_own,neutral,2220,1,0,0,0,aQrPaPrPaQaP,llama-8b,meta-llama/llama-3.1-8b-instruct,coreweave/bf16,101,1.0,CoreWeave,To,3.52e-05,0.5,1.0,1
neutral_own,neutral,2220,1,0,1,0,rPaQaPaPrPaQ,llama-8b,meta-llama/llama-3.1-8b-instruct,coreweave/bf16,100,1.0,CoreWeave,To,3.52e-05,0.5,0.9608631183901205,1
neutral_own,neutral,2220,1,0,1,0,rPaQaPaPrPaQ,llama-8b,meta-llama/llama-3.1-8b-instruct,coreweave/bf16,101,1.0,CoreWeave,A,3.52e-05,0.5,0.9608631183901205,1
neutral_own,neutral,2220,1,0,1,1,rPaQaPaPaQrP,llama-8b,meta-llama/llama-3.1-8b-instruct,coreweave/bf16,100,1.0,CoreWeave,Since,3.52e-05,0.5,0.9759894650910825,1
neutral_own,neutral,2220,1,0,1,1,rPaQaPaPaQrP,llama-8b,meta-llama/llama-3.1-8b-instruct,coreweave/bf16,101,1.0,CoreWeave,Given,3.52e-05,0.5,0.9707702837797659,1
neutral_own,neutral,2220,1,0,1,2,aPrPaQaPrPaQ,llama-8b,meta-llama/llama-3.1-8b-instruct,coreweave/bf16,100,1.0,CoreWeave,Since,3.52e-05,0.679178699175393,0.9478005193583003,1
neutral_own,neutral,2220,1,0,1,2,aPrPaQaPrPaQ,llama-8b,meta-llama/llama-3.1-8b-instruct,coreweave/bf16,101,1.0,CoreWeave,Since,3.52e-05,0.6791786991753931,0.9476835268374528,1
neutral_own,neutral,3001,-1,0,0,0,aPaPrQaP,llama-8b,meta-llama/llama-3.1-8b-instruct,coreweave/bf16,100,1.0,CoreWeave,To,3.256e-05,0.8519528170040853,0.7520088776507485,1
neutral_own,neutral,3001,-1,0,0,0,aPaPrQaP,llama-8b,meta-llama/llama-3.1-8b-instruct,coreweave/bf16,101,1.0,CoreWeave,A,3.256e-05,0.8519528170040853,0.7520088776507485,1
neutral_own,neutral,3001,-1,0,0,1,aPaPrQaP,llama-8b,meta-llama/llama-3.1-8b-instruct,coreweave/bf16,100,1.0,CoreWeave,To,3.256e-05,0.8519528170040853,0.7520088776507485,1
neutral_own,neutral,3001,-1,0,0,1,aPaPrQaP,llama-8b,meta-llama/llama-3.1-8b-instruct,coreweave/bf16,101,1.0,CoreWeave,A,3.256e-05,0.8519528170040853,0.7520088776507485,1
neutral_own,neutral,3001,-1,0,0,2,aPrQaPaP,llama-8b,meta-llama/llama-3.1-8b-instruct,coreweave/bf16,100,1.0,CoreWeave,I,3.256e-05,0.8354835371034368,0.38861305477640534,0
neutral_own,neutral,3001,-1,0,0,2,aPrQaPaP,llama-8b,meta-llama/llama-3.1-8b-instruct,coreweave/bf16,101,1.0,CoreWeave,A,3.256e-05,0.8519527869325346,0.4049935724403393,0
neutral_own,neutral,3001,-1,0,1,0,aPaPrQaP,llama-8b,meta-llama/llama-3.1-8b-instruct,coreweave/bf16,100,1.0,CoreWeave,Since,3.256e-05,0.9046505351008904,0.5937832585268569,1
neutral_own,neutral,3001,-1,0,1,0,aPaPrQaP,llama-8b,meta-llama/llama-3.1-8b-instruct,coreweave/bf16,101,1.0,CoreWeave,To,3.256e-05,0.9046505351008904,0.5937832585268569,1
neutral_own,neutral,3001,1,0,0,0,aPrQaPaP,llama-8b,meta-llama/llama-3.1-8b-instruct,coreweave/bf16,100,1.0,CoreWeave,A,3.256e-05,0.29421498454004374,0.33003163058878615,0
neutral_own,neutral,3001,1,0,0,0,aPrQaPaP,llama-8b,meta-llama/llama-3.1-8b-instruct,coreweave/bf16,101,1.0,CoreWeave,Since,3.256e-05,0.29421498454004374,0.33003163058878615,0
neutral_own,neutral,3001,1,0,0,1,aPaPrQaP,llama-8b,meta-llama/llama-3.1-8b-instruct,coreweave/bf16,100,1.0,CoreWeave,Since,3.256e-05,0.4073334000459302,0.6027767266699176,0
neutral_own,neutral,3001,1,0,0,1,aPaPrQaP,llama-8b,meta-llama/llama-3.1-8b-instruct,coreweave/bf16,101,1.0,CoreWeave,Since,3.256e-05,0.4073334000459302,0.6027767266699176,0
neutral_own,neutral,3001,1,0,0,2,aPaPrQaP,llama-8b,meta-llama/llama-3.1-8b-instruct,coreweave/bf16,100,1.0,CoreWeave,Since,3.256e-05,0.4073334000459302,0.6027767266699176,0
neutral_own,neutral,3001,1,0,0,2,aPaPrQaP,llama-8b,meta-llama/llama-3.1-8b-instruct,coreweave/bf16,101,1.0,CoreWeave,Since,3.256e-05,0.4073334000459302,0.6027767266699176,0
neutral_own,neutral,3001,1,0,1,0,rQaPaPaP,llama-8b,meta-llama/llama-3.1-8b-instruct,coreweave/bf16,100,1.0,CoreWeave,Since,3.256e-05,0.3486451217982255,0.2440969159271537,0
neutral_own,neutral,3001,1,0,1,0,rQaPaPaP,llama-8b,meta-llama/llama-3.1-8b-instruct,coreweave/bf16,101,1.0,CoreWeave,A,3.256e-05,0.3486451217982255,0.2440969159271537,0
neutral_own,neutral,3010,-1,0,0,0,aPaPrPaP,llama-8b,meta-llama/llama-3.1-8b-instruct,coreweave/bf16,100,1.0,CoreWeave,Given,3.256e-05,0.8175744761936437,0.7923020975858477,0
neutral_own,neutral,3010,-1,0,0,0,aPaPrPaP,llama-8b,meta-llama/llama-3.1-8b-instruct,coreweave/bf16,101,1.0,CoreWeave,Since,3.256e-05,0.8354835371034369,0.7478132756335502,0
neutral_own,neutral,3010,-1,0,1,0,rPaPaPaP,llama-8b,meta-llama/llama-3.1-8b-instruct,coreweave/bf16,100,1.0,CoreWeave,A,3.256e-05,0.9324533013520765,0.3226011356912287,1
neutral_own,neutral,3010,-1,0,1,0,rPaPaPaP,llama-8b,meta-llama/llama-3.1-8b-instruct,coreweave/bf16,101,1.0,CoreWeave,A,3.256e-05,0.939913354875362,0.3206144889227922,1
neutral_own,neutral,3010,-1,0,1,1,aPaPrPaP,llama-8b,meta-llama/llama-3.1-8b-instruct,coreweave/bf16,100,1.0,CoreWeave,Since,3.256e-05,0.9324533126145178,0.6037983473809871,1
neutral_own,neutral,3010,-1,0,1,1,aPaPrPaP,llama-8b,meta-llama/llama-3.1-8b-instruct,coreweave/bf16,101,1.0,CoreWeave,Since,3.256e-05,0.9324533088603708,0.5766218132756131,1
neutral_own,neutral,3010,-1,0,1,2,aPaPaPrP,llama-8b,meta-llama/llama-3.1-8b-instruct,coreweave/bf16,100,1.0,CoreWeave,Since,3.256e-05,0.9241418241572635,0.40466793021092884,1
neutral_own,neutral,3010,-1,0,1,2,aPaPaPrP,llama-8b,meta-llama/llama-3.1-8b-instruct,coreweave/bf16,101,1.0,CoreWeave,A,3.256e-05,0.9241418241572635,0.40466793021092884,1
neutral_own,neutral,3010,1,0,0,0,aPaPrPaP,llama-8b,meta-llama/llama-3.1-8b-instruct,coreweave/bf16,100,1.0,CoreWeave,Since,3.256e-05,0.14804719051380197,0.4571333550702905,0
neutral_own,neutral,3010,1,0,0,0,aPaPrPaP,llama-8b,meta-llama/llama-3.1-8b-instruct,coreweave/bf16,101,1.0,CoreWeave,B,3.256e-05,0.14804719051380197,0.4571333550702905,0
neutral_own,neutral,3010,1,0,1,0,aPaPaPrP,llama-8b,meta-llama/llama-3.1-8b-instruct,coreweave/bf16,100,1.0,CoreWeave,B,3.256e-05,0.4378235137849365,0.2044650394176898,0
neutral_own,neutral,3010,1,0,1,0,aPaPaPrP,llama-8b,meta-llama/llama-3.1-8b-instruct,coreweave/bf16,101,1.0,CoreWeave,B,3.256e-05,0.43782349911420193,0.1996792336520758,0
neutral_own,neutral,3010,1,0,1,1,aPrPaPaP,llama-8b,meta-llama/llama-3.1-8b-instruct,coreweave/bf16,100,1.0,CoreWeave,A,3.256e-05,0.4073334000459302,0.1839249684644828,0
neutral_own,neutral,3010,1,0,1,1,aPrPaPaP,llama-8b,meta-llama/llama-3.1-8b-instruct,coreweave/bf16,101,1.0,CoreWeave,Since,3.256e-05,0.4073334000459302,0.1839249684644828,0
neutral_own,neutral,3010,1,0,1,2,aPaPaPrP,llama-8b,meta-llama/llama-3.1-8b-instruct,coreweave/bf16,100,1.0,CoreWeave,B,3.256e-05,0.4378235137849365,0.2044650394176898,0
neutral_own,neutral,3010,1,0,1,2,aPaPaPrP,llama-8b,meta-llama/llama-3.1-8b-instruct,coreweave/bf16,101,1.0,CoreWeave,B,3.256e-05,0.43782349911420193,0.1996792336520758,0
neutral_own,neutral,4011,-1,0,0,0,aPrPaPaPaPrQ,llama-8b,meta-llama/llama-3.1-8b-instruct,coreweave/bf16,100,1.0,CoreWeave,To,3.52e-05,0.7310585786300049,0.9012136627680376,1
neutral_own,neutral,4011,-1,0,0,0,aPrPaPaPaPrQ,llama-8b,meta-llama/llama-3.1-8b-instruct,coreweave/bf16,101,1.0,CoreWeave,To,3.52e-05,0.7310585786300049,0.8963602914956024,1
neutral_own,neutral,4011,-1,0,1,0,aPaPaPrQrPaP,llama-8b,meta-llama/llama-3.1-8b-instruct,coreweave/bf16,100,1.0,CoreWeave,Given,3.52e-05,0.5,0.9330630913087188,1
neutral_own,neutral,4011,-1,0,1,0,aPaPaPrQrPaP,llama-8b,meta-llama/llama-3.1-8b-instruct,coreweave/bf16,101,1.0,CoreWeave,Considering,3.52e-05,0.5,0.9333226864470439,1
neutral_own,neutral,4011,-1,0,1,1,aPrQaPaPaPrP,llama-8b,meta-llama/llama-3.1-8b-instruct,coreweave/bf16,100,1.0,CoreWeave,To,3.52e-05,0.8175744761936437,0.8029692301843836,1
neutral_own,neutral,4011,-1,0,1,1,aPrQaPaPaPrP,llama-8b,meta-llama/llama-3.1-8b-instruct,coreweave/bf16,101,1.0,CoreWeave,Since,3.52e-05,0.7981867777396211,0.8083313759028462,1
neutral_own,neutral,4011,-1,0,1,2,aPrQaPrPaPaP,llama-8b,meta-llama/llama-3.1-8b-instruct,coreweave/bf16,100,1.0,CoreWeave,To,3.52e-05,0.7772998818103891,0.8195041435981265,1
neutral_own,neutral,4011,-1,0,1,2,aPrQaPrPaPaP,llama-8b,meta-llama/llama-3.1-8b-instruct,coreweave/bf16,101,1.0,CoreWeave,Given,3.52e-05,0.7772998818103892,0.823723322684889,1
neutral_own,neutral,4011,1,0,0,0,aPaPrPaPrQaP,llama-8b,meta-llama/llama-3.1-8b-instruct,coreweave/bf16,100,1.0,CoreWeave,To,3.52e-05,0.3775406687981454,0.9440860653954564,0
neutral_own,neutral,4011,1,0,0,0,aPaPrPaPrQaP,llama-8b,meta-llama/llama-3.1-8b-instruct,coreweave/bf16,101,1.0,CoreWeave,Since,3.52e-05,0.3775406687981454,0.9440860653954564,0
neutral_own,neutral,4011,1,0,1,0,aPaPaPrQaPrP,llama-8b,meta-llama/llama-3.1-8b-instruct,coreweave/bf16,100,1.0,CoreWeave,To,3.52e-05,0.6513548646660543,0.9006115053248722,1
neutral_own,neutral,4011,1,0,1,0,aPaPaPrQaPrP,llama-8b,meta-llama/llama-3.1-8b-instruct,coreweave/bf16,101,1.0,CoreWeave,To,3.52e-05,0.6513548646660542,0.8905811236296642,1
neutral_own,neutral,4011,1,0,1,1,rQrPaPaPaPaP,llama-8b,meta-llama/llama-3.1-8b-instruct,coreweave/bf16,100,1.0,CoreWeave,B,3.52e-05,0.34864513533394575,0.7748183419083149,0
neutral_own,neutral,4011,1,0,1,1,rQrPaPaPaPaP,llama-8b,meta-llama/llama-3.1-8b-instruct,coreweave/bf16,101,1.0,CoreWeave,Since,3.52e-05,0.34864513533394575,0.7748183419083149,0
neutral_own,neutral,4011,1,0,1,2,aPaPaPrPrQaP,llama-8b,meta-llama/llama-3.1-8b-instruct,coreweave/bf16,100,1.0,CoreWeave,To,3.52e-05,0.5621765008857981,0.9044815746190269,0
neutral_own,neutral,4011,1,0,1,2,aPaPaPrPrQaP,llama-8b,meta-llama/llama-3.1-8b-instruct,coreweave/bf16,101,1.0,CoreWeave,Given,3.52e-05,0.5621765008857981,0.9044815746190269,0
political,political,0001,-1,0,0,0,rQ,llama-8b,meta-llama/llama-3.1-8b-instruct,coreweave/bf16,100,1.0,CoreWeave,B,4.092e-05,0.4073334000459302,0.41488470713278136,0
political,political,0001,-1,0,0,0,rQ,llama-8b,meta-llama/llama-3.1-8b-instruct,coreweave/bf16,101,1.0,CoreWeave,I,4.092e-05,0.4073334000459302,0.41488470713278136,0
political,political,0001,-1,0,1,0,rQ,llama-8b,meta-llama/llama-3.1-8b-instruct,coreweave/bf16,100,1.0,CoreWeave,Since,4.092e-05,0.3486451488696663,0.41566640106578256,0
political,political,0001,-1,0,1,0,rQ,llama-8b,meta-llama/llama-3.1-8b-instruct,coreweave/bf16,101,1.0,CoreWeave,B,4.092e-05,0.3486451488696663,0.41566640106578256,0
political,political,0001,-1,1,0,0,rQ,llama-8b,meta-llama/llama-3.1-8b-instruct,coreweave/bf16,100,1.0,CoreWeave,A,4.092e-05,0.7772998611746911,0.5073040629689601,0
political,political,0001,-1,1,0,0,rQ,llama-8b,meta-llama/llama-3.1-8b-instruct,coreweave/bf16,101,1.0,CoreWeave,A,4.092e-05,0.7772998611746911,0.5073040629689601,0
political,political,0001,-1,1,1,0,rQ,llama-8b,meta-llama/llama-3.1-8b-instruct,coreweave/bf16,100,1.0,CoreWeave,I,4.092e-05,0.8807970904940927,0.4053151209656131,0
political,political,0001,-1,1,1,0,rQ,llama-8b,meta-llama/llama-3.1-8b-instruct,coreweave/bf16,101,1.0,CoreWeave,A,4.092e-05,0.8807970904940927,0.4053151209656131,0
political,political,0001,1,0,0,0,rQ,llama-8b,meta-llama/llama-3.1-8b-instruct,coreweave/bf16,100,1.0,CoreWeave,I,4.07e-05,0.6791786991753931,0.29280426576164936,0
political,political,0001,1,0,0,0,rQ,llama-8b,meta-llama/llama-3.1-8b-instruct,coreweave/bf16,101,1.0,CoreWeave,A,4.07e-05,0.679178699175393,0.2926970225600475,0
political,political,0001,1,0,1,0,rQ,llama-8b,meta-llama/llama-3.1-8b-instruct,coreweave/bf16,100,1.0,CoreWeave,I,4.07e-05,0.6791786861878392,0.29106194223902104,0
political,political,0001,1,0,1,0,rQ,llama-8b,meta-llama/llama-3.1-8b-instruct,coreweave/bf16,101,1.0,CoreWeave,B,4.07e-05,0.6791787121629466,0.2667668722199167,0
political,political,0001,1,1,0,0,rQ,llama-8b,meta-llama/llama-3.1-8b-instruct,coreweave/bf16,100,1.0,CoreWeave,B,4.07e-05,0.1645164792819756,0.3427490455180988,0
political,political,0001,1,1,0,0,rQ,llama-8b,meta-llama/llama-3.1-8b-instruct,coreweave/bf16,101,1.0,CoreWeave,A,4.07e-05,0.16451646289656316,0.33607844931271746,0
political,political,0001,1,1,1,0,rQ,llama-8b,meta-llama/llama-3.1-8b-instruct,coreweave/bf16,100,1.0,CoreWeave,A,4.07e-05,0.3775406828054583,0.3833139014265281,0
political,political,0001,1,1,1,0,rQ,llama-8b,meta-llama/llama-3.1-8b-instruct,coreweave/bf16,101,1.0,CoreWeave,A,4.07e-05,0.3775406687981454,0.3919135347228364,0
political,political,0010,-1,0,0,0,rP,llama-8b,meta-llama/llama-3.1-8b-instruct,coreweave/bf16,100,1.0,CoreWeave,B,4.07e-05,0.20181322226037884,0.22668058886702025,0
political,political,0010,-1,0,0,0,rP,llama-8b,meta-llama/llama-3.1-8b-instruct,coreweave/bf16,101,1.0,CoreWeave,I,4.07e-05,0.20181322226037884,0.22668058886702025,0
political,political,0010,-1,0,1,0,rP,llama-8b,meta-llama/llama-3.1-8b-instruct,coreweave/bf16,100,1.0,CoreWeave,A,4.07e-05,0.32082128783705344,0.24453407029396035,0
political,political,0010,-1,0,1,0,rP,llama-8b,meta-llama/llama-3.1-8b-instruct,coreweave/bf16,101,1.0,CoreWeave,A,4.07e-05,0.3208213138121609,0.24505269065120616,0
political,political,0010,-1,1,0,0,rP,llama-8b,meta-llama/llama-3.1-8b-instruct,coreweave/bf16,100,1.0,CoreWeave,A,4.07e-05,0.5312093733737563,0.275403302677383,0
political,political,0010,-1,1,0,0,rP,llama-8b,meta-llama/llama-3.1-8b-instruct,coreweave/bf16,101,1.0,CoreWeave,B,4.07e-05,0.5312093733737563,0.275403302677383,0
political,political,0010,-1,1,1,0,rP,llama-8b,meta-llama/llama-3.1-8b-instruct,coreweave/bf16,100,1.0,CoreWeave,A,4.07e-05,0.8175744761936437,0.24125727525242,0
political,political,0010,-1,1,1,0,rP,llama-8b,meta-llama/llama-3.1-8b-instruct,coreweave/bf16,101,1.0,CoreWeave,A,4.07e-05,0.8175744761936437,0.24125727525242,0
political,political,0010,1,0,0,0,rP,llama-8b,meta-llama/llama-3.1-8b-instruct,coreweave/bf16,100,1.0,CoreWeave,B,4.048e-05,0.5,0.19739655615183516,0
political,political,0010,1,0,0,0,rP,llama-8b,meta-llama/llama-3.1-8b-instruct,coreweave/bf16,101,1.0,CoreWeave,A,4.048e-05,0.5,0.20895002603231833,0
political,political,0010,1,0,1,0,rP,llama-8b,meta-llama/llama-3.1-8b-instruct,coreweave/bf16,100,1.0,CoreWeave,B,4.048e-05,0.7549149758396752,0.29673967005105795,0
political,political,0010,1,0,1,0,rP,llama-8b,meta-llama/llama-3.1-8b-instruct,coreweave/bf16,101,1.0,CoreWeave,A,4.048e-05,0.7549149758396752,0.29673967005105795,0
political,political,0010,1,1,0,0,rP,llama-8b,meta-llama/llama-3.1-8b-instruct,coreweave/bf16,100,1.0,CoreWeave,B,4.048e-05,0.5312093733737563,0.2835373619715253,0
political,political,0010,1,1,0,0,rP,llama-8b,meta-llama/llama-3.1-8b-instruct,coreweave/bf16,101,1.0,CoreWeave,I,4.048e-05,0.531209388216861,0.2501696994975733,0
political,political,0010,1,1,1,0,rP,llama-8b,meta-llama/llama-3.1-8b-instruct,coreweave/bf16,100,1.0,CoreWeave,I,4.048e-05,0.7310585786300049,0.19065897968016202,0
political,political,0010,1,1,1,0,rP,llama-8b,meta-llama/llama-3.1-8b-instruct,coreweave/bf16,101,1.0,CoreWeave,B,4.048e-05,0.7057850154599562,0.19065452717985001,0
political,political,0011,-1,0,0,0,rPrQ,llama-8b,meta-llama/llama-3.1-8b-instruct,coreweave/bf16,100,1.0,CoreWeave,You,4.312e-05,0.29421497216298875,0.5287749995060332,0
political,political,0011,-1,0,0,0,rPrQ,llama-8b,meta-llama/llama-3.1-8b-instruct,coreweave/bf16,101,1.0,CoreWeave,A,4.312e-05,0.29421497216298875,0.5287749995060332,0
political,political,0011,-1,0,1,0,rPrQ,llama-8b,meta-llama/llama-3.1-8b-instruct,coreweave/bf16,100,1.0,CoreWeave,Given,4.312e-05,0.46879062662624377,0.6196633011520549,0
political,political,0011,-1,0,1,0,rPrQ,llama-8b,meta-llama/llama-3.1-8b-instruct,coreweave/bf16,101,1.0,CoreWeave,I,4.312e-05,0.46879062662624377,0.6196633011520549,0
political,political,0011,-1,1,0,0,rPrQ,llama-8b,meta-llama/llama-3.1-8b-instruct,coreweave/bf16,100,1.0,CoreWeave,B,4.312e-05,0.46879062662624377,0.5847244441855268,0
political,political,0011,-1,1,0,0,rPrQ,llama-8b,meta-llama/llama-3.1-8b-instruct,coreweave/bf16,101,1.0,CoreWeave,Given,4.312e-05,0.46879062662624377,0.6118920557363449,0
political,political,0011,-1,1,1,0,rPrQ,llama-8b,meta-llama/llama-3.1-8b-instruct,coreweave/bf16,100,1.0,CoreWeave,Since,4.312e-05,0.7981867777396211,0.629698863044152,1
political,political,0011,-1,1,1,0,rPrQ,llama-8b,meta-llama/llama-3.1-8b-instruct,coreweave/bf16,101,1.0,CoreWeave,Since,4.312e-05,0.7981867777396211,0.6450550561170163,1
political,political,0011,1,0,0,0,rQrP,llama-8b,meta-llama/llama-3.1-8b-instruct,coreweave/bf16,100,1.0,CoreWeave,Since,4.29e-05,0.6224593312018546,0.534858733635796,0
political,political,0011,1,0,0,0,rQrP,llama-8b,meta-llama/llama-3.1-8b-instruct,coreweave/bf16,101,1.0,CoreWeave,Since,4.29e-05,0.679178699175393,0.5360520058848494,0
political,political,0011,1,0,1,0,rQrP,llama-8b,meta-llama/llama-3.1-8b-instruct,coreweave/bf16,100,1.0,CoreWeave,A,4.29e-05,0.8175744761936437,0.573459634826502,0
political,political,0011,1,0,1,0,rQrP,llama-8b,meta-llama/llama-3.1-8b-instruct,coreweave/bf16,101,1.0,CoreWeave,Since,4.29e-05,0.8175744761936437,0.5508628920918945,0
political,political,0011,1,1,0,0,rPrQ,llama-8b,meta-llama/llama-3.1-8b-instruct,coreweave/bf16,100,1.0,CoreWeave,I,4.29e-05,0.5312093733737563,0.5173570603653175,0
political,political,0011,1,1,0,0,rPrQ,llama-8b,meta-llama/llama-3.1-8b-instruct,coreweave/bf16,101,1.0,CoreWeave,Given,4.29e-05,0.5312093733737562,0.5271504885930993,0
political,political,0011,1,1,1,0,rPrQ,llama-8b,meta-llama/llama-3.1-8b-instruct,coreweave/bf16,100,1.0,CoreWeave,A,4.29e-05,0.7057850278370112,0.49317850797793217,0
political,political,0011,1,1,1,0,rPrQ,llama-8b,meta-llama/llama-3.1-8b-instruct,coreweave/bf16,101,1.0,CoreWeave,I,4.29e-05,0.679178699175393,0.4835532770053841,0
political,political,0020,-1,0,0,0,rPrP,llama-8b,meta-llama/llama-3.1-8b-instruct,coreweave/bf16,100,1.0,CoreWeave,Since,4.29e-05,0.13296424019782926,0.46246569101611723,0
political,political,0020,-1,0,0,0,rPrP,llama-8b,meta-llama/llama-3.1-8b-instruct,coreweave/bf16,101,1.0,CoreWeave,Given,4.29e-05,0.1329642264548166,0.4616098836301465,0
political,political,0020,-1,0,1,0,rPrP,llama-8b,meta-llama/llama-3.1-8b-instruct,coreweave/bf16,100,1.0,CoreWeave,I,4.29e-05,0.2689414213699951,0.536465280623025,0
political,political,0020,-1,0,1,0,rPrP,llama-8b,meta-llama/llama-3.1-8b-instruct,coreweave/bf16,101,1.0,CoreWeave,B,4.29e-05,0.2942149721629888,0.5386519837708391,0
political,political,0020,-1,1,0,0,rPrP,llama-8b,meta-llama/llama-3.1-8b-instruct,coreweave/bf16,100,1.0,CoreWeave,Given,4.29e-05,0.7549149868676283,0.5188553740115432,0
political,political,0020,-1,1,0,0,rPrP,llama-8b,meta-llama/llama-3.1-8b-instruct,coreweave/bf16,101,1.0,CoreWeave,A,4.29e-05,0.7549149868676283,0.5188553740115432,0
political,political,0020,-1,1,1,0,rPrP,llama-8b,meta-llama/llama-3.1-8b-instruct,coreweave/bf16,100,1.0,CoreWeave,A,4.29e-05,0.8933094060543487,0.4208834642171765,0
political,political,0020,-1,1,1,0,rPrP,llama-8b,meta-llama/llama-3.1-8b-instruct,coreweave/bf16,101,1.0,CoreWeave,A,4.29e-05,0.8933094174159127,0.42091709117282555,0
political,political,0020,1,0,0,0,rPrP,llama-8b,meta-llama/llama-3.1-8b-instruct,coreweave/bf16,100,1.0,CoreWeave,Since,4.268e-05,0.5621765008857982,0.43663792894487885,0
political,political,0020,1,0,0,0,rPrP,llama-8b,meta-llama/llama-3.1-8b-instruct,coreweave/bf16,101,1.0,CoreWeave,A,4.268e-05,0.5621765008857982,0.43663792894487885,0
political,political,0020,1,0,1,0,rPrP,llama-8b,meta-llama/llama-3.1-8b-instruct,coreweave/bf16,100,1.0,CoreWeave,Given,4.268e-05,0.7549149868676283,0.5118654746403268,0
political,political,0020,1,0,1,0,rPrP,llama-8b,meta-llama/llama-3.1-8b-instruct,coreweave/bf16,101,1.0,CoreWeave,Given,4.268e-05,0.7772998611746911,0.548099550105635,0
political,political,0020,1,1,0,0,rPrP,llama-8b,meta-llama/llama-3.1-8b-instruct,coreweave/bf16,100,1.0,CoreWeave,Since,4.268e-05,0.6224593312018546,0.5622533213175472,0
political,political,0020,1,1,0,0,rPrP,llama-8b,meta-llama/llama-3.1-8b-instruct,coreweave/bf16,101,1.0,CoreWeave,Since,4.268e-05,0.6224593312018546,0.5622533213175472,0
political,political,0020,1,1,1,0,rPrP,llama-8b,meta-llama/llama-3.1-8b-instruct,coreweave/bf16,100,1.0,CoreWeave,B,4.268e-05,0.7310585786300049,0.5053305849704486,0
political,political,0020,1,1,1,0,rPrP,llama-8b,meta-llama/llama-3.1-8b-instruct,coreweave/bf16,101,1.0,CoreWeave,A,4.268e-05,0.679178699175393,0.5204071275802137,0
political,political,0100,-1,0,0,0,aQ,llama-8b,meta-llama/llama-3.1-8b-instruct,coreweave/bf16,100,1.0,CoreWeave,I,4.092e-05,0.16451645470385742,0.39812327134023995,0
political,political,0100,-1,0,0,0,aQ,llama-8b,meta-llama/llama-3.1-8b-instruct,coreweave/bf16,101,1.0,CoreWeave,B,4.092e-05,0.18242553269617778,0.4107104417312309,0
political,political,0100,-1,0,1,0,aQ,llama-8b,meta-llama/llama-3.1-8b-instruct,coreweave/bf16,100,1.0,CoreWeave,B,4.092e-05,0.07585818837825824,0.366805772185948,0
political,political,0100,-1,0,1,0,aQ,llama-8b,meta-llama/llama-3.1-8b-instruct,coreweave/bf16,101,1.0,CoreWeave,I,4.092e-05,0.0850990542883219,0.37672929687258805,0
political,political,0100,-1,1,0,0,aQ,llama-8b,meta-llama/llama-3.1-8b-instruct,coreweave/bf16,100,1.0,CoreWeave,I,4.092e-05,0.9525741295151718,0.4678666676013523,0
political,political,0100,-1,1,0,0,aQ,llama-8b,meta-llama/llama-3.1-8b-instruct,coreweave/bf16,101,1.0,CoreWeave,A,4.092e-05,0.9465966671870767,0.4480386806055015,0
political,political,0100,-1,1,1,0,aQ,llama-8b,meta-llama/llama-3.1-8b-instruct,coreweave/bf16,100,1.0,CoreWeave,A,4.092e-05,0.9399133531922388,0.34948720451846604,0
political,political,0100,-1,1,1,0,aQ,llama-8b,meta-llama/llama-3.1-8b-instruct,coreweave/bf16,101,1.0,CoreWeave,A,4.092e-05,0.9324533088603709,0.34741191213111977,0
political,political,0100,1,0,0,0,aQ,llama-8b,meta-llama/llama-3.1-8b-instruct,coreweave/bf16,100,1.0,CoreWeave,B,4.07e-05,0.3486451353339457,0.18155345464371841,0
political,political,0100,1,0,0,0,aQ,llama-8b,meta-llama/llama-3.1-8b-instruct,coreweave/bf16,101,1.0,CoreWeave,B,4.07e-05,0.3486451217982255,0.18141974593704702,0
political,political,0100,1,0,1,0,aQ,llama-8b,meta-llama/llama-3.1-8b-instruct,coreweave/bf16,100,1.0,CoreWeave,A,4.07e-05,0.6791787121629465,0.17652377115230294,0
political,political,0100,1,0,1,0,aQ,llama-8b,meta-llama/llama-3.1-8b-instruct,coreweave/bf16,101,1.0,CoreWeave,A,4.07e-05,0.6791787121629466,0.1766077969749698,0
political,political,0100,1,1,0,0,aQ,llama-8b,meta-llama/llama-3.1-8b-instruct,coreweave/bf16,100,1.0,CoreWeave,B,4.07e-05,0.22270014914315836,0.20796355299606184,0
political,political,0100,1,1,0,0,aQ,llama-8b,meta-llama/llama-3.1-8b-instruct,coreweave/bf16,101,1.0,CoreWeave,B,4.07e-05,0.18242551936144574,0.1933904886148845,0
political,political,0100,1,1,1,0,aQ,llama-8b,meta-llama/llama-3.1-8b-instruct,coreweave/bf16,100,1.0,CoreWeave,B,4.07e-05,0.6513548646660543,0.21980546542309404,0
political,political,0100,1,1,1,0,aQ,llama-8b,meta-llama/llama-3.1-8b-instruct,coreweave/bf16,101,1.0,CoreWeave,A,4.07e-05,0.6513548646660543,0.21831146953108566,0
political,political,0120,-1,0,0,0,rPrPaQ,llama-8b,meta-llama/llama-3.1-8b-instruct,coreweave/bf16,100,1.0,CoreWeave,B,4.532e-05,0.20181322226037884,0.648938109760181,1
political,political,0120,-1,0,0,0,rPrPaQ,llama-8b,meta-llama/llama-3.1-8b-instruct,coreweave/bf16,101,1.0,CoreWeave,I,4.532e-05,0.20181322226037884,0.6586467609468838,1
political,political,0120,-1,0,1,0,aQrPrP,llama-8b,meta-llama/llama-3.1-8b-instruct,coreweave/bf16,100,1.0,CoreWeave,I,4.532e-05,0.3775406968127714,0.660918784635807,0
political,political,0120,-1,0,1,0,aQrPrP,llama-8b,meta-llama/llama-3.1-8b-instruct,coreweave/bf16,101,1.0,CoreWeave,Since,4.532e-05,0.3775406407835203,0.6623690242847519,0
political,political,0120,-1,1,0,0,rPrPaQ,llama-8b,meta-llama/llama-3.1-8b-instruct,coreweave/bf16,100,1.0,CoreWeave,A,4.532e-05,0.5,0.6151155697704362,0
political,political,0120,-1,1,0,0,rPrPaQ,llama-8b,meta-llama/llama-3.1-8b-instruct,coreweave/bf16,101,1.0,CoreWeave,Since,4.532e-05,0.5,0.6220617624358704,0
political,political,0120,-1,1,1,0,aQrPrP,llama-8b,meta-llama/llama-3.1-8b-instruct,coreweave/bf16,100,1.0,CoreWeave,Based,4.532e-05,0.8519527944504227,0.5908342121265022,1
political,political,0120,-1,1,1,0,aQrPrP,llama-8b,meta-llama/llama-3.1-8b-instruct,coreweave/bf16,101,1.0,CoreWeave,A,4.532e-05,0.8519527944504227,0.5908342121265022,1
political,political,0120,1,0,0,0,aQrPrP,llama-8b,meta-llama/llama-3.1-8b-instruct,coreweave/bf16,100,1.0,CoreWeave,A,4.51e-05,0.5312093733737563,0.5567230108636947,0
political,political,0120,1,0,0,0,aQrPrP,llama-8b,meta-llama/llama-3.1-8b-instruct,coreweave/bf16,101,1.0,CoreWeave,A,4.51e-05,0.5621765008857982,0.5660980169135013,0
political,political,0120,1,0,1,0,rPrPaQ,llama-8b,meta-llama/llama-3.1-8b-instruct,coreweave/bf16,100,1.0,CoreWeave,A,4.51e-05,0.7772998508568416,0.5256519083791203,0
political,political,0120,1,0,1,0,rPrPaQ,llama-8b,meta-llama/llama-3.1-8b-instruct,coreweave/bf16,101,1.0,CoreWeave,I,4.51e-05,0.7549149868676284,0.4901727679230423,0
political,political,0120,1,1,0,0,rPrPaQ,llama-8b,meta-llama/llama-3.1-8b-instruct,coreweave/bf16,100,1.0,CoreWeave,I,4.51e-05,0.5,0.6351902239896998,0
political,political,0120,1,1,0,0,rPrPaQ,llama-8b,meta-llama/llama-3.1-8b-instruct,coreweave/bf16,101,1.0,CoreWeave,A,4.51e-05,0.4687906266262437,0.6238601451772114,0
political,political,0120,1,1,1,0,aQrPrP,llama-8b,meta-llama/llama-3.1-8b-instruct,coreweave/bf16,100,1.0,CoreWeave,Since,4.51e-05,0.5926665999540698,0.7179780672914512,0
political,political,0120,1,1,1,0,aQrPrP,llama-8b,meta-llama/llama-3.1-8b-instruct,coreweave/bf16,101,1.0,CoreWeave,Given,4.51e-05,0.6224593031872285,0.7276474913120916,0
political,political,0200,-1,0,0,0,aQaQ,llama-8b,meta-llama/llama-3.1-8b-instruct,coreweave/bf16,100,1.0,CoreWeave,Given,4.334e-05,0.1480472055495773,0.5118099067290367,0
political,political,0200,-1,0,0,0,aQaQ,llama-8b,meta-llama/llama-3.1-8b-instruct,coreweave/bf16,101,1.0,CoreWeave,B,4.334e-05,0.13296424019782926,0.48288622346236343,0
political,political,0200,-1,0,1,0,aQaQ,llama-8b,meta-llama/llama-3.1-8b-instruct,coreweave/bf16,100,1.0,CoreWeave,A,4.334e-05,0.11920293453832884,0.5330769939737274,0
political,political,0200,-1,0,1,0,aQaQ,llama-8b,meta-llama/llama-3.1-8b-instruct,coreweave/bf16,101,1.0,CoreWeave,B,4.334e-05,0.1329642264548166,0.5725380472858076,0
political,political,0200,-1,1,0,0,aQaQ,llama-8b,meta-llama/llama-3.1-8b-instruct,coreweave/bf16,100,1.0,CoreWeave,I,4.334e-05,0.9399133498259923,0.5557352497835037,1
political,political,0200,-1,1,0,0,aQaQ,llama-8b,meta-llama/llama-3.1-8b-instruct,coreweave/bf16,101,1.0,CoreWeave,A,4.334e-05,0.9399133498259923,0.5557352497835037,1
political,political,0200,-1,1,1,0,aQaQ,llama-8b,meta-llama/llama-3.1-8b-instruct,coreweave/bf16,100,1.0,CoreWeave,Since,4.334e-05,0.9399133498259924,0.47662316393511206,1
political,political,0200,-1,1,1,0,aQaQ,llama-8b,meta-llama/llama-3.1-8b-instruct,coreweave/bf16,101,1.0,CoreWeave,A,4.334e-05,0.9399133498259924,0.47662316393511206,1
political,political,0200,1,0,0,0,aQaQ,llama-8b,meta-llama/llama-3.1-8b-instruct,coreweave/bf16,100,1.0,CoreWeave,Since,4.312e-05,0.5621765155565326,0.27224803897678285,0
political,political,0200,1,0,0,0,aQaQ,llama-8b,meta-llama/llama-3.1-8b-instruct,coreweave/bf16,101,1.0,CoreWeave,B,4.312e-05,0.5621765155565326,0.27224803897678285,0
political,political,0200,1,0,1,0,aQaQ,llama-8b,meta-llama/llama-3.1-8b-instruct,coreweave/bf16,100,1.0,CoreWeave,A,4.312e-05,0.5926665999540698,0.30011795949288617,0
political,political,0200,1,0,1,0,aQaQ,llama-8b,meta-llama/llama-3.1-8b-instruct,coreweave/bf16,101,1.0,CoreWeave,Given,4.312e-05,0.6224593312018546,0.3307052579348787,0
political,political,0200,1,1,0,0,aQaQ,llama-8b,meta-llama/llama-3.1-8b-instruct,coreweave/bf16,100,1.0,CoreWeave,Since,4.312e-05,0.24508502416032488,0.4061561766495182,0
political,political,0200,1,1,0,0,aQaQ,llama-8b,meta-llama/llama-3.1-8b-instruct,coreweave/bf16,101,1.0,CoreWeave,B,4.312e-05,0.24508502416032488,0.38792358532715493,0
political,political,0200,1,1,1,0,aQaQ,llama-8b,meta-llama/llama-3.1-8b-instruct,coreweave/bf16,100,1.0,CoreWeave,I,4.312e-05,0.5621765008857981,0.3898754870382792,0
political,political,0200,1,1,1,0,aQaQ,llama-8b,meta-llama/llama-3.1-8b-instruct,coreweave/bf16,101,1.0,CoreWeave,Given,4.312e-05,0.5312093733737563,0.3764298023888798,0
political,political,0201,-1,0,0,0,rQaQaQ,llama-8b,meta-llama/llama-3.1-8b-instruct,coreweave/bf16,100,1.0,CoreWeave,B,4.576e-05,0.2942149721629888,0.6077730433500703,0
political,political,0201,-1,0,0,0,rQaQaQ,llama-8b,meta-llama/llama-3.1-8b-instruct,coreweave/bf16,101,1.0,CoreWeave,I,4.576e-05,0.29421494740887977,0.5564937527303667,0
political,political,0201,-1,0,1,0,rQaQaQ,llama-8b,meta-llama/llama-3.1-8b-instruct,coreweave/bf16,100,1.0,CoreWeave,B,4.576e-05,0.34864516240538707,0.6611534751055328,0
political,political,0201,-1,0,1,0,rQaQaQ,llama-8b,meta-llama/llama-3.1-8b-instruct,coreweave/bf16,101,1.0,CoreWeave,Given,4.576e-05,0.3486451353339458,0.6622304864490622,0
political,political,0201,-1,1,0,0,rQaQaQ,llama-8b,meta-llama/llama-3.1-8b-instruct,coreweave/bf16,100,1.0,CoreWeave,Based,4.576e-05,0.7310585786300049,0.5846816120140815,0
political,political,0201,-1,1,0,0,rQaQaQ,llama-8b,meta-llama/llama-3.1-8b-instruct,coreweave/bf16,101,1.0,CoreWeave,Since,4.576e-05,0.7310585551920353,0.6152153138354541,0
political,political,0201,-1,1,1,0,aQaQrQ,llama-8b,meta-llama/llama-3.1-8b-instruct,coreweave/bf16,100,1.0,CoreWeave,A,4.576e-05,0.8933094003735664,0.5074708864989649,1
political,political,0201,-1,1,1,0,aQaQrQ,llama-8b,meta-llama/llama-3.1-8b-instruct,coreweave/bf16,101,1.0,CoreWeave,I,4.576e-05,0.8933094003735664,0.5074708864989649,1
political,political,0201,1,0,0,0,aQaQrQ,llama-8b,meta-llama/llama-3.1-8b-instruct,coreweave/bf16,100,1.0,CoreWeave,I,4.554e-05,0.6513548646660543,0.47879852676607326,0
political,political,0201,1,0,0,0,aQaQrQ,llama-8b,meta-llama/llama-3.1-8b-instruct,coreweave/bf16,101,1.0,CoreWeave,A,4.554e-05,0.6513548646660543,0.47879852676607326,0
political,political,0201,1,0,1,0,aQrQaQ,llama-8b,meta-llama/llama-3.1-8b-instruct,coreweave/bf16,100,1.0,CoreWeave,B,4.554e-05,0.6513548646660542,0.5019234922056405,0
political,political,0201,1,0,1,0,aQrQaQ,llama-8b,meta-llama/llama-3.1-8b-instruct,coreweave/bf16,101,1.0,CoreWeave,B,4.554e-05,0.6513548646660542,0.5019234922056405,0
political,political,0201,1,1,0,0,rQaQaQ,llama-8b,meta-llama/llama-3.1-8b-instruct,coreweave/bf16,100,1.0,CoreWeave,Given,4.554e-05,0.24508499107646636,0.5445383801055708,0
political,political,0201,1,1,0,0,rQaQaQ,llama-8b,meta-llama/llama-3.1-8b-instruct,coreweave/bf16,101,1.0,CoreWeave,B,4.554e-05,0.24508499107646636,0.5445383801055708,0
political,political,0201,1,1,1,0,aQrQaQ,llama-8b,meta-llama/llama-3.1-8b-instruct,coreweave/bf16,100,1.0,CoreWeave,B,4.554e-05,0.5312093733737563,0.5253383998377092,0
political,political,0201,1,1,1,0,aQrQaQ,llama-8b,meta-llama/llama-3.1-8b-instruct,coreweave/bf16,101,1.0,CoreWeave,Since,4.554e-05,0.5621765008857981,0.5771977438553121,0
political,political,0202,-1,0,0,0,rQrQaQaQ,llama-8b,meta-llama/llama-3.1-8b-instruct,coreweave/bf16,100,1.0,CoreWeave,Given,4.818e-05,0.24508503518827837,0.767591499017596,1
political,political,0202,-1,0,0,0,rQrQaQaQ,llama-8b,meta-llama/llama-3.1-8b-instruct,coreweave/bf16,101,1.0,CoreWeave,Based,4.818e-05,0.20181322226037884,0.7699153830405234,1
political,political,0202,-1,0,1,0,aQrQrQaQ,llama-8b,meta-llama/llama-3.1-8b-instruct,coreweave/bf16,100,1.0,CoreWeave,Since,4.818e-05,0.4378234991142018,0.8910423669301675,1
political,political,0202,-1,0,1,0,aQrQrQaQ,llama-8b,meta-llama/llama-3.1-8b-instruct,coreweave/bf16,101,1.0,CoreWeave,Since,4.818e-05,0.4687906266262437,0.8929726253122622,1
political,political,0202,-1,1,0,0,rQaQaQrQ,llama-8b,meta-llama/llama-3.1-8b-instruct,coreweave/bf16,100,1.0,CoreWeave,Given,4.818e-05,0.6224593312018546,0.8579345306141268,1
political,political,0202,-1,1,0,0,rQaQaQrQ,llama-8b,meta-llama/llama-3.1-8b-instruct,coreweave/bf16,101,1.0,CoreWeave,A,4.818e-05,0.6224593312018545,0.8578716520392323,1
political,political,0202,-1,1,1,0,aQaQrQrQ,llama-8b,meta-llama/llama-3.1-8b-instruct,coreweave/bf16,100,1.0,CoreWeave,Given,4.818e-05,0.8670357598021707,0.6226860059482574,1
political,political,0202,-1,1,1,0,aQaQrQrQ,llama-8b,meta-llama/llama-3.1-8b-instruct,coreweave/bf16,101,1.0,CoreWeave,A,4.818e-05,0.8519527944504227,0.6281444348661778,1
political,political,0202,1,0,0,0,rQaQaQrQ,llama-8b,meta-llama/llama-3.1-8b-instruct,coreweave/bf16,100,1.0,CoreWeave,I,4.796e-05,0.5926665999540698,0.8408329848062389,1
political,political,0202,1,0,0,0,rQaQaQrQ,llama-8b,meta-llama/llama-3.1-8b-instruct,coreweave/bf16,101,1.0,CoreWeave,A,4.796e-05,0.5926665999540697,0.8421051400109898,1
political,political,0202,1,0,1,0,aQaQrQrQ,llama-8b,meta-llama/llama-3.1-8b-instruct,coreweave/bf16,100,1.0,CoreWeave,Since,4.796e-05,0.6791787251504998,0.7156779672692921,0
political,political,0202,1,0,1,0,aQaQrQrQ,llama-8b,meta-llama/llama-3.1-8b-instruct,coreweave/bf16,101,1.0,CoreWeave,Since,4.796e-05,0.6791787251504998,0.7164959344249544,0
political,political,0202,1,1,0,0,aQaQrQrQ,llama-8b,meta-llama/llama-3.1-8b-instruct,coreweave/bf16,100,1.0,CoreWeave,You,4.796e-05,0.20181322226037884,0.7857022896700138,1
political,political,0202,1,1,0,0,aQaQrQrQ,llama-8b,meta-llama/llama-3.1-8b-instruct,coreweave/bf16,101,1.0,CoreWeave,I,4.796e-05,0.2689414213699951,0.7068665677494989,0
political,political,0202,1,1,1,0,aQrQrQaQ,llama-8b,meta-llama/llama-3.1-8b-instruct,coreweave/bf16,100,1.0,CoreWeave,Given,4.796e-05,0.5,0.9081612158119813,1
political,political,0202,1,1,1,0,aQrQrQaQ,llama-8b,meta-llama/llama-3.1-8b-instruct,coreweave/bf16,101,1.0,CoreWeave,You,4.796e-05,0.5,1.0,1
political,political,0212,-1,0,0,0,rQrQrPaQaQ,llama-8b,meta-llama/llama-3.1-8b-instruct,coreweave/bf16,100,1.0,CoreWeave,To,5.038e-05,0.5,1.0,1
political,political,0212,-1,0,0,0,rQrQrPaQaQ,llama-8b,meta-llama/llama-3.1-8b-instruct,coreweave/bf16,101,1.0,CoreWeave,To,5.038e-05,0.5,1.0,1
political,political,0212,-1,0,1,0,rQaQrQaQrP,llama-8b,meta-llama/llama-3.1-8b-instruct,coreweave/bf16,100,1.0,CoreWeave,Since,5.038e-05,0.5,0.9363472502414241,1
political,political,0212,-1,0,1,0,rQaQrQaQrP,llama-8b,meta-llama/llama-3.1-8b-instruct,coreweave/bf16,101,1.0,CoreWeave,Given,5.038e-05,0.5,1.0,1
political,political,0212,-1,1,0,0,rQaQaQrQrP,llama-8b,meta-llama/llama-3.1-8b-instruct,coreweave/bf16,100,1.0,CoreWeave,B,5.038e-05,0.5621765008857982,0.8044603484072363,0
political,political,0212,-1,1,0,0,rQaQaQrQrP,llama-8b,meta-llama/llama-3.1-8b-instruct,coreweave/bf16,101,1.0,CoreWeave,Since,5.038e-05,0.5312093733737563,0.890072202883152,1
political,political,0212,-1,1,1,0,aQrQrQrPaQ,llama-8b,meta-llama/llama-3.1-8b-instruct,coreweave/bf16,100,1.0,CoreWeave,Based,5.038e-05,0.5,0.8863884009003224,1
political,political,0212,-1,1,1,0,aQrQrQrPaQ,llama-8b,meta-llama/llama-3.1-8b-instruct,coreweave/bf16,101,1.0,CoreWeave,I,5.038e-05,0.5,1.0,1
political,political,0212,1,0,0,0,rPrQaQrQaQ,llama-8b,meta-llama/llama-3.1-8b-instruct,coreweave/bf16,100,1.0,CoreWeave,Based,5.016e-05,0.5,1.0,1
political,political,0212,1,0,0,0,rPrQaQrQaQ,llama-8b,meta-llama/llama-3.1-8b-instruct,coreweave/bf16,101,1.0,CoreWeave,To,5.016e-05,0.5,1.0,1
political,political,0212,1,0,1,0,rQrPaQaQrQ,llama-8b,meta-llama/llama-3.1-8b-instruct,coreweave/bf16,100,1.0,CoreWeave,Since,5.016e-05,0.5,1.0,1
political,political,0212,1,0,1,0,rQrPaQaQrQ,llama-8b,meta-llama/llama-3.1-8b-instruct,coreweave/bf16,101,1.0,CoreWeave,Given,5.016e-05,0.5,1.0,1
political,political,0212,1,1,0,0,rPrQaQrQaQ,llama-8b,meta-llama/llama-3.1-8b-instruct,coreweave/bf16,100,1.0,CoreWeave,You,5.016e-05,0.5,1.0,1
political,political,0212,1,1,0,0,rPrQaQrQaQ,llama-8b,meta-llama/llama-3.1-8b-instruct,coreweave/bf16,101,1.0,CoreWeave,To,5.016e-05,0.5,1.0,1
political,political,0212,1,1,1,0,aQrPrQrQaQ,llama-8b,meta-llama/llama-3.1-8b-instruct,coreweave/bf16,100,1.0,CoreWeave,Since,5.016e-05,0.5,1.0,1
political,political,0212,1,1,1,0,aQrPrQrQaQ,llama-8b,meta-llama/llama-3.1-8b-instruct,coreweave/bf16,101,1.0,CoreWeave,You,5.016e-05,0.5,1.0,1
political,political,0220,-1,0,0,0,aQrPaQrP,llama-8b,meta-llama/llama-3.1-8b-instruct,coreweave/bf16,100,1.0,CoreWeave,Given,4.774e-05,0.43782349911420193,0.8614278810114404,1
political,political,0220,-1,0,0,0,aQrPaQrP,llama-8b,meta-llama/llama-3.1-8b-instruct,coreweave/bf16,101,1.0,CoreWeave,Based,4.774e-05,0.3775406968127714,0.8449211568196171,1
political,political,0220,-1,0,1,0,rPaQaQrP,llama-8b,meta-llama/llama-3.1-8b-instruct,coreweave/bf16,100,1.0,CoreWeave,B,4.774e-05,0.4687906266262437,0.8999084562711674,1
political,political,0220,-1,0,1,0,rPaQaQrP,llama-8b,meta-llama/llama-3.1-8b-instruct,coreweave/bf16,101,1.0,CoreWeave,Since,4.774e-05,0.4687906266262437,0.8915710217592555,1
political,political,0220,-1,1,0,0,aQrPaQrP,llama-8b,meta-llama/llama-3.1-8b-instruct,coreweave/bf16,100,1.0,CoreWeave,Since,4.774e-05,0.679178673200285,0.8443616996767942,1
political,political,0220,-1,1,0,0,aQrPaQrP,llama-8b,meta-llama/llama-3.1-8b-instruct,coreweave/bf16,101,1.0,CoreWeave,Since,4.774e-05,0.679178699175393,0.8399165216675858,1
political,political,0220,-1,1,1,0,rPaQaQrP,llama-8b,meta-llama/llama-3.1-8b-instruct,coreweave/bf16,100,1.0,CoreWeave,You,4.774e-05,0.6513548917374946,0.8205576173581358,1
political,political,0220,-1,1,1,0,rPaQaQrP,llama-8b,meta-llama/llama-3.1-8b-instruct,coreweave/bf16,101,1.0,CoreWeave,Since,4.774e-05,0.6513548917374946,0.8205576173581358,1
political,political,0220,1,0,0,0,aQrPrPaQ,llama-8b,meta-llama/llama-3.1-8b-instruct,coreweave/bf16,100,1.0,CoreWeave,Given,4.752e-05,0.6224593312018546,0.8036316476995827,0
political,political,0220,1,0,0,0,aQrPrPaQ,llama-8b,meta-llama/llama-3.1-8b-instruct,coreweave/bf16,101,1.0,CoreWeave,Based,4.752e-05,0.5926665999540697,0.8816748655604214,1
political,political,0220,1,0,1,0,aQrPaQrP,llama-8b,meta-llama/llama-3.1-8b-instruct,coreweave/bf16,100,1.0,CoreWeave,A,4.752e-05,0.6513548646660542,0.8308835986064925,1
political,political,0220,1,0,1,0,aQrPaQrP,llama-8b,meta-llama/llama-3.1-8b-instruct,coreweave/bf16,101,1.0,CoreWeave,You,4.752e-05,0.7772998818103891,0.8444157552773863,1
political,political,0220,1,1,0,0,rPaQrPaQ,llama-8b,meta-llama/llama-3.1-8b-instruct,coreweave/bf16,100,1.0,CoreWeave,Given,4.752e-05,0.5,1.0,1
political,political,0220,1,1,0,0,rPaQrPaQ,llama-8b,meta-llama/llama-3.1-8b-instruct,coreweave/bf16,101,1.0,CoreWeave,Given,4.752e-05,0.5,1.0,1
political,political,0220,1,1,1,0,aQaQrPrP,llama-8b,meta-llama/llama-3.1-8b-instruct,coreweave/bf16,100,1.0,CoreWeave,Since,4.752e-05,0.5926665999540697,0.7926252803887752,0
political,political,0220,1,1,1,0,aQaQrPrP,llama-8b,meta-llama/llama-3.1-8b-instruct,coreweave/bf16,101,1.0,CoreWeave,Given,4.752e-05,0.5926665999540698,0.7979606412572886,0
political,political,0231,-1,0,0,0,aQrQaQrPrPrP,llama-8b,meta-llama/llama-3.1-8b-instruct,coreweave/bf16,100,1.0,CoreWeave,Based,5.236e-05,0.3775406687981454,0.8751044439980207,1
political,political,0231,-1,0,0,0,aQrQaQrPrPrP,llama-8b,meta-llama/llama-3.1-8b-instruct,coreweave/bf16,101,1.0,CoreWeave,Given,5.236e-05,0.34864513533394575,0.8515907119892059,1
political,political,0231,-1,0,1,0,rPaQrPrPrQaQ,llama-8b,meta-llama/llama-3.1-8b-instruct,coreweave/bf16,100,1.0,CoreWeave,Since,5.236e-05,0.5,1.0,1
political,political,0231,-1,0,1,0,rPaQrPrPrQaQ,llama-8b,meta-llama/llama-3.1-8b-instruct,coreweave/bf16,101,1.0,CoreWeave,Given,5.236e-05,0.5,1.0,1
political,political,0231,-1,1,0,0,rPrQrPaQaQrP,llama-8b,meta-llama/llama-3.1-8b-instruct,coreweave/bf16,100,1.0,CoreWeave,Given,5.236e-05,0.5,1.0,1
political,political,0231,-1,1,0,0,rPrQrPaQaQrP,llama-8b,meta-llama/llama-3.1-8b-instruct,coreweave/bf16,101,1.0,CoreWeave,Based,5.236e-05,0.5,1.0,1
political,political,0231,-1,1,1,0,aQrQrPrPaQrP,llama-8b,meta-llama/llama-3.1-8b-instruct,coreweave/bf16,100,1.0,CoreWeave,Since,5.236e-05,0.5312093733737563,0.9093509603045496,1
political,political,0231,-1,1,1,0,aQrQrPrPaQrP,llama-8b,meta-llama/llama-3.1-8b-instruct,coreweave/bf16,101,1.0,CoreWeave,Since,5.236e-05,0.5312093733737563,0.9093509603045496,1
political,political,0231,1,0,0,0,aQrQrPrPrPaQ,llama-8b,meta-llama/llama-3.1-8b-instruct,coreweave/bf16,100,1.0,CoreWeave,Given,5.214e-05,0.5,0.9370926069212298,1
political,political,0231,1,0,0,0,aQrQrPrPrPaQ,llama-8b,meta-llama/llama-3.1-8b-instruct,coreweave/bf16,101,1.0,CoreWeave,Based,5.214e-05,0.5,0.9432823413004565,1
political,political,0231,1,0,1,0,rQaQrPaQrPrP,llama-8b,meta-llama/llama-3.1-8b-instruct,coreweave/bf16,100,1.0,CoreWeave,Since,5.214e-05,0.5,0.9469506157290343,1
political,political,0231,1,0,1,0,rQaQrPaQrPrP,llama-8b,meta-llama/llama-3.1-8b-instruct,coreweave/bf16,101,1.0,CoreWeave,To,5.214e-05,0.5,1.0,1
political,political,0231,1,1,0,0,rPrQrPaQrPaQ,llama-8b,meta-llama/llama-3.1-8b-instruct,coreweave/bf16,100,1.0,CoreWeave,Since,5.214e-05,0.5,1.0,1
political,political,0231,1,1,0,0,rPrQrPaQrPaQ,llama-8b,meta-llama/llama-3.1-8b-instruct,coreweave/bf16,101,1.0,CoreWeave,Since,5.214e-05,0.5,1.0,1
political,political,0231,1,1,1,0,rPrPaQrQrPaQ,llama-8b,meta-llama/llama-3.1-8b-instruct,coreweave/bf16,100,1.0,CoreWeave,You,5.214e-05,0.5,1.0,1
political,political,0231,1,1,1,0,rPrPaQrQrPaQ,llama-8b,meta-llama/llama-3.1-8b-instruct,coreweave/bf16,101,1.0,CoreWeave,Since,5.214e-05,0.5,1.0,1
political,political,0501,-1,0,0,0,aQaQrQaQaQaQ,llama-8b,meta-llama/llama-3.1-8b-instruct,coreweave/bf16,100,1.0,CoreWeave,Since,5.302e-05,0.29421499691709907,0.8232945825655825,1
political,political,0501,-1,0,0,0,aQaQrQaQaQaQ,llama-8b,meta-llama/llama-3.1-8b-instruct,coreweave/bf16,101,1.0,CoreWeave,B,5.302e-05,0.26894144480796467,0.7914329093081884,1
political,political,0501,-1,0,1,0,aQaQaQaQaQrQ,llama-8b,meta-llama/llama-3.1-8b-instruct,coreweave/bf16,100,1.0,CoreWeave,A,5.302e-05,0.2689414448079646,0.7441479037276136,0
political,political,0501,-1,0,1,0,aQaQaQaQaQrQ,llama-8b,meta-llama/llama-3.1-8b-instruct,coreweave/bf16,101,1.0,CoreWeave,Since,5.302e-05,0.2689414213699951,0.7157763236313665,0
political,political,0501,-1,1,0,0,aQaQaQrQaQaQ,llama-8b,meta-llama/llama-3.1-8b-instruct,coreweave/bf16,100,1.0,CoreWeave,Since,5.302e-05,0.7057850278370112,0.8235917060625302,1
political,political,0501,-1,1,0,0,aQaQaQrQaQaQ,llama-8b,meta-llama/llama-3.1-8b-instruct,coreweave/bf16,101,1.0,CoreWeave,Based,5.302e-05,0.7549149868676283,0.8235917060625302,1
political,political,0501,-1,1,1,0,aQaQrQaQaQaQ,llama-8b,meta-llama/llama-3.1-8b-instruct,coreweave/bf16,100,1.0,CoreWeave,A,5.302e-05,0.8354835207180245,0.6546847085176337,1
political,political,0501,-1,1,1,0,aQaQrQaQaQaQ,llama-8b,meta-llama/llama-3.1-8b-instruct,coreweave/bf16,101,1.0,CoreWeave,Since,5.302e-05,0.835483553488848,0.6514809011521016,1
political,political,0501,1,0,0,0,aQaQrQaQaQaQ,llama-8b,meta-llama/llama-3.1-8b-instruct,coreweave/bf16,100,1.0,CoreWeave,Given,5.28e-05,0.7549149648117216,0.7965653963297805,1
political,political,0501,1,0,0,0,aQaQrQaQaQaQ,llama-8b,meta-llama/llama-3.1-8b-instruct,coreweave/bf16,101,1.0,CoreWeave,Since,5.28e-05,0.7549149648117216,0.7965653963297805,1
political,political,0501,1,0,1,0,aQaQaQrQaQaQ,llama-8b,meta-llama/llama-3.1-8b-instruct,coreweave/bf16,100,1.0,CoreWeave,A,5.28e-05,0.705785003082901,0.846018773834808,1
political,political,0501,1,0,1,0,aQaQaQrQaQaQ,llama-8b,meta-llama/llama-3.1-8b-instruct,coreweave/bf16,101,1.0,CoreWeave,Given,5.28e-05,0.7057850278370112,0.8546387587314059,1
political,political,0501,1,1,0,0,aQaQrQaQaQaQ,llama-8b,meta-llama/llama-3.1-8b-instruct,coreweave/bf16,100,1.0,CoreWeave,You,5.28e-05,0.3775406407835203,0.7568919075566916,0
political,political,0501,1,1,0,0,aQaQrQaQaQaQ,llama-8b,meta-llama/llama-3.1-8b-instruct,coreweave/bf16,101,1.0,CoreWeave,B,5.28e-05,0.34864513533394575,0.7759015576723807,0
political,political,0501,1,1,1,0,aQaQrQaQaQaQ,llama-8b,meta-llama/llama-3.1-8b-instruct,coreweave/bf16,100,1.0,CoreWeave,Given,5.28e-05,0.4687906266262437,0.7828780079201934,0
political,political,0501,1,1,1,0,aQaQrQaQaQaQ,llama-8b,meta-llama/llama-3.1-8b-instruct,coreweave/bf16,101,1.0,CoreWeave,I,5.28e-05,0.34864513533394575,0.8846627626416242,1
political,political,1000,-1,0,0,0,aP,llama-8b,meta-llama/llama-3.1-8b-instruct,coreweave/bf16,100,1.0,CoreWeave,A,4.07e-05,0.1645164669929162,0.24002716139995595,0
political,political,1000,-1,0,0,0,aP,llama-8b,meta-llama/llama-3.1-8b-instruct,coreweave/bf16,101,1.0,CoreWeave,A,4.07e-05,0.1824255326961778,0.221563750102872,0
political,political,1000,-1,0,1,0,aP,llama-8b,meta-llama/llama-3.1-8b-instruct,coreweave/bf16,100,1.0,CoreWeave,B,4.07e-05,0.4378234844434674,0.2111933767381175,0
political,political,1000,-1,0,1,0,aP,llama-8b,meta-llama/llama-3.1-8b-instruct,coreweave/bf16,101,1.0,CoreWeave,A,4.07e-05,0.4378235137849365,0.22192621198116114,0
political,political,1000,-1,1,0,0,aP,llama-8b,meta-llama/llama-3.1-8b-instruct,coreweave/bf16,100,1.0,CoreWeave,B,4.07e-05,0.4378234844434674,0.21724383719229934,0
political,political,1000,-1,1,0,0,aP,llama-8b,meta-llama/llama-3.1-8b-instruct,coreweave/bf16,101,1.0,CoreWeave,A,4.07e-05,0.40733340004593027,0.22282315504986078,0
political,political,1000,-1,1,1,0,aP,llama-8b,meta-llama/llama-3.1-8b-instruct,coreweave/bf16,100,1.0,CoreWeave,A,4.07e-05,0.851952809486198,0.213275177304648,0
political,political,1000,-1,1,1,0,aP,llama-8b,meta-llama/llama-3.1-8b-instruct,coreweave/bf16,101,1.0,CoreWeave,A,4.07e-05,0.8519528132451416,0.22014046872299944,0
political,political,1000,1,0,0,0,aP,llama-8b,meta-llama/llama-3.1-8b-instruct,coreweave/bf16,100,1.0,CoreWeave,A,4.048e-05,0.9796676502191266,0.41159639927047187,0
political,political,1000,1,0,0,0,aP,llama-8b,meta-llama/llama-3.1-8b-instruct,coreweave/bf16,101,1.0,CoreWeave,Since,4.048e-05,0.9796676442828173,0.3958439920695291,0
political,political,1000,1,0,1,0,aP,llama-8b,meta-llama/llama-3.1-8b-instruct,coreweave/bf16,100,1.0,CoreWeave,Since,4.048e-05,0.9859363713038174,0.37308085165568267,0
political,political,1000,1,0,1,0,aP,llama-8b,meta-llama/llama-3.1-8b-instruct,coreweave/bf16,101,1.0,CoreWeave,I,4.048e-05,0.9859363713038174,0.37308085165568267,0
political,political,1000,1,1,0,0,aP,llama-8b,meta-llama/llama-3.1-8b-instruct,coreweave/bf16,100,1.0,CoreWeave,Since,4.048e-05,0.07585818002124355,0.5237262629377106,0
political,political,1000,1,1,0,0,aP,llama-8b,meta-llama/llama-3.1-8b-instruct,coreweave/bf16,101,1.0,CoreWeave,I,4.048e-05,0.07585818002124355,0.5237262629377106,0
political,political,1000,1,1,1,0,aP,llama-8b,meta-llama/llama-3.1-8b-instruct,coreweave/bf16,100,1.0,CoreWeave,B,4.048e-05,0.06754669113962909,0.4002795084621017,0
political,political,1000,1,1,1,0,aP,llama-8b,meta-llama/llama-3.1-8b-instruct,coreweave/bf16,101,1.0,CoreWeave,Since,4.048e-05,0.0675466911396291,0.3904295051709392,0
political,political,1010,-1,0,0,0,rPaP,llama-8b,meta-llama/llama-3.1-8b-instruct,coreweave/bf16,100,1.0,CoreWeave,Based,4.29e-05,0.18242553269617778,0.49342745126698034,0
political,political,1010,-1,0,0,0,rPaP,llama-8b,meta-llama/llama-3.1-8b-instruct,coreweave/bf16,101,1.0,CoreWeave,Given,4.29e-05,0.20181322226037884,0.48433154236317644,0
political,political,1010,-1,0,1,0,rPaP,llama-8b,meta-llama/llama-3.1-8b-instruct,coreweave/bf16,100,1.0,CoreWeave,You,4.29e-05,0.4687906266262437,0.5483268801202762,0
political,political,1010,-1,0,1,0,rPaP,llama-8b,meta-llama/llama-3.1-8b-instruct,coreweave/bf16,101,1.0,CoreWeave,A,4.29e-05,0.4687906266262437,0.5483268801202762,0
political,political,1010,-1,1,0,0,aPrP,llama-8b,meta-llama/llama-3.1-8b-instruct,coreweave/bf16,100,1.0,CoreWeave,I,4.29e-05,0.5,0.454507503385377,0
political,political,1010,-1,1,0,0,aPrP,llama-8b,meta-llama/llama-3.1-8b-instruct,coreweave/bf16,101,1.0,CoreWeave,Given,4.29e-05,0.5,0.48748324017885514,0
political,political,1010,-1,1,1,0,rPaP,llama-8b,meta-llama/llama-3.1-8b-instruct,coreweave/bf16,100,1.0,CoreWeave,B,4.29e-05,0.7549149758396752,0.4787390651528024,0
political,political,1010,-1,1,1,0,rPaP,llama-8b,meta-llama/llama-3.1-8b-instruct,coreweave/bf16,101,1.0,CoreWeave,Given,4.29e-05,0.7772998508568416,0.4863238457221321,0
political,political,1010,1,0,0,0,aPrP,llama-8b,meta-llama/llama-3.1-8b-instruct,coreweave/bf16,100,1.0,CoreWeave,I,4.268e-05,0.7057850278370111,0.4861120465719036,0
political,political,1010,1,0,0,0,aPrP,llama-8b,meta-llama/llama-3.1-8b-instruct,coreweave/bf16,101,1.0,CoreWeave,Given,4.268e-05,0.7057850278370111,0.4965915073637844,0
political,political,1010,1,0,1,0,aPrP,llama-8b,meta-llama/llama-3.1-8b-instruct,coreweave/bf16,100,1.0,CoreWeave,A,4.268e-05,0.8807970904940926,0.5342456595778039,0
political,political,1010,1,0,1,0,aPrP,llama-8b,meta-llama/llama-3.1-8b-instruct,coreweave/bf16,101,1.0,CoreWeave,A,4.268e-05,0.8807970904940926,0.5342456595778039,0
political,political,1010,1,1,0,0,aPrP,llama-8b,meta-llama/llama-3.1-8b-instruct,coreweave/bf16,100,1.0,CoreWeave,B,4.268e-05,0.34864513533394575,0.6411022733248986,0
political,political,1010,1,1,0,0,aPrP,llama-8b,meta-llama/llama-3.1-8b-instruct,coreweave/bf16,101,1.0,CoreWeave,A,4.268e-05,0.34864513533394575,0.6415202000626763,0
political,political,1010,1,1,1,0,rPaP,llama-8b,meta-llama/llama-3.1-8b-instruct,coreweave/bf16,100,1.0,CoreWeave,I,4.268e-05,0.5621765008857981,0.6546242311113076,0
political,political,1010,1,1,1,0,rPaP,llama-8b,meta-llama/llama-3.1-8b-instruct,coreweave/bf16,101,1.0,CoreWeave,A,4.268e-05,0.5312093733737563,0.6482876079402159,0
political,political,1011,-1,0,0,0,aPrQrP,llama-8b,meta-llama/llama-3.1-8b-instruct,coreweave/bf16,100,1.0,CoreWeave,B,4.532e-05,0.24508501313237172,0.7375581221925146,1
political,political,1011,-1,0,0,0,aPrQrP,llama-8b,meta-llama/llama-3.1-8b-instruct,coreweave/bf16,101,1.0,CoreWeave,Given,4.532e-05,0.24508501313237172,0.7413417215272975,1
political,political,1011,-1,0,1,0,aPrQrP,llama-8b,meta-llama/llama-3.1-8b-instruct,coreweave/bf16,100,1.0,CoreWeave,You,4.532e-05,0.43782346977273295,0.7269309389316991,0
political,political,1011,-1,0,1,0,aPrQrP,llama-8b,meta-llama/llama-3.1-8b-instruct,coreweave/bf16,101,1.0,CoreWeave,Since,4.532e-05,0.43782346977273295,0.7269309389316991,0
political,political,1011,-1,1,0,0,rPaPrQ,llama-8b,meta-llama/llama-3.1-8b-instruct,coreweave/bf16,100,1.0,CoreWeave,B,4.532e-05,0.40733340004593027,0.6873851584941864,0
political,political,1011,-1,1,0,0,rPaPrQ,llama-8b,meta-llama/llama-3.1-8b-instruct,coreweave/bf16,101,1.0,CoreWeave,I,4.532e-05,0.20181322226037884,0.8137348259920465,1
political,political,1011,-1,1,1,0,aPrPrQ,llama-8b,meta-llama/llama-3.1-8b-instruct,coreweave/bf16,100,1.0,CoreWeave,Since,4.532e-05,0.7772998611746912,0.6539769789771988,1
political,political,1011,-1,1,1,0,aPrPrQ,llama-8b,meta-llama/llama-3.1-8b-instruct,coreweave/bf16,101,1.0,CoreWeave,A,4.532e-05,0.7772998405389917,0.6518548700776767,1
political,political,1011,1,0,0,0,rPrQaP,llama-8b,meta-llama/llama-3.1-8b-instruct,coreweave/bf16,100,1.0,CoreWeave,B,4.51e-05,0.6513548646660543,0.6716194538619511,0
political,political,1011,1,0,0,0,rPrQaP,llama-8b,meta-llama/llama-3.1-8b-instruct,coreweave/bf16,101,1.0,CoreWeave,I,4.51e-05,0.6224593312018545,0.6570037271365051,0
political,political,1011,1,0,1,0,aPrPrQ,llama-8b,meta-llama/llama-3.1-8b-instruct,coreweave/bf16,100,1.0,CoreWeave,A,4.51e-05,0.7772998611746912,0.5148897520470518,0
political,political,1011,1,0,1,0,aPrPrQ,llama-8b,meta-llama/llama-3.1-8b-instruct,coreweave/bf16,101,1.0,CoreWeave,A,4.51e-05,0.7772998611746912,0.5148897520470518,0
political,political,1011,1,1,0,0,aPrPrQ,llama-8b,meta-llama/llama-3.1-8b-instruct,coreweave/bf16,100,1.0,CoreWeave,B,4.51e-05,0.3775406687981454,0.6463312785866954,0
political,political,1011,1,1,0,0,aPrPrQ,llama-8b,meta-llama/llama-3.1-8b-instruct,coreweave/bf16,101,1.0,CoreWeave,I,4.51e-05,0.3775406687981454,0.6112866712052568,0
political,political,1011,1,1,1,0,rPrQaP,llama-8b,meta-llama/llama-3.1-8b-instruct,coreweave/bf16,100,1.0,CoreWeave,You,4.51e-05,0.679178699175393,0.8582107172896153,1
political,political,1011,1,1,1,0,rPrQaP,llama-8b,meta-llama/llama-3.1-8b-instruct,coreweave/bf16,101,1.0,CoreWeave,Since,4.51e-05,0.5312093733737563,0.7649139301869056,0
political,political,1113,-1,0,0,0,aPrQrPrQrQaQ,llama-8b,meta-llama/llama-3.1-8b-instruct,coreweave/bf16,100,1.0,CoreWeave,Since,5.258e-05,0.5,1.0,1
political,political,1113,-1,0,0,0,aPrQrPrQrQaQ,llama-8b,meta-llama/llama-3.1-8b-instruct,coreweave/bf16,101,1.0,CoreWeave,To,5.258e-05,0.5,1.0,1
political,political,1113,-1,0,1,0,rPrQrQaPaQrQ,llama-8b,meta-llama/llama-3.1-8b-instruct,coreweave/bf16,100,1.0,CoreWeave,Since,5.258e-05,0.5,1.0,1
political,political,1113,-1,0,1,0,rPrQrQaPaQrQ,llama-8b,meta-llama/llama-3.1-8b-instruct,coreweave/bf16,101,1.0,CoreWeave,To,5.258e-05,0.5,1.0,1
political,political,1113,-1,1,0,0,rQrQaQrQaPrP,llama-8b,meta-llama/llama-3.1-8b-instruct,coreweave/bf16,100,1.0,CoreWeave,Given,5.258e-05,0.5,0.9119822927576624,1
political,political,1113,-1,1,0,0,rQrQaQrQaPrP,llama-8b,meta-llama/llama-3.1-8b-instruct,coreweave/bf16,101,1.0,CoreWeave,To,5.258e-05,0.5,0.9119822927576624,1
political,political,1113,-1,1,1,0,rPrQaQaPrQrQ,llama-8b,meta-llama/llama-3.1-8b-instruct,coreweave/bf16,100,1.0,CoreWeave,To,5.258e-05,0.5,0.9386285530281364,1
political,political,1113,-1,1,1,0,rPrQaQaPrQrQ,llama-8b,meta-llama/llama-3.1-8b-instruct,coreweave/bf16,101,1.0,CoreWeave,To,5.258e-05,0.5,0.9386285530281364,1
political,political,1113,1,0,0,0,rPaPaQrQrQrQ,llama-8b,meta-llama/llama-3.1-8b-instruct,coreweave/bf16,100,1.0,CoreWeave,Given,5.236e-05,0.5,0.947103839059813,1
political,political,1113,1,0,0,0,rPaPaQrQrQrQ,llama-8b,meta-llama/llama-3.1-8b-instruct,coreweave/bf16,101,1.0,CoreWeave,Since,5.236e-05,0.5,0.947103839059813,1
political,political,1113,1,0,1,0,aQrQrQrPrQaP,llama-8b,meta-llama/llama-3.1-8b-instruct,coreweave/bf16,100,1.0,CoreWeave,To,5.236e-05,0.5312093733737562,0.9361107950145681,1
political,political,1113,1,0,1,0,aQrQrQrPrQaP,llama-8b,meta-llama/llama-3.1-8b-instruct,coreweave/bf16,101,1.0,CoreWeave,To,5.236e-05,0.5,0.9449950694204444,1
political,political,1113,1,1,0,0,rQaQrPaPrQrQ,llama-8b,meta-llama/llama-3.1-8b-instruct,coreweave/bf16,100,1.0,CoreWeave,Given,5.236e-05,0.5,1.0,1
political,political,1113,1,1,0,0,rQaQrPaPrQrQ,llama-8b,meta-llama/llama-3.1-8b-instruct,coreweave/bf16,101,1.0,CoreWeave,To,5.236e-05,0.5,1.0,1
political,political,1113,1,1,1,0,rQaPaQrPrQrQ,llama-8b,meta-llama/llama-3.1-8b-instruct,coreweave/bf16,100,1.0,CoreWeave,Given,5.236e-05,0.5,1.0,1
political,political,1113,1,1,1,0,rQaPaQrPrQrQ,llama-8b,meta-llama/llama-3.1-8b-instruct,coreweave/bf16,101,1.0,CoreWeave,Based,5.236e-05,0.5,1.0,1
political,political,1200,-1,0,0,0,aQaQaP,llama-8b,meta-llama/llama-3.1-8b-instruct,coreweave/bf16,100,1.0,CoreWeave,Since,4.554e-05,0.20181322226037882,0.4519401414417897,0
political,political,1200,-1,0,0,0,aQaQaP,llama-8b,meta-llama/llama-3.1-8b-instruct,coreweave/bf16,101,1.0,CoreWeave,A,4.554e-05,0.20181321265898594,0.44665516193502486,0
political,political,1200,-1,0,1,0,aQaPaQ,llama-8b,meta-llama/llama-3.1-8b-instruct,coreweave/bf16,100,1.0,CoreWeave,Based,4.554e-05,0.4073334000459302,0.5872667822633474,0
political,political,1200,-1,0,1,0,aQaPaQ,llama-8b,meta-llama/llama-3.1-8b-instruct,coreweave/bf16,101,1.0,CoreWeave,You,4.554e-05,0.40733340004593027,0.6009031211991971,0
political,political,1200,-1,1,0,0,aPaQaQ,llama-8b,meta-llama/llama-3.1-8b-instruct,coreweave/bf16,100,1.0,CoreWeave,Given,4.554e-05,0.5926665999540698,0.6164014102841384,0
political,political,1200,-1,1,0,0,aPaQaQ,llama-8b,meta-llama/llama-3.1-8b-instruct,coreweave/bf16,101,1.0,CoreWeave,B,4.554e-05,0.5621765008857981,0.6246460432712253,0
political,political,1200,-1,1,1,0,aPaQaQ,llama-8b,meta-llama/llama-3.1-8b-instruct,coreweave/bf16,100,1.0,CoreWeave,Since,4.554e-05,0.8175744584140004,0.6086266458452503,1
political,political,1200,-1,1,1,0,aPaQaQ,llama-8b,meta-llama/llama-3.1-8b-instruct,coreweave/bf16,101,1.0,CoreWeave,A,4.554e-05,0.8175744584140004,0.6086266458452503,1
political,political,1200,1,0,0,0,aQaPaQ,llama-8b,meta-llama/llama-3.1-8b-instruct,coreweave/bf16,100,1.0,CoreWeave,Given,4.532e-05,0.7057850030829009,0.544485751011216,0
political,political,1200,1,0,0,0,aQaPaQ,llama-8b,meta-llama/llama-3.1-8b-instruct,coreweave/bf16,101,1.0,CoreWeave,A,4.532e-05,0.7057850278370112,0.5386238244632378,0
political,political,1200,1,0,1,0,aPaQaQ,llama-8b,meta-llama/llama-3.1-8b-instruct,coreweave/bf16,100,1.0,CoreWeave,A,4.532e-05,0.6513548646660543,0.49495240920633277,0
political,political,1200,1,0,1,0,aPaQaQ,llama-8b,meta-llama/llama-3.1-8b-instruct,coreweave/bf16,101,1.0,CoreWeave,I,4.532e-05,0.6513548646660543,0.49495240920633277,0
political,political,1200,1,1,0,0,aPaQaQ,llama-8b,meta-llama/llama-3.1-8b-instruct,coreweave/bf16,100,1.0,CoreWeave,B,4.532e-05,0.2942149721629888,0.5263934989087496,0
political,political,1200,1,1,0,0,aPaQaQ,llama-8b,meta-llama/llama-3.1-8b-instruct,coreweave/bf16,101,1.0,CoreWeave,A,4.532e-05,0.2942149721629888,0.5263934989087496,0
political,political,1200,1,1,1,0,aPaQaQ,llama-8b,meta-llama/llama-3.1-8b-instruct,coreweave/bf16,100,1.0,CoreWeave,A,4.532e-05,0.37754066879814546,0.6023927009143162,0
political,political,1200,1,1,1,0,aPaQaQ,llama-8b,meta-llama/llama-3.1-8b-instruct,coreweave/bf16,101,1.0,CoreWeave,A,4.532e-05,0.37754066879814546,0.6136750369440458,0
political,political,1211,-1,0,0,0,aPrQrPaQaQ,llama-8b,meta-llama/llama-3.1-8b-instruct,coreweave/bf16,100,1.0,CoreWeave,Given,5.016e-05,0.5,1.0,1
political,political,1211,-1,0,0,0,aPrQrPaQaQ,llama-8b,meta-llama/llama-3.1-8b-instruct,coreweave/bf16,101,1.0,CoreWeave,To,5.016e-05,0.5,1.0,1
political,political,1211,-1,0,1,0,aPaQaQrPrQ,llama-8b,meta-llama/llama-3.1-8b-instruct,coreweave/bf16,100,1.0,CoreWeave,Since,5.016e-05,0.5,1.0,1
political,political,1211,-1,0,1,0,aPaQaQrPrQ,llama-8b,meta-llama/llama-3.1-8b-instruct,coreweave/bf16,101,1.0,CoreWeave,Since,5.016e-05,0.5,1.0,1
political,political,1211,-1,1,0,0,rQaPaQaQrP,llama-8b,meta-llama/llama-3.1-8b-instruct,coreweave/bf16,100,1.0,CoreWeave,I,5.016e-05,0.5,1.0,1
political,political,1211,-1,1,0,0,rQaPaQaQrP,llama-8b,meta-llama/llama-3.1-8b-instruct,coreweave/bf16,101,1.0,CoreWeave,Based,5.016e-05,0.5,1.0,1
political,political,1211,-1,1,1,0,aQrQrPaQaP,llama-8b,meta-llama/llama-3.1-8b-instruct,coreweave/bf16,100,1.0,CoreWeave,Based,5.016e-05,0.5,0.8991131823822341,1
political,political,1211,-1,1,1,0,aQrQrPaQaP,llama-8b,meta-llama/llama-3.1-8b-instruct,coreweave/bf16,101,1.0,CoreWeave,Since,5.016e-05,0.5,0.8991131823822341,1
political,political,1211,1,0,0,0,rPaQaPrQaQ,llama-8b,meta-llama/llama-3.1-8b-instruct,coreweave/bf16,100,1.0,CoreWeave,To,4.994e-05,0.5,1.0,1
political,political,1211,1,0,0,0,rPaQaPrQaQ,llama-8b,meta-llama/llama-3.1-8b-instruct,coreweave/bf16,101,1.0,CoreWeave,Since,4.994e-05,0.5,1.0,1
political,political,1211,1,0,1,0,rPaPaQrQaQ,llama-8b,meta-llama/llama-3.1-8b-instruct,coreweave/bf16,100,1.0,CoreWeave,Since,4.994e-05,0.5,1.0,1
political,political,1211,1,0,1,0,rPaPaQrQaQ,llama-8b,meta-llama/llama-3.1-8b-instruct,coreweave/bf16,101,1.0,CoreWeave,Since,4.994e-05,0.5,1.0,1
political,political,1211,1,1,0,0,rQaQrPaQaP,llama-8b,meta-llama/llama-3.1-8b-instruct,coreweave/bf16,100,1.0,CoreWeave,To,4.994e-05,0.5,1.0,1
political,political,1211,1,1,0,0,rQaQrPaQaP,llama-8b,meta-llama/llama-3.1-8b-instruct,coreweave/bf16,101,1.0,CoreWeave,I,4.994e-05,0.5,1.0,1
political,political,1211,1,1,1,0,aPrPaQrQaQ,llama-8b,meta-llama/llama-3.1-8b-instruct,coreweave/bf16,100,1.0,CoreWeave,Given,4.994e-05,0.5,1.0,1
political,political,1211,1,1,1,0,aPrPaQrQaQ,llama-8b,meta-llama/llama-3.1-8b-instruct,coreweave/bf16,101,1.0,CoreWeave,Given,4.994e-05,0.5,1.0,1
political,political,1220,-1,0,0,0,aQaQaPrPrP,llama-8b,meta-llama/llama-3.1-8b-instruct,coreweave/bf16,100,1.0,CoreWeave,I,4.994e-05,0.40733337126727015,0.8321274252094689,1
political,political,1220,-1,0,0,0,aQaQaPrPrP,llama-8b,meta-llama/llama-3.1-8b-instruct,coreweave/bf16,101,1.0,CoreWeave,Since,4.994e-05,0.4073334000459302,0.8347186011558242,1
political,political,1220,-1,0,1,0,aQaPrPrPaQ,llama-8b,meta-llama/llama-3.1-8b-instruct,coreweave/bf16,100,1.0,CoreWeave,Given,4.994e-05,0.5,1.0,1
political,political,1220,-1,0,1,0,aQaPrPrPaQ,llama-8b,meta-llama/llama-3.1-8b-instruct,coreweave/bf16,101,1.0,CoreWeave,Since,4.994e-05,0.5,1.0,1
political,political,1220,-1,1,0,0,rPaPaQaQrP,llama-8b,meta-llama/llama-3.1-8b-instruct,coreweave/bf16,100,1.0,CoreWeave,Given,4.994e-05,0.5,1.0,1
political,political,1220,-1,1,0,0,rPaPaQaQrP,llama-8b,meta-llama/llama-3.1-8b-instruct,coreweave/bf16,101,1.0,CoreWeave,Based,4.994e-05,0.5,1.0,1
political,political,1220,-1,1,1,0,rPaPaQrPaQ,llama-8b,meta-llama/llama-3.1-8b-instruct,coreweave/bf16,100,1.0,CoreWeave,I,4.994e-05,0.5,1.0,1
political,political,1220,-1,1,1,0,rPaPaQrPaQ,llama-8b,meta-llama/llama-3.1-8b-instruct,coreweave/bf16,101,1.0,CoreWeave,Since,4.994e-05,0.5,1.0,1
political,political,1220,1,0,0,0,rPaPrPaQaQ,llama-8b,meta-llama/llama-3.1-8b-instruct,coreweave/bf16,100,1.0,CoreWeave,I,4.972e-05,0.5,1.0,1
political,political,1220,1,0,0,0,rPaPrPaQaQ,llama-8b,meta-llama/llama-3.1-8b-instruct,coreweave/bf16,101,1.0,CoreWeave,Given,4.972e-05,0.5,1.0,1
political,political,1220,1,0,1,0,rPaPrPaQaQ,llama-8b,meta-llama/llama-3.1-8b-instruct,coreweave/bf16,100,1.0,CoreWeave,A,4.972e-05,0.5312093733737562,0.9075752768228499,1
political,political,1220,1,0,1,0,rPaPrPaQaQ,llama-8b,meta-llama/llama-3.1-8b-instruct,coreweave/bf16,101,1.0,CoreWeave,A,4.972e-05,0.5312093733737562,0.9075752768228499,1
political,political,1220,1,1,0,0,aQrPrPaPaQ,llama-8b,meta-llama/llama-3.1-8b-instruct,coreweave/bf16,100,1.0,CoreWeave,Given,4.972e-05,0.5,1.0,1
political,political,1220,1,1,0,0,aQrPrPaPaQ,llama-8b,meta-llama/llama-3.1-8b-instruct,coreweave/bf16,101,1.0,CoreWeave,Since,4.972e-05,0.5,1.0,1
political,political,1220,1,1,1,0,rPrPaPaQaQ,llama-8b,meta-llama/llama-3.1-8b-instruct,coreweave/bf16,100,1.0,CoreWeave,Given,4.972e-05,0.5,1.0,1
political,political,1220,1,1,1,0,rPrPaPaQaQ,llama-8b,meta-llama/llama-3.1-8b-instruct,coreweave/bf16,101,1.0,CoreWeave,Since,4.972e-05,0.5,1.0,1
political,political,2102,-1,0,0,0,rQaPaQrQaP,llama-8b,meta-llama/llama-3.1-8b-instruct,coreweave/bf16,100,1.0,CoreWeave,Given,5.016e-05,0.5,1.0,1
political,political,2102,-1,0,0,0,rQaPaQrQaP,llama-8b,meta-llama/llama-3.1-8b-instruct,coreweave/bf16,101,1.0,CoreWeave,Since,5.016e-05,0.5,1.0,1
political,political,2102,-1,0,1,0,aPaPrQrQaQ,llama-8b,meta-llama/llama-3.1-8b-instruct,coreweave/bf16,100,1.0,CoreWeave,You,5.016e-05,0.5,1.0,1
political,political,2102,-1,0,1,0,aPaPrQrQaQ,llama-8b,meta-llama/llama-3.1-8b-instruct,coreweave/bf16,101,1.0,CoreWeave,Since,5.016e-05,0.5,1.0,1
political,political,2102,-1,1,0,0,aPrQaPrQaQ,llama-8b,meta-llama/llama-3.1-8b-instruct,coreweave/bf16,100,1.0,CoreWeave,Since,5.016e-05,0.5,1.0,1
political,political,2102,-1,1,0,0,aPrQaPrQaQ,llama-8b,meta-llama/llama-3.1-8b-instruct,coreweave/bf16,101,1.0,CoreWeave,Based,5.016e-05,0.5,1.0,1
political,political,2102,-1,1,1,0,rQrQaQaPaP,llama-8b,meta-llama/llama-3.1-8b-instruct,coreweave/bf16,100,1.0,CoreWeave,You,5.016e-05,0.6513548646660542,0.8322014331695939,1
political,political,2102,-1,1,1,0,rQrQaQaPaP,llama-8b,meta-llama/llama-3.1-8b-instruct,coreweave/bf16,101,1.0,CoreWeave,A,5.016e-05,0.6513548646660542,0.8322014331695939,1
political,political,2102,1,0,0,0,aPrQaQaPrQ,llama-8b,meta-llama/llama-3.1-8b-instruct,coreweave/bf16,100,1.0,CoreWeave,A,4.994e-05,0.5,0.9678179223864101,1
political,political,2102,1,0,0,0,aPrQaQaPrQ,llama-8b,meta-llama/llama-3.1-8b-instruct,coreweave/bf16,101,1.0,CoreWeave,Based,4.994e-05,0.5,1.0,1
political,political,2102,1,0,1,0,aQaPrQaPrQ,llama-8b,meta-llama/llama-3.1-8b-instruct,coreweave/bf16,100,1.0,CoreWeave,Given,4.994e-05,0.5,0.9257065788671415,1
political,political,2102,1,0,1,0,aQaPrQaPrQ,llama-8b,meta-llama/llama-3.1-8b-instruct,coreweave/bf16,101,1.0,CoreWeave,I,4.994e-05,0.5,1.0,1
political,political,2102,1,1,0,0,rQrQaPaPaQ,llama-8b,meta-llama/llama-3.1-8b-instruct,coreweave/bf16,100,1.0,CoreWeave,Since,4.994e-05,0.5,1.0,1
political,political,2102,1,1,0,0,rQrQaPaPaQ,llama-8b,meta-llama/llama-3.1-8b-instruct,coreweave/bf16,101,1.0,CoreWeave,Since,4.994e-05,0.5,1.0,1
political,political,2102,1,1,1,0,rQaPaPrQaQ,llama-8b,meta-llama/llama-3.1-8b-instruct,coreweave/bf16,100,1.0,CoreWeave,To,4.994e-05,0.5,1.0,1
political,political,2102,1,1,1,0,rQaPaPrQaQ,llama-8b,meta-llama/llama-3.1-8b-instruct,coreweave/bf16,101,1.0,CoreWeave,Since,4.994e-05,0.5,1.0,1
political,political,2220,-1,0,0,0,aQaPrPrPaPaQ,llama-8b,meta-llama/llama-3.1-8b-instruct,coreweave/bf16,100,1.0,CoreWeave,Since,5.214e-05,0.5,1.0,1
political,political,2220,-1,0,0,0,aQaPrPrPaPaQ,llama-8b,meta-llama/llama-3.1-8b-instruct,coreweave/bf16,101,1.0,CoreWeave,Since,5.214e-05,0.5,1.0,1
political,political,2220,-1,0,1,0,aPaQaPaQrPrP,llama-8b,meta-llama/llama-3.1-8b-instruct,coreweave/bf16,100,1.0,CoreWeave,Since,5.214e-05,0.5,1.0,1
political,political,2220,-1,0,1,0,aPaQaPaQrPrP,llama-8b,meta-llama/llama-3.1-8b-instruct,coreweave/bf16,101,1.0,CoreWeave,I,5.214e-05,0.5,1.0,1
political,political,2220,-1,1,0,0,rPrPaQaQaPaP,llama-8b,meta-llama/llama-3.1-8b-instruct,coreweave/bf16,100,1.0,CoreWeave,Based,5.214e-05,0.5926665999540698,0.8962293466319806,1
political,political,2220,-1,1,0,0,rPrPaQaQaPaP,llama-8b,meta-llama/llama-3.1-8b-instruct,coreweave/bf16,101,1.0,CoreWeave,Given,5.214e-05,0.5621765008857981,0.8983952711566512,1
political,political,2220,-1,1,1,0,rPrPaPaPaQaQ,llama-8b,meta-llama/llama-3.1-8b-instruct,coreweave/bf16,100,1.0,CoreWeave,You,5.214e-05,0.679178673200285,0.7950495027669312,1
political,political,2220,-1,1,1,0,rPrPaPaPaQaQ,llama-8b,meta-llama/llama-3.1-8b-instruct,coreweave/bf16,101,1.0,CoreWeave,A,5.214e-05,0.679178699175393,0.7911339149091461,1
political,political,2220,1,0,0,0,aQrPaPrPaPaQ,llama-8b,meta-llama/llama-3.1-8b-instruct,coreweave/bf16,100,1.0,CoreWeave,Since,5.192e-05,0.5,0.9235124800496171,1
political,political,2220,1,0,0,0,aQrPaPrPaPaQ,llama-8b,meta-llama/llama-3.1-8b-instruct,coreweave/bf16,101,1.0,CoreWeave,A,5.192e-05,0.5,0.9235124800496171,1
political,political,2220,1,0,1,0,aPaQrPrPaQaP,llama-8b,meta-llama/llama-3.1-8b-instruct,coreweave/bf16,100,1.0,CoreWeave,Given,5.192e-05,0.5,1.0,1
political,political,2220,1,0,1,0,aPaQrPrPaQaP,llama-8b,meta-llama/llama-3.1-8b-instruct,coreweave/bf16,101,1.0,CoreWeave,Since,5.192e-05,0.5,1.0,1
political,political,2220,1,1,0,0,aPaQrPaQrPaP,llama-8b,meta-llama/llama-3.1-8b-instruct,coreweave/bf16,100,1.0,CoreWeave,Since,5.192e-05,0.5,1.0,1
political,political,2220,1,1,0,0,aPaQrPaQrPaP,llama-8b,meta-llama/llama-3.1-8b-instruct,coreweave/bf16,101,1.0,CoreWeave,To,5.192e-05,0.5,1.0,1
political,political,2220,1,1,1,0,rPrPaPaQaQaP,llama-8b,meta-llama/llama-3.1-8b-instruct,coreweave/bf16,100,1.0,CoreWeave,Since,5.192e-05,0.5,1.0,1
political,political,2220,1,1,1,0,rPrPaPaQaQaP,llama-8b,meta-llama/llama-3.1-8b-instruct,coreweave/bf16,101,1.0,CoreWeave,Based,5.192e-05,0.5,1.0,1
political,political,3001,-1,0,0,0,aPrQaPaP,llama-8b,meta-llama/llama-3.1-8b-instruct,coreweave/bf16,100,1.0,CoreWeave,Since,4.752e-05,0.2689414448079646,0.7453390660658459,1
political,political,3001,-1,0,0,0,aPrQaPaP,llama-8b,meta-llama/llama-3.1-8b-instruct,coreweave/bf16,101,1.0,CoreWeave,Given,4.752e-05,0.2689414448079646,0.7453390660658459,1
political,political,3001,-1,0,1,0,aPaPrQaP,llama-8b,meta-llama/llama-3.1-8b-instruct,coreweave/bf16,100,1.0,CoreWeave,Given,4.752e-05,0.5312093733737563,0.8519127886192379,0
political,political,3001,-1,0,1,0,aPaPrQaP,llama-8b,meta-llama/llama-3.1-8b-instruct,coreweave/bf16,101,1.0,CoreWeave,I,4.752e-05,0.5621765008857981,0.9172375248911742,1
political,political,3001,-1,1,0,0,rQaPaPaP,llama-8b,meta-llama/llama-3.1-8b-instruct,coreweave/bf16,100,1.0,CoreWeave,You,4.752e-05,0.437823469772733,0.6951299678244811,0
political,political,3001,-1,1,0,0,rQaPaPaP,llama-8b,meta-llama/llama-3.1-8b-instruct,coreweave/bf16,101,1.0,CoreWeave,Since,4.752e-05,0.4687906266262437,0.6856234536266946,0
political,political,3001,-1,1,1,0,rQaPaPaP,llama-8b,meta-llama/llama-3.1-8b-instruct,coreweave/bf16,100,1.0,CoreWeave,A,4.752e-05,0.7057850278370112,0.7669325391410489,1
political,political,3001,-1,1,1,0,rQaPaPaP,llama-8b,meta-llama/llama-3.1-8b-instruct,coreweave/bf16,101,1.0,CoreWeave,You,4.752e-05,0.7057850278370112,0.7669325391410489,1
political,political,3001,1,0,0,0,aPaPaPrQ,llama-8b,meta-llama/llama-3.1-8b-instruct,coreweave/bf16,100,1.0,CoreWeave,Given,4.73e-05,0.7549149868676283,0.6537828768772442,0
political,political,3001,1,0,0,0,aPaPaPrQ,llama-8b,meta-llama/llama-3.1-8b-instruct,coreweave/bf16,101,1.0,CoreWeave,B,4.73e-05,0.7549149868676283,0.6537828768772442,0
political,political,3001,1,0,1,0,rQaPaPaP,llama-8b,meta-llama/llama-3.1-8b-instruct,coreweave/bf16,100,1.0,CoreWeave,I,4.73e-05,0.7981867585368344,0.8062597435460694,1
political,political,3001,1,0,1,0,rQaPaPaP,llama-8b,meta-llama/llama-3.1-8b-instruct,coreweave/bf16,101,1.0,CoreWeave,Given,4.73e-05,0.7981867585368344,0.8062597435460694,1
political,political,3001,1,1,0,0,aPrQaPaP,llama-8b,meta-llama/llama-3.1-8b-instruct,coreweave/bf16,100,1.0,CoreWeave,I,4.73e-05,0.320821300824607,0.8541042018246712,1
political,political,3001,1,1,0,0,aPrQaPaP,llama-8b,meta-llama/llama-3.1-8b-instruct,coreweave/bf16,101,1.0,CoreWeave,Given,4.73e-05,0.4073334000459302,0.8830323700306888,1
political,political,3001,1,1,1,0,aPaPaPrQ,llama-8b,meta-llama/llama-3.1-8b-instruct,coreweave/bf16,100,1.0,CoreWeave,A,4.73e-05,0.26894142136999516,0.7636037886643595,0
political,political,3001,1,1,1,0,aPaPaPrQ,llama-8b,meta-llama/llama-3.1-8b-instruct,coreweave/bf16,101,1.0,CoreWeave,Given,4.73e-05,0.34864513533394575,0.8271805217474484,1
political,political,3010,-1,0,0,0,rPaPaPaP,llama-8b,meta-llama/llama-3.1-8b-instruct,coreweave/bf16,100,1.0,CoreWeave,B,4.73e-05,0.18242552380635635,0.6716653274106625,1
political,political,3010,-1,0,0,0,rPaPaPaP,llama-8b,meta-llama/llama-3.1-8b-instruct,coreweave/bf16,101,1.0,CoreWeave,I,4.73e-05,0.18242552380635635,0.6716653274106625,1
political,political,3010,-1,0,1,0,aPaPaPrP,llama-8b,meta-llama/llama-3.1-8b-instruct,coreweave/bf16,100,1.0,CoreWeave,B,4.73e-05,0.40733340004593027,0.6671153530061334,0
political,political,3010,-1,0,1,0,aPaPaPrP,llama-8b,meta-llama/llama-3.1-8b-instruct,coreweave/bf16,101,1.0,CoreWeave,A,4.73e-05,0.40733340004593027,0.6671153530061334,0
political,political,3010,-1,1,0,0,aPaPaPrP,llama-8b,meta-llama/llama-3.1-8b-instruct,coreweave/bf16,100,1.0,CoreWeave,B,4.73e-05,0.5312093733737563,0.5763338649177825,0
political,political,3010,-1,1,0,0,aPaPaPrP,llama-8b,meta-llama/llama-3.1-8b-instruct,coreweave/bf16,101,1.0,CoreWeave,Since,4.73e-05,0.5312093733737563,0.5763338649177825,0
political,political,3010,-1,1,1,0,aPrPaPaP,llama-8b,meta-llama/llama-3.1-8b-instruct,coreweave/bf16,100,1.0,CoreWeave,Given,4.73e-05,0.8175744761936437,0.6666504604206994,1
political,political,3010,-1,1,1,0,aPrPaPaP,llama-8b,meta-llama/llama-3.1-8b-instruct,coreweave/bf16,101,1.0,CoreWeave,Given,4.73e-05,0.7981867777396212,0.6910623677964687,1
political,political,3010,1,0,0,0,aPaPrPaP,llama-8b,meta-llama/llama-3.1-8b-instruct,coreweave/bf16,100,1.0,CoreWeave,A,4.708e-05,0.7057850030829009,0.6945383898743274,0
political,political,3010,1,0,0,0,aPaPrPaP,llama-8b,meta-llama/llama-3.1-8b-instruct,coreweave/bf16,101,1.0,CoreWeave,Since,4.708e-05,0.705785003082901,0.721086351741727,0
political,political,3010,1,0,1,0,aPaPrPaP,llama-8b,meta-llama/llama-3.1-8b-instruct,coreweave/bf16,100,1.0,CoreWeave,I,4.708e-05,0.7310585786300049,0.7698539356156298,1
political,political,3010,1,0,1,0,aPaPrPaP,llama-8b,meta-llama/llama-3.1-8b-instruct,coreweave/bf16,101,1.0,CoreWeave,Based,4.708e-05,0.8354835371034368,0.7698539356156298,1
political,political,3010,1,1,0,0,aPaPrPaP,llama-8b,meta-llama/llama-3.1-8b-instruct,coreweave/bf16,100,1.0,CoreWeave,You,4.708e-05,0.4687906266262437,0.9041629462530759,1
political,political,3010,1,1,0,0,aPaPrPaP,llama-8b,meta-llama/llama-3.1-8b-instruct,coreweave/bf16,101,1.0,CoreWeave,I,4.708e-05,0.4687906266262437,0.9041629462530759,1
political,political,3010,1,1,1,0,aPrPaPaP,llama-8b,meta-llama/llama-3.1-8b-instruct,coreweave/bf16,100,1.0,CoreWeave,I,4.708e-05,0.3775406687981454,0.8827886607450395,1
political,political,3010,1,1,1,0,aPrPaPaP,llama-8b,meta-llama/llama-3.1-8b-instruct,coreweave/bf16,101,1.0,CoreWeave,Since,4.708e-05,0.4378234991142019,0.8014145237304143,0
political,political,4011,-1,0,0,0,rQaPaPrPaPaP,llama-8b,meta-llama/llama-3.1-8b-instruct,coreweave/bf16,100,1.0,CoreWeave,Based,5.192e-05,0.5,1.0,1
political,political,4011,-1,0,0,0,rQaPaPrPaPaP,llama-8b,meta-llama/llama-3.1-8b-instruct,coreweave/bf16,101,1.0,CoreWeave,Since,5.192e-05,0.5,1.0,1
political,political,4011,-1,0,1,0,rQaPaPaPaPrP,llama-8b,meta-llama/llama-3.1-8b-instruct,coreweave/bf16,100,1.0,CoreWeave,You,5.192e-05,0.5,1.0,1
political,political,4011,-1,0,1,0,rQaPaPaPaPrP,llama-8b,meta-llama/llama-3.1-8b-instruct,coreweave/bf16,101,1.0,CoreWeave,Since,5.192e-05,0.5,1.0,1
political,political,4011,-1,1,0,0,rQrPaPaPaPaP,llama-8b,meta-llama/llama-3.1-8b-instruct,coreweave/bf16,100,1.0,CoreWeave,Since,5.192e-05,0.5926665999540698,0.7963512660752436,0
political,political,4011,-1,1,0,0,rQrPaPaPaPaP,llama-8b,meta-llama/llama-3.1-8b-instruct,coreweave/bf16,101,1.0,CoreWeave,Based,5.192e-05,0.7310585786300049,0.8704838999515264,1
political,political,4011,-1,1,1,0,aPaPaPrPrQaP,llama-8b,meta-llama/llama-3.1-8b-instruct,coreweave/bf16,100,1.0,CoreWeave,Since,5.192e-05,0.679178699175393,0.8215199631677202,1
political,political,4011,-1,1,1,0,aPaPaPrPrQaP,llama-8b,meta-llama/llama-3.1-8b-instruct,coreweave/bf16,101,1.0,CoreWeave,Given,5.192e-05,0.679178699175393,0.8215199631677202,1
political,political,4011,1,0,0,0,rQaPaPaPrPaP,llama-8b,meta-llama/llama-3.1-8b-instruct,coreweave/bf16,100,1.0,CoreWeave,Based,5.17e-05,0.5312093733737563,0.9006502408386676,1
political,political,4011,1,0,0,0,rQaPaPaPrPaP,llama-8b,meta-llama/llama-3.1-8b-instruct,coreweave/bf16,101,1.0,CoreWeave,You,5.17e-05,0.679178699175393,0.9042298485902809,1
political,political,4011,1,0,1,0,aPrQaPaPrPaP,llama-8b,meta-llama/llama-3.1-8b-instruct,coreweave/bf16,100,1.0,CoreWeave,Since,5.17e-05,0.6513548646660543,0.8780569707692603,1
political,political,4011,1,0,1,0,aPrQaPaPrPaP,llama-8b,meta-llama/llama-3.1-8b-instruct,coreweave/bf16,101,1.0,CoreWeave,Since,5.17e-05,0.6224593312018546,0.8840425765108388,1
political,political,4011,1,1,0,0,aPaPaPrPrQaP,llama-8b,meta-llama/llama-3.1-8b-instruct,coreweave/bf16,100,1.0,CoreWeave,To,5.17e-05,0.5,1.0,1
political,political,4011,1,1,0,0,aPaPaPrPrQaP,llama-8b,meta-llama/llama-3.1-8b-instruct,coreweave/bf16,101,1.0,CoreWeave,Since,5.17e-05,0.5,1.0,1
political,political,4011,1,1,1,0,aPaPrQrPaPaP,llama-8b,meta-llama/llama-3.1-8b-instruct,coreweave/bf16,100,1.0,CoreWeave,Since,5.17e-05,0.5,1.0,1
political,political,4011,1,1,1,0,aPaPrQrPaPaP,llama-8b,meta-llama/llama-3.1-8b-instruct,coreweave/bf16,101,1.0,CoreWeave,Based,5.17e-05,0.5,1.0,1
workplace,workplace,0001,-1,0,0,0,rQ,llama-8b,meta-llama/llama-3.1-8b-instruct,coreweave/bf16,100,1.0,CoreWeave,B,3.718e-05,0.5,0.27268674039488466,0
workplace,workplace,0001,-1,0,0,0,rQ,llama-8b,meta-llama/llama-3.1-8b-instruct,coreweave/bf16,101,1.0,CoreWeave,B,3.718e-05,0.5,0.27268674039488466,0
workplace,workplace,0001,-1,0,1,0,rQ,llama-8b,meta-llama/llama-3.1-8b-instruct,coreweave/bf16,100,1.0,CoreWeave,I,3.718e-05,0.7549149868676284,0.2759655862185032,0
workplace,workplace,0001,-1,0,1,0,rQ,llama-8b,meta-llama/llama-3.1-8b-instruct,coreweave/bf16,101,1.0,CoreWeave,I,3.718e-05,0.7549149868676284,0.2759655862185032,0
workplace,workplace,0001,-1,1,0,0,rQ,llama-8b,meta-llama/llama-3.1-8b-instruct,coreweave/bf16,100,1.0,CoreWeave,I,3.718e-05,0.20181322226037884,0.2507463994169774,0
workplace,workplace,0001,-1,1,0,0,rQ,llama-8b,meta-llama/llama-3.1-8b-instruct,coreweave/bf16,101,1.0,CoreWeave,I,3.718e-05,0.20181322226037884,0.2507463994169774,0
workplace,workplace,0001,-1,1,1,0,rQ,llama-8b,meta-llama/llama-3.1-8b-instruct,coreweave/bf16,100,1.0,CoreWeave,B,3.718e-05,0.6224593312018545,0.2166862241848655,0
workplace,workplace,0001,-1,1,1,0,rQ,llama-8b,meta-llama/llama-3.1-8b-instruct,coreweave/bf16,101,1.0,CoreWeave,A,3.718e-05,0.6224593312018545,0.2166862241848655,0
workplace,workplace,0001,1,0,0,0,rQ,llama-8b,meta-llama/llama-3.1-8b-instruct,coreweave/bf16,100,1.0,CoreWeave,B,3.718e-05,0.5621765008857982,0.2594904176642174,0
workplace,workplace,0001,1,0,0,0,rQ,llama-8b,meta-llama/llama-3.1-8b-instruct,coreweave/bf16,101,1.0,CoreWeave,A,3.718e-05,0.5621765008857982,0.2594904176642174,0
workplace,workplace,0001,1,0,1,0,rQ,llama-8b,meta-llama/llama-3.1-8b-instruct,coreweave/bf16,100,1.0,CoreWeave,I,3.718e-05,0.7549149868676283,0.20873585963665114,0
workplace,workplace,0001,1,0,1,0,rQ,llama-8b,meta-llama/llama-3.1-8b-instruct,coreweave/bf16,101,1.0,CoreWeave,I,3.718e-05,0.7549149868676283,0.20873585963665114,0
workplace,workplace,0001,1,1,0,0,rQ,llama-8b,meta-llama/llama-3.1-8b-instruct,coreweave/bf16,100,1.0,CoreWeave,B,3.718e-05,0.16451645880021026,0.21212852735317422,0
workplace,workplace,0001,1,1,0,0,rQ,llama-8b,meta-llama/llama-3.1-8b-instruct,coreweave/bf16,101,1.0,CoreWeave,B,3.718e-05,0.16451647928197563,0.19533037368391426,0
workplace,workplace,0001,1,1,1,0,rQ,llama-8b,meta-llama/llama-3.1-8b-instruct,coreweave/bf16,100,1.0,CoreWeave,B,3.718e-05,0.4687906266262437,0.21309731172656893,0
workplace,workplace,0001,1,1,1,0,rQ,llama-8b,meta-llama/llama-3.1-8b-instruct,coreweave/bf16,101,1.0,CoreWeave,A,3.718e-05,0.4687906266262437,0.21309731172656893,0
workplace,workplace,0010,-1,0,0,0,rP,llama-8b,meta-llama/llama-3.1-8b-instruct,coreweave/bf16,100,1.0,CoreWeave,A,3.718e-05,0.16451646699291617,0.17093954510275344,0
workplace,workplace,0010,-1,0,0,0,rP,llama-8b,meta-llama/llama-3.1-8b-instruct,coreweave/bf16,101,1.0,CoreWeave,B,3.718e-05,0.16451646699291617,0.17093954510275344,0
workplace,workplace,0010,-1,0,1,0,rP,llama-8b,meta-llama/llama-3.1-8b-instruct,coreweave/bf16,100,1.0,CoreWeave,B,3.718e-05,0.7057850278370112,0.1919099969306963,0
workplace,workplace,0010,-1,0,1,0,rP,llama-8b,meta-llama/llama-3.1-8b-instruct,coreweave/bf16,101,1.0,CoreWeave,A,3.718e-05,0.7057850278370112,0.1919099969306963,0
workplace,workplace,0010,-1,1,0,0,rP,llama-8b,meta-llama/llama-3.1-8b-instruct,coreweave/bf16,100,1.0,CoreWeave,I,3.718e-05,0.2689414213699951,0.24655839653303357,0
workplace,workplace,0010,-1,1,0,0,rP,llama-8b,meta-llama/llama-3.1-8b-instruct,coreweave/bf16,101,1.0,CoreWeave,B,3.718e-05,0.2689414213699951,0.24655839653303357,0
workplace,workplace,0010,-1,1,1,0,rP,llama-8b,meta-llama/llama-3.1-8b-instruct,coreweave/bf16,100,1.0,CoreWeave,B,3.718e-05,0.5312093733737563,0.16734559497559442,0
workplace,workplace,0010,-1,1,1,0,rP,llama-8b,meta-llama/llama-3.1-8b-instruct,coreweave/bf16,101,1.0,CoreWeave,A,3.718e-05,0.5312093733737563,0.16734559497559442,0
workplace,workplace,0010,1,0,0,0,rP,llama-8b,meta-llama/llama-3.1-8b-instruct,coreweave/bf16,100,1.0,CoreWeave,B,3.718e-05,0.37754065479083276,0.2369383589503068,0
workplace,workplace,0010,1,0,0,0,rP,llama-8b,meta-llama/llama-3.1-8b-instruct,coreweave/bf16,101,1.0,CoreWeave,B,3.718e-05,0.37754065479083276,0.2369383589503068,0
workplace,workplace,0010,1,0,1,0,rP,llama-8b,meta-llama/llama-3.1-8b-instruct,coreweave/bf16,100,1.0,CoreWeave,A,3.718e-05,0.8519527944504226,0.27106384023799907,0
workplace,workplace,0010,1,0,1,0,rP,llama-8b,meta-llama/llama-3.1-8b-instruct,coreweave/bf16,101,1.0,CoreWeave,A,3.718e-05,0.8519527944504226,0.27106384023799907,0
workplace,workplace,0010,1,1,0,0,rP,llama-8b,meta-llama/llama-3.1-8b-instruct,coreweave/bf16,100,1.0,CoreWeave,I,3.718e-05,0.43782351378493645,0.21394810293048533,0
workplace,workplace,0010,1,1,0,0,rP,llama-8b,meta-llama/llama-3.1-8b-instruct,coreweave/bf16,101,1.0,CoreWeave,A,3.718e-05,0.43782351378493645,0.21394810293048533,0
workplace,workplace,0010,1,1,1,0,rP,llama-8b,meta-llama/llama-3.1-8b-instruct,coreweave/bf16,100,1.0,CoreWeave,A,3.718e-05,0.5926665999540698,0.27110399945880115,0
workplace,workplace,0010,1,1,1,0,rP,llama-8b,meta-llama/llama-3.1-8b-instruct,coreweave/bf16,101,1.0,CoreWeave,I,3.718e-05,0.5926665999540698,0.27110399945880115,0
workplace,workplace,0011,-1,0,0,0,rQrP,llama-8b,meta-llama/llama-3.1-8b-instruct,coreweave/bf16,100,1.0,CoreWeave,Since,3.96e-05,0.4378234991142019,0.4572661329098727,0
workplace,workplace,0011,-1,0,0,0,rQrP,llama-8b,meta-llama/llama-3.1-8b-instruct,coreweave/bf16,101,1.0,CoreWeave,A,3.96e-05,0.4378234991142019,0.4572661329098727,0
workplace,workplace,0011,-1,0,1,0,rQrP,llama-8b,meta-llama/llama-3.1-8b-instruct,coreweave/bf16,100,1.0,CoreWeave,A,3.96e-05,0.8175744761936437,0.43824493885565124,0
workplace,workplace,0011,-1,0,1,0,rQrP,llama-8b,meta-llama/llama-3.1-8b-instruct,coreweave/bf16,101,1.0,CoreWeave,A,3.96e-05,0.8175744761936437,0.43824493885565124,0
workplace,workplace,0011,-1,1,0,0,rPrQ,llama-8b,meta-llama/llama-3.1-8b-instruct,coreweave/bf16,100,1.0,CoreWeave,A,3.96e-05,0.34864513533394575,0.38368913360026485,0
workplace,workplace,0011,-1,1,0,0,rPrQ,llama-8b,meta-llama/llama-3.1-8b-instruct,coreweave/bf16,101,1.0,CoreWeave,A,3.96e-05,0.34864513533394575,0.38368913360026485,0
workplace,workplace,0011,-1,1,1,0,rQrP,llama-8b,meta-llama/llama-3.1-8b-instruct,coreweave/bf16,100,1.0,CoreWeave,B,3.96e-05,0.3775406687981454,0.33587036696570044,0
workplace,workplace,0011,-1,1,1,0,rQrP,llama-8b,meta-llama/llama-3.1-8b-instruct,coreweave/bf16,101,1.0,CoreWeave,You,3.96e-05,0.3775406687981454,0.33587036696570044,0
workplace,workplace,0011,1,0,0,0,rPrQ,llama-8b,meta-llama/llama-3.1-8b-instruct,coreweave/bf16,100,1.0,CoreWeave,B,3.96e-05,0.3775406687981454,0.28493647507952696,0
workplace,workplace,0011,1,0,0,0,rPrQ,llama-8b,meta-llama/llama-3.1-8b-instruct,coreweave/bf16,101,1.0,CoreWeave,You,3.96e-05,0.3775406687981454,0.28493647507952696,0
workplace,workplace,0011,1,0,1,0,rQrP,llama-8b,meta-llama/llama-3.1-8b-instruct,coreweave/bf16,100,1.0,CoreWeave,I,3.96e-05,0.7981867969424067,0.43719364591615545,0
workplace,workplace,0011,1,0,1,0,rQrP,llama-8b,meta-llama/llama-3.1-8b-instruct,coreweave/bf16,101,1.0,CoreWeave,A,3.96e-05,0.7772998508568416,0.4676372873541224,0
workplace,workplace,0011,1,1,0,0,rQrP,llama-8b,meta-llama/llama-3.1-8b-instruct,coreweave/bf16,100,1.0,CoreWeave,Since,3.96e-05,0.26894142136999516,0.4111700497390573,0
workplace,workplace,0011,1,1,0,0,rQrP,llama-8b,meta-llama/llama-3.1-8b-instruct,coreweave/bf16,101,1.0,CoreWeave,B,3.96e-05,0.26894142136999516,0.4111700497390573,0
workplace,workplace,0011,1,1,1,0,rQrP,llama-8b,meta-llama/llama-3.1-8b-instruct,coreweave/bf16,100,1.0,CoreWeave,Since,3.96e-05,0.5,0.5139839499653576,0
workplace,workplace,0011,1,1,1,0,rQrP,llama-8b,meta-llama/llama-3.1-8b-instruct,coreweave/bf16,101,1.0,CoreWeave,Since,3.96e-05,0.5,0.5139839499653576,0
workplace,workplace,0020,-1,0,0,0,rPrP,llama-8b,meta-llama/llama-3.1-8b-instruct,coreweave/bf16,100,1.0,CoreWeave,A,3.96e-05,0.22270013882530884,0.27798134288560683,0
workplace,workplace,0020,-1,0,0,0,rPrP,llama-8b,meta-llama/llama-3.1-8b-instruct,coreweave/bf16,101,1.0,CoreWeave,B,3.96e-05,0.22270013882530884,0.27798134288560683,0
workplace,workplace,0020,-1,0,1,0,rPrP,llama-8b,meta-llama/llama-3.1-8b-instruct,coreweave/bf16,100,1.0,CoreWeave,A,3.96e-05,0.531209388216861,0.29902918821620933,0
workplace,workplace,0020,-1,0,1,0,rPrP,llama-8b,meta-llama/llama-3.1-8b-instruct,coreweave/bf16,101,1.0,CoreWeave,B,3.96e-05,0.531209388216861,0.29902918821620933,0
workplace,workplace,0020,-1,1,0,0,rPrP,llama-8b,meta-llama/llama-3.1-8b-instruct,coreweave/bf16,100,1.0,CoreWeave,Since,3.96e-05,0.5,0.31804851925934013,0
workplace,workplace,0020,-1,1,0,0,rPrP,llama-8b,meta-llama/llama-3.1-8b-instruct,coreweave/bf16,101,1.0,CoreWeave,Given,3.96e-05,0.5,0.31804851925934013,0
workplace,workplace,0020,-1,1,1,0,rPrP,llama-8b,meta-llama/llama-3.1-8b-instruct,coreweave/bf16,100,1.0,CoreWeave,B,3.96e-05,0.5,0.2238985031661334,0
workplace,workplace,0020,-1,1,1,0,rPrP,llama-8b,meta-llama/llama-3.1-8b-instruct,coreweave/bf16,101,1.0,CoreWeave,A,3.96e-05,0.5,0.2238985031661334,0
workplace,workplace,0020,1,0,0,0,rPrP,llama-8b,meta-llama/llama-3.1-8b-instruct,coreweave/bf16,100,1.0,CoreWeave,B,3.96e-05,0.5312093733737563,0.3813081310268673,0
workplace,workplace,0020,1,0,0,0,rPrP,llama-8b,meta-llama/llama-3.1-8b-instruct,coreweave/bf16,101,1.0,CoreWeave,You,3.96e-05,0.5312093733737563,0.3813081310268673,0
workplace,workplace,0020,1,0,1,0,rPrP,llama-8b,meta-llama/llama-3.1-8b-instruct,coreweave/bf16,100,1.0,CoreWeave,A,3.96e-05,0.8519527944504227,0.34891272341851937,0
workplace,workplace,0020,1,0,1,0,rPrP,llama-8b,meta-llama/llama-3.1-8b-instruct,coreweave/bf16,101,1.0,CoreWeave,A,3.96e-05,0.8519527869325345,0.3616500681816278,0
workplace,workplace,0020,1,1,0,0,rPrP,llama-8b,meta-llama/llama-3.1-8b-instruct,coreweave/bf16,100,1.0,CoreWeave,B,3.96e-05,0.40733340004593027,0.4552255862770152,0
workplace,workplace,0020,1,1,0,0,rPrP,llama-8b,meta-llama/llama-3.1-8b-instruct,coreweave/bf16,101,1.0,CoreWeave,A,3.96e-05,0.40733340004593027,0.4552255862770152,0
workplace,workplace,0020,1,1,1,0,rPrP,llama-8b,meta-llama/llama-3.1-8b-instruct,coreweave/bf16,100,1.0,CoreWeave,Given,3.96e-05,0.4687906266262437,0.4001456625586735,0
workplace,workplace,0020,1,1,1,0,rPrP,llama-8b,meta-llama/llama-3.1-8b-instruct,coreweave/bf16,101,1.0,CoreWeave,B,3.96e-05,0.4687906266262437,0.4001456625586735,0
workplace,workplace,0100,-1,0,0,0,aQ,llama-8b,meta-llama/llama-3.1-8b-instruct,coreweave/bf16,100,1.0,CoreWeave,Since,3.718e-05,0.14804719051380197,0.2814346997435251,0
workplace,workplace,0100,-1,0,0,0,aQ,llama-8b,meta-llama/llama-3.1-8b-instruct,coreweave/bf16,101,1.0,CoreWeave,B,3.718e-05,0.14804719051380197,0.2814346997435251,0
workplace,workplace,0100,-1,0,1,0,aQ,llama-8b,meta-llama/llama-3.1-8b-instruct,coreweave/bf16,100,1.0,CoreWeave,Since,3.718e-05,0.29421498454004374,0.3413488290691245,0
workplace,workplace,0100,-1,0,1,0,aQ,llama-8b,meta-llama/llama-3.1-8b-instruct,coreweave/bf16,101,1.0,CoreWeave,B,3.718e-05,0.29421498454004374,0.3413488290691245,0
workplace,workplace,0100,-1,1,0,0,aQ,llama-8b,meta-llama/llama-3.1-8b-instruct,coreweave/bf16,100,1.0,CoreWeave,A,3.718e-05,0.6513548782017745,0.3913028457072897,0
workplace,workplace,0100,-1,1,0,0,aQ,llama-8b,meta-llama/llama-3.1-8b-instruct,coreweave/bf16,101,1.0,CoreWeave,I,3.718e-05,0.6513548782017745,0.3913028457072897,0
workplace,workplace,0100,-1,1,1,0,aQ,llama-8b,meta-llama/llama-3.1-8b-instruct,coreweave/bf16,100,1.0,CoreWeave,I,3.718e-05,0.8807970748488297,0.2696854161964099,0
workplace,workplace,0100,-1,1,1,0,aQ,llama-8b,meta-llama/llama-3.1-8b-instruct,coreweave/bf16,101,1.0,CoreWeave,B,3.718e-05,0.8807970748488297,0.2696854161964099,0
workplace,workplace,0100,1,0,0,0,aQ,llama-8b,meta-llama/llama-3.1-8b-instruct,coreweave/bf16,100,1.0,CoreWeave,A,3.718e-05,0.5621764862150636,0.23578611706714997,0
workplace,workplace,0100,1,0,0,0,aQ,llama-8b,meta-llama/llama-3.1-8b-instruct,coreweave/bf16,101,1.0,CoreWeave,I,3.718e-05,0.5621764862150636,0.23578611706714997,0
workplace,workplace,0100,1,0,1,0,aQ,llama-8b,meta-llama/llama-3.1-8b-instruct,coreweave/bf16,100,1.0,CoreWeave,A,3.718e-05,0.7772998714925403,0.23451538601334918,0
workplace,workplace,0100,1,0,1,0,aQ,llama-8b,meta-llama/llama-3.1-8b-instruct,coreweave/bf16,101,1.0,CoreWeave,A,3.718e-05,0.7772998714925403,0.23451538601334918,0
workplace,workplace,0100,1,1,0,0,aQ,llama-8b,meta-llama/llama-3.1-8b-instruct,coreweave/bf16,100,1.0,CoreWeave,I,3.718e-05,0.1329642436335826,0.20443970201433337,0
workplace,workplace,0100,1,1,0,0,aQ,llama-8b,meta-llama/llama-3.1-8b-instruct,coreweave/bf16,101,1.0,CoreWeave,B,3.718e-05,0.1329642436335826,0.20443970201433337,0
workplace,workplace,0100,1,1,1,0,aQ,llama-8b,meta-llama/llama-3.1-8b-instruct,coreweave/bf16,100,1.0,CoreWeave,I,3.718e-05,0.43782349911420193,0.21621302293615308,0
workplace,workplace,0100,1,1,1,0,aQ,llama-8b,meta-llama/llama-3.1-8b-instruct,coreweave/bf16,101,1.0,CoreWeave,A,3.718e-05,0.43782349911420193,0.21621302293615308,0
workplace,workplace,0120,-1,0,0,0,rPaQrP,llama-8b,meta-llama/llama-3.1-8b-instruct,coreweave/bf16,100,1.0,CoreWeave,A,4.202e-05,0.2450850131323717,0.543798862942954,0
workplace,workplace,0120,-1,0,0,0,rPaQrP,llama-8b,meta-llama/llama-3.1-8b-instruct,coreweave/bf16,101,1.0,CoreWeave,I,4.202e-05,0.2450850131323717,0.543798862942954,0
workplace,workplace,0120,-1,0,1,0,aQrPrP,llama-8b,meta-llama/llama-3.1-8b-instruct,coreweave/bf16,100,1.0,CoreWeave,Considering,4.202e-05,0.7310586020679731,0.6040708832554944,0
workplace,workplace,0120,-1,0,1,0,aQrPrP,llama-8b,meta-llama/llama-3.1-8b-instruct,coreweave/bf16,101,1.0,CoreWeave,A,4.202e-05,0.7057850278370112,0.6364602697312719,0
workplace,workplace,0120,-1,1,0,0,rPrPaQ,llama-8b,meta-llama/llama-3.1-8b-instruct,coreweave/bf16,100,1.0,CoreWeave,Given,4.202e-05,0.2450849910764664,0.5972232824576977,0
workplace,workplace,0120,-1,1,0,0,rPrPaQ,llama-8b,meta-llama/llama-3.1-8b-instruct,coreweave/bf16,101,1.0,CoreWeave,B,4.202e-05,0.2450849910764664,0.5972232824576977,0
workplace,workplace,0120,-1,1,1,0,aQrPrP,llama-8b,meta-llama/llama-3.1-8b-instruct,coreweave/bf16,100,1.0,CoreWeave,B,4.202e-05,0.5312093733737563,0.47730563414742294,0
workplace,workplace,0120,-1,1,1,0,aQrPrP,llama-8b,meta-llama/llama-3.1-8b-instruct,coreweave/bf16,101,1.0,CoreWeave,A,4.202e-05,0.5312093733737563,0.47730563414742294,0
workplace,workplace,0120,1,0,0,0,rPaQrP,llama-8b,meta-llama/llama-3.1-8b-instruct,coreweave/bf16,100,1.0,CoreWeave,B,4.202e-05,0.5,0.9109919974874879,1
workplace,workplace,0120,1,0,0,0,rPaQrP,llama-8b,meta-llama/llama-3.1-8b-instruct,coreweave/bf16,101,1.0,CoreWeave,Since,4.202e-05,0.5,0.8857114624853282,1
workplace,workplace,0120,1,0,1,0,rPaQrP,llama-8b,meta-llama/llama-3.1-8b-instruct,coreweave/bf16,100,1.0,CoreWeave,Given,4.202e-05,0.6224593031872285,0.8037785769672543,1
workplace,workplace,0120,1,0,1,0,rPaQrP,llama-8b,meta-llama/llama-3.1-8b-instruct,coreweave/bf16,101,1.0,CoreWeave,Given,4.202e-05,0.6224593031872285,0.8037785769672543,1
workplace,workplace,0120,1,1,0,0,aQrPrP,llama-8b,meta-llama/llama-3.1-8b-instruct,coreweave/bf16,100,1.0,CoreWeave,Since,4.202e-05,0.16451644651115205,0.6432584055691013,0
workplace,workplace,0120,1,1,0,0,aQrPrP,llama-8b,meta-llama/llama-3.1-8b-instruct,coreweave/bf16,101,1.0,CoreWeave,Given,4.202e-05,0.16451644651115205,0.6432584055691013,0
workplace,workplace,0120,1,1,1,0,aQrPrP,llama-8b,meta-llama/llama-3.1-8b-instruct,coreweave/bf16,100,1.0,CoreWeave,B,4.202e-05,0.37754066879814546,0.7214682655278704,0
workplace,workplace,0120,1,1,1,0,aQrPrP,llama-8b,meta-llama/llama-3.1-8b-instruct,coreweave/bf16,101,1.0,CoreWeave,B,4.202e-05,0.37754066879814546,0.7214682655278704,0
workplace,workplace,0200,-1,0,0,0,aQaQ,llama-8b,meta-llama/llama-3.1-8b-instruct,coreweave/bf16,100,1.0,CoreWeave,I,3.96e-05,0.16451645470385742,0.3349685010972294,0
workplace,workplace,0200,-1,0,0,0,aQaQ,llama-8b,meta-llama/llama-3.1-8b-instruct,coreweave/bf16,101,1.0,CoreWeave,B,3.96e-05,0.16451645470385742,0.3349685010972294,0
workplace,workplace,0200,-1,0,1,0,aQaQ,llama-8b,meta-llama/llama-3.1-8b-instruct,coreweave/bf16,100,1.0,CoreWeave,B,3.96e-05,0.2450850021044189,0.4410347989294056,0
workplace,workplace,0200,-1,0,1,0,aQaQ,llama-8b,meta-llama/llama-3.1-8b-instruct,coreweave/bf16,101,1.0,CoreWeave,B,3.96e-05,0.24508502416032488,0.40238008544588877,0
workplace,workplace,0200,-1,1,0,0,aQaQ,llama-8b,meta-llama/llama-3.1-8b-instruct,coreweave/bf16,100,1.0,CoreWeave,I,3.96e-05,0.7549149758396752,0.4846608354359612,0
workplace,workplace,0200,-1,1,0,0,aQaQ,llama-8b,meta-llama/llama-3.1-8b-instruct,coreweave/bf16,101,1.0,CoreWeave,A,3.96e-05,0.7549149758396752,0.4846608354359612,0
workplace,workplace,0200,-1,1,1,0,aQaQ,llama-8b,meta-llama/llama-3.1-8b-instruct,coreweave/bf16,100,1.0,CoreWeave,A,3.96e-05,0.8354835289107307,0.28940983957928723,0
workplace,workplace,0200,-1,1,1,0,aQaQ,llama-8b,meta-llama/llama-3.1-8b-instruct,coreweave/bf16,101,1.0,CoreWeave,Since,3.96e-05,0.8354835289107307,0.28940983957928723,0
workplace,workplace,0200,1,0,0,0,aQaQ,llama-8b,meta-llama/llama-3.1-8b-instruct,coreweave/bf16,100,1.0,CoreWeave,Since,3.96e-05,0.6224593312018546,0.37186334464404636,0
workplace,workplace,0200,1,0,0,0,aQaQ,llama-8b,meta-llama/llama-3.1-8b-instruct,coreweave/bf16,101,1.0,CoreWeave,B,3.96e-05,0.6224593312018546,0.37186334464404636,0
workplace,workplace,0200,1,0,1,0,aQaQ,llama-8b,meta-llama/llama-3.1-8b-instruct,coreweave/bf16,100,1.0,CoreWeave,B,3.96e-05,0.6224593452091672,0.3265524588443167,0
workplace,workplace,0200,1,0,1,0,aQaQ,llama-8b,meta-llama/llama-3.1-8b-instruct,coreweave/bf16,101,1.0,CoreWeave,B,3.96e-05,0.6224593452091672,0.3265524588443167,0
workplace,workplace,0200,1,1,0,0,aQaQ,llama-8b,meta-llama/llama-3.1-8b-instruct,coreweave/bf16,100,1.0,CoreWeave,B,3.96e-05,0.18242553269617778,0.34922486048040013,0
workplace,workplace,0200,1,1,0,0,aQaQ,llama-8b,meta-llama/llama-3.1-8b-instruct,coreweave/bf16,101,1.0,CoreWeave,Given,3.96e-05,0.18242553269617778,0.34922486048040013,0
workplace,workplace,0200,1,1,1,0,aQaQ,llama-8b,meta-llama/llama-3.1-8b-instruct,coreweave/bf16,100,1.0,CoreWeave,B,3.96e-05,0.34864513533394575,0.32776853129687517,0
workplace,workplace,0200,1,1,1,0,aQaQ,llama-8b,meta-llama/llama-3.1-8b-instruct,coreweave/bf16,101,1.0,CoreWeave,A,3.96e-05,0.34864513533394575,0.32776853129687517,0
workplace,workplace,0201,-1,0,0,0,aQaQrQ,llama-8b,meta-llama/llama-3.1-8b-instruct,coreweave/bf16,100,1.0,CoreWeave,B,4.202e-05,0.26894142136999516,0.4846386211159923,0
workplace,workplace,0201,-1,0,0,0,aQaQrQ,llama-8b,meta-llama/llama-3.1-8b-instruct,coreweave/bf16,101,1.0,CoreWeave,I,4.202e-05,0.26894142136999516,0.4846386211159923,0
workplace,workplace,0201,-1,0,1,0,rQaQaQ,llama-8b,meta-llama/llama-3.1-8b-instruct,coreweave/bf16,100,1.0,CoreWeave,I,4.202e-05,0.5621765008857981,0.5975782434441242,0
workplace,workplace,0201,-1,0,1,0,rQaQaQ,llama-8b,meta-llama/llama-3.1-8b-instruct,coreweave/bf16,101,1.0,CoreWeave,A,4.202e-05,0.5621765008857981,0.5975782434441242,0
workplace,workplace,0201,-1,1,0,0,aQrQaQ,llama-8b,meta-llama/llama-3.1-8b-instruct,coreweave/bf16,100,1.0,CoreWeave,B,4.202e-05,0.34864513533394575,0.4850899498567442,0
workplace,workplace,0201,-1,1,0,0,aQrQaQ,llama-8b,meta-llama/llama-3.1-8b-instruct,coreweave/bf16,101,1.0,CoreWeave,B,4.202e-05,0.34864513533394575,0.4899337609567541,0
workplace,workplace,0201,-1,1,1,0,rQaQaQ,llama-8b,meta-llama/llama-3.1-8b-instruct,coreweave/bf16,100,1.0,CoreWeave,B,4.202e-05,0.5621765008857981,0.3801388631623462,0
workplace,workplace,0201,-1,1,1,0,rQaQaQ,llama-8b,meta-llama/llama-3.1-8b-instruct,coreweave/bf16,101,1.0,CoreWeave,A,4.202e-05,0.5621765008857981,0.3801388631623462,0
workplace,workplace,0201,1,0,0,0,aQrQaQ,llama-8b,meta-llama/llama-3.1-8b-instruct,coreweave/bf16,100,1.0,CoreWeave,I,4.202e-05,0.5,0.5889789320204459,0
workplace,workplace,0201,1,0,0,0,aQrQaQ,llama-8b,meta-llama/llama-3.1-8b-instruct,coreweave/bf16,101,1.0,CoreWeave,B,4.202e-05,0.5,0.5889789320204459,0
workplace,workplace,0201,1,0,1,0,aQrQaQ,llama-8b,meta-llama/llama-3.1-8b-instruct,coreweave/bf16,100,1.0,CoreWeave,A,4.202e-05,0.6224593312018546,0.5470700583393364,0
workplace,workplace,0201,1,0,1,0,aQrQaQ,llama-8b,meta-llama/llama-3.1-8b-instruct,coreweave/bf16,101,1.0,CoreWeave,A,4.202e-05,0.6224593312018546,0.5470700583393364,0
workplace,workplace,0201,1,1,0,0,aQaQrQ,llama-8b,meta-llama/llama-3.1-8b-instruct,coreweave/bf16,100,1.0,CoreWeave,I,4.202e-05,0.14804718299591477,0.4643523647936033,0
workplace,workplace,0201,1,1,0,0,aQaQrQ,llama-8b,meta-llama/llama-3.1-8b-instruct,coreweave/bf16,101,1.0,CoreWeave,A,4.202e-05,0.14804718299591477,0.4643523647936033,0
workplace,workplace,0201,1,1,1,0,rQaQaQ,llama-8b,meta-llama/llama-3.1-8b-instruct,coreweave/bf16,100,1.0,CoreWeave,B,4.202e-05,0.320821300824607,0.4747839351230475,0
workplace,workplace,0201,1,1,1,0,rQaQaQ,llama-8b,meta-llama/llama-3.1-8b-instruct,coreweave/bf16,101,1.0,CoreWeave,Given,4.202e-05,0.320821300824607,0.4747839351230475,0
workplace,workplace,0202,-1,0,0,0,rQaQaQrQ,llama-8b,meta-llama/llama-3.1-8b-instruct,coreweave/bf16,100,1.0,CoreWeave,To,4.444e-05,0.29421497216298875,0.8387285423840722,1
workplace,workplace,0202,-1,0,0,0,rQaQaQrQ,llama-8b,meta-llama/llama-3.1-8b-instruct,coreweave/bf16,101,1.0,CoreWeave,B,4.444e-05,0.29421497216298875,0.8387285423840722,1
workplace,workplace,0202,-1,0,1,0,rQaQrQaQ,llama-8b,meta-llama/llama-3.1-8b-instruct,coreweave/bf16,100,1.0,CoreWeave,Based,4.444e-05,0.7310585786300049,0.8773819418446521,1
workplace,workplace,0202,-1,0,1,0,rQaQrQaQ,llama-8b,meta-llama/llama-3.1-8b-instruct,coreweave/bf16,101,1.0,CoreWeave,Since,4.444e-05,0.5312093733737563,0.7691718853216198,0
workplace,workplace,0202,-1,1,0,0,rQaQaQrQ,llama-8b,meta-llama/llama-3.1-8b-instruct,coreweave/bf16,100,1.0,CoreWeave,To,4.444e-05,0.29421497216298875,0.7997286925529253,1
workplace,workplace,0202,-1,1,0,0,rQaQaQrQ,llama-8b,meta-llama/llama-3.1-8b-instruct,coreweave/bf16,101,1.0,CoreWeave,B,4.444e-05,0.29421497216298875,0.7997286925529253,1
workplace,workplace,0202,-1,1,1,0,rQaQaQrQ,llama-8b,meta-llama/llama-3.1-8b-instruct,coreweave/bf16,100,1.0,CoreWeave,Given,4.444e-05,0.7057850278370112,0.623258473006887,0
workplace,workplace,0202,-1,1,1,0,rQaQaQrQ,llama-8b,meta-llama/llama-3.1-8b-instruct,coreweave/bf16,101,1.0,CoreWeave,Given,4.444e-05,0.7057850278370112,0.623258473006887,0
workplace,workplace,0202,1,0,0,0,rQaQaQrQ,llama-8b,meta-llama/llama-3.1-8b-instruct,coreweave/bf16,100,1.0,CoreWeave,A,4.444e-05,0.5621765008857982,0.8763561068250272,1
workplace,workplace,0202,1,0,0,0,rQaQaQrQ,llama-8b,meta-llama/llama-3.1-8b-instruct,coreweave/bf16,101,1.0,CoreWeave,B,4.444e-05,0.5926665999540698,0.7913769846578921,0
workplace,workplace,0202,1,0,1,0,rQrQaQaQ,llama-8b,meta-llama/llama-3.1-8b-instruct,coreweave/bf16,100,1.0,CoreWeave,Given,4.444e-05,0.679178673200285,0.6858096493501807,0
workplace,workplace,0202,1,0,1,0,rQrQaQaQ,llama-8b,meta-llama/llama-3.1-8b-instruct,coreweave/bf16,101,1.0,CoreWeave,Since,4.444e-05,0.679178673200285,0.6858096493501807,0
workplace,workplace,0202,1,1,0,0,aQrQaQrQ,llama-8b,meta-llama/llama-3.1-8b-instruct,coreweave/bf16,100,1.0,CoreWeave,You,4.444e-05,0.1480471829959148,0.6560495807058279,1
workplace,workplace,0202,1,1,0,0,aQrQaQrQ,llama-8b,meta-llama/llama-3.1-8b-instruct,coreweave/bf16,101,1.0,CoreWeave,A,4.444e-05,0.16451644651115205,0.5883217355292163,0
workplace,workplace,0202,1,1,1,0,rQrQaQaQ,llama-8b,meta-llama/llama-3.1-8b-instruct,coreweave/bf16,100,1.0,CoreWeave,Since,4.444e-05,0.2450849910764664,0.5457267618852114,0
workplace,workplace,0202,1,1,1,0,rQrQaQaQ,llama-8b,meta-llama/llama-3.1-8b-instruct,coreweave/bf16,101,1.0,CoreWeave,Given,4.444e-05,0.2450849910764664,0.5457267618852114,0
workplace,workplace,0212,-1,0,0,0,aQaQrQrQrP,llama-8b,meta-llama/llama-3.1-8b-instruct,coreweave/bf16,100,1.0,CoreWeave,Given,4.686e-05,0.43782349911420193,0.8718160100548301,1
workplace,workplace,0212,-1,0,0,0,aQaQrQrQrP,llama-8b,meta-llama/llama-3.1-8b-instruct,coreweave/bf16,101,1.0,CoreWeave,Given,4.686e-05,0.43782349911420193,0.8718160100548301,1
workplace,workplace,0212,-1,0,1,0,aQaQrQrPrQ,llama-8b,meta-llama/llama-3.1-8b-instruct,coreweave/bf16,100,1.0,CoreWeave,To,4.686e-05,0.5,1.0,1
workplace,workplace,0212,-1,0,1,0,aQaQrQrPrQ,llama-8b,meta-llama/llama-3.1-8b-instruct,coreweave/bf16,101,1.0,CoreWeave,B,4.686e-05,0.5,0.9456892969695734,1
workplace,workplace,0212,-1,1,0,0,aQrPrQrQaQ,llama-8b,meta-llama/llama-3.1-8b-instruct,coreweave/bf16,100,1.0,CoreWeave,To,4.686e-05,0.5,0.9519902061451284,1
workplace,workplace,0212,-1,1,0,0,aQrPrQrQaQ,llama-8b,meta-llama/llama-3.1-8b-instruct,coreweave/bf16,101,1.0,CoreWeave,Since,4.686e-05,0.5,0.9519902061451284,1
workplace,workplace,0212,-1,1,1,0,rPaQrQaQrQ,llama-8b,meta-llama/llama-3.1-8b-instruct,coreweave/bf16,100,1.0,CoreWeave,Considering,4.686e-05,0.7772998611746912,0.7745272197438906,1
workplace,workplace,0212,-1,1,1,0,rPaQrQaQrQ,llama-8b,meta-llama/llama-3.1-8b-instruct,coreweave/bf16,101,1.0,CoreWeave,A,4.686e-05,0.7310585786300049,0.6915804193439017,0
workplace,workplace,0212,1,0,0,0,rQaQrQrPaQ,llama-8b,meta-llama/llama-3.1-8b-instruct,coreweave/bf16,100,1.0,CoreWeave,Given,4.686e-05,0.5,0.9579418111978233,1
workplace,workplace,0212,1,0,0,0,rQaQrQrPaQ,llama-8b,meta-llama/llama-3.1-8b-instruct,coreweave/bf16,101,1.0,CoreWeave,Since,4.686e-05,0.5,0.9579418111978233,1
workplace,workplace,0212,1,0,1,0,aQrQrPaQrQ,llama-8b,meta-llama/llama-3.1-8b-instruct,coreweave/bf16,100,1.0,CoreWeave,You,4.686e-05,0.5621765008857981,0.9079264092188388,1
workplace,workplace,0212,1,0,1,0,aQrQrPaQrQ,llama-8b,meta-llama/llama-3.1-8b-instruct,coreweave/bf16,101,1.0,CoreWeave,To,4.686e-05,0.5621765008857981,0.9079264092188388,1
workplace,workplace,0212,1,1,0,0,aQaQrQrPrQ,llama-8b,meta-llama/llama-3.1-8b-instruct,coreweave/bf16,100,1.0,CoreWeave,To,4.686e-05,0.5,0.9233759709921854,1
workplace,workplace,0212,1,1,0,0,aQaQrQrPrQ,llama-8b,meta-llama/llama-3.1-8b-instruct,coreweave/bf16,101,1.0,CoreWeave,You,4.686e-05,0.5,0.9233759709921854,1
workplace,workplace,0212,1,1,1,0,rQaQaQrQrP,llama-8b,meta-llama/llama-3.1-8b-instruct,coreweave/bf16,100,1.0,CoreWeave,You,4.686e-05,0.5,0.9129598891949501,1
workplace,workplace,0212,1,1,1,0,rQaQaQrQrP,llama-8b,meta-llama/llama-3.1-8b-instruct,coreweave/bf16,101,1.0,CoreWeave,You,4.686e-05,0.5,0.9129598891949501,1
workplace,workplace,0220,-1,0,0,0,aQrPrPaQ,llama-8b,meta-llama/llama-3.1-8b-instruct,coreweave/bf16,100,1.0,CoreWeave,Given,4.444e-05,0.5,1.0,1
workplace,workplace,0220,-1,0,0,0,aQrPrPaQ,llama-8b,meta-llama/llama-3.1-8b-instruct,coreweave/bf16,101,1.0,CoreWeave,Given,4.444e-05,0.5,1.0,1
workplace,workplace,0220,-1,0,1,0,aQrPaQrP,llama-8b,meta-llama/llama-3.1-8b-instruct,coreweave/bf16,100,1.0,CoreWeave,Given,4.444e-05,0.6224593312018546,0.868847558728469,1
workplace,workplace,0220,-1,0,1,0,aQrPaQrP,llama-8b,meta-llama/llama-3.1-8b-instruct,coreweave/bf16,101,1.0,CoreWeave,I,4.444e-05,0.6224593312018546,0.868847558728469,1
workplace,workplace,0220,-1,1,0,0,rPaQaQrP,llama-8b,meta-llama/llama-3.1-8b-instruct,coreweave/bf16,100,1.0,CoreWeave,Based,4.444e-05,0.7057850278370112,0.8733548195393035,1
workplace,workplace,0220,-1,1,0,0,rPaQaQrP,llama-8b,meta-llama/llama-3.1-8b-instruct,coreweave/bf16,101,1.0,CoreWeave,A,4.444e-05,0.5312093733737562,0.7615908400554717,0
workplace,workplace,0220,-1,1,1,0,rPaQrPaQ,llama-8b,meta-llama/llama-3.1-8b-instruct,coreweave/bf16,100,1.0,CoreWeave,You,4.444e-05,0.7549149868676284,0.7877773164758068,1
workplace,workplace,0220,-1,1,1,0,rPaQrPaQ,llama-8b,meta-llama/llama-3.1-8b-instruct,coreweave/bf16,101,1.0,CoreWeave,B,4.444e-05,0.679178699175393,0.6875304190460364,0
workplace,workplace,0220,1,0,0,0,rPaQrPaQ,llama-8b,meta-llama/llama-3.1-8b-instruct,coreweave/bf16,100,1.0,CoreWeave,Since,4.444e-05,0.5,0.9250696347584255,1
workplace,workplace,0220,1,0,0,0,rPaQrPaQ,llama-8b,meta-llama/llama-3.1-8b-instruct,coreweave/bf16,101,1.0,CoreWeave,B,4.444e-05,0.5,0.9545524361375193,1
workplace,workplace,0220,1,0,1,0,rPaQrPaQ,llama-8b,meta-llama/llama-3.1-8b-instruct,coreweave/bf16,100,1.0,CoreWeave,A,4.444e-05,0.5,0.9423686711390831,1
workplace,workplace,0220,1,0,1,0,rPaQrPaQ,llama-8b,meta-llama/llama-3.1-8b-instruct,coreweave/bf16,101,1.0,CoreWeave,You,4.444e-05,0.5,0.9423686711390831,1
workplace,workplace,0220,1,1,0,0,aQaQrPrP,llama-8b,meta-llama/llama-3.1-8b-instruct,coreweave/bf16,100,1.0,CoreWeave,You,4.444e-05,0.22270013882530884,0.656347319315919,0
workplace,workplace,0220,1,1,0,0,aQaQrPrP,llama-8b,meta-llama/llama-3.1-8b-instruct,coreweave/bf16,101,1.0,CoreWeave,B,4.444e-05,0.22270013882530884,0.656347319315919,0
workplace,workplace,0220,1,1,1,0,rPaQrPaQ,llama-8b,meta-llama/llama-3.1-8b-instruct,coreweave/bf16,100,1.0,CoreWeave,You,4.444e-05,0.5,0.9180164708229639,1
workplace,workplace,0220,1,1,1,0,rPaQrPaQ,llama-8b,meta-llama/llama-3.1-8b-instruct,coreweave/bf16,101,1.0,CoreWeave,To,4.444e-05,0.5,0.9180164708229639,1
workplace,workplace,0231,-1,0,0,0,aQrPrPrPrQaQ,llama-8b,meta-llama/llama-3.1-8b-instruct,coreweave/bf16,100,1.0,CoreWeave,To,4.928e-05,0.5,1.0,1
workplace,workplace,0231,-1,0,0,0,aQrPrPrPrQaQ,llama-8b,meta-llama/llama-3.1-8b-instruct,coreweave/bf16,101,1.0,CoreWeave,To,4.928e-05,0.5,1.0,1
workplace,workplace,0231,-1,0,1,0,aQrQrPaQrPrP,llama-8b,meta-llama/llama-3.1-8b-instruct,coreweave/bf16,100,1.0,CoreWeave,Since,4.928e-05,0.5,1.0,1
workplace,workplace,0231,-1,0,1,0,aQrQrPaQrPrP,llama-8b,meta-llama/llama-3.1-8b-instruct,coreweave/bf16,101,1.0,CoreWeave,Given,4.928e-05,0.5,1.0,1
workplace,workplace,0231,-1,1,0,0,rPrPaQrQaQrP,llama-8b,meta-llama/llama-3.1-8b-instruct,coreweave/bf16,100,1.0,CoreWeave,To,4.928e-05,0.5,1.0,1
workplace,workplace,0231,-1,1,0,0,rPrPaQrQaQrP,llama-8b,meta-llama/llama-3.1-8b-instruct,coreweave/bf16,101,1.0,CoreWeave,To,4.928e-05,0.5,1.0,1
workplace,workplace,0231,-1,1,1,0,rPrPaQrPrQaQ,llama-8b,meta-llama/llama-3.1-8b-instruct,coreweave/bf16,100,1.0,CoreWeave,To,4.928e-05,0.5,1.0,1
workplace,workplace,0231,-1,1,1,0,rPrPaQrPrQaQ,llama-8b,meta-llama/llama-3.1-8b-instruct,coreweave/bf16,101,1.0,CoreWeave,To,4.928e-05,0.5,1.0,1
workplace,workplace,0231,1,0,0,0,rQrPrPaQrPaQ,llama-8b,meta-llama/llama-3.1-8b-instruct,coreweave/bf16,100,1.0,CoreWeave,Since,4.928e-05,0.5,1.0,1
workplace,workplace,0231,1,0,0,0,rQrPrPaQrPaQ,llama-8b,meta-llama/llama-3.1-8b-instruct,coreweave/bf16,101,1.0,CoreWeave,To,4.928e-05,0.5,1.0,1
workplace,workplace,0231,1,0,1,0,aQrPrPrPaQrQ,llama-8b,meta-llama/llama-3.1-8b-instruct,coreweave/bf16,100,1.0,CoreWeave,To,4.928e-05,0.5,1.0,1
workplace,workplace,0231,1,0,1,0,aQrPrPrPaQrQ,llama-8b,meta-llama/llama-3.1-8b-instruct,coreweave/bf16,101,1.0,CoreWeave,Since,4.928e-05,0.5,1.0,1
workplace,workplace,0231,1,1,0,0,aQaQrPrPrQrP,llama-8b,meta-llama/llama-3.1-8b-instruct,coreweave/bf16,100,1.0,CoreWeave,Since,4.928e-05,0.5,1.0,1
workplace,workplace,0231,1,1,0,0,aQaQrPrPrQrP,llama-8b,meta-llama/llama-3.1-8b-instruct,coreweave/bf16,101,1.0,CoreWeave,To,4.928e-05,0.5,1.0,1
workplace,workplace,0231,1,1,1,0,rPrPaQrQrPaQ,llama-8b,meta-llama/llama-3.1-8b-instruct,coreweave/bf16,100,1.0,CoreWeave,To,4.928e-05,0.5,1.0,1
workplace,workplace,0231,1,1,1,0,rPrPaQrQrPaQ,llama-8b,meta-llama/llama-3.1-8b-instruct,coreweave/bf16,101,1.0,CoreWeave,To,4.928e-05,0.5,1.0,1
workplace,workplace,0501,-1,0,0,0,aQaQaQaQrQaQ,llama-8b,meta-llama/llama-3.1-8b-instruct,coreweave/bf16,100,1.0,CoreWeave,To,4.928e-05,0.40733340004593027,0.8903040634091329,1
workplace,workplace,0501,-1,0,0,0,aQaQaQaQrQaQ,llama-8b,meta-llama/llama-3.1-8b-instruct,coreweave/bf16,101,1.0,CoreWeave,Since,4.928e-05,0.40733340004593027,0.8903040634091329,1
workplace,workplace,0501,-1,0,1,0,rQaQaQaQaQaQ,llama-8b,meta-llama/llama-3.1-8b-instruct,coreweave/bf16,100,1.0,CoreWeave,Given,4.928e-05,0.34864513533394575,0.7176744551511691,0
workplace,workplace,0501,-1,0,1,0,rQaQaQaQaQaQ,llama-8b,meta-llama/llama-3.1-8b-instruct,coreweave/bf16,101,1.0,CoreWeave,I,4.928e-05,0.3486451624053871,0.7431324257060934,0
workplace,workplace,0501,-1,1,0,0,aQaQaQaQrQaQ,llama-8b,meta-llama/llama-3.1-8b-instruct,coreweave/bf16,100,1.0,CoreWeave,Since,4.928e-05,0.6224593312018546,0.8534812113388737,0
workplace,workplace,0501,-1,1,0,0,aQaQaQaQrQaQ,llama-8b,meta-llama/llama-3.1-8b-instruct,coreweave/bf16,101,1.0,CoreWeave,Since,4.928e-05,0.6224593312018546,0.8402967461606462,0
workplace,workplace,0501,-1,1,1,0,aQaQaQaQrQaQ,llama-8b,meta-llama/llama-3.1-8b-instruct,coreweave/bf16,100,1.0,CoreWeave,Given,4.928e-05,0.8519528019683105,0.7654617105319177,1
workplace,workplace,0501,-1,1,1,0,aQaQaQaQrQaQ,llama-8b,meta-llama/llama-3.1-8b-instruct,coreweave/bf16,101,1.0,CoreWeave,A,4.928e-05,0.8519528019683106,0.7416937347596849,1
workplace,workplace,0501,1,0,0,0,aQaQrQaQaQaQ,llama-8b,meta-llama/llama-3.1-8b-instruct,coreweave/bf16,100,1.0,CoreWeave,I,4.928e-05,0.6513548646660542,0.9092593855021217,1
workplace,workplace,0501,1,0,0,0,aQaQrQaQaQaQ,llama-8b,meta-llama/llama-3.1-8b-instruct,coreweave/bf16,101,1.0,CoreWeave,To,4.928e-05,0.5312093733737563,0.9092593855021217,1
workplace,workplace,0501,1,0,1,0,aQaQaQrQaQaQ,llama-8b,meta-llama/llama-3.1-8b-instruct,coreweave/bf16,100,1.0,CoreWeave,Since,4.928e-05,0.5312093733737563,0.8922644326096546,1
workplace,workplace,0501,1,0,1,0,aQaQaQrQaQaQ,llama-8b,meta-llama/llama-3.1-8b-instruct,coreweave/bf16,101,1.0,CoreWeave,Since,4.928e-05,0.5312093733737563,0.8922644326096546,1
workplace,workplace,0501,1,1,0,0,aQaQaQaQaQrQ,llama-8b,meta-llama/llama-3.1-8b-instruct,coreweave/bf16,100,1.0,CoreWeave,You,4.928e-05,0.22270013882530884,0.7715061263408403,1
workplace,workplace,0501,1,1,0,0,aQaQaQaQaQrQ,llama-8b,meta-llama/llama-3.1-8b-instruct,coreweave/bf16,101,1.0,CoreWeave,Considering,4.928e-05,0.16451646289656316,0.7715061263408403,1
workplace,workplace,0501,1,1,1,0,aQaQrQaQaQaQ,llama-8b,meta-llama/llama-3.1-8b-instruct,coreweave/bf16,100,1.0,CoreWeave,Given,4.928e-05,0.2942149474088797,0.7846536196121984,0
workplace,workplace,0501,1,1,1,0,aQaQrQaQaQaQ,llama-8b,meta-llama/llama-3.1-8b-instruct,coreweave/bf16,101,1.0,CoreWeave,To,4.928e-05,0.24508499107646642,0.848011743592688,1
workplace,workplace,1000,-1,0,0,0,aP,llama-8b,meta-llama/llama-3.1-8b-instruct,coreweave/bf16,100,1.0,CoreWeave,A,3.718e-05,0.22270013882530887,0.16667179492518214,0
workplace,workplace,1000,-1,0,0,0,aP,llama-8b,meta-llama/llama-3.1-8b-instruct,coreweave/bf16,101,1.0,CoreWeave,B,3.718e-05,0.22270013882530887,0.16667179492518214,0
workplace,workplace,1000,-1,0,1,0,aP,llama-8b,meta-llama/llama-3.1-8b-instruct,coreweave/bf16,100,1.0,CoreWeave,A,3.718e-05,0.817574471748733,0.19920026788657316,0
workplace,workplace,1000,-1,0,1,0,aP,llama-8b,meta-llama/llama-3.1-8b-instruct,coreweave/bf16,101,1.0,CoreWeave,A,3.718e-05,0.817574471748733,0.19920026788657316,0
workplace,workplace,1000,-1,1,0,0,aP,llama-8b,meta-llama/llama-3.1-8b-instruct,coreweave/bf16,100,1.0,CoreWeave,B,3.718e-05,0.16451646699291614,0.1744754952170925,0
workplace,workplace,1000,-1,1,0,0,aP,llama-8b,meta-llama/llama-3.1-8b-instruct,coreweave/bf16,101,1.0,CoreWeave,B,3.718e-05,0.16451646699291614,0.1744754952170925,0
workplace,workplace,1000,-1,1,1,0,aP,llama-8b,meta-llama/llama-3.1-8b-instruct,coreweave/bf16,100,1.0,CoreWeave,B,3.718e-05,0.46879062662624377,0.15380156239601867,0
workplace,workplace,1000,-1,1,1,0,aP,llama-8b,meta-llama/llama-3.1-8b-instruct,coreweave/bf16,101,1.0,CoreWeave,B,3.718e-05,0.46879062662624377,0.15380156239601867,0
workplace,workplace,1000,1,0,0,0,aP,llama-8b,meta-llama/llama-3.1-8b-instruct,coreweave/bf16,100,1.0,CoreWeave,A,3.718e-05,0.9241418199787564,0.4188382446713811,0
workplace,workplace,1000,1,0,0,0,aP,llama-8b,meta-llama/llama-3.1-8b-instruct,coreweave/bf16,101,1.0,CoreWeave,I,3.718e-05,0.9241418199787564,0.4188382446713811,0
workplace,workplace,1000,1,0,1,0,aP,llama-8b,meta-llama/llama-3.1-8b-instruct,coreweave/bf16,100,1.0,CoreWeave,I,3.718e-05,0.9840936106207202,0.2997535719000542,0
workplace,workplace,1000,1,0,1,0,aP,llama-8b,meta-llama/llama-3.1-8b-instruct,coreweave/bf16,101,1.0,CoreWeave,A,3.718e-05,0.9840936106207202,0.2997535719000542,0
workplace,workplace,1000,1,1,0,0,aP,llama-8b,meta-llama/llama-3.1-8b-instruct,coreweave/bf16,100,1.0,CoreWeave,I,3.718e-05,0.09534946489910949,0.36084012336847215,0
workplace,workplace,1000,1,1,0,0,aP,llama-8b,meta-llama/llama-3.1-8b-instruct,coreweave/bf16,101,1.0,CoreWeave,I,3.718e-05,0.09534946489910949,0.36084012336847215,0
workplace,workplace,1000,1,1,1,0,aP,llama-8b,meta-llama/llama-3.1-8b-instruct,coreweave/bf16,100,1.0,CoreWeave,Since,3.718e-05,0.11920291576401233,0.3747637739327473,0
workplace,workplace,1000,1,1,1,0,aP,llama-8b,meta-llama/llama-3.1-8b-instruct,coreweave/bf16,101,1.0,CoreWeave,B,3.718e-05,0.11920291576401233,0.3747637739327473,0
workplace,workplace,1010,-1,0,0,0,rPaP,llama-8b,meta-llama/llama-3.1-8b-instruct,coreweave/bf16,100,1.0,CoreWeave,B,3.96e-05,0.3775406687981454,0.3475745122020622,0
workplace,workplace,1010,-1,0,0,0,rPaP,llama-8b,meta-llama/llama-3.1-8b-instruct,coreweave/bf16,101,1.0,CoreWeave,B,3.96e-05,0.3775406687981454,0.3475745122020622,0
workplace,workplace,1010,-1,0,1,0,aPrP,llama-8b,meta-llama/llama-3.1-8b-instruct,coreweave/bf16,100,1.0,CoreWeave,A,3.96e-05,0.835483553488848,0.3121054644025523,0
workplace,workplace,1010,-1,0,1,0,aPrP,llama-8b,meta-llama/llama-3.1-8b-instruct,coreweave/bf16,101,1.0,CoreWeave,A,3.96e-05,0.835483553488848,0.3121054644025523,0
workplace,workplace,1010,-1,1,0,0,aPrP,llama-8b,meta-llama/llama-3.1-8b-instruct,coreweave/bf16,100,1.0,CoreWeave,I,3.96e-05,0.18242551491653522,0.30441438345013405,0
workplace,workplace,1010,-1,1,0,0,aPrP,llama-8b,meta-llama/llama-3.1-8b-instruct,coreweave/bf16,101,1.0,CoreWeave,B,3.96e-05,0.18242551491653522,0.30441438345013405,0
workplace,workplace,1010,-1,1,1,0,aPrP,llama-8b,meta-llama/llama-3.1-8b-instruct,coreweave/bf16,100,1.0,CoreWeave,B,3.96e-05,0.2942149721629888,0.23649535321543091,0
workplace,workplace,1010,-1,1,1,0,aPrP,llama-8b,meta-llama/llama-3.1-8b-instruct,coreweave/bf16,101,1.0,CoreWeave,B,3.96e-05,0.2942149721629888,0.23649535321543091,0
workplace,workplace,1010,1,0,0,0,rPaP,llama-8b,meta-llama/llama-3.1-8b-instruct,coreweave/bf16,100,1.0,CoreWeave,Since,3.96e-05,0.6791786991753931,0.44013247836856007,0
workplace,workplace,1010,1,0,0,0,rPaP,llama-8b,meta-llama/llama-3.1-8b-instruct,coreweave/bf16,101,1.0,CoreWeave,A,3.96e-05,0.6791786991753931,0.44013247836856007,0
workplace,workplace,1010,1,0,1,0,rPaP,llama-8b,meta-llama/llama-3.1-8b-instruct,coreweave/bf16,100,1.0,CoreWeave,Given,3.96e-05,0.9241418199787564,0.3514195360067446,0
workplace,workplace,1010,1,0,1,0,rPaP,llama-8b,meta-llama/llama-3.1-8b-instruct,coreweave/bf16,101,1.0,CoreWeave,A,3.96e-05,0.9241418199787564,0.3514195360067446,0
workplace,workplace,1010,1,1,0,0,rPaP,llama-8b,meta-llama/llama-3.1-8b-instruct,coreweave/bf16,100,1.0,CoreWeave,B,3.96e-05,0.2689414213699951,0.43108264274841845,0
workplace,workplace,1010,1,1,0,0,rPaP,llama-8b,meta-llama/llama-3.1-8b-instruct,coreweave/bf16,101,1.0,CoreWeave,B,3.96e-05,0.2689414213699951,0.43108264274841845,0
workplace,workplace,1010,1,1,1,0,rPaP,llama-8b,meta-llama/llama-3.1-8b-instruct,coreweave/bf16,100,1.0,CoreWeave,B,3.96e-05,0.29421497216298875,0.43441654292502213,0
workplace,workplace,1010,1,1,1,0,rPaP,llama-8b,meta-llama/llama-3.1-8b-instruct,coreweave/bf16,101,1.0,CoreWeave,B,3.96e-05,0.29421497216298875,0.43441654292502213,0
workplace,workplace,1011,-1,0,0,0,aPrQrP,llama-8b,meta-llama/llama-3.1-8b-instruct,coreweave/bf16,100,1.0,CoreWeave,You,4.202e-05,0.20181322226037884,0.5544324020603104,0
workplace,workplace,1011,-1,0,0,0,aPrQrP,llama-8b,meta-llama/llama-3.1-8b-instruct,coreweave/bf16,101,1.0,CoreWeave,Given,4.202e-05,0.20181322226037884,0.5544324020603104,0
workplace,workplace,1011,-1,0,1,0,rQrPaP,llama-8b,meta-llama/llama-3.1-8b-instruct,coreweave/bf16,100,1.0,CoreWeave,I,4.202e-05,0.7772998611746912,0.8094517410480636,1
workplace,workplace,1011,-1,0,1,0,rQrPaP,llama-8b,meta-llama/llama-3.1-8b-instruct,coreweave/bf16,101,1.0,CoreWeave,A,4.202e-05,0.6224593312018546,0.8094517410480636,1
workplace,workplace,1011,-1,1,0,0,aPrPrQ,llama-8b,meta-llama/llama-3.1-8b-instruct,coreweave/bf16,100,1.0,CoreWeave,Given,4.202e-05,0.22270013882530884,0.6362038257955124,0
workplace,workplace,1011,-1,1,0,0,aPrPrQ,llama-8b,meta-llama/llama-3.1-8b-instruct,coreweave/bf16,101,1.0,CoreWeave,To,4.202e-05,0.2450849910764664,0.7349236051745474,1
workplace,workplace,1011,-1,1,1,0,rQrPaP,llama-8b,meta-llama/llama-3.1-8b-instruct,coreweave/bf16,100,1.0,CoreWeave,You,4.202e-05,0.40733340004593027,0.6895931953923758,0
workplace,workplace,1011,-1,1,1,0,rQrPaP,llama-8b,meta-llama/llama-3.1-8b-instruct,coreweave/bf16,101,1.0,CoreWeave,A,4.202e-05,0.40733340004593027,0.6895931953923758,0
workplace,workplace,1011,1,0,0,0,rPaPrQ,llama-8b,meta-llama/llama-3.1-8b-instruct,coreweave/bf16,100,1.0,CoreWeave,You,4.202e-05,0.651354837594613,0.8180280711000127,1
workplace,workplace,1011,1,0,0,0,rPaPrQ,llama-8b,meta-llama/llama-3.1-8b-instruct,coreweave/bf16,101,1.0,CoreWeave,Since,4.202e-05,0.5926665711754089,0.8469107048061171,1
workplace,workplace,1011,1,0,1,0,aPrPrQ,llama-8b,meta-llama/llama-3.1-8b-instruct,coreweave/bf16,100,1.0,CoreWeave,Since,4.202e-05,0.8175744584140003,0.6167662773784257,0
workplace,workplace,1011,1,0,1,0,aPrPrQ,llama-8b,meta-llama/llama-3.1-8b-instruct,coreweave/bf16,101,1.0,CoreWeave,A,4.202e-05,0.8175744584140003,0.6167662773784257,0
workplace,workplace,1011,1,1,0,0,rQaPrP,llama-8b,meta-llama/llama-3.1-8b-instruct,coreweave/bf16,100,1.0,CoreWeave,B,4.202e-05,0.18242550602671442,0.6313095017994541,0
workplace,workplace,1011,1,1,0,0,rQaPrP,llama-8b,meta-llama/llama-3.1-8b-instruct,coreweave/bf16,101,1.0,CoreWeave,Given,4.202e-05,0.18242550602671442,0.6313095017994541,0
workplace,workplace,1011,1,1,1,0,rQrPaP,llama-8b,meta-llama/llama-3.1-8b-instruct,coreweave/bf16,100,1.0,CoreWeave,B,4.202e-05,0.5,0.8839303607868486,1
workplace,workplace,1011,1,1,1,0,rQrPaP,llama-8b,meta-llama/llama-3.1-8b-instruct,coreweave/bf16,101,1.0,CoreWeave,You,4.202e-05,0.5,0.8839303607868486,1
workplace,workplace,1113,-1,0,0,0,aQrPrQaPrQrQ,llama-8b,meta-llama/llama-3.1-8b-instruct,coreweave/bf16,100,1.0,CoreWeave,Given,4.928e-05,0.5,1.0,1
workplace,workplace,1113,-1,0,0,0,aQrPrQaPrQrQ,llama-8b,meta-llama/llama-3.1-8b-instruct,coreweave/bf16,101,1.0,CoreWeave,To,4.928e-05,0.5,1.0,1
workplace,workplace,1113,-1,0,1,0,rQaQaPrPrQrQ,llama-8b,meta-llama/llama-3.1-8b-instruct,coreweave/bf16,100,1.0,CoreWeave,To,4.928e-05,0.5,1.0,1
workplace,workplace,1113,-1,0,1,0,rQaQaPrPrQrQ,llama-8b,meta-llama/llama-3.1-8b-instruct,coreweave/bf16,101,1.0,CoreWeave,To,4.928e-05,0.5,1.0,1
workplace,workplace,1113,-1,1,0,0,rQaPrQaQrPrQ,llama-8b,meta-llama/llama-3.1-8b-instruct,coreweave/bf16,100,1.0,CoreWeave,To,4.928e-05,0.5,1.0,1
workplace,workplace,1113,-1,1,0,0,rQaPrQaQrPrQ,llama-8b,meta-llama/llama-3.1-8b-instruct,coreweave/bf16,101,1.0,CoreWeave,To,4.928e-05,0.5,1.0,1
workplace,workplace,1113,-1,1,1,0,aQrPaPrQrQrQ,llama-8b,meta-llama/llama-3.1-8b-instruct,coreweave/bf16,100,1.0,CoreWeave,A,4.928e-05,0.5621765008857981,0.9571243313791048,1
workplace,workplace,1113,-1,1,1,0,aQrPaPrQrQrQ,llama-8b,meta-llama/llama-3.1-8b-instruct,coreweave/bf16,101,1.0,CoreWeave,To,4.928e-05,0.5621765008857981,0.9571243313791048,1
workplace,workplace,1113,1,0,0,0,rQaPrPrQaQrQ,llama-8b,meta-llama/llama-3.1-8b-instruct,coreweave/bf16,100,1.0,CoreWeave,Since,4.928e-05,0.5,1.0,1
workplace,workplace,1113,1,0,0,0,rQaPrPrQaQrQ,llama-8b,meta-llama/llama-3.1-8b-instruct,coreweave/bf16,101,1.0,CoreWeave,To,4.928e-05,0.5,1.0,1
workplace,workplace,1113,1,0,1,0,rQaPaQrQrQrP,llama-8b,meta-llama/llama-3.1-8b-instruct,coreweave/bf16,100,1.0,CoreWeave,To,4.928e-05,0.5,0.9852784155570153,1
workplace,workplace,1113,1,0,1,0,rQaPaQrQrQrP,llama-8b,meta-llama/llama-3.1-8b-instruct,coreweave/bf16,101,1.0,CoreWeave,To,4.928e-05,0.5,0.9852784155570153,1
workplace,workplace,1113,1,1,0,0,rQrPrQaQaPrQ,llama-8b,meta-llama/llama-3.1-8b-instruct,coreweave/bf16,100,1.0,CoreWeave,To,4.928e-05,0.5,1.0,1
workplace,workplace,1113,1,1,0,0,rQrPrQaQaPrQ,llama-8b,meta-llama/llama-3.1-8b-instruct,coreweave/bf16,101,1.0,CoreWeave,To,4.928e-05,0.5,1.0,1
workplace,workplace,1113,1,1,1,0,aQrQrQrPaPrQ,llama-8b,meta-llama/llama-3.1-8b-instruct,coreweave/bf16,100,1.0,CoreWeave,To,4.928e-05,0.5,1.0,1
workplace,workplace,1113,1,1,1,0,aQrQrQrPaPrQ,llama-8b,meta-llama/llama-3.1-8b-instruct,coreweave/bf16,101,1.0,CoreWeave,To,4.928e-05,0.5,1.0,1
workplace,workplace,1200,-1,0,0,0,aQaQaP,llama-8b,meta-llama/llama-3.1-8b-instruct,coreweave/bf16,100,1.0,CoreWeave,B,4.202e-05,0.20181320305759334,0.5963357557250073,0
workplace,workplace,1200,-1,0,0,0,aQaQaP,llama-8b,meta-llama/llama-3.1-8b-instruct,coreweave/bf16,101,1.0,CoreWeave,B,4.202e-05,0.20181320305759334,0.5963357557250073,0
workplace,workplace,1200,-1,0,1,0,aPaQaQ,llama-8b,meta-llama/llama-3.1-8b-instruct,coreweave/bf16,100,1.0,CoreWeave,Given,4.202e-05,0.5,0.6857952123539175,0
workplace,workplace,1200,-1,0,1,0,aPaQaQ,llama-8b,meta-llama/llama-3.1-8b-instruct,coreweave/bf16,101,1.0,CoreWeave,A,4.202e-05,0.5,0.6857952123539175,0
workplace,workplace,1200,-1,1,0,0,aQaPaQ,llama-8b,meta-llama/llama-3.1-8b-instruct,coreweave/bf16,100,1.0,CoreWeave,Since,4.202e-05,0.5,0.9119710440485389,1
workplace,workplace,1200,-1,1,0,0,aQaPaQ,llama-8b,meta-llama/llama-3.1-8b-instruct,coreweave/bf16,101,1.0,CoreWeave,Based,4.202e-05,0.5,1.0,1
workplace,workplace,1200,-1,1,1,0,aQaQaP,llama-8b,meta-llama/llama-3.1-8b-instruct,coreweave/bf16,100,1.0,CoreWeave,Given,4.202e-05,0.5621765008857981,0.4586250470791927,0
workplace,workplace,1200,-1,1,1,0,aQaQaP,llama-8b,meta-llama/llama-3.1-8b-instruct,coreweave/bf16,101,1.0,CoreWeave,You,4.202e-05,0.5621765008857981,0.4586250470791927,0
workplace,workplace,1200,1,0,0,0,aQaPaQ,llama-8b,meta-llama/llama-3.1-8b-instruct,coreweave/bf16,100,1.0,CoreWeave,Based,4.202e-05,0.8175744761936438,0.7815213853051646,1
workplace,workplace,1200,1,0,0,0,aQaPaQ,llama-8b,meta-llama/llama-3.1-8b-instruct,coreweave/bf16,101,1.0,CoreWeave,Based,4.202e-05,0.8175744761936438,0.7815213853051646,1
workplace,workplace,1200,1,0,1,0,aQaPaQ,llama-8b,meta-llama/llama-3.1-8b-instruct,coreweave/bf16,100,1.0,CoreWeave,Since,4.202e-05,0.8670357598021708,0.7445453374221801,1
workplace,workplace,1200,1,0,1,0,aQaPaQ,llama-8b,meta-llama/llama-3.1-8b-instruct,coreweave/bf16,101,1.0,CoreWeave,Since,4.202e-05,0.8670357598021708,0.7445453374221801,1
workplace,workplace,1200,1,1,0,0,aQaQaP,llama-8b,meta-llama/llama-3.1-8b-instruct,coreweave/bf16,100,1.0,CoreWeave,You,4.202e-05,0.1066905825840872,0.6692930712718886,0
workplace,workplace,1200,1,1,0,0,aQaQaP,llama-8b,meta-llama/llama-3.1-8b-instruct,coreweave/bf16,101,1.0,CoreWeave,You,4.202e-05,0.1066905825840872,0.6692930712718886,0
workplace,workplace,1200,1,1,1,0,aQaQaP,llama-8b,meta-llama/llama-3.1-8b-instruct,coreweave/bf16,100,1.0,CoreWeave,Since,4.202e-05,0.24508501313237174,0.7223220028156611,0
workplace,workplace,1200,1,1,1,0,aQaQaP,llama-8b,meta-llama/llama-3.1-8b-instruct,coreweave/bf16,101,1.0,CoreWeave,Since,4.202e-05,0.2689414213699951,0.7269039545910312,0
workplace,workplace,1211,-1,0,0,0,aQaPrPaQrQ,llama-8b,meta-llama/llama-3.1-8b-instruct,coreweave/bf16,100,1.0,CoreWeave,Given,4.686e-05,0.5,0.9683619085696648,1
workplace,workplace,1211,-1,0,0,0,aQaPrPaQrQ,llama-8b,meta-llama/llama-3.1-8b-instruct,coreweave/bf16,101,1.0,CoreWeave,You,4.686e-05,0.5,0.9683619085696648,1
workplace,workplace,1211,-1,0,1,0,aPrQaQrPaQ,llama-8b,meta-llama/llama-3.1-8b-instruct,coreweave/bf16,100,1.0,CoreWeave,Based,4.686e-05,0.5,1.0,1
workplace,workplace,1211,-1,0,1,0,aPrQaQrPaQ,llama-8b,meta-llama/llama-3.1-8b-instruct,coreweave/bf16,101,1.0,CoreWeave,A,4.686e-05,0.5,0.9683429772479546,1
workplace,workplace,1211,-1,1,0,0,aQaPrPrQaQ,llama-8b,meta-llama/llama-3.1-8b-instruct,coreweave/bf16,100,1.0,CoreWeave,To,4.686e-05,0.5,1.0,1
workplace,workplace,1211,-1,1,0,0,aQaPrPrQaQ,llama-8b,meta-llama/llama-3.1-8b-instruct,coreweave/bf16,101,1.0,CoreWeave,Based,4.686e-05,0.5,1.0,1
workplace,workplace,1211,-1,1,1,0,aQaPrPrQaQ,llama-8b,meta-llama/llama-3.1-8b-instruct,coreweave/bf16,100,1.0,CoreWeave,Since,4.686e-05,0.5621765008857981,0.9387804507164051,1
workplace,workplace,1211,-1,1,1,0,aQaPrPrQaQ,llama-8b,meta-llama/llama-3.1-8b-instruct,coreweave/bf16,101,1.0,CoreWeave,To,4.686e-05,0.5621765008857981,0.9387804507164051,1
workplace,workplace,1211,1,0,0,0,aPrQaQaQrP,llama-8b,meta-llama/llama-3.1-8b-instruct,coreweave/bf16,100,1.0,CoreWeave,Since,4.686e-05,0.5,0.9337520145938049,1
workplace,workplace,1211,1,0,0,0,aPrQaQaQrP,llama-8b,meta-llama/llama-3.1-8b-instruct,coreweave/bf16,101,1.0,CoreWeave,To,4.686e-05,0.5,0.9337520145938049,1
workplace,workplace,1211,1,0,1,0,aPrQrPaQaQ,llama-8b,meta-llama/llama-3.1-8b-instruct,coreweave/bf16,100,1.0,CoreWeave,To,4.686e-05,0.5,0.9439983857902753,1
workplace,workplace,1211,1,0,1,0,aPrQrPaQaQ,llama-8b,meta-llama/llama-3.1-8b-instruct,coreweave/bf16,101,1.0,CoreWeave,To,4.686e-05,0.5,0.9390338638580162,1
workplace,workplace,1211,1,1,0,0,aPaQrPrQaQ,llama-8b,meta-llama/llama-3.1-8b-instruct,coreweave/bf16,100,1.0,CoreWeave,Since,4.686e-05,0.5,1.0,1
workplace,workplace,1211,1,1,0,0,aPaQrPrQaQ,llama-8b,meta-llama/llama-3.1-8b-instruct,coreweave/bf16,101,1.0,CoreWeave,To,4.686e-05,0.5,1.0,1
workplace,workplace,1211,1,1,1,0,aQrQaPaQrP,llama-8b,meta-llama/llama-3.1-8b-instruct,coreweave/bf16,100,1.0,CoreWeave,To,4.686e-05,0.5,1.0,1
workplace,workplace,1211,1,1,1,0,aQrQaPaQrP,llama-8b,meta-llama/llama-3.1-8b-instruct,coreweave/bf16,101,1.0,CoreWeave,Since,4.686e-05,0.5,1.0,1
workplace,workplace,1220,-1,0,0,0,aQrPrPaPaQ,llama-8b,meta-llama/llama-3.1-8b-instruct,coreweave/bf16,100,1.0,CoreWeave,To,4.686e-05,0.5,1.0,1
workplace,workplace,1220,-1,0,0,0,aQrPrPaPaQ,llama-8b,meta-llama/llama-3.1-8b-instruct,coreweave/bf16,101,1.0,CoreWeave,To,4.686e-05,0.5,1.0,1
workplace,workplace,1220,-1,0,1,0,rPaPrPaQaQ,llama-8b,meta-llama/llama-3.1-8b-instruct,coreweave/bf16,100,1.0,CoreWeave,Since,4.686e-05,0.5,1.0,1
workplace,workplace,1220,-1,0,1,0,rPaPrPaQaQ,llama-8b,meta-llama/llama-3.1-8b-instruct,coreweave/bf16,101,1.0,CoreWeave,To,4.686e-05,0.5,1.0,1
workplace,workplace,1220,-1,1,0,0,rPaPaQaQrP,llama-8b,meta-llama/llama-3.1-8b-instruct,coreweave/bf16,100,1.0,CoreWeave,You,4.686e-05,0.5,1.0,1
workplace,workplace,1220,-1,1,0,0,rPaPaQaQrP,llama-8b,meta-llama/llama-3.1-8b-instruct,coreweave/bf16,101,1.0,CoreWeave,To,4.686e-05,0.5,1.0,1
workplace,workplace,1220,-1,1,1,0,aQrPaPaQrP,llama-8b,meta-llama/llama-3.1-8b-instruct,coreweave/bf16,100,1.0,CoreWeave,To,4.686e-05,0.5621765008857981,0.9455739183803089,1
workplace,workplace,1220,-1,1,1,0,aQrPaPaQrP,llama-8b,meta-llama/llama-3.1-8b-instruct,coreweave/bf16,101,1.0,CoreWeave,To,4.686e-05,0.5621765008857981,0.9455739183803089,1
workplace,workplace,1220,1,0,0,0,rPrPaQaPaQ,llama-8b,meta-llama/llama-3.1-8b-instruct,coreweave/bf16,100,1.0,CoreWeave,To,4.686e-05,0.5,0.9423925195022669,1
workplace,workplace,1220,1,0,0,0,rPrPaQaPaQ,llama-8b,meta-llama/llama-3.1-8b-instruct,coreweave/bf16,101,1.0,CoreWeave,Since,4.686e-05,0.5,0.9423925195022669,1
workplace,workplace,1220,1,0,1,0,rPaPrPaQaQ,llama-8b,meta-llama/llama-3.1-8b-instruct,coreweave/bf16,100,1.0,CoreWeave,To,4.686e-05,0.5,0.9329293171236538,1
workplace,workplace,1220,1,0,1,0,rPaPrPaQaQ,llama-8b,meta-llama/llama-3.1-8b-instruct,coreweave/bf16,101,1.0,CoreWeave,A,4.686e-05,0.5,0.9329293171236538,1
workplace,workplace,1220,1,1,0,0,aQaPrPaQrP,llama-8b,meta-llama/llama-3.1-8b-instruct,coreweave/bf16,100,1.0,CoreWeave,To,4.686e-05,0.5,0.9739736956538362,1
workplace,workplace,1220,1,1,0,0,aQaPrPaQrP,llama-8b,meta-llama/llama-3.1-8b-instruct,coreweave/bf16,101,1.0,CoreWeave,Given,4.686e-05,0.5,0.9739736956538362,1
workplace,workplace,1220,1,1,1,0,rPaQaPrPaQ,llama-8b,meta-llama/llama-3.1-8b-instruct,coreweave/bf16,100,1.0,CoreWeave,Based,4.686e-05,0.5,1.0,1
workplace,workplace,1220,1,1,1,0,rPaQaPrPaQ,llama-8b,meta-llama/llama-3.1-8b-instruct,coreweave/bf16,101,1.0,CoreWeave,To,4.686e-05,0.5,1.0,1
workplace,workplace,2102,-1,0,0,0,rQaPaQaPrQ,llama-8b,meta-llama/llama-3.1-8b-instruct,coreweave/bf16,100,1.0,CoreWeave,To,4.686e-05,0.5,1.0,1
workplace,workplace,2102,-1,0,0,0,rQaPaQaPrQ,llama-8b,meta-llama/llama-3.1-8b-instruct,coreweave/bf16,101,1.0,CoreWeave,Since,4.686e-05,0.5,1.0,1
workplace,workplace,2102,-1,0,1,0,aQaPaPrQrQ,llama-8b,meta-llama/llama-3.1-8b-instruct,coreweave/bf16,100,1.0,CoreWeave,Since,4.686e-05,0.5,0.9434376510433526,1
workplace,workplace,2102,-1,0,1,0,aQaPaPrQrQ,llama-8b,meta-llama/llama-3.1-8b-instruct,coreweave/bf16,101,1.0,CoreWeave,Given,4.686e-05,0.5,0.9434376510433526,1
workplace,workplace,2102,-1,1,0,0,aPaQaPrQrQ,llama-8b,meta-llama/llama-3.1-8b-instruct,coreweave/bf16,100,1.0,CoreWeave,I,4.686e-05,0.6224593312018545,0.8854287097272607,1
workplace,workplace,2102,-1,1,0,0,aPaQaPrQrQ,llama-8b,meta-llama/llama-3.1-8b-instruct,coreweave/bf16,101,1.0,CoreWeave,You,4.686e-05,0.6224593312018545,0.8854287097272607,1
workplace,workplace,2102,-1,1,1,0,rQaPaPaQrQ,llama-8b,meta-llama/llama-3.1-8b-instruct,coreweave/bf16,100,1.0,CoreWeave,To,4.686e-05,0.5,0.9400904856100143,1
workplace,workplace,2102,-1,1,1,0,rQaPaPaQrQ,llama-8b,meta-llama/llama-3.1-8b-instruct,coreweave/bf16,101,1.0,CoreWeave,Based,4.686e-05,0.5,1.0,1
workplace,workplace,2102,1,0,0,0,rQaPaQaPrQ,llama-8b,meta-llama/llama-3.1-8b-instruct,coreweave/bf16,100,1.0,CoreWeave,To,4.686e-05,0.5,0.9473189549773945,1
workplace,workplace,2102,1,0,0,0,rQaPaQaPrQ,llama-8b,meta-llama/llama-3.1-8b-instruct,coreweave/bf16,101,1.0,CoreWeave,You,4.686e-05,0.5,0.9473189549773945,1
workplace,workplace,2102,1,0,1,0,aPrQrQaQaP,llama-8b,meta-llama/llama-3.1-8b-instruct,coreweave/bf16,100,1.0,CoreWeave,To,4.686e-05,0.5,0.9657729064527987,1
workplace,workplace,2102,1,0,1,0,aPrQrQaQaP,llama-8b,meta-llama/llama-3.1-8b-instruct,coreweave/bf16,101,1.0,CoreWeave,You,4.686e-05,0.5,0.9657729064527987,1
workplace,workplace,2102,1,1,0,0,aQrQaPrQaP,llama-8b,meta-llama/llama-3.1-8b-instruct,coreweave/bf16,100,1.0,CoreWeave,B,4.686e-05,0.5,0.9304568076763,1
workplace,workplace,2102,1,1,0,0,aQrQaPrQaP,llama-8b,meta-llama/llama-3.1-8b-instruct,coreweave/bf16,101,1.0,CoreWeave,B,4.686e-05,0.5,0.9304568076763,1
workplace,workplace,2102,1,1,1,0,aPrQrQaPaQ,llama-8b,meta-llama/llama-3.1-8b-instruct,coreweave/bf16,100,1.0,CoreWeave,Given,4.686e-05,0.5,0.9505466063827547,1
workplace,workplace,2102,1,1,1,0,aPrQrQaPaQ,llama-8b,meta-llama/llama-3.1-8b-instruct,coreweave/bf16,101,1.0,CoreWeave,Since,4.686e-05,0.5,0.9505466063827547,1
workplace,workplace,2220,-1,0,0,0,aPrPrPaQaPaQ,llama-8b,meta-llama/llama-3.1-8b-instruct,coreweave/bf16,100,1.0,CoreWeave,To,4.928e-05,0.5,1.0,1
workplace,workplace,2220,-1,0,0,0,aPrPrPaQaPaQ,llama-8b,meta-llama/llama-3.1-8b-instruct,coreweave/bf16,101,1.0,CoreWeave,To,4.928e-05,0.5,1.0,1
workplace,workplace,2220,-1,0,1,0,aQaPrPaPaQrP,llama-8b,meta-llama/llama-3.1-8b-instruct,coreweave/bf16,100,1.0,CoreWeave,To,4.928e-05,0.5,1.0,1
workplace,workplace,2220,-1,0,1,0,aQaPrPaPaQrP,llama-8b,meta-llama/llama-3.1-8b-instruct,coreweave/bf16,101,1.0,CoreWeave,To,4.928e-05,0.5,1.0,1
workplace,workplace,2220,-1,1,0,0,rPaPaPaQaQrP,llama-8b,meta-llama/llama-3.1-8b-instruct,coreweave/bf16,100,1.0,CoreWeave,To,4.928e-05,0.5,1.0,1
workplace,workplace,2220,-1,1,0,0,rPaPaPaQaQrP,llama-8b,meta-llama/llama-3.1-8b-instruct,coreweave/bf16,101,1.0,CoreWeave,To,4.928e-05,0.5,1.0,1
workplace,workplace,2220,-1,1,1,0,rPaPaQaPaQrP,llama-8b,meta-llama/llama-3.1-8b-instruct,coreweave/bf16,100,1.0,CoreWeave,To,4.928e-05,0.5,0.9623939394740041,1
workplace,workplace,2220,-1,1,1,0,rPaPaQaPaQrP,llama-8b,meta-llama/llama-3.1-8b-instruct,coreweave/bf16,101,1.0,CoreWeave,You,4.928e-05,0.5,1.0,1
workplace,workplace,2220,1,0,0,0,aPaQaQrPaPrP,llama-8b,meta-llama/llama-3.1-8b-instruct,coreweave/bf16,100,1.0,CoreWeave,To,4.928e-05,0.5,1.0,1
workplace,workplace,2220,1,0,0,0,aPaQaQrPaPrP,llama-8b,meta-llama/llama-3.1-8b-instruct,coreweave/bf16,101,1.0,CoreWeave,To,4.928e-05,0.5,1.0,1
workplace,workplace,2220,1,0,1,0,aQrPaPaQaPrP,llama-8b,meta-llama/llama-3.1-8b-instruct,coreweave/bf16,100,1.0,CoreWeave,To,4.928e-05,0.5,1.0,1
workplace,workplace,2220,1,0,1,0,aQrPaPaQaPrP,llama-8b,meta-llama/llama-3.1-8b-instruct,coreweave/bf16,101,1.0,CoreWeave,You,4.928e-05,0.5,1.0,1
workplace,workplace,2220,1,1,0,0,rPaPaQaPrPaQ,llama-8b,meta-llama/llama-3.1-8b-instruct,coreweave/bf16,100,1.0,CoreWeave,To,4.928e-05,0.5,1.0,1
workplace,workplace,2220,1,1,0,0,rPaPaQaPrPaQ,llama-8b,meta-llama/llama-3.1-8b-instruct,coreweave/bf16,101,1.0,CoreWeave,To,4.928e-05,0.5,1.0,1
workplace,workplace,2220,1,1,1,0,aPaPaQrPrPaQ,llama-8b,meta-llama/llama-3.1-8b-instruct,coreweave/bf16,100,1.0,CoreWeave,Since,4.928e-05,0.5,1.0,1
workplace,workplace,2220,1,1,1,0,aPaPaQrPrPaQ,llama-8b,meta-llama/llama-3.1-8b-instruct,coreweave/bf16,101,1.0,CoreWeave,To,4.928e-05,0.5,1.0,1
workplace,workplace,3001,-1,0,0,0,aPrQaPaP,llama-8b,meta-llama/llama-3.1-8b-instruct,coreweave/bf16,100,1.0,CoreWeave,You,4.444e-05,0.22270013882530887,0.7662881770880627,1
workplace,workplace,3001,-1,0,0,0,aPrQaPaP,llama-8b,meta-llama/llama-3.1-8b-instruct,coreweave/bf16,101,1.0,CoreWeave,Since,4.444e-05,0.24508501313237174,0.6904130571288846,0
workplace,workplace,3001,-1,0,1,0,aPaPaPrQ,llama-8b,meta-llama/llama-3.1-8b-instruct,coreweave/bf16,100,1.0,CoreWeave,A,4.444e-05,0.6224593031872285,0.6519273103391604,0
workplace,workplace,3001,-1,0,1,0,aPaPaPrQ,llama-8b,meta-llama/llama-3.1-8b-instruct,coreweave/bf16,101,1.0,CoreWeave,You,4.444e-05,0.5926666287327299,0.6741610784045695,0
workplace,workplace,3001,-1,1,0,0,aPrQaPaP,llama-8b,meta-llama/llama-3.1-8b-instruct,coreweave/bf16,100,1.0,CoreWeave,I,4.444e-05,0.24508501313237172,0.8421690860295215,1
workplace,workplace,3001,-1,1,0,0,aPrQaPaP,llama-8b,meta-llama/llama-3.1-8b-instruct,coreweave/bf16,101,1.0,CoreWeave,Since,4.444e-05,0.3486451353339458,0.7576882855532252,0
workplace,workplace,3001,-1,1,1,0,aPrQaPaP,llama-8b,meta-llama/llama-3.1-8b-instruct,coreweave/bf16,100,1.0,CoreWeave,Given,4.444e-05,0.4073334000459302,0.6334686305817357,0
workplace,workplace,3001,-1,1,1,0,aPrQaPaP,llama-8b,meta-llama/llama-3.1-8b-instruct,coreweave/bf16,101,1.0,CoreWeave,Given,4.444e-05,0.4073334000459302,0.6334686305817357,0
workplace,workplace,3001,1,0,0,0,aPrQaPaP,llama-8b,meta-llama/llama-3.1-8b-instruct,coreweave/bf16,100,1.0,CoreWeave,A,4.444e-05,0.679178699175393,0.8138828270286259,1
workplace,workplace,3001,1,0,0,0,aPrQaPaP,llama-8b,meta-llama/llama-3.1-8b-instruct,coreweave/bf16,101,1.0,CoreWeave,Since,4.444e-05,0.679178673200285,0.8138808080101421,1
workplace,workplace,3001,1,0,1,0,rQaPaPaP,llama-8b,meta-llama/llama-3.1-8b-instruct,coreweave/bf16,100,1.0,CoreWeave,To,4.444e-05,0.7981867585368344,0.695478358927597,1
workplace,workplace,3001,1,0,1,0,rQaPaPaP,llama-8b,meta-llama/llama-3.1-8b-instruct,coreweave/bf16,101,1.0,CoreWeave,Since,4.444e-05,0.7981867585368344,0.695478358927597,1
workplace,workplace,3001,1,1,0,0,aPaPrQaP,llama-8b,meta-llama/llama-3.1-8b-instruct,coreweave/bf16,100,1.0,CoreWeave,You,4.444e-05,0.4687906266262437,0.9060415835869564,1
workplace,workplace,3001,1,1,0,0,aPaPrQaP,llama-8b,meta-llama/llama-3.1-8b-instruct,coreweave/bf16,101,1.0,CoreWeave,You,4.444e-05,0.4687906266262437,0.9060415835869564,1
workplace,workplace,3001,1,1,1,0,aPaPrQaP,llama-8b,meta-llama/llama-3.1-8b-instruct,coreweave/bf16,100,1.0,CoreWeave,Given,4.444e-05,0.4073334000459302,0.8643878782939249,1
workplace,workplace,3001,1,1,1,0,aPaPrQaP,llama-8b,meta-llama/llama-3.1-8b-instruct,coreweave/bf16,101,1.0,CoreWeave,Since,4.444e-05,0.4073334000459302,0.8643878782939249,1
workplace,workplace,3010,-1,0,0,0,aPaPaPrP,llama-8b,meta-llama/llama-3.1-8b-instruct,coreweave/bf16,100,1.0,CoreWeave,Considering,4.444e-05,0.18242552380635635,0.5489097537239584,0
workplace,workplace,3010,-1,0,0,0,aPaPaPrP,llama-8b,meta-llama/llama-3.1-8b-instruct,coreweave/bf16,101,1.0,CoreWeave,Since,4.444e-05,0.18242552380635635,0.5489097537239584,0
workplace,workplace,3010,-1,0,1,0,aPaPrPaP,llama-8b,meta-llama/llama-3.1-8b-instruct,coreweave/bf16,100,1.0,CoreWeave,Since,4.444e-05,0.651354837594613,0.7528140336696725,0
workplace,workplace,3010,-1,0,1,0,aPaPrPaP,llama-8b,meta-llama/llama-3.1-8b-instruct,coreweave/bf16,101,1.0,CoreWeave,You,4.444e-05,0.7057850030829009,0.838994225045242,1
workplace,workplace,3010,-1,1,0,0,rPaPaPaP,llama-8b,meta-llama/llama-3.1-8b-instruct,coreweave/bf16,100,1.0,CoreWeave,I,4.444e-05,0.24508501313237172,0.6539527119833239,0
workplace,workplace,3010,-1,1,0,0,rPaPaPaP,llama-8b,meta-llama/llama-3.1-8b-instruct,coreweave/bf16,101,1.0,CoreWeave,You,4.444e-05,0.2689414448079646,0.6401058739545471,0
workplace,workplace,3010,-1,1,1,0,aPaPaPrP,llama-8b,meta-llama/llama-3.1-8b-instruct,coreweave/bf16,100,1.0,CoreWeave,B,4.444e-05,0.4687906266262437,0.5134703894210054,0
workplace,workplace,3010,-1,1,1,0,aPaPaPrP,llama-8b,meta-llama/llama-3.1-8b-instruct,coreweave/bf16,101,1.0,CoreWeave,A,4.444e-05,0.4687906266262437,0.5134703894210054,0
workplace,workplace,3010,1,0,0,0,aPrPaPaP,llama-8b,meta-llama/llama-3.1-8b-instruct,coreweave/bf16,100,1.0,CoreWeave,Since,4.444e-05,0.8519527869325345,0.7586327086982693,1
workplace,workplace,3010,1,0,0,0,aPrPaPaP,llama-8b,meta-llama/llama-3.1-8b-instruct,coreweave/bf16,101,1.0,CoreWeave,A,4.444e-05,0.8519527869325345,0.7586327086982693,1
workplace,workplace,3010,1,0,1,0,aPaPrPaP,llama-8b,meta-llama/llama-3.1-8b-instruct,coreweave/bf16,100,1.0,CoreWeave,Since,4.444e-05,0.8175744761936437,0.7475177422346186,1
workplace,workplace,3010,1,0,1,0,aPaPrPaP,llama-8b,meta-llama/llama-3.1-8b-instruct,coreweave/bf16,101,1.0,CoreWeave,A,4.444e-05,0.7981867777396212,0.7682819667103897,1
workplace,workplace,3010,1,1,0,0,aPaPaPrP,llama-8b,meta-llama/llama-3.1-8b-instruct,coreweave/bf16,100,1.0,CoreWeave,I,4.444e-05,0.18242552380635632,0.7360317229710821,1
workplace,workplace,3010,1,1,0,0,aPaPaPrP,llama-8b,meta-llama/llama-3.1-8b-instruct,coreweave/bf16,101,1.0,CoreWeave,You,4.444e-05,0.1645164628965632,0.729050959495578,1
workplace,workplace,3010,1,1,1,0,aPrPaPaP,llama-8b,meta-llama/llama-3.1-8b-instruct,coreweave/bf16,100,1.0,CoreWeave,You,4.444e-05,0.20181322226037884,0.7676818282868012,1
workplace,workplace,3010,1,1,1,0,aPrPaPaP,llama-8b,meta-llama/llama-3.1-8b-instruct,coreweave/bf16,101,1.0,CoreWeave,Since,4.444e-05,0.20181322226037884,0.7676818282868012,1
workplace,workplace,4011,-1,0,0,0,aPaPaPrQaPrP,llama-8b,meta-llama/llama-3.1-8b-instruct,coreweave/bf16,100,1.0,CoreWeave,To,4.928e-05,0.5,0.9571900720111112,1
workplace,workplace,4011,-1,0,0,0,aPaPaPrQaPrP,llama-8b,meta-llama/llama-3.1-8b-instruct,coreweave/bf16,101,1.0,CoreWeave,Since,4.928e-05,0.5,0.9665031106619388,1
workplace,workplace,4011,-1,0,1,0,aPaPrQaPaPrP,llama-8b,meta-llama/llama-3.1-8b-instruct,coreweave/bf16,100,1.0,CoreWeave,Given,4.928e-05,0.5,1.0,1
workplace,workplace,4011,-1,0,1,0,aPaPrQaPaPrP,llama-8b,meta-llama/llama-3.1-8b-instruct,coreweave/bf16,101,1.0,CoreWeave,To,4.928e-05,0.5,1.0,1
workplace,workplace,4011,-1,1,0,0,rPaPaPaPrQaP,llama-8b,meta-llama/llama-3.1-8b-instruct,coreweave/bf16,100,1.0,CoreWeave,To,4.928e-05,0.5,1.0,1
workplace,workplace,4011,-1,1,0,0,rPaPaPaPrQaP,llama-8b,meta-llama/llama-3.1-8b-instruct,coreweave/bf16,101,1.0,CoreWeave,To,4.928e-05,0.5,1.0,1
workplace,workplace,4011,-1,1,1,0,aPrQaPaPrPaP,llama-8b,meta-llama/llama-3.1-8b-instruct,coreweave/bf16,100,1.0,CoreWeave,To,4.928e-05,0.5,0.9648465150604038,1
workplace,workplace,4011,-1,1,1,0,aPrQaPaPrPaP,llama-8b,meta-llama/llama-3.1-8b-instruct,coreweave/bf16,101,1.0,CoreWeave,To,4.928e-05,0.5,0.964949394854243,1
workplace,workplace,4011,1,0,0,0,rQaPaPrPaPaP,llama-8b,meta-llama/llama-3.1-8b-instruct,coreweave/bf16,100,1.0,CoreWeave,To,4.928e-05,0.5,0.9661153780330762,1
workplace,workplace,4011,1,0,0,0,rQaPaPrPaPaP,llama-8b,meta-llama/llama-3.1-8b-instruct,coreweave/bf16,101,1.0,CoreWeave,Since,4.928e-05,0.5,0.9698833170558677,1
workplace,workplace,4011,1,0,1,0,rQrPaPaPaPaP,llama-8b,meta-llama/llama-3.1-8b-instruct,coreweave/bf16,100,1.0,CoreWeave,Since,4.928e-05,0.5,0.9123379614272327,1
workplace,workplace,4011,1,0,1,0,rQrPaPaPaPaP,llama-8b,meta-llama/llama-3.1-8b-instruct,coreweave/bf16,101,1.0,CoreWeave,To,4.928e-05,0.5,0.9123379614272327,1
workplace,workplace,4011,1,1,0,0,aPrPaPrQaPaP,llama-8b,meta-llama/llama-3.1-8b-instruct,coreweave/bf16,100,1.0,CoreWeave,Given,4.928e-05,0.5,1.0,1
workplace,workplace,4011,1,1,0,0,aPrPaPrQaPaP,llama-8b,meta-llama/llama-3.1-8b-instruct,coreweave/bf16,101,1.0,CoreWeave,To,4.928e-05,0.5,1.0,1
workplace,workplace,4011,1,1,1,0,aPaPrPrQaPaP,llama-8b,meta-llama/llama-3.1-8b-instruct,coreweave/bf16,100,1.0,CoreWeave,Since,4.928e-05,0.5,1.0,1
workplace,workplace,4011,1,1,1,0,aPaPrPrQaPaP,llama-8b,meta-llama/llama-3.1-8b-instruct,coreweave/bf16,101,1.0,CoreWeave,Since,4.928e-05,0.5,1.0,1
