arm,framing,counts,s0,mapping,order,perm,seq,key,model,tag,rep,temperature,served,content,cost,pA,leak,censored
neutral_noown,neutral,0001,0,0,0,0,rQ,llama-8b,meta-llama/llama-3.1-8b-instruct,coreweave/bf16,100,1.0,CoreWeave,A,2.816e-05,0.5,5.1141382106489885e-05,0
neutral_noown,neutral,0001,0,0,0,0,rQ,llama-8b,meta-llama/llama-3.1-8b-instruct,coreweave/bf16,101,1.0,CoreWeave,A,2.816e-05,0.5,5.1141382106489885e-05,0
neutral_noown,neutral,0001,0,0,1,0,rQ,llama-8b,meta-llama/llama-3.1-8b-instruct,coreweave/bf16,100,1.0,CoreWeave,A,2.816e-05,0.5926665999540698,2.5749047934620073e-05,0
neutral_noown,neutral,0001,0,0,1,0,rQ,llama-8b,meta-llama/llama-3.1-8b-instruct,coreweave/bf16,101,1.0,CoreWeave,A,2.816e-05,0.5926665999540698,2.5749047934620073e-05,0
neutral_noown,neutral,0010,0,0,0,0,rP,llama-8b,meta-llama/llama-3.1-8b-instruct,coreweave/bf16,100,1.0,CoreWeave,B,2.816e-05,0.04742587065312426,2.0421221424760105e-05,0
neutral_noown,neutral,0010,0,0,0,0,rP,llama-8b,meta-llama/llama-3.1-8b-instruct,coreweave/bf16,101,1.0,CoreWeave,B,2.816e-05,0.04742587065312426,2.0421221424760105e-05,0
neutral_noown,neutral,0010,0,0,1,0,rP,llama-8b,meta-llama/llama-3.1-8b-instruct,coreweave/bf16,100,1.0,CoreWeave,B,2.816e-05,0.09534946811246837,1.296284401386405e-05,0
neutral_noown,neutral,0010,0,0,1,0,rP,llama-8b,meta-llama/llama-3.1-8b-instruct,coreweave/bf16,101,1.0,CoreWeave,B,2.816e-05,0.09534946811246837,1.296284401386405e-05,0
neutral_noown,neutral,0011,0,0,0,0,rQrP,llama-8b,meta-llama/llama-3.1-8b-instruct,coreweave/bf16,100,1.0,CoreWeave,B,2.948e-05,0.3775406687981454,7.116754609137743e-05,0
neutral_noown,neutral,0011,0,0,0,0,rQrP,llama-8b,meta-llama/llama-3.1-8b-instruct,coreweave/bf16,101,1.0,CoreWeave,B,2.948e-05,0.37754066879814546,6.455187948894991e-05,0
neutral_noown,neutral,0011,0,0,1,0,rPrQ,llama-8b,meta-llama/llama-3.1-8b-instruct,coreweave/bf16,100,1.0,CoreWeave,A,2.948e-05,0.320821300824607,5.6358553610968976e-05,0
neutral_noown,neutral,0011,0,0,1,0,rPrQ,llama-8b,meta-llama/llama-3.1-8b-instruct,coreweave/bf16,101,1.0,CoreWeave,B,2.948e-05,0.32082130731838393,4.874980007496532e-05,0
neutral_noown,neutral,0020,0,0,0,0,rPrP,llama-8b,meta-llama/llama-3.1-8b-instruct,coreweave/bf16,100,1.0,CoreWeave,B,2.948e-05,0.029312230221377453,3.448088385227255e-05,0
neutral_noown,neutral,0020,0,0,0,0,rPrP,llama-8b,meta-llama/llama-3.1-8b-instruct,coreweave/bf16,101,1.0,CoreWeave,B,2.948e-05,0.029312230221377453,3.448088385227255e-05,0
neutral_noown,neutral,0020,0,0,1,0,rPrP,llama-8b,meta-llama/llama-3.1-8b-instruct,coreweave/bf16,100,1.0,CoreWeave,B,2.948e-05,0.06754669536304464,1.8258008403271297e-05,0
neutral_noown,neutral,0020,0,0,1,0,rPrP,llama-8b,meta-llama/llama-3.1-8b-instruct,coreweave/bf16,101,1.0,CoreWeave,B,2.948e-05,0.06754668410060376,1.7376032735438862e-05,0
neutral_noown,neutral,0100,0,0,0,0,aQ,llama-8b,meta-llama/llama-3.1-8b-instruct,coreweave/bf16,100,1.0,CoreWeave,B,2.816e-05,0.4687906266262437,4.394810734331678e-05,0
neutral_noown,neutral,0100,0,0,0,0,aQ,llama-8b,meta-llama/llama-3.1-8b-instruct,coreweave/bf16,101,1.0,CoreWeave,B,2.816e-05,0.46879062662624377,4.0431581669553296e-05,0
neutral_noown,neutral,0100,0,0,1,0,aQ,llama-8b,meta-llama/llama-3.1-8b-instruct,coreweave/bf16,100,1.0,CoreWeave,A,2.816e-05,0.5621765008857982,2.062000102953654e-05,0
neutral_noown,neutral,0100,0,0,1,0,aQ,llama-8b,meta-llama/llama-3.1-8b-instruct,coreweave/bf16,101,1.0,CoreWeave,B,2.816e-05,0.5926665999540698,1.8894666791502424e-05,0
neutral_noown,neutral,0120,0,0,0,0,rPaQrP,llama-8b,meta-llama/llama-3.1-8b-instruct,coreweave/bf16,100,1.0,CoreWeave,A,3.08e-05,0.16451645880021026,3.975607710215989e-05,0
neutral_noown,neutral,0120,0,0,0,0,rPaQrP,llama-8b,meta-llama/llama-3.1-8b-instruct,coreweave/bf16,101,1.0,CoreWeave,A,3.08e-05,0.16451645880021026,3.975607710215989e-05,0
neutral_noown,neutral,0120,0,0,1,0,rPrPaQ,llama-8b,meta-llama/llama-3.1-8b-instruct,coreweave/bf16,100,1.0,CoreWeave,A,3.08e-05,0.22270013366638425,4.416588387867737e-05,0
neutral_noown,neutral,0120,0,0,1,0,rPrPaQ,llama-8b,meta-llama/llama-3.1-8b-instruct,coreweave/bf16,101,1.0,CoreWeave,B,3.08e-05,0.22270013366638425,4.416588387867737e-05,0
neutral_noown,neutral,0200,0,0,0,0,aQaQ,llama-8b,meta-llama/llama-3.1-8b-instruct,coreweave/bf16,100,1.0,CoreWeave,A,2.948e-05,0.5926665999540697,7.283439626620813e-05,0
neutral_noown,neutral,0200,0,0,0,0,aQaQ,llama-8b,meta-llama/llama-3.1-8b-instruct,coreweave/bf16,101,1.0,CoreWeave,A,2.948e-05,0.5926665999540697,7.283439626620813e-05,0
neutral_noown,neutral,0200,0,0,1,0,aQaQ,llama-8b,meta-llama/llama-3.1-8b-instruct,coreweave/bf16,100,1.0,CoreWeave,A,2.948e-05,0.5926665999540698,2.8848404852177545e-05,0
neutral_noown,neutral,0200,0,0,1,0,aQaQ,llama-8b,meta-llama/llama-3.1-8b-instruct,coreweave/bf16,101,1.0,CoreWeave,A,2.948e-05,0.5926665999540698,2.932522814064198e-05,0
neutral_noown,neutral,0201,0,0,0,0,aQaQrQ,llama-8b,meta-llama/llama-3.1-8b-instruct,coreweave/bf16,100,1.0,CoreWeave,A,3.08e-05,0.5621765008857981,9.512149525764402e-05,0
neutral_noown,neutral,0201,0,0,0,0,aQaQrQ,llama-8b,meta-llama/llama-3.1-8b-instruct,coreweave/bf16,101,1.0,CoreWeave,A,3.08e-05,0.5621765008857982,8.898278197944087e-05,0
neutral_noown,neutral,0201,0,0,1,0,aQrQaQ,llama-8b,meta-llama/llama-3.1-8b-instruct,coreweave/bf16,100,1.0,CoreWeave,A,3.08e-05,0.8354835391516133,4.513271658898588e-05,0
neutral_noown,neutral,0201,0,0,1,0,aQrQaQ,llama-8b,meta-llama/llama-3.1-8b-instruct,coreweave/bf16,101,1.0,CoreWeave,A,3.08e-05,0.8354835309589074,3.9341504714629494e-05,0
neutral_noown,neutral,0202,0,0,0,0,rQrQaQaQ,llama-8b,meta-llama/llama-3.1-8b-instruct,coreweave/bf16,100,1.0,CoreWeave,B,3.212e-05,0.5621765008857981,6.740758777978861e-05,0
neutral_noown,neutral,0202,0,0,0,0,rQrQaQaQ,llama-8b,meta-llama/llama-3.1-8b-instruct,coreweave/bf16,101,1.0,CoreWeave,A,3.212e-05,0.5926665999540698,7.128478717421949e-05,0
neutral_noown,neutral,0202,0,0,1,0,aQaQrQrQ,llama-8b,meta-llama/llama-3.1-8b-instruct,coreweave/bf16,100,1.0,CoreWeave,B,3.212e-05,0.7772998663336158,4.285463874870166e-05,0
neutral_noown,neutral,0202,0,0,1,0,aQaQrQrQ,llama-8b,meta-llama/llama-3.1-8b-instruct,coreweave/bf16,101,1.0,CoreWeave,A,3.212e-05,0.7981867849406659,3.8423771928419725e-05,0
neutral_noown,neutral,0212,0,0,0,0,rQrPaQrQaQ,llama-8b,meta-llama/llama-3.1-8b-instruct,coreweave/bf16,100,1.0,CoreWeave,A,3.344e-05,0.5621765008857981,0.0001437530762667949,0
neutral_noown,neutral,0212,0,0,0,0,rQrPaQrQaQ,llama-8b,meta-llama/llama-3.1-8b-instruct,coreweave/bf16,101,1.0,CoreWeave,B,3.344e-05,0.5621765008857981,0.0001437530762667949,0
neutral_noown,neutral,0212,0,0,1,0,rQaQrQrPaQ,llama-8b,meta-llama/llama-3.1-8b-instruct,coreweave/bf16,100,1.0,CoreWeave,A,3.344e-05,0.5621765008857982,6.997041145523353e-05,0
neutral_noown,neutral,0212,0,0,1,0,rQaQrQrPaQ,llama-8b,meta-llama/llama-3.1-8b-instruct,coreweave/bf16,101,1.0,CoreWeave,A,3.344e-05,0.5621765008857982,6.997041145523353e-05,0
neutral_noown,neutral,0220,0,0,0,0,aQrPaQrP,llama-8b,meta-llama/llama-3.1-8b-instruct,coreweave/bf16,100,1.0,CoreWeave,B,3.212e-05,0.32082130731838393,9.917160003691805e-05,0
neutral_noown,neutral,0220,0,0,0,0,aQrPaQrP,llama-8b,meta-llama/llama-3.1-8b-instruct,coreweave/bf16,101,1.0,CoreWeave,A,3.212e-05,0.32082128783705344,0.00010447475471953016,0
neutral_noown,neutral,0220,0,0,1,0,aQrPaQrP,llama-8b,meta-llama/llama-3.1-8b-instruct,coreweave/bf16,100,1.0,CoreWeave,B,3.212e-05,0.5,7.045211291206721e-05,0
neutral_noown,neutral,0220,0,0,1,0,aQrPaQrP,llama-8b,meta-llama/llama-3.1-8b-instruct,coreweave/bf16,101,1.0,CoreWeave,B,3.212e-05,0.5,6.97369073103804e-05,0
neutral_noown,neutral,0231,0,0,0,0,aQrPaQrPrQrP,llama-8b,meta-llama/llama-3.1-8b-instruct,coreweave/bf16,100,1.0,CoreWeave,B,3.476e-05,0.32082129433083023,0.00014168371394407409,0
neutral_noown,neutral,0231,0,0,0,0,aQrPaQrPrQrP,llama-8b,meta-llama/llama-3.1-8b-instruct,coreweave/bf16,101,1.0,CoreWeave,B,3.476e-05,0.34864514210180597,0.0001382998480407016,0
neutral_noown,neutral,0231,0,0,1,0,rPrPaQrPrQaQ,llama-8b,meta-llama/llama-3.1-8b-instruct,coreweave/bf16,100,1.0,CoreWeave,A,3.476e-05,0.34864514210180597,6.463598240902257e-05,0
neutral_noown,neutral,0231,0,0,1,0,rPrPaQrPrQaQ,llama-8b,meta-llama/llama-3.1-8b-instruct,coreweave/bf16,101,1.0,CoreWeave,B,3.476e-05,0.34864514210180597,6.463598240902257e-05,0
neutral_noown,neutral,0501,0,0,0,0,aQaQaQrQaQaQ,llama-8b,meta-llama/llama-3.1-8b-instruct,coreweave/bf16,100,1.0,CoreWeave,B,3.476e-05,0.5312093733737563,0.00010021083631639449,0
neutral_noown,neutral,0501,0,0,0,0,aQaQaQrQaQaQ,llama-8b,meta-llama/llama-3.1-8b-instruct,coreweave/bf16,101,1.0,CoreWeave,A,3.476e-05,0.5312093733737563,0.00010021083631639449,0
neutral_noown,neutral,0501,0,0,1,0,aQaQaQaQaQrQ,llama-8b,meta-llama/llama-3.1-8b-instruct,coreweave/bf16,100,1.0,CoreWeave,A,3.476e-05,0.7772998663336158,4.368906766680225e-05,0
neutral_noown,neutral,0501,0,0,1,0,aQaQaQaQaQrQ,llama-8b,meta-llama/llama-3.1-8b-instruct,coreweave/bf16,101,1.0,CoreWeave,A,3.476e-05,0.7772998663336158,4.368906766680225e-05,0
neutral_noown,neutral,1000,0,0,0,0,aP,llama-8b,meta-llama/llama-3.1-8b-instruct,coreweave/bf16,100,1.0,CoreWeave,B,2.816e-05,0.3775406687981454,2.7539099437756676e-05,0
neutral_noown,neutral,1000,0,0,0,0,aP,llama-8b,meta-llama/llama-3.1-8b-instruct,coreweave/bf16,101,1.0,CoreWeave,B,2.816e-05,0.3775406687981454,2.7539099437756676e-05,0
neutral_noown,neutral,1000,0,0,1,0,aP,llama-8b,meta-llama/llama-3.1-8b-instruct,coreweave/bf16,100,1.0,CoreWeave,B,2.816e-05,0.3775406687981454,1.704891583087509e-05,0
neutral_noown,neutral,1000,0,0,1,0,aP,llama-8b,meta-llama/llama-3.1-8b-instruct,coreweave/bf16,101,1.0,CoreWeave,B,2.816e-05,0.4073334000459302,1.6629730520856256e-05,0
neutral_noown,neutral,1010,0,0,0,0,rPaP,llama-8b,meta-llama/llama-3.1-8b-instruct,coreweave/bf16,100,1.0,CoreWeave,B,2.948e-05,0.11920292045759123,2.2716388316190717e-05,0
neutral_noown,neutral,1010,0,0,0,0,rPaP,llama-8b,meta-llama/llama-3.1-8b-instruct,coreweave/bf16,101,1.0,CoreWeave,B,2.948e-05,0.10669059465574898,2.3386866608854362e-05,0
neutral_noown,neutral,1010,0,0,1,0,rPaP,llama-8b,meta-llama/llama-3.1-8b-instruct,coreweave/bf16,100,1.0,CoreWeave,B,2.948e-05,0.20181322946142374,2.0614267689955668e-05,0
neutral_noown,neutral,1010,0,0,1,0,rPaP,llama-8b,meta-llama/llama-3.1-8b-instruct,coreweave/bf16,101,1.0,CoreWeave,B,2.948e-05,0.20181322946142374,2.0614267689955668e-05,0
neutral_noown,neutral,1011,0,0,0,0,rQrPaP,llama-8b,meta-llama/llama-3.1-8b-instruct,coreweave/bf16,100,1.0,CoreWeave,B,3.08e-05,0.2689414213699951,6.800682448171447e-05,0
neutral_noown,neutral,1011,0,0,0,0,rQrPaP,llama-8b,meta-llama/llama-3.1-8b-instruct,coreweave/bf16,101,1.0,CoreWeave,B,3.08e-05,0.2942149659744614,7.329001993949813e-05,0
neutral_noown,neutral,1011,0,0,1,0,rPrQaP,llama-8b,meta-llama/llama-3.1-8b-instruct,coreweave/bf16,100,1.0,CoreWeave,A,3.08e-05,0.34864514210180597,6.53511916591798e-05,0
neutral_noown,neutral,1011,0,0,1,0,rPrQaP,llama-8b,meta-llama/llama-3.1-8b-instruct,coreweave/bf16,101,1.0,CoreWeave,B,3.08e-05,0.3486451285660856,6.233232838692704e-05,0
neutral_noown,neutral,1113,0,0,0,0,rQaQrPrQrQaP,llama-8b,meta-llama/llama-3.1-8b-instruct,coreweave/bf16,100,1.0,CoreWeave,A,3.476e-05,0.5,0.00012921642536584121,0
neutral_noown,neutral,1113,0,0,0,0,rQaQrPrQrQaP,llama-8b,meta-llama/llama-3.1-8b-instruct,coreweave/bf16,101,1.0,CoreWeave,B,3.476e-05,0.5,0.00012921642536584121,0
neutral_noown,neutral,1113,0,0,1,0,aQrQrPrQaPrQ,llama-8b,meta-llama/llama-3.1-8b-instruct,coreweave/bf16,100,1.0,CoreWeave,A,3.476e-05,0.6513548646660542,7.915905959798852e-05,0
neutral_noown,neutral,1113,0,0,1,0,aQrQrPrQaPrQ,llama-8b,meta-llama/llama-3.1-8b-instruct,coreweave/bf16,101,1.0,CoreWeave,A,3.476e-05,0.6513548646660542,7.915905959798852e-05,0
neutral_noown,neutral,1200,0,0,0,0,aPaQaQ,llama-8b,meta-llama/llama-3.1-8b-instruct,coreweave/bf16,100,1.0,CoreWeave,A,3.08e-05,0.5621765008857981,0.00015519545746639496,0
neutral_noown,neutral,1200,0,0,0,0,aPaQaQ,llama-8b,meta-llama/llama-3.1-8b-instruct,coreweave/bf16,101,1.0,CoreWeave,A,3.08e-05,0.5621765008857981,0.00015519545746639496,0
neutral_noown,neutral,1200,0,0,1,0,aQaPaQ,llama-8b,meta-llama/llama-3.1-8b-instruct,coreweave/bf16,100,1.0,CoreWeave,A,3.08e-05,0.5926665999540698,7.027157993116928e-05,0
neutral_noown,neutral,1200,0,0,1,0,aQaPaQ,llama-8b,meta-llama/llama-3.1-8b-instruct,coreweave/bf16,101,1.0,CoreWeave,A,3.08e-05,0.5926665999540698,7.027157993116928e-05,0
neutral_noown,neutral,1211,0,0,0,0,rQaQrPaQaP,llama-8b,meta-llama/llama-3.1-8b-instruct,coreweave/bf16,100,1.0,CoreWeave,A,3.344e-05,0.46879062662624377,0.0001241692153222118,0
neutral_noown,neutral,1211,0,0,0,0,rQaQrPaQaP,llama-8b,meta-llama/llama-3.1-8b-instruct,coreweave/bf16,101,1.0,CoreWeave,B,3.344e-05,0.5,0.00011705857510341255,0
neutral_noown,neutral,1211,0,0,1,0,aQaPrPrQaQ,llama-8b,meta-llama/llama-3.1-8b-instruct,coreweave/bf16,100,1.0,CoreWeave,A,3.344e-05,0.5312093733737562,0.00016529046787755464,0
neutral_noown,neutral,1211,0,0,1,0,aQaPrPrQaQ,llama-8b,meta-llama/llama-3.1-8b-instruct,coreweave/bf16,101,1.0,CoreWeave,A,3.344e-05,0.5312093733737563,0.0001828111834152324,0
neutral_noown,neutral,1220,0,0,0,0,aQaPrPrPaQ,llama-8b,meta-llama/llama-3.1-8b-instruct,coreweave/bf16,100,1.0,CoreWeave,B,3.344e-05,0.22270013882530887,7.649281630484062e-05,0
neutral_noown,neutral,1220,0,0,0,0,aQaPrPrPaQ,llama-8b,meta-llama/llama-3.1-8b-instruct,coreweave/bf16,101,1.0,CoreWeave,A,3.344e-05,0.22270013882530887,7.649281630484062e-05,0
neutral_noown,neutral,1220,0,0,1,0,aQaPrPaQrP,llama-8b,meta-llama/llama-3.1-8b-instruct,coreweave/bf16,100,1.0,CoreWeave,B,3.344e-05,0.4073334000459302,0.00013809459891167553,0
neutral_noown,neutral,1220,0,0,1,0,aQaPrPaQrP,llama-8b,meta-llama/llama-3.1-8b-instruct,coreweave/bf16,101,1.0,CoreWeave,B,3.344e-05,0.4073334000459302,0.00013809459891167553,0
neutral_noown,neutral,2102,0,0,0,0,aQaPrQrQaP,llama-8b,meta-llama/llama-3.1-8b-instruct,coreweave/bf16,100,1.0,CoreWeave,A,3.344e-05,0.5621765008857981,0.00013916416785170194,0
neutral_noown,neutral,2102,0,0,0,0,aQaPrQrQaP,llama-8b,meta-llama/llama-3.1-8b-instruct,coreweave/bf16,101,1.0,CoreWeave,B,3.344e-05,0.5621765008857981,0.00013916416785170194,0
neutral_noown,neutral,2102,0,0,1,0,aPrQaPaQrQ,llama-8b,meta-llama/llama-3.1-8b-instruct,coreweave/bf16,100,1.0,CoreWeave,A,3.344e-05,0.5926665999540698,4.875558373823585e-05,0
neutral_noown,neutral,2102,0,0,1,0,aPrQaPaQrQ,llama-8b,meta-llama/llama-3.1-8b-instruct,coreweave/bf16,101,1.0,CoreWeave,B,3.344e-05,0.5926665999540698,4.875558373823585e-05,0
neutral_noown,neutral,2220,0,0,0,0,aPrPaPrPaQaQ,llama-8b,meta-llama/llama-3.1-8b-instruct,coreweave/bf16,100,1.0,CoreWeave,B,3.476e-05,0.22270014398423357,7.842318074480215e-05,0
neutral_noown,neutral,2220,0,0,0,0,aPrPaPrPaQaQ,llama-8b,meta-llama/llama-3.1-8b-instruct,coreweave/bf16,101,1.0,CoreWeave,A,3.476e-05,0.22270014398423357,8.307196762868951e-05,0
neutral_noown,neutral,2220,0,0,1,0,rPaPaQaQrPaP,llama-8b,meta-llama/llama-3.1-8b-instruct,coreweave/bf16,100,1.0,CoreWeave,B,3.476e-05,0.40733340004593027,0.00012665202200723424,0
neutral_noown,neutral,2220,0,0,1,0,rPaPaQaQrPaP,llama-8b,meta-llama/llama-3.1-8b-instruct,coreweave/bf16,101,1.0,CoreWeave,B,3.476e-05,0.40733340004593027,0.00012665202200723424,0
neutral_noown,neutral,3001,0,0,0,0,rQaPaPaP,llama-8b,meta-llama/llama-3.1-8b-instruct,coreweave/bf16,100,1.0,CoreWeave,A,3.212e-05,0.3486451285660856,3.336585711388729e-05,0
neutral_noown,neutral,3001,0,0,0,0,rQaPaPaP,llama-8b,meta-llama/llama-3.1-8b-instruct,coreweave/bf16,101,1.0,CoreWeave,B,3.212e-05,0.3486451285660856,3.336585711388729e-05,0
neutral_noown,neutral,3001,0,0,1,0,aPrQaPaP,llama-8b,meta-llama/llama-3.1-8b-instruct,coreweave/bf16,100,1.0,CoreWeave,A,3.212e-05,0.4687906266262437,2.2312338112340235e-05,0
neutral_noown,neutral,3001,0,0,1,0,aPrQaPaP,llama-8b,meta-llama/llama-3.1-8b-instruct,coreweave/bf16,101,1.0,CoreWeave,B,3.212e-05,0.4378234991142019,2.1096828241695675e-05,0
neutral_noown,neutral,3010,0,0,0,0,aPrPaPaP,llama-8b,meta-llama/llama-3.1-8b-instruct,coreweave/bf16,100,1.0,CoreWeave,B,3.212e-05,0.07585818628900448,2.379829007248535e-05,0
neutral_noown,neutral,3010,0,0,0,0,aPrPaPaP,llama-8b,meta-llama/llama-3.1-8b-instruct,coreweave/bf16,101,1.0,CoreWeave,B,3.212e-05,0.07585818681131791,2.523565169965103e-05,0
neutral_noown,neutral,3010,0,0,1,0,aPrPaPaP,llama-8b,meta-llama/llama-3.1-8b-instruct,coreweave/bf16,100,1.0,CoreWeave,B,3.212e-05,0.1329642384799526,1.987938072112172e-05,0
neutral_noown,neutral,3010,0,0,1,0,aPrPaPaP,llama-8b,meta-llama/llama-3.1-8b-instruct,coreweave/bf16,101,1.0,CoreWeave,B,3.212e-05,0.1329642384799526,1.987938072112172e-05,0
neutral_noown,neutral,4011,0,0,0,0,rPaPaPaPaPrQ,llama-8b,meta-llama/llama-3.1-8b-instruct,coreweave/bf16,100,1.0,CoreWeave,A,3.476e-05,0.32082129433083023,5.443107065405961e-05,0
neutral_noown,neutral,4011,0,0,0,0,rPaPaPaPaPrQ,llama-8b,meta-llama/llama-3.1-8b-instruct,coreweave/bf16,101,1.0,CoreWeave,A,3.476e-05,0.32082129433083023,5.443107065405961e-05,0
neutral_noown,neutral,4011,0,0,1,0,aPaPaPrPrQaP,llama-8b,meta-llama/llama-3.1-8b-instruct,coreweave/bf16,100,1.0,CoreWeave,A,3.476e-05,0.26894141551050293,4.092600358729381e-05,0
neutral_noown,neutral,4011,0,0,1,0,aPaPaPrPrQaP,llama-8b,meta-llama/llama-3.1-8b-instruct,coreweave/bf16,101,1.0,CoreWeave,A,3.476e-05,0.2689414096510109,3.9116149435525216e-05,0
neutral_own,neutral,0001,-1,0,0,0,rQ,llama-8b,meta-llama/llama-3.1-8b-instruct,coreweave/bf16,100,1.0,CoreWeave,A,2.948e-05,0.8354835330070839,3.21767538812856e-05,0
neutral_own,neutral,0001,-1,0,0,0,rQ,llama-8b,meta-llama/llama-3.1-8b-instruct,coreweave/bf16,101,1.0,CoreWeave,B,2.948e-05,0.8354835330070839,3.21767538812856e-05,0
neutral_own,neutral,0001,-1,0,1,0,rQ,llama-8b,meta-llama/llama-3.1-8b-instruct,coreweave/bf16,100,1.0,CoreWeave,A,2.948e-05,0.9465966745315055,1.6716875866205905e-05,0
neutral_own,neutral,0001,-1,0,1,0,rQ,llama-8b,meta-llama/llama-3.1-8b-instruct,coreweave/bf16,101,1.0,CoreWeave,A,2.948e-05,0.9465966745315055,1.6716875866205905e-05,0
neutral_own,neutral,0001,1,0,0,0,rQ,llama-8b,meta-llama/llama-3.1-8b-instruct,coreweave/bf16,100,1.0,CoreWeave,A,2.948e-05,0.2689414213699951,3.5345167058498106e-05,0
neutral_own,neutral,0001,1,0,0,0,rQ,llama-8b,meta-llama/llama-3.1-8b-instruct,coreweave/bf16,101,1.0,CoreWeave,B,2.948e-05,0.2689414213699951,3.5345167058498106e-05,0
neutral_own,neutral,0001,1,0,1,0,rQ,llama-8b,meta-llama/llama-3.1-8b-instruct,coreweave/bf16,100,1.0,CoreWeave,B,2.948e-05,0.4073334000459302,2.2053648285669247e-05,0
neutral_own,neutral,0001,1,0,1,0,rQ,llama-8b,meta-llama/llama-3.1-8b-instruct,coreweave/bf16,101,1.0,CoreWeave,B,2.948e-05,0.4073334000459302,2.2053648285669247e-05,0
neutral_own,neutral,0010,-1,0,0,0,rP,llama-8b,meta-llama/llama-3.1-8b-instruct,coreweave/bf16,100,1.0,CoreWeave,A,2.948e-05,0.5,3.0161400046468945e-05,0
neutral_own,neutral,0010,-1,0,0,0,rP,llama-8b,meta-llama/llama-3.1-8b-instruct,coreweave/bf16,101,1.0,CoreWeave,A,2.948e-05,0.5,3.0161400046468945e-05,0
neutral_own,neutral,0010,-1,0,1,0,rP,llama-8b,meta-llama/llama-3.1-8b-instruct,coreweave/bf16,100,1.0,CoreWeave,A,2.948e-05,0.8354835350552604,2.2627822712228962e-05,0
neutral_own,neutral,0010,-1,0,1,0,rP,llama-8b,meta-llama/llama-3.1-8b-instruct,coreweave/bf16,101,1.0,CoreWeave,A,2.948e-05,0.8354835391516132,2.272213051363048e-05,0
neutral_own,neutral,0010,1,0,0,0,rP,llama-8b,meta-llama/llama-3.1-8b-instruct,coreweave/bf16,100,1.0,CoreWeave,B,2.948e-05,0.00857748708480796,1.6463489285745148e-05,0
neutral_own,neutral,0010,1,0,0,0,rP,llama-8b,meta-llama/llama-3.1-8b-instruct,coreweave/bf16,101,1.0,CoreWeave,B,2.948e-05,0.00857748708480796,1.6463489285745148e-05,0
neutral_own,neutral,0010,1,0,1,0,rP,llama-8b,meta-llama/llama-3.1-8b-instruct,coreweave/bf16,100,1.0,CoreWeave,B,2.948e-05,0.05340332396194506,1.0966698782310935e-05,0
neutral_own,neutral,0010,1,0,1,0,rP,llama-8b,meta-llama/llama-3.1-8b-instruct,coreweave/bf16,101,1.0,CoreWeave,B,2.948e-05,0.05340332396194506,1.0966698782310935e-05,0
neutral_own,neutral,0011,-1,0,0,0,rPrQ,llama-8b,meta-llama/llama-3.1-8b-instruct,coreweave/bf16,100,1.0,CoreWeave,A,3.08e-05,0.817574478416099,8.426106332837247e-05,0
neutral_own,neutral,0011,-1,0,0,0,rPrQ,llama-8b,meta-llama/llama-3.1-8b-instruct,coreweave/bf16,101,1.0,CoreWeave,A,3.08e-05,0.8175744673038222,7.693159219743229e-05,0
neutral_own,neutral,0011,-1,0,1,0,rPrQ,llama-8b,meta-llama/llama-3.1-8b-instruct,coreweave/bf16,100,1.0,CoreWeave,B,3.08e-05,0.8670357683915538,3.031785684479149e-05,0
neutral_own,neutral,0011,-1,0,1,0,rPrQ,llama-8b,meta-llama/llama-3.1-8b-instruct,coreweave/bf16,101,1.0,CoreWeave,A,3.08e-05,0.867035771827307,2.6715841199814738e-05,0
neutral_own,neutral,0011,1,0,0,0,rQrP,llama-8b,meta-llama/llama-3.1-8b-instruct,coreweave/bf16,100,1.0,CoreWeave,B,3.08e-05,0.13296424019782924,4.850155141211676e-05,0
neutral_own,neutral,0011,1,0,0,0,rQrP,llama-8b,meta-llama/llama-3.1-8b-instruct,coreweave/bf16,101,1.0,CoreWeave,B,3.08e-05,0.11920291263495983,4.5299760790151744e-05,0
neutral_own,neutral,0011,1,0,1,0,rQrP,llama-8b,meta-llama/llama-3.1-8b-instruct,coreweave/bf16,100,1.0,CoreWeave,B,3.08e-05,0.18242552602881168,2.587609243764888e-05,0
neutral_own,neutral,0011,1,0,1,0,rQrP,llama-8b,meta-llama/llama-3.1-8b-instruct,coreweave/bf16,101,1.0,CoreWeave,A,3.08e-05,0.18242552602881168,2.587609243764888e-05,0
neutral_own,neutral,0020,-1,0,0,0,rPrP,llama-8b,meta-llama/llama-3.1-8b-instruct,coreweave/bf16,100,1.0,CoreWeave,B,3.08e-05,0.34864514210180597,5.796067140462213e-05,0
neutral_own,neutral,0020,-1,0,0,0,rPrP,llama-8b,meta-llama/llama-3.1-8b-instruct,coreweave/bf16,101,1.0,CoreWeave,B,3.08e-05,0.34864514210180597,5.796067140462213e-05,0
neutral_own,neutral,0020,-1,0,1,0,rPrP,llama-8b,meta-llama/llama-3.1-8b-instruct,coreweave/bf16,100,1.0,CoreWeave,A,3.08e-05,0.7310585786300049,3.439152599515882e-05,0
neutral_own,neutral,0020,-1,0,1,0,rPrP,llama-8b,meta-llama/llama-3.1-8b-instruct,coreweave/bf16,101,1.0,CoreWeave,A,3.08e-05,0.7310585786300049,3.439152599515882e-05,0
neutral_own,neutral,0020,1,0,0,0,rPrP,llama-8b,meta-llama/llama-3.1-8b-instruct,coreweave/bf16,100,1.0,CoreWeave,B,3.08e-05,0.010986941719796363,6.295289496371925e-05,0
neutral_own,neutral,0020,1,0,0,0,rPrP,llama-8b,meta-llama/llama-3.1-8b-instruct,coreweave/bf16,101,1.0,CoreWeave,B,3.08e-05,0.010986941719796363,6.295289496371925e-05,0
neutral_own,neutral,0020,1,0,1,0,rPrP,llama-8b,meta-llama/llama-3.1-8b-instruct,coreweave/bf16,100,1.0,CoreWeave,B,3.08e-05,0.03732688386369013,2.8736530937045757e-05,0
neutral_own,neutral,0020,1,0,1,0,rPrP,llama-8b,meta-llama/llama-3.1-8b-instruct,coreweave/bf16,101,1.0,CoreWeave,B,3.08e-05,0.03732688694254029,3.263359206406857e-05,0
neutral_own,neutral,0100,-1,0,0,0,aQ,llama-8b,meta-llama/llama-3.1-8b-instruct,coreweave/bf16,100,1.0,CoreWeave,A,2.948e-05,0.8807970858005139,4.60281081660352e-05,0
neutral_own,neutral,0100,-1,0,0,0,aQ,llama-8b,meta-llama/llama-3.1-8b-instruct,coreweave/bf16,101,1.0,CoreWeave,A,2.948e-05,0.8670357477770337,5.0976052994949894e-05,0
neutral_own,neutral,0100,-1,0,1,0,aQ,llama-8b,meta-llama/llama-3.1-8b-instruct,coreweave/bf16,100,1.0,CoreWeave,A,2.948e-05,0.8670357598021707,2.7521513965622635e-05,0
neutral_own,neutral,0100,-1,0,1,0,aQ,llama-8b,meta-llama/llama-3.1-8b-instruct,coreweave/bf16,101,1.0,CoreWeave,A,2.948e-05,0.8807970826714614,2.5551093053091667e-05,0
neutral_own,neutral,0100,1,0,0,0,aQ,llama-8b,meta-llama/llama-3.1-8b-instruct,coreweave/bf16,100,1.0,CoreWeave,B,2.948e-05,0.3486451285660856,5.434577194241008e-05,0
neutral_own,neutral,0100,1,0,0,0,aQ,llama-8b,meta-llama/llama-3.1-8b-instruct,coreweave/bf16,101,1.0,CoreWeave,A,2.948e-05,0.3486451285660856,5.3868960584679826e-05,0
neutral_own,neutral,0100,1,0,1,0,aQ,llama-8b,meta-llama/llama-3.1-8b-instruct,coreweave/bf16,100,1.0,CoreWeave,A,2.948e-05,0.5,3.183027837033725e-05,0
neutral_own,neutral,0100,1,0,1,0,aQ,llama-8b,meta-llama/llama-3.1-8b-instruct,coreweave/bf16,101,1.0,CoreWeave,B,2.948e-05,0.5,2.9207754039417555e-05,0
neutral_own,neutral,0120,-1,0,0,0,rPaQrP,llama-8b,meta-llama/llama-3.1-8b-instruct,coreweave/bf16,100,1.0,CoreWeave,B,3.212e-05,0.46879062662624377,5.753727676593989e-05,0
neutral_own,neutral,0120,-1,0,0,0,rPaQrP,llama-8b,meta-llama/llama-3.1-8b-instruct,coreweave/bf16,101,1.0,CoreWeave,A,3.212e-05,0.4687906266262437,6.176895409715222e-05,0
neutral_own,neutral,0120,-1,0,1,0,aQrPrP,llama-8b,meta-llama/llama-3.1-8b-instruct,coreweave/bf16,100,1.0,CoreWeave,B,3.212e-05,0.7310585727705126,3.8466280639026795e-05,0
neutral_own,neutral,0120,-1,0,1,0,aQrPrP,llama-8b,meta-llama/llama-3.1-8b-instruct,coreweave/bf16,101,1.0,CoreWeave,A,3.212e-05,0.7310585727705126,3.8466280639026795e-05,0
neutral_own,neutral,0120,-1,0,1,1,rPrPaQ,llama-8b,meta-llama/llama-3.1-8b-instruct,coreweave/bf16,100,1.0,CoreWeave,A,3.212e-05,0.679178699175393,3.9193236043677526e-05,0
neutral_own,neutral,0120,-1,0,1,1,rPrPaQ,llama-8b,meta-llama/llama-3.1-8b-instruct,coreweave/bf16,101,1.0,CoreWeave,A,3.212e-05,0.679178699175393,4.050448597481271e-05,0
neutral_own,neutral,0120,-1,0,1,2,rPaQrP,llama-8b,meta-llama/llama-3.1-8b-instruct,coreweave/bf16,100,1.0,CoreWeave,B,3.212e-05,0.6513548714339145,3.205459782179565e-05,0
neutral_own,neutral,0120,-1,0,1,2,rPaQrP,llama-8b,meta-llama/llama-3.1-8b-instruct,coreweave/bf16,101,1.0,CoreWeave,A,3.212e-05,0.6513548511303338,3.294726949776283e-05,0
neutral_own,neutral,0120,1,0,0,0,rPrPaQ,llama-8b,meta-llama/llama-3.1-8b-instruct,coreweave/bf16,100,1.0,CoreWeave,B,3.212e-05,0.06008665648572012,4.304177108449547e-05,0
neutral_own,neutral,0120,1,0,0,0,rPrPaQ,llama-8b,meta-llama/llama-3.1-8b-instruct,coreweave/bf16,101,1.0,CoreWeave,B,3.212e-05,0.06008665648572012,4.304177108449547e-05,0
neutral_own,neutral,0120,1,0,0,1,rPrPaQ,llama-8b,meta-llama/llama-3.1-8b-instruct,coreweave/bf16,100,1.0,CoreWeave,B,3.212e-05,0.06008665648572012,4.304177108449547e-05,0
neutral_own,neutral,0120,1,0,0,1,rPrPaQ,llama-8b,meta-llama/llama-3.1-8b-instruct,coreweave/bf16,101,1.0,CoreWeave,B,3.212e-05,0.06008665648572012,4.304177108449547e-05,0
neutral_own,neutral,0120,1,0,0,2,rPrPaQ,llama-8b,meta-llama/llama-3.1-8b-instruct,coreweave/bf16,100,1.0,CoreWeave,B,3.212e-05,0.06008665648572012,4.304177108449547e-05,0
neutral_own,neutral,0120,1,0,0,2,rPrPaQ,llama-8b,meta-llama/llama-3.1-8b-instruct,coreweave/bf16,101,1.0,CoreWeave,B,3.212e-05,0.06008665648572012,4.304177108449547e-05,0
neutral_own,neutral,0120,1,0,1,0,rPaQrP,llama-8b,meta-llama/llama-3.1-8b-instruct,coreweave/bf16,100,1.0,CoreWeave,A,3.212e-05,0.24508501864634824,2.931392082949902e-05,0
neutral_own,neutral,0120,1,0,1,0,rPaQrP,llama-8b,meta-llama/llama-3.1-8b-instruct,coreweave/bf16,101,1.0,CoreWeave,A,3.212e-05,0.24508501864634824,2.931392082949902e-05,0
neutral_own,neutral,0200,-1,0,0,0,aQaQ,llama-8b,meta-llama/llama-3.1-8b-instruct,coreweave/bf16,100,1.0,CoreWeave,A,3.08e-05,0.9046505293168444,0.00012789946401205177,0
neutral_own,neutral,0200,-1,0,0,0,aQaQ,llama-8b,meta-llama/llama-3.1-8b-instruct,coreweave/bf16,101,1.0,CoreWeave,A,3.08e-05,0.9046505293168444,0.00012789946401205177,0
neutral_own,neutral,0200,-1,0,1,0,aQaQ,llama-8b,meta-llama/llama-3.1-8b-instruct,coreweave/bf16,100,1.0,CoreWeave,A,3.08e-05,0.9046505286741726,4.089076659538615e-05,0
neutral_own,neutral,0200,-1,0,1,0,aQaQ,llama-8b,meta-llama/llama-3.1-8b-instruct,coreweave/bf16,101,1.0,CoreWeave,A,3.08e-05,0.9149009544128984,4.121523588573872e-05,0
neutral_own,neutral,0200,1,0,0,0,aQaQ,llama-8b,meta-llama/llama-3.1-8b-instruct,coreweave/bf16,100,1.0,CoreWeave,A,3.08e-05,0.5,7.557773808830603e-05,0
neutral_own,neutral,0200,1,0,0,0,aQaQ,llama-8b,meta-llama/llama-3.1-8b-instruct,coreweave/bf16,101,1.0,CoreWeave,A,3.08e-05,0.5,7.557773808830603e-05,0
neutral_own,neutral,0200,1,0,1,0,aQaQ,llama-8b,meta-llama/llama-3.1-8b-instruct,coreweave/bf16,100,1.0,CoreWeave,A,3.08e-05,0.5,3.707530639834866e-05,0
neutral_own,neutral,0200,1,0,1,0,aQaQ,llama-8b,meta-llama/llama-3.1-8b-instruct,coreweave/bf16,101,1.0,CoreWeave,B,3.08e-05,0.5,3.7909740139063786e-05,0
neutral_own,neutral,0201,-1,0,0,0,aQaQrQ,llama-8b,meta-llama/llama-3.1-8b-instruct,coreweave/bf16,100,1.0,CoreWeave,A,3.212e-05,0.8670357563664174,8.404940326675603e-05,0
neutral_own,neutral,0201,-1,0,0,0,aQaQrQ,llama-8b,meta-llama/llama-3.1-8b-instruct,coreweave/bf16,101,1.0,CoreWeave,A,3.212e-05,0.8670357563664174,8.404940326675603e-05,0
neutral_own,neutral,0201,-1,0,1,0,aQrQaQ,llama-8b,meta-llama/llama-3.1-8b-instruct,coreweave/bf16,100,1.0,CoreWeave,A,3.212e-05,0.9465966666221205,4.356705397301486e-05,0
neutral_own,neutral,0201,-1,0,1,0,aQrQaQ,llama-8b,meta-llama/llama-3.1-8b-instruct,coreweave/bf16,101,1.0,CoreWeave,A,3.212e-05,0.9525741296834681,4.4493619329240286e-05,0
neutral_own,neutral,0201,-1,0,1,1,aQaQrQ,llama-8b,meta-llama/llama-3.1-8b-instruct,coreweave/bf16,100,1.0,CoreWeave,A,3.212e-05,0.9626731156008578,3.447274048614529e-05,0
neutral_own,neutral,0201,-1,0,1,1,aQaQrQ,llama-8b,meta-llama/llama-3.1-8b-instruct,coreweave/bf16,101,1.0,CoreWeave,A,3.212e-05,0.9626731125220075,3.836977925817525e-05,0
neutral_own,neutral,0201,-1,0,1,2,aQaQrQ,llama-8b,meta-llama/llama-3.1-8b-instruct,coreweave/bf16,100,1.0,CoreWeave,A,3.212e-05,0.9626731156008578,3.447274048614529e-05,0
neutral_own,neutral,0201,-1,0,1,2,aQaQrQ,llama-8b,meta-llama/llama-3.1-8b-instruct,coreweave/bf16,101,1.0,CoreWeave,A,3.212e-05,0.9626731098447463,3.343489101347019e-05,0
neutral_own,neutral,0201,1,0,0,0,aQaQrQ,llama-8b,meta-llama/llama-3.1-8b-instruct,coreweave/bf16,100,1.0,CoreWeave,B,3.212e-05,0.5,5.447906594074903e-05,0
neutral_own,neutral,0201,1,0,0,0,aQaQrQ,llama-8b,meta-llama/llama-3.1-8b-instruct,coreweave/bf16,101,1.0,CoreWeave,A,3.212e-05,0.5,5.447906594074903e-05,0
neutral_own,neutral,0201,1,0,1,0,rQaQaQ,llama-8b,meta-llama/llama-3.1-8b-instruct,coreweave/bf16,100,1.0,CoreWeave,B,3.212e-05,0.34864514210180597,4.413309970741075e-05,0
neutral_own,neutral,0201,1,0,1,0,rQaQaQ,llama-8b,meta-llama/llama-3.1-8b-instruct,coreweave/bf16,101,1.0,CoreWeave,B,3.212e-05,0.34864514210180597,4.329867116004138e-05,0
neutral_own,neutral,0201,1,0,1,1,aQaQrQ,llama-8b,meta-llama/llama-3.1-8b-instruct,coreweave/bf16,100,1.0,CoreWeave,A,3.212e-05,0.46879062662624377,3.7987887054113934e-05,0
neutral_own,neutral,0201,1,0,1,1,aQaQrQ,llama-8b,meta-llama/llama-3.1-8b-instruct,coreweave/bf16,101,1.0,CoreWeave,B,3.212e-05,0.4687906266262437,3.4590545593293776e-05,0
neutral_own,neutral,0201,1,0,1,2,rQaQaQ,llama-8b,meta-llama/llama-3.1-8b-instruct,coreweave/bf16,100,1.0,CoreWeave,B,3.212e-05,0.34864514210180597,4.413309970741075e-05,0
neutral_own,neutral,0201,1,0,1,2,rQaQaQ,llama-8b,meta-llama/llama-3.1-8b-instruct,coreweave/bf16,101,1.0,CoreWeave,B,3.212e-05,0.34864514210180597,4.329867116004138e-05,0
neutral_own,neutral,0202,-1,0,0,0,aQrQrQaQ,llama-8b,meta-llama/llama-3.1-8b-instruct,coreweave/bf16,100,1.0,CoreWeave,A,3.344e-05,0.8807970748488297,0.00017199125935979387,0
neutral_own,neutral,0202,-1,0,0,0,aQrQrQaQ,llama-8b,meta-llama/llama-3.1-8b-instruct,coreweave/bf16,101,1.0,CoreWeave,A,3.344e-05,0.8807970748488297,0.00017199125935979387,0
neutral_own,neutral,0202,-1,0,0,1,rQaQaQrQ,llama-8b,meta-llama/llama-3.1-8b-instruct,coreweave/bf16,100,1.0,CoreWeave,A,3.344e-05,0.6513548714339145,0.00012574570651413541,0
neutral_own,neutral,0202,-1,0,0,1,rQaQaQrQ,llama-8b,meta-llama/llama-3.1-8b-instruct,coreweave/bf16,101,1.0,CoreWeave,A,3.344e-05,0.6513548646660543,0.00012552672733789905,0
neutral_own,neutral,0202,-1,0,0,2,aQaQrQrQ,llama-8b,meta-llama/llama-3.1-8b-instruct,coreweave/bf16,100,1.0,CoreWeave,A,3.344e-05,0.8670357512127872,0.00012342314342314586,0
neutral_own,neutral,0202,-1,0,0,2,aQaQrQrQ,llama-8b,meta-llama/llama-3.1-8b-instruct,coreweave/bf16,101,1.0,CoreWeave,A,3.344e-05,0.8670357512127872,0.00012342314342314586,0
neutral_own,neutral,0202,-1,0,1,0,aQaQrQrQ,llama-8b,meta-llama/llama-3.1-8b-instruct,coreweave/bf16,100,1.0,CoreWeave,A,3.344e-05,0.9465966756614176,4.458983710877579e-05,0
neutral_own,neutral,0202,-1,0,1,0,aQaQrQrQ,llama-8b,meta-llama/llama-3.1-8b-instruct,coreweave/bf16,101,1.0,CoreWeave,A,3.344e-05,0.9465966668104392,4.785486604040601e-05,0
neutral_own,neutral,0202,1,0,0,0,aQrQaQrQ,llama-8b,meta-llama/llama-3.1-8b-instruct,coreweave/bf16,100,1.0,CoreWeave,A,3.344e-05,0.4378234991142019,0.0001042400968680468,0
neutral_own,neutral,0202,1,0,0,0,aQrQaQrQ,llama-8b,meta-llama/llama-3.1-8b-instruct,coreweave/bf16,101,1.0,CoreWeave,A,3.344e-05,0.4378234991142019,0.00010394210466579956,0
neutral_own,neutral,0202,1,0,1,0,rQaQaQrQ,llama-8b,meta-llama/llama-3.1-8b-instruct,coreweave/bf16,100,1.0,CoreWeave,B,3.344e-05,0.3775406687981454,4.243973924833444e-05,0
neutral_own,neutral,0202,1,0,1,0,rQaQaQrQ,llama-8b,meta-llama/llama-3.1-8b-instruct,coreweave/bf16,101,1.0,CoreWeave,A,3.344e-05,0.3775406687981454,4.243973924833444e-05,0
neutral_own,neutral,0202,1,0,1,1,rQrQaQaQ,llama-8b,meta-llama/llama-3.1-8b-instruct,coreweave/bf16,100,1.0,CoreWeave,B,3.344e-05,0.4073334000459302,3.743118925858546e-05,0
neutral_own,neutral,0202,1,0,1,1,rQrQaQaQ,llama-8b,meta-llama/llama-3.1-8b-instruct,coreweave/bf16,101,1.0,CoreWeave,B,3.344e-05,0.40733340004593027,3.6477550184543794e-05,0
neutral_own,neutral,0202,1,0,1,2,rQaQrQaQ,llama-8b,meta-llama/llama-3.1-8b-instruct,coreweave/bf16,100,1.0,CoreWeave,B,3.344e-05,0.3775406687981454,5.084360217311179e-05,0
neutral_own,neutral,0202,1,0,1,2,rQaQrQaQ,llama-8b,meta-llama/llama-3.1-8b-instruct,coreweave/bf16,101,1.0,CoreWeave,A,3.344e-05,0.3775406687981454,5.173762598742471e-05,0
neutral_own,neutral,0212,-1,0,0,0,aQaQrQrQrP,llama-8b,meta-llama/llama-3.1-8b-instruct,coreweave/bf16,100,1.0,CoreWeave,A,3.476e-05,0.7310585669110203,0.0001064324384386639,0
neutral_own,neutral,0212,-1,0,0,0,aQaQrQrQrP,llama-8b,meta-llama/llama-3.1-8b-instruct,coreweave/bf16,101,1.0,CoreWeave,A,3.476e-05,0.7310585669110203,0.0001064324384386639,0
neutral_own,neutral,0212,-1,0,1,0,aQrPaQrQrQ,llama-8b,meta-llama/llama-3.1-8b-instruct,coreweave/bf16,100,1.0,CoreWeave,A,3.476e-05,0.8354835350552603,5.469388184953239e-05,0
neutral_own,neutral,0212,-1,0,1,0,aQrPaQrQrQ,llama-8b,meta-llama/llama-3.1-8b-instruct,coreweave/bf16,101,1.0,CoreWeave,A,3.476e-05,0.8519528057272543,5.032852045255831e-05,0
neutral_own,neutral,0212,-1,0,1,1,rPrQaQrQaQ,llama-8b,meta-llama/llama-3.1-8b-instruct,coreweave/bf16,100,1.0,CoreWeave,A,3.476e-05,0.7549149923816048,4.488476363120886e-05,0
neutral_own,neutral,0212,-1,0,1,1,rPrQaQrQaQ,llama-8b,meta-llama/llama-3.1-8b-instruct,coreweave/bf16,101,1.0,CoreWeave,A,3.476e-05,0.7549149813536518,4.099602050708362e-05,0
neutral_own,neutral,0212,-1,0,1,2,rQrPaQaQrQ,llama-8b,meta-llama/llama-3.1-8b-instruct,coreweave/bf16,100,1.0,CoreWeave,A,3.476e-05,0.8519527944504227,4.563654453018651e-05,0
neutral_own,neutral,0212,-1,0,1,2,rQrPaQaQrQ,llama-8b,meta-llama/llama-3.1-8b-instruct,coreweave/bf16,101,1.0,CoreWeave,B,3.476e-05,0.8354835371034368,4.502596178693197e-05,0
neutral_own,neutral,0212,1,0,0,0,aQrQrQrPaQ,llama-8b,meta-llama/llama-3.1-8b-instruct,coreweave/bf16,100,1.0,CoreWeave,B,3.476e-05,0.4378234991142019,8.665840497923405e-05,0
neutral_own,neutral,0212,1,0,0,0,aQrQrQrPaQ,llama-8b,meta-llama/llama-3.1-8b-instruct,coreweave/bf16,101,1.0,CoreWeave,B,3.476e-05,0.4378234991142019,8.665840497923405e-05,0
neutral_own,neutral,0212,1,0,0,1,rPrQrQaQaQ,llama-8b,meta-llama/llama-3.1-8b-instruct,coreweave/bf16,100,1.0,CoreWeave,A,3.476e-05,0.32082129433083023,8.423132680879242e-05,0
neutral_own,neutral,0212,1,0,0,1,rPrQrQaQaQ,llama-8b,meta-llama/llama-3.1-8b-instruct,coreweave/bf16,101,1.0,CoreWeave,A,3.476e-05,0.32082129433083023,8.423132680879242e-05,0
neutral_own,neutral,0212,1,0,0,2,rQaQrQaQrP,llama-8b,meta-llama/llama-3.1-8b-instruct,coreweave/bf16,100,1.0,CoreWeave,A,3.476e-05,0.37754067580180184,6.224599527626662e-05,0
neutral_own,neutral,0212,1,0,0,2,rQaQrQaQrP,llama-8b,meta-llama/llama-3.1-8b-instruct,coreweave/bf16,101,1.0,CoreWeave,B,3.476e-05,0.37754067580180184,6.224599527626662e-05,0
neutral_own,neutral,0212,1,0,1,0,aQrPaQrQrQ,llama-8b,meta-llama/llama-3.1-8b-instruct,coreweave/bf16,100,1.0,CoreWeave,B,3.476e-05,0.4378234991142019,4.4461083111735356e-05,0
neutral_own,neutral,0212,1,0,1,0,aQrPaQrQrQ,llama-8b,meta-llama/llama-3.1-8b-instruct,coreweave/bf16,101,1.0,CoreWeave,B,3.476e-05,0.4378234991142019,4.469949106189475e-05,0
neutral_own,neutral,0220,-1,0,0,0,rPaQaQrP,llama-8b,meta-llama/llama-3.1-8b-instruct,coreweave/bf16,100,1.0,CoreWeave,A,3.344e-05,0.5312093733737563,8.495345994558035e-05,0
neutral_own,neutral,0220,-1,0,0,0,rPaQaQrP,llama-8b,meta-llama/llama-3.1-8b-instruct,coreweave/bf16,101,1.0,CoreWeave,A,3.344e-05,0.5,8.129933515782506e-05,0
neutral_own,neutral,0220,-1,0,1,0,aQrPaQrP,llama-8b,meta-llama/llama-3.1-8b-instruct,coreweave/bf16,100,1.0,CoreWeave,A,3.344e-05,0.7549149923816048,6.431481689272989e-05,0
neutral_own,neutral,0220,-1,0,1,0,aQrPaQrP,llama-8b,meta-llama/llama-3.1-8b-instruct,coreweave/bf16,101,1.0,CoreWeave,B,3.344e-05,0.7549149923816048,6.431481689272989e-05,0
neutral_own,neutral,0220,-1,0,1,1,aQrPrPaQ,llama-8b,meta-llama/llama-3.1-8b-instruct,coreweave/bf16,100,1.0,CoreWeave,A,3.344e-05,0.7057850216484838,5.998153445629928e-05,0
neutral_own,neutral,0220,-1,0,1,1,aQrPrPaQ,llama-8b,meta-llama/llama-3.1-8b-instruct,coreweave/bf16,101,1.0,CoreWeave,A,3.344e-05,0.7057850216484838,5.998153445629928e-05,0
neutral_own,neutral,0220,-1,0,1,2,rPrPaQaQ,llama-8b,meta-llama/llama-3.1-8b-instruct,coreweave/bf16,100,1.0,CoreWeave,A,3.344e-05,0.6791787056691698,4.8590116352498214e-05,0
neutral_own,neutral,0220,-1,0,1,2,rPrPaQaQ,llama-8b,meta-llama/llama-3.1-8b-instruct,coreweave/bf16,101,1.0,CoreWeave,A,3.344e-05,0.6791787056691698,4.8590116352498214e-05,0
neutral_own,neutral,0220,1,0,0,0,aQaQrPrP,llama-8b,meta-llama/llama-3.1-8b-instruct,coreweave/bf16,100,1.0,CoreWeave,A,3.344e-05,0.1824255304737224,6.631054336392328e-05,0
neutral_own,neutral,0220,1,0,0,0,aQaQrPrP,llama-8b,meta-llama/llama-3.1-8b-instruct,coreweave/bf16,101,1.0,CoreWeave,B,3.344e-05,0.1824255326961778,7.001796141825611e-05,0
neutral_own,neutral,0220,1,0,0,1,aQrPrPaQ,llama-8b,meta-llama/llama-3.1-8b-instruct,coreweave/bf16,100,1.0,CoreWeave,B,3.344e-05,0.18242552158390105,7.520187968224068e-05,0
neutral_own,neutral,0220,1,0,0,1,aQrPrPaQ,llama-8b,meta-llama/llama-3.1-8b-instruct,coreweave/bf16,101,1.0,CoreWeave,B,3.344e-05,0.18242552158390105,7.675148270380738e-05,0
neutral_own,neutral,0220,1,0,0,2,aQaQrPrP,llama-8b,meta-llama/llama-3.1-8b-instruct,coreweave/bf16,100,1.0,CoreWeave,A,3.344e-05,0.1824255304737224,6.631054336392328e-05,0
neutral_own,neutral,0220,1,0,0,2,aQaQrPrP,llama-8b,meta-llama/llama-3.1-8b-instruct,coreweave/bf16,101,1.0,CoreWeave,B,3.344e-05,0.1824255326961778,7.001796141825611e-05,0
neutral_own,neutral,0220,1,0,1,0,aQrPaQrP,llama-8b,meta-llama/llama-3.1-8b-instruct,coreweave/bf16,100,1.0,CoreWeave,B,3.344e-05,0.3486451488696663,4.9635880907006324e-05,0
neutral_own,neutral,0220,1,0,1,0,aQrPaQrP,llama-8b,meta-llama/llama-3.1-8b-instruct,coreweave/bf16,101,1.0,CoreWeave,A,3.344e-05,0.3208212943308302,4.358355693856453e-05,0
neutral_own,neutral,0231,-1,0,0,0,rPrPrPrQaQaQ,llama-8b,meta-llama/llama-3.1-8b-instruct,coreweave/bf16,100,1.0,CoreWeave,A,3.608e-05,0.46879062662624377,6.600061352035613e-05,0
neutral_own,neutral,0231,-1,0,0,0,rPrPrPrQaQaQ,llama-8b,meta-llama/llama-3.1-8b-instruct,coreweave/bf16,101,1.0,CoreWeave,A,3.608e-05,0.46879062662624377,6.600061352035613e-05,0
neutral_own,neutral,0231,-1,0,0,1,rQrPaQrPaQrP,llama-8b,meta-llama/llama-3.1-8b-instruct,coreweave/bf16,100,1.0,CoreWeave,B,3.608e-05,0.5312093733737563,0.00014425328474088062,0
neutral_own,neutral,0231,-1,0,0,1,rQrPaQrPaQrP,llama-8b,meta-llama/llama-3.1-8b-instruct,coreweave/bf16,101,1.0,CoreWeave,B,3.608e-05,0.5312093733737563,0.00014425328474088062,0
neutral_own,neutral,0231,-1,0,0,2,aQrPaQrQrPrP,llama-8b,meta-llama/llama-3.1-8b-instruct,coreweave/bf16,100,1.0,CoreWeave,A,3.608e-05,0.5926665999540698,0.0001093091167453375,0
neutral_own,neutral,0231,-1,0,0,2,aQrPaQrQrPrP,llama-8b,meta-llama/llama-3.1-8b-instruct,coreweave/bf16,101,1.0,CoreWeave,A,3.608e-05,0.5926665999540698,0.00011574569400818469,0
neutral_own,neutral,0231,-1,0,1,0,rPaQrPrPaQrQ,llama-8b,meta-llama/llama-3.1-8b-instruct,coreweave/bf16,100,1.0,CoreWeave,A,3.608e-05,0.679178699175393,5.7073768781723544e-05,0
neutral_own,neutral,0231,-1,0,1,0,rPaQrPrPaQrQ,llama-8b,meta-llama/llama-3.1-8b-instruct,coreweave/bf16,101,1.0,CoreWeave,A,3.608e-05,0.679178699175393,5.612014844036395e-05,0
neutral_own,neutral,0231,1,0,0,0,rPaQaQrPrQrP,llama-8b,meta-llama/llama-3.1-8b-instruct,coreweave/bf16,100,1.0,CoreWeave,B,3.608e-05,0.3208212943308302,7.815214666095915e-05,0
neutral_own,neutral,0231,1,0,0,0,rPaQaQrPrQrP,llama-8b,meta-llama/llama-3.1-8b-instruct,coreweave/bf16,101,1.0,CoreWeave,B,3.608e-05,0.3208212943308302,7.815214666095915e-05,0
neutral_own,neutral,0231,1,0,1,0,aQrPrPrQaQrP,llama-8b,meta-llama/llama-3.1-8b-instruct,coreweave/bf16,100,1.0,CoreWeave,A,3.608e-05,0.32082129433083023,6.253682825885232e-05,0
neutral_own,neutral,0231,1,0,1,0,aQrPrPrQaQrP,llama-8b,meta-llama/llama-3.1-8b-instruct,coreweave/bf16,101,1.0,CoreWeave,A,3.608e-05,0.32082129433083023,6.253682825885232e-05,0
neutral_own,neutral,0231,1,0,1,1,aQrQrPrPaQrP,llama-8b,meta-llama/llama-3.1-8b-instruct,coreweave/bf16,100,1.0,CoreWeave,B,3.608e-05,0.3775406687981454,6.121422927651832e-05,0
neutral_own,neutral,0231,1,0,1,1,aQrQrPrPaQrP,llama-8b,meta-llama/llama-3.1-8b-instruct,coreweave/bf16,101,1.0,CoreWeave,B,3.608e-05,0.3775406617944891,6.590414737361883e-05,0
neutral_own,neutral,0231,1,0,1,2,aQrQrPrPaQrP,llama-8b,meta-llama/llama-3.1-8b-instruct,coreweave/bf16,100,1.0,CoreWeave,B,3.608e-05,0.34864514210180597,6.511278863263747e-05,0
neutral_own,neutral,0231,1,0,1,2,aQrQrPrPaQrP,llama-8b,meta-llama/llama-3.1-8b-instruct,coreweave/bf16,101,1.0,CoreWeave,B,3.608e-05,0.3775406617944891,6.590414737361883e-05,0
neutral_own,neutral,0501,-1,0,0,0,aQaQaQrQaQaQ,llama-8b,meta-llama/llama-3.1-8b-instruct,coreweave/bf16,100,1.0,CoreWeave,B,3.608e-05,0.7310585844894971,0.0001339011213731811,0
neutral_own,neutral,0501,-1,0,0,0,aQaQaQrQaQaQ,llama-8b,meta-llama/llama-3.1-8b-instruct,coreweave/bf16,101,1.0,CoreWeave,A,3.608e-05,0.7310585844894971,0.0001339011213731811,0
neutral_own,neutral,0501,-1,0,0,1,aQaQaQaQrQaQ,llama-8b,meta-llama/llama-3.1-8b-instruct,coreweave/bf16,100,1.0,CoreWeave,B,3.608e-05,0.7981867801399695,0.00010519996620414473,0
neutral_own,neutral,0501,-1,0,0,1,aQaQaQaQrQaQ,llama-8b,meta-llama/llama-3.1-8b-instruct,coreweave/bf16,101,1.0,CoreWeave,A,3.608e-05,0.7981867705385763,0.00011061137588835868,0
neutral_own,neutral,0501,-1,0,0,2,rQaQaQaQaQaQ,llama-8b,meta-llama/llama-3.1-8b-instruct,coreweave/bf16,100,1.0,CoreWeave,A,3.608e-05,0.6224593241981982,0.00010313140054596381,0
neutral_own,neutral,0501,-1,0,0,2,rQaQaQaQaQaQ,llama-8b,meta-llama/llama-3.1-8b-instruct,coreweave/bf16,101,1.0,CoreWeave,B,3.608e-05,0.6224593312018546,0.00010186128246791881,0
neutral_own,neutral,0501,-1,0,1,0,aQaQaQaQaQrQ,llama-8b,meta-llama/llama-3.1-8b-instruct,coreweave/bf16,100,1.0,CoreWeave,A,3.608e-05,0.9149009636941993,7.066842724119671e-05,0
neutral_own,neutral,0501,-1,0,1,0,aQaQaQaQaQrQ,llama-8b,meta-llama/llama-3.1-8b-instruct,coreweave/bf16,101,1.0,CoreWeave,A,3.608e-05,0.9149009636941993,7.066842724119671e-05,0
neutral_own,neutral,0501,1,0,0,0,aQaQaQaQaQrQ,llama-8b,meta-llama/llama-3.1-8b-instruct,coreweave/bf16,100,1.0,CoreWeave,B,3.608e-05,0.4378234991142019,6.877840126051638e-05,0
neutral_own,neutral,0501,1,0,0,0,aQaQaQaQaQrQ,llama-8b,meta-llama/llama-3.1-8b-instruct,coreweave/bf16,101,1.0,CoreWeave,A,3.608e-05,0.46879062662624377,6.391458646526349e-05,0
neutral_own,neutral,0501,1,0,0,1,aQaQaQaQaQrQ,llama-8b,meta-llama/llama-3.1-8b-instruct,coreweave/bf16,100,1.0,CoreWeave,B,3.608e-05,0.4378234991142019,6.877840126051638e-05,0
neutral_own,neutral,0501,1,0,0,1,aQaQaQaQaQrQ,llama-8b,meta-llama/llama-3.1-8b-instruct,coreweave/bf16,101,1.0,CoreWeave,A,3.608e-05,0.46879062662624377,6.391458646526349e-05,0
neutral_own,neutral,0501,1,0,0,2,aQaQaQaQrQaQ,llama-8b,meta-llama/llama-3.1-8b-instruct,coreweave/bf16,100,1.0,CoreWeave,B,3.608e-05,0.43782349911420193,5.423576246599282e-05,0
neutral_own,neutral,0501,1,0,0,2,aQaQaQaQrQaQ,llama-8b,meta-llama/llama-3.1-8b-instruct,coreweave/bf16,101,1.0,CoreWeave,B,3.608e-05,0.4378234991142019,5.852705492692678e-05,0
neutral_own,neutral,0501,1,0,1,0,aQaQrQaQaQaQ,llama-8b,meta-llama/llama-3.1-8b-instruct,coreweave/bf16,100,1.0,CoreWeave,A,3.608e-05,0.46879062662624377,5.229235606540872e-05,0
neutral_own,neutral,0501,1,0,1,0,aQaQrQaQaQaQ,llama-8b,meta-llama/llama-3.1-8b-instruct,coreweave/bf16,101,1.0,CoreWeave,B,3.608e-05,0.4687906266262437,5.1040723195949766e-05,0
neutral_own,neutral,1000,-1,0,0,0,aP,llama-8b,meta-llama/llama-3.1-8b-instruct,coreweave/bf16,100,1.0,CoreWeave,A,2.948e-05,0.6224593312018546,3.3082163383046925e-05,0
neutral_own,neutral,1000,-1,0,0,0,aP,llama-8b,meta-llama/llama-3.1-8b-instruct,coreweave/bf16,101,1.0,CoreWeave,A,2.948e-05,0.6224593312018546,3.3082163383046925e-05,0
neutral_own,neutral,1000,-1,0,1,0,aP,llama-8b,meta-llama/llama-3.1-8b-instruct,coreweave/bf16,100,1.0,CoreWeave,A,2.948e-05,0.8670357666736772,2.1747930942700444e-05,0
neutral_own,neutral,1000,-1,0,1,0,aP,llama-8b,meta-llama/llama-3.1-8b-instruct,coreweave/bf16,101,1.0,CoreWeave,A,2.948e-05,0.8670357512127872,2.1625793568819107e-05,0
neutral_own,neutral,1000,1,0,0,0,aP,llama-8b,meta-llama/llama-3.1-8b-instruct,coreweave/bf16,100,1.0,CoreWeave,B,2.948e-05,0.0850990490675896,4.8408370166730386e-05,0
neutral_own,neutral,1000,1,0,0,0,aP,llama-8b,meta-llama/llama-3.1-8b-instruct,coreweave/bf16,101,1.0,CoreWeave,B,2.948e-05,0.08509903630580076,4.253662733022523e-05,0
neutral_own,neutral,1000,1,0,1,0,aP,llama-8b,meta-llama/llama-3.1-8b-instruct,coreweave/bf16,100,1.0,CoreWeave,B,2.948e-05,0.2018132270610754,2.823158226972211e-05,0
neutral_own,neutral,1000,1,0,1,0,aP,llama-8b,meta-llama/llama-3.1-8b-instruct,coreweave/bf16,101,1.0,CoreWeave,B,2.948e-05,0.22270012850745968,2.757322248292393e-05,0
neutral_own,neutral,1010,-1,0,0,0,rPaP,llama-8b,meta-llama/llama-3.1-8b-instruct,coreweave/bf16,100,1.0,CoreWeave,A,3.08e-05,0.5312093733737562,5.0027495439863845e-05,0
neutral_own,neutral,1010,-1,0,0,0,rPaP,llama-8b,meta-llama/llama-3.1-8b-instruct,coreweave/bf16,101,1.0,CoreWeave,B,3.08e-05,0.5621765008857981,5.2507320021988324e-05,0
neutral_own,neutral,1010,-1,0,1,0,rPaP,llama-8b,meta-llama/llama-3.1-8b-instruct,coreweave/bf16,100,1.0,CoreWeave,A,3.08e-05,0.817574471748733,3.1729361839649695e-05,0
neutral_own,neutral,1010,-1,0,1,0,rPaP,llama-8b,meta-llama/llama-3.1-8b-instruct,coreweave/bf16,101,1.0,CoreWeave,A,3.08e-05,0.8175744739711883,3.231320678234728e-05,0
neutral_own,neutral,1010,1,0,0,0,aPrP,llama-8b,meta-llama/llama-3.1-8b-instruct,coreweave/bf16,100,1.0,CoreWeave,B,3.08e-05,0.014063625028728518,2.3735511751721283e-05,0
neutral_own,neutral,1010,1,0,0,0,aPrP,llama-8b,meta-llama/llama-3.1-8b-instruct,coreweave/bf16,101,1.0,CoreWeave,B,3.08e-05,0.014063625028728518,2.3735511751721283e-05,0
neutral_own,neutral,1010,1,0,1,0,aPrP,llama-8b,meta-llama/llama-3.1-8b-instruct,coreweave/bf16,100,1.0,CoreWeave,B,3.08e-05,0.03308597803117354,1.8515571422184074e-05,0
neutral_own,neutral,1010,1,0,1,0,aPrP,llama-8b,meta-llama/llama-3.1-8b-instruct,coreweave/bf16,101,1.0,CoreWeave,B,3.08e-05,0.03308597803117354,1.8515571422184074e-05,0
neutral_own,neutral,1011,-1,0,0,0,rQaPrP,llama-8b,meta-llama/llama-3.1-8b-instruct,coreweave/bf16,100,1.0,CoreWeave,B,3.212e-05,0.5312093733737562,7.005345364358151e-05,0
neutral_own,neutral,1011,-1,0,0,0,rQaPrP,llama-8b,meta-llama/llama-3.1-8b-instruct,coreweave/bf16,101,1.0,CoreWeave,A,3.212e-05,0.5312093733737563,7.19606668411199e-05,0
neutral_own,neutral,1011,-1,0,0,1,rPrQaP,llama-8b,meta-llama/llama-3.1-8b-instruct,coreweave/bf16,100,1.0,CoreWeave,A,3.212e-05,0.7310585786300049,5.060330038597627e-05,0
neutral_own,neutral,1011,-1,0,0,1,rPrQaP,llama-8b,meta-llama/llama-3.1-8b-instruct,coreweave/bf16,101,1.0,CoreWeave,A,3.212e-05,0.7310585786300049,5.060330038597627e-05,0
neutral_own,neutral,1011,-1,0,0,2,rQaPrP,llama-8b,meta-llama/llama-3.1-8b-instruct,coreweave/bf16,100,1.0,CoreWeave,B,3.212e-05,0.5312093733737562,7.005345364358151e-05,0
neutral_own,neutral,1011,-1,0,0,2,rQaPrP,llama-8b,meta-llama/llama-3.1-8b-instruct,coreweave/bf16,101,1.0,CoreWeave,A,3.212e-05,0.5312093733737563,7.19606668411199e-05,0
neutral_own,neutral,1011,-1,0,1,0,aPrPrQ,llama-8b,meta-llama/llama-3.1-8b-instruct,coreweave/bf16,100,1.0,CoreWeave,A,3.212e-05,0.8354835391516133,3.0589733900049376e-05,0
neutral_own,neutral,1011,-1,0,1,0,aPrPrQ,llama-8b,meta-llama/llama-3.1-8b-instruct,coreweave/bf16,101,1.0,CoreWeave,A,3.212e-05,0.8354835391516133,3.0589733900049376e-05,0
neutral_own,neutral,1011,1,0,0,0,rPrQaP,llama-8b,meta-llama/llama-3.1-8b-instruct,coreweave/bf16,100,1.0,CoreWeave,A,3.212e-05,0.1329642316084462,7.15621699305391e-05,0
neutral_own,neutral,1011,1,0,0,0,rPrQaP,llama-8b,meta-llama/llama-3.1-8b-instruct,coreweave/bf16,101,1.0,CoreWeave,A,3.212e-05,0.1329642316084462,7.15621699305391e-05,0
neutral_own,neutral,1011,1,0,1,0,rPrQaP,llama-8b,meta-llama/llama-3.1-8b-instruct,coreweave/bf16,100,1.0,CoreWeave,A,3.212e-05,0.24508501313237172,3.41788490325623e-05,0
neutral_own,neutral,1011,1,0,1,0,rPrQaP,llama-8b,meta-llama/llama-3.1-8b-instruct,coreweave/bf16,101,1.0,CoreWeave,B,3.212e-05,0.2689414213699951,3.367629460082622e-05,0
neutral_own,neutral,1011,1,0,1,1,rPrQaP,llama-8b,meta-llama/llama-3.1-8b-instruct,coreweave/bf16,100,1.0,CoreWeave,A,3.212e-05,0.24508501313237172,3.41788490325623e-05,0
neutral_own,neutral,1011,1,0,1,1,rPrQaP,llama-8b,meta-llama/llama-3.1-8b-instruct,coreweave/bf16,101,1.0,CoreWeave,B,3.212e-05,0.2689414213699951,3.367629460082622e-05,0
neutral_own,neutral,1011,1,0,1,2,rPaPrQ,llama-8b,meta-llama/llama-3.1-8b-instruct,coreweave/bf16,100,1.0,CoreWeave,B,3.212e-05,0.24508501313237172,3.596692566065762e-05,0
neutral_own,neutral,1011,1,0,1,2,rPaPrQ,llama-8b,meta-llama/llama-3.1-8b-instruct,coreweave/bf16,101,1.0,CoreWeave,B,3.212e-05,0.24508500210441886,3.5445110695087045e-05,0
neutral_own,neutral,1113,-1,0,0,0,rPaPrQrQaQrQ,llama-8b,meta-llama/llama-3.1-8b-instruct,coreweave/bf16,100,1.0,CoreWeave,B,3.608e-05,0.5926665999540698,0.00011383856432400918,0
neutral_own,neutral,1113,-1,0,0,0,rPaPrQrQaQrQ,llama-8b,meta-llama/llama-3.1-8b-instruct,coreweave/bf16,101,1.0,CoreWeave,B,3.608e-05,0.5621765008857982,0.00012039114138356899,0
neutral_own,neutral,1113,-1,0,1,0,rPrQaPrQaQrQ,llama-8b,meta-llama/llama-3.1-8b-instruct,coreweave/bf16,100,1.0,CoreWeave,A,3.608e-05,0.7772998663336158,5.251013078344524e-05,0
neutral_own,neutral,1113,-1,0,1,0,rPrQaPrQaQrQ,llama-8b,meta-llama/llama-3.1-8b-instruct,coreweave/bf16,101,1.0,CoreWeave,A,3.608e-05,0.7772998663336158,5.870866912385808e-05,0
neutral_own,neutral,1113,-1,0,1,1,rQrPaPrQaQrQ,llama-8b,meta-llama/llama-3.1-8b-instruct,coreweave/bf16,100,1.0,CoreWeave,A,3.608e-05,0.7549149813536518,6.304859178779543e-05,0
neutral_own,neutral,1113,-1,0,1,1,rQrPaPrQaQrQ,llama-8b,meta-llama/llama-3.1-8b-instruct,coreweave/bf16,101,1.0,CoreWeave,B,3.608e-05,0.7549149813536518,6.233338089051133e-05,0
neutral_own,neutral,1113,-1,0,1,2,rQaPrQaQrQrP,llama-8b,meta-llama/llama-3.1-8b-instruct,coreweave/bf16,100,1.0,CoreWeave,A,3.608e-05,0.7772998560157665,6.137744392509248e-05,0
neutral_own,neutral,1113,-1,0,1,2,rQaPrQaQrQrP,llama-8b,meta-llama/llama-3.1-8b-instruct,coreweave/bf16,101,1.0,CoreWeave,A,3.608e-05,0.7772998560157665,6.137744392509248e-05,0
neutral_own,neutral,1113,1,0,0,0,rPrQaQaPrQrQ,llama-8b,meta-llama/llama-3.1-8b-instruct,coreweave/bf16,100,1.0,CoreWeave,A,3.608e-05,0.4378234991142019,0.00018487352340945673,0
neutral_own,neutral,1113,1,0,0,0,rPrQaQaPrQrQ,llama-8b,meta-llama/llama-3.1-8b-instruct,coreweave/bf16,101,1.0,CoreWeave,B,3.608e-05,0.4378234991142019,0.00018487352340945673,0
neutral_own,neutral,1113,1,0,1,0,rPaQrQrQrQaP,llama-8b,meta-llama/llama-3.1-8b-instruct,coreweave/bf16,100,1.0,CoreWeave,A,3.608e-05,0.4073334000459302,4.2735790008130436e-05,0
neutral_own,neutral,1113,1,0,1,0,rPaQrQrQrQaP,llama-8b,meta-llama/llama-3.1-8b-instruct,coreweave/bf16,101,1.0,CoreWeave,B,3.608e-05,0.4073334000459302,3.659675511857863e-05,0
neutral_own,neutral,1113,1,0,1,1,rQrPrQrQaPaQ,llama-8b,meta-llama/llama-3.1-8b-instruct,coreweave/bf16,100,1.0,CoreWeave,B,3.608e-05,0.3486451285660856,3.82532629633614e-05,0
neutral_own,neutral,1113,1,0,1,1,rQrPrQrQaPaQ,llama-8b,meta-llama/llama-3.1-8b-instruct,coreweave/bf16,101,1.0,CoreWeave,A,3.608e-05,0.3486451285660856,3.82532629633614e-05,0
neutral_own,neutral,1113,1,0,1,2,rQaPaQrQrQrP,llama-8b,meta-llama/llama-3.1-8b-instruct,coreweave/bf16,100,1.0,CoreWeave,B,3.608e-05,0.46879062662624377,6.30205735380196e-05,0
neutral_own,neutral,1113,1,0,1,2,rQaPaQrQrQrP,llama-8b,meta-llama/llama-3.1-8b-instruct,coreweave/bf16,101,1.0,CoreWeave,A,3.608e-05,0.46879062662624377,6.30205735380196e-05,0
neutral_own,neutral,1200,-1,0,0,0,aPaQaQ,llama-8b,meta-llama/llama-3.1-8b-instruct,coreweave/bf16,100,1.0,CoreWeave,B,3.212e-05,0.7310585844894971,6.679302615808513e-05,0
neutral_own,neutral,1200,-1,0,0,0,aPaQaQ,llama-8b,meta-llama/llama-3.1-8b-instruct,coreweave/bf16,101,1.0,CoreWeave,A,3.212e-05,0.7310585844894971,6.679302615808513e-05,0
neutral_own,neutral,1200,-1,0,1,0,aQaPaQ,llama-8b,meta-llama/llama-3.1-8b-instruct,coreweave/bf16,100,1.0,CoreWeave,A,3.212e-05,0.7772998560157665,6.101983794276622e-05,0
neutral_own,neutral,1200,-1,0,1,0,aQaPaQ,llama-8b,meta-llama/llama-3.1-8b-instruct,coreweave/bf16,101,1.0,CoreWeave,A,3.212e-05,0.7772998560157665,6.101983794276622e-05,0
neutral_own,neutral,1200,-1,0,1,1,aQaQaP,llama-8b,meta-llama/llama-3.1-8b-instruct,coreweave/bf16,100,1.0,CoreWeave,A,3.212e-05,0.8354835411997897,5.549095393667103e-05,0
neutral_own,neutral,1200,-1,0,1,1,aQaQaP,llama-8b,meta-llama/llama-3.1-8b-instruct,coreweave/bf16,101,1.0,CoreWeave,A,3.212e-05,0.8175744695262775,5.5105550420792015e-05,0
neutral_own,neutral,1200,-1,0,1,2,aPaQaQ,llama-8b,meta-llama/llama-3.1-8b-instruct,coreweave/bf16,100,1.0,CoreWeave,A,3.212e-05,0.7981867777396212,2.9280647888207945e-05,0
neutral_own,neutral,1200,-1,0,1,2,aPaQaQ,llama-8b,meta-llama/llama-3.1-8b-instruct,coreweave/bf16,101,1.0,CoreWeave,A,3.212e-05,0.7772998714925403,3.2579862057152686e-05,0
neutral_own,neutral,1200,1,0,0,0,aQaPaQ,llama-8b,meta-llama/llama-3.1-8b-instruct,coreweave/bf16,100,1.0,CoreWeave,B,3.212e-05,0.40733340004593027,9.208510898817135e-05,0
neutral_own,neutral,1200,1,0,0,0,aQaPaQ,llama-8b,meta-llama/llama-3.1-8b-instruct,coreweave/bf16,101,1.0,CoreWeave,A,3.212e-05,0.4378234991142019,9.02343673568895e-05,0
neutral_own,neutral,1200,1,0,0,1,aPaQaQ,llama-8b,meta-llama/llama-3.1-8b-instruct,coreweave/bf16,100,1.0,CoreWeave,A,3.212e-05,0.3486451285660856,0.00016007307549681382,0
neutral_own,neutral,1200,1,0,0,1,aPaQaQ,llama-8b,meta-llama/llama-3.1-8b-instruct,coreweave/bf16,101,1.0,CoreWeave,B,3.212e-05,0.3486451285660856,0.00016007307549681382,0
neutral_own,neutral,1200,1,0,0,2,aQaPaQ,llama-8b,meta-llama/llama-3.1-8b-instruct,coreweave/bf16,100,1.0,CoreWeave,B,3.212e-05,0.40733340004593027,9.208510898817135e-05,0
neutral_own,neutral,1200,1,0,0,2,aQaPaQ,llama-8b,meta-llama/llama-3.1-8b-instruct,coreweave/bf16,101,1.0,CoreWeave,A,3.212e-05,0.4378234991142019,9.02343673568895e-05,0
neutral_own,neutral,1200,1,0,1,0,aQaPaQ,llama-8b,meta-llama/llama-3.1-8b-instruct,coreweave/bf16,100,1.0,CoreWeave,B,3.212e-05,0.4378234991142019,5.042126481757947e-05,0
neutral_own,neutral,1200,1,0,1,0,aQaPaQ,llama-8b,meta-llama/llama-3.1-8b-instruct,coreweave/bf16,101,1.0,CoreWeave,B,3.212e-05,0.43782349911420193,5.7215828628831567e-05,0
neutral_own,neutral,1211,-1,0,0,0,rQaPrPaQaQ,llama-8b,meta-llama/llama-3.1-8b-instruct,coreweave/bf16,100,1.0,CoreWeave,A,3.476e-05,0.6513548646660542,0.00011479918048712401,0
neutral_own,neutral,1211,-1,0,0,0,rQaPrPaQaQ,llama-8b,meta-llama/llama-3.1-8b-instruct,coreweave/bf16,101,1.0,CoreWeave,B,3.476e-05,0.6513548782017745,0.00012894453803657946,0
neutral_own,neutral,1211,-1,0,0,1,rPaQaQaPrQ,llama-8b,meta-llama/llama-3.1-8b-instruct,coreweave/bf16,100,1.0,CoreWeave,B,3.476e-05,0.6513548714339144,9.952261676293706e-05,0
neutral_own,neutral,1211,-1,0,0,1,rPaQaQaPrQ,llama-8b,meta-llama/llama-3.1-8b-instruct,coreweave/bf16,101,1.0,CoreWeave,A,3.476e-05,0.6513548646660542,9.942282928820934e-05,0
neutral_own,neutral,1211,-1,0,0,2,aPaQaQrQrP,llama-8b,meta-llama/llama-3.1-8b-instruct,coreweave/bf16,100,1.0,CoreWeave,A,3.476e-05,0.6791786991753929,0.00011643484468476517,0
neutral_own,neutral,1211,-1,0,0,2,aPaQaQrQrP,llama-8b,meta-llama/llama-3.1-8b-instruct,coreweave/bf16,101,1.0,CoreWeave,A,3.476e-05,0.6791786991753929,0.00011643484468476517,0
neutral_own,neutral,1211,-1,0,1,0,aPrQaQrPaQ,llama-8b,meta-llama/llama-3.1-8b-instruct,coreweave/bf16,100,1.0,CoreWeave,A,3.476e-05,0.8175744761936437,4.2552639568288475e-05,0
neutral_own,neutral,1211,-1,0,1,0,aPrQaQrPaQ,llama-8b,meta-llama/llama-3.1-8b-instruct,coreweave/bf16,101,1.0,CoreWeave,A,3.476e-05,0.8175744806385542,3.942896046915667e-05,0
neutral_own,neutral,1211,1,0,0,0,rPrQaPaQaQ,llama-8b,meta-llama/llama-3.1-8b-instruct,coreweave/bf16,100,1.0,CoreWeave,B,3.476e-05,0.320821300824607,0.00020415881760849075,0
neutral_own,neutral,1211,1,0,0,0,rPrQaPaQaQ,llama-8b,meta-llama/llama-3.1-8b-instruct,coreweave/bf16,101,1.0,CoreWeave,B,3.476e-05,0.320821300824607,0.00020415881760849075,0
neutral_own,neutral,1211,1,0,1,0,aQaQaPrQrP,llama-8b,meta-llama/llama-3.1-8b-instruct,coreweave/bf16,100,1.0,CoreWeave,B,3.476e-05,0.4687906266262437,5.717966941021224e-05,0
neutral_own,neutral,1211,1,0,1,0,aQaQaPrQrP,llama-8b,meta-llama/llama-3.1-8b-instruct,coreweave/bf16,101,1.0,CoreWeave,A,3.476e-05,0.4687906266262437,5.717966941021224e-05,0
neutral_own,neutral,1211,1,0,1,1,rQaQaPrPaQ,llama-8b,meta-llama/llama-3.1-8b-instruct,coreweave/bf16,100,1.0,CoreWeave,B,3.476e-05,0.3775406617944891,7.532101625162824e-05,0
neutral_own,neutral,1211,1,0,1,1,rQaQaPrPaQ,llama-8b,meta-llama/llama-3.1-8b-instruct,coreweave/bf16,101,1.0,CoreWeave,A,3.476e-05,0.3775406617944891,7.532101625162824e-05,0
neutral_own,neutral,1211,1,0,1,2,aQrQaQaPrP,llama-8b,meta-llama/llama-3.1-8b-instruct,coreweave/bf16,100,1.0,CoreWeave,B,3.476e-05,0.4378234991142019,6.126870435774201e-05,0
neutral_own,neutral,1211,1,0,1,2,aQrQaQaPrP,llama-8b,meta-llama/llama-3.1-8b-instruct,coreweave/bf16,101,1.0,CoreWeave,B,3.476e-05,0.40733340004593027,5.304689971774579e-05,0
neutral_own,neutral,1220,-1,0,0,0,rPrPaQaQaP,llama-8b,meta-llama/llama-3.1-8b-instruct,coreweave/bf16,100,1.0,CoreWeave,B,3.476e-05,0.5621765008857981,7.634764186015275e-05,0
neutral_own,neutral,1220,-1,0,0,0,rPrPaQaQaP,llama-8b,meta-llama/llama-3.1-8b-instruct,coreweave/bf16,101,1.0,CoreWeave,A,3.476e-05,0.5621765008857981,7.634764186015275e-05,0
neutral_own,neutral,1220,-1,0,1,0,rPrPaQaQaP,llama-8b,meta-llama/llama-3.1-8b-instruct,coreweave/bf16,100,1.0,CoreWeave,B,3.476e-05,0.7057850216484838,4.651160200314086e-05,0
neutral_own,neutral,1220,-1,0,1,0,rPrPaQaQaP,llama-8b,meta-llama/llama-3.1-8b-instruct,coreweave/bf16,101,1.0,CoreWeave,B,3.476e-05,0.7310585727705126,4.394968198917493e-05,0
neutral_own,neutral,1220,-1,0,1,1,aPrPrPaQaQ,llama-8b,meta-llama/llama-3.1-8b-instruct,coreweave/bf16,100,1.0,CoreWeave,B,3.476e-05,0.7549149813536518,5.1247546567878555e-05,0
neutral_own,neutral,1220,-1,0,1,1,aPrPrPaQaQ,llama-8b,meta-llama/llama-3.1-8b-instruct,coreweave/bf16,101,1.0,CoreWeave,A,3.476e-05,0.7772998611746912,4.9910824873017345e-05,0
neutral_own,neutral,1220,-1,0,1,2,rPaPaQaQrP,llama-8b,meta-llama/llama-3.1-8b-instruct,coreweave/bf16,100,1.0,CoreWeave,B,3.476e-05,0.6791787121629466,5.7271693838734095e-05,0
neutral_own,neutral,1220,-1,0,1,2,rPaPaQaQrP,llama-8b,meta-llama/llama-3.1-8b-instruct,coreweave/bf16,101,1.0,CoreWeave,B,3.476e-05,0.679178692681616,5.7809223373450624e-05,0
neutral_own,neutral,1220,1,0,0,0,rPaPaQrPaQ,llama-8b,meta-llama/llama-3.1-8b-instruct,coreweave/bf16,100,1.0,CoreWeave,B,3.476e-05,0.1824255304737224,0.00011017569077265144,0
neutral_own,neutral,1220,1,0,0,0,rPaPaQrPaQ,llama-8b,meta-llama/llama-3.1-8b-instruct,coreweave/bf16,101,1.0,CoreWeave,B,3.476e-05,0.1824255304737224,0.00011017569077265144,0
neutral_own,neutral,1220,1,0,1,0,aQrPrPaPaQ,llama-8b,meta-llama/llama-3.1-8b-instruct,coreweave/bf16,100,1.0,CoreWeave,B,3.476e-05,0.29421497216298875,5.9483693004347415e-05,0
neutral_own,neutral,1220,1,0,1,0,aQrPrPaPaQ,llama-8b,meta-llama/llama-3.1-8b-instruct,coreweave/bf16,101,1.0,CoreWeave,B,3.476e-05,0.2942149783515162,5.998153445629928e-05,0
neutral_own,neutral,1220,1,0,1,1,aPrPrPaQaQ,llama-8b,meta-llama/llama-3.1-8b-instruct,coreweave/bf16,100,1.0,CoreWeave,B,3.476e-05,0.24508500761839525,6.586443678602283e-05,0
neutral_own,neutral,1220,1,0,1,1,aPrPrPaQaQ,llama-8b,meta-llama/llama-3.1-8b-instruct,coreweave/bf16,101,1.0,CoreWeave,A,3.476e-05,0.24508500761839525,6.586443678602283e-05,0
neutral_own,neutral,1220,1,0,1,2,rPrPaPaQaQ,llama-8b,meta-llama/llama-3.1-8b-instruct,coreweave/bf16,100,1.0,CoreWeave,B,3.476e-05,0.24508501313237172,4.4430444982701545e-05,0
neutral_own,neutral,1220,1,0,1,2,rPrPaPaQaQ,llama-8b,meta-llama/llama-3.1-8b-instruct,coreweave/bf16,101,1.0,CoreWeave,B,3.476e-05,0.2689414330889797,4.420987634157214e-05,0
neutral_own,neutral,2102,-1,0,0,0,aPrQaQaPrQ,llama-8b,meta-llama/llama-3.1-8b-instruct,coreweave/bf16,100,1.0,CoreWeave,B,3.476e-05,0.6224593312018546,0.0001193235119832936,0
neutral_own,neutral,2102,-1,0,0,0,aPrQaQaPrQ,llama-8b,meta-llama/llama-3.1-8b-instruct,coreweave/bf16,101,1.0,CoreWeave,B,3.476e-05,0.6513548714339144,0.00012240826055831544,0
neutral_own,neutral,2102,-1,0,1,0,aPaQrQrQaP,llama-8b,meta-llama/llama-3.1-8b-instruct,coreweave/bf16,100,1.0,CoreWeave,A,3.476e-05,0.8354835391516133,3.9053298733660036e-05,0
neutral_own,neutral,2102,-1,0,1,0,aPaQrQrQaP,llama-8b,meta-llama/llama-3.1-8b-instruct,coreweave/bf16,101,1.0,CoreWeave,A,3.476e-05,0.8354835309589074,3.814945800736935e-05,0
neutral_own,neutral,2102,-1,0,1,1,rQaPaPaQrQ,llama-8b,meta-llama/llama-3.1-8b-instruct,coreweave/bf16,100,1.0,CoreWeave,A,3.476e-05,0.7549149978955811,4.90343956713879e-05,0
neutral_own,neutral,2102,-1,0,1,1,rQaPaPaQrQ,llama-8b,meta-llama/llama-3.1-8b-instruct,coreweave/bf16,101,1.0,CoreWeave,A,3.476e-05,0.7549149978955811,4.90343956713879e-05,0
neutral_own,neutral,2102,-1,0,1,2,aPaQrQrQaP,llama-8b,meta-llama/llama-3.1-8b-instruct,coreweave/bf16,100,1.0,CoreWeave,A,3.476e-05,0.8354835391516133,3.9053298733660036e-05,0
neutral_own,neutral,2102,-1,0,1,2,aPaQrQrQaP,llama-8b,meta-llama/llama-3.1-8b-instruct,coreweave/bf16,101,1.0,CoreWeave,A,3.476e-05,0.8354835309589074,3.814945800736935e-05,0
neutral_own,neutral,2102,1,0,0,0,rQrQaQaPaP,llama-8b,meta-llama/llama-3.1-8b-instruct,coreweave/bf16,100,1.0,CoreWeave,B,3.476e-05,0.40733340004593027,5.227208013935947e-05,0
neutral_own,neutral,2102,1,0,0,0,rQrQaQaPaP,llama-8b,meta-llama/llama-3.1-8b-instruct,coreweave/bf16,101,1.0,CoreWeave,A,3.476e-05,0.4073334000459302,5.191447090058254e-05,0
neutral_own,neutral,2102,1,0,0,1,aPrQaPrQaQ,llama-8b,meta-llama/llama-3.1-8b-instruct,coreweave/bf16,100,1.0,CoreWeave,B,3.476e-05,0.32082129433083023,0.00013512811047866613,0
neutral_own,neutral,2102,1,0,0,1,aPrQaPrQaQ,llama-8b,meta-llama/llama-3.1-8b-instruct,coreweave/bf16,101,1.0,CoreWeave,B,3.476e-05,0.32082129433083023,0.00013512811047866613,0
neutral_own,neutral,2102,1,0,0,2,rQaPrQaQaP,llama-8b,meta-llama/llama-3.1-8b-instruct,coreweave/bf16,100,1.0,CoreWeave,B,3.476e-05,0.4378234991142019,9.547908904417035e-05,0
neutral_own,neutral,2102,1,0,0,2,rQaPrQaQaP,llama-8b,meta-llama/llama-3.1-8b-instruct,coreweave/bf16,101,1.0,CoreWeave,A,3.476e-05,0.4378234991142019,9.547908904417035e-05,0
neutral_own,neutral,2102,1,0,1,0,rQaPaPaQrQ,llama-8b,meta-llama/llama-3.1-8b-instruct,coreweave/bf16,100,1.0,CoreWeave,A,3.476e-05,0.46879062662624377,5.4795617104086425e-05,0
neutral_own,neutral,2102,1,0,1,0,rQaPaPaQrQ,llama-8b,meta-llama/llama-3.1-8b-instruct,coreweave/bf16,101,1.0,CoreWeave,B,3.476e-05,0.46879062662624377,5.4259204551931894e-05,0
neutral_own,neutral,2220,-1,0,0,0,rPaPaQaQrPaP,llama-8b,meta-llama/llama-3.1-8b-instruct,coreweave/bf16,100,1.0,CoreWeave,B,3.608e-05,0.46879062662624377,0.0001188054490012247,0
neutral_own,neutral,2220,-1,0,0,0,rPaPaQaQrPaP,llama-8b,meta-llama/llama-3.1-8b-instruct,coreweave/bf16,101,1.0,CoreWeave,B,3.608e-05,0.46879062662624377,0.0001188054490012247,0
neutral_own,neutral,2220,-1,0,0,1,rPaQaPaQrPaP,llama-8b,meta-llama/llama-3.1-8b-instruct,coreweave/bf16,100,1.0,CoreWeave,B,3.608e-05,0.5,9.798713961162164e-05,0
neutral_own,neutral,2220,-1,0,0,1,rPaQaPaQrPaP,llama-8b,meta-llama/llama-3.1-8b-instruct,coreweave/bf16,101,1.0,CoreWeave,A,3.608e-05,0.5,9.798713961162164e-05,0
neutral_own,neutral,2220,-1,0,0,2,aPaQrPrPaQaP,llama-8b,meta-llama/llama-3.1-8b-instruct,coreweave/bf16,100,1.0,CoreWeave,B,3.608e-05,0.5312093733737562,0.00010301196996481687,0
neutral_own,neutral,2220,-1,0,0,2,aPaQrPrPaQaP,llama-8b,meta-llama/llama-3.1-8b-instruct,coreweave/bf16,101,1.0,CoreWeave,B,3.608e-05,0.5312093733737562,0.00010301196996481687,0
neutral_own,neutral,2220,-1,0,1,0,aQaPaPaQrPrP,llama-8b,meta-llama/llama-3.1-8b-instruct,coreweave/bf16,100,1.0,CoreWeave,A,3.608e-05,0.6513548511303338,8.062827745702883e-05,0
neutral_own,neutral,2220,-1,0,1,0,aQaPaPaQrPrP,llama-8b,meta-llama/llama-3.1-8b-instruct,coreweave/bf16,101,1.0,CoreWeave,A,3.608e-05,0.6513548578981939,7.822487068814832e-05,0
neutral_own,neutral,2220,1,0,0,0,aQrPaPrPaQaP,llama-8b,meta-llama/llama-3.1-8b-instruct,coreweave/bf16,100,1.0,CoreWeave,B,3.608e-05,0.22270013366638425,5.9185478173962025e-05,0
neutral_own,neutral,2220,1,0,0,0,aQrPaPrPaQaP,llama-8b,meta-llama/llama-3.1-8b-instruct,coreweave/bf16,101,1.0,CoreWeave,B,3.608e-05,0.22270013366638425,6.657598937609421e-05,0
neutral_own,neutral,2220,1,0,1,0,rPaQaPaPrPaQ,llama-8b,meta-llama/llama-3.1-8b-instruct,coreweave/bf16,100,1.0,CoreWeave,B,3.608e-05,0.34864514210180597,7.000003931667553e-05,0
neutral_own,neutral,2220,1,0,1,0,rPaQaPaPrPaQ,llama-8b,meta-llama/llama-3.1-8b-instruct,coreweave/bf16,101,1.0,CoreWeave,A,3.608e-05,0.34864514210180597,7.000003931667553e-05,0
neutral_own,neutral,2220,1,0,1,1,rPaQaPaPaQrP,llama-8b,meta-llama/llama-3.1-8b-instruct,coreweave/bf16,100,1.0,CoreWeave,B,3.608e-05,0.37754066879814546,8.302795592018963e-05,0
neutral_own,neutral,2220,1,0,1,1,rPaQaPaPaQrP,llama-8b,meta-llama/llama-3.1-8b-instruct,coreweave/bf16,101,1.0,CoreWeave,B,3.608e-05,0.37754067580180184,8.405969941183145e-05,0
neutral_own,neutral,2220,1,0,1,2,aPrPaQaPrPaQ,llama-8b,meta-llama/llama-3.1-8b-instruct,coreweave/bf16,100,1.0,CoreWeave,B,3.608e-05,0.2942149783515162,9.085441190204158e-05,0
neutral_own,neutral,2220,1,0,1,2,aPrPaQaPrPaQ,llama-8b,meta-llama/llama-3.1-8b-instruct,coreweave/bf16,101,1.0,CoreWeave,B,3.608e-05,0.2942149783515162,9.085441190204158e-05,0
neutral_own,neutral,3001,-1,0,0,0,aPaPrQaP,llama-8b,meta-llama/llama-3.1-8b-instruct,coreweave/bf16,100,1.0,CoreWeave,B,3.344e-05,0.5,5.328703727891515e-05,0
neutral_own,neutral,3001,-1,0,0,0,aPaPrQaP,llama-8b,meta-llama/llama-3.1-8b-instruct,coreweave/bf16,101,1.0,CoreWeave,A,3.344e-05,0.5312093733737563,5.098112159163115e-05,0
neutral_own,neutral,3001,-1,0,0,1,aPaPrQaP,llama-8b,meta-llama/llama-3.1-8b-instruct,coreweave/bf16,100,1.0,CoreWeave,B,3.344e-05,0.5,5.328703727891515e-05,0
neutral_own,neutral,3001,-1,0,0,1,aPaPrQaP,llama-8b,meta-llama/llama-3.1-8b-instruct,coreweave/bf16,101,1.0,CoreWeave,A,3.344e-05,0.5312093733737563,5.098112159163115e-05,0
neutral_own,neutral,3001,-1,0,0,2,aPrQaPaP,llama-8b,meta-llama/llama-3.1-8b-instruct,coreweave/bf16,100,1.0,CoreWeave,B,3.344e-05,0.6224593312018546,5.704215084417763e-05,0
neutral_own,neutral,3001,-1,0,0,2,aPrQaPaP,llama-8b,meta-llama/llama-3.1-8b-instruct,coreweave/bf16,101,1.0,CoreWeave,A,3.344e-05,0.6224593312018546,5.704215084417763e-05,0
neutral_own,neutral,3001,-1,0,1,0,aPaPrQaP,llama-8b,meta-llama/llama-3.1-8b-instruct,coreweave/bf16,100,1.0,CoreWeave,A,3.344e-05,0.7981867801399695,2.5573367684689208e-05,0
neutral_own,neutral,3001,-1,0,1,0,aPaPrQaP,llama-8b,meta-llama/llama-3.1-8b-instruct,coreweave/bf16,101,1.0,CoreWeave,A,3.344e-05,0.8175744828610095,2.6184981029186982e-05,0
neutral_own,neutral,3001,1,0,0,0,aPrQaPaP,llama-8b,meta-llama/llama-3.1-8b-instruct,coreweave/bf16,100,1.0,CoreWeave,A,3.344e-05,0.26894141551050293,5.3919199947682905e-05,0
neutral_own,neutral,3001,1,0,0,0,aPrQaPaP,llama-8b,meta-llama/llama-3.1-8b-instruct,coreweave/bf16,101,1.0,CoreWeave,A,3.344e-05,0.29421497216298875,5.9722097373149374e-05,0
neutral_own,neutral,3001,1,0,0,1,aPaPrQaP,llama-8b,meta-llama/llama-3.1-8b-instruct,coreweave/bf16,100,1.0,CoreWeave,B,3.344e-05,0.2018132246607271,5.46830539861487e-05,0
neutral_own,neutral,3001,1,0,0,1,aPaPrQaP,llama-8b,meta-llama/llama-3.1-8b-instruct,coreweave/bf16,101,1.0,CoreWeave,A,3.344e-05,0.20181321986003056,4.917592484443567e-05,0
neutral_own,neutral,3001,1,0,0,2,aPaPrQaP,llama-8b,meta-llama/llama-3.1-8b-instruct,coreweave/bf16,100,1.0,CoreWeave,A,3.344e-05,0.2018132246607271,5.46830539861487e-05,0
neutral_own,neutral,3001,1,0,0,2,aPaPrQaP,llama-8b,meta-llama/llama-3.1-8b-instruct,coreweave/bf16,101,1.0,CoreWeave,A,3.344e-05,0.20181321986003056,4.917592484443567e-05,0
neutral_own,neutral,3001,1,0,1,0,rQaPaPaP,llama-8b,meta-llama/llama-3.1-8b-instruct,coreweave/bf16,100,1.0,CoreWeave,B,3.344e-05,0.37754066879814546,3.355898465273732e-05,0
neutral_own,neutral,3001,1,0,1,0,rQaPaPaP,llama-8b,meta-llama/llama-3.1-8b-instruct,coreweave/bf16,101,1.0,CoreWeave,B,3.344e-05,0.37754066879814546,3.355898465273732e-05,0
neutral_own,neutral,3010,-1,0,0,0,aPaPrPaP,llama-8b,meta-llama/llama-3.1-8b-instruct,coreweave/bf16,100,1.0,CoreWeave,A,3.344e-05,0.3486451488696663,5.3211975687195157e-05,0
neutral_own,neutral,3010,-1,0,0,0,aPaPrPaP,llama-8b,meta-llama/llama-3.1-8b-instruct,coreweave/bf16,101,1.0,CoreWeave,B,3.344e-05,0.3486451217982255,4.908142356674361e-05,0
neutral_own,neutral,3010,-1,0,1,0,rPaPaPaP,llama-8b,meta-llama/llama-3.1-8b-instruct,coreweave/bf16,100,1.0,CoreWeave,A,3.344e-05,0.7981867729389246,4.050971707139639e-05,0
neutral_own,neutral,3010,-1,0,1,0,rPaPaPaP,llama-8b,meta-llama/llama-3.1-8b-instruct,coreweave/bf16,101,1.0,CoreWeave,B,3.344e-05,0.7981867729389246,4.050971707139639e-05,0
neutral_own,neutral,3010,-1,0,1,1,aPaPrPaP,llama-8b,meta-llama/llama-3.1-8b-instruct,coreweave/bf16,100,1.0,CoreWeave,A,3.344e-05,0.7549149923816048,3.713647758560312e-05,0
neutral_own,neutral,3010,-1,0,1,1,aPaPrPaP,llama-8b,meta-llama/llama-3.1-8b-instruct,coreweave/bf16,101,1.0,CoreWeave,A,3.344e-05,0.7549149978955811,4.0213301893410325e-05,0
neutral_own,neutral,3010,-1,0,1,2,aPaPaPrP,llama-8b,meta-llama/llama-3.1-8b-instruct,coreweave/bf16,100,1.0,CoreWeave,A,3.344e-05,0.7772998663336158,3.498713186067537e-05,0
neutral_own,neutral,3010,-1,0,1,2,aPaPaPrP,llama-8b,meta-llama/llama-3.1-8b-instruct,coreweave/bf16,101,1.0,CoreWeave,B,3.344e-05,0.7772998663336158,3.498713186067537e-05,0
neutral_own,neutral,3010,1,0,0,0,aPaPrPaP,llama-8b,meta-llama/llama-3.1-8b-instruct,coreweave/bf16,100,1.0,CoreWeave,B,3.344e-05,0.0420877285163793,4.764678513946574e-05,0
neutral_own,neutral,3010,1,0,0,0,aPaPrPaP,llama-8b,meta-llama/llama-3.1-8b-instruct,coreweave/bf16,101,1.0,CoreWeave,B,3.344e-05,0.0420877285163793,4.764678513946574e-05,0
neutral_own,neutral,3010,1,0,1,0,aPaPaPrP,llama-8b,meta-llama/llama-3.1-8b-instruct,coreweave/bf16,100,1.0,CoreWeave,B,3.344e-05,0.10669059252545562,2.956561904976507e-05,0
neutral_own,neutral,3010,1,0,1,0,aPaPaPrP,llama-8b,meta-llama/llama-3.1-8b-instruct,coreweave/bf16,101,1.0,CoreWeave,B,3.344e-05,0.10669059252545562,2.956561904976507e-05,0
neutral_own,neutral,3010,1,0,1,1,aPrPaPaP,llama-8b,meta-llama/llama-3.1-8b-instruct,coreweave/bf16,100,1.0,CoreWeave,B,3.344e-05,0.09534946939781196,3.65791786721692e-05,0
neutral_own,neutral,3010,1,0,1,1,aPrPaPaP,llama-8b,meta-llama/llama-3.1-8b-instruct,coreweave/bf16,101,1.0,CoreWeave,B,3.344e-05,0.09534946040040723,3.982255247114708e-05,0
neutral_own,neutral,3010,1,0,1,2,aPaPaPrP,llama-8b,meta-llama/llama-3.1-8b-instruct,coreweave/bf16,100,1.0,CoreWeave,B,3.344e-05,0.10669059252545562,2.956561904976507e-05,0
neutral_own,neutral,3010,1,0,1,2,aPaPaPrP,llama-8b,meta-llama/llama-3.1-8b-instruct,coreweave/bf16,101,1.0,CoreWeave,B,3.344e-05,0.10669059252545562,2.956561904976507e-05,0
neutral_own,neutral,4011,-1,0,0,0,aPrPaPaPaPrQ,llama-8b,meta-llama/llama-3.1-8b-instruct,coreweave/bf16,100,1.0,CoreWeave,B,3.608e-05,0.5,5.555189052147691e-05,0
neutral_own,neutral,4011,-1,0,0,0,aPrPaPaPaPrQ,llama-8b,meta-llama/llama-3.1-8b-instruct,coreweave/bf16,101,1.0,CoreWeave,A,3.608e-05,0.5,5.20950071959958e-05,0
neutral_own,neutral,4011,-1,0,1,0,aPaPaPrQrPaP,llama-8b,meta-llama/llama-3.1-8b-instruct,coreweave/bf16,100,1.0,CoreWeave,A,3.608e-05,0.7549149813536518,3.7300677203255805e-05,0
neutral_own,neutral,4011,-1,0,1,0,aPaPaPrQrPaP,llama-8b,meta-llama/llama-3.1-8b-instruct,coreweave/bf16,101,1.0,CoreWeave,B,3.608e-05,0.7549149813536518,3.408214126349174e-05,0
neutral_own,neutral,4011,-1,0,1,1,aPrQaPaPaPrP,llama-8b,meta-llama/llama-3.1-8b-instruct,coreweave/bf16,100,1.0,CoreWeave,A,3.608e-05,0.7981867849406659,3.794695297840156e-05,0
neutral_own,neutral,4011,-1,0,1,1,aPrQaPaPaPrP,llama-8b,meta-llama/llama-3.1-8b-instruct,coreweave/bf16,101,1.0,CoreWeave,A,3.608e-05,0.7981867849406659,3.794695297840156e-05,0
neutral_own,neutral,4011,-1,0,1,2,aPrQaPrPaPaP,llama-8b,meta-llama/llama-3.1-8b-instruct,coreweave/bf16,100,1.0,CoreWeave,B,3.608e-05,0.8354835350552603,2.989939839195821e-05,0
neutral_own,neutral,4011,-1,0,1,2,aPrQaPrPaPaP,llama-8b,meta-llama/llama-3.1-8b-instruct,coreweave/bf16,101,1.0,CoreWeave,A,3.608e-05,0.8354835350552603,2.989939839195821e-05,0
neutral_own,neutral,4011,1,0,0,0,aPaPrPaPrQaP,llama-8b,meta-llama/llama-3.1-8b-instruct,coreweave/bf16,100,1.0,CoreWeave,B,3.608e-05,0.11920291107043361,4.3617780619120694e-05,0
neutral_own,neutral,4011,1,0,0,0,aPaPrPaPrQaP,llama-8b,meta-llama/llama-3.1-8b-instruct,coreweave/bf16,101,1.0,CoreWeave,B,3.608e-05,0.11920293453832885,4.905961066881126e-05,0
neutral_own,neutral,4011,1,0,1,0,aPaPaPrQaPrP,llama-8b,meta-llama/llama-3.1-8b-instruct,coreweave/bf16,100,1.0,CoreWeave,B,3.608e-05,0.2942149783515162,4.281627908220287e-05,0
neutral_own,neutral,4011,1,0,1,0,aPaPaPrQaPrP,llama-8b,meta-llama/llama-3.1-8b-instruct,coreweave/bf16,101,1.0,CoreWeave,B,3.608e-05,0.2942149783515162,4.281627908220287e-05,0
neutral_own,neutral,4011,1,0,1,1,rQrPaPaPaPaP,llama-8b,meta-llama/llama-3.1-8b-instruct,coreweave/bf16,100,1.0,CoreWeave,B,3.608e-05,0.320821300824607,3.9193236043622015e-05,0
neutral_own,neutral,4011,1,0,1,1,rQrPaPaPaPaP,llama-8b,meta-llama/llama-3.1-8b-instruct,coreweave/bf16,101,1.0,CoreWeave,B,3.608e-05,0.32082129433083023,4.0841859018203586e-05,0
neutral_own,neutral,4011,1,0,1,2,aPaPaPrPrQaP,llama-8b,meta-llama/llama-3.1-8b-instruct,coreweave/bf16,100,1.0,CoreWeave,B,3.608e-05,0.22270013366638425,4.953005059638027e-05,0
neutral_own,neutral,4011,1,0,1,2,aPaPaPrPrQaP,llama-8b,meta-llama/llama-3.1-8b-instruct,coreweave/bf16,101,1.0,CoreWeave,B,3.608e-05,0.22270013366638425,4.953005059638027e-05,0
political,political,0001,-1,0,0,0,rQ,llama-8b,meta-llama/llama-3.1-8b-instruct,coreweave/bf16,100,1.0,CoreWeave,B,4.18e-05,0.5621765008857981,0.00030381532437173675,0
political,political,0001,-1,0,0,0,rQ,llama-8b,meta-llama/llama-3.1-8b-instruct,coreweave/bf16,101,1.0,CoreWeave,B,4.18e-05,0.5621765008857981,0.0003319397737300833,0
political,political,0001,-1,0,1,0,rQ,llama-8b,meta-llama/llama-3.1-8b-instruct,coreweave/bf16,100,1.0,CoreWeave,B,4.18e-05,0.6224593312018546,0.00036161771780285346,0
political,political,0001,-1,0,1,0,rQ,llama-8b,meta-llama/llama-3.1-8b-instruct,coreweave/bf16,101,1.0,CoreWeave,A,4.18e-05,0.6224593312018546,0.00036161771780285346,0
political,political,0001,-1,1,0,0,rQ,llama-8b,meta-llama/llama-3.1-8b-instruct,coreweave/bf16,100,1.0,CoreWeave,A,4.18e-05,0.5926665999540698,0.0006526963527782037,0
political,political,0001,-1,1,0,0,rQ,llama-8b,meta-llama/llama-3.1-8b-instruct,coreweave/bf16,101,1.0,CoreWeave,A,4.18e-05,0.5926665999540698,0.0006205303349629543,0
political,political,0001,-1,1,1,0,rQ,llama-8b,meta-llama/llama-3.1-8b-instruct,coreweave/bf16,100,1.0,CoreWeave,A,4.18e-05,0.5312093733737562,0.0004979528419447043,0
political,political,0001,-1,1,1,0,rQ,llama-8b,meta-llama/llama-3.1-8b-instruct,coreweave/bf16,101,1.0,CoreWeave,B,4.18e-05,0.5312093733737563,0.0005387608595241455,0
political,political,0001,1,0,0,0,rQ,llama-8b,meta-llama/llama-3.1-8b-instruct,coreweave/bf16,100,1.0,CoreWeave,B,4.158e-05,0.7549149813536518,0.000373401837598597,0
political,political,0001,1,0,0,0,rQ,llama-8b,meta-llama/llama-3.1-8b-instruct,coreweave/bf16,101,1.0,CoreWeave,A,4.158e-05,0.7772998663336158,0.00043233803025496953,0
political,political,0001,1,0,1,0,rQ,llama-8b,meta-llama/llama-3.1-8b-instruct,coreweave/bf16,100,1.0,CoreWeave,A,4.158e-05,0.8933093954028816,0.0003800822642819057,0
political,political,0001,1,0,1,0,rQ,llama-8b,meta-llama/llama-3.1-8b-instruct,coreweave/bf16,101,1.0,CoreWeave,A,4.158e-05,0.8807970795424088,0.0003814638320493863,0
political,political,0001,1,1,0,0,rQ,llama-8b,meta-llama/llama-3.1-8b-instruct,coreweave/bf16,100,1.0,CoreWeave,A,4.158e-05,0.14804720179063333,0.00040470786882185195,0
political,political,0001,1,1,0,0,rQ,llama-8b,meta-llama/llama-3.1-8b-instruct,coreweave/bf16,101,1.0,CoreWeave,B,4.158e-05,0.14804720179063333,0.00045594580476615576,0
political,political,0001,1,1,1,0,rQ,llama-8b,meta-llama/llama-3.1-8b-instruct,coreweave/bf16,100,1.0,CoreWeave,B,4.158e-05,0.29421497216298875,0.0006800960719677285,0
political,political,0001,1,1,1,0,rQ,llama-8b,meta-llama/llama-3.1-8b-instruct,coreweave/bf16,101,1.0,CoreWeave,A,4.158e-05,0.29421495978593415,0.0006064300801067457,0
political,political,0010,-1,0,0,0,rP,llama-8b,meta-llama/llama-3.1-8b-instruct,coreweave/bf16,100,1.0,CoreWeave,B,4.158e-05,0.3208213073183839,0.00010954172592303468,0
political,political,0010,-1,0,0,0,rP,llama-8b,meta-llama/llama-3.1-8b-instruct,coreweave/bf16,101,1.0,CoreWeave,B,4.158e-05,0.2942149783515162,0.0001045621407107511,0
political,political,0010,-1,0,1,0,rP,llama-8b,meta-llama/llama-3.1-8b-instruct,coreweave/bf16,100,1.0,CoreWeave,B,4.158e-05,0.5312093733737562,0.0002323323618805273,0
political,political,0010,-1,0,1,0,rP,llama-8b,meta-llama/llama-3.1-8b-instruct,coreweave/bf16,101,1.0,CoreWeave,A,4.158e-05,0.5312093733737562,0.000235788622114097,0
political,political,0010,-1,1,0,0,rP,llama-8b,meta-llama/llama-3.1-8b-instruct,coreweave/bf16,100,1.0,CoreWeave,B,4.158e-05,0.5621765008857981,0.00017265675555322435,0
political,political,0010,-1,1,0,0,rP,llama-8b,meta-llama/llama-3.1-8b-instruct,coreweave/bf16,101,1.0,CoreWeave,A,4.158e-05,0.5312093733737563,0.00015569566021605974,0
political,political,0010,-1,1,1,0,rP,llama-8b,meta-llama/llama-3.1-8b-instruct,coreweave/bf16,100,1.0,CoreWeave,A,4.158e-05,0.5926665999540698,0.00012295699524472736,0
political,political,0010,-1,1,1,0,rP,llama-8b,meta-llama/llama-3.1-8b-instruct,coreweave/bf16,101,1.0,CoreWeave,B,4.158e-05,0.5926665999540698,0.00013076421315616482,0
political,political,0010,1,0,0,0,rP,llama-8b,meta-llama/llama-3.1-8b-instruct,coreweave/bf16,100,1.0,CoreWeave,B,4.136e-05,0.4073334000459302,7.307279745183415e-05,0
political,political,0010,1,0,0,0,rP,llama-8b,meta-llama/llama-3.1-8b-instruct,coreweave/bf16,101,1.0,CoreWeave,A,4.136e-05,0.4073334000459302,7.307279745183415e-05,0
political,political,0010,1,0,1,0,rP,llama-8b,meta-llama/llama-3.1-8b-instruct,coreweave/bf16,100,1.0,CoreWeave,A,4.136e-05,0.5312093733737563,9.407215428314242e-05,0
political,political,0010,1,0,1,0,rP,llama-8b,meta-llama/llama-3.1-8b-instruct,coreweave/bf16,101,1.0,CoreWeave,A,4.136e-05,0.5312093733737563,9.407215428314242e-05,0
political,political,0010,1,1,0,0,rP,llama-8b,meta-llama/llama-3.1-8b-instruct,coreweave/bf16,100,1.0,CoreWeave,A,4.136e-05,0.5312093733737563,4.5855370332859025e-05,0
political,political,0010,1,1,0,0,rP,llama-8b,meta-llama/llama-3.1-8b-instruct,coreweave/bf16,101,1.0,CoreWeave,B,4.136e-05,0.5312093733737563,4.639178739329619e-05,0
political,political,0010,1,1,1,0,rP,llama-8b,meta-llama/llama-3.1-8b-instruct,coreweave/bf16,100,1.0,CoreWeave,B,4.136e-05,0.7310585727705127,4.788340791289647e-05,0
political,political,0010,1,1,1,0,rP,llama-8b,meta-llama/llama-3.1-8b-instruct,coreweave/bf16,101,1.0,CoreWeave,B,4.136e-05,0.731058584489497,4.867426026955446e-05,0
political,political,0011,-1,0,0,0,rPrQ,llama-8b,meta-llama/llama-3.1-8b-instruct,coreweave/bf16,100,1.0,CoreWeave,A,4.4e-05,0.5,0.0002653861666988,0
political,political,0011,-1,0,0,0,rPrQ,llama-8b,meta-llama/llama-3.1-8b-instruct,coreweave/bf16,101,1.0,CoreWeave,A,4.4e-05,0.5,0.00023326727326317132,0
political,political,0011,-1,0,1,0,rPrQ,llama-8b,meta-llama/llama-3.1-8b-instruct,coreweave/bf16,100,1.0,CoreWeave,B,4.4e-05,0.6791786861878392,0.00029882766108246805,0
political,political,0011,-1,0,1,0,rPrQ,llama-8b,meta-llama/llama-3.1-8b-instruct,coreweave/bf16,101,1.0,CoreWeave,B,4.4e-05,0.6791786861878392,0.00029882766108246805,0
political,political,0011,-1,1,0,0,rPrQ,llama-8b,meta-llama/llama-3.1-8b-instruct,coreweave/bf16,100,1.0,CoreWeave,A,4.4e-05,0.4073334000459302,0.00021413673103876096,0
political,political,0011,-1,1,0,0,rPrQ,llama-8b,meta-llama/llama-3.1-8b-instruct,coreweave/bf16,101,1.0,CoreWeave,B,4.4e-05,0.4073334000459302,0.00020341013487523707,0
political,political,0011,-1,1,1,0,rPrQ,llama-8b,meta-llama/llama-3.1-8b-instruct,coreweave/bf16,100,1.0,CoreWeave,B,4.4e-05,0.5,0.0001628285361752746,0
political,political,0011,-1,1,1,0,rPrQ,llama-8b,meta-llama/llama-3.1-8b-instruct,coreweave/bf16,101,1.0,CoreWeave,B,4.4e-05,0.5,0.0001628285361752746,0
political,political,0011,1,0,0,0,rQrP,llama-8b,meta-llama/llama-3.1-8b-instruct,coreweave/bf16,100,1.0,CoreWeave,B,4.378e-05,0.5312093733737563,0.00018596964709044483,0
political,political,0011,1,0,0,0,rQrP,llama-8b,meta-llama/llama-3.1-8b-instruct,coreweave/bf16,101,1.0,CoreWeave,B,4.378e-05,0.5621765008857981,0.00017104770671039216,0
political,political,0011,1,0,1,0,rQrP,llama-8b,meta-llama/llama-3.1-8b-instruct,coreweave/bf16,100,1.0,CoreWeave,A,4.378e-05,0.7310585727705126,0.0002499130666741012,0
political,political,0011,1,0,1,0,rQrP,llama-8b,meta-llama/llama-3.1-8b-instruct,coreweave/bf16,101,1.0,CoreWeave,B,4.378e-05,0.7310585727705126,0.0002499130666741012,0
political,political,0011,1,1,0,0,rPrQ,llama-8b,meta-llama/llama-3.1-8b-instruct,coreweave/bf16,100,1.0,CoreWeave,A,4.378e-05,0.46879062662624377,0.00011344165390669847,0
political,political,0011,1,1,0,0,rPrQ,llama-8b,meta-llama/llama-3.1-8b-instruct,coreweave/bf16,101,1.0,CoreWeave,B,4.378e-05,0.46879062662624377,0.000113739643277877,0
political,political,0011,1,1,1,0,rPrQ,llama-8b,meta-llama/llama-3.1-8b-instruct,coreweave/bf16,100,1.0,CoreWeave,A,4.378e-05,0.6513548782017745,0.00015969609602306534,0
political,political,0011,1,1,1,0,rPrQ,llama-8b,meta-llama/llama-3.1-8b-instruct,coreweave/bf16,101,1.0,CoreWeave,A,4.378e-05,0.651354857898194,0.00013436647780745714,0
political,political,0020,-1,0,0,0,rPrP,llama-8b,meta-llama/llama-3.1-8b-instruct,coreweave/bf16,100,1.0,CoreWeave,B,4.378e-05,0.32082128783705344,0.00017837406156340219,0
political,political,0020,-1,0,0,0,rPrP,llama-8b,meta-llama/llama-3.1-8b-instruct,coreweave/bf16,101,1.0,CoreWeave,B,4.378e-05,0.3208213073183839,0.0002008418704225745,0
political,political,0020,-1,0,1,0,rPrP,llama-8b,meta-llama/llama-3.1-8b-instruct,coreweave/bf16,100,1.0,CoreWeave,A,4.378e-05,0.6224593312018546,0.0005520867106203475,0
political,political,0020,-1,0,1,0,rPrP,llama-8b,meta-llama/llama-3.1-8b-instruct,coreweave/bf16,101,1.0,CoreWeave,A,4.378e-05,0.5926665999540698,0.0005202729375117787,0
political,political,0020,-1,1,0,0,rPrP,llama-8b,meta-llama/llama-3.1-8b-instruct,coreweave/bf16,100,1.0,CoreWeave,A,4.378e-05,0.5926665999540698,0.0004159540605494505,0
political,political,0020,-1,1,0,0,rPrP,llama-8b,meta-llama/llama-3.1-8b-instruct,coreweave/bf16,101,1.0,CoreWeave,A,4.378e-05,0.5621765008857981,0.0003967659989916883,0
political,political,0020,-1,1,1,0,rPrP,llama-8b,meta-llama/llama-3.1-8b-instruct,coreweave/bf16,100,1.0,CoreWeave,B,4.378e-05,0.5926665999540698,0.0002295709091440501,0
political,political,0020,-1,1,1,0,rPrP,llama-8b,meta-llama/llama-3.1-8b-instruct,coreweave/bf16,101,1.0,CoreWeave,A,4.378e-05,0.5926665999540698,0.0002295709091440501,0
political,political,0020,1,0,0,0,rPrP,llama-8b,meta-llama/llama-3.1-8b-instruct,coreweave/bf16,100,1.0,CoreWeave,A,4.356e-05,0.40733340004593027,0.00022206241982747343,0
political,political,0020,1,0,0,0,rPrP,llama-8b,meta-llama/llama-3.1-8b-instruct,coreweave/bf16,101,1.0,CoreWeave,A,4.356e-05,0.40733340004593027,0.00022206241982747343,0
political,political,0020,1,0,1,0,rPrP,llama-8b,meta-llama/llama-3.1-8b-instruct,coreweave/bf16,100,1.0,CoreWeave,A,4.356e-05,0.5312093733737563,0.00019627927983678628,0
political,political,0020,1,0,1,0,rPrP,llama-8b,meta-llama/llama-3.1-8b-instruct,coreweave/bf16,101,1.0,CoreWeave,A,4.356e-05,0.5312093733737563,0.00019627927983678628,0
political,political,0020,1,1,0,0,rPrP,llama-8b,meta-llama/llama-3.1-8b-instruct,coreweave/bf16,100,1.0,CoreWeave,A,4.356e-05,0.5312093733737563,0.0001704156069136653,0
political,political,0020,1,1,0,0,rPrP,llama-8b,meta-llama/llama-3.1-8b-instruct,coreweave/bf16,101,1.0,CoreWeave,B,4.356e-05,0.5312093733737563,0.0001704156069136653,0
political,political,0020,1,1,1,0,rPrP,llama-8b,meta-llama/llama-3.1-8b-instruct,coreweave/bf16,100,1.0,CoreWeave,A,4.356e-05,0.7057850154599563,0.0001553597295209097,0
political,political,0020,1,1,1,0,rPrP,llama-8b,meta-llama/llama-3.1-8b-instruct,coreweave/bf16,101,1.0,CoreWeave,B,4.356e-05,0.7057850340255386,0.00016268643807332284,0
political,political,0100,-1,0,0,0,aQ,llama-8b,meta-llama/llama-3.1-8b-instruct,coreweave/bf16,100,1.0,CoreWeave,A,4.18e-05,0.3486451488696663,0.0006390419845659912,0
political,political,0100,-1,0,0,0,aQ,llama-8b,meta-llama/llama-3.1-8b-instruct,coreweave/bf16,101,1.0,CoreWeave,B,4.18e-05,0.3486451488696663,0.0006390419845659912,0
political,political,0100,-1,0,1,0,aQ,llama-8b,meta-llama/llama-3.1-8b-instruct,coreweave/bf16,100,1.0,CoreWeave,A,4.18e-05,0.29421498454004374,0.0009045504591504994,0
political,political,0100,-1,0,1,0,aQ,llama-8b,meta-llama/llama-3.1-8b-instruct,coreweave/bf16,101,1.0,CoreWeave,B,4.18e-05,0.26894141551050293,0.0008896586294346864,0
political,political,0100,-1,1,0,0,aQ,llama-8b,meta-llama/llama-3.1-8b-instruct,coreweave/bf16,100,1.0,CoreWeave,A,4.18e-05,0.9324533022906133,0.0010620019644765055,0
political,political,0100,-1,1,0,0,aQ,llama-8b,meta-llama/llama-3.1-8b-instruct,coreweave/bf16,101,1.0,CoreWeave,A,4.18e-05,0.9241418163225626,0.0012048785931041833,0
political,political,0100,-1,1,1,0,aQ,llama-8b,meta-llama/llama-3.1-8b-instruct,coreweave/bf16,100,1.0,CoreWeave,B,4.18e-05,0.7772998663336158,0.0007454355529942502,0
political,political,0100,-1,1,1,0,aQ,llama-8b,meta-llama/llama-3.1-8b-instruct,coreweave/bf16,101,1.0,CoreWeave,B,4.18e-05,0.7772998508568416,0.0007798110888111998,0
political,political,0100,1,0,0,0,aQ,llama-8b,meta-llama/llama-3.1-8b-instruct,coreweave/bf16,100,1.0,CoreWeave,B,4.158e-05,0.5312093733737563,0.0001650520886783413,0
political,political,0100,1,0,0,0,aQ,llama-8b,meta-llama/llama-3.1-8b-instruct,coreweave/bf16,101,1.0,CoreWeave,A,4.158e-05,0.5312093733737563,0.0001650520886783413,0
political,political,0100,1,0,1,0,aQ,llama-8b,meta-llama/llama-3.1-8b-instruct,coreweave/bf16,100,1.0,CoreWeave,A,4.158e-05,0.8519527963298947,0.00013013580871557018,0
political,political,0100,1,0,1,0,aQ,llama-8b,meta-llama/llama-3.1-8b-instruct,coreweave/bf16,101,1.0,CoreWeave,A,4.158e-05,0.8354835330070839,0.0001247951019884841,0
political,political,0100,1,1,0,0,aQ,llama-8b,meta-llama/llama-3.1-8b-instruct,coreweave/bf16,100,1.0,CoreWeave,B,4.158e-05,0.16451646699291614,0.00013504576894551867,0
political,political,0100,1,1,0,0,aQ,llama-8b,meta-llama/llama-3.1-8b-instruct,coreweave/bf16,101,1.0,CoreWeave,B,4.158e-05,0.1480472036701053,0.00012393771314489488,0
political,political,0100,1,1,1,0,aQ,llama-8b,meta-llama/llama-3.1-8b-instruct,coreweave/bf16,100,1.0,CoreWeave,B,4.158e-05,0.5,0.00014602262201290905,0
political,political,0100,1,1,1,0,aQ,llama-8b,meta-llama/llama-3.1-8b-instruct,coreweave/bf16,101,1.0,CoreWeave,B,4.158e-05,0.5,0.00014149332022700412,0
political,political,0120,-1,0,0,0,rPrPaQ,llama-8b,meta-llama/llama-3.1-8b-instruct,coreweave/bf16,100,1.0,CoreWeave,A,4.62e-05,0.40733340004593027,0.0001948883681139879,0
political,political,0120,-1,0,0,0,rPrPaQ,llama-8b,meta-llama/llama-3.1-8b-instruct,coreweave/bf16,101,1.0,CoreWeave,B,4.62e-05,0.40733340004593027,0.0001948883681139879,0
political,political,0120,-1,0,1,0,aQrPrP,llama-8b,meta-llama/llama-3.1-8b-instruct,coreweave/bf16,100,1.0,CoreWeave,A,4.62e-05,0.5621765008857981,0.0004903633609581459,0
political,political,0120,-1,0,1,0,aQrPrP,llama-8b,meta-llama/llama-3.1-8b-instruct,coreweave/bf16,101,1.0,CoreWeave,A,4.62e-05,0.5621765008857981,0.0004903633609581459,0
political,political,0120,-1,1,0,0,rPrPaQ,llama-8b,meta-llama/llama-3.1-8b-instruct,coreweave/bf16,100,1.0,CoreWeave,B,4.62e-05,0.46879062662624377,0.00017923555211873943,0
political,political,0120,-1,1,0,0,rPrPaQ,llama-8b,meta-llama/llama-3.1-8b-instruct,coreweave/bf16,101,1.0,CoreWeave,B,4.62e-05,0.46879062662624377,0.00019318044186233951,0
political,political,0120,-1,1,1,0,aQrPrP,llama-8b,meta-llama/llama-3.1-8b-instruct,coreweave/bf16,100,1.0,CoreWeave,B,4.62e-05,0.5926665999540697,0.00024089312767633375,0
political,political,0120,-1,1,1,0,aQrPrP,llama-8b,meta-llama/llama-3.1-8b-instruct,coreweave/bf16,101,1.0,CoreWeave,A,4.62e-05,0.6224593312018546,0.0002215876478642298,0
political,political,0120,1,0,0,0,aQrPrP,llama-8b,meta-llama/llama-3.1-8b-instruct,coreweave/bf16,100,1.0,CoreWeave,B,4.598e-05,0.43782349911420193,7.879124273246774e-05,0
political,political,0120,1,0,0,0,aQrPrP,llama-8b,meta-llama/llama-3.1-8b-instruct,coreweave/bf16,101,1.0,CoreWeave,B,4.598e-05,0.43782349911420193,8.260563215800598e-05,0
political,political,0120,1,0,1,0,rPrPaQ,llama-8b,meta-llama/llama-3.1-8b-instruct,coreweave/bf16,100,1.0,CoreWeave,B,4.598e-05,0.6224593312018546,6.401547217049774e-05,0
political,political,0120,1,0,1,0,rPrPaQ,llama-8b,meta-llama/llama-3.1-8b-instruct,coreweave/bf16,101,1.0,CoreWeave,A,4.598e-05,0.6224593312018546,6.21082438185816e-05,0
political,political,0120,1,1,0,0,rPrPaQ,llama-8b,meta-llama/llama-3.1-8b-instruct,coreweave/bf16,100,1.0,CoreWeave,A,4.598e-05,0.40733340004593027,8.689996896560359e-05,0
political,political,0120,1,1,0,0,rPrPaQ,llama-8b,meta-llama/llama-3.1-8b-instruct,coreweave/bf16,101,1.0,CoreWeave,B,4.598e-05,0.37754066879814546,8.153796241194833e-05,0
political,political,0120,1,1,1,0,aQrPrP,llama-8b,meta-llama/llama-3.1-8b-instruct,coreweave/bf16,100,1.0,CoreWeave,B,4.598e-05,0.6224593312018546,9.053748940751616e-05,0
political,political,0120,1,1,1,0,aQrPrP,llama-8b,meta-llama/llama-3.1-8b-instruct,coreweave/bf16,101,1.0,CoreWeave,B,4.598e-05,0.6224593312018546,9.053748940751616e-05,0
political,political,0200,-1,0,0,0,aQaQ,llama-8b,meta-llama/llama-3.1-8b-instruct,coreweave/bf16,100,1.0,CoreWeave,B,4.422e-05,0.46879062662624377,0.0007188919623692946,0
political,political,0200,-1,0,0,0,aQaQ,llama-8b,meta-llama/llama-3.1-8b-instruct,coreweave/bf16,101,1.0,CoreWeave,A,4.422e-05,0.46879062662624377,0.0007188919623692946,0
political,political,0200,-1,0,1,0,aQaQ,llama-8b,meta-llama/llama-3.1-8b-instruct,coreweave/bf16,100,1.0,CoreWeave,A,4.422e-05,0.3775406687981454,0.0006982055012607624,0
political,political,0200,-1,0,1,0,aQaQ,llama-8b,meta-llama/llama-3.1-8b-instruct,coreweave/bf16,101,1.0,CoreWeave,A,4.422e-05,0.3486451217982255,0.0006768480004324395,0
political,political,0200,-1,1,0,0,aQaQ,llama-8b,meta-llama/llama-3.1-8b-instruct,coreweave/bf16,100,1.0,CoreWeave,A,4.422e-05,0.8933094124452288,0.0007428302385677626,0
political,political,0200,-1,1,0,0,aQaQ,llama-8b,meta-llama/llama-3.1-8b-instruct,coreweave/bf16,101,1.0,CoreWeave,A,4.422e-05,0.8933094124452288,0.0007428302385677626,0
political,political,0200,-1,1,1,0,aQaQ,llama-8b,meta-llama/llama-3.1-8b-instruct,coreweave/bf16,100,1.0,CoreWeave,A,4.422e-05,0.7310585727705126,0.0006383627438336648,0
political,political,0200,-1,1,1,0,aQaQ,llama-8b,meta-llama/llama-3.1-8b-instruct,coreweave/bf16,101,1.0,CoreWeave,A,4.422e-05,0.731058584489497,0.0005525396148541306,0
political,political,0200,1,0,0,0,aQaQ,llama-8b,meta-llama/llama-3.1-8b-instruct,coreweave/bf16,100,1.0,CoreWeave,B,4.4e-05,0.5,0.000238630425564601,0
political,political,0200,1,0,0,0,aQaQ,llama-8b,meta-llama/llama-3.1-8b-instruct,coreweave/bf16,101,1.0,CoreWeave,B,4.4e-05,0.5312093733737562,0.000259326628343548,0
political,political,0200,1,0,1,0,aQaQ,llama-8b,meta-llama/llama-3.1-8b-instruct,coreweave/bf16,100,1.0,CoreWeave,A,4.4e-05,0.7772998611746912,0.00016755759990327856,0
political,political,0200,1,0,1,0,aQaQ,llama-8b,meta-llama/llama-3.1-8b-instruct,coreweave/bf16,101,1.0,CoreWeave,B,4.4e-05,0.7772998508568416,0.00015902225570085804,0
political,political,0200,1,1,0,0,aQaQ,llama-8b,meta-llama/llama-3.1-8b-instruct,coreweave/bf16,100,1.0,CoreWeave,B,4.4e-05,0.1824255304737224,0.0001704871264904817,0
political,political,0200,1,1,0,0,aQaQ,llama-8b,meta-llama/llama-3.1-8b-instruct,coreweave/bf16,101,1.0,CoreWeave,B,4.4e-05,0.1824255304737224,0.0001704871264904817,0
political,political,0200,1,1,1,0,aQaQ,llama-8b,meta-llama/llama-3.1-8b-instruct,coreweave/bf16,100,1.0,CoreWeave,A,4.4e-05,0.5621765008857981,0.00020704210630634323,0
political,political,0200,1,1,1,0,aQaQ,llama-8b,meta-llama/llama-3.1-8b-instruct,coreweave/bf16,101,1.0,CoreWeave,B,4.4e-05,0.5621765008857982,0.00017915251899774942,0
political,political,0201,-1,0,0,0,rQaQaQ,llama-8b,meta-llama/llama-3.1-8b-instruct,coreweave/bf16,100,1.0,CoreWeave,A,4.664e-05,0.5621765008857981,0.00023898307107705907,0
political,political,0201,-1,0,0,0,rQaQaQ,llama-8b,meta-llama/llama-3.1-8b-instruct,coreweave/bf16,101,1.0,CoreWeave,A,4.664e-05,0.5621765008857981,0.00024529963355190976,0
political,political,0201,-1,0,1,0,rQaQaQ,llama-8b,meta-llama/llama-3.1-8b-instruct,coreweave/bf16,100,1.0,CoreWeave,B,4.664e-05,0.7057850216484838,0.00029192199336702807,0
political,political,0201,-1,0,1,0,rQaQaQ,llama-8b,meta-llama/llama-3.1-8b-instruct,coreweave/bf16,101,1.0,CoreWeave,A,4.664e-05,0.7310585786300048,0.00030924091427003697,0
political,political,0201,-1,1,0,0,rQaQaQ,llama-8b,meta-llama/llama-3.1-8b-instruct,coreweave/bf16,100,1.0,CoreWeave,A,4.664e-05,0.46879062662624377,0.00039559781245190884,0
political,political,0201,-1,1,0,0,rQaQaQ,llama-8b,meta-llama/llama-3.1-8b-instruct,coreweave/bf16,101,1.0,CoreWeave,A,4.664e-05,0.4378234991142019,0.00036876253877748955,0
political,political,0201,-1,1,1,0,aQaQrQ,llama-8b,meta-llama/llama-3.1-8b-instruct,coreweave/bf16,100,1.0,CoreWeave,B,4.664e-05,0.5621765008857982,0.0004429997824000331,0
political,political,0201,-1,1,1,0,aQaQrQ,llama-8b,meta-llama/llama-3.1-8b-instruct,coreweave/bf16,101,1.0,CoreWeave,B,4.664e-05,0.5621765008857981,0.00043614826132604145,0
political,political,0201,1,0,0,0,aQaQrQ,llama-8b,meta-llama/llama-3.1-8b-instruct,coreweave/bf16,100,1.0,CoreWeave,A,4.642e-05,0.5621765008857981,0.00024887502858522703,0
political,political,0201,1,0,0,0,aQaQrQ,llama-8b,meta-llama/llama-3.1-8b-instruct,coreweave/bf16,101,1.0,CoreWeave,A,4.642e-05,0.5621765008857982,0.00021860294646169898,0
political,political,0201,1,0,1,0,aQrQaQ,llama-8b,meta-llama/llama-3.1-8b-instruct,coreweave/bf16,100,1.0,CoreWeave,A,4.642e-05,0.7981867681382279,0.00012707219529001224,0
political,political,0201,1,0,1,0,aQrQaQ,llama-8b,meta-llama/llama-3.1-8b-instruct,coreweave/bf16,101,1.0,CoreWeave,A,4.642e-05,0.7981867825403177,0.00013451004414100076,0
political,political,0201,1,1,0,0,rQaQaQ,llama-8b,meta-llama/llama-3.1-8b-instruct,coreweave/bf16,100,1.0,CoreWeave,B,4.642e-05,0.20181322226037882,0.00021772725733415488,0
political,political,0201,1,1,0,0,rQaQaQ,llama-8b,meta-llama/llama-3.1-8b-instruct,coreweave/bf16,101,1.0,CoreWeave,B,4.642e-05,0.22270013366638422,0.0002553731070397136,0
political,political,0201,1,1,1,0,aQrQaQ,llama-8b,meta-llama/llama-3.1-8b-instruct,coreweave/bf16,100,1.0,CoreWeave,A,4.642e-05,0.5926665999540698,0.00019697412193658836,0
political,political,0201,1,1,1,0,aQrQaQ,llama-8b,meta-llama/llama-3.1-8b-instruct,coreweave/bf16,101,1.0,CoreWeave,B,4.642e-05,0.5926665999540698,0.00019739127217904828,0
political,political,0202,-1,0,0,0,rQrQaQaQ,llama-8b,meta-llama/llama-3.1-8b-instruct,coreweave/bf16,100,1.0,CoreWeave,A,4.906e-05,0.5312093733737563,0.00017536193711714665,0
political,political,0202,-1,0,0,0,rQrQaQaQ,llama-8b,meta-llama/llama-3.1-8b-instruct,coreweave/bf16,101,1.0,CoreWeave,A,4.906e-05,0.5312093733737563,0.00018042743063839684,0
political,political,0202,-1,0,1,0,aQrQrQaQ,llama-8b,meta-llama/llama-3.1-8b-instruct,coreweave/bf16,100,1.0,CoreWeave,A,4.906e-05,0.6791787056691698,0.00043533065758283307,0
political,political,0202,-1,0,1,0,aQrQrQaQ,llama-8b,meta-llama/llama-3.1-8b-instruct,coreweave/bf16,101,1.0,CoreWeave,A,4.906e-05,0.6513548714339145,0.00039902088409182745,0
political,political,0202,-1,1,0,0,rQaQaQrQ,llama-8b,meta-llama/llama-3.1-8b-instruct,coreweave/bf16,100,1.0,CoreWeave,A,4.906e-05,0.46879062662624377,0.0007033462128294143,0
political,political,0202,-1,1,0,0,rQaQaQrQ,llama-8b,meta-llama/llama-3.1-8b-instruct,coreweave/bf16,101,1.0,CoreWeave,B,4.906e-05,0.43782349911420193,0.0005857390525391137,0
political,political,0202,-1,1,1,0,aQaQrQrQ,llama-8b,meta-llama/llama-3.1-8b-instruct,coreweave/bf16,100,1.0,CoreWeave,A,4.906e-05,0.6224593312018546,0.00035959189066692154,0
political,political,0202,-1,1,1,0,aQaQrQrQ,llama-8b,meta-llama/llama-3.1-8b-instruct,coreweave/bf16,101,1.0,CoreWeave,A,4.906e-05,0.6224593312018546,0.0003545868883775283,0
political,political,0202,1,0,0,0,rQaQaQrQ,llama-8b,meta-llama/llama-3.1-8b-instruct,coreweave/bf16,100,1.0,CoreWeave,B,4.884e-05,0.5312093733737563,0.0003201057521964312,0
political,political,0202,1,0,0,0,rQaQaQrQ,llama-8b,meta-llama/llama-3.1-8b-instruct,coreweave/bf16,101,1.0,CoreWeave,B,4.884e-05,0.5312093733737563,0.0003201057521964312,0
political,political,0202,1,0,1,0,aQaQrQrQ,llama-8b,meta-llama/llama-3.1-8b-instruct,coreweave/bf16,100,1.0,CoreWeave,A,4.884e-05,0.7549149758396752,0.00020598379824840474,0
political,political,0202,1,0,1,0,aQaQrQrQ,llama-8b,meta-llama/llama-3.1-8b-instruct,coreweave/bf16,101,1.0,CoreWeave,A,4.884e-05,0.7772998560157665,0.00018200256414635518,0
political,political,0202,1,1,0,0,aQaQrQrQ,llama-8b,meta-llama/llama-3.1-8b-instruct,coreweave/bf16,100,1.0,CoreWeave,B,4.884e-05,0.2018132150593341,0.00016143546484959082,0
political,political,0202,1,1,0,0,aQaQrQrQ,llama-8b,meta-llama/llama-3.1-8b-instruct,coreweave/bf16,101,1.0,CoreWeave,B,4.884e-05,0.2018132150593341,0.00016143546484959082,0
political,political,0202,1,1,1,0,aQrQrQaQ,llama-8b,meta-llama/llama-3.1-8b-instruct,coreweave/bf16,100,1.0,CoreWeave,A,4.884e-05,0.5926665999540698,0.00018749880526891527,0
political,political,0202,1,1,1,0,aQrQrQaQ,llama-8b,meta-llama/llama-3.1-8b-instruct,coreweave/bf16,101,1.0,CoreWeave,A,4.884e-05,0.5621765008857982,0.00017593443963032085,0
political,political,0212,-1,0,0,0,rQrQrPaQaQ,llama-8b,meta-llama/llama-3.1-8b-instruct,coreweave/bf16,100,1.0,CoreWeave,A,5.126e-05,0.5312093733737563,0.0001785800183272679,0
political,political,0212,-1,0,0,0,rQrQrPaQaQ,llama-8b,meta-llama/llama-3.1-8b-instruct,coreweave/bf16,101,1.0,CoreWeave,B,5.126e-05,0.5312093733737563,0.00016952168920580934,0
political,political,0212,-1,0,1,0,rQaQrQaQrP,llama-8b,meta-llama/llama-3.1-8b-instruct,coreweave/bf16,100,1.0,CoreWeave,A,5.126e-05,0.7310585727705127,0.00018424300677810646,0
political,political,0212,-1,0,1,0,rQaQrQaQrP,llama-8b,meta-llama/llama-3.1-8b-instruct,coreweave/bf16,101,1.0,CoreWeave,A,5.126e-05,0.7057850278370112,0.00020120506305104646,0
political,political,0212,-1,1,0,0,rQaQaQrQrP,llama-8b,meta-llama/llama-3.1-8b-instruct,coreweave/bf16,100,1.0,CoreWeave,A,5.126e-05,0.4378234991142019,0.00014417024871482553,0
political,political,0212,-1,1,0,0,rQaQaQrQrP,llama-8b,meta-llama/llama-3.1-8b-instruct,coreweave/bf16,101,1.0,CoreWeave,A,5.126e-05,0.4378234991142019,0.00014417024871482553,0
political,political,0212,-1,1,1,0,aQrQrQrPaQ,llama-8b,meta-llama/llama-3.1-8b-instruct,coreweave/bf16,100,1.0,CoreWeave,B,5.126e-05,0.5312093733737563,0.00016928331101540017,0
political,political,0212,-1,1,1,0,aQrQrQrPaQ,llama-8b,meta-llama/llama-3.1-8b-instruct,coreweave/bf16,101,1.0,CoreWeave,A,5.126e-05,0.5,0.00018499760786894193,0
political,political,0212,1,0,0,0,rPrQaQrQaQ,llama-8b,meta-llama/llama-3.1-8b-instruct,coreweave/bf16,100,1.0,CoreWeave,B,5.104e-05,0.5312093733737563,0.00041788088250760413,0
political,political,0212,1,0,0,0,rPrQaQrQaQ,llama-8b,meta-llama/llama-3.1-8b-instruct,coreweave/bf16,101,1.0,CoreWeave,B,5.104e-05,0.5312093733737563,0.0003692626346836203,0
political,political,0212,1,0,1,0,rQrPaQaQrQ,llama-8b,meta-llama/llama-3.1-8b-instruct,coreweave/bf16,100,1.0,CoreWeave,A,5.104e-05,0.8175744695262775,0.00041038572966903275,0
political,political,0212,1,0,1,0,rQrPaQaQrQ,llama-8b,meta-llama/llama-3.1-8b-instruct,coreweave/bf16,101,1.0,CoreWeave,A,5.104e-05,0.817574471748733,0.00039130771096040906,0
political,political,0212,1,1,0,0,rPrQaQrQaQ,llama-8b,meta-llama/llama-3.1-8b-instruct,coreweave/bf16,100,1.0,CoreWeave,B,5.104e-05,0.3208212943308302,0.00022571082464106773,0
political,political,0212,1,1,0,0,rPrQaQrQaQ,llama-8b,meta-llama/llama-3.1-8b-instruct,coreweave/bf16,101,1.0,CoreWeave,B,5.104e-05,0.3208212943308302,0.00022571082464106773,0
political,political,0212,1,1,1,0,aQrPrQrQaQ,llama-8b,meta-llama/llama-3.1-8b-instruct,coreweave/bf16,100,1.0,CoreWeave,B,5.104e-05,0.5926665999540698,0.00014625927425221397,0
political,political,0212,1,1,1,0,aQrPrQrQaQ,llama-8b,meta-llama/llama-3.1-8b-instruct,coreweave/bf16,101,1.0,CoreWeave,A,5.104e-05,0.5621765008857981,0.00015853279398325704,0
political,political,0220,-1,0,0,0,aQrPaQrP,llama-8b,meta-llama/llama-3.1-8b-instruct,coreweave/bf16,100,1.0,CoreWeave,A,4.862e-05,0.4378234991142019,0.0002285546966410701,0
political,political,0220,-1,0,0,0,aQrPaQrP,llama-8b,meta-llama/llama-3.1-8b-instruct,coreweave/bf16,101,1.0,CoreWeave,A,4.862e-05,0.4378234991142019,0.0002285546966410701,0
political,political,0220,-1,0,1,0,rPaQaQrP,llama-8b,meta-llama/llama-3.1-8b-instruct,coreweave/bf16,100,1.0,CoreWeave,A,4.862e-05,0.5926665999540698,0.00027414395454783413,0
political,political,0220,-1,0,1,0,rPaQaQrP,llama-8b,meta-llama/llama-3.1-8b-instruct,coreweave/bf16,101,1.0,CoreWeave,A,4.862e-05,0.5926665999540698,0.00027563366105093356,0
political,political,0220,-1,1,0,0,aQrPaQrP,llama-8b,meta-llama/llama-3.1-8b-instruct,coreweave/bf16,100,1.0,CoreWeave,A,4.862e-05,0.6224593312018546,0.0007400178724845663,0
political,political,0220,-1,1,0,0,aQrPaQrP,llama-8b,meta-llama/llama-3.1-8b-instruct,coreweave/bf16,101,1.0,CoreWeave,A,4.862e-05,0.6513548714339145,0.0006601892559148226,0
political,political,0220,-1,1,1,0,rPaQaQrP,llama-8b,meta-llama/llama-3.1-8b-instruct,coreweave/bf16,100,1.0,CoreWeave,B,4.862e-05,0.6224593312018545,0.00021092072371559079,0
political,political,0220,-1,1,1,0,rPaQaQrP,llama-8b,meta-llama/llama-3.1-8b-instruct,coreweave/bf16,101,1.0,CoreWeave,B,4.862e-05,0.5926665999540698,0.00022361179525626218,0
political,political,0220,1,0,0,0,aQrPrPaQ,llama-8b,meta-llama/llama-3.1-8b-instruct,coreweave/bf16,100,1.0,CoreWeave,A,4.84e-05,0.5312093733737563,0.00013352593880533448,0
political,political,0220,1,0,0,0,aQrPrPaQ,llama-8b,meta-llama/llama-3.1-8b-instruct,coreweave/bf16,101,1.0,CoreWeave,B,4.84e-05,0.5312093733737563,0.00012297726973742318,0
political,political,0220,1,0,1,0,aQrPaQrP,llama-8b,meta-llama/llama-3.1-8b-instruct,coreweave/bf16,100,1.0,CoreWeave,A,4.84e-05,0.7549149758396752,0.0002650976788409476,0
political,political,0220,1,0,1,0,aQrPaQrP,llama-8b,meta-llama/llama-3.1-8b-instruct,coreweave/bf16,101,1.0,CoreWeave,B,4.84e-05,0.7549149758396752,0.0002650976788409476,0
political,political,0220,1,1,0,0,rPaQrPaQ,llama-8b,meta-llama/llama-3.1-8b-instruct,coreweave/bf16,100,1.0,CoreWeave,B,4.84e-05,0.3775406687981454,0.0002285002306731121,0
political,political,0220,1,1,0,0,rPaQrPaQ,llama-8b,meta-llama/llama-3.1-8b-instruct,coreweave/bf16,101,1.0,CoreWeave,B,4.84e-05,0.3775406687981454,0.00019554585068481956,0
political,political,0220,1,1,1,0,aQaQrPrP,llama-8b,meta-llama/llama-3.1-8b-instruct,coreweave/bf16,100,1.0,CoreWeave,B,4.84e-05,0.5621765008857981,0.00011866281329159234,0
political,political,0220,1,1,1,0,aQaQrPrP,llama-8b,meta-llama/llama-3.1-8b-instruct,coreweave/bf16,101,1.0,CoreWeave,A,4.84e-05,0.5621765008857981,0.00012116590817917716,0
political,political,0231,-1,0,0,0,aQrQaQrPrPrP,llama-8b,meta-llama/llama-3.1-8b-instruct,coreweave/bf16,100,1.0,CoreWeave,B,5.324e-05,0.5312093733737563,9.794608422530882e-05,0
political,political,0231,-1,0,0,0,aQrQaQrPrPrP,llama-8b,meta-llama/llama-3.1-8b-instruct,coreweave/bf16,101,1.0,CoreWeave,A,5.324e-05,0.5312093733737563,9.794608422530882e-05,0
political,political,0231,-1,0,1,0,rPaQrPrPrQaQ,llama-8b,meta-llama/llama-3.1-8b-instruct,coreweave/bf16,100,1.0,CoreWeave,B,5.324e-05,0.705785040214066,0.0002482400921399175,0
political,political,0231,-1,0,1,0,rPaQrPrPrQaQ,llama-8b,meta-llama/llama-3.1-8b-instruct,coreweave/bf16,101,1.0,CoreWeave,A,5.324e-05,0.705785040214066,0.0002482400921399175,0
political,political,0231,-1,1,0,0,rPrQrPaQaQrP,llama-8b,meta-llama/llama-3.1-8b-instruct,coreweave/bf16,100,1.0,CoreWeave,A,5.324e-05,0.4378234991142019,0.0002503051830182734,0
political,political,0231,-1,1,0,0,rPrQrPaQaQrP,llama-8b,meta-llama/llama-3.1-8b-instruct,coreweave/bf16,101,1.0,CoreWeave,A,5.324e-05,0.4378234991142019,0.0002503051830182734,0
political,political,0231,-1,1,1,0,aQrQrPrPaQrP,llama-8b,meta-llama/llama-3.1-8b-instruct,coreweave/bf16,100,1.0,CoreWeave,A,5.324e-05,0.5312093733737563,0.0002650471739963911,0
political,political,0231,-1,1,1,0,aQrQrPrPaQrP,llama-8b,meta-llama/llama-3.1-8b-instruct,coreweave/bf16,101,1.0,CoreWeave,B,5.324e-05,0.5312093733737563,0.0002755943442315778,0
political,political,0231,1,0,0,0,aQrQrPrPrPaQ,llama-8b,meta-llama/llama-3.1-8b-instruct,coreweave/bf16,100,1.0,CoreWeave,B,5.302e-05,0.5926665999540698,0.00018708165089903472,0
political,political,0231,1,0,0,0,aQrQrPrPrPaQ,llama-8b,meta-llama/llama-3.1-8b-instruct,coreweave/bf16,101,1.0,CoreWeave,A,5.302e-05,0.5926665999540698,0.0001743881561344085,0
political,political,0231,1,0,1,0,rQaQrPaQrPrP,llama-8b,meta-llama/llama-3.1-8b-instruct,coreweave/bf16,100,1.0,CoreWeave,A,5.302e-05,0.7549149758396752,0.0004102455643811842,0
political,political,0231,1,0,1,0,rQaQrPaQrPrP,llama-8b,meta-llama/llama-3.1-8b-instruct,coreweave/bf16,101,1.0,CoreWeave,A,5.302e-05,0.7549149868676283,0.0004079365364295928,0
political,political,0231,1,1,0,0,rPrQrPaQrPaQ,llama-8b,meta-llama/llama-3.1-8b-instruct,coreweave/bf16,100,1.0,CoreWeave,B,5.302e-05,0.40733340004593027,0.0001796324364186086,0
political,political,0231,1,1,0,0,rPrQrPaQrPaQ,llama-8b,meta-llama/llama-3.1-8b-instruct,coreweave/bf16,101,1.0,CoreWeave,B,5.302e-05,0.37754066879814546,0.00016735796938127656,0
political,political,0231,1,1,1,0,rPrPaQrQrPaQ,llama-8b,meta-llama/llama-3.1-8b-instruct,coreweave/bf16,100,1.0,CoreWeave,B,5.302e-05,0.6224593312018546,0.00024488762827012955,0
political,political,0231,1,1,1,0,rPrPaQrQrPaQ,llama-8b,meta-llama/llama-3.1-8b-instruct,coreweave/bf16,101,1.0,CoreWeave,B,5.302e-05,0.6224593312018546,0.00024488762827012955,0
political,political,0501,-1,0,0,0,aQaQrQaQaQaQ,llama-8b,meta-llama/llama-3.1-8b-instruct,coreweave/bf16,100,1.0,CoreWeave,A,5.39e-05,0.5312093733737563,0.00017345492114201333,0
political,political,0501,-1,0,0,0,aQaQrQaQaQaQ,llama-8b,meta-llama/llama-3.1-8b-instruct,coreweave/bf16,101,1.0,CoreWeave,A,5.39e-05,0.5312093733737563,0.00015504011099060078,0
political,political,0501,-1,0,1,0,aQaQaQaQaQrQ,llama-8b,meta-llama/llama-3.1-8b-instruct,coreweave/bf16,100,1.0,CoreWeave,B,5.39e-05,0.6224593312018546,0.00022599740448614458,0
political,political,0501,-1,0,1,0,aQaQaQaQaQrQ,llama-8b,meta-llama/llama-3.1-8b-instruct,coreweave/bf16,101,1.0,CoreWeave,B,5.39e-05,0.6224593382055109,0.00018772059135263586,0
political,political,0501,-1,1,0,0,aQaQaQrQaQaQ,llama-8b,meta-llama/llama-3.1-8b-instruct,coreweave/bf16,100,1.0,CoreWeave,B,5.39e-05,0.5926665999540698,0.0004065999800210718,0
political,political,0501,-1,1,0,0,aQaQaQrQaQaQ,llama-8b,meta-llama/llama-3.1-8b-instruct,coreweave/bf16,101,1.0,CoreWeave,A,5.39e-05,0.6224593382055109,0.00041367343959514136,0
political,political,0501,-1,1,1,0,aQaQrQaQaQaQ,llama-8b,meta-llama/llama-3.1-8b-instruct,coreweave/bf16,100,1.0,CoreWeave,A,5.39e-05,0.5621765008857981,0.0002205098763239377,0
political,political,0501,-1,1,1,0,aQaQrQaQaQaQ,llama-8b,meta-llama/llama-3.1-8b-instruct,coreweave/bf16,101,1.0,CoreWeave,B,5.39e-05,0.5621765008857981,0.0002205098763239377,0
political,political,0501,1,0,0,0,aQaQrQaQaQaQ,llama-8b,meta-llama/llama-3.1-8b-instruct,coreweave/bf16,100,1.0,CoreWeave,B,5.368e-05,0.46879062662624377,0.0001331087619161897,0
political,political,0501,1,0,0,0,aQaQrQaQaQaQ,llama-8b,meta-llama/llama-3.1-8b-instruct,coreweave/bf16,101,1.0,CoreWeave,B,5.368e-05,0.5,0.00012671335063196842,0
political,political,0501,1,0,1,0,aQaQaQrQaQaQ,llama-8b,meta-llama/llama-3.1-8b-instruct,coreweave/bf16,100,1.0,CoreWeave,B,5.368e-05,0.7310585786300049,0.00021926168413316516,0
political,political,0501,1,0,1,0,aQaQaQrQaQaQ,llama-8b,meta-llama/llama-3.1-8b-instruct,coreweave/bf16,101,1.0,CoreWeave,A,5.368e-05,0.7310585786300049,0.00021926168413316516,0
political,political,0501,1,1,0,0,aQaQrQaQaQaQ,llama-8b,meta-llama/llama-3.1-8b-instruct,coreweave/bf16,100,1.0,CoreWeave,A,5.368e-05,0.24508501313237172,0.0001450335540420511,0
political,political,0501,1,1,0,0,aQaQrQaQaQaQ,llama-8b,meta-llama/llama-3.1-8b-instruct,coreweave/bf16,101,1.0,CoreWeave,B,5.368e-05,0.2450850131323717,0.00016553436790200937,0
political,political,0501,1,1,1,0,aQaQrQaQaQaQ,llama-8b,meta-llama/llama-3.1-8b-instruct,coreweave/bf16,100,1.0,CoreWeave,A,5.368e-05,0.5926665999540698,0.00020376768993479732,0
political,political,0501,1,1,1,0,aQaQrQaQaQaQ,llama-8b,meta-llama/llama-3.1-8b-instruct,coreweave/bf16,101,1.0,CoreWeave,A,5.368e-05,0.6224593312018546,0.00017212553157142096,0
political,political,1000,-1,0,0,0,aP,llama-8b,meta-llama/llama-3.1-8b-instruct,coreweave/bf16,100,1.0,CoreWeave,B,4.158e-05,0.34864513533394575,0.00011527596279115038,0
political,political,1000,-1,0,0,0,aP,llama-8b,meta-llama/llama-3.1-8b-instruct,coreweave/bf16,101,1.0,CoreWeave,B,4.158e-05,0.3486451217982255,0.0001153563390351442,0
political,political,1000,-1,0,1,0,aP,llama-8b,meta-llama/llama-3.1-8b-instruct,coreweave/bf16,100,1.0,CoreWeave,B,4.158e-05,0.5312093733737563,0.00017995067940101972,0
political,political,1000,-1,0,1,0,aP,llama-8b,meta-llama/llama-3.1-8b-instruct,coreweave/bf16,101,1.0,CoreWeave,A,4.158e-05,0.5312093733737563,0.0001741104582937414,0
political,political,1000,-1,1,0,0,aP,llama-8b,meta-llama/llama-3.1-8b-instruct,coreweave/bf16,100,1.0,CoreWeave,A,4.158e-05,0.5,0.00014542666242389757,0
political,political,1000,-1,1,0,0,aP,llama-8b,meta-llama/llama-3.1-8b-instruct,coreweave/bf16,101,1.0,CoreWeave,A,4.158e-05,0.5,0.00016568908917635738,0
political,political,1000,-1,1,1,0,aP,llama-8b,meta-llama/llama-3.1-8b-instruct,coreweave/bf16,100,1.0,CoreWeave,B,4.158e-05,0.6224593312018546,0.00015061172702185432,0
political,political,1000,-1,1,1,0,aP,llama-8b,meta-llama/llama-3.1-8b-instruct,coreweave/bf16,101,1.0,CoreWeave,A,4.158e-05,0.6513548511303336,0.00014427887951257157,0
political,political,1000,1,0,0,0,aP,llama-8b,meta-llama/llama-3.1-8b-instruct,coreweave/bf16,100,1.0,CoreWeave,A,4.136e-05,0.9796676488463552,0.0009802710486336193,0
political,political,1000,1,0,0,0,aP,llama-8b,meta-llama/llama-3.1-8b-instruct,coreweave/bf16,101,1.0,CoreWeave,A,4.136e-05,0.9796676488463552,0.0009802710486336193,0
political,political,1000,1,0,1,0,aP,llama-8b,meta-llama/llama-3.1-8b-instruct,coreweave/bf16,100,1.0,CoreWeave,A,4.136e-05,0.9706877694606352,0.0006079425559240258,0
political,political,1000,1,0,1,0,aP,llama-8b,meta-llama/llama-3.1-8b-instruct,coreweave/bf16,101,1.0,CoreWeave,A,4.136e-05,0.9706877694606352,0.0006079425559240258,0
political,political,1000,1,1,0,0,aP,llama-8b,meta-llama/llama-3.1-8b-instruct,coreweave/bf16,100,1.0,CoreWeave,B,4.136e-05,0.2018132270610754,0.0006014477212917813,0
political,political,1000,1,1,0,0,aP,llama-8b,meta-llama/llama-3.1-8b-instruct,coreweave/bf16,101,1.0,CoreWeave,B,4.136e-05,0.2018132270610754,0.0006150293144245866,0
political,political,1000,1,1,1,0,aP,llama-8b,meta-llama/llama-3.1-8b-instruct,coreweave/bf16,100,1.0,CoreWeave,B,4.136e-05,0.11920293297380237,0.0008159456119721797,0
political,political,1000,1,1,1,0,aP,llama-8b,meta-llama/llama-3.1-8b-instruct,coreweave/bf16,101,1.0,CoreWeave,B,4.136e-05,0.13296425222296632,0.0008779042381880098,0
political,political,1010,-1,0,0,0,rPaP,llama-8b,meta-llama/llama-3.1-8b-instruct,coreweave/bf16,100,1.0,CoreWeave,B,4.378e-05,0.4073334000459302,0.00011312338975455472,0
political,political,1010,-1,0,0,0,rPaP,llama-8b,meta-llama/llama-3.1-8b-instruct,coreweave/bf16,101,1.0,CoreWeave,B,4.378e-05,0.4073334000459302,0.00011312338975455472,0
political,political,1010,-1,0,1,0,rPaP,llama-8b,meta-llama/llama-3.1-8b-instruct,coreweave/bf16,100,1.0,CoreWeave,A,4.378e-05,0.6513548511303336,0.00019100108718461684,0
political,political,1010,-1,0,1,0,rPaP,llama-8b,meta-llama/llama-3.1-8b-instruct,coreweave/bf16,101,1.0,CoreWeave,A,4.378e-05,0.6513548511303338,0.00019171620605157313,0
political,political,1010,-1,1,0,0,aPrP,llama-8b,meta-llama/llama-3.1-8b-instruct,coreweave/bf16,100,1.0,CoreWeave,B,4.378e-05,0.5,0.00011682018440484221,0
political,political,1010,-1,1,0,0,aPrP,llama-8b,meta-llama/llama-3.1-8b-instruct,coreweave/bf16,101,1.0,CoreWeave,A,4.378e-05,0.5,0.00011682018440484221,0
political,political,1010,-1,1,1,0,rPaP,llama-8b,meta-llama/llama-3.1-8b-instruct,coreweave/bf16,100,1.0,CoreWeave,B,4.378e-05,0.5,8.356412495341692e-05,0
political,political,1010,-1,1,1,0,rPaP,llama-8b,meta-llama/llama-3.1-8b-instruct,coreweave/bf16,101,1.0,CoreWeave,B,4.378e-05,0.5312093733737563,7.756308457151917e-05,0
political,political,1010,1,0,0,0,aPrP,llama-8b,meta-llama/llama-3.1-8b-instruct,coreweave/bf16,100,1.0,CoreWeave,B,4.356e-05,0.5,0.0002271889992079834,0
political,political,1010,1,0,0,0,aPrP,llama-8b,meta-llama/llama-3.1-8b-instruct,coreweave/bf16,101,1.0,CoreWeave,A,4.356e-05,0.5,0.0002200380412435421,0
political,political,1010,1,0,1,0,aPrP,llama-8b,meta-llama/llama-3.1-8b-instruct,coreweave/bf16,100,1.0,CoreWeave,A,4.356e-05,0.6513548782017745,0.00021380700628192972,0
political,political,1010,1,0,1,0,aPrP,llama-8b,meta-llama/llama-3.1-8b-instruct,coreweave/bf16,101,1.0,CoreWeave,A,4.356e-05,0.6791787056691698,0.00019972872760226634,0
political,political,1010,1,1,0,0,aPrP,llama-8b,meta-llama/llama-3.1-8b-instruct,coreweave/bf16,100,1.0,CoreWeave,B,4.356e-05,0.5,0.00030280724938580583,0
political,political,1010,1,1,0,0,aPrP,llama-8b,meta-llama/llama-3.1-8b-instruct,coreweave/bf16,101,1.0,CoreWeave,B,4.356e-05,0.5,0.00030280724938580583,0
political,political,1010,1,1,1,0,rPaP,llama-8b,meta-llama/llama-3.1-8b-instruct,coreweave/bf16,100,1.0,CoreWeave,A,4.356e-05,0.679178686187839,0.0001067012512255272,0
political,political,1010,1,1,1,0,rPaP,llama-8b,meta-llama/llama-3.1-8b-instruct,coreweave/bf16,101,1.0,CoreWeave,B,4.356e-05,0.651354857898194,0.00012077835248996971,0
political,political,1011,-1,0,0,0,aPrQrP,llama-8b,meta-llama/llama-3.1-8b-instruct,coreweave/bf16,100,1.0,CoreWeave,B,4.62e-05,0.4378234991142019,0.00011109389301011685,0
political,political,1011,-1,0,0,0,aPrQrP,llama-8b,meta-llama/llama-3.1-8b-instruct,coreweave/bf16,101,1.0,CoreWeave,B,4.62e-05,0.46879062662624377,0.00011761349702243962,0
political,political,1011,-1,0,1,0,aPrQrP,llama-8b,meta-llama/llama-3.1-8b-instruct,coreweave/bf16,100,1.0,CoreWeave,A,4.62e-05,0.6791787121629466,0.00019148465843110696,0
political,political,1011,-1,0,1,0,aPrQrP,llama-8b,meta-llama/llama-3.1-8b-instruct,coreweave/bf16,101,1.0,CoreWeave,A,4.62e-05,0.7057850340255386,0.0001986811386796572,0
political,political,1011,-1,1,0,0,rPaPrQ,llama-8b,meta-llama/llama-3.1-8b-instruct,coreweave/bf16,100,1.0,CoreWeave,B,4.62e-05,0.40733340004593027,0.0001420875506563668,0
political,political,1011,-1,1,0,0,rPaPrQ,llama-8b,meta-llama/llama-3.1-8b-instruct,coreweave/bf16,101,1.0,CoreWeave,B,4.62e-05,0.37754067580180184,0.00015045148794567975,0
political,political,1011,-1,1,1,0,aPrPrQ,llama-8b,meta-llama/llama-3.1-8b-instruct,coreweave/bf16,100,1.0,CoreWeave,B,4.62e-05,0.5621765008857982,0.00017021338406880693,0
political,political,1011,-1,1,1,0,aPrPrQ,llama-8b,meta-llama/llama-3.1-8b-instruct,coreweave/bf16,101,1.0,CoreWeave,B,4.62e-05,0.5621765008857982,0.00017021338406880693,0
political,political,1011,1,0,0,0,rPrQaP,llama-8b,meta-llama/llama-3.1-8b-instruct,coreweave/bf16,100,1.0,CoreWeave,B,4.598e-05,0.43782349911420193,0.00019929507675864322,0
political,political,1011,1,0,0,0,rPrQaP,llama-8b,meta-llama/llama-3.1-8b-instruct,coreweave/bf16,101,1.0,CoreWeave,B,4.598e-05,0.43782349911420193,0.00019929507675864322,0
political,political,1011,1,0,1,0,aPrPrQ,llama-8b,meta-llama/llama-3.1-8b-instruct,coreweave/bf16,100,1.0,CoreWeave,A,4.598e-05,0.6513548511303336,0.00010709025580069031,0
political,political,1011,1,0,1,0,aPrPrQ,llama-8b,meta-llama/llama-3.1-8b-instruct,coreweave/bf16,101,1.0,CoreWeave,A,4.598e-05,0.6513548646660543,0.00010550188011765327,0
political,political,1011,1,1,0,0,aPrPrQ,llama-8b,meta-llama/llama-3.1-8b-instruct,coreweave/bf16,100,1.0,CoreWeave,B,4.598e-05,0.40733340004593027,0.00014000168233108123,0
political,political,1011,1,1,0,0,aPrPrQ,llama-8b,meta-llama/llama-3.1-8b-instruct,coreweave/bf16,101,1.0,CoreWeave,B,4.598e-05,0.4073334000459302,0.0001514441064617289,0
political,political,1011,1,1,1,0,rPrQaP,llama-8b,meta-llama/llama-3.1-8b-instruct,coreweave/bf16,100,1.0,CoreWeave,A,4.598e-05,0.6513548714339145,9.84498393576394e-05,0
political,political,1011,1,1,1,0,rPrQaP,llama-8b,meta-llama/llama-3.1-8b-instruct,coreweave/bf16,101,1.0,CoreWeave,B,4.598e-05,0.6513548714339145,9.84498393576394e-05,0
political,political,1113,-1,0,0,0,aPrQrPrQrQaQ,llama-8b,meta-llama/llama-3.1-8b-instruct,coreweave/bf16,100,1.0,CoreWeave,B,5.346e-05,0.46879062662624377,0.00012929456514532145,0
political,political,1113,-1,0,0,0,aPrQrPrQrQaQ,llama-8b,meta-llama/llama-3.1-8b-instruct,coreweave/bf16,101,1.0,CoreWeave,A,5.346e-05,0.5,0.00011562823005939471,0
political,political,1113,-1,0,1,0,rPrQrQaPaQrQ,llama-8b,meta-llama/llama-3.1-8b-instruct,coreweave/bf16,100,1.0,CoreWeave,B,5.346e-05,0.7057850278370112,0.00026723154120555925,0
political,political,1113,-1,0,1,0,rPrQrQaPaQrQ,llama-8b,meta-llama/llama-3.1-8b-instruct,coreweave/bf16,101,1.0,CoreWeave,B,5.346e-05,0.7057850216484838,0.0002654649065605419,0
political,political,1113,-1,1,0,0,rQrQaQrQaPrP,llama-8b,meta-llama/llama-3.1-8b-instruct,coreweave/bf16,100,1.0,CoreWeave,B,5.346e-05,0.40733340004593027,0.0002594255349862573,0
political,political,1113,-1,1,0,0,rQrQaQrQaPrP,llama-8b,meta-llama/llama-3.1-8b-instruct,coreweave/bf16,101,1.0,CoreWeave,B,5.346e-05,0.4073334000459302,0.0002479843466121068,0
political,political,1113,-1,1,1,0,rPrQaQaPrQrQ,llama-8b,meta-llama/llama-3.1-8b-instruct,coreweave/bf16,100,1.0,CoreWeave,B,5.346e-05,0.5312093733737562,0.00023566944092562325,0
political,political,1113,-1,1,1,0,rPrQaQaPrQrQ,llama-8b,meta-llama/llama-3.1-8b-instruct,coreweave/bf16,101,1.0,CoreWeave,A,5.346e-05,0.5,0.00027122585464289806,0
political,political,1113,1,0,0,0,rPaPaQrQrQrQ,llama-8b,meta-llama/llama-3.1-8b-instruct,coreweave/bf16,100,1.0,CoreWeave,B,5.324e-05,0.5,0.00019703544624793956,0
political,political,1113,1,0,0,0,rPaPaQrQrQrQ,llama-8b,meta-llama/llama-3.1-8b-instruct,coreweave/bf16,101,1.0,CoreWeave,B,5.324e-05,0.5,0.00021288703213118154,0
political,political,1113,1,0,1,0,aQrQrQrPrQaP,llama-8b,meta-llama/llama-3.1-8b-instruct,coreweave/bf16,100,1.0,CoreWeave,A,5.324e-05,0.8175744761936437,0.000162107321564936,0
political,political,1113,1,0,1,0,aQrQrQrPrQaP,llama-8b,meta-llama/llama-3.1-8b-instruct,coreweave/bf16,101,1.0,CoreWeave,A,5.324e-05,0.798186768138228,0.0001642600758215429,0
political,political,1113,1,1,0,0,rQaQrPaPrQrQ,llama-8b,meta-llama/llama-3.1-8b-instruct,coreweave/bf16,100,1.0,CoreWeave,B,5.324e-05,0.2942149659744614,0.0002730501900810589,0
political,political,1113,1,1,0,0,rQaQrPaPrQrQ,llama-8b,meta-llama/llama-3.1-8b-instruct,coreweave/bf16,101,1.0,CoreWeave,A,5.324e-05,0.2942149659744614,0.0002730501900810589,0
political,political,1113,1,1,1,0,rQaPaQrPrQrQ,llama-8b,meta-llama/llama-3.1-8b-instruct,coreweave/bf16,100,1.0,CoreWeave,A,5.324e-05,0.5621765008857981,0.000367749632962433,0
political,political,1113,1,1,1,0,rQaPaQrPrQrQ,llama-8b,meta-llama/llama-3.1-8b-instruct,coreweave/bf16,101,1.0,CoreWeave,A,5.324e-05,0.5312093733737563,0.00042908181033168846,0
political,political,1200,-1,0,0,0,aQaQaP,llama-8b,meta-llama/llama-3.1-8b-instruct,coreweave/bf16,100,1.0,CoreWeave,A,4.642e-05,0.5,0.00013589126068819235,0
political,political,1200,-1,0,0,0,aQaQaP,llama-8b,meta-llama/llama-3.1-8b-instruct,coreweave/bf16,101,1.0,CoreWeave,A,4.642e-05,0.5,0.0001283820678174563,0
political,political,1200,-1,0,1,0,aQaPaQ,llama-8b,meta-llama/llama-3.1-8b-instruct,coreweave/bf16,100,1.0,CoreWeave,A,4.642e-05,0.6791787121629465,0.0005835312359679379,0
political,political,1200,-1,0,1,0,aQaPaQ,llama-8b,meta-llama/llama-3.1-8b-instruct,coreweave/bf16,101,1.0,CoreWeave,B,4.642e-05,0.6791786926816161,0.0005815665465482289,0
political,political,1200,-1,1,0,0,aPaQaQ,llama-8b,meta-llama/llama-3.1-8b-instruct,coreweave/bf16,100,1.0,CoreWeave,A,4.642e-05,0.5,0.0002631217887263393,0
political,political,1200,-1,1,0,0,aPaQaQ,llama-8b,meta-llama/llama-3.1-8b-instruct,coreweave/bf16,101,1.0,CoreWeave,B,4.642e-05,0.5,0.0002565669814735827,0
political,political,1200,-1,1,1,0,aPaQaQ,llama-8b,meta-llama/llama-3.1-8b-instruct,coreweave/bf16,100,1.0,CoreWeave,B,4.642e-05,0.5926665999540698,0.00023511285318322805,0
political,political,1200,-1,1,1,0,aPaQaQ,llama-8b,meta-llama/llama-3.1-8b-instruct,coreweave/bf16,101,1.0,CoreWeave,A,4.642e-05,0.5926665999540698,0.00023511285318322805,0
political,political,1200,1,0,0,0,aQaPaQ,llama-8b,meta-llama/llama-3.1-8b-instruct,coreweave/bf16,100,1.0,CoreWeave,A,4.62e-05,0.5312093733737563,0.00035818020313999055,0
political,political,1200,1,0,0,0,aQaPaQ,llama-8b,meta-llama/llama-3.1-8b-instruct,coreweave/bf16,101,1.0,CoreWeave,A,4.62e-05,0.5312093733737563,0.00035818020313999055,0
political,political,1200,1,0,1,0,aPaQaQ,llama-8b,meta-llama/llama-3.1-8b-instruct,coreweave/bf16,100,1.0,CoreWeave,B,4.62e-05,0.754914975839675,0.0006640249626377881,0
political,political,1200,1,0,1,0,aPaQaQ,llama-8b,meta-llama/llama-3.1-8b-instruct,coreweave/bf16,101,1.0,CoreWeave,A,4.62e-05,0.754914975839675,0.0006640249626377881,0
political,political,1200,1,1,0,0,aPaQaQ,llama-8b,meta-llama/llama-3.1-8b-instruct,coreweave/bf16,100,1.0,CoreWeave,B,4.62e-05,0.32082130731838393,0.0008143389196917372,0
political,political,1200,1,1,0,0,aPaQaQ,llama-8b,meta-llama/llama-3.1-8b-instruct,coreweave/bf16,101,1.0,CoreWeave,A,4.62e-05,0.32082130731838393,0.0008143389196917372,0
political,political,1200,1,1,1,0,aPaQaQ,llama-8b,meta-llama/llama-3.1-8b-instruct,coreweave/bf16,100,1.0,CoreWeave,B,4.62e-05,0.5621765008857981,0.0010431298979111103,0
political,political,1200,1,1,1,0,aPaQaQ,llama-8b,meta-llama/llama-3.1-8b-instruct,coreweave/bf16,101,1.0,CoreWeave,B,4.62e-05,0.5621765008857981,0.0010431298979111103,0
political,political,1211,-1,0,0,0,aPrQrPaQaQ,llama-8b,meta-llama/llama-3.1-8b-instruct,coreweave/bf16,100,1.0,CoreWeave,B,5.104e-05,0.46879062662624377,0.00011600435959702171,0
political,political,1211,-1,0,0,0,aPrQrPaQaQ,llama-8b,meta-llama/llama-3.1-8b-instruct,coreweave/bf16,101,1.0,CoreWeave,A,5.104e-05,0.4687906266262437,0.00013185723020459061,0
political,political,1211,-1,0,1,0,aPaQaQrPrQ,llama-8b,meta-llama/llama-3.1-8b-instruct,coreweave/bf16,100,1.0,CoreWeave,B,5.104e-05,0.6513548646660543,0.00020073551811278234,0
political,political,1211,-1,0,1,0,aPaQaQrPrQ,llama-8b,meta-llama/llama-3.1-8b-instruct,coreweave/bf16,101,1.0,CoreWeave,B,5.104e-05,0.6513548646660543,0.00020073551811278234,0
political,political,1211,-1,1,0,0,rQaPaQaQrP,llama-8b,meta-llama/llama-3.1-8b-instruct,coreweave/bf16,100,1.0,CoreWeave,B,5.104e-05,0.43782349911420193,0.000226707373256807,0
political,political,1211,-1,1,0,0,rQaPaQaQrP,llama-8b,meta-llama/llama-3.1-8b-instruct,coreweave/bf16,101,1.0,CoreWeave,B,5.104e-05,0.43782349911420193,0.000226707373256807,0
political,political,1211,-1,1,1,0,aQrQrPaQaP,llama-8b,meta-llama/llama-3.1-8b-instruct,coreweave/bf16,100,1.0,CoreWeave,B,5.104e-05,0.5312093733737563,0.00015968854167081048,0
political,political,1211,-1,1,1,0,aQrQrPaQaP,llama-8b,meta-llama/llama-3.1-8b-instruct,coreweave/bf16,101,1.0,CoreWeave,B,5.104e-05,0.5,0.00018034929485505335,0
political,political,1211,1,0,0,0,rPaQaPrQaQ,llama-8b,meta-llama/llama-3.1-8b-instruct,coreweave/bf16,100,1.0,CoreWeave,A,5.082e-05,0.5312093733737563,0.00026325950699618295,0
political,political,1211,1,0,0,0,rPaQaPrQaQ,llama-8b,meta-llama/llama-3.1-8b-instruct,coreweave/bf16,101,1.0,CoreWeave,B,5.082e-05,0.5312093733737563,0.00026325950699618295,0
political,political,1211,1,0,1,0,rPaPaQrQaQ,llama-8b,meta-llama/llama-3.1-8b-instruct,coreweave/bf16,100,1.0,CoreWeave,B,5.082e-05,0.7057850340255386,0.0004089024417592291,0
political,political,1211,1,0,1,0,rPaPaQrQaQ,llama-8b,meta-llama/llama-3.1-8b-instruct,coreweave/bf16,101,1.0,CoreWeave,A,5.082e-05,0.7310585727705127,0.00040197454019241796,0
political,political,1211,1,1,0,0,rQaQrPaQaP,llama-8b,meta-llama/llama-3.1-8b-instruct,coreweave/bf16,100,1.0,CoreWeave,A,5.082e-05,0.2942149783515162,0.0005357232663267819,0
political,political,1211,1,1,0,0,rQaQrPaQaP,llama-8b,meta-llama/llama-3.1-8b-instruct,coreweave/bf16,101,1.0,CoreWeave,A,5.082e-05,0.29421498454004374,0.0005407483843654637,0
political,political,1211,1,1,1,0,aPrPaQrQaQ,llama-8b,meta-llama/llama-3.1-8b-instruct,coreweave/bf16,100,1.0,CoreWeave,A,5.082e-05,0.5621765008857981,0.0003900333238066045,0
political,political,1211,1,1,1,0,aPrPaQrQaQ,llama-8b,meta-llama/llama-3.1-8b-instruct,coreweave/bf16,101,1.0,CoreWeave,B,5.082e-05,0.5621765008857981,0.0003900333238066045,0
political,political,1220,-1,0,0,0,aQaQaPrPrP,llama-8b,meta-llama/llama-3.1-8b-instruct,coreweave/bf16,100,1.0,CoreWeave,B,5.082e-05,0.4687906266262437,0.00011224969553380593,0
political,political,1220,-1,0,0,0,aQaQaPrPrP,llama-8b,meta-llama/llama-3.1-8b-instruct,coreweave/bf16,101,1.0,CoreWeave,B,5.082e-05,0.46879062662624377,0.00011344165390669847,0
political,political,1220,-1,0,1,0,aQaPrPrPaQ,llama-8b,meta-llama/llama-3.1-8b-instruct,coreweave/bf16,100,1.0,CoreWeave,A,5.082e-05,0.7057850278370112,0.0004325169760768799,0
political,political,1220,-1,0,1,0,aQaPrPrPaQ,llama-8b,meta-llama/llama-3.1-8b-instruct,coreweave/bf16,101,1.0,CoreWeave,A,5.082e-05,0.7057850278370112,0.0004325169760768799,0
political,political,1220,-1,1,0,0,rPaPaQaQrP,llama-8b,meta-llama/llama-3.1-8b-instruct,coreweave/bf16,100,1.0,CoreWeave,A,5.082e-05,0.4687906266262437,0.00016302586319050238,0
political,political,1220,-1,1,0,0,rPaPaQaQrP,llama-8b,meta-llama/llama-3.1-8b-instruct,coreweave/bf16,101,1.0,CoreWeave,B,5.082e-05,0.46879062662624366,0.00015742392429540786,0
political,political,1220,-1,1,1,0,rPaPaQrPaQ,llama-8b,meta-llama/llama-3.1-8b-instruct,coreweave/bf16,100,1.0,CoreWeave,B,5.082e-05,0.5621765008857981,0.00018952181538944846,0
political,political,1220,-1,1,1,0,rPaPaQrPaQ,llama-8b,meta-llama/llama-3.1-8b-instruct,coreweave/bf16,101,1.0,CoreWeave,B,5.082e-05,0.5621765008857982,0.00019399130652891783,0
political,political,1220,1,0,0,0,rPaPrPaQaQ,llama-8b,meta-llama/llama-3.1-8b-instruct,coreweave/bf16,100,1.0,CoreWeave,B,5.06e-05,0.46879062662624377,0.00023048504547651394,0
political,political,1220,1,0,0,0,rPaPrPaQaQ,llama-8b,meta-llama/llama-3.1-8b-instruct,coreweave/bf16,101,1.0,CoreWeave,B,5.06e-05,0.46879062662624377,0.00021332271701424155,0
political,political,1220,1,0,1,0,rPaPrPaQaQ,llama-8b,meta-llama/llama-3.1-8b-instruct,coreweave/bf16,100,1.0,CoreWeave,B,5.06e-05,0.651354857898194,0.0001679784154903774,0
political,political,1220,1,0,1,0,rPaPrPaQaQ,llama-8b,meta-llama/llama-3.1-8b-instruct,coreweave/bf16,101,1.0,CoreWeave,A,5.06e-05,0.651354857898194,0.00016952787473434316,0
political,political,1220,1,1,0,0,aQrPrPaPaQ,llama-8b,meta-llama/llama-3.1-8b-instruct,coreweave/bf16,100,1.0,CoreWeave,B,5.06e-05,0.29421497216298875,0.00015829743290596276,0
political,political,1220,1,1,0,0,aQrPrPaPaQ,llama-8b,meta-llama/llama-3.1-8b-instruct,coreweave/bf16,101,1.0,CoreWeave,B,5.06e-05,0.3486451285660856,0.00017211121396887297,0
political,political,1220,1,1,1,0,rPrPaPaQaQ,llama-8b,meta-llama/llama-3.1-8b-instruct,coreweave/bf16,100,1.0,CoreWeave,A,5.06e-05,0.6224593312018546,0.0001936388732075578,0
political,political,1220,1,1,1,0,rPrPaPaQaQ,llama-8b,meta-llama/llama-3.1-8b-instruct,coreweave/bf16,101,1.0,CoreWeave,A,5.06e-05,0.6224593312018546,0.0001936388732075578,0
political,political,2102,-1,0,0,0,rQaPaQrQaP,llama-8b,meta-llama/llama-3.1-8b-instruct,coreweave/bf16,100,1.0,CoreWeave,A,5.104e-05,0.6224593312018546,0.000259487083513088,0
political,political,2102,-1,0,0,0,rQaPaQrQaP,llama-8b,meta-llama/llama-3.1-8b-instruct,coreweave/bf16,101,1.0,CoreWeave,A,5.104e-05,0.5926665999540698,0.00026401389145624954,0
political,political,2102,-1,0,1,0,aPaPrQrQaQ,llama-8b,meta-llama/llama-3.1-8b-instruct,coreweave/bf16,100,1.0,CoreWeave,A,5.104e-05,0.6791787056691698,0.00017875186306154367,0
political,political,2102,-1,0,1,0,aPaPrQrQaQ,llama-8b,meta-llama/llama-3.1-8b-instruct,coreweave/bf16,101,1.0,CoreWeave,B,5.104e-05,0.6791787056691698,0.00017875186306154367,0
political,political,2102,-1,1,0,0,aPrQaPrQaQ,llama-8b,meta-llama/llama-3.1-8b-instruct,coreweave/bf16,100,1.0,CoreWeave,B,5.104e-05,0.43782349911420193,0.00018332408794696775,0
political,political,2102,-1,1,0,0,aPrQaPrQaQ,llama-8b,meta-llama/llama-3.1-8b-instruct,coreweave/bf16,101,1.0,CoreWeave,A,5.104e-05,0.43782349911420193,0.00018332408794696775,0
political,political,2102,-1,1,1,0,rQrQaQaPaP,llama-8b,meta-llama/llama-3.1-8b-instruct,coreweave/bf16,100,1.0,CoreWeave,A,5.104e-05,0.46879062662624377,0.00013078448749070937,0
political,political,2102,-1,1,1,0,rQrQaQaPaP,llama-8b,meta-llama/llama-3.1-8b-instruct,coreweave/bf16,101,1.0,CoreWeave,B,5.104e-05,0.5,0.00012623657378169062,0
political,political,2102,1,0,0,0,aPrQaQaPrQ,llama-8b,meta-llama/llama-3.1-8b-instruct,coreweave/bf16,100,1.0,CoreWeave,B,5.082e-05,0.6224593312018546,0.000484232197932144,0
political,political,2102,1,0,0,0,aPrQaQaPrQ,llama-8b,meta-llama/llama-3.1-8b-instruct,coreweave/bf16,101,1.0,CoreWeave,B,5.082e-05,0.651354857898194,0.0004660263345898086,0
political,political,2102,1,0,1,0,aQaPrQaPrQ,llama-8b,meta-llama/llama-3.1-8b-instruct,coreweave/bf16,100,1.0,CoreWeave,A,5.082e-05,0.8175744828610095,0.0003633623718981016,0
political,political,2102,1,0,1,0,aQaPrQaPrQ,llama-8b,meta-llama/llama-3.1-8b-instruct,coreweave/bf16,101,1.0,CoreWeave,A,5.082e-05,0.8354835391516133,0.0003932667202418416,0
political,political,2102,1,1,0,0,rQrQaPaPaQ,llama-8b,meta-llama/llama-3.1-8b-instruct,coreweave/bf16,100,1.0,CoreWeave,B,5.082e-05,0.2942149659744614,0.00013980171618288573,0
political,political,2102,1,1,0,0,rQrQaPaPaQ,llama-8b,meta-llama/llama-3.1-8b-instruct,coreweave/bf16,101,1.0,CoreWeave,B,5.082e-05,0.2942149659744614,0.00013980171618288573,0
political,political,2102,1,1,1,0,rQaPaPrQaQ,llama-8b,meta-llama/llama-3.1-8b-instruct,coreweave/bf16,100,1.0,CoreWeave,A,5.082e-05,0.5621765008857982,0.00039360820123296447,0
political,political,2102,1,1,1,0,rQaPaPrQaQ,llama-8b,meta-llama/llama-3.1-8b-instruct,coreweave/bf16,101,1.0,CoreWeave,A,5.082e-05,0.5621765008857981,0.0004249474126867825,0
political,political,2220,-1,0,0,0,aQaPrPrPaPaQ,llama-8b,meta-llama/llama-3.1-8b-instruct,coreweave/bf16,100,1.0,CoreWeave,A,5.302e-05,0.5621765008857981,0.00021216703132420633,0
political,political,2220,-1,0,0,0,aQaPrPrPaPaQ,llama-8b,meta-llama/llama-3.1-8b-instruct,coreweave/bf16,101,1.0,CoreWeave,A,5.302e-05,0.5312093733737563,0.00019437230375846104,0
political,political,2220,-1,0,1,0,aPaQaPaQrPrP,llama-8b,meta-llama/llama-3.1-8b-instruct,coreweave/bf16,100,1.0,CoreWeave,A,5.302e-05,0.6513548714339145,0.0002368286227029115,0
political,political,2220,-1,0,1,0,aPaQaPaQrPrP,llama-8b,meta-llama/llama-3.1-8b-instruct,coreweave/bf16,101,1.0,CoreWeave,B,5.302e-05,0.6513548714339145,0.0002368286227029115,0
political,political,2220,-1,1,0,0,rPrPaQaQaPaP,llama-8b,meta-llama/llama-3.1-8b-instruct,coreweave/bf16,100,1.0,CoreWeave,B,5.302e-05,0.46879062662624377,0.0001363865756415228,0
political,political,2220,-1,1,0,0,rPrPaQaQaPaP,llama-8b,meta-llama/llama-3.1-8b-instruct,coreweave/bf16,101,1.0,CoreWeave,A,5.302e-05,0.4687906266262437,0.00012685108769261433,0
political,political,2220,-1,1,1,0,rPrPaPaPaQaQ,llama-8b,meta-llama/llama-3.1-8b-instruct,coreweave/bf16,100,1.0,CoreWeave,B,5.302e-05,0.5621765008857981,0.00011526574592146677,0
political,political,2220,-1,1,1,0,rPrPaPaPaQaQ,llama-8b,meta-llama/llama-3.1-8b-instruct,coreweave/bf16,101,1.0,CoreWeave,B,5.302e-05,0.5621765008857981,0.00011526574592146677,0
political,political,2220,1,0,0,0,aQrPaPrPaPaQ,llama-8b,meta-llama/llama-3.1-8b-instruct,coreweave/bf16,100,1.0,CoreWeave,B,5.28e-05,0.5,0.00012516382503729995,0
political,political,2220,1,0,0,0,aQrPaPrPaPaQ,llama-8b,meta-llama/llama-3.1-8b-instruct,coreweave/bf16,101,1.0,CoreWeave,B,5.28e-05,0.5,0.0001288588436447191,0
political,political,2220,1,0,1,0,aPaQrPrPaQaP,llama-8b,meta-llama/llama-3.1-8b-instruct,coreweave/bf16,100,1.0,CoreWeave,A,5.28e-05,0.7310585786300049,0.0003471370271732055,0
political,political,2220,1,0,1,0,aPaQrPrPaQaP,llama-8b,meta-llama/llama-3.1-8b-instruct,coreweave/bf16,101,1.0,CoreWeave,B,5.28e-05,0.7310585844894971,0.0003346025386123386,0
political,political,2220,1,1,0,0,aPaQrPaQrPaP,llama-8b,meta-llama/llama-3.1-8b-instruct,coreweave/bf16,100,1.0,CoreWeave,B,5.28e-05,0.348645142101806,0.0004157421936750172,0
political,political,2220,1,1,0,0,aPaQrPaQrPaP,llama-8b,meta-llama/llama-3.1-8b-instruct,coreweave/bf16,101,1.0,CoreWeave,B,5.28e-05,0.34864513533394575,0.0004073815738478981,0
political,political,2220,1,1,1,0,rPrPaPaQaQaP,llama-8b,meta-llama/llama-3.1-8b-instruct,coreweave/bf16,100,1.0,CoreWeave,A,5.28e-05,0.651354857898194,0.00010206457937939062,0
political,political,2220,1,1,1,0,rPrPaPaQaQaP,llama-8b,meta-llama/llama-3.1-8b-instruct,coreweave/bf16,101,1.0,CoreWeave,A,5.28e-05,0.622459324198198,9.586035739422849e-05,0
political,political,3001,-1,0,0,0,aPrQaPaP,llama-8b,meta-llama/llama-3.1-8b-instruct,coreweave/bf16,100,1.0,CoreWeave,B,4.84e-05,0.5,8.141853474863403e-05,0
political,political,3001,-1,0,0,0,aPrQaPaP,llama-8b,meta-llama/llama-3.1-8b-instruct,coreweave/bf16,101,1.0,CoreWeave,B,4.84e-05,0.5,7.808094083472383e-05,0
political,political,3001,-1,0,1,0,aPaPrQaP,llama-8b,meta-llama/llama-3.1-8b-instruct,coreweave/bf16,100,1.0,CoreWeave,A,4.84e-05,0.705785040214066,0.00024394961384061054,0
political,political,3001,-1,0,1,0,aPaPrQaP,llama-8b,meta-llama/llama-3.1-8b-instruct,coreweave/bf16,101,1.0,CoreWeave,B,4.84e-05,0.705785040214066,0.00024394961384061054,0
political,political,3001,-1,1,0,0,rQaPaPaP,llama-8b,meta-llama/llama-3.1-8b-instruct,coreweave/bf16,100,1.0,CoreWeave,A,4.84e-05,0.43782349911420193,0.00022557514110843613,0
political,political,3001,-1,1,0,0,rQaPaPaP,llama-8b,meta-llama/llama-3.1-8b-instruct,coreweave/bf16,101,1.0,CoreWeave,A,4.84e-05,0.40733340004593027,0.00023183536310833475,0
political,political,3001,-1,1,1,0,rQaPaPaP,llama-8b,meta-llama/llama-3.1-8b-instruct,coreweave/bf16,100,1.0,CoreWeave,B,4.84e-05,0.4687906266262437,0.00012798343164477366,0
political,political,3001,-1,1,1,0,rQaPaPaP,llama-8b,meta-llama/llama-3.1-8b-instruct,coreweave/bf16,101,1.0,CoreWeave,B,4.84e-05,0.43782349911420193,0.0001338004819700922,0
political,political,3001,1,0,0,0,aPaPaPrQ,llama-8b,meta-llama/llama-3.1-8b-instruct,coreweave/bf16,100,1.0,CoreWeave,A,4.818e-05,0.7310585786300049,0.00020889269618140638,0
political,political,3001,1,0,0,0,aPaPaPrQ,llama-8b,meta-llama/llama-3.1-8b-instruct,coreweave/bf16,101,1.0,CoreWeave,A,4.818e-05,0.7310585727705126,0.00024633767535303663,0
political,political,3001,1,0,1,0,rQaPaPaP,llama-8b,meta-llama/llama-3.1-8b-instruct,coreweave/bf16,100,1.0,CoreWeave,A,4.818e-05,0.8354835350552604,0.0002778165694814483,0
political,political,3001,1,0,1,0,rQaPaPaP,llama-8b,meta-llama/llama-3.1-8b-instruct,coreweave/bf16,101,1.0,CoreWeave,A,4.818e-05,0.8354835350552604,0.0002778165694814483,0
political,political,3001,1,1,0,0,aPrQaPaP,llama-8b,meta-llama/llama-3.1-8b-instruct,coreweave/bf16,100,1.0,CoreWeave,B,4.818e-05,0.26894142136999516,0.00015942995183026998,0
political,political,3001,1,1,0,0,aPrQaPaP,llama-8b,meta-llama/llama-3.1-8b-instruct,coreweave/bf16,101,1.0,CoreWeave,A,4.818e-05,0.26894142136999516,0.00014476943941454934,0
political,political,3001,1,1,1,0,aPaPaPrQ,llama-8b,meta-llama/llama-3.1-8b-instruct,coreweave/bf16,100,1.0,CoreWeave,B,4.818e-05,0.34864514886966624,0.00024153489473432987,0
political,political,3001,1,1,1,0,aPaPaPrQ,llama-8b,meta-llama/llama-3.1-8b-instruct,coreweave/bf16,101,1.0,CoreWeave,A,4.818e-05,0.3486451285660856,0.00025399054766295226,0
political,political,3010,-1,0,0,0,rPaPaPaP,llama-8b,meta-llama/llama-3.1-8b-instruct,coreweave/bf16,100,1.0,CoreWeave,B,4.818e-05,0.43782349911420193,7.52152394309924e-05,0
political,political,3010,-1,0,0,0,rPaPaPaP,llama-8b,meta-llama/llama-3.1-8b-instruct,coreweave/bf16,101,1.0,CoreWeave,B,4.818e-05,0.4378234991142019,7.795684310596407e-05,0
political,political,3010,-1,0,1,0,aPaPaPrP,llama-8b,meta-llama/llama-3.1-8b-instruct,coreweave/bf16,100,1.0,CoreWeave,A,4.818e-05,0.6224593312018546,0.00016056415398063573,0
political,political,3010,-1,0,1,0,aPaPaPrP,llama-8b,meta-llama/llama-3.1-8b-instruct,coreweave/bf16,101,1.0,CoreWeave,A,4.818e-05,0.6224593382055109,0.00015017600931377384,0
political,political,3010,-1,1,0,0,aPaPaPrP,llama-8b,meta-llama/llama-3.1-8b-instruct,coreweave/bf16,100,1.0,CoreWeave,A,4.818e-05,0.4378234991142019,0.00011633850528514067,0
political,political,3010,-1,1,0,0,aPaPaPrP,llama-8b,meta-llama/llama-3.1-8b-instruct,coreweave/bf16,101,1.0,CoreWeave,B,4.818e-05,0.4378234991142019,0.00011633850528514067,0
political,political,3010,-1,1,1,0,aPrPaPaP,llama-8b,meta-llama/llama-3.1-8b-instruct,coreweave/bf16,100,1.0,CoreWeave,A,4.818e-05,0.5312093733737562,0.00013191682698826535,0
political,political,3010,-1,1,1,0,aPrPaPaP,llama-8b,meta-llama/llama-3.1-8b-instruct,coreweave/bf16,101,1.0,CoreWeave,B,4.818e-05,0.5621765008857981,0.00010221374814106676,0
political,political,3010,1,0,0,0,aPaPrPaP,llama-8b,meta-llama/llama-3.1-8b-instruct,coreweave/bf16,100,1.0,CoreWeave,A,4.796e-05,0.5,0.0001283820678174563,0
political,political,3010,1,0,0,0,aPaPrPaP,llama-8b,meta-llama/llama-3.1-8b-instruct,coreweave/bf16,101,1.0,CoreWeave,A,4.796e-05,0.5312093733737563,0.0001193418269280766,0
political,political,3010,1,0,1,0,aPaPrPaP,llama-8b,meta-llama/llama-3.1-8b-instruct,coreweave/bf16,100,1.0,CoreWeave,A,4.796e-05,0.6513548646660542,0.00012707625237001752,0
political,political,3010,1,0,1,0,aPaPrPaP,llama-8b,meta-llama/llama-3.1-8b-instruct,coreweave/bf16,101,1.0,CoreWeave,A,4.796e-05,0.651354857898194,0.00012673807931096182,0
political,political,3010,1,1,0,0,aPaPrPaP,llama-8b,meta-llama/llama-3.1-8b-instruct,coreweave/bf16,100,1.0,CoreWeave,B,4.796e-05,0.46879062662624377,0.00017542153130778448,0
political,political,3010,1,1,0,0,aPaPrPaP,llama-8b,meta-llama/llama-3.1-8b-instruct,coreweave/bf16,101,1.0,CoreWeave,A,4.796e-05,0.5,0.00018940752587970344,0
political,political,3010,1,1,1,0,aPrPaPaP,llama-8b,meta-llama/llama-3.1-8b-instruct,coreweave/bf16,100,1.0,CoreWeave,B,4.796e-05,0.5312093733737562,0.00017035601242471055,0
political,political,3010,1,1,1,0,aPrPaPaP,llama-8b,meta-llama/llama-3.1-8b-instruct,coreweave/bf16,101,1.0,CoreWeave,B,4.796e-05,0.5312093733737562,0.00017035601242471055,0
political,political,4011,-1,0,0,0,rQaPaPrPaPaP,llama-8b,meta-llama/llama-3.1-8b-instruct,coreweave/bf16,100,1.0,CoreWeave,B,5.28e-05,0.5312093733737563,0.00013382392219102313,0
political,political,4011,-1,0,0,0,rQaPaPrPaPaP,llama-8b,meta-llama/llama-3.1-8b-instruct,coreweave/bf16,101,1.0,CoreWeave,B,5.28e-05,0.5312093733737563,0.00013382392219102313,0
political,political,4011,-1,0,1,0,rQaPaPaPaPrP,llama-8b,meta-llama/llama-3.1-8b-instruct,coreweave/bf16,100,1.0,CoreWeave,A,5.28e-05,0.7057850340255386,0.00019784683909712664,0
political,political,4011,-1,0,1,0,rQaPaPaPaPrP,llama-8b,meta-llama/llama-3.1-8b-instruct,coreweave/bf16,101,1.0,CoreWeave,B,5.28e-05,0.6791787056691698,0.0001853071805082429,0
political,political,4011,-1,1,0,0,rQrPaPaPaPaP,llama-8b,meta-llama/llama-3.1-8b-instruct,coreweave/bf16,100,1.0,CoreWeave,A,5.28e-05,0.4073334000459302,0.00015108653268969263,0
political,political,4011,-1,1,0,0,rQrPaPaPaPaP,llama-8b,meta-llama/llama-3.1-8b-instruct,coreweave/bf16,101,1.0,CoreWeave,B,5.28e-05,0.4073334000459302,0.00015215925362199734,0
political,political,4011,-1,1,1,0,aPaPaPrPrQaP,llama-8b,meta-llama/llama-3.1-8b-instruct,coreweave/bf16,100,1.0,CoreWeave,B,5.28e-05,0.5621765008857981,0.00010727961225898142,0
political,political,4011,-1,1,1,0,aPaPaPrPrQaP,llama-8b,meta-llama/llama-3.1-8b-instruct,coreweave/bf16,101,1.0,CoreWeave,A,5.28e-05,0.5621765008857981,0.00010727961225898142,0
political,political,4011,1,0,0,0,rQaPaPaPrPaP,llama-8b,meta-llama/llama-3.1-8b-instruct,coreweave/bf16,100,1.0,CoreWeave,A,5.258e-05,0.6224593312018546,0.0002073451929467396,0
political,political,4011,1,0,0,0,rQaPaPaPrPaP,llama-8b,meta-llama/llama-3.1-8b-instruct,coreweave/bf16,101,1.0,CoreWeave,B,5.258e-05,0.6224593312018546,0.0002073451929467396,0
political,political,4011,1,0,1,0,aPrQaPaPrPaP,llama-8b,meta-llama/llama-3.1-8b-instruct,coreweave/bf16,100,1.0,CoreWeave,A,5.258e-05,0.754914975839675,0.00021885566670001855,0
political,political,4011,1,0,1,0,aPrQaPaPrPaP,llama-8b,meta-llama/llama-3.1-8b-instruct,coreweave/bf16,101,1.0,CoreWeave,A,5.258e-05,0.754914975839675,0.00021885566670001855,0
political,political,4011,1,1,0,0,aPaPaPrPrQaP,llama-8b,meta-llama/llama-3.1-8b-instruct,coreweave/bf16,100,1.0,CoreWeave,B,5.258e-05,0.4073334000459302,0.00020049009710221277,0
political,political,4011,1,1,0,0,aPaPaPrPrQaP,llama-8b,meta-llama/llama-3.1-8b-instruct,coreweave/bf16,101,1.0,CoreWeave,B,5.258e-05,0.4073334000459302,0.00020049009710221277,0
political,political,4011,1,1,1,0,aPaPrQrPaPaP,llama-8b,meta-llama/llama-3.1-8b-instruct,coreweave/bf16,100,1.0,CoreWeave,B,5.258e-05,0.37754066879814546,0.00011848914617951234,0
political,political,4011,1,1,1,0,aPaPrQrPaPaP,llama-8b,meta-llama/llama-3.1-8b-instruct,coreweave/bf16,101,1.0,CoreWeave,B,5.258e-05,0.37754066879814546,0.00011848914617951234,0
workplace,workplace,0001,-1,0,0,0,rQ,llama-8b,meta-llama/llama-3.1-8b-instruct,coreweave/bf16,100,1.0,CoreWeave,A,3.806e-05,0.5926665999540698,7.927120832706969e-05,0
workplace,workplace,0001,-1,0,0,0,rQ,llama-8b,meta-llama/llama-3.1-8b-instruct,coreweave/bf16,101,1.0,CoreWeave,A,3.806e-05,0.5926665999540698,7.927120832706969e-05,0
workplace,workplace,0001,-1,0,1,0,rQ,llama-8b,meta-llama/llama-3.1-8b-instruct,coreweave/bf16,100,1.0,CoreWeave,A,3.806e-05,0.8354835371034368,0.00011523460701393096,0
workplace,workplace,0001,-1,0,1,0,rQ,llama-8b,meta-llama/llama-3.1-8b-instruct,coreweave/bf16,101,1.0,CoreWeave,A,3.806e-05,0.8354835371034368,0.00011523460701393096,0
workplace,workplace,0001,-1,1,0,0,rQ,llama-8b,meta-llama/llama-3.1-8b-instruct,coreweave/bf16,100,1.0,CoreWeave,B,3.806e-05,0.11920291576401233,8.204013235990626e-05,0
workplace,workplace,0001,-1,1,0,0,rQ,llama-8b,meta-llama/llama-3.1-8b-instruct,coreweave/bf16,101,1.0,CoreWeave,B,3.806e-05,0.11920291576401233,8.204013235990626e-05,0
workplace,workplace,0001,-1,1,1,0,rQ,llama-8b,meta-llama/llama-3.1-8b-instruct,coreweave/bf16,100,1.0,CoreWeave,B,3.806e-05,0.34864513533394575,0.00010013801365704733,0
workplace,workplace,0001,-1,1,1,0,rQ,llama-8b,meta-llama/llama-3.1-8b-instruct,coreweave/bf16,101,1.0,CoreWeave,B,3.806e-05,0.34864513533394575,0.00010013801365704733,0
workplace,workplace,0001,1,0,0,0,rQ,llama-8b,meta-llama/llama-3.1-8b-instruct,coreweave/bf16,100,1.0,CoreWeave,A,3.806e-05,0.6513548646660543,0.0002194474445293415,0
workplace,workplace,0001,1,0,0,0,rQ,llama-8b,meta-llama/llama-3.1-8b-instruct,coreweave/bf16,101,1.0,CoreWeave,A,3.806e-05,0.6224593382055109,0.00022323766011900226,0
workplace,workplace,0001,1,0,1,0,rQ,llama-8b,meta-llama/llama-3.1-8b-instruct,coreweave/bf16,100,1.0,CoreWeave,A,3.806e-05,0.8175744806385542,0.0001707837896839648,0
workplace,workplace,0001,1,0,1,0,rQ,llama-8b,meta-llama/llama-3.1-8b-instruct,coreweave/bf16,101,1.0,CoreWeave,A,3.806e-05,0.8175744806385542,0.0001707837896839648,0
workplace,workplace,0001,1,1,0,0,rQ,llama-8b,meta-llama/llama-3.1-8b-instruct,coreweave/bf16,100,1.0,CoreWeave,B,3.806e-05,0.2018132150593341,0.00017645329772553175,0
workplace,workplace,0001,1,1,0,0,rQ,llama-8b,meta-llama/llama-3.1-8b-instruct,coreweave/bf16,101,1.0,CoreWeave,B,3.806e-05,0.2018132150593341,0.00017645329772553175,0
workplace,workplace,0001,1,1,1,0,rQ,llama-8b,meta-llama/llama-3.1-8b-instruct,coreweave/bf16,100,1.0,CoreWeave,B,3.806e-05,0.4378234991142019,0.0002670497556354068,0
workplace,workplace,0001,1,1,1,0,rQ,llama-8b,meta-llama/llama-3.1-8b-instruct,coreweave/bf16,101,1.0,CoreWeave,A,3.806e-05,0.4378234991142019,0.0002670497556354068,0
workplace,workplace,0010,-1,0,0,0,rP,llama-8b,meta-llama/llama-3.1-8b-instruct,coreweave/bf16,100,1.0,CoreWeave,B,3.806e-05,0.29421498454004374,3.926118033092951e-05,0
workplace,workplace,0010,-1,0,0,0,rP,llama-8b,meta-llama/llama-3.1-8b-instruct,coreweave/bf16,101,1.0,CoreWeave,B,3.806e-05,0.29421498454004374,3.926118033092951e-05,0
workplace,workplace,0010,-1,0,1,0,rP,llama-8b,meta-llama/llama-3.1-8b-instruct,coreweave/bf16,100,1.0,CoreWeave,A,3.806e-05,0.679178699175393,9.319146969033465e-05,0
workplace,workplace,0010,-1,0,1,0,rP,llama-8b,meta-llama/llama-3.1-8b-instruct,coreweave/bf16,101,1.0,CoreWeave,A,3.806e-05,0.679178699175393,9.319146969033465e-05,0
workplace,workplace,0010,-1,1,0,0,rP,llama-8b,meta-llama/llama-3.1-8b-instruct,coreweave/bf16,100,1.0,CoreWeave,B,3.806e-05,0.2942149783515162,7.678889482898299e-05,0
workplace,workplace,0010,-1,1,0,0,rP,llama-8b,meta-llama/llama-3.1-8b-instruct,coreweave/bf16,101,1.0,CoreWeave,B,3.806e-05,0.2942149783515162,7.678889482898299e-05,0
workplace,workplace,0010,-1,1,1,0,rP,llama-8b,meta-llama/llama-3.1-8b-instruct,coreweave/bf16,100,1.0,CoreWeave,B,3.806e-05,0.4687906266262437,4.9252673521960055e-05,0
workplace,workplace,0010,-1,1,1,0,rP,llama-8b,meta-llama/llama-3.1-8b-instruct,coreweave/bf16,101,1.0,CoreWeave,B,3.806e-05,0.4687906266262437,4.9252673521960055e-05,0
workplace,workplace,0010,1,0,0,0,rP,llama-8b,meta-llama/llama-3.1-8b-instruct,coreweave/bf16,100,1.0,CoreWeave,B,3.806e-05,0.2942149659744614,0.000117870032858014,0
workplace,workplace,0010,1,0,0,0,rP,llama-8b,meta-llama/llama-3.1-8b-instruct,coreweave/bf16,101,1.0,CoreWeave,B,3.806e-05,0.2942149659744614,0.000117870032858014,0
workplace,workplace,0010,1,0,1,0,rP,llama-8b,meta-llama/llama-3.1-8b-instruct,coreweave/bf16,100,1.0,CoreWeave,A,3.806e-05,0.5926665999540698,0.00015490064633116862,0
workplace,workplace,0010,1,0,1,0,rP,llama-8b,meta-llama/llama-3.1-8b-instruct,coreweave/bf16,101,1.0,CoreWeave,B,3.806e-05,0.5926665999540698,0.00015490064633116862,0
workplace,workplace,0010,1,1,0,0,rP,llama-8b,meta-llama/llama-3.1-8b-instruct,coreweave/bf16,100,1.0,CoreWeave,B,3.806e-05,0.5,0.00012945481310883133,0
workplace,workplace,0010,1,1,0,0,rP,llama-8b,meta-llama/llama-3.1-8b-instruct,coreweave/bf16,101,1.0,CoreWeave,B,3.806e-05,0.5,0.00012945481310883133,0
workplace,workplace,0010,1,1,1,0,rP,llama-8b,meta-llama/llama-3.1-8b-instruct,coreweave/bf16,100,1.0,CoreWeave,B,3.806e-05,0.7310585727705127,0.00018030981728139883,0
workplace,workplace,0010,1,1,1,0,rP,llama-8b,meta-llama/llama-3.1-8b-instruct,coreweave/bf16,101,1.0,CoreWeave,A,3.806e-05,0.7310585727705127,0.00018030981728139883,0
workplace,workplace,0011,-1,0,0,0,rQrP,llama-8b,meta-llama/llama-3.1-8b-instruct,coreweave/bf16,100,1.0,CoreWeave,A,4.048e-05,0.6513548646660542,0.00013911478812606015,0
workplace,workplace,0011,-1,0,0,0,rQrP,llama-8b,meta-llama/llama-3.1-8b-instruct,coreweave/bf16,101,1.0,CoreWeave,A,4.048e-05,0.6513548646660542,0.00013911478812606015,0
workplace,workplace,0011,-1,0,1,0,rQrP,llama-8b,meta-llama/llama-3.1-8b-instruct,coreweave/bf16,100,1.0,CoreWeave,A,4.048e-05,0.8519528057272544,0.00021684165092747398,0
workplace,workplace,0011,-1,0,1,0,rQrP,llama-8b,meta-llama/llama-3.1-8b-instruct,coreweave/bf16,101,1.0,CoreWeave,A,4.048e-05,0.8519528076067261,0.00021218079356960518,0
workplace,workplace,0011,-1,1,0,0,rPrQ,llama-8b,meta-llama/llama-3.1-8b-instruct,coreweave/bf16,100,1.0,CoreWeave,B,4.048e-05,0.2689414213699951,0.00017623564063740105,0
workplace,workplace,0011,-1,1,0,0,rPrQ,llama-8b,meta-llama/llama-3.1-8b-instruct,coreweave/bf16,101,1.0,CoreWeave,B,4.048e-05,0.2689414213699951,0.00017623564063740105,0
workplace,workplace,0011,-1,1,1,0,rQrP,llama-8b,meta-llama/llama-3.1-8b-instruct,coreweave/bf16,100,1.0,CoreWeave,B,4.048e-05,0.2689414213699951,0.00016717729027604378,0
workplace,workplace,0011,-1,1,1,0,rQrP,llama-8b,meta-llama/llama-3.1-8b-instruct,coreweave/bf16,101,1.0,CoreWeave,A,4.048e-05,0.2689414213699951,0.00016717729027604378,0
workplace,workplace,0011,1,0,0,0,rPrQ,llama-8b,meta-llama/llama-3.1-8b-instruct,coreweave/bf16,100,1.0,CoreWeave,B,4.048e-05,0.4073334000459302,0.00022522075950626164,0
workplace,workplace,0011,1,0,0,0,rPrQ,llama-8b,meta-llama/llama-3.1-8b-instruct,coreweave/bf16,101,1.0,CoreWeave,B,4.048e-05,0.4073334000459302,0.00022522075950626164,0
workplace,workplace,0011,1,0,1,0,rQrP,llama-8b,meta-llama/llama-3.1-8b-instruct,coreweave/bf16,100,1.0,CoreWeave,A,4.048e-05,0.7310585786300049,0.0006102251413662163,0
workplace,workplace,0011,1,0,1,0,rQrP,llama-8b,meta-llama/llama-3.1-8b-instruct,coreweave/bf16,101,1.0,CoreWeave,B,4.048e-05,0.7310585786300049,0.0006102251413662163,0
workplace,workplace,0011,1,1,0,0,rQrP,llama-8b,meta-llama/llama-3.1-8b-instruct,coreweave/bf16,100,1.0,CoreWeave,B,4.048e-05,0.4073334000459302,0.0005049028217355422,0
workplace,workplace,0011,1,1,0,0,rQrP,llama-8b,meta-llama/llama-3.1-8b-instruct,coreweave/bf16,101,1.0,CoreWeave,B,4.048e-05,0.4073334000459302,0.0005049028217355422,0
workplace,workplace,0011,1,1,1,0,rQrP,llama-8b,meta-llama/llama-3.1-8b-instruct,coreweave/bf16,100,1.0,CoreWeave,A,4.048e-05,0.5621765008857981,0.0004741587162189198,0
workplace,workplace,0011,1,1,1,0,rQrP,llama-8b,meta-llama/llama-3.1-8b-instruct,coreweave/bf16,101,1.0,CoreWeave,A,4.048e-05,0.5621765008857981,0.0004741587162189198,0
workplace,workplace,0020,-1,0,0,0,rPrP,llama-8b,meta-llama/llama-3.1-8b-instruct,coreweave/bf16,100,1.0,CoreWeave,B,4.048e-05,0.4378234991142019,0.0001148485614135275,0
workplace,workplace,0020,-1,0,0,0,rPrP,llama-8b,meta-llama/llama-3.1-8b-instruct,coreweave/bf16,101,1.0,CoreWeave,A,4.048e-05,0.4378234991142019,0.0001148485614135275,0
workplace,workplace,0020,-1,0,1,0,rPrP,llama-8b,meta-llama/llama-3.1-8b-instruct,coreweave/bf16,100,1.0,CoreWeave,A,4.048e-05,0.7310585786300049,0.0003849125401196307,0
workplace,workplace,0020,-1,0,1,0,rPrP,llama-8b,meta-llama/llama-3.1-8b-instruct,coreweave/bf16,101,1.0,CoreWeave,A,4.048e-05,0.7310585786300049,0.0003849125401196307,0
workplace,workplace,0020,-1,1,0,0,rPrP,llama-8b,meta-llama/llama-3.1-8b-instruct,coreweave/bf16,100,1.0,CoreWeave,A,4.048e-05,0.2942149721629888,0.0002686616693796662,0
workplace,workplace,0020,-1,1,0,0,rPrP,llama-8b,meta-llama/llama-3.1-8b-instruct,coreweave/bf16,101,1.0,CoreWeave,B,4.048e-05,0.2942149659744614,0.0002587488790585235,0
workplace,workplace,0020,-1,1,1,0,rPrP,llama-8b,meta-llama/llama-3.1-8b-instruct,coreweave/bf16,100,1.0,CoreWeave,A,4.048e-05,0.40733340004593027,0.00015352995091622024,0
workplace,workplace,0020,-1,1,1,0,rPrP,llama-8b,meta-llama/llama-3.1-8b-instruct,coreweave/bf16,101,1.0,CoreWeave,A,4.048e-05,0.40733340004593027,0.00015352995091622024,0
workplace,workplace,0020,1,0,0,0,rPrP,llama-8b,meta-llama/llama-3.1-8b-instruct,coreweave/bf16,100,1.0,CoreWeave,A,4.048e-05,0.348645142101806,0.0003481763437890306,0
workplace,workplace,0020,1,0,0,0,rPrP,llama-8b,meta-llama/llama-3.1-8b-instruct,coreweave/bf16,101,1.0,CoreWeave,A,4.048e-05,0.348645142101806,0.0003481763437890306,0
workplace,workplace,0020,1,0,1,0,rPrP,llama-8b,meta-llama/llama-3.1-8b-instruct,coreweave/bf16,100,1.0,CoreWeave,B,4.048e-05,0.5621765008857981,0.0006282709361559169,0
workplace,workplace,0020,1,0,1,0,rPrP,llama-8b,meta-llama/llama-3.1-8b-instruct,coreweave/bf16,101,1.0,CoreWeave,A,4.048e-05,0.5621765008857981,0.0006282709361559169,0
workplace,workplace,0020,1,1,0,0,rPrP,llama-8b,meta-llama/llama-3.1-8b-instruct,coreweave/bf16,100,1.0,CoreWeave,B,4.048e-05,0.5926665999540698,0.0006490032700098292,0
workplace,workplace,0020,1,1,0,0,rPrP,llama-8b,meta-llama/llama-3.1-8b-instruct,coreweave/bf16,101,1.0,CoreWeave,B,4.048e-05,0.5926665999540698,0.0006490032700098292,0
workplace,workplace,0020,1,1,1,0,rPrP,llama-8b,meta-llama/llama-3.1-8b-instruct,coreweave/bf16,100,1.0,CoreWeave,B,4.048e-05,0.7310585669110202,0.00066530825501665,0
workplace,workplace,0020,1,1,1,0,rPrP,llama-8b,meta-llama/llama-3.1-8b-instruct,coreweave/bf16,101,1.0,CoreWeave,A,4.048e-05,0.7310585669110202,0.00066530825501665,0
workplace,workplace,0100,-1,0,0,0,aQ,llama-8b,meta-llama/llama-3.1-8b-instruct,coreweave/bf16,100,1.0,CoreWeave,B,3.806e-05,0.4073334000459302,0.0001587147454228388,0
workplace,workplace,0100,-1,0,0,0,aQ,llama-8b,meta-llama/llama-3.1-8b-instruct,coreweave/bf16,101,1.0,CoreWeave,A,3.806e-05,0.4073334000459302,0.00015227844476561891,0
workplace,workplace,0100,-1,0,1,0,aQ,llama-8b,meta-llama/llama-3.1-8b-instruct,coreweave/bf16,100,1.0,CoreWeave,B,3.806e-05,0.5312093733737562,0.00046602015089552973,0
workplace,workplace,0100,-1,0,1,0,aQ,llama-8b,meta-llama/llama-3.1-8b-instruct,coreweave/bf16,101,1.0,CoreWeave,B,3.806e-05,0.5312093733737562,0.00046602015089552973,0
workplace,workplace,0100,-1,1,0,0,aQ,llama-8b,meta-llama/llama-3.1-8b-instruct,coreweave/bf16,100,1.0,CoreWeave,A,3.806e-05,0.5621765008857981,0.0004484213875302623,0
workplace,workplace,0100,-1,1,0,0,aQ,llama-8b,meta-llama/llama-3.1-8b-instruct,coreweave/bf16,101,1.0,CoreWeave,A,3.806e-05,0.5621765008857981,0.0004484213875302623,0
workplace,workplace,0100,-1,1,1,0,aQ,llama-8b,meta-llama/llama-3.1-8b-instruct,coreweave/bf16,100,1.0,CoreWeave,A,3.806e-05,0.5621765008857981,0.0002585881205399154,0
workplace,workplace,0100,-1,1,1,0,aQ,llama-8b,meta-llama/llama-3.1-8b-instruct,coreweave/bf16,101,1.0,CoreWeave,A,3.806e-05,0.5621765008857982,0.00024821954045295413,0
workplace,workplace,0100,1,0,0,0,aQ,llama-8b,meta-llama/llama-3.1-8b-instruct,coreweave/bf16,100,1.0,CoreWeave,A,3.806e-05,0.622459338205511,0.00020929318960088983,0
workplace,workplace,0100,1,0,0,0,aQ,llama-8b,meta-llama/llama-3.1-8b-instruct,coreweave/bf16,101,1.0,CoreWeave,B,3.806e-05,0.622459338205511,0.00020929318960088983,0
workplace,workplace,0100,1,0,1,0,aQ,llama-8b,meta-llama/llama-3.1-8b-instruct,coreweave/bf16,100,1.0,CoreWeave,A,3.806e-05,0.8670357615200475,0.00019223773096807562,0
workplace,workplace,0100,1,0,1,0,aQ,llama-8b,meta-llama/llama-3.1-8b-instruct,coreweave/bf16,101,1.0,CoreWeave,A,3.806e-05,0.8670357615200475,0.00019223773096807562,0
workplace,workplace,0100,1,1,0,0,aQ,llama-8b,meta-llama/llama-3.1-8b-instruct,coreweave/bf16,100,1.0,CoreWeave,B,3.806e-05,0.16451646494473965,0.00017448548924903218,0
workplace,workplace,0100,1,1,0,0,aQ,llama-8b,meta-llama/llama-3.1-8b-instruct,coreweave/bf16,101,1.0,CoreWeave,A,3.806e-05,0.16451646494473965,0.00017448548924903218,0
workplace,workplace,0100,1,1,1,0,aQ,llama-8b,meta-llama/llama-3.1-8b-instruct,coreweave/bf16,100,1.0,CoreWeave,A,3.806e-05,0.3775406617944891,0.00023896964977854207,0
workplace,workplace,0100,1,1,1,0,aQ,llama-8b,meta-llama/llama-3.1-8b-instruct,coreweave/bf16,101,1.0,CoreWeave,A,3.806e-05,0.3775406617944891,0.00023896964977854207,0
workplace,workplace,0120,-1,0,0,0,rPaQrP,llama-8b,meta-llama/llama-3.1-8b-instruct,coreweave/bf16,100,1.0,CoreWeave,B,4.29e-05,0.46879062662624377,8.477466118628207e-05,0
workplace,workplace,0120,-1,0,0,0,rPaQrP,llama-8b,meta-llama/llama-3.1-8b-instruct,coreweave/bf16,101,1.0,CoreWeave,B,4.29e-05,0.4687906266262437,8.525145780702292e-05,0
workplace,workplace,0120,-1,0,1,0,aQrPrP,llama-8b,meta-llama/llama-3.1-8b-instruct,coreweave/bf16,100,1.0,CoreWeave,A,4.29e-05,0.7549149923816048,0.0002848135037792354,0
workplace,workplace,0120,-1,0,1,0,aQrPrP,llama-8b,meta-llama/llama-3.1-8b-instruct,coreweave/bf16,101,1.0,CoreWeave,A,4.29e-05,0.7549149923816048,0.0002848135037792354,0
workplace,workplace,0120,-1,1,0,0,rPrPaQ,llama-8b,meta-llama/llama-3.1-8b-instruct,coreweave/bf16,100,1.0,CoreWeave,A,4.29e-05,0.34864513533394575,0.0001442400613383965,0
workplace,workplace,0120,-1,1,0,0,rPrPaQ,llama-8b,meta-llama/llama-3.1-8b-instruct,coreweave/bf16,101,1.0,CoreWeave,A,4.29e-05,0.34864513533394575,0.0001424521783178756,0
workplace,workplace,0120,-1,1,1,0,aQrPrP,llama-8b,meta-llama/llama-3.1-8b-instruct,coreweave/bf16,100,1.0,CoreWeave,B,4.29e-05,0.34864513533394575,0.00020276166717991817,0
workplace,workplace,0120,-1,1,1,0,aQrPrP,llama-8b,meta-llama/llama-3.1-8b-instruct,coreweave/bf16,101,1.0,CoreWeave,B,4.29e-05,0.34864513533394575,0.00020276166717991817,0
workplace,workplace,0120,1,0,0,0,rPaQrP,llama-8b,meta-llama/llama-3.1-8b-instruct,coreweave/bf16,100,1.0,CoreWeave,B,4.29e-05,0.46879062662624377,0.00023245154346684949,0
workplace,workplace,0120,1,0,0,0,rPaQrP,llama-8b,meta-llama/llama-3.1-8b-instruct,coreweave/bf16,101,1.0,CoreWeave,A,4.29e-05,0.4687906266262437,0.0002110582211191092,0
workplace,workplace,0120,1,0,1,0,rPaQrP,llama-8b,meta-llama/llama-3.1-8b-instruct,coreweave/bf16,100,1.0,CoreWeave,B,4.29e-05,0.651354857898194,0.00030169982777161763,0
workplace,workplace,0120,1,0,1,0,rPaQrP,llama-8b,meta-llama/llama-3.1-8b-instruct,coreweave/bf16,101,1.0,CoreWeave,A,4.29e-05,0.651354857898194,0.00030169982777161763,0
workplace,workplace,0120,1,1,0,0,aQrPrP,llama-8b,meta-llama/llama-3.1-8b-instruct,coreweave/bf16,100,1.0,CoreWeave,A,4.29e-05,0.320821300824607,0.0003047458567830841,0
workplace,workplace,0120,1,1,0,0,aQrPrP,llama-8b,meta-llama/llama-3.1-8b-instruct,coreweave/bf16,101,1.0,CoreWeave,B,4.29e-05,0.320821300824607,0.0003047458567830841,0
workplace,workplace,0120,1,1,1,0,aQrPrP,llama-8b,meta-llama/llama-3.1-8b-instruct,coreweave/bf16,100,1.0,CoreWeave,A,4.29e-05,0.5312093733737563,0.0002634978627809037,0
workplace,workplace,0120,1,1,1,0,aQrPrP,llama-8b,meta-llama/llama-3.1-8b-instruct,coreweave/bf16,101,1.0,CoreWeave,A,4.29e-05,0.5312093733737563,0.0002634978627809037,0
workplace,workplace,0200,-1,0,0,0,aQaQ,llama-8b,meta-llama/llama-3.1-8b-instruct,coreweave/bf16,100,1.0,CoreWeave,B,4.048e-05,0.5621765008857981,0.0004316202737984498,0
workplace,workplace,0200,-1,0,0,0,aQaQ,llama-8b,meta-llama/llama-3.1-8b-instruct,coreweave/bf16,101,1.0,CoreWeave,A,4.048e-05,0.5621765008857981,0.0004316202737984498,0
workplace,workplace,0200,-1,0,1,0,aQaQ,llama-8b,meta-llama/llama-3.1-8b-instruct,coreweave/bf16,100,1.0,CoreWeave,B,4.048e-05,0.5621765008857981,0.0007638366806777541,0
workplace,workplace,0200,-1,0,1,0,aQaQ,llama-8b,meta-llama/llama-3.1-8b-instruct,coreweave/bf16,101,1.0,CoreWeave,B,4.048e-05,0.5621765008857981,0.0007638366806777541,0
workplace,workplace,0200,-1,1,0,0,aQaQ,llama-8b,meta-llama/llama-3.1-8b-instruct,coreweave/bf16,100,1.0,CoreWeave,B,4.048e-05,0.5312093733737562,0.0010854275745741937,0
workplace,workplace,0200,-1,1,0,0,aQaQ,llama-8b,meta-llama/llama-3.1-8b-instruct,coreweave/bf16,101,1.0,CoreWeave,A,4.048e-05,0.5621765008857982,0.0009772737560828637,0
workplace,workplace,0200,-1,1,1,0,aQaQ,llama-8b,meta-llama/llama-3.1-8b-instruct,coreweave/bf16,100,1.0,CoreWeave,B,4.048e-05,0.4378234991142019,0.0006719923022798779,0
workplace,workplace,0200,-1,1,1,0,aQaQ,llama-8b,meta-llama/llama-3.1-8b-instruct,coreweave/bf16,101,1.0,CoreWeave,A,4.048e-05,0.4378234991142019,0.0006719923022798779,0
workplace,workplace,0200,1,0,0,0,aQaQ,llama-8b,meta-llama/llama-3.1-8b-instruct,coreweave/bf16,100,1.0,CoreWeave,A,4.048e-05,0.7057850216484838,0.0006027998904246656,0
workplace,workplace,0200,1,0,0,0,aQaQ,llama-8b,meta-llama/llama-3.1-8b-instruct,coreweave/bf16,101,1.0,CoreWeave,A,4.048e-05,0.7057850216484838,0.0006027998904246656,0
workplace,workplace,0200,1,0,1,0,aQaQ,llama-8b,meta-llama/llama-3.1-8b-instruct,coreweave/bf16,100,1.0,CoreWeave,B,4.048e-05,0.8175744806385542,0.0007083005167365652,0
workplace,workplace,0200,1,0,1,0,aQaQ,llama-8b,meta-llama/llama-3.1-8b-instruct,coreweave/bf16,101,1.0,CoreWeave,A,4.048e-05,0.8175744806385542,0.0007083005167365652,0
workplace,workplace,0200,1,1,0,0,aQaQ,llama-8b,meta-llama/llama-3.1-8b-instruct,coreweave/bf16,100,1.0,CoreWeave,B,4.048e-05,0.18242552825126704,0.0006309150624275173,0
workplace,workplace,0200,1,1,0,0,aQaQ,llama-8b,meta-llama/llama-3.1-8b-instruct,coreweave/bf16,101,1.0,CoreWeave,B,4.048e-05,0.18242552825126704,0.0006309150624275173,0
workplace,workplace,0200,1,1,1,0,aQaQ,llama-8b,meta-llama/llama-3.1-8b-instruct,coreweave/bf16,100,1.0,CoreWeave,A,4.048e-05,0.3486451285660856,0.0007452448765354891,0
workplace,workplace,0200,1,1,1,0,aQaQ,llama-8b,meta-llama/llama-3.1-8b-instruct,coreweave/bf16,101,1.0,CoreWeave,B,4.048e-05,0.3486451285660856,0.0007452448765354891,0
workplace,workplace,0201,-1,0,0,0,aQaQrQ,llama-8b,meta-llama/llama-3.1-8b-instruct,coreweave/bf16,100,1.0,CoreWeave,A,4.29e-05,0.5926665999540698,0.0002057342404767626,0
workplace,workplace,0201,-1,0,0,0,aQaQrQ,llama-8b,meta-llama/llama-3.1-8b-instruct,coreweave/bf16,101,1.0,CoreWeave,B,4.29e-05,0.5926665999540698,0.0002057342404767626,0
workplace,workplace,0201,-1,0,1,0,rQaQaQ,llama-8b,meta-llama/llama-3.1-8b-instruct,coreweave/bf16,100,1.0,CoreWeave,A,4.29e-05,0.8175744761936437,0.0002010816804283999,0
workplace,workplace,0201,-1,0,1,0,rQaQaQ,llama-8b,meta-llama/llama-3.1-8b-instruct,coreweave/bf16,101,1.0,CoreWeave,A,4.29e-05,0.8175744806385543,0.000203321838256193,0
workplace,workplace,0201,-1,1,0,0,aQrQaQ,llama-8b,meta-llama/llama-3.1-8b-instruct,coreweave/bf16,100,1.0,CoreWeave,B,4.29e-05,0.24508502416032488,0.0002944149600785373,0
workplace,workplace,0201,-1,1,0,0,aQrQaQ,llama-8b,meta-llama/llama-3.1-8b-instruct,coreweave/bf16,101,1.0,CoreWeave,B,4.29e-05,0.24508502416032488,0.0002944149600785373,0
workplace,workplace,0201,-1,1,1,0,rQaQaQ,llama-8b,meta-llama/llama-3.1-8b-instruct,coreweave/bf16,100,1.0,CoreWeave,B,4.29e-05,0.2942149659744614,0.00018640494600674629,0
workplace,workplace,0201,-1,1,1,0,rQaQaQ,llama-8b,meta-llama/llama-3.1-8b-instruct,coreweave/bf16,101,1.0,CoreWeave,B,4.29e-05,0.2942149659744614,0.00018640494600674629,0
workplace,workplace,0201,1,0,0,0,aQrQaQ,llama-8b,meta-llama/llama-3.1-8b-instruct,coreweave/bf16,100,1.0,CoreWeave,A,4.29e-05,0.6791787121629466,0.0002970782880049039,0
workplace,workplace,0201,1,0,0,0,aQrQaQ,llama-8b,meta-llama/llama-3.1-8b-instruct,coreweave/bf16,101,1.0,CoreWeave,A,4.29e-05,0.6791787121629466,0.0002970782880049039,0
workplace,workplace,0201,1,0,1,0,aQrQaQ,llama-8b,meta-llama/llama-3.1-8b-instruct,coreweave/bf16,100,1.0,CoreWeave,A,4.29e-05,0.8807970779778824,0.00040507110865205254,0
workplace,workplace,0201,1,0,1,0,aQrQaQ,llama-8b,meta-llama/llama-3.1-8b-instruct,coreweave/bf16,101,1.0,CoreWeave,A,4.29e-05,0.8807970779778824,0.00040507110865205254,0
workplace,workplace,0201,1,1,0,0,aQaQrQ,llama-8b,meta-llama/llama-3.1-8b-instruct,coreweave/bf16,100,1.0,CoreWeave,B,4.29e-05,0.16451646904109268,0.000249238772366156,0
workplace,workplace,0201,1,1,0,0,aQaQrQ,llama-8b,meta-llama/llama-3.1-8b-instruct,coreweave/bf16,101,1.0,CoreWeave,B,4.29e-05,0.16451646904109268,0.000249238772366156,0
workplace,workplace,0201,1,1,1,0,rQaQaQ,llama-8b,meta-llama/llama-3.1-8b-instruct,coreweave/bf16,100,1.0,CoreWeave,B,4.29e-05,0.4073334000459302,0.00041684775792960593,0
workplace,workplace,0201,1,1,1,0,rQaQaQ,llama-8b,meta-llama/llama-3.1-8b-instruct,coreweave/bf16,101,1.0,CoreWeave,B,4.29e-05,0.4073334000459302,0.00041684775792960593,0
workplace,workplace,0202,-1,0,0,0,rQaQaQrQ,llama-8b,meta-llama/llama-3.1-8b-instruct,coreweave/bf16,100,1.0,CoreWeave,A,4.532e-05,0.651354857898194,0.00027452794060978114,0
workplace,workplace,0202,-1,0,0,0,rQaQaQrQ,llama-8b,meta-llama/llama-3.1-8b-instruct,coreweave/bf16,101,1.0,CoreWeave,A,4.532e-05,0.6513548578981939,0.0002680923854794792,0
workplace,workplace,0202,-1,0,1,0,rQaQrQaQ,llama-8b,meta-llama/llama-3.1-8b-instruct,coreweave/bf16,100,1.0,CoreWeave,A,4.532e-05,0.8354835452961425,0.0005582557041482195,0
workplace,workplace,0202,-1,0,1,0,rQaQrQaQ,llama-8b,meta-llama/llama-3.1-8b-instruct,coreweave/bf16,101,1.0,CoreWeave,A,4.532e-05,0.8354835391516132,0.0005887931072992569,0
workplace,workplace,0202,-1,1,0,0,rQaQaQrQ,llama-8b,meta-llama/llama-3.1-8b-instruct,coreweave/bf16,100,1.0,CoreWeave,A,4.532e-05,0.20181321745968234,0.00042398854718872503,0
workplace,workplace,0202,-1,1,0,0,rQaQaQrQ,llama-8b,meta-llama/llama-3.1-8b-instruct,coreweave/bf16,101,1.0,CoreWeave,B,4.532e-05,0.20181321745968234,0.00042398854718872503,0
workplace,workplace,0202,-1,1,1,0,rQaQaQrQ,llama-8b,meta-llama/llama-3.1-8b-instruct,coreweave/bf16,100,1.0,CoreWeave,B,4.532e-05,0.24508502416032488,0.0004307409403904172,0
workplace,workplace,0202,-1,1,1,0,rQaQaQrQ,llama-8b,meta-llama/llama-3.1-8b-instruct,coreweave/bf16,101,1.0,CoreWeave,A,4.532e-05,0.24508502416032488,0.0004307409403904172,0
workplace,workplace,0202,1,0,0,0,rQaQaQrQ,llama-8b,meta-llama/llama-3.1-8b-instruct,coreweave/bf16,100,1.0,CoreWeave,A,4.532e-05,0.6791786926816161,0.0005080544869033865,0
workplace,workplace,0202,1,0,0,0,rQaQaQrQ,llama-8b,meta-llama/llama-3.1-8b-instruct,coreweave/bf16,101,1.0,CoreWeave,A,4.532e-05,0.679178699175393,0.0005425867897013159,0
workplace,workplace,0202,1,0,1,0,rQrQaQaQ,llama-8b,meta-llama/llama-3.1-8b-instruct,coreweave/bf16,100,1.0,CoreWeave,A,4.532e-05,0.8354835391516133,0.0004747704847396783,0
workplace,workplace,0202,1,0,1,0,rQrQaQaQ,llama-8b,meta-llama/llama-3.1-8b-instruct,coreweave/bf16,101,1.0,CoreWeave,A,4.532e-05,0.8354835391516133,0.0004747704847396783,0
workplace,workplace,0202,1,1,0,0,aQrQaQrQ,llama-8b,meta-llama/llama-3.1-8b-instruct,coreweave/bf16,100,1.0,CoreWeave,B,4.532e-05,0.11920291107043361,0.00040235772586094676,0
workplace,workplace,0202,1,1,0,0,aQrQaQrQ,llama-8b,meta-llama/llama-3.1-8b-instruct,coreweave/bf16,101,1.0,CoreWeave,B,4.532e-05,0.11920291107043361,0.00040235772586094676,0
workplace,workplace,0202,1,1,1,0,rQrQaQaQ,llama-8b,meta-llama/llama-3.1-8b-instruct,coreweave/bf16,100,1.0,CoreWeave,B,4.532e-05,0.40733340004593027,0.0005001964211873711,0
workplace,workplace,0202,1,1,1,0,rQrQaQaQ,llama-8b,meta-llama/llama-3.1-8b-instruct,coreweave/bf16,101,1.0,CoreWeave,B,4.532e-05,0.40733340004593027,0.0005001964211873711,0
workplace,workplace,0212,-1,0,0,0,aQaQrQrQrP,llama-8b,meta-llama/llama-3.1-8b-instruct,coreweave/bf16,100,1.0,CoreWeave,B,4.774e-05,0.5621765008857981,0.00010739880875265673,0
workplace,workplace,0212,-1,0,0,0,aQaQrQrQrP,llama-8b,meta-llama/llama-3.1-8b-instruct,coreweave/bf16,101,1.0,CoreWeave,B,4.774e-05,0.5621765008857982,9.869742736884346e-05,0
workplace,workplace,0212,-1,0,1,0,aQaQrQrPrQ,llama-8b,meta-llama/llama-3.1-8b-instruct,coreweave/bf16,100,1.0,CoreWeave,A,4.774e-05,0.7772998611746912,0.00035037729295173126,0
workplace,workplace,0212,-1,0,1,0,aQaQrQrPrQ,llama-8b,meta-llama/llama-3.1-8b-instruct,coreweave/bf16,101,1.0,CoreWeave,A,4.774e-05,0.7772998611746912,0.00035037729295173126,0
workplace,workplace,0212,-1,1,0,0,aQrPrQrQaQ,llama-8b,meta-llama/llama-3.1-8b-instruct,coreweave/bf16,100,1.0,CoreWeave,B,4.774e-05,0.34864514210180597,0.00023829760889282348,0
workplace,workplace,0212,-1,1,0,0,aQrPrQrQaQ,llama-8b,meta-llama/llama-3.1-8b-instruct,coreweave/bf16,101,1.0,CoreWeave,B,4.774e-05,0.34864514210180597,0.00023829760889282348,0
workplace,workplace,0212,-1,1,1,0,rPaQrQaQrQ,llama-8b,meta-llama/llama-3.1-8b-instruct,coreweave/bf16,100,1.0,CoreWeave,B,4.774e-05,0.34864513533394575,0.00025901546047590873,0
workplace,workplace,0212,-1,1,1,0,rPaQrQaQrQ,llama-8b,meta-llama/llama-3.1-8b-instruct,coreweave/bf16,101,1.0,CoreWeave,B,4.774e-05,0.34864513533394575,0.00025901546047590873,0
workplace,workplace,0212,1,0,0,0,rQaQrQrPaQ,llama-8b,meta-llama/llama-3.1-8b-instruct,coreweave/bf16,100,1.0,CoreWeave,A,4.774e-05,0.7549149868676283,0.0003972120195235851,0
workplace,workplace,0212,1,0,0,0,rQaQrQrPaQ,llama-8b,meta-llama/llama-3.1-8b-instruct,coreweave/bf16,101,1.0,CoreWeave,A,4.774e-05,0.7549149868676283,0.0003972120195235851,0
workplace,workplace,0212,1,0,1,0,aQrQrPaQrQ,llama-8b,meta-llama/llama-3.1-8b-instruct,coreweave/bf16,100,1.0,CoreWeave,A,4.774e-05,0.8933094152856196,0.0005328908459831944,0
workplace,workplace,0212,1,0,1,0,aQrQrPaQrQ,llama-8b,meta-llama/llama-3.1-8b-instruct,coreweave/bf16,101,1.0,CoreWeave,B,4.774e-05,0.8933094152856196,0.0005328908459831944,0
workplace,workplace,0212,1,1,0,0,aQaQrQrPrQ,llama-8b,meta-llama/llama-3.1-8b-instruct,coreweave/bf16,100,1.0,CoreWeave,B,4.774e-05,0.1645164608483867,0.0002459711321333158,0
workplace,workplace,0212,1,1,0,0,aQaQrQrPrQ,llama-8b,meta-llama/llama-3.1-8b-instruct,coreweave/bf16,101,1.0,CoreWeave,B,4.774e-05,0.1645164608483867,0.0002459711321333158,0
workplace,workplace,0212,1,1,1,0,rQaQaQrQrP,llama-8b,meta-llama/llama-3.1-8b-instruct,coreweave/bf16,100,1.0,CoreWeave,B,4.774e-05,0.32082128783705344,0.0003192443830214442,0
workplace,workplace,0212,1,1,1,0,rQaQaQrQrP,llama-8b,meta-llama/llama-3.1-8b-instruct,coreweave/bf16,101,1.0,CoreWeave,B,4.774e-05,0.32082128783705344,0.0003192443830214442,0
workplace,workplace,0220,-1,0,0,0,aQrPrPaQ,llama-8b,meta-llama/llama-3.1-8b-instruct,coreweave/bf16,100,1.0,CoreWeave,B,4.532e-05,0.5621765008857981,0.00012861555826748639,0
workplace,workplace,0220,-1,0,0,0,aQrPrPaQ,llama-8b,meta-llama/llama-3.1-8b-instruct,coreweave/bf16,101,1.0,CoreWeave,A,4.532e-05,0.5621765008857981,0.00012861555826748639,0
workplace,workplace,0220,-1,0,1,0,aQrPaQrP,llama-8b,meta-llama/llama-3.1-8b-instruct,coreweave/bf16,100,1.0,CoreWeave,B,4.532e-05,0.7549149813536518,0.0005498692936869443,0
workplace,workplace,0220,-1,0,1,0,aQrPaQrP,llama-8b,meta-llama/llama-3.1-8b-instruct,coreweave/bf16,101,1.0,CoreWeave,A,4.532e-05,0.7549149923816048,0.0005812777758274768,0
workplace,workplace,0220,-1,1,0,0,rPaQaQrP,llama-8b,meta-llama/llama-3.1-8b-instruct,coreweave/bf16,100,1.0,CoreWeave,B,4.532e-05,0.37754067580180184,0.00020623148577880723,0
workplace,workplace,0220,-1,1,0,0,rPaQaQrP,llama-8b,meta-llama/llama-3.1-8b-instruct,coreweave/bf16,101,1.0,CoreWeave,B,4.532e-05,0.34864514210180597,0.00021064726185326954,0
workplace,workplace,0220,-1,1,1,0,rPaQrPaQ,llama-8b,meta-llama/llama-3.1-8b-instruct,coreweave/bf16,100,1.0,CoreWeave,B,4.532e-05,0.4378234991142019,0.00022194007133369276,0
workplace,workplace,0220,-1,1,1,0,rPaQrPaQ,llama-8b,meta-llama/llama-3.1-8b-instruct,coreweave/bf16,101,1.0,CoreWeave,B,4.532e-05,0.4378234991142019,0.00022134415699481824,0
workplace,workplace,0220,1,0,0,0,rPaQrPaQ,llama-8b,meta-llama/llama-3.1-8b-instruct,coreweave/bf16,100,1.0,CoreWeave,B,4.532e-05,0.5,0.0004303740117470589,0
workplace,workplace,0220,1,0,0,0,rPaQrPaQ,llama-8b,meta-llama/llama-3.1-8b-instruct,coreweave/bf16,101,1.0,CoreWeave,B,4.532e-05,0.5,0.0004303740117470589,0
workplace,workplace,0220,1,0,1,0,rPaQrPaQ,llama-8b,meta-llama/llama-3.1-8b-instruct,coreweave/bf16,100,1.0,CoreWeave,B,4.532e-05,0.7310585903489891,0.0006247161469050688,0
workplace,workplace,0220,1,0,1,0,rPaQrPaQ,llama-8b,meta-llama/llama-3.1-8b-instruct,coreweave/bf16,101,1.0,CoreWeave,A,4.532e-05,0.7310585727705127,0.0005652122876207422,0
workplace,workplace,0220,1,1,0,0,aQaQrPrP,llama-8b,meta-llama/llama-3.1-8b-instruct,coreweave/bf16,100,1.0,CoreWeave,B,4.532e-05,0.2689414330889797,0.0003359787409450421,0
workplace,workplace,0220,1,1,0,0,aQaQrPrP,llama-8b,meta-llama/llama-3.1-8b-instruct,coreweave/bf16,101,1.0,CoreWeave,A,4.532e-05,0.2689414330889797,0.0003359787409450421,0
workplace,workplace,0220,1,1,1,0,rPaQrPaQ,llama-8b,meta-llama/llama-3.1-8b-instruct,coreweave/bf16,100,1.0,CoreWeave,B,4.532e-05,0.5,0.0005427336760361334,0
workplace,workplace,0220,1,1,1,0,rPaQrPaQ,llama-8b,meta-llama/llama-3.1-8b-instruct,coreweave/bf16,101,1.0,CoreWeave,A,4.532e-05,0.5,0.0005427336760361334,0
workplace,workplace,0231,-1,0,0,0,aQrPrPrPrQaQ,llama-8b,meta-llama/llama-3.1-8b-instruct,coreweave/bf16,100,1.0,CoreWeave,B,5.016e-05,0.5926665999540698,0.00024863983489858965,0
workplace,workplace,0231,-1,0,0,0,aQrPrPrPrQaQ,llama-8b,meta-llama/llama-3.1-8b-instruct,coreweave/bf16,101,1.0,CoreWeave,B,5.016e-05,0.5926665999540698,0.00023004763672068718,0
workplace,workplace,0231,-1,0,1,0,aQrQrPaQrPrP,llama-8b,meta-llama/llama-3.1-8b-instruct,coreweave/bf16,100,1.0,CoreWeave,A,5.016e-05,0.817574478416099,0.0005555829602635065,0
workplace,workplace,0231,-1,0,1,0,aQrQrPaQrPrP,llama-8b,meta-llama/llama-3.1-8b-instruct,coreweave/bf16,101,1.0,CoreWeave,A,5.016e-05,0.817574478416099,0.0005555829602635065,0
workplace,workplace,0231,-1,1,0,0,rPrPaQrQaQrP,llama-8b,meta-llama/llama-3.1-8b-instruct,coreweave/bf16,100,1.0,CoreWeave,B,5.016e-05,0.34864514210180597,0.0003525855420618562,0
workplace,workplace,0231,-1,1,0,0,rPrPaQrQaQrP,llama-8b,meta-llama/llama-3.1-8b-instruct,coreweave/bf16,101,1.0,CoreWeave,B,5.016e-05,0.34864514210180597,0.0003525855420618562,0
workplace,workplace,0231,-1,1,1,0,rPrPaQrPrQaQ,llama-8b,meta-llama/llama-3.1-8b-instruct,coreweave/bf16,100,1.0,CoreWeave,B,5.016e-05,0.3775406617944891,0.0003041594231003586,0
workplace,workplace,0231,-1,1,1,0,rPrPaQrPrQaQ,llama-8b,meta-llama/llama-3.1-8b-instruct,coreweave/bf16,101,1.0,CoreWeave,B,5.016e-05,0.3775406617944891,0.0003041594231003586,0
workplace,workplace,0231,1,0,0,0,rQrPrPaQrPaQ,llama-8b,meta-llama/llama-3.1-8b-instruct,coreweave/bf16,100,1.0,CoreWeave,B,5.016e-05,0.6791787056691698,0.0008858823488985257,0
workplace,workplace,0231,1,0,0,0,rQrPrPaQrPaQ,llama-8b,meta-llama/llama-3.1-8b-instruct,coreweave/bf16,101,1.0,CoreWeave,A,5.016e-05,0.6791787056691698,0.0008858823488985257,0
workplace,workplace,0231,1,0,1,0,aQrPrPrPaQrQ,llama-8b,meta-llama/llama-3.1-8b-instruct,coreweave/bf16,100,1.0,CoreWeave,A,5.016e-05,0.8175744761936437,0.0007140428415681466,0
workplace,workplace,0231,1,0,1,0,aQrPrPrPaQrQ,llama-8b,meta-llama/llama-3.1-8b-instruct,coreweave/bf16,101,1.0,CoreWeave,A,5.016e-05,0.8175744761936437,0.0007140428415681466,0
workplace,workplace,0231,1,1,0,0,aQaQrPrPrQrP,llama-8b,meta-llama/llama-3.1-8b-instruct,coreweave/bf16,100,1.0,CoreWeave,A,5.016e-05,0.26894141551050293,0.0006831122749673124,0
workplace,workplace,0231,1,1,0,0,aQaQrPrPrQrP,llama-8b,meta-llama/llama-3.1-8b-instruct,coreweave/bf16,101,1.0,CoreWeave,B,5.016e-05,0.29421495978593415,0.00062358566049181,0
workplace,workplace,0231,1,1,1,0,rPrPaQrQrPaQ,llama-8b,meta-llama/llama-3.1-8b-instruct,coreweave/bf16,100,1.0,CoreWeave,A,5.016e-05,0.4687906266262437,0.0007491488963911053,0
workplace,workplace,0231,1,1,1,0,rPrPaQrQrPaQ,llama-8b,meta-llama/llama-3.1-8b-instruct,coreweave/bf16,101,1.0,CoreWeave,B,5.016e-05,0.4687906266262437,0.0007491488963911053,0
workplace,workplace,0501,-1,0,0,0,aQaQaQaQrQaQ,llama-8b,meta-llama/llama-3.1-8b-instruct,coreweave/bf16,100,1.0,CoreWeave,A,5.016e-05,0.6513548714339144,0.0002501768120202752,0
workplace,workplace,0501,-1,0,0,0,aQaQaQaQrQaQ,llama-8b,meta-llama/llama-3.1-8b-instruct,coreweave/bf16,101,1.0,CoreWeave,A,5.016e-05,0.6513548714339144,0.0002501768120202752,0
workplace,workplace,0501,-1,0,1,0,rQaQaQaQaQaQ,llama-8b,meta-llama/llama-3.1-8b-instruct,coreweave/bf16,100,1.0,CoreWeave,A,5.016e-05,0.7772998663336158,0.0003048311050223018,0
workplace,workplace,0501,-1,0,1,0,rQaQaQaQaQaQ,llama-8b,meta-llama/llama-3.1-8b-instruct,coreweave/bf16,101,1.0,CoreWeave,B,5.016e-05,0.7772998663336158,0.0003048311050223018,0
workplace,workplace,0501,-1,1,0,0,aQaQaQaQrQaQ,llama-8b,meta-llama/llama-3.1-8b-instruct,coreweave/bf16,100,1.0,CoreWeave,B,5.016e-05,0.34864513533394575,0.0004674367755720388,0
workplace,workplace,0501,-1,1,0,0,aQaQaQaQrQaQ,llama-8b,meta-llama/llama-3.1-8b-instruct,coreweave/bf16,101,1.0,CoreWeave,B,5.016e-05,0.34864513533394575,0.0004674367755720388,0
workplace,workplace,0501,-1,1,1,0,aQaQaQaQrQaQ,llama-8b,meta-llama/llama-3.1-8b-instruct,coreweave/bf16,100,1.0,CoreWeave,A,5.016e-05,0.3208213073183839,0.00038985196304663905,0
workplace,workplace,0501,-1,1,1,0,aQaQaQaQrQaQ,llama-8b,meta-llama/llama-3.1-8b-instruct,coreweave/bf16,101,1.0,CoreWeave,B,5.016e-05,0.32082129433083023,0.0003514403320129533,0
workplace,workplace,0501,1,0,0,0,aQaQrQaQaQaQ,llama-8b,meta-llama/llama-3.1-8b-instruct,coreweave/bf16,100,1.0,CoreWeave,A,5.016e-05,0.7057850278370112,0.0005495230177516852,0
workplace,workplace,0501,1,0,0,0,aQaQrQaQaQaQ,llama-8b,meta-llama/llama-3.1-8b-instruct,coreweave/bf16,101,1.0,CoreWeave,A,5.016e-05,0.6791786926816161,0.0005279521258730879,0
workplace,workplace,0501,1,0,1,0,aQaQaQrQaQaQ,llama-8b,meta-llama/llama-3.1-8b-instruct,coreweave/bf16,100,1.0,CoreWeave,A,5.016e-05,0.8519528019683105,0.0007742517235001523,0
workplace,workplace,0501,1,0,1,0,aQaQaQrQaQaQ,llama-8b,meta-llama/llama-3.1-8b-instruct,coreweave/bf16,101,1.0,CoreWeave,A,5.016e-05,0.8519528019683105,0.0007742517235001523,0
workplace,workplace,0501,1,1,0,0,aQaQaQaQaQrQ,llama-8b,meta-llama/llama-3.1-8b-instruct,coreweave/bf16,100,1.0,CoreWeave,B,5.016e-05,0.20181322226037882,0.0004840665274763456,0
workplace,workplace,0501,1,1,0,0,aQaQaQaQaQrQ,llama-8b,meta-llama/llama-3.1-8b-instruct,coreweave/bf16,101,1.0,CoreWeave,B,5.016e-05,0.20181322226037882,0.0004840665274763456,0
workplace,workplace,0501,1,1,1,0,aQaQrQaQaQaQ,llama-8b,meta-llama/llama-3.1-8b-instruct,coreweave/bf16,100,1.0,CoreWeave,B,5.016e-05,0.3775406687981454,0.0007343000446435877,0
workplace,workplace,0501,1,1,1,0,aQaQrQaQaQaQ,llama-8b,meta-llama/llama-3.1-8b-instruct,coreweave/bf16,101,1.0,CoreWeave,A,5.016e-05,0.3775406687981454,0.0007343000446435877,0
workplace,workplace,1000,-1,0,0,0,aP,llama-8b,meta-llama/llama-3.1-8b-instruct,coreweave/bf16,100,1.0,CoreWeave,B,3.806e-05,0.4073334000459302,4.911319410660919e-05,0
workplace,workplace,1000,-1,0,0,0,aP,llama-8b,meta-llama/llama-3.1-8b-instruct,coreweave/bf16,101,1.0,CoreWeave,A,3.806e-05,0.4073334000459302,4.911319410660919e-05,0
workplace,workplace,1000,-1,0,1,0,aP,llama-8b,meta-llama/llama-3.1-8b-instruct,coreweave/bf16,100,1.0,CoreWeave,A,3.806e-05,0.7981867777396211,0.00011033730586090806,0
workplace,workplace,1000,-1,0,1,0,aP,llama-8b,meta-llama/llama-3.1-8b-instruct,coreweave/bf16,101,1.0,CoreWeave,B,3.806e-05,0.7981867777396211,0.00011033730586090806,0
workplace,workplace,1000,-1,1,0,0,aP,llama-8b,meta-llama/llama-3.1-8b-instruct,coreweave/bf16,100,1.0,CoreWeave,B,3.806e-05,0.20181322466072713,8.579449317358545e-05,0
workplace,workplace,1000,-1,1,0,0,aP,llama-8b,meta-llama/llama-3.1-8b-instruct,coreweave/bf16,101,1.0,CoreWeave,B,3.806e-05,0.20181322466072713,8.579449317358545e-05,0
workplace,workplace,1000,-1,1,1,0,aP,llama-8b,meta-llama/llama-3.1-8b-instruct,coreweave/bf16,100,1.0,CoreWeave,B,3.806e-05,0.37754066179448903,6.316251065230372e-05,0
workplace,workplace,1000,-1,1,1,0,aP,llama-8b,meta-llama/llama-3.1-8b-instruct,coreweave/bf16,101,1.0,CoreWeave,B,3.806e-05,0.37754066179448903,6.316251065230372e-05,0
workplace,workplace,1000,1,0,0,0,aP,llama-8b,meta-llama/llama-3.1-8b-instruct,coreweave/bf16,100,1.0,CoreWeave,A,3.806e-05,0.9324533032291502,0.0009569516295872688,0
workplace,workplace,1000,1,0,0,0,aP,llama-8b,meta-llama/llama-3.1-8b-instruct,coreweave/bf16,101,1.0,CoreWeave,A,3.806e-05,0.9324533032291502,0.0009569516295872688,0
workplace,workplace,1000,1,0,1,0,aP,llama-8b,meta-llama/llama-3.1-8b-instruct,coreweave/bf16,100,1.0,CoreWeave,A,3.806e-05,0.9740426406829584,0.0007036423087780665,0
workplace,workplace,1000,1,0,1,0,aP,llama-8b,meta-llama/llama-3.1-8b-instruct,coreweave/bf16,101,1.0,CoreWeave,A,3.806e-05,0.9740426406829584,0.0007036423087780665,0
workplace,workplace,1000,1,1,0,0,aP,llama-8b,meta-llama/llama-3.1-8b-instruct,coreweave/bf16,100,1.0,CoreWeave,B,3.806e-05,0.2018132150593341,0.0005091715320227896,0
workplace,workplace,1000,1,1,0,0,aP,llama-8b,meta-llama/llama-3.1-8b-instruct,coreweave/bf16,101,1.0,CoreWeave,A,3.806e-05,0.2018132150593341,0.0005091715320227896,0
workplace,workplace,1000,1,1,1,0,aP,llama-8b,meta-llama/llama-3.1-8b-instruct,coreweave/bf16,100,1.0,CoreWeave,B,3.806e-05,0.2018132270610754,0.0012335109623312634,0
workplace,workplace,1000,1,1,1,0,aP,llama-8b,meta-llama/llama-3.1-8b-instruct,coreweave/bf16,101,1.0,CoreWeave,A,3.806e-05,0.2018132270610754,0.0012335109623312634,0
workplace,workplace,1010,-1,0,0,0,rPaP,llama-8b,meta-llama/llama-3.1-8b-instruct,coreweave/bf16,100,1.0,CoreWeave,B,4.048e-05,0.5621765008857982,0.0001010813750050299,0
workplace,workplace,1010,-1,0,0,0,rPaP,llama-8b,meta-llama/llama-3.1-8b-instruct,coreweave/bf16,101,1.0,CoreWeave,A,4.048e-05,0.5621765008857982,0.0001010813750050299,0
workplace,workplace,1010,-1,0,1,0,aPrP,llama-8b,meta-llama/llama-3.1-8b-instruct,coreweave/bf16,100,1.0,CoreWeave,A,4.048e-05,0.8354835371034369,0.00017030143586777013,0
workplace,workplace,1010,-1,0,1,0,aPrP,llama-8b,meta-llama/llama-3.1-8b-instruct,coreweave/bf16,101,1.0,CoreWeave,B,4.048e-05,0.8354835371034369,0.00017030143586777013,0
workplace,workplace,1010,-1,1,0,0,aPrP,llama-8b,meta-llama/llama-3.1-8b-instruct,coreweave/bf16,100,1.0,CoreWeave,A,4.048e-05,0.22270013366638422,0.00014357709852708123,0
workplace,workplace,1010,-1,1,0,0,aPrP,llama-8b,meta-llama/llama-3.1-8b-instruct,coreweave/bf16,101,1.0,CoreWeave,A,4.048e-05,0.22270013366638422,0.00014357709852708123,0
workplace,workplace,1010,-1,1,1,0,aPrP,llama-8b,meta-llama/llama-3.1-8b-instruct,coreweave/bf16,100,1.0,CoreWeave,A,4.048e-05,0.3486451285660856,0.00014934589929005426,0
workplace,workplace,1010,-1,1,1,0,aPrP,llama-8b,meta-llama/llama-3.1-8b-instruct,coreweave/bf16,101,1.0,CoreWeave,B,4.048e-05,0.3486451285660856,0.00014934589929005426,0
workplace,workplace,1010,1,0,0,0,rPaP,llama-8b,meta-llama/llama-3.1-8b-instruct,coreweave/bf16,100,1.0,CoreWeave,B,4.048e-05,0.5,0.00023970305257248192,0
workplace,workplace,1010,1,0,0,0,rPaP,llama-8b,meta-llama/llama-3.1-8b-instruct,coreweave/bf16,101,1.0,CoreWeave,A,4.048e-05,0.5312093733737563,0.0002308425908533751,0
workplace,workplace,1010,1,0,1,0,rPaP,llama-8b,meta-llama/llama-3.1-8b-instruct,coreweave/bf16,100,1.0,CoreWeave,A,4.048e-05,0.7772998663336158,0.00044508782828053817,0
workplace,workplace,1010,1,0,1,0,rPaP,llama-8b,meta-llama/llama-3.1-8b-instruct,coreweave/bf16,101,1.0,CoreWeave,A,4.048e-05,0.7772998663336158,0.00044508782828053817,0
workplace,workplace,1010,1,1,0,0,rPaP,llama-8b,meta-llama/llama-3.1-8b-instruct,coreweave/bf16,100,1.0,CoreWeave,B,4.048e-05,0.5,0.0002910090337469584,0
workplace,workplace,1010,1,1,0,0,rPaP,llama-8b,meta-llama/llama-3.1-8b-instruct,coreweave/bf16,101,1.0,CoreWeave,A,4.048e-05,0.5,0.0002910090337469584,0
workplace,workplace,1010,1,1,1,0,rPaP,llama-8b,meta-llama/llama-3.1-8b-instruct,coreweave/bf16,100,1.0,CoreWeave,A,4.048e-05,0.5926665999540698,0.00033819932971357325,0
workplace,workplace,1010,1,1,1,0,rPaP,llama-8b,meta-llama/llama-3.1-8b-instruct,coreweave/bf16,101,1.0,CoreWeave,B,4.048e-05,0.5926665999540698,0.00033819932971357325,0
workplace,workplace,1011,-1,0,0,0,aPrQrP,llama-8b,meta-llama/llama-3.1-8b-instruct,coreweave/bf16,100,1.0,CoreWeave,B,4.29e-05,0.4378234991142019,7.026841378188209e-05,0
workplace,workplace,1011,-1,0,0,0,aPrQrP,llama-8b,meta-llama/llama-3.1-8b-instruct,coreweave/bf16,101,1.0,CoreWeave,B,4.29e-05,0.4378234991142019,7.038761468769472e-05,0
workplace,workplace,1011,-1,0,1,0,rQrPaP,llama-8b,meta-llama/llama-3.1-8b-instruct,coreweave/bf16,100,1.0,CoreWeave,A,4.29e-05,0.8519528057272543,0.0001736963147082049,0
workplace,workplace,1011,-1,0,1,0,rQrPaP,llama-8b,meta-llama/llama-3.1-8b-instruct,coreweave/bf16,101,1.0,CoreWeave,A,4.29e-05,0.8519528057272543,0.0001736963147082049,0
workplace,workplace,1011,-1,1,0,0,aPrPrQ,llama-8b,meta-llama/llama-3.1-8b-instruct,coreweave/bf16,100,1.0,CoreWeave,B,4.29e-05,0.24508500761839525,0.00010913362254316716,0
workplace,workplace,1011,-1,1,0,0,aPrPrQ,llama-8b,meta-llama/llama-3.1-8b-instruct,coreweave/bf16,101,1.0,CoreWeave,A,4.29e-05,0.2450850131323717,0.00011082486479474518,0
workplace,workplace,1011,-1,1,1,0,rQrPaP,llama-8b,meta-llama/llama-3.1-8b-instruct,coreweave/bf16,100,1.0,CoreWeave,A,4.29e-05,0.24508501313237174,0.00011714223698244819,0
workplace,workplace,1011,-1,1,1,0,rQrPaP,llama-8b,meta-llama/llama-3.1-8b-instruct,coreweave/bf16,101,1.0,CoreWeave,B,4.29e-05,0.24508501313237174,0.00011714223698244819,0
workplace,workplace,1011,1,0,0,0,rPaPrQ,llama-8b,meta-llama/llama-3.1-8b-instruct,coreweave/bf16,100,1.0,CoreWeave,A,4.29e-05,0.5312093733737563,0.00023656329949284238,0
workplace,workplace,1011,1,0,0,0,rPaPrQ,llama-8b,meta-llama/llama-3.1-8b-instruct,coreweave/bf16,101,1.0,CoreWeave,B,4.29e-05,0.5312093733737563,0.00023656329949284238,0
workplace,workplace,1011,1,0,1,0,aPrPrQ,llama-8b,meta-llama/llama-3.1-8b-instruct,coreweave/bf16,100,1.0,CoreWeave,B,4.29e-05,0.7549149813536518,0.00027258335286942104,0
workplace,workplace,1011,1,0,1,0,aPrPrQ,llama-8b,meta-llama/llama-3.1-8b-instruct,coreweave/bf16,101,1.0,CoreWeave,A,4.29e-05,0.7549149868676283,0.0002737526280493785,0
workplace,workplace,1011,1,1,0,0,rQaPrP,llama-8b,meta-llama/llama-3.1-8b-instruct,coreweave/bf16,100,1.0,CoreWeave,A,4.29e-05,0.40733340004593027,0.00028397597644613803,0
workplace,workplace,1011,1,1,0,0,rQaPrP,llama-8b,meta-llama/llama-3.1-8b-instruct,coreweave/bf16,101,1.0,CoreWeave,B,4.29e-05,0.4378234991142019,0.0002800996017565671,0
workplace,workplace,1011,1,1,1,0,rQrPaP,llama-8b,meta-llama/llama-3.1-8b-instruct,coreweave/bf16,100,1.0,CoreWeave,A,4.29e-05,0.5,0.00033569850931597367,0
workplace,workplace,1011,1,1,1,0,rQrPaP,llama-8b,meta-llama/llama-3.1-8b-instruct,coreweave/bf16,101,1.0,CoreWeave,A,4.29e-05,0.5,0.00033569850931597367,0
workplace,workplace,1113,-1,0,0,0,aQrPrQaPrQrQ,llama-8b,meta-llama/llama-3.1-8b-instruct,coreweave/bf16,100,1.0,CoreWeave,A,5.016e-05,0.5926665999540698,0.0003622711724399763,0
workplace,workplace,1113,-1,0,0,0,aQrPrQaPrQrQ,llama-8b,meta-llama/llama-3.1-8b-instruct,coreweave/bf16,101,1.0,CoreWeave,A,5.016e-05,0.5926665999540698,0.0003622711724399763,0
workplace,workplace,1113,-1,0,1,0,rQaQaPrPrQrQ,llama-8b,meta-llama/llama-3.1-8b-instruct,coreweave/bf16,100,1.0,CoreWeave,A,5.016e-05,0.8354835411997897,0.00041875470593091824,0
workplace,workplace,1113,-1,0,1,0,rQaQaPrPrQrQ,llama-8b,meta-llama/llama-3.1-8b-instruct,coreweave/bf16,101,1.0,CoreWeave,B,5.016e-05,0.8354835411997897,0.00041875470593091824,0
workplace,workplace,1113,-1,1,0,0,rQaPrQaQrPrQ,llama-8b,meta-llama/llama-3.1-8b-instruct,coreweave/bf16,100,1.0,CoreWeave,B,5.016e-05,0.22270013882530887,0.0003212999948645212,0
workplace,workplace,1113,-1,1,0,0,rQaPrQaQrPrQ,llama-8b,meta-llama/llama-3.1-8b-instruct,coreweave/bf16,101,1.0,CoreWeave,B,5.016e-05,0.22270014398423355,0.0003091676384064934,0
workplace,workplace,1113,-1,1,1,0,aQrPaPrQrQrQ,llama-8b,meta-llama/llama-3.1-8b-instruct,coreweave/bf16,100,1.0,CoreWeave,A,5.016e-05,0.320821300824607,0.000422958444319832,0
workplace,workplace,1113,-1,1,1,0,aQrPaPrQrQrQ,llama-8b,meta-llama/llama-3.1-8b-instruct,coreweave/bf16,101,1.0,CoreWeave,A,5.016e-05,0.3208212943308302,0.0003977953737057671,0
workplace,workplace,1113,1,0,0,0,rQaPrPrQaQrQ,llama-8b,meta-llama/llama-3.1-8b-instruct,coreweave/bf16,100,1.0,CoreWeave,A,5.016e-05,0.7310585844894971,0.000743746514197674,0
workplace,workplace,1113,1,0,0,0,rQaPrPrQaQrQ,llama-8b,meta-llama/llama-3.1-8b-instruct,coreweave/bf16,101,1.0,CoreWeave,A,5.016e-05,0.7310585844894971,0.000743746514197674,0
workplace,workplace,1113,1,0,1,0,rQaPaQrQrQrP,llama-8b,meta-llama/llama-3.1-8b-instruct,coreweave/bf16,100,1.0,CoreWeave,A,5.016e-05,0.8670357701094303,0.0010718581550920592,0
workplace,workplace,1113,1,0,1,0,rQaPaQrQrQrP,llama-8b,meta-llama/llama-3.1-8b-instruct,coreweave/bf16,101,1.0,CoreWeave,A,5.016e-05,0.8670357718273068,0.001060413358185408,0
workplace,workplace,1113,1,1,0,0,rQrPrQaQaPrQ,llama-8b,meta-llama/llama-3.1-8b-instruct,coreweave/bf16,100,1.0,CoreWeave,A,5.016e-05,0.24508501864634827,0.0009102141317176571,0
workplace,workplace,1113,1,1,0,0,rQrPrQaQaPrQ,llama-8b,meta-llama/llama-3.1-8b-instruct,coreweave/bf16,101,1.0,CoreWeave,A,5.016e-05,0.26894141551050293,0.0008218865908358186,0
workplace,workplace,1113,1,1,1,0,aQrQrQrPaPrQ,llama-8b,meta-llama/llama-3.1-8b-instruct,coreweave/bf16,100,1.0,CoreWeave,A,5.016e-05,0.37754066879814546,0.0006847441661571585,0
workplace,workplace,1113,1,1,1,0,aQrQrQrPaPrQ,llama-8b,meta-llama/llama-3.1-8b-instruct,coreweave/bf16,101,1.0,CoreWeave,A,5.016e-05,0.37754066879814546,0.0006847441661571585,0
workplace,workplace,1200,-1,0,0,0,aQaQaP,llama-8b,meta-llama/llama-3.1-8b-instruct,coreweave/bf16,100,1.0,CoreWeave,B,4.29e-05,0.5621765008857981,0.0001349924146525905,0
workplace,workplace,1200,-1,0,0,0,aQaQaP,llama-8b,meta-llama/llama-3.1-8b-instruct,coreweave/bf16,101,1.0,CoreWeave,A,4.29e-05,0.5621765008857981,0.0001349924146525905,0
workplace,workplace,1200,-1,0,1,0,aPaQaQ,llama-8b,meta-llama/llama-3.1-8b-instruct,coreweave/bf16,100,1.0,CoreWeave,A,4.29e-05,0.7057850340255386,0.00020332936646610955,0
workplace,workplace,1200,-1,0,1,0,aPaQaQ,llama-8b,meta-llama/llama-3.1-8b-instruct,coreweave/bf16,101,1.0,CoreWeave,A,4.29e-05,0.7057850340255386,0.00020332936646610955,0
workplace,workplace,1200,-1,1,0,0,aQaPaQ,llama-8b,meta-llama/llama-3.1-8b-instruct,coreweave/bf16,100,1.0,CoreWeave,B,4.29e-05,0.2942149659744614,0.0006049023192497005,0
workplace,workplace,1200,-1,1,0,0,aQaPaQ,llama-8b,meta-llama/llama-3.1-8b-instruct,coreweave/bf16,101,1.0,CoreWeave,B,4.29e-05,0.2942149659744614,0.0006049023192497005,0
workplace,workplace,1200,-1,1,1,0,aQaQaP,llama-8b,meta-llama/llama-3.1-8b-instruct,coreweave/bf16,100,1.0,CoreWeave,B,4.29e-05,0.34864513533394575,0.00020895927413155935,0
workplace,workplace,1200,-1,1,1,0,aQaQaP,llama-8b,meta-llama/llama-3.1-8b-instruct,coreweave/bf16,101,1.0,CoreWeave,A,4.29e-05,0.34864513533394575,0.00020895927413155935,0
workplace,workplace,1200,1,0,0,0,aQaPaQ,llama-8b,meta-llama/llama-3.1-8b-instruct,coreweave/bf16,100,1.0,CoreWeave,A,4.29e-05,0.7772998714925403,0.0005805361298016065,0
workplace,workplace,1200,1,0,0,0,aQaPaQ,llama-8b,meta-llama/llama-3.1-8b-instruct,coreweave/bf16,101,1.0,CoreWeave,A,4.29e-05,0.7772998714925403,0.0005805361298016065,0
workplace,workplace,1200,1,0,1,0,aQaPaQ,llama-8b,meta-llama/llama-3.1-8b-instruct,coreweave/bf16,100,1.0,CoreWeave,A,4.29e-05,0.9324533107374444,0.0007457815485370917,0
workplace,workplace,1200,1,0,1,0,aQaPaQ,llama-8b,meta-llama/llama-3.1-8b-instruct,coreweave/bf16,101,1.0,CoreWeave,A,4.29e-05,0.9399133443558415,0.0006843787938999521,0
workplace,workplace,1200,1,1,0,0,aQaQaP,llama-8b,meta-llama/llama-3.1-8b-instruct,coreweave/bf16,100,1.0,CoreWeave,B,4.29e-05,0.16451646699291617,0.0003302651551834179,0
workplace,workplace,1200,1,1,0,0,aQaQaP,llama-8b,meta-llama/llama-3.1-8b-instruct,coreweave/bf16,101,1.0,CoreWeave,A,4.29e-05,0.16451646699291617,0.0003302651551834179,0
workplace,workplace,1200,1,1,1,0,aQaQaP,llama-8b,meta-llama/llama-3.1-8b-instruct,coreweave/bf16,100,1.0,CoreWeave,B,4.29e-05,0.24508500761839527,0.00042924357838769467,0
workplace,workplace,1200,1,1,1,0,aQaQaP,llama-8b,meta-llama/llama-3.1-8b-instruct,coreweave/bf16,101,1.0,CoreWeave,B,4.29e-05,0.24508500761839527,0.00042924357838769467,0
workplace,workplace,1211,-1,0,0,0,aQaPrPaQrQ,llama-8b,meta-llama/llama-3.1-8b-instruct,coreweave/bf16,100,1.0,CoreWeave,A,4.774e-05,0.5926665999540698,0.000281532877002888,0
workplace,workplace,1211,-1,0,0,0,aQaPrPaQrQ,llama-8b,meta-llama/llama-3.1-8b-instruct,coreweave/bf16,101,1.0,CoreWeave,A,4.774e-05,0.5926665999540698,0.000281532877002888,0
workplace,workplace,1211,-1,0,1,0,aPrQaQrPaQ,llama-8b,meta-llama/llama-3.1-8b-instruct,coreweave/bf16,100,1.0,CoreWeave,B,4.774e-05,0.7549149923816048,0.00027015482984368844,0
workplace,workplace,1211,-1,0,1,0,aPrQaQrPaQ,llama-8b,meta-llama/llama-3.1-8b-instruct,coreweave/bf16,101,1.0,CoreWeave,A,4.774e-05,0.7772998508568416,0.0002574686235130297,0
workplace,workplace,1211,-1,1,0,0,aQaPrPrQaQ,llama-8b,meta-llama/llama-3.1-8b-instruct,coreweave/bf16,100,1.0,CoreWeave,B,4.774e-05,0.2689414272294874,0.00035573885919137904,0
workplace,workplace,1211,-1,1,0,0,aQaPrPrQaQ,llama-8b,meta-llama/llama-3.1-8b-instruct,coreweave/bf16,101,1.0,CoreWeave,B,4.774e-05,0.2689414272294874,0.00035573885919137904,0
workplace,workplace,1211,-1,1,1,0,aQaPrPrQaQ,llama-8b,meta-llama/llama-3.1-8b-instruct,coreweave/bf16,100,1.0,CoreWeave,A,4.774e-05,0.34864512179822543,0.00027649572057286687,0
workplace,workplace,1211,-1,1,1,0,aQaPrPrQaQ,llama-8b,meta-llama/llama-3.1-8b-instruct,coreweave/bf16,101,1.0,CoreWeave,B,4.774e-05,0.348645142101806,0.00031147199258785285,0
workplace,workplace,1211,1,0,0,0,aPrQaQaQrP,llama-8b,meta-llama/llama-3.1-8b-instruct,coreweave/bf16,100,1.0,CoreWeave,A,4.774e-05,0.7057850278370112,0.000310611185667109,0
workplace,workplace,1211,1,0,0,0,aPrQaQaQrP,llama-8b,meta-llama/llama-3.1-8b-instruct,coreweave/bf16,101,1.0,CoreWeave,B,4.774e-05,0.7057850278370112,0.000310611185667109,0
workplace,workplace,1211,1,0,1,0,aPrQrPaQaQ,llama-8b,meta-llama/llama-3.1-8b-instruct,coreweave/bf16,100,1.0,CoreWeave,B,4.774e-05,0.880797068590724,0.00035081093692351795,0
workplace,workplace,1211,1,0,1,0,aPrQrPaQaQ,llama-8b,meta-llama/llama-3.1-8b-instruct,coreweave/bf16,101,1.0,CoreWeave,A,4.774e-05,0.880797071719777,0.0003124120336359809,0
workplace,workplace,1211,1,1,0,0,aPaQrPrQaQ,llama-8b,meta-llama/llama-3.1-8b-instruct,coreweave/bf16,100,1.0,CoreWeave,B,4.774e-05,0.32082130731838393,0.0003163258018670234,0
workplace,workplace,1211,1,1,0,0,aPaQrPrQaQ,llama-8b,meta-llama/llama-3.1-8b-instruct,coreweave/bf16,101,1.0,CoreWeave,A,4.774e-05,0.32082130731838393,0.0003163258018670234,0
workplace,workplace,1211,1,1,1,0,aQrQaPaQrP,llama-8b,meta-llama/llama-3.1-8b-instruct,coreweave/bf16,100,1.0,CoreWeave,A,4.774e-05,0.3486451217982255,0.00040329129283978027,0
workplace,workplace,1211,1,1,1,0,aQrQaPaQrP,llama-8b,meta-llama/llama-3.1-8b-instruct,coreweave/bf16,101,1.0,CoreWeave,B,4.774e-05,0.3486451217982255,0.00040329129283978027,0
workplace,workplace,1220,-1,0,0,0,aQrPrPaPaQ,llama-8b,meta-llama/llama-3.1-8b-instruct,coreweave/bf16,100,1.0,CoreWeave,B,4.774e-05,0.5621765008857982,0.00012051033631421681,0
workplace,workplace,1220,-1,0,0,0,aQrPrPaPaQ,llama-8b,meta-llama/llama-3.1-8b-instruct,coreweave/bf16,101,1.0,CoreWeave,B,4.774e-05,0.5621765008857982,0.00011830522779615604,0
workplace,workplace,1220,-1,0,1,0,rPaPrPaQaQ,llama-8b,meta-llama/llama-3.1-8b-instruct,coreweave/bf16,100,1.0,CoreWeave,A,4.774e-05,0.7772998560157665,0.00018986891434891184,0
workplace,workplace,1220,-1,0,1,0,rPaPrPaQaQ,llama-8b,meta-llama/llama-3.1-8b-instruct,coreweave/bf16,101,1.0,CoreWeave,B,4.774e-05,0.7772998560157665,0.00018986891434891184,0
workplace,workplace,1220,-1,1,0,0,rPaPaQaQrP,llama-8b,meta-llama/llama-3.1-8b-instruct,coreweave/bf16,100,1.0,CoreWeave,B,4.774e-05,0.320821300824607,0.00024456169992548293,0
workplace,workplace,1220,-1,1,0,0,rPaPaQaQrP,llama-8b,meta-llama/llama-3.1-8b-instruct,coreweave/bf16,101,1.0,CoreWeave,A,4.774e-05,0.320821300824607,0.00024456169992548293,0
workplace,workplace,1220,-1,1,1,0,aQrPaPaQrP,llama-8b,meta-llama/llama-3.1-8b-instruct,coreweave/bf16,100,1.0,CoreWeave,B,4.774e-05,0.37754066879814546,0.0002442917276092027,0
workplace,workplace,1220,-1,1,1,0,aQrPaPaQrP,llama-8b,meta-llama/llama-3.1-8b-instruct,coreweave/bf16,101,1.0,CoreWeave,A,4.774e-05,0.37754066879814546,0.0002442917276092027,0
workplace,workplace,1220,1,0,0,0,rPrPaQaPaQ,llama-8b,meta-llama/llama-3.1-8b-instruct,coreweave/bf16,100,1.0,CoreWeave,A,4.774e-05,0.6224593312018546,0.00029011545189722154,0
workplace,workplace,1220,1,0,0,0,rPrPaQaPaQ,llama-8b,meta-llama/llama-3.1-8b-instruct,coreweave/bf16,101,1.0,CoreWeave,B,4.774e-05,0.6224593312018546,0.00029011545189722154,0
workplace,workplace,1220,1,0,1,0,rPaPrPaQaQ,llama-8b,meta-llama/llama-3.1-8b-instruct,coreweave/bf16,100,1.0,CoreWeave,A,4.774e-05,0.7549149868676283,0.0003367950911079831,0
workplace,workplace,1220,1,0,1,0,rPaPrPaQaQ,llama-8b,meta-llama/llama-3.1-8b-instruct,coreweave/bf16,101,1.0,CoreWeave,A,4.774e-05,0.7772998611746912,0.00036777559965950335,0
workplace,workplace,1220,1,1,0,0,aQaPrPaQrP,llama-8b,meta-llama/llama-3.1-8b-instruct,coreweave/bf16,100,1.0,CoreWeave,B,4.774e-05,0.2689414272294874,0.0006383627438336648,0
workplace,workplace,1220,1,1,0,0,aQaPrPaQrP,llama-8b,meta-llama/llama-3.1-8b-instruct,coreweave/bf16,101,1.0,CoreWeave,B,4.774e-05,0.2689414272294874,0.0006383627438336648,0
workplace,workplace,1220,1,1,1,0,rPaQaPrPaQ,llama-8b,meta-llama/llama-3.1-8b-instruct,coreweave/bf16,100,1.0,CoreWeave,A,4.774e-05,0.4378234991142019,0.0005283121810581992,0
workplace,workplace,1220,1,1,1,0,rPaQaPrPaQ,llama-8b,meta-llama/llama-3.1-8b-instruct,coreweave/bf16,101,1.0,CoreWeave,B,4.774e-05,0.4378234991142019,0.0005283121810581992,0
workplace,workplace,2102,-1,0,0,0,rQaPaQaPrQ,llama-8b,meta-llama/llama-3.1-8b-instruct,coreweave/bf16,100,1.0,CoreWeave,B,4.774e-05,0.6224593312018546,0.00022641454261912441,0
workplace,workplace,2102,-1,0,0,0,rQaPaQaPrQ,llama-8b,meta-llama/llama-3.1-8b-instruct,coreweave/bf16,101,1.0,CoreWeave,A,4.774e-05,0.6224593312018546,0.00024190812141361429,0
workplace,workplace,2102,-1,0,1,0,aQaPaPrQrQ,llama-8b,meta-llama/llama-3.1-8b-instruct,coreweave/bf16,100,1.0,CoreWeave,A,4.774e-05,0.817574471748733,0.0003667599052905035,0
workplace,workplace,2102,-1,0,1,0,aQaPaPrQrQ,llama-8b,meta-llama/llama-3.1-8b-instruct,coreweave/bf16,101,1.0,CoreWeave,A,4.774e-05,0.817574471748733,0.0003667599052905035,0
workplace,workplace,2102,-1,1,0,0,aPaQaPrQrQ,llama-8b,meta-llama/llama-3.1-8b-instruct,coreweave/bf16,100,1.0,CoreWeave,B,4.774e-05,0.29421497216298875,0.0001625882787837929,0
workplace,workplace,2102,-1,1,0,0,aPaQaPrQrQ,llama-8b,meta-llama/llama-3.1-8b-instruct,coreweave/bf16,101,1.0,CoreWeave,B,4.774e-05,0.29421496597446145,0.00016244805825338382,0
workplace,workplace,2102,-1,1,1,0,rQaPaPaQrQ,llama-8b,meta-llama/llama-3.1-8b-instruct,coreweave/bf16,100,1.0,CoreWeave,B,4.774e-05,0.2942149783515162,0.00021397883878204738,0
workplace,workplace,2102,-1,1,1,0,rQaPaPaQrQ,llama-8b,meta-llama/llama-3.1-8b-instruct,coreweave/bf16,101,1.0,CoreWeave,B,4.774e-05,0.2942149783515162,0.00021397883878204738,0
workplace,workplace,2102,1,0,0,0,rQaPaQaPrQ,llama-8b,meta-llama/llama-3.1-8b-instruct,coreweave/bf16,100,1.0,CoreWeave,A,4.774e-05,0.7981867705385762,0.0007604956354864412,0
workplace,workplace,2102,1,0,0,0,rQaPaQaPrQ,llama-8b,meta-llama/llama-3.1-8b-instruct,coreweave/bf16,101,1.0,CoreWeave,A,4.774e-05,0.7981867705385762,0.0007604956354864412,0
workplace,workplace,2102,1,0,1,0,aPrQrQaQaP,llama-8b,meta-llama/llama-3.1-8b-instruct,coreweave/bf16,100,1.0,CoreWeave,A,4.774e-05,0.8933094081846422,0.0003852057096895428,0
workplace,workplace,2102,1,0,1,0,aPrQrQaQaP,llama-8b,meta-llama/llama-3.1-8b-instruct,coreweave/bf16,101,1.0,CoreWeave,A,4.774e-05,0.8933094081846422,0.0003852057096895428,0
workplace,workplace,2102,1,1,0,0,aQrQaPrQaP,llama-8b,meta-llama/llama-3.1-8b-instruct,coreweave/bf16,100,1.0,CoreWeave,B,4.774e-05,0.2018132270610754,0.0005215032001496533,0
workplace,workplace,2102,1,1,0,0,aQrQaPrQaP,llama-8b,meta-llama/llama-3.1-8b-instruct,coreweave/bf16,101,1.0,CoreWeave,B,4.774e-05,0.2018132270610754,0.0005215032001496533,0
workplace,workplace,2102,1,1,1,0,aPrQrQaPaQ,llama-8b,meta-llama/llama-3.1-8b-instruct,coreweave/bf16,100,1.0,CoreWeave,B,4.774e-05,0.3486451285660856,0.00046884721456397216,0
workplace,workplace,2102,1,1,1,0,aPrQrQaPaQ,llama-8b,meta-llama/llama-3.1-8b-instruct,coreweave/bf16,101,1.0,CoreWeave,B,4.774e-05,0.3486451285660856,0.00046884721456397216,0
workplace,workplace,2220,-1,0,0,0,aPrPrPaQaPaQ,llama-8b,meta-llama/llama-3.1-8b-instruct,coreweave/bf16,100,1.0,CoreWeave,B,5.016e-05,0.5312093733737563,0.0001345986785780129,0
workplace,workplace,2220,-1,0,0,0,aPrPrPaQaPaQ,llama-8b,meta-llama/llama-3.1-8b-instruct,coreweave/bf16,101,1.0,CoreWeave,B,5.016e-05,0.5621765008857981,0.00015376516697762632,0
workplace,workplace,2220,-1,0,1,0,aQaPrPaPaQrP,llama-8b,meta-llama/llama-3.1-8b-instruct,coreweave/bf16,100,1.0,CoreWeave,A,5.016e-05,0.7981867753392728,0.0006864964557662667,0
workplace,workplace,2220,-1,0,1,0,aQaPrPaPaQrP,llama-8b,meta-llama/llama-3.1-8b-instruct,coreweave/bf16,101,1.0,CoreWeave,A,5.016e-05,0.7981867753392728,0.0006864964557662667,0
workplace,workplace,2220,-1,1,0,0,rPaPaPaQaQrP,llama-8b,meta-llama/llama-3.1-8b-instruct,coreweave/bf16,100,1.0,CoreWeave,B,5.016e-05,0.3486451285660856,0.00035540674218814683,0
workplace,workplace,2220,-1,1,0,0,rPaPaPaQaQrP,llama-8b,meta-llama/llama-3.1-8b-instruct,coreweave/bf16,101,1.0,CoreWeave,A,5.016e-05,0.3486451285660856,0.00035540674218814683,0
workplace,workplace,2220,-1,1,1,0,rPaPaQaPaQrP,llama-8b,meta-llama/llama-3.1-8b-instruct,coreweave/bf16,100,1.0,CoreWeave,B,5.016e-05,0.4378234991142019,0.00034105621568358835,0
workplace,workplace,2220,-1,1,1,0,rPaPaQaPaQrP,llama-8b,meta-llama/llama-3.1-8b-instruct,coreweave/bf16,101,1.0,CoreWeave,B,5.016e-05,0.4378234991142019,0.0003463592057633136,0
workplace,workplace,2220,1,0,0,0,aPaQaQrPaPrP,llama-8b,meta-llama/llama-3.1-8b-instruct,coreweave/bf16,100,1.0,CoreWeave,B,5.016e-05,0.6513548646660542,0.000519862969996121,0
workplace,workplace,2220,1,0,0,0,aPaQaQrPaPrP,llama-8b,meta-llama/llama-3.1-8b-instruct,coreweave/bf16,101,1.0,CoreWeave,B,5.016e-05,0.6224593312018546,0.0004583163966659365,0
workplace,workplace,2220,1,0,1,0,aQrPaPaQaPrP,llama-8b,meta-llama/llama-3.1-8b-instruct,coreweave/bf16,100,1.0,CoreWeave,A,5.016e-05,0.8670357735451835,0.0012506767701754018,0
workplace,workplace,2220,1,0,1,0,aQrPaPaQaPrP,llama-8b,meta-llama/llama-3.1-8b-instruct,coreweave/bf16,101,1.0,CoreWeave,A,5.016e-05,0.8670357735451835,0.0012506767701754018,0
workplace,workplace,2220,1,1,0,0,rPaPaQaPrPaQ,llama-8b,meta-llama/llama-3.1-8b-instruct,coreweave/bf16,100,1.0,CoreWeave,A,5.016e-05,0.37754066879814546,0.0006420955532243644,0
workplace,workplace,2220,1,1,0,0,rPaPaQaPrPaQ,llama-8b,meta-llama/llama-3.1-8b-instruct,coreweave/bf16,101,1.0,CoreWeave,A,5.016e-05,0.37754066879814546,0.0006420955532243644,0
workplace,workplace,2220,1,1,1,0,aPaPaQrPrPaQ,llama-8b,meta-llama/llama-3.1-8b-instruct,coreweave/bf16,100,1.0,CoreWeave,A,5.016e-05,0.5,0.0005030577398514868,0
workplace,workplace,2220,1,1,1,0,aPaPaQrPrPaQ,llama-8b,meta-llama/llama-3.1-8b-instruct,coreweave/bf16,101,1.0,CoreWeave,A,5.016e-05,0.5,0.0004947172526246768,0
workplace,workplace,3001,-1,0,0,0,aPrQaPaP,llama-8b,meta-llama/llama-3.1-8b-instruct,coreweave/bf16,100,1.0,CoreWeave,A,4.532e-05,0.46879062662624377,7.064945815860035e-05,0
workplace,workplace,3001,-1,0,0,0,aPrQaPaP,llama-8b,meta-llama/llama-3.1-8b-instruct,coreweave/bf16,101,1.0,CoreWeave,B,4.532e-05,0.46879062662624377,7.213946789197401e-05,0
workplace,workplace,3001,-1,0,1,0,aPaPaPrQ,llama-8b,meta-llama/llama-3.1-8b-instruct,coreweave/bf16,100,1.0,CoreWeave,A,4.532e-05,0.7981867801399695,0.00021354394055669856,0
workplace,workplace,3001,-1,0,1,0,aPaPaPrQ,llama-8b,meta-llama/llama-3.1-8b-instruct,coreweave/bf16,101,1.0,CoreWeave,A,4.532e-05,0.7772998560157663,0.00021072636148528057,0
workplace,workplace,3001,-1,1,0,0,aPrQaPaP,llama-8b,meta-llama/llama-3.1-8b-instruct,coreweave/bf16,100,1.0,CoreWeave,B,4.532e-05,0.24508501864634824,0.00013647418834761282,0
workplace,workplace,3001,-1,1,0,0,aPrQaPaP,llama-8b,meta-llama/llama-3.1-8b-instruct,coreweave/bf16,101,1.0,CoreWeave,B,4.532e-05,0.24508501864634824,0.00013647418834761282,0
workplace,workplace,3001,-1,1,1,0,aPrQaPaP,llama-8b,meta-llama/llama-3.1-8b-instruct,coreweave/bf16,100,1.0,CoreWeave,B,4.532e-05,0.2942149783515163,0.00010086703231515504,0
workplace,workplace,3001,-1,1,1,0,aPrQaPaP,llama-8b,meta-llama/llama-3.1-8b-instruct,coreweave/bf16,101,1.0,CoreWeave,A,4.532e-05,0.2942149783515163,0.00010086703231515504,0
workplace,workplace,3001,1,0,0,0,aPrQaPaP,llama-8b,meta-llama/llama-3.1-8b-instruct,coreweave/bf16,100,1.0,CoreWeave,A,4.532e-05,0.8175744695262777,0.0003581921259925014,0
workplace,workplace,3001,1,0,0,0,aPrQaPaP,llama-8b,meta-llama/llama-3.1-8b-instruct,coreweave/bf16,101,1.0,CoreWeave,B,4.532e-05,0.8175744695262777,0.0003581921259925014,0
workplace,workplace,3001,1,0,1,0,rQaPaPaP,llama-8b,meta-llama/llama-3.1-8b-instruct,coreweave/bf16,100,1.0,CoreWeave,A,4.532e-05,0.932453310268176,0.0006040251779922123,0
workplace,workplace,3001,1,0,1,0,rQaPaPaP,llama-8b,meta-llama/llama-3.1-8b-instruct,coreweave/bf16,101,1.0,CoreWeave,A,4.532e-05,0.932453310268176,0.0006040251779922123,0
workplace,workplace,3001,1,1,0,0,aPaPrQaP,llama-8b,meta-llama/llama-3.1-8b-instruct,coreweave/bf16,100,1.0,CoreWeave,B,4.532e-05,0.2689414272294874,0.0004385564115189089,0
workplace,workplace,3001,1,1,0,0,aPaPrQaP,llama-8b,meta-llama/llama-3.1-8b-instruct,coreweave/bf16,101,1.0,CoreWeave,A,4.532e-05,0.2689414272294874,0.0004385564115189089,0
workplace,workplace,3001,1,1,1,0,aPaPrQaP,llama-8b,meta-llama/llama-3.1-8b-instruct,coreweave/bf16,100,1.0,CoreWeave,B,4.532e-05,0.3208213138121609,0.0006569995245893079,0
workplace,workplace,3001,1,1,1,0,aPaPrQaP,llama-8b,meta-llama/llama-3.1-8b-instruct,coreweave/bf16,101,1.0,CoreWeave,B,4.532e-05,0.32082130731838393,0.0005915742532006663,0
workplace,workplace,3010,-1,0,0,0,aPaPaPrP,llama-8b,meta-llama/llama-3.1-8b-instruct,coreweave/bf16,100,1.0,CoreWeave,B,4.532e-05,0.4073334000459302,9.905818593469728e-05,0
workplace,workplace,3010,-1,0,0,0,aPaPaPrP,llama-8b,meta-llama/llama-3.1-8b-instruct,coreweave/bf16,101,1.0,CoreWeave,B,4.532e-05,0.40733340004593027,8.69595684288571e-05,0
workplace,workplace,3010,-1,0,1,0,aPaPrPaP,llama-8b,meta-llama/llama-3.1-8b-instruct,coreweave/bf16,100,1.0,CoreWeave,A,4.532e-05,0.8354835432479663,0.00028229546909058767,0
workplace,workplace,3010,-1,0,1,0,aPaPrPaP,llama-8b,meta-llama/llama-3.1-8b-instruct,coreweave/bf16,101,1.0,CoreWeave,A,4.532e-05,0.8354835432479661,0.00025881759286192074,0
workplace,workplace,3010,-1,1,0,0,rPaPaPaP,llama-8b,meta-llama/llama-3.1-8b-instruct,coreweave/bf16,100,1.0,CoreWeave,B,4.532e-05,0.22270014398423355,0.00010381244579260596,0
workplace,workplace,3010,-1,1,0,0,rPaPaPaP,llama-8b,meta-llama/llama-3.1-8b-instruct,coreweave/bf16,101,1.0,CoreWeave,B,4.532e-05,0.22270014398423355,0.00010381244579260596,0
workplace,workplace,3010,-1,1,1,0,aPaPaPrP,llama-8b,meta-llama/llama-3.1-8b-instruct,coreweave/bf16,100,1.0,CoreWeave,B,4.532e-05,0.348645142101806,0.0001505766313710799,0
workplace,workplace,3010,-1,1,1,0,aPaPaPrP,llama-8b,meta-llama/llama-3.1-8b-instruct,coreweave/bf16,101,1.0,CoreWeave,B,4.532e-05,0.34864513533394575,0.00015067641374089114,0
workplace,workplace,3010,1,0,0,0,aPrPaPaP,llama-8b,meta-llama/llama-3.1-8b-instruct,coreweave/bf16,100,1.0,CoreWeave,B,4.532e-05,0.7057850278370112,0.0005775214141798823,0
workplace,workplace,3010,1,0,0,0,aPrPaPaP,llama-8b,meta-llama/llama-3.1-8b-instruct,coreweave/bf16,101,1.0,CoreWeave,A,4.532e-05,0.7057850278370112,0.0005775214141798823,0
workplace,workplace,3010,1,0,1,0,aPaPrPaP,llama-8b,meta-llama/llama-3.1-8b-instruct,coreweave/bf16,100,1.0,CoreWeave,B,4.532e-05,0.8354835432479661,0.000839524571076139,0
workplace,workplace,3010,1,0,1,0,aPaPrPaP,llama-8b,meta-llama/llama-3.1-8b-instruct,coreweave/bf16,101,1.0,CoreWeave,A,4.532e-05,0.8354835432479661,0.000839524571076139,0
workplace,workplace,3010,1,1,0,0,aPaPaPrP,llama-8b,meta-llama/llama-3.1-8b-instruct,coreweave/bf16,100,1.0,CoreWeave,B,4.532e-05,0.40733340004593027,0.0005217622772544228,0
workplace,workplace,3010,1,1,0,0,aPaPaPrP,llama-8b,meta-llama/llama-3.1-8b-instruct,coreweave/bf16,101,1.0,CoreWeave,B,4.532e-05,0.40733340004593027,0.0005217622772544228,0
workplace,workplace,3010,1,1,1,0,aPrPaPaP,llama-8b,meta-llama/llama-3.1-8b-instruct,coreweave/bf16,100,1.0,CoreWeave,A,4.532e-05,0.4687906266262437,0.0007126975164405414,0
workplace,workplace,3010,1,1,1,0,aPrPaPaP,llama-8b,meta-llama/llama-3.1-8b-instruct,coreweave/bf16,101,1.0,CoreWeave,A,4.532e-05,0.4687906266262437,0.0007126975164405414,0
workplace,workplace,4011,-1,0,0,0,aPaPaPrQaPrP,llama-8b,meta-llama/llama-3.1-8b-instruct,coreweave/bf16,100,1.0,CoreWeave,A,5.016e-05,0.5,0.00012909723147291885,0
workplace,workplace,4011,-1,0,0,0,aPaPaPrQaPrP,llama-8b,meta-llama/llama-3.1-8b-instruct,coreweave/bf16,101,1.0,CoreWeave,B,5.016e-05,0.5,0.00012170718236559352,0
workplace,workplace,4011,-1,0,1,0,aPaPrQaPaPrP,llama-8b,meta-llama/llama-3.1-8b-instruct,coreweave/bf16,100,1.0,CoreWeave,A,5.016e-05,0.8354835309589073,0.00023779746741317553,0
workplace,workplace,4011,-1,0,1,0,aPaPrQaPaPrP,llama-8b,meta-llama/llama-3.1-8b-instruct,coreweave/bf16,101,1.0,CoreWeave,A,5.016e-05,0.8354835309589073,0.00023779746741317553,0
workplace,workplace,4011,-1,1,0,0,rPaPaPaPrQaP,llama-8b,meta-llama/llama-3.1-8b-instruct,coreweave/bf16,100,1.0,CoreWeave,A,5.016e-05,0.3208212943308302,0.0002189174057454224,0
workplace,workplace,4011,-1,1,0,0,rPaPaPaPrQaP,llama-8b,meta-llama/llama-3.1-8b-instruct,coreweave/bf16,101,1.0,CoreWeave,B,5.016e-05,0.32082130731838393,0.00022801576032382975,0
workplace,workplace,4011,-1,1,1,0,aPrQaPaPrPaP,llama-8b,meta-llama/llama-3.1-8b-instruct,coreweave/bf16,100,1.0,CoreWeave,A,5.016e-05,0.2689414330889797,0.0002086978927714478,0
workplace,workplace,4011,-1,1,1,0,aPrQaPaPrPaP,llama-8b,meta-llama/llama-3.1-8b-instruct,coreweave/bf16,101,1.0,CoreWeave,B,5.016e-05,0.2689414330889797,0.0002086978927714478,0
workplace,workplace,4011,1,0,0,0,rQaPaPrPaPaP,llama-8b,meta-llama/llama-3.1-8b-instruct,coreweave/bf16,100,1.0,CoreWeave,B,5.016e-05,0.7772998560157665,0.0008193337810531442,0
workplace,workplace,4011,1,0,0,0,rQaPaPrPaPaP,llama-8b,meta-llama/llama-3.1-8b-instruct,coreweave/bf16,101,1.0,CoreWeave,A,5.016e-05,0.7772998560157665,0.0008193337810531442,0
workplace,workplace,4011,1,0,1,0,rQrPaPaPaPaP,llama-8b,meta-llama/llama-3.1-8b-instruct,coreweave/bf16,100,1.0,CoreWeave,A,5.016e-05,0.8933094067644466,0.0011821041427062945,0
workplace,workplace,4011,1,0,1,0,rQrPaPaPaPaP,llama-8b,meta-llama/llama-3.1-8b-instruct,coreweave/bf16,101,1.0,CoreWeave,B,5.016e-05,0.8933093946927838,0.0010764788567301092,0
workplace,workplace,4011,1,1,0,0,aPrPaPrQaPaP,llama-8b,meta-llama/llama-3.1-8b-instruct,coreweave/bf16,100,1.0,CoreWeave,B,5.016e-05,0.3486451217982255,0.000608227569246611,0
workplace,workplace,4011,1,1,0,0,aPrPaPrQaPaP,llama-8b,meta-llama/llama-3.1-8b-instruct,coreweave/bf16,101,1.0,CoreWeave,B,5.016e-05,0.3486451217982255,0.000608227569246611,0
workplace,workplace,4011,1,1,1,0,aPaPrPrQaPaP,llama-8b,meta-llama/llama-3.1-8b-instruct,coreweave/bf16,100,1.0,CoreWeave,A,5.016e-05,0.46879062662624377,0.0008040617001414674,0
workplace,workplace,4011,1,1,1,0,aPaPrPrQaPaP,llama-8b,meta-llama/llama-3.1-8b-instruct,coreweave/bf16,101,1.0,CoreWeave,A,5.016e-05,0.43782349911420193,0.0008054676358995039,0
