ident,p1,T,answer
00f26f6927b760b18e7194f3eb06bc3916c61c36dbe221320f11b034e2ca88e3,0.2689414464161474,0.5,B
00f26f6927b760b18e7194f3eb06bc3916c61c36dbe221320f11b034e2ca88e3,0.2689414464161474,0.5,B
00f26f6927b760b18e7194f3eb06bc3916c61c36dbe221320f11b034e2ca88e3,0.2689414464161474,0.5,B
00f26f6927b760b18e7194f3eb06bc3916c61c36dbe221320f11b034e2ca88e3,0.2689414464161474,0.5,B
00f26f6927b760b18e7194f3eb06bc3916c61c36dbe221320f11b034e2ca88e3,0.2689414464161474,0.5,B
00f26f6927b760b18e7194f3eb06bc3916c61c36dbe221320f11b034e2ca88e3,0.2689414464161474,0.5,B
00f26f6927b760b18e7194f3eb06bc3916c61c36dbe221320f11b034e2ca88e3,0.2689414464161474,0.5,A
00f26f6927b760b18e7194f3eb06bc3916c61c36dbe221320f11b034e2ca88e3,0.2689414464161474,0.5,B
00f26f6927b760b18e7194f3eb06bc3916c61c36dbe221320f11b034e2ca88e3,0.2689414464161474,0.5,B
00f26f6927b760b18e7194f3eb06bc3916c61c36dbe221320f11b034e2ca88e3,0.2689414464161474,0.5,B
00f26f6927b760b18e7194f3eb06bc3916c61c36dbe221320f11b034e2ca88e3,0.2689414464161474,0.5,B
00f26f6927b760b18e7194f3eb06bc3916c61c36dbe221320f11b034e2ca88e3,0.2689414464161474,0.5,B
00f26f6927b760b18e7194f3eb06bc3916c61c36dbe221320f11b034e2ca88e3,0.2689414464161474,0.5,B
00f26f6927b760b18e7194f3eb06bc3916c61c36dbe221320f11b034e2ca88e3,0.2689414464161474,0.5,B
00f26f6927b760b18e7194f3eb06bc3916c61c36dbe221320f11b034e2ca88e3,0.2689414464161474,0.5,B
00f26f6927b760b18e7194f3eb06bc3916c61c36dbe221320f11b034e2ca88e3,0.2689414464161474,0.5,B
00f26f6927b760b18e7194f3eb06bc3916c61c36dbe221320f11b034e2ca88e3,0.2689414464161474,0.5,B
00f26f6927b760b18e7194f3eb06bc3916c61c36dbe221320f11b034e2ca88e3,0.2689414464161474,0.5,A
00f26f6927b760b18e7194f3eb06bc3916c61c36dbe221320f11b034e2ca88e3,0.2689414464161474,0.5,B
00f26f6927b760b18e7194f3eb06bc3916c61c36dbe221320f11b034e2ca88e3,0.2689414464161474,0.5,B
00f26f6927b760b18e7194f3eb06bc3916c61c36dbe221320f11b034e2ca88e3,0.2689414464161474,0.5,B
00f26f6927b760b18e7194f3eb06bc3916c61c36dbe221320f11b034e2ca88e3,0.2689414464161474,0.5,B
00f26f6927b760b18e7194f3eb06bc3916c61c36dbe221320f11b034e2ca88e3,0.2689414464161474,0.5,B
00f26f6927b760b18e7194f3eb06bc3916c61c36dbe221320f11b034e2ca88e3,0.2689414464161474,0.5,B
00f26f6927b760b18e7194f3eb06bc3916c61c36dbe221320f11b034e2ca88e3,0.2689414464161474,0.5,B
00f26f6927b760b18e7194f3eb06bc3916c61c36dbe221320f11b034e2ca88e3,0.2689414464161474,0.5,B
00f26f6927b760b18e7194f3eb06bc3916c61c36dbe221320f11b034e2ca88e3,0.2689414464161474,0.5,B
00f26f6927b760b18e7194f3eb06bc3916c61c36dbe221320f11b034e2ca88e3,0.2689414464161474,0.5,B
00f26f6927b760b18e7194f3eb06bc3916c61c36dbe221320f11b034e2ca88e3,0.2689414464161474,0.5,B
00f26f6927b760b18e7194f3eb06bc3916c61c36dbe221320f11b034e2ca88e3,0.2689414464161474,0.5,B
00f26f6927b760b18e7194f3eb06bc3916c61c36dbe221320f11b034e2ca88e3,0.2689414464161474,0.5,B
00f26f6927b760b18e7194f3eb06bc3916c61c36dbe221320f11b034e2ca88e3,0.2689414464161474,0.5,A
00f26f6927b760b18e7194f3eb06bc3916c61c36dbe221320f11b034e2ca88e3,0.2689414464161474,0.5,B
00f26f6927b760b18e7194f3eb06bc3916c61c36dbe221320f11b034e2ca88e3,0.2689414464161474,0.5,A
00f26f6927b760b18e7194f3eb06bc3916c61c36dbe221320f11b034e2ca88e3,0.2689414464161474,0.5,B
00f26f6927b760b18e7194f3eb06bc3916c61c36dbe221320f11b034e2ca88e3,0.2689414464161474,0.5,B
00f26f6927b760b18e7194f3eb06bc3916c61c36dbe221320f11b034e2ca88e3,0.2689414464161474,0.5,B
00f26f6927b760b18e7194f3eb06bc3916c61c36dbe221320f11b034e2ca88e3,0.2689414464161474,0.5,B
00f26f6927b760b18e7194f3eb06bc3916c61c36dbe221320f11b034e2ca88e3,0.2689414464161474,0.5,B
00f26f6927b760b18e7194f3eb06bc3916c61c36dbe221320f11b034e2ca88e3,0.2689414464161474,0.5,B
00f26f6927b760b18e7194f3eb06bc3916c61c36dbe221320f11b034e2ca88e3,0.2689414464161474,0.5,B
00f26f6927b760b18e7194f3eb06bc3916c61c36dbe221320f11b034e2ca88e3,0.2689414464161474,0.5,B
00f26f6927b760b18e7194f3eb06bc3916c61c36dbe221320f11b034e2ca88e3,0.2689414464161474,0.5,B
00f26f6927b760b18e7194f3eb06bc3916c61c36dbe221320f11b034e2ca88e3,0.2689414464161474,0.5,B
00f26f6927b760b18e7194f3eb06bc3916c61c36dbe221320f11b034e2ca88e3,0.2689414464161474,0.5,B
00f26f6927b760b18e7194f3eb06bc3916c61c36dbe221320f11b034e2ca88e3,0.2689414464161474,0.5,A
00f26f6927b760b18e7194f3eb06bc3916c61c36dbe221320f11b034e2ca88e3,0.2689414464161474,0.5,B
00f26f6927b760b18e7194f3eb06bc3916c61c36dbe221320f11b034e2ca88e3,0.2689414464161474,0.5,B
00f26f6927b760b18e7194f3eb06bc3916c61c36dbe221320f11b034e2ca88e3,0.2689414464161474,0.5,A
00f26f6927b760b18e7194f3eb06bc3916c61c36dbe221320f11b034e2ca88e3,0.2689414464161474,0.5,B
00f26f6927b760b18e7194f3eb06bc3916c61c36dbe221320f11b034e2ca88e3,0.2689414464161474,1.5,B
00f26f6927b760b18e7194f3eb06bc3916c61c36dbe221320f11b034e2ca88e3,0.2689414464161474,1.5,B
00f26f6927b760b18e7194f3eb06bc3916c61c36dbe221320f11b034e2ca88e3,0.2689414464161474,1.5,B
00f26f6927b760b18e7194f3eb06bc3916c61c36dbe221320f11b034e2ca88e3,0.2689414464161474,1.5,A
00f26f6927b760b18e7194f3eb06bc3916c61c36dbe221320f11b034e2ca88e3,0.2689414464161474,1.5,B
00f26f6927b760b18e7194f3eb06bc3916c61c36dbe221320f11b034e2ca88e3,0.2689414464161474,1.5,B
00f26f6927b760b18e7194f3eb06bc3916c61c36dbe221320f11b034e2ca88e3,0.2689414464161474,1.5,A
00f26f6927b760b18e7194f3eb06bc3916c61c36dbe221320f11b034e2ca88e3,0.2689414464161474,1.5,B
00f26f6927b760b18e7194f3eb06bc3916c61c36dbe221320f11b034e2ca88e3,0.2689414464161474,1.5,A
00f26f6927b760b18e7194f3eb06bc3916c61c36dbe221320f11b034e2ca88e3,0.2689414464161474,1.5,B
00f26f6927b760b18e7194f3eb06bc3916c61c36dbe221320f11b034e2ca88e3,0.2689414464161474,1.5,B
00f26f6927b760b18e7194f3eb06bc3916c61c36dbe221320f11b034e2ca88e3,0.2689414464161474,1.5,B
00f26f6927b760b18e7194f3eb06bc3916c61c36dbe221320f11b034e2ca88e3,0.2689414464161474,1.5,B
00f26f6927b760b18e7194f3eb06bc3916c61c36dbe221320f11b034e2ca88e3,0.2689414464161474,1.5,B
00f26f6927b760b18e7194f3eb06bc3916c61c36dbe221320f11b034e2ca88e3,0.2689414464161474,1.5,B
00f26f6927b760b18e7194f3eb06bc3916c61c36dbe221320f11b034e2ca88e3,0.2689414464161474,1.5,A
00f26f6927b760b18e7194f3eb06bc3916c61c36dbe221320f11b034e2ca88e3,0.2689414464161474,1.5,A
00f26f6927b760b18e7194f3eb06bc3916c61c36dbe221320f11b034e2ca88e3,0.2689414464161474,1.5,B
00f26f6927b760b18e7194f3eb06bc3916c61c36dbe221320f11b034e2ca88e3,0.2689414464161474,1.5,B
00f26f6927b760b18e7194f3eb06bc3916c61c36dbe221320f11b034e2ca88e3,0.2689414464161474,1.5,B
00f26f6927b760b18e7194f3eb06bc3916c61c36dbe221320f11b034e2ca88e3,0.2689414464161474,1.5,B
00f26f6927b760b18e7194f3eb06bc3916c61c36dbe221320f11b034e2ca88e3,0.2689414464161474,1.5,A
00f26f6927b760b18e7194f3eb06bc3916c61c36dbe221320f11b034e2ca88e3,0.2689414464161474,1.5,A
00f26f6927b760b18e7194f3eb06bc3916c61c36dbe221320f11b034e2ca88e3,0.2689414464161474,1.5,B
00f26f6927b760b18e7194f3eb06bc3916c61c36dbe221320f11b034e2ca88e3,0.2689414464161474,1.5,A
00f26f6927b760b18e7194f3eb06bc3916c61c36dbe221320f11b034e2ca88e3,0.2689414464161474,1.5,A
00f26f6927b760b18e7194f3eb06bc3916c61c36dbe221320f11b034e2ca88e3,0.2689414464161474,1.5,A
00f26f6927b760b18e7194f3eb06bc3916c61c36dbe221320f11b034e2ca88e3,0.2689414464161474,1.5,B
00f26f6927b760b18e7194f3eb06bc3916c61c36dbe221320f11b034e2ca88e3,0.2689414464161474,1.5,B
00f26f6927b760b18e7194f3eb06bc3916c61c36dbe221320f11b034e2ca88e3,0.2689414464161474,1.5,B
00f26f6927b760b18e7194f3eb06bc3916c61c36dbe221320f11b034e2ca88e3,0.2689414464161474,1.5,A
00f26f6927b760b18e7194f3eb06bc3916c61c36dbe221320f11b034e2ca88e3,0.2689414464161474,1.5,B
00f26f6927b760b18e7194f3eb06bc3916c61c36dbe221320f11b034e2ca88e3,0.2689414464161474,1.5,A
00f26f6927b760b18e7194f3eb06bc3916c61c36dbe221320f11b034e2ca88e3,0.2689414464161474,1.5,B
00f26f6927b760b18e7194f3eb06bc3916c61c36dbe221320f11b034e2ca88e3,0.2689414464161474,1.5,A
00f26f6927b760b18e7194f3eb06bc3916c61c36dbe221320f11b034e2ca88e3,0.2689414464161474,1.5,A
00f26f6927b760b18e7194f3eb06bc3916c61c36dbe221320f11b034e2ca88e3,0.2689414464161474,1.5,A
00f26f6927b760b18e7194f3eb06bc3916c61c36dbe221320f11b034e2ca88e3,0.2689414464161474,1.5,B
00f26f6927b760b18e7194f3eb06bc3916c61c36dbe221320f11b034e2ca88e3,0.2689414464161474,1.5,B
00f26f6927b760b18e7194f3eb06bc3916c61c36dbe221320f11b034e2ca88e3,0.2689414464161474,1.5,B
00f26f6927b760b18e7194f3eb06bc3916c61c36dbe221320f11b034e2ca88e3,0.2689414464161474,1.5,B
00f26f6927b760b18e7194f3eb06bc3916c61c36dbe221320f11b034e2ca88e3,0.2689414464161474,1.5,A
00f26f6927b760b18e7194f3eb06bc3916c61c36dbe221320f11b034e2ca88e3,0.2689414464161474,1.5,B
00f26f6927b760b18e7194f3eb06bc3916c61c36dbe221320f11b034e2ca88e3,0.2689414464161474,1.5,B
00f26f6927b760b18e7194f3eb06bc3916c61c36dbe221320f11b034e2ca88e3,0.2689414464161474,1.5,B
00f26f6927b760b18e7194f3eb06bc3916c61c36dbe221320f11b034e2ca88e3,0.2689414464161474,1.5,B
00f26f6927b760b18e7194f3eb06bc3916c61c36dbe221320f11b034e2ca88e3,0.2689414464161474,1.5,B
00f26f6927b760b18e7194f3eb06bc3916c61c36dbe221320f11b034e2ca88e3,0.2689414464161474,1.5,B
00f26f6927b760b18e7194f3eb06bc3916c61c36dbe221320f11b034e2ca88e3,0.2689414464161474,1.5,B
00f26f6927b760b18e7194f3eb06bc3916c61c36dbe221320f11b034e2ca88e3,0.2689414464161474,1.5,B
025fb03ec69653dd1bb4bc2482b5fe24e8a6db5902352b79dc07cd99ea5364ba,0.5000000193360482,0.5,A
025fb03ec69653dd1bb4bc2482b5fe24e8a6db5902352b79dc07cd99ea5364ba,0.5000000193360482,0.5,A
025fb03ec69653dd1bb4bc2482b5fe24e8a6db5902352b79dc07cd99ea5364ba,0.5000000193360482,0.5,A
025fb03ec69653dd1bb4bc2482b5fe24e8a6db5902352b79dc07cd99ea5364ba,0.5000000193360482,0.5,B
025fb03ec69653dd1bb4bc2482b5fe24e8a6db5902352b79dc07cd99ea5364ba,0.5000000193360482,0.5,A
025fb03ec69653dd1bb4bc2482b5fe24e8a6db5902352b79dc07cd99ea5364ba,0.5000000193360482,0.5,A
025fb03ec69653dd1bb4bc2482b5fe24e8a6db5902352b79dc07cd99ea5364ba,0.5000000193360482,0.5,B
025fb03ec69653dd1bb4bc2482b5fe24e8a6db5902352b79dc07cd99ea5364ba,0.5000000193360482,0.5,A
025fb03ec69653dd1bb4bc2482b5fe24e8a6db5902352b79dc07cd99ea5364ba,0.5000000193360482,0.5,A
025fb03ec69653dd1bb4bc2482b5fe24e8a6db5902352b79dc07cd99ea5364ba,0.5000000193360482,0.5,B
025fb03ec69653dd1bb4bc2482b5fe24e8a6db5902352b79dc07cd99ea5364ba,0.5000000193360482,0.5,A
025fb03ec69653dd1bb4bc2482b5fe24e8a6db5902352b79dc07cd99ea5364ba,0.5000000193360482,0.5,B
025fb03ec69653dd1bb4bc2482b5fe24e8a6db5902352b79dc07cd99ea5364ba,0.5000000193360482,0.5,A
025fb03ec69653dd1bb4bc2482b5fe24e8a6db5902352b79dc07cd99ea5364ba,0.5000000193360482,0.5,A
025fb03ec69653dd1bb4bc2482b5fe24e8a6db5902352b79dc07cd99ea5364ba,0.5000000193360482,0.5,A
025fb03ec69653dd1bb4bc2482b5fe24e8a6db5902352b79dc07cd99ea5364ba,0.5000000193360482,0.5,A
025fb03ec69653dd1bb4bc2482b5fe24e8a6db5902352b79dc07cd99ea5364ba,0.5000000193360482,0.5,A
025fb03ec69653dd1bb4bc2482b5fe24e8a6db5902352b79dc07cd99ea5364ba,0.5000000193360482,0.5,B
025fb03ec69653dd1bb4bc2482b5fe24e8a6db5902352b79dc07cd99ea5364ba,0.5000000193360482,0.5,A
025fb03ec69653dd1bb4bc2482b5fe24e8a6db5902352b79dc07cd99ea5364ba,0.5000000193360482,0.5,A
025fb03ec69653dd1bb4bc2482b5fe24e8a6db5902352b79dc07cd99ea5364ba,0.5000000193360482,0.5,A
025fb03ec69653dd1bb4bc2482b5fe24e8a6db5902352b79dc07cd99ea5364ba,0.5000000193360482,0.5,A
025fb03ec69653dd1bb4bc2482b5fe24e8a6db5902352b79dc07cd99ea5364ba,0.5000000193360482,0.5,A
025fb03ec69653dd1bb4bc2482b5fe24e8a6db5902352b79dc07cd99ea5364ba,0.5000000193360482,0.5,A
025fb03ec69653dd1bb4bc2482b5fe24e8a6db5902352b79dc07cd99ea5364ba,0.5000000193360482,0.5,A
025fb03ec69653dd1bb4bc2482b5fe24e8a6db5902352b79dc07cd99ea5364ba,0.5000000193360482,0.5,A
025fb03ec69653dd1bb4bc2482b5fe24e8a6db5902352b79dc07cd99ea5364ba,0.5000000193360482,0.5,A
025fb03ec69653dd1bb4bc2482b5fe24e8a6db5902352b79dc07cd99ea5364ba,0.5000000193360482,0.5,A
025fb03ec69653dd1bb4bc2482b5fe24e8a6db5902352b79dc07cd99ea5364ba,0.5000000193360482,0.5,B
025fb03ec69653dd1bb4bc2482b5fe24e8a6db5902352b79dc07cd99ea5364ba,0.5000000193360482,0.5,A
025fb03ec69653dd1bb4bc2482b5fe24e8a6db5902352b79dc07cd99ea5364ba,0.5000000193360482,0.5,B
025fb03ec69653dd1bb4bc2482b5fe24e8a6db5902352b79dc07cd99ea5364ba,0.5000000193360482,0.5,A
025fb03ec69653dd1bb4bc2482b5fe24e8a6db5902352b79dc07cd99ea5364ba,0.5000000193360482,0.5,A
025fb03ec69653dd1bb4bc2482b5fe24e8a6db5902352b79dc07cd99ea5364ba,0.5000000193360482,0.5,A
025fb03ec69653dd1bb4bc2482b5fe24e8a6db5902352b79dc07cd99ea5364ba,0.5000000193360482,0.5,B
025fb03ec69653dd1bb4bc2482b5fe24e8a6db5902352b79dc07cd99ea5364ba,0.5000000193360482,0.5,A
025fb03ec69653dd1bb4bc2482b5fe24e8a6db5902352b79dc07cd99ea5364ba,0.5000000193360482,0.5,A
025fb03ec69653dd1bb4bc2482b5fe24e8a6db5902352b79dc07cd99ea5364ba,0.5000000193360482,0.5,A
025fb03ec69653dd1bb4bc2482b5fe24e8a6db5902352b79dc07cd99ea5364ba,0.5000000193360482,0.5,A
025fb03ec69653dd1bb4bc2482b5fe24e8a6db5902352b79dc07cd99ea5364ba,0.5000000193360482,0.5,A
025fb03ec69653dd1bb4bc2482b5fe24e8a6db5902352b79dc07cd99ea5364ba,0.5000000193360482,0.5,B
025fb03ec69653dd1bb4bc2482b5fe24e8a6db5902352b79dc07cd99ea5364ba,0.5000000193360482,0.5,A
025fb03ec69653dd1bb4bc2482b5fe24e8a6db5902352b79dc07cd99ea5364ba,0.5000000193360482,0.5,A
025fb03ec69653dd1bb4bc2482b5fe24e8a6db5902352b79dc07cd99ea5364ba,0.5000000193360482,0.5,B
025fb03ec69653dd1bb4bc2482b5fe24e8a6db5902352b79dc07cd99ea5364ba,0.5000000193360482,0.5,A
025fb03ec69653dd1bb4bc2482b5fe24e8a6db5902352b79dc07cd99ea5364ba,0.5000000193360482,0.5,A
025fb03ec69653dd1bb4bc2482b5fe24e8a6db5902352b79dc07cd99ea5364ba,0.5000000193360482,0.5,A
025fb03ec69653dd1bb4bc2482b5fe24e8a6db5902352b79dc07cd99ea5364ba,0.5000000193360482,0.5,B
025fb03ec69653dd1bb4bc2482b5fe24e8a6db5902352b79dc07cd99ea5364ba,0.5000000193360482,0.5,B
025fb03ec69653dd1bb4bc2482b5fe24e8a6db5902352b79dc07cd99ea5364ba,0.5000000193360482,0.5,A
025fb03ec69653dd1bb4bc2482b5fe24e8a6db5902352b79dc07cd99ea5364ba,0.5000000193360482,1.5,A
025fb03ec69653dd1bb4bc2482b5fe24e8a6db5902352b79dc07cd99ea5364ba,0.5000000193360482,1.5,A
025fb03ec69653dd1bb4bc2482b5fe24e8a6db5902352b79dc07cd99ea5364ba,0.5000000193360482,1.5,A
025fb03ec69653dd1bb4bc2482b5fe24e8a6db5902352b79dc07cd99ea5364ba,0.5000000193360482,1.5,A
025fb03ec69653dd1bb4bc2482b5fe24e8a6db5902352b79dc07cd99ea5364ba,0.5000000193360482,1.5,B
025fb03ec69653dd1bb4bc2482b5fe24e8a6db5902352b79dc07cd99ea5364ba,0.5000000193360482,1.5,B
025fb03ec69653dd1bb4bc2482b5fe24e8a6db5902352b79dc07cd99ea5364ba,0.5000000193360482,1.5,A
025fb03ec69653dd1bb4bc2482b5fe24e8a6db5902352b79dc07cd99ea5364ba,0.5000000193360482,1.5,A
025fb03ec69653dd1bb4bc2482b5fe24e8a6db5902352b79dc07cd99ea5364ba,0.5000000193360482,1.5,A
025fb03ec69653dd1bb4bc2482b5fe24e8a6db5902352b79dc07cd99ea5364ba,0.5000000193360482,1.5,B
025fb03ec69653dd1bb4bc2482b5fe24e8a6db5902352b79dc07cd99ea5364ba,0.5000000193360482,1.5,A
025fb03ec69653dd1bb4bc2482b5fe24e8a6db5902352b79dc07cd99ea5364ba,0.5000000193360482,1.5,A
025fb03ec69653dd1bb4bc2482b5fe24e8a6db5902352b79dc07cd99ea5364ba,0.5000000193360482,1.5,A
025fb03ec69653dd1bb4bc2482b5fe24e8a6db5902352b79dc07cd99ea5364ba,0.5000000193360482,1.5,A
025fb03ec69653dd1bb4bc2482b5fe24e8a6db5902352b79dc07cd99ea5364ba,0.5000000193360482,1.5,B
025fb03ec69653dd1bb4bc2482b5fe24e8a6db5902352b79dc07cd99ea5364ba,0.5000000193360482,1.5,A
025fb03ec69653dd1bb4bc2482b5fe24e8a6db5902352b79dc07cd99ea5364ba,0.5000000193360482,1.5,A
025fb03ec69653dd1bb4bc2482b5fe24e8a6db5902352b79dc07cd99ea5364ba,0.5000000193360482,1.5,B
025fb03ec69653dd1bb4bc2482b5fe24e8a6db5902352b79dc07cd99ea5364ba,0.5000000193360482,1.5,A
025fb03ec69653dd1bb4bc2482b5fe24e8a6db5902352b79dc07cd99ea5364ba,0.5000000193360482,1.5,A
025fb03ec69653dd1bb4bc2482b5fe24e8a6db5902352b79dc07cd99ea5364ba,0.5000000193360482,1.5,B
025fb03ec69653dd1bb4bc2482b5fe24e8a6db5902352b79dc07cd99ea5364ba,0.5000000193360482,1.5,A
025fb03ec69653dd1bb4bc2482b5fe24e8a6db5902352b79dc07cd99ea5364ba,0.5000000193360482,1.5,A
025fb03ec69653dd1bb4bc2482b5fe24e8a6db5902352b79dc07cd99ea5364ba,0.5000000193360482,1.5,A
025fb03ec69653dd1bb4bc2482b5fe24e8a6db5902352b79dc07cd99ea5364ba,0.5000000193360482,1.5,A
025fb03ec69653dd1bb4bc2482b5fe24e8a6db5902352b79dc07cd99ea5364ba,0.5000000193360482,1.5,B
025fb03ec69653dd1bb4bc2482b5fe24e8a6db5902352b79dc07cd99ea5364ba,0.5000000193360482,1.5,A
025fb03ec69653dd1bb4bc2482b5fe24e8a6db5902352b79dc07cd99ea5364ba,0.5000000193360482,1.5,B
025fb03ec69653dd1bb4bc2482b5fe24e8a6db5902352b79dc07cd99ea5364ba,0.5000000193360482,1.5,A
025fb03ec69653dd1bb4bc2482b5fe24e8a6db5902352b79dc07cd99ea5364ba,0.5000000193360482,1.5,A
025fb03ec69653dd1bb4bc2482b5fe24e8a6db5902352b79dc07cd99ea5364ba,0.5000000193360482,1.5,A
025fb03ec69653dd1bb4bc2482b5fe24e8a6db5902352b79dc07cd99ea5364ba,0.5000000193360482,1.5,B
025fb03ec69653dd1bb4bc2482b5fe24e8a6db5902352b79dc07cd99ea5364ba,0.5000000193360482,1.5,B
025fb03ec69653dd1bb4bc2482b5fe24e8a6db5902352b79dc07cd99ea5364ba,0.5000000193360482,1.5,A
025fb03ec69653dd1bb4bc2482b5fe24e8a6db5902352b79dc07cd99ea5364ba,0.5000000193360482,1.5,A
025fb03ec69653dd1bb4bc2482b5fe24e8a6db5902352b79dc07cd99ea5364ba,0.5000000193360482,1.5,A
025fb03ec69653dd1bb4bc2482b5fe24e8a6db5902352b79dc07cd99ea5364ba,0.5000000193360482,1.5,A
025fb03ec69653dd1bb4bc2482b5fe24e8a6db5902352b79dc07cd99ea5364ba,0.5000000193360482,1.5,A
025fb03ec69653dd1bb4bc2482b5fe24e8a6db5902352b79dc07cd99ea5364ba,0.5000000193360482,1.5,A
025fb03ec69653dd1bb4bc2482b5fe24e8a6db5902352b79dc07cd99ea5364ba,0.5000000193360482,1.5,B
025fb03ec69653dd1bb4bc2482b5fe24e8a6db5902352b79dc07cd99ea5364ba,0.5000000193360482,1.5,B
025fb03ec69653dd1bb4bc2482b5fe24e8a6db5902352b79dc07cd99ea5364ba,0.5000000193360482,1.5,B
025fb03ec69653dd1bb4bc2482b5fe24e8a6db5902352b79dc07cd99ea5364ba,0.5000000193360482,1.5,A
025fb03ec69653dd1bb4bc2482b5fe24e8a6db5902352b79dc07cd99ea5364ba,0.5000000193360482,1.5,A
025fb03ec69653dd1bb4bc2482b5fe24e8a6db5902352b79dc07cd99ea5364ba,0.5000000193360482,1.5,A
025fb03ec69653dd1bb4bc2482b5fe24e8a6db5902352b79dc07cd99ea5364ba,0.5000000193360482,1.5,A
025fb03ec69653dd1bb4bc2482b5fe24e8a6db5902352b79dc07cd99ea5364ba,0.5000000193360482,1.5,B
025fb03ec69653dd1bb4bc2482b5fe24e8a6db5902352b79dc07cd99ea5364ba,0.5000000193360482,1.5,B
025fb03ec69653dd1bb4bc2482b5fe24e8a6db5902352b79dc07cd99ea5364ba,0.5000000193360482,1.5,A
025fb03ec69653dd1bb4bc2482b5fe24e8a6db5902352b79dc07cd99ea5364ba,0.5000000193360482,1.5,B
0305175e62d2d52ebb66265be807f619e59fc88c437a18992f260d5c8ef326dd,0.148047210102464,0.5,B
0305175e62d2d52ebb66265be807f619e59fc88c437a18992f260d5c8ef326dd,0.148047210102464,0.5,B
0305175e62d2d52ebb66265be807f619e59fc88c437a18992f260d5c8ef326dd,0.148047210102464,0.5,B
0305175e62d2d52ebb66265be807f619e59fc88c437a18992f260d5c8ef326dd,0.148047210102464,0.5,B
0305175e62d2d52ebb66265be807f619e59fc88c437a18992f260d5c8ef326dd,0.148047210102464,0.5,B
0305175e62d2d52ebb66265be807f619e59fc88c437a18992f260d5c8ef326dd,0.148047210102464,0.5,B
0305175e62d2d52ebb66265be807f619e59fc88c437a18992f260d5c8ef326dd,0.148047210102464,0.5,B
0305175e62d2d52ebb66265be807f619e59fc88c437a18992f260d5c8ef326dd,0.148047210102464,0.5,B
0305175e62d2d52ebb66265be807f619e59fc88c437a18992f260d5c8ef326dd,0.148047210102464,0.5,B
0305175e62d2d52ebb66265be807f619e59fc88c437a18992f260d5c8ef326dd,0.148047210102464,0.5,A
0305175e62d2d52ebb66265be807f619e59fc88c437a18992f260d5c8ef326dd,0.148047210102464,0.5,B
0305175e62d2d52ebb66265be807f619e59fc88c437a18992f260d5c8ef326dd,0.148047210102464,0.5,B
0305175e62d2d52ebb66265be807f619e59fc88c437a18992f260d5c8ef326dd,0.148047210102464,0.5,B
0305175e62d2d52ebb66265be807f619e59fc88c437a18992f260d5c8ef326dd,0.148047210102464,0.5,B
0305175e62d2d52ebb66265be807f619e59fc88c437a18992f260d5c8ef326dd,0.148047210102464,0.5,B
0305175e62d2d52ebb66265be807f619e59fc88c437a18992f260d5c8ef326dd,0.148047210102464,0.5,B
0305175e62d2d52ebb66265be807f619e59fc88c437a18992f260d5c8ef326dd,0.148047210102464,0.5,B
0305175e62d2d52ebb66265be807f619e59fc88c437a18992f260d5c8ef326dd,0.148047210102464,0.5,B
0305175e62d2d52ebb66265be807f619e59fc88c437a18992f260d5c8ef326dd,0.148047210102464,0.5,B
0305175e62d2d52ebb66265be807f619e59fc88c437a18992f260d5c8ef326dd,0.148047210102464,0.5,B
0305175e62d2d52ebb66265be807f619e59fc88c437a18992f260d5c8ef326dd,0.148047210102464,0.5,B
0305175e62d2d52ebb66265be807f619e59fc88c437a18992f260d5c8ef326dd,0.148047210102464,0.5,B
0305175e62d2d52ebb66265be807f619e59fc88c437a18992f260d5c8ef326dd,0.148047210102464,0.5,B
0305175e62d2d52ebb66265be807f619e59fc88c437a18992f260d5c8ef326dd,0.148047210102464,0.5,B
0305175e62d2d52ebb66265be807f619e59fc88c437a18992f260d5c8ef326dd,0.148047210102464,0.5,B
0305175e62d2d52ebb66265be807f619e59fc88c437a18992f260d5c8ef326dd,0.148047210102464,0.5,B
0305175e62d2d52ebb66265be807f619e59fc88c437a18992f260d5c8ef326dd,0.148047210102464,0.5,B
0305175e62d2d52ebb66265be807f619e59fc88c437a18992f260d5c8ef326dd,0.148047210102464,0.5,B
0305175e62d2d52ebb66265be807f619e59fc88c437a18992f260d5c8ef326dd,0.148047210102464,0.5,B
0305175e62d2d52ebb66265be807f619e59fc88c437a18992f260d5c8ef326dd,0.148047210102464,0.5,B
0305175e62d2d52ebb66265be807f619e59fc88c437a18992f260d5c8ef326dd,0.148047210102464,0.5,B
0305175e62d2d52ebb66265be807f619e59fc88c437a18992f260d5c8ef326dd,0.148047210102464,0.5,B
0305175e62d2d52ebb66265be807f619e59fc88c437a18992f260d5c8ef326dd,0.148047210102464,0.5,B
0305175e62d2d52ebb66265be807f619e59fc88c437a18992f260d5c8ef326dd,0.148047210102464,0.5,B
0305175e62d2d52ebb66265be807f619e59fc88c437a18992f260d5c8ef326dd,0.148047210102464,0.5,B
0305175e62d2d52ebb66265be807f619e59fc88c437a18992f260d5c8ef326dd,0.148047210102464,0.5,B
0305175e62d2d52ebb66265be807f619e59fc88c437a18992f260d5c8ef326dd,0.148047210102464,0.5,B
0305175e62d2d52ebb66265be807f619e59fc88c437a18992f260d5c8ef326dd,0.148047210102464,0.5,B
0305175e62d2d52ebb66265be807f619e59fc88c437a18992f260d5c8ef326dd,0.148047210102464,0.5,B
0305175e62d2d52ebb66265be807f619e59fc88c437a18992f260d5c8ef326dd,0.148047210102464,0.5,B
0305175e62d2d52ebb66265be807f619e59fc88c437a18992f260d5c8ef326dd,0.148047210102464,0.5,B
0305175e62d2d52ebb66265be807f619e59fc88c437a18992f260d5c8ef326dd,0.148047210102464,0.5,B
0305175e62d2d52ebb66265be807f619e59fc88c437a18992f260d5c8ef326dd,0.148047210102464,0.5,B
0305175e62d2d52ebb66265be807f619e59fc88c437a18992f260d5c8ef326dd,0.148047210102464,0.5,B
0305175e62d2d52ebb66265be807f619e59fc88c437a18992f260d5c8ef326dd,0.148047210102464,0.5,B
0305175e62d2d52ebb66265be807f619e59fc88c437a18992f260d5c8ef326dd,0.148047210102464,0.5,B
0305175e62d2d52ebb66265be807f619e59fc88c437a18992f260d5c8ef326dd,0.148047210102464,0.5,B
0305175e62d2d52ebb66265be807f619e59fc88c437a18992f260d5c8ef326dd,0.148047210102464,0.5,B
0305175e62d2d52ebb66265be807f619e59fc88c437a18992f260d5c8ef326dd,0.148047210102464,0.5,B
0305175e62d2d52ebb66265be807f619e59fc88c437a18992f260d5c8ef326dd,0.148047210102464,0.5,B
0305175e62d2d52ebb66265be807f619e59fc88c437a18992f260d5c8ef326dd,0.148047210102464,1.5,B
0305175e62d2d52ebb66265be807f619e59fc88c437a18992f260d5c8ef326dd,0.148047210102464,1.5,B
0305175e62d2d52ebb66265be807f619e59fc88c437a18992f260d5c8ef326dd,0.148047210102464,1.5,B
0305175e62d2d52ebb66265be807f619e59fc88c437a18992f260d5c8ef326dd,0.148047210102464,1.5,B
0305175e62d2d52ebb66265be807f619e59fc88c437a18992f260d5c8ef326dd,0.148047210102464,1.5,B
0305175e62d2d52ebb66265be807f619e59fc88c437a18992f260d5c8ef326dd,0.148047210102464,1.5,B
0305175e62d2d52ebb66265be807f619e59fc88c437a18992f260d5c8ef326dd,0.148047210102464,1.5,B
0305175e62d2d52ebb66265be807f619e59fc88c437a18992f260d5c8ef326dd,0.148047210102464,1.5,A
0305175e62d2d52ebb66265be807f619e59fc88c437a18992f260d5c8ef326dd,0.148047210102464,1.5,B
0305175e62d2d52ebb66265be807f619e59fc88c437a18992f260d5c8ef326dd,0.148047210102464,1.5,A
0305175e62d2d52ebb66265be807f619e59fc88c437a18992f260d5c8ef326dd,0.148047210102464,1.5,B
0305175e62d2d52ebb66265be807f619e59fc88c437a18992f260d5c8ef326dd,0.148047210102464,1.5,B
0305175e62d2d52ebb66265be807f619e59fc88c437a18992f260d5c8ef326dd,0.148047210102464,1.5,A
0305175e62d2d52ebb66265be807f619e59fc88c437a18992f260d5c8ef326dd,0.148047210102464,1.5,A
0305175e62d2d52ebb66265be807f619e59fc88c437a18992f260d5c8ef326dd,0.148047210102464,1.5,B
0305175e62d2d52ebb66265be807f619e59fc88c437a18992f260d5c8ef326dd,0.148047210102464,1.5,A
0305175e62d2d52ebb66265be807f619e59fc88c437a18992f260d5c8ef326dd,0.148047210102464,1.5,A
0305175e62d2d52ebb66265be807f619e59fc88c437a18992f260d5c8ef326dd,0.148047210102464,1.5,A
0305175e62d2d52ebb66265be807f619e59fc88c437a18992f260d5c8ef326dd,0.148047210102464,1.5,B
0305175e62d2d52ebb66265be807f619e59fc88c437a18992f260d5c8ef326dd,0.148047210102464,1.5,B
0305175e62d2d52ebb66265be807f619e59fc88c437a18992f260d5c8ef326dd,0.148047210102464,1.5,A
0305175e62d2d52ebb66265be807f619e59fc88c437a18992f260d5c8ef326dd,0.148047210102464,1.5,A
0305175e62d2d52ebb66265be807f619e59fc88c437a18992f260d5c8ef326dd,0.148047210102464,1.5,B
0305175e62d2d52ebb66265be807f619e59fc88c437a18992f260d5c8ef326dd,0.148047210102464,1.5,A
0305175e62d2d52ebb66265be807f619e59fc88c437a18992f260d5c8ef326dd,0.148047210102464,1.5,B
0305175e62d2d52ebb66265be807f619e59fc88c437a18992f260d5c8ef326dd,0.148047210102464,1.5,B
0305175e62d2d52ebb66265be807f619e59fc88c437a18992f260d5c8ef326dd,0.148047210102464,1.5,B
0305175e62d2d52ebb66265be807f619e59fc88c437a18992f260d5c8ef326dd,0.148047210102464,1.5,B
0305175e62d2d52ebb66265be807f619e59fc88c437a18992f260d5c8ef326dd,0.148047210102464,1.5,B
0305175e62d2d52ebb66265be807f619e59fc88c437a18992f260d5c8ef326dd,0.148047210102464,1.5,B
0305175e62d2d52ebb66265be807f619e59fc88c437a18992f260d5c8ef326dd,0.148047210102464,1.5,B
0305175e62d2d52ebb66265be807f619e59fc88c437a18992f260d5c8ef326dd,0.148047210102464,1.5,B
0305175e62d2d52ebb66265be807f619e59fc88c437a18992f260d5c8ef326dd,0.148047210102464,1.5,B
0305175e62d2d52ebb66265be807f619e59fc88c437a18992f260d5c8ef326dd,0.148047210102464,1.5,B
0305175e62d2d52ebb66265be807f619e59fc88c437a18992f260d5c8ef326dd,0.148047210102464,1.5,B
0305175e62d2d52ebb66265be807f619e59fc88c437a18992f260d5c8ef326dd,0.148047210102464,1.5,B
0305175e62d2d52ebb66265be807f619e59fc88c437a18992f260d5c8ef326dd,0.148047210102464,1.5,B
0305175e62d2d52ebb66265be807f619e59fc88c437a18992f260d5c8ef326dd,0.148047210102464,1.5,B
0305175e62d2d52ebb66265be807f619e59fc88c437a18992f260d5c8ef326dd,0.148047210102464,1.5,B
0305175e62d2d52ebb66265be807f619e59fc88c437a18992f260d5c8ef326dd,0.148047210102464,1.5,B
0305175e62d2d52ebb66265be807f619e59fc88c437a18992f260d5c8ef326dd,0.148047210102464,1.5,B
0305175e62d2d52ebb66265be807f619e59fc88c437a18992f260d5c8ef326dd,0.148047210102464,1.5,B
0305175e62d2d52ebb66265be807f619e59fc88c437a18992f260d5c8ef326dd,0.148047210102464,1.5,B
0305175e62d2d52ebb66265be807f619e59fc88c437a18992f260d5c8ef326dd,0.148047210102464,1.5,B
0305175e62d2d52ebb66265be807f619e59fc88c437a18992f260d5c8ef326dd,0.148047210102464,1.5,B
0305175e62d2d52ebb66265be807f619e59fc88c437a18992f260d5c8ef326dd,0.148047210102464,1.5,B
0305175e62d2d52ebb66265be807f619e59fc88c437a18992f260d5c8ef326dd,0.148047210102464,1.5,B
0305175e62d2d52ebb66265be807f619e59fc88c437a18992f260d5c8ef326dd,0.148047210102464,1.5,B
0305175e62d2d52ebb66265be807f619e59fc88c437a18992f260d5c8ef326dd,0.148047210102464,1.5,B
0305175e62d2d52ebb66265be807f619e59fc88c437a18992f260d5c8ef326dd,0.148047210102464,1.5,A
04d53ebd401ed806279fe68f37e450ff9289000688bf24543f40f228614f6aac,0.4378235206860159,0.5,B
04d53ebd401ed806279fe68f37e450ff9289000688bf24543f40f228614f6aac,0.4378235206860159,0.5,B
04d53ebd401ed806279fe68f37e450ff9289000688bf24543f40f228614f6aac,0.4378235206860159,0.5,B
04d53ebd401ed806279fe68f37e450ff9289000688bf24543f40f228614f6aac,0.4378235206860159,0.5,B
04d53ebd401ed806279fe68f37e450ff9289000688bf24543f40f228614f6aac,0.4378235206860159,0.5,B
04d53ebd401ed806279fe68f37e450ff9289000688bf24543f40f228614f6aac,0.4378235206860159,0.5,B
04d53ebd401ed806279fe68f37e450ff9289000688bf24543f40f228614f6aac,0.4378235206860159,0.5,A
04d53ebd401ed806279fe68f37e450ff9289000688bf24543f40f228614f6aac,0.4378235206860159,0.5,B
04d53ebd401ed806279fe68f37e450ff9289000688bf24543f40f228614f6aac,0.4378235206860159,0.5,A
04d53ebd401ed806279fe68f37e450ff9289000688bf24543f40f228614f6aac,0.4378235206860159,0.5,B
04d53ebd401ed806279fe68f37e450ff9289000688bf24543f40f228614f6aac,0.4378235206860159,0.5,B
04d53ebd401ed806279fe68f37e450ff9289000688bf24543f40f228614f6aac,0.4378235206860159,0.5,B
04d53ebd401ed806279fe68f37e450ff9289000688bf24543f40f228614f6aac,0.4378235206860159,0.5,B
04d53ebd401ed806279fe68f37e450ff9289000688bf24543f40f228614f6aac,0.4378235206860159,0.5,B
04d53ebd401ed806279fe68f37e450ff9289000688bf24543f40f228614f6aac,0.4378235206860159,0.5,B
04d53ebd401ed806279fe68f37e450ff9289000688bf24543f40f228614f6aac,0.4378235206860159,0.5,B
04d53ebd401ed806279fe68f37e450ff9289000688bf24543f40f228614f6aac,0.4378235206860159,0.5,B
04d53ebd401ed806279fe68f37e450ff9289000688bf24543f40f228614f6aac,0.4378235206860159,0.5,A
04d53ebd401ed806279fe68f37e450ff9289000688bf24543f40f228614f6aac,0.4378235206860159,0.5,B
04d53ebd401ed806279fe68f37e450ff9289000688bf24543f40f228614f6aac,0.4378235206860159,0.5,B
04d53ebd401ed806279fe68f37e450ff9289000688bf24543f40f228614f6aac,0.4378235206860159,0.5,B
04d53ebd401ed806279fe68f37e450ff9289000688bf24543f40f228614f6aac,0.4378235206860159,0.5,B
04d53ebd401ed806279fe68f37e450ff9289000688bf24543f40f228614f6aac,0.4378235206860159,0.5,B
04d53ebd401ed806279fe68f37e450ff9289000688bf24543f40f228614f6aac,0.4378235206860159,0.5,B
04d53ebd401ed806279fe68f37e450ff9289000688bf24543f40f228614f6aac,0.4378235206860159,0.5,B
04d53ebd401ed806279fe68f37e450ff9289000688bf24543f40f228614f6aac,0.4378235206860159,0.5,A
04d53ebd401ed806279fe68f37e450ff9289000688bf24543f40f228614f6aac,0.4378235206860159,0.5,B
04d53ebd401ed806279fe68f37e450ff9289000688bf24543f40f228614f6aac,0.4378235206860159,0.5,B
04d53ebd401ed806279fe68f37e450ff9289000688bf24543f40f228614f6aac,0.4378235206860159,0.5,B
04d53ebd401ed806279fe68f37e450ff9289000688bf24543f40f228614f6aac,0.4378235206860159,0.5,A
04d53ebd401ed806279fe68f37e450ff9289000688bf24543f40f228614f6aac,0.4378235206860159,0.5,B
04d53ebd401ed806279fe68f37e450ff9289000688bf24543f40f228614f6aac,0.4378235206860159,0.5,B
04d53ebd401ed806279fe68f37e450ff9289000688bf24543f40f228614f6aac,0.4378235206860159,0.5,B
04d53ebd401ed806279fe68f37e450ff9289000688bf24543f40f228614f6aac,0.4378235206860159,0.5,B
04d53ebd401ed806279fe68f37e450ff9289000688bf24543f40f228614f6aac,0.4378235206860159,0.5,B
04d53ebd401ed806279fe68f37e450ff9289000688bf24543f40f228614f6aac,0.4378235206860159,0.5,B
04d53ebd401ed806279fe68f37e450ff9289000688bf24543f40f228614f6aac,0.4378235206860159,0.5,B
04d53ebd401ed806279fe68f37e450ff9289000688bf24543f40f228614f6aac,0.4378235206860159,0.5,A
04d53ebd401ed806279fe68f37e450ff9289000688bf24543f40f228614f6aac,0.4378235206860159,0.5,A
04d53ebd401ed806279fe68f37e450ff9289000688bf24543f40f228614f6aac,0.4378235206860159,0.5,A
04d53ebd401ed806279fe68f37e450ff9289000688bf24543f40f228614f6aac,0.4378235206860159,0.5,B
04d53ebd401ed806279fe68f37e450ff9289000688bf24543f40f228614f6aac,0.4378235206860159,0.5,B
04d53ebd401ed806279fe68f37e450ff9289000688bf24543f40f228614f6aac,0.4378235206860159,0.5,B
04d53ebd401ed806279fe68f37e450ff9289000688bf24543f40f228614f6aac,0.4378235206860159,0.5,A
04d53ebd401ed806279fe68f37e450ff9289000688bf24543f40f228614f6aac,0.4378235206860159,0.5,B
04d53ebd401ed806279fe68f37e450ff9289000688bf24543f40f228614f6aac,0.4378235206860159,0.5,A
04d53ebd401ed806279fe68f37e450ff9289000688bf24543f40f228614f6aac,0.4378235206860159,0.5,B
04d53ebd401ed806279fe68f37e450ff9289000688bf24543f40f228614f6aac,0.4378235206860159,0.5,A
04d53ebd401ed806279fe68f37e450ff9289000688bf24543f40f228614f6aac,0.4378235206860159,0.5,B
04d53ebd401ed806279fe68f37e450ff9289000688bf24543f40f228614f6aac,0.4378235206860159,0.5,B
04d53ebd401ed806279fe68f37e450ff9289000688bf24543f40f228614f6aac,0.4378235206860159,1.5,A
04d53ebd401ed806279fe68f37e450ff9289000688bf24543f40f228614f6aac,0.4378235206860159,1.5,B
04d53ebd401ed806279fe68f37e450ff9289000688bf24543f40f228614f6aac,0.4378235206860159,1.5,B
04d53ebd401ed806279fe68f37e450ff9289000688bf24543f40f228614f6aac,0.4378235206860159,1.5,B
04d53ebd401ed806279fe68f37e450ff9289000688bf24543f40f228614f6aac,0.4378235206860159,1.5,B
04d53ebd401ed806279fe68f37e450ff9289000688bf24543f40f228614f6aac,0.4378235206860159,1.5,A
04d53ebd401ed806279fe68f37e450ff9289000688bf24543f40f228614f6aac,0.4378235206860159,1.5,B
04d53ebd401ed806279fe68f37e450ff9289000688bf24543f40f228614f6aac,0.4378235206860159,1.5,B
04d53ebd401ed806279fe68f37e450ff9289000688bf24543f40f228614f6aac,0.4378235206860159,1.5,B
04d53ebd401ed806279fe68f37e450ff9289000688bf24543f40f228614f6aac,0.4378235206860159,1.5,A
04d53ebd401ed806279fe68f37e450ff9289000688bf24543f40f228614f6aac,0.4378235206860159,1.5,A
04d53ebd401ed806279fe68f37e450ff9289000688bf24543f40f228614f6aac,0.4378235206860159,1.5,B
04d53ebd401ed806279fe68f37e450ff9289000688bf24543f40f228614f6aac,0.4378235206860159,1.5,A
04d53ebd401ed806279fe68f37e450ff9289000688bf24543f40f228614f6aac,0.4378235206860159,1.5,A
04d53ebd401ed806279fe68f37e450ff9289000688bf24543f40f228614f6aac,0.4378235206860159,1.5,B
04d53ebd401ed806279fe68f37e450ff9289000688bf24543f40f228614f6aac,0.4378235206860159,1.5,B
04d53ebd401ed806279fe68f37e450ff9289000688bf24543f40f228614f6aac,0.4378235206860159,1.5,B
04d53ebd401ed806279fe68f37e450ff9289000688bf24543f40f228614f6aac,0.4378235206860159,1.5,B
04d53ebd401ed806279fe68f37e450ff9289000688bf24543f40f228614f6aac,0.4378235206860159,1.5,B
04d53ebd401ed806279fe68f37e450ff9289000688bf24543f40f228614f6aac,0.4378235206860159,1.5,B
04d53ebd401ed806279fe68f37e450ff9289000688bf24543f40f228614f6aac,0.4378235206860159,1.5,B
04d53ebd401ed806279fe68f37e450ff9289000688bf24543f40f228614f6aac,0.4378235206860159,1.5,B
04d53ebd401ed806279fe68f37e450ff9289000688bf24543f40f228614f6aac,0.4378235206860159,1.5,B
04d53ebd401ed806279fe68f37e450ff9289000688bf24543f40f228614f6aac,0.4378235206860159,1.5,A
04d53ebd401ed806279fe68f37e450ff9289000688bf24543f40f228614f6aac,0.4378235206860159,1.5,A
04d53ebd401ed806279fe68f37e450ff9289000688bf24543f40f228614f6aac,0.4378235206860159,1.5,A
04d53ebd401ed806279fe68f37e450ff9289000688bf24543f40f228614f6aac,0.4378235206860159,1.5,B
04d53ebd401ed806279fe68f37e450ff9289000688bf24543f40f228614f6aac,0.4378235206860159,1.5,B
04d53ebd401ed806279fe68f37e450ff9289000688bf24543f40f228614f6aac,0.4378235206860159,1.5,B
04d53ebd401ed806279fe68f37e450ff9289000688bf24543f40f228614f6aac,0.4378235206860159,1.5,A
04d53ebd401ed806279fe68f37e450ff9289000688bf24543f40f228614f6aac,0.4378235206860159,1.5,B
04d53ebd401ed806279fe68f37e450ff9289000688bf24543f40f228614f6aac,0.4378235206860159,1.5,B
04d53ebd401ed806279fe68f37e450ff9289000688bf24543f40f228614f6aac,0.4378235206860159,1.5,A
04d53ebd401ed806279fe68f37e450ff9289000688bf24543f40f228614f6aac,0.4378235206860159,1.5,A
04d53ebd401ed806279fe68f37e450ff9289000688bf24543f40f228614f6aac,0.4378235206860159,1.5,B
04d53ebd401ed806279fe68f37e450ff9289000688bf24543f40f228614f6aac,0.4378235206860159,1.5,B
04d53ebd401ed806279fe68f37e450ff9289000688bf24543f40f228614f6aac,0.4378235206860159,1.5,A
04d53ebd401ed806279fe68f37e450ff9289000688bf24543f40f228614f6aac,0.4378235206860159,1.5,B
04d53ebd401ed806279fe68f37e450ff9289000688bf24543f40f228614f6aac,0.4378235206860159,1.5,A
04d53ebd401ed806279fe68f37e450ff9289000688bf24543f40f228614f6aac,0.4378235206860159,1.5,B
04d53ebd401ed806279fe68f37e450ff9289000688bf24543f40f228614f6aac,0.4378235206860159,1.5,B
04d53ebd401ed806279fe68f37e450ff9289000688bf24543f40f228614f6aac,0.4378235206860159,1.5,B
04d53ebd401ed806279fe68f37e450ff9289000688bf24543f40f228614f6aac,0.4378235206860159,1.5,B
04d53ebd401ed806279fe68f37e450ff9289000688bf24543f40f228614f6aac,0.4378235206860159,1.5,B
04d53ebd401ed806279fe68f37e450ff9289000688bf24543f40f228614f6aac,0.4378235206860159,1.5,B
04d53ebd401ed806279fe68f37e450ff9289000688bf24543f40f228614f6aac,0.4378235206860159,1.5,B
04d53ebd401ed806279fe68f37e450ff9289000688bf24543f40f228614f6aac,0.4378235206860159,1.5,A
04d53ebd401ed806279fe68f37e450ff9289000688bf24543f40f228614f6aac,0.4378235206860159,1.5,B
04d53ebd401ed806279fe68f37e450ff9289000688bf24543f40f228614f6aac,0.4378235206860159,1.5,A
04d53ebd401ed806279fe68f37e450ff9289000688bf24543f40f228614f6aac,0.4378235206860159,1.5,B
063e9f4652d7bf1915064c7f8be6f8b2e645d6e9faef108f9586bea04a8bd54c,0.1192029212600401,0.5,B
063e9f4652d7bf1915064c7f8be6f8b2e645d6e9faef108f9586bea04a8bd54c,0.1192029212600401,0.5,B
063e9f4652d7bf1915064c7f8be6f8b2e645d6e9faef108f9586bea04a8bd54c,0.1192029212600401,0.5,B
063e9f4652d7bf1915064c7f8be6f8b2e645d6e9faef108f9586bea04a8bd54c,0.1192029212600401,0.5,B
063e9f4652d7bf1915064c7f8be6f8b2e645d6e9faef108f9586bea04a8bd54c,0.1192029212600401,0.5,B
063e9f4652d7bf1915064c7f8be6f8b2e645d6e9faef108f9586bea04a8bd54c,0.1192029212600401,0.5,B
063e9f4652d7bf1915064c7f8be6f8b2e645d6e9faef108f9586bea04a8bd54c,0.1192029212600401,0.5,B
063e9f4652d7bf1915064c7f8be6f8b2e645d6e9faef108f9586bea04a8bd54c,0.1192029212600401,0.5,B
063e9f4652d7bf1915064c7f8be6f8b2e645d6e9faef108f9586bea04a8bd54c,0.1192029212600401,0.5,B
063e9f4652d7bf1915064c7f8be6f8b2e645d6e9faef108f9586bea04a8bd54c,0.1192029212600401,0.5,B
063e9f4652d7bf1915064c7f8be6f8b2e645d6e9faef108f9586bea04a8bd54c,0.1192029212600401,0.5,B
063e9f4652d7bf1915064c7f8be6f8b2e645d6e9faef108f9586bea04a8bd54c,0.1192029212600401,0.5,B
063e9f4652d7bf1915064c7f8be6f8b2e645d6e9faef108f9586bea04a8bd54c,0.1192029212600401,0.5,B
063e9f4652d7bf1915064c7f8be6f8b2e645d6e9faef108f9586bea04a8bd54c,0.1192029212600401,0.5,B
063e9f4652d7bf1915064c7f8be6f8b2e645d6e9faef108f9586bea04a8bd54c,0.1192029212600401,0.5,B
063e9f4652d7bf1915064c7f8be6f8b2e645d6e9faef108f9586bea04a8bd54c,0.1192029212600401,0.5,B
063e9f4652d7bf1915064c7f8be6f8b2e645d6e9faef108f9586bea04a8bd54c,0.1192029212600401,0.5,B
063e9f4652d7bf1915064c7f8be6f8b2e645d6e9faef108f9586bea04a8bd54c,0.1192029212600401,0.5,B
063e9f4652d7bf1915064c7f8be6f8b2e645d6e9faef108f9586bea04a8bd54c,0.1192029212600401,0.5,B
063e9f4652d7bf1915064c7f8be6f8b2e645d6e9faef108f9586bea04a8bd54c,0.1192029212600401,0.5,B
063e9f4652d7bf1915064c7f8be6f8b2e645d6e9faef108f9586bea04a8bd54c,0.1192029212600401,0.5,B
063e9f4652d7bf1915064c7f8be6f8b2e645d6e9faef108f9586bea04a8bd54c,0.1192029212600401,0.5,B
063e9f4652d7bf1915064c7f8be6f8b2e645d6e9faef108f9586bea04a8bd54c,0.1192029212600401,0.5,B
063e9f4652d7bf1915064c7f8be6f8b2e645d6e9faef108f9586bea04a8bd54c,0.1192029212600401,0.5,B
063e9f4652d7bf1915064c7f8be6f8b2e645d6e9faef108f9586bea04a8bd54c,0.1192029212600401,0.5,B
063e9f4652d7bf1915064c7f8be6f8b2e645d6e9faef108f9586bea04a8bd54c,0.1192029212600401,0.5,B
063e9f4652d7bf1915064c7f8be6f8b2e645d6e9faef108f9586bea04a8bd54c,0.1192029212600401,0.5,B
063e9f4652d7bf1915064c7f8be6f8b2e645d6e9faef108f9586bea04a8bd54c,0.1192029212600401,0.5,B
063e9f4652d7bf1915064c7f8be6f8b2e645d6e9faef108f9586bea04a8bd54c,0.1192029212600401,0.5,B
063e9f4652d7bf1915064c7f8be6f8b2e645d6e9faef108f9586bea04a8bd54c,0.1192029212600401,0.5,B
063e9f4652d7bf1915064c7f8be6f8b2e645d6e9faef108f9586bea04a8bd54c,0.1192029212600401,0.5,B
063e9f4652d7bf1915064c7f8be6f8b2e645d6e9faef108f9586bea04a8bd54c,0.1192029212600401,0.5,B
063e9f4652d7bf1915064c7f8be6f8b2e645d6e9faef108f9586bea04a8bd54c,0.1192029212600401,0.5,B
063e9f4652d7bf1915064c7f8be6f8b2e645d6e9faef108f9586bea04a8bd54c,0.1192029212600401,0.5,B
063e9f4652d7bf1915064c7f8be6f8b2e645d6e9faef108f9586bea04a8bd54c,0.1192029212600401,0.5,B
063e9f4652d7bf1915064c7f8be6f8b2e645d6e9faef108f9586bea04a8bd54c,0.1192029212600401,0.5,B
063e9f4652d7bf1915064c7f8be6f8b2e645d6e9faef108f9586bea04a8bd54c,0.1192029212600401,0.5,A
063e9f4652d7bf1915064c7f8be6f8b2e645d6e9faef108f9586bea04a8bd54c,0.1192029212600401,0.5,B
063e9f4652d7bf1915064c7f8be6f8b2e645d6e9faef108f9586bea04a8bd54c,0.1192029212600401,0.5,B
063e9f4652d7bf1915064c7f8be6f8b2e645d6e9faef108f9586bea04a8bd54c,0.1192029212600401,0.5,B
063e9f4652d7bf1915064c7f8be6f8b2e645d6e9faef108f9586bea04a8bd54c,0.1192029212600401,0.5,A
063e9f4652d7bf1915064c7f8be6f8b2e645d6e9faef108f9586bea04a8bd54c,0.1192029212600401,0.5,A
063e9f4652d7bf1915064c7f8be6f8b2e645d6e9faef108f9586bea04a8bd54c,0.1192029212600401,0.5,B
063e9f4652d7bf1915064c7f8be6f8b2e645d6e9faef108f9586bea04a8bd54c,0.1192029212600401,0.5,B
063e9f4652d7bf1915064c7f8be6f8b2e645d6e9faef108f9586bea04a8bd54c,0.1192029212600401,0.5,B
063e9f4652d7bf1915064c7f8be6f8b2e645d6e9faef108f9586bea04a8bd54c,0.1192029212600401,0.5,B
063e9f4652d7bf1915064c7f8be6f8b2e645d6e9faef108f9586bea04a8bd54c,0.1192029212600401,0.5,B
063e9f4652d7bf1915064c7f8be6f8b2e645d6e9faef108f9586bea04a8bd54c,0.1192029212600401,0.5,B
063e9f4652d7bf1915064c7f8be6f8b2e645d6e9faef108f9586bea04a8bd54c,0.1192029212600401,0.5,B
063e9f4652d7bf1915064c7f8be6f8b2e645d6e9faef108f9586bea04a8bd54c,0.1192029212600401,0.5,B
063e9f4652d7bf1915064c7f8be6f8b2e645d6e9faef108f9586bea04a8bd54c,0.1192029212600401,1.5,B
063e9f4652d7bf1915064c7f8be6f8b2e645d6e9faef108f9586bea04a8bd54c,0.1192029212600401,1.5,B
063e9f4652d7bf1915064c7f8be6f8b2e645d6e9faef108f9586bea04a8bd54c,0.1192029212600401,1.5,B
063e9f4652d7bf1915064c7f8be6f8b2e645d6e9faef108f9586bea04a8bd54c,0.1192029212600401,1.5,B
063e9f4652d7bf1915064c7f8be6f8b2e645d6e9faef108f9586bea04a8bd54c,0.1192029212600401,1.5,A
063e9f4652d7bf1915064c7f8be6f8b2e645d6e9faef108f9586bea04a8bd54c,0.1192029212600401,1.5,B
063e9f4652d7bf1915064c7f8be6f8b2e645d6e9faef108f9586bea04a8bd54c,0.1192029212600401,1.5,B
063e9f4652d7bf1915064c7f8be6f8b2e645d6e9faef108f9586bea04a8bd54c,0.1192029212600401,1.5,B
063e9f4652d7bf1915064c7f8be6f8b2e645d6e9faef108f9586bea04a8bd54c,0.1192029212600401,1.5,B
063e9f4652d7bf1915064c7f8be6f8b2e645d6e9faef108f9586bea04a8bd54c,0.1192029212600401,1.5,A
063e9f4652d7bf1915064c7f8be6f8b2e645d6e9faef108f9586bea04a8bd54c,0.1192029212600401,1.5,A
063e9f4652d7bf1915064c7f8be6f8b2e645d6e9faef108f9586bea04a8bd54c,0.1192029212600401,1.5,A
063e9f4652d7bf1915064c7f8be6f8b2e645d6e9faef108f9586bea04a8bd54c,0.1192029212600401,1.5,B
063e9f4652d7bf1915064c7f8be6f8b2e645d6e9faef108f9586bea04a8bd54c,0.1192029212600401,1.5,B
063e9f4652d7bf1915064c7f8be6f8b2e645d6e9faef108f9586bea04a8bd54c,0.1192029212600401,1.5,B
063e9f4652d7bf1915064c7f8be6f8b2e645d6e9faef108f9586bea04a8bd54c,0.1192029212600401,1.5,B
063e9f4652d7bf1915064c7f8be6f8b2e645d6e9faef108f9586bea04a8bd54c,0.1192029212600401,1.5,B
063e9f4652d7bf1915064c7f8be6f8b2e645d6e9faef108f9586bea04a8bd54c,0.1192029212600401,1.5,B
063e9f4652d7bf1915064c7f8be6f8b2e645d6e9faef108f9586bea04a8bd54c,0.1192029212600401,1.5,A
063e9f4652d7bf1915064c7f8be6f8b2e645d6e9faef108f9586bea04a8bd54c,0.1192029212600401,1.5,B
063e9f4652d7bf1915064c7f8be6f8b2e645d6e9faef108f9586bea04a8bd54c,0.1192029212600401,1.5,B
063e9f4652d7bf1915064c7f8be6f8b2e645d6e9faef108f9586bea04a8bd54c,0.1192029212600401,1.5,B
063e9f4652d7bf1915064c7f8be6f8b2e645d6e9faef108f9586bea04a8bd54c,0.1192029212600401,1.5,A
063e9f4652d7bf1915064c7f8be6f8b2e645d6e9faef108f9586bea04a8bd54c,0.1192029212600401,1.5,B
063e9f4652d7bf1915064c7f8be6f8b2e645d6e9faef108f9586bea04a8bd54c,0.1192029212600401,1.5,B
063e9f4652d7bf1915064c7f8be6f8b2e645d6e9faef108f9586bea04a8bd54c,0.1192029212600401,1.5,B
063e9f4652d7bf1915064c7f8be6f8b2e645d6e9faef108f9586bea04a8bd54c,0.1192029212600401,1.5,B
063e9f4652d7bf1915064c7f8be6f8b2e645d6e9faef108f9586bea04a8bd54c,0.1192029212600401,1.5,B
063e9f4652d7bf1915064c7f8be6f8b2e645d6e9faef108f9586bea04a8bd54c,0.1192029212600401,1.5,B
063e9f4652d7bf1915064c7f8be6f8b2e645d6e9faef108f9586bea04a8bd54c,0.1192029212600401,1.5,B
063e9f4652d7bf1915064c7f8be6f8b2e645d6e9faef108f9586bea04a8bd54c,0.1192029212600401,1.5,B
063e9f4652d7bf1915064c7f8be6f8b2e645d6e9faef108f9586bea04a8bd54c,0.1192029212600401,1.5,A
063e9f4652d7bf1915064c7f8be6f8b2e645d6e9faef108f9586bea04a8bd54c,0.1192029212600401,1.5,B
063e9f4652d7bf1915064c7f8be6f8b2e645d6e9faef108f9586bea04a8bd54c,0.1192029212600401,1.5,B
063e9f4652d7bf1915064c7f8be6f8b2e645d6e9faef108f9586bea04a8bd54c,0.1192029212600401,1.5,B
063e9f4652d7bf1915064c7f8be6f8b2e645d6e9faef108f9586bea04a8bd54c,0.1192029212600401,1.5,A
063e9f4652d7bf1915064c7f8be6f8b2e645d6e9faef108f9586bea04a8bd54c,0.1192029212600401,1.5,B
063e9f4652d7bf1915064c7f8be6f8b2e645d6e9faef108f9586bea04a8bd54c,0.1192029212600401,1.5,B
063e9f4652d7bf1915064c7f8be6f8b2e645d6e9faef108f9586bea04a8bd54c,0.1192029212600401,1.5,B
063e9f4652d7bf1915064c7f8be6f8b2e645d6e9faef108f9586bea04a8bd54c,0.1192029212600401,1.5,B
063e9f4652d7bf1915064c7f8be6f8b2e645d6e9faef108f9586bea04a8bd54c,0.1192029212600401,1.5,B
063e9f4652d7bf1915064c7f8be6f8b2e645d6e9faef108f9586bea04a8bd54c,0.1192029212600401,1.5,B
063e9f4652d7bf1915064c7f8be6f8b2e645d6e9faef108f9586bea04a8bd54c,0.1192029212600401,1.5,B
063e9f4652d7bf1915064c7f8be6f8b2e645d6e9faef108f9586bea04a8bd54c,0.1192029212600401,1.5,B
063e9f4652d7bf1915064c7f8be6f8b2e645d6e9faef108f9586bea04a8bd54c,0.1192029212600401,1.5,B
063e9f4652d7bf1915064c7f8be6f8b2e645d6e9faef108f9586bea04a8bd54c,0.1192029212600401,1.5,A
063e9f4652d7bf1915064c7f8be6f8b2e645d6e9faef108f9586bea04a8bd54c,0.1192029212600401,1.5,B
063e9f4652d7bf1915064c7f8be6f8b2e645d6e9faef108f9586bea04a8bd54c,0.1192029212600401,1.5,B
063e9f4652d7bf1915064c7f8be6f8b2e645d6e9faef108f9586bea04a8bd54c,0.1192029212600401,1.5,A
063e9f4652d7bf1915064c7f8be6f8b2e645d6e9faef108f9586bea04a8bd54c,0.1192029212600401,1.5,A
08596d1cc7c0a98dd42a84d146a05fe108f9ded638ccbfe121da4642f832bbea,0.3775406810733808,0.5,B
08596d1cc7c0a98dd42a84d146a05fe108f9ded638ccbfe121da4642f832bbea,0.3775406810733808,0.5,A
08596d1cc7c0a98dd42a84d146a05fe108f9ded638ccbfe121da4642f832bbea,0.3775406810733808,0.5,B
08596d1cc7c0a98dd42a84d146a05fe108f9ded638ccbfe121da4642f832bbea,0.3775406810733808,0.5,A
08596d1cc7c0a98dd42a84d146a05fe108f9ded638ccbfe121da4642f832bbea,0.3775406810733808,0.5,B
08596d1cc7c0a98dd42a84d146a05fe108f9ded638ccbfe121da4642f832bbea,0.3775406810733808,0.5,B
08596d1cc7c0a98dd42a84d146a05fe108f9ded638ccbfe121da4642f832bbea,0.3775406810733808,0.5,B
08596d1cc7c0a98dd42a84d146a05fe108f9ded638ccbfe121da4642f832bbea,0.3775406810733808,0.5,B
08596d1cc7c0a98dd42a84d146a05fe108f9ded638ccbfe121da4642f832bbea,0.3775406810733808,0.5,B
08596d1cc7c0a98dd42a84d146a05fe108f9ded638ccbfe121da4642f832bbea,0.3775406810733808,0.5,B
08596d1cc7c0a98dd42a84d146a05fe108f9ded638ccbfe121da4642f832bbea,0.3775406810733808,0.5,B
08596d1cc7c0a98dd42a84d146a05fe108f9ded638ccbfe121da4642f832bbea,0.3775406810733808,0.5,B
08596d1cc7c0a98dd42a84d146a05fe108f9ded638ccbfe121da4642f832bbea,0.3775406810733808,0.5,A
08596d1cc7c0a98dd42a84d146a05fe108f9ded638ccbfe121da4642f832bbea,0.3775406810733808,0.5,B
08596d1cc7c0a98dd42a84d146a05fe108f9ded638ccbfe121da4642f832bbea,0.3775406810733808,0.5,A
08596d1cc7c0a98dd42a84d146a05fe108f9ded638ccbfe121da4642f832bbea,0.3775406810733808,0.5,B
08596d1cc7c0a98dd42a84d146a05fe108f9ded638ccbfe121da4642f832bbea,0.3775406810733808,0.5,B
08596d1cc7c0a98dd42a84d146a05fe108f9ded638ccbfe121da4642f832bbea,0.3775406810733808,0.5,B
08596d1cc7c0a98dd42a84d146a05fe108f9ded638ccbfe121da4642f832bbea,0.3775406810733808,0.5,A
08596d1cc7c0a98dd42a84d146a05fe108f9ded638ccbfe121da4642f832bbea,0.3775406810733808,0.5,B
08596d1cc7c0a98dd42a84d146a05fe108f9ded638ccbfe121da4642f832bbea,0.3775406810733808,0.5,B
08596d1cc7c0a98dd42a84d146a05fe108f9ded638ccbfe121da4642f832bbea,0.3775406810733808,0.5,B
08596d1cc7c0a98dd42a84d146a05fe108f9ded638ccbfe121da4642f832bbea,0.3775406810733808,0.5,A
08596d1cc7c0a98dd42a84d146a05fe108f9ded638ccbfe121da4642f832bbea,0.3775406810733808,0.5,B
08596d1cc7c0a98dd42a84d146a05fe108f9ded638ccbfe121da4642f832bbea,0.3775406810733808,0.5,B
08596d1cc7c0a98dd42a84d146a05fe108f9ded638ccbfe121da4642f832bbea,0.3775406810733808,0.5,A
08596d1cc7c0a98dd42a84d146a05fe108f9ded638ccbfe121da4642f832bbea,0.3775406810733808,0.5,A
08596d1cc7c0a98dd42a84d146a05fe108f9ded638ccbfe121da4642f832bbea,0.3775406810733808,0.5,A
08596d1cc7c0a98dd42a84d146a05fe108f9ded638ccbfe121da4642f832bbea,0.3775406810733808,0.5,A
08596d1cc7c0a98dd42a84d146a05fe108f9ded638ccbfe121da4642f832bbea,0.3775406810733808,0.5,B
08596d1cc7c0a98dd42a84d146a05fe108f9ded638ccbfe121da4642f832bbea,0.3775406810733808,0.5,B
08596d1cc7c0a98dd42a84d146a05fe108f9ded638ccbfe121da4642f832bbea,0.3775406810733808,0.5,B
08596d1cc7c0a98dd42a84d146a05fe108f9ded638ccbfe121da4642f832bbea,0.3775406810733808,0.5,B
08596d1cc7c0a98dd42a84d146a05fe108f9ded638ccbfe121da4642f832bbea,0.3775406810733808,0.5,B
08596d1cc7c0a98dd42a84d146a05fe108f9ded638ccbfe121da4642f832bbea,0.3775406810733808,0.5,B
08596d1cc7c0a98dd42a84d146a05fe108f9ded638ccbfe121da4642f832bbea,0.3775406810733808,0.5,B
08596d1cc7c0a98dd42a84d146a05fe108f9ded638ccbfe121da4642f832bbea,0.3775406810733808,0.5,A
08596d1cc7c0a98dd42a84d146a05fe108f9ded638ccbfe121da4642f832bbea,0.3775406810733808,0.5,B
08596d1cc7c0a98dd42a84d146a05fe108f9ded638ccbfe121da4642f832bbea,0.3775406810733808,0.5,A
08596d1cc7c0a98dd42a84d146a05fe108f9ded638ccbfe121da4642f832bbea,0.3775406810733808,0.5,B
08596d1cc7c0a98dd42a84d146a05fe108f9ded638ccbfe121da4642f832bbea,0.3775406810733808,0.5,A
08596d1cc7c0a98dd42a84d146a05fe108f9ded638ccbfe121da4642f832bbea,0.3775406810733808,0.5,B
08596d1cc7c0a98dd42a84d146a05fe108f9ded638ccbfe121da4642f832bbea,0.3775406810733808,0.5,B
08596d1cc7c0a98dd42a84d146a05fe108f9ded638ccbfe121da4642f832bbea,0.3775406810733808,0.5,B
08596d1cc7c0a98dd42a84d146a05fe108f9ded638ccbfe121da4642f832bbea,0.3775406810733808,0.5,B
08596d1cc7c0a98dd42a84d146a05fe108f9ded638ccbfe121da4642f832bbea,0.3775406810733808,0.5,B
08596d1cc7c0a98dd42a84d146a05fe108f9ded638ccbfe121da4642f832bbea,0.3775406810733808,0.5,A
08596d1cc7c0a98dd42a84d146a05fe108f9ded638ccbfe121da4642f832bbea,0.3775406810733808,0.5,A
08596d1cc7c0a98dd42a84d146a05fe108f9ded638ccbfe121da4642f832bbea,0.3775406810733808,0.5,B
08596d1cc7c0a98dd42a84d146a05fe108f9ded638ccbfe121da4642f832bbea,0.3775406810733808,0.5,B
08596d1cc7c0a98dd42a84d146a05fe108f9ded638ccbfe121da4642f832bbea,0.3775406810733808,1.5,B
08596d1cc7c0a98dd42a84d146a05fe108f9ded638ccbfe121da4642f832bbea,0.3775406810733808,1.5,A
08596d1cc7c0a98dd42a84d146a05fe108f9ded638ccbfe121da4642f832bbea,0.3775406810733808,1.5,B
08596d1cc7c0a98dd42a84d146a05fe108f9ded638ccbfe121da4642f832bbea,0.3775406810733808,1.5,B
08596d1cc7c0a98dd42a84d146a05fe108f9ded638ccbfe121da4642f832bbea,0.3775406810733808,1.5,B
08596d1cc7c0a98dd42a84d146a05fe108f9ded638ccbfe121da4642f832bbea,0.3775406810733808,1.5,B
08596d1cc7c0a98dd42a84d146a05fe108f9ded638ccbfe121da4642f832bbea,0.3775406810733808,1.5,A
08596d1cc7c0a98dd42a84d146a05fe108f9ded638ccbfe121da4642f832bbea,0.3775406810733808,1.5,B
08596d1cc7c0a98dd42a84d146a05fe108f9ded638ccbfe121da4642f832bbea,0.3775406810733808,1.5,A
08596d1cc7c0a98dd42a84d146a05fe108f9ded638ccbfe121da4642f832bbea,0.3775406810733808,1.5,A
08596d1cc7c0a98dd42a84d146a05fe108f9ded638ccbfe121da4642f832bbea,0.3775406810733808,1.5,A
08596d1cc7c0a98dd42a84d146a05fe108f9ded638ccbfe121da4642f832bbea,0.3775406810733808,1.5,B
08596d1cc7c0a98dd42a84d146a05fe108f9ded638ccbfe121da4642f832bbea,0.3775406810733808,1.5,B
08596d1cc7c0a98dd42a84d146a05fe108f9ded638ccbfe121da4642f832bbea,0.3775406810733808,1.5,B
08596d1cc7c0a98dd42a84d146a05fe108f9ded638ccbfe121da4642f832bbea,0.3775406810733808,1.5,B
08596d1cc7c0a98dd42a84d146a05fe108f9ded638ccbfe121da4642f832bbea,0.3775406810733808,1.5,B
08596d1cc7c0a98dd42a84d146a05fe108f9ded638ccbfe121da4642f832bbea,0.3775406810733808,1.5,B
08596d1cc7c0a98dd42a84d146a05fe108f9ded638ccbfe121da4642f832bbea,0.3775406810733808,1.5,A
08596d1cc7c0a98dd42a84d146a05fe108f9ded638ccbfe121da4642f832bbea,0.3775406810733808,1.5,B
08596d1cc7c0a98dd42a84d146a05fe108f9ded638ccbfe121da4642f832bbea,0.3775406810733808,1.5,B
08596d1cc7c0a98dd42a84d146a05fe108f9ded638ccbfe121da4642f832bbea,0.3775406810733808,1.5,B
08596d1cc7c0a98dd42a84d146a05fe108f9ded638ccbfe121da4642f832bbea,0.3775406810733808,1.5,B
08596d1cc7c0a98dd42a84d146a05fe108f9ded638ccbfe121da4642f832bbea,0.3775406810733808,1.5,A
08596d1cc7c0a98dd42a84d146a05fe108f9ded638ccbfe121da4642f832bbea,0.3775406810733808,1.5,A
08596d1cc7c0a98dd42a84d146a05fe108f9ded638ccbfe121da4642f832bbea,0.3775406810733808,1.5,A
08596d1cc7c0a98dd42a84d146a05fe108f9ded638ccbfe121da4642f832bbea,0.3775406810733808,1.5,B
08596d1cc7c0a98dd42a84d146a05fe108f9ded638ccbfe121da4642f832bbea,0.3775406810733808,1.5,A
08596d1cc7c0a98dd42a84d146a05fe108f9ded638ccbfe121da4642f832bbea,0.3775406810733808,1.5,B
08596d1cc7c0a98dd42a84d146a05fe108f9ded638ccbfe121da4642f832bbea,0.3775406810733808,1.5,A
08596d1cc7c0a98dd42a84d146a05fe108f9ded638ccbfe121da4642f832bbea,0.3775406810733808,1.5,A
08596d1cc7c0a98dd42a84d146a05fe108f9ded638ccbfe121da4642f832bbea,0.3775406810733808,1.5,A
08596d1cc7c0a98dd42a84d146a05fe108f9ded638ccbfe121da4642f832bbea,0.3775406810733808,1.5,A
08596d1cc7c0a98dd42a84d146a05fe108f9ded638ccbfe121da4642f832bbea,0.3775406810733808,1.5,A
08596d1cc7c0a98dd42a84d146a05fe108f9ded638ccbfe121da4642f832bbea,0.3775406810733808,1.5,B
08596d1cc7c0a98dd42a84d146a05fe108f9ded638ccbfe121da4642f832bbea,0.3775406810733808,1.5,A
08596d1cc7c0a98dd42a84d146a05fe108f9ded638ccbfe121da4642f832bbea,0.3775406810733808,1.5,B
08596d1cc7c0a98dd42a84d146a05fe108f9ded638ccbfe121da4642f832bbea,0.3775406810733808,1.5,A
08596d1cc7c0a98dd42a84d146a05fe108f9ded638ccbfe121da4642f832bbea,0.3775406810733808,1.5,B
08596d1cc7c0a98dd42a84d146a05fe108f9ded638ccbfe121da4642f832bbea,0.3775406810733808,1.5,B
08596d1cc7c0a98dd42a84d146a05fe108f9ded638ccbfe121da4642f832bbea,0.3775406810733808,1.5,A
08596d1cc7c0a98dd42a84d146a05fe108f9ded638ccbfe121da4642f832bbea,0.3775406810733808,1.5,B
08596d1cc7c0a98dd42a84d146a05fe108f9ded638ccbfe121da4642f832bbea,0.3775406810733808,1.5,B
08596d1cc7c0a98dd42a84d146a05fe108f9ded638ccbfe121da4642f832bbea,0.3775406810733808,1.5,A
08596d1cc7c0a98dd42a84d146a05fe108f9ded638ccbfe121da4642f832bbea,0.3775406810733808,1.5,A
08596d1cc7c0a98dd42a84d146a05fe108f9ded638ccbfe121da4642f832bbea,0.3775406810733808,1.5,B
08596d1cc7c0a98dd42a84d146a05fe108f9ded638ccbfe121da4642f832bbea,0.3775406810733808,1.5,B
08596d1cc7c0a98dd42a84d146a05fe108f9ded638ccbfe121da4642f832bbea,0.3775406810733808,1.5,B
08596d1cc7c0a98dd42a84d146a05fe108f9ded638ccbfe121da4642f832bbea,0.3775406810733808,1.5,B
08596d1cc7c0a98dd42a84d146a05fe108f9ded638ccbfe121da4642f832bbea,0.3775406810733808,1.5,B
08596d1cc7c0a98dd42a84d146a05fe108f9ded638ccbfe121da4642f832bbea,0.3775406810733808,1.5,A
088fdf9cb64c6e9671859a1f25210693df6e08a14af352ca587cd652b36dc957,0.6224593493780323,0.5,A
088fdf9cb64c6e9671859a1f25210693df6e08a14af352ca587cd652b36dc957,0.6224593493780323,0.5,B
088fdf9cb64c6e9671859a1f25210693df6e08a14af352ca587cd652b36dc957,0.6224593493780323,0.5,B
088fdf9cb64c6e9671859a1f25210693df6e08a14af352ca587cd652b36dc957,0.6224593493780323,0.5,A
088fdf9cb64c6e9671859a1f25210693df6e08a14af352ca587cd652b36dc957,0.6224593493780323,0.5,A
088fdf9cb64c6e9671859a1f25210693df6e08a14af352ca587cd652b36dc957,0.6224593493780323,0.5,A
088fdf9cb64c6e9671859a1f25210693df6e08a14af352ca587cd652b36dc957,0.6224593493780323,0.5,A
088fdf9cb64c6e9671859a1f25210693df6e08a14af352ca587cd652b36dc957,0.6224593493780323,0.5,A
088fdf9cb64c6e9671859a1f25210693df6e08a14af352ca587cd652b36dc957,0.6224593493780323,0.5,B
088fdf9cb64c6e9671859a1f25210693df6e08a14af352ca587cd652b36dc957,0.6224593493780323,0.5,A
088fdf9cb64c6e9671859a1f25210693df6e08a14af352ca587cd652b36dc957,0.6224593493780323,0.5,B
088fdf9cb64c6e9671859a1f25210693df6e08a14af352ca587cd652b36dc957,0.6224593493780323,0.5,A
088fdf9cb64c6e9671859a1f25210693df6e08a14af352ca587cd652b36dc957,0.6224593493780323,0.5,A
088fdf9cb64c6e9671859a1f25210693df6e08a14af352ca587cd652b36dc957,0.6224593493780323,0.5,B
088fdf9cb64c6e9671859a1f25210693df6e08a14af352ca587cd652b36dc957,0.6224593493780323,0.5,A
088fdf9cb64c6e9671859a1f25210693df6e08a14af352ca587cd652b36dc957,0.6224593493780323,0.5,A
088fdf9cb64c6e9671859a1f25210693df6e08a14af352ca587cd652b36dc957,0.6224593493780323,0.5,A
088fdf9cb64c6e9671859a1f25210693df6e08a14af352ca587cd652b36dc957,0.6224593493780323,0.5,A
088fdf9cb64c6e9671859a1f25210693df6e08a14af352ca587cd652b36dc957,0.6224593493780323,0.5,A
088fdf9cb64c6e9671859a1f25210693df6e08a14af352ca587cd652b36dc957,0.6224593493780323,0.5,A
088fdf9cb64c6e9671859a1f25210693df6e08a14af352ca587cd652b36dc957,0.6224593493780323,0.5,A
088fdf9cb64c6e9671859a1f25210693df6e08a14af352ca587cd652b36dc957,0.6224593493780323,0.5,A
088fdf9cb64c6e9671859a1f25210693df6e08a14af352ca587cd652b36dc957,0.6224593493780323,0.5,B
088fdf9cb64c6e9671859a1f25210693df6e08a14af352ca587cd652b36dc957,0.6224593493780323,0.5,A
088fdf9cb64c6e9671859a1f25210693df6e08a14af352ca587cd652b36dc957,0.6224593493780323,0.5,A
088fdf9cb64c6e9671859a1f25210693df6e08a14af352ca587cd652b36dc957,0.6224593493780323,0.5,B
088fdf9cb64c6e9671859a1f25210693df6e08a14af352ca587cd652b36dc957,0.6224593493780323,0.5,A
088fdf9cb64c6e9671859a1f25210693df6e08a14af352ca587cd652b36dc957,0.6224593493780323,0.5,A
088fdf9cb64c6e9671859a1f25210693df6e08a14af352ca587cd652b36dc957,0.6224593493780323,0.5,A
088fdf9cb64c6e9671859a1f25210693df6e08a14af352ca587cd652b36dc957,0.6224593493780323,0.5,A
088fdf9cb64c6e9671859a1f25210693df6e08a14af352ca587cd652b36dc957,0.6224593493780323,0.5,B
088fdf9cb64c6e9671859a1f25210693df6e08a14af352ca587cd652b36dc957,0.6224593493780323,0.5,A
088fdf9cb64c6e9671859a1f25210693df6e08a14af352ca587cd652b36dc957,0.6224593493780323,0.5,A
088fdf9cb64c6e9671859a1f25210693df6e08a14af352ca587cd652b36dc957,0.6224593493780323,0.5,A
088fdf9cb64c6e9671859a1f25210693df6e08a14af352ca587cd652b36dc957,0.6224593493780323,0.5,B
088fdf9cb64c6e9671859a1f25210693df6e08a14af352ca587cd652b36dc957,0.6224593493780323,0.5,A
088fdf9cb64c6e9671859a1f25210693df6e08a14af352ca587cd652b36dc957,0.6224593493780323,0.5,B
088fdf9cb64c6e9671859a1f25210693df6e08a14af352ca587cd652b36dc957,0.6224593493780323,0.5,A
088fdf9cb64c6e9671859a1f25210693df6e08a14af352ca587cd652b36dc957,0.6224593493780323,0.5,B
088fdf9cb64c6e9671859a1f25210693df6e08a14af352ca587cd652b36dc957,0.6224593493780323,0.5,B
088fdf9cb64c6e9671859a1f25210693df6e08a14af352ca587cd652b36dc957,0.6224593493780323,0.5,A
088fdf9cb64c6e9671859a1f25210693df6e08a14af352ca587cd652b36dc957,0.6224593493780323,0.5,A
088fdf9cb64c6e9671859a1f25210693df6e08a14af352ca587cd652b36dc957,0.6224593493780323,0.5,A
088fdf9cb64c6e9671859a1f25210693df6e08a14af352ca587cd652b36dc957,0.6224593493780323,0.5,A
088fdf9cb64c6e9671859a1f25210693df6e08a14af352ca587cd652b36dc957,0.6224593493780323,0.5,A
088fdf9cb64c6e9671859a1f25210693df6e08a14af352ca587cd652b36dc957,0.6224593493780323,0.5,B
088fdf9cb64c6e9671859a1f25210693df6e08a14af352ca587cd652b36dc957,0.6224593493780323,0.5,A
088fdf9cb64c6e9671859a1f25210693df6e08a14af352ca587cd652b36dc957,0.6224593493780323,0.5,A
088fdf9cb64c6e9671859a1f25210693df6e08a14af352ca587cd652b36dc957,0.6224593493780323,0.5,A
088fdf9cb64c6e9671859a1f25210693df6e08a14af352ca587cd652b36dc957,0.6224593493780323,0.5,A
088fdf9cb64c6e9671859a1f25210693df6e08a14af352ca587cd652b36dc957,0.6224593493780323,1.5,B
088fdf9cb64c6e9671859a1f25210693df6e08a14af352ca587cd652b36dc957,0.6224593493780323,1.5,A
088fdf9cb64c6e9671859a1f25210693df6e08a14af352ca587cd652b36dc957,0.6224593493780323,1.5,B
088fdf9cb64c6e9671859a1f25210693df6e08a14af352ca587cd652b36dc957,0.6224593493780323,1.5,A
088fdf9cb64c6e9671859a1f25210693df6e08a14af352ca587cd652b36dc957,0.6224593493780323,1.5,B
088fdf9cb64c6e9671859a1f25210693df6e08a14af352ca587cd652b36dc957,0.6224593493780323,1.5,A
088fdf9cb64c6e9671859a1f25210693df6e08a14af352ca587cd652b36dc957,0.6224593493780323,1.5,A
088fdf9cb64c6e9671859a1f25210693df6e08a14af352ca587cd652b36dc957,0.6224593493780323,1.5,B
088fdf9cb64c6e9671859a1f25210693df6e08a14af352ca587cd652b36dc957,0.6224593493780323,1.5,B
088fdf9cb64c6e9671859a1f25210693df6e08a14af352ca587cd652b36dc957,0.6224593493780323,1.5,A
088fdf9cb64c6e9671859a1f25210693df6e08a14af352ca587cd652b36dc957,0.6224593493780323,1.5,A
088fdf9cb64c6e9671859a1f25210693df6e08a14af352ca587cd652b36dc957,0.6224593493780323,1.5,A
088fdf9cb64c6e9671859a1f25210693df6e08a14af352ca587cd652b36dc957,0.6224593493780323,1.5,A
088fdf9cb64c6e9671859a1f25210693df6e08a14af352ca587cd652b36dc957,0.6224593493780323,1.5,A
088fdf9cb64c6e9671859a1f25210693df6e08a14af352ca587cd652b36dc957,0.6224593493780323,1.5,A
088fdf9cb64c6e9671859a1f25210693df6e08a14af352ca587cd652b36dc957,0.6224593493780323,1.5,A
088fdf9cb64c6e9671859a1f25210693df6e08a14af352ca587cd652b36dc957,0.6224593493780323,1.5,B
088fdf9cb64c6e9671859a1f25210693df6e08a14af352ca587cd652b36dc957,0.6224593493780323,1.5,A
088fdf9cb64c6e9671859a1f25210693df6e08a14af352ca587cd652b36dc957,0.6224593493780323,1.5,B
088fdf9cb64c6e9671859a1f25210693df6e08a14af352ca587cd652b36dc957,0.6224593493780323,1.5,B
088fdf9cb64c6e9671859a1f25210693df6e08a14af352ca587cd652b36dc957,0.6224593493780323,1.5,A
088fdf9cb64c6e9671859a1f25210693df6e08a14af352ca587cd652b36dc957,0.6224593493780323,1.5,B
088fdf9cb64c6e9671859a1f25210693df6e08a14af352ca587cd652b36dc957,0.6224593493780323,1.5,B
088fdf9cb64c6e9671859a1f25210693df6e08a14af352ca587cd652b36dc957,0.6224593493780323,1.5,B
088fdf9cb64c6e9671859a1f25210693df6e08a14af352ca587cd652b36dc957,0.6224593493780323,1.5,A
088fdf9cb64c6e9671859a1f25210693df6e08a14af352ca587cd652b36dc957,0.6224593493780323,1.5,B
088fdf9cb64c6e9671859a1f25210693df6e08a14af352ca587cd652b36dc957,0.6224593493780323,1.5,B
088fdf9cb64c6e9671859a1f25210693df6e08a14af352ca587cd652b36dc957,0.6224593493780323,1.5,A
088fdf9cb64c6e9671859a1f25210693df6e08a14af352ca587cd652b36dc957,0.6224593493780323,1.5,A
088fdf9cb64c6e9671859a1f25210693df6e08a14af352ca587cd652b36dc957,0.6224593493780323,1.5,B
088fdf9cb64c6e9671859a1f25210693df6e08a14af352ca587cd652b36dc957,0.6224593493780323,1.5,A
088fdf9cb64c6e9671859a1f25210693df6e08a14af352ca587cd652b36dc957,0.6224593493780323,1.5,A
088fdf9cb64c6e9671859a1f25210693df6e08a14af352ca587cd652b36dc957,0.6224593493780323,1.5,A
088fdf9cb64c6e9671859a1f25210693df6e08a14af352ca587cd652b36dc957,0.6224593493780323,1.5,A
088fdf9cb64c6e9671859a1f25210693df6e08a14af352ca587cd652b36dc957,0.6224593493780323,1.5,B
088fdf9cb64c6e9671859a1f25210693df6e08a14af352ca587cd652b36dc957,0.6224593493780323,1.5,A
088fdf9cb64c6e9671859a1f25210693df6e08a14af352ca587cd652b36dc957,0.6224593493780323,1.5,A
088fdf9cb64c6e9671859a1f25210693df6e08a14af352ca587cd652b36dc957,0.6224593493780323,1.5,A
088fdf9cb64c6e9671859a1f25210693df6e08a14af352ca587cd652b36dc957,0.6224593493780323,1.5,A
088fdf9cb64c6e9671859a1f25210693df6e08a14af352ca587cd652b36dc957,0.6224593493780323,1.5,A
088fdf9cb64c6e9671859a1f25210693df6e08a14af352ca587cd652b36dc957,0.6224593493780323,1.5,B
088fdf9cb64c6e9671859a1f25210693df6e08a14af352ca587cd652b36dc957,0.6224593493780323,1.5,A
088fdf9cb64c6e9671859a1f25210693df6e08a14af352ca587cd652b36dc957,0.6224593493780323,1.5,A
088fdf9cb64c6e9671859a1f25210693df6e08a14af352ca587cd652b36dc957,0.6224593493780323,1.5,A
088fdf9cb64c6e9671859a1f25210693df6e08a14af352ca587cd652b36dc957,0.6224593493780323,1.5,B
088fdf9cb64c6e9671859a1f25210693df6e08a14af352ca587cd652b36dc957,0.6224593493780323,1.5,A
088fdf9cb64c6e9671859a1f25210693df6e08a14af352ca587cd652b36dc957,0.6224593493780323,1.5,B
088fdf9cb64c6e9671859a1f25210693df6e08a14af352ca587cd652b36dc957,0.6224593493780323,1.5,A
088fdf9cb64c6e9671859a1f25210693df6e08a14af352ca587cd652b36dc957,0.6224593493780323,1.5,B
088fdf9cb64c6e9671859a1f25210693df6e08a14af352ca587cd652b36dc957,0.6224593493780323,1.5,A
09a5a7d00d9025d56e9e283c3dec5cd335c628229721a99ea0fd41162a937ab2,0.8175744892652018,0.5,A
09a5a7d00d9025d56e9e283c3dec5cd335c628229721a99ea0fd41162a937ab2,0.8175744892652018,0.5,A
09a5a7d00d9025d56e9e283c3dec5cd335c628229721a99ea0fd41162a937ab2,0.8175744892652018,0.5,A
09a5a7d00d9025d56e9e283c3dec5cd335c628229721a99ea0fd41162a937ab2,0.8175744892652018,0.5,A
09a5a7d00d9025d56e9e283c3dec5cd335c628229721a99ea0fd41162a937ab2,0.8175744892652018,0.5,A
09a5a7d00d9025d56e9e283c3dec5cd335c628229721a99ea0fd41162a937ab2,0.8175744892652018,0.5,A
09a5a7d00d9025d56e9e283c3dec5cd335c628229721a99ea0fd41162a937ab2,0.8175744892652018,0.5,B
09a5a7d00d9025d56e9e283c3dec5cd335c628229721a99ea0fd41162a937ab2,0.8175744892652018,0.5,A
09a5a7d00d9025d56e9e283c3dec5cd335c628229721a99ea0fd41162a937ab2,0.8175744892652018,0.5,A
09a5a7d00d9025d56e9e283c3dec5cd335c628229721a99ea0fd41162a937ab2,0.8175744892652018,0.5,B
09a5a7d00d9025d56e9e283c3dec5cd335c628229721a99ea0fd41162a937ab2,0.8175744892652018,0.5,A
09a5a7d00d9025d56e9e283c3dec5cd335c628229721a99ea0fd41162a937ab2,0.8175744892652018,0.5,A
09a5a7d00d9025d56e9e283c3dec5cd335c628229721a99ea0fd41162a937ab2,0.8175744892652018,0.5,A
09a5a7d00d9025d56e9e283c3dec5cd335c628229721a99ea0fd41162a937ab2,0.8175744892652018,0.5,A
09a5a7d00d9025d56e9e283c3dec5cd335c628229721a99ea0fd41162a937ab2,0.8175744892652018,0.5,B
09a5a7d00d9025d56e9e283c3dec5cd335c628229721a99ea0fd41162a937ab2,0.8175744892652018,0.5,A
09a5a7d00d9025d56e9e283c3dec5cd335c628229721a99ea0fd41162a937ab2,0.8175744892652018,0.5,B
09a5a7d00d9025d56e9e283c3dec5cd335c628229721a99ea0fd41162a937ab2,0.8175744892652018,0.5,B
09a5a7d00d9025d56e9e283c3dec5cd335c628229721a99ea0fd41162a937ab2,0.8175744892652018,0.5,A
09a5a7d00d9025d56e9e283c3dec5cd335c628229721a99ea0fd41162a937ab2,0.8175744892652018,0.5,A
09a5a7d00d9025d56e9e283c3dec5cd335c628229721a99ea0fd41162a937ab2,0.8175744892652018,0.5,A
09a5a7d00d9025d56e9e283c3dec5cd335c628229721a99ea0fd41162a937ab2,0.8175744892652018,0.5,A
09a5a7d00d9025d56e9e283c3dec5cd335c628229721a99ea0fd41162a937ab2,0.8175744892652018,0.5,B
09a5a7d00d9025d56e9e283c3dec5cd335c628229721a99ea0fd41162a937ab2,0.8175744892652018,0.5,A
09a5a7d00d9025d56e9e283c3dec5cd335c628229721a99ea0fd41162a937ab2,0.8175744892652018,0.5,A
09a5a7d00d9025d56e9e283c3dec5cd335c628229721a99ea0fd41162a937ab2,0.8175744892652018,0.5,A
09a5a7d00d9025d56e9e283c3dec5cd335c628229721a99ea0fd41162a937ab2,0.8175744892652018,0.5,A
09a5a7d00d9025d56e9e283c3dec5cd335c628229721a99ea0fd41162a937ab2,0.8175744892652018,0.5,A
09a5a7d00d9025d56e9e283c3dec5cd335c628229721a99ea0fd41162a937ab2,0.8175744892652018,0.5,A
09a5a7d00d9025d56e9e283c3dec5cd335c628229721a99ea0fd41162a937ab2,0.8175744892652018,0.5,A
09a5a7d00d9025d56e9e283c3dec5cd335c628229721a99ea0fd41162a937ab2,0.8175744892652018,0.5,A
09a5a7d00d9025d56e9e283c3dec5cd335c628229721a99ea0fd41162a937ab2,0.8175744892652018,0.5,B
09a5a7d00d9025d56e9e283c3dec5cd335c628229721a99ea0fd41162a937ab2,0.8175744892652018,0.5,A
09a5a7d00d9025d56e9e283c3dec5cd335c628229721a99ea0fd41162a937ab2,0.8175744892652018,0.5,A
09a5a7d00d9025d56e9e283c3dec5cd335c628229721a99ea0fd41162a937ab2,0.8175744892652018,0.5,B
09a5a7d00d9025d56e9e283c3dec5cd335c628229721a99ea0fd41162a937ab2,0.8175744892652018,0.5,B
09a5a7d00d9025d56e9e283c3dec5cd335c628229721a99ea0fd41162a937ab2,0.8175744892652018,0.5,A
09a5a7d00d9025d56e9e283c3dec5cd335c628229721a99ea0fd41162a937ab2,0.8175744892652018,0.5,A
09a5a7d00d9025d56e9e283c3dec5cd335c628229721a99ea0fd41162a937ab2,0.8175744892652018,0.5,B
09a5a7d00d9025d56e9e283c3dec5cd335c628229721a99ea0fd41162a937ab2,0.8175744892652018,0.5,A
09a5a7d00d9025d56e9e283c3dec5cd335c628229721a99ea0fd41162a937ab2,0.8175744892652018,0.5,B
09a5a7d00d9025d56e9e283c3dec5cd335c628229721a99ea0fd41162a937ab2,0.8175744892652018,0.5,A
09a5a7d00d9025d56e9e283c3dec5cd335c628229721a99ea0fd41162a937ab2,0.8175744892652018,0.5,A
09a5a7d00d9025d56e9e283c3dec5cd335c628229721a99ea0fd41162a937ab2,0.8175744892652018,0.5,A
09a5a7d00d9025d56e9e283c3dec5cd335c628229721a99ea0fd41162a937ab2,0.8175744892652018,0.5,A
09a5a7d00d9025d56e9e283c3dec5cd335c628229721a99ea0fd41162a937ab2,0.8175744892652018,0.5,A
09a5a7d00d9025d56e9e283c3dec5cd335c628229721a99ea0fd41162a937ab2,0.8175744892652018,0.5,A
09a5a7d00d9025d56e9e283c3dec5cd335c628229721a99ea0fd41162a937ab2,0.8175744892652018,0.5,A
09a5a7d00d9025d56e9e283c3dec5cd335c628229721a99ea0fd41162a937ab2,0.8175744892652018,0.5,A
09a5a7d00d9025d56e9e283c3dec5cd335c628229721a99ea0fd41162a937ab2,0.8175744892652018,0.5,B
09a5a7d00d9025d56e9e283c3dec5cd335c628229721a99ea0fd41162a937ab2,0.8175744892652018,1.5,B
09a5a7d00d9025d56e9e283c3dec5cd335c628229721a99ea0fd41162a937ab2,0.8175744892652018,1.5,A
09a5a7d00d9025d56e9e283c3dec5cd335c628229721a99ea0fd41162a937ab2,0.8175744892652018,1.5,A
09a5a7d00d9025d56e9e283c3dec5cd335c628229721a99ea0fd41162a937ab2,0.8175744892652018,1.5,A
09a5a7d00d9025d56e9e283c3dec5cd335c628229721a99ea0fd41162a937ab2,0.8175744892652018,1.5,B
09a5a7d00d9025d56e9e283c3dec5cd335c628229721a99ea0fd41162a937ab2,0.8175744892652018,1.5,A
09a5a7d00d9025d56e9e283c3dec5cd335c628229721a99ea0fd41162a937ab2,0.8175744892652018,1.5,A
09a5a7d00d9025d56e9e283c3dec5cd335c628229721a99ea0fd41162a937ab2,0.8175744892652018,1.5,B
09a5a7d00d9025d56e9e283c3dec5cd335c628229721a99ea0fd41162a937ab2,0.8175744892652018,1.5,A
09a5a7d00d9025d56e9e283c3dec5cd335c628229721a99ea0fd41162a937ab2,0.8175744892652018,1.5,A
09a5a7d00d9025d56e9e283c3dec5cd335c628229721a99ea0fd41162a937ab2,0.8175744892652018,1.5,B
09a5a7d00d9025d56e9e283c3dec5cd335c628229721a99ea0fd41162a937ab2,0.8175744892652018,1.5,A
09a5a7d00d9025d56e9e283c3dec5cd335c628229721a99ea0fd41162a937ab2,0.8175744892652018,1.5,B
09a5a7d00d9025d56e9e283c3dec5cd335c628229721a99ea0fd41162a937ab2,0.8175744892652018,1.5,A
09a5a7d00d9025d56e9e283c3dec5cd335c628229721a99ea0fd41162a937ab2,0.8175744892652018,1.5,A
09a5a7d00d9025d56e9e283c3dec5cd335c628229721a99ea0fd41162a937ab2,0.8175744892652018,1.5,B
09a5a7d00d9025d56e9e283c3dec5cd335c628229721a99ea0fd41162a937ab2,0.8175744892652018,1.5,B
09a5a7d00d9025d56e9e283c3dec5cd335c628229721a99ea0fd41162a937ab2,0.8175744892652018,1.5,A
09a5a7d00d9025d56e9e283c3dec5cd335c628229721a99ea0fd41162a937ab2,0.8175744892652018,1.5,A
09a5a7d00d9025d56e9e283c3dec5cd335c628229721a99ea0fd41162a937ab2,0.8175744892652018,1.5,B
09a5a7d00d9025d56e9e283c3dec5cd335c628229721a99ea0fd41162a937ab2,0.8175744892652018,1.5,A
09a5a7d00d9025d56e9e283c3dec5cd335c628229721a99ea0fd41162a937ab2,0.8175744892652018,1.5,B
09a5a7d00d9025d56e9e283c3dec5cd335c628229721a99ea0fd41162a937ab2,0.8175744892652018,1.5,B
09a5a7d00d9025d56e9e283c3dec5cd335c628229721a99ea0fd41162a937ab2,0.8175744892652018,1.5,A
09a5a7d00d9025d56e9e283c3dec5cd335c628229721a99ea0fd41162a937ab2,0.8175744892652018,1.5,A
09a5a7d00d9025d56e9e283c3dec5cd335c628229721a99ea0fd41162a937ab2,0.8175744892652018,1.5,B
09a5a7d00d9025d56e9e283c3dec5cd335c628229721a99ea0fd41162a937ab2,0.8175744892652018,1.5,B
09a5a7d00d9025d56e9e283c3dec5cd335c628229721a99ea0fd41162a937ab2,0.8175744892652018,1.5,B
09a5a7d00d9025d56e9e283c3dec5cd335c628229721a99ea0fd41162a937ab2,0.8175744892652018,1.5,B
09a5a7d00d9025d56e9e283c3dec5cd335c628229721a99ea0fd41162a937ab2,0.8175744892652018,1.5,A
09a5a7d00d9025d56e9e283c3dec5cd335c628229721a99ea0fd41162a937ab2,0.8175744892652018,1.5,A
09a5a7d00d9025d56e9e283c3dec5cd335c628229721a99ea0fd41162a937ab2,0.8175744892652018,1.5,B
09a5a7d00d9025d56e9e283c3dec5cd335c628229721a99ea0fd41162a937ab2,0.8175744892652018,1.5,B
09a5a7d00d9025d56e9e283c3dec5cd335c628229721a99ea0fd41162a937ab2,0.8175744892652018,1.5,A
09a5a7d00d9025d56e9e283c3dec5cd335c628229721a99ea0fd41162a937ab2,0.8175744892652018,1.5,B
09a5a7d00d9025d56e9e283c3dec5cd335c628229721a99ea0fd41162a937ab2,0.8175744892652018,1.5,B
09a5a7d00d9025d56e9e283c3dec5cd335c628229721a99ea0fd41162a937ab2,0.8175744892652018,1.5,A
09a5a7d00d9025d56e9e283c3dec5cd335c628229721a99ea0fd41162a937ab2,0.8175744892652018,1.5,A
09a5a7d00d9025d56e9e283c3dec5cd335c628229721a99ea0fd41162a937ab2,0.8175744892652018,1.5,A
09a5a7d00d9025d56e9e283c3dec5cd335c628229721a99ea0fd41162a937ab2,0.8175744892652018,1.5,A
09a5a7d00d9025d56e9e283c3dec5cd335c628229721a99ea0fd41162a937ab2,0.8175744892652018,1.5,A
09a5a7d00d9025d56e9e283c3dec5cd335c628229721a99ea0fd41162a937ab2,0.8175744892652018,1.5,A
09a5a7d00d9025d56e9e283c3dec5cd335c628229721a99ea0fd41162a937ab2,0.8175744892652018,1.5,B
09a5a7d00d9025d56e9e283c3dec5cd335c628229721a99ea0fd41162a937ab2,0.8175744892652018,1.5,B
09a5a7d00d9025d56e9e283c3dec5cd335c628229721a99ea0fd41162a937ab2,0.8175744892652018,1.5,A
09a5a7d00d9025d56e9e283c3dec5cd335c628229721a99ea0fd41162a937ab2,0.8175744892652018,1.5,A
09a5a7d00d9025d56e9e283c3dec5cd335c628229721a99ea0fd41162a937ab2,0.8175744892652018,1.5,A
09a5a7d00d9025d56e9e283c3dec5cd335c628229721a99ea0fd41162a937ab2,0.8175744892652018,1.5,A
09a5a7d00d9025d56e9e283c3dec5cd335c628229721a99ea0fd41162a937ab2,0.8175744892652018,1.5,A
09a5a7d00d9025d56e9e283c3dec5cd335c628229721a99ea0fd41162a937ab2,0.8175744892652018,1.5,A
0a4a4d4bc938478d7203a076779ae199482e24bd5b96af61df511c80433021b7,0.7772998832488275,0.5,A
0a4a4d4bc938478d7203a076779ae199482e24bd5b96af61df511c80433021b7,0.7772998832488275,0.5,B
0a4a4d4bc938478d7203a076779ae199482e24bd5b96af61df511c80433021b7,0.7772998832488275,0.5,A
0a4a4d4bc938478d7203a076779ae199482e24bd5b96af61df511c80433021b7,0.7772998832488275,0.5,A
0a4a4d4bc938478d7203a076779ae199482e24bd5b96af61df511c80433021b7,0.7772998832488275,0.5,A
0a4a4d4bc938478d7203a076779ae199482e24bd5b96af61df511c80433021b7,0.7772998832488275,0.5,A
0a4a4d4bc938478d7203a076779ae199482e24bd5b96af61df511c80433021b7,0.7772998832488275,0.5,A
0a4a4d4bc938478d7203a076779ae199482e24bd5b96af61df511c80433021b7,0.7772998832488275,0.5,A
0a4a4d4bc938478d7203a076779ae199482e24bd5b96af61df511c80433021b7,0.7772998832488275,0.5,B
0a4a4d4bc938478d7203a076779ae199482e24bd5b96af61df511c80433021b7,0.7772998832488275,0.5,A
0a4a4d4bc938478d7203a076779ae199482e24bd5b96af61df511c80433021b7,0.7772998832488275,0.5,A
0a4a4d4bc938478d7203a076779ae199482e24bd5b96af61df511c80433021b7,0.7772998832488275,0.5,A
0a4a4d4bc938478d7203a076779ae199482e24bd5b96af61df511c80433021b7,0.7772998832488275,0.5,A
0a4a4d4bc938478d7203a076779ae199482e24bd5b96af61df511c80433021b7,0.7772998832488275,0.5,A
0a4a4d4bc938478d7203a076779ae199482e24bd5b96af61df511c80433021b7,0.7772998832488275,0.5,A
0a4a4d4bc938478d7203a076779ae199482e24bd5b96af61df511c80433021b7,0.7772998832488275,0.5,A
0a4a4d4bc938478d7203a076779ae199482e24bd5b96af61df511c80433021b7,0.7772998832488275,0.5,A
0a4a4d4bc938478d7203a076779ae199482e24bd5b96af61df511c80433021b7,0.7772998832488275,0.5,A
0a4a4d4bc938478d7203a076779ae199482e24bd5b96af61df511c80433021b7,0.7772998832488275,0.5,A
0a4a4d4bc938478d7203a076779ae199482e24bd5b96af61df511c80433021b7,0.7772998832488275,0.5,A
0a4a4d4bc938478d7203a076779ae199482e24bd5b96af61df511c80433021b7,0.7772998832488275,0.5,A
0a4a4d4bc938478d7203a076779ae199482e24bd5b96af61df511c80433021b7,0.7772998832488275,0.5,A
0a4a4d4bc938478d7203a076779ae199482e24bd5b96af61df511c80433021b7,0.7772998832488275,0.5,A
0a4a4d4bc938478d7203a076779ae199482e24bd5b96af61df511c80433021b7,0.7772998832488275,0.5,A
0a4a4d4bc938478d7203a076779ae199482e24bd5b96af61df511c80433021b7,0.7772998832488275,0.5,A
0a4a4d4bc938478d7203a076779ae199482e24bd5b96af61df511c80433021b7,0.7772998832488275,0.5,A
0a4a4d4bc938478d7203a076779ae199482e24bd5b96af61df511c80433021b7,0.7772998832488275,0.5,A
0a4a4d4bc938478d7203a076779ae199482e24bd5b96af61df511c80433021b7,0.7772998832488275,0.5,A
0a4a4d4bc938478d7203a076779ae199482e24bd5b96af61df511c80433021b7,0.7772998832488275,0.5,A
0a4a4d4bc938478d7203a076779ae199482e24bd5b96af61df511c80433021b7,0.7772998832488275,0.5,A
0a4a4d4bc938478d7203a076779ae199482e24bd5b96af61df511c80433021b7,0.7772998832488275,0.5,A
0a4a4d4bc938478d7203a076779ae199482e24bd5b96af61df511c80433021b7,0.7772998832488275,0.5,A
0a4a4d4bc938478d7203a076779ae199482e24bd5b96af61df511c80433021b7,0.7772998832488275,0.5,A
0a4a4d4bc938478d7203a076779ae199482e24bd5b96af61df511c80433021b7,0.7772998832488275,0.5,B
0a4a4d4bc938478d7203a076779ae199482e24bd5b96af61df511c80433021b7,0.7772998832488275,0.5,A
0a4a4d4bc938478d7203a076779ae199482e24bd5b96af61df511c80433021b7,0.7772998832488275,0.5,A
0a4a4d4bc938478d7203a076779ae199482e24bd5b96af61df511c80433021b7,0.7772998832488275,0.5,A
0a4a4d4bc938478d7203a076779ae199482e24bd5b96af61df511c80433021b7,0.7772998832488275,0.5,A
0a4a4d4bc938478d7203a076779ae199482e24bd5b96af61df511c80433021b7,0.7772998832488275,0.5,A
0a4a4d4bc938478d7203a076779ae199482e24bd5b96af61df511c80433021b7,0.7772998832488275,0.5,A
0a4a4d4bc938478d7203a076779ae199482e24bd5b96af61df511c80433021b7,0.7772998832488275,0.5,A
0a4a4d4bc938478d7203a076779ae199482e24bd5b96af61df511c80433021b7,0.7772998832488275,0.5,A
0a4a4d4bc938478d7203a076779ae199482e24bd5b96af61df511c80433021b7,0.7772998832488275,0.5,A
0a4a4d4bc938478d7203a076779ae199482e24bd5b96af61df511c80433021b7,0.7772998832488275,0.5,A
0a4a4d4bc938478d7203a076779ae199482e24bd5b96af61df511c80433021b7,0.7772998832488275,0.5,A
0a4a4d4bc938478d7203a076779ae199482e24bd5b96af61df511c80433021b7,0.7772998832488275,0.5,A
0a4a4d4bc938478d7203a076779ae199482e24bd5b96af61df511c80433021b7,0.7772998832488275,0.5,A
0a4a4d4bc938478d7203a076779ae199482e24bd5b96af61df511c80433021b7,0.7772998832488275,0.5,A
0a4a4d4bc938478d7203a076779ae199482e24bd5b96af61df511c80433021b7,0.7772998832488275,0.5,A
0a4a4d4bc938478d7203a076779ae199482e24bd5b96af61df511c80433021b7,0.7772998832488275,0.5,A
0a4a4d4bc938478d7203a076779ae199482e24bd5b96af61df511c80433021b7,0.7772998832488275,1.5,A
0a4a4d4bc938478d7203a076779ae199482e24bd5b96af61df511c80433021b7,0.7772998832488275,1.5,B
0a4a4d4bc938478d7203a076779ae199482e24bd5b96af61df511c80433021b7,0.7772998832488275,1.5,B
0a4a4d4bc938478d7203a076779ae199482e24bd5b96af61df511c80433021b7,0.7772998832488275,1.5,B
0a4a4d4bc938478d7203a076779ae199482e24bd5b96af61df511c80433021b7,0.7772998832488275,1.5,A
0a4a4d4bc938478d7203a076779ae199482e24bd5b96af61df511c80433021b7,0.7772998832488275,1.5,A
0a4a4d4bc938478d7203a076779ae199482e24bd5b96af61df511c80433021b7,0.7772998832488275,1.5,B
0a4a4d4bc938478d7203a076779ae199482e24bd5b96af61df511c80433021b7,0.7772998832488275,1.5,A
0a4a4d4bc938478d7203a076779ae199482e24bd5b96af61df511c80433021b7,0.7772998832488275,1.5,A
0a4a4d4bc938478d7203a076779ae199482e24bd5b96af61df511c80433021b7,0.7772998832488275,1.5,A
0a4a4d4bc938478d7203a076779ae199482e24bd5b96af61df511c80433021b7,0.7772998832488275,1.5,B
0a4a4d4bc938478d7203a076779ae199482e24bd5b96af61df511c80433021b7,0.7772998832488275,1.5,B
0a4a4d4bc938478d7203a076779ae199482e24bd5b96af61df511c80433021b7,0.7772998832488275,1.5,A
0a4a4d4bc938478d7203a076779ae199482e24bd5b96af61df511c80433021b7,0.7772998832488275,1.5,A
0a4a4d4bc938478d7203a076779ae199482e24bd5b96af61df511c80433021b7,0.7772998832488275,1.5,A
0a4a4d4bc938478d7203a076779ae199482e24bd5b96af61df511c80433021b7,0.7772998832488275,1.5,A
0a4a4d4bc938478d7203a076779ae199482e24bd5b96af61df511c80433021b7,0.7772998832488275,1.5,A
0a4a4d4bc938478d7203a076779ae199482e24bd5b96af61df511c80433021b7,0.7772998832488275,1.5,B
0a4a4d4bc938478d7203a076779ae199482e24bd5b96af61df511c80433021b7,0.7772998832488275,1.5,A
0a4a4d4bc938478d7203a076779ae199482e24bd5b96af61df511c80433021b7,0.7772998832488275,1.5,A
0a4a4d4bc938478d7203a076779ae199482e24bd5b96af61df511c80433021b7,0.7772998832488275,1.5,B
0a4a4d4bc938478d7203a076779ae199482e24bd5b96af61df511c80433021b7,0.7772998832488275,1.5,A
0a4a4d4bc938478d7203a076779ae199482e24bd5b96af61df511c80433021b7,0.7772998832488275,1.5,A
0a4a4d4bc938478d7203a076779ae199482e24bd5b96af61df511c80433021b7,0.7772998832488275,1.5,A
0a4a4d4bc938478d7203a076779ae199482e24bd5b96af61df511c80433021b7,0.7772998832488275,1.5,A
0a4a4d4bc938478d7203a076779ae199482e24bd5b96af61df511c80433021b7,0.7772998832488275,1.5,A
0a4a4d4bc938478d7203a076779ae199482e24bd5b96af61df511c80433021b7,0.7772998832488275,1.5,A
0a4a4d4bc938478d7203a076779ae199482e24bd5b96af61df511c80433021b7,0.7772998832488275,1.5,A
0a4a4d4bc938478d7203a076779ae199482e24bd5b96af61df511c80433021b7,0.7772998832488275,1.5,B
0a4a4d4bc938478d7203a076779ae199482e24bd5b96af61df511c80433021b7,0.7772998832488275,1.5,A
0a4a4d4bc938478d7203a076779ae199482e24bd5b96af61df511c80433021b7,0.7772998832488275,1.5,A
0a4a4d4bc938478d7203a076779ae199482e24bd5b96af61df511c80433021b7,0.7772998832488275,1.5,A
0a4a4d4bc938478d7203a076779ae199482e24bd5b96af61df511c80433021b7,0.7772998832488275,1.5,A
0a4a4d4bc938478d7203a076779ae199482e24bd5b96af61df511c80433021b7,0.7772998832488275,1.5,A
0a4a4d4bc938478d7203a076779ae199482e24bd5b96af61df511c80433021b7,0.7772998832488275,1.5,B
0a4a4d4bc938478d7203a076779ae199482e24bd5b96af61df511c80433021b7,0.7772998832488275,1.5,B
0a4a4d4bc938478d7203a076779ae199482e24bd5b96af61df511c80433021b7,0.7772998832488275,1.5,B
0a4a4d4bc938478d7203a076779ae199482e24bd5b96af61df511c80433021b7,0.7772998832488275,1.5,A
0a4a4d4bc938478d7203a076779ae199482e24bd5b96af61df511c80433021b7,0.7772998832488275,1.5,B
0a4a4d4bc938478d7203a076779ae199482e24bd5b96af61df511c80433021b7,0.7772998832488275,1.5,B
0a4a4d4bc938478d7203a076779ae199482e24bd5b96af61df511c80433021b7,0.7772998832488275,1.5,B
0a4a4d4bc938478d7203a076779ae199482e24bd5b96af61df511c80433021b7,0.7772998832488275,1.5,A
0a4a4d4bc938478d7203a076779ae199482e24bd5b96af61df511c80433021b7,0.7772998832488275,1.5,A
0a4a4d4bc938478d7203a076779ae199482e24bd5b96af61df511c80433021b7,0.7772998832488275,1.5,A
0a4a4d4bc938478d7203a076779ae199482e24bd5b96af61df511c80433021b7,0.7772998832488275,1.5,A
0a4a4d4bc938478d7203a076779ae199482e24bd5b96af61df511c80433021b7,0.7772998832488275,1.5,A
0a4a4d4bc938478d7203a076779ae199482e24bd5b96af61df511c80433021b7,0.7772998832488275,1.5,A
0a4a4d4bc938478d7203a076779ae199482e24bd5b96af61df511c80433021b7,0.7772998832488275,1.5,A
0a4a4d4bc938478d7203a076779ae199482e24bd5b96af61df511c80433021b7,0.7772998832488275,1.5,B
0a4a4d4bc938478d7203a076779ae199482e24bd5b96af61df511c80433021b7,0.7772998832488275,1.5,A
0cc652ec9037724981f06d92623298ddd4524f031f465eb961987c358d0918c7,0.1824255360320691,0.5,B
0cc652ec9037724981f06d92623298ddd4524f031f465eb961987c358d0918c7,0.1824255360320691,0.5,B
0cc652ec9037724981f06d92623298ddd4524f031f465eb961987c358d0918c7,0.1824255360320691,0.5,B
0cc652ec9037724981f06d92623298ddd4524f031f465eb961987c358d0918c7,0.1824255360320691,0.5,B
0cc652ec9037724981f06d92623298ddd4524f031f465eb961987c358d0918c7,0.1824255360320691,0.5,B
0cc652ec9037724981f06d92623298ddd4524f031f465eb961987c358d0918c7,0.1824255360320691,0.5,B
0cc652ec9037724981f06d92623298ddd4524f031f465eb961987c358d0918c7,0.1824255360320691,0.5,B
0cc652ec9037724981f06d92623298ddd4524f031f465eb961987c358d0918c7,0.1824255360320691,0.5,B
0cc652ec9037724981f06d92623298ddd4524f031f465eb961987c358d0918c7,0.1824255360320691,0.5,B
0cc652ec9037724981f06d92623298ddd4524f031f465eb961987c358d0918c7,0.1824255360320691,0.5,B
0cc652ec9037724981f06d92623298ddd4524f031f465eb961987c358d0918c7,0.1824255360320691,0.5,B
0cc652ec9037724981f06d92623298ddd4524f031f465eb961987c358d0918c7,0.1824255360320691,0.5,B
0cc652ec9037724981f06d92623298ddd4524f031f465eb961987c358d0918c7,0.1824255360320691,0.5,B
0cc652ec9037724981f06d92623298ddd4524f031f465eb961987c358d0918c7,0.1824255360320691,0.5,B
0cc652ec9037724981f06d92623298ddd4524f031f465eb961987c358d0918c7,0.1824255360320691,0.5,B
0cc652ec9037724981f06d92623298ddd4524f031f465eb961987c358d0918c7,0.1824255360320691,0.5,B
0cc652ec9037724981f06d92623298ddd4524f031f465eb961987c358d0918c7,0.1824255360320691,0.5,B
0cc652ec9037724981f06d92623298ddd4524f031f465eb961987c358d0918c7,0.1824255360320691,0.5,B
0cc652ec9037724981f06d92623298ddd4524f031f465eb961987c358d0918c7,0.1824255360320691,0.5,B
0cc652ec9037724981f06d92623298ddd4524f031f465eb961987c358d0918c7,0.1824255360320691,0.5,B
0cc652ec9037724981f06d92623298ddd4524f031f465eb961987c358d0918c7,0.1824255360320691,0.5,B
0cc652ec9037724981f06d92623298ddd4524f031f465eb961987c358d0918c7,0.1824255360320691,0.5,B
0cc652ec9037724981f06d92623298ddd4524f031f465eb961987c358d0918c7,0.1824255360320691,0.5,B
0cc652ec9037724981f06d92623298ddd4524f031f465eb961987c358d0918c7,0.1824255360320691,0.5,B
0cc652ec9037724981f06d92623298ddd4524f031f465eb961987c358d0918c7,0.1824255360320691,0.5,B
0cc652ec9037724981f06d92623298ddd4524f031f465eb961987c358d0918c7,0.1824255360320691,0.5,B
0cc652ec9037724981f06d92623298ddd4524f031f465eb961987c358d0918c7,0.1824255360320691,0.5,B
0cc652ec9037724981f06d92623298ddd4524f031f465eb961987c358d0918c7,0.1824255360320691,0.5,B
0cc652ec9037724981f06d92623298ddd4524f031f465eb961987c358d0918c7,0.1824255360320691,0.5,B
0cc652ec9037724981f06d92623298ddd4524f031f465eb961987c358d0918c7,0.1824255360320691,0.5,B
0cc652ec9037724981f06d92623298ddd4524f031f465eb961987c358d0918c7,0.1824255360320691,0.5,B
0cc652ec9037724981f06d92623298ddd4524f031f465eb961987c358d0918c7,0.1824255360320691,0.5,B
0cc652ec9037724981f06d92623298ddd4524f031f465eb961987c358d0918c7,0.1824255360320691,0.5,B
0cc652ec9037724981f06d92623298ddd4524f031f465eb961987c358d0918c7,0.1824255360320691,0.5,B
0cc652ec9037724981f06d92623298ddd4524f031f465eb961987c358d0918c7,0.1824255360320691,0.5,B
0cc652ec9037724981f06d92623298ddd4524f031f465eb961987c358d0918c7,0.1824255360320691,0.5,B
0cc652ec9037724981f06d92623298ddd4524f031f465eb961987c358d0918c7,0.1824255360320691,0.5,B
0cc652ec9037724981f06d92623298ddd4524f031f465eb961987c358d0918c7,0.1824255360320691,0.5,B
0cc652ec9037724981f06d92623298ddd4524f031f465eb961987c358d0918c7,0.1824255360320691,0.5,B
0cc652ec9037724981f06d92623298ddd4524f031f465eb961987c358d0918c7,0.1824255360320691,0.5,B
0cc652ec9037724981f06d92623298ddd4524f031f465eb961987c358d0918c7,0.1824255360320691,0.5,B
0cc652ec9037724981f06d92623298ddd4524f031f465eb961987c358d0918c7,0.1824255360320691,0.5,B
0cc652ec9037724981f06d92623298ddd4524f031f465eb961987c358d0918c7,0.1824255360320691,0.5,B
0cc652ec9037724981f06d92623298ddd4524f031f465eb961987c358d0918c7,0.1824255360320691,0.5,B
0cc652ec9037724981f06d92623298ddd4524f031f465eb961987c358d0918c7,0.1824255360320691,0.5,B
0cc652ec9037724981f06d92623298ddd4524f031f465eb961987c358d0918c7,0.1824255360320691,0.5,B
0cc652ec9037724981f06d92623298ddd4524f031f465eb961987c358d0918c7,0.1824255360320691,0.5,B
0cc652ec9037724981f06d92623298ddd4524f031f465eb961987c358d0918c7,0.1824255360320691,0.5,B
0cc652ec9037724981f06d92623298ddd4524f031f465eb961987c358d0918c7,0.1824255360320691,0.5,B
0cc652ec9037724981f06d92623298ddd4524f031f465eb961987c358d0918c7,0.1824255360320691,0.5,B
0cc652ec9037724981f06d92623298ddd4524f031f465eb961987c358d0918c7,0.1824255360320691,1.5,A
0cc652ec9037724981f06d92623298ddd4524f031f465eb961987c358d0918c7,0.1824255360320691,1.5,B
0cc652ec9037724981f06d92623298ddd4524f031f465eb961987c358d0918c7,0.1824255360320691,1.5,A
0cc652ec9037724981f06d92623298ddd4524f031f465eb961987c358d0918c7,0.1824255360320691,1.5,B
0cc652ec9037724981f06d92623298ddd4524f031f465eb961987c358d0918c7,0.1824255360320691,1.5,B
0cc652ec9037724981f06d92623298ddd4524f031f465eb961987c358d0918c7,0.1824255360320691,1.5,B
0cc652ec9037724981f06d92623298ddd4524f031f465eb961987c358d0918c7,0.1824255360320691,1.5,B
0cc652ec9037724981f06d92623298ddd4524f031f465eb961987c358d0918c7,0.1824255360320691,1.5,B
0cc652ec9037724981f06d92623298ddd4524f031f465eb961987c358d0918c7,0.1824255360320691,1.5,B
0cc652ec9037724981f06d92623298ddd4524f031f465eb961987c358d0918c7,0.1824255360320691,1.5,B
0cc652ec9037724981f06d92623298ddd4524f031f465eb961987c358d0918c7,0.1824255360320691,1.5,B
0cc652ec9037724981f06d92623298ddd4524f031f465eb961987c358d0918c7,0.1824255360320691,1.5,B
0cc652ec9037724981f06d92623298ddd4524f031f465eb961987c358d0918c7,0.1824255360320691,1.5,A
0cc652ec9037724981f06d92623298ddd4524f031f465eb961987c358d0918c7,0.1824255360320691,1.5,B
0cc652ec9037724981f06d92623298ddd4524f031f465eb961987c358d0918c7,0.1824255360320691,1.5,A
0cc652ec9037724981f06d92623298ddd4524f031f465eb961987c358d0918c7,0.1824255360320691,1.5,B
0cc652ec9037724981f06d92623298ddd4524f031f465eb961987c358d0918c7,0.1824255360320691,1.5,B
0cc652ec9037724981f06d92623298ddd4524f031f465eb961987c358d0918c7,0.1824255360320691,1.5,B
0cc652ec9037724981f06d92623298ddd4524f031f465eb961987c358d0918c7,0.1824255360320691,1.5,B
0cc652ec9037724981f06d92623298ddd4524f031f465eb961987c358d0918c7,0.1824255360320691,1.5,B
0cc652ec9037724981f06d92623298ddd4524f031f465eb961987c358d0918c7,0.1824255360320691,1.5,B
0cc652ec9037724981f06d92623298ddd4524f031f465eb961987c358d0918c7,0.1824255360320691,1.5,B
0cc652ec9037724981f06d92623298ddd4524f031f465eb961987c358d0918c7,0.1824255360320691,1.5,B
0cc652ec9037724981f06d92623298ddd4524f031f465eb961987c358d0918c7,0.1824255360320691,1.5,B
0cc652ec9037724981f06d92623298ddd4524f031f465eb961987c358d0918c7,0.1824255360320691,1.5,B
0cc652ec9037724981f06d92623298ddd4524f031f465eb961987c358d0918c7,0.1824255360320691,1.5,B
0cc652ec9037724981f06d92623298ddd4524f031f465eb961987c358d0918c7,0.1824255360320691,1.5,B
0cc652ec9037724981f06d92623298ddd4524f031f465eb961987c358d0918c7,0.1824255360320691,1.5,B
0cc652ec9037724981f06d92623298ddd4524f031f465eb961987c358d0918c7,0.1824255360320691,1.5,B
0cc652ec9037724981f06d92623298ddd4524f031f465eb961987c358d0918c7,0.1824255360320691,1.5,B
0cc652ec9037724981f06d92623298ddd4524f031f465eb961987c358d0918c7,0.1824255360320691,1.5,B
0cc652ec9037724981f06d92623298ddd4524f031f465eb961987c358d0918c7,0.1824255360320691,1.5,B
0cc652ec9037724981f06d92623298ddd4524f031f465eb961987c358d0918c7,0.1824255360320691,1.5,B
0cc652ec9037724981f06d92623298ddd4524f031f465eb961987c358d0918c7,0.1824255360320691,1.5,B
0cc652ec9037724981f06d92623298ddd4524f031f465eb961987c358d0918c7,0.1824255360320691,1.5,B
0cc652ec9037724981f06d92623298ddd4524f031f465eb961987c358d0918c7,0.1824255360320691,1.5,B
0cc652ec9037724981f06d92623298ddd4524f031f465eb961987c358d0918c7,0.1824255360320691,1.5,B
0cc652ec9037724981f06d92623298ddd4524f031f465eb961987c358d0918c7,0.1824255360320691,1.5,B
0cc652ec9037724981f06d92623298ddd4524f031f465eb961987c358d0918c7,0.1824255360320691,1.5,A
0cc652ec9037724981f06d92623298ddd4524f031f465eb961987c358d0918c7,0.1824255360320691,1.5,B
0cc652ec9037724981f06d92623298ddd4524f031f465eb961987c358d0918c7,0.1824255360320691,1.5,B
0cc652ec9037724981f06d92623298ddd4524f031f465eb961987c358d0918c7,0.1824255360320691,1.5,B
0cc652ec9037724981f06d92623298ddd4524f031f465eb961987c358d0918c7,0.1824255360320691,1.5,B
0cc652ec9037724981f06d92623298ddd4524f031f465eb961987c358d0918c7,0.1824255360320691,1.5,B
0cc652ec9037724981f06d92623298ddd4524f031f465eb961987c358d0918c7,0.1824255360320691,1.5,B
0cc652ec9037724981f06d92623298ddd4524f031f465eb961987c358d0918c7,0.1824255360320691,1.5,B
0cc652ec9037724981f06d92623298ddd4524f031f465eb961987c358d0918c7,0.1824255360320691,1.5,B
0cc652ec9037724981f06d92623298ddd4524f031f465eb961987c358d0918c7,0.1824255360320691,1.5,B
0cc652ec9037724981f06d92623298ddd4524f031f465eb961987c358d0918c7,0.1824255360320691,1.5,B
0cc652ec9037724981f06d92623298ddd4524f031f465eb961987c358d0918c7,0.1824255360320691,1.5,B
0f4a9bba604c4d1b87bd004722e4c3c3a178fa15a2cbfa49471dc902da421d07,0.119202918333959,0.5,B
0f4a9bba604c4d1b87bd004722e4c3c3a178fa15a2cbfa49471dc902da421d07,0.119202918333959,0.5,B
0f4a9bba604c4d1b87bd004722e4c3c3a178fa15a2cbfa49471dc902da421d07,0.119202918333959,0.5,B
0f4a9bba604c4d1b87bd004722e4c3c3a178fa15a2cbfa49471dc902da421d07,0.119202918333959,0.5,B
0f4a9bba604c4d1b87bd004722e4c3c3a178fa15a2cbfa49471dc902da421d07,0.119202918333959,0.5,B
0f4a9bba604c4d1b87bd004722e4c3c3a178fa15a2cbfa49471dc902da421d07,0.119202918333959,0.5,B
0f4a9bba604c4d1b87bd004722e4c3c3a178fa15a2cbfa49471dc902da421d07,0.119202918333959,0.5,B
0f4a9bba604c4d1b87bd004722e4c3c3a178fa15a2cbfa49471dc902da421d07,0.119202918333959,0.5,B
0f4a9bba604c4d1b87bd004722e4c3c3a178fa15a2cbfa49471dc902da421d07,0.119202918333959,0.5,B
0f4a9bba604c4d1b87bd004722e4c3c3a178fa15a2cbfa49471dc902da421d07,0.119202918333959,0.5,B
0f4a9bba604c4d1b87bd004722e4c3c3a178fa15a2cbfa49471dc902da421d07,0.119202918333959,0.5,B
0f4a9bba604c4d1b87bd004722e4c3c3a178fa15a2cbfa49471dc902da421d07,0.119202918333959,0.5,B
0f4a9bba604c4d1b87bd004722e4c3c3a178fa15a2cbfa49471dc902da421d07,0.119202918333959,0.5,B
0f4a9bba604c4d1b87bd004722e4c3c3a178fa15a2cbfa49471dc902da421d07,0.119202918333959,0.5,B
0f4a9bba604c4d1b87bd004722e4c3c3a178fa15a2cbfa49471dc902da421d07,0.119202918333959,0.5,B
0f4a9bba604c4d1b87bd004722e4c3c3a178fa15a2cbfa49471dc902da421d07,0.119202918333959,0.5,B
0f4a9bba604c4d1b87bd004722e4c3c3a178fa15a2cbfa49471dc902da421d07,0.119202918333959,0.5,B
0f4a9bba604c4d1b87bd004722e4c3c3a178fa15a2cbfa49471dc902da421d07,0.119202918333959,0.5,B
0f4a9bba604c4d1b87bd004722e4c3c3a178fa15a2cbfa49471dc902da421d07,0.119202918333959,0.5,B
0f4a9bba604c4d1b87bd004722e4c3c3a178fa15a2cbfa49471dc902da421d07,0.119202918333959,0.5,B
0f4a9bba604c4d1b87bd004722e4c3c3a178fa15a2cbfa49471dc902da421d07,0.119202918333959,0.5,B
0f4a9bba604c4d1b87bd004722e4c3c3a178fa15a2cbfa49471dc902da421d07,0.119202918333959,0.5,B
0f4a9bba604c4d1b87bd004722e4c3c3a178fa15a2cbfa49471dc902da421d07,0.119202918333959,0.5,B
0f4a9bba604c4d1b87bd004722e4c3c3a178fa15a2cbfa49471dc902da421d07,0.119202918333959,0.5,B
0f4a9bba604c4d1b87bd004722e4c3c3a178fa15a2cbfa49471dc902da421d07,0.119202918333959,0.5,B
0f4a9bba604c4d1b87bd004722e4c3c3a178fa15a2cbfa49471dc902da421d07,0.119202918333959,0.5,B
0f4a9bba604c4d1b87bd004722e4c3c3a178fa15a2cbfa49471dc902da421d07,0.119202918333959,0.5,B
0f4a9bba604c4d1b87bd004722e4c3c3a178fa15a2cbfa49471dc902da421d07,0.119202918333959,0.5,B
0f4a9bba604c4d1b87bd004722e4c3c3a178fa15a2cbfa49471dc902da421d07,0.119202918333959,0.5,B
0f4a9bba604c4d1b87bd004722e4c3c3a178fa15a2cbfa49471dc902da421d07,0.119202918333959,0.5,B
0f4a9bba604c4d1b87bd004722e4c3c3a178fa15a2cbfa49471dc902da421d07,0.119202918333959,0.5,B
0f4a9bba604c4d1b87bd004722e4c3c3a178fa15a2cbfa49471dc902da421d07,0.119202918333959,0.5,B
0f4a9bba604c4d1b87bd004722e4c3c3a178fa15a2cbfa49471dc902da421d07,0.119202918333959,0.5,B
0f4a9bba604c4d1b87bd004722e4c3c3a178fa15a2cbfa49471dc902da421d07,0.119202918333959,0.5,A
0f4a9bba604c4d1b87bd004722e4c3c3a178fa15a2cbfa49471dc902da421d07,0.119202918333959,0.5,B
0f4a9bba604c4d1b87bd004722e4c3c3a178fa15a2cbfa49471dc902da421d07,0.119202918333959,0.5,B
0f4a9bba604c4d1b87bd004722e4c3c3a178fa15a2cbfa49471dc902da421d07,0.119202918333959,0.5,B
0f4a9bba604c4d1b87bd004722e4c3c3a178fa15a2cbfa49471dc902da421d07,0.119202918333959,0.5,B
0f4a9bba604c4d1b87bd004722e4c3c3a178fa15a2cbfa49471dc902da421d07,0.119202918333959,0.5,B
0f4a9bba604c4d1b87bd004722e4c3c3a178fa15a2cbfa49471dc902da421d07,0.119202918333959,0.5,B
0f4a9bba604c4d1b87bd004722e4c3c3a178fa15a2cbfa49471dc902da421d07,0.119202918333959,0.5,B
0f4a9bba604c4d1b87bd004722e4c3c3a178fa15a2cbfa49471dc902da421d07,0.119202918333959,0.5,B
0f4a9bba604c4d1b87bd004722e4c3c3a178fa15a2cbfa49471dc902da421d07,0.119202918333959,0.5,B
0f4a9bba604c4d1b87bd004722e4c3c3a178fa15a2cbfa49471dc902da421d07,0.119202918333959,0.5,B
0f4a9bba604c4d1b87bd004722e4c3c3a178fa15a2cbfa49471dc902da421d07,0.119202918333959,0.5,B
0f4a9bba604c4d1b87bd004722e4c3c3a178fa15a2cbfa49471dc902da421d07,0.119202918333959,0.5,B
0f4a9bba604c4d1b87bd004722e4c3c3a178fa15a2cbfa49471dc902da421d07,0.119202918333959,0.5,B
0f4a9bba604c4d1b87bd004722e4c3c3a178fa15a2cbfa49471dc902da421d07,0.119202918333959,0.5,B
0f4a9bba604c4d1b87bd004722e4c3c3a178fa15a2cbfa49471dc902da421d07,0.119202918333959,0.5,B
0f4a9bba604c4d1b87bd004722e4c3c3a178fa15a2cbfa49471dc902da421d07,0.119202918333959,0.5,B
0f4a9bba604c4d1b87bd004722e4c3c3a178fa15a2cbfa49471dc902da421d07,0.119202918333959,1.5,B
0f4a9bba604c4d1b87bd004722e4c3c3a178fa15a2cbfa49471dc902da421d07,0.119202918333959,1.5,B
0f4a9bba604c4d1b87bd004722e4c3c3a178fa15a2cbfa49471dc902da421d07,0.119202918333959,1.5,B
0f4a9bba604c4d1b87bd004722e4c3c3a178fa15a2cbfa49471dc902da421d07,0.119202918333959,1.5,B
0f4a9bba604c4d1b87bd004722e4c3c3a178fa15a2cbfa49471dc902da421d07,0.119202918333959,1.5,A
0f4a9bba604c4d1b87bd004722e4c3c3a178fa15a2cbfa49471dc902da421d07,0.119202918333959,1.5,B
0f4a9bba604c4d1b87bd004722e4c3c3a178fa15a2cbfa49471dc902da421d07,0.119202918333959,1.5,B
0f4a9bba604c4d1b87bd004722e4c3c3a178fa15a2cbfa49471dc902da421d07,0.119202918333959,1.5,B
0f4a9bba604c4d1b87bd004722e4c3c3a178fa15a2cbfa49471dc902da421d07,0.119202918333959,1.5,A
0f4a9bba604c4d1b87bd004722e4c3c3a178fa15a2cbfa49471dc902da421d07,0.119202918333959,1.5,B
0f4a9bba604c4d1b87bd004722e4c3c3a178fa15a2cbfa49471dc902da421d07,0.119202918333959,1.5,A
0f4a9bba604c4d1b87bd004722e4c3c3a178fa15a2cbfa49471dc902da421d07,0.119202918333959,1.5,B
0f4a9bba604c4d1b87bd004722e4c3c3a178fa15a2cbfa49471dc902da421d07,0.119202918333959,1.5,B
0f4a9bba604c4d1b87bd004722e4c3c3a178fa15a2cbfa49471dc902da421d07,0.119202918333959,1.5,B
0f4a9bba604c4d1b87bd004722e4c3c3a178fa15a2cbfa49471dc902da421d07,0.119202918333959,1.5,B
0f4a9bba604c4d1b87bd004722e4c3c3a178fa15a2cbfa49471dc902da421d07,0.119202918333959,1.5,B
0f4a9bba604c4d1b87bd004722e4c3c3a178fa15a2cbfa49471dc902da421d07,0.119202918333959,1.5,B
0f4a9bba604c4d1b87bd004722e4c3c3a178fa15a2cbfa49471dc902da421d07,0.119202918333959,1.5,B
0f4a9bba604c4d1b87bd004722e4c3c3a178fa15a2cbfa49471dc902da421d07,0.119202918333959,1.5,B
0f4a9bba604c4d1b87bd004722e4c3c3a178fa15a2cbfa49471dc902da421d07,0.119202918333959,1.5,B
0f4a9bba604c4d1b87bd004722e4c3c3a178fa15a2cbfa49471dc902da421d07,0.119202918333959,1.5,B
0f4a9bba604c4d1b87bd004722e4c3c3a178fa15a2cbfa49471dc902da421d07,0.119202918333959,1.5,B
0f4a9bba604c4d1b87bd004722e4c3c3a178fa15a2cbfa49471dc902da421d07,0.119202918333959,1.5,B
0f4a9bba604c4d1b87bd004722e4c3c3a178fa15a2cbfa49471dc902da421d07,0.119202918333959,1.5,B
0f4a9bba604c4d1b87bd004722e4c3c3a178fa15a2cbfa49471dc902da421d07,0.119202918333959,1.5,B
0f4a9bba604c4d1b87bd004722e4c3c3a178fa15a2cbfa49471dc902da421d07,0.119202918333959,1.5,B
0f4a9bba604c4d1b87bd004722e4c3c3a178fa15a2cbfa49471dc902da421d07,0.119202918333959,1.5,B
0f4a9bba604c4d1b87bd004722e4c3c3a178fa15a2cbfa49471dc902da421d07,0.119202918333959,1.5,B
0f4a9bba604c4d1b87bd004722e4c3c3a178fa15a2cbfa49471dc902da421d07,0.119202918333959,1.5,B
0f4a9bba604c4d1b87bd004722e4c3c3a178fa15a2cbfa49471dc902da421d07,0.119202918333959,1.5,A
0f4a9bba604c4d1b87bd004722e4c3c3a178fa15a2cbfa49471dc902da421d07,0.119202918333959,1.5,A
0f4a9bba604c4d1b87bd004722e4c3c3a178fa15a2cbfa49471dc902da421d07,0.119202918333959,1.5,B
0f4a9bba604c4d1b87bd004722e4c3c3a178fa15a2cbfa49471dc902da421d07,0.119202918333959,1.5,B
0f4a9bba604c4d1b87bd004722e4c3c3a178fa15a2cbfa49471dc902da421d07,0.119202918333959,1.5,B
0f4a9bba604c4d1b87bd004722e4c3c3a178fa15a2cbfa49471dc902da421d07,0.119202918333959,1.5,A
0f4a9bba604c4d1b87bd004722e4c3c3a178fa15a2cbfa49471dc902da421d07,0.119202918333959,1.5,B
0f4a9bba604c4d1b87bd004722e4c3c3a178fa15a2cbfa49471dc902da421d07,0.119202918333959,1.5,B
0f4a9bba604c4d1b87bd004722e4c3c3a178fa15a2cbfa49471dc902da421d07,0.119202918333959,1.5,B
0f4a9bba604c4d1b87bd004722e4c3c3a178fa15a2cbfa49471dc902da421d07,0.119202918333959,1.5,A
0f4a9bba604c4d1b87bd004722e4c3c3a178fa15a2cbfa49471dc902da421d07,0.119202918333959,1.5,B
0f4a9bba604c4d1b87bd004722e4c3c3a178fa15a2cbfa49471dc902da421d07,0.119202918333959,1.5,B
0f4a9bba604c4d1b87bd004722e4c3c3a178fa15a2cbfa49471dc902da421d07,0.119202918333959,1.5,B
0f4a9bba604c4d1b87bd004722e4c3c3a178fa15a2cbfa49471dc902da421d07,0.119202918333959,1.5,A
0f4a9bba604c4d1b87bd004722e4c3c3a178fa15a2cbfa49471dc902da421d07,0.119202918333959,1.5,B
0f4a9bba604c4d1b87bd004722e4c3c3a178fa15a2cbfa49471dc902da421d07,0.119202918333959,1.5,A
0f4a9bba604c4d1b87bd004722e4c3c3a178fa15a2cbfa49471dc902da421d07,0.119202918333959,1.5,A
0f4a9bba604c4d1b87bd004722e4c3c3a178fa15a2cbfa49471dc902da421d07,0.119202918333959,1.5,B
0f4a9bba604c4d1b87bd004722e4c3c3a178fa15a2cbfa49471dc902da421d07,0.119202918333959,1.5,B
0f4a9bba604c4d1b87bd004722e4c3c3a178fa15a2cbfa49471dc902da421d07,0.119202918333959,1.5,B
0f4a9bba604c4d1b87bd004722e4c3c3a178fa15a2cbfa49471dc902da421d07,0.119202918333959,1.5,B
10f1c44ccfc348f949ffafa5b9a5c569b9d2f0da48daf949696caa5c6d67e9ac,0.8807970976605365,0.5,A
10f1c44ccfc348f949ffafa5b9a5c569b9d2f0da48daf949696caa5c6d67e9ac,0.8807970976605365,0.5,A
10f1c44ccfc348f949ffafa5b9a5c569b9d2f0da48daf949696caa5c6d67e9ac,0.8807970976605365,0.5,B
10f1c44ccfc348f949ffafa5b9a5c569b9d2f0da48daf949696caa5c6d67e9ac,0.8807970976605365,0.5,A
10f1c44ccfc348f949ffafa5b9a5c569b9d2f0da48daf949696caa5c6d67e9ac,0.8807970976605365,0.5,A
10f1c44ccfc348f949ffafa5b9a5c569b9d2f0da48daf949696caa5c6d67e9ac,0.8807970976605365,0.5,A
10f1c44ccfc348f949ffafa5b9a5c569b9d2f0da48daf949696caa5c6d67e9ac,0.8807970976605365,0.5,A
10f1c44ccfc348f949ffafa5b9a5c569b9d2f0da48daf949696caa5c6d67e9ac,0.8807970976605365,0.5,A
10f1c44ccfc348f949ffafa5b9a5c569b9d2f0da48daf949696caa5c6d67e9ac,0.8807970976605365,0.5,A
10f1c44ccfc348f949ffafa5b9a5c569b9d2f0da48daf949696caa5c6d67e9ac,0.8807970976605365,0.5,A
10f1c44ccfc348f949ffafa5b9a5c569b9d2f0da48daf949696caa5c6d67e9ac,0.8807970976605365,0.5,A
10f1c44ccfc348f949ffafa5b9a5c569b9d2f0da48daf949696caa5c6d67e9ac,0.8807970976605365,0.5,A
10f1c44ccfc348f949ffafa5b9a5c569b9d2f0da48daf949696caa5c6d67e9ac,0.8807970976605365,0.5,A
10f1c44ccfc348f949ffafa5b9a5c569b9d2f0da48daf949696caa5c6d67e9ac,0.8807970976605365,0.5,A
10f1c44ccfc348f949ffafa5b9a5c569b9d2f0da48daf949696caa5c6d67e9ac,0.8807970976605365,0.5,A
10f1c44ccfc348f949ffafa5b9a5c569b9d2f0da48daf949696caa5c6d67e9ac,0.8807970976605365,0.5,A
10f1c44ccfc348f949ffafa5b9a5c569b9d2f0da48daf949696caa5c6d67e9ac,0.8807970976605365,0.5,A
10f1c44ccfc348f949ffafa5b9a5c569b9d2f0da48daf949696caa5c6d67e9ac,0.8807970976605365,0.5,A
10f1c44ccfc348f949ffafa5b9a5c569b9d2f0da48daf949696caa5c6d67e9ac,0.8807970976605365,0.5,A
10f1c44ccfc348f949ffafa5b9a5c569b9d2f0da48daf949696caa5c6d67e9ac,0.8807970976605365,0.5,A
10f1c44ccfc348f949ffafa5b9a5c569b9d2f0da48daf949696caa5c6d67e9ac,0.8807970976605365,0.5,A
10f1c44ccfc348f949ffafa5b9a5c569b9d2f0da48daf949696caa5c6d67e9ac,0.8807970976605365,0.5,A
10f1c44ccfc348f949ffafa5b9a5c569b9d2f0da48daf949696caa5c6d67e9ac,0.8807970976605365,0.5,A
10f1c44ccfc348f949ffafa5b9a5c569b9d2f0da48daf949696caa5c6d67e9ac,0.8807970976605365,0.5,A
10f1c44ccfc348f949ffafa5b9a5c569b9d2f0da48daf949696caa5c6d67e9ac,0.8807970976605365,0.5,A
10f1c44ccfc348f949ffafa5b9a5c569b9d2f0da48daf949696caa5c6d67e9ac,0.8807970976605365,0.5,A
10f1c44ccfc348f949ffafa5b9a5c569b9d2f0da48daf949696caa5c6d67e9ac,0.8807970976605365,0.5,A
10f1c44ccfc348f949ffafa5b9a5c569b9d2f0da48daf949696caa5c6d67e9ac,0.8807970976605365,0.5,A
10f1c44ccfc348f949ffafa5b9a5c569b9d2f0da48daf949696caa5c6d67e9ac,0.8807970976605365,0.5,A
10f1c44ccfc348f949ffafa5b9a5c569b9d2f0da48daf949696caa5c6d67e9ac,0.8807970976605365,0.5,A
10f1c44ccfc348f949ffafa5b9a5c569b9d2f0da48daf949696caa5c6d67e9ac,0.8807970976605365,0.5,A
10f1c44ccfc348f949ffafa5b9a5c569b9d2f0da48daf949696caa5c6d67e9ac,0.8807970976605365,0.5,A
10f1c44ccfc348f949ffafa5b9a5c569b9d2f0da48daf949696caa5c6d67e9ac,0.8807970976605365,0.5,A
10f1c44ccfc348f949ffafa5b9a5c569b9d2f0da48daf949696caa5c6d67e9ac,0.8807970976605365,0.5,A
10f1c44ccfc348f949ffafa5b9a5c569b9d2f0da48daf949696caa5c6d67e9ac,0.8807970976605365,0.5,A
10f1c44ccfc348f949ffafa5b9a5c569b9d2f0da48daf949696caa5c6d67e9ac,0.8807970976605365,0.5,A
10f1c44ccfc348f949ffafa5b9a5c569b9d2f0da48daf949696caa5c6d67e9ac,0.8807970976605365,0.5,B
10f1c44ccfc348f949ffafa5b9a5c569b9d2f0da48daf949696caa5c6d67e9ac,0.8807970976605365,0.5,A
10f1c44ccfc348f949ffafa5b9a5c569b9d2f0da48daf949696caa5c6d67e9ac,0.8807970976605365,0.5,A
10f1c44ccfc348f949ffafa5b9a5c569b9d2f0da48daf949696caa5c6d67e9ac,0.8807970976605365,0.5,A
10f1c44ccfc348f949ffafa5b9a5c569b9d2f0da48daf949696caa5c6d67e9ac,0.8807970976605365,0.5,A
10f1c44ccfc348f949ffafa5b9a5c569b9d2f0da48daf949696caa5c6d67e9ac,0.8807970976605365,0.5,A
10f1c44ccfc348f949ffafa5b9a5c569b9d2f0da48daf949696caa5c6d67e9ac,0.8807970976605365,0.5,A
10f1c44ccfc348f949ffafa5b9a5c569b9d2f0da48daf949696caa5c6d67e9ac,0.8807970976605365,0.5,A
10f1c44ccfc348f949ffafa5b9a5c569b9d2f0da48daf949696caa5c6d67e9ac,0.8807970976605365,0.5,A
10f1c44ccfc348f949ffafa5b9a5c569b9d2f0da48daf949696caa5c6d67e9ac,0.8807970976605365,0.5,A
10f1c44ccfc348f949ffafa5b9a5c569b9d2f0da48daf949696caa5c6d67e9ac,0.8807970976605365,0.5,A
10f1c44ccfc348f949ffafa5b9a5c569b9d2f0da48daf949696caa5c6d67e9ac,0.8807970976605365,0.5,A
10f1c44ccfc348f949ffafa5b9a5c569b9d2f0da48daf949696caa5c6d67e9ac,0.8807970976605365,0.5,A
10f1c44ccfc348f949ffafa5b9a5c569b9d2f0da48daf949696caa5c6d67e9ac,0.8807970976605365,0.5,A
10f1c44ccfc348f949ffafa5b9a5c569b9d2f0da48daf949696caa5c6d67e9ac,0.8807970976605365,1.5,A
10f1c44ccfc348f949ffafa5b9a5c569b9d2f0da48daf949696caa5c6d67e9ac,0.8807970976605365,1.5,A
10f1c44ccfc348f949ffafa5b9a5c569b9d2f0da48daf949696caa5c6d67e9ac,0.8807970976605365,1.5,A
10f1c44ccfc348f949ffafa5b9a5c569b9d2f0da48daf949696caa5c6d67e9ac,0.8807970976605365,1.5,A
10f1c44ccfc348f949ffafa5b9a5c569b9d2f0da48daf949696caa5c6d67e9ac,0.8807970976605365,1.5,B
10f1c44ccfc348f949ffafa5b9a5c569b9d2f0da48daf949696caa5c6d67e9ac,0.8807970976605365,1.5,A
10f1c44ccfc348f949ffafa5b9a5c569b9d2f0da48daf949696caa5c6d67e9ac,0.8807970976605365,1.5,A
10f1c44ccfc348f949ffafa5b9a5c569b9d2f0da48daf949696caa5c6d67e9ac,0.8807970976605365,1.5,A
10f1c44ccfc348f949ffafa5b9a5c569b9d2f0da48daf949696caa5c6d67e9ac,0.8807970976605365,1.5,A
10f1c44ccfc348f949ffafa5b9a5c569b9d2f0da48daf949696caa5c6d67e9ac,0.8807970976605365,1.5,A
10f1c44ccfc348f949ffafa5b9a5c569b9d2f0da48daf949696caa5c6d67e9ac,0.8807970976605365,1.5,A
10f1c44ccfc348f949ffafa5b9a5c569b9d2f0da48daf949696caa5c6d67e9ac,0.8807970976605365,1.5,A
10f1c44ccfc348f949ffafa5b9a5c569b9d2f0da48daf949696caa5c6d67e9ac,0.8807970976605365,1.5,A
10f1c44ccfc348f949ffafa5b9a5c569b9d2f0da48daf949696caa5c6d67e9ac,0.8807970976605365,1.5,A
10f1c44ccfc348f949ffafa5b9a5c569b9d2f0da48daf949696caa5c6d67e9ac,0.8807970976605365,1.5,A
10f1c44ccfc348f949ffafa5b9a5c569b9d2f0da48daf949696caa5c6d67e9ac,0.8807970976605365,1.5,A
10f1c44ccfc348f949ffafa5b9a5c569b9d2f0da48daf949696caa5c6d67e9ac,0.8807970976605365,1.5,A
10f1c44ccfc348f949ffafa5b9a5c569b9d2f0da48daf949696caa5c6d67e9ac,0.8807970976605365,1.5,B
10f1c44ccfc348f949ffafa5b9a5c569b9d2f0da48daf949696caa5c6d67e9ac,0.8807970976605365,1.5,B
10f1c44ccfc348f949ffafa5b9a5c569b9d2f0da48daf949696caa5c6d67e9ac,0.8807970976605365,1.5,A
10f1c44ccfc348f949ffafa5b9a5c569b9d2f0da48daf949696caa5c6d67e9ac,0.8807970976605365,1.5,A
10f1c44ccfc348f949ffafa5b9a5c569b9d2f0da48daf949696caa5c6d67e9ac,0.8807970976605365,1.5,A
10f1c44ccfc348f949ffafa5b9a5c569b9d2f0da48daf949696caa5c6d67e9ac,0.8807970976605365,1.5,A
10f1c44ccfc348f949ffafa5b9a5c569b9d2f0da48daf949696caa5c6d67e9ac,0.8807970976605365,1.5,A
10f1c44ccfc348f949ffafa5b9a5c569b9d2f0da48daf949696caa5c6d67e9ac,0.8807970976605365,1.5,B
10f1c44ccfc348f949ffafa5b9a5c569b9d2f0da48daf949696caa5c6d67e9ac,0.8807970976605365,1.5,B
10f1c44ccfc348f949ffafa5b9a5c569b9d2f0da48daf949696caa5c6d67e9ac,0.8807970976605365,1.5,A
10f1c44ccfc348f949ffafa5b9a5c569b9d2f0da48daf949696caa5c6d67e9ac,0.8807970976605365,1.5,A
10f1c44ccfc348f949ffafa5b9a5c569b9d2f0da48daf949696caa5c6d67e9ac,0.8807970976605365,1.5,A
10f1c44ccfc348f949ffafa5b9a5c569b9d2f0da48daf949696caa5c6d67e9ac,0.8807970976605365,1.5,A
10f1c44ccfc348f949ffafa5b9a5c569b9d2f0da48daf949696caa5c6d67e9ac,0.8807970976605365,1.5,A
10f1c44ccfc348f949ffafa5b9a5c569b9d2f0da48daf949696caa5c6d67e9ac,0.8807970976605365,1.5,B
10f1c44ccfc348f949ffafa5b9a5c569b9d2f0da48daf949696caa5c6d67e9ac,0.8807970976605365,1.5,A
10f1c44ccfc348f949ffafa5b9a5c569b9d2f0da48daf949696caa5c6d67e9ac,0.8807970976605365,1.5,A
10f1c44ccfc348f949ffafa5b9a5c569b9d2f0da48daf949696caa5c6d67e9ac,0.8807970976605365,1.5,A
10f1c44ccfc348f949ffafa5b9a5c569b9d2f0da48daf949696caa5c6d67e9ac,0.8807970976605365,1.5,A
10f1c44ccfc348f949ffafa5b9a5c569b9d2f0da48daf949696caa5c6d67e9ac,0.8807970976605365,1.5,A
10f1c44ccfc348f949ffafa5b9a5c569b9d2f0da48daf949696caa5c6d67e9ac,0.8807970976605365,1.5,A
10f1c44ccfc348f949ffafa5b9a5c569b9d2f0da48daf949696caa5c6d67e9ac,0.8807970976605365,1.5,B
10f1c44ccfc348f949ffafa5b9a5c569b9d2f0da48daf949696caa5c6d67e9ac,0.8807970976605365,1.5,A
10f1c44ccfc348f949ffafa5b9a5c569b9d2f0da48daf949696caa5c6d67e9ac,0.8807970976605365,1.5,B
10f1c44ccfc348f949ffafa5b9a5c569b9d2f0da48daf949696caa5c6d67e9ac,0.8807970976605365,1.5,A
10f1c44ccfc348f949ffafa5b9a5c569b9d2f0da48daf949696caa5c6d67e9ac,0.8807970976605365,1.5,A
10f1c44ccfc348f949ffafa5b9a5c569b9d2f0da48daf949696caa5c6d67e9ac,0.8807970976605365,1.5,B
10f1c44ccfc348f949ffafa5b9a5c569b9d2f0da48daf949696caa5c6d67e9ac,0.8807970976605365,1.5,A
10f1c44ccfc348f949ffafa5b9a5c569b9d2f0da48daf949696caa5c6d67e9ac,0.8807970976605365,1.5,A
10f1c44ccfc348f949ffafa5b9a5c569b9d2f0da48daf949696caa5c6d67e9ac,0.8807970976605365,1.5,A
10f1c44ccfc348f949ffafa5b9a5c569b9d2f0da48daf949696caa5c6d67e9ac,0.8807970976605365,1.5,A
10f1c44ccfc348f949ffafa5b9a5c569b9d2f0da48daf949696caa5c6d67e9ac,0.8807970976605365,1.5,A
10f1c44ccfc348f949ffafa5b9a5c569b9d2f0da48daf949696caa5c6d67e9ac,0.8807970976605365,1.5,A
12b5c1fd854b38950b7722d6bac6324ba540aac8325758be1f48c45bdfc72a4d,0.731058590016315,0.5,A
12b5c1fd854b38950b7722d6bac6324ba540aac8325758be1f48c45bdfc72a4d,0.731058590016315,0.5,A
12b5c1fd854b38950b7722d6bac6324ba540aac8325758be1f48c45bdfc72a4d,0.731058590016315,0.5,B
12b5c1fd854b38950b7722d6bac6324ba540aac8325758be1f48c45bdfc72a4d,0.731058590016315,0.5,A
12b5c1fd854b38950b7722d6bac6324ba540aac8325758be1f48c45bdfc72a4d,0.731058590016315,0.5,B
12b5c1fd854b38950b7722d6bac6324ba540aac8325758be1f48c45bdfc72a4d,0.731058590016315,0.5,A
12b5c1fd854b38950b7722d6bac6324ba540aac8325758be1f48c45bdfc72a4d,0.731058590016315,0.5,A
12b5c1fd854b38950b7722d6bac6324ba540aac8325758be1f48c45bdfc72a4d,0.731058590016315,0.5,A
12b5c1fd854b38950b7722d6bac6324ba540aac8325758be1f48c45bdfc72a4d,0.731058590016315,0.5,A
12b5c1fd854b38950b7722d6bac6324ba540aac8325758be1f48c45bdfc72a4d,0.731058590016315,0.5,A
12b5c1fd854b38950b7722d6bac6324ba540aac8325758be1f48c45bdfc72a4d,0.731058590016315,0.5,A
12b5c1fd854b38950b7722d6bac6324ba540aac8325758be1f48c45bdfc72a4d,0.731058590016315,0.5,A
12b5c1fd854b38950b7722d6bac6324ba540aac8325758be1f48c45bdfc72a4d,0.731058590016315,0.5,A
12b5c1fd854b38950b7722d6bac6324ba540aac8325758be1f48c45bdfc72a4d,0.731058590016315,0.5,A
12b5c1fd854b38950b7722d6bac6324ba540aac8325758be1f48c45bdfc72a4d,0.731058590016315,0.5,A
12b5c1fd854b38950b7722d6bac6324ba540aac8325758be1f48c45bdfc72a4d,0.731058590016315,0.5,A
12b5c1fd854b38950b7722d6bac6324ba540aac8325758be1f48c45bdfc72a4d,0.731058590016315,0.5,B
12b5c1fd854b38950b7722d6bac6324ba540aac8325758be1f48c45bdfc72a4d,0.731058590016315,0.5,A
12b5c1fd854b38950b7722d6bac6324ba540aac8325758be1f48c45bdfc72a4d,0.731058590016315,0.5,A
12b5c1fd854b38950b7722d6bac6324ba540aac8325758be1f48c45bdfc72a4d,0.731058590016315,0.5,A
12b5c1fd854b38950b7722d6bac6324ba540aac8325758be1f48c45bdfc72a4d,0.731058590016315,0.5,B
12b5c1fd854b38950b7722d6bac6324ba540aac8325758be1f48c45bdfc72a4d,0.731058590016315,0.5,A
12b5c1fd854b38950b7722d6bac6324ba540aac8325758be1f48c45bdfc72a4d,0.731058590016315,0.5,A
12b5c1fd854b38950b7722d6bac6324ba540aac8325758be1f48c45bdfc72a4d,0.731058590016315,0.5,A
12b5c1fd854b38950b7722d6bac6324ba540aac8325758be1f48c45bdfc72a4d,0.731058590016315,0.5,B
12b5c1fd854b38950b7722d6bac6324ba540aac8325758be1f48c45bdfc72a4d,0.731058590016315,0.5,A
12b5c1fd854b38950b7722d6bac6324ba540aac8325758be1f48c45bdfc72a4d,0.731058590016315,0.5,B
12b5c1fd854b38950b7722d6bac6324ba540aac8325758be1f48c45bdfc72a4d,0.731058590016315,0.5,A
12b5c1fd854b38950b7722d6bac6324ba540aac8325758be1f48c45bdfc72a4d,0.731058590016315,0.5,A
12b5c1fd854b38950b7722d6bac6324ba540aac8325758be1f48c45bdfc72a4d,0.731058590016315,0.5,A
12b5c1fd854b38950b7722d6bac6324ba540aac8325758be1f48c45bdfc72a4d,0.731058590016315,0.5,A
12b5c1fd854b38950b7722d6bac6324ba540aac8325758be1f48c45bdfc72a4d,0.731058590016315,0.5,A
12b5c1fd854b38950b7722d6bac6324ba540aac8325758be1f48c45bdfc72a4d,0.731058590016315,0.5,A
12b5c1fd854b38950b7722d6bac6324ba540aac8325758be1f48c45bdfc72a4d,0.731058590016315,0.5,A
12b5c1fd854b38950b7722d6bac6324ba540aac8325758be1f48c45bdfc72a4d,0.731058590016315,0.5,B
12b5c1fd854b38950b7722d6bac6324ba540aac8325758be1f48c45bdfc72a4d,0.731058590016315,0.5,A
12b5c1fd854b38950b7722d6bac6324ba540aac8325758be1f48c45bdfc72a4d,0.731058590016315,0.5,A
12b5c1fd854b38950b7722d6bac6324ba540aac8325758be1f48c45bdfc72a4d,0.731058590016315,0.5,A
12b5c1fd854b38950b7722d6bac6324ba540aac8325758be1f48c45bdfc72a4d,0.731058590016315,0.5,A
12b5c1fd854b38950b7722d6bac6324ba540aac8325758be1f48c45bdfc72a4d,0.731058590016315,0.5,A
12b5c1fd854b38950b7722d6bac6324ba540aac8325758be1f48c45bdfc72a4d,0.731058590016315,0.5,A
12b5c1fd854b38950b7722d6bac6324ba540aac8325758be1f48c45bdfc72a4d,0.731058590016315,0.5,A
12b5c1fd854b38950b7722d6bac6324ba540aac8325758be1f48c45bdfc72a4d,0.731058590016315,0.5,A
12b5c1fd854b38950b7722d6bac6324ba540aac8325758be1f48c45bdfc72a4d,0.731058590016315,0.5,A
12b5c1fd854b38950b7722d6bac6324ba540aac8325758be1f48c45bdfc72a4d,0.731058590016315,0.5,A
12b5c1fd854b38950b7722d6bac6324ba540aac8325758be1f48c45bdfc72a4d,0.731058590016315,0.5,A
12b5c1fd854b38950b7722d6bac6324ba540aac8325758be1f48c45bdfc72a4d,0.731058590016315,0.5,A
12b5c1fd854b38950b7722d6bac6324ba540aac8325758be1f48c45bdfc72a4d,0.731058590016315,0.5,A
12b5c1fd854b38950b7722d6bac6324ba540aac8325758be1f48c45bdfc72a4d,0.731058590016315,0.5,A
12b5c1fd854b38950b7722d6bac6324ba540aac8325758be1f48c45bdfc72a4d,0.731058590016315,0.5,A
12b5c1fd854b38950b7722d6bac6324ba540aac8325758be1f48c45bdfc72a4d,0.731058590016315,1.5,B
12b5c1fd854b38950b7722d6bac6324ba540aac8325758be1f48c45bdfc72a4d,0.731058590016315,1.5,B
12b5c1fd854b38950b7722d6bac6324ba540aac8325758be1f48c45bdfc72a4d,0.731058590016315,1.5,A
12b5c1fd854b38950b7722d6bac6324ba540aac8325758be1f48c45bdfc72a4d,0.731058590016315,1.5,B
12b5c1fd854b38950b7722d6bac6324ba540aac8325758be1f48c45bdfc72a4d,0.731058590016315,1.5,B
12b5c1fd854b38950b7722d6bac6324ba540aac8325758be1f48c45bdfc72a4d,0.731058590016315,1.5,A
12b5c1fd854b38950b7722d6bac6324ba540aac8325758be1f48c45bdfc72a4d,0.731058590016315,1.5,A
12b5c1fd854b38950b7722d6bac6324ba540aac8325758be1f48c45bdfc72a4d,0.731058590016315,1.5,A
12b5c1fd854b38950b7722d6bac6324ba540aac8325758be1f48c45bdfc72a4d,0.731058590016315,1.5,A
12b5c1fd854b38950b7722d6bac6324ba540aac8325758be1f48c45bdfc72a4d,0.731058590016315,1.5,A
12b5c1fd854b38950b7722d6bac6324ba540aac8325758be1f48c45bdfc72a4d,0.731058590016315,1.5,A
12b5c1fd854b38950b7722d6bac6324ba540aac8325758be1f48c45bdfc72a4d,0.731058590016315,1.5,A
12b5c1fd854b38950b7722d6bac6324ba540aac8325758be1f48c45bdfc72a4d,0.731058590016315,1.5,A
12b5c1fd854b38950b7722d6bac6324ba540aac8325758be1f48c45bdfc72a4d,0.731058590016315,1.5,A
12b5c1fd854b38950b7722d6bac6324ba540aac8325758be1f48c45bdfc72a4d,0.731058590016315,1.5,B
12b5c1fd854b38950b7722d6bac6324ba540aac8325758be1f48c45bdfc72a4d,0.731058590016315,1.5,A
12b5c1fd854b38950b7722d6bac6324ba540aac8325758be1f48c45bdfc72a4d,0.731058590016315,1.5,A
12b5c1fd854b38950b7722d6bac6324ba540aac8325758be1f48c45bdfc72a4d,0.731058590016315,1.5,B
12b5c1fd854b38950b7722d6bac6324ba540aac8325758be1f48c45bdfc72a4d,0.731058590016315,1.5,A
12b5c1fd854b38950b7722d6bac6324ba540aac8325758be1f48c45bdfc72a4d,0.731058590016315,1.5,A
12b5c1fd854b38950b7722d6bac6324ba540aac8325758be1f48c45bdfc72a4d,0.731058590016315,1.5,B
12b5c1fd854b38950b7722d6bac6324ba540aac8325758be1f48c45bdfc72a4d,0.731058590016315,1.5,B
12b5c1fd854b38950b7722d6bac6324ba540aac8325758be1f48c45bdfc72a4d,0.731058590016315,1.5,B
12b5c1fd854b38950b7722d6bac6324ba540aac8325758be1f48c45bdfc72a4d,0.731058590016315,1.5,A
12b5c1fd854b38950b7722d6bac6324ba540aac8325758be1f48c45bdfc72a4d,0.731058590016315,1.5,A
12b5c1fd854b38950b7722d6bac6324ba540aac8325758be1f48c45bdfc72a4d,0.731058590016315,1.5,A
12b5c1fd854b38950b7722d6bac6324ba540aac8325758be1f48c45bdfc72a4d,0.731058590016315,1.5,A
12b5c1fd854b38950b7722d6bac6324ba540aac8325758be1f48c45bdfc72a4d,0.731058590016315,1.5,B
12b5c1fd854b38950b7722d6bac6324ba540aac8325758be1f48c45bdfc72a4d,0.731058590016315,1.5,A
12b5c1fd854b38950b7722d6bac6324ba540aac8325758be1f48c45bdfc72a4d,0.731058590016315,1.5,A
12b5c1fd854b38950b7722d6bac6324ba540aac8325758be1f48c45bdfc72a4d,0.731058590016315,1.5,B
12b5c1fd854b38950b7722d6bac6324ba540aac8325758be1f48c45bdfc72a4d,0.731058590016315,1.5,A
12b5c1fd854b38950b7722d6bac6324ba540aac8325758be1f48c45bdfc72a4d,0.731058590016315,1.5,A
12b5c1fd854b38950b7722d6bac6324ba540aac8325758be1f48c45bdfc72a4d,0.731058590016315,1.5,B
12b5c1fd854b38950b7722d6bac6324ba540aac8325758be1f48c45bdfc72a4d,0.731058590016315,1.5,A
12b5c1fd854b38950b7722d6bac6324ba540aac8325758be1f48c45bdfc72a4d,0.731058590016315,1.5,B
12b5c1fd854b38950b7722d6bac6324ba540aac8325758be1f48c45bdfc72a4d,0.731058590016315,1.5,B
12b5c1fd854b38950b7722d6bac6324ba540aac8325758be1f48c45bdfc72a4d,0.731058590016315,1.5,A
12b5c1fd854b38950b7722d6bac6324ba540aac8325758be1f48c45bdfc72a4d,0.731058590016315,1.5,A
12b5c1fd854b38950b7722d6bac6324ba540aac8325758be1f48c45bdfc72a4d,0.731058590016315,1.5,A
12b5c1fd854b38950b7722d6bac6324ba540aac8325758be1f48c45bdfc72a4d,0.731058590016315,1.5,A
12b5c1fd854b38950b7722d6bac6324ba540aac8325758be1f48c45bdfc72a4d,0.731058590016315,1.5,A
12b5c1fd854b38950b7722d6bac6324ba540aac8325758be1f48c45bdfc72a4d,0.731058590016315,1.5,B
12b5c1fd854b38950b7722d6bac6324ba540aac8325758be1f48c45bdfc72a4d,0.731058590016315,1.5,A
12b5c1fd854b38950b7722d6bac6324ba540aac8325758be1f48c45bdfc72a4d,0.731058590016315,1.5,B
12b5c1fd854b38950b7722d6bac6324ba540aac8325758be1f48c45bdfc72a4d,0.731058590016315,1.5,A
12b5c1fd854b38950b7722d6bac6324ba540aac8325758be1f48c45bdfc72a4d,0.731058590016315,1.5,A
12b5c1fd854b38950b7722d6bac6324ba540aac8325758be1f48c45bdfc72a4d,0.731058590016315,1.5,A
12b5c1fd854b38950b7722d6bac6324ba540aac8325758be1f48c45bdfc72a4d,0.731058590016315,1.5,A
12b5c1fd854b38950b7722d6bac6324ba540aac8325758be1f48c45bdfc72a4d,0.731058590016315,1.5,A
12b6abe927bc4b9a804a67d184890553b62033d5bbcd1b3f9e3d3856e9897961,0.8175744762531287,0.5,A
12b6abe927bc4b9a804a67d184890553b62033d5bbcd1b3f9e3d3856e9897961,0.8175744762531287,0.5,A
12b6abe927bc4b9a804a67d184890553b62033d5bbcd1b3f9e3d3856e9897961,0.8175744762531287,0.5,A
12b6abe927bc4b9a804a67d184890553b62033d5bbcd1b3f9e3d3856e9897961,0.8175744762531287,0.5,A
12b6abe927bc4b9a804a67d184890553b62033d5bbcd1b3f9e3d3856e9897961,0.8175744762531287,0.5,A
12b6abe927bc4b9a804a67d184890553b62033d5bbcd1b3f9e3d3856e9897961,0.8175744762531287,0.5,B
12b6abe927bc4b9a804a67d184890553b62033d5bbcd1b3f9e3d3856e9897961,0.8175744762531287,0.5,A
12b6abe927bc4b9a804a67d184890553b62033d5bbcd1b3f9e3d3856e9897961,0.8175744762531287,0.5,A
12b6abe927bc4b9a804a67d184890553b62033d5bbcd1b3f9e3d3856e9897961,0.8175744762531287,0.5,A
12b6abe927bc4b9a804a67d184890553b62033d5bbcd1b3f9e3d3856e9897961,0.8175744762531287,0.5,A
12b6abe927bc4b9a804a67d184890553b62033d5bbcd1b3f9e3d3856e9897961,0.8175744762531287,0.5,A
12b6abe927bc4b9a804a67d184890553b62033d5bbcd1b3f9e3d3856e9897961,0.8175744762531287,0.5,A
12b6abe927bc4b9a804a67d184890553b62033d5bbcd1b3f9e3d3856e9897961,0.8175744762531287,0.5,A
12b6abe927bc4b9a804a67d184890553b62033d5bbcd1b3f9e3d3856e9897961,0.8175744762531287,0.5,B
12b6abe927bc4b9a804a67d184890553b62033d5bbcd1b3f9e3d3856e9897961,0.8175744762531287,0.5,A
12b6abe927bc4b9a804a67d184890553b62033d5bbcd1b3f9e3d3856e9897961,0.8175744762531287,0.5,A
12b6abe927bc4b9a804a67d184890553b62033d5bbcd1b3f9e3d3856e9897961,0.8175744762531287,0.5,A
12b6abe927bc4b9a804a67d184890553b62033d5bbcd1b3f9e3d3856e9897961,0.8175744762531287,0.5,B
12b6abe927bc4b9a804a67d184890553b62033d5bbcd1b3f9e3d3856e9897961,0.8175744762531287,0.5,A
12b6abe927bc4b9a804a67d184890553b62033d5bbcd1b3f9e3d3856e9897961,0.8175744762531287,0.5,A
12b6abe927bc4b9a804a67d184890553b62033d5bbcd1b3f9e3d3856e9897961,0.8175744762531287,0.5,A
12b6abe927bc4b9a804a67d184890553b62033d5bbcd1b3f9e3d3856e9897961,0.8175744762531287,0.5,A
12b6abe927bc4b9a804a67d184890553b62033d5bbcd1b3f9e3d3856e9897961,0.8175744762531287,0.5,A
12b6abe927bc4b9a804a67d184890553b62033d5bbcd1b3f9e3d3856e9897961,0.8175744762531287,0.5,A
12b6abe927bc4b9a804a67d184890553b62033d5bbcd1b3f9e3d3856e9897961,0.8175744762531287,0.5,A
12b6abe927bc4b9a804a67d184890553b62033d5bbcd1b3f9e3d3856e9897961,0.8175744762531287,0.5,A
12b6abe927bc4b9a804a67d184890553b62033d5bbcd1b3f9e3d3856e9897961,0.8175744762531287,0.5,A
12b6abe927bc4b9a804a67d184890553b62033d5bbcd1b3f9e3d3856e9897961,0.8175744762531287,0.5,A
12b6abe927bc4b9a804a67d184890553b62033d5bbcd1b3f9e3d3856e9897961,0.8175744762531287,0.5,A
12b6abe927bc4b9a804a67d184890553b62033d5bbcd1b3f9e3d3856e9897961,0.8175744762531287,0.5,A
12b6abe927bc4b9a804a67d184890553b62033d5bbcd1b3f9e3d3856e9897961,0.8175744762531287,0.5,A
12b6abe927bc4b9a804a67d184890553b62033d5bbcd1b3f9e3d3856e9897961,0.8175744762531287,0.5,A
12b6abe927bc4b9a804a67d184890553b62033d5bbcd1b3f9e3d3856e9897961,0.8175744762531287,0.5,A
12b6abe927bc4b9a804a67d184890553b62033d5bbcd1b3f9e3d3856e9897961,0.8175744762531287,0.5,A
12b6abe927bc4b9a804a67d184890553b62033d5bbcd1b3f9e3d3856e9897961,0.8175744762531287,0.5,A
12b6abe927bc4b9a804a67d184890553b62033d5bbcd1b3f9e3d3856e9897961,0.8175744762531287,0.5,A
12b6abe927bc4b9a804a67d184890553b62033d5bbcd1b3f9e3d3856e9897961,0.8175744762531287,0.5,A
12b6abe927bc4b9a804a67d184890553b62033d5bbcd1b3f9e3d3856e9897961,0.8175744762531287,0.5,A
12b6abe927bc4b9a804a67d184890553b62033d5bbcd1b3f9e3d3856e9897961,0.8175744762531287,0.5,A
12b6abe927bc4b9a804a67d184890553b62033d5bbcd1b3f9e3d3856e9897961,0.8175744762531287,0.5,A
12b6abe927bc4b9a804a67d184890553b62033d5bbcd1b3f9e3d3856e9897961,0.8175744762531287,0.5,A
12b6abe927bc4b9a804a67d184890553b62033d5bbcd1b3f9e3d3856e9897961,0.8175744762531287,0.5,A
12b6abe927bc4b9a804a67d184890553b62033d5bbcd1b3f9e3d3856e9897961,0.8175744762531287,0.5,A
12b6abe927bc4b9a804a67d184890553b62033d5bbcd1b3f9e3d3856e9897961,0.8175744762531287,0.5,A
12b6abe927bc4b9a804a67d184890553b62033d5bbcd1b3f9e3d3856e9897961,0.8175744762531287,0.5,A
12b6abe927bc4b9a804a67d184890553b62033d5bbcd1b3f9e3d3856e9897961,0.8175744762531287,0.5,A
12b6abe927bc4b9a804a67d184890553b62033d5bbcd1b3f9e3d3856e9897961,0.8175744762531287,0.5,A
12b6abe927bc4b9a804a67d184890553b62033d5bbcd1b3f9e3d3856e9897961,0.8175744762531287,0.5,A
12b6abe927bc4b9a804a67d184890553b62033d5bbcd1b3f9e3d3856e9897961,0.8175744762531287,0.5,A
12b6abe927bc4b9a804a67d184890553b62033d5bbcd1b3f9e3d3856e9897961,0.8175744762531287,0.5,A
12b6abe927bc4b9a804a67d184890553b62033d5bbcd1b3f9e3d3856e9897961,0.8175744762531287,1.5,A
12b6abe927bc4b9a804a67d184890553b62033d5bbcd1b3f9e3d3856e9897961,0.8175744762531287,1.5,B
12b6abe927bc4b9a804a67d184890553b62033d5bbcd1b3f9e3d3856e9897961,0.8175744762531287,1.5,A
12b6abe927bc4b9a804a67d184890553b62033d5bbcd1b3f9e3d3856e9897961,0.8175744762531287,1.5,B
12b6abe927bc4b9a804a67d184890553b62033d5bbcd1b3f9e3d3856e9897961,0.8175744762531287,1.5,B
12b6abe927bc4b9a804a67d184890553b62033d5bbcd1b3f9e3d3856e9897961,0.8175744762531287,1.5,A
12b6abe927bc4b9a804a67d184890553b62033d5bbcd1b3f9e3d3856e9897961,0.8175744762531287,1.5,A
12b6abe927bc4b9a804a67d184890553b62033d5bbcd1b3f9e3d3856e9897961,0.8175744762531287,1.5,A
12b6abe927bc4b9a804a67d184890553b62033d5bbcd1b3f9e3d3856e9897961,0.8175744762531287,1.5,A
12b6abe927bc4b9a804a67d184890553b62033d5bbcd1b3f9e3d3856e9897961,0.8175744762531287,1.5,B
12b6abe927bc4b9a804a67d184890553b62033d5bbcd1b3f9e3d3856e9897961,0.8175744762531287,1.5,A
12b6abe927bc4b9a804a67d184890553b62033d5bbcd1b3f9e3d3856e9897961,0.8175744762531287,1.5,A
12b6abe927bc4b9a804a67d184890553b62033d5bbcd1b3f9e3d3856e9897961,0.8175744762531287,1.5,B
12b6abe927bc4b9a804a67d184890553b62033d5bbcd1b3f9e3d3856e9897961,0.8175744762531287,1.5,B
12b6abe927bc4b9a804a67d184890553b62033d5bbcd1b3f9e3d3856e9897961,0.8175744762531287,1.5,A
12b6abe927bc4b9a804a67d184890553b62033d5bbcd1b3f9e3d3856e9897961,0.8175744762531287,1.5,A
12b6abe927bc4b9a804a67d184890553b62033d5bbcd1b3f9e3d3856e9897961,0.8175744762531287,1.5,B
12b6abe927bc4b9a804a67d184890553b62033d5bbcd1b3f9e3d3856e9897961,0.8175744762531287,1.5,A
12b6abe927bc4b9a804a67d184890553b62033d5bbcd1b3f9e3d3856e9897961,0.8175744762531287,1.5,A
12b6abe927bc4b9a804a67d184890553b62033d5bbcd1b3f9e3d3856e9897961,0.8175744762531287,1.5,B
12b6abe927bc4b9a804a67d184890553b62033d5bbcd1b3f9e3d3856e9897961,0.8175744762531287,1.5,B
12b6abe927bc4b9a804a67d184890553b62033d5bbcd1b3f9e3d3856e9897961,0.8175744762531287,1.5,B
12b6abe927bc4b9a804a67d184890553b62033d5bbcd1b3f9e3d3856e9897961,0.8175744762531287,1.5,B
12b6abe927bc4b9a804a67d184890553b62033d5bbcd1b3f9e3d3856e9897961,0.8175744762531287,1.5,A
12b6abe927bc4b9a804a67d184890553b62033d5bbcd1b3f9e3d3856e9897961,0.8175744762531287,1.5,A
12b6abe927bc4b9a804a67d184890553b62033d5bbcd1b3f9e3d3856e9897961,0.8175744762531287,1.5,B
12b6abe927bc4b9a804a67d184890553b62033d5bbcd1b3f9e3d3856e9897961,0.8175744762531287,1.5,A
12b6abe927bc4b9a804a67d184890553b62033d5bbcd1b3f9e3d3856e9897961,0.8175744762531287,1.5,A
12b6abe927bc4b9a804a67d184890553b62033d5bbcd1b3f9e3d3856e9897961,0.8175744762531287,1.5,A
12b6abe927bc4b9a804a67d184890553b62033d5bbcd1b3f9e3d3856e9897961,0.8175744762531287,1.5,A
12b6abe927bc4b9a804a67d184890553b62033d5bbcd1b3f9e3d3856e9897961,0.8175744762531287,1.5,A
12b6abe927bc4b9a804a67d184890553b62033d5bbcd1b3f9e3d3856e9897961,0.8175744762531287,1.5,A
12b6abe927bc4b9a804a67d184890553b62033d5bbcd1b3f9e3d3856e9897961,0.8175744762531287,1.5,A
12b6abe927bc4b9a804a67d184890553b62033d5bbcd1b3f9e3d3856e9897961,0.8175744762531287,1.5,A
12b6abe927bc4b9a804a67d184890553b62033d5bbcd1b3f9e3d3856e9897961,0.8175744762531287,1.5,A
12b6abe927bc4b9a804a67d184890553b62033d5bbcd1b3f9e3d3856e9897961,0.8175744762531287,1.5,A
12b6abe927bc4b9a804a67d184890553b62033d5bbcd1b3f9e3d3856e9897961,0.8175744762531287,1.5,B
12b6abe927bc4b9a804a67d184890553b62033d5bbcd1b3f9e3d3856e9897961,0.8175744762531287,1.5,A
12b6abe927bc4b9a804a67d184890553b62033d5bbcd1b3f9e3d3856e9897961,0.8175744762531287,1.5,A
12b6abe927bc4b9a804a67d184890553b62033d5bbcd1b3f9e3d3856e9897961,0.8175744762531287,1.5,A
12b6abe927bc4b9a804a67d184890553b62033d5bbcd1b3f9e3d3856e9897961,0.8175744762531287,1.5,B
12b6abe927bc4b9a804a67d184890553b62033d5bbcd1b3f9e3d3856e9897961,0.8175744762531287,1.5,A
12b6abe927bc4b9a804a67d184890553b62033d5bbcd1b3f9e3d3856e9897961,0.8175744762531287,1.5,A
12b6abe927bc4b9a804a67d184890553b62033d5bbcd1b3f9e3d3856e9897961,0.8175744762531287,1.5,B
12b6abe927bc4b9a804a67d184890553b62033d5bbcd1b3f9e3d3856e9897961,0.8175744762531287,1.5,A
12b6abe927bc4b9a804a67d184890553b62033d5bbcd1b3f9e3d3856e9897961,0.8175744762531287,1.5,A
12b6abe927bc4b9a804a67d184890553b62033d5bbcd1b3f9e3d3856e9897961,0.8175744762531287,1.5,A
12b6abe927bc4b9a804a67d184890553b62033d5bbcd1b3f9e3d3856e9897961,0.8175744762531287,1.5,B
12b6abe927bc4b9a804a67d184890553b62033d5bbcd1b3f9e3d3856e9897961,0.8175744762531287,1.5,B
12b6abe927bc4b9a804a67d184890553b62033d5bbcd1b3f9e3d3856e9897961,0.8175744762531287,1.5,B
1341bb28f67f20203e4d7a80f9508a6e46895f6466d1bcae878eee5786f8bf5d,0.2227001478673109,0.5,B
1341bb28f67f20203e4d7a80f9508a6e46895f6466d1bcae878eee5786f8bf5d,0.2227001478673109,0.5,B
1341bb28f67f20203e4d7a80f9508a6e46895f6466d1bcae878eee5786f8bf5d,0.2227001478673109,0.5,B
1341bb28f67f20203e4d7a80f9508a6e46895f6466d1bcae878eee5786f8bf5d,0.2227001478673109,0.5,B
1341bb28f67f20203e4d7a80f9508a6e46895f6466d1bcae878eee5786f8bf5d,0.2227001478673109,0.5,B
1341bb28f67f20203e4d7a80f9508a6e46895f6466d1bcae878eee5786f8bf5d,0.2227001478673109,0.5,B
1341bb28f67f20203e4d7a80f9508a6e46895f6466d1bcae878eee5786f8bf5d,0.2227001478673109,0.5,B
1341bb28f67f20203e4d7a80f9508a6e46895f6466d1bcae878eee5786f8bf5d,0.2227001478673109,0.5,B
1341bb28f67f20203e4d7a80f9508a6e46895f6466d1bcae878eee5786f8bf5d,0.2227001478673109,0.5,B
1341bb28f67f20203e4d7a80f9508a6e46895f6466d1bcae878eee5786f8bf5d,0.2227001478673109,0.5,B
1341bb28f67f20203e4d7a80f9508a6e46895f6466d1bcae878eee5786f8bf5d,0.2227001478673109,0.5,B
1341bb28f67f20203e4d7a80f9508a6e46895f6466d1bcae878eee5786f8bf5d,0.2227001478673109,0.5,B
1341bb28f67f20203e4d7a80f9508a6e46895f6466d1bcae878eee5786f8bf5d,0.2227001478673109,0.5,B
1341bb28f67f20203e4d7a80f9508a6e46895f6466d1bcae878eee5786f8bf5d,0.2227001478673109,0.5,B
1341bb28f67f20203e4d7a80f9508a6e46895f6466d1bcae878eee5786f8bf5d,0.2227001478673109,0.5,B
1341bb28f67f20203e4d7a80f9508a6e46895f6466d1bcae878eee5786f8bf5d,0.2227001478673109,0.5,B
1341bb28f67f20203e4d7a80f9508a6e46895f6466d1bcae878eee5786f8bf5d,0.2227001478673109,0.5,B
1341bb28f67f20203e4d7a80f9508a6e46895f6466d1bcae878eee5786f8bf5d,0.2227001478673109,0.5,B
1341bb28f67f20203e4d7a80f9508a6e46895f6466d1bcae878eee5786f8bf5d,0.2227001478673109,0.5,A
1341bb28f67f20203e4d7a80f9508a6e46895f6466d1bcae878eee5786f8bf5d,0.2227001478673109,0.5,B
1341bb28f67f20203e4d7a80f9508a6e46895f6466d1bcae878eee5786f8bf5d,0.2227001478673109,0.5,B
1341bb28f67f20203e4d7a80f9508a6e46895f6466d1bcae878eee5786f8bf5d,0.2227001478673109,0.5,B
1341bb28f67f20203e4d7a80f9508a6e46895f6466d1bcae878eee5786f8bf5d,0.2227001478673109,0.5,B
1341bb28f67f20203e4d7a80f9508a6e46895f6466d1bcae878eee5786f8bf5d,0.2227001478673109,0.5,B
1341bb28f67f20203e4d7a80f9508a6e46895f6466d1bcae878eee5786f8bf5d,0.2227001478673109,0.5,A
1341bb28f67f20203e4d7a80f9508a6e46895f6466d1bcae878eee5786f8bf5d,0.2227001478673109,0.5,B
1341bb28f67f20203e4d7a80f9508a6e46895f6466d1bcae878eee5786f8bf5d,0.2227001478673109,0.5,B
1341bb28f67f20203e4d7a80f9508a6e46895f6466d1bcae878eee5786f8bf5d,0.2227001478673109,0.5,B
1341bb28f67f20203e4d7a80f9508a6e46895f6466d1bcae878eee5786f8bf5d,0.2227001478673109,0.5,B
1341bb28f67f20203e4d7a80f9508a6e46895f6466d1bcae878eee5786f8bf5d,0.2227001478673109,0.5,B
1341bb28f67f20203e4d7a80f9508a6e46895f6466d1bcae878eee5786f8bf5d,0.2227001478673109,0.5,B
1341bb28f67f20203e4d7a80f9508a6e46895f6466d1bcae878eee5786f8bf5d,0.2227001478673109,0.5,B
1341bb28f67f20203e4d7a80f9508a6e46895f6466d1bcae878eee5786f8bf5d,0.2227001478673109,0.5,B
1341bb28f67f20203e4d7a80f9508a6e46895f6466d1bcae878eee5786f8bf5d,0.2227001478673109,0.5,B
1341bb28f67f20203e4d7a80f9508a6e46895f6466d1bcae878eee5786f8bf5d,0.2227001478673109,0.5,B
1341bb28f67f20203e4d7a80f9508a6e46895f6466d1bcae878eee5786f8bf5d,0.2227001478673109,0.5,B
1341bb28f67f20203e4d7a80f9508a6e46895f6466d1bcae878eee5786f8bf5d,0.2227001478673109,0.5,B
1341bb28f67f20203e4d7a80f9508a6e46895f6466d1bcae878eee5786f8bf5d,0.2227001478673109,0.5,B
1341bb28f67f20203e4d7a80f9508a6e46895f6466d1bcae878eee5786f8bf5d,0.2227001478673109,0.5,B
1341bb28f67f20203e4d7a80f9508a6e46895f6466d1bcae878eee5786f8bf5d,0.2227001478673109,0.5,A
1341bb28f67f20203e4d7a80f9508a6e46895f6466d1bcae878eee5786f8bf5d,0.2227001478673109,0.5,B
1341bb28f67f20203e4d7a80f9508a6e46895f6466d1bcae878eee5786f8bf5d,0.2227001478673109,0.5,B
1341bb28f67f20203e4d7a80f9508a6e46895f6466d1bcae878eee5786f8bf5d,0.2227001478673109,0.5,B
1341bb28f67f20203e4d7a80f9508a6e46895f6466d1bcae878eee5786f8bf5d,0.2227001478673109,0.5,B
1341bb28f67f20203e4d7a80f9508a6e46895f6466d1bcae878eee5786f8bf5d,0.2227001478673109,0.5,B
1341bb28f67f20203e4d7a80f9508a6e46895f6466d1bcae878eee5786f8bf5d,0.2227001478673109,0.5,B
1341bb28f67f20203e4d7a80f9508a6e46895f6466d1bcae878eee5786f8bf5d,0.2227001478673109,0.5,B
1341bb28f67f20203e4d7a80f9508a6e46895f6466d1bcae878eee5786f8bf5d,0.2227001478673109,0.5,B
1341bb28f67f20203e4d7a80f9508a6e46895f6466d1bcae878eee5786f8bf5d,0.2227001478673109,0.5,B
1341bb28f67f20203e4d7a80f9508a6e46895f6466d1bcae878eee5786f8bf5d,0.2227001478673109,0.5,B
1341bb28f67f20203e4d7a80f9508a6e46895f6466d1bcae878eee5786f8bf5d,0.2227001478673109,1.5,B
1341bb28f67f20203e4d7a80f9508a6e46895f6466d1bcae878eee5786f8bf5d,0.2227001478673109,1.5,A
1341bb28f67f20203e4d7a80f9508a6e46895f6466d1bcae878eee5786f8bf5d,0.2227001478673109,1.5,B
1341bb28f67f20203e4d7a80f9508a6e46895f6466d1bcae878eee5786f8bf5d,0.2227001478673109,1.5,B
1341bb28f67f20203e4d7a80f9508a6e46895f6466d1bcae878eee5786f8bf5d,0.2227001478673109,1.5,B
1341bb28f67f20203e4d7a80f9508a6e46895f6466d1bcae878eee5786f8bf5d,0.2227001478673109,1.5,A
1341bb28f67f20203e4d7a80f9508a6e46895f6466d1bcae878eee5786f8bf5d,0.2227001478673109,1.5,A
1341bb28f67f20203e4d7a80f9508a6e46895f6466d1bcae878eee5786f8bf5d,0.2227001478673109,1.5,B
1341bb28f67f20203e4d7a80f9508a6e46895f6466d1bcae878eee5786f8bf5d,0.2227001478673109,1.5,B
1341bb28f67f20203e4d7a80f9508a6e46895f6466d1bcae878eee5786f8bf5d,0.2227001478673109,1.5,B
1341bb28f67f20203e4d7a80f9508a6e46895f6466d1bcae878eee5786f8bf5d,0.2227001478673109,1.5,B
1341bb28f67f20203e4d7a80f9508a6e46895f6466d1bcae878eee5786f8bf5d,0.2227001478673109,1.5,A
1341bb28f67f20203e4d7a80f9508a6e46895f6466d1bcae878eee5786f8bf5d,0.2227001478673109,1.5,B
1341bb28f67f20203e4d7a80f9508a6e46895f6466d1bcae878eee5786f8bf5d,0.2227001478673109,1.5,A
1341bb28f67f20203e4d7a80f9508a6e46895f6466d1bcae878eee5786f8bf5d,0.2227001478673109,1.5,B
1341bb28f67f20203e4d7a80f9508a6e46895f6466d1bcae878eee5786f8bf5d,0.2227001478673109,1.5,B
1341bb28f67f20203e4d7a80f9508a6e46895f6466d1bcae878eee5786f8bf5d,0.2227001478673109,1.5,B
1341bb28f67f20203e4d7a80f9508a6e46895f6466d1bcae878eee5786f8bf5d,0.2227001478673109,1.5,B
1341bb28f67f20203e4d7a80f9508a6e46895f6466d1bcae878eee5786f8bf5d,0.2227001478673109,1.5,B
1341bb28f67f20203e4d7a80f9508a6e46895f6466d1bcae878eee5786f8bf5d,0.2227001478673109,1.5,B
1341bb28f67f20203e4d7a80f9508a6e46895f6466d1bcae878eee5786f8bf5d,0.2227001478673109,1.5,A
1341bb28f67f20203e4d7a80f9508a6e46895f6466d1bcae878eee5786f8bf5d,0.2227001478673109,1.5,A
1341bb28f67f20203e4d7a80f9508a6e46895f6466d1bcae878eee5786f8bf5d,0.2227001478673109,1.5,B
1341bb28f67f20203e4d7a80f9508a6e46895f6466d1bcae878eee5786f8bf5d,0.2227001478673109,1.5,A
1341bb28f67f20203e4d7a80f9508a6e46895f6466d1bcae878eee5786f8bf5d,0.2227001478673109,1.5,A
1341bb28f67f20203e4d7a80f9508a6e46895f6466d1bcae878eee5786f8bf5d,0.2227001478673109,1.5,B
1341bb28f67f20203e4d7a80f9508a6e46895f6466d1bcae878eee5786f8bf5d,0.2227001478673109,1.5,B
1341bb28f67f20203e4d7a80f9508a6e46895f6466d1bcae878eee5786f8bf5d,0.2227001478673109,1.5,B
1341bb28f67f20203e4d7a80f9508a6e46895f6466d1bcae878eee5786f8bf5d,0.2227001478673109,1.5,A
1341bb28f67f20203e4d7a80f9508a6e46895f6466d1bcae878eee5786f8bf5d,0.2227001478673109,1.5,A
1341bb28f67f20203e4d7a80f9508a6e46895f6466d1bcae878eee5786f8bf5d,0.2227001478673109,1.5,B
1341bb28f67f20203e4d7a80f9508a6e46895f6466d1bcae878eee5786f8bf5d,0.2227001478673109,1.5,B
1341bb28f67f20203e4d7a80f9508a6e46895f6466d1bcae878eee5786f8bf5d,0.2227001478673109,1.5,B
1341bb28f67f20203e4d7a80f9508a6e46895f6466d1bcae878eee5786f8bf5d,0.2227001478673109,1.5,B
1341bb28f67f20203e4d7a80f9508a6e46895f6466d1bcae878eee5786f8bf5d,0.2227001478673109,1.5,B
1341bb28f67f20203e4d7a80f9508a6e46895f6466d1bcae878eee5786f8bf5d,0.2227001478673109,1.5,B
1341bb28f67f20203e4d7a80f9508a6e46895f6466d1bcae878eee5786f8bf5d,0.2227001478673109,1.5,A
1341bb28f67f20203e4d7a80f9508a6e46895f6466d1bcae878eee5786f8bf5d,0.2227001478673109,1.5,A
1341bb28f67f20203e4d7a80f9508a6e46895f6466d1bcae878eee5786f8bf5d,0.2227001478673109,1.5,B
1341bb28f67f20203e4d7a80f9508a6e46895f6466d1bcae878eee5786f8bf5d,0.2227001478673109,1.5,B
1341bb28f67f20203e4d7a80f9508a6e46895f6466d1bcae878eee5786f8bf5d,0.2227001478673109,1.5,B
1341bb28f67f20203e4d7a80f9508a6e46895f6466d1bcae878eee5786f8bf5d,0.2227001478673109,1.5,B
1341bb28f67f20203e4d7a80f9508a6e46895f6466d1bcae878eee5786f8bf5d,0.2227001478673109,1.5,A
1341bb28f67f20203e4d7a80f9508a6e46895f6466d1bcae878eee5786f8bf5d,0.2227001478673109,1.5,B
1341bb28f67f20203e4d7a80f9508a6e46895f6466d1bcae878eee5786f8bf5d,0.2227001478673109,1.5,B
1341bb28f67f20203e4d7a80f9508a6e46895f6466d1bcae878eee5786f8bf5d,0.2227001478673109,1.5,B
1341bb28f67f20203e4d7a80f9508a6e46895f6466d1bcae878eee5786f8bf5d,0.2227001478673109,1.5,A
1341bb28f67f20203e4d7a80f9508a6e46895f6466d1bcae878eee5786f8bf5d,0.2227001478673109,1.5,B
1341bb28f67f20203e4d7a80f9508a6e46895f6466d1bcae878eee5786f8bf5d,0.2227001478673109,1.5,B
1341bb28f67f20203e4d7a80f9508a6e46895f6466d1bcae878eee5786f8bf5d,0.2227001478673109,1.5,A
14a9cbe3d4a8cb705c8a771135d02b6e120500272f773599c771e02bac24f2b0,0.320821317540193,0.5,A
14a9cbe3d4a8cb705c8a771135d02b6e120500272f773599c771e02bac24f2b0,0.320821317540193,0.5,B
14a9cbe3d4a8cb705c8a771135d02b6e120500272f773599c771e02bac24f2b0,0.320821317540193,0.5,B
14a9cbe3d4a8cb705c8a771135d02b6e120500272f773599c771e02bac24f2b0,0.320821317540193,0.5,B
14a9cbe3d4a8cb705c8a771135d02b6e120500272f773599c771e02bac24f2b0,0.320821317540193,0.5,B
14a9cbe3d4a8cb705c8a771135d02b6e120500272f773599c771e02bac24f2b0,0.320821317540193,0.5,B
14a9cbe3d4a8cb705c8a771135d02b6e120500272f773599c771e02bac24f2b0,0.320821317540193,0.5,B
14a9cbe3d4a8cb705c8a771135d02b6e120500272f773599c771e02bac24f2b0,0.320821317540193,0.5,B
14a9cbe3d4a8cb705c8a771135d02b6e120500272f773599c771e02bac24f2b0,0.320821317540193,0.5,B
14a9cbe3d4a8cb705c8a771135d02b6e120500272f773599c771e02bac24f2b0,0.320821317540193,0.5,A
14a9cbe3d4a8cb705c8a771135d02b6e120500272f773599c771e02bac24f2b0,0.320821317540193,0.5,B
14a9cbe3d4a8cb705c8a771135d02b6e120500272f773599c771e02bac24f2b0,0.320821317540193,0.5,A
14a9cbe3d4a8cb705c8a771135d02b6e120500272f773599c771e02bac24f2b0,0.320821317540193,0.5,B
14a9cbe3d4a8cb705c8a771135d02b6e120500272f773599c771e02bac24f2b0,0.320821317540193,0.5,B
14a9cbe3d4a8cb705c8a771135d02b6e120500272f773599c771e02bac24f2b0,0.320821317540193,0.5,B
14a9cbe3d4a8cb705c8a771135d02b6e120500272f773599c771e02bac24f2b0,0.320821317540193,0.5,A
14a9cbe3d4a8cb705c8a771135d02b6e120500272f773599c771e02bac24f2b0,0.320821317540193,0.5,A
14a9cbe3d4a8cb705c8a771135d02b6e120500272f773599c771e02bac24f2b0,0.320821317540193,0.5,A
14a9cbe3d4a8cb705c8a771135d02b6e120500272f773599c771e02bac24f2b0,0.320821317540193,0.5,B
14a9cbe3d4a8cb705c8a771135d02b6e120500272f773599c771e02bac24f2b0,0.320821317540193,0.5,B
14a9cbe3d4a8cb705c8a771135d02b6e120500272f773599c771e02bac24f2b0,0.320821317540193,0.5,A
14a9cbe3d4a8cb705c8a771135d02b6e120500272f773599c771e02bac24f2b0,0.320821317540193,0.5,B
14a9cbe3d4a8cb705c8a771135d02b6e120500272f773599c771e02bac24f2b0,0.320821317540193,0.5,A
14a9cbe3d4a8cb705c8a771135d02b6e120500272f773599c771e02bac24f2b0,0.320821317540193,0.5,A
14a9cbe3d4a8cb705c8a771135d02b6e120500272f773599c771e02bac24f2b0,0.320821317540193,0.5,B
14a9cbe3d4a8cb705c8a771135d02b6e120500272f773599c771e02bac24f2b0,0.320821317540193,0.5,B
14a9cbe3d4a8cb705c8a771135d02b6e120500272f773599c771e02bac24f2b0,0.320821317540193,0.5,B
14a9cbe3d4a8cb705c8a771135d02b6e120500272f773599c771e02bac24f2b0,0.320821317540193,0.5,B
14a9cbe3d4a8cb705c8a771135d02b6e120500272f773599c771e02bac24f2b0,0.320821317540193,0.5,B
14a9cbe3d4a8cb705c8a771135d02b6e120500272f773599c771e02bac24f2b0,0.320821317540193,0.5,B
14a9cbe3d4a8cb705c8a771135d02b6e120500272f773599c771e02bac24f2b0,0.320821317540193,0.5,A
14a9cbe3d4a8cb705c8a771135d02b6e120500272f773599c771e02bac24f2b0,0.320821317540193,0.5,A
14a9cbe3d4a8cb705c8a771135d02b6e120500272f773599c771e02bac24f2b0,0.320821317540193,0.5,B
14a9cbe3d4a8cb705c8a771135d02b6e120500272f773599c771e02bac24f2b0,0.320821317540193,0.5,B
14a9cbe3d4a8cb705c8a771135d02b6e120500272f773599c771e02bac24f2b0,0.320821317540193,0.5,A
14a9cbe3d4a8cb705c8a771135d02b6e120500272f773599c771e02bac24f2b0,0.320821317540193,0.5,B
14a9cbe3d4a8cb705c8a771135d02b6e120500272f773599c771e02bac24f2b0,0.320821317540193,0.5,B
14a9cbe3d4a8cb705c8a771135d02b6e120500272f773599c771e02bac24f2b0,0.320821317540193,0.5,B
14a9cbe3d4a8cb705c8a771135d02b6e120500272f773599c771e02bac24f2b0,0.320821317540193,0.5,B
14a9cbe3d4a8cb705c8a771135d02b6e120500272f773599c771e02bac24f2b0,0.320821317540193,0.5,B
14a9cbe3d4a8cb705c8a771135d02b6e120500272f773599c771e02bac24f2b0,0.320821317540193,0.5,A
14a9cbe3d4a8cb705c8a771135d02b6e120500272f773599c771e02bac24f2b0,0.320821317540193,0.5,A
14a9cbe3d4a8cb705c8a771135d02b6e120500272f773599c771e02bac24f2b0,0.320821317540193,0.5,A
14a9cbe3d4a8cb705c8a771135d02b6e120500272f773599c771e02bac24f2b0,0.320821317540193,0.5,B
14a9cbe3d4a8cb705c8a771135d02b6e120500272f773599c771e02bac24f2b0,0.320821317540193,0.5,B
14a9cbe3d4a8cb705c8a771135d02b6e120500272f773599c771e02bac24f2b0,0.320821317540193,0.5,B
14a9cbe3d4a8cb705c8a771135d02b6e120500272f773599c771e02bac24f2b0,0.320821317540193,0.5,B
14a9cbe3d4a8cb705c8a771135d02b6e120500272f773599c771e02bac24f2b0,0.320821317540193,0.5,A
14a9cbe3d4a8cb705c8a771135d02b6e120500272f773599c771e02bac24f2b0,0.320821317540193,0.5,B
14a9cbe3d4a8cb705c8a771135d02b6e120500272f773599c771e02bac24f2b0,0.320821317540193,0.5,A
14a9cbe3d4a8cb705c8a771135d02b6e120500272f773599c771e02bac24f2b0,0.320821317540193,1.5,B
14a9cbe3d4a8cb705c8a771135d02b6e120500272f773599c771e02bac24f2b0,0.320821317540193,1.5,A
14a9cbe3d4a8cb705c8a771135d02b6e120500272f773599c771e02bac24f2b0,0.320821317540193,1.5,B
14a9cbe3d4a8cb705c8a771135d02b6e120500272f773599c771e02bac24f2b0,0.320821317540193,1.5,B
14a9cbe3d4a8cb705c8a771135d02b6e120500272f773599c771e02bac24f2b0,0.320821317540193,1.5,A
14a9cbe3d4a8cb705c8a771135d02b6e120500272f773599c771e02bac24f2b0,0.320821317540193,1.5,B
14a9cbe3d4a8cb705c8a771135d02b6e120500272f773599c771e02bac24f2b0,0.320821317540193,1.5,A
14a9cbe3d4a8cb705c8a771135d02b6e120500272f773599c771e02bac24f2b0,0.320821317540193,1.5,A
14a9cbe3d4a8cb705c8a771135d02b6e120500272f773599c771e02bac24f2b0,0.320821317540193,1.5,B
14a9cbe3d4a8cb705c8a771135d02b6e120500272f773599c771e02bac24f2b0,0.320821317540193,1.5,B
14a9cbe3d4a8cb705c8a771135d02b6e120500272f773599c771e02bac24f2b0,0.320821317540193,1.5,A
14a9cbe3d4a8cb705c8a771135d02b6e120500272f773599c771e02bac24f2b0,0.320821317540193,1.5,A
14a9cbe3d4a8cb705c8a771135d02b6e120500272f773599c771e02bac24f2b0,0.320821317540193,1.5,A
14a9cbe3d4a8cb705c8a771135d02b6e120500272f773599c771e02bac24f2b0,0.320821317540193,1.5,B
14a9cbe3d4a8cb705c8a771135d02b6e120500272f773599c771e02bac24f2b0,0.320821317540193,1.5,B
14a9cbe3d4a8cb705c8a771135d02b6e120500272f773599c771e02bac24f2b0,0.320821317540193,1.5,B
14a9cbe3d4a8cb705c8a771135d02b6e120500272f773599c771e02bac24f2b0,0.320821317540193,1.5,B
14a9cbe3d4a8cb705c8a771135d02b6e120500272f773599c771e02bac24f2b0,0.320821317540193,1.5,B
14a9cbe3d4a8cb705c8a771135d02b6e120500272f773599c771e02bac24f2b0,0.320821317540193,1.5,A
14a9cbe3d4a8cb705c8a771135d02b6e120500272f773599c771e02bac24f2b0,0.320821317540193,1.5,A
14a9cbe3d4a8cb705c8a771135d02b6e120500272f773599c771e02bac24f2b0,0.320821317540193,1.5,B
14a9cbe3d4a8cb705c8a771135d02b6e120500272f773599c771e02bac24f2b0,0.320821317540193,1.5,A
14a9cbe3d4a8cb705c8a771135d02b6e120500272f773599c771e02bac24f2b0,0.320821317540193,1.5,A
14a9cbe3d4a8cb705c8a771135d02b6e120500272f773599c771e02bac24f2b0,0.320821317540193,1.5,B
14a9cbe3d4a8cb705c8a771135d02b6e120500272f773599c771e02bac24f2b0,0.320821317540193,1.5,A
14a9cbe3d4a8cb705c8a771135d02b6e120500272f773599c771e02bac24f2b0,0.320821317540193,1.5,B
14a9cbe3d4a8cb705c8a771135d02b6e120500272f773599c771e02bac24f2b0,0.320821317540193,1.5,B
14a9cbe3d4a8cb705c8a771135d02b6e120500272f773599c771e02bac24f2b0,0.320821317540193,1.5,A
14a9cbe3d4a8cb705c8a771135d02b6e120500272f773599c771e02bac24f2b0,0.320821317540193,1.5,B
14a9cbe3d4a8cb705c8a771135d02b6e120500272f773599c771e02bac24f2b0,0.320821317540193,1.5,B
14a9cbe3d4a8cb705c8a771135d02b6e120500272f773599c771e02bac24f2b0,0.320821317540193,1.5,A
14a9cbe3d4a8cb705c8a771135d02b6e120500272f773599c771e02bac24f2b0,0.320821317540193,1.5,A
14a9cbe3d4a8cb705c8a771135d02b6e120500272f773599c771e02bac24f2b0,0.320821317540193,1.5,A
14a9cbe3d4a8cb705c8a771135d02b6e120500272f773599c771e02bac24f2b0,0.320821317540193,1.5,B
14a9cbe3d4a8cb705c8a771135d02b6e120500272f773599c771e02bac24f2b0,0.320821317540193,1.5,B
14a9cbe3d4a8cb705c8a771135d02b6e120500272f773599c771e02bac24f2b0,0.320821317540193,1.5,A
14a9cbe3d4a8cb705c8a771135d02b6e120500272f773599c771e02bac24f2b0,0.320821317540193,1.5,B
14a9cbe3d4a8cb705c8a771135d02b6e120500272f773599c771e02bac24f2b0,0.320821317540193,1.5,B
14a9cbe3d4a8cb705c8a771135d02b6e120500272f773599c771e02bac24f2b0,0.320821317540193,1.5,A
14a9cbe3d4a8cb705c8a771135d02b6e120500272f773599c771e02bac24f2b0,0.320821317540193,1.5,B
14a9cbe3d4a8cb705c8a771135d02b6e120500272f773599c771e02bac24f2b0,0.320821317540193,1.5,B
14a9cbe3d4a8cb705c8a771135d02b6e120500272f773599c771e02bac24f2b0,0.320821317540193,1.5,B
14a9cbe3d4a8cb705c8a771135d02b6e120500272f773599c771e02bac24f2b0,0.320821317540193,1.5,B
14a9cbe3d4a8cb705c8a771135d02b6e120500272f773599c771e02bac24f2b0,0.320821317540193,1.5,A
14a9cbe3d4a8cb705c8a771135d02b6e120500272f773599c771e02bac24f2b0,0.320821317540193,1.5,A
14a9cbe3d4a8cb705c8a771135d02b6e120500272f773599c771e02bac24f2b0,0.320821317540193,1.5,B
14a9cbe3d4a8cb705c8a771135d02b6e120500272f773599c771e02bac24f2b0,0.320821317540193,1.5,A
14a9cbe3d4a8cb705c8a771135d02b6e120500272f773599c771e02bac24f2b0,0.320821317540193,1.5,B
14a9cbe3d4a8cb705c8a771135d02b6e120500272f773599c771e02bac24f2b0,0.320821317540193,1.5,B
14a9cbe3d4a8cb705c8a771135d02b6e120500272f773599c771e02bac24f2b0,0.320821317540193,1.5,A
14b3a74809668f0b3aa351f4ca599d381d516016049a630a89a2359a08be43f7,0.1824255278997802,0.5,B
14b3a74809668f0b3aa351f4ca599d381d516016049a630a89a2359a08be43f7,0.1824255278997802,0.5,B
14b3a74809668f0b3aa351f4ca599d381d516016049a630a89a2359a08be43f7,0.1824255278997802,0.5,A
14b3a74809668f0b3aa351f4ca599d381d516016049a630a89a2359a08be43f7,0.1824255278997802,0.5,B
14b3a74809668f0b3aa351f4ca599d381d516016049a630a89a2359a08be43f7,0.1824255278997802,0.5,B
14b3a74809668f0b3aa351f4ca599d381d516016049a630a89a2359a08be43f7,0.1824255278997802,0.5,B
14b3a74809668f0b3aa351f4ca599d381d516016049a630a89a2359a08be43f7,0.1824255278997802,0.5,B
14b3a74809668f0b3aa351f4ca599d381d516016049a630a89a2359a08be43f7,0.1824255278997802,0.5,B
14b3a74809668f0b3aa351f4ca599d381d516016049a630a89a2359a08be43f7,0.1824255278997802,0.5,B
14b3a74809668f0b3aa351f4ca599d381d516016049a630a89a2359a08be43f7,0.1824255278997802,0.5,B
14b3a74809668f0b3aa351f4ca599d381d516016049a630a89a2359a08be43f7,0.1824255278997802,0.5,B
14b3a74809668f0b3aa351f4ca599d381d516016049a630a89a2359a08be43f7,0.1824255278997802,0.5,B
14b3a74809668f0b3aa351f4ca599d381d516016049a630a89a2359a08be43f7,0.1824255278997802,0.5,B
14b3a74809668f0b3aa351f4ca599d381d516016049a630a89a2359a08be43f7,0.1824255278997802,0.5,B
14b3a74809668f0b3aa351f4ca599d381d516016049a630a89a2359a08be43f7,0.1824255278997802,0.5,B
14b3a74809668f0b3aa351f4ca599d381d516016049a630a89a2359a08be43f7,0.1824255278997802,0.5,A
14b3a74809668f0b3aa351f4ca599d381d516016049a630a89a2359a08be43f7,0.1824255278997802,0.5,B
14b3a74809668f0b3aa351f4ca599d381d516016049a630a89a2359a08be43f7,0.1824255278997802,0.5,B
14b3a74809668f0b3aa351f4ca599d381d516016049a630a89a2359a08be43f7,0.1824255278997802,0.5,B
14b3a74809668f0b3aa351f4ca599d381d516016049a630a89a2359a08be43f7,0.1824255278997802,0.5,B
14b3a74809668f0b3aa351f4ca599d381d516016049a630a89a2359a08be43f7,0.1824255278997802,0.5,B
14b3a74809668f0b3aa351f4ca599d381d516016049a630a89a2359a08be43f7,0.1824255278997802,0.5,B
14b3a74809668f0b3aa351f4ca599d381d516016049a630a89a2359a08be43f7,0.1824255278997802,0.5,B
14b3a74809668f0b3aa351f4ca599d381d516016049a630a89a2359a08be43f7,0.1824255278997802,0.5,B
14b3a74809668f0b3aa351f4ca599d381d516016049a630a89a2359a08be43f7,0.1824255278997802,0.5,B
14b3a74809668f0b3aa351f4ca599d381d516016049a630a89a2359a08be43f7,0.1824255278997802,0.5,B
14b3a74809668f0b3aa351f4ca599d381d516016049a630a89a2359a08be43f7,0.1824255278997802,0.5,B
14b3a74809668f0b3aa351f4ca599d381d516016049a630a89a2359a08be43f7,0.1824255278997802,0.5,B
14b3a74809668f0b3aa351f4ca599d381d516016049a630a89a2359a08be43f7,0.1824255278997802,0.5,B
14b3a74809668f0b3aa351f4ca599d381d516016049a630a89a2359a08be43f7,0.1824255278997802,0.5,B
14b3a74809668f0b3aa351f4ca599d381d516016049a630a89a2359a08be43f7,0.1824255278997802,0.5,B
14b3a74809668f0b3aa351f4ca599d381d516016049a630a89a2359a08be43f7,0.1824255278997802,0.5,B
14b3a74809668f0b3aa351f4ca599d381d516016049a630a89a2359a08be43f7,0.1824255278997802,0.5,B
14b3a74809668f0b3aa351f4ca599d381d516016049a630a89a2359a08be43f7,0.1824255278997802,0.5,B
14b3a74809668f0b3aa351f4ca599d381d516016049a630a89a2359a08be43f7,0.1824255278997802,0.5,B
14b3a74809668f0b3aa351f4ca599d381d516016049a630a89a2359a08be43f7,0.1824255278997802,0.5,B
14b3a74809668f0b3aa351f4ca599d381d516016049a630a89a2359a08be43f7,0.1824255278997802,0.5,B
14b3a74809668f0b3aa351f4ca599d381d516016049a630a89a2359a08be43f7,0.1824255278997802,0.5,B
14b3a74809668f0b3aa351f4ca599d381d516016049a630a89a2359a08be43f7,0.1824255278997802,0.5,B
14b3a74809668f0b3aa351f4ca599d381d516016049a630a89a2359a08be43f7,0.1824255278997802,0.5,B
14b3a74809668f0b3aa351f4ca599d381d516016049a630a89a2359a08be43f7,0.1824255278997802,0.5,A
14b3a74809668f0b3aa351f4ca599d381d516016049a630a89a2359a08be43f7,0.1824255278997802,0.5,B
14b3a74809668f0b3aa351f4ca599d381d516016049a630a89a2359a08be43f7,0.1824255278997802,0.5,A
14b3a74809668f0b3aa351f4ca599d381d516016049a630a89a2359a08be43f7,0.1824255278997802,0.5,B
14b3a74809668f0b3aa351f4ca599d381d516016049a630a89a2359a08be43f7,0.1824255278997802,0.5,B
14b3a74809668f0b3aa351f4ca599d381d516016049a630a89a2359a08be43f7,0.1824255278997802,0.5,B
14b3a74809668f0b3aa351f4ca599d381d516016049a630a89a2359a08be43f7,0.1824255278997802,0.5,B
14b3a74809668f0b3aa351f4ca599d381d516016049a630a89a2359a08be43f7,0.1824255278997802,0.5,B
14b3a74809668f0b3aa351f4ca599d381d516016049a630a89a2359a08be43f7,0.1824255278997802,0.5,B
14b3a74809668f0b3aa351f4ca599d381d516016049a630a89a2359a08be43f7,0.1824255278997802,0.5,B
14b3a74809668f0b3aa351f4ca599d381d516016049a630a89a2359a08be43f7,0.1824255278997802,1.5,B
14b3a74809668f0b3aa351f4ca599d381d516016049a630a89a2359a08be43f7,0.1824255278997802,1.5,B
14b3a74809668f0b3aa351f4ca599d381d516016049a630a89a2359a08be43f7,0.1824255278997802,1.5,B
14b3a74809668f0b3aa351f4ca599d381d516016049a630a89a2359a08be43f7,0.1824255278997802,1.5,B
14b3a74809668f0b3aa351f4ca599d381d516016049a630a89a2359a08be43f7,0.1824255278997802,1.5,B
14b3a74809668f0b3aa351f4ca599d381d516016049a630a89a2359a08be43f7,0.1824255278997802,1.5,B
14b3a74809668f0b3aa351f4ca599d381d516016049a630a89a2359a08be43f7,0.1824255278997802,1.5,B
14b3a74809668f0b3aa351f4ca599d381d516016049a630a89a2359a08be43f7,0.1824255278997802,1.5,B
14b3a74809668f0b3aa351f4ca599d381d516016049a630a89a2359a08be43f7,0.1824255278997802,1.5,B
14b3a74809668f0b3aa351f4ca599d381d516016049a630a89a2359a08be43f7,0.1824255278997802,1.5,B
14b3a74809668f0b3aa351f4ca599d381d516016049a630a89a2359a08be43f7,0.1824255278997802,1.5,B
14b3a74809668f0b3aa351f4ca599d381d516016049a630a89a2359a08be43f7,0.1824255278997802,1.5,A
14b3a74809668f0b3aa351f4ca599d381d516016049a630a89a2359a08be43f7,0.1824255278997802,1.5,B
14b3a74809668f0b3aa351f4ca599d381d516016049a630a89a2359a08be43f7,0.1824255278997802,1.5,A
14b3a74809668f0b3aa351f4ca599d381d516016049a630a89a2359a08be43f7,0.1824255278997802,1.5,A
14b3a74809668f0b3aa351f4ca599d381d516016049a630a89a2359a08be43f7,0.1824255278997802,1.5,B
14b3a74809668f0b3aa351f4ca599d381d516016049a630a89a2359a08be43f7,0.1824255278997802,1.5,A
14b3a74809668f0b3aa351f4ca599d381d516016049a630a89a2359a08be43f7,0.1824255278997802,1.5,A
14b3a74809668f0b3aa351f4ca599d381d516016049a630a89a2359a08be43f7,0.1824255278997802,1.5,B
14b3a74809668f0b3aa351f4ca599d381d516016049a630a89a2359a08be43f7,0.1824255278997802,1.5,A
14b3a74809668f0b3aa351f4ca599d381d516016049a630a89a2359a08be43f7,0.1824255278997802,1.5,A
14b3a74809668f0b3aa351f4ca599d381d516016049a630a89a2359a08be43f7,0.1824255278997802,1.5,B
14b3a74809668f0b3aa351f4ca599d381d516016049a630a89a2359a08be43f7,0.1824255278997802,1.5,A
14b3a74809668f0b3aa351f4ca599d381d516016049a630a89a2359a08be43f7,0.1824255278997802,1.5,B
14b3a74809668f0b3aa351f4ca599d381d516016049a630a89a2359a08be43f7,0.1824255278997802,1.5,B
14b3a74809668f0b3aa351f4ca599d381d516016049a630a89a2359a08be43f7,0.1824255278997802,1.5,A
14b3a74809668f0b3aa351f4ca599d381d516016049a630a89a2359a08be43f7,0.1824255278997802,1.5,B
14b3a74809668f0b3aa351f4ca599d381d516016049a630a89a2359a08be43f7,0.1824255278997802,1.5,B
14b3a74809668f0b3aa351f4ca599d381d516016049a630a89a2359a08be43f7,0.1824255278997802,1.5,B
14b3a74809668f0b3aa351f4ca599d381d516016049a630a89a2359a08be43f7,0.1824255278997802,1.5,B
14b3a74809668f0b3aa351f4ca599d381d516016049a630a89a2359a08be43f7,0.1824255278997802,1.5,B
14b3a74809668f0b3aa351f4ca599d381d516016049a630a89a2359a08be43f7,0.1824255278997802,1.5,B
14b3a74809668f0b3aa351f4ca599d381d516016049a630a89a2359a08be43f7,0.1824255278997802,1.5,B
14b3a74809668f0b3aa351f4ca599d381d516016049a630a89a2359a08be43f7,0.1824255278997802,1.5,A
14b3a74809668f0b3aa351f4ca599d381d516016049a630a89a2359a08be43f7,0.1824255278997802,1.5,B
14b3a74809668f0b3aa351f4ca599d381d516016049a630a89a2359a08be43f7,0.1824255278997802,1.5,A
14b3a74809668f0b3aa351f4ca599d381d516016049a630a89a2359a08be43f7,0.1824255278997802,1.5,B
14b3a74809668f0b3aa351f4ca599d381d516016049a630a89a2359a08be43f7,0.1824255278997802,1.5,B
14b3a74809668f0b3aa351f4ca599d381d516016049a630a89a2359a08be43f7,0.1824255278997802,1.5,B
14b3a74809668f0b3aa351f4ca599d381d516016049a630a89a2359a08be43f7,0.1824255278997802,1.5,A
14b3a74809668f0b3aa351f4ca599d381d516016049a630a89a2359a08be43f7,0.1824255278997802,1.5,A
14b3a74809668f0b3aa351f4ca599d381d516016049a630a89a2359a08be43f7,0.1824255278997802,1.5,A
14b3a74809668f0b3aa351f4ca599d381d516016049a630a89a2359a08be43f7,0.1824255278997802,1.5,B
14b3a74809668f0b3aa351f4ca599d381d516016049a630a89a2359a08be43f7,0.1824255278997802,1.5,B
14b3a74809668f0b3aa351f4ca599d381d516016049a630a89a2359a08be43f7,0.1824255278997802,1.5,B
14b3a74809668f0b3aa351f4ca599d381d516016049a630a89a2359a08be43f7,0.1824255278997802,1.5,B
14b3a74809668f0b3aa351f4ca599d381d516016049a630a89a2359a08be43f7,0.1824255278997802,1.5,B
14b3a74809668f0b3aa351f4ca599d381d516016049a630a89a2359a08be43f7,0.1824255278997802,1.5,A
14b3a74809668f0b3aa351f4ca599d381d516016049a630a89a2359a08be43f7,0.1824255278997802,1.5,A
14b3a74809668f0b3aa351f4ca599d381d516016049a630a89a2359a08be43f7,0.1824255278997802,1.5,B
15cc7618073d5f65f4f90a677c68bcb829d7ed2174122811440535cf3d37fa50,0.817574478510218,0.5,A
15cc7618073d5f65f4f90a677c68bcb829d7ed2174122811440535cf3d37fa50,0.817574478510218,0.5,A
15cc7618073d5f65f4f90a677c68bcb829d7ed2174122811440535cf3d37fa50,0.817574478510218,0.5,A
15cc7618073d5f65f4f90a677c68bcb829d7ed2174122811440535cf3d37fa50,0.817574478510218,0.5,A
15cc7618073d5f65f4f90a677c68bcb829d7ed2174122811440535cf3d37fa50,0.817574478510218,0.5,A
15cc7618073d5f65f4f90a677c68bcb829d7ed2174122811440535cf3d37fa50,0.817574478510218,0.5,A
15cc7618073d5f65f4f90a677c68bcb829d7ed2174122811440535cf3d37fa50,0.817574478510218,0.5,A
15cc7618073d5f65f4f90a677c68bcb829d7ed2174122811440535cf3d37fa50,0.817574478510218,0.5,B
15cc7618073d5f65f4f90a677c68bcb829d7ed2174122811440535cf3d37fa50,0.817574478510218,0.5,A
15cc7618073d5f65f4f90a677c68bcb829d7ed2174122811440535cf3d37fa50,0.817574478510218,0.5,A
15cc7618073d5f65f4f90a677c68bcb829d7ed2174122811440535cf3d37fa50,0.817574478510218,0.5,A
15cc7618073d5f65f4f90a677c68bcb829d7ed2174122811440535cf3d37fa50,0.817574478510218,0.5,A
15cc7618073d5f65f4f90a677c68bcb829d7ed2174122811440535cf3d37fa50,0.817574478510218,0.5,A
15cc7618073d5f65f4f90a677c68bcb829d7ed2174122811440535cf3d37fa50,0.817574478510218,0.5,A
15cc7618073d5f65f4f90a677c68bcb829d7ed2174122811440535cf3d37fa50,0.817574478510218,0.5,A
15cc7618073d5f65f4f90a677c68bcb829d7ed2174122811440535cf3d37fa50,0.817574478510218,0.5,A
15cc7618073d5f65f4f90a677c68bcb829d7ed2174122811440535cf3d37fa50,0.817574478510218,0.5,A
15cc7618073d5f65f4f90a677c68bcb829d7ed2174122811440535cf3d37fa50,0.817574478510218,0.5,A
15cc7618073d5f65f4f90a677c68bcb829d7ed2174122811440535cf3d37fa50,0.817574478510218,0.5,A
15cc7618073d5f65f4f90a677c68bcb829d7ed2174122811440535cf3d37fa50,0.817574478510218,0.5,A
15cc7618073d5f65f4f90a677c68bcb829d7ed2174122811440535cf3d37fa50,0.817574478510218,0.5,A
15cc7618073d5f65f4f90a677c68bcb829d7ed2174122811440535cf3d37fa50,0.817574478510218,0.5,A
15cc7618073d5f65f4f90a677c68bcb829d7ed2174122811440535cf3d37fa50,0.817574478510218,0.5,A
15cc7618073d5f65f4f90a677c68bcb829d7ed2174122811440535cf3d37fa50,0.817574478510218,0.5,A
15cc7618073d5f65f4f90a677c68bcb829d7ed2174122811440535cf3d37fa50,0.817574478510218,0.5,A
15cc7618073d5f65f4f90a677c68bcb829d7ed2174122811440535cf3d37fa50,0.817574478510218,0.5,A
15cc7618073d5f65f4f90a677c68bcb829d7ed2174122811440535cf3d37fa50,0.817574478510218,0.5,A
15cc7618073d5f65f4f90a677c68bcb829d7ed2174122811440535cf3d37fa50,0.817574478510218,0.5,A
15cc7618073d5f65f4f90a677c68bcb829d7ed2174122811440535cf3d37fa50,0.817574478510218,0.5,A
15cc7618073d5f65f4f90a677c68bcb829d7ed2174122811440535cf3d37fa50,0.817574478510218,0.5,A
15cc7618073d5f65f4f90a677c68bcb829d7ed2174122811440535cf3d37fa50,0.817574478510218,0.5,A
15cc7618073d5f65f4f90a677c68bcb829d7ed2174122811440535cf3d37fa50,0.817574478510218,0.5,A
15cc7618073d5f65f4f90a677c68bcb829d7ed2174122811440535cf3d37fa50,0.817574478510218,0.5,A
15cc7618073d5f65f4f90a677c68bcb829d7ed2174122811440535cf3d37fa50,0.817574478510218,0.5,A
15cc7618073d5f65f4f90a677c68bcb829d7ed2174122811440535cf3d37fa50,0.817574478510218,0.5,A
15cc7618073d5f65f4f90a677c68bcb829d7ed2174122811440535cf3d37fa50,0.817574478510218,0.5,A
15cc7618073d5f65f4f90a677c68bcb829d7ed2174122811440535cf3d37fa50,0.817574478510218,0.5,A
15cc7618073d5f65f4f90a677c68bcb829d7ed2174122811440535cf3d37fa50,0.817574478510218,0.5,A
15cc7618073d5f65f4f90a677c68bcb829d7ed2174122811440535cf3d37fa50,0.817574478510218,0.5,A
15cc7618073d5f65f4f90a677c68bcb829d7ed2174122811440535cf3d37fa50,0.817574478510218,0.5,A
15cc7618073d5f65f4f90a677c68bcb829d7ed2174122811440535cf3d37fa50,0.817574478510218,0.5,A
15cc7618073d5f65f4f90a677c68bcb829d7ed2174122811440535cf3d37fa50,0.817574478510218,0.5,A
15cc7618073d5f65f4f90a677c68bcb829d7ed2174122811440535cf3d37fa50,0.817574478510218,0.5,A
15cc7618073d5f65f4f90a677c68bcb829d7ed2174122811440535cf3d37fa50,0.817574478510218,0.5,A
15cc7618073d5f65f4f90a677c68bcb829d7ed2174122811440535cf3d37fa50,0.817574478510218,0.5,A
15cc7618073d5f65f4f90a677c68bcb829d7ed2174122811440535cf3d37fa50,0.817574478510218,0.5,A
15cc7618073d5f65f4f90a677c68bcb829d7ed2174122811440535cf3d37fa50,0.817574478510218,0.5,A
15cc7618073d5f65f4f90a677c68bcb829d7ed2174122811440535cf3d37fa50,0.817574478510218,0.5,A
15cc7618073d5f65f4f90a677c68bcb829d7ed2174122811440535cf3d37fa50,0.817574478510218,0.5,A
15cc7618073d5f65f4f90a677c68bcb829d7ed2174122811440535cf3d37fa50,0.817574478510218,0.5,A
15cc7618073d5f65f4f90a677c68bcb829d7ed2174122811440535cf3d37fa50,0.817574478510218,1.5,A
15cc7618073d5f65f4f90a677c68bcb829d7ed2174122811440535cf3d37fa50,0.817574478510218,1.5,A
15cc7618073d5f65f4f90a677c68bcb829d7ed2174122811440535cf3d37fa50,0.817574478510218,1.5,A
15cc7618073d5f65f4f90a677c68bcb829d7ed2174122811440535cf3d37fa50,0.817574478510218,1.5,A
15cc7618073d5f65f4f90a677c68bcb829d7ed2174122811440535cf3d37fa50,0.817574478510218,1.5,B
15cc7618073d5f65f4f90a677c68bcb829d7ed2174122811440535cf3d37fa50,0.817574478510218,1.5,A
15cc7618073d5f65f4f90a677c68bcb829d7ed2174122811440535cf3d37fa50,0.817574478510218,1.5,A
15cc7618073d5f65f4f90a677c68bcb829d7ed2174122811440535cf3d37fa50,0.817574478510218,1.5,A
15cc7618073d5f65f4f90a677c68bcb829d7ed2174122811440535cf3d37fa50,0.817574478510218,1.5,A
15cc7618073d5f65f4f90a677c68bcb829d7ed2174122811440535cf3d37fa50,0.817574478510218,1.5,A
15cc7618073d5f65f4f90a677c68bcb829d7ed2174122811440535cf3d37fa50,0.817574478510218,1.5,A
15cc7618073d5f65f4f90a677c68bcb829d7ed2174122811440535cf3d37fa50,0.817574478510218,1.5,B
15cc7618073d5f65f4f90a677c68bcb829d7ed2174122811440535cf3d37fa50,0.817574478510218,1.5,A
15cc7618073d5f65f4f90a677c68bcb829d7ed2174122811440535cf3d37fa50,0.817574478510218,1.5,B
15cc7618073d5f65f4f90a677c68bcb829d7ed2174122811440535cf3d37fa50,0.817574478510218,1.5,A
15cc7618073d5f65f4f90a677c68bcb829d7ed2174122811440535cf3d37fa50,0.817574478510218,1.5,A
15cc7618073d5f65f4f90a677c68bcb829d7ed2174122811440535cf3d37fa50,0.817574478510218,1.5,A
15cc7618073d5f65f4f90a677c68bcb829d7ed2174122811440535cf3d37fa50,0.817574478510218,1.5,A
15cc7618073d5f65f4f90a677c68bcb829d7ed2174122811440535cf3d37fa50,0.817574478510218,1.5,A
15cc7618073d5f65f4f90a677c68bcb829d7ed2174122811440535cf3d37fa50,0.817574478510218,1.5,B
15cc7618073d5f65f4f90a677c68bcb829d7ed2174122811440535cf3d37fa50,0.817574478510218,1.5,A
15cc7618073d5f65f4f90a677c68bcb829d7ed2174122811440535cf3d37fa50,0.817574478510218,1.5,A
15cc7618073d5f65f4f90a677c68bcb829d7ed2174122811440535cf3d37fa50,0.817574478510218,1.5,A
15cc7618073d5f65f4f90a677c68bcb829d7ed2174122811440535cf3d37fa50,0.817574478510218,1.5,A
15cc7618073d5f65f4f90a677c68bcb829d7ed2174122811440535cf3d37fa50,0.817574478510218,1.5,A
15cc7618073d5f65f4f90a677c68bcb829d7ed2174122811440535cf3d37fa50,0.817574478510218,1.5,A
15cc7618073d5f65f4f90a677c68bcb829d7ed2174122811440535cf3d37fa50,0.817574478510218,1.5,A
15cc7618073d5f65f4f90a677c68bcb829d7ed2174122811440535cf3d37fa50,0.817574478510218,1.5,A
15cc7618073d5f65f4f90a677c68bcb829d7ed2174122811440535cf3d37fa50,0.817574478510218,1.5,A
15cc7618073d5f65f4f90a677c68bcb829d7ed2174122811440535cf3d37fa50,0.817574478510218,1.5,A
15cc7618073d5f65f4f90a677c68bcb829d7ed2174122811440535cf3d37fa50,0.817574478510218,1.5,A
15cc7618073d5f65f4f90a677c68bcb829d7ed2174122811440535cf3d37fa50,0.817574478510218,1.5,A
15cc7618073d5f65f4f90a677c68bcb829d7ed2174122811440535cf3d37fa50,0.817574478510218,1.5,A
15cc7618073d5f65f4f90a677c68bcb829d7ed2174122811440535cf3d37fa50,0.817574478510218,1.5,A
15cc7618073d5f65f4f90a677c68bcb829d7ed2174122811440535cf3d37fa50,0.817574478510218,1.5,A
15cc7618073d5f65f4f90a677c68bcb829d7ed2174122811440535cf3d37fa50,0.817574478510218,1.5,A
15cc7618073d5f65f4f90a677c68bcb829d7ed2174122811440535cf3d37fa50,0.817574478510218,1.5,A
15cc7618073d5f65f4f90a677c68bcb829d7ed2174122811440535cf3d37fa50,0.817574478510218,1.5,A
15cc7618073d5f65f4f90a677c68bcb829d7ed2174122811440535cf3d37fa50,0.817574478510218,1.5,A
15cc7618073d5f65f4f90a677c68bcb829d7ed2174122811440535cf3d37fa50,0.817574478510218,1.5,A
15cc7618073d5f65f4f90a677c68bcb829d7ed2174122811440535cf3d37fa50,0.817574478510218,1.5,B
15cc7618073d5f65f4f90a677c68bcb829d7ed2174122811440535cf3d37fa50,0.817574478510218,1.5,A
15cc7618073d5f65f4f90a677c68bcb829d7ed2174122811440535cf3d37fa50,0.817574478510218,1.5,A
15cc7618073d5f65f4f90a677c68bcb829d7ed2174122811440535cf3d37fa50,0.817574478510218,1.5,B
15cc7618073d5f65f4f90a677c68bcb829d7ed2174122811440535cf3d37fa50,0.817574478510218,1.5,A
15cc7618073d5f65f4f90a677c68bcb829d7ed2174122811440535cf3d37fa50,0.817574478510218,1.5,A
15cc7618073d5f65f4f90a677c68bcb829d7ed2174122811440535cf3d37fa50,0.817574478510218,1.5,B
15cc7618073d5f65f4f90a677c68bcb829d7ed2174122811440535cf3d37fa50,0.817574478510218,1.5,A
15cc7618073d5f65f4f90a677c68bcb829d7ed2174122811440535cf3d37fa50,0.817574478510218,1.5,B
15cc7618073d5f65f4f90a677c68bcb829d7ed2174122811440535cf3d37fa50,0.817574478510218,1.5,B
17387b5b44157920c9c8176e3a9f5486e1f8e01c0a71764606fdaa5c85378e09,0.5621765224576081,0.5,B
17387b5b44157920c9c8176e3a9f5486e1f8e01c0a71764606fdaa5c85378e09,0.5621765224576081,0.5,B
17387b5b44157920c9c8176e3a9f5486e1f8e01c0a71764606fdaa5c85378e09,0.5621765224576081,0.5,B
17387b5b44157920c9c8176e3a9f5486e1f8e01c0a71764606fdaa5c85378e09,0.5621765224576081,0.5,A
17387b5b44157920c9c8176e3a9f5486e1f8e01c0a71764606fdaa5c85378e09,0.5621765224576081,0.5,A
17387b5b44157920c9c8176e3a9f5486e1f8e01c0a71764606fdaa5c85378e09,0.5621765224576081,0.5,A
17387b5b44157920c9c8176e3a9f5486e1f8e01c0a71764606fdaa5c85378e09,0.5621765224576081,0.5,B
17387b5b44157920c9c8176e3a9f5486e1f8e01c0a71764606fdaa5c85378e09,0.5621765224576081,0.5,A
17387b5b44157920c9c8176e3a9f5486e1f8e01c0a71764606fdaa5c85378e09,0.5621765224576081,0.5,A
17387b5b44157920c9c8176e3a9f5486e1f8e01c0a71764606fdaa5c85378e09,0.5621765224576081,0.5,B
17387b5b44157920c9c8176e3a9f5486e1f8e01c0a71764606fdaa5c85378e09,0.5621765224576081,0.5,B
17387b5b44157920c9c8176e3a9f5486e1f8e01c0a71764606fdaa5c85378e09,0.5621765224576081,0.5,B
17387b5b44157920c9c8176e3a9f5486e1f8e01c0a71764606fdaa5c85378e09,0.5621765224576081,0.5,A
17387b5b44157920c9c8176e3a9f5486e1f8e01c0a71764606fdaa5c85378e09,0.5621765224576081,0.5,A
17387b5b44157920c9c8176e3a9f5486e1f8e01c0a71764606fdaa5c85378e09,0.5621765224576081,0.5,A
17387b5b44157920c9c8176e3a9f5486e1f8e01c0a71764606fdaa5c85378e09,0.5621765224576081,0.5,A
17387b5b44157920c9c8176e3a9f5486e1f8e01c0a71764606fdaa5c85378e09,0.5621765224576081,0.5,B
17387b5b44157920c9c8176e3a9f5486e1f8e01c0a71764606fdaa5c85378e09,0.5621765224576081,0.5,A
17387b5b44157920c9c8176e3a9f5486e1f8e01c0a71764606fdaa5c85378e09,0.5621765224576081,0.5,A
17387b5b44157920c9c8176e3a9f5486e1f8e01c0a71764606fdaa5c85378e09,0.5621765224576081,0.5,A
17387b5b44157920c9c8176e3a9f5486e1f8e01c0a71764606fdaa5c85378e09,0.5621765224576081,0.5,B
17387b5b44157920c9c8176e3a9f5486e1f8e01c0a71764606fdaa5c85378e09,0.5621765224576081,0.5,A
17387b5b44157920c9c8176e3a9f5486e1f8e01c0a71764606fdaa5c85378e09,0.5621765224576081,0.5,A
17387b5b44157920c9c8176e3a9f5486e1f8e01c0a71764606fdaa5c85378e09,0.5621765224576081,0.5,A
17387b5b44157920c9c8176e3a9f5486e1f8e01c0a71764606fdaa5c85378e09,0.5621765224576081,0.5,B
17387b5b44157920c9c8176e3a9f5486e1f8e01c0a71764606fdaa5c85378e09,0.5621765224576081,0.5,A
17387b5b44157920c9c8176e3a9f5486e1f8e01c0a71764606fdaa5c85378e09,0.5621765224576081,0.5,A
17387b5b44157920c9c8176e3a9f5486e1f8e01c0a71764606fdaa5c85378e09,0.5621765224576081,0.5,B
17387b5b44157920c9c8176e3a9f5486e1f8e01c0a71764606fdaa5c85378e09,0.5621765224576081,0.5,A
17387b5b44157920c9c8176e3a9f5486e1f8e01c0a71764606fdaa5c85378e09,0.5621765224576081,0.5,B
17387b5b44157920c9c8176e3a9f5486e1f8e01c0a71764606fdaa5c85378e09,0.5621765224576081,0.5,A
17387b5b44157920c9c8176e3a9f5486e1f8e01c0a71764606fdaa5c85378e09,0.5621765224576081,0.5,A
17387b5b44157920c9c8176e3a9f5486e1f8e01c0a71764606fdaa5c85378e09,0.5621765224576081,0.5,A
17387b5b44157920c9c8176e3a9f5486e1f8e01c0a71764606fdaa5c85378e09,0.5621765224576081,0.5,B
17387b5b44157920c9c8176e3a9f5486e1f8e01c0a71764606fdaa5c85378e09,0.5621765224576081,0.5,A
17387b5b44157920c9c8176e3a9f5486e1f8e01c0a71764606fdaa5c85378e09,0.5621765224576081,0.5,B
17387b5b44157920c9c8176e3a9f5486e1f8e01c0a71764606fdaa5c85378e09,0.5621765224576081,0.5,A
17387b5b44157920c9c8176e3a9f5486e1f8e01c0a71764606fdaa5c85378e09,0.5621765224576081,0.5,B
17387b5b44157920c9c8176e3a9f5486e1f8e01c0a71764606fdaa5c85378e09,0.5621765224576081,0.5,B
17387b5b44157920c9c8176e3a9f5486e1f8e01c0a71764606fdaa5c85378e09,0.5621765224576081,0.5,B
17387b5b44157920c9c8176e3a9f5486e1f8e01c0a71764606fdaa5c85378e09,0.5621765224576081,0.5,B
17387b5b44157920c9c8176e3a9f5486e1f8e01c0a71764606fdaa5c85378e09,0.5621765224576081,0.5,A
17387b5b44157920c9c8176e3a9f5486e1f8e01c0a71764606fdaa5c85378e09,0.5621765224576081,0.5,A
17387b5b44157920c9c8176e3a9f5486e1f8e01c0a71764606fdaa5c85378e09,0.5621765224576081,0.5,A
17387b5b44157920c9c8176e3a9f5486e1f8e01c0a71764606fdaa5c85378e09,0.5621765224576081,0.5,A
17387b5b44157920c9c8176e3a9f5486e1f8e01c0a71764606fdaa5c85378e09,0.5621765224576081,0.5,A
17387b5b44157920c9c8176e3a9f5486e1f8e01c0a71764606fdaa5c85378e09,0.5621765224576081,0.5,B
17387b5b44157920c9c8176e3a9f5486e1f8e01c0a71764606fdaa5c85378e09,0.5621765224576081,0.5,A
17387b5b44157920c9c8176e3a9f5486e1f8e01c0a71764606fdaa5c85378e09,0.5621765224576081,0.5,B
17387b5b44157920c9c8176e3a9f5486e1f8e01c0a71764606fdaa5c85378e09,0.5621765224576081,0.5,A
17387b5b44157920c9c8176e3a9f5486e1f8e01c0a71764606fdaa5c85378e09,0.5621765224576081,1.5,A
17387b5b44157920c9c8176e3a9f5486e1f8e01c0a71764606fdaa5c85378e09,0.5621765224576081,1.5,A
17387b5b44157920c9c8176e3a9f5486e1f8e01c0a71764606fdaa5c85378e09,0.5621765224576081,1.5,B
17387b5b44157920c9c8176e3a9f5486e1f8e01c0a71764606fdaa5c85378e09,0.5621765224576081,1.5,B
17387b5b44157920c9c8176e3a9f5486e1f8e01c0a71764606fdaa5c85378e09,0.5621765224576081,1.5,A
17387b5b44157920c9c8176e3a9f5486e1f8e01c0a71764606fdaa5c85378e09,0.5621765224576081,1.5,A
17387b5b44157920c9c8176e3a9f5486e1f8e01c0a71764606fdaa5c85378e09,0.5621765224576081,1.5,B
17387b5b44157920c9c8176e3a9f5486e1f8e01c0a71764606fdaa5c85378e09,0.5621765224576081,1.5,A
17387b5b44157920c9c8176e3a9f5486e1f8e01c0a71764606fdaa5c85378e09,0.5621765224576081,1.5,B
17387b5b44157920c9c8176e3a9f5486e1f8e01c0a71764606fdaa5c85378e09,0.5621765224576081,1.5,A
17387b5b44157920c9c8176e3a9f5486e1f8e01c0a71764606fdaa5c85378e09,0.5621765224576081,1.5,A
17387b5b44157920c9c8176e3a9f5486e1f8e01c0a71764606fdaa5c85378e09,0.5621765224576081,1.5,A
17387b5b44157920c9c8176e3a9f5486e1f8e01c0a71764606fdaa5c85378e09,0.5621765224576081,1.5,B
17387b5b44157920c9c8176e3a9f5486e1f8e01c0a71764606fdaa5c85378e09,0.5621765224576081,1.5,A
17387b5b44157920c9c8176e3a9f5486e1f8e01c0a71764606fdaa5c85378e09,0.5621765224576081,1.5,A
17387b5b44157920c9c8176e3a9f5486e1f8e01c0a71764606fdaa5c85378e09,0.5621765224576081,1.5,A
17387b5b44157920c9c8176e3a9f5486e1f8e01c0a71764606fdaa5c85378e09,0.5621765224576081,1.5,A
17387b5b44157920c9c8176e3a9f5486e1f8e01c0a71764606fdaa5c85378e09,0.5621765224576081,1.5,A
17387b5b44157920c9c8176e3a9f5486e1f8e01c0a71764606fdaa5c85378e09,0.5621765224576081,1.5,A
17387b5b44157920c9c8176e3a9f5486e1f8e01c0a71764606fdaa5c85378e09,0.5621765224576081,1.5,A
17387b5b44157920c9c8176e3a9f5486e1f8e01c0a71764606fdaa5c85378e09,0.5621765224576081,1.5,B
17387b5b44157920c9c8176e3a9f5486e1f8e01c0a71764606fdaa5c85378e09,0.5621765224576081,1.5,B
17387b5b44157920c9c8176e3a9f5486e1f8e01c0a71764606fdaa5c85378e09,0.5621765224576081,1.5,B
17387b5b44157920c9c8176e3a9f5486e1f8e01c0a71764606fdaa5c85378e09,0.5621765224576081,1.5,B
17387b5b44157920c9c8176e3a9f5486e1f8e01c0a71764606fdaa5c85378e09,0.5621765224576081,1.5,B
17387b5b44157920c9c8176e3a9f5486e1f8e01c0a71764606fdaa5c85378e09,0.5621765224576081,1.5,A
17387b5b44157920c9c8176e3a9f5486e1f8e01c0a71764606fdaa5c85378e09,0.5621765224576081,1.5,A
17387b5b44157920c9c8176e3a9f5486e1f8e01c0a71764606fdaa5c85378e09,0.5621765224576081,1.5,B
17387b5b44157920c9c8176e3a9f5486e1f8e01c0a71764606fdaa5c85378e09,0.5621765224576081,1.5,A
17387b5b44157920c9c8176e3a9f5486e1f8e01c0a71764606fdaa5c85378e09,0.5621765224576081,1.5,B
17387b5b44157920c9c8176e3a9f5486e1f8e01c0a71764606fdaa5c85378e09,0.5621765224576081,1.5,A
17387b5b44157920c9c8176e3a9f5486e1f8e01c0a71764606fdaa5c85378e09,0.5621765224576081,1.5,A
17387b5b44157920c9c8176e3a9f5486e1f8e01c0a71764606fdaa5c85378e09,0.5621765224576081,1.5,B
17387b5b44157920c9c8176e3a9f5486e1f8e01c0a71764606fdaa5c85378e09,0.5621765224576081,1.5,A
17387b5b44157920c9c8176e3a9f5486e1f8e01c0a71764606fdaa5c85378e09,0.5621765224576081,1.5,B
17387b5b44157920c9c8176e3a9f5486e1f8e01c0a71764606fdaa5c85378e09,0.5621765224576081,1.5,B
17387b5b44157920c9c8176e3a9f5486e1f8e01c0a71764606fdaa5c85378e09,0.5621765224576081,1.5,B
17387b5b44157920c9c8176e3a9f5486e1f8e01c0a71764606fdaa5c85378e09,0.5621765224576081,1.5,B
17387b5b44157920c9c8176e3a9f5486e1f8e01c0a71764606fdaa5c85378e09,0.5621765224576081,1.5,A
17387b5b44157920c9c8176e3a9f5486e1f8e01c0a71764606fdaa5c85378e09,0.5621765224576081,1.5,B
17387b5b44157920c9c8176e3a9f5486e1f8e01c0a71764606fdaa5c85378e09,0.5621765224576081,1.5,A
17387b5b44157920c9c8176e3a9f5486e1f8e01c0a71764606fdaa5c85378e09,0.5621765224576081,1.5,B
17387b5b44157920c9c8176e3a9f5486e1f8e01c0a71764606fdaa5c85378e09,0.5621765224576081,1.5,A
17387b5b44157920c9c8176e3a9f5486e1f8e01c0a71764606fdaa5c85378e09,0.5621765224576081,1.5,A
17387b5b44157920c9c8176e3a9f5486e1f8e01c0a71764606fdaa5c85378e09,0.5621765224576081,1.5,B
17387b5b44157920c9c8176e3a9f5486e1f8e01c0a71764606fdaa5c85378e09,0.5621765224576081,1.5,A
17387b5b44157920c9c8176e3a9f5486e1f8e01c0a71764606fdaa5c85378e09,0.5621765224576081,1.5,A
17387b5b44157920c9c8176e3a9f5486e1f8e01c0a71764606fdaa5c85378e09,0.5621765224576081,1.5,A
17387b5b44157920c9c8176e3a9f5486e1f8e01c0a71764606fdaa5c85378e09,0.5621765224576081,1.5,A
17387b5b44157920c9c8176e3a9f5486e1f8e01c0a71764606fdaa5c85378e09,0.5621765224576081,1.5,A
17551694b8afdf020e29f96276ddf62849d6e5b98eeddf1dcf34d8fec3813f8a,0.817574490095105,0.5,A
17551694b8afdf020e29f96276ddf62849d6e5b98eeddf1dcf34d8fec3813f8a,0.817574490095105,0.5,A
17551694b8afdf020e29f96276ddf62849d6e5b98eeddf1dcf34d8fec3813f8a,0.817574490095105,0.5,A
17551694b8afdf020e29f96276ddf62849d6e5b98eeddf1dcf34d8fec3813f8a,0.817574490095105,0.5,A
17551694b8afdf020e29f96276ddf62849d6e5b98eeddf1dcf34d8fec3813f8a,0.817574490095105,0.5,A
17551694b8afdf020e29f96276ddf62849d6e5b98eeddf1dcf34d8fec3813f8a,0.817574490095105,0.5,A
17551694b8afdf020e29f96276ddf62849d6e5b98eeddf1dcf34d8fec3813f8a,0.817574490095105,0.5,A
17551694b8afdf020e29f96276ddf62849d6e5b98eeddf1dcf34d8fec3813f8a,0.817574490095105,0.5,A
17551694b8afdf020e29f96276ddf62849d6e5b98eeddf1dcf34d8fec3813f8a,0.817574490095105,0.5,A
17551694b8afdf020e29f96276ddf62849d6e5b98eeddf1dcf34d8fec3813f8a,0.817574490095105,0.5,A
17551694b8afdf020e29f96276ddf62849d6e5b98eeddf1dcf34d8fec3813f8a,0.817574490095105,0.5,A
17551694b8afdf020e29f96276ddf62849d6e5b98eeddf1dcf34d8fec3813f8a,0.817574490095105,0.5,B
17551694b8afdf020e29f96276ddf62849d6e5b98eeddf1dcf34d8fec3813f8a,0.817574490095105,0.5,A
17551694b8afdf020e29f96276ddf62849d6e5b98eeddf1dcf34d8fec3813f8a,0.817574490095105,0.5,B
17551694b8afdf020e29f96276ddf62849d6e5b98eeddf1dcf34d8fec3813f8a,0.817574490095105,0.5,A
17551694b8afdf020e29f96276ddf62849d6e5b98eeddf1dcf34d8fec3813f8a,0.817574490095105,0.5,A
17551694b8afdf020e29f96276ddf62849d6e5b98eeddf1dcf34d8fec3813f8a,0.817574490095105,0.5,A
17551694b8afdf020e29f96276ddf62849d6e5b98eeddf1dcf34d8fec3813f8a,0.817574490095105,0.5,A
17551694b8afdf020e29f96276ddf62849d6e5b98eeddf1dcf34d8fec3813f8a,0.817574490095105,0.5,A
17551694b8afdf020e29f96276ddf62849d6e5b98eeddf1dcf34d8fec3813f8a,0.817574490095105,0.5,A
17551694b8afdf020e29f96276ddf62849d6e5b98eeddf1dcf34d8fec3813f8a,0.817574490095105,0.5,A
17551694b8afdf020e29f96276ddf62849d6e5b98eeddf1dcf34d8fec3813f8a,0.817574490095105,0.5,A
17551694b8afdf020e29f96276ddf62849d6e5b98eeddf1dcf34d8fec3813f8a,0.817574490095105,0.5,A
17551694b8afdf020e29f96276ddf62849d6e5b98eeddf1dcf34d8fec3813f8a,0.817574490095105,0.5,A
17551694b8afdf020e29f96276ddf62849d6e5b98eeddf1dcf34d8fec3813f8a,0.817574490095105,0.5,A
17551694b8afdf020e29f96276ddf62849d6e5b98eeddf1dcf34d8fec3813f8a,0.817574490095105,0.5,A
17551694b8afdf020e29f96276ddf62849d6e5b98eeddf1dcf34d8fec3813f8a,0.817574490095105,0.5,A
17551694b8afdf020e29f96276ddf62849d6e5b98eeddf1dcf34d8fec3813f8a,0.817574490095105,0.5,A
17551694b8afdf020e29f96276ddf62849d6e5b98eeddf1dcf34d8fec3813f8a,0.817574490095105,0.5,A
17551694b8afdf020e29f96276ddf62849d6e5b98eeddf1dcf34d8fec3813f8a,0.817574490095105,0.5,A
17551694b8afdf020e29f96276ddf62849d6e5b98eeddf1dcf34d8fec3813f8a,0.817574490095105,0.5,B
17551694b8afdf020e29f96276ddf62849d6e5b98eeddf1dcf34d8fec3813f8a,0.817574490095105,0.5,A
17551694b8afdf020e29f96276ddf62849d6e5b98eeddf1dcf34d8fec3813f8a,0.817574490095105,0.5,A
17551694b8afdf020e29f96276ddf62849d6e5b98eeddf1dcf34d8fec3813f8a,0.817574490095105,0.5,A
17551694b8afdf020e29f96276ddf62849d6e5b98eeddf1dcf34d8fec3813f8a,0.817574490095105,0.5,A
17551694b8afdf020e29f96276ddf62849d6e5b98eeddf1dcf34d8fec3813f8a,0.817574490095105,0.5,A
17551694b8afdf020e29f96276ddf62849d6e5b98eeddf1dcf34d8fec3813f8a,0.817574490095105,0.5,A
17551694b8afdf020e29f96276ddf62849d6e5b98eeddf1dcf34d8fec3813f8a,0.817574490095105,0.5,A
17551694b8afdf020e29f96276ddf62849d6e5b98eeddf1dcf34d8fec3813f8a,0.817574490095105,0.5,B
17551694b8afdf020e29f96276ddf62849d6e5b98eeddf1dcf34d8fec3813f8a,0.817574490095105,0.5,A
17551694b8afdf020e29f96276ddf62849d6e5b98eeddf1dcf34d8fec3813f8a,0.817574490095105,0.5,A
17551694b8afdf020e29f96276ddf62849d6e5b98eeddf1dcf34d8fec3813f8a,0.817574490095105,0.5,A
17551694b8afdf020e29f96276ddf62849d6e5b98eeddf1dcf34d8fec3813f8a,0.817574490095105,0.5,B
17551694b8afdf020e29f96276ddf62849d6e5b98eeddf1dcf34d8fec3813f8a,0.817574490095105,0.5,B
17551694b8afdf020e29f96276ddf62849d6e5b98eeddf1dcf34d8fec3813f8a,0.817574490095105,0.5,A
17551694b8afdf020e29f96276ddf62849d6e5b98eeddf1dcf34d8fec3813f8a,0.817574490095105,0.5,B
17551694b8afdf020e29f96276ddf62849d6e5b98eeddf1dcf34d8fec3813f8a,0.817574490095105,0.5,A
17551694b8afdf020e29f96276ddf62849d6e5b98eeddf1dcf34d8fec3813f8a,0.817574490095105,0.5,A
17551694b8afdf020e29f96276ddf62849d6e5b98eeddf1dcf34d8fec3813f8a,0.817574490095105,0.5,B
17551694b8afdf020e29f96276ddf62849d6e5b98eeddf1dcf34d8fec3813f8a,0.817574490095105,0.5,B
17551694b8afdf020e29f96276ddf62849d6e5b98eeddf1dcf34d8fec3813f8a,0.817574490095105,1.5,B
17551694b8afdf020e29f96276ddf62849d6e5b98eeddf1dcf34d8fec3813f8a,0.817574490095105,1.5,B
17551694b8afdf020e29f96276ddf62849d6e5b98eeddf1dcf34d8fec3813f8a,0.817574490095105,1.5,B
17551694b8afdf020e29f96276ddf62849d6e5b98eeddf1dcf34d8fec3813f8a,0.817574490095105,1.5,A
17551694b8afdf020e29f96276ddf62849d6e5b98eeddf1dcf34d8fec3813f8a,0.817574490095105,1.5,A
17551694b8afdf020e29f96276ddf62849d6e5b98eeddf1dcf34d8fec3813f8a,0.817574490095105,1.5,A
17551694b8afdf020e29f96276ddf62849d6e5b98eeddf1dcf34d8fec3813f8a,0.817574490095105,1.5,A
17551694b8afdf020e29f96276ddf62849d6e5b98eeddf1dcf34d8fec3813f8a,0.817574490095105,1.5,A
17551694b8afdf020e29f96276ddf62849d6e5b98eeddf1dcf34d8fec3813f8a,0.817574490095105,1.5,B
17551694b8afdf020e29f96276ddf62849d6e5b98eeddf1dcf34d8fec3813f8a,0.817574490095105,1.5,A
17551694b8afdf020e29f96276ddf62849d6e5b98eeddf1dcf34d8fec3813f8a,0.817574490095105,1.5,A
17551694b8afdf020e29f96276ddf62849d6e5b98eeddf1dcf34d8fec3813f8a,0.817574490095105,1.5,A
17551694b8afdf020e29f96276ddf62849d6e5b98eeddf1dcf34d8fec3813f8a,0.817574490095105,1.5,B
17551694b8afdf020e29f96276ddf62849d6e5b98eeddf1dcf34d8fec3813f8a,0.817574490095105,1.5,B
17551694b8afdf020e29f96276ddf62849d6e5b98eeddf1dcf34d8fec3813f8a,0.817574490095105,1.5,B
17551694b8afdf020e29f96276ddf62849d6e5b98eeddf1dcf34d8fec3813f8a,0.817574490095105,1.5,B
17551694b8afdf020e29f96276ddf62849d6e5b98eeddf1dcf34d8fec3813f8a,0.817574490095105,1.5,B
17551694b8afdf020e29f96276ddf62849d6e5b98eeddf1dcf34d8fec3813f8a,0.817574490095105,1.5,A
17551694b8afdf020e29f96276ddf62849d6e5b98eeddf1dcf34d8fec3813f8a,0.817574490095105,1.5,B
17551694b8afdf020e29f96276ddf62849d6e5b98eeddf1dcf34d8fec3813f8a,0.817574490095105,1.5,B
17551694b8afdf020e29f96276ddf62849d6e5b98eeddf1dcf34d8fec3813f8a,0.817574490095105,1.5,A
17551694b8afdf020e29f96276ddf62849d6e5b98eeddf1dcf34d8fec3813f8a,0.817574490095105,1.5,A
17551694b8afdf020e29f96276ddf62849d6e5b98eeddf1dcf34d8fec3813f8a,0.817574490095105,1.5,A
17551694b8afdf020e29f96276ddf62849d6e5b98eeddf1dcf34d8fec3813f8a,0.817574490095105,1.5,B
17551694b8afdf020e29f96276ddf62849d6e5b98eeddf1dcf34d8fec3813f8a,0.817574490095105,1.5,A
17551694b8afdf020e29f96276ddf62849d6e5b98eeddf1dcf34d8fec3813f8a,0.817574490095105,1.5,A
17551694b8afdf020e29f96276ddf62849d6e5b98eeddf1dcf34d8fec3813f8a,0.817574490095105,1.5,A
17551694b8afdf020e29f96276ddf62849d6e5b98eeddf1dcf34d8fec3813f8a,0.817574490095105,1.5,A
17551694b8afdf020e29f96276ddf62849d6e5b98eeddf1dcf34d8fec3813f8a,0.817574490095105,1.5,B
17551694b8afdf020e29f96276ddf62849d6e5b98eeddf1dcf34d8fec3813f8a,0.817574490095105,1.5,A
17551694b8afdf020e29f96276ddf62849d6e5b98eeddf1dcf34d8fec3813f8a,0.817574490095105,1.5,A
17551694b8afdf020e29f96276ddf62849d6e5b98eeddf1dcf34d8fec3813f8a,0.817574490095105,1.5,A
17551694b8afdf020e29f96276ddf62849d6e5b98eeddf1dcf34d8fec3813f8a,0.817574490095105,1.5,B
17551694b8afdf020e29f96276ddf62849d6e5b98eeddf1dcf34d8fec3813f8a,0.817574490095105,1.5,B
17551694b8afdf020e29f96276ddf62849d6e5b98eeddf1dcf34d8fec3813f8a,0.817574490095105,1.5,A
17551694b8afdf020e29f96276ddf62849d6e5b98eeddf1dcf34d8fec3813f8a,0.817574490095105,1.5,B
17551694b8afdf020e29f96276ddf62849d6e5b98eeddf1dcf34d8fec3813f8a,0.817574490095105,1.5,A
17551694b8afdf020e29f96276ddf62849d6e5b98eeddf1dcf34d8fec3813f8a,0.817574490095105,1.5,A
17551694b8afdf020e29f96276ddf62849d6e5b98eeddf1dcf34d8fec3813f8a,0.817574490095105,1.5,A
17551694b8afdf020e29f96276ddf62849d6e5b98eeddf1dcf34d8fec3813f8a,0.817574490095105,1.5,B
17551694b8afdf020e29f96276ddf62849d6e5b98eeddf1dcf34d8fec3813f8a,0.817574490095105,1.5,B
17551694b8afdf020e29f96276ddf62849d6e5b98eeddf1dcf34d8fec3813f8a,0.817574490095105,1.5,B
17551694b8afdf020e29f96276ddf62849d6e5b98eeddf1dcf34d8fec3813f8a,0.817574490095105,1.5,B
17551694b8afdf020e29f96276ddf62849d6e5b98eeddf1dcf34d8fec3813f8a,0.817574490095105,1.5,A
17551694b8afdf020e29f96276ddf62849d6e5b98eeddf1dcf34d8fec3813f8a,0.817574490095105,1.5,B
17551694b8afdf020e29f96276ddf62849d6e5b98eeddf1dcf34d8fec3813f8a,0.817574490095105,1.5,B
17551694b8afdf020e29f96276ddf62849d6e5b98eeddf1dcf34d8fec3813f8a,0.817574490095105,1.5,A
17551694b8afdf020e29f96276ddf62849d6e5b98eeddf1dcf34d8fec3813f8a,0.817574490095105,1.5,A
17551694b8afdf020e29f96276ddf62849d6e5b98eeddf1dcf34d8fec3813f8a,0.817574490095105,1.5,B
17551694b8afdf020e29f96276ddf62849d6e5b98eeddf1dcf34d8fec3813f8a,0.817574490095105,1.5,A
