ident,p1,T,answer
003f33022906dea47e04b0c33366cb8b43461de542ad95916bd88502868b857a,0.6230007952857116,0.5,B
003f33022906dea47e04b0c33366cb8b43461de542ad95916bd88502868b857a,0.6230007952857116,0.5,B
003f33022906dea47e04b0c33366cb8b43461de542ad95916bd88502868b857a,0.6230007952857116,0.5,A
003f33022906dea47e04b0c33366cb8b43461de542ad95916bd88502868b857a,0.6230007952857116,0.5,B
003f33022906dea47e04b0c33366cb8b43461de542ad95916bd88502868b857a,0.6230007952857116,0.5,A
003f33022906dea47e04b0c33366cb8b43461de542ad95916bd88502868b857a,0.6230007952857116,0.5,A
003f33022906dea47e04b0c33366cb8b43461de542ad95916bd88502868b857a,0.6230007952857116,0.5,A
003f33022906dea47e04b0c33366cb8b43461de542ad95916bd88502868b857a,0.6230007952857116,0.5,B
003f33022906dea47e04b0c33366cb8b43461de542ad95916bd88502868b857a,0.6230007952857116,0.5,A
003f33022906dea47e04b0c33366cb8b43461de542ad95916bd88502868b857a,0.6230007952857116,0.5,B
003f33022906dea47e04b0c33366cb8b43461de542ad95916bd88502868b857a,0.6230007952857116,0.5,B
003f33022906dea47e04b0c33366cb8b43461de542ad95916bd88502868b857a,0.6230007952857116,0.5,A
003f33022906dea47e04b0c33366cb8b43461de542ad95916bd88502868b857a,0.6230007952857116,0.5,A
003f33022906dea47e04b0c33366cb8b43461de542ad95916bd88502868b857a,0.6230007952857116,0.5,B
003f33022906dea47e04b0c33366cb8b43461de542ad95916bd88502868b857a,0.6230007952857116,0.5,A
003f33022906dea47e04b0c33366cb8b43461de542ad95916bd88502868b857a,0.6230007952857116,0.5,B
003f33022906dea47e04b0c33366cb8b43461de542ad95916bd88502868b857a,0.6230007952857116,0.5,B
003f33022906dea47e04b0c33366cb8b43461de542ad95916bd88502868b857a,0.6230007952857116,0.5,A
003f33022906dea47e04b0c33366cb8b43461de542ad95916bd88502868b857a,0.6230007952857116,0.5,B
003f33022906dea47e04b0c33366cb8b43461de542ad95916bd88502868b857a,0.6230007952857116,0.5,A
003f33022906dea47e04b0c33366cb8b43461de542ad95916bd88502868b857a,0.6230007952857116,0.5,B
003f33022906dea47e04b0c33366cb8b43461de542ad95916bd88502868b857a,0.6230007952857116,0.5,A
003f33022906dea47e04b0c33366cb8b43461de542ad95916bd88502868b857a,0.6230007952857116,0.5,B
003f33022906dea47e04b0c33366cb8b43461de542ad95916bd88502868b857a,0.6230007952857116,0.5,A
003f33022906dea47e04b0c33366cb8b43461de542ad95916bd88502868b857a,0.6230007952857116,0.5,A
003f33022906dea47e04b0c33366cb8b43461de542ad95916bd88502868b857a,0.6230007952857116,0.5,B
003f33022906dea47e04b0c33366cb8b43461de542ad95916bd88502868b857a,0.6230007952857116,0.5,A
003f33022906dea47e04b0c33366cb8b43461de542ad95916bd88502868b857a,0.6230007952857116,0.5,A
003f33022906dea47e04b0c33366cb8b43461de542ad95916bd88502868b857a,0.6230007952857116,0.5,A
003f33022906dea47e04b0c33366cb8b43461de542ad95916bd88502868b857a,0.6230007952857116,0.5,B
003f33022906dea47e04b0c33366cb8b43461de542ad95916bd88502868b857a,0.6230007952857116,0.5,B
003f33022906dea47e04b0c33366cb8b43461de542ad95916bd88502868b857a,0.6230007952857116,0.5,A
003f33022906dea47e04b0c33366cb8b43461de542ad95916bd88502868b857a,0.6230007952857116,0.5,B
003f33022906dea47e04b0c33366cb8b43461de542ad95916bd88502868b857a,0.6230007952857116,0.5,A
003f33022906dea47e04b0c33366cb8b43461de542ad95916bd88502868b857a,0.6230007952857116,0.5,A
003f33022906dea47e04b0c33366cb8b43461de542ad95916bd88502868b857a,0.6230007952857116,0.5,B
003f33022906dea47e04b0c33366cb8b43461de542ad95916bd88502868b857a,0.6230007952857116,0.5,A
003f33022906dea47e04b0c33366cb8b43461de542ad95916bd88502868b857a,0.6230007952857116,0.5,A
003f33022906dea47e04b0c33366cb8b43461de542ad95916bd88502868b857a,0.6230007952857116,0.5,A
003f33022906dea47e04b0c33366cb8b43461de542ad95916bd88502868b857a,0.6230007952857116,0.5,A
003f33022906dea47e04b0c33366cb8b43461de542ad95916bd88502868b857a,0.6230007952857116,0.5,B
003f33022906dea47e04b0c33366cb8b43461de542ad95916bd88502868b857a,0.6230007952857116,0.5,A
003f33022906dea47e04b0c33366cb8b43461de542ad95916bd88502868b857a,0.6230007952857116,0.5,B
003f33022906dea47e04b0c33366cb8b43461de542ad95916bd88502868b857a,0.6230007952857116,0.5,B
003f33022906dea47e04b0c33366cb8b43461de542ad95916bd88502868b857a,0.6230007952857116,0.5,A
003f33022906dea47e04b0c33366cb8b43461de542ad95916bd88502868b857a,0.6230007952857116,0.5,B
003f33022906dea47e04b0c33366cb8b43461de542ad95916bd88502868b857a,0.6230007952857116,0.5,A
003f33022906dea47e04b0c33366cb8b43461de542ad95916bd88502868b857a,0.6230007952857116,0.5,A
003f33022906dea47e04b0c33366cb8b43461de542ad95916bd88502868b857a,0.6230007952857116,0.5,A
003f33022906dea47e04b0c33366cb8b43461de542ad95916bd88502868b857a,0.6230007952857116,0.5,B
003f33022906dea47e04b0c33366cb8b43461de542ad95916bd88502868b857a,0.6230007952857116,1.5,B
003f33022906dea47e04b0c33366cb8b43461de542ad95916bd88502868b857a,0.6230007952857116,1.5,A
003f33022906dea47e04b0c33366cb8b43461de542ad95916bd88502868b857a,0.6230007952857116,1.5,A
003f33022906dea47e04b0c33366cb8b43461de542ad95916bd88502868b857a,0.6230007952857116,1.5,B
003f33022906dea47e04b0c33366cb8b43461de542ad95916bd88502868b857a,0.6230007952857116,1.5,A
003f33022906dea47e04b0c33366cb8b43461de542ad95916bd88502868b857a,0.6230007952857116,1.5,A
003f33022906dea47e04b0c33366cb8b43461de542ad95916bd88502868b857a,0.6230007952857116,1.5,B
003f33022906dea47e04b0c33366cb8b43461de542ad95916bd88502868b857a,0.6230007952857116,1.5,B
003f33022906dea47e04b0c33366cb8b43461de542ad95916bd88502868b857a,0.6230007952857116,1.5,A
003f33022906dea47e04b0c33366cb8b43461de542ad95916bd88502868b857a,0.6230007952857116,1.5,A
003f33022906dea47e04b0c33366cb8b43461de542ad95916bd88502868b857a,0.6230007952857116,1.5,A
003f33022906dea47e04b0c33366cb8b43461de542ad95916bd88502868b857a,0.6230007952857116,1.5,A
003f33022906dea47e04b0c33366cb8b43461de542ad95916bd88502868b857a,0.6230007952857116,1.5,
003f33022906dea47e04b0c33366cb8b43461de542ad95916bd88502868b857a,0.6230007952857116,1.5,A
003f33022906dea47e04b0c33366cb8b43461de542ad95916bd88502868b857a,0.6230007952857116,1.5,A
003f33022906dea47e04b0c33366cb8b43461de542ad95916bd88502868b857a,0.6230007952857116,1.5,A
003f33022906dea47e04b0c33366cb8b43461de542ad95916bd88502868b857a,0.6230007952857116,1.5,A
003f33022906dea47e04b0c33366cb8b43461de542ad95916bd88502868b857a,0.6230007952857116,1.5,B
003f33022906dea47e04b0c33366cb8b43461de542ad95916bd88502868b857a,0.6230007952857116,1.5,A
003f33022906dea47e04b0c33366cb8b43461de542ad95916bd88502868b857a,0.6230007952857116,1.5,A
003f33022906dea47e04b0c33366cb8b43461de542ad95916bd88502868b857a,0.6230007952857116,1.5,A
003f33022906dea47e04b0c33366cb8b43461de542ad95916bd88502868b857a,0.6230007952857116,1.5,A
003f33022906dea47e04b0c33366cb8b43461de542ad95916bd88502868b857a,0.6230007952857116,1.5,A
003f33022906dea47e04b0c33366cb8b43461de542ad95916bd88502868b857a,0.6230007952857116,1.5,A
003f33022906dea47e04b0c33366cb8b43461de542ad95916bd88502868b857a,0.6230007952857116,1.5,A
003f33022906dea47e04b0c33366cb8b43461de542ad95916bd88502868b857a,0.6230007952857116,1.5,B
003f33022906dea47e04b0c33366cb8b43461de542ad95916bd88502868b857a,0.6230007952857116,1.5,
003f33022906dea47e04b0c33366cb8b43461de542ad95916bd88502868b857a,0.6230007952857116,1.5,A
003f33022906dea47e04b0c33366cb8b43461de542ad95916bd88502868b857a,0.6230007952857116,1.5,B
003f33022906dea47e04b0c33366cb8b43461de542ad95916bd88502868b857a,0.6230007952857116,1.5,B
003f33022906dea47e04b0c33366cb8b43461de542ad95916bd88502868b857a,0.6230007952857116,1.5,B
003f33022906dea47e04b0c33366cb8b43461de542ad95916bd88502868b857a,0.6230007952857116,1.5,B
003f33022906dea47e04b0c33366cb8b43461de542ad95916bd88502868b857a,0.6230007952857116,1.5,B
003f33022906dea47e04b0c33366cb8b43461de542ad95916bd88502868b857a,0.6230007952857116,1.5,A
003f33022906dea47e04b0c33366cb8b43461de542ad95916bd88502868b857a,0.6230007952857116,1.5,B
003f33022906dea47e04b0c33366cb8b43461de542ad95916bd88502868b857a,0.6230007952857116,1.5,A
003f33022906dea47e04b0c33366cb8b43461de542ad95916bd88502868b857a,0.6230007952857116,1.5,A
003f33022906dea47e04b0c33366cb8b43461de542ad95916bd88502868b857a,0.6230007952857116,1.5,B
003f33022906dea47e04b0c33366cb8b43461de542ad95916bd88502868b857a,0.6230007952857116,1.5,A
003f33022906dea47e04b0c33366cb8b43461de542ad95916bd88502868b857a,0.6230007952857116,1.5,A
003f33022906dea47e04b0c33366cb8b43461de542ad95916bd88502868b857a,0.6230007952857116,1.5,B
003f33022906dea47e04b0c33366cb8b43461de542ad95916bd88502868b857a,0.6230007952857116,1.5,A
003f33022906dea47e04b0c33366cb8b43461de542ad95916bd88502868b857a,0.6230007952857116,1.5,
003f33022906dea47e04b0c33366cb8b43461de542ad95916bd88502868b857a,0.6230007952857116,1.5,B
003f33022906dea47e04b0c33366cb8b43461de542ad95916bd88502868b857a,0.6230007952857116,1.5,B
003f33022906dea47e04b0c33366cb8b43461de542ad95916bd88502868b857a,0.6230007952857116,1.5,A
003f33022906dea47e04b0c33366cb8b43461de542ad95916bd88502868b857a,0.6230007952857116,1.5,B
003f33022906dea47e04b0c33366cb8b43461de542ad95916bd88502868b857a,0.6230007952857116,1.5,A
003f33022906dea47e04b0c33366cb8b43461de542ad95916bd88502868b857a,0.6230007952857116,1.5,A
003f33022906dea47e04b0c33366cb8b43461de542ad95916bd88502868b857a,0.6230007952857116,1.5,B
004f715cbe9c010d345b55b639e36894d36eb3121fc263dd52dacc0d2911a34d,0.2703400848337967,0.5,B
004f715cbe9c010d345b55b639e36894d36eb3121fc263dd52dacc0d2911a34d,0.2703400848337967,0.5,B
004f715cbe9c010d345b55b639e36894d36eb3121fc263dd52dacc0d2911a34d,0.2703400848337967,0.5,B
004f715cbe9c010d345b55b639e36894d36eb3121fc263dd52dacc0d2911a34d,0.2703400848337967,0.5,B
004f715cbe9c010d345b55b639e36894d36eb3121fc263dd52dacc0d2911a34d,0.2703400848337967,0.5,B
004f715cbe9c010d345b55b639e36894d36eb3121fc263dd52dacc0d2911a34d,0.2703400848337967,0.5,B
004f715cbe9c010d345b55b639e36894d36eb3121fc263dd52dacc0d2911a34d,0.2703400848337967,0.5,B
004f715cbe9c010d345b55b639e36894d36eb3121fc263dd52dacc0d2911a34d,0.2703400848337967,0.5,B
004f715cbe9c010d345b55b639e36894d36eb3121fc263dd52dacc0d2911a34d,0.2703400848337967,0.5,B
004f715cbe9c010d345b55b639e36894d36eb3121fc263dd52dacc0d2911a34d,0.2703400848337967,0.5,B
004f715cbe9c010d345b55b639e36894d36eb3121fc263dd52dacc0d2911a34d,0.2703400848337967,0.5,B
004f715cbe9c010d345b55b639e36894d36eb3121fc263dd52dacc0d2911a34d,0.2703400848337967,0.5,B
004f715cbe9c010d345b55b639e36894d36eb3121fc263dd52dacc0d2911a34d,0.2703400848337967,0.5,A
004f715cbe9c010d345b55b639e36894d36eb3121fc263dd52dacc0d2911a34d,0.2703400848337967,0.5,B
004f715cbe9c010d345b55b639e36894d36eb3121fc263dd52dacc0d2911a34d,0.2703400848337967,0.5,B
004f715cbe9c010d345b55b639e36894d36eb3121fc263dd52dacc0d2911a34d,0.2703400848337967,0.5,B
004f715cbe9c010d345b55b639e36894d36eb3121fc263dd52dacc0d2911a34d,0.2703400848337967,0.5,B
004f715cbe9c010d345b55b639e36894d36eb3121fc263dd52dacc0d2911a34d,0.2703400848337967,0.5,A
004f715cbe9c010d345b55b639e36894d36eb3121fc263dd52dacc0d2911a34d,0.2703400848337967,0.5,A
004f715cbe9c010d345b55b639e36894d36eb3121fc263dd52dacc0d2911a34d,0.2703400848337967,0.5,B
004f715cbe9c010d345b55b639e36894d36eb3121fc263dd52dacc0d2911a34d,0.2703400848337967,0.5,B
004f715cbe9c010d345b55b639e36894d36eb3121fc263dd52dacc0d2911a34d,0.2703400848337967,0.5,B
004f715cbe9c010d345b55b639e36894d36eb3121fc263dd52dacc0d2911a34d,0.2703400848337967,0.5,B
004f715cbe9c010d345b55b639e36894d36eb3121fc263dd52dacc0d2911a34d,0.2703400848337967,0.5,B
004f715cbe9c010d345b55b639e36894d36eb3121fc263dd52dacc0d2911a34d,0.2703400848337967,0.5,B
004f715cbe9c010d345b55b639e36894d36eb3121fc263dd52dacc0d2911a34d,0.2703400848337967,0.5,B
004f715cbe9c010d345b55b639e36894d36eb3121fc263dd52dacc0d2911a34d,0.2703400848337967,0.5,B
004f715cbe9c010d345b55b639e36894d36eb3121fc263dd52dacc0d2911a34d,0.2703400848337967,0.5,B
004f715cbe9c010d345b55b639e36894d36eb3121fc263dd52dacc0d2911a34d,0.2703400848337967,0.5,B
004f715cbe9c010d345b55b639e36894d36eb3121fc263dd52dacc0d2911a34d,0.2703400848337967,0.5,B
004f715cbe9c010d345b55b639e36894d36eb3121fc263dd52dacc0d2911a34d,0.2703400848337967,0.5,B
004f715cbe9c010d345b55b639e36894d36eb3121fc263dd52dacc0d2911a34d,0.2703400848337967,0.5,B
004f715cbe9c010d345b55b639e36894d36eb3121fc263dd52dacc0d2911a34d,0.2703400848337967,0.5,B
004f715cbe9c010d345b55b639e36894d36eb3121fc263dd52dacc0d2911a34d,0.2703400848337967,0.5,B
004f715cbe9c010d345b55b639e36894d36eb3121fc263dd52dacc0d2911a34d,0.2703400848337967,0.5,B
004f715cbe9c010d345b55b639e36894d36eb3121fc263dd52dacc0d2911a34d,0.2703400848337967,0.5,B
004f715cbe9c010d345b55b639e36894d36eb3121fc263dd52dacc0d2911a34d,0.2703400848337967,0.5,B
004f715cbe9c010d345b55b639e36894d36eb3121fc263dd52dacc0d2911a34d,0.2703400848337967,0.5,B
004f715cbe9c010d345b55b639e36894d36eb3121fc263dd52dacc0d2911a34d,0.2703400848337967,0.5,B
004f715cbe9c010d345b55b639e36894d36eb3121fc263dd52dacc0d2911a34d,0.2703400848337967,0.5,B
004f715cbe9c010d345b55b639e36894d36eb3121fc263dd52dacc0d2911a34d,0.2703400848337967,0.5,B
004f715cbe9c010d345b55b639e36894d36eb3121fc263dd52dacc0d2911a34d,0.2703400848337967,0.5,B
004f715cbe9c010d345b55b639e36894d36eb3121fc263dd52dacc0d2911a34d,0.2703400848337967,0.5,A
004f715cbe9c010d345b55b639e36894d36eb3121fc263dd52dacc0d2911a34d,0.2703400848337967,0.5,B
004f715cbe9c010d345b55b639e36894d36eb3121fc263dd52dacc0d2911a34d,0.2703400848337967,0.5,B
004f715cbe9c010d345b55b639e36894d36eb3121fc263dd52dacc0d2911a34d,0.2703400848337967,0.5,B
004f715cbe9c010d345b55b639e36894d36eb3121fc263dd52dacc0d2911a34d,0.2703400848337967,0.5,B
004f715cbe9c010d345b55b639e36894d36eb3121fc263dd52dacc0d2911a34d,0.2703400848337967,0.5,B
004f715cbe9c010d345b55b639e36894d36eb3121fc263dd52dacc0d2911a34d,0.2703400848337967,0.5,B
004f715cbe9c010d345b55b639e36894d36eb3121fc263dd52dacc0d2911a34d,0.2703400848337967,0.5,B
004f715cbe9c010d345b55b639e36894d36eb3121fc263dd52dacc0d2911a34d,0.2703400848337967,1.5,B
004f715cbe9c010d345b55b639e36894d36eb3121fc263dd52dacc0d2911a34d,0.2703400848337967,1.5,B
004f715cbe9c010d345b55b639e36894d36eb3121fc263dd52dacc0d2911a34d,0.2703400848337967,1.5,B
004f715cbe9c010d345b55b639e36894d36eb3121fc263dd52dacc0d2911a34d,0.2703400848337967,1.5,B
004f715cbe9c010d345b55b639e36894d36eb3121fc263dd52dacc0d2911a34d,0.2703400848337967,1.5,A
004f715cbe9c010d345b55b639e36894d36eb3121fc263dd52dacc0d2911a34d,0.2703400848337967,1.5,B
004f715cbe9c010d345b55b639e36894d36eb3121fc263dd52dacc0d2911a34d,0.2703400848337967,1.5,A
004f715cbe9c010d345b55b639e36894d36eb3121fc263dd52dacc0d2911a34d,0.2703400848337967,1.5,B
004f715cbe9c010d345b55b639e36894d36eb3121fc263dd52dacc0d2911a34d,0.2703400848337967,1.5,B
004f715cbe9c010d345b55b639e36894d36eb3121fc263dd52dacc0d2911a34d,0.2703400848337967,1.5,A
004f715cbe9c010d345b55b639e36894d36eb3121fc263dd52dacc0d2911a34d,0.2703400848337967,1.5,A
004f715cbe9c010d345b55b639e36894d36eb3121fc263dd52dacc0d2911a34d,0.2703400848337967,1.5,B
004f715cbe9c010d345b55b639e36894d36eb3121fc263dd52dacc0d2911a34d,0.2703400848337967,1.5,A
004f715cbe9c010d345b55b639e36894d36eb3121fc263dd52dacc0d2911a34d,0.2703400848337967,1.5,A
004f715cbe9c010d345b55b639e36894d36eb3121fc263dd52dacc0d2911a34d,0.2703400848337967,1.5,B
004f715cbe9c010d345b55b639e36894d36eb3121fc263dd52dacc0d2911a34d,0.2703400848337967,1.5,B
004f715cbe9c010d345b55b639e36894d36eb3121fc263dd52dacc0d2911a34d,0.2703400848337967,1.5,B
004f715cbe9c010d345b55b639e36894d36eb3121fc263dd52dacc0d2911a34d,0.2703400848337967,1.5,B
004f715cbe9c010d345b55b639e36894d36eb3121fc263dd52dacc0d2911a34d,0.2703400848337967,1.5,B
004f715cbe9c010d345b55b639e36894d36eb3121fc263dd52dacc0d2911a34d,0.2703400848337967,1.5,A
004f715cbe9c010d345b55b639e36894d36eb3121fc263dd52dacc0d2911a34d,0.2703400848337967,1.5,B
004f715cbe9c010d345b55b639e36894d36eb3121fc263dd52dacc0d2911a34d,0.2703400848337967,1.5,B
004f715cbe9c010d345b55b639e36894d36eb3121fc263dd52dacc0d2911a34d,0.2703400848337967,1.5,B
004f715cbe9c010d345b55b639e36894d36eb3121fc263dd52dacc0d2911a34d,0.2703400848337967,1.5,B
004f715cbe9c010d345b55b639e36894d36eb3121fc263dd52dacc0d2911a34d,0.2703400848337967,1.5,B
004f715cbe9c010d345b55b639e36894d36eb3121fc263dd52dacc0d2911a34d,0.2703400848337967,1.5,B
004f715cbe9c010d345b55b639e36894d36eb3121fc263dd52dacc0d2911a34d,0.2703400848337967,1.5,B
004f715cbe9c010d345b55b639e36894d36eb3121fc263dd52dacc0d2911a34d,0.2703400848337967,1.5,B
004f715cbe9c010d345b55b639e36894d36eb3121fc263dd52dacc0d2911a34d,0.2703400848337967,1.5,B
004f715cbe9c010d345b55b639e36894d36eb3121fc263dd52dacc0d2911a34d,0.2703400848337967,1.5,A
004f715cbe9c010d345b55b639e36894d36eb3121fc263dd52dacc0d2911a34d,0.2703400848337967,1.5,B
004f715cbe9c010d345b55b639e36894d36eb3121fc263dd52dacc0d2911a34d,0.2703400848337967,1.5,B
004f715cbe9c010d345b55b639e36894d36eb3121fc263dd52dacc0d2911a34d,0.2703400848337967,1.5,B
004f715cbe9c010d345b55b639e36894d36eb3121fc263dd52dacc0d2911a34d,0.2703400848337967,1.5,B
004f715cbe9c010d345b55b639e36894d36eb3121fc263dd52dacc0d2911a34d,0.2703400848337967,1.5,A
004f715cbe9c010d345b55b639e36894d36eb3121fc263dd52dacc0d2911a34d,0.2703400848337967,1.5,B
004f715cbe9c010d345b55b639e36894d36eb3121fc263dd52dacc0d2911a34d,0.2703400848337967,1.5,B
004f715cbe9c010d345b55b639e36894d36eb3121fc263dd52dacc0d2911a34d,0.2703400848337967,1.5,B
004f715cbe9c010d345b55b639e36894d36eb3121fc263dd52dacc0d2911a34d,0.2703400848337967,1.5,B
004f715cbe9c010d345b55b639e36894d36eb3121fc263dd52dacc0d2911a34d,0.2703400848337967,1.5,B
004f715cbe9c010d345b55b639e36894d36eb3121fc263dd52dacc0d2911a34d,0.2703400848337967,1.5,B
004f715cbe9c010d345b55b639e36894d36eb3121fc263dd52dacc0d2911a34d,0.2703400848337967,1.5,B
004f715cbe9c010d345b55b639e36894d36eb3121fc263dd52dacc0d2911a34d,0.2703400848337967,1.5,A
004f715cbe9c010d345b55b639e36894d36eb3121fc263dd52dacc0d2911a34d,0.2703400848337967,1.5,B
004f715cbe9c010d345b55b639e36894d36eb3121fc263dd52dacc0d2911a34d,0.2703400848337967,1.5,B
004f715cbe9c010d345b55b639e36894d36eb3121fc263dd52dacc0d2911a34d,0.2703400848337967,1.5,B
004f715cbe9c010d345b55b639e36894d36eb3121fc263dd52dacc0d2911a34d,0.2703400848337967,1.5,B
004f715cbe9c010d345b55b639e36894d36eb3121fc263dd52dacc0d2911a34d,0.2703400848337967,1.5,B
004f715cbe9c010d345b55b639e36894d36eb3121fc263dd52dacc0d2911a34d,0.2703400848337967,1.5,A
004f715cbe9c010d345b55b639e36894d36eb3121fc263dd52dacc0d2911a34d,0.2703400848337967,1.5,A
005ebfc4c0940660b8f4c2cce55a332182e512b3b56b84b713ef89162e3aa974,0.3219377631216242,0.5,B
005ebfc4c0940660b8f4c2cce55a332182e512b3b56b84b713ef89162e3aa974,0.3219377631216242,0.5,A
005ebfc4c0940660b8f4c2cce55a332182e512b3b56b84b713ef89162e3aa974,0.3219377631216242,0.5,B
005ebfc4c0940660b8f4c2cce55a332182e512b3b56b84b713ef89162e3aa974,0.3219377631216242,0.5,B
005ebfc4c0940660b8f4c2cce55a332182e512b3b56b84b713ef89162e3aa974,0.3219377631216242,0.5,B
005ebfc4c0940660b8f4c2cce55a332182e512b3b56b84b713ef89162e3aa974,0.3219377631216242,0.5,B
005ebfc4c0940660b8f4c2cce55a332182e512b3b56b84b713ef89162e3aa974,0.3219377631216242,0.5,B
005ebfc4c0940660b8f4c2cce55a332182e512b3b56b84b713ef89162e3aa974,0.3219377631216242,0.5,B
005ebfc4c0940660b8f4c2cce55a332182e512b3b56b84b713ef89162e3aa974,0.3219377631216242,0.5,A
005ebfc4c0940660b8f4c2cce55a332182e512b3b56b84b713ef89162e3aa974,0.3219377631216242,0.5,B
005ebfc4c0940660b8f4c2cce55a332182e512b3b56b84b713ef89162e3aa974,0.3219377631216242,0.5,B
005ebfc4c0940660b8f4c2cce55a332182e512b3b56b84b713ef89162e3aa974,0.3219377631216242,0.5,A
005ebfc4c0940660b8f4c2cce55a332182e512b3b56b84b713ef89162e3aa974,0.3219377631216242,0.5,B
005ebfc4c0940660b8f4c2cce55a332182e512b3b56b84b713ef89162e3aa974,0.3219377631216242,0.5,B
005ebfc4c0940660b8f4c2cce55a332182e512b3b56b84b713ef89162e3aa974,0.3219377631216242,0.5,B
005ebfc4c0940660b8f4c2cce55a332182e512b3b56b84b713ef89162e3aa974,0.3219377631216242,0.5,B
005ebfc4c0940660b8f4c2cce55a332182e512b3b56b84b713ef89162e3aa974,0.3219377631216242,0.5,B
005ebfc4c0940660b8f4c2cce55a332182e512b3b56b84b713ef89162e3aa974,0.3219377631216242,0.5,B
005ebfc4c0940660b8f4c2cce55a332182e512b3b56b84b713ef89162e3aa974,0.3219377631216242,0.5,B
005ebfc4c0940660b8f4c2cce55a332182e512b3b56b84b713ef89162e3aa974,0.3219377631216242,0.5,B
005ebfc4c0940660b8f4c2cce55a332182e512b3b56b84b713ef89162e3aa974,0.3219377631216242,0.5,B
005ebfc4c0940660b8f4c2cce55a332182e512b3b56b84b713ef89162e3aa974,0.3219377631216242,0.5,B
005ebfc4c0940660b8f4c2cce55a332182e512b3b56b84b713ef89162e3aa974,0.3219377631216242,0.5,B
005ebfc4c0940660b8f4c2cce55a332182e512b3b56b84b713ef89162e3aa974,0.3219377631216242,0.5,B
005ebfc4c0940660b8f4c2cce55a332182e512b3b56b84b713ef89162e3aa974,0.3219377631216242,0.5,B
005ebfc4c0940660b8f4c2cce55a332182e512b3b56b84b713ef89162e3aa974,0.3219377631216242,0.5,B
005ebfc4c0940660b8f4c2cce55a332182e512b3b56b84b713ef89162e3aa974,0.3219377631216242,0.5,A
005ebfc4c0940660b8f4c2cce55a332182e512b3b56b84b713ef89162e3aa974,0.3219377631216242,0.5,B
005ebfc4c0940660b8f4c2cce55a332182e512b3b56b84b713ef89162e3aa974,0.3219377631216242,0.5,B
005ebfc4c0940660b8f4c2cce55a332182e512b3b56b84b713ef89162e3aa974,0.3219377631216242,0.5,B
005ebfc4c0940660b8f4c2cce55a332182e512b3b56b84b713ef89162e3aa974,0.3219377631216242,0.5,A
005ebfc4c0940660b8f4c2cce55a332182e512b3b56b84b713ef89162e3aa974,0.3219377631216242,0.5,B
005ebfc4c0940660b8f4c2cce55a332182e512b3b56b84b713ef89162e3aa974,0.3219377631216242,0.5,A
005ebfc4c0940660b8f4c2cce55a332182e512b3b56b84b713ef89162e3aa974,0.3219377631216242,0.5,B
005ebfc4c0940660b8f4c2cce55a332182e512b3b56b84b713ef89162e3aa974,0.3219377631216242,0.5,B
005ebfc4c0940660b8f4c2cce55a332182e512b3b56b84b713ef89162e3aa974,0.3219377631216242,0.5,B
005ebfc4c0940660b8f4c2cce55a332182e512b3b56b84b713ef89162e3aa974,0.3219377631216242,0.5,A
005ebfc4c0940660b8f4c2cce55a332182e512b3b56b84b713ef89162e3aa974,0.3219377631216242,0.5,B
005ebfc4c0940660b8f4c2cce55a332182e512b3b56b84b713ef89162e3aa974,0.3219377631216242,0.5,B
005ebfc4c0940660b8f4c2cce55a332182e512b3b56b84b713ef89162e3aa974,0.3219377631216242,0.5,A
005ebfc4c0940660b8f4c2cce55a332182e512b3b56b84b713ef89162e3aa974,0.3219377631216242,0.5,B
005ebfc4c0940660b8f4c2cce55a332182e512b3b56b84b713ef89162e3aa974,0.3219377631216242,0.5,B
005ebfc4c0940660b8f4c2cce55a332182e512b3b56b84b713ef89162e3aa974,0.3219377631216242,0.5,B
005ebfc4c0940660b8f4c2cce55a332182e512b3b56b84b713ef89162e3aa974,0.3219377631216242,0.5,B
005ebfc4c0940660b8f4c2cce55a332182e512b3b56b84b713ef89162e3aa974,0.3219377631216242,0.5,B
005ebfc4c0940660b8f4c2cce55a332182e512b3b56b84b713ef89162e3aa974,0.3219377631216242,0.5,B
005ebfc4c0940660b8f4c2cce55a332182e512b3b56b84b713ef89162e3aa974,0.3219377631216242,0.5,B
005ebfc4c0940660b8f4c2cce55a332182e512b3b56b84b713ef89162e3aa974,0.3219377631216242,0.5,B
005ebfc4c0940660b8f4c2cce55a332182e512b3b56b84b713ef89162e3aa974,0.3219377631216242,0.5,B
005ebfc4c0940660b8f4c2cce55a332182e512b3b56b84b713ef89162e3aa974,0.3219377631216242,0.5,B
005ebfc4c0940660b8f4c2cce55a332182e512b3b56b84b713ef89162e3aa974,0.3219377631216242,1.5,A
005ebfc4c0940660b8f4c2cce55a332182e512b3b56b84b713ef89162e3aa974,0.3219377631216242,1.5,B
005ebfc4c0940660b8f4c2cce55a332182e512b3b56b84b713ef89162e3aa974,0.3219377631216242,1.5,
005ebfc4c0940660b8f4c2cce55a332182e512b3b56b84b713ef89162e3aa974,0.3219377631216242,1.5,B
005ebfc4c0940660b8f4c2cce55a332182e512b3b56b84b713ef89162e3aa974,0.3219377631216242,1.5,B
005ebfc4c0940660b8f4c2cce55a332182e512b3b56b84b713ef89162e3aa974,0.3219377631216242,1.5,A
005ebfc4c0940660b8f4c2cce55a332182e512b3b56b84b713ef89162e3aa974,0.3219377631216242,1.5,A
005ebfc4c0940660b8f4c2cce55a332182e512b3b56b84b713ef89162e3aa974,0.3219377631216242,1.5,
005ebfc4c0940660b8f4c2cce55a332182e512b3b56b84b713ef89162e3aa974,0.3219377631216242,1.5,B
005ebfc4c0940660b8f4c2cce55a332182e512b3b56b84b713ef89162e3aa974,0.3219377631216242,1.5,B
005ebfc4c0940660b8f4c2cce55a332182e512b3b56b84b713ef89162e3aa974,0.3219377631216242,1.5,A
005ebfc4c0940660b8f4c2cce55a332182e512b3b56b84b713ef89162e3aa974,0.3219377631216242,1.5,A
005ebfc4c0940660b8f4c2cce55a332182e512b3b56b84b713ef89162e3aa974,0.3219377631216242,1.5,B
005ebfc4c0940660b8f4c2cce55a332182e512b3b56b84b713ef89162e3aa974,0.3219377631216242,1.5,
005ebfc4c0940660b8f4c2cce55a332182e512b3b56b84b713ef89162e3aa974,0.3219377631216242,1.5,B
005ebfc4c0940660b8f4c2cce55a332182e512b3b56b84b713ef89162e3aa974,0.3219377631216242,1.5,B
005ebfc4c0940660b8f4c2cce55a332182e512b3b56b84b713ef89162e3aa974,0.3219377631216242,1.5,
005ebfc4c0940660b8f4c2cce55a332182e512b3b56b84b713ef89162e3aa974,0.3219377631216242,1.5,B
005ebfc4c0940660b8f4c2cce55a332182e512b3b56b84b713ef89162e3aa974,0.3219377631216242,1.5,B
005ebfc4c0940660b8f4c2cce55a332182e512b3b56b84b713ef89162e3aa974,0.3219377631216242,1.5,A
005ebfc4c0940660b8f4c2cce55a332182e512b3b56b84b713ef89162e3aa974,0.3219377631216242,1.5,A
005ebfc4c0940660b8f4c2cce55a332182e512b3b56b84b713ef89162e3aa974,0.3219377631216242,1.5,B
005ebfc4c0940660b8f4c2cce55a332182e512b3b56b84b713ef89162e3aa974,0.3219377631216242,1.5,B
005ebfc4c0940660b8f4c2cce55a332182e512b3b56b84b713ef89162e3aa974,0.3219377631216242,1.5,A
005ebfc4c0940660b8f4c2cce55a332182e512b3b56b84b713ef89162e3aa974,0.3219377631216242,1.5,B
005ebfc4c0940660b8f4c2cce55a332182e512b3b56b84b713ef89162e3aa974,0.3219377631216242,1.5,A
005ebfc4c0940660b8f4c2cce55a332182e512b3b56b84b713ef89162e3aa974,0.3219377631216242,1.5,B
005ebfc4c0940660b8f4c2cce55a332182e512b3b56b84b713ef89162e3aa974,0.3219377631216242,1.5,
005ebfc4c0940660b8f4c2cce55a332182e512b3b56b84b713ef89162e3aa974,0.3219377631216242,1.5,B
005ebfc4c0940660b8f4c2cce55a332182e512b3b56b84b713ef89162e3aa974,0.3219377631216242,1.5,A
005ebfc4c0940660b8f4c2cce55a332182e512b3b56b84b713ef89162e3aa974,0.3219377631216242,1.5,B
005ebfc4c0940660b8f4c2cce55a332182e512b3b56b84b713ef89162e3aa974,0.3219377631216242,1.5,B
005ebfc4c0940660b8f4c2cce55a332182e512b3b56b84b713ef89162e3aa974,0.3219377631216242,1.5,B
005ebfc4c0940660b8f4c2cce55a332182e512b3b56b84b713ef89162e3aa974,0.3219377631216242,1.5,B
005ebfc4c0940660b8f4c2cce55a332182e512b3b56b84b713ef89162e3aa974,0.3219377631216242,1.5,B
005ebfc4c0940660b8f4c2cce55a332182e512b3b56b84b713ef89162e3aa974,0.3219377631216242,1.5,B
005ebfc4c0940660b8f4c2cce55a332182e512b3b56b84b713ef89162e3aa974,0.3219377631216242,1.5,B
005ebfc4c0940660b8f4c2cce55a332182e512b3b56b84b713ef89162e3aa974,0.3219377631216242,1.5,B
005ebfc4c0940660b8f4c2cce55a332182e512b3b56b84b713ef89162e3aa974,0.3219377631216242,1.5,B
005ebfc4c0940660b8f4c2cce55a332182e512b3b56b84b713ef89162e3aa974,0.3219377631216242,1.5,
005ebfc4c0940660b8f4c2cce55a332182e512b3b56b84b713ef89162e3aa974,0.3219377631216242,1.5,
005ebfc4c0940660b8f4c2cce55a332182e512b3b56b84b713ef89162e3aa974,0.3219377631216242,1.5,B
005ebfc4c0940660b8f4c2cce55a332182e512b3b56b84b713ef89162e3aa974,0.3219377631216242,1.5,A
005ebfc4c0940660b8f4c2cce55a332182e512b3b56b84b713ef89162e3aa974,0.3219377631216242,1.5,B
005ebfc4c0940660b8f4c2cce55a332182e512b3b56b84b713ef89162e3aa974,0.3219377631216242,1.5,
005ebfc4c0940660b8f4c2cce55a332182e512b3b56b84b713ef89162e3aa974,0.3219377631216242,1.5,A
005ebfc4c0940660b8f4c2cce55a332182e512b3b56b84b713ef89162e3aa974,0.3219377631216242,1.5,B
005ebfc4c0940660b8f4c2cce55a332182e512b3b56b84b713ef89162e3aa974,0.3219377631216242,1.5,A
005ebfc4c0940660b8f4c2cce55a332182e512b3b56b84b713ef89162e3aa974,0.3219377631216242,1.5,A
005ebfc4c0940660b8f4c2cce55a332182e512b3b56b84b713ef89162e3aa974,0.3219377631216242,1.5,A
00aaf7f017372f0d62c6b2abbb8be05387d4af9e3104e36c0651576d56e551cd,0.6233476087347143,0.5,A
00aaf7f017372f0d62c6b2abbb8be05387d4af9e3104e36c0651576d56e551cd,0.6233476087347143,0.5,A
00aaf7f017372f0d62c6b2abbb8be05387d4af9e3104e36c0651576d56e551cd,0.6233476087347143,0.5,A
00aaf7f017372f0d62c6b2abbb8be05387d4af9e3104e36c0651576d56e551cd,0.6233476087347143,0.5,A
00aaf7f017372f0d62c6b2abbb8be05387d4af9e3104e36c0651576d56e551cd,0.6233476087347143,0.5,B
00aaf7f017372f0d62c6b2abbb8be05387d4af9e3104e36c0651576d56e551cd,0.6233476087347143,0.5,A
00aaf7f017372f0d62c6b2abbb8be05387d4af9e3104e36c0651576d56e551cd,0.6233476087347143,0.5,A
00aaf7f017372f0d62c6b2abbb8be05387d4af9e3104e36c0651576d56e551cd,0.6233476087347143,0.5,A
00aaf7f017372f0d62c6b2abbb8be05387d4af9e3104e36c0651576d56e551cd,0.6233476087347143,0.5,B
00aaf7f017372f0d62c6b2abbb8be05387d4af9e3104e36c0651576d56e551cd,0.6233476087347143,0.5,B
00aaf7f017372f0d62c6b2abbb8be05387d4af9e3104e36c0651576d56e551cd,0.6233476087347143,0.5,A
00aaf7f017372f0d62c6b2abbb8be05387d4af9e3104e36c0651576d56e551cd,0.6233476087347143,0.5,A
00aaf7f017372f0d62c6b2abbb8be05387d4af9e3104e36c0651576d56e551cd,0.6233476087347143,0.5,A
00aaf7f017372f0d62c6b2abbb8be05387d4af9e3104e36c0651576d56e551cd,0.6233476087347143,0.5,A
00aaf7f017372f0d62c6b2abbb8be05387d4af9e3104e36c0651576d56e551cd,0.6233476087347143,0.5,A
00aaf7f017372f0d62c6b2abbb8be05387d4af9e3104e36c0651576d56e551cd,0.6233476087347143,0.5,A
00aaf7f017372f0d62c6b2abbb8be05387d4af9e3104e36c0651576d56e551cd,0.6233476087347143,0.5,A
00aaf7f017372f0d62c6b2abbb8be05387d4af9e3104e36c0651576d56e551cd,0.6233476087347143,0.5,A
00aaf7f017372f0d62c6b2abbb8be05387d4af9e3104e36c0651576d56e551cd,0.6233476087347143,0.5,B
00aaf7f017372f0d62c6b2abbb8be05387d4af9e3104e36c0651576d56e551cd,0.6233476087347143,0.5,A
00aaf7f017372f0d62c6b2abbb8be05387d4af9e3104e36c0651576d56e551cd,0.6233476087347143,0.5,A
00aaf7f017372f0d62c6b2abbb8be05387d4af9e3104e36c0651576d56e551cd,0.6233476087347143,0.5,A
00aaf7f017372f0d62c6b2abbb8be05387d4af9e3104e36c0651576d56e551cd,0.6233476087347143,0.5,A
00aaf7f017372f0d62c6b2abbb8be05387d4af9e3104e36c0651576d56e551cd,0.6233476087347143,0.5,A
00aaf7f017372f0d62c6b2abbb8be05387d4af9e3104e36c0651576d56e551cd,0.6233476087347143,0.5,A
00aaf7f017372f0d62c6b2abbb8be05387d4af9e3104e36c0651576d56e551cd,0.6233476087347143,0.5,A
00aaf7f017372f0d62c6b2abbb8be05387d4af9e3104e36c0651576d56e551cd,0.6233476087347143,0.5,A
00aaf7f017372f0d62c6b2abbb8be05387d4af9e3104e36c0651576d56e551cd,0.6233476087347143,0.5,A
00aaf7f017372f0d62c6b2abbb8be05387d4af9e3104e36c0651576d56e551cd,0.6233476087347143,0.5,B
00aaf7f017372f0d62c6b2abbb8be05387d4af9e3104e36c0651576d56e551cd,0.6233476087347143,0.5,A
00aaf7f017372f0d62c6b2abbb8be05387d4af9e3104e36c0651576d56e551cd,0.6233476087347143,0.5,A
00aaf7f017372f0d62c6b2abbb8be05387d4af9e3104e36c0651576d56e551cd,0.6233476087347143,0.5,A
00aaf7f017372f0d62c6b2abbb8be05387d4af9e3104e36c0651576d56e551cd,0.6233476087347143,0.5,A
00aaf7f017372f0d62c6b2abbb8be05387d4af9e3104e36c0651576d56e551cd,0.6233476087347143,0.5,A
00aaf7f017372f0d62c6b2abbb8be05387d4af9e3104e36c0651576d56e551cd,0.6233476087347143,0.5,A
00aaf7f017372f0d62c6b2abbb8be05387d4af9e3104e36c0651576d56e551cd,0.6233476087347143,0.5,A
00aaf7f017372f0d62c6b2abbb8be05387d4af9e3104e36c0651576d56e551cd,0.6233476087347143,0.5,B
00aaf7f017372f0d62c6b2abbb8be05387d4af9e3104e36c0651576d56e551cd,0.6233476087347143,0.5,A
00aaf7f017372f0d62c6b2abbb8be05387d4af9e3104e36c0651576d56e551cd,0.6233476087347143,0.5,A
00aaf7f017372f0d62c6b2abbb8be05387d4af9e3104e36c0651576d56e551cd,0.6233476087347143,0.5,A
00aaf7f017372f0d62c6b2abbb8be05387d4af9e3104e36c0651576d56e551cd,0.6233476087347143,0.5,B
00aaf7f017372f0d62c6b2abbb8be05387d4af9e3104e36c0651576d56e551cd,0.6233476087347143,0.5,A
00aaf7f017372f0d62c6b2abbb8be05387d4af9e3104e36c0651576d56e551cd,0.6233476087347143,0.5,A
00aaf7f017372f0d62c6b2abbb8be05387d4af9e3104e36c0651576d56e551cd,0.6233476087347143,0.5,A
00aaf7f017372f0d62c6b2abbb8be05387d4af9e3104e36c0651576d56e551cd,0.6233476087347143,0.5,A
00aaf7f017372f0d62c6b2abbb8be05387d4af9e3104e36c0651576d56e551cd,0.6233476087347143,0.5,B
00aaf7f017372f0d62c6b2abbb8be05387d4af9e3104e36c0651576d56e551cd,0.6233476087347143,0.5,A
00aaf7f017372f0d62c6b2abbb8be05387d4af9e3104e36c0651576d56e551cd,0.6233476087347143,0.5,A
00aaf7f017372f0d62c6b2abbb8be05387d4af9e3104e36c0651576d56e551cd,0.6233476087347143,0.5,A
00aaf7f017372f0d62c6b2abbb8be05387d4af9e3104e36c0651576d56e551cd,0.6233476087347143,0.5,A
00aaf7f017372f0d62c6b2abbb8be05387d4af9e3104e36c0651576d56e551cd,0.6233476087347143,1.5,A
00aaf7f017372f0d62c6b2abbb8be05387d4af9e3104e36c0651576d56e551cd,0.6233476087347143,1.5,A
00aaf7f017372f0d62c6b2abbb8be05387d4af9e3104e36c0651576d56e551cd,0.6233476087347143,1.5,A
00aaf7f017372f0d62c6b2abbb8be05387d4af9e3104e36c0651576d56e551cd,0.6233476087347143,1.5,A
00aaf7f017372f0d62c6b2abbb8be05387d4af9e3104e36c0651576d56e551cd,0.6233476087347143,1.5,B
00aaf7f017372f0d62c6b2abbb8be05387d4af9e3104e36c0651576d56e551cd,0.6233476087347143,1.5,B
00aaf7f017372f0d62c6b2abbb8be05387d4af9e3104e36c0651576d56e551cd,0.6233476087347143,1.5,A
00aaf7f017372f0d62c6b2abbb8be05387d4af9e3104e36c0651576d56e551cd,0.6233476087347143,1.5,B
00aaf7f017372f0d62c6b2abbb8be05387d4af9e3104e36c0651576d56e551cd,0.6233476087347143,1.5,A
00aaf7f017372f0d62c6b2abbb8be05387d4af9e3104e36c0651576d56e551cd,0.6233476087347143,1.5,B
00aaf7f017372f0d62c6b2abbb8be05387d4af9e3104e36c0651576d56e551cd,0.6233476087347143,1.5,A
00aaf7f017372f0d62c6b2abbb8be05387d4af9e3104e36c0651576d56e551cd,0.6233476087347143,1.5,B
00aaf7f017372f0d62c6b2abbb8be05387d4af9e3104e36c0651576d56e551cd,0.6233476087347143,1.5,A
00aaf7f017372f0d62c6b2abbb8be05387d4af9e3104e36c0651576d56e551cd,0.6233476087347143,1.5,A
00aaf7f017372f0d62c6b2abbb8be05387d4af9e3104e36c0651576d56e551cd,0.6233476087347143,1.5,
00aaf7f017372f0d62c6b2abbb8be05387d4af9e3104e36c0651576d56e551cd,0.6233476087347143,1.5,A
00aaf7f017372f0d62c6b2abbb8be05387d4af9e3104e36c0651576d56e551cd,0.6233476087347143,1.5,A
00aaf7f017372f0d62c6b2abbb8be05387d4af9e3104e36c0651576d56e551cd,0.6233476087347143,1.5,
00aaf7f017372f0d62c6b2abbb8be05387d4af9e3104e36c0651576d56e551cd,0.6233476087347143,1.5,
00aaf7f017372f0d62c6b2abbb8be05387d4af9e3104e36c0651576d56e551cd,0.6233476087347143,1.5,B
00aaf7f017372f0d62c6b2abbb8be05387d4af9e3104e36c0651576d56e551cd,0.6233476087347143,1.5,A
00aaf7f017372f0d62c6b2abbb8be05387d4af9e3104e36c0651576d56e551cd,0.6233476087347143,1.5,A
00aaf7f017372f0d62c6b2abbb8be05387d4af9e3104e36c0651576d56e551cd,0.6233476087347143,1.5,A
00aaf7f017372f0d62c6b2abbb8be05387d4af9e3104e36c0651576d56e551cd,0.6233476087347143,1.5,A
00aaf7f017372f0d62c6b2abbb8be05387d4af9e3104e36c0651576d56e551cd,0.6233476087347143,1.5,A
00aaf7f017372f0d62c6b2abbb8be05387d4af9e3104e36c0651576d56e551cd,0.6233476087347143,1.5,
00aaf7f017372f0d62c6b2abbb8be05387d4af9e3104e36c0651576d56e551cd,0.6233476087347143,1.5,A
00aaf7f017372f0d62c6b2abbb8be05387d4af9e3104e36c0651576d56e551cd,0.6233476087347143,1.5,B
00aaf7f017372f0d62c6b2abbb8be05387d4af9e3104e36c0651576d56e551cd,0.6233476087347143,1.5,B
00aaf7f017372f0d62c6b2abbb8be05387d4af9e3104e36c0651576d56e551cd,0.6233476087347143,1.5,A
00aaf7f017372f0d62c6b2abbb8be05387d4af9e3104e36c0651576d56e551cd,0.6233476087347143,1.5,B
00aaf7f017372f0d62c6b2abbb8be05387d4af9e3104e36c0651576d56e551cd,0.6233476087347143,1.5,A
00aaf7f017372f0d62c6b2abbb8be05387d4af9e3104e36c0651576d56e551cd,0.6233476087347143,1.5,A
00aaf7f017372f0d62c6b2abbb8be05387d4af9e3104e36c0651576d56e551cd,0.6233476087347143,1.5,B
00aaf7f017372f0d62c6b2abbb8be05387d4af9e3104e36c0651576d56e551cd,0.6233476087347143,1.5,A
00aaf7f017372f0d62c6b2abbb8be05387d4af9e3104e36c0651576d56e551cd,0.6233476087347143,1.5,A
00aaf7f017372f0d62c6b2abbb8be05387d4af9e3104e36c0651576d56e551cd,0.6233476087347143,1.5,B
00aaf7f017372f0d62c6b2abbb8be05387d4af9e3104e36c0651576d56e551cd,0.6233476087347143,1.5,B
00aaf7f017372f0d62c6b2abbb8be05387d4af9e3104e36c0651576d56e551cd,0.6233476087347143,1.5,A
00aaf7f017372f0d62c6b2abbb8be05387d4af9e3104e36c0651576d56e551cd,0.6233476087347143,1.5,A
00aaf7f017372f0d62c6b2abbb8be05387d4af9e3104e36c0651576d56e551cd,0.6233476087347143,1.5,B
00aaf7f017372f0d62c6b2abbb8be05387d4af9e3104e36c0651576d56e551cd,0.6233476087347143,1.5,B
00aaf7f017372f0d62c6b2abbb8be05387d4af9e3104e36c0651576d56e551cd,0.6233476087347143,1.5,A
00aaf7f017372f0d62c6b2abbb8be05387d4af9e3104e36c0651576d56e551cd,0.6233476087347143,1.5,B
00aaf7f017372f0d62c6b2abbb8be05387d4af9e3104e36c0651576d56e551cd,0.6233476087347143,1.5,A
00aaf7f017372f0d62c6b2abbb8be05387d4af9e3104e36c0651576d56e551cd,0.6233476087347143,1.5,B
00aaf7f017372f0d62c6b2abbb8be05387d4af9e3104e36c0651576d56e551cd,0.6233476087347143,1.5,
00aaf7f017372f0d62c6b2abbb8be05387d4af9e3104e36c0651576d56e551cd,0.6233476087347143,1.5,A
00aaf7f017372f0d62c6b2abbb8be05387d4af9e3104e36c0651576d56e551cd,0.6233476087347143,1.5,A
00aaf7f017372f0d62c6b2abbb8be05387d4af9e3104e36c0651576d56e551cd,0.6233476087347143,1.5,A
00e98f75c1839f92492b3e65ac57e73c50152c15ee086056856f6120a4b84721,0.3792859210125139,0.5,B
00e98f75c1839f92492b3e65ac57e73c50152c15ee086056856f6120a4b84721,0.3792859210125139,0.5,B
00e98f75c1839f92492b3e65ac57e73c50152c15ee086056856f6120a4b84721,0.3792859210125139,0.5,B
00e98f75c1839f92492b3e65ac57e73c50152c15ee086056856f6120a4b84721,0.3792859210125139,0.5,B
00e98f75c1839f92492b3e65ac57e73c50152c15ee086056856f6120a4b84721,0.3792859210125139,0.5,B
00e98f75c1839f92492b3e65ac57e73c50152c15ee086056856f6120a4b84721,0.3792859210125139,0.5,B
00e98f75c1839f92492b3e65ac57e73c50152c15ee086056856f6120a4b84721,0.3792859210125139,0.5,A
00e98f75c1839f92492b3e65ac57e73c50152c15ee086056856f6120a4b84721,0.3792859210125139,0.5,A
00e98f75c1839f92492b3e65ac57e73c50152c15ee086056856f6120a4b84721,0.3792859210125139,0.5,B
00e98f75c1839f92492b3e65ac57e73c50152c15ee086056856f6120a4b84721,0.3792859210125139,0.5,B
00e98f75c1839f92492b3e65ac57e73c50152c15ee086056856f6120a4b84721,0.3792859210125139,0.5,B
00e98f75c1839f92492b3e65ac57e73c50152c15ee086056856f6120a4b84721,0.3792859210125139,0.5,B
00e98f75c1839f92492b3e65ac57e73c50152c15ee086056856f6120a4b84721,0.3792859210125139,0.5,B
00e98f75c1839f92492b3e65ac57e73c50152c15ee086056856f6120a4b84721,0.3792859210125139,0.5,A
00e98f75c1839f92492b3e65ac57e73c50152c15ee086056856f6120a4b84721,0.3792859210125139,0.5,B
00e98f75c1839f92492b3e65ac57e73c50152c15ee086056856f6120a4b84721,0.3792859210125139,0.5,A
00e98f75c1839f92492b3e65ac57e73c50152c15ee086056856f6120a4b84721,0.3792859210125139,0.5,B
00e98f75c1839f92492b3e65ac57e73c50152c15ee086056856f6120a4b84721,0.3792859210125139,0.5,B
00e98f75c1839f92492b3e65ac57e73c50152c15ee086056856f6120a4b84721,0.3792859210125139,0.5,A
00e98f75c1839f92492b3e65ac57e73c50152c15ee086056856f6120a4b84721,0.3792859210125139,0.5,B
00e98f75c1839f92492b3e65ac57e73c50152c15ee086056856f6120a4b84721,0.3792859210125139,0.5,B
00e98f75c1839f92492b3e65ac57e73c50152c15ee086056856f6120a4b84721,0.3792859210125139,0.5,B
00e98f75c1839f92492b3e65ac57e73c50152c15ee086056856f6120a4b84721,0.3792859210125139,0.5,B
00e98f75c1839f92492b3e65ac57e73c50152c15ee086056856f6120a4b84721,0.3792859210125139,0.5,B
00e98f75c1839f92492b3e65ac57e73c50152c15ee086056856f6120a4b84721,0.3792859210125139,0.5,B
00e98f75c1839f92492b3e65ac57e73c50152c15ee086056856f6120a4b84721,0.3792859210125139,0.5,B
00e98f75c1839f92492b3e65ac57e73c50152c15ee086056856f6120a4b84721,0.3792859210125139,0.5,B
00e98f75c1839f92492b3e65ac57e73c50152c15ee086056856f6120a4b84721,0.3792859210125139,0.5,B
00e98f75c1839f92492b3e65ac57e73c50152c15ee086056856f6120a4b84721,0.3792859210125139,0.5,B
00e98f75c1839f92492b3e65ac57e73c50152c15ee086056856f6120a4b84721,0.3792859210125139,0.5,B
00e98f75c1839f92492b3e65ac57e73c50152c15ee086056856f6120a4b84721,0.3792859210125139,0.5,B
00e98f75c1839f92492b3e65ac57e73c50152c15ee086056856f6120a4b84721,0.3792859210125139,0.5,B
00e98f75c1839f92492b3e65ac57e73c50152c15ee086056856f6120a4b84721,0.3792859210125139,0.5,B
00e98f75c1839f92492b3e65ac57e73c50152c15ee086056856f6120a4b84721,0.3792859210125139,0.5,B
00e98f75c1839f92492b3e65ac57e73c50152c15ee086056856f6120a4b84721,0.3792859210125139,0.5,A
00e98f75c1839f92492b3e65ac57e73c50152c15ee086056856f6120a4b84721,0.3792859210125139,0.5,B
00e98f75c1839f92492b3e65ac57e73c50152c15ee086056856f6120a4b84721,0.3792859210125139,0.5,A
00e98f75c1839f92492b3e65ac57e73c50152c15ee086056856f6120a4b84721,0.3792859210125139,0.5,B
00e98f75c1839f92492b3e65ac57e73c50152c15ee086056856f6120a4b84721,0.3792859210125139,0.5,B
00e98f75c1839f92492b3e65ac57e73c50152c15ee086056856f6120a4b84721,0.3792859210125139,0.5,B
00e98f75c1839f92492b3e65ac57e73c50152c15ee086056856f6120a4b84721,0.3792859210125139,0.5,B
00e98f75c1839f92492b3e65ac57e73c50152c15ee086056856f6120a4b84721,0.3792859210125139,0.5,B
00e98f75c1839f92492b3e65ac57e73c50152c15ee086056856f6120a4b84721,0.3792859210125139,0.5,B
00e98f75c1839f92492b3e65ac57e73c50152c15ee086056856f6120a4b84721,0.3792859210125139,0.5,A
00e98f75c1839f92492b3e65ac57e73c50152c15ee086056856f6120a4b84721,0.3792859210125139,0.5,B
00e98f75c1839f92492b3e65ac57e73c50152c15ee086056856f6120a4b84721,0.3792859210125139,0.5,B
00e98f75c1839f92492b3e65ac57e73c50152c15ee086056856f6120a4b84721,0.3792859210125139,0.5,B
00e98f75c1839f92492b3e65ac57e73c50152c15ee086056856f6120a4b84721,0.3792859210125139,0.5,B
00e98f75c1839f92492b3e65ac57e73c50152c15ee086056856f6120a4b84721,0.3792859210125139,0.5,B
00e98f75c1839f92492b3e65ac57e73c50152c15ee086056856f6120a4b84721,0.3792859210125139,0.5,B
00e98f75c1839f92492b3e65ac57e73c50152c15ee086056856f6120a4b84721,0.3792859210125139,1.5,
00e98f75c1839f92492b3e65ac57e73c50152c15ee086056856f6120a4b84721,0.3792859210125139,1.5,A
00e98f75c1839f92492b3e65ac57e73c50152c15ee086056856f6120a4b84721,0.3792859210125139,1.5,B
00e98f75c1839f92492b3e65ac57e73c50152c15ee086056856f6120a4b84721,0.3792859210125139,1.5,B
00e98f75c1839f92492b3e65ac57e73c50152c15ee086056856f6120a4b84721,0.3792859210125139,1.5,B
00e98f75c1839f92492b3e65ac57e73c50152c15ee086056856f6120a4b84721,0.3792859210125139,1.5,
00e98f75c1839f92492b3e65ac57e73c50152c15ee086056856f6120a4b84721,0.3792859210125139,1.5,
00e98f75c1839f92492b3e65ac57e73c50152c15ee086056856f6120a4b84721,0.3792859210125139,1.5,A
00e98f75c1839f92492b3e65ac57e73c50152c15ee086056856f6120a4b84721,0.3792859210125139,1.5,B
00e98f75c1839f92492b3e65ac57e73c50152c15ee086056856f6120a4b84721,0.3792859210125139,1.5,A
00e98f75c1839f92492b3e65ac57e73c50152c15ee086056856f6120a4b84721,0.3792859210125139,1.5,A
00e98f75c1839f92492b3e65ac57e73c50152c15ee086056856f6120a4b84721,0.3792859210125139,1.5,A
00e98f75c1839f92492b3e65ac57e73c50152c15ee086056856f6120a4b84721,0.3792859210125139,1.5,B
00e98f75c1839f92492b3e65ac57e73c50152c15ee086056856f6120a4b84721,0.3792859210125139,1.5,B
00e98f75c1839f92492b3e65ac57e73c50152c15ee086056856f6120a4b84721,0.3792859210125139,1.5,A
00e98f75c1839f92492b3e65ac57e73c50152c15ee086056856f6120a4b84721,0.3792859210125139,1.5,B
00e98f75c1839f92492b3e65ac57e73c50152c15ee086056856f6120a4b84721,0.3792859210125139,1.5,A
00e98f75c1839f92492b3e65ac57e73c50152c15ee086056856f6120a4b84721,0.3792859210125139,1.5,A
00e98f75c1839f92492b3e65ac57e73c50152c15ee086056856f6120a4b84721,0.3792859210125139,1.5,B
00e98f75c1839f92492b3e65ac57e73c50152c15ee086056856f6120a4b84721,0.3792859210125139,1.5,
00e98f75c1839f92492b3e65ac57e73c50152c15ee086056856f6120a4b84721,0.3792859210125139,1.5,B
00e98f75c1839f92492b3e65ac57e73c50152c15ee086056856f6120a4b84721,0.3792859210125139,1.5,B
00e98f75c1839f92492b3e65ac57e73c50152c15ee086056856f6120a4b84721,0.3792859210125139,1.5,A
00e98f75c1839f92492b3e65ac57e73c50152c15ee086056856f6120a4b84721,0.3792859210125139,1.5,A
00e98f75c1839f92492b3e65ac57e73c50152c15ee086056856f6120a4b84721,0.3792859210125139,1.5,B
00e98f75c1839f92492b3e65ac57e73c50152c15ee086056856f6120a4b84721,0.3792859210125139,1.5,
00e98f75c1839f92492b3e65ac57e73c50152c15ee086056856f6120a4b84721,0.3792859210125139,1.5,B
00e98f75c1839f92492b3e65ac57e73c50152c15ee086056856f6120a4b84721,0.3792859210125139,1.5,A
00e98f75c1839f92492b3e65ac57e73c50152c15ee086056856f6120a4b84721,0.3792859210125139,1.5,A
00e98f75c1839f92492b3e65ac57e73c50152c15ee086056856f6120a4b84721,0.3792859210125139,1.5,B
00e98f75c1839f92492b3e65ac57e73c50152c15ee086056856f6120a4b84721,0.3792859210125139,1.5,B
00e98f75c1839f92492b3e65ac57e73c50152c15ee086056856f6120a4b84721,0.3792859210125139,1.5,B
00e98f75c1839f92492b3e65ac57e73c50152c15ee086056856f6120a4b84721,0.3792859210125139,1.5,A
00e98f75c1839f92492b3e65ac57e73c50152c15ee086056856f6120a4b84721,0.3792859210125139,1.5,B
00e98f75c1839f92492b3e65ac57e73c50152c15ee086056856f6120a4b84721,0.3792859210125139,1.5,A
00e98f75c1839f92492b3e65ac57e73c50152c15ee086056856f6120a4b84721,0.3792859210125139,1.5,A
00e98f75c1839f92492b3e65ac57e73c50152c15ee086056856f6120a4b84721,0.3792859210125139,1.5,A
00e98f75c1839f92492b3e65ac57e73c50152c15ee086056856f6120a4b84721,0.3792859210125139,1.5,A
00e98f75c1839f92492b3e65ac57e73c50152c15ee086056856f6120a4b84721,0.3792859210125139,1.5,A
00e98f75c1839f92492b3e65ac57e73c50152c15ee086056856f6120a4b84721,0.3792859210125139,1.5,A
00e98f75c1839f92492b3e65ac57e73c50152c15ee086056856f6120a4b84721,0.3792859210125139,1.5,A
00e98f75c1839f92492b3e65ac57e73c50152c15ee086056856f6120a4b84721,0.3792859210125139,1.5,B
00e98f75c1839f92492b3e65ac57e73c50152c15ee086056856f6120a4b84721,0.3792859210125139,1.5,A
00e98f75c1839f92492b3e65ac57e73c50152c15ee086056856f6120a4b84721,0.3792859210125139,1.5,A
00e98f75c1839f92492b3e65ac57e73c50152c15ee086056856f6120a4b84721,0.3792859210125139,1.5,
00e98f75c1839f92492b3e65ac57e73c50152c15ee086056856f6120a4b84721,0.3792859210125139,1.5,A
00e98f75c1839f92492b3e65ac57e73c50152c15ee086056856f6120a4b84721,0.3792859210125139,1.5,A
00e98f75c1839f92492b3e65ac57e73c50152c15ee086056856f6120a4b84721,0.3792859210125139,1.5,B
00e98f75c1839f92492b3e65ac57e73c50152c15ee086056856f6120a4b84721,0.3792859210125139,1.5,B
00e98f75c1839f92492b3e65ac57e73c50152c15ee086056856f6120a4b84721,0.3792859210125139,1.5,B
00f26f6927b760b18e7194f3eb06bc3916c61c36dbe221320f11b034e2ca88e3,0.2464604021143058,0.5,B
00f26f6927b760b18e7194f3eb06bc3916c61c36dbe221320f11b034e2ca88e3,0.2464604021143058,0.5,B
00f26f6927b760b18e7194f3eb06bc3916c61c36dbe221320f11b034e2ca88e3,0.2464604021143058,0.5,B
00f26f6927b760b18e7194f3eb06bc3916c61c36dbe221320f11b034e2ca88e3,0.2464604021143058,0.5,B
00f26f6927b760b18e7194f3eb06bc3916c61c36dbe221320f11b034e2ca88e3,0.2464604021143058,0.5,B
00f26f6927b760b18e7194f3eb06bc3916c61c36dbe221320f11b034e2ca88e3,0.2464604021143058,0.5,B
00f26f6927b760b18e7194f3eb06bc3916c61c36dbe221320f11b034e2ca88e3,0.2464604021143058,0.5,B
00f26f6927b760b18e7194f3eb06bc3916c61c36dbe221320f11b034e2ca88e3,0.2464604021143058,0.5,B
00f26f6927b760b18e7194f3eb06bc3916c61c36dbe221320f11b034e2ca88e3,0.2464604021143058,0.5,B
00f26f6927b760b18e7194f3eb06bc3916c61c36dbe221320f11b034e2ca88e3,0.2464604021143058,0.5,B
00f26f6927b760b18e7194f3eb06bc3916c61c36dbe221320f11b034e2ca88e3,0.2464604021143058,0.5,B
00f26f6927b760b18e7194f3eb06bc3916c61c36dbe221320f11b034e2ca88e3,0.2464604021143058,0.5,B
00f26f6927b760b18e7194f3eb06bc3916c61c36dbe221320f11b034e2ca88e3,0.2464604021143058,0.5,B
00f26f6927b760b18e7194f3eb06bc3916c61c36dbe221320f11b034e2ca88e3,0.2464604021143058,0.5,B
00f26f6927b760b18e7194f3eb06bc3916c61c36dbe221320f11b034e2ca88e3,0.2464604021143058,0.5,B
00f26f6927b760b18e7194f3eb06bc3916c61c36dbe221320f11b034e2ca88e3,0.2464604021143058,0.5,B
00f26f6927b760b18e7194f3eb06bc3916c61c36dbe221320f11b034e2ca88e3,0.2464604021143058,0.5,B
00f26f6927b760b18e7194f3eb06bc3916c61c36dbe221320f11b034e2ca88e3,0.2464604021143058,0.5,B
00f26f6927b760b18e7194f3eb06bc3916c61c36dbe221320f11b034e2ca88e3,0.2464604021143058,0.5,B
00f26f6927b760b18e7194f3eb06bc3916c61c36dbe221320f11b034e2ca88e3,0.2464604021143058,0.5,B
00f26f6927b760b18e7194f3eb06bc3916c61c36dbe221320f11b034e2ca88e3,0.2464604021143058,0.5,B
00f26f6927b760b18e7194f3eb06bc3916c61c36dbe221320f11b034e2ca88e3,0.2464604021143058,0.5,B
00f26f6927b760b18e7194f3eb06bc3916c61c36dbe221320f11b034e2ca88e3,0.2464604021143058,0.5,B
00f26f6927b760b18e7194f3eb06bc3916c61c36dbe221320f11b034e2ca88e3,0.2464604021143058,0.5,B
00f26f6927b760b18e7194f3eb06bc3916c61c36dbe221320f11b034e2ca88e3,0.2464604021143058,0.5,A
00f26f6927b760b18e7194f3eb06bc3916c61c36dbe221320f11b034e2ca88e3,0.2464604021143058,0.5,B
00f26f6927b760b18e7194f3eb06bc3916c61c36dbe221320f11b034e2ca88e3,0.2464604021143058,0.5,B
00f26f6927b760b18e7194f3eb06bc3916c61c36dbe221320f11b034e2ca88e3,0.2464604021143058,0.5,B
00f26f6927b760b18e7194f3eb06bc3916c61c36dbe221320f11b034e2ca88e3,0.2464604021143058,0.5,A
00f26f6927b760b18e7194f3eb06bc3916c61c36dbe221320f11b034e2ca88e3,0.2464604021143058,0.5,B
00f26f6927b760b18e7194f3eb06bc3916c61c36dbe221320f11b034e2ca88e3,0.2464604021143058,0.5,B
00f26f6927b760b18e7194f3eb06bc3916c61c36dbe221320f11b034e2ca88e3,0.2464604021143058,0.5,B
00f26f6927b760b18e7194f3eb06bc3916c61c36dbe221320f11b034e2ca88e3,0.2464604021143058,0.5,B
00f26f6927b760b18e7194f3eb06bc3916c61c36dbe221320f11b034e2ca88e3,0.2464604021143058,0.5,B
00f26f6927b760b18e7194f3eb06bc3916c61c36dbe221320f11b034e2ca88e3,0.2464604021143058,0.5,B
00f26f6927b760b18e7194f3eb06bc3916c61c36dbe221320f11b034e2ca88e3,0.2464604021143058,0.5,B
00f26f6927b760b18e7194f3eb06bc3916c61c36dbe221320f11b034e2ca88e3,0.2464604021143058,0.5,B
00f26f6927b760b18e7194f3eb06bc3916c61c36dbe221320f11b034e2ca88e3,0.2464604021143058,0.5,B
00f26f6927b760b18e7194f3eb06bc3916c61c36dbe221320f11b034e2ca88e3,0.2464604021143058,0.5,B
00f26f6927b760b18e7194f3eb06bc3916c61c36dbe221320f11b034e2ca88e3,0.2464604021143058,0.5,B
00f26f6927b760b18e7194f3eb06bc3916c61c36dbe221320f11b034e2ca88e3,0.2464604021143058,0.5,B
00f26f6927b760b18e7194f3eb06bc3916c61c36dbe221320f11b034e2ca88e3,0.2464604021143058,0.5,B
00f26f6927b760b18e7194f3eb06bc3916c61c36dbe221320f11b034e2ca88e3,0.2464604021143058,0.5,B
00f26f6927b760b18e7194f3eb06bc3916c61c36dbe221320f11b034e2ca88e3,0.2464604021143058,0.5,B
00f26f6927b760b18e7194f3eb06bc3916c61c36dbe221320f11b034e2ca88e3,0.2464604021143058,0.5,B
00f26f6927b760b18e7194f3eb06bc3916c61c36dbe221320f11b034e2ca88e3,0.2464604021143058,0.5,B
00f26f6927b760b18e7194f3eb06bc3916c61c36dbe221320f11b034e2ca88e3,0.2464604021143058,0.5,B
00f26f6927b760b18e7194f3eb06bc3916c61c36dbe221320f11b034e2ca88e3,0.2464604021143058,0.5,B
00f26f6927b760b18e7194f3eb06bc3916c61c36dbe221320f11b034e2ca88e3,0.2464604021143058,0.5,B
00f26f6927b760b18e7194f3eb06bc3916c61c36dbe221320f11b034e2ca88e3,0.2464604021143058,0.5,B
00f26f6927b760b18e7194f3eb06bc3916c61c36dbe221320f11b034e2ca88e3,0.2464604021143058,1.5,A
00f26f6927b760b18e7194f3eb06bc3916c61c36dbe221320f11b034e2ca88e3,0.2464604021143058,1.5,B
00f26f6927b760b18e7194f3eb06bc3916c61c36dbe221320f11b034e2ca88e3,0.2464604021143058,1.5,B
00f26f6927b760b18e7194f3eb06bc3916c61c36dbe221320f11b034e2ca88e3,0.2464604021143058,1.5,B
00f26f6927b760b18e7194f3eb06bc3916c61c36dbe221320f11b034e2ca88e3,0.2464604021143058,1.5,B
00f26f6927b760b18e7194f3eb06bc3916c61c36dbe221320f11b034e2ca88e3,0.2464604021143058,1.5,B
00f26f6927b760b18e7194f3eb06bc3916c61c36dbe221320f11b034e2ca88e3,0.2464604021143058,1.5,A
00f26f6927b760b18e7194f3eb06bc3916c61c36dbe221320f11b034e2ca88e3,0.2464604021143058,1.5,B
00f26f6927b760b18e7194f3eb06bc3916c61c36dbe221320f11b034e2ca88e3,0.2464604021143058,1.5,A
00f26f6927b760b18e7194f3eb06bc3916c61c36dbe221320f11b034e2ca88e3,0.2464604021143058,1.5,
00f26f6927b760b18e7194f3eb06bc3916c61c36dbe221320f11b034e2ca88e3,0.2464604021143058,1.5,B
00f26f6927b760b18e7194f3eb06bc3916c61c36dbe221320f11b034e2ca88e3,0.2464604021143058,1.5,B
00f26f6927b760b18e7194f3eb06bc3916c61c36dbe221320f11b034e2ca88e3,0.2464604021143058,1.5,A
00f26f6927b760b18e7194f3eb06bc3916c61c36dbe221320f11b034e2ca88e3,0.2464604021143058,1.5,B
00f26f6927b760b18e7194f3eb06bc3916c61c36dbe221320f11b034e2ca88e3,0.2464604021143058,1.5,B
00f26f6927b760b18e7194f3eb06bc3916c61c36dbe221320f11b034e2ca88e3,0.2464604021143058,1.5,B
00f26f6927b760b18e7194f3eb06bc3916c61c36dbe221320f11b034e2ca88e3,0.2464604021143058,1.5,B
00f26f6927b760b18e7194f3eb06bc3916c61c36dbe221320f11b034e2ca88e3,0.2464604021143058,1.5,B
00f26f6927b760b18e7194f3eb06bc3916c61c36dbe221320f11b034e2ca88e3,0.2464604021143058,1.5,B
00f26f6927b760b18e7194f3eb06bc3916c61c36dbe221320f11b034e2ca88e3,0.2464604021143058,1.5,
00f26f6927b760b18e7194f3eb06bc3916c61c36dbe221320f11b034e2ca88e3,0.2464604021143058,1.5,B
00f26f6927b760b18e7194f3eb06bc3916c61c36dbe221320f11b034e2ca88e3,0.2464604021143058,1.5,A
00f26f6927b760b18e7194f3eb06bc3916c61c36dbe221320f11b034e2ca88e3,0.2464604021143058,1.5,A
00f26f6927b760b18e7194f3eb06bc3916c61c36dbe221320f11b034e2ca88e3,0.2464604021143058,1.5,B
00f26f6927b760b18e7194f3eb06bc3916c61c36dbe221320f11b034e2ca88e3,0.2464604021143058,1.5,B
00f26f6927b760b18e7194f3eb06bc3916c61c36dbe221320f11b034e2ca88e3,0.2464604021143058,1.5,B
00f26f6927b760b18e7194f3eb06bc3916c61c36dbe221320f11b034e2ca88e3,0.2464604021143058,1.5,B
00f26f6927b760b18e7194f3eb06bc3916c61c36dbe221320f11b034e2ca88e3,0.2464604021143058,1.5,A
00f26f6927b760b18e7194f3eb06bc3916c61c36dbe221320f11b034e2ca88e3,0.2464604021143058,1.5,B
00f26f6927b760b18e7194f3eb06bc3916c61c36dbe221320f11b034e2ca88e3,0.2464604021143058,1.5,B
00f26f6927b760b18e7194f3eb06bc3916c61c36dbe221320f11b034e2ca88e3,0.2464604021143058,1.5,A
00f26f6927b760b18e7194f3eb06bc3916c61c36dbe221320f11b034e2ca88e3,0.2464604021143058,1.5,
00f26f6927b760b18e7194f3eb06bc3916c61c36dbe221320f11b034e2ca88e3,0.2464604021143058,1.5,A
00f26f6927b760b18e7194f3eb06bc3916c61c36dbe221320f11b034e2ca88e3,0.2464604021143058,1.5,A
00f26f6927b760b18e7194f3eb06bc3916c61c36dbe221320f11b034e2ca88e3,0.2464604021143058,1.5,A
00f26f6927b760b18e7194f3eb06bc3916c61c36dbe221320f11b034e2ca88e3,0.2464604021143058,1.5,B
00f26f6927b760b18e7194f3eb06bc3916c61c36dbe221320f11b034e2ca88e3,0.2464604021143058,1.5,
00f26f6927b760b18e7194f3eb06bc3916c61c36dbe221320f11b034e2ca88e3,0.2464604021143058,1.5,B
00f26f6927b760b18e7194f3eb06bc3916c61c36dbe221320f11b034e2ca88e3,0.2464604021143058,1.5,B
00f26f6927b760b18e7194f3eb06bc3916c61c36dbe221320f11b034e2ca88e3,0.2464604021143058,1.5,B
00f26f6927b760b18e7194f3eb06bc3916c61c36dbe221320f11b034e2ca88e3,0.2464604021143058,1.5,B
00f26f6927b760b18e7194f3eb06bc3916c61c36dbe221320f11b034e2ca88e3,0.2464604021143058,1.5,A
00f26f6927b760b18e7194f3eb06bc3916c61c36dbe221320f11b034e2ca88e3,0.2464604021143058,1.5,
00f26f6927b760b18e7194f3eb06bc3916c61c36dbe221320f11b034e2ca88e3,0.2464604021143058,1.5,B
00f26f6927b760b18e7194f3eb06bc3916c61c36dbe221320f11b034e2ca88e3,0.2464604021143058,1.5,B
00f26f6927b760b18e7194f3eb06bc3916c61c36dbe221320f11b034e2ca88e3,0.2464604021143058,1.5,B
00f26f6927b760b18e7194f3eb06bc3916c61c36dbe221320f11b034e2ca88e3,0.2464604021143058,1.5,
00f26f6927b760b18e7194f3eb06bc3916c61c36dbe221320f11b034e2ca88e3,0.2464604021143058,1.5,B
00f26f6927b760b18e7194f3eb06bc3916c61c36dbe221320f11b034e2ca88e3,0.2464604021143058,1.5,B
00f26f6927b760b18e7194f3eb06bc3916c61c36dbe221320f11b034e2ca88e3,0.2464604021143058,1.5,B
0109822feec0e2b57675c9486942021fe4e781e058472e2b9ba048172a31fd0a,0.6795014422521277,0.5,A
0109822feec0e2b57675c9486942021fe4e781e058472e2b9ba048172a31fd0a,0.6795014422521277,0.5,B
0109822feec0e2b57675c9486942021fe4e781e058472e2b9ba048172a31fd0a,0.6795014422521277,0.5,B
0109822feec0e2b57675c9486942021fe4e781e058472e2b9ba048172a31fd0a,0.6795014422521277,0.5,A
0109822feec0e2b57675c9486942021fe4e781e058472e2b9ba048172a31fd0a,0.6795014422521277,0.5,A
0109822feec0e2b57675c9486942021fe4e781e058472e2b9ba048172a31fd0a,0.6795014422521277,0.5,A
0109822feec0e2b57675c9486942021fe4e781e058472e2b9ba048172a31fd0a,0.6795014422521277,0.5,A
0109822feec0e2b57675c9486942021fe4e781e058472e2b9ba048172a31fd0a,0.6795014422521277,0.5,B
0109822feec0e2b57675c9486942021fe4e781e058472e2b9ba048172a31fd0a,0.6795014422521277,0.5,A
0109822feec0e2b57675c9486942021fe4e781e058472e2b9ba048172a31fd0a,0.6795014422521277,0.5,A
0109822feec0e2b57675c9486942021fe4e781e058472e2b9ba048172a31fd0a,0.6795014422521277,0.5,A
0109822feec0e2b57675c9486942021fe4e781e058472e2b9ba048172a31fd0a,0.6795014422521277,0.5,A
0109822feec0e2b57675c9486942021fe4e781e058472e2b9ba048172a31fd0a,0.6795014422521277,0.5,A
0109822feec0e2b57675c9486942021fe4e781e058472e2b9ba048172a31fd0a,0.6795014422521277,0.5,B
0109822feec0e2b57675c9486942021fe4e781e058472e2b9ba048172a31fd0a,0.6795014422521277,0.5,A
0109822feec0e2b57675c9486942021fe4e781e058472e2b9ba048172a31fd0a,0.6795014422521277,0.5,A
0109822feec0e2b57675c9486942021fe4e781e058472e2b9ba048172a31fd0a,0.6795014422521277,0.5,A
0109822feec0e2b57675c9486942021fe4e781e058472e2b9ba048172a31fd0a,0.6795014422521277,0.5,A
0109822feec0e2b57675c9486942021fe4e781e058472e2b9ba048172a31fd0a,0.6795014422521277,0.5,A
0109822feec0e2b57675c9486942021fe4e781e058472e2b9ba048172a31fd0a,0.6795014422521277,0.5,B
0109822feec0e2b57675c9486942021fe4e781e058472e2b9ba048172a31fd0a,0.6795014422521277,0.5,A
0109822feec0e2b57675c9486942021fe4e781e058472e2b9ba048172a31fd0a,0.6795014422521277,0.5,A
0109822feec0e2b57675c9486942021fe4e781e058472e2b9ba048172a31fd0a,0.6795014422521277,0.5,A
0109822feec0e2b57675c9486942021fe4e781e058472e2b9ba048172a31fd0a,0.6795014422521277,0.5,B
0109822feec0e2b57675c9486942021fe4e781e058472e2b9ba048172a31fd0a,0.6795014422521277,0.5,A
0109822feec0e2b57675c9486942021fe4e781e058472e2b9ba048172a31fd0a,0.6795014422521277,0.5,B
0109822feec0e2b57675c9486942021fe4e781e058472e2b9ba048172a31fd0a,0.6795014422521277,0.5,A
0109822feec0e2b57675c9486942021fe4e781e058472e2b9ba048172a31fd0a,0.6795014422521277,0.5,A
0109822feec0e2b57675c9486942021fe4e781e058472e2b9ba048172a31fd0a,0.6795014422521277,0.5,B
0109822feec0e2b57675c9486942021fe4e781e058472e2b9ba048172a31fd0a,0.6795014422521277,0.5,A
0109822feec0e2b57675c9486942021fe4e781e058472e2b9ba048172a31fd0a,0.6795014422521277,0.5,A
0109822feec0e2b57675c9486942021fe4e781e058472e2b9ba048172a31fd0a,0.6795014422521277,0.5,A
0109822feec0e2b57675c9486942021fe4e781e058472e2b9ba048172a31fd0a,0.6795014422521277,0.5,A
0109822feec0e2b57675c9486942021fe4e781e058472e2b9ba048172a31fd0a,0.6795014422521277,0.5,B
0109822feec0e2b57675c9486942021fe4e781e058472e2b9ba048172a31fd0a,0.6795014422521277,0.5,A
0109822feec0e2b57675c9486942021fe4e781e058472e2b9ba048172a31fd0a,0.6795014422521277,0.5,A
0109822feec0e2b57675c9486942021fe4e781e058472e2b9ba048172a31fd0a,0.6795014422521277,0.5,A
0109822feec0e2b57675c9486942021fe4e781e058472e2b9ba048172a31fd0a,0.6795014422521277,0.5,A
0109822feec0e2b57675c9486942021fe4e781e058472e2b9ba048172a31fd0a,0.6795014422521277,0.5,A
0109822feec0e2b57675c9486942021fe4e781e058472e2b9ba048172a31fd0a,0.6795014422521277,0.5,A
0109822feec0e2b57675c9486942021fe4e781e058472e2b9ba048172a31fd0a,0.6795014422521277,0.5,A
0109822feec0e2b57675c9486942021fe4e781e058472e2b9ba048172a31fd0a,0.6795014422521277,0.5,A
0109822feec0e2b57675c9486942021fe4e781e058472e2b9ba048172a31fd0a,0.6795014422521277,0.5,A
0109822feec0e2b57675c9486942021fe4e781e058472e2b9ba048172a31fd0a,0.6795014422521277,0.5,A
0109822feec0e2b57675c9486942021fe4e781e058472e2b9ba048172a31fd0a,0.6795014422521277,0.5,B
0109822feec0e2b57675c9486942021fe4e781e058472e2b9ba048172a31fd0a,0.6795014422521277,0.5,A
0109822feec0e2b57675c9486942021fe4e781e058472e2b9ba048172a31fd0a,0.6795014422521277,0.5,A
0109822feec0e2b57675c9486942021fe4e781e058472e2b9ba048172a31fd0a,0.6795014422521277,0.5,A
0109822feec0e2b57675c9486942021fe4e781e058472e2b9ba048172a31fd0a,0.6795014422521277,0.5,A
0109822feec0e2b57675c9486942021fe4e781e058472e2b9ba048172a31fd0a,0.6795014422521277,0.5,A
0109822feec0e2b57675c9486942021fe4e781e058472e2b9ba048172a31fd0a,0.6795014422521277,1.5,A
0109822feec0e2b57675c9486942021fe4e781e058472e2b9ba048172a31fd0a,0.6795014422521277,1.5,A
0109822feec0e2b57675c9486942021fe4e781e058472e2b9ba048172a31fd0a,0.6795014422521277,1.5,A
0109822feec0e2b57675c9486942021fe4e781e058472e2b9ba048172a31fd0a,0.6795014422521277,1.5,A
0109822feec0e2b57675c9486942021fe4e781e058472e2b9ba048172a31fd0a,0.6795014422521277,1.5,A
0109822feec0e2b57675c9486942021fe4e781e058472e2b9ba048172a31fd0a,0.6795014422521277,1.5,A
0109822feec0e2b57675c9486942021fe4e781e058472e2b9ba048172a31fd0a,0.6795014422521277,1.5,
0109822feec0e2b57675c9486942021fe4e781e058472e2b9ba048172a31fd0a,0.6795014422521277,1.5,B
0109822feec0e2b57675c9486942021fe4e781e058472e2b9ba048172a31fd0a,0.6795014422521277,1.5,A
0109822feec0e2b57675c9486942021fe4e781e058472e2b9ba048172a31fd0a,0.6795014422521277,1.5,B
0109822feec0e2b57675c9486942021fe4e781e058472e2b9ba048172a31fd0a,0.6795014422521277,1.5,A
0109822feec0e2b57675c9486942021fe4e781e058472e2b9ba048172a31fd0a,0.6795014422521277,1.5,A
0109822feec0e2b57675c9486942021fe4e781e058472e2b9ba048172a31fd0a,0.6795014422521277,1.5,B
0109822feec0e2b57675c9486942021fe4e781e058472e2b9ba048172a31fd0a,0.6795014422521277,1.5,
0109822feec0e2b57675c9486942021fe4e781e058472e2b9ba048172a31fd0a,0.6795014422521277,1.5,B
0109822feec0e2b57675c9486942021fe4e781e058472e2b9ba048172a31fd0a,0.6795014422521277,1.5,B
0109822feec0e2b57675c9486942021fe4e781e058472e2b9ba048172a31fd0a,0.6795014422521277,1.5,A
0109822feec0e2b57675c9486942021fe4e781e058472e2b9ba048172a31fd0a,0.6795014422521277,1.5,B
0109822feec0e2b57675c9486942021fe4e781e058472e2b9ba048172a31fd0a,0.6795014422521277,1.5,A
0109822feec0e2b57675c9486942021fe4e781e058472e2b9ba048172a31fd0a,0.6795014422521277,1.5,B
0109822feec0e2b57675c9486942021fe4e781e058472e2b9ba048172a31fd0a,0.6795014422521277,1.5,B
0109822feec0e2b57675c9486942021fe4e781e058472e2b9ba048172a31fd0a,0.6795014422521277,1.5,A
0109822feec0e2b57675c9486942021fe4e781e058472e2b9ba048172a31fd0a,0.6795014422521277,1.5,A
0109822feec0e2b57675c9486942021fe4e781e058472e2b9ba048172a31fd0a,0.6795014422521277,1.5,B
0109822feec0e2b57675c9486942021fe4e781e058472e2b9ba048172a31fd0a,0.6795014422521277,1.5,A
0109822feec0e2b57675c9486942021fe4e781e058472e2b9ba048172a31fd0a,0.6795014422521277,1.5,B
0109822feec0e2b57675c9486942021fe4e781e058472e2b9ba048172a31fd0a,0.6795014422521277,1.5,A
0109822feec0e2b57675c9486942021fe4e781e058472e2b9ba048172a31fd0a,0.6795014422521277,1.5,B
0109822feec0e2b57675c9486942021fe4e781e058472e2b9ba048172a31fd0a,0.6795014422521277,1.5,B
0109822feec0e2b57675c9486942021fe4e781e058472e2b9ba048172a31fd0a,0.6795014422521277,1.5,A
0109822feec0e2b57675c9486942021fe4e781e058472e2b9ba048172a31fd0a,0.6795014422521277,1.5,B
0109822feec0e2b57675c9486942021fe4e781e058472e2b9ba048172a31fd0a,0.6795014422521277,1.5,B
0109822feec0e2b57675c9486942021fe4e781e058472e2b9ba048172a31fd0a,0.6795014422521277,1.5,A
0109822feec0e2b57675c9486942021fe4e781e058472e2b9ba048172a31fd0a,0.6795014422521277,1.5,
0109822feec0e2b57675c9486942021fe4e781e058472e2b9ba048172a31fd0a,0.6795014422521277,1.5,B
0109822feec0e2b57675c9486942021fe4e781e058472e2b9ba048172a31fd0a,0.6795014422521277,1.5,B
0109822feec0e2b57675c9486942021fe4e781e058472e2b9ba048172a31fd0a,0.6795014422521277,1.5,B
0109822feec0e2b57675c9486942021fe4e781e058472e2b9ba048172a31fd0a,0.6795014422521277,1.5,A
0109822feec0e2b57675c9486942021fe4e781e058472e2b9ba048172a31fd0a,0.6795014422521277,1.5,B
0109822feec0e2b57675c9486942021fe4e781e058472e2b9ba048172a31fd0a,0.6795014422521277,1.5,B
0109822feec0e2b57675c9486942021fe4e781e058472e2b9ba048172a31fd0a,0.6795014422521277,1.5,A
0109822feec0e2b57675c9486942021fe4e781e058472e2b9ba048172a31fd0a,0.6795014422521277,1.5,A
0109822feec0e2b57675c9486942021fe4e781e058472e2b9ba048172a31fd0a,0.6795014422521277,1.5,B
0109822feec0e2b57675c9486942021fe4e781e058472e2b9ba048172a31fd0a,0.6795014422521277,1.5,A
0109822feec0e2b57675c9486942021fe4e781e058472e2b9ba048172a31fd0a,0.6795014422521277,1.5,A
0109822feec0e2b57675c9486942021fe4e781e058472e2b9ba048172a31fd0a,0.6795014422521277,1.5,B
0109822feec0e2b57675c9486942021fe4e781e058472e2b9ba048172a31fd0a,0.6795014422521277,1.5,A
0109822feec0e2b57675c9486942021fe4e781e058472e2b9ba048172a31fd0a,0.6795014422521277,1.5,A
0109822feec0e2b57675c9486942021fe4e781e058472e2b9ba048172a31fd0a,0.6795014422521277,1.5,A
0109822feec0e2b57675c9486942021fe4e781e058472e2b9ba048172a31fd0a,0.6795014422521277,1.5,A
01a874998dd00d46cc31848582ea5b78fca7d7b45c51d6c707512b09b26dba3c,0.270082158549923,0.5,A
01a874998dd00d46cc31848582ea5b78fca7d7b45c51d6c707512b09b26dba3c,0.270082158549923,0.5,B
01a874998dd00d46cc31848582ea5b78fca7d7b45c51d6c707512b09b26dba3c,0.270082158549923,0.5,B
01a874998dd00d46cc31848582ea5b78fca7d7b45c51d6c707512b09b26dba3c,0.270082158549923,0.5,B
01a874998dd00d46cc31848582ea5b78fca7d7b45c51d6c707512b09b26dba3c,0.270082158549923,0.5,B
01a874998dd00d46cc31848582ea5b78fca7d7b45c51d6c707512b09b26dba3c,0.270082158549923,0.5,B
01a874998dd00d46cc31848582ea5b78fca7d7b45c51d6c707512b09b26dba3c,0.270082158549923,0.5,B
01a874998dd00d46cc31848582ea5b78fca7d7b45c51d6c707512b09b26dba3c,0.270082158549923,0.5,B
01a874998dd00d46cc31848582ea5b78fca7d7b45c51d6c707512b09b26dba3c,0.270082158549923,0.5,B
01a874998dd00d46cc31848582ea5b78fca7d7b45c51d6c707512b09b26dba3c,0.270082158549923,0.5,A
01a874998dd00d46cc31848582ea5b78fca7d7b45c51d6c707512b09b26dba3c,0.270082158549923,0.5,B
01a874998dd00d46cc31848582ea5b78fca7d7b45c51d6c707512b09b26dba3c,0.270082158549923,0.5,B
01a874998dd00d46cc31848582ea5b78fca7d7b45c51d6c707512b09b26dba3c,0.270082158549923,0.5,B
01a874998dd00d46cc31848582ea5b78fca7d7b45c51d6c707512b09b26dba3c,0.270082158549923,0.5,B
01a874998dd00d46cc31848582ea5b78fca7d7b45c51d6c707512b09b26dba3c,0.270082158549923,0.5,B
01a874998dd00d46cc31848582ea5b78fca7d7b45c51d6c707512b09b26dba3c,0.270082158549923,0.5,B
01a874998dd00d46cc31848582ea5b78fca7d7b45c51d6c707512b09b26dba3c,0.270082158549923,0.5,B
01a874998dd00d46cc31848582ea5b78fca7d7b45c51d6c707512b09b26dba3c,0.270082158549923,0.5,B
01a874998dd00d46cc31848582ea5b78fca7d7b45c51d6c707512b09b26dba3c,0.270082158549923,0.5,B
01a874998dd00d46cc31848582ea5b78fca7d7b45c51d6c707512b09b26dba3c,0.270082158549923,0.5,B
01a874998dd00d46cc31848582ea5b78fca7d7b45c51d6c707512b09b26dba3c,0.270082158549923,0.5,B
01a874998dd00d46cc31848582ea5b78fca7d7b45c51d6c707512b09b26dba3c,0.270082158549923,0.5,B
01a874998dd00d46cc31848582ea5b78fca7d7b45c51d6c707512b09b26dba3c,0.270082158549923,0.5,B
01a874998dd00d46cc31848582ea5b78fca7d7b45c51d6c707512b09b26dba3c,0.270082158549923,0.5,B
01a874998dd00d46cc31848582ea5b78fca7d7b45c51d6c707512b09b26dba3c,0.270082158549923,0.5,B
01a874998dd00d46cc31848582ea5b78fca7d7b45c51d6c707512b09b26dba3c,0.270082158549923,0.5,B
01a874998dd00d46cc31848582ea5b78fca7d7b45c51d6c707512b09b26dba3c,0.270082158549923,0.5,B
01a874998dd00d46cc31848582ea5b78fca7d7b45c51d6c707512b09b26dba3c,0.270082158549923,0.5,B
01a874998dd00d46cc31848582ea5b78fca7d7b45c51d6c707512b09b26dba3c,0.270082158549923,0.5,B
01a874998dd00d46cc31848582ea5b78fca7d7b45c51d6c707512b09b26dba3c,0.270082158549923,0.5,B
01a874998dd00d46cc31848582ea5b78fca7d7b45c51d6c707512b09b26dba3c,0.270082158549923,0.5,B
01a874998dd00d46cc31848582ea5b78fca7d7b45c51d6c707512b09b26dba3c,0.270082158549923,0.5,B
01a874998dd00d46cc31848582ea5b78fca7d7b45c51d6c707512b09b26dba3c,0.270082158549923,0.5,B
01a874998dd00d46cc31848582ea5b78fca7d7b45c51d6c707512b09b26dba3c,0.270082158549923,0.5,B
01a874998dd00d46cc31848582ea5b78fca7d7b45c51d6c707512b09b26dba3c,0.270082158549923,0.5,B
01a874998dd00d46cc31848582ea5b78fca7d7b45c51d6c707512b09b26dba3c,0.270082158549923,0.5,B
01a874998dd00d46cc31848582ea5b78fca7d7b45c51d6c707512b09b26dba3c,0.270082158549923,0.5,B
01a874998dd00d46cc31848582ea5b78fca7d7b45c51d6c707512b09b26dba3c,0.270082158549923,0.5,B
01a874998dd00d46cc31848582ea5b78fca7d7b45c51d6c707512b09b26dba3c,0.270082158549923,0.5,B
01a874998dd00d46cc31848582ea5b78fca7d7b45c51d6c707512b09b26dba3c,0.270082158549923,0.5,B
01a874998dd00d46cc31848582ea5b78fca7d7b45c51d6c707512b09b26dba3c,0.270082158549923,0.5,B
01a874998dd00d46cc31848582ea5b78fca7d7b45c51d6c707512b09b26dba3c,0.270082158549923,0.5,A
01a874998dd00d46cc31848582ea5b78fca7d7b45c51d6c707512b09b26dba3c,0.270082158549923,0.5,B
01a874998dd00d46cc31848582ea5b78fca7d7b45c51d6c707512b09b26dba3c,0.270082158549923,0.5,B
01a874998dd00d46cc31848582ea5b78fca7d7b45c51d6c707512b09b26dba3c,0.270082158549923,0.5,B
01a874998dd00d46cc31848582ea5b78fca7d7b45c51d6c707512b09b26dba3c,0.270082158549923,0.5,B
01a874998dd00d46cc31848582ea5b78fca7d7b45c51d6c707512b09b26dba3c,0.270082158549923,0.5,B
01a874998dd00d46cc31848582ea5b78fca7d7b45c51d6c707512b09b26dba3c,0.270082158549923,0.5,B
01a874998dd00d46cc31848582ea5b78fca7d7b45c51d6c707512b09b26dba3c,0.270082158549923,0.5,B
01a874998dd00d46cc31848582ea5b78fca7d7b45c51d6c707512b09b26dba3c,0.270082158549923,0.5,A
01a874998dd00d46cc31848582ea5b78fca7d7b45c51d6c707512b09b26dba3c,0.270082158549923,1.5,B
01a874998dd00d46cc31848582ea5b78fca7d7b45c51d6c707512b09b26dba3c,0.270082158549923,1.5,B
01a874998dd00d46cc31848582ea5b78fca7d7b45c51d6c707512b09b26dba3c,0.270082158549923,1.5,B
01a874998dd00d46cc31848582ea5b78fca7d7b45c51d6c707512b09b26dba3c,0.270082158549923,1.5,B
01a874998dd00d46cc31848582ea5b78fca7d7b45c51d6c707512b09b26dba3c,0.270082158549923,1.5,A
01a874998dd00d46cc31848582ea5b78fca7d7b45c51d6c707512b09b26dba3c,0.270082158549923,1.5,A
01a874998dd00d46cc31848582ea5b78fca7d7b45c51d6c707512b09b26dba3c,0.270082158549923,1.5,B
01a874998dd00d46cc31848582ea5b78fca7d7b45c51d6c707512b09b26dba3c,0.270082158549923,1.5,A
01a874998dd00d46cc31848582ea5b78fca7d7b45c51d6c707512b09b26dba3c,0.270082158549923,1.5,B
01a874998dd00d46cc31848582ea5b78fca7d7b45c51d6c707512b09b26dba3c,0.270082158549923,1.5,B
01a874998dd00d46cc31848582ea5b78fca7d7b45c51d6c707512b09b26dba3c,0.270082158549923,1.5,
01a874998dd00d46cc31848582ea5b78fca7d7b45c51d6c707512b09b26dba3c,0.270082158549923,1.5,B
01a874998dd00d46cc31848582ea5b78fca7d7b45c51d6c707512b09b26dba3c,0.270082158549923,1.5,A
01a874998dd00d46cc31848582ea5b78fca7d7b45c51d6c707512b09b26dba3c,0.270082158549923,1.5,A
01a874998dd00d46cc31848582ea5b78fca7d7b45c51d6c707512b09b26dba3c,0.270082158549923,1.5,B
01a874998dd00d46cc31848582ea5b78fca7d7b45c51d6c707512b09b26dba3c,0.270082158549923,1.5,B
01a874998dd00d46cc31848582ea5b78fca7d7b45c51d6c707512b09b26dba3c,0.270082158549923,1.5,A
01a874998dd00d46cc31848582ea5b78fca7d7b45c51d6c707512b09b26dba3c,0.270082158549923,1.5,A
01a874998dd00d46cc31848582ea5b78fca7d7b45c51d6c707512b09b26dba3c,0.270082158549923,1.5,B
01a874998dd00d46cc31848582ea5b78fca7d7b45c51d6c707512b09b26dba3c,0.270082158549923,1.5,B
01a874998dd00d46cc31848582ea5b78fca7d7b45c51d6c707512b09b26dba3c,0.270082158549923,1.5,B
01a874998dd00d46cc31848582ea5b78fca7d7b45c51d6c707512b09b26dba3c,0.270082158549923,1.5,B
01a874998dd00d46cc31848582ea5b78fca7d7b45c51d6c707512b09b26dba3c,0.270082158549923,1.5,
01a874998dd00d46cc31848582ea5b78fca7d7b45c51d6c707512b09b26dba3c,0.270082158549923,1.5,B
01a874998dd00d46cc31848582ea5b78fca7d7b45c51d6c707512b09b26dba3c,0.270082158549923,1.5,B
01a874998dd00d46cc31848582ea5b78fca7d7b45c51d6c707512b09b26dba3c,0.270082158549923,1.5,A
01a874998dd00d46cc31848582ea5b78fca7d7b45c51d6c707512b09b26dba3c,0.270082158549923,1.5,B
01a874998dd00d46cc31848582ea5b78fca7d7b45c51d6c707512b09b26dba3c,0.270082158549923,1.5,
01a874998dd00d46cc31848582ea5b78fca7d7b45c51d6c707512b09b26dba3c,0.270082158549923,1.5,B
01a874998dd00d46cc31848582ea5b78fca7d7b45c51d6c707512b09b26dba3c,0.270082158549923,1.5,A
01a874998dd00d46cc31848582ea5b78fca7d7b45c51d6c707512b09b26dba3c,0.270082158549923,1.5,B
01a874998dd00d46cc31848582ea5b78fca7d7b45c51d6c707512b09b26dba3c,0.270082158549923,1.5,B
01a874998dd00d46cc31848582ea5b78fca7d7b45c51d6c707512b09b26dba3c,0.270082158549923,1.5,B
01a874998dd00d46cc31848582ea5b78fca7d7b45c51d6c707512b09b26dba3c,0.270082158549923,1.5,A
01a874998dd00d46cc31848582ea5b78fca7d7b45c51d6c707512b09b26dba3c,0.270082158549923,1.5,A
01a874998dd00d46cc31848582ea5b78fca7d7b45c51d6c707512b09b26dba3c,0.270082158549923,1.5,A
01a874998dd00d46cc31848582ea5b78fca7d7b45c51d6c707512b09b26dba3c,0.270082158549923,1.5,B
01a874998dd00d46cc31848582ea5b78fca7d7b45c51d6c707512b09b26dba3c,0.270082158549923,1.5,B
01a874998dd00d46cc31848582ea5b78fca7d7b45c51d6c707512b09b26dba3c,0.270082158549923,1.5,B
01a874998dd00d46cc31848582ea5b78fca7d7b45c51d6c707512b09b26dba3c,0.270082158549923,1.5,B
01a874998dd00d46cc31848582ea5b78fca7d7b45c51d6c707512b09b26dba3c,0.270082158549923,1.5,B
01a874998dd00d46cc31848582ea5b78fca7d7b45c51d6c707512b09b26dba3c,0.270082158549923,1.5,B
01a874998dd00d46cc31848582ea5b78fca7d7b45c51d6c707512b09b26dba3c,0.270082158549923,1.5,B
01a874998dd00d46cc31848582ea5b78fca7d7b45c51d6c707512b09b26dba3c,0.270082158549923,1.5,
01a874998dd00d46cc31848582ea5b78fca7d7b45c51d6c707512b09b26dba3c,0.270082158549923,1.5,B
01a874998dd00d46cc31848582ea5b78fca7d7b45c51d6c707512b09b26dba3c,0.270082158549923,1.5,B
01a874998dd00d46cc31848582ea5b78fca7d7b45c51d6c707512b09b26dba3c,0.270082158549923,1.5,A
01a874998dd00d46cc31848582ea5b78fca7d7b45c51d6c707512b09b26dba3c,0.270082158549923,1.5,A
01a874998dd00d46cc31848582ea5b78fca7d7b45c51d6c707512b09b26dba3c,0.270082158549923,1.5,B
01a874998dd00d46cc31848582ea5b78fca7d7b45c51d6c707512b09b26dba3c,0.270082158549923,1.5,B
021171276f464051eda5f3715a2e80a3f5b742f3c39ffbbac732d74cd28b54d1,0.6518780641291304,0.5,A
021171276f464051eda5f3715a2e80a3f5b742f3c39ffbbac732d74cd28b54d1,0.6518780641291304,0.5,A
021171276f464051eda5f3715a2e80a3f5b742f3c39ffbbac732d74cd28b54d1,0.6518780641291304,0.5,A
021171276f464051eda5f3715a2e80a3f5b742f3c39ffbbac732d74cd28b54d1,0.6518780641291304,0.5,A
021171276f464051eda5f3715a2e80a3f5b742f3c39ffbbac732d74cd28b54d1,0.6518780641291304,0.5,A
021171276f464051eda5f3715a2e80a3f5b742f3c39ffbbac732d74cd28b54d1,0.6518780641291304,0.5,A
021171276f464051eda5f3715a2e80a3f5b742f3c39ffbbac732d74cd28b54d1,0.6518780641291304,0.5,B
021171276f464051eda5f3715a2e80a3f5b742f3c39ffbbac732d74cd28b54d1,0.6518780641291304,0.5,B
021171276f464051eda5f3715a2e80a3f5b742f3c39ffbbac732d74cd28b54d1,0.6518780641291304,0.5,A
021171276f464051eda5f3715a2e80a3f5b742f3c39ffbbac732d74cd28b54d1,0.6518780641291304,0.5,B
021171276f464051eda5f3715a2e80a3f5b742f3c39ffbbac732d74cd28b54d1,0.6518780641291304,0.5,A
021171276f464051eda5f3715a2e80a3f5b742f3c39ffbbac732d74cd28b54d1,0.6518780641291304,0.5,B
021171276f464051eda5f3715a2e80a3f5b742f3c39ffbbac732d74cd28b54d1,0.6518780641291304,0.5,A
021171276f464051eda5f3715a2e80a3f5b742f3c39ffbbac732d74cd28b54d1,0.6518780641291304,0.5,A
021171276f464051eda5f3715a2e80a3f5b742f3c39ffbbac732d74cd28b54d1,0.6518780641291304,0.5,A
021171276f464051eda5f3715a2e80a3f5b742f3c39ffbbac732d74cd28b54d1,0.6518780641291304,0.5,A
021171276f464051eda5f3715a2e80a3f5b742f3c39ffbbac732d74cd28b54d1,0.6518780641291304,0.5,A
021171276f464051eda5f3715a2e80a3f5b742f3c39ffbbac732d74cd28b54d1,0.6518780641291304,0.5,A
021171276f464051eda5f3715a2e80a3f5b742f3c39ffbbac732d74cd28b54d1,0.6518780641291304,0.5,A
021171276f464051eda5f3715a2e80a3f5b742f3c39ffbbac732d74cd28b54d1,0.6518780641291304,0.5,A
021171276f464051eda5f3715a2e80a3f5b742f3c39ffbbac732d74cd28b54d1,0.6518780641291304,0.5,B
021171276f464051eda5f3715a2e80a3f5b742f3c39ffbbac732d74cd28b54d1,0.6518780641291304,0.5,A
021171276f464051eda5f3715a2e80a3f5b742f3c39ffbbac732d74cd28b54d1,0.6518780641291304,0.5,A
021171276f464051eda5f3715a2e80a3f5b742f3c39ffbbac732d74cd28b54d1,0.6518780641291304,0.5,A
021171276f464051eda5f3715a2e80a3f5b742f3c39ffbbac732d74cd28b54d1,0.6518780641291304,0.5,A
021171276f464051eda5f3715a2e80a3f5b742f3c39ffbbac732d74cd28b54d1,0.6518780641291304,0.5,A
021171276f464051eda5f3715a2e80a3f5b742f3c39ffbbac732d74cd28b54d1,0.6518780641291304,0.5,A
021171276f464051eda5f3715a2e80a3f5b742f3c39ffbbac732d74cd28b54d1,0.6518780641291304,0.5,A
021171276f464051eda5f3715a2e80a3f5b742f3c39ffbbac732d74cd28b54d1,0.6518780641291304,0.5,A
021171276f464051eda5f3715a2e80a3f5b742f3c39ffbbac732d74cd28b54d1,0.6518780641291304,0.5,A
021171276f464051eda5f3715a2e80a3f5b742f3c39ffbbac732d74cd28b54d1,0.6518780641291304,0.5,A
021171276f464051eda5f3715a2e80a3f5b742f3c39ffbbac732d74cd28b54d1,0.6518780641291304,0.5,A
021171276f464051eda5f3715a2e80a3f5b742f3c39ffbbac732d74cd28b54d1,0.6518780641291304,0.5,B
021171276f464051eda5f3715a2e80a3f5b742f3c39ffbbac732d74cd28b54d1,0.6518780641291304,0.5,A
021171276f464051eda5f3715a2e80a3f5b742f3c39ffbbac732d74cd28b54d1,0.6518780641291304,0.5,B
021171276f464051eda5f3715a2e80a3f5b742f3c39ffbbac732d74cd28b54d1,0.6518780641291304,0.5,A
021171276f464051eda5f3715a2e80a3f5b742f3c39ffbbac732d74cd28b54d1,0.6518780641291304,0.5,B
021171276f464051eda5f3715a2e80a3f5b742f3c39ffbbac732d74cd28b54d1,0.6518780641291304,0.5,A
021171276f464051eda5f3715a2e80a3f5b742f3c39ffbbac732d74cd28b54d1,0.6518780641291304,0.5,A
021171276f464051eda5f3715a2e80a3f5b742f3c39ffbbac732d74cd28b54d1,0.6518780641291304,0.5,A
021171276f464051eda5f3715a2e80a3f5b742f3c39ffbbac732d74cd28b54d1,0.6518780641291304,0.5,A
021171276f464051eda5f3715a2e80a3f5b742f3c39ffbbac732d74cd28b54d1,0.6518780641291304,0.5,B
021171276f464051eda5f3715a2e80a3f5b742f3c39ffbbac732d74cd28b54d1,0.6518780641291304,0.5,A
021171276f464051eda5f3715a2e80a3f5b742f3c39ffbbac732d74cd28b54d1,0.6518780641291304,0.5,A
021171276f464051eda5f3715a2e80a3f5b742f3c39ffbbac732d74cd28b54d1,0.6518780641291304,0.5,A
021171276f464051eda5f3715a2e80a3f5b742f3c39ffbbac732d74cd28b54d1,0.6518780641291304,0.5,A
021171276f464051eda5f3715a2e80a3f5b742f3c39ffbbac732d74cd28b54d1,0.6518780641291304,0.5,B
021171276f464051eda5f3715a2e80a3f5b742f3c39ffbbac732d74cd28b54d1,0.6518780641291304,0.5,A
021171276f464051eda5f3715a2e80a3f5b742f3c39ffbbac732d74cd28b54d1,0.6518780641291304,0.5,A
021171276f464051eda5f3715a2e80a3f5b742f3c39ffbbac732d74cd28b54d1,0.6518780641291304,0.5,A
021171276f464051eda5f3715a2e80a3f5b742f3c39ffbbac732d74cd28b54d1,0.6518780641291304,1.5,B
021171276f464051eda5f3715a2e80a3f5b742f3c39ffbbac732d74cd28b54d1,0.6518780641291304,1.5,B
021171276f464051eda5f3715a2e80a3f5b742f3c39ffbbac732d74cd28b54d1,0.6518780641291304,1.5,
021171276f464051eda5f3715a2e80a3f5b742f3c39ffbbac732d74cd28b54d1,0.6518780641291304,1.5,A
021171276f464051eda5f3715a2e80a3f5b742f3c39ffbbac732d74cd28b54d1,0.6518780641291304,1.5,B
021171276f464051eda5f3715a2e80a3f5b742f3c39ffbbac732d74cd28b54d1,0.6518780641291304,1.5,A
021171276f464051eda5f3715a2e80a3f5b742f3c39ffbbac732d74cd28b54d1,0.6518780641291304,1.5,A
021171276f464051eda5f3715a2e80a3f5b742f3c39ffbbac732d74cd28b54d1,0.6518780641291304,1.5,B
021171276f464051eda5f3715a2e80a3f5b742f3c39ffbbac732d74cd28b54d1,0.6518780641291304,1.5,B
021171276f464051eda5f3715a2e80a3f5b742f3c39ffbbac732d74cd28b54d1,0.6518780641291304,1.5,B
021171276f464051eda5f3715a2e80a3f5b742f3c39ffbbac732d74cd28b54d1,0.6518780641291304,1.5,B
021171276f464051eda5f3715a2e80a3f5b742f3c39ffbbac732d74cd28b54d1,0.6518780641291304,1.5,A
021171276f464051eda5f3715a2e80a3f5b742f3c39ffbbac732d74cd28b54d1,0.6518780641291304,1.5,A
021171276f464051eda5f3715a2e80a3f5b742f3c39ffbbac732d74cd28b54d1,0.6518780641291304,1.5,B
021171276f464051eda5f3715a2e80a3f5b742f3c39ffbbac732d74cd28b54d1,0.6518780641291304,1.5,
021171276f464051eda5f3715a2e80a3f5b742f3c39ffbbac732d74cd28b54d1,0.6518780641291304,1.5,A
021171276f464051eda5f3715a2e80a3f5b742f3c39ffbbac732d74cd28b54d1,0.6518780641291304,1.5,
021171276f464051eda5f3715a2e80a3f5b742f3c39ffbbac732d74cd28b54d1,0.6518780641291304,1.5,B
021171276f464051eda5f3715a2e80a3f5b742f3c39ffbbac732d74cd28b54d1,0.6518780641291304,1.5,A
021171276f464051eda5f3715a2e80a3f5b742f3c39ffbbac732d74cd28b54d1,0.6518780641291304,1.5,A
021171276f464051eda5f3715a2e80a3f5b742f3c39ffbbac732d74cd28b54d1,0.6518780641291304,1.5,A
021171276f464051eda5f3715a2e80a3f5b742f3c39ffbbac732d74cd28b54d1,0.6518780641291304,1.5,B
021171276f464051eda5f3715a2e80a3f5b742f3c39ffbbac732d74cd28b54d1,0.6518780641291304,1.5,B
021171276f464051eda5f3715a2e80a3f5b742f3c39ffbbac732d74cd28b54d1,0.6518780641291304,1.5,B
021171276f464051eda5f3715a2e80a3f5b742f3c39ffbbac732d74cd28b54d1,0.6518780641291304,1.5,A
021171276f464051eda5f3715a2e80a3f5b742f3c39ffbbac732d74cd28b54d1,0.6518780641291304,1.5,A
021171276f464051eda5f3715a2e80a3f5b742f3c39ffbbac732d74cd28b54d1,0.6518780641291304,1.5,B
021171276f464051eda5f3715a2e80a3f5b742f3c39ffbbac732d74cd28b54d1,0.6518780641291304,1.5,
021171276f464051eda5f3715a2e80a3f5b742f3c39ffbbac732d74cd28b54d1,0.6518780641291304,1.5,A
021171276f464051eda5f3715a2e80a3f5b742f3c39ffbbac732d74cd28b54d1,0.6518780641291304,1.5,B
021171276f464051eda5f3715a2e80a3f5b742f3c39ffbbac732d74cd28b54d1,0.6518780641291304,1.5,A
021171276f464051eda5f3715a2e80a3f5b742f3c39ffbbac732d74cd28b54d1,0.6518780641291304,1.5,B
021171276f464051eda5f3715a2e80a3f5b742f3c39ffbbac732d74cd28b54d1,0.6518780641291304,1.5,A
021171276f464051eda5f3715a2e80a3f5b742f3c39ffbbac732d74cd28b54d1,0.6518780641291304,1.5,B
021171276f464051eda5f3715a2e80a3f5b742f3c39ffbbac732d74cd28b54d1,0.6518780641291304,1.5,B
021171276f464051eda5f3715a2e80a3f5b742f3c39ffbbac732d74cd28b54d1,0.6518780641291304,1.5,A
021171276f464051eda5f3715a2e80a3f5b742f3c39ffbbac732d74cd28b54d1,0.6518780641291304,1.5,A
021171276f464051eda5f3715a2e80a3f5b742f3c39ffbbac732d74cd28b54d1,0.6518780641291304,1.5,A
021171276f464051eda5f3715a2e80a3f5b742f3c39ffbbac732d74cd28b54d1,0.6518780641291304,1.5,B
021171276f464051eda5f3715a2e80a3f5b742f3c39ffbbac732d74cd28b54d1,0.6518780641291304,1.5,A
021171276f464051eda5f3715a2e80a3f5b742f3c39ffbbac732d74cd28b54d1,0.6518780641291304,1.5,A
021171276f464051eda5f3715a2e80a3f5b742f3c39ffbbac732d74cd28b54d1,0.6518780641291304,1.5,A
021171276f464051eda5f3715a2e80a3f5b742f3c39ffbbac732d74cd28b54d1,0.6518780641291304,1.5,B
021171276f464051eda5f3715a2e80a3f5b742f3c39ffbbac732d74cd28b54d1,0.6518780641291304,1.5,A
021171276f464051eda5f3715a2e80a3f5b742f3c39ffbbac732d74cd28b54d1,0.6518780641291304,1.5,A
021171276f464051eda5f3715a2e80a3f5b742f3c39ffbbac732d74cd28b54d1,0.6518780641291304,1.5,B
021171276f464051eda5f3715a2e80a3f5b742f3c39ffbbac732d74cd28b54d1,0.6518780641291304,1.5,A
021171276f464051eda5f3715a2e80a3f5b742f3c39ffbbac732d74cd28b54d1,0.6518780641291304,1.5,A
021171276f464051eda5f3715a2e80a3f5b742f3c39ffbbac732d74cd28b54d1,0.6518780641291304,1.5,A
021171276f464051eda5f3715a2e80a3f5b742f3c39ffbbac732d74cd28b54d1,0.6518780641291304,1.5,A
022b501005e1252c30be7aa2db6feda3ce3824004debc7c383d89bbee699b3ea,0.2705949713921284,0.5,B
022b501005e1252c30be7aa2db6feda3ce3824004debc7c383d89bbee699b3ea,0.2705949713921284,0.5,B
022b501005e1252c30be7aa2db6feda3ce3824004debc7c383d89bbee699b3ea,0.2705949713921284,0.5,B
022b501005e1252c30be7aa2db6feda3ce3824004debc7c383d89bbee699b3ea,0.2705949713921284,0.5,B
022b501005e1252c30be7aa2db6feda3ce3824004debc7c383d89bbee699b3ea,0.2705949713921284,0.5,B
022b501005e1252c30be7aa2db6feda3ce3824004debc7c383d89bbee699b3ea,0.2705949713921284,0.5,B
022b501005e1252c30be7aa2db6feda3ce3824004debc7c383d89bbee699b3ea,0.2705949713921284,0.5,A
022b501005e1252c30be7aa2db6feda3ce3824004debc7c383d89bbee699b3ea,0.2705949713921284,0.5,B
022b501005e1252c30be7aa2db6feda3ce3824004debc7c383d89bbee699b3ea,0.2705949713921284,0.5,A
022b501005e1252c30be7aa2db6feda3ce3824004debc7c383d89bbee699b3ea,0.2705949713921284,0.5,B
022b501005e1252c30be7aa2db6feda3ce3824004debc7c383d89bbee699b3ea,0.2705949713921284,0.5,B
022b501005e1252c30be7aa2db6feda3ce3824004debc7c383d89bbee699b3ea,0.2705949713921284,0.5,B
022b501005e1252c30be7aa2db6feda3ce3824004debc7c383d89bbee699b3ea,0.2705949713921284,0.5,A
022b501005e1252c30be7aa2db6feda3ce3824004debc7c383d89bbee699b3ea,0.2705949713921284,0.5,B
022b501005e1252c30be7aa2db6feda3ce3824004debc7c383d89bbee699b3ea,0.2705949713921284,0.5,A
022b501005e1252c30be7aa2db6feda3ce3824004debc7c383d89bbee699b3ea,0.2705949713921284,0.5,A
022b501005e1252c30be7aa2db6feda3ce3824004debc7c383d89bbee699b3ea,0.2705949713921284,0.5,B
022b501005e1252c30be7aa2db6feda3ce3824004debc7c383d89bbee699b3ea,0.2705949713921284,0.5,B
022b501005e1252c30be7aa2db6feda3ce3824004debc7c383d89bbee699b3ea,0.2705949713921284,0.5,B
022b501005e1252c30be7aa2db6feda3ce3824004debc7c383d89bbee699b3ea,0.2705949713921284,0.5,B
022b501005e1252c30be7aa2db6feda3ce3824004debc7c383d89bbee699b3ea,0.2705949713921284,0.5,B
022b501005e1252c30be7aa2db6feda3ce3824004debc7c383d89bbee699b3ea,0.2705949713921284,0.5,B
022b501005e1252c30be7aa2db6feda3ce3824004debc7c383d89bbee699b3ea,0.2705949713921284,0.5,B
022b501005e1252c30be7aa2db6feda3ce3824004debc7c383d89bbee699b3ea,0.2705949713921284,0.5,B
022b501005e1252c30be7aa2db6feda3ce3824004debc7c383d89bbee699b3ea,0.2705949713921284,0.5,B
022b501005e1252c30be7aa2db6feda3ce3824004debc7c383d89bbee699b3ea,0.2705949713921284,0.5,A
022b501005e1252c30be7aa2db6feda3ce3824004debc7c383d89bbee699b3ea,0.2705949713921284,0.5,B
022b501005e1252c30be7aa2db6feda3ce3824004debc7c383d89bbee699b3ea,0.2705949713921284,0.5,B
022b501005e1252c30be7aa2db6feda3ce3824004debc7c383d89bbee699b3ea,0.2705949713921284,0.5,B
022b501005e1252c30be7aa2db6feda3ce3824004debc7c383d89bbee699b3ea,0.2705949713921284,0.5,B
022b501005e1252c30be7aa2db6feda3ce3824004debc7c383d89bbee699b3ea,0.2705949713921284,0.5,B
022b501005e1252c30be7aa2db6feda3ce3824004debc7c383d89bbee699b3ea,0.2705949713921284,0.5,B
022b501005e1252c30be7aa2db6feda3ce3824004debc7c383d89bbee699b3ea,0.2705949713921284,0.5,B
022b501005e1252c30be7aa2db6feda3ce3824004debc7c383d89bbee699b3ea,0.2705949713921284,0.5,B
022b501005e1252c30be7aa2db6feda3ce3824004debc7c383d89bbee699b3ea,0.2705949713921284,0.5,B
022b501005e1252c30be7aa2db6feda3ce3824004debc7c383d89bbee699b3ea,0.2705949713921284,0.5,B
022b501005e1252c30be7aa2db6feda3ce3824004debc7c383d89bbee699b3ea,0.2705949713921284,0.5,B
022b501005e1252c30be7aa2db6feda3ce3824004debc7c383d89bbee699b3ea,0.2705949713921284,0.5,B
022b501005e1252c30be7aa2db6feda3ce3824004debc7c383d89bbee699b3ea,0.2705949713921284,0.5,B
022b501005e1252c30be7aa2db6feda3ce3824004debc7c383d89bbee699b3ea,0.2705949713921284,0.5,B
022b501005e1252c30be7aa2db6feda3ce3824004debc7c383d89bbee699b3ea,0.2705949713921284,0.5,A
022b501005e1252c30be7aa2db6feda3ce3824004debc7c383d89bbee699b3ea,0.2705949713921284,0.5,B
022b501005e1252c30be7aa2db6feda3ce3824004debc7c383d89bbee699b3ea,0.2705949713921284,0.5,B
022b501005e1252c30be7aa2db6feda3ce3824004debc7c383d89bbee699b3ea,0.2705949713921284,0.5,B
022b501005e1252c30be7aa2db6feda3ce3824004debc7c383d89bbee699b3ea,0.2705949713921284,0.5,B
022b501005e1252c30be7aa2db6feda3ce3824004debc7c383d89bbee699b3ea,0.2705949713921284,0.5,B
022b501005e1252c30be7aa2db6feda3ce3824004debc7c383d89bbee699b3ea,0.2705949713921284,0.5,B
022b501005e1252c30be7aa2db6feda3ce3824004debc7c383d89bbee699b3ea,0.2705949713921284,0.5,B
022b501005e1252c30be7aa2db6feda3ce3824004debc7c383d89bbee699b3ea,0.2705949713921284,0.5,B
022b501005e1252c30be7aa2db6feda3ce3824004debc7c383d89bbee699b3ea,0.2705949713921284,0.5,B
022b501005e1252c30be7aa2db6feda3ce3824004debc7c383d89bbee699b3ea,0.2705949713921284,1.5,B
022b501005e1252c30be7aa2db6feda3ce3824004debc7c383d89bbee699b3ea,0.2705949713921284,1.5,
022b501005e1252c30be7aa2db6feda3ce3824004debc7c383d89bbee699b3ea,0.2705949713921284,1.5,A
022b501005e1252c30be7aa2db6feda3ce3824004debc7c383d89bbee699b3ea,0.2705949713921284,1.5,A
022b501005e1252c30be7aa2db6feda3ce3824004debc7c383d89bbee699b3ea,0.2705949713921284,1.5,B
022b501005e1252c30be7aa2db6feda3ce3824004debc7c383d89bbee699b3ea,0.2705949713921284,1.5,B
022b501005e1252c30be7aa2db6feda3ce3824004debc7c383d89bbee699b3ea,0.2705949713921284,1.5,B
022b501005e1252c30be7aa2db6feda3ce3824004debc7c383d89bbee699b3ea,0.2705949713921284,1.5,B
022b501005e1252c30be7aa2db6feda3ce3824004debc7c383d89bbee699b3ea,0.2705949713921284,1.5,B
022b501005e1252c30be7aa2db6feda3ce3824004debc7c383d89bbee699b3ea,0.2705949713921284,1.5,B
022b501005e1252c30be7aa2db6feda3ce3824004debc7c383d89bbee699b3ea,0.2705949713921284,1.5,A
022b501005e1252c30be7aa2db6feda3ce3824004debc7c383d89bbee699b3ea,0.2705949713921284,1.5,
022b501005e1252c30be7aa2db6feda3ce3824004debc7c383d89bbee699b3ea,0.2705949713921284,1.5,B
022b501005e1252c30be7aa2db6feda3ce3824004debc7c383d89bbee699b3ea,0.2705949713921284,1.5,B
022b501005e1252c30be7aa2db6feda3ce3824004debc7c383d89bbee699b3ea,0.2705949713921284,1.5,A
022b501005e1252c30be7aa2db6feda3ce3824004debc7c383d89bbee699b3ea,0.2705949713921284,1.5,B
022b501005e1252c30be7aa2db6feda3ce3824004debc7c383d89bbee699b3ea,0.2705949713921284,1.5,
022b501005e1252c30be7aa2db6feda3ce3824004debc7c383d89bbee699b3ea,0.2705949713921284,1.5,A
022b501005e1252c30be7aa2db6feda3ce3824004debc7c383d89bbee699b3ea,0.2705949713921284,1.5,B
022b501005e1252c30be7aa2db6feda3ce3824004debc7c383d89bbee699b3ea,0.2705949713921284,1.5,B
022b501005e1252c30be7aa2db6feda3ce3824004debc7c383d89bbee699b3ea,0.2705949713921284,1.5,B
022b501005e1252c30be7aa2db6feda3ce3824004debc7c383d89bbee699b3ea,0.2705949713921284,1.5,B
022b501005e1252c30be7aa2db6feda3ce3824004debc7c383d89bbee699b3ea,0.2705949713921284,1.5,B
022b501005e1252c30be7aa2db6feda3ce3824004debc7c383d89bbee699b3ea,0.2705949713921284,1.5,B
022b501005e1252c30be7aa2db6feda3ce3824004debc7c383d89bbee699b3ea,0.2705949713921284,1.5,A
022b501005e1252c30be7aa2db6feda3ce3824004debc7c383d89bbee699b3ea,0.2705949713921284,1.5,B
022b501005e1252c30be7aa2db6feda3ce3824004debc7c383d89bbee699b3ea,0.2705949713921284,1.5,A
022b501005e1252c30be7aa2db6feda3ce3824004debc7c383d89bbee699b3ea,0.2705949713921284,1.5,B
022b501005e1252c30be7aa2db6feda3ce3824004debc7c383d89bbee699b3ea,0.2705949713921284,1.5,B
022b501005e1252c30be7aa2db6feda3ce3824004debc7c383d89bbee699b3ea,0.2705949713921284,1.5,B
022b501005e1252c30be7aa2db6feda3ce3824004debc7c383d89bbee699b3ea,0.2705949713921284,1.5,
022b501005e1252c30be7aa2db6feda3ce3824004debc7c383d89bbee699b3ea,0.2705949713921284,1.5,B
022b501005e1252c30be7aa2db6feda3ce3824004debc7c383d89bbee699b3ea,0.2705949713921284,1.5,A
022b501005e1252c30be7aa2db6feda3ce3824004debc7c383d89bbee699b3ea,0.2705949713921284,1.5,A
022b501005e1252c30be7aa2db6feda3ce3824004debc7c383d89bbee699b3ea,0.2705949713921284,1.5,
022b501005e1252c30be7aa2db6feda3ce3824004debc7c383d89bbee699b3ea,0.2705949713921284,1.5,B
022b501005e1252c30be7aa2db6feda3ce3824004debc7c383d89bbee699b3ea,0.2705949713921284,1.5,
022b501005e1252c30be7aa2db6feda3ce3824004debc7c383d89bbee699b3ea,0.2705949713921284,1.5,A
022b501005e1252c30be7aa2db6feda3ce3824004debc7c383d89bbee699b3ea,0.2705949713921284,1.5,B
022b501005e1252c30be7aa2db6feda3ce3824004debc7c383d89bbee699b3ea,0.2705949713921284,1.5,B
022b501005e1252c30be7aa2db6feda3ce3824004debc7c383d89bbee699b3ea,0.2705949713921284,1.5,B
022b501005e1252c30be7aa2db6feda3ce3824004debc7c383d89bbee699b3ea,0.2705949713921284,1.5,B
022b501005e1252c30be7aa2db6feda3ce3824004debc7c383d89bbee699b3ea,0.2705949713921284,1.5,B
022b501005e1252c30be7aa2db6feda3ce3824004debc7c383d89bbee699b3ea,0.2705949713921284,1.5,B
022b501005e1252c30be7aa2db6feda3ce3824004debc7c383d89bbee699b3ea,0.2705949713921284,1.5,B
022b501005e1252c30be7aa2db6feda3ce3824004debc7c383d89bbee699b3ea,0.2705949713921284,1.5,B
022b501005e1252c30be7aa2db6feda3ce3824004debc7c383d89bbee699b3ea,0.2705949713921284,1.5,A
022b501005e1252c30be7aa2db6feda3ce3824004debc7c383d89bbee699b3ea,0.2705949713921284,1.5,B
022b501005e1252c30be7aa2db6feda3ce3824004debc7c383d89bbee699b3ea,0.2705949713921284,1.5,B
022b501005e1252c30be7aa2db6feda3ce3824004debc7c383d89bbee699b3ea,0.2705949713921284,1.5,B
025fb03ec69653dd1bb4bc2482b5fe24e8a6db5902352b79dc07cd99ea5364ba,0.5627753184444646,0.5,A
025fb03ec69653dd1bb4bc2482b5fe24e8a6db5902352b79dc07cd99ea5364ba,0.5627753184444646,0.5,B
025fb03ec69653dd1bb4bc2482b5fe24e8a6db5902352b79dc07cd99ea5364ba,0.5627753184444646,0.5,B
025fb03ec69653dd1bb4bc2482b5fe24e8a6db5902352b79dc07cd99ea5364ba,0.5627753184444646,0.5,B
025fb03ec69653dd1bb4bc2482b5fe24e8a6db5902352b79dc07cd99ea5364ba,0.5627753184444646,0.5,B
025fb03ec69653dd1bb4bc2482b5fe24e8a6db5902352b79dc07cd99ea5364ba,0.5627753184444646,0.5,A
025fb03ec69653dd1bb4bc2482b5fe24e8a6db5902352b79dc07cd99ea5364ba,0.5627753184444646,0.5,A
025fb03ec69653dd1bb4bc2482b5fe24e8a6db5902352b79dc07cd99ea5364ba,0.5627753184444646,0.5,A
025fb03ec69653dd1bb4bc2482b5fe24e8a6db5902352b79dc07cd99ea5364ba,0.5627753184444646,0.5,A
025fb03ec69653dd1bb4bc2482b5fe24e8a6db5902352b79dc07cd99ea5364ba,0.5627753184444646,0.5,A
025fb03ec69653dd1bb4bc2482b5fe24e8a6db5902352b79dc07cd99ea5364ba,0.5627753184444646,0.5,A
025fb03ec69653dd1bb4bc2482b5fe24e8a6db5902352b79dc07cd99ea5364ba,0.5627753184444646,0.5,A
025fb03ec69653dd1bb4bc2482b5fe24e8a6db5902352b79dc07cd99ea5364ba,0.5627753184444646,0.5,B
025fb03ec69653dd1bb4bc2482b5fe24e8a6db5902352b79dc07cd99ea5364ba,0.5627753184444646,0.5,A
025fb03ec69653dd1bb4bc2482b5fe24e8a6db5902352b79dc07cd99ea5364ba,0.5627753184444646,0.5,A
025fb03ec69653dd1bb4bc2482b5fe24e8a6db5902352b79dc07cd99ea5364ba,0.5627753184444646,0.5,A
025fb03ec69653dd1bb4bc2482b5fe24e8a6db5902352b79dc07cd99ea5364ba,0.5627753184444646,0.5,A
025fb03ec69653dd1bb4bc2482b5fe24e8a6db5902352b79dc07cd99ea5364ba,0.5627753184444646,0.5,B
025fb03ec69653dd1bb4bc2482b5fe24e8a6db5902352b79dc07cd99ea5364ba,0.5627753184444646,0.5,A
025fb03ec69653dd1bb4bc2482b5fe24e8a6db5902352b79dc07cd99ea5364ba,0.5627753184444646,0.5,B
025fb03ec69653dd1bb4bc2482b5fe24e8a6db5902352b79dc07cd99ea5364ba,0.5627753184444646,0.5,B
025fb03ec69653dd1bb4bc2482b5fe24e8a6db5902352b79dc07cd99ea5364ba,0.5627753184444646,0.5,B
025fb03ec69653dd1bb4bc2482b5fe24e8a6db5902352b79dc07cd99ea5364ba,0.5627753184444646,0.5,B
025fb03ec69653dd1bb4bc2482b5fe24e8a6db5902352b79dc07cd99ea5364ba,0.5627753184444646,0.5,B
025fb03ec69653dd1bb4bc2482b5fe24e8a6db5902352b79dc07cd99ea5364ba,0.5627753184444646,0.5,A
025fb03ec69653dd1bb4bc2482b5fe24e8a6db5902352b79dc07cd99ea5364ba,0.5627753184444646,0.5,B
025fb03ec69653dd1bb4bc2482b5fe24e8a6db5902352b79dc07cd99ea5364ba,0.5627753184444646,0.5,B
025fb03ec69653dd1bb4bc2482b5fe24e8a6db5902352b79dc07cd99ea5364ba,0.5627753184444646,0.5,A
025fb03ec69653dd1bb4bc2482b5fe24e8a6db5902352b79dc07cd99ea5364ba,0.5627753184444646,0.5,B
025fb03ec69653dd1bb4bc2482b5fe24e8a6db5902352b79dc07cd99ea5364ba,0.5627753184444646,0.5,A
025fb03ec69653dd1bb4bc2482b5fe24e8a6db5902352b79dc07cd99ea5364ba,0.5627753184444646,0.5,B
025fb03ec69653dd1bb4bc2482b5fe24e8a6db5902352b79dc07cd99ea5364ba,0.5627753184444646,0.5,B
025fb03ec69653dd1bb4bc2482b5fe24e8a6db5902352b79dc07cd99ea5364ba,0.5627753184444646,0.5,A
025fb03ec69653dd1bb4bc2482b5fe24e8a6db5902352b79dc07cd99ea5364ba,0.5627753184444646,0.5,A
025fb03ec69653dd1bb4bc2482b5fe24e8a6db5902352b79dc07cd99ea5364ba,0.5627753184444646,0.5,A
025fb03ec69653dd1bb4bc2482b5fe24e8a6db5902352b79dc07cd99ea5364ba,0.5627753184444646,0.5,B
025fb03ec69653dd1bb4bc2482b5fe24e8a6db5902352b79dc07cd99ea5364ba,0.5627753184444646,0.5,B
025fb03ec69653dd1bb4bc2482b5fe24e8a6db5902352b79dc07cd99ea5364ba,0.5627753184444646,0.5,A
025fb03ec69653dd1bb4bc2482b5fe24e8a6db5902352b79dc07cd99ea5364ba,0.5627753184444646,0.5,A
025fb03ec69653dd1bb4bc2482b5fe24e8a6db5902352b79dc07cd99ea5364ba,0.5627753184444646,0.5,B
025fb03ec69653dd1bb4bc2482b5fe24e8a6db5902352b79dc07cd99ea5364ba,0.5627753184444646,0.5,A
025fb03ec69653dd1bb4bc2482b5fe24e8a6db5902352b79dc07cd99ea5364ba,0.5627753184444646,0.5,B
025fb03ec69653dd1bb4bc2482b5fe24e8a6db5902352b79dc07cd99ea5364ba,0.5627753184444646,0.5,B
025fb03ec69653dd1bb4bc2482b5fe24e8a6db5902352b79dc07cd99ea5364ba,0.5627753184444646,0.5,A
025fb03ec69653dd1bb4bc2482b5fe24e8a6db5902352b79dc07cd99ea5364ba,0.5627753184444646,0.5,A
025fb03ec69653dd1bb4bc2482b5fe24e8a6db5902352b79dc07cd99ea5364ba,0.5627753184444646,0.5,A
025fb03ec69653dd1bb4bc2482b5fe24e8a6db5902352b79dc07cd99ea5364ba,0.5627753184444646,0.5,A
025fb03ec69653dd1bb4bc2482b5fe24e8a6db5902352b79dc07cd99ea5364ba,0.5627753184444646,0.5,B
025fb03ec69653dd1bb4bc2482b5fe24e8a6db5902352b79dc07cd99ea5364ba,0.5627753184444646,0.5,A
025fb03ec69653dd1bb4bc2482b5fe24e8a6db5902352b79dc07cd99ea5364ba,0.5627753184444646,0.5,B
025fb03ec69653dd1bb4bc2482b5fe24e8a6db5902352b79dc07cd99ea5364ba,0.5627753184444646,1.5,A
025fb03ec69653dd1bb4bc2482b5fe24e8a6db5902352b79dc07cd99ea5364ba,0.5627753184444646,1.5,A
025fb03ec69653dd1bb4bc2482b5fe24e8a6db5902352b79dc07cd99ea5364ba,0.5627753184444646,1.5,A
025fb03ec69653dd1bb4bc2482b5fe24e8a6db5902352b79dc07cd99ea5364ba,0.5627753184444646,1.5,A
025fb03ec69653dd1bb4bc2482b5fe24e8a6db5902352b79dc07cd99ea5364ba,0.5627753184444646,1.5,B
025fb03ec69653dd1bb4bc2482b5fe24e8a6db5902352b79dc07cd99ea5364ba,0.5627753184444646,1.5,B
025fb03ec69653dd1bb4bc2482b5fe24e8a6db5902352b79dc07cd99ea5364ba,0.5627753184444646,1.5,A
025fb03ec69653dd1bb4bc2482b5fe24e8a6db5902352b79dc07cd99ea5364ba,0.5627753184444646,1.5,A
025fb03ec69653dd1bb4bc2482b5fe24e8a6db5902352b79dc07cd99ea5364ba,0.5627753184444646,1.5,A
025fb03ec69653dd1bb4bc2482b5fe24e8a6db5902352b79dc07cd99ea5364ba,0.5627753184444646,1.5,B
025fb03ec69653dd1bb4bc2482b5fe24e8a6db5902352b79dc07cd99ea5364ba,0.5627753184444646,1.5,B
025fb03ec69653dd1bb4bc2482b5fe24e8a6db5902352b79dc07cd99ea5364ba,0.5627753184444646,1.5,A
025fb03ec69653dd1bb4bc2482b5fe24e8a6db5902352b79dc07cd99ea5364ba,0.5627753184444646,1.5,A
025fb03ec69653dd1bb4bc2482b5fe24e8a6db5902352b79dc07cd99ea5364ba,0.5627753184444646,1.5,A
025fb03ec69653dd1bb4bc2482b5fe24e8a6db5902352b79dc07cd99ea5364ba,0.5627753184444646,1.5,B
025fb03ec69653dd1bb4bc2482b5fe24e8a6db5902352b79dc07cd99ea5364ba,0.5627753184444646,1.5,A
025fb03ec69653dd1bb4bc2482b5fe24e8a6db5902352b79dc07cd99ea5364ba,0.5627753184444646,1.5,A
025fb03ec69653dd1bb4bc2482b5fe24e8a6db5902352b79dc07cd99ea5364ba,0.5627753184444646,1.5,B
025fb03ec69653dd1bb4bc2482b5fe24e8a6db5902352b79dc07cd99ea5364ba,0.5627753184444646,1.5,
025fb03ec69653dd1bb4bc2482b5fe24e8a6db5902352b79dc07cd99ea5364ba,0.5627753184444646,1.5,B
025fb03ec69653dd1bb4bc2482b5fe24e8a6db5902352b79dc07cd99ea5364ba,0.5627753184444646,1.5,B
025fb03ec69653dd1bb4bc2482b5fe24e8a6db5902352b79dc07cd99ea5364ba,0.5627753184444646,1.5,A
025fb03ec69653dd1bb4bc2482b5fe24e8a6db5902352b79dc07cd99ea5364ba,0.5627753184444646,1.5,A
025fb03ec69653dd1bb4bc2482b5fe24e8a6db5902352b79dc07cd99ea5364ba,0.5627753184444646,1.5,A
025fb03ec69653dd1bb4bc2482b5fe24e8a6db5902352b79dc07cd99ea5364ba,0.5627753184444646,1.5,A
025fb03ec69653dd1bb4bc2482b5fe24e8a6db5902352b79dc07cd99ea5364ba,0.5627753184444646,1.5,B
025fb03ec69653dd1bb4bc2482b5fe24e8a6db5902352b79dc07cd99ea5364ba,0.5627753184444646,1.5,B
025fb03ec69653dd1bb4bc2482b5fe24e8a6db5902352b79dc07cd99ea5364ba,0.5627753184444646,1.5,
025fb03ec69653dd1bb4bc2482b5fe24e8a6db5902352b79dc07cd99ea5364ba,0.5627753184444646,1.5,A
025fb03ec69653dd1bb4bc2482b5fe24e8a6db5902352b79dc07cd99ea5364ba,0.5627753184444646,1.5,A
025fb03ec69653dd1bb4bc2482b5fe24e8a6db5902352b79dc07cd99ea5364ba,0.5627753184444646,1.5,A
025fb03ec69653dd1bb4bc2482b5fe24e8a6db5902352b79dc07cd99ea5364ba,0.5627753184444646,1.5,B
025fb03ec69653dd1bb4bc2482b5fe24e8a6db5902352b79dc07cd99ea5364ba,0.5627753184444646,1.5,A
025fb03ec69653dd1bb4bc2482b5fe24e8a6db5902352b79dc07cd99ea5364ba,0.5627753184444646,1.5,A
025fb03ec69653dd1bb4bc2482b5fe24e8a6db5902352b79dc07cd99ea5364ba,0.5627753184444646,1.5,A
025fb03ec69653dd1bb4bc2482b5fe24e8a6db5902352b79dc07cd99ea5364ba,0.5627753184444646,1.5,
025fb03ec69653dd1bb4bc2482b5fe24e8a6db5902352b79dc07cd99ea5364ba,0.5627753184444646,1.5,A
025fb03ec69653dd1bb4bc2482b5fe24e8a6db5902352b79dc07cd99ea5364ba,0.5627753184444646,1.5,A
025fb03ec69653dd1bb4bc2482b5fe24e8a6db5902352b79dc07cd99ea5364ba,0.5627753184444646,1.5,B
025fb03ec69653dd1bb4bc2482b5fe24e8a6db5902352b79dc07cd99ea5364ba,0.5627753184444646,1.5,B
025fb03ec69653dd1bb4bc2482b5fe24e8a6db5902352b79dc07cd99ea5364ba,0.5627753184444646,1.5,B
025fb03ec69653dd1bb4bc2482b5fe24e8a6db5902352b79dc07cd99ea5364ba,0.5627753184444646,1.5,
025fb03ec69653dd1bb4bc2482b5fe24e8a6db5902352b79dc07cd99ea5364ba,0.5627753184444646,1.5,A
025fb03ec69653dd1bb4bc2482b5fe24e8a6db5902352b79dc07cd99ea5364ba,0.5627753184444646,1.5,A
025fb03ec69653dd1bb4bc2482b5fe24e8a6db5902352b79dc07cd99ea5364ba,0.5627753184444646,1.5,B
025fb03ec69653dd1bb4bc2482b5fe24e8a6db5902352b79dc07cd99ea5364ba,0.5627753184444646,1.5,B
025fb03ec69653dd1bb4bc2482b5fe24e8a6db5902352b79dc07cd99ea5364ba,0.5627753184444646,1.5,A
025fb03ec69653dd1bb4bc2482b5fe24e8a6db5902352b79dc07cd99ea5364ba,0.5627753184444646,1.5,A
025fb03ec69653dd1bb4bc2482b5fe24e8a6db5902352b79dc07cd99ea5364ba,0.5627753184444646,1.5,B
025fb03ec69653dd1bb4bc2482b5fe24e8a6db5902352b79dc07cd99ea5364ba,0.5627753184444646,1.5,A
0281058b202a725a66190293304cb10d318e4099d1d8257da92ba7770aee7bf3,0.6231736082134243,0.5,A
0281058b202a725a66190293304cb10d318e4099d1d8257da92ba7770aee7bf3,0.6231736082134243,0.5,B
0281058b202a725a66190293304cb10d318e4099d1d8257da92ba7770aee7bf3,0.6231736082134243,0.5,A
0281058b202a725a66190293304cb10d318e4099d1d8257da92ba7770aee7bf3,0.6231736082134243,0.5,A
0281058b202a725a66190293304cb10d318e4099d1d8257da92ba7770aee7bf3,0.6231736082134243,0.5,A
0281058b202a725a66190293304cb10d318e4099d1d8257da92ba7770aee7bf3,0.6231736082134243,0.5,A
0281058b202a725a66190293304cb10d318e4099d1d8257da92ba7770aee7bf3,0.6231736082134243,0.5,A
0281058b202a725a66190293304cb10d318e4099d1d8257da92ba7770aee7bf3,0.6231736082134243,0.5,A
0281058b202a725a66190293304cb10d318e4099d1d8257da92ba7770aee7bf3,0.6231736082134243,0.5,B
0281058b202a725a66190293304cb10d318e4099d1d8257da92ba7770aee7bf3,0.6231736082134243,0.5,A
0281058b202a725a66190293304cb10d318e4099d1d8257da92ba7770aee7bf3,0.6231736082134243,0.5,A
0281058b202a725a66190293304cb10d318e4099d1d8257da92ba7770aee7bf3,0.6231736082134243,0.5,A
0281058b202a725a66190293304cb10d318e4099d1d8257da92ba7770aee7bf3,0.6231736082134243,0.5,A
0281058b202a725a66190293304cb10d318e4099d1d8257da92ba7770aee7bf3,0.6231736082134243,0.5,A
0281058b202a725a66190293304cb10d318e4099d1d8257da92ba7770aee7bf3,0.6231736082134243,0.5,A
0281058b202a725a66190293304cb10d318e4099d1d8257da92ba7770aee7bf3,0.6231736082134243,0.5,A
0281058b202a725a66190293304cb10d318e4099d1d8257da92ba7770aee7bf3,0.6231736082134243,0.5,A
0281058b202a725a66190293304cb10d318e4099d1d8257da92ba7770aee7bf3,0.6231736082134243,0.5,A
0281058b202a725a66190293304cb10d318e4099d1d8257da92ba7770aee7bf3,0.6231736082134243,0.5,B
0281058b202a725a66190293304cb10d318e4099d1d8257da92ba7770aee7bf3,0.6231736082134243,0.5,B
0281058b202a725a66190293304cb10d318e4099d1d8257da92ba7770aee7bf3,0.6231736082134243,0.5,A
0281058b202a725a66190293304cb10d318e4099d1d8257da92ba7770aee7bf3,0.6231736082134243,0.5,A
0281058b202a725a66190293304cb10d318e4099d1d8257da92ba7770aee7bf3,0.6231736082134243,0.5,A
0281058b202a725a66190293304cb10d318e4099d1d8257da92ba7770aee7bf3,0.6231736082134243,0.5,B
0281058b202a725a66190293304cb10d318e4099d1d8257da92ba7770aee7bf3,0.6231736082134243,0.5,A
0281058b202a725a66190293304cb10d318e4099d1d8257da92ba7770aee7bf3,0.6231736082134243,0.5,A
0281058b202a725a66190293304cb10d318e4099d1d8257da92ba7770aee7bf3,0.6231736082134243,0.5,B
0281058b202a725a66190293304cb10d318e4099d1d8257da92ba7770aee7bf3,0.6231736082134243,0.5,B
0281058b202a725a66190293304cb10d318e4099d1d8257da92ba7770aee7bf3,0.6231736082134243,0.5,A
0281058b202a725a66190293304cb10d318e4099d1d8257da92ba7770aee7bf3,0.6231736082134243,0.5,A
0281058b202a725a66190293304cb10d318e4099d1d8257da92ba7770aee7bf3,0.6231736082134243,0.5,A
0281058b202a725a66190293304cb10d318e4099d1d8257da92ba7770aee7bf3,0.6231736082134243,0.5,A
0281058b202a725a66190293304cb10d318e4099d1d8257da92ba7770aee7bf3,0.6231736082134243,0.5,A
0281058b202a725a66190293304cb10d318e4099d1d8257da92ba7770aee7bf3,0.6231736082134243,0.5,B
0281058b202a725a66190293304cb10d318e4099d1d8257da92ba7770aee7bf3,0.6231736082134243,0.5,A
0281058b202a725a66190293304cb10d318e4099d1d8257da92ba7770aee7bf3,0.6231736082134243,0.5,A
0281058b202a725a66190293304cb10d318e4099d1d8257da92ba7770aee7bf3,0.6231736082134243,0.5,B
0281058b202a725a66190293304cb10d318e4099d1d8257da92ba7770aee7bf3,0.6231736082134243,0.5,A
0281058b202a725a66190293304cb10d318e4099d1d8257da92ba7770aee7bf3,0.6231736082134243,0.5,B
0281058b202a725a66190293304cb10d318e4099d1d8257da92ba7770aee7bf3,0.6231736082134243,0.5,A
0281058b202a725a66190293304cb10d318e4099d1d8257da92ba7770aee7bf3,0.6231736082134243,0.5,A
0281058b202a725a66190293304cb10d318e4099d1d8257da92ba7770aee7bf3,0.6231736082134243,0.5,B
0281058b202a725a66190293304cb10d318e4099d1d8257da92ba7770aee7bf3,0.6231736082134243,0.5,B
0281058b202a725a66190293304cb10d318e4099d1d8257da92ba7770aee7bf3,0.6231736082134243,0.5,A
0281058b202a725a66190293304cb10d318e4099d1d8257da92ba7770aee7bf3,0.6231736082134243,0.5,B
0281058b202a725a66190293304cb10d318e4099d1d8257da92ba7770aee7bf3,0.6231736082134243,0.5,A
0281058b202a725a66190293304cb10d318e4099d1d8257da92ba7770aee7bf3,0.6231736082134243,0.5,B
0281058b202a725a66190293304cb10d318e4099d1d8257da92ba7770aee7bf3,0.6231736082134243,0.5,B
0281058b202a725a66190293304cb10d318e4099d1d8257da92ba7770aee7bf3,0.6231736082134243,0.5,B
0281058b202a725a66190293304cb10d318e4099d1d8257da92ba7770aee7bf3,0.6231736082134243,0.5,A
0281058b202a725a66190293304cb10d318e4099d1d8257da92ba7770aee7bf3,0.6231736082134243,1.5,
0281058b202a725a66190293304cb10d318e4099d1d8257da92ba7770aee7bf3,0.6231736082134243,1.5,A
0281058b202a725a66190293304cb10d318e4099d1d8257da92ba7770aee7bf3,0.6231736082134243,1.5,A
0281058b202a725a66190293304cb10d318e4099d1d8257da92ba7770aee7bf3,0.6231736082134243,1.5,B
0281058b202a725a66190293304cb10d318e4099d1d8257da92ba7770aee7bf3,0.6231736082134243,1.5,A
0281058b202a725a66190293304cb10d318e4099d1d8257da92ba7770aee7bf3,0.6231736082134243,1.5,B
0281058b202a725a66190293304cb10d318e4099d1d8257da92ba7770aee7bf3,0.6231736082134243,1.5,B
0281058b202a725a66190293304cb10d318e4099d1d8257da92ba7770aee7bf3,0.6231736082134243,1.5,A
0281058b202a725a66190293304cb10d318e4099d1d8257da92ba7770aee7bf3,0.6231736082134243,1.5,B
0281058b202a725a66190293304cb10d318e4099d1d8257da92ba7770aee7bf3,0.6231736082134243,1.5,B
0281058b202a725a66190293304cb10d318e4099d1d8257da92ba7770aee7bf3,0.6231736082134243,1.5,B
0281058b202a725a66190293304cb10d318e4099d1d8257da92ba7770aee7bf3,0.6231736082134243,1.5,A
0281058b202a725a66190293304cb10d318e4099d1d8257da92ba7770aee7bf3,0.6231736082134243,1.5,B
0281058b202a725a66190293304cb10d318e4099d1d8257da92ba7770aee7bf3,0.6231736082134243,1.5,A
0281058b202a725a66190293304cb10d318e4099d1d8257da92ba7770aee7bf3,0.6231736082134243,1.5,A
0281058b202a725a66190293304cb10d318e4099d1d8257da92ba7770aee7bf3,0.6231736082134243,1.5,B
0281058b202a725a66190293304cb10d318e4099d1d8257da92ba7770aee7bf3,0.6231736082134243,1.5,A
0281058b202a725a66190293304cb10d318e4099d1d8257da92ba7770aee7bf3,0.6231736082134243,1.5,A
0281058b202a725a66190293304cb10d318e4099d1d8257da92ba7770aee7bf3,0.6231736082134243,1.5,A
0281058b202a725a66190293304cb10d318e4099d1d8257da92ba7770aee7bf3,0.6231736082134243,1.5,
0281058b202a725a66190293304cb10d318e4099d1d8257da92ba7770aee7bf3,0.6231736082134243,1.5,B
0281058b202a725a66190293304cb10d318e4099d1d8257da92ba7770aee7bf3,0.6231736082134243,1.5,A
0281058b202a725a66190293304cb10d318e4099d1d8257da92ba7770aee7bf3,0.6231736082134243,1.5,A
0281058b202a725a66190293304cb10d318e4099d1d8257da92ba7770aee7bf3,0.6231736082134243,1.5,A
0281058b202a725a66190293304cb10d318e4099d1d8257da92ba7770aee7bf3,0.6231736082134243,1.5,A
0281058b202a725a66190293304cb10d318e4099d1d8257da92ba7770aee7bf3,0.6231736082134243,1.5,A
0281058b202a725a66190293304cb10d318e4099d1d8257da92ba7770aee7bf3,0.6231736082134243,1.5,A
0281058b202a725a66190293304cb10d318e4099d1d8257da92ba7770aee7bf3,0.6231736082134243,1.5,A
0281058b202a725a66190293304cb10d318e4099d1d8257da92ba7770aee7bf3,0.6231736082134243,1.5,A
0281058b202a725a66190293304cb10d318e4099d1d8257da92ba7770aee7bf3,0.6231736082134243,1.5,B
0281058b202a725a66190293304cb10d318e4099d1d8257da92ba7770aee7bf3,0.6231736082134243,1.5,A
0281058b202a725a66190293304cb10d318e4099d1d8257da92ba7770aee7bf3,0.6231736082134243,1.5,A
0281058b202a725a66190293304cb10d318e4099d1d8257da92ba7770aee7bf3,0.6231736082134243,1.5,A
0281058b202a725a66190293304cb10d318e4099d1d8257da92ba7770aee7bf3,0.6231736082134243,1.5,A
0281058b202a725a66190293304cb10d318e4099d1d8257da92ba7770aee7bf3,0.6231736082134243,1.5,A
0281058b202a725a66190293304cb10d318e4099d1d8257da92ba7770aee7bf3,0.6231736082134243,1.5,A
0281058b202a725a66190293304cb10d318e4099d1d8257da92ba7770aee7bf3,0.6231736082134243,1.5,B
0281058b202a725a66190293304cb10d318e4099d1d8257da92ba7770aee7bf3,0.6231736082134243,1.5,A
0281058b202a725a66190293304cb10d318e4099d1d8257da92ba7770aee7bf3,0.6231736082134243,1.5,B
0281058b202a725a66190293304cb10d318e4099d1d8257da92ba7770aee7bf3,0.6231736082134243,1.5,B
0281058b202a725a66190293304cb10d318e4099d1d8257da92ba7770aee7bf3,0.6231736082134243,1.5,B
0281058b202a725a66190293304cb10d318e4099d1d8257da92ba7770aee7bf3,0.6231736082134243,1.5,A
0281058b202a725a66190293304cb10d318e4099d1d8257da92ba7770aee7bf3,0.6231736082134243,1.5,A
0281058b202a725a66190293304cb10d318e4099d1d8257da92ba7770aee7bf3,0.6231736082134243,1.5,A
0281058b202a725a66190293304cb10d318e4099d1d8257da92ba7770aee7bf3,0.6231736082134243,1.5,B
0281058b202a725a66190293304cb10d318e4099d1d8257da92ba7770aee7bf3,0.6231736082134243,1.5,A
0281058b202a725a66190293304cb10d318e4099d1d8257da92ba7770aee7bf3,0.6231736082134243,1.5,B
0281058b202a725a66190293304cb10d318e4099d1d8257da92ba7770aee7bf3,0.6231736082134243,1.5,B
0281058b202a725a66190293304cb10d318e4099d1d8257da92ba7770aee7bf3,0.6231736082134243,1.5,A
0281058b202a725a66190293304cb10d318e4099d1d8257da92ba7770aee7bf3,0.6231736082134243,1.5,A
0293f39e1d10cc1c8dacd187e8a2c8528b6b1269c0fff9797da255d12fe2a31b,0.7313850739973543,0.5,A
0293f39e1d10cc1c8dacd187e8a2c8528b6b1269c0fff9797da255d12fe2a31b,0.7313850739973543,0.5,A
0293f39e1d10cc1c8dacd187e8a2c8528b6b1269c0fff9797da255d12fe2a31b,0.7313850739973543,0.5,A
0293f39e1d10cc1c8dacd187e8a2c8528b6b1269c0fff9797da255d12fe2a31b,0.7313850739973543,0.5,A
0293f39e1d10cc1c8dacd187e8a2c8528b6b1269c0fff9797da255d12fe2a31b,0.7313850739973543,0.5,A
0293f39e1d10cc1c8dacd187e8a2c8528b6b1269c0fff9797da255d12fe2a31b,0.7313850739973543,0.5,A
0293f39e1d10cc1c8dacd187e8a2c8528b6b1269c0fff9797da255d12fe2a31b,0.7313850739973543,0.5,A
0293f39e1d10cc1c8dacd187e8a2c8528b6b1269c0fff9797da255d12fe2a31b,0.7313850739973543,0.5,A
0293f39e1d10cc1c8dacd187e8a2c8528b6b1269c0fff9797da255d12fe2a31b,0.7313850739973543,0.5,A
0293f39e1d10cc1c8dacd187e8a2c8528b6b1269c0fff9797da255d12fe2a31b,0.7313850739973543,0.5,A
0293f39e1d10cc1c8dacd187e8a2c8528b6b1269c0fff9797da255d12fe2a31b,0.7313850739973543,0.5,A
0293f39e1d10cc1c8dacd187e8a2c8528b6b1269c0fff9797da255d12fe2a31b,0.7313850739973543,0.5,A
0293f39e1d10cc1c8dacd187e8a2c8528b6b1269c0fff9797da255d12fe2a31b,0.7313850739973543,0.5,A
0293f39e1d10cc1c8dacd187e8a2c8528b6b1269c0fff9797da255d12fe2a31b,0.7313850739973543,0.5,A
0293f39e1d10cc1c8dacd187e8a2c8528b6b1269c0fff9797da255d12fe2a31b,0.7313850739973543,0.5,A
0293f39e1d10cc1c8dacd187e8a2c8528b6b1269c0fff9797da255d12fe2a31b,0.7313850739973543,0.5,A
0293f39e1d10cc1c8dacd187e8a2c8528b6b1269c0fff9797da255d12fe2a31b,0.7313850739973543,0.5,A
0293f39e1d10cc1c8dacd187e8a2c8528b6b1269c0fff9797da255d12fe2a31b,0.7313850739973543,0.5,A
0293f39e1d10cc1c8dacd187e8a2c8528b6b1269c0fff9797da255d12fe2a31b,0.7313850739973543,0.5,A
0293f39e1d10cc1c8dacd187e8a2c8528b6b1269c0fff9797da255d12fe2a31b,0.7313850739973543,0.5,B
0293f39e1d10cc1c8dacd187e8a2c8528b6b1269c0fff9797da255d12fe2a31b,0.7313850739973543,0.5,A
0293f39e1d10cc1c8dacd187e8a2c8528b6b1269c0fff9797da255d12fe2a31b,0.7313850739973543,0.5,A
0293f39e1d10cc1c8dacd187e8a2c8528b6b1269c0fff9797da255d12fe2a31b,0.7313850739973543,0.5,A
0293f39e1d10cc1c8dacd187e8a2c8528b6b1269c0fff9797da255d12fe2a31b,0.7313850739973543,0.5,A
0293f39e1d10cc1c8dacd187e8a2c8528b6b1269c0fff9797da255d12fe2a31b,0.7313850739973543,0.5,A
0293f39e1d10cc1c8dacd187e8a2c8528b6b1269c0fff9797da255d12fe2a31b,0.7313850739973543,0.5,A
0293f39e1d10cc1c8dacd187e8a2c8528b6b1269c0fff9797da255d12fe2a31b,0.7313850739973543,0.5,A
0293f39e1d10cc1c8dacd187e8a2c8528b6b1269c0fff9797da255d12fe2a31b,0.7313850739973543,0.5,A
0293f39e1d10cc1c8dacd187e8a2c8528b6b1269c0fff9797da255d12fe2a31b,0.7313850739973543,0.5,A
0293f39e1d10cc1c8dacd187e8a2c8528b6b1269c0fff9797da255d12fe2a31b,0.7313850739973543,0.5,B
0293f39e1d10cc1c8dacd187e8a2c8528b6b1269c0fff9797da255d12fe2a31b,0.7313850739973543,0.5,A
0293f39e1d10cc1c8dacd187e8a2c8528b6b1269c0fff9797da255d12fe2a31b,0.7313850739973543,0.5,A
0293f39e1d10cc1c8dacd187e8a2c8528b6b1269c0fff9797da255d12fe2a31b,0.7313850739973543,0.5,A
0293f39e1d10cc1c8dacd187e8a2c8528b6b1269c0fff9797da255d12fe2a31b,0.7313850739973543,0.5,A
0293f39e1d10cc1c8dacd187e8a2c8528b6b1269c0fff9797da255d12fe2a31b,0.7313850739973543,0.5,A
0293f39e1d10cc1c8dacd187e8a2c8528b6b1269c0fff9797da255d12fe2a31b,0.7313850739973543,0.5,A
0293f39e1d10cc1c8dacd187e8a2c8528b6b1269c0fff9797da255d12fe2a31b,0.7313850739973543,0.5,A
0293f39e1d10cc1c8dacd187e8a2c8528b6b1269c0fff9797da255d12fe2a31b,0.7313850739973543,0.5,A
0293f39e1d10cc1c8dacd187e8a2c8528b6b1269c0fff9797da255d12fe2a31b,0.7313850739973543,0.5,A
0293f39e1d10cc1c8dacd187e8a2c8528b6b1269c0fff9797da255d12fe2a31b,0.7313850739973543,0.5,A
0293f39e1d10cc1c8dacd187e8a2c8528b6b1269c0fff9797da255d12fe2a31b,0.7313850739973543,0.5,A
0293f39e1d10cc1c8dacd187e8a2c8528b6b1269c0fff9797da255d12fe2a31b,0.7313850739973543,0.5,A
0293f39e1d10cc1c8dacd187e8a2c8528b6b1269c0fff9797da255d12fe2a31b,0.7313850739973543,0.5,A
0293f39e1d10cc1c8dacd187e8a2c8528b6b1269c0fff9797da255d12fe2a31b,0.7313850739973543,0.5,B
0293f39e1d10cc1c8dacd187e8a2c8528b6b1269c0fff9797da255d12fe2a31b,0.7313850739973543,0.5,A
0293f39e1d10cc1c8dacd187e8a2c8528b6b1269c0fff9797da255d12fe2a31b,0.7313850739973543,0.5,A
0293f39e1d10cc1c8dacd187e8a2c8528b6b1269c0fff9797da255d12fe2a31b,0.7313850739973543,0.5,A
0293f39e1d10cc1c8dacd187e8a2c8528b6b1269c0fff9797da255d12fe2a31b,0.7313850739973543,0.5,B
0293f39e1d10cc1c8dacd187e8a2c8528b6b1269c0fff9797da255d12fe2a31b,0.7313850739973543,0.5,A
0293f39e1d10cc1c8dacd187e8a2c8528b6b1269c0fff9797da255d12fe2a31b,0.7313850739973543,0.5,A
0293f39e1d10cc1c8dacd187e8a2c8528b6b1269c0fff9797da255d12fe2a31b,0.7313850739973543,1.5,
0293f39e1d10cc1c8dacd187e8a2c8528b6b1269c0fff9797da255d12fe2a31b,0.7313850739973543,1.5,B
0293f39e1d10cc1c8dacd187e8a2c8528b6b1269c0fff9797da255d12fe2a31b,0.7313850739973543,1.5,A
0293f39e1d10cc1c8dacd187e8a2c8528b6b1269c0fff9797da255d12fe2a31b,0.7313850739973543,1.5,B
0293f39e1d10cc1c8dacd187e8a2c8528b6b1269c0fff9797da255d12fe2a31b,0.7313850739973543,1.5,A
0293f39e1d10cc1c8dacd187e8a2c8528b6b1269c0fff9797da255d12fe2a31b,0.7313850739973543,1.5,A
0293f39e1d10cc1c8dacd187e8a2c8528b6b1269c0fff9797da255d12fe2a31b,0.7313850739973543,1.5,A
0293f39e1d10cc1c8dacd187e8a2c8528b6b1269c0fff9797da255d12fe2a31b,0.7313850739973543,1.5,A
0293f39e1d10cc1c8dacd187e8a2c8528b6b1269c0fff9797da255d12fe2a31b,0.7313850739973543,1.5,B
0293f39e1d10cc1c8dacd187e8a2c8528b6b1269c0fff9797da255d12fe2a31b,0.7313850739973543,1.5,A
0293f39e1d10cc1c8dacd187e8a2c8528b6b1269c0fff9797da255d12fe2a31b,0.7313850739973543,1.5,A
0293f39e1d10cc1c8dacd187e8a2c8528b6b1269c0fff9797da255d12fe2a31b,0.7313850739973543,1.5,B
0293f39e1d10cc1c8dacd187e8a2c8528b6b1269c0fff9797da255d12fe2a31b,0.7313850739973543,1.5,A
0293f39e1d10cc1c8dacd187e8a2c8528b6b1269c0fff9797da255d12fe2a31b,0.7313850739973543,1.5,A
0293f39e1d10cc1c8dacd187e8a2c8528b6b1269c0fff9797da255d12fe2a31b,0.7313850739973543,1.5,A
0293f39e1d10cc1c8dacd187e8a2c8528b6b1269c0fff9797da255d12fe2a31b,0.7313850739973543,1.5,A
0293f39e1d10cc1c8dacd187e8a2c8528b6b1269c0fff9797da255d12fe2a31b,0.7313850739973543,1.5,B
0293f39e1d10cc1c8dacd187e8a2c8528b6b1269c0fff9797da255d12fe2a31b,0.7313850739973543,1.5,A
0293f39e1d10cc1c8dacd187e8a2c8528b6b1269c0fff9797da255d12fe2a31b,0.7313850739973543,1.5,A
0293f39e1d10cc1c8dacd187e8a2c8528b6b1269c0fff9797da255d12fe2a31b,0.7313850739973543,1.5,B
0293f39e1d10cc1c8dacd187e8a2c8528b6b1269c0fff9797da255d12fe2a31b,0.7313850739973543,1.5,B
0293f39e1d10cc1c8dacd187e8a2c8528b6b1269c0fff9797da255d12fe2a31b,0.7313850739973543,1.5,A
0293f39e1d10cc1c8dacd187e8a2c8528b6b1269c0fff9797da255d12fe2a31b,0.7313850739973543,1.5,A
0293f39e1d10cc1c8dacd187e8a2c8528b6b1269c0fff9797da255d12fe2a31b,0.7313850739973543,1.5,A
0293f39e1d10cc1c8dacd187e8a2c8528b6b1269c0fff9797da255d12fe2a31b,0.7313850739973543,1.5,A
0293f39e1d10cc1c8dacd187e8a2c8528b6b1269c0fff9797da255d12fe2a31b,0.7313850739973543,1.5,B
0293f39e1d10cc1c8dacd187e8a2c8528b6b1269c0fff9797da255d12fe2a31b,0.7313850739973543,1.5,B
0293f39e1d10cc1c8dacd187e8a2c8528b6b1269c0fff9797da255d12fe2a31b,0.7313850739973543,1.5,A
0293f39e1d10cc1c8dacd187e8a2c8528b6b1269c0fff9797da255d12fe2a31b,0.7313850739973543,1.5,
0293f39e1d10cc1c8dacd187e8a2c8528b6b1269c0fff9797da255d12fe2a31b,0.7313850739973543,1.5,B
0293f39e1d10cc1c8dacd187e8a2c8528b6b1269c0fff9797da255d12fe2a31b,0.7313850739973543,1.5,B
0293f39e1d10cc1c8dacd187e8a2c8528b6b1269c0fff9797da255d12fe2a31b,0.7313850739973543,1.5,A
0293f39e1d10cc1c8dacd187e8a2c8528b6b1269c0fff9797da255d12fe2a31b,0.7313850739973543,1.5,A
0293f39e1d10cc1c8dacd187e8a2c8528b6b1269c0fff9797da255d12fe2a31b,0.7313850739973543,1.5,
0293f39e1d10cc1c8dacd187e8a2c8528b6b1269c0fff9797da255d12fe2a31b,0.7313850739973543,1.5,A
0293f39e1d10cc1c8dacd187e8a2c8528b6b1269c0fff9797da255d12fe2a31b,0.7313850739973543,1.5,A
0293f39e1d10cc1c8dacd187e8a2c8528b6b1269c0fff9797da255d12fe2a31b,0.7313850739973543,1.5,B
0293f39e1d10cc1c8dacd187e8a2c8528b6b1269c0fff9797da255d12fe2a31b,0.7313850739973543,1.5,
0293f39e1d10cc1c8dacd187e8a2c8528b6b1269c0fff9797da255d12fe2a31b,0.7313850739973543,1.5,B
0293f39e1d10cc1c8dacd187e8a2c8528b6b1269c0fff9797da255d12fe2a31b,0.7313850739973543,1.5,B
0293f39e1d10cc1c8dacd187e8a2c8528b6b1269c0fff9797da255d12fe2a31b,0.7313850739973543,1.5,B
0293f39e1d10cc1c8dacd187e8a2c8528b6b1269c0fff9797da255d12fe2a31b,0.7313850739973543,1.5,A
0293f39e1d10cc1c8dacd187e8a2c8528b6b1269c0fff9797da255d12fe2a31b,0.7313850739973543,1.5,A
0293f39e1d10cc1c8dacd187e8a2c8528b6b1269c0fff9797da255d12fe2a31b,0.7313850739973543,1.5,A
0293f39e1d10cc1c8dacd187e8a2c8528b6b1269c0fff9797da255d12fe2a31b,0.7313850739973543,1.5,B
0293f39e1d10cc1c8dacd187e8a2c8528b6b1269c0fff9797da255d12fe2a31b,0.7313850739973543,1.5,B
0293f39e1d10cc1c8dacd187e8a2c8528b6b1269c0fff9797da255d12fe2a31b,0.7313850739973543,1.5,A
0293f39e1d10cc1c8dacd187e8a2c8528b6b1269c0fff9797da255d12fe2a31b,0.7313850739973543,1.5,A
0293f39e1d10cc1c8dacd187e8a2c8528b6b1269c0fff9797da255d12fe2a31b,0.7313850739973543,1.5,B
0293f39e1d10cc1c8dacd187e8a2c8528b6b1269c0fff9797da255d12fe2a31b,0.7313850739973543,1.5,A
029595abdca89047a5d1e094872839732c5c71e9e6efd0b1a512c893903fe249,0.2238373031049887,0.5,B
029595abdca89047a5d1e094872839732c5c71e9e6efd0b1a512c893903fe249,0.2238373031049887,0.5,B
029595abdca89047a5d1e094872839732c5c71e9e6efd0b1a512c893903fe249,0.2238373031049887,0.5,B
029595abdca89047a5d1e094872839732c5c71e9e6efd0b1a512c893903fe249,0.2238373031049887,0.5,B
029595abdca89047a5d1e094872839732c5c71e9e6efd0b1a512c893903fe249,0.2238373031049887,0.5,B
029595abdca89047a5d1e094872839732c5c71e9e6efd0b1a512c893903fe249,0.2238373031049887,0.5,B
029595abdca89047a5d1e094872839732c5c71e9e6efd0b1a512c893903fe249,0.2238373031049887,0.5,B
029595abdca89047a5d1e094872839732c5c71e9e6efd0b1a512c893903fe249,0.2238373031049887,0.5,B
029595abdca89047a5d1e094872839732c5c71e9e6efd0b1a512c893903fe249,0.2238373031049887,0.5,B
029595abdca89047a5d1e094872839732c5c71e9e6efd0b1a512c893903fe249,0.2238373031049887,0.5,B
029595abdca89047a5d1e094872839732c5c71e9e6efd0b1a512c893903fe249,0.2238373031049887,0.5,B
029595abdca89047a5d1e094872839732c5c71e9e6efd0b1a512c893903fe249,0.2238373031049887,0.5,A
029595abdca89047a5d1e094872839732c5c71e9e6efd0b1a512c893903fe249,0.2238373031049887,0.5,B
029595abdca89047a5d1e094872839732c5c71e9e6efd0b1a512c893903fe249,0.2238373031049887,0.5,A
029595abdca89047a5d1e094872839732c5c71e9e6efd0b1a512c893903fe249,0.2238373031049887,0.5,B
029595abdca89047a5d1e094872839732c5c71e9e6efd0b1a512c893903fe249,0.2238373031049887,0.5,B
029595abdca89047a5d1e094872839732c5c71e9e6efd0b1a512c893903fe249,0.2238373031049887,0.5,B
029595abdca89047a5d1e094872839732c5c71e9e6efd0b1a512c893903fe249,0.2238373031049887,0.5,B
029595abdca89047a5d1e094872839732c5c71e9e6efd0b1a512c893903fe249,0.2238373031049887,0.5,B
029595abdca89047a5d1e094872839732c5c71e9e6efd0b1a512c893903fe249,0.2238373031049887,0.5,B
029595abdca89047a5d1e094872839732c5c71e9e6efd0b1a512c893903fe249,0.2238373031049887,0.5,B
029595abdca89047a5d1e094872839732c5c71e9e6efd0b1a512c893903fe249,0.2238373031049887,0.5,B
029595abdca89047a5d1e094872839732c5c71e9e6efd0b1a512c893903fe249,0.2238373031049887,0.5,B
029595abdca89047a5d1e094872839732c5c71e9e6efd0b1a512c893903fe249,0.2238373031049887,0.5,B
029595abdca89047a5d1e094872839732c5c71e9e6efd0b1a512c893903fe249,0.2238373031049887,0.5,B
029595abdca89047a5d1e094872839732c5c71e9e6efd0b1a512c893903fe249,0.2238373031049887,0.5,B
029595abdca89047a5d1e094872839732c5c71e9e6efd0b1a512c893903fe249,0.2238373031049887,0.5,B
029595abdca89047a5d1e094872839732c5c71e9e6efd0b1a512c893903fe249,0.2238373031049887,0.5,B
029595abdca89047a5d1e094872839732c5c71e9e6efd0b1a512c893903fe249,0.2238373031049887,0.5,B
029595abdca89047a5d1e094872839732c5c71e9e6efd0b1a512c893903fe249,0.2238373031049887,0.5,B
029595abdca89047a5d1e094872839732c5c71e9e6efd0b1a512c893903fe249,0.2238373031049887,0.5,B
029595abdca89047a5d1e094872839732c5c71e9e6efd0b1a512c893903fe249,0.2238373031049887,0.5,B
029595abdca89047a5d1e094872839732c5c71e9e6efd0b1a512c893903fe249,0.2238373031049887,0.5,B
029595abdca89047a5d1e094872839732c5c71e9e6efd0b1a512c893903fe249,0.2238373031049887,0.5,B
029595abdca89047a5d1e094872839732c5c71e9e6efd0b1a512c893903fe249,0.2238373031049887,0.5,B
029595abdca89047a5d1e094872839732c5c71e9e6efd0b1a512c893903fe249,0.2238373031049887,0.5,B
029595abdca89047a5d1e094872839732c5c71e9e6efd0b1a512c893903fe249,0.2238373031049887,0.5,B
029595abdca89047a5d1e094872839732c5c71e9e6efd0b1a512c893903fe249,0.2238373031049887,0.5,B
029595abdca89047a5d1e094872839732c5c71e9e6efd0b1a512c893903fe249,0.2238373031049887,0.5,B
029595abdca89047a5d1e094872839732c5c71e9e6efd0b1a512c893903fe249,0.2238373031049887,0.5,A
029595abdca89047a5d1e094872839732c5c71e9e6efd0b1a512c893903fe249,0.2238373031049887,0.5,B
029595abdca89047a5d1e094872839732c5c71e9e6efd0b1a512c893903fe249,0.2238373031049887,0.5,B
029595abdca89047a5d1e094872839732c5c71e9e6efd0b1a512c893903fe249,0.2238373031049887,0.5,B
029595abdca89047a5d1e094872839732c5c71e9e6efd0b1a512c893903fe249,0.2238373031049887,0.5,B
029595abdca89047a5d1e094872839732c5c71e9e6efd0b1a512c893903fe249,0.2238373031049887,0.5,B
029595abdca89047a5d1e094872839732c5c71e9e6efd0b1a512c893903fe249,0.2238373031049887,0.5,B
029595abdca89047a5d1e094872839732c5c71e9e6efd0b1a512c893903fe249,0.2238373031049887,0.5,B
029595abdca89047a5d1e094872839732c5c71e9e6efd0b1a512c893903fe249,0.2238373031049887,0.5,B
029595abdca89047a5d1e094872839732c5c71e9e6efd0b1a512c893903fe249,0.2238373031049887,0.5,B
029595abdca89047a5d1e094872839732c5c71e9e6efd0b1a512c893903fe249,0.2238373031049887,0.5,B
029595abdca89047a5d1e094872839732c5c71e9e6efd0b1a512c893903fe249,0.2238373031049887,1.5,A
029595abdca89047a5d1e094872839732c5c71e9e6efd0b1a512c893903fe249,0.2238373031049887,1.5,
029595abdca89047a5d1e094872839732c5c71e9e6efd0b1a512c893903fe249,0.2238373031049887,1.5,B
029595abdca89047a5d1e094872839732c5c71e9e6efd0b1a512c893903fe249,0.2238373031049887,1.5,B
029595abdca89047a5d1e094872839732c5c71e9e6efd0b1a512c893903fe249,0.2238373031049887,1.5,A
029595abdca89047a5d1e094872839732c5c71e9e6efd0b1a512c893903fe249,0.2238373031049887,1.5,B
029595abdca89047a5d1e094872839732c5c71e9e6efd0b1a512c893903fe249,0.2238373031049887,1.5,A
029595abdca89047a5d1e094872839732c5c71e9e6efd0b1a512c893903fe249,0.2238373031049887,1.5,A
029595abdca89047a5d1e094872839732c5c71e9e6efd0b1a512c893903fe249,0.2238373031049887,1.5,B
029595abdca89047a5d1e094872839732c5c71e9e6efd0b1a512c893903fe249,0.2238373031049887,1.5,B
029595abdca89047a5d1e094872839732c5c71e9e6efd0b1a512c893903fe249,0.2238373031049887,1.5,B
029595abdca89047a5d1e094872839732c5c71e9e6efd0b1a512c893903fe249,0.2238373031049887,1.5,B
029595abdca89047a5d1e094872839732c5c71e9e6efd0b1a512c893903fe249,0.2238373031049887,1.5,B
029595abdca89047a5d1e094872839732c5c71e9e6efd0b1a512c893903fe249,0.2238373031049887,1.5,B
029595abdca89047a5d1e094872839732c5c71e9e6efd0b1a512c893903fe249,0.2238373031049887,1.5,A
029595abdca89047a5d1e094872839732c5c71e9e6efd0b1a512c893903fe249,0.2238373031049887,1.5,B
029595abdca89047a5d1e094872839732c5c71e9e6efd0b1a512c893903fe249,0.2238373031049887,1.5,A
029595abdca89047a5d1e094872839732c5c71e9e6efd0b1a512c893903fe249,0.2238373031049887,1.5,B
029595abdca89047a5d1e094872839732c5c71e9e6efd0b1a512c893903fe249,0.2238373031049887,1.5,A
029595abdca89047a5d1e094872839732c5c71e9e6efd0b1a512c893903fe249,0.2238373031049887,1.5,B
029595abdca89047a5d1e094872839732c5c71e9e6efd0b1a512c893903fe249,0.2238373031049887,1.5,A
029595abdca89047a5d1e094872839732c5c71e9e6efd0b1a512c893903fe249,0.2238373031049887,1.5,B
029595abdca89047a5d1e094872839732c5c71e9e6efd0b1a512c893903fe249,0.2238373031049887,1.5,B
029595abdca89047a5d1e094872839732c5c71e9e6efd0b1a512c893903fe249,0.2238373031049887,1.5,
029595abdca89047a5d1e094872839732c5c71e9e6efd0b1a512c893903fe249,0.2238373031049887,1.5,B
029595abdca89047a5d1e094872839732c5c71e9e6efd0b1a512c893903fe249,0.2238373031049887,1.5,A
029595abdca89047a5d1e094872839732c5c71e9e6efd0b1a512c893903fe249,0.2238373031049887,1.5,
029595abdca89047a5d1e094872839732c5c71e9e6efd0b1a512c893903fe249,0.2238373031049887,1.5,B
029595abdca89047a5d1e094872839732c5c71e9e6efd0b1a512c893903fe249,0.2238373031049887,1.5,B
029595abdca89047a5d1e094872839732c5c71e9e6efd0b1a512c893903fe249,0.2238373031049887,1.5,B
029595abdca89047a5d1e094872839732c5c71e9e6efd0b1a512c893903fe249,0.2238373031049887,1.5,B
029595abdca89047a5d1e094872839732c5c71e9e6efd0b1a512c893903fe249,0.2238373031049887,1.5,A
029595abdca89047a5d1e094872839732c5c71e9e6efd0b1a512c893903fe249,0.2238373031049887,1.5,B
029595abdca89047a5d1e094872839732c5c71e9e6efd0b1a512c893903fe249,0.2238373031049887,1.5,B
029595abdca89047a5d1e094872839732c5c71e9e6efd0b1a512c893903fe249,0.2238373031049887,1.5,B
029595abdca89047a5d1e094872839732c5c71e9e6efd0b1a512c893903fe249,0.2238373031049887,1.5,
029595abdca89047a5d1e094872839732c5c71e9e6efd0b1a512c893903fe249,0.2238373031049887,1.5,A
029595abdca89047a5d1e094872839732c5c71e9e6efd0b1a512c893903fe249,0.2238373031049887,1.5,A
029595abdca89047a5d1e094872839732c5c71e9e6efd0b1a512c893903fe249,0.2238373031049887,1.5,
029595abdca89047a5d1e094872839732c5c71e9e6efd0b1a512c893903fe249,0.2238373031049887,1.5,B
029595abdca89047a5d1e094872839732c5c71e9e6efd0b1a512c893903fe249,0.2238373031049887,1.5,B
029595abdca89047a5d1e094872839732c5c71e9e6efd0b1a512c893903fe249,0.2238373031049887,1.5,A
029595abdca89047a5d1e094872839732c5c71e9e6efd0b1a512c893903fe249,0.2238373031049887,1.5,B
029595abdca89047a5d1e094872839732c5c71e9e6efd0b1a512c893903fe249,0.2238373031049887,1.5,B
029595abdca89047a5d1e094872839732c5c71e9e6efd0b1a512c893903fe249,0.2238373031049887,1.5,B
029595abdca89047a5d1e094872839732c5c71e9e6efd0b1a512c893903fe249,0.2238373031049887,1.5,B
029595abdca89047a5d1e094872839732c5c71e9e6efd0b1a512c893903fe249,0.2238373031049887,1.5,
029595abdca89047a5d1e094872839732c5c71e9e6efd0b1a512c893903fe249,0.2238373031049887,1.5,A
029595abdca89047a5d1e094872839732c5c71e9e6efd0b1a512c893903fe249,0.2238373031049887,1.5,A
029595abdca89047a5d1e094872839732c5c71e9e6efd0b1a512c893903fe249,0.2238373031049887,1.5,B
02bcd5efc964f729cc580afec047efe2dee8a0d9722da3540618709154b787a3,0.7314767180971025,0.5,A
02bcd5efc964f729cc580afec047efe2dee8a0d9722da3540618709154b787a3,0.7314767180971025,0.5,A
02bcd5efc964f729cc580afec047efe2dee8a0d9722da3540618709154b787a3,0.7314767180971025,0.5,A
02bcd5efc964f729cc580afec047efe2dee8a0d9722da3540618709154b787a3,0.7314767180971025,0.5,A
02bcd5efc964f729cc580afec047efe2dee8a0d9722da3540618709154b787a3,0.7314767180971025,0.5,A
02bcd5efc964f729cc580afec047efe2dee8a0d9722da3540618709154b787a3,0.7314767180971025,0.5,A
02bcd5efc964f729cc580afec047efe2dee8a0d9722da3540618709154b787a3,0.7314767180971025,0.5,A
02bcd5efc964f729cc580afec047efe2dee8a0d9722da3540618709154b787a3,0.7314767180971025,0.5,B
02bcd5efc964f729cc580afec047efe2dee8a0d9722da3540618709154b787a3,0.7314767180971025,0.5,A
02bcd5efc964f729cc580afec047efe2dee8a0d9722da3540618709154b787a3,0.7314767180971025,0.5,A
02bcd5efc964f729cc580afec047efe2dee8a0d9722da3540618709154b787a3,0.7314767180971025,0.5,A
02bcd5efc964f729cc580afec047efe2dee8a0d9722da3540618709154b787a3,0.7314767180971025,0.5,A
02bcd5efc964f729cc580afec047efe2dee8a0d9722da3540618709154b787a3,0.7314767180971025,0.5,A
02bcd5efc964f729cc580afec047efe2dee8a0d9722da3540618709154b787a3,0.7314767180971025,0.5,A
02bcd5efc964f729cc580afec047efe2dee8a0d9722da3540618709154b787a3,0.7314767180971025,0.5,A
02bcd5efc964f729cc580afec047efe2dee8a0d9722da3540618709154b787a3,0.7314767180971025,0.5,A
02bcd5efc964f729cc580afec047efe2dee8a0d9722da3540618709154b787a3,0.7314767180971025,0.5,A
02bcd5efc964f729cc580afec047efe2dee8a0d9722da3540618709154b787a3,0.7314767180971025,0.5,A
02bcd5efc964f729cc580afec047efe2dee8a0d9722da3540618709154b787a3,0.7314767180971025,0.5,A
02bcd5efc964f729cc580afec047efe2dee8a0d9722da3540618709154b787a3,0.7314767180971025,0.5,A
02bcd5efc964f729cc580afec047efe2dee8a0d9722da3540618709154b787a3,0.7314767180971025,0.5,A
02bcd5efc964f729cc580afec047efe2dee8a0d9722da3540618709154b787a3,0.7314767180971025,0.5,A
02bcd5efc964f729cc580afec047efe2dee8a0d9722da3540618709154b787a3,0.7314767180971025,0.5,A
02bcd5efc964f729cc580afec047efe2dee8a0d9722da3540618709154b787a3,0.7314767180971025,0.5,A
02bcd5efc964f729cc580afec047efe2dee8a0d9722da3540618709154b787a3,0.7314767180971025,0.5,A
02bcd5efc964f729cc580afec047efe2dee8a0d9722da3540618709154b787a3,0.7314767180971025,0.5,A
02bcd5efc964f729cc580afec047efe2dee8a0d9722da3540618709154b787a3,0.7314767180971025,0.5,A
02bcd5efc964f729cc580afec047efe2dee8a0d9722da3540618709154b787a3,0.7314767180971025,0.5,A
02bcd5efc964f729cc580afec047efe2dee8a0d9722da3540618709154b787a3,0.7314767180971025,0.5,A
02bcd5efc964f729cc580afec047efe2dee8a0d9722da3540618709154b787a3,0.7314767180971025,0.5,A
02bcd5efc964f729cc580afec047efe2dee8a0d9722da3540618709154b787a3,0.7314767180971025,0.5,A
02bcd5efc964f729cc580afec047efe2dee8a0d9722da3540618709154b787a3,0.7314767180971025,0.5,A
02bcd5efc964f729cc580afec047efe2dee8a0d9722da3540618709154b787a3,0.7314767180971025,0.5,A
02bcd5efc964f729cc580afec047efe2dee8a0d9722da3540618709154b787a3,0.7314767180971025,0.5,A
02bcd5efc964f729cc580afec047efe2dee8a0d9722da3540618709154b787a3,0.7314767180971025,0.5,A
02bcd5efc964f729cc580afec047efe2dee8a0d9722da3540618709154b787a3,0.7314767180971025,0.5,A
02bcd5efc964f729cc580afec047efe2dee8a0d9722da3540618709154b787a3,0.7314767180971025,0.5,B
02bcd5efc964f729cc580afec047efe2dee8a0d9722da3540618709154b787a3,0.7314767180971025,0.5,A
02bcd5efc964f729cc580afec047efe2dee8a0d9722da3540618709154b787a3,0.7314767180971025,0.5,A
02bcd5efc964f729cc580afec047efe2dee8a0d9722da3540618709154b787a3,0.7314767180971025,0.5,A
02bcd5efc964f729cc580afec047efe2dee8a0d9722da3540618709154b787a3,0.7314767180971025,0.5,A
02bcd5efc964f729cc580afec047efe2dee8a0d9722da3540618709154b787a3,0.7314767180971025,0.5,A
02bcd5efc964f729cc580afec047efe2dee8a0d9722da3540618709154b787a3,0.7314767180971025,0.5,A
02bcd5efc964f729cc580afec047efe2dee8a0d9722da3540618709154b787a3,0.7314767180971025,0.5,B
02bcd5efc964f729cc580afec047efe2dee8a0d9722da3540618709154b787a3,0.7314767180971025,0.5,A
02bcd5efc964f729cc580afec047efe2dee8a0d9722da3540618709154b787a3,0.7314767180971025,0.5,A
02bcd5efc964f729cc580afec047efe2dee8a0d9722da3540618709154b787a3,0.7314767180971025,0.5,A
02bcd5efc964f729cc580afec047efe2dee8a0d9722da3540618709154b787a3,0.7314767180971025,0.5,A
02bcd5efc964f729cc580afec047efe2dee8a0d9722da3540618709154b787a3,0.7314767180971025,0.5,A
02bcd5efc964f729cc580afec047efe2dee8a0d9722da3540618709154b787a3,0.7314767180971025,0.5,B
02bcd5efc964f729cc580afec047efe2dee8a0d9722da3540618709154b787a3,0.7314767180971025,1.5,A
02bcd5efc964f729cc580afec047efe2dee8a0d9722da3540618709154b787a3,0.7314767180971025,1.5,B
02bcd5efc964f729cc580afec047efe2dee8a0d9722da3540618709154b787a3,0.7314767180971025,1.5,A
02bcd5efc964f729cc580afec047efe2dee8a0d9722da3540618709154b787a3,0.7314767180971025,1.5,A
02bcd5efc964f729cc580afec047efe2dee8a0d9722da3540618709154b787a3,0.7314767180971025,1.5,B
02bcd5efc964f729cc580afec047efe2dee8a0d9722da3540618709154b787a3,0.7314767180971025,1.5,A
02bcd5efc964f729cc580afec047efe2dee8a0d9722da3540618709154b787a3,0.7314767180971025,1.5,B
02bcd5efc964f729cc580afec047efe2dee8a0d9722da3540618709154b787a3,0.7314767180971025,1.5,A
02bcd5efc964f729cc580afec047efe2dee8a0d9722da3540618709154b787a3,0.7314767180971025,1.5,A
02bcd5efc964f729cc580afec047efe2dee8a0d9722da3540618709154b787a3,0.7314767180971025,1.5,B
02bcd5efc964f729cc580afec047efe2dee8a0d9722da3540618709154b787a3,0.7314767180971025,1.5,
02bcd5efc964f729cc580afec047efe2dee8a0d9722da3540618709154b787a3,0.7314767180971025,1.5,A
02bcd5efc964f729cc580afec047efe2dee8a0d9722da3540618709154b787a3,0.7314767180971025,1.5,A
02bcd5efc964f729cc580afec047efe2dee8a0d9722da3540618709154b787a3,0.7314767180971025,1.5,A
02bcd5efc964f729cc580afec047efe2dee8a0d9722da3540618709154b787a3,0.7314767180971025,1.5,
02bcd5efc964f729cc580afec047efe2dee8a0d9722da3540618709154b787a3,0.7314767180971025,1.5,B
02bcd5efc964f729cc580afec047efe2dee8a0d9722da3540618709154b787a3,0.7314767180971025,1.5,B
02bcd5efc964f729cc580afec047efe2dee8a0d9722da3540618709154b787a3,0.7314767180971025,1.5,B
02bcd5efc964f729cc580afec047efe2dee8a0d9722da3540618709154b787a3,0.7314767180971025,1.5,
02bcd5efc964f729cc580afec047efe2dee8a0d9722da3540618709154b787a3,0.7314767180971025,1.5,A
02bcd5efc964f729cc580afec047efe2dee8a0d9722da3540618709154b787a3,0.7314767180971025,1.5,
02bcd5efc964f729cc580afec047efe2dee8a0d9722da3540618709154b787a3,0.7314767180971025,1.5,A
02bcd5efc964f729cc580afec047efe2dee8a0d9722da3540618709154b787a3,0.7314767180971025,1.5,
02bcd5efc964f729cc580afec047efe2dee8a0d9722da3540618709154b787a3,0.7314767180971025,1.5,A
02bcd5efc964f729cc580afec047efe2dee8a0d9722da3540618709154b787a3,0.7314767180971025,1.5,B
02bcd5efc964f729cc580afec047efe2dee8a0d9722da3540618709154b787a3,0.7314767180971025,1.5,B
02bcd5efc964f729cc580afec047efe2dee8a0d9722da3540618709154b787a3,0.7314767180971025,1.5,B
02bcd5efc964f729cc580afec047efe2dee8a0d9722da3540618709154b787a3,0.7314767180971025,1.5,A
02bcd5efc964f729cc580afec047efe2dee8a0d9722da3540618709154b787a3,0.7314767180971025,1.5,A
02bcd5efc964f729cc580afec047efe2dee8a0d9722da3540618709154b787a3,0.7314767180971025,1.5,B
02bcd5efc964f729cc580afec047efe2dee8a0d9722da3540618709154b787a3,0.7314767180971025,1.5,B
02bcd5efc964f729cc580afec047efe2dee8a0d9722da3540618709154b787a3,0.7314767180971025,1.5,A
02bcd5efc964f729cc580afec047efe2dee8a0d9722da3540618709154b787a3,0.7314767180971025,1.5,A
02bcd5efc964f729cc580afec047efe2dee8a0d9722da3540618709154b787a3,0.7314767180971025,1.5,A
02bcd5efc964f729cc580afec047efe2dee8a0d9722da3540618709154b787a3,0.7314767180971025,1.5,A
02bcd5efc964f729cc580afec047efe2dee8a0d9722da3540618709154b787a3,0.7314767180971025,1.5,A
02bcd5efc964f729cc580afec047efe2dee8a0d9722da3540618709154b787a3,0.7314767180971025,1.5,A
02bcd5efc964f729cc580afec047efe2dee8a0d9722da3540618709154b787a3,0.7314767180971025,1.5,A
02bcd5efc964f729cc580afec047efe2dee8a0d9722da3540618709154b787a3,0.7314767180971025,1.5,A
02bcd5efc964f729cc580afec047efe2dee8a0d9722da3540618709154b787a3,0.7314767180971025,1.5,B
02bcd5efc964f729cc580afec047efe2dee8a0d9722da3540618709154b787a3,0.7314767180971025,1.5,B
02bcd5efc964f729cc580afec047efe2dee8a0d9722da3540618709154b787a3,0.7314767180971025,1.5,B
02bcd5efc964f729cc580afec047efe2dee8a0d9722da3540618709154b787a3,0.7314767180971025,1.5,B
02bcd5efc964f729cc580afec047efe2dee8a0d9722da3540618709154b787a3,0.7314767180971025,1.5,B
02bcd5efc964f729cc580afec047efe2dee8a0d9722da3540618709154b787a3,0.7314767180971025,1.5,A
02bcd5efc964f729cc580afec047efe2dee8a0d9722da3540618709154b787a3,0.7314767180971025,1.5,B
02bcd5efc964f729cc580afec047efe2dee8a0d9722da3540618709154b787a3,0.7314767180971025,1.5,A
02bcd5efc964f729cc580afec047efe2dee8a0d9722da3540618709154b787a3,0.7314767180971025,1.5,A
02bcd5efc964f729cc580afec047efe2dee8a0d9722da3540618709154b787a3,0.7314767180971025,1.5,A
02bcd5efc964f729cc580afec047efe2dee8a0d9722da3540618709154b787a3,0.7314767180971025,1.5,A
0305175e62d2d52ebb66265be807f619e59fc88c437a18992f260d5c8ef326dd,0.4697438370891254,0.5,A
0305175e62d2d52ebb66265be807f619e59fc88c437a18992f260d5c8ef326dd,0.4697438370891254,0.5,A
0305175e62d2d52ebb66265be807f619e59fc88c437a18992f260d5c8ef326dd,0.4697438370891254,0.5,B
0305175e62d2d52ebb66265be807f619e59fc88c437a18992f260d5c8ef326dd,0.4697438370891254,0.5,B
0305175e62d2d52ebb66265be807f619e59fc88c437a18992f260d5c8ef326dd,0.4697438370891254,0.5,B
0305175e62d2d52ebb66265be807f619e59fc88c437a18992f260d5c8ef326dd,0.4697438370891254,0.5,A
0305175e62d2d52ebb66265be807f619e59fc88c437a18992f260d5c8ef326dd,0.4697438370891254,0.5,A
0305175e62d2d52ebb66265be807f619e59fc88c437a18992f260d5c8ef326dd,0.4697438370891254,0.5,B
0305175e62d2d52ebb66265be807f619e59fc88c437a18992f260d5c8ef326dd,0.4697438370891254,0.5,B
0305175e62d2d52ebb66265be807f619e59fc88c437a18992f260d5c8ef326dd,0.4697438370891254,0.5,B
0305175e62d2d52ebb66265be807f619e59fc88c437a18992f260d5c8ef326dd,0.4697438370891254,0.5,B
0305175e62d2d52ebb66265be807f619e59fc88c437a18992f260d5c8ef326dd,0.4697438370891254,0.5,A
0305175e62d2d52ebb66265be807f619e59fc88c437a18992f260d5c8ef326dd,0.4697438370891254,0.5,B
0305175e62d2d52ebb66265be807f619e59fc88c437a18992f260d5c8ef326dd,0.4697438370891254,0.5,B
0305175e62d2d52ebb66265be807f619e59fc88c437a18992f260d5c8ef326dd,0.4697438370891254,0.5,B
0305175e62d2d52ebb66265be807f619e59fc88c437a18992f260d5c8ef326dd,0.4697438370891254,0.5,A
0305175e62d2d52ebb66265be807f619e59fc88c437a18992f260d5c8ef326dd,0.4697438370891254,0.5,B
0305175e62d2d52ebb66265be807f619e59fc88c437a18992f260d5c8ef326dd,0.4697438370891254,0.5,A
0305175e62d2d52ebb66265be807f619e59fc88c437a18992f260d5c8ef326dd,0.4697438370891254,0.5,A
0305175e62d2d52ebb66265be807f619e59fc88c437a18992f260d5c8ef326dd,0.4697438370891254,0.5,A
0305175e62d2d52ebb66265be807f619e59fc88c437a18992f260d5c8ef326dd,0.4697438370891254,0.5,A
0305175e62d2d52ebb66265be807f619e59fc88c437a18992f260d5c8ef326dd,0.4697438370891254,0.5,B
0305175e62d2d52ebb66265be807f619e59fc88c437a18992f260d5c8ef326dd,0.4697438370891254,0.5,B
0305175e62d2d52ebb66265be807f619e59fc88c437a18992f260d5c8ef326dd,0.4697438370891254,0.5,A
0305175e62d2d52ebb66265be807f619e59fc88c437a18992f260d5c8ef326dd,0.4697438370891254,0.5,B
0305175e62d2d52ebb66265be807f619e59fc88c437a18992f260d5c8ef326dd,0.4697438370891254,0.5,B
0305175e62d2d52ebb66265be807f619e59fc88c437a18992f260d5c8ef326dd,0.4697438370891254,0.5,A
0305175e62d2d52ebb66265be807f619e59fc88c437a18992f260d5c8ef326dd,0.4697438370891254,0.5,B
0305175e62d2d52ebb66265be807f619e59fc88c437a18992f260d5c8ef326dd,0.4697438370891254,0.5,B
0305175e62d2d52ebb66265be807f619e59fc88c437a18992f260d5c8ef326dd,0.4697438370891254,0.5,A
0305175e62d2d52ebb66265be807f619e59fc88c437a18992f260d5c8ef326dd,0.4697438370891254,0.5,B
0305175e62d2d52ebb66265be807f619e59fc88c437a18992f260d5c8ef326dd,0.4697438370891254,0.5,A
0305175e62d2d52ebb66265be807f619e59fc88c437a18992f260d5c8ef326dd,0.4697438370891254,0.5,A
0305175e62d2d52ebb66265be807f619e59fc88c437a18992f260d5c8ef326dd,0.4697438370891254,0.5,A
0305175e62d2d52ebb66265be807f619e59fc88c437a18992f260d5c8ef326dd,0.4697438370891254,0.5,A
0305175e62d2d52ebb66265be807f619e59fc88c437a18992f260d5c8ef326dd,0.4697438370891254,0.5,A
0305175e62d2d52ebb66265be807f619e59fc88c437a18992f260d5c8ef326dd,0.4697438370891254,0.5,B
0305175e62d2d52ebb66265be807f619e59fc88c437a18992f260d5c8ef326dd,0.4697438370891254,0.5,B
0305175e62d2d52ebb66265be807f619e59fc88c437a18992f260d5c8ef326dd,0.4697438370891254,0.5,B
0305175e62d2d52ebb66265be807f619e59fc88c437a18992f260d5c8ef326dd,0.4697438370891254,0.5,A
0305175e62d2d52ebb66265be807f619e59fc88c437a18992f260d5c8ef326dd,0.4697438370891254,0.5,B
0305175e62d2d52ebb66265be807f619e59fc88c437a18992f260d5c8ef326dd,0.4697438370891254,0.5,B
0305175e62d2d52ebb66265be807f619e59fc88c437a18992f260d5c8ef326dd,0.4697438370891254,0.5,B
0305175e62d2d52ebb66265be807f619e59fc88c437a18992f260d5c8ef326dd,0.4697438370891254,0.5,B
0305175e62d2d52ebb66265be807f619e59fc88c437a18992f260d5c8ef326dd,0.4697438370891254,0.5,A
0305175e62d2d52ebb66265be807f619e59fc88c437a18992f260d5c8ef326dd,0.4697438370891254,0.5,B
0305175e62d2d52ebb66265be807f619e59fc88c437a18992f260d5c8ef326dd,0.4697438370891254,0.5,B
0305175e62d2d52ebb66265be807f619e59fc88c437a18992f260d5c8ef326dd,0.4697438370891254,0.5,A
0305175e62d2d52ebb66265be807f619e59fc88c437a18992f260d5c8ef326dd,0.4697438370891254,0.5,B
0305175e62d2d52ebb66265be807f619e59fc88c437a18992f260d5c8ef326dd,0.4697438370891254,0.5,B
0305175e62d2d52ebb66265be807f619e59fc88c437a18992f260d5c8ef326dd,0.4697438370891254,1.5,B
0305175e62d2d52ebb66265be807f619e59fc88c437a18992f260d5c8ef326dd,0.4697438370891254,1.5,A
0305175e62d2d52ebb66265be807f619e59fc88c437a18992f260d5c8ef326dd,0.4697438370891254,1.5,B
0305175e62d2d52ebb66265be807f619e59fc88c437a18992f260d5c8ef326dd,0.4697438370891254,1.5,A
0305175e62d2d52ebb66265be807f619e59fc88c437a18992f260d5c8ef326dd,0.4697438370891254,1.5,A
0305175e62d2d52ebb66265be807f619e59fc88c437a18992f260d5c8ef326dd,0.4697438370891254,1.5,A
0305175e62d2d52ebb66265be807f619e59fc88c437a18992f260d5c8ef326dd,0.4697438370891254,1.5,B
0305175e62d2d52ebb66265be807f619e59fc88c437a18992f260d5c8ef326dd,0.4697438370891254,1.5,B
0305175e62d2d52ebb66265be807f619e59fc88c437a18992f260d5c8ef326dd,0.4697438370891254,1.5,A
0305175e62d2d52ebb66265be807f619e59fc88c437a18992f260d5c8ef326dd,0.4697438370891254,1.5,
0305175e62d2d52ebb66265be807f619e59fc88c437a18992f260d5c8ef326dd,0.4697438370891254,1.5,B
0305175e62d2d52ebb66265be807f619e59fc88c437a18992f260d5c8ef326dd,0.4697438370891254,1.5,
0305175e62d2d52ebb66265be807f619e59fc88c437a18992f260d5c8ef326dd,0.4697438370891254,1.5,A
0305175e62d2d52ebb66265be807f619e59fc88c437a18992f260d5c8ef326dd,0.4697438370891254,1.5,B
0305175e62d2d52ebb66265be807f619e59fc88c437a18992f260d5c8ef326dd,0.4697438370891254,1.5,B
0305175e62d2d52ebb66265be807f619e59fc88c437a18992f260d5c8ef326dd,0.4697438370891254,1.5,B
0305175e62d2d52ebb66265be807f619e59fc88c437a18992f260d5c8ef326dd,0.4697438370891254,1.5,B
0305175e62d2d52ebb66265be807f619e59fc88c437a18992f260d5c8ef326dd,0.4697438370891254,1.5,A
0305175e62d2d52ebb66265be807f619e59fc88c437a18992f260d5c8ef326dd,0.4697438370891254,1.5,
0305175e62d2d52ebb66265be807f619e59fc88c437a18992f260d5c8ef326dd,0.4697438370891254,1.5,A
0305175e62d2d52ebb66265be807f619e59fc88c437a18992f260d5c8ef326dd,0.4697438370891254,1.5,A
0305175e62d2d52ebb66265be807f619e59fc88c437a18992f260d5c8ef326dd,0.4697438370891254,1.5,A
0305175e62d2d52ebb66265be807f619e59fc88c437a18992f260d5c8ef326dd,0.4697438370891254,1.5,
0305175e62d2d52ebb66265be807f619e59fc88c437a18992f260d5c8ef326dd,0.4697438370891254,1.5,A
0305175e62d2d52ebb66265be807f619e59fc88c437a18992f260d5c8ef326dd,0.4697438370891254,1.5,A
0305175e62d2d52ebb66265be807f619e59fc88c437a18992f260d5c8ef326dd,0.4697438370891254,1.5,A
0305175e62d2d52ebb66265be807f619e59fc88c437a18992f260d5c8ef326dd,0.4697438370891254,1.5,B
0305175e62d2d52ebb66265be807f619e59fc88c437a18992f260d5c8ef326dd,0.4697438370891254,1.5,A
0305175e62d2d52ebb66265be807f619e59fc88c437a18992f260d5c8ef326dd,0.4697438370891254,1.5,A
0305175e62d2d52ebb66265be807f619e59fc88c437a18992f260d5c8ef326dd,0.4697438370891254,1.5,A
0305175e62d2d52ebb66265be807f619e59fc88c437a18992f260d5c8ef326dd,0.4697438370891254,1.5,B
0305175e62d2d52ebb66265be807f619e59fc88c437a18992f260d5c8ef326dd,0.4697438370891254,1.5,A
0305175e62d2d52ebb66265be807f619e59fc88c437a18992f260d5c8ef326dd,0.4697438370891254,1.5,A
0305175e62d2d52ebb66265be807f619e59fc88c437a18992f260d5c8ef326dd,0.4697438370891254,1.5,A
0305175e62d2d52ebb66265be807f619e59fc88c437a18992f260d5c8ef326dd,0.4697438370891254,1.5,A
0305175e62d2d52ebb66265be807f619e59fc88c437a18992f260d5c8ef326dd,0.4697438370891254,1.5,B
0305175e62d2d52ebb66265be807f619e59fc88c437a18992f260d5c8ef326dd,0.4697438370891254,1.5,B
0305175e62d2d52ebb66265be807f619e59fc88c437a18992f260d5c8ef326dd,0.4697438370891254,1.5,
0305175e62d2d52ebb66265be807f619e59fc88c437a18992f260d5c8ef326dd,0.4697438370891254,1.5,B
0305175e62d2d52ebb66265be807f619e59fc88c437a18992f260d5c8ef326dd,0.4697438370891254,1.5,
0305175e62d2d52ebb66265be807f619e59fc88c437a18992f260d5c8ef326dd,0.4697438370891254,1.5,B
0305175e62d2d52ebb66265be807f619e59fc88c437a18992f260d5c8ef326dd,0.4697438370891254,1.5,
0305175e62d2d52ebb66265be807f619e59fc88c437a18992f260d5c8ef326dd,0.4697438370891254,1.5,B
0305175e62d2d52ebb66265be807f619e59fc88c437a18992f260d5c8ef326dd,0.4697438370891254,1.5,A
0305175e62d2d52ebb66265be807f619e59fc88c437a18992f260d5c8ef326dd,0.4697438370891254,1.5,A
0305175e62d2d52ebb66265be807f619e59fc88c437a18992f260d5c8ef326dd,0.4697438370891254,1.5,B
0305175e62d2d52ebb66265be807f619e59fc88c437a18992f260d5c8ef326dd,0.4697438370891254,1.5,A
0305175e62d2d52ebb66265be807f619e59fc88c437a18992f260d5c8ef326dd,0.4697438370891254,1.5,B
0305175e62d2d52ebb66265be807f619e59fc88c437a18992f260d5c8ef326dd,0.4697438370891254,1.5,A
0305175e62d2d52ebb66265be807f619e59fc88c437a18992f260d5c8ef326dd,0.4697438370891254,1.5,
04b16c692260840f441e78c74937006f6d486bb0c198237668adf1a05b32ed33,0.67964213381928,0.5,B
04b16c692260840f441e78c74937006f6d486bb0c198237668adf1a05b32ed33,0.67964213381928,0.5,A
04b16c692260840f441e78c74937006f6d486bb0c198237668adf1a05b32ed33,0.67964213381928,0.5,A
04b16c692260840f441e78c74937006f6d486bb0c198237668adf1a05b32ed33,0.67964213381928,0.5,A
04b16c692260840f441e78c74937006f6d486bb0c198237668adf1a05b32ed33,0.67964213381928,0.5,A
04b16c692260840f441e78c74937006f6d486bb0c198237668adf1a05b32ed33,0.67964213381928,0.5,A
04b16c692260840f441e78c74937006f6d486bb0c198237668adf1a05b32ed33,0.67964213381928,0.5,A
04b16c692260840f441e78c74937006f6d486bb0c198237668adf1a05b32ed33,0.67964213381928,0.5,B
04b16c692260840f441e78c74937006f6d486bb0c198237668adf1a05b32ed33,0.67964213381928,0.5,A
04b16c692260840f441e78c74937006f6d486bb0c198237668adf1a05b32ed33,0.67964213381928,0.5,A
04b16c692260840f441e78c74937006f6d486bb0c198237668adf1a05b32ed33,0.67964213381928,0.5,A
04b16c692260840f441e78c74937006f6d486bb0c198237668adf1a05b32ed33,0.67964213381928,0.5,B
04b16c692260840f441e78c74937006f6d486bb0c198237668adf1a05b32ed33,0.67964213381928,0.5,A
04b16c692260840f441e78c74937006f6d486bb0c198237668adf1a05b32ed33,0.67964213381928,0.5,B
04b16c692260840f441e78c74937006f6d486bb0c198237668adf1a05b32ed33,0.67964213381928,0.5,A
04b16c692260840f441e78c74937006f6d486bb0c198237668adf1a05b32ed33,0.67964213381928,0.5,A
04b16c692260840f441e78c74937006f6d486bb0c198237668adf1a05b32ed33,0.67964213381928,0.5,A
04b16c692260840f441e78c74937006f6d486bb0c198237668adf1a05b32ed33,0.67964213381928,0.5,B
04b16c692260840f441e78c74937006f6d486bb0c198237668adf1a05b32ed33,0.67964213381928,0.5,A
04b16c692260840f441e78c74937006f6d486bb0c198237668adf1a05b32ed33,0.67964213381928,0.5,A
04b16c692260840f441e78c74937006f6d486bb0c198237668adf1a05b32ed33,0.67964213381928,0.5,B
04b16c692260840f441e78c74937006f6d486bb0c198237668adf1a05b32ed33,0.67964213381928,0.5,A
04b16c692260840f441e78c74937006f6d486bb0c198237668adf1a05b32ed33,0.67964213381928,0.5,A
04b16c692260840f441e78c74937006f6d486bb0c198237668adf1a05b32ed33,0.67964213381928,0.5,A
04b16c692260840f441e78c74937006f6d486bb0c198237668adf1a05b32ed33,0.67964213381928,0.5,A
04b16c692260840f441e78c74937006f6d486bb0c198237668adf1a05b32ed33,0.67964213381928,0.5,B
04b16c692260840f441e78c74937006f6d486bb0c198237668adf1a05b32ed33,0.67964213381928,0.5,B
04b16c692260840f441e78c74937006f6d486bb0c198237668adf1a05b32ed33,0.67964213381928,0.5,A
04b16c692260840f441e78c74937006f6d486bb0c198237668adf1a05b32ed33,0.67964213381928,0.5,A
04b16c692260840f441e78c74937006f6d486bb0c198237668adf1a05b32ed33,0.67964213381928,0.5,A
04b16c692260840f441e78c74937006f6d486bb0c198237668adf1a05b32ed33,0.67964213381928,0.5,A
04b16c692260840f441e78c74937006f6d486bb0c198237668adf1a05b32ed33,0.67964213381928,0.5,A
04b16c692260840f441e78c74937006f6d486bb0c198237668adf1a05b32ed33,0.67964213381928,0.5,A
04b16c692260840f441e78c74937006f6d486bb0c198237668adf1a05b32ed33,0.67964213381928,0.5,B
04b16c692260840f441e78c74937006f6d486bb0c198237668adf1a05b32ed33,0.67964213381928,0.5,B
04b16c692260840f441e78c74937006f6d486bb0c198237668adf1a05b32ed33,0.67964213381928,0.5,A
04b16c692260840f441e78c74937006f6d486bb0c198237668adf1a05b32ed33,0.67964213381928,0.5,A
04b16c692260840f441e78c74937006f6d486bb0c198237668adf1a05b32ed33,0.67964213381928,0.5,B
04b16c692260840f441e78c74937006f6d486bb0c198237668adf1a05b32ed33,0.67964213381928,0.5,A
04b16c692260840f441e78c74937006f6d486bb0c198237668adf1a05b32ed33,0.67964213381928,0.5,A
04b16c692260840f441e78c74937006f6d486bb0c198237668adf1a05b32ed33,0.67964213381928,0.5,A
04b16c692260840f441e78c74937006f6d486bb0c198237668adf1a05b32ed33,0.67964213381928,0.5,A
04b16c692260840f441e78c74937006f6d486bb0c198237668adf1a05b32ed33,0.67964213381928,0.5,A
04b16c692260840f441e78c74937006f6d486bb0c198237668adf1a05b32ed33,0.67964213381928,0.5,A
04b16c692260840f441e78c74937006f6d486bb0c198237668adf1a05b32ed33,0.67964213381928,0.5,A
04b16c692260840f441e78c74937006f6d486bb0c198237668adf1a05b32ed33,0.67964213381928,0.5,B
04b16c692260840f441e78c74937006f6d486bb0c198237668adf1a05b32ed33,0.67964213381928,0.5,A
04b16c692260840f441e78c74937006f6d486bb0c198237668adf1a05b32ed33,0.67964213381928,0.5,A
04b16c692260840f441e78c74937006f6d486bb0c198237668adf1a05b32ed33,0.67964213381928,0.5,A
04b16c692260840f441e78c74937006f6d486bb0c198237668adf1a05b32ed33,0.67964213381928,0.5,A
04b16c692260840f441e78c74937006f6d486bb0c198237668adf1a05b32ed33,0.67964213381928,1.5,A
04b16c692260840f441e78c74937006f6d486bb0c198237668adf1a05b32ed33,0.67964213381928,1.5,B
04b16c692260840f441e78c74937006f6d486bb0c198237668adf1a05b32ed33,0.67964213381928,1.5,B
04b16c692260840f441e78c74937006f6d486bb0c198237668adf1a05b32ed33,0.67964213381928,1.5,
04b16c692260840f441e78c74937006f6d486bb0c198237668adf1a05b32ed33,0.67964213381928,1.5,A
04b16c692260840f441e78c74937006f6d486bb0c198237668adf1a05b32ed33,0.67964213381928,1.5,B
04b16c692260840f441e78c74937006f6d486bb0c198237668adf1a05b32ed33,0.67964213381928,1.5,B
04b16c692260840f441e78c74937006f6d486bb0c198237668adf1a05b32ed33,0.67964213381928,1.5,A
04b16c692260840f441e78c74937006f6d486bb0c198237668adf1a05b32ed33,0.67964213381928,1.5,
04b16c692260840f441e78c74937006f6d486bb0c198237668adf1a05b32ed33,0.67964213381928,1.5,
04b16c692260840f441e78c74937006f6d486bb0c198237668adf1a05b32ed33,0.67964213381928,1.5,B
04b16c692260840f441e78c74937006f6d486bb0c198237668adf1a05b32ed33,0.67964213381928,1.5,
04b16c692260840f441e78c74937006f6d486bb0c198237668adf1a05b32ed33,0.67964213381928,1.5,B
04b16c692260840f441e78c74937006f6d486bb0c198237668adf1a05b32ed33,0.67964213381928,1.5,A
04b16c692260840f441e78c74937006f6d486bb0c198237668adf1a05b32ed33,0.67964213381928,1.5,A
04b16c692260840f441e78c74937006f6d486bb0c198237668adf1a05b32ed33,0.67964213381928,1.5,
04b16c692260840f441e78c74937006f6d486bb0c198237668adf1a05b32ed33,0.67964213381928,1.5,A
04b16c692260840f441e78c74937006f6d486bb0c198237668adf1a05b32ed33,0.67964213381928,1.5,A
04b16c692260840f441e78c74937006f6d486bb0c198237668adf1a05b32ed33,0.67964213381928,1.5,A
04b16c692260840f441e78c74937006f6d486bb0c198237668adf1a05b32ed33,0.67964213381928,1.5,B
04b16c692260840f441e78c74937006f6d486bb0c198237668adf1a05b32ed33,0.67964213381928,1.5,A
04b16c692260840f441e78c74937006f6d486bb0c198237668adf1a05b32ed33,0.67964213381928,1.5,B
04b16c692260840f441e78c74937006f6d486bb0c198237668adf1a05b32ed33,0.67964213381928,1.5,B
04b16c692260840f441e78c74937006f6d486bb0c198237668adf1a05b32ed33,0.67964213381928,1.5,B
04b16c692260840f441e78c74937006f6d486bb0c198237668adf1a05b32ed33,0.67964213381928,1.5,B
04b16c692260840f441e78c74937006f6d486bb0c198237668adf1a05b32ed33,0.67964213381928,1.5,A
04b16c692260840f441e78c74937006f6d486bb0c198237668adf1a05b32ed33,0.67964213381928,1.5,A
04b16c692260840f441e78c74937006f6d486bb0c198237668adf1a05b32ed33,0.67964213381928,1.5,B
04b16c692260840f441e78c74937006f6d486bb0c198237668adf1a05b32ed33,0.67964213381928,1.5,A
04b16c692260840f441e78c74937006f6d486bb0c198237668adf1a05b32ed33,0.67964213381928,1.5,B
04b16c692260840f441e78c74937006f6d486bb0c198237668adf1a05b32ed33,0.67964213381928,1.5,A
04b16c692260840f441e78c74937006f6d486bb0c198237668adf1a05b32ed33,0.67964213381928,1.5,A
04b16c692260840f441e78c74937006f6d486bb0c198237668adf1a05b32ed33,0.67964213381928,1.5,B
04b16c692260840f441e78c74937006f6d486bb0c198237668adf1a05b32ed33,0.67964213381928,1.5,A
04b16c692260840f441e78c74937006f6d486bb0c198237668adf1a05b32ed33,0.67964213381928,1.5,A
04b16c692260840f441e78c74937006f6d486bb0c198237668adf1a05b32ed33,0.67964213381928,1.5,B
04b16c692260840f441e78c74937006f6d486bb0c198237668adf1a05b32ed33,0.67964213381928,1.5,B
04b16c692260840f441e78c74937006f6d486bb0c198237668adf1a05b32ed33,0.67964213381928,1.5,A
04b16c692260840f441e78c74937006f6d486bb0c198237668adf1a05b32ed33,0.67964213381928,1.5,A
04b16c692260840f441e78c74937006f6d486bb0c198237668adf1a05b32ed33,0.67964213381928,1.5,A
04b16c692260840f441e78c74937006f6d486bb0c198237668adf1a05b32ed33,0.67964213381928,1.5,A
04b16c692260840f441e78c74937006f6d486bb0c198237668adf1a05b32ed33,0.67964213381928,1.5,B
04b16c692260840f441e78c74937006f6d486bb0c198237668adf1a05b32ed33,0.67964213381928,1.5,B
04b16c692260840f441e78c74937006f6d486bb0c198237668adf1a05b32ed33,0.67964213381928,1.5,A
04b16c692260840f441e78c74937006f6d486bb0c198237668adf1a05b32ed33,0.67964213381928,1.5,
04b16c692260840f441e78c74937006f6d486bb0c198237668adf1a05b32ed33,0.67964213381928,1.5,B
04b16c692260840f441e78c74937006f6d486bb0c198237668adf1a05b32ed33,0.67964213381928,1.5,A
04b16c692260840f441e78c74937006f6d486bb0c198237668adf1a05b32ed33,0.67964213381928,1.5,B
04b16c692260840f441e78c74937006f6d486bb0c198237668adf1a05b32ed33,0.67964213381928,1.5,B
04b16c692260840f441e78c74937006f6d486bb0c198237668adf1a05b32ed33,0.67964213381928,1.5,B
04d53ebd401ed806279fe68f37e450ff9289000688bf24543f40f228614f6aac,0.3496296241336363,0.5,B
04d53ebd401ed806279fe68f37e450ff9289000688bf24543f40f228614f6aac,0.3496296241336363,0.5,B
04d53ebd401ed806279fe68f37e450ff9289000688bf24543f40f228614f6aac,0.3496296241336363,0.5,B
04d53ebd401ed806279fe68f37e450ff9289000688bf24543f40f228614f6aac,0.3496296241336363,0.5,B
04d53ebd401ed806279fe68f37e450ff9289000688bf24543f40f228614f6aac,0.3496296241336363,0.5,A
04d53ebd401ed806279fe68f37e450ff9289000688bf24543f40f228614f6aac,0.3496296241336363,0.5,B
04d53ebd401ed806279fe68f37e450ff9289000688bf24543f40f228614f6aac,0.3496296241336363,0.5,B
04d53ebd401ed806279fe68f37e450ff9289000688bf24543f40f228614f6aac,0.3496296241336363,0.5,B
04d53ebd401ed806279fe68f37e450ff9289000688bf24543f40f228614f6aac,0.3496296241336363,0.5,B
04d53ebd401ed806279fe68f37e450ff9289000688bf24543f40f228614f6aac,0.3496296241336363,0.5,B
04d53ebd401ed806279fe68f37e450ff9289000688bf24543f40f228614f6aac,0.3496296241336363,0.5,B
04d53ebd401ed806279fe68f37e450ff9289000688bf24543f40f228614f6aac,0.3496296241336363,0.5,B
04d53ebd401ed806279fe68f37e450ff9289000688bf24543f40f228614f6aac,0.3496296241336363,0.5,B
04d53ebd401ed806279fe68f37e450ff9289000688bf24543f40f228614f6aac,0.3496296241336363,0.5,B
04d53ebd401ed806279fe68f37e450ff9289000688bf24543f40f228614f6aac,0.3496296241336363,0.5,B
04d53ebd401ed806279fe68f37e450ff9289000688bf24543f40f228614f6aac,0.3496296241336363,0.5,B
04d53ebd401ed806279fe68f37e450ff9289000688bf24543f40f228614f6aac,0.3496296241336363,0.5,B
04d53ebd401ed806279fe68f37e450ff9289000688bf24543f40f228614f6aac,0.3496296241336363,0.5,A
04d53ebd401ed806279fe68f37e450ff9289000688bf24543f40f228614f6aac,0.3496296241336363,0.5,B
04d53ebd401ed806279fe68f37e450ff9289000688bf24543f40f228614f6aac,0.3496296241336363,0.5,B
04d53ebd401ed806279fe68f37e450ff9289000688bf24543f40f228614f6aac,0.3496296241336363,0.5,A
04d53ebd401ed806279fe68f37e450ff9289000688bf24543f40f228614f6aac,0.3496296241336363,0.5,B
04d53ebd401ed806279fe68f37e450ff9289000688bf24543f40f228614f6aac,0.3496296241336363,0.5,B
04d53ebd401ed806279fe68f37e450ff9289000688bf24543f40f228614f6aac,0.3496296241336363,0.5,A
04d53ebd401ed806279fe68f37e450ff9289000688bf24543f40f228614f6aac,0.3496296241336363,0.5,B
04d53ebd401ed806279fe68f37e450ff9289000688bf24543f40f228614f6aac,0.3496296241336363,0.5,B
04d53ebd401ed806279fe68f37e450ff9289000688bf24543f40f228614f6aac,0.3496296241336363,0.5,B
04d53ebd401ed806279fe68f37e450ff9289000688bf24543f40f228614f6aac,0.3496296241336363,0.5,B
04d53ebd401ed806279fe68f37e450ff9289000688bf24543f40f228614f6aac,0.3496296241336363,0.5,B
04d53ebd401ed806279fe68f37e450ff9289000688bf24543f40f228614f6aac,0.3496296241336363,0.5,B
04d53ebd401ed806279fe68f37e450ff9289000688bf24543f40f228614f6aac,0.3496296241336363,0.5,B
04d53ebd401ed806279fe68f37e450ff9289000688bf24543f40f228614f6aac,0.3496296241336363,0.5,B
04d53ebd401ed806279fe68f37e450ff9289000688bf24543f40f228614f6aac,0.3496296241336363,0.5,A
04d53ebd401ed806279fe68f37e450ff9289000688bf24543f40f228614f6aac,0.3496296241336363,0.5,A
04d53ebd401ed806279fe68f37e450ff9289000688bf24543f40f228614f6aac,0.3496296241336363,0.5,B
04d53ebd401ed806279fe68f37e450ff9289000688bf24543f40f228614f6aac,0.3496296241336363,0.5,B
04d53ebd401ed806279fe68f37e450ff9289000688bf24543f40f228614f6aac,0.3496296241336363,0.5,B
04d53ebd401ed806279fe68f37e450ff9289000688bf24543f40f228614f6aac,0.3496296241336363,0.5,A
04d53ebd401ed806279fe68f37e450ff9289000688bf24543f40f228614f6aac,0.3496296241336363,0.5,B
04d53ebd401ed806279fe68f37e450ff9289000688bf24543f40f228614f6aac,0.3496296241336363,0.5,B
04d53ebd401ed806279fe68f37e450ff9289000688bf24543f40f228614f6aac,0.3496296241336363,0.5,B
04d53ebd401ed806279fe68f37e450ff9289000688bf24543f40f228614f6aac,0.3496296241336363,0.5,B
04d53ebd401ed806279fe68f37e450ff9289000688bf24543f40f228614f6aac,0.3496296241336363,0.5,B
04d53ebd401ed806279fe68f37e450ff9289000688bf24543f40f228614f6aac,0.3496296241336363,0.5,B
04d53ebd401ed806279fe68f37e450ff9289000688bf24543f40f228614f6aac,0.3496296241336363,0.5,B
04d53ebd401ed806279fe68f37e450ff9289000688bf24543f40f228614f6aac,0.3496296241336363,0.5,B
04d53ebd401ed806279fe68f37e450ff9289000688bf24543f40f228614f6aac,0.3496296241336363,0.5,B
04d53ebd401ed806279fe68f37e450ff9289000688bf24543f40f228614f6aac,0.3496296241336363,0.5,B
04d53ebd401ed806279fe68f37e450ff9289000688bf24543f40f228614f6aac,0.3496296241336363,0.5,B
04d53ebd401ed806279fe68f37e450ff9289000688bf24543f40f228614f6aac,0.3496296241336363,0.5,B
04d53ebd401ed806279fe68f37e450ff9289000688bf24543f40f228614f6aac,0.3496296241336363,1.5,A
04d53ebd401ed806279fe68f37e450ff9289000688bf24543f40f228614f6aac,0.3496296241336363,1.5,A
04d53ebd401ed806279fe68f37e450ff9289000688bf24543f40f228614f6aac,0.3496296241336363,1.5,
04d53ebd401ed806279fe68f37e450ff9289000688bf24543f40f228614f6aac,0.3496296241336363,1.5,A
04d53ebd401ed806279fe68f37e450ff9289000688bf24543f40f228614f6aac,0.3496296241336363,1.5,
04d53ebd401ed806279fe68f37e450ff9289000688bf24543f40f228614f6aac,0.3496296241336363,1.5,A
04d53ebd401ed806279fe68f37e450ff9289000688bf24543f40f228614f6aac,0.3496296241336363,1.5,
04d53ebd401ed806279fe68f37e450ff9289000688bf24543f40f228614f6aac,0.3496296241336363,1.5,B
04d53ebd401ed806279fe68f37e450ff9289000688bf24543f40f228614f6aac,0.3496296241336363,1.5,A
04d53ebd401ed806279fe68f37e450ff9289000688bf24543f40f228614f6aac,0.3496296241336363,1.5,A
04d53ebd401ed806279fe68f37e450ff9289000688bf24543f40f228614f6aac,0.3496296241336363,1.5,B
04d53ebd401ed806279fe68f37e450ff9289000688bf24543f40f228614f6aac,0.3496296241336363,1.5,B
04d53ebd401ed806279fe68f37e450ff9289000688bf24543f40f228614f6aac,0.3496296241336363,1.5,B
04d53ebd401ed806279fe68f37e450ff9289000688bf24543f40f228614f6aac,0.3496296241336363,1.5,A
04d53ebd401ed806279fe68f37e450ff9289000688bf24543f40f228614f6aac,0.3496296241336363,1.5,
04d53ebd401ed806279fe68f37e450ff9289000688bf24543f40f228614f6aac,0.3496296241336363,1.5,A
04d53ebd401ed806279fe68f37e450ff9289000688bf24543f40f228614f6aac,0.3496296241336363,1.5,A
04d53ebd401ed806279fe68f37e450ff9289000688bf24543f40f228614f6aac,0.3496296241336363,1.5,B
04d53ebd401ed806279fe68f37e450ff9289000688bf24543f40f228614f6aac,0.3496296241336363,1.5,B
04d53ebd401ed806279fe68f37e450ff9289000688bf24543f40f228614f6aac,0.3496296241336363,1.5,A
04d53ebd401ed806279fe68f37e450ff9289000688bf24543f40f228614f6aac,0.3496296241336363,1.5,B
04d53ebd401ed806279fe68f37e450ff9289000688bf24543f40f228614f6aac,0.3496296241336363,1.5,B
04d53ebd401ed806279fe68f37e450ff9289000688bf24543f40f228614f6aac,0.3496296241336363,1.5,B
04d53ebd401ed806279fe68f37e450ff9289000688bf24543f40f228614f6aac,0.3496296241336363,1.5,B
04d53ebd401ed806279fe68f37e450ff9289000688bf24543f40f228614f6aac,0.3496296241336363,1.5,
04d53ebd401ed806279fe68f37e450ff9289000688bf24543f40f228614f6aac,0.3496296241336363,1.5,B
04d53ebd401ed806279fe68f37e450ff9289000688bf24543f40f228614f6aac,0.3496296241336363,1.5,B
04d53ebd401ed806279fe68f37e450ff9289000688bf24543f40f228614f6aac,0.3496296241336363,1.5,
04d53ebd401ed806279fe68f37e450ff9289000688bf24543f40f228614f6aac,0.3496296241336363,1.5,B
04d53ebd401ed806279fe68f37e450ff9289000688bf24543f40f228614f6aac,0.3496296241336363,1.5,B
04d53ebd401ed806279fe68f37e450ff9289000688bf24543f40f228614f6aac,0.3496296241336363,1.5,A
04d53ebd401ed806279fe68f37e450ff9289000688bf24543f40f228614f6aac,0.3496296241336363,1.5,B
04d53ebd401ed806279fe68f37e450ff9289000688bf24543f40f228614f6aac,0.3496296241336363,1.5,B
04d53ebd401ed806279fe68f37e450ff9289000688bf24543f40f228614f6aac,0.3496296241336363,1.5,B
04d53ebd401ed806279fe68f37e450ff9289000688bf24543f40f228614f6aac,0.3496296241336363,1.5,A
04d53ebd401ed806279fe68f37e450ff9289000688bf24543f40f228614f6aac,0.3496296241336363,1.5,A
04d53ebd401ed806279fe68f37e450ff9289000688bf24543f40f228614f6aac,0.3496296241336363,1.5,A
04d53ebd401ed806279fe68f37e450ff9289000688bf24543f40f228614f6aac,0.3496296241336363,1.5,B
04d53ebd401ed806279fe68f37e450ff9289000688bf24543f40f228614f6aac,0.3496296241336363,1.5,B
04d53ebd401ed806279fe68f37e450ff9289000688bf24543f40f228614f6aac,0.3496296241336363,1.5,B
04d53ebd401ed806279fe68f37e450ff9289000688bf24543f40f228614f6aac,0.3496296241336363,1.5,A
04d53ebd401ed806279fe68f37e450ff9289000688bf24543f40f228614f6aac,0.3496296241336363,1.5,B
04d53ebd401ed806279fe68f37e450ff9289000688bf24543f40f228614f6aac,0.3496296241336363,1.5,B
04d53ebd401ed806279fe68f37e450ff9289000688bf24543f40f228614f6aac,0.3496296241336363,1.5,B
04d53ebd401ed806279fe68f37e450ff9289000688bf24543f40f228614f6aac,0.3496296241336363,1.5,B
04d53ebd401ed806279fe68f37e450ff9289000688bf24543f40f228614f6aac,0.3496296241336363,1.5,
04d53ebd401ed806279fe68f37e450ff9289000688bf24543f40f228614f6aac,0.3496296241336363,1.5,B
04d53ebd401ed806279fe68f37e450ff9289000688bf24543f40f228614f6aac,0.3496296241336363,1.5,B
04d53ebd401ed806279fe68f37e450ff9289000688bf24543f40f228614f6aac,0.3496296241336363,1.5,B
04d53ebd401ed806279fe68f37e450ff9289000688bf24543f40f228614f6aac,0.3496296241336363,1.5,B
04e70324e8a5b237160134fe805cc11d021392baf3ef468d9cacc7da40cfb3f3,0.3784564574133152,0.5,B
04e70324e8a5b237160134fe805cc11d021392baf3ef468d9cacc7da40cfb3f3,0.3784564574133152,0.5,B
04e70324e8a5b237160134fe805cc11d021392baf3ef468d9cacc7da40cfb3f3,0.3784564574133152,0.5,B
04e70324e8a5b237160134fe805cc11d021392baf3ef468d9cacc7da40cfb3f3,0.3784564574133152,0.5,A
04e70324e8a5b237160134fe805cc11d021392baf3ef468d9cacc7da40cfb3f3,0.3784564574133152,0.5,B
04e70324e8a5b237160134fe805cc11d021392baf3ef468d9cacc7da40cfb3f3,0.3784564574133152,0.5,B
04e70324e8a5b237160134fe805cc11d021392baf3ef468d9cacc7da40cfb3f3,0.3784564574133152,0.5,B
04e70324e8a5b237160134fe805cc11d021392baf3ef468d9cacc7da40cfb3f3,0.3784564574133152,0.5,B
04e70324e8a5b237160134fe805cc11d021392baf3ef468d9cacc7da40cfb3f3,0.3784564574133152,0.5,A
04e70324e8a5b237160134fe805cc11d021392baf3ef468d9cacc7da40cfb3f3,0.3784564574133152,0.5,B
04e70324e8a5b237160134fe805cc11d021392baf3ef468d9cacc7da40cfb3f3,0.3784564574133152,0.5,A
04e70324e8a5b237160134fe805cc11d021392baf3ef468d9cacc7da40cfb3f3,0.3784564574133152,0.5,B
04e70324e8a5b237160134fe805cc11d021392baf3ef468d9cacc7da40cfb3f3,0.3784564574133152,0.5,B
04e70324e8a5b237160134fe805cc11d021392baf3ef468d9cacc7da40cfb3f3,0.3784564574133152,0.5,B
04e70324e8a5b237160134fe805cc11d021392baf3ef468d9cacc7da40cfb3f3,0.3784564574133152,0.5,B
04e70324e8a5b237160134fe805cc11d021392baf3ef468d9cacc7da40cfb3f3,0.3784564574133152,0.5,B
04e70324e8a5b237160134fe805cc11d021392baf3ef468d9cacc7da40cfb3f3,0.3784564574133152,0.5,A
04e70324e8a5b237160134fe805cc11d021392baf3ef468d9cacc7da40cfb3f3,0.3784564574133152,0.5,B
04e70324e8a5b237160134fe805cc11d021392baf3ef468d9cacc7da40cfb3f3,0.3784564574133152,0.5,B
04e70324e8a5b237160134fe805cc11d021392baf3ef468d9cacc7da40cfb3f3,0.3784564574133152,0.5,B
04e70324e8a5b237160134fe805cc11d021392baf3ef468d9cacc7da40cfb3f3,0.3784564574133152,0.5,B
04e70324e8a5b237160134fe805cc11d021392baf3ef468d9cacc7da40cfb3f3,0.3784564574133152,0.5,A
04e70324e8a5b237160134fe805cc11d021392baf3ef468d9cacc7da40cfb3f3,0.3784564574133152,0.5,B
04e70324e8a5b237160134fe805cc11d021392baf3ef468d9cacc7da40cfb3f3,0.3784564574133152,0.5,B
04e70324e8a5b237160134fe805cc11d021392baf3ef468d9cacc7da40cfb3f3,0.3784564574133152,0.5,B
04e70324e8a5b237160134fe805cc11d021392baf3ef468d9cacc7da40cfb3f3,0.3784564574133152,0.5,B
04e70324e8a5b237160134fe805cc11d021392baf3ef468d9cacc7da40cfb3f3,0.3784564574133152,0.5,B
04e70324e8a5b237160134fe805cc11d021392baf3ef468d9cacc7da40cfb3f3,0.3784564574133152,0.5,B
04e70324e8a5b237160134fe805cc11d021392baf3ef468d9cacc7da40cfb3f3,0.3784564574133152,0.5,A
04e70324e8a5b237160134fe805cc11d021392baf3ef468d9cacc7da40cfb3f3,0.3784564574133152,0.5,A
04e70324e8a5b237160134fe805cc11d021392baf3ef468d9cacc7da40cfb3f3,0.3784564574133152,0.5,B
04e70324e8a5b237160134fe805cc11d021392baf3ef468d9cacc7da40cfb3f3,0.3784564574133152,0.5,B
04e70324e8a5b237160134fe805cc11d021392baf3ef468d9cacc7da40cfb3f3,0.3784564574133152,0.5,B
04e70324e8a5b237160134fe805cc11d021392baf3ef468d9cacc7da40cfb3f3,0.3784564574133152,0.5,A
04e70324e8a5b237160134fe805cc11d021392baf3ef468d9cacc7da40cfb3f3,0.3784564574133152,0.5,B
04e70324e8a5b237160134fe805cc11d021392baf3ef468d9cacc7da40cfb3f3,0.3784564574133152,0.5,B
04e70324e8a5b237160134fe805cc11d021392baf3ef468d9cacc7da40cfb3f3,0.3784564574133152,0.5,B
04e70324e8a5b237160134fe805cc11d021392baf3ef468d9cacc7da40cfb3f3,0.3784564574133152,0.5,B
04e70324e8a5b237160134fe805cc11d021392baf3ef468d9cacc7da40cfb3f3,0.3784564574133152,0.5,B
04e70324e8a5b237160134fe805cc11d021392baf3ef468d9cacc7da40cfb3f3,0.3784564574133152,0.5,B
04e70324e8a5b237160134fe805cc11d021392baf3ef468d9cacc7da40cfb3f3,0.3784564574133152,0.5,B
04e70324e8a5b237160134fe805cc11d021392baf3ef468d9cacc7da40cfb3f3,0.3784564574133152,0.5,B
04e70324e8a5b237160134fe805cc11d021392baf3ef468d9cacc7da40cfb3f3,0.3784564574133152,0.5,B
04e70324e8a5b237160134fe805cc11d021392baf3ef468d9cacc7da40cfb3f3,0.3784564574133152,0.5,B
04e70324e8a5b237160134fe805cc11d021392baf3ef468d9cacc7da40cfb3f3,0.3784564574133152,0.5,B
04e70324e8a5b237160134fe805cc11d021392baf3ef468d9cacc7da40cfb3f3,0.3784564574133152,0.5,B
04e70324e8a5b237160134fe805cc11d021392baf3ef468d9cacc7da40cfb3f3,0.3784564574133152,0.5,A
04e70324e8a5b237160134fe805cc11d021392baf3ef468d9cacc7da40cfb3f3,0.3784564574133152,0.5,B
04e70324e8a5b237160134fe805cc11d021392baf3ef468d9cacc7da40cfb3f3,0.3784564574133152,0.5,B
04e70324e8a5b237160134fe805cc11d021392baf3ef468d9cacc7da40cfb3f3,0.3784564574133152,0.5,B
04e70324e8a5b237160134fe805cc11d021392baf3ef468d9cacc7da40cfb3f3,0.3784564574133152,1.5,A
04e70324e8a5b237160134fe805cc11d021392baf3ef468d9cacc7da40cfb3f3,0.3784564574133152,1.5,B
04e70324e8a5b237160134fe805cc11d021392baf3ef468d9cacc7da40cfb3f3,0.3784564574133152,1.5,A
04e70324e8a5b237160134fe805cc11d021392baf3ef468d9cacc7da40cfb3f3,0.3784564574133152,1.5,B
04e70324e8a5b237160134fe805cc11d021392baf3ef468d9cacc7da40cfb3f3,0.3784564574133152,1.5,B
04e70324e8a5b237160134fe805cc11d021392baf3ef468d9cacc7da40cfb3f3,0.3784564574133152,1.5,
04e70324e8a5b237160134fe805cc11d021392baf3ef468d9cacc7da40cfb3f3,0.3784564574133152,1.5,B
04e70324e8a5b237160134fe805cc11d021392baf3ef468d9cacc7da40cfb3f3,0.3784564574133152,1.5,B
04e70324e8a5b237160134fe805cc11d021392baf3ef468d9cacc7da40cfb3f3,0.3784564574133152,1.5,A
04e70324e8a5b237160134fe805cc11d021392baf3ef468d9cacc7da40cfb3f3,0.3784564574133152,1.5,B
04e70324e8a5b237160134fe805cc11d021392baf3ef468d9cacc7da40cfb3f3,0.3784564574133152,1.5,A
04e70324e8a5b237160134fe805cc11d021392baf3ef468d9cacc7da40cfb3f3,0.3784564574133152,1.5,B
04e70324e8a5b237160134fe805cc11d021392baf3ef468d9cacc7da40cfb3f3,0.3784564574133152,1.5,B
04e70324e8a5b237160134fe805cc11d021392baf3ef468d9cacc7da40cfb3f3,0.3784564574133152,1.5,
04e70324e8a5b237160134fe805cc11d021392baf3ef468d9cacc7da40cfb3f3,0.3784564574133152,1.5,B
04e70324e8a5b237160134fe805cc11d021392baf3ef468d9cacc7da40cfb3f3,0.3784564574133152,1.5,A
04e70324e8a5b237160134fe805cc11d021392baf3ef468d9cacc7da40cfb3f3,0.3784564574133152,1.5,B
04e70324e8a5b237160134fe805cc11d021392baf3ef468d9cacc7da40cfb3f3,0.3784564574133152,1.5,A
04e70324e8a5b237160134fe805cc11d021392baf3ef468d9cacc7da40cfb3f3,0.3784564574133152,1.5,A
04e70324e8a5b237160134fe805cc11d021392baf3ef468d9cacc7da40cfb3f3,0.3784564574133152,1.5,A
04e70324e8a5b237160134fe805cc11d021392baf3ef468d9cacc7da40cfb3f3,0.3784564574133152,1.5,B
04e70324e8a5b237160134fe805cc11d021392baf3ef468d9cacc7da40cfb3f3,0.3784564574133152,1.5,A
04e70324e8a5b237160134fe805cc11d021392baf3ef468d9cacc7da40cfb3f3,0.3784564574133152,1.5,B
04e70324e8a5b237160134fe805cc11d021392baf3ef468d9cacc7da40cfb3f3,0.3784564574133152,1.5,B
04e70324e8a5b237160134fe805cc11d021392baf3ef468d9cacc7da40cfb3f3,0.3784564574133152,1.5,
04e70324e8a5b237160134fe805cc11d021392baf3ef468d9cacc7da40cfb3f3,0.3784564574133152,1.5,B
04e70324e8a5b237160134fe805cc11d021392baf3ef468d9cacc7da40cfb3f3,0.3784564574133152,1.5,A
04e70324e8a5b237160134fe805cc11d021392baf3ef468d9cacc7da40cfb3f3,0.3784564574133152,1.5,A
04e70324e8a5b237160134fe805cc11d021392baf3ef468d9cacc7da40cfb3f3,0.3784564574133152,1.5,B
04e70324e8a5b237160134fe805cc11d021392baf3ef468d9cacc7da40cfb3f3,0.3784564574133152,1.5,B
04e70324e8a5b237160134fe805cc11d021392baf3ef468d9cacc7da40cfb3f3,0.3784564574133152,1.5,A
04e70324e8a5b237160134fe805cc11d021392baf3ef468d9cacc7da40cfb3f3,0.3784564574133152,1.5,B
04e70324e8a5b237160134fe805cc11d021392baf3ef468d9cacc7da40cfb3f3,0.3784564574133152,1.5,
04e70324e8a5b237160134fe805cc11d021392baf3ef468d9cacc7da40cfb3f3,0.3784564574133152,1.5,A
04e70324e8a5b237160134fe805cc11d021392baf3ef468d9cacc7da40cfb3f3,0.3784564574133152,1.5,B
04e70324e8a5b237160134fe805cc11d021392baf3ef468d9cacc7da40cfb3f3,0.3784564574133152,1.5,
04e70324e8a5b237160134fe805cc11d021392baf3ef468d9cacc7da40cfb3f3,0.3784564574133152,1.5,B
04e70324e8a5b237160134fe805cc11d021392baf3ef468d9cacc7da40cfb3f3,0.3784564574133152,1.5,A
04e70324e8a5b237160134fe805cc11d021392baf3ef468d9cacc7da40cfb3f3,0.3784564574133152,1.5,A
04e70324e8a5b237160134fe805cc11d021392baf3ef468d9cacc7da40cfb3f3,0.3784564574133152,1.5,A
04e70324e8a5b237160134fe805cc11d021392baf3ef468d9cacc7da40cfb3f3,0.3784564574133152,1.5,A
04e70324e8a5b237160134fe805cc11d021392baf3ef468d9cacc7da40cfb3f3,0.3784564574133152,1.5,B
04e70324e8a5b237160134fe805cc11d021392baf3ef468d9cacc7da40cfb3f3,0.3784564574133152,1.5,B
04e70324e8a5b237160134fe805cc11d021392baf3ef468d9cacc7da40cfb3f3,0.3784564574133152,1.5,A
04e70324e8a5b237160134fe805cc11d021392baf3ef468d9cacc7da40cfb3f3,0.3784564574133152,1.5,B
04e70324e8a5b237160134fe805cc11d021392baf3ef468d9cacc7da40cfb3f3,0.3784564574133152,1.5,B
04e70324e8a5b237160134fe805cc11d021392baf3ef468d9cacc7da40cfb3f3,0.3784564574133152,1.5,B
04e70324e8a5b237160134fe805cc11d021392baf3ef468d9cacc7da40cfb3f3,0.3784564574133152,1.5,B
04e70324e8a5b237160134fe805cc11d021392baf3ef468d9cacc7da40cfb3f3,0.3784564574133152,1.5,B
04e70324e8a5b237160134fe805cc11d021392baf3ef468d9cacc7da40cfb3f3,0.3784564574133152,1.5,A
04fbbc35f6cf93d7c2ae5c1d93c738d4c3c6fd2f7bd58d736d54c37e64d34088,0.6231912553373402,0.5,A
04fbbc35f6cf93d7c2ae5c1d93c738d4c3c6fd2f7bd58d736d54c37e64d34088,0.6231912553373402,0.5,A
04fbbc35f6cf93d7c2ae5c1d93c738d4c3c6fd2f7bd58d736d54c37e64d34088,0.6231912553373402,0.5,B
04fbbc35f6cf93d7c2ae5c1d93c738d4c3c6fd2f7bd58d736d54c37e64d34088,0.6231912553373402,0.5,A
04fbbc35f6cf93d7c2ae5c1d93c738d4c3c6fd2f7bd58d736d54c37e64d34088,0.6231912553373402,0.5,A
04fbbc35f6cf93d7c2ae5c1d93c738d4c3c6fd2f7bd58d736d54c37e64d34088,0.6231912553373402,0.5,A
04fbbc35f6cf93d7c2ae5c1d93c738d4c3c6fd2f7bd58d736d54c37e64d34088,0.6231912553373402,0.5,B
04fbbc35f6cf93d7c2ae5c1d93c738d4c3c6fd2f7bd58d736d54c37e64d34088,0.6231912553373402,0.5,A
04fbbc35f6cf93d7c2ae5c1d93c738d4c3c6fd2f7bd58d736d54c37e64d34088,0.6231912553373402,0.5,A
04fbbc35f6cf93d7c2ae5c1d93c738d4c3c6fd2f7bd58d736d54c37e64d34088,0.6231912553373402,0.5,B
04fbbc35f6cf93d7c2ae5c1d93c738d4c3c6fd2f7bd58d736d54c37e64d34088,0.6231912553373402,0.5,A
04fbbc35f6cf93d7c2ae5c1d93c738d4c3c6fd2f7bd58d736d54c37e64d34088,0.6231912553373402,0.5,B
04fbbc35f6cf93d7c2ae5c1d93c738d4c3c6fd2f7bd58d736d54c37e64d34088,0.6231912553373402,0.5,A
04fbbc35f6cf93d7c2ae5c1d93c738d4c3c6fd2f7bd58d736d54c37e64d34088,0.6231912553373402,0.5,B
04fbbc35f6cf93d7c2ae5c1d93c738d4c3c6fd2f7bd58d736d54c37e64d34088,0.6231912553373402,0.5,A
04fbbc35f6cf93d7c2ae5c1d93c738d4c3c6fd2f7bd58d736d54c37e64d34088,0.6231912553373402,0.5,A
04fbbc35f6cf93d7c2ae5c1d93c738d4c3c6fd2f7bd58d736d54c37e64d34088,0.6231912553373402,0.5,A
04fbbc35f6cf93d7c2ae5c1d93c738d4c3c6fd2f7bd58d736d54c37e64d34088,0.6231912553373402,0.5,A
04fbbc35f6cf93d7c2ae5c1d93c738d4c3c6fd2f7bd58d736d54c37e64d34088,0.6231912553373402,0.5,A
04fbbc35f6cf93d7c2ae5c1d93c738d4c3c6fd2f7bd58d736d54c37e64d34088,0.6231912553373402,0.5,A
04fbbc35f6cf93d7c2ae5c1d93c738d4c3c6fd2f7bd58d736d54c37e64d34088,0.6231912553373402,0.5,B
04fbbc35f6cf93d7c2ae5c1d93c738d4c3c6fd2f7bd58d736d54c37e64d34088,0.6231912553373402,0.5,A
04fbbc35f6cf93d7c2ae5c1d93c738d4c3c6fd2f7bd58d736d54c37e64d34088,0.6231912553373402,0.5,A
04fbbc35f6cf93d7c2ae5c1d93c738d4c3c6fd2f7bd58d736d54c37e64d34088,0.6231912553373402,0.5,A
04fbbc35f6cf93d7c2ae5c1d93c738d4c3c6fd2f7bd58d736d54c37e64d34088,0.6231912553373402,0.5,A
04fbbc35f6cf93d7c2ae5c1d93c738d4c3c6fd2f7bd58d736d54c37e64d34088,0.6231912553373402,0.5,A
04fbbc35f6cf93d7c2ae5c1d93c738d4c3c6fd2f7bd58d736d54c37e64d34088,0.6231912553373402,0.5,B
04fbbc35f6cf93d7c2ae5c1d93c738d4c3c6fd2f7bd58d736d54c37e64d34088,0.6231912553373402,0.5,A
04fbbc35f6cf93d7c2ae5c1d93c738d4c3c6fd2f7bd58d736d54c37e64d34088,0.6231912553373402,0.5,A
04fbbc35f6cf93d7c2ae5c1d93c738d4c3c6fd2f7bd58d736d54c37e64d34088,0.6231912553373402,0.5,A
04fbbc35f6cf93d7c2ae5c1d93c738d4c3c6fd2f7bd58d736d54c37e64d34088,0.6231912553373402,0.5,A
04fbbc35f6cf93d7c2ae5c1d93c738d4c3c6fd2f7bd58d736d54c37e64d34088,0.6231912553373402,0.5,A
04fbbc35f6cf93d7c2ae5c1d93c738d4c3c6fd2f7bd58d736d54c37e64d34088,0.6231912553373402,0.5,A
04fbbc35f6cf93d7c2ae5c1d93c738d4c3c6fd2f7bd58d736d54c37e64d34088,0.6231912553373402,0.5,A
04fbbc35f6cf93d7c2ae5c1d93c738d4c3c6fd2f7bd58d736d54c37e64d34088,0.6231912553373402,0.5,A
04fbbc35f6cf93d7c2ae5c1d93c738d4c3c6fd2f7bd58d736d54c37e64d34088,0.6231912553373402,0.5,B
04fbbc35f6cf93d7c2ae5c1d93c738d4c3c6fd2f7bd58d736d54c37e64d34088,0.6231912553373402,0.5,B
04fbbc35f6cf93d7c2ae5c1d93c738d4c3c6fd2f7bd58d736d54c37e64d34088,0.6231912553373402,0.5,A
04fbbc35f6cf93d7c2ae5c1d93c738d4c3c6fd2f7bd58d736d54c37e64d34088,0.6231912553373402,0.5,B
04fbbc35f6cf93d7c2ae5c1d93c738d4c3c6fd2f7bd58d736d54c37e64d34088,0.6231912553373402,0.5,A
04fbbc35f6cf93d7c2ae5c1d93c738d4c3c6fd2f7bd58d736d54c37e64d34088,0.6231912553373402,0.5,A
04fbbc35f6cf93d7c2ae5c1d93c738d4c3c6fd2f7bd58d736d54c37e64d34088,0.6231912553373402,0.5,A
04fbbc35f6cf93d7c2ae5c1d93c738d4c3c6fd2f7bd58d736d54c37e64d34088,0.6231912553373402,0.5,A
04fbbc35f6cf93d7c2ae5c1d93c738d4c3c6fd2f7bd58d736d54c37e64d34088,0.6231912553373402,0.5,B
04fbbc35f6cf93d7c2ae5c1d93c738d4c3c6fd2f7bd58d736d54c37e64d34088,0.6231912553373402,0.5,A
04fbbc35f6cf93d7c2ae5c1d93c738d4c3c6fd2f7bd58d736d54c37e64d34088,0.6231912553373402,0.5,A
04fbbc35f6cf93d7c2ae5c1d93c738d4c3c6fd2f7bd58d736d54c37e64d34088,0.6231912553373402,0.5,A
04fbbc35f6cf93d7c2ae5c1d93c738d4c3c6fd2f7bd58d736d54c37e64d34088,0.6231912553373402,0.5,A
04fbbc35f6cf93d7c2ae5c1d93c738d4c3c6fd2f7bd58d736d54c37e64d34088,0.6231912553373402,0.5,A
04fbbc35f6cf93d7c2ae5c1d93c738d4c3c6fd2f7bd58d736d54c37e64d34088,0.6231912553373402,0.5,A
04fbbc35f6cf93d7c2ae5c1d93c738d4c3c6fd2f7bd58d736d54c37e64d34088,0.6231912553373402,1.5,A
04fbbc35f6cf93d7c2ae5c1d93c738d4c3c6fd2f7bd58d736d54c37e64d34088,0.6231912553373402,1.5,A
04fbbc35f6cf93d7c2ae5c1d93c738d4c3c6fd2f7bd58d736d54c37e64d34088,0.6231912553373402,1.5,B
04fbbc35f6cf93d7c2ae5c1d93c738d4c3c6fd2f7bd58d736d54c37e64d34088,0.6231912553373402,1.5,B
04fbbc35f6cf93d7c2ae5c1d93c738d4c3c6fd2f7bd58d736d54c37e64d34088,0.6231912553373402,1.5,B
04fbbc35f6cf93d7c2ae5c1d93c738d4c3c6fd2f7bd58d736d54c37e64d34088,0.6231912553373402,1.5,B
04fbbc35f6cf93d7c2ae5c1d93c738d4c3c6fd2f7bd58d736d54c37e64d34088,0.6231912553373402,1.5,A
04fbbc35f6cf93d7c2ae5c1d93c738d4c3c6fd2f7bd58d736d54c37e64d34088,0.6231912553373402,1.5,A
04fbbc35f6cf93d7c2ae5c1d93c738d4c3c6fd2f7bd58d736d54c37e64d34088,0.6231912553373402,1.5,
04fbbc35f6cf93d7c2ae5c1d93c738d4c3c6fd2f7bd58d736d54c37e64d34088,0.6231912553373402,1.5,A
04fbbc35f6cf93d7c2ae5c1d93c738d4c3c6fd2f7bd58d736d54c37e64d34088,0.6231912553373402,1.5,A
04fbbc35f6cf93d7c2ae5c1d93c738d4c3c6fd2f7bd58d736d54c37e64d34088,0.6231912553373402,1.5,B
04fbbc35f6cf93d7c2ae5c1d93c738d4c3c6fd2f7bd58d736d54c37e64d34088,0.6231912553373402,1.5,A
04fbbc35f6cf93d7c2ae5c1d93c738d4c3c6fd2f7bd58d736d54c37e64d34088,0.6231912553373402,1.5,A
04fbbc35f6cf93d7c2ae5c1d93c738d4c3c6fd2f7bd58d736d54c37e64d34088,0.6231912553373402,1.5,A
04fbbc35f6cf93d7c2ae5c1d93c738d4c3c6fd2f7bd58d736d54c37e64d34088,0.6231912553373402,1.5,A
04fbbc35f6cf93d7c2ae5c1d93c738d4c3c6fd2f7bd58d736d54c37e64d34088,0.6231912553373402,1.5,
04fbbc35f6cf93d7c2ae5c1d93c738d4c3c6fd2f7bd58d736d54c37e64d34088,0.6231912553373402,1.5,A
04fbbc35f6cf93d7c2ae5c1d93c738d4c3c6fd2f7bd58d736d54c37e64d34088,0.6231912553373402,1.5,B
04fbbc35f6cf93d7c2ae5c1d93c738d4c3c6fd2f7bd58d736d54c37e64d34088,0.6231912553373402,1.5,A
04fbbc35f6cf93d7c2ae5c1d93c738d4c3c6fd2f7bd58d736d54c37e64d34088,0.6231912553373402,1.5,B
04fbbc35f6cf93d7c2ae5c1d93c738d4c3c6fd2f7bd58d736d54c37e64d34088,0.6231912553373402,1.5,A
04fbbc35f6cf93d7c2ae5c1d93c738d4c3c6fd2f7bd58d736d54c37e64d34088,0.6231912553373402,1.5,B
04fbbc35f6cf93d7c2ae5c1d93c738d4c3c6fd2f7bd58d736d54c37e64d34088,0.6231912553373402,1.5,
04fbbc35f6cf93d7c2ae5c1d93c738d4c3c6fd2f7bd58d736d54c37e64d34088,0.6231912553373402,1.5,B
04fbbc35f6cf93d7c2ae5c1d93c738d4c3c6fd2f7bd58d736d54c37e64d34088,0.6231912553373402,1.5,B
04fbbc35f6cf93d7c2ae5c1d93c738d4c3c6fd2f7bd58d736d54c37e64d34088,0.6231912553373402,1.5,A
04fbbc35f6cf93d7c2ae5c1d93c738d4c3c6fd2f7bd58d736d54c37e64d34088,0.6231912553373402,1.5,A
04fbbc35f6cf93d7c2ae5c1d93c738d4c3c6fd2f7bd58d736d54c37e64d34088,0.6231912553373402,1.5,A
04fbbc35f6cf93d7c2ae5c1d93c738d4c3c6fd2f7bd58d736d54c37e64d34088,0.6231912553373402,1.5,B
04fbbc35f6cf93d7c2ae5c1d93c738d4c3c6fd2f7bd58d736d54c37e64d34088,0.6231912553373402,1.5,B
04fbbc35f6cf93d7c2ae5c1d93c738d4c3c6fd2f7bd58d736d54c37e64d34088,0.6231912553373402,1.5,A
04fbbc35f6cf93d7c2ae5c1d93c738d4c3c6fd2f7bd58d736d54c37e64d34088,0.6231912553373402,1.5,A
04fbbc35f6cf93d7c2ae5c1d93c738d4c3c6fd2f7bd58d736d54c37e64d34088,0.6231912553373402,1.5,A
04fbbc35f6cf93d7c2ae5c1d93c738d4c3c6fd2f7bd58d736d54c37e64d34088,0.6231912553373402,1.5,
04fbbc35f6cf93d7c2ae5c1d93c738d4c3c6fd2f7bd58d736d54c37e64d34088,0.6231912553373402,1.5,B
04fbbc35f6cf93d7c2ae5c1d93c738d4c3c6fd2f7bd58d736d54c37e64d34088,0.6231912553373402,1.5,B
04fbbc35f6cf93d7c2ae5c1d93c738d4c3c6fd2f7bd58d736d54c37e64d34088,0.6231912553373402,1.5,
04fbbc35f6cf93d7c2ae5c1d93c738d4c3c6fd2f7bd58d736d54c37e64d34088,0.6231912553373402,1.5,
04fbbc35f6cf93d7c2ae5c1d93c738d4c3c6fd2f7bd58d736d54c37e64d34088,0.6231912553373402,1.5,B
04fbbc35f6cf93d7c2ae5c1d93c738d4c3c6fd2f7bd58d736d54c37e64d34088,0.6231912553373402,1.5,
04fbbc35f6cf93d7c2ae5c1d93c738d4c3c6fd2f7bd58d736d54c37e64d34088,0.6231912553373402,1.5,B
04fbbc35f6cf93d7c2ae5c1d93c738d4c3c6fd2f7bd58d736d54c37e64d34088,0.6231912553373402,1.5,A
04fbbc35f6cf93d7c2ae5c1d93c738d4c3c6fd2f7bd58d736d54c37e64d34088,0.6231912553373402,1.5,B
04fbbc35f6cf93d7c2ae5c1d93c738d4c3c6fd2f7bd58d736d54c37e64d34088,0.6231912553373402,1.5,A
04fbbc35f6cf93d7c2ae5c1d93c738d4c3c6fd2f7bd58d736d54c37e64d34088,0.6231912553373402,1.5,A
04fbbc35f6cf93d7c2ae5c1d93c738d4c3c6fd2f7bd58d736d54c37e64d34088,0.6231912553373402,1.5,A
04fbbc35f6cf93d7c2ae5c1d93c738d4c3c6fd2f7bd58d736d54c37e64d34088,0.6231912553373402,1.5,A
04fbbc35f6cf93d7c2ae5c1d93c738d4c3c6fd2f7bd58d736d54c37e64d34088,0.6231912553373402,1.5,B
04fbbc35f6cf93d7c2ae5c1d93c738d4c3c6fd2f7bd58d736d54c37e64d34088,0.6231912553373402,1.5,A
